Sun And Wind,Sun and No Wind,No Sun and Wind,No Sun and No Wind
-17.370433,3.981951,-17.267406,4.10954
-15.830352,5.028138,-15.828648,5.030222
-15.664912,5.136738,-15.68204,5.115804
-16.413227,4.784238,-16.594032,4.562533
-16.51079,4.758481,-16.741868,4.47511
-16.753145,4.461253,-16.741868,4.47511
-16.82952,4.461287,-16.903448,4.370384
-16.94743,4.316014,-16.917129,4.353339
-16.780904,4.426926,-16.769657,4.440771
-16.969269,4.19473,-16.783912,4.423439
-16.064542,5.584962,-17.281616,4.092297
-16.065288,5.861378,-17.763637,3.777544
-16.41841,5.711682,-18.258297,3.444767
-15.68777,5.859958,-16.989164,4.266441
-15.890458,5.427157,-16.667036,4.474952
-18.547089,2.892443,-17.96699,3.620721
-18.381111,3.005488,-17.763637,3.777544
-19.86621,2.176351,-19.494605,2.647075
-19.603477,2.604952,-19.629193,2.572496
-19.546854,2.675769,-19.641265,2.556574
-19.553978,2.760754,-19.800156,2.449859
-19.312808,2.876279,-19.494605,2.647075
-19.422083,2.643934,-19.348208,2.737217
-20.141808,2.01427,-19.837446,2.401559
-20.297056,1.910792,-20.008678,2.278632
-21.532607,0.891078,-20.955149,1.636867
-21.367981,1.008473,-20.810366,1.727987
-21.594619,0.910221,-21.06524,1.592199
-23.046402,-0.130872,-22.48514,0.604438
-23.350554,-0.154641,-23.126883,0.140101
-24.087267,-0.753634,-23.753874,-0.310234
-23.789785,-0.54495,-23.425308,-0.062727
-23.286226,-0.065618,-23.095866,0.184454
-22.893653,0.262359,-22.775514,0.416756
-21.243303,2.204873,-22.474603,0.619354
-21.269223,2.079076,-22.329416,0.712865
-20.969229,2.275798,-22.028425,0.9142
-20.103396,3.36925,-22.017376,0.929429
-19.719568,3.755771,-21.839404,1.067776
-21.640483,1.325466,-21.828889,1.082703
-22.289586,0.388924,-21.682703,1.175937
-21.09346,1.462757,-20.896407,1.715203
-21.629324,0.770124,-20.907713,1.699782
-21.806067,0.636003,-21.06524,1.592199
-21.27805,1.224169,-20.907713,1.699782
-21.454783,1.090994,-21.06524,1.592199
-21.132274,1.507257,-21.05403,1.607557
-20.852485,1.771351,-20.896407,1.715203
-20.59576,2.005853,-20.727418,1.838107
-20.629958,1.962318,-20.727418,1.838107
-20.177696,2.254481,-20.264154,2.14472
-20.034316,2.342271,-20.105662,2.251829
-20.173432,2.163883,-20.141691,2.204268
-21.344054,1.325338,-21.281452,1.406168
-22.813189,0.169994,-22.564925,0.496447
-23.203087,0.03682,-23.182818,0.063604
-23.904688,-0.514053,-23.808693,-0.386073
-24.657658,-1.142095,-24.419152,-0.821341
-23.957622,-0.110494,-24.560373,-0.915256
-23.69693,0.328187,-24.701801,-1.00952
-22.602085,1.847939,-24.843427,-1.104129
-22.716905,1.792554,-25.00516,-1.228177
-24.135067,0.122674,-25.307554,-1.44711
-24.830671,-0.710687,-25.468294,-1.571203
-26.673131,-2.936349,-25.90937,-1.885747
-27.399849,-3.655893,-26.340227,-2.187568
-27.453047,-3.439606,-26.778976,-2.504628
-27.904816,-3.983802,-26.944093,-2.641898
-28.021787,-4.154796,-26.96134,-2.669303
-27.900087,-3.890905,-27.126925,-2.807137
-28.570391,-4.565615,-27.613745,-3.207519
-29.17526,-5.253507,-27.954167,-3.499636
-29.93126,-6.075,-28.42789,-3.88701
-29.680611,-6.185341,-27.633345,-3.236586
-29.44597,-6.311161,-26.822245,-2.573231
-32.314991,-8.667257,-29.777718,-4.867615
-33.513292,-9.530963,-31.162705,-5.941362
-34.701414,-10.51157,-32.380843,-6.897454
-35.660417,-11.055089,-33.712125,-7.967441
-36.582965,-11.879029,-34.629578,-8.727087
-37.080694,-11.915036,-35.658254,-9.594508
-37.945607,-12.676029,-36.540793,-10.343599
-34.422493,-7.300074,-36.164374,-10.023637
-32.48582,-4.768883,-35.658254,-9.594508
-31.081913,-3.009957,-35.275635,-9.274454
-30.482846,-2.598213,-34.634783,-8.752769
-31.125965,-3.868431,-34.117901,-8.333476
-32.16481,-5.845251,-33.469132,-7.816154
-36.61508,-12.372887,-34.117901,-8.333476
-37.232076,-12.901825,-34.764346,-8.862042
-37.779785,-13.31446,-35.403724,-9.383721
-39.591455,-14.790213,-37.52435,-11.222972
-41.416425,-16.334589,-39.652199,-13.143886
-43.052481,-17.770985,-41.550447,-14.926555
-43.66688,-18.189024,-42.40402,-15.754313
-44.325433,-18.820795,-43.131463,-16.47159
-44.845956,-19.090838,-43.941234,-17.283255
-39.984668,-14.579193,-38.607264,-12.180231
-34.617475,-10.32301,-32.350403,-6.815473
-44.720071,-18.637209,-44.140167,-17.484826
-44.554785,-18.20897,-44.239117,-17.58541
-44.554785,-18.20897,-44.239117,-17.58541
-44.667003,-18.338577,-44.337724,-17.685861
-44.62106,-18.246639,-44.337724,-17.685861
-44.416542,-17.934299,-44.239117,-17.58541
-44.439569,-17.979875,-44.239117,-17.58541
-42.429127,-15.077388,-43.23393,-16.57352
-40.58453,-12.602236,-42.298631,-15.651309
-38.3163,-9.67749,-41.224139,-14.613973
-36.472807,-7.514806,-40.224552,-13.669308
-35.537062,-6.745063,-39.309735,-12.821209
-36.447214,-8.927614,-38.250761,-11.858247
-41.112549,-16.280449,-39.071262,-12.616631
-41.888882,-16.968641,-39.983125,-13.47189
-42.522725,-17.512305,-40.757004,-14.211837
-42.590692,-17.543874,-40.867075,-14.316026
-42.684788,-17.627406,-40.976768,-14.420088
-42.752481,-17.659097,-41.086083,-14.524025
-43.006635,-17.857611,-41.411773,-14.835075
-43.263845,-18.053144,-41.73936,-15.143127
-43.53942,-18.302125,-42.058629,-15.452183
-43.422577,-18.168336,-41.952576,-15.349295
-43.422577,-18.168336,-41.952576,-15.349295
-43.203823,-17.832081,-41.846153,-15.246276
-42.981004,-17.680006,-41.529754,-14.934409
-42.75181,-17.405196,-41.323262,-14.722589
-42.372637,-16.943672,-41.004696,-14.404938
-42.17134,-16.780097,-40.774672,-14.200742
-42.066166,-16.701989,-40.655107,-14.101691
-41.838006,-16.488964,-40.424514,-13.898526
-37.358486,-9.822302,-39.054872,-12.643583
-34.615383,-6.582916,-37.635846,-11.378213
-33.021525,-5.236869,-36.1674,-10.096801
-32.320396,-5.087601,-34.907299,-9.032367
-31.969142,-5.472242,-33.612428,-7.955829
-32.28399,-6.875404,-32.284707,-6.876487
-32.780963,-7.528339,-32.409001,-6.962985
-32.74105,-7.364412,-32.534076,-7.050307
-32.854521,-7.433964,-32.659897,-7.138436
-32.697629,-7.285916,-32.52062,-7.018021
-32.478177,-7.138785,-32.244948,-6.787421
-32.197219,-6.806021,-32.104196,-6.666571
-31.70408,-6.258161,-31.83041,-6.446151
-31.35661,-5.928003,-31.550342,-6.214536
-31.288553,-6.015852,-31.273573,-5.993736
-30.999501,-5.775205,-30.990155,-5.76148
-30.799919,-5.569646,-30.84001,-5.62826
-30.47676,-5.283286,-30.55387,-5.395387
-30.382186,-5.33798,-30.276985,-5.185239
-29.812865,-4.800727,-29.857399,-4.864906
-29.553661,-4.616826,-29.572315,-4.643601
-29.585249,-4.662174,-29.572315,-4.643601
-29.582403,-4.752698,-29.429305,-4.532962
-29.61427,-4.798535,-29.429305,-4.532962
-28.047555,-2.674687,-29.279425,-4.410036
-27.020877,-1.444434,-28.984965,-4.176285
-26.009173,-0.169915,-28.833866,-4.053193
-25.256526,0.560899,-28.412397,-3.746111
-25.587945,-0.150046,-27.99845,-3.45406
-26.306456,-1.396519,-27.576823,-3.150971
-28.386253,-4.193041,-27.706083,-3.23363
-28.542549,-4.220955,-27.990423,-3.440746
-29.191703,-5.047604,-28.121015,-3.524993
-29.742731,-5.551332,-28.550625,-3.844089
-29.962579,-5.581844,-28.984965,-4.176285
-29.756384,-4.99303,-29.41046,-4.496661
-29.696805,-4.718323,-29.696917,-4.718484
-29.762177,-4.620754,-29.976636,-4.928816
-30.109849,-4.929184,-30.255722,-5.139631
-30.453633,-5.328073,-30.392614,-5.239697
-30.86234,-5.824335,-30.529559,-5.340042
-31.245163,-6.291564,-30.670891,-5.451347
-31.405924,-6.529033,-30.670891,-5.451347
-31.118123,-6.199381,-30.529559,-5.340042
-31.08601,-6.152158,-30.529559,-5.340042
-31.57199,-6.871141,-30.529559,-5.340042
-31.053937,-6.105033,-30.529559,-5.340042
-31.6703,-7.017742,-30.529559,-5.340042
-29.119031,-3.418381,-30.38333,-5.217872
-27.978166,-2.017809,-30.098824,-4.995093
-27.497804,-1.451889,-29.956095,-4.883711
-26.847901,-0.932848,-29.38744,-4.449758
-27.242473,-1.742835,-28.965942,-4.139856
-27.738685,-2.798776,-28.398269,-3.720814
-28.837078,-4.433643,-28.245542,-3.597512
-28.495242,-4.037217,-28.085716,-3.461769
-28.422779,-4.026243,-27.93231,-3.338459
-29.114733,-4.627736,-28.517906,-3.782657
-29.210315,-4.381874,-29.09318,-4.215671
-29.925144,-5.027183,-29.669694,-4.660976
-29.222505,-4.11832,-29.526026,-4.549626
-29.3414,-4.474307,-29.237767,-4.326971
-28.859037,-3.884798,-29.09318,-4.215671
-28.065021,-3.429727,-28.079142,-3.449459
-27.127305,-2.786199,-27.045414,-2.67328
-26.455015,-2.525558,-26.006531,-1.912802
-26.287379,-2.295849,-26.006531,-1.912802
-26.319452,-2.434574,-25.856028,-1.802551
-26.285759,-2.388417,-25.856028,-1.802551
-26.488687,-2.571797,-26.006531,-1.912802
-26.354289,-2.387437,-26.006531,-1.912802
-26.256986,-2.159795,-26.15678,-2.023113
-24.800713,-0.387251,-25.873061,-1.829792
-24.252821,0.245694,-25.731431,-1.733622
-23.905633,0.518189,-25.44867,-1.542277
-22.938234,1.595882,-25.136791,-1.308654
-23.378503,0.838872,-24.823686,-1.075148
-23.71183,0.216168,-24.509386,-0.841778
-24.616292,-1.082544,-24.376676,-0.761496
-24.735634,-1.341085,-24.244995,-0.682081
-24.348729,-0.917545,-24.114378,-0.603552
-24.27523,-0.723137,-24.255831,-0.697177
-24.425407,-0.827688,-24.386983,-0.776258
-24.653456,-1.037425,-24.52917,-0.870781
-24.686726,-0.891465,-24.823686,-1.075148
-25.004797,-1.220807,-24.956853,-1.156387
-25.270956,-1.388383,-25.251507,-1.362182
-25.413053,-1.58218,-25.260368,-1.376027
-25.156482,-1.237775,-25.269418,-1.389993
-25.189496,-1.282236,-25.269418,-1.389993
-25.326816,-1.37304,-25.420701,-1.499846
-25.600899,-1.55489,-25.722525,-1.719747
-25.704894,-1.601521,-25.873061,-1.829792
-25.696095,-1.587788,-25.864453,-1.816112
-25.964049,-1.857184,-26.014846,-1.92629
-26.12094,-2.068573,-26.006531,-1.912802
-24.710046,-0.358573,-25.713806,-1.705995
-23.855401,0.492223,-25.260368,-1.376027
-23.41531,0.883218,-24.966122,-1.170493
-23.427062,0.867888,-24.975585,-1.184723
-23.494717,0.779562,-24.985244,-1.199079
-23.93682,0.198359,-24.995101,-1.213563
-24.762756,-0.994605,-24.833456,-1.089574
-24.71979,-0.935764,-24.823686,-1.075148
-24.439568,-0.654217,-24.661867,-0.951276
-24.505655,-0.742395,-24.661867,-0.951276
-24.344069,-0.622328,-24.519178,-0.856216
-24.420414,-0.72529,-24.52917,-0.870781
-24.300992,-0.563778,-24.509386,-0.841778
-24.119183,-0.415,-24.346972,-0.717976
-24.033552,-0.298705,-24.328159,-0.689585
-23.748416,-0.203527,-23.867701,-0.361189
-23.044543,0.347125,-23.240832,0.089975
-22.96198,0.172907,-22.775514,0.416756
-22.131185,0.782894,-22.006539,0.944533
-21.331124,1.34402,-21.233917,1.469094
-20.904504,1.608668,-20.761629,1.791655
-20.624398,1.872712,-20.603845,1.898964
-20.785119,1.667985,-20.592126,1.91463
-20.916435,1.595341,-20.738605,1.822742
-20.437755,2.48552,-21.245465,1.453553
-19.862623,3.213315,-21.269229,1.422092
-19.444827,3.742274,-21.30659,1.373919
-18.848654,4.206655,-20.823128,1.711746
-19.77516,3.138586,-20.967575,1.620819
-20.115298,2.708827,-20.967575,1.620819
-21.825572,0.604844,-21.124604,1.513546
-21.664991,0.909205,-21.293904,1.390111
-22.137914,0.674407,-21.931278,0.943882
-22.699525,0.319786,-22.552863,0.512272
-22.973122,0.245573,-23.005414,0.203077
-23.631926,-0.24498,-23.621647,-0.23135
-24.159451,-0.662793,-24.092264,-0.573087
-24.740632,-1.156861,-24.549766,-0.900299
-25.063035,-1.307253,-25.015422,-1.242922
-25.901325,-1.969734,-25.759293,-1.775995
-26.665761,-2.63718,-26.34905,-2.201393
-27.198067,-2.896813,-27.08395,-2.738705
-26.707595,-2.696899,-26.358059,-2.215344
-26.043387,-2.16555,-25.768969,-1.790375
-25.150245,-1.426798,-25.036562,-1.272812
-25.655703,-1.923823,-25.338248,-1.491309
-26.253001,-2.455073,-25.778842,-1.804885
-27.476263,-3.967715,-26.078262,-2.024145
-25.561102,-1.225287,-26.227585,-2.133859
-24.831464,-0.058888,-26.525446,-2.353445
-24.539687,0.420692,-26.67398,-2.463314
-23.82741,1.267497,-26.534906,-2.367702
-24.748495,0.052796,-26.544559,-2.382089
-25.651633,-1.254657,-26.396009,-2.272428
-27.165783,-3.14583,-26.67398,-2.463314
-27.542638,-3.477029,-26.952625,-2.655539
-27.960263,-3.86709,-27.231884,-2.849074
-27.486053,-3.390226,-26.927571,-2.614983
-27.319412,-3.348649,-26.630112,-2.394322
-26.673108,-2.735799,-26.173369,-2.050063
-26.260093,-2.355794,-25.864453,-1.816112
-25.786865,-1.899709,-25.562908,-1.59594
-25.437842,-1.613627,-25.251507,-1.362182
-25.426172,-1.607947,-25.307554,-1.44711
-25.558866,-1.69767,-25.520901,-1.645847
-25.780219,-2.000709,-25.578783,-1.723987
-25.91765,-1.998199,-25.842342,-1.89478
-26.284089,-2.405596,-25.959135,-1.958588
-26.392622,-2.360762,-26.227585,-2.133859
-26.191655,-2.179659,-26.078262,-2.024145
-25.920558,-1.99855,-25.778842,-1.804885
-25.98399,-2.180929,-25.62875,-1.695343
-24.189267,0.050889,-25.307554,-1.44711
-23.205465,1.249823,-25.146535,-1.323067
-22.165653,2.407297,-24.833456,-1.089574
-22.17984,2.483281,-25.00516,-1.228177
-23.183414,1.188022,-25.015422,-1.242922
-24.355406,-0.263217,-25.187527,-1.382028
-25.560349,-1.698187,-25.48872,-1.600654
-25.904162,-2.073524,-25.64934,-1.724913
-26.307268,-2.436601,-25.948782,-1.943753
-26.798796,-2.736137,-26.564455,-2.411263
-27.702579,-3.618985,-27.164661,-2.864178
-28.280521,-4.056051,-27.769136,-3.331547
-28.014019,-3.580638,-27.905108,-3.42685
-27.908661,-3.430725,-27.895866,-3.412693
-28.524755,-4.208846,-28.041252,-3.52249
-28.48488,-4.054363,-28.17756,-3.618465
-28.513948,-3.903069,-28.458804,-3.824823
-29.030535,-4.544968,-28.603287,-3.934899
-28.973707,-4.465629,-28.611493,-3.948353
-28.661571,-4.021315,-28.619874,-3.961932
-29.143458,-4.711709,-28.619874,-3.961932
-28.919482,-4.294323,-28.763788,-4.071846
-28.983374,-4.38585,-28.763788,-4.071846
-29.467081,-4.986949,-28.907402,-4.181776
-27.699401,-2.385326,-29.058858,-4.305147
-26.56421,-0.641521,-29.344286,-4.524885
-25.519624,0.851544,-29.486537,-4.634768
-25.959086,0.174985,-29.344286,-4.524885
-25.908088,0.243364,-29.344286,-4.524885
-27.067653,-1.419935,-29.201725,-4.415011
-32.727276,-7.620974,-32.118123,-6.699227
-36.195367,-11.076506,-34.896967,-8.988313
-38.628374,-13.123656,-37.519385,-11.246683
-37.221508,-12.077777,-35.786764,-9.726114
-35.858223,-11.181419,-33.976551,-8.187185
-34.02556,-9.604915,-32.091436,-6.634795
-32.293265,-7.606158,-31.124465,-5.860823
-30.704699,-5.907877,-30.141224,-5.086234
-29.290494,-4.523417,-29.142362,-4.311722
-28.445091,-3.603634,-28.702604,-3.967335
-27.865102,-2.978765,-28.412397,-3.746111
-27.496043,-2.746672,-27.974889,-3.414479
-27.25972,-2.606944,-27.681778,-3.19355
-26.752021,-2.187092,-27.231884,-2.849074
-26.513377,-2.04766,-26.935742,-2.62838
-26.000666,-1.62851,-26.480983,-2.284067
-25.695378,-1.402246,-26.181937,-2.063718
-25.177725,-0.984431,-25.722525,-1.719747
-24.111528,0.155388,-25.260368,-1.376027
-22.69434,1.634297,-24.64309,-0.922911
-22.561349,1.530867,-24.165679,-0.565957
-21.785483,1.974666,-23.240832,0.089975
-20.923618,2.518704,-22.30835,0.742701
-20.426497,2.593006,-21.368736,1.391953
-20.625107,2.248325,-21.211474,1.499807
-20.479066,2.246978,-20.896407,1.715203
-20.234886,2.463048,-20.738605,1.822742
-20.010957,2.55892,-20.48269,1.958236
-19.569558,2.838822,-20.06225,2.212172
-19.343232,2.942997,-19.804605,2.355589
-18.495892,3.529825,-18.953338,2.954151
-18.345875,3.617955,-18.723923,3.144887
-17.920462,3.958637,-18.339083,3.439002
-19.13888,3.095905,-19.458103,2.695033
-19.65602,2.445399,-19.458103,2.695033
-20.973114,1.049578,-19.935343,2.374508
-22.179168,-0.139053,-20.592126,1.91463
-22.96448,-0.59967,-21.559214,1.238116
-23.396438,-1.180801,-21.594592,1.191103
-24.218398,-1.994673,-22.062883,0.86775
-24.737981,-2.311361,-22.696029,0.419759
-25.294358,-2.779074,-23.159793,0.094601
-23.541167,-0.030067,-23.775163,-0.34017
-22.464721,1.656465,-24.223951,-0.652287
-21.945811,2.68794,-24.833456,-1.089574
-22.675749,1.842553,-24.975585,-1.184723
-22.952609,1.575582,-25.108731,-1.266172
-23.684836,0.715998,-25.251507,-1.362182
-24.56705,-0.445137,-25.242832,-1.348458
-24.824478,-0.786046,-25.234342,-1.33485
-24.717603,-0.641849,-25.226034,-1.32136
-25.256083,-1.174264,-25.529427,-1.541832
-25.39381,-1.265625,-25.680754,-1.652169
-25.546635,-1.286434,-25.990439,-1.886176
-25.846531,-1.597448,-26.140904,-1.996631
-25.944614,-1.730185,-26.140904,-1.996631
-26.113963,-1.866163,-26.291112,-2.107145
-26.373877,-2.123363,-26.433599,-2.204791
-27.416314,-3.559725,-26.433599,-2.204791
-27.034383,-2.9316,-26.576207,-2.302749
-27.438107,-3.206506,-27.024322,-2.635387
-28.179788,-3.961426,-27.476548,-2.980763
-28.879398,-4.665183,-27.91941,-3.314005
-29.205673,-4.844337,-28.359714,-3.647581
-29.835631,-5.467928,-28.8031,-3.993134
-29.047545,-4.057457,-29.237767,-4.326971
-27.64888,-2.204218,-29.0988,-4.227305
-25.626831,0.428093,-28.954025,-4.116108
-23.86697,2.629463,-28.814949,-4.016837
-23.684849,2.868232,-28.833866,-4.053193
-24.373761,2.074253,-28.998432,-4.201124
-26.295161,-0.462561,-29.019841,-4.239241
-31.26037,-6.839321,-30.01816,-5.011763
-32.44315,-7.946266,-31.000919,-5.784371
-33.4906,-8.880405,-31.967474,-6.556374
-34.834853,-10.014208,-33.312777,-7.637454
-35.693317,-10.506351,-34.497584,-8.608905
-37.193142,-11.989384,-35.784807,-9.689033
-37.615933,-12.408872,-36.164521,-10.016685
-38.143378,-12.916736,-36.66545,-10.4524
-38.380847,-13.031412,-37.037106,-10.778265
-38.531204,-12.99841,-37.405281,-11.103296
-38.762139,-13.010466,-37.890748,-11.535308
-39.02668,-13.180061,-38.250761,-11.858247
-38.724759,-12.755336,-38.131146,-11.750705
-38.75259,-12.803041,-38.131146,-11.750705
-38.645075,-12.713894,-38.011142,-11.643058
-38.85979,-12.892117,-38.250761,-11.858247
-38.880757,-12.738988,-38.48882,-12.073011
-38.311352,-11.591361,-38.725318,-12.287342
-36.063183,-8.51271,-38.007319,-11.653689
-33.149829,-4.628482,-37.278409,-11.019214
-30.702357,-1.629747,-36.538988,-10.377328
-29.171835,-0.68471,-34.776664,-8.914879
-29.000679,-1.570796,-33.09744,-7.552745
-28.660759,-2.345364,-31.245203,-6.092074
-32.939244,-8.573976,-31.366596,-6.174607
-33.352175,-9.110496,-31.482128,-6.245548
-33.456579,-9.162588,-31.599613,-6.318169
-33.960891,-9.55885,-32.138565,-6.744188
-34.771842,-10.356101,-32.807459,-7.28007
-34.25571,-9.130539,-33.332858,-7.696689
-34.68717,-9.404276,-33.849681,-8.09586
-34.609045,-8.776612,-34.496014,-8.600467
-34.256913,-8.229828,-34.496014,-8.600467
-34.408297,-8.481662,-34.501018,-8.626012
-34.326971,-8.371879,-34.50692,-8.652264
-34.448134,-8.571331,-34.511368,-8.670169
-34.59716,-8.617026,-34.770046,-8.888097
-34.976645,-9.025897,-35.027245,-9.10576
-35.24025,-9.261285,-35.284505,-9.331525
-36.016479,-9.94036,-36.041817,-9.981179
-36.695231,-10.487333,-36.785534,-10.634903
-36.766357,-10.050107,-37.514731,-11.277617
-35.417339,-8.107289,-37.271847,-11.090573
-34.361873,-6.669492,-37.030901,-10.906178
-32.770821,-4.459575,-36.791084,-10.716716
-30.693102,-2.302384,-35.563894,-9.661419
-30.03483,-2.319806,-34.174644,-8.493631
-30.364265,-3.684243,-32.877542,-7.42902
-34.893627,-10.519121,-33.009305,-7.536802
-35.198174,-11.017734,-33.009305,-7.536802
-35.252064,-11.010726,-33.146744,-7.65649
-35.51476,-11.130152,-33.522182,-7.944607
-35.846169,-11.369258,-33.902925,-8.246125
-36.174392,-11.59942,-34.279158,-8.538909
-36.163324,-11.265973,-34.655925,-8.83419
-35.953788,-10.617194,-35.035151,-9.140693
-36.112615,-10.56875,-35.411662,-9.439992
-35.69954,-9.793529,-35.535986,-9.53217
-35.211254,-9.011302,-35.534896,-9.524174
-35.382431,-9.176549,-35.660064,-9.617296
-33.844365,-7.890137,-34.108217,-8.296977
-34.020519,-8.161407,-34.108217,-8.296977
-33.961674,-8.070635,-34.108217,-8.296977
-34.110969,-8.207641,-34.239518,-8.406713
-33.962411,-7.973128,-34.237491,-8.397903
-33.914454,-7.801275,-34.366759,-8.499068
-33.405392,-6.667567,-34.88912,-8.946234
-32.876974,-5.614693,-35.276624,-9.282385
-32.566811,-4.80986,-35.786764,-9.726114
-30.541562,-2.864309,-34.395159,-8.607925
-29.995813,-2.974293,-33.123468,-7.609322
-29.532951,-3.304699,-31.708555,-6.511138
-33.196233,-8.219542,-32.508542,-7.156457
-34.343041,-9.355343,-33.43232,-7.919415
-35.246927,-10.234829,-34.209261,-8.571439
-36.386229,-11.428314,-35.087782,-9.304402
-37.514478,-12.740845,-35.825319,-9.920598
-38.168003,-13.176093,-36.67658,-10.651408
-37.759721,-12.471112,-36.67658,-10.651408
-37.693672,-12.261776,-36.797103,-10.756792
-37.693672,-12.261776,-36.797103,-10.756792
-37.622472,-11.942814,-37.035963,-10.959393
-37.560028,-11.728948,-37.153954,-11.049343
-37.719092,-11.794447,-37.391944,-11.245609
-37.691295,-11.747565,-37.391944,-11.245609
-37.444409,-11.426885,-37.272522,-11.14002
-37.555542,-11.613277,-37.272522,-11.14002
-37.930657,-11.869799,-37.747959,-11.561791
-38.087622,-11.855113,-38.100596,-11.877073
-38.125253,-11.549161,-38.565528,-12.296004
-36.707448,-9.663064,-37.983425,-11.772081
-34.767491,-6.953533,-37.510991,-11.351102
-33.816881,-5.938049,-36.912006,-10.822682
-32.225894,-4.616192,-35.44186,-9.564052
-30.789715,-3.580363,-33.921732,-8.289816
-30.524683,-4.282854,-32.361226,-7.022983
-33.445432,-8.601578,-32.487024,-7.117986
-33.972275,-9.434395,-32.487024,-7.117986
-33.581686,-8.715333,-32.612965,-7.213314
-33.935025,-8.887769,-33.146744,-7.65649
-34.557949,-9.494957,-33.673666,-8.097925
-34.957414,-9.750076,-34.188712,-8.526368
-34.898544,-9.747642,-34.055505,-8.408204
-34.894197,-9.736448,-34.05065,-8.39716
-34.835412,-9.73431,-33.916839,-8.278742
-34.983077,-9.787254,-34.183897,-8.515356
-35.096408,-9.781712,-34.444077,-8.740212
-35.420706,-10.123147,-34.706649,-8.975032
-35.482448,-10.315639,-34.575652,-8.857743
-35.392796,-10.169679,-34.575652,-8.857743
-35.070946,-9.744811,-34.448681,-8.751056
-34.873099,-9.405986,-34.42689,-8.697813
-34.855702,-9.35482,-34.408105,-8.646958
-33.844975,-7.744091,-34.389358,-8.588941
-32.355014,-5.494219,-34.389358,-8.588941
-30.931654,-3.50778,-34.259522,-8.480169
-29.588007,-1.605923,-34.259522,-8.480169
-27.874796,-0.023432,-33.078983,-7.509317
-28.656138,-1.981224,-31.736226,-6.427591
-29.633315,-4.191729,-30.502037,-5.454967
-30.614049,-5.918171,-30.133213,-5.208507
-30.742134,-6.30775,-29.892376,-5.048917
-30.450241,-6.166166,-29.527823,-4.801074
-29.274956,-5.014027,-28.649166,-4.104896
-28.146076,-3.964187,-27.75543,-3.406466
-26.988158,-2.905029,-26.835034,-2.690324
-26.817163,-2.572116,-26.934352,-2.735674
-26.902499,-2.499934,-27.174577,-2.878769
-27.019643,-2.56345,-27.274247,-2.917104
-27.268091,-2.620277,-27.689704,-3.206789
-27.582546,-2.768949,-28.106402,-3.499362
-27.961772,-3.008194,-28.524136,-3.794725
-26.838675,-2.208674,-27.364078,-2.93328
-26.838675,-2.208674,-27.364078,-2.93328
-26.743469,-2.078229,-27.364078,-2.93328
-26.304613,-1.759379,-26.919576,-2.601706
-25.726819,-1.349669,-26.323137,-2.160285
-25.154842,-0.860245,-25.873061,-1.829792
-23.280227,0.596117,-24.203729,-0.623012
-21.147584,2.234329,-22.340265,0.697763
-19.106011,3.787265,-20.603845,1.898964
-16.294805,5.672306,-17.896631,3.706234
-15.649149,6.084468,-17.253439,4.126667
-15.898876,5.691823,-17.10637,4.214289
-16.686484,4.824329,-17.253439,4.126667
-16.860098,4.611083,-17.239713,4.143683
-17.06036,4.45858,-17.387412,4.055518
-17.818585,4.084556,-18.339083,3.439002
-18.834409,3.476243,-19.458103,2.695033
-19.933357,2.751697,-20.558278,1.960915
-20.665924,1.727039,-20.422476,2.037502
-20.793283,1.084822,-19.653562,2.540534
-19.608063,2.408286,-19.361161,2.720808
-19.853807,1.999853,-19.242671,2.776827
-20.466998,1.114382,-19.126853,2.83118
-20.548101,0.912336,-19.013815,2.883815
-20.705702,0.706495,-18.983054,2.919263
-20.896001,0.556789,-19.112226,2.848495
-20.946914,0.491965,-19.083733,2.882719
-21.195773,0.458961,-19.573894,2.547839
-22.286282,-0.784722,-19.918427,2.301493
-20.936104,0.796873,-19.616849,2.496434
-19.824296,2.330415,-19.804605,2.355589
-18.560919,3.651354,-19.362005,2.637076
-18.096743,3.861037,-18.762027,3.021193
-17.896514,4.010115,-18.569959,3.162993
-17.2445,4.814354,-18.53749,3.199369
-17.258059,4.697736,-18.346822,3.340242
-18.096234,3.656901,-18.362486,3.322351
-18.78203,2.695869,-18.203167,3.427242
-18.938055,2.498946,-18.219203,3.409151
-18.354946,2.848761,-17.5324,3.881867
-19.816906,1.854956,-18.924643,2.988496
-18.745765,2.927813,-18.404402,3.356238
-18.379826,3.197994,-18.11249,3.532929
-19.258635,2.279062,-18.460992,3.287844
-19.737825,2.05275,-19.112226,2.848495
-19.887517,1.959748,-19.315304,2.690543
-19.97006,1.95468,-19.519949,2.531548
-20.124636,1.858694,-19.726203,2.371447
-21.147021,0.719926,-20.008476,2.196403
-21.732913,0.242306,-20.464174,1.896029
-22.040014,0.225844,-21.047116,1.521681
-21.732999,0.531928,-20.862844,1.662207
-21.652688,0.443795,-20.535037,1.892508
-20.229857,1.80585,-19.71854,2.458469
-17.915216,4.439171,-19.256691,2.759843
-17.479369,4.976799,-19.256691,2.759843
-16.408314,5.826535,-18.475769,3.270422
-15.155682,7.138525,-18.098272,3.550088
-15.603179,6.321552,-17.56177,3.933563
-16.582424,5.135986,-17.522557,3.983548
-18.061595,3.595819,-18.030819,3.634084
-18.36093,3.221492,-18.057087,3.600836
-19.033636,2.755093,-18.723923,3.144887
-18.894295,2.930714,-18.723923,3.144887
-18.913452,3.001541,-18.896944,3.022319
-19.378628,2.413685,-18.91067,3.005472
-19.970165,1.755533,-19.056233,2.916418
-20.730087,1.260885,-19.824786,2.417782
-20.46911,1.501817,-19.653562,2.540534
-20.730087,1.260885,-19.824786,2.417782
-19.665171,2.336155,-19.348208,2.737217
-19.331732,2.757971,-19.361161,2.720808
-19.60023,2.513211,-19.507227,2.630851
-19.921537,2.295006,-19.824786,2.417782
-20.087033,2.179737,-19.97099,2.327117
-19.409462,2.660186,-19.335489,2.753504
-19.513442,2.528814,-19.335489,2.753504
-18.672023,3.585288,-19.335489,2.753504
-18.154989,4.504154,-19.812357,2.433881
-17.481212,5.238394,-19.653562,2.540534
-17.457249,5.084632,-19.335489,2.753504
-17.502224,4.660131,-18.684608,3.194507
-16.892371,5.312288,-18.5119,3.316802
-17.6174,4.610596,-18.83189,3.104709
-18.809309,3.414382,-19.298703,2.801653
-19.70096,2.576725,-19.776425,2.48146
-20.200457,2.226533,-20.252683,2.160273
-20.195446,2.327653,-20.399938,2.068367
-19.695938,2.677664,-19.9239,2.390073
-19.237086,3.067015,-19.605714,2.603995
-17.839455,4.059144,-18.326708,3.455217
-12.931916,7.020011,-13.126655,6.788356
-11.107684,8.152564,-11.297615,7.92966
-10.276132,8.662054,-10.521396,8.375119
-12.308575,7.106838,-12.040795,7.425012
-14.752916,5.395205,-14.203276,6.061365
-15.150386,5.005476,-14.36629,5.95876
-15.335202,4.970052,-14.69201,5.753214
-15.303353,5.104113,-14.854714,5.650273
-15.203161,5.321135,-15.017311,5.547218
-15.252848,5.449491,-15.34218,5.340765
-14.360608,6.61993,-15.504449,5.237366
-13.96017,6.822594,-15.033141,5.528874
-13.552013,7.126208,-14.724328,5.716115
-12.424438,8.187038,-14.253053,6.004856
-13.861094,6.663514,-14.56172,5.818789
-13.933459,6.668395,-14.70804,5.734717
-14.076137,6.682121,-15.017311,5.547218
-16.481673,4.981556,-17.092308,4.231485
-20.158645,2.466086,-20.580627,1.930176
-20.384329,2.180837,-20.569346,1.945603
-20.365244,1.825191,-19.97099,2.327117
-21.797838,0.255865,-20.49542,1.942004
-21.615249,0.589466,-20.692288,1.785736
-21.016612,1.275711,-20.605994,1.807222
-22.866045,-0.377506,-21.927354,0.866032
-23.756991,-1.277161,-22.452031,0.473573
-25.024802,-2.920519,-22.574602,0.402423
-25.596483,-3.515531,-22.837789,0.240082
-25.520865,-3.307681,-22.963642,0.166363
-25.613103,-3.433358,-22.936936,0.199616
-25.194971,-2.949044,-22.75694,0.340252
-21.921295,0.478415,-21.189754,1.431587
-20.896661,1.523103,-20.705874,1.769025
-20.441827,1.917641,-20.391408,1.982339
-19.610926,2.786409,-20.06225,2.212172
-19.564262,3.13174,-20.562667,1.858823
-18.176868,4.314216,-19.646766,2.461461
-17.274022,5.715092,-20.150103,2.10831
-15.305837,7.474583,-19.095442,2.792636
-15.634914,7.281836,-19.462783,2.526067
-17.767603,4.496443,-19.202689,2.678111
-20.127945,1.67477,-19.498639,2.4878
-20.940653,0.901936,-19.934099,2.210185
-21.260932,0.673116,-20.213926,2.036093
-21.069622,0.922032,-20.197564,2.054379
-21.393611,0.883703,-20.792653,1.665734
-21.405663,1.058433,-21.075594,1.487499
-21.261735,1.24268,-21.033252,1.538554
-20.862589,1.661012,-20.823128,1.711746
-20.425095,2.032201,-20.457926,1.990315
-19.974209,2.322465,-19.995883,2.294919
-20.008481,2.278903,-19.995883,2.294919
-20.721022,1.557691,-20.324856,2.065144
-20.935327,1.474415,-20.603845,1.898964
-20.264566,2.051096,-20.094096,2.267445
-19.563296,2.753359,-19.742457,2.528015
-19.080662,3.170293,-19.434873,2.726437
-17.457911,4.250726,-17.832205,3.788871
-15.665606,5.507818,-16.22895,4.822961
-14.916954,6.316748,-16.066683,4.927379
-13.267661,7.817476,-15.267739,5.430199
-12.765069,8.317442,-15.119372,5.5161
-11.692743,8.754573,-13.665239,6.42491
-12.245281,8.295479,-14.023984,6.182578
-14.001311,6.956853,-15.34218,5.340765
-14.888811,5.983441,-15.489169,5.25538
-15.309004,5.567788,-15.63649,5.169626
-15.4749,5.459693,-15.784136,5.083505
-15.621564,5.375141,-15.946355,4.97954
-15.621564,5.375141,-15.946355,4.97954
-15.871092,5.165171,-16.108455,4.87546
-15.997859,5.10465,-16.284738,4.75383
-16.273775,4.767265,-16.284738,4.75383
-16.538444,4.536854,-16.460949,4.632121
-16.358855,4.851035,-16.608141,4.54524
-16.470664,4.807912,-16.769657,4.440771
-16.602323,4.740036,-16.917129,4.353339
-16.476395,4.80057,-16.741868,4.47511
-16.080849,5.096557,-16.418329,4.684216
-15.831729,5.306358,-16.256374,4.788598
-15.719274,5.349672,-16.094297,4.892866
-15.460121,5.477418,-15.769785,5.101061
-15.092297,5.829119,-15.607353,5.204988
-15.24064,5.743059,-15.769785,5.101061
-15.140028,5.957337,-15.9321,4.99702
-15.129736,6.063042,-16.108455,4.87546
-15.417264,5.993253,-16.580161,4.57972
-13.733842,6.992495,-14.778795,5.740888
-13.212202,7.242929,-14.125358,6.153627
-13.398905,7.021453,-14.125358,6.153627
-13.777263,6.663561,-14.288875,6.050602
-13.743218,6.704179,-14.288875,6.050602
-15.988956,5.301616,-16.580161,4.57972
-18.459529,3.662987,-19.00411,2.982316
-20.867947,1.937708,-21.245465,1.453553
-21.295011,1.483542,-21.450464,1.282691
-21.515724,1.199785,-21.502206,1.217345
-22.036485,0.618274,-21.699161,1.059757
-22.861536,-0.083417,-22.34731,0.596659
-23.493891,-0.439998,-23.158712,0.007756
-24.039117,-0.783397,-23.797169,-0.457526
-24.469423,-1.165384,-24.158231,-0.742802
-25.064918,-1.874806,-24.370123,-0.9223
-25.130503,-1.757445,-24.733864,-1.211128
-25.385806,-1.814241,-25.196034,-1.551698
-25.831669,-2.235667,-25.507892,-1.785042
-25.521422,-1.513122,-25.949106,-2.107185
-22.547472,2.585466,-26.111341,-2.233092
-21.61394,3.887633,-26.257452,-2.340501
-22.994229,2.183829,-26.403293,-2.447946
-23.534351,1.46358,-26.387936,-2.429691
-22.477546,2.85376,-26.387936,-2.429691
-23.528236,1.465934,-26.372821,-2.411604
-26.619137,-2.754777,-26.387936,-2.429691
-27.350738,-3.892538,-26.241928,-2.322152
-27.839841,-4.595128,-26.257452,-2.340501
-29.217061,-6.016203,-27.031614,-2.864659
-29.801603,-6.675851,-27.249584,-2.984783
-30.545673,-7.371841,-27.769136,-3.331547
-32.77838,-9.082744,-30.193089,-5.184239
-34.796878,-10.590287,-32.534076,-7.050307
-36.639847,-11.93439,-34.774355,-8.90587
-37.031976,-11.039971,-36.785534,-10.634903
-37.730384,-11.912782,-37.152244,-10.95002
-38.288865,-12.661656,-37.395541,-11.157947
-38.913885,-13.630264,-37.518313,-11.252752
-39.136309,-13.914311,-37.64022,-11.354056
-39.471787,-14.412187,-37.760669,-11.46133
-39.338548,-14.273569,-37.64022,-11.354056
-39.414058,-14.308869,-37.760669,-11.46133
-38.051321,-11.94795,-37.760669,-11.46133
-35.323696,-7.4797,-37.879288,-11.574223
-32.863043,-3.71847,-37.995897,-11.692548
-32.0263,-2.431348,-38.111881,-11.810517
-31.518861,-2.121916,-37.514015,-11.283983
-31.545284,-2.494565,-37.029838,-10.863284
-32.10929,-3.732703,-36.417535,-10.33488
-37.308571,-12.301181,-35.797279,-9.805605
-37.335703,-12.751539,-35.295871,-9.383458
-36.819822,-12.379407,-34.6618,-8.853217
-37.48936,-13.008618,-35.293726,-9.374601
-38.13546,-13.511344,-36.044542,-10.004631
-38.63818,-13.875542,-36.662667,-10.527459
-39.313852,-14.375834,-37.514731,-11.277617
-40.164257,-15.115472,-38.465574,-12.129015
-40.756432,-15.507966,-39.277459,-12.868375
-41.132324,-15.788597,-39.739344,-13.280342
-41.296967,-15.788834,-40.081283,-13.591209
-41.670361,-16.072873,-40.535724,-14.003087
-41.636511,-15.911771,-40.646554,-14.107524
-41.805277,-16.033683,-40.867075,-14.316026
-42.058045,-16.413327,-40.976768,-14.420088
-42.13781,-16.443189,-41.095458,-14.519068
-42.037883,-16.133233,-41.214304,-14.618476
-41.195494,-14.47046,-41.333288,-14.718297
-38.871085,-10.853625,-40.885152,-14.305367
-36.912036,-8.056986,-40.432645,-13.89225
-35.046439,-5.533629,-39.975857,-13.47906
-33.446659,-3.743642,-39.167788,-12.753874
-32.402021,-2.807759,-38.346434,-12.028474
-33.034524,-4.320523,-37.512308,-11.303449
-37.818456,-12.508052,-36.665986,-10.579405
-37.652099,-12.924849,-35.806056,-9.848201
-36.897148,-12.348929,-34.935892,-9.126804
-37.373464,-12.637846,-35.554257,-9.62518
-37.851036,-12.933371,-36.171013,-10.128022
-38.29993,-13.184054,-36.785534,-10.634903
-39.423224,-14.273068,-37.87417,-11.597662
-40.445551,-15.133682,-39.047404,-12.657685
-41.339489,-15.901303,-40.07065,-13.602155
-41.339489,-15.901303,-40.07065,-13.602155
-41.339489,-15.901303,-40.07065,-13.602155
-41.241378,-15.81635,-39.958477,-13.497682
-41.268294,-15.866634,-39.958477,-13.497682
-41.322173,-15.967519,-39.958477,-13.497682
-41.403106,-16.119645,-39.958477,-13.497682
-41.940797,-16.643203,-40.515566,-14.018851
-42.37468,-17.080216,-40.954468,-14.433599
-41.057266,-14.160387,-41.494718,-14.949246
-36.685782,-7.923707,-40.175355,-13.713775
-33.718648,-4.324825,-38.923137,-12.572141
-31.4444,-2.019012,-37.511888,-11.310063
-29.99197,-0.889335,-36.173361,-10.144075
-28.883374,-0.366158,-34.664903,-8.862862
-28.930894,-1.382871,-33.244526,-7.694688
-34.826721,-10.288729,-33.112655,-7.586379
-35.31017,-11.183224,-32.985927,-7.489563
-35.20052,-11.108107,-32.859306,-7.393052
-35.679172,-11.486904,-33.376043,-7.802947
-35.882693,-11.512782,-33.759739,-8.106104
-35.731087,-10.848519,-34.268827,-8.509134
-33.399536,-7.824417,-33.357259,-7.75927
-32.189282,-6.735508,-32.29029,-6.888087
-31.268631,-6.022239,-31.345292,-6.136408
-30.977582,-5.681047,-31.194385,-6.00214
-30.838036,-5.565197,-31.043159,-5.867875
-30.479537,-5.223606,-30.75257,-5.623764
-30.338693,-5.10756,-30.600132,-5.489318
-30.160476,-4.934869,-30.441287,-5.342911
-30.08131,-4.908518,-30.28848,-5.208669
-30.112351,-4.953396,-30.28848,-5.208669
-30.112351,-4.953396,-30.28848,-5.208669
-28.933619,-3.27175,-30.28848,-5.208669
-26.444909,-0.123596,-29.87648,-4.901382
-24.236834,2.524636,-29.456623,-4.582931
-23.045874,3.794574,-29.034939,-4.26524
-21.748901,4.914166,-28.17756,-3.618465
-21.863468,4.250075,-27.311464,-2.973811
-22.673184,2.683517,-26.426535,-2.316632
-27.172792,-3.259172,-26.5747,-2.426052
-27.915561,-4.308935,-26.5747,-2.426052
-28.219093,-4.644878,-26.722598,-2.535518
-28.157422,-4.654542,-26.5747,-2.426052
-27.9844,-4.40711,-26.5747,-2.426052
-27.818389,-4.268268,-26.426535,-2.316632
-26.759851,-2.585591,-26.702565,-2.506239
-27.303072,-3.147891,-26.979327,-2.697211
-27.389199,-3.073914,-27.256758,-2.889521
-27.389436,-2.882863,-27.542845,-3.09646
-27.930874,-3.444951,-27.820843,-3.290959
-28.18914,-3.615497,-28.106402,-3.499362
-28.09234,-3.479645,-28.106402,-3.499362
-28.386222,-3.798294,-28.252481,-3.610073
-28.257176,-3.616671,-28.252481,-3.610073
-28.128816,-3.436535,-28.252481,-3.610073
-28.18914,-3.615497,-28.106402,-3.499362
-27.296578,-2.373695,-28.106402,-3.499362
-25.916123,-0.773018,-27.674025,-3.18043
-24.605491,0.697165,-27.239997,-2.862434
-23.178229,2.285897,-26.804386,-2.545417
-21.535558,3.935798,-26.078262,-2.024145
-20.799928,4.424863,-25.359739,-1.52145
-21.462206,3.144396,-24.628502,-1.007882
-23.168088,0.935603,-24.616602,-0.992092
-25.061423,-1.690875,-24.453242,-0.867652
-25.221191,-1.90803,-24.441662,-0.852075
-25.131889,-1.784359,-24.419152,-0.821341
-24.640402,-1.022012,-24.549766,-0.900299
-24.486754,-0.814001,-24.52917,-0.870781
-24.59271,-1.052065,-24.386983,-0.776258
-24.691553,-1.280412,-24.234369,-0.667118
-24.059421,-0.529278,-24.092264,-0.573087
-23.832529,-0.320818,-23.917817,-0.434106
-23.616076,-0.127791,-23.753874,-0.310234
-23.355508,0.123472,-23.579471,-0.171726
-23.38883,0.07963,-23.579471,-0.171726
-23.28232,0.125546,-23.425308,-0.062727
-23.248892,0.169488,-23.425308,-0.062727
-23.142281,0.215297,-23.270929,0.046186
-22.964756,0.448955,-23.260694,0.060905
-22.156371,1.405347,-23.105999,0.169794
-20.527951,3.20244,-22.640662,0.495917
-19.039793,4.782832,-22.184443,0.80603
-16.445249,7.207848,-20.930983,1.668575
-14.967131,8.255518,-19.691837,2.491677
-15.633935,7.472435,-19.705068,2.475138
-17.014713,5.996552,-20.021709,2.262216
-18.427587,4.079526,-19.705068,2.475138
-19.708063,2.376369,-19.546504,2.581432
-19.421424,2.550016,-19.228898,2.79368
-19.119308,2.931315,-19.202082,2.826999
-19.305983,2.790694,-19.335489,2.753504
-18.46268,3.472088,-18.671969,3.210813
-18.1895,3.71922,-18.487111,3.349209
-18.245762,3.650216,-18.47505,3.36525
-18.310034,3.664662,-18.623646,3.274932
-18.173211,3.834058,-18.623646,3.274932
-18.340576,3.720811,-18.772489,3.184264
-18.306446,3.763045,-18.772489,3.184264
-18.27237,3.805188,-18.772489,3.184264
-18.875414,3.429362,-19.401616,2.772741
-18.662416,3.60117,-19.241757,2.879688
-18.866869,3.347357,-19.241757,2.879688
-18.807561,3.513609,-19.401616,2.772741
-17.411331,4.862641,-18.761248,3.199865
-17.067773,5.279886,-18.772489,3.184264
-16.326213,5.993143,-18.451574,3.397023
-16.317063,6.095007,-18.623646,3.274932
-15.501364,6.800166,-18.153914,3.577287
-16.049302,6.506575,-18.795598,3.152762
-15.439812,7.054175,-18.487111,3.349209
-15.93342,6.285521,-18.16616,3.561111
-18.025251,3.548468,-17.844637,3.772557
-17.911637,3.501418,-17.522557,3.983548
-18.881463,2.288143,-17.50994,4.000001
-19.514291,1.581309,-17.671141,3.894493
-19.619154,1.450342,-17.658836,3.910775
-19.391175,1.542777,-17.361313,4.088873
-19.067203,1.856377,-17.212964,4.177388
-18.802301,1.995664,-16.917129,4.353339
-18.840393,1.947263,-16.917129,4.353339
-18.993475,1.752437,-16.917129,4.353339
-19.031927,1.703422,-16.917129,4.353339
-18.927336,1.739543,-16.755643,4.457994
-18.888759,1.78869,-16.755643,4.457994
-18.822809,1.775431,-16.594032,4.562533
-18.679511,1.860497,-16.432295,4.666957
-18.160509,2.32426,-16.108455,4.87546
-16.66678,4.094726,-15.946355,4.97954
-13.730123,7.275906,-15.311672,5.376838
-11.418358,9.620559,-14.69201,5.753214
-10.888159,9.876022,-14.056595,6.145043
-10.044234,10.577692,-13.58397,6.432458
-9.969389,10.309366,-12.947913,6.819766
-10.441845,9.496883,-12.475256,7.103606
-12.657563,7.539106,-13.58397,6.432458
-14.238083,6.300145,-14.676235,5.77161
-13.433986,6.794972,-13.828857,6.322376
-13.106056,6.99883,-13.470272,6.564687
-15.304713,5.758392,-15.904294,5.031685
-15.276144,5.793384,-15.8774,5.065979
-15.245463,5.737368,-15.728132,5.15315
-17.141337,4.54645,-17.671141,3.894493
-18.343325,3.714879,-18.807475,3.136853
-19.712493,2.84342,-20.241427,2.175711
-19.491747,2.934314,-19.9239,2.390073
-19.551941,2.765344,-19.764889,2.497089
-19.649152,2.549243,-19.605714,2.603995
-20.860064,1.670098,-20.716444,1.853357
-21.219641,1.207506,-20.727418,1.838107
-21.11225,1.156054,-20.4111,2.052992
-22.353193,0.117469,-21.357932,1.407067
-20.350001,2.874622,-21.672091,1.190926
-16.255407,7.860277,-21.682703,1.175937
-14.063684,9.897549,-20.761629,1.791655
-12.987124,10.617938,-19.824786,2.417782
-11.173492,11.318913,-17.325743,4.039854
-12.7134,9.316974,-16.90708,4.280509
-13.104376,9.148143,-17.437867,3.912993
-13.710321,7.890845,-16.47635,4.535491
-20.248249,1.008842,-18.553588,3.181254
-21.029817,0.282488,-19.013815,2.883815
-20.958057,0.670868,-19.47357,2.584838
-25.15902,-2.205138,-23.786124,-0.355336
-27.754426,-4.345934,-26.032024,-1.953627
-26.592519,-3.390255,-24.956853,-1.156387
-25.539516,-2.710493,-23.723492,-0.266289
-24.716642,-2.262106,-22.619995,0.525499
-24.670062,-2.303018,-22.48514,0.604438
-24.315976,-1.828762,-22.506846,0.574234
-23.688727,-1.086295,-22.374103,0.651691
-23.710511,-0.819142,-22.795981,0.387301
-23.881478,-0.656423,-23.376648,0.009331
-24.162783,-0.735243,-23.805709,-0.264111
-23.849431,-0.508947,-23.496249,-0.044684
-23.474461,-0.206003,-23.194607,0.1606
-22.357691,1.060558,-22.883634,0.379186
-20.496888,3.148403,-22.42497,0.69215
-18.291053,5.509377,-21.81858,1.097512
-15.711425,8.321246,-21.357932,1.407067
-15.5354,8.621294,-21.536732,1.268825
-15.171834,8.881031,-21.245465,1.453553
-16.382106,7.378971,-21.11228,1.529532
-18.575479,4.543082,-20.810366,1.727987
-23.354945,-0.836657,-22.086971,0.836124
-23.771945,-1.300655,-22.267258,0.696224
-24.79197,-2.093712,-23.171196,0.07917
-25.373027,-2.202928,-24.223951,-0.652287
-26.067117,-2.570996,-25.117891,-1.280208
-26.94901,-3.79351,-25.117891,-1.280208
-26.707314,-3.553309,-24.966122,-1.170493
-26.493055,-3.255354,-24.966122,-1.170493
-26.777358,-3.556893,-25.127243,-1.294369
-26.643063,-3.372676,-25.136791,-1.308654
-26.891241,-3.624576,-25.297725,-1.432639
-26.204982,-2.770107,-25.156479,-1.33761
-26.154181,-2.703666,-25.176973,-1.367088
-26.166905,-2.819736,-25.036562,-1.272812
-25.7108,-2.189995,-25.025888,-1.2578
-25.472881,-1.960659,-24.874561,-1.148579
-24.904245,-1.187929,-24.863977,-1.133629
-23.163621,0.843236,-24.419152,-0.821341
-22.055375,2.007777,-23.984862,-0.525925
-21.21712,2.810938,-23.550841,-0.232609
-20.926084,2.99168,-23.219032,0.016073
-21.287264,2.43607,-23.0528,0.140271
-21.511949,1.95961,-22.73189,0.372472
-21.603093,1.652621,-22.397766,0.620318
-21.943355,1.117699,-22.230417,0.744086
-21.876067,1.015782,-21.906978,0.975633
-21.734755,1.104329,-21.750881,1.083418
-21.734755,1.104329,-21.750881,1.083418
-21.559401,1.236653,-21.594592,1.191103
-21.248773,1.543016,-21.438115,1.298686
-21.316212,1.456085,-21.438115,1.298686
-21.073055,1.67459,-21.281452,1.406168
-20.74208,1.910128,-20.955149,1.636867
-20.642495,1.943433,-20.773473,1.775929
-20.385593,2.17715,-20.603845,1.898964
-20.366893,2.107412,-20.434071,2.021894
-20.184482,2.33974,-20.422476,2.037502
-20.343745,2.138575,-20.4111,2.052992
-20.131819,2.313526,-20.252683,2.160273
-20.234858,2.182895,-20.252683,2.160273
-19.583533,3.097661,-20.4111,2.052992
-18.045252,5.002175,-20.422476,2.037502
-16.399941,6.811661,-20.117448,2.236095
-16.279563,6.958065,-20.129457,2.220242
-16.942548,6.165845,-20.141691,2.204268
-17.35297,5.942847,-20.627955,1.867261
-17.753234,5.549703,-20.797839,1.744097
-18.858519,4.100181,-20.652981,1.835049
-19.837221,2.686296,-20.350754,2.032425
-20.061025,2.212994,-20.048492,2.228988
-20.093864,1.979899,-19.705068,2.475138
-19.998861,2.101476,-19.678845,2.508087
-21.357871,0.834057,-20.445887,2.006165
-20.658727,1.828843,-20.603845,1.898964
-21.002379,1.197929,-20.287756,2.113258
-20.931494,1.193848,-20.129457,2.220242
-21.169301,1.174493,-20.592126,1.91463
-20.819765,1.623618,-20.592126,1.91463
-20.56687,1.94771,-20.580627,1.930176
-20.982854,1.415661,-20.580627,1.930176
-21.259589,1.345113,-21.043035,1.622797
-21.052598,1.610556,-21.043035,1.622797
-21.287594,1.404791,-21.189884,1.530045
-21.804063,0.929989,-21.49431,1.328803
-20.3919,2.823193,-21.641487,1.235201
-18.659489,4.520507,-20.885315,1.730505
-17.797839,5.576434,-20.907713,1.699782
-17.556208,5.876721,-20.942952,1.652785
-16.700324,6.585888,-20.4343,1.930991
-17.258144,5.951143,-20.560168,1.787476
-17.473983,5.336828,-19.800156,2.449859
-18.38166,4.131948,-19.653562,2.540534
-19.36081,3.00379,-19.800156,2.449859
-19.768941,2.333734,-19.812543,2.277551
-18.918392,2.925047,-18.954628,2.878899
-19.896377,2.239964,-19.819848,2.337944
-19.632005,2.474003,-19.573894,2.547839
-19.803659,2.538864,-19.995883,2.294919
-19.60997,2.690696,-19.78818,2.465718
-19.597706,2.710132,-19.742457,2.528015
-20.098205,2.35969,-20.219549,2.206253
-20.098205,2.35969,-20.219549,2.206253
-20.06383,2.403097,-20.219549,2.206253
-20.029509,2.446412,-20.219549,2.206253
-20.132634,2.316188,-20.219549,2.206253
-20.132634,2.316188,-20.219549,2.206253
-20.201653,2.228902,-20.219549,2.206253
-20.345111,2.140779,-20.378245,2.098781
-19.27676,3.482159,-20.378245,2.098781
-17.931737,5.13762,-20.388987,2.083629
-16.784141,6.43474,-20.241427,2.175711
-16.172677,7.077157,-20.094096,2.267445
-15.733889,7.68444,-20.252683,2.160273
-16.19049,7.323964,-20.580627,1.930176
-17.493612,5.763478,-20.580627,1.930176
-19.348257,3.484412,-20.580627,1.930176
-21.194116,1.802637,-21.693524,1.160828
-21.683284,1.268152,-21.850128,1.052731
-22.000496,1.046472,-22.162757,0.836237
-22.209511,0.869731,-22.318779,0.727844
-22.593177,0.559077,-22.630225,0.510769
-23.025241,0.275713,-23.105999,0.169794
-23.685701,-0.216345,-23.723492,-0.266289
-24.146544,-0.545556,-24.193921,-0.608564
-24.634361,-0.81867,-24.804735,-1.046673
-25.114296,-1.179392,-25.260368,-1.376027
-25.794637,-1.721333,-25.864453,-1.816112
-26.405029,-2.175822,-26.464484,-2.257175
-26.754284,-2.374236,-26.919576,-2.601706
-27.357632,-2.830146,-27.511694,-3.043891
-27.729483,-3.160974,-27.813381,-3.278038
-27.838173,-3.220805,-27.967378,-3.401523
-26.86003,-1.685036,-28.266851,-3.635538
-24.947172,0.791155,-28.136301,-3.551092
-23.125342,2.987627,-27.869248,-3.370995
-23.143406,2.882019,-27.741002,-3.288809
-22.527169,3.319059,-27.164661,-2.864178
-22.596213,2.962433,-26.722598,-2.535518
-23.108403,1.942074,-26.140251,-2.113107
-23.831263,0.625219,-25.543407,-1.676673
-24.779562,-0.924296,-25.105081,-1.365813
-24.905297,-1.478561,-24.501787,-0.931392
-25.471346,-1.866057,-25.093118,-1.349956
-26.392687,-2.652798,-25.82035,-1.864265
-27.279042,-3.500383,-26.396009,-2.272428
-26.96741,-3.062814,-26.386231,-2.257961
-27.051701,-3.272743,-26.218074,-2.119576
-27.515827,-3.918328,-26.199628,-2.091396
-27.683274,-4.057481,-26.34905,-2.201393
-27.641204,-3.995115,-26.340227,-2.187568
-28.327372,-4.86817,-26.480983,-2.284067
-28.416945,-4.894721,-26.621887,-2.380892
-28.381608,-4.844236,-26.621887,-2.380892
-28.401267,-4.771063,-26.762932,-2.478038
-28.885174,-5.070976,-27.349296,-2.907538
-28.618358,-4.394014,-27.778553,-3.215136
-27.341659,-2.237286,-28.359714,-3.647581
-24.512093,0.728009,-27.060311,-2.699102
-21.090812,4.306438,-25.749814,-1.761744
-18.438813,6.784213,-24.419152,-0.821341
-19.171178,6.080119,-24.74503,-1.069878
-20.828021,4.30431,-25.220448,-1.42767
-22.490069,2.46884,-25.693002,-1.785698
-25.064788,-0.740773,-26.002607,-2.019307
-26.280604,-2.210925,-26.322192,-2.268459
-27.465355,-3.578798,-26.787547,-2.626674
-27.95937,-3.98913,-27.227136,-2.953788
-28.559591,-4.558161,-27.674896,-3.296362
-29.023701,-4.93794,-28.1194,-3.638771
-30.234333,-6.42102,-28.540385,-3.951353
-30.177953,-6.042438,-28.969122,-4.27909
-30.189909,-5.766049,-29.386204,-4.592926
-30.239066,-5.834252,-29.368914,-4.565331
-29.732247,-5.181876,-29.201725,-4.415011
-29.911864,-5.438493,-29.185884,-4.388472
-29.826248,-5.305105,-29.163385,-4.34957
-29.842054,-5.414131,-28.998432,-4.201124
-29.758586,-5.282011,-28.978469,-4.164033
-29.697103,-5.00614,-29.273019,-4.397847
-29.89697,-5.203243,-29.42287,-4.520752
-28.897959,-3.589764,-29.715013,-4.75425
-27.095777,-1.184116,-29.572315,-4.643601
-25.593613,0.652528,-29.285987,-4.422335
-25.330403,0.911365,-29.142362,-4.311722
-25.295697,0.599626,-28.564835,-3.869447
-25.211451,0.350456,-27.98257,-3.427553
-25.617761,-0.46492,-27.55107,-3.109902
-25.952633,-1.287015,-26.96134,-2.669303
-25.914344,-1.610042,-26.367258,-2.229421
-25.756128,-1.773898,-25.778842,-1.804885
-25.872701,-1.835722,-25.90937,-1.885747
-26.167972,-2.048081,-26.199628,-2.091396
-26.318799,-2.156357,-26.331591,-2.173865
-26.724878,-2.430175,-26.778976,-2.504628
-27.051688,-2.689634,-27.068016,-2.712185
-27.682321,-3.281456,-27.511694,-3.043891
-27.78311,-3.327562,-27.659031,-3.154543
-27.98145,-3.510406,-27.806087,-3.265233
-28.049369,-3.511049,-27.952858,-3.375959
-28.153808,-3.468848,-28.245542,-3.597512
-28.222572,-3.471187,-28.391449,-3.708335
-28.330271,-3.531049,-28.543764,-3.831582
-28.689862,-3.849475,-28.833866,-4.053193
-28.688956,-3.660647,-29.12277,-4.274892
-28.203323,-2.795142,-29.41046,-4.496661
-26.752998,-0.899633,-29.279425,-4.410036
-24.863424,1.61467,-29.292706,-4.434747
-24.152877,2.455177,-29.163385,-4.34957
-24.454677,1.884718,-28.868563,-4.116017
-24.865669,1.167618,-28.572188,-3.882299
-25.892097,-0.284517,-28.427186,-3.771871
-26.525456,-1.322256,-28.128573,-3.537984
-27.077236,-2.261443,-27.828475,-3.303997
-27.221038,-2.647422,-27.534797,-3.083139
-27.568973,-2.937607,-27.813381,-3.278038
-27.751987,-3.093099,-27.945847,-3.363347
-28.005278,-3.252595,-28.225687,-3.560494
-28.991927,-4.075932,-29.0988,-4.227305
-30.096076,-4.995253,-30.103633,-5.006132
-30.930779,-5.642155,-30.952577,-5.673947
-32.0933,-6.693078,-31.924739,-6.442869
-33.053448,-7.470793,-32.881933,-7.212181
-34.178673,-8.520231,-33.822249,-7.97296
-35.19555,-9.440674,-34.748659,-8.741887
-36.281793,-10.504104,-35.65844,-9.509304
-37.026034,-11.044074,-36.551158,-10.274604
-37.086753,-11.237941,-36.424859,-10.164559
-36.022656,-9.708183,-36.171099,-9.944223
-33.881621,-6.508695,-36.04364,-9.833934
-29.523605,-1.330626,-34.486118,-8.52784
-27.09808,1.002391,-33.022257,-7.341469
-24.113832,3.862757,-31.384631,-6.039047
-23.697805,4.058504,-30.834986,-5.617078
-25.735991,1.171109,-30.423773,-5.307567
-26.696236,-0.372899,-30.011778,-4.999588
-27.172392,-1.380844,-29.456623,-4.582931
-29.3633,-4.738867,-29.042741,-4.27842
-29.606552,-5.479606,-28.475661,-3.852038
-31.011818,-6.088729,-30.587685,-5.465187
-32.71024,-7.187859,-32.636456,-7.076523
-34.724143,-8.843706,-34.622838,-8.685807
-34.929855,-9.152427,-34.620795,-8.669809
-34.929589,-9.23235,-34.487679,-8.543481
-35.200406,-9.644716,-34.486118,-8.52784
-36.19873,-10.567834,-35.400074,-9.295208
-36.767882,-10.819816,-36.297104,-10.060628
-37.447906,-11.266982,-37.17682,-10.823517
-38.640217,-12.413372,-38.278302,-11.80557
-39.340073,-12.858424,-39.230514,-12.671312
-40.419822,-13.896502,-40.27142,-13.636336
-39.092632,-12.734179,-38.869902,-12.35565
-36.965469,-10.330051,-37.416559,-11.063863
-34.191589,-7.08985,-35.912825,-9.756639
-31.486642,-4.090472,-34.489597,-8.5594
-28.570265,-0.975068,-33.024683,-7.350645
-25.174438,2.588322,-31.523618,-6.150025
-24.11154,3.620602,-30.97995,-5.739001
-25.311737,1.819137,-30.575832,-5.441495
-26.976869,-0.751445,-30.031389,-5.036451
-27.86558,-2.338384,-29.486537,-4.634768
-28.545901,-3.576089,-29.075669,-4.332372
-28.840163,-4.380461,-28.53058,-3.936768
-29.747879,-5.112845,-29.360531,-4.551724
-30.460007,-5.667511,-30.045245,-5.061596
-31.421821,-6.506041,-30.867233,-5.685722
-32.931116,-7.437753,-32.778897,-7.206928
-34.699204,-8.923753,-34.497584,-8.608905
-36.470837,-10.417129,-36.290328,-10.125741
-36.755133,-10.691576,-36.540793,-10.343599
-37.236918,-11.293957,-36.789721,-10.561112
-37.374828,-11.333491,-37.037106,-10.778265
-36.980894,-10.87295,-36.789721,-10.561112
-36.727664,-10.740666,-36.415753,-10.234713
-36.616121,-10.747262,-36.164521,-10.016685
-38.040458,-11.767783,-37.894581,-11.524658
-38.771487,-11.600429,-39.670178,-13.125556
-38.214467,-9.467854,-41.254372,-14.601137
-33.737498,-4.705841,-38.379692,-11.946326
-29.379995,-0.633262,-35.272028,-9.235866
-24.529506,3.673325,-31.942306,-6.493071
-23.017406,4.559695,-30.230651,-5.249258
-21.741481,5.144597,-28.544327,-4.045924
-22.419099,3.068474,-26.580574,-2.523004
-24.81211,0.180995,-26.993517,-2.815163
-28.07283,-3.958053,-27.551907,-3.2182
-28.869849,-4.814395,-28.019528,-3.591558
-31.982448,-7.120592,-31.448059,-6.309826
-34.977685,-9.554398,-34.411627,-8.656943
-37.587996,-11.453979,-37.398164,-11.139211
-38.971356,-12.464428,-39.065589,-12.625434
-40.821001,-14.283345,-40.774672,-14.200742
-42.534698,-16.091042,-42.298631,-15.651309
-42.312588,-15.311627,-42.717975,-16.062524
-43.004585,-16.140709,-43.23393,-16.57352
-43.326429,-16.395195,-43.633335,-16.979838
-43.506655,-16.387472,-44.026541,-17.383283
-44.110555,-17.297546,-44.308286,-17.683186
-44.365686,-17.45621,-44.683116,-18.080284
-44.544648,-17.624059,-44.875899,-18.278703
-44.318579,-17.006728,-45.067396,-18.476616
-42.858527,-14.134155,-45.257624,-18.674028
-38.86133,-9.517447,-42.589408,-15.963676
-35.000882,-5.776956,-39.534017,-13.041694
-31.472476,-2.876239,-36.290328,-10.125741
-29.198991,-1.15161,-34.112846,-8.31506
-27.638548,-0.489714,-31.861144,-6.513649
-26.405041,-0.3258,-29.536493,-4.716202
-27.585652,-2.040059,-29.395115,-4.606916
-28.611774,-3.577647,-29.253426,-4.497634
-29.261879,-4.604489,-29.102217,-4.374166
-29.388727,-4.788082,-29.102217,-4.374166
-29.420546,-4.834219,-29.102217,-4.374166
-29.67666,-5.20684,-29.102217,-4.374166
-29.210449,-4.623453,-28.941593,-4.23661
-28.893533,-4.354475,-28.628433,-3.975637
-28.642023,-4.085174,-28.458804,-3.824823
-28.529922,-3.921763,-28.442651,-3.798105
-28.557778,-3.864198,-28.579707,-3.895269
-28.518352,-3.806114,-28.572188,-3.882299
-28.503704,-3.780505,-28.557648,-3.856711
-28.59665,-3.814772,-28.695704,-3.954799
-28.55795,-3.757394,-28.688964,-3.942376
-28.653656,-3.892469,-28.688964,-3.942376
-28.203926,-3.166889,-28.833866,-4.053193
-27.222463,-1.80998,-28.833866,-4.053193
-25.635037,0.148806,-28.557648,-3.856711
-23.787694,2.306956,-28.144202,-3.564321
-22.888542,3.290547,-27.869248,-3.370995
-22.367536,3.692344,-27.439265,-3.055037
-22.685285,2.937906,-26.870225,-2.64503
-23.538017,1.4732,-26.288814,-2.222348
-24.232986,0.282388,-25.865181,-1.925862
-24.630348,-0.625407,-25.279627,-1.506581
-24.623637,-0.901218,-24.841935,-1.19738
-24.708019,-1.016751,-24.829033,-1.180926
-24.702112,-1.10473,-24.678348,-1.072503
-24.525618,-0.866856,-24.665545,-1.056125
-24.590961,-0.955177,-24.665545,-1.056125
-24.590961,-0.955177,-24.665545,-1.056125
-24.558265,-0.91097,-24.665545,-1.056125
-25.782003,-1.716626,-25.980455,-1.988668
-27.070327,-2.635956,-27.292477,-2.945197
-28.178313,-3.328943,-28.579707,-3.895269
-27.513987,-2.870834,-27.85241,-3.343829
-26.87621,-2.458318,-27.117963,-2.7932
-26.169099,-1.958821,-26.376647,-2.243626
-26.001102,-1.82373,-26.227585,-2.133859
-25.580727,-1.251867,-26.227585,-2.133859
-24.24792,0.438074,-26.078262,-2.024145
-21.955263,3.048815,-25.48872,-1.600654
-20.821216,4.215377,-25.047446,-1.287961
-20.356407,4.445988,-24.465043,-0.88337
-19.061232,5.603608,-23.703773,-0.340873
-18.766435,5.607361,-23.090735,0.091688
-18.616363,4.704494,-21.246271,1.363464
-19.694382,3.25929,-21.090213,1.470186
-19.923528,2.587293,-20.449107,1.913584
-20.323345,1.97959,-20.292046,2.019838
-20.694379,1.691627,-20.591297,1.824568
-22.091423,0.545266,-21.685245,1.076675
-22.912436,-0.249784,-22.137924,0.77122
-22.388256,0.538048,-22.280001,0.679992
-22.375644,0.554244,-22.267258,0.696224
-22.436119,0.57013,-22.409937,0.604428
-22.858178,0.111454,-22.541027,0.527962
-22.647702,0.483487,-22.684522,0.43525
-22.833237,0.336437,-22.817278,0.357352
-22.495798,0.587979,-22.518021,0.558941
-22.073208,0.854712,-22.051176,0.883363
-21.667104,1.191992,-21.750881,1.083418
-21.303939,1.471997,-21.425995,1.314549
-20.564801,2.13671,-20.955149,1.636867
-19.673602,3.26529,-20.955149,1.636867
-18.784033,4.373103,-20.942952,1.652785
-17.828158,5.179489,-20.287756,2.113258
-17.74681,5.458143,-20.592126,1.91463
-17.537855,5.529644,-20.264154,2.14472
-18.018591,5.033589,-20.4111,2.052992
-18.289349,4.611111,-20.252683,2.160273
-18.881667,3.880145,-20.241427,2.175711
-19.724874,2.921592,-20.388987,2.083629
-20.06383,2.403097,-20.219549,2.206253
-19.817112,2.620787,-20.060684,2.313616
-19.851374,2.577657,-20.060684,2.313616
-19.604624,2.794684,-19.901653,2.42087
-19.680596,2.792388,-20.060684,2.313616
-19.213482,3.098455,-19.583098,2.635051
-18.745182,3.403378,-19.104067,2.955493
-18.745182,3.403378,-19.104067,2.955493
-18.733429,3.41914,-19.092801,2.971059
-18.665071,3.504066,-19.092801,2.971059
-18.665071,3.504066,-19.092801,2.971059
-18.687629,3.477333,-19.081742,2.986524
-18.721881,3.434806,-19.081742,2.986524
-18.98904,3.286755,-19.412495,2.757409
-18.795639,3.618847,-19.583098,2.635051
-18.283607,4.43488,-19.9239,2.390073
-16.816284,6.038009,-19.605714,2.603995
-14.26411,8.526758,-18.659556,3.227005
-13.467477,9.277769,-18.351683,3.422678
-12.735601,9.770007,-17.70939,3.845031
-11.905802,10.804577,-17.883286,3.722981
-11.993304,10.533304,-17.56177,3.933563
-14.813411,7.714979,-18.377572,3.389692
-17.853332,3.948033,-18.217401,3.495321
-18.942539,2.489202,-18.070574,3.584039
-19.074128,2.514536,-18.377572,3.389692
-19.866189,1.699232,-18.697478,3.178086
-20.297613,1.338598,-19.016789,2.966023
-20.778298,0.62357,-18.844435,3.088469
-20.244012,1.314634,-18.83189,3.104709
-19.589205,2.054826,-18.671969,3.210813
-20.232576,1.711796,-19.470046,2.679164
-20.161148,1.802953,-19.470046,2.679164
-19.589109,2.245223,-18.99166,2.998492
-19.450239,2.515594,-19.151277,2.892162
-19.732523,2.158268,-19.151277,2.892162
-20.089702,1.798946,-19.31074,2.785719
-19.699204,2.295268,-19.31074,2.785719
-18.821357,3.399004,-19.31074,2.785719
-16.969993,5.674505,-19.31074,2.785719
-15.351895,7.51934,-19.151277,2.892162
-13.480133,9.52831,-18.844435,3.088469
-14.267605,8.971263,-19.494605,2.647075
-13.409592,9.53114,-18.710582,3.161547
-12.246431,10.944024,-18.870217,3.055636
-12.389169,10.788137,-18.883461,3.039039
-14.115303,8.810475,-18.896944,3.022319
-19.01193,2.972682,-19.069861,2.899633
-20.502292,1.069519,-19.083733,2.882719
-20.65709,0.967807,-19.215369,2.810403
-19.933789,1.900048,-19.176217,2.85982
-19.769677,2.205944,-19.31074,2.785719
-20.375758,1.719026,-19.78818,2.465718
-20.981391,1.132499,-20.105662,2.251829
-22.031966,0.053923,-20.592126,1.91463
-22.493856,-0.169166,-21.233917,1.469094
-22.601089,0.071699,-21.872213,1.022272
-23.216263,-0.359575,-22.518021,0.558941
-24.026376,-1.05619,-23.148609,0.109899
-24.937339,-1.901309,-23.775163,-0.34017
-26.093927,-3.101968,-24.397496,-0.791152
-26.238552,-3.111848,-24.722995,-1.039428
-26.038952,-2.642819,-25.036562,-1.272812
-23.453681,1.023165,-25.348889,-1.506311
-19.250949,5.909783,-24.628502,-1.007882
-17.14043,8.131574,-24.059914,-0.622828
-15.573983,9.56512,-23.325888,-0.117098
-12.359249,12.197803,-21.4058,1.182357
-12.589296,11.897932,-21.322977,1.211158
-13.027694,11.358801,-21.245667,1.236577
-15.659485,8.207536,-21.152967,1.27967
-23.913304,-2.338491,-21.392394,1.088968
-24.786925,-3.342904,-21.764747,0.812994
-24.92741,-3.388486,-21.732124,0.950967
-25.450557,-3.612092,-22.361506,0.579545
-26.064328,-3.972608,-23.158712,0.007756
-30.301587,-6.91421,-27.943969,-3.484808
-33.676694,-9.325249,-31.890609,-6.572809
-36.451036,-11.486831,-35.055948,-9.214546
-38.189851,-12.485037,-37.510977,-11.33716
-36.902737,-11.171469,-36.423394,-10.381978
-35.319276,-9.53602,-35.179412,-9.312401
-34.11767,-8.376199,-34.146135,-8.420658
-33.085729,-7.519636,-33.078983,-7.509317
-32.390004,-7.104651,-32.113349,-6.688242
-32.74105,-7.364412,-32.534076,-7.050307
-30.505123,-4.592598,-31.688221,-6.324907
-27.118717,-0.497045,-30.684705,-5.483984
-23.906723,3.449203,-30.26607,-5.162229
-21.940941,5.6699,-29.851343,-4.852967
-21.816223,5.57488,-29.429305,-4.532962
-21.183242,5.359376,-27.741002,-3.288809
-19.141098,6.859219,-26.025607,-2.050516
-17.72688,7.562019,-24.294412,-0.832963
-20.185913,4.891971,-24.895879,-1.264734
-27.05129,-3.77522,-25.642188,-1.80582
-28.097591,-4.8769,-26.234637,-2.239644
-29.070199,-5.104079,-27.985942,-3.544957
-31.450395,-7.367435,-29.844741,-4.976594
-32.56176,-7.891138,-31.502965,-6.283406
-34.248881,-10.047414,-32.173406,-6.814807
-34.938017,-10.758292,-32.703704,-7.237921
-35.636472,-11.399257,-33.361762,-7.770039
-36.437293,-12.127822,-34.142541,-8.410611
-37.05216,-12.660999,-34.784224,-8.942411
-37.797277,-13.32508,-35.542839,-9.573276
-38.682076,-14.062607,-36.539778,-10.42726
-39.57691,-14.850224,-37.514731,-11.277617
-40.338982,-15.416624,-38.469266,-12.118378
-41.43861,-16.342868,-39.745888,-13.272475
-40.681382,-13.7819,-41.095458,-14.519068
-38.434477,-9.050664,-42.292784,-15.652516
-34.060249,-4.168101,-39.839534,-13.401062
-30.144412,-0.347501,-37.272945,-11.147356
-26.651346,2.626612,-34.594636,-8.901573
-23.947491,4.44549,-31.914302,-6.732005
-21.416634,5.929825,-29.128834,-4.57632
-19.535732,6.50035,-26.233751,-2.424971
-21.370508,3.999612,-25.986808,-2.256716
-28.250349,-5.823178,-25.619467,-2.007504
-28.823603,-6.877628,-25.376703,-1.843483
-31.520971,-8.781383,-28.427925,-4.094333
-33.809976,-10.289336,-31.051588,-6.001469
-36.429416,-12.446574,-34.032847,-8.507359
-37.702589,-13.332775,-35.624302,-9.831217
-39.164754,-14.510671,-37.286326,-11.249307
-40.485866,-15.614943,-38.783567,-12.569899
-41.021966,-16.006027,-39.366946,-13.020082
-41.676916,-16.493873,-40.084917,-13.587639
-42.115355,-16.958991,-40.598604,-14.145551
-40.917666,-15.865728,-39.173169,-12.744848
-39.713215,-14.986495,-37.748202,-11.555049
-38.386508,-13.997448,-36.206009,-10.283833
-39.638922,-15.018502,-37.631217,-11.506492
-38.572568,-12.062111,-38.904352,-12.6314
-36.290538,-7.269143,-40.255889,-13.851446
-31.268935,-1.771111,-37.511118,-11.358173
-27.005117,2.118211,-34.55864,-8.815487
-23.191435,5.077326,-31.405277,-6.240665
-20.578786,6.847684,-28.897826,-4.419436
-17.929831,8.311669,-25.955715,-2.173698
-14.511292,9.681639,-21.325351,1.0706
-16.200923,7.411017,-20.944923,1.349888
-23.621187,-2.414087,-20.742585,1.500512
-25.118243,-4.025642,-21.437105,1.045105
-31.240171,-8.165718,-28.428745,-3.971859
-33.431341,-9.774536,-30.886946,-5.850135
-35.432324,-11.294354,-33.12908,-7.620952
-35.99252,-11.589528,-33.886119,-8.204009
-36.683027,-12.099468,-34.643133,-8.788127
-37.345826,-12.568427,-35.403724,-9.383721
-38.437302,-13.443489,-36.664255,-10.465482
-39.471391,-14.263259,-37.888923,-11.540709
-40.478516,-15.079193,-39.077139,-12.608003
-40.587054,-15.157026,-39.199924,-12.706424
-40.695848,-15.235388,-39.322938,-12.805327
-40.832264,-15.364609,-39.446158,-12.904695
-41.288933,-15.813277,-39.907607,-13.331794
-39.460373,-12.292323,-40.249571,-13.650838
-36.324708,-6.923053,-40.700042,-14.074477
-31.130179,-1.397322,-37.769965,-11.427455
-26.669644,2.589992,-34.634783,-8.752769
-22.639253,5.689191,-31.306803,-6.063106
-19.594687,7.768171,-28.511536,-3.908
-17.439429,8.750328,-25.752394,-1.864894
-16.483905,8.173692,-22.774606,0.241435
-19.780946,4.198427,-22.881535,0.187935
-24.081947,-1.331327,-22.977357,0.149512
-24.080521,-1.232304,-23.090735,0.091688
-24.1176,-0.79914,-23.820305,-0.401648
-24.408242,-0.71068,-24.549766,-0.900299
-25.189496,-1.282236,-25.269418,-1.389993
-25.01401,-1.234897,-24.966122,-1.170493
-24.676993,-0.87712,-24.814113,-1.060848
-24.600446,-0.963609,-24.509386,-0.841778
-24.143477,-0.544999,-24.223951,-0.652287
-23.787859,-0.262755,-23.939306,-0.464171
-23.521045,-0.098808,-23.644008,-0.261951
-23.716578,-0.263492,-23.820305,-0.401648
-23.879198,-0.384512,-23.996801,-0.541712
-24.107936,-0.59415,-24.173491,-0.682148
-24.619422,-0.99562,-24.628502,-1.007882
-24.241767,-0.10898,-25.231847,-1.443164
-23.561305,1.070189,-25.670752,-1.755027
-21.871119,2.713142,-24.7797,-1.116602
-20.205008,4.278125,-23.868995,-0.465363
-18.316679,6.079268,-22.963642,0.166363
-14.50973,8.828416,-19.789623,2.373087
-15.078618,8.231815,-19.904317,2.318507
-16.957688,5.972029,-19.85034,2.38521
-18.384657,4.409085,-20.166851,2.171943
-18.252213,3.92206,-19.042848,2.933076
-18.508262,3.320743,-18.564236,3.25062
-18.220341,3.585943,-18.364512,3.406242
-17.655491,4.005962,-17.857292,3.75614
-17.72845,4.011408,-17.981009,3.699278
-17.72845,4.011408,-17.981009,3.699278
-17.402556,4.226558,-17.658836,3.910775
-17.333663,4.311222,-17.658836,3.910775
-17.007259,4.525608,-17.336112,4.121821
-16.938546,4.609706,-17.336112,4.121821
-16.972875,4.567702,-17.336112,4.121821
-16.917358,4.63495,-17.348602,4.105396
-17.029327,4.590798,-17.50994,4.000001
-17.188585,4.488071,-17.683666,3.87811
-17.188585,4.488071,-17.683666,3.87811
-16.935614,4.79785,-17.683666,3.87811
-16.593016,5.215369,-17.683666,3.87811
-15.948531,5.994594,-17.683666,3.87811
-15.002819,6.943359,-17.361313,4.088873
-14.464029,7.490895,-17.199935,4.194083
-13.330241,8.283043,-16.22895,4.822961
-13.139406,8.418047,-16.080374,4.910171
-13.72038,7.739474,-16.094297,4.892866
-14.48725,6.831472,-16.094297,4.892866
-14.978745,6.152146,-15.946355,4.97954
-15.759387,5.395058,-16.284738,4.75383
-15.890955,5.327919,-16.432295,4.666957
-16.16934,5.175287,-16.741868,4.47511
-16.16934,5.175287,-16.741868,4.47511
-16.121121,5.233816,-16.728326,4.492121
-16.501883,4.956187,-17.038425,4.29918
-16.355455,5.041712,-16.876784,4.404163
-16.604143,4.831406,-17.038425,4.29918
-16.423642,4.958627,-16.876784,4.404163
-17.025219,4.408961,-17.199935,4.194083
-17.462031,3.963799,-17.374249,4.072248
-19.337513,2.278712,-18.5119,3.316802
-19.934345,1.803811,-19.016789,2.966023
-19.433772,2.34508,-18.857209,3.072112
-19.018353,3.4329,-19.812357,2.433881
-16.457698,6.296191,-19.335489,2.753504
-14.179071,8.99532,-19.361161,2.720808
-11.073116,11.17271,-16.843421,4.352957
-10.477168,11.769374,-16.713889,4.420989
-8.80808,12.854265,-15.261064,5.351596
-9.057715,12.577851,-15.261064,5.351596
-10.517097,10.851938,-15.099075,5.4544
-12.927314,8.060645,-15.099075,5.4544
-14.704527,6.310457,-15.746374,5.04247
-15.405344,5.462053,-15.763126,5.023839
-15.275763,5.523308,-15.584715,5.145631
-16.58897,4.76488,-17.035421,4.212869
-16.555352,4.806287,-17.035421,4.212869
-16.639132,4.705098,-17.051367,4.194758
-17.415035,4.220105,-17.86813,3.65474
-17.481858,4.14182,-17.900348,3.618459
-18.432472,3.606496,-18.924643,2.988496
-18.651304,3.517645,-19.176217,2.85982
-18.027796,3.92091,-18.463205,3.381187
-18.040233,3.904735,-18.47505,3.36525
-18.799866,3.427391,-19.275287,2.833186
-18.846021,3.369158,-19.286886,2.817474
-18.846021,3.369158,-19.286886,2.817474
-17.861946,4.494125,-19.127236,2.924046
-16.983205,5.836911,-19.605714,2.603995
-16.146212,7.19458,-20.241427,2.175711
-14.209654,9.372603,-20.094096,2.267445
-13.197134,10.703673,-20.422476,2.037502
-11.658856,11.918234,-19.458103,2.695033
-11.877761,11.501376,-19.127236,2.924046
-13.940252,9.4201,-19.605714,2.603995
-15.461105,7.560299,-19.434873,2.726437
-16.890236,5.767468,-19.275287,2.833186
-19.796381,2.178167,-19.263901,2.84879
-19.86891,2.180638,-19.423579,2.741976
-22.54926,0.718001,-22.736984,0.47425
-23.79693,-0.445226,-23.513412,-0.072118
-23.731688,-0.265369,-23.66806,-0.181658
-23.568209,0.042851,-23.822491,-0.291285
-24.31769,-0.852479,-23.976701,-0.400997
-25.07873,-1.681035,-24.284453,-0.620669
-24.940219,-1.306172,-24.591296,-0.840662
-25.216089,-1.487886,-24.897212,-1.060965
-25.150959,-1.306604,-25.049816,-1.171228
-25.859551,-2.070224,-25.346802,-1.378995
-25.315995,-1.241483,-25.491548,-1.476737
-25.922538,-1.963982,-25.643381,-1.587418
-24.272959,0.322168,-25.794966,-1.698167
-23.719506,1.132504,-25.946302,-1.80898
-22.057536,3.073143,-25.643381,-1.587418
-20.084823,5.253558,-25.187147,-1.255581
-19.103066,6.269885,-24.881785,-1.034712
-18.335371,7.016764,-24.575479,-0.814143
-18.252055,7.030412,-24.421978,-0.703975
-18.632633,6.404214,-24.114292,-0.483878
-19.441196,4.904064,-23.203471,0.146701
-20.540463,3.093732,-22.454147,0.648822
-21.501318,1.314448,-21.536732,1.268825
-21.086194,1.564492,-21.076667,1.576719
-20.744719,1.812734,-20.773473,1.775929
-20.471586,1.97256,-20.470193,1.974339
-20.949802,1.739356,-21.076667,1.576719
-21.377297,1.476091,-21.515105,1.299048
-22.085243,0.944422,-22.112159,0.909665
-22.14093,1.057648,-22.434499,0.677821
-22.575362,0.774023,-22.911366,0.33677
-22.890917,0.550662,-23.221765,0.118568
-22.639446,0.607788,-23.049646,0.062931
-22.091451,0.929905,-22.15223,0.851158
-21.3277,1.632327,-21.682703,1.175937
-21.740199,1.195824,-21.839404,1.067776
-20.967978,2.315843,-22.282438,0.598592
-18.526458,4.864991,-21.200574,1.514984
-17.172203,6.418899,-21.05403,1.607557
-15.629522,7.634338,-19.947004,2.358828
-14.869062,8.354578,-19.641265,2.556574
-14.415911,8.719799,-19.361161,2.720808
-15.298284,7.963075,-19.876842,2.352124
-15.941087,7.208792,-19.904317,2.318507
-17.469277,5.544108,-20.220016,2.105727
-18.793757,3.908316,-20.220016,2.105727
-19.525343,2.799088,-19.890457,2.335383
-19.756092,2.601168,-20.048492,2.228988
-20.340051,2.140964,-20.508386,1.92564
-20.415302,2.139519,-20.665844,1.818746
-20.482727,2.053332,-20.665844,1.818746
-20.923078,1.773419,-21.14995,1.481174
-20.936389,1.756946,-21.162977,1.464784
-20.876408,1.832893,-21.13716,1.497427
-20.884547,1.822044,-21.11228,1.529532
-20.751236,1.898732,-20.930983,1.668575
-20.841307,1.784021,-20.919237,1.68424
-21.388182,1.460976,-21.525813,1.283996
-21.587569,1.299749,-21.672091,1.190926
-21.655822,1.211885,-21.672091,1.190926
-20.677086,2.554174,-21.828889,1.082703
-19.853809,3.587951,-21.828889,1.082703
-18.45854,5.396715,-21.985496,0.97438
-18.458625,5.485735,-22.141909,0.865958
-17.806621,6.364844,-22.30835,0.742701
-17.178347,7.116377,-22.30835,0.742701
-17.589661,6.540217,-22.162757,0.836237
-18.64389,5.264023,-22.162757,0.836237
-19.76321,3.795706,-22.028425,0.9142
-19.730982,3.193145,-20.955149,1.636867
-20.432478,2.117573,-20.665844,1.818746
-20.618207,1.879845,-20.665844,1.818746
-20.794521,1.748503,-20.823128,1.711746
-20.862589,1.661012,-20.823128,1.711746
-20.773644,1.775707,-20.836126,1.69537
-21.003566,1.67045,-21.162977,1.464784
-20.92902,1.671433,-21.006261,1.571874
-20.827876,1.801599,-21.006261,1.571874
-20.827876,1.801599,-21.006261,1.571874
-20.652013,1.932548,-20.849364,1.678858
-20.895253,1.714915,-21.006261,1.571874
-20.719382,1.846046,-20.849364,1.678858
-20.652013,1.932548,-20.849364,1.678858
-20.672227,1.905917,-20.836126,1.69537
-20.137302,2.775507,-21.13716,1.497427
-19.333415,4.153206,-21.750881,1.083418
-18.602953,5.231331,-22.039691,0.898846
-17.790184,6.305211,-22.184443,0.80603
-16.878281,7.567223,-22.48514,0.604438
-17.374728,6.98416,-22.506846,0.574234
-18.143546,6.062138,-22.518021,0.558941
-19.003798,5.014789,-22.529414,0.543517
-20.464341,3.205492,-22.589737,0.464379
-21.593751,1.863131,-22.796278,0.290838
-22.405177,0.813543,-22.852119,0.222857
-22.369109,0.674209,-22.574602,0.402423
-22.344059,0.613667,-22.436296,0.491635
-22.380862,0.374196,-22.144369,0.687265
-22.109417,0.631125,-21.958265,0.830326
-22.073937,0.576596,-21.772524,0.972903
-21.856006,0.761286,-21.572362,1.132436
-22.150285,0.373087,-21.55783,1.149715
-22.290168,0.285348,-21.713325,1.042691
-21.832691,0.885316,-21.699161,1.059757
-22.640143,0.400133,-22.628709,0.415207
-23.430106,-0.072588,-23.538318,-0.216472
-24.260837,-0.609245,-24.453242,-0.867652
-24.618462,-0.804174,-24.885354,-1.163664
-22.565905,2.262685,-25.468294,-1.571203
-20.794375,4.763856,-25.900007,-1.87157
-19.100953,6.243731,-24.874561,-1.148579
-15.575439,9.933779,-23.996801,-0.541712
-14.281835,10.85495,-22.963642,0.166363
-12.220013,11.675495,-20.181475,2.07251
-13.396907,10.523567,-20.527087,1.824287
-15.227431,8.579388,-20.872153,1.575483
-17.421021,6.112115,-21.167214,1.381323
-20.045024,3.577749,-22.390654,0.544854
-22.096385,0.932309,-22.390654,0.544854
-23.217243,-0.263323,-22.852119,0.222857
-23.888222,-0.971356,-23.144631,0.024847
-23.69406,-0.420159,-23.603273,-0.298633
-23.798942,-0.464565,-23.755713,-0.406621
-23.885311,-0.581544,-23.742375,-0.389959
-24.244479,-0.969287,-23.881738,-0.481655
-24.473393,-1.086143,-24.173491,-0.682148
-25.006595,-1.520324,-24.616602,-0.992092
-25.301864,-1.729814,-24.907576,-1.194246
-25.471509,-1.865352,-25.058541,-1.303249
-25.820561,-2.152048,-25.370799,-1.536728
-26.910289,-3.569017,-25.520901,-1.645847
-26.325991,-2.753437,-25.520901,-1.645847
-23.973701,0.526743,-25.670752,-1.755027
-22.94157,1.879166,-25.670752,-1.755027
-21.578868,3.630565,-25.681771,-1.770292
-20.534948,4.858664,-25.543407,-1.676673
-19.760885,5.824048,-25.554981,-1.692299
-18.468304,7.233576,-25.267351,-1.490507
-18.441678,7.010344,-24.829033,-1.180926
-19.933483,5.003601,-24.54059,-0.980752
-21.078113,3.378742,-24.238293,-0.764395
-22.291509,1.534471,-23.783107,-0.440402
-23.236349,0.100566,-23.492838,-0.242052
-23.603594,-0.294076,-23.645115,-0.34975
-24.04379,-0.693102,-23.948995,-0.565377
-23.918768,-0.42852,-24.100594,-0.673303
-24.606741,-1.166818,-24.389559,-0.872539
-25.053799,-1.584009,-24.665545,-1.056125
-24.971013,-1.279837,-24.942528,-1.241177
-25.113238,-1.281671,-25.243462,-1.4588
-25.565788,-1.61142,-25.704445,-1.801246
-25.933861,-1.924767,-26.002607,-2.019307
-26.526378,-2.647574,-26.1513,-2.128416
-26.177407,-2.164362,-26.162559,-2.143868
-26.376821,-2.344221,-26.310856,-2.252947
-26.692995,-2.494971,-26.732913,-2.550362
-25.713364,-0.963613,-26.998069,-2.725634
-23.953059,1.647305,-27.421292,-3.027111
-21.195113,4.200859,-25.82035,-1.864265
-19.631478,5.272934,-24.350367,-0.822959
-16.263763,8.395347,-22.698505,0.330278
-14.931145,9.544789,-21.958265,0.830326
-15.265288,8.809041,-21.355112,1.238379
-16.909417,6.854542,-21.388627,1.201197
-18.337778,4.900211,-21.044467,1.450864
-19.822138,3.209151,-21.322687,1.274908
-20.93268,1.680946,-21.135623,1.417335
-21.517399,0.916967,-21.120225,1.435106
-23.57574,-0.359183,-23.437023,-0.173924
-24.143821,-0.833632,-23.881738,-0.481655
-24.508842,-0.846844,-24.616602,-0.992092
-25.231602,-1.442316,-25.19829,-1.397104
-26.488473,-2.684281,-25.92868,-1.914487
-27.150579,-3.218519,-26.516178,-2.339318
-27.051915,-2.698258,-27.100593,-2.765706
-27.482924,-2.916505,-27.681778,-3.19355
-27.61653,-3.008157,-27.828475,-3.303997
-27.781842,-3.144415,-27.974889,-3.414479
-27.914941,-3.236159,-28.121015,-3.524993
-27.449664,-2.684127,-27.98257,-3.427553
-25.862729,-0.610256,-27.836279,-3.317154
-24.1385,1.581922,-27.697805,-3.220149
-20.506953,5.233012,-26.108345,-2.068015
-13.146608,11.137405,-21.120225,1.435106
-11.185665,13.286642,-21.011555,1.487637
-5.495581,17.003689,-16.368641,4.523466
-6.366952,16.218653,-16.614852,4.337077
-7.784311,14.645742,-16.524379,4.374749
-9.476273,12.416721,-15.887905,4.78242
-12.102548,9.280705,-15.704695,4.90598
-18.411764,1.44897,-15.704695,4.90598
-19.373877,0.4875,-16.15979,4.622318
-23.503946,-2.117694,-20.723031,1.61363
-23.835922,-2.374652,-21.013748,1.422591
-23.790648,-2.318065,-20.958515,1.481193
-24.46534,-2.747372,-21.681372,1.007114
-25.263457,-3.25206,-22.544683,0.437611
-25.949812,-3.708778,-23.284017,-0.066029
-26.633661,-4.168971,-24.021357,-0.573717
-27.314731,-4.632533,-24.756369,-1.085311
-27.738288,-4.93624,-25.19829,-1.397104
-28.160339,-5.240964,-25.638943,-1.710061
-28.61737,-5.599622,-26.078262,-2.024145
-26.733751,-2.830514,-26.218074,-2.119576
-22.760917,2.462747,-26.208755,-2.105423
-19.958823,6.054424,-26.34905,-2.201393
-15.918481,9.635929,-24.173491,-0.682148
-8.072727,14.487234,-16.803762,4.161586
-6.948574,15.40171,-16.252006,4.58412
-3.572394,17.123469,-12.568359,6.749852
-3.568452,16.997816,-12.315458,6.894969
-4.157424,16.296517,-12.18969,6.967181
-5.932284,14.448857,-12.383416,6.843853
-8.581393,11.252907,-12.099037,7.0135
-15.341879,3.123047,-12.375991,6.873026
-16.446329,2.187054,-12.948644,6.598356
-23.025383,-1.845188,-20.226554,1.909132
-23.101318,-1.949705,-20.226554,1.909132
-23.218192,-2.119099,-20.183609,1.951561
-23.413772,-2.290185,-20.317872,1.86767
-24.135019,-2.784289,-21.052029,1.382653
-25.080301,-3.399173,-22.040212,0.738211
-26.162588,-4.113129,-23.18762,-0.026894
-27.066226,-4.683063,-24.173491,-0.682148
-27.875036,-5.235324,-25.058541,-1.303249
-28.678452,-5.791499,-25.938631,-1.929053
-29.469922,-6.338145,-26.804386,-2.545417
-27.46726,-3.371491,-26.952625,-2.655539
-23.667951,1.924314,-27.256758,-2.889521
-20.938371,5.465755,-27.404054,-2.999692
-15.742697,9.703414,-23.921376,-0.531429
-8.57449,14.183228,-17.247674,3.842356
-7.356988,15.210487,-16.706641,4.250667
-2.398984,17.673131,-11.23075,7.550752
-4.360867,16.692844,-13.368514,6.283653
-3.663115,16.599352,-11.769132,7.238436
-5.379045,14.808875,-11.92912,7.140982
-8.345167,11.605763,-12.216122,6.97088
-15.052978,3.482995,-12.34367,6.898111
-16.950007,1.944178,-13.74875,6.036292
-21.333421,-0.594346,-18.514687,3.099034
-22.075472,-1.096607,-19.221586,2.658457
-22.459313,-1.559126,-19.542102,2.342791
-22.556999,-1.620856,-19.561348,2.369625
-23.881814,-2.442079,-20.976637,1.461831
-24.568396,-2.88871,-21.714931,0.96985
-25.215307,-3.28611,-22.452031,0.473573
-25.886625,-3.723157,-23.173041,-0.00949
-26.408548,-4.056678,-23.769289,-0.423434
-27.013607,-4.411637,-24.501787,-0.931392
-27.531388,-4.749335,-25.093118,-1.349956
-24.759025,-1.280446,-24.465043,-0.88337
-20.02183,4.499103,-23.844197,-0.433219
-16.424996,8.503627,-23.219032,0.016073
-12.477533,11.820563,-20.979727,1.523771
-5.000167,16.351839,-14.077711,5.98884
-3.454934,17.384782,-12.902428,6.681815
0.489284,19.295863,-8.548302,9.191899
0.689387,19.312237,-8.165919,9.400316
-2.65384,17.321295,-11.095116,7.652175
-4.205854,15.642857,-11.095116,7.652175
-6.431728,12.876472,-10.559142,8.045415
-13.23549,4.746438,-10.559142,8.045415
-15.311084,3.124652,-12.116413,7.115485
-19.579914,0.536642,-16.706641,4.250667
-20.655951,-0.192805,-17.747106,3.595986
-20.876343,-0.392537,-17.862403,3.534445
-21.638451,-0.913699,-18.591561,3.076245
-23.026078,-1.781231,-20.125784,2.066861
-23.968392,-2.365665,-21.151285,1.399408
-24.862435,-2.891048,-22.16483,0.737909
-25.759921,-3.428002,-23.182818,0.063604
-26.28867,-3.766341,-23.786124,-0.355336
-26.823024,-4.120552,-24.397496,-0.791152
-27.346813,-4.462014,-24.995101,-1.213563
-24.948444,-1.244315,-24.833456,-1.089574
-20.596775,4.297644,-24.681431,-0.980141
-17.530056,7.937361,-24.52917,-0.870781
-13.011402,11.671963,-21.827219,0.986135
-4.230343,16.839522,-13.444512,6.437123
-2.302969,18.077438,-11.903925,7.354977
1.182222,19.712688,-7.964635,9.552511
1.365466,19.692966,-7.538552,9.903235
0.703124,18.970269,-7.461648,9.924335
-0.538474,17.587105,-7.298603,10.019784
-3.446018,14.520759,-7.461648,9.924335
-13.645807,4.685601,-11.17353,7.723336
-12.778852,4.729177,-9.442785,8.792987
-18.318022,1.532655,-15.484625,5.117066
-18.823568,1.171604,-15.869503,4.90936
-19.172233,0.919063,-16.172807,4.722862
-22.045613,-0.864183,-19.346171,2.655045
-21.554156,-0.608511,-18.696414,3.094301
-23.09636,-1.573779,-20.405453,1.965366
-23.103864,-1.578785,-20.364061,2.015867
-23.222575,-1.635012,-20.49542,1.942004
-23.144054,-1.623097,-20.312259,2.081308
-25.09365,-2.88487,-22.495887,0.589399
-25.357677,-3.047268,-22.795981,0.387301
-23.097949,0.087385,-22.940859,0.293317
-18.739581,5.590153,-22.930828,0.30792
-14.063391,10.058249,-21.05403,1.607557
-12.657606,11.853803,-21.438115,1.298686
-7.02839,15.397337,-16.441723,4.573141
-5.558161,16.351724,-15.244239,5.299659
-2.187719,18.021487,-11.514422,7.437416
-2.181328,17.945091,-11.353598,7.534877
-5.049017,16.205889,-13.861176,6.007621
-6.808553,14.371799,-14.020998,5.908007
-9.881643,10.976703,-14.180729,5.808263
-16.256082,3.198048,-14.03096,5.981792
-15.637618,3.157058,-12.645029,6.869708
-20.25382,0.511603,-17.844679,3.610292
-20.439484,0.463384,-18.09295,3.477137
-20.502181,0.479894,-18.203167,3.427242
-22.465832,-0.726836,-20.377612,1.999172
-22.433862,-0.679868,-20.337686,2.04885
-24.856726,-2.370501,-22.828244,0.342186
-25.479149,-2.92667,-23.281371,0.031342
-25.975789,-3.217029,-23.887141,-0.38998
-26.214105,-3.44582,-24.030929,-0.484841
-26.133219,-3.330019,-24.021412,-0.470573
-26.150981,-3.253381,-24.165679,-0.565957
-23.847186,-0.334048,-23.867701,-0.361189
-20.848729,3.253545,-23.405246,-0.033542
-17.958177,6.62825,-23.105999,0.169794
-14.540111,9.912614,-21.80083,1.01912
-11.37444,11.099364,-17.411067,3.774651
-11.478626,10.735002,-16.945768,4.173159
-8.502702,12.493473,-14.03096,5.981792
-9.930895,11.011942,-14.314216,5.770155
-10.377539,10.494272,-14.314216,5.770155
-11.497909,9.168762,-14.289065,5.792671
-12.938511,7.426351,-14.239777,5.837265
-14.145536,5.93825,-14.19183,5.881279
-16.712529,3.886631,-16.006989,4.769519
-18.340683,2.882162,-17.667396,3.733499
-19.279004,2.159308,-18.362486,3.322351
-18.585904,2.75043,-17.86813,3.65474
-20.248206,1.590848,-19.44396,2.619645
-20.270991,1.657471,-19.58796,2.530841
-20.316769,1.694346,-19.71854,2.458469
-20.885173,1.05971,-19.837446,2.401559
-20.397735,1.59331,-19.653562,2.540534
-21.18576,0.769426,-19.97099,2.327117
-21.494496,0.5626,-20.275844,2.129049
-22.245818,-0.130062,-20.750008,1.807259
-20.269744,2.51188,-20.907713,1.699782
-18.670262,4.509285,-20.907713,1.699782
-18.384263,4.949993,-21.05403,1.607557
-15.352847,8.491986,-20.919237,1.68424
-9.839017,12.363922,-16.475643,4.614538
-9.081053,13.127816,-16.344412,4.682988
-7.367622,13.473652,-13.511716,6.270219
-5.500321,15.450718,-13.36561,6.454901
-5.44015,16.016344,-14.329241,5.802379
-7.113675,14.253853,-14.42222,5.765762
-10.642054,10.260601,-14.37862,5.80786
-16.494559,3.261827,-14.497736,5.748061
-17.465185,2.526117,-15.303517,5.239453
-17.607856,2.744577,-15.966184,4.8102
-18.35932,2.278508,-16.76648,4.296255
-17.698994,2.515127,-15.690014,5.031541
-19.099895,1.998096,-17.676937,3.795192
-18.656352,2.850295,-18.070574,3.584039
-18.606921,3.197515,-18.524634,3.300432
-18.933949,3.072418,-18.967432,3.030506
-19.274772,2.928597,-19.423579,2.741976
-18.882358,3.232503,-19.104067,2.955493
-19.213482,3.098455,-19.583098,2.635051
-19.392052,2.968101,-19.742457,2.528015
-18.802748,3.608878,-19.605714,2.603995
-17.516649,5.192486,-19.629193,2.572496
-13.627625,9.449715,-19.016789,2.966023
-10.09284,13.093786,-18.404402,3.356238
-10.290166,12.639126,-17.952423,3.63807
-8.616746,14.150543,-17.340962,4.022126
-5.421675,16.36337,-14.989585,5.499798
-5.589671,15.979676,-14.578965,5.727581
-6.550381,14.992765,-14.659094,5.646589
-8.100782,13.287634,-14.638605,5.667037
-10.063619,10.983819,-14.456852,5.788948
-15.697786,4.05667,-14.113226,6.012147
-16.52536,3.109129,-14.197718,5.990704
-19.207332,1.56728,-17.211841,4.090581
-20.160169,0.634311,-17.631873,3.847999
-20.634218,0.311208,-18.126959,3.515643
-21.643153,-0.423219,-19.097854,2.865674
-21.98771,-0.782295,-19.270961,2.742725
-22.44357,-1.194374,-19.616849,2.496434
-22.349984,-1.071071,-19.646766,2.461461
-21.131437,0.149414,-19.045645,2.847791
-21.827963,-0.474601,-19.535944,2.513489
-19.630797,1.421902,-17.985741,3.525251
-19.458982,1.941126,-18.479809,3.193063
-18.245899,3.566592,-18.53749,3.199369
-15.911279,5.497187,-16.843421,4.352957
-15.956851,5.805124,-17.414439,4.021733
-16.815788,5.222457,-18.204245,3.511937
-13.224042,7.598234,-14.808433,5.704927
-11.26093,9.613979,-14.31911,6.014139
-8.870947,11.884944,-13.51751,6.508542
-9.184549,11.803539,-14.040162,6.163859
-9.783543,10.245097,-12.421252,7.163207
-10.690851,9.109873,-12.275067,7.244576
-10.110846,9.602551,-11.965297,7.426423
-11.573798,7.799129,-11.819937,7.506847
-14.756433,4.913257,-13.438041,6.515004
-17.107685,2.866434,-14.886831,5.613327
-18.419265,2.185431,-16.490587,4.596842
-18.098565,2.784751,-16.843421,4.352957
-19.080818,1.729791,-17.195997,4.108629
-19.74602,1.068928,-17.564489,3.845618
-21.179951,-0.013695,-18.887233,2.952975
-21.550776,-0.403734,-19.095442,2.792636
-22.038501,-0.952352,-19.305354,2.631137
-21.805855,-0.74419,-19.078565,2.811172
-22.743057,-1.399132,-19.96228,2.249605
-22.876505,-1.473541,-20.06225,2.212172
-19.730411,2.539948,-19.904317,2.318507
-14.73919,8.459097,-19.602277,2.513707
-10.341976,12.526391,-17.852424,3.672675
-7.740878,14.754578,-16.672471,4.393968
-4.469646,16.888093,-14.034315,6.030902
-1.743974,18.336512,-11.258251,7.694051
-1.86395,18.11982,-11.029321,7.702409
-1.673712,17.959294,-10.326414,8.109609
-2.10514,17.073404,-9.52302,8.589033
-4.467798,15.001094,-10.453192,8.0386
-7.915742,11.637544,-11.415728,7.458177
-9.98631,7.199772,-8.200522,9.374907
-10.877669,6.284738,-8.488357,9.210882
-14.618197,4.357665,-12.74003,6.701255
-14.512025,4.655791,-12.948644,6.598356
-16.142471,3.158361,-13.782358,6.115744
-17.259281,2.972317,-15.311672,5.376838
-17.764462,2.528544,-15.666605,5.133852
-20.117162,0.697628,-17.575306,3.916683
-19.925862,0.84928,-17.400808,4.038681
-19.798433,1.015937,-17.387412,4.055518
-20.122859,0.594671,-17.400808,4.038681
-20.92807,0.033288,-18.230792,3.47859
-21.118092,-0.119372,-18.404402,3.356238
-18.092993,3.74558,-18.418178,3.339329
-12.631757,9.823012,-17.617361,3.86535
-9.799356,12.927868,-17.471394,3.952787
-7.282938,15.134769,-16.458896,4.554383
-0.843847,18.845212,-10.413035,8.268077
-1.914219,18.053469,-11.045783,7.837886
2.990926,19.962179,-4.760033,11.350241
0.657128,19.295122,-8.180983,9.367764
1.107414,18.803118,-6.322289,10.441405
0.311899,17.853127,-6.123917,10.60461
-2.587143,14.880183,-6.482071,10.391884
-8.323252,8.277136,-6.643727,10.298307
-11.360677,5.997949,-9.056954,8.843278
-13.183812,4.785415,-10.472855,8.117489
-15.478677,3.291247,-12.828424,6.628729
-15.373581,3.323119,-12.668255,6.727209
-14.589726,4.11453,-12.170614,7.109753
-13.036452,5.967861,-12.062039,7.16221
-12.414713,6.62456,-11.873812,7.283916
-11.768325,7.305262,-11.68564,7.405486
-11.738897,7.226421,-11.47153,7.54993
-12.983109,5.994478,-11.932026,7.276927
-13.599162,5.413945,-12.182427,7.146086
-13.038048,6.385762,-12.62188,6.891496
-12.254651,7.238901,-12.459713,6.991177
-11.094416,8.618967,-12.436776,7.012909
-9.975445,9.832581,-12.251698,7.13422
-9.165675,10.4873,-11.741134,7.454398
-8.738163,10.598519,-11.043845,7.894846
-7.066338,12.217612,-10.508696,8.235647
-5.611159,13.304862,-9.502384,8.850043
-4.042336,14.58275,-8.634738,9.387166
-1.560992,16.737631,-7.621841,9.99909
-0.065837,17.442312,-5.92717,10.947351
-1.679246,14.782005,-4.249688,11.872802
-3.157619,12.114912,-2.55956,12.805203
-4.554904,11.348771,-4.009138,11.981522
-6.118183,10.472714,-5.595181,11.082305
-6.666196,9.829051,-5.595181,11.082305
-7.488178,8.952778,-5.759564,10.986636
-7.354302,9.106453,-5.731714,11.012347
-6.936833,9.698249,-5.896198,10.916484
-7.640738,9.707439,-7.221921,10.196503
-8.461273,9.671457,-8.711952,9.379363
-9.646486,9.120047,-10.079616,8.614263
-10.642982,8.235599,-10.612427,8.271579
-11.333425,7.704974,-11.144194,7.929198
-11.988893,7.212649,-11.674988,7.586895
-11.749344,7.790586,-12.224455,7.223947
-10.318764,9.671637,-12.610969,6.961143
-9.276921,11.163812,-13.160932,6.597322
-6.466433,13.63628,-11.926554,7.333264
-4.407946,15.313582,-10.858463,7.958911
-2.752255,16.436054,-9.605819,8.695702
-3.080734,15.891329,-9.227748,8.937209
-4.172412,14.510298,-8.849808,9.178716
-5.245105,13.125311,-8.471959,9.42034
-6.843471,11.405184,-8.635955,9.322976
-7.564618,10.667785,-8.7999,9.225523
-8.674389,9.468575,-8.963793,9.127979
-10.654427,7.95908,-10.301006,8.378415
-12.064755,7.213348,-11.801236,7.527174
-13.241832,6.65049,-13.15785,6.750786
-13.852338,6.294243,-13.798016,6.359363
-14.322872,6.103444,-14.437623,5.965488
-14.828549,5.868282,-15.076556,5.569147
-14.857553,5.832716,-15.104869,5.533871
-14.803593,5.897818,-15.119372,5.5161
-14.818771,5.879778,-15.134113,5.498235
-15.342668,5.6196,-15.75567,5.118518
-15.80313,5.341196,-16.22895,4.822961
-16.846526,4.443057,-16.851023,4.437545
-12.901634,8.598792,-15.864283,5.082995
-12.041432,9.764546,-16.189509,4.873801
-10.292213,11.305705,-15.362359,5.413153
-6.554682,15.627245,-15.904294,5.031685
-4.897004,16.180762,-13.501523,6.527339
-4.108006,15.896837,-11.271303,7.86984
0.457522,17.994989,-6.008833,10.81403
-1.842707,17.05598,-8.927014,9.107954
-0.733943,17.426314,-7.222481,10.266282
-0.341185,17.385327,-6.371792,10.706817
-1.452169,15.808892,-5.676896,11.063698
-5.365658,10.892047,-4.860558,11.48009
-7.715614,9.161066,-6.52687,10.557434
-9.807945,7.817379,-8.37482,9.513983
-11.424346,6.932056,-10.052131,8.564581
-11.996677,6.531753,-10.525402,8.287376
-12.311189,6.441024,-10.998998,8.008645
-12.68274,6.279866,-11.454218,7.748818
-13.215878,6.020491,-12.129277,7.325572
-13.591005,6.045359,-12.947913,6.819766
-14.249822,5.628279,-13.601233,6.413198
-14.357143,5.497644,-13.601233,6.413198
-14.318486,5.448926,-13.438041,6.515004
-14.210497,5.580459,-13.438041,6.515004
-13.353919,6.893341,-13.876948,6.266243
-13.453843,7.049881,-14.31911,6.014139
-12.383305,8.577641,-14.75009,5.776497
-10.716101,10.408204,-14.615595,5.844233
-7.946519,13.324256,-14.303874,6.032414
-6.517263,14.790758,-14.155794,6.116992
-3.541774,16.871644,-12.061018,7.32435
-0.269056,19.136127,-9.806544,8.616055
-0.853361,17.492909,-7.758735,9.757926
-5.2628,12.640127,-7.730152,9.782647
-5.989242,11.716229,-7.56694,9.87847
-7.332559,10.145408,-7.538552,9.903235
-10.242067,8.188679,-9.946017,8.54072
-11.144635,7.481289,-10.530985,8.213674
-10.902183,7.859165,-10.650537,8.158439
-13.247741,5.890838,-12.041314,7.344952
-14.499786,5.227609,-13.438041,6.515004
-15.232555,5.190554,-14.854714,5.650273
-16.475127,4.614417,-16.432295,4.666957
-16.210596,4.844582,-16.256374,4.788598
-16.30138,4.733884,-16.242546,4.805829
-15.85521,5.091436,-15.904294,5.031685
-15.561869,5.260963,-15.579162,5.239963
-14.946867,5.725212,-15.090598,5.551553
-14.724641,6.178407,-15.416422,5.343936
-13.374339,7.417686,-14.764328,5.758735
-11.997647,8.668334,-14.125358,6.153627
-10.947178,9.79586,-13.992376,6.219737
-9.932688,10.957837,-14.023984,6.182578
-9.675867,11.168348,-13.893483,6.247345
-10.439581,10.478534,-14.219608,6.04263
-11.049688,9.955,-14.529202,5.856043
-13.228353,8.413876,-16.299282,4.736287
-14.245552,7.576478,-16.931046,4.336186
-15.94101,5.824277,-17.414439,4.021733
-16.229553,5.195412,-16.917129,4.353339
-16.072031,5.013793,-16.256374,4.788598
-16.683615,4.546644,-16.741868,4.47511
-17.211849,4.178762,-17.212964,4.177388
-17.405388,4.033302,-17.387412,4.055518
-17.676618,3.696459,-17.414439,4.021733
-18.081526,3.286096,-17.589081,3.899689
-18.046133,3.330362,-17.589081,3.899689
-17.994893,3.299708,-17.414439,4.021733
-17.994893,3.299708,-17.414439,4.021733
-17.888263,3.432861,-17.414439,4.021733
-18.312966,3.281924,-18.043836,3.617517
-19.134415,2.5344,-18.524634,3.300432
-17.789045,4.214603,-18.537599,3.283947
-15.658917,6.801597,-18.537599,3.283947
-13.706649,9.012741,-18.390868,3.373024
-11.794513,10.783858,-17.631873,3.847999
-7.695781,14.072733,-15.261064,5.351596
-4.773361,16.71897,-14.3414,5.908511
-6.274852,15.59826,-15.261064,5.351596
-4.880199,15.995383,-13.111379,6.718287
-6.406037,14.513177,-13.386726,6.572744
-9.200928,11.881914,-14.236199,6.023795
-12.800063,8.298349,-15.244282,5.370314
-15.069995,5.109754,-14.467634,5.845246
-16.884464,3.53577,-15.568134,5.16421
-18.175885,2.590156,-16.682392,4.457087
-19.790358,1.211954,-17.777802,3.76038
-19.607775,1.546324,-17.910215,3.689372
-18.846712,2.516491,-17.883286,3.722981
-18.47675,3.077732,-18.030819,3.634084
-18.788832,2.876684,-18.339083,3.439002
-18.801556,3.143376,-18.819571,3.120837
-19.194195,2.839029,-19.139146,2.90816
-19.297971,2.897255,-19.44638,2.71079
-19.593604,2.8064,-19.9239,2.390073
-18.982224,3.199155,-19.286886,2.817474
-18.457101,3.945267,-19.434873,2.726437
-17.641194,4.764491,-19.115545,2.939823
-16.990523,5.735943,-19.423579,2.741976
-15.332165,7.537665,-19.127236,2.924046
-12.260565,10.307991,-17.696415,3.861624
-10.594264,12.102741,-17.56177,3.933563
-8.135701,14.0542,-16.137495,4.840337
-6.508458,15.644328,-15.843984,5.012246
-7.912207,14.074186,-15.71368,5.07937
-8.071063,12.544321,-13.129223,6.698678
-8.672868,11.351675,-12.185548,7.264881
-14.782911,5.752038,-14.989585,5.499798
-16.696346,3.675419,-15.439898,5.229906
-17.451432,3.115636,-16.037057,4.872417
-18.343402,2.281724,-16.490587,4.596842
-18.892834,1.974367,-17.10637,4.214289
-20.854183,0.525146,-18.844435,3.088469
-21.176618,0.205485,-18.99166,2.998492
-21.654557,-0.027176,-19.617344,2.588302
-22.240873,-0.602632,-19.935343,2.374508
-22.621725,-0.813779,-20.4111,2.052992
-21.438089,0.639844,-20.252683,2.160273
-20.970106,1.243903,-20.252683,2.160273
-20.017183,2.27089,-19.935343,2.374508
-17.921343,4.878979,-19.9239,2.390073
-15.861606,7.264236,-19.753567,2.512607
-15.255475,8.062524,-19.901653,2.42087
-14.019451,9.159605,-19.298703,2.801653
-11.983317,10.893497,-18.217401,3.495321
-9.746362,12.726697,-16.97426,4.284053
-8.357442,14.01597,-16.536956,4.543046
-7.796589,14.31439,-15.941494,4.901935
-7.209631,14.641117,-15.349126,5.256179
-7.119534,14.514724,-14.921596,5.503842
-10.793593,10.160052,-14.497736,5.748061
-14.339899,5.564419,-13.894333,6.11079
-16.253096,3.764263,-14.820352,5.544992
-17.39491,2.905325,-15.727406,4.992458
-18.11265,2.579213,-16.65455,4.413077
-19.258616,1.501352,-17.227954,4.072401
-20.946914,0.491965,-19.083733,2.882719
-20.752616,0.749962,-19.029701,2.94961
-22.487358,-0.641921,-20.434071,2.021894
-20.451005,1.33673,-19.31074,2.785719
-19.139,2.721228,-18.807475,3.136853
-18.749225,3.115835,-18.647367,3.243088
-18.777535,3.17532,-18.795598,3.152762
-18.661798,3.320825,-18.783937,3.168564
-18.094666,4.208013,-19.115545,2.939823
-15.707989,6.823621,-18.635398,3.259062
-13.614848,9.535,-19.127236,2.924046
-12.020685,10.931922,-18.364512,3.406242
-9.68893,13.126152,-17.617361,3.86535
-7.406397,15.204106,-16.858938,4.335036
-5.982296,16.341727,-16.119822,4.779914
-6.507454,15.497979,-15.547511,5.114653
-7.067104,14.506947,-14.79997,5.56538
-9.459402,12.166013,-15.349126,5.256179
-10.974714,9.52121,-13.636568,6.374372
-12.826602,7.333438,-13.533744,6.489658
-16.180028,4.122766,-14.986408,5.583596
-18.343544,2.768021,-17.239713,4.143683
-18.873656,2.388153,-17.70939,3.845031
-19.23308,1.934524,-17.696415,3.861624
-20.260492,1.297701,-18.807475,3.136853
-21.187051,0.6799,-19.764889,2.497089
-21.645831,0.27927,-20.071611,2.298336
-22.010744,-0.100536,-20.230383,2.191037
-23.061678,-1.098844,-20.863765,1.760764
-22.263892,-0.33583,-20.388987,2.083629
-22.684043,-0.599189,-20.863765,1.760764
-22.395847,-0.409405,-20.536771,1.991203
-20.447584,2.197718,-20.695123,1.883517
-17.054851,5.4774,-19.104067,2.955493
-13.81297,8.866563,-18.302617,3.48733
-10.737632,11.954558,-17.589081,3.899689
-8.208778,13.682401,-15.584715,5.145631
-6.129506,14.80873,-13.424495,6.457526
-5.20909,15.426971,-12.716762,6.856124
-4.654832,15.58184,-11.882356,7.321985
-4.144514,15.768373,-11.200073,7.700104
-4.34848,15.168752,-10.501281,8.093559
-5.58281,13.332813,-9.679835,8.551967
-7.015325,11.282288,-8.999548,8.931376
-11.471891,6.466062,-9.841394,8.455698
-15.738039,3.710381,-13.911482,6.00177
-17.001047,2.666515,-14.745308,5.513177
-16.642884,2.593491,-13.822938,6.125836
-20.284624,0.474627,-17.881641,3.571545
-20.580259,0.378171,-18.252096,3.372541
-22.259406,-0.651878,-20.105022,2.160889
-22.643201,-0.767608,-20.705874,1.769025
-22.712473,-0.758078,-20.823128,1.711746
-23.303313,-1.052294,-21.570783,1.222574
-24.124151,-1.661902,-22.329416,0.712865
-24.678169,-1.91601,-23.076204,0.213412
-20.202121,3.335773,-22.15223,0.851158
-13.660373,9.494565,-19.163633,2.87605
-9.31847,13.840978,-18.217401,3.495321
-8.083633,14.767609,-17.42831,4.004673
-4.055297,16.765366,-12.912814,6.858871
-5.168566,15.104101,-11.946973,7.446569
-5.536641,14.023852,-10.770997,7.988706
-4.534503,14.991497,-10.443617,8.301036
-7.030193,13.231073,-12.305748,7.140855
-7.970288,12.115564,-12.305165,6.993482
-8.365089,11.165503,-11.346525,7.663267
-9.940443,9.08304,-10.959134,7.867628
-12.604214,6.518907,-11.949499,7.311438
-13.170072,6.47799,-12.936632,6.760044
-13.791828,6.374509,-13.944662,6.190051
-14.241473,6.016214,-14.219608,6.04263
-14.132792,6.238791,-14.334589,5.995773
-14.835125,5.579042,-14.615595,5.844233
-15.992503,4.451694,-15.104869,5.533871
-17.272505,3.155531,-15.579162,5.239963
-18.438489,1.979078,-16.066683,4.927379
-18.764757,1.759167,-16.391096,4.718431
-19.233434,1.453421,-16.876784,4.404163
-18.966767,2.55963,-18.16616,3.561111
-15.288535,6.511584,-17.187131,4.210678
-11.46586,10.855169,-17.025527,4.315846
-6.615475,16.035845,-16.863792,4.420902
-5.9278,16.460314,-16.247114,4.713837
0.171065,19.650346,-9.946017,8.54072
2.909897,20.80937,-6.61635,10.426115
2.300955,19.566406,-5.339629,11.158465
1.288304,17.924808,-4.195108,11.817844
0.956991,16.891396,-2.918836,12.539865
1.533348,17.527849,-2.952209,12.51157
0.466495,16.289775,-2.822509,12.576498
-0.901844,14.779521,-2.856533,12.548191
-7.37865,9.113703,-6.050632,10.692822
-11.516274,6.269115,-9.753091,8.442676
-15.106396,3.573661,-12.538382,6.801082
-17.153864,1.853682,-13.976748,5.91143
-18.554972,0.83946,-15.249073,5.111777
-19.827813,0.068298,-16.644595,4.226291
-19.982642,-0.043768,-16.775232,4.14821
-21.619949,-1.023342,-18.632329,2.941452
-22.109589,-1.285868,-19.231245,2.550366
-22.559081,-1.507366,-19.783279,2.200864
-23.322056,-1.955756,-20.648469,1.636929
-20.963442,1.102096,-20.412592,1.824148
-16.685188,6.536061,-20.412592,1.824148
-10.554828,11.951458,-17.250274,3.926343
-7.457843,14.791678,-16.136992,4.643817
-3.591609,17.323485,-13.032213,6.527583
-0.353163,19.199496,-10.065042,8.281414
2.707046,20.750591,-6.892884,10.119208
3.72934,21.288039,-5.876524,10.694658
4.588797,21.661112,-4.863365,11.265958
4.932526,21.491078,-3.813601,11.858307
2.816172,19.548836,-4.29652,11.584241
-0.381815,16.268232,-4.618459,11.400996
-4.267815,12.089904,-5.062778,11.149551
-8.815694,7.25484,-6.113047,10.551967
-9.544714,7.058388,-7.201743,9.924638
-10.81947,6.157607,-8.253508,9.317029
-13.1652,4.573616,-10.326414,8.109609
-14.830156,3.710048,-12.187301,7.021861
-16.883087,2.445463,-14.231734,5.801867
-17.32544,2.254691,-14.769788,5.490946
-17.594014,2.190318,-15.155044,5.275516
-17.917731,2.155301,-15.686495,4.974
-17.743325,2.267641,-15.444406,5.157505
-17.171122,2.890815,-15.225081,5.319454
-15.088352,5.378967,-14.989585,5.499798
-11.63422,9.78477,-15.528858,5.134189
-5.62551,15.042863,-12.836077,6.798211
-2.524665,17.778387,-11.763873,7.43261
0.727112,19.785528,-9.062063,8.988518
3.368162,21.212101,-6.505924,10.436306
6.099946,22.635931,-3.786012,11.956412
7.802576,23.439428,-1.913996,13.002682
9.194767,24.019177,-0.209701,13.94625
10.599192,24.532192,1.690337,15.001749
9.344636,23.37314,1.488626,14.881421
7.527809,21.529257,1.448457,14.851758
4.281905,18.155544,1.247103,14.73265
-3.789698,10.211056,-1.01837,13.492698
-6.326895,8.621182,-3.299518,12.232924
-8.495564,7.455445,-5.563048,10.97428
-10.268664,6.299771,-7.187537,10.032841
-11.885069,5.412088,-8.940738,9.010197
-13.413094,4.522856,-10.559142,8.045415
-14.501322,3.921188,-11.68564,7.405486
-15.546678,3.373457,-12.80701,6.76997
-16.533922,2.905478,-13.951264,6.113441
-17.154806,2.512992,-14.559684,5.747502
-18.737736,1.579745,-16.298107,4.657768
-15.681914,5.03045,-15.618694,5.10811
-12.960492,9.336115,-17.490052,3.856549
-4.351234,15.778567,-11.624287,7.509868
-0.651319,18.65527,-9.632046,8.672225
0.854138,19.891265,-9.002026,8.960678
8.172783,23.476352,-1.218304,13.373806
12.000197,25.293662,2.975826,15.662887
13.387636,25.960525,4.498718,16.49582
14.656563,26.588652,5.858426,17.238465
15.560484,26.796956,7.376081,18.070045
14.954062,26.116909,7.57604,18.187763
13.449589,24.503208,7.776788,18.306973
10.72664,21.524478,7.936553,18.396412
2.360091,13.968481,4.630275,16.619999
-1.305424,11.883005,1.158809,14.765015
-4.96819,9.870796,-2.687226,12.57296
-7.107349,8.68369,-4.886187,11.335088
-8.509002,8.117,-6.362409,10.653678
-10.567468,7.005627,-8.563021,9.392976
-10.68533,6.87022,-8.611341,9.346377
-10.819896,6.71095,-8.635955,9.322976
-10.939618,6.574124,-8.686104,9.275966
-11.396648,6.310945,-9.152195,9.007176
-11.816088,6.092696,-9.618832,8.736863
-10.044836,8.513812,-10.085974,8.465013
-5.235245,13.121478,-8.422789,9.467291
-2.614629,15.214555,-6.917066,10.366453
-1.345772,15.722657,-5.23992,11.35947
-3.069201,14.871881,-7.173318,10.24471
-2.575951,16.409279,-9.106753,9.114463
-0.689472,19.315609,-11.058417,7.9457
1.923925,21.480114,-10.133383,8.41989
1.392875,20.665552,-9.451332,8.669505
1.601271,20.235131,-8.160959,9.463192
1.096384,19.285295,-7.290142,9.922908
-0.395116,17.134895,-6.211672,10.517565
-2.376499,14.424433,-5.308128,11.01445
-9.08721,7.571029,-7.090548,10.000331
-11.758682,5.402452,-8.844936,8.995624
-13.419792,4.483896,-10.611392,7.970766
-14.391061,4.125499,-11.907602,7.216879
-15.712428,3.321347,-13.216372,6.446366
-16.870874,2.715642,-14.513291,5.67987
-16.741208,3.072358,-14.78862,5.520972
-16.920061,2.935672,-14.904999,5.462047
-17.075979,2.93269,-15.204932,5.279776
-16.188167,3.664354,-14.583244,5.66465
-15.870094,3.776901,-14.145206,5.924723
-14.147848,5.537369,-13.523899,6.304572
-10.793216,8.956831,-12.49358,6.911969
-7.645902,11.911922,-11.28172,7.629756
-6.144432,13.033482,-10.265491,8.215028
-4.153074,14.573165,-9.033159,8.935828
-2.715067,15.481115,-7.802822,9.64727
-2.329861,15.223728,-6.574978,10.349818
-2.014871,16.646413,-8.526396,9.275944
-2.188527,17.476326,-10.459987,8.223308
-5.707696,14.775781,-12.438988,7.143429
-7.680642,12.72302,-12.657311,6.982571
-9.246582,11.06335,-12.858227,6.841425
-9.702006,10.65074,-13.079406,6.679755
-14.066665,5.673296,-13.404774,6.477812
-15.687533,3.865803,-13.729789,6.2754
-16.2432,3.366714,-14.054437,6.072517
-16.272318,3.524691,-14.3414,5.908511
-15.881295,4.300981,-14.77478,5.659654
-16.398075,3.851542,-15.065578,5.491862
-17.166909,3.181777,-15.551821,5.18267
-17.955428,2.577783,-16.182918,4.786829
-18.984571,1.56217,-16.651936,4.492697
-19.870142,0.718339,-17.120677,4.19698
-20.55469,0.223101,-17.763637,3.777544
-18.773132,2.79847,-18.230792,3.47859
-14.221741,8.327885,-18.244423,3.461739
-8.581272,13.506691,-16.021305,4.890552
-6.19488,15.503203,-14.90328,5.594692
-3.87118,16.920939,-12.857432,6.777165
-1.057062,18.842994,-10.849291,7.91926
0.659814,19.612148,-8.840153,9.056396
0.8658,19.694984,-8.579489,9.197425
1.423127,20.075258,-8.192099,9.407067
1.950768,20.488248,-7.936171,9.545702
0.57823,19.212951,-8.180983,9.367764
-2.847669,15.748312,-8.56238,9.121334
-7.693055,10.277831,-8.753446,8.995803
-12.824607,5.08363,-10.500482,7.982418
-13.792286,4.936743,-12.057517,7.095269
-14.674863,4.995625,-13.733084,6.160344
-15.375967,4.766129,-14.679892,5.626004
-16.108462,4.604879,-15.815037,4.967189
-16.858978,4.331858,-16.813161,4.388434
-17.902786,3.793263,-18.084301,3.567124
-17.641118,4.023568,-17.910215,3.689372
-17.088274,4.424457,-17.414439,4.021733
-15.636504,5.357385,-15.96085,4.961958
-12.76301,7.127903,-13.009798,6.834008
-11.548095,8.098293,-12.171812,7.36262
-10.349128,9.133328,-11.564482,7.70872
-8.682688,10.785394,-11.125316,7.949841
-3.646942,15.991914,-10.50553,8.308587
-0.132284,18.97717,-9.173786,9.046809
-1.311883,17.074797,-7.841017,9.784928
1.620652,19.462053,-6.528968,10.502266
2.288678,19.391398,-5.012745,11.347175
3.891129,20.289339,-3.509202,12.175844
4.045127,19.674449,-1.983148,13.018431
2.068087,18.296995,-3.346058,12.269004
-1.794341,14.839488,-4.717333,11.508807
-5.922651,10.939942,-6.096456,10.736935
-7.575388,9.905142,-7.512745,9.978509
-9.287803,8.806856,-8.941999,9.213055
-10.213655,8.64257,-10.373738,8.455202
-9.296088,9.247945,-9.545674,8.957494
-8.412021,9.809689,-8.715716,9.458113
-7.527282,10.368147,-7.883925,9.95732
-8.077765,9.921912,-8.297131,9.667633
-8.834237,9.236486,-8.711952,9.379363
-8.97952,9.16908,-8.941999,9.213055
-9.164392,9.15714,-9.360922,8.925886
-9.799157,8.613589,-9.758673,8.661543
-10.075401,8.501344,-10.182046,8.374405
-9.52197,9.709387,-11.112456,7.828851
-6.397924,13.702704,-11.903925,7.354977
-4.048655,16.734371,-12.857432,6.777165
-3.771656,16.313756,-11.461576,7.60891
-1.833693,17.740839,-10.257432,8.305481
0.904197,19.872344,-8.871525,9.109173
1.420332,20.263869,-8.601945,9.253465
2.227902,20.883558,-8.201387,9.46745
2.628495,21.158413,-7.936883,9.608555
1.388077,19.77726,-7.674386,9.748494
-0.747985,17.322552,-7.251768,9.98189
-3.668677,13.967203,-6.993342,10.119408
-10.651216,6.667556,-8.547731,9.222478
-12.078806,5.783928,-9.912346,8.432768
-13.122783,5.469644,-11.443316,7.531838
-14.24831,4.429686,-11.957358,7.254222
-14.479032,4.410224,-12.29747,7.090737
-13.607994,5.860064,-12.836077,6.798211
-13.101095,6.561437,-12.936632,6.760044
-14.27178,5.225766,-13.059768,6.700077
-13.718967,5.990697,-13.165732,6.659159
-14.552375,5.164162,-13.455676,6.495562
-14.289025,5.578944,-13.566969,6.451619
-12.352643,7.984374,-13.681123,6.406202
-8.895316,11.778954,-13.386726,6.572744
-6.384199,14.375398,-13.076491,6.757217
-5.045976,15.648831,-12.766571,6.940824
-3.313551,17.02904,-11.897502,7.424645
-1.190995,18.697526,-10.836061,8.03755
-0.905105,18.564497,-9.969992,8.518024
-1.931906,17.65194,-10.27297,8.34417
-1.314546,18.432009,-10.553576,8.191611
-2.096011,17.775709,-10.858123,8.015759
-3.613649,16.412103,-11.305178,7.761056
-6.263377,13.71446,-11.61117,7.582893
-8.068725,11.866926,-11.897502,7.424645
-14.348856,5.129058,-13.04042,6.720287
-15.770417,4.149807,-14.323174,5.928008
-17.043604,3.241115,-15.457126,5.211016
-17.897489,2.455154,-15.90792,4.93919
-18.800819,1.598915,-16.359965,4.66499
-19.088659,1.526803,-16.813161,4.388434
-20.357377,0.773905,-18.244423,3.461739
-20.898307,0.268373,-18.550798,3.267343
-20.619401,0.63307,-18.537599,3.283947
-19.37507,1.653462,-17.56177,3.933563
-19.169382,2.013566,-17.70939,3.845031
-17.304424,4.438558,-17.870174,3.739615
-14.175506,8.015842,-17.56177,3.933563
-10.808723,11.614358,-17.092308,4.231485
-9.339303,13.077506,-16.783912,4.423439
-7.761498,14.306057,-15.843984,5.012246
-5.151557,16.682014,-15.065578,5.491862
-2.761716,18.681113,-14.12496,6.068757
-2.220957,18.967066,-13.567326,6.376665
-2.032867,18.821188,-12.857432,6.777165
-1.294286,19.317189,-12.320837,7.068818
-3.193733,17.081341,-11.770042,7.37568
-5.642066,14.054888,-11.06508,7.774666
-7.66727,11.449909,-10.530043,8.069534
-12.633405,5.958868,-11.226952,7.676763
-14.255166,4.320052,-11.795483,7.352914
-14.477797,4.521266,-12.506552,6.947349
-14.093704,5.104648,-12.692299,6.825762
-16.103647,3.885684,-14.81133,5.499534
-16.523847,3.359278,-14.834368,5.477949
-17.013109,3.314612,-15.707585,4.953326
-15.818492,4.112307,-14.497736,5.748061
-16.468666,3.873817,-15.38635,5.217115
-16.852635,3.7754,-15.976176,4.864171
-17.119471,3.920527,-16.746453,4.384383
-16.815528,4.672615,-17.340962,4.022126
-15.201774,6.365609,-16.890764,4.298814
-13.161734,8.437406,-16.280832,4.676588
-9.631287,12.234173,-15.832904,4.948047
-6.03253,15.705187,-14.961234,5.463598
-6.613518,14.629121,-14.099887,5.967606
-5.071578,15.836047,-13.225284,6.482443
-4.253665,16.189534,-12.223412,7.063612
-5.228941,14.668396,-11.366417,7.558432
-5.43431,13.877479,-10.356443,8.141587
-6.750575,12.216665,-10.064951,8.30994
-8.055497,10.41586,-9.580871,8.598504
-8.858572,9.282993,-9.289937,8.765286
-10.007192,8.243435,-9.810771,8.48031
-10.764857,7.676697,-10.339447,8.190684
-11.730028,6.852309,-10.849291,7.91926
-12.537987,6.32959,-11.557882,7.519623
-12.554564,6.67115,-12.089163,7.233801
-12.905812,6.705354,-12.794285,6.839952
-13.247831,6.479805,-13.099338,6.659321
-13.506778,6.357859,-13.424495,6.457526
-13.746129,6.255588,-13.729789,6.2754
-14.33843,5.819449,-14.197718,5.990704
-15.619762,4.437447,-14.522004,5.786965
-14.078826,6.511083,-14.827691,5.602155
-9.008939,11.825501,-13.809617,6.194106
-4.896196,15.795218,-12.783969,6.791693
-2.950671,17.337276,-11.770042,7.37568
-2.816956,17.353021,-11.523848,7.503815
-2.331181,17.65837,-11.120064,7.727549
-2.836719,17.00191,-10.882224,7.850998
-3.016065,16.501195,-10.295472,8.190633
-1.074227,18.174907,-9.549386,8.623342
-2.382902,16.474022,-8.967026,8.956479
-3.779929,14.872137,-8.838129,9.026755
-2.384675,16.419631,-8.871064,9.001574
-3.505396,15.121048,-8.743043,9.071548
-11.34254,6.280914,-9.354926,8.715168
-12.901823,4.841116,-10.160515,8.23533
-13.668561,4.283463,-10.804115,7.849167
-14.621685,3.862475,-11.996511,7.144252
-15.284647,3.70492,-13.032213,6.527583
-16.580088,2.836121,-14.231734,5.801867
-17.614328,2.293559,-15.433718,5.064637
-18.863014,1.357281,-16.455685,4.439449
-20.200676,0.397222,-17.662475,3.67905
-21.039084,-0.018768,-18.692438,3.030937
-22.069577,-0.696185,-19.726203,2.371447
-19.281564,3.023503,-19.819848,2.337944
-14.352016,8.766402,-19.362005,2.637076
-13.286008,9.128439,-17.791419,3.667273
-12.547703,9.180341,-16.351638,4.600494
-4.914938,16.336126,-13.872686,6.131815
-0.779538,19.312147,-11.233142,7.716785
-0.903305,17.940552,-8.736481,9.181486
-1.023608,17.520102,-8.171763,9.492215
0.337832,18.563628,-7.418747,9.919193
0.792726,18.752515,-6.862831,10.221893
0.730325,18.468221,-6.440887,10.453061
-0.247924,17.202851,-6.021186,10.682506
-2.830261,14.131387,-5.63847,10.884253
-8.303703,8.6761,-7.222129,9.974048
-9.592861,8.001017,-8.643962,9.14719
-11.928071,6.126944,-10.226217,8.213502
-13.467652,4.8929,-11.293163,7.583668
-14.802866,3.993407,-12.493977,6.871314
-15.938308,3.229329,-13.511716,6.270219
-19.165417,1.365852,-17.09161,4.029212
-19.711974,0.835663,-17.324508,3.906159
-21.492032,-0.223592,-19.287742,2.650085
-22.535926,-0.92281,-20.338371,1.966542
-23.502693,-1.530151,-21.387752,1.27383
-20.157363,2.7542,-21.176245,1.448256
-15.543253,8.263939,-20.964213,1.541603
-9.048154,13.484603,-16.965666,4.15307
-5.376083,16.014193,-14.19183,5.881279
-3.674635,17.402216,-13.352845,6.329467
2.293993,20.713934,-7.682035,9.683565
3.70854,20.537923,-4.426708,11.523997
3.077157,19.463711,-3.621121,11.981116
3.802016,19.889437,-2.976686,12.345108
3.614373,19.268253,-2.17127,12.798145
2.889371,18.337307,-1.887924,12.953456
1.211193,16.311116,-1.565947,13.133733
0.172086,14.970051,-1.282968,13.288575
-2.555056,12.487157,-2.378148,12.694513
-4.283907,11.250973,-3.643244,12.006023
-6.184809,9.69508,-4.723988,11.427962
-9.111314,7.518798,-6.862831,10.221893
-11.389852,6.194691,-9.146979,8.915957
-13.494796,4.962179,-11.283688,7.671208
-15.065397,3.976076,-12.783969,6.791693
-16.404152,3.174191,-14.153923,5.971267
-17.759211,2.437118,-15.671755,5.05088
-18.200228,1.975247,-15.869503,4.90936
-18.139449,2.054779,-15.888241,4.889811
-14.945072,6.147052,-16.067891,4.76741
-9.439197,12.16112,-15.323887,5.219105
-2.986374,16.930509,-11.045783,7.837886
0.769143,19.562955,-8.517949,9.32631
3.840799,21.330168,-5.759669,10.89115
6.251844,22.420939,-2.995078,12.435783
7.333407,22.191735,-0.255847,13.943161
7.005678,21.634727,0.191631,14.186405
8.458846,22.818836,0.800039,14.519485
8.630492,22.775723,1.245612,14.760963
6.799862,21.114541,0.800039,14.519485
5.782392,20.361034,0.191631,14.186405
3.933014,18.612202,-0.217556,13.972834
-3.011487,11.647162,-1.72977,13.145002
-5.48397,9.75984,-3.379922,12.241183
-7.052663,8.852458,-4.912428,11.38806
-9.171924,7.33788,-6.47224,10.552872
-10.46419,6.834165,-8.069768,9.68581
-11.651692,6.461919,-9.68165,8.806727
-11.462938,6.689506,-9.68165,8.806727
-11.239796,6.860982,-9.516667,8.906106
-11.146235,6.97441,-9.537248,8.884226
-11.556138,6.578078,-9.702111,8.784963
-12.020776,6.212191,-10.052131,8.564581
-8.679565,10.256862,-10.216672,8.465174
-6.609132,12.260098,-9.600642,8.818195
-3.259735,15.609229,-8.986643,9.167792
-0.766079,17.932171,-8.37482,9.513983
-0.316044,17.480366,-6.580918,10.507354
1.642247,18.693509,-4.951,11.400335
4.580748,20.836838,-3.182899,12.362114
6.334963,22.336894,-2.634479,12.648824
7.56161,23.352318,-2.217526,12.868942
8.145525,23.656442,-1.640573,13.17925
6.715495,22.266917,-1.7147,13.122221
4.472838,20.061055,-1.913996,13.002682
1.466833,16.864121,-1.98889,12.946999
-5.2675,10.077709,-3.552968,12.103211
-7.150065,8.965865,-5.33497,11.120689
-8.110009,8.843617,-6.913729,10.260855
-10.838098,6.608213,-8.573984,9.325632
-12.75698,5.432054,-10.413035,8.268077
-14.12221,4.821494,-12.061018,7.32435
-16.874486,3.256922,-15.099075,5.4544
-17.090189,3.083719,-15.211519,5.407403
-15.462656,4.238668,-13.681123,6.406202
-15.761139,3.966559,-13.844639,6.303756
-15.585655,4.376962,-14.155794,6.116992
-11.817598,8.97123,-14.31911,6.014139
-9.752928,11.427272,-14.529202,5.856043
-3.178864,16.398491,-10.321176,8.429634
0.917224,19.609541,-8.237862,9.652646
5.527677,22.255507,-4.084838,11.968195
10.185676,24.867574,0.193128,14.312145
13.103046,25.91038,4.248179,16.508717
14.036463,26.252078,5.491993,17.15504
14.930353,26.481295,6.928686,17.923309
16.217556,27.171562,8.196017,18.597823
15.452396,26.152819,8.703956,18.854649
13.509411,23.854319,9.256824,19.148174
11.929401,21.845592,9.769347,19.410861
5.693035,16.414093,6.943073,17.863608
2.33974,14.228314,4.18941,16.382077
-0.400928,12.78095,1.404772,14.884535
-2.753881,11.430425,-0.842956,13.663932
-4.605456,10.557309,-2.885721,12.568219
-6.317056,9.955021,-5.130516,11.342688
-6.344634,9.929115,-5.15951,11.316393
-6.20593,10.092693,-5.15951,11.316393
-6.303112,9.985149,-5.188796,11.290088
-6.188968,10.203062,-5.294867,11.247327
-6.604722,9.895495,-5.567193,11.108152
-4.892844,11.961115,-5.649923,11.08934
-1.444615,14.945291,-4.055824,11.995394
2.76064,18.726634,-2.599616,12.825534
5.900821,21.201999,-1.011238,13.715874
7.134542,21.653002,0.630152,14.59575
10.06521,23.837575,2.248503,15.457494
13.711148,26.682367,3.84391,16.303337
13.845446,26.428391,4.736239,16.785619
13.048467,25.315259,5.461833,17.173297
13.724097,25.583898,6.345955,17.651383
13.254732,25.183237,6.183944,17.559221
11.648537,23.525435,6.228792,17.597178
9.290616,21.09802,6.066592,17.504824
3.2783,15.463701,4.169988,16.488512
1.001758,13.925001,2.412347,15.550695
-0.666586,13.191026,0.501345,14.534224
-2.589051,12.177933,-1.47442,13.46159
-4.906358,10.609502,-3.308171,12.461065
-6.673171,9.774838,-5.303051,11.365597
-7.4926,9.095434,-5.72823,11.148979
-8.19985,8.644984,-6.346992,10.806026
-8.111217,9.035901,-6.780033,10.582611
-8.762499,8.55637,-7.258517,10.309001
-8.98878,8.480482,-7.591457,10.110445
-5.066098,13.237719,-8.090355,9.812264
-2.325965,16.647283,-9.021315,9.203776
6.135582,22.19514,-2.501683,12.988768
9.335007,24.143462,0.179698,14.478159
11.051122,24.73688,2.630516,15.80946
12.329696,24.916468,5.041317,17.112466
14.618406,26.125475,7.456242,18.434868
15.149375,26.207706,8.366958,18.884755
16.936678,27.619531,9.15039,19.277973
17.436537,27.677112,10.0883,19.762754
15.094844,24.988026,10.635556,20.051561
12.98199,22.46731,11.020628,20.246383
12.455643,21.552807,11.566206,20.535412
8.544876,18.818894,8.634022,18.921149
5.100199,16.626789,5.756945,17.379991
2.46441,15.385057,2.897562,15.879082
-1.121652,12.550025,0.73727,14.693963
-3.062405,11.523954,-1.27706,13.586887
-5.199335,10.362925,-3.473803,12.365081
-5.277789,10.553776,-3.914907,12.131478
-5.713256,10.327043,-4.358606,11.895593
-6.151093,10.098069,-4.804831,11.65741
-5.549133,10.417658,-4.139822,12.046184
-5.168059,10.574541,-3.64053,12.337626
-0.719621,15.256697,-3.001521,12.69792
3.506368,18.737452,-0.953967,13.835626
7.843405,22.238246,1.077444,14.955684
11.794593,25.258157,3.128456,16.097114
14.970437,27.184183,5.823987,17.550204
16.938793,27.911567,8.675179,19.114099
19.451291,29.279677,11.36818,20.617643
21.660749,30.630777,13.324183,21.678385
22.202479,30.392534,15.208039,22.744174
23.629812,30.984253,17.244564,23.917118
19.559161,27.835007,14.778445,22.501772
13.922533,23.024185,12.18685,21.051427
9.969344,19.966591,9.77409,19.74369
7.800797,18.427418,8.303001,19.000316
5.866888,17.090089,6.958239,18.333411
4.369702,16.367706,5.444101,17.584751
2.962441,15.589004,4.075692,16.847751
1.281877,14.598498,2.554784,16.036777
-0.068032,13.899179,1.182517,15.31043
-0.915944,13.580693,-0.007091,14.606382
-1.798679,13.223351,-1.166219,13.937342
-2.516452,12.959368,-2.181117,13.338269
-2.988403,13.062983,-3.36186,12.641445
-4.025688,12.527654,-4.516296,11.972291
-4.887896,12.187665,-5.691296,11.275714
-6.873119,11.115525,-7.864166,9.980101
-11.054471,8.949537,-12.665245,7.057137
-10.010663,9.792407,-12.007156,7.464261
-7.796752,12.129362,-11.729066,7.607667
-6.370816,14.813439,-13.910278,6.228349
-2.221141,17.816124,-11.182756,7.887679
-0.864063,18.654803,-10.062733,8.487441
1.500278,20.511972,-8.953382,9.084218
2.820258,21.396072,-8.038828,9.563045
2.827637,20.873301,-6.927489,10.170664
2.43096,19.928235,-5.835274,10.765141
0.208255,16.998797,-4.760033,11.350241
-8.780924,7.615236,-6.482071,10.391884
-11.288448,5.661346,-8.192287,9.438116
-13.048459,4.633035,-9.930381,8.45661
-14.91146,3.481146,-11.744933,7.398329
-16.679011,2.434469,-13.593202,6.290841
-18.372362,1.4552,-15.405403,5.197383
-22.15755,-0.813916,-19.646766,2.461461
-22.667754,-1.094668,-20.220016,2.105727
-22.310195,-0.808204,-19.85034,2.38521
-22.13222,-0.670565,-19.691837,2.491677
-21.982643,-0.568753,-19.520082,2.614504
-17.199042,5.767683,-19.995883,2.294919
-13.915068,9.783588,-20.262471,2.054624
-5.93788,15.400401,-14.174732,5.950632
-1.848812,18.22801,-11.258251,7.694051
1.332236,20.312601,-8.880753,9.059467
3.70047,21.546684,-6.507358,10.401413
5.909428,22.608308,-4.128228,11.730513
7.177507,23.359915,-3.071264,12.318784
7.766509,23.42759,-1.979018,12.928889
8.396475,23.537214,-0.888303,13.53497
7.957871,22.863637,-0.400235,13.788308
7.334005,21.888697,0.286143,14.15899
4.817503,18.928321,0.850475,14.466163
-6.15105,9.489652,-4.379212,11.599235
-8.584803,7.67561,-6.116374,10.640835
-9.794948,7.260542,-7.743881,9.728878
-9.556804,7.57784,-7.646292,9.856497
-9.273428,8.069839,-7.740673,9.880639
-8.669811,8.379092,-6.868167,10.486759
-6.516606,10.975239,-6.842407,10.602404
-7.636861,10.242417,-7.825299,10.025633
-9.084895,8.844428,-8.307117,9.747169
-10.437314,7.819144,-9.324787,9.122106
-10.078863,7.957558,-8.844167,9.40188
-7.708024,10.436037,-8.383216,9.65795
-7.294834,11.088648,-8.696628,9.480152
-5.782751,12.43776,-8.070275,9.834932
-4.901076,13.071381,-7.445884,10.186452
-4.924751,13.221432,-7.778412,9.98811
-4.083185,14.238841,-7.965271,9.865997
-4.461426,14.001229,-8.317809,9.645012
-4.595661,13.853789,-8.317809,9.645012
-4.533121,13.839507,-8.173106,9.721288
-5.605389,12.649486,-8.173106,9.721288
-5.478958,12.698573,-7.986212,9.843096
-5.321507,12.868575,-7.944576,9.888865
-4.642878,13.528281,-7.737473,10.034067
-7.534631,10.451586,-8.050427,9.857579
-9.277447,8.521909,-8.197372,9.780267
-10.378445,7.412406,-8.511288,9.602403
-10.081732,8.048699,-9.010492,9.301538
-10.990215,7.160944,-9.361258,9.079229
-14.788727,4.490804,-12.665245,7.057137
-15.341831,4.487265,-13.798016,6.359363
-13.594906,5.660581,-12.139337,7.401397
-14.876288,4.773494,-13.275728,6.704431
-16.504236,3.536813,-14.586693,5.880013
-18.261672,2.208229,-16.039978,4.961517
-13.754459,7.603304,-15.864283,5.082995
-10.798145,10.937171,-15.798728,5.065849
-3.910243,16.207699,-11.491794,7.707859
0.926454,19.728833,-8.492767,9.462389
0.969597,20.296848,-9.618832,8.736863
5.407272,22.390747,-4.666684,11.601735
6.891812,23.023851,-2.885721,12.568219
7.237577,22.844582,-1.738915,13.222933
7.24809,22.251319,-0.427076,13.970246
6.60531,21.046679,0.721852,14.624393
5.383933,19.900227,0.501345,14.534224
3.613425,18.234456,0.111466,14.34777
2.069666,16.695908,-0.084826,14.285604
-0.353198,14.510757,-0.923187,13.866509
-1.495973,13.752437,-1.749197,13.466107
-2.435295,13.232693,-2.59499,13.05227
-2.699758,13.297128,-3.217842,12.712843
-3.616287,12.627256,-3.843294,12.370478
-4.199961,12.331367,-4.493655,11.998703
-3.759784,12.281251,-3.554332,12.514428
-3.361727,12.180379,-2.620767,13.023489
-2.66225,12.422773,-1.693453,13.525933
-3.087466,12.121298,-1.974886,13.388773
-3.495125,11.746448,-2.116398,13.319636
0.322853,16.198679,-2.426744,13.151182
4.550242,20.029017,-1.133629,13.88217
5.746915,20.726784,-0.041886,14.477685
5.667864,20.019183,1.242295,15.198634
9.480777,22.980997,3.257288,16.297561
13.112259,25.71809,5.285397,17.419139
14.831512,26.561046,7.292364,18.531089
13.714518,25.088073,8.03712,18.935314
14.383212,25.427183,8.776908,19.337231
14.983979,25.699586,9.511693,19.736961
15.706524,26.169014,10.126082,20.085189
15.981365,26.174982,10.738728,20.43352
13.901263,23.644645,11.349611,20.782017
9.887742,19.624344,10.508862,20.335558
8.146383,18.241858,9.491552,19.784184
7.532873,18.07541,8.630747,19.328055
4.545523,16.292644,5.909911,17.842275
1.450908,14.512363,2.962356,16.225483
-1.345315,12.998494,0.162624,14.706689
-2.110347,12.588013,-0.712812,14.174288
-2.914903,12.133037,-1.557767,13.67661
-3.858746,11.516732,-2.400978,13.180255
-4.645839,11.078888,-3.267318,12.656916
-4.297818,11.945015,-4.106258,12.163169
-1.828868,15.144993,-4.943583,11.669589
4.097002,19.896129,-1.972899,13.309244
8.801583,23.338339,0.812756,14.830516
12.257712,25.442873,3.754,16.443974
14.14776,26.627436,5.332386,17.328515
16.031617,27.822568,6.859417,18.169581
16.433663,27.586116,8.421076,19.051998
13.079116,24.935047,6.914545,18.289445
9.698736,22.305859,5.157573,17.361518
8.075414,21.439194,3.604159,16.586866
6.890243,21.066101,1.681604,15.424294
5.414575,20.490021,-0.423138,14.15626
2.581397,18.424901,-2.313518,13.036807
-2.624432,12.957255,-2.781975,12.777471
-5.039567,10.542903,-3.417291,12.420617
-5.252073,10.580458,-3.887539,12.158715
-5.892296,10.40272,-4.830456,11.631228
-6.408624,10.275058,-5.63494,11.170906
-7.755372,9.268176,-6.582149,10.634668
-9.584359,7.872083,-7.841645,9.918976
-11.137669,6.789165,-9.105817,9.192566
-12.469099,5.961545,-10.373738,8.455202
-14.024834,4.845929,-11.67758,7.667272
-14.053695,5.485048,-12.813616,6.974133
-12.209882,8.419046,-14.095857,6.189933
-9.420929,11.255966,-13.454999,6.583245
-6.289476,14.279751,-12.649214,7.076251
-3.963619,16.427603,-12.007156,7.464261
-1.624234,18.162504,-10.612427,8.271579
-0.00211,19.216251,-9.372319,8.983408
2.36742,20.938554,-7.998381,9.756287
3.084335,21.243286,-7.15529,10.025198
3.913984,21.245899,-5.441724,11.003443
3.893464,20.333066,-3.611155,12.092973
2.809924,18.676918,-2.614531,12.628553
3.26736,18.528787,-1.428067,13.276425
2.657687,17.297895,-0.410156,13.826952
-2.045405,12.611153,-1.478232,13.270876
-4.056372,11.047682,-2.693328,12.641164
-5.337183,10.258904,-3.772786,12.088332
-7.941543,8.603631,-6.060644,10.820561
-10.532344,6.949472,-8.398656,9.490669
-12.97093,5.448063,-10.730192,8.145146
-13.546721,5.133131,-11.327605,7.808217
-14.041852,5.014118,-12.09311,7.365589
-14.508541,4.831843,-12.698022,7.018689
-16.09604,3.844435,-14.303874,6.032414
-16.390701,4.437053,-15.904294,5.031685
-11.707156,9.000488,-14.067253,6.225937
-9.593961,11.915236,-15.049142,5.604088
-2.732369,17.123558,-10.751934,8.294499
0.67884,19.816109,-9.087563,9.30878
-1.44264,18.917634,-11.819937,7.506847
6.930437,23.018049,-2.674721,12.816223
6.231118,22.574163,-3.312353,12.343094
6.239885,21.739451,-1.550493,13.290974
6.732984,21.283229,0.384471,14.338285
7.67028,21.360887,2.135032,15.276175
6.815944,20.624905,1.811148,15.094532
5.39793,19.276942,1.487259,14.912925
4.169071,18.112844,1.163363,14.731331
0.36649,14.248782,0.470082,14.368162
-1.517114,12.492028,-0.191222,14.032327
-1.951642,12.418501,-0.825706,13.722354
-5.44912,10.013288,-3.546397,12.23815
-8.066382,8.534897,-6.118242,10.825515
-10.534118,7.319823,-8.856066,9.30285
-11.520561,6.619483,-9.661457,8.828429
-12.057772,6.359034,-10.301724,8.450814
-13.198135,5.461488,-11.1067,7.970409
-13.571002,5.299378,-11.564482,7.70872
-12.484814,6.896733,-12.040795,7.425012
-9.610921,10.517954,-12.500858,7.159059
-6.756381,13.899295,-12.947913,6.819766
0.141263,18.29182,-7.173318,10.24471
2.508953,19.414784,-4.494444,11.762054
4.613246,20.529324,-2.394988,12.899632
6.369277,21.209816,-0.134763,14.125685
7.663571,21.493925,1.967319,15.263037
7.323347,20.930339,2.336976,15.439257
7.350111,20.832917,2.540494,15.522987
9.090598,22.439841,2.944728,15.73059
9.44529,22.662508,3.227014,15.879485
8.342665,21.363496,3.508704,16.028066
6.349755,19.055694,3.789834,16.176369
2.044262,15.076145,2.296972,15.367017
-0.720341,12.774769,0.833736,14.581981
-2.848726,11.206563,-0.643289,13.786229
-5.057097,9.929905,-2.755215,12.633324
-7.336178,8.55727,-4.860558,11.48009
-9.394488,7.439819,-6.967942,10.317461
-10.481578,6.810199,-8.04568,9.709359
-11.6245,6.205479,-9.271445,9.015791
-12.797292,5.462155,-10.360883,8.387069
-12.828175,5.522608,-10.525402,8.287376
-11.560298,7.056448,-10.525402,8.287376
-10.452192,8.467915,-10.68985,8.187592
-9.419233,9.203266,-9.806684,8.750376
-8.109615,10.343639,-9.086278,9.214433
-6.659673,11.539175,-8.216858,9.75779
-4.356511,13.414094,-6.968117,10.459853
-2.573525,14.784118,-5.91827,11.026079
-0.62214,16.236828,-4.690481,11.701917
-0.004876,16.889382,-4.638656,11.754632
0.012652,16.981953,-4.754361,11.709771
-0.388505,16.540648,-4.680537,11.788341
-1.117379,15.834323,-4.799752,11.742256
-2.082344,14.781338,-4.776247,11.768308
-3.343232,13.472672,-4.897557,11.721372
-3.946958,12.706615,-4.707029,11.84661
-4.374446,12.224292,-4.684367,11.872774
-4.199961,12.331367,-4.493655,11.998703
-3.896474,12.492906,-4.156949,12.19819
-3.688258,12.638273,-3.965496,12.32507
-3.569212,12.682096,-3.796777,12.425082
-3.208082,12.909653,-3.435735,12.653048
-2.989695,13.065205,-3.266597,12.753383
-2.586242,13.3385,-2.928084,12.954171
-2.280782,13.501641,-2.589253,13.155135
-2.120279,13.590337,-2.444261,13.226379
-1.3472,14.275338,-2.105354,13.427146
-0.312168,15.331079,-1.961083,13.497638
1.354206,16.972753,-1.622115,13.69823
2.459884,18.071464,-1.452515,13.798618
3.960957,19.011066,-0.176732,14.506157
5.950432,20.464072,1.061292,15.172103
7.586037,21.545754,2.319453,15.863566
8.885999,22.432327,3.300752,16.425243
11.06113,24.208018,4.281247,16.987548
11.774422,24.503185,5.26082,17.550813
9.839012,23.112962,3.942573,16.786953
6.978351,20.836877,2.455248,15.926687
3.207088,17.460656,1.137239,15.168542
0.140078,14.771727,-0.180522,14.411436
-2.089826,13.07639,-1.693453,13.525933
-3.078051,12.690303,-3.008145,12.769689
-3.08511,13.045172,-3.603089,12.459375
-3.586527,12.751132,-4.058553,12.216955
-4.219604,12.399772,-4.661898,11.898978
-5.548189,11.439369,-5.756972,11.200782
-7.036894,10.381797,-6.989883,10.436058
-8.548813,9.192624,-8.050573,9.774175
-9.010161,8.93392,-8.525374,9.500785
-8.975917,9.160933,-8.835257,9.325161
-8.280608,10.244413,-9.311007,9.049229
-5.114203,13.717889,-9.145643,9.148698
-2.126295,16.845819,-8.98021,9.248095
-0.376607,18.579726,-8.81471,9.347424
2.061439,20.796078,-8.351278,9.537237
2.713844,21.15685,-7.75573,9.809045
3.426985,21.660499,-7.32817,9.994694
3.5239,21.715197,-7.240405,10.06984
2.593941,21.0658,-7.802822,9.64727
0.852021,19.290649,-7.802822,9.64727
0.394843,19.063051,-8.288167,9.362651
-1.065563,17.664321,-8.547731,9.222478
-4.987761,13.63951,-9.033159,8.935828
-8.419511,9.92083,-9.42674,8.722013
-10.870622,7.01895,-9.106753,9.114463
-10.652506,7.566942,-9.558102,8.862283
-11.941828,6.596737,-10.50553,8.308587
-12.883932,6.03729,-11.472872,7.728379
-13.771391,5.537556,-12.421252,7.163207
-14.365411,5.198646,-13.042642,6.795783
-15.756224,3.877095,-13.665239,6.42491
-16.121751,3.81425,-14.288875,6.050602
-16.195084,3.62896,-14.110493,6.171819
-15.210365,4.649914,-13.782949,6.377736
-13.68532,6.401821,-13.604083,6.498931
-11.025572,9.071496,-12.797924,6.993079
-9.025832,10.911346,-11.974461,7.50325
-7.849414,11.796248,-11.165549,7.991207
-6.697658,12.815686,-10.669442,8.294669
-5.025232,14.468973,-10.320909,8.517223
-3.02503,16.352521,-9.82321,8.819956
-2.422802,16.672574,-9.213914,9.157928
-2.558123,16.215529,-8.608556,9.491341
-3.401848,14.988849,-8.007407,9.820161
-4.016615,14.394118,-8.110673,9.789568
-4.323001,14.225104,-8.402796,9.635598
-6.195892,12.23689,-8.511288,9.602403
-8.171366,10.086729,-8.696628,9.480152
-8.631447,9.555676,-8.696628,9.480152
-8.953755,9.274516,-8.862899,9.380009
-10.461445,8.539185,-10.722258,8.23323
-12.263442,7.538418,-12.749048,6.960419
-13.989624,6.511128,-14.578371,5.800004
-14.594506,5.876792,-14.757694,5.678587
-15.77239,4.435751,-14.77478,5.659654
-17.14874,2.81375,-14.93698,5.557086
-18.659476,1.58406,-16.021305,4.890552
-18.022661,3.07365,-17.10637,4.214289
-14.412029,7.4658,-17.0649,4.265544
-11.479965,10.951014,-17.267406,4.10954
-5.634635,15.6062,-13.927336,6.209252
-2.599699,17.761543,-11.877689,7.445335
0.285656,19.553204,-9.504114,8.788758
2.777576,20.93735,-7.165209,10.089958
5.096075,22.129582,-4.817582,11.38829
5.599426,22.369706,-4.27244,11.679245
5.581683,22.015336,-3.570004,12.059546
3.660878,19.775975,-3.033834,12.345426
-0.496057,16.231264,-4.723988,11.427962
-4.024407,13.270977,-6.411427,10.513517
-6.737083,11.184874,-8.083165,9.615951
-9.234278,8.941105,-9.396903,8.746504
-10.205888,8.288455,-9.887521,8.663901
-10.893,8.031999,-10.704416,8.253762
-11.081245,7.909401,-10.97974,8.029467
-11.042736,7.967345,-11.078784,7.924549
-11.173327,7.922333,-11.326602,7.739625
-11.185736,7.933268,-11.438301,7.630958
-11.362504,7.843904,-11.6957,7.443284
-10.929262,8.273234,-11.271303,7.86984
-11.796896,7.591126,-12.111999,7.212047
-11.841284,7.881853,-12.610969,6.961143
-10.828726,9.315546,-12.930232,6.839365
-8.305632,11.751515,-12.129277,7.325572
-3.906036,16.040953,-11.144194,7.929198
-1.529613,18.122535,-10.340895,8.408387
1.35663,20.121805,-8.422789,9.467291
3.446328,21.231101,-6.365259,10.597703
5.427736,22.308275,-4.487717,11.615693
6.040534,22.638797,-3.91595,11.835301
6.93797,22.856983,-2.488582,12.692477
8.183331,23.604902,-1.465771,13.248142
6.347876,21.994043,-1.940859,12.955835
4.897894,20.642685,-2.216899,12.785173
2.176473,17.983675,-2.654498,12.526572
-2.355351,13.726001,-4.066456,11.732387
-8.373539,7.503564,-5.603499,10.863159
-9.530599,6.737119,-6.319646,10.590595
-11.258057,5.73215,-8.288167,9.362651
-11.774366,6.10805,-9.740209,8.577464
-12.35499,6.315164,-11.043845,7.894846
-11.0952,7.436359,-10.322812,8.356522
-10.293679,8.097483,-9.786722,8.697227
-9.428576,8.730697,-9.063484,9.159239
-8.651045,9.356384,-8.5467,9.478168
-7.740828,10.035826,-7.841645,9.918976
-6.942283,10.676563,-7.322247,10.238601
-5.638839,11.615034,-6.324406,10.830476
-2.352079,14.664193,-5.15745,11.519525
2.634931,19.46968,-4.179443,12.082724
6.235662,22.540698,-3.11378,12.58517
6.953222,22.660179,-1.901105,13.182836
7.660305,22.861148,-0.89714,13.661735
8.414972,23.149372,0.05914,14.154883
8.951064,23.22427,1.001412,14.640532
9.461343,23.261876,1.972851,15.151784
8.843863,22.929524,1.367253,14.821175
7.023434,21.281519,0.922243,14.580029
5.373324,19.875745,0.275447,14.217999
1.91116,16.724091,-0.791379,13.666514
-3.677687,10.8904,-1.678748,13.227622
-5.136653,9.888659,-2.724103,12.710755
-6.821329,8.852365,-4.249688,11.872802
-8.418579,8.011802,-5.92717,10.947351
-9.858484,7.256051,-7.433511,10.120722
-11.054762,6.499539,-8.5467,9.478168
-12.266137,5.814864,-9.806684,8.750376
-13.331093,5.203356,-10.905331,8.112031
-14.435202,4.436486,-11.87627,7.526354
-13.460138,6.294888,-13.026096,6.814936
-10.603941,10.188589,-13.992376,6.219737
-5.983006,14.39474,-12.275067,7.244576
-2.530788,17.19673,-10.586682,8.22328
0.28907,19.267321,-8.891589,9.19734
3.542553,21.357376,-6.416724,10.603343
6.089649,22.744839,-3.999674,11.939175
8.290632,23.778506,-1.550493,13.290974
9.362615,24.304664,-0.428814,13.879712
9.052588,23.463106,0.716713,14.489284
8.654177,22.50304,1.851869,15.092033
7.966448,21.793579,1.851869,15.092033
7.395559,21.131022,1.972851,15.151784
6.330218,20.015603,1.932331,15.121651
2.978542,16.640189,1.407289,14.851419
-1.23199,12.097289,0.918062,14.611076
-2.406292,11.051019,0.422638,14.369342
-4.403852,10.025138,-1.678748,13.227622
-11.042762,6.482496,-8.84408,9.133218
-8.539367,7.786821,-5.896198,10.916484
-15.107424,4.111561,-13.041351,6.655754
-15.945732,3.550818,-13.809617,6.194106
-16.47549,3.178566,-14.275095,5.910731
-16.760054,3.00993,-14.503597,5.806512
-16.078697,4.821262,-16.037057,4.872417
-10.664095,10.300202,-14.334589,5.995773
-6.975261,14.027563,-13.673005,6.33512
-0.010856,18.661259,-8.283053,9.541234
3.797726,21.108649,-5.352869,11.195001
6.268303,22.671586,-3.475732,12.203593
8.240381,23.675368,-1.478232,13.270876
9.865009,24.396554,0.397851,14.279202
11.195813,25.143095,1.609757,14.94173
12.320244,25.621796,2.978568,15.690166
13.044574,25.787378,4.182337,16.345942
12.127412,24.674905,4.622445,16.583757
10.87552,23.168174,5.103961,16.851959
8.933664,20.876683,5.543198,17.089361
5.776155,17.972939,4.503648,16.524896
1.991508,13.939123,4.254254,16.56174
-0.181753,12.239263,2.577373,15.481486
-3.258538,10.575373,-0.504124,13.819925
-6.055392,9.136441,-3.40958,12.259254
-4.122292,10.270713,-1.245218,13.617265
-10.201945,7.052483,-7.905246,9.783263
-11.49012,6.370317,-9.29338,8.99342
-12.783222,5.675375,-10.68985,8.187592
-13.670728,5.176397,-11.637094,7.627825
-14.168596,6.293897,-14.56172,5.818789
-9.368417,11.335142,-13.550229,6.470685
-5.052457,15.295196,-12.121869,7.261939
3.496415,20.55039,-4.801714,11.533252
8.333089,23.346191,-0.462578,13.939258
11.115965,25.021166,1.809015,15.131203
13.547318,26.276021,4.274229,16.448068
15.603344,27.251988,6.547879,17.658998
16.686102,27.784196,7.7436,18.312841
17.625753,28.182982,8.937253,18.967493
18.301177,28.328271,10.129773,19.623902
18.199182,28.019818,10.739025,20.00366
17.442653,27.107357,11.197475,20.306619
16.087655,25.454001,11.82518,20.717384
11.786002,21.697109,10.039251,19.719303
6.23506,16.389027,8.243453,18.723894
4.018354,14.915457,6.436156,17.728337
2.480892,14.109359,4.951115,16.973276
1.470492,13.844067,3.596475,16.294107
0.519587,13.748355,2.110845,15.567484
-1.909477,12.549469,-0.589868,14.059639
-5.426939,10.173767,-3.447334,12.462432
-8.48291,8.21275,-6.157882,10.928991
-9.275691,7.657904,-6.823607,10.534721
-7.65465,9.854895,-7.343981,10.215088
-3.998325,14.339507,-8.007407,9.820161
-0.834088,17.497113,-7.598921,10.022639
-0.891594,17.225965,-7.221921,10.196503
-0.215399,17.724302,-6.829356,10.389475
3.344625,20.797288,-5.652041,11.03055
2.84263,19.709289,-4.490812,11.656717
3.106122,19.462317,-3.475732,12.203593
4.828162,20.651955,-2.308833,12.833711
4.958852,20.194144,-1.153541,13.454018
6.115268,20.807412,-0.009109,14.066061
4.840364,19.850914,-0.742132,13.669819
1.392758,16.539045,-1.515334,13.242142
-1.565114,13.635588,-2.253609,12.840559
-3.339879,12.11856,-3.122868,12.37114
-4.041329,11.835153,-3.965469,11.923396
-4.872122,11.40528,-4.818114,11.468134
-5.284822,11.203664,-5.278415,11.211128
-5.668684,11.026962,-5.710089,10.978721
-6.018266,10.898715,-6.17274,10.71862
-6.525873,10.666861,-6.745073,10.411294
-7.045113,10.417378,-7.297003,10.123854
-7.497731,10.253504,-7.881031,9.806931
-8.194243,9.716725,-8.328028,9.56043
-7.465794,10.735694,-8.590165,9.432778
-6.297543,12.327577,-9.042264,9.181536
-4.204103,14.55534,-8.87714,9.280486
-2.629764,16.165873,-8.711952,9.379363
-1.453963,17.324226,-8.5467,9.478168
1.718435,19.619167,-6.587287,10.560317
4.409023,21.391621,-4.637263,11.62846
6.285871,22.350779,-2.721953,12.661834
8.069616,23.205076,-0.769963,13.724094
9.30636,23.539965,1.119605,14.73349
11.092019,24.408533,3.065232,15.788706
11.392768,24.35346,3.831951,16.209435
10.485213,23.060878,4.597146,16.62942
9.518385,21.656091,5.360846,17.048875
6.783626,19.167446,4.478425,16.572675
1.995549,14.242073,3.592486,16.094629
0.456767,12.996208,2.70275,15.614281
-1.654425,11.833996,0.623644,14.492673
-3.755224,10.679718,-1.445579,13.37995
-5.492492,9.955306,-3.515655,12.265946
-10.567518,7.223929,-9.013462,9.081372
-11.272463,6.750563,-9.594935,8.75966
-12.427659,5.925365,-10.508696,8.235647
-13.033602,5.570899,-11.099438,7.90331
-11.281651,7.959262,-11.510987,7.687256
-5.750712,13.190001,-9.476302,8.949687
-4.25921,15.51244,-10.854225,8.087716
2.292992,19.858591,-5.825529,11.04832
5.251915,22.006794,-4.08069,12.035067
8.951628,24.156906,-0.813166,13.841564
12.434427,26.044972,2.606703,15.725894
15.367537,27.518527,5.857939,17.523591
16.294002,27.860696,7.153559,18.21176
17.281738,28.206651,8.596883,18.9871
17.640259,27.997352,9.912939,19.707017
17.376974,27.540571,10.349582,19.946603
16.92589,26.88151,10.785288,20.186083
15.20595,24.860865,11.220117,20.425511
12.42237,22.370982,10.187484,19.851683
7.809537,17.72669,9.15039,19.277973
6.043497,16.295025,8.156015,18.746576
3.857399,15.060768,6.008951,17.551989
1.839115,14.015501,3.928897,16.429037
-0.269085,12.884612,1.782675,15.254171
-7.088497,9.329619,-5.595181,11.082305
-4.527398,10.661689,-2.616008,12.873618
-6.57508,9.597497,-4.754361,11.709771
-7.379208,9.132583,-5.561917,11.24687
-5.666122,11.496056,-6.203596,10.879752
-2.598172,15.34724,-7.011896,10.412243
3.982204,20.122519,-2.781975,12.777471
9.394668,23.619218,1.361773,15.038992
14.001037,26.324099,5.529342,17.334038
16.347019,27.731796,7.55081,18.411254
18.526833,28.932628,9.750657,19.612201
20.363033,29.884906,11.76468,20.71375
21.366686,30.453334,12.842461,21.335734
22.223938,30.887812,13.918517,21.962137
22.816823,31.067786,14.992999,22.59343
22.462852,30.653299,15.154027,22.691489
21.463096,29.63351,15.208039,22.744174
19.751629,27.759458,15.369307,22.84285
15.401121,24.04105,13.324183,21.678385
9.651857,18.643855,11.26368,20.51943
7.08805,16.917464,9.2329,19.407422
4.796348,15.555233,7.081742,18.2011
2.879218,14.539931,5.121772,17.128747
0.796176,13.438838,2.975278,15.951112
-0.724921,12.611112,1.469956,15.140798
-2.376877,11.732003,-0.217994,14.221816
-3.824873,10.992945,-1.726081,13.414026
-5.807319,10.017579,-3.947279,12.170433
-5.704301,11.358017,-6.014178,11.002694
-4.547465,13.896431,-8.256517,9.712768
1.126406,18.182121,-4.856346,11.605042
6.004568,21.625565,-1.703907,13.306962
10.261499,24.313315,1.631543,15.118587
13.293871,26.213976,4.006943,16.395893
15.978678,27.721633,6.55322,17.782163
18.463888,29.130863,8.909532,19.066119
19.719338,29.734925,10.523577,20.001359
20.762901,30.156976,12.13888,20.951832
21.059523,29.850882,13.755806,21.91991
20.364454,29.080693,13.863561,21.966094
19.7412,28.440492,13.757402,21.865277
18.084706,26.626018,13.866265,21.912672
14.002477,23.152324,11.977282,20.856029
8.807881,18.22605,10.28791,19.943129
6.352711,16.53843,8.414957,18.928745
4.67535,15.589212,6.844371,18.094957
3.145171,14.923995,5.083208,17.152121
1.492057,14.020451,3.536933,16.364344
0.285215,13.550285,2.253043,15.791162
-1.155949,12.837528,0.569654,14.805297
-2.493514,12.241097,-1.050192,13.888081
-3.139314,11.874884,-1.721214,13.495992
-2.329058,13.321558,-2.929908,12.635152
1.0634,17.328467,-3.049493,12.812088
5.914768,21.133201,-0.575669,14.151059
9.976791,24.063313,1.881832,15.479444
13.163419,26.114975,4.331129,16.810348
15.670897,27.609369,6.439977,17.891975
17.547053,28.455851,8.693566,19.0751
19.032838,29.001668,10.785288,20.186083
19.14619,28.876388,11.181517,20.340266
18.759324,28.243236,11.63105,20.544789
18.388329,27.606161,12.132297,20.795638
18.416287,27.563077,12.337851,20.928786
18.176632,27.239376,12.592335,21.10675
17.341312,26.279562,12.850821,21.290481
13.7517,23.174044,11.245146,20.348272
7.740539,17.30395,9.479753,19.32934
5.654074,15.823057,7.875071,18.415997
3.370295,14.532746,5.68342,17.230547
1.015727,13.271335,3.310209,15.945978
-1.285843,12.070669,0.949655,14.676837
-3.430709,10.956153,-1.247126,13.503224
-5.868263,9.602086,-3.649868,12.198826
-7.847428,8.68747,-5.875792,10.997882
-9.339228,7.609626,-7.158245,10.196258
-7.525679,10.37385,-7.749987,10.116704
-4.926123,13.978101,-9.087563,9.30878
-0.149348,17.979375,-6.911323,10.620663
2.819646,20.119675,-5.352869,11.195001
6.281731,22.498789,-2.890914,12.738041
8.374571,23.814279,-1.411075,13.409806
10.062572,24.677324,0.230435,14.216292
11.432165,25.286955,1.770797,15.005455
11.83296,25.489784,2.214162,15.271532
12.533794,25.630259,3.420064,15.928798
13.451441,25.915012,4.782963,16.673123
13.516276,25.754578,5.30672,16.97288
12.847737,24.857813,5.83139,17.274968
11.124661,22.834397,6.357091,17.57962
7.085148,19.222276,4.909594,16.767588
1.314664,13.331021,3.664069,16.080011
-0.657854,11.88957,2.214162,15.271532
-3.109185,10.666007,-0.379783,13.881596
-5.44722,9.481393,-2.822509,12.576498
-7.890833,8.273023,-5.430761,11.177915
-12.034295,6.024432,-9.946017,8.54072
-10.409277,6.903946,-8.094151,9.662203
-11.752521,6.154267,-9.502384,8.850043
-12.213319,5.886369,-9.97279,8.576305
-10.186558,8.604694,-10.443617,8.301036
-6.647877,12.92667,-10.91482,8.024224
-4.047061,15.915058,-11.252341,7.75198
3.452422,20.538006,-4.890415,11.453505
7.259546,22.889213,-1.807525,13.164016
9.98442,24.484404,0.47639,14.338168
12.369714,25.710405,2.855812,15.602093
14.562625,26.740252,5.259717,16.893308
14.925411,26.812929,5.899135,17.246326
15.107752,26.632047,6.737272,17.715081
14.53798,25.782762,7.376081,18.070045
13.71448,24.863148,7.57604,18.187763
12.424442,23.523957,7.57604,18.187763
11.942861,22.920935,7.776788,18.306973
9.147109,20.609594,6.462629,17.594893
3.804484,15.308668,5.188584,16.915107
1.766993,13.719089,3.951302,16.266895
-1.929235,11.442673,0.671205,14.490469
-4.867844,9.955314,-2.427918,12.820139
-7.951516,8.389049,-5.704159,11.038034
-9.600106,7.394188,-7.322622,10.099542
-11.185471,6.457383,-8.915354,9.174291
-12.806687,5.461279,-10.508696,8.235647
-13.545936,4.94762,-11.163158,7.839039
-13.939837,6.40994,-14.417184,5.829308
-7.944583,12.210703,-12.305748,7.140855
-5.889834,14.904024,-13.138614,6.514881
3.858377,20.5345,-4.110306,11.77171
8.441107,23.201357,-0.082165,13.985331
10.242103,24.391409,1.168591,14.656052
11.710009,25.303797,2.294947,15.26463
12.895874,25.865272,3.583068,15.965221
13.742253,26.325963,4.383504,16.405282
14.323534,26.546558,5.145923,16.822525
14.561088,26.423495,5.945057,17.261981
14.53295,26.110132,6.583879,17.613806
14.101658,25.450495,7.100027,17.902136
12.51887,23.514852,7.738179,18.255502
8.503786,19.838109,6.499505,17.574071
3.025605,14.174715,5.419607,16.981533
1.735551,13.191406,4.715671,16.686252
-0.842625,11.653568,2.172673,15.217556
-2.697448,10.840712,0.035531,14.069639
-4.313588,10.186728,-1.856223,13.081812
-4.136678,10.765156,-2.401569,12.798326
-4.185696,11.07165,-2.952209,12.51157
-4.5858,10.956337,-3.47633,12.249025
-4.898242,10.704126,-3.70425,12.099576
-3.827653,12.062322,-3.900145,11.978238
-2.998906,13.133328,-4.128679,11.829885
-3.496696,14.010812,-6.700439,10.316271
5.071396,19.884742,-0.303888,13.941293
8.689327,22.716186,1.527168,14.94416
11.807636,24.9618,3.721499,16.351776
14.012167,26.599412,4.55437,16.595729
15.494555,27.385861,6.035466,17.398744
15.164178,26.856575,6.562029,17.705232
13.82626,25.241238,7.205844,18.069232
11.878686,22.970532,7.734297,18.380802
10.702727,21.436058,8.264169,18.695702
11.493171,22.028019,8.843264,19.055574
12.21196,22.544734,9.426141,19.423013
11.439033,21.777975,9.263908,19.328637
8.070217,18.13798,8.939487,19.140304
7.297071,17.319133,8.825542,19.08924
4.942662,15.661342,7.107445,18.170017
3.135238,14.662324,5.365083,17.239419
1.546214,13.918305,3.675598,16.368698
0.838407,13.662929,2.758903,15.869094
0.651026,13.909573,2.039417,15.496994
-0.127421,13.573646,1.111766,14.989402
-1.077819,13.036675,0.212092,14.510635
0.349543,15.110033,-0.528255,14.122522
2.423346,17.888145,-1.442779,13.631306
5.987161,20.992446,-0.193955,14.316772
8.9825,23.362858,1.213364,15.091132
11.356786,25.152783,2.44422,15.760758
14.168541,26.515835,5.664186,17.521777
17.071315,28.089918,8.703662,19.200825
19.387756,29.086927,11.854689,20.966261
17.09976,27.547592,10.039106,19.937193
15.502739,26.66209,8.373545,19.006168
13.042617,24.994483,6.528546,17.976277
11.197289,23.673979,5.332386,17.328515
8.331198,21.282633,4.12539,16.674791
6.474738,19.934608,2.944619,16.051292
5.216858,18.646991,2.886016,16.064349
2.383794,15.579934,2.824205,16.076836
1.561557,14.732929,2.759241,16.088728
0.531563,14.114356,1.812403,15.565125
-1.081481,12.921767,0.722873,14.972812
-1.964211,12.474412,-0.204985,14.473682
-8.16016,8.884784,-6.549356,10.753823
-3.944268,11.138709,-1.817295,13.567775
-4.894875,10.514858,-2.613597,13.126073
-9.707628,7.829579,-7.806178,10.048392
-8.846104,9.494726,-8.938222,9.388258
-2.099639,14.928478,-4.89018,11.829255
-0.359968,17.692877,-6.842407,10.602404
7.354331,22.568119,-0.374332,14.373811
10.327316,24.520934,1.876674,15.636231
14.672413,27.543172,4.601896,17.087198
16.802933,28.546127,7.125278,18.432175
19.128475,29.721869,9.794272,19.886421
20.013545,29.713848,11.694648,20.812628
20.333652,29.178271,13.487521,21.721322
21.603858,29.503371,15.488667,22.781476
19.910077,28.14446,14.727338,22.394748
17.089002,25.604829,13.863561,21.966094
15.609226,24.402397,13.217562,21.691134
14.078187,22.688903,13.162619,21.638247
12.100779,20.424311,13.053942,21.534461
11.413607,19.626564,13.000281,21.483624
9.863903,18.739747,11.433113,20.567847
7.929622,17.508332,9.701284,19.567835
6.376442,16.639621,8.128685,18.671805
4.360976,15.405454,6.318776,17.674475
2.591904,14.458624,4.538693,16.710955
0.774436,13.464142,2.740093,15.737245
-0.20648,12.983107,1.669605,15.152235
0.553112,14.619689,0.393482,14.437409
2.605145,17.520844,-0.685522,13.844949
6.828449,21.230031,0.774698,14.620378
9.67975,23.331753,2.457142,15.540516
11.977905,24.943082,3.922855,16.324439
15.339846,27.293414,6.11134,17.542963
17.416363,28.352222,8.452965,18.858818
19.415037,29.436639,10.623373,20.09105
19.80355,29.457853,11.442007,20.523743
19.793181,29.141098,12.147081,20.90693
20.082213,29.053036,12.961738,21.340014
20.077982,28.920271,13.184949,21.440417
18.473766,27.207127,13.204962,21.407599
17.459551,25.933099,14.025133,22.063749
13.717088,22.618853,12.043813,20.719179
9.987657,18.931531,11.47876,20.665274
7.860728,17.279307,10.063254,19.844624
4.641442,15.137716,7.029012,17.92909
3.275812,14.785337,5.579378,17.439952
0.239489,12.838981,2.540494,15.522987
-1.184723,12.202084,0.911153,14.644996
-2.570366,11.514975,-0.570383,13.847033
-4.083541,10.77032,-2.19706,12.971557
-2.641555,11.689428,-0.919166,13.690039
-3.446625,12.692436,-4.227085,11.790638
-0.031803,15.984638,-3.246018,12.352833
1.445767,17.947331,-3.932671,11.950797
10.641146,23.529177,4.215948,16.579741
13.90091,26.225822,5.529342,17.334038
12.617509,26.050121,2.943803,15.866014
18.022985,28.565756,9.426141,19.423013
18.602951,28.907765,9.733823,19.500638
20.226115,29.446865,12.132297,20.795638
14.421443,26.353939,5.992072,17.365073
16.887519,26.923985,10.129773,19.623902
16.342996,26.154216,10.608333,19.896011
15.104368,24.697316,10.970282,20.113398
14.078053,23.345739,11.44912,20.388309
10.387645,20.591068,9.137391,19.170638
6.982288,17.43055,8.013697,18.619748
4.979345,16.104671,6.409018,17.75349
1.709873,14.116131,3.636124,16.331313
-0.559003,13.153363,1.112547,15.06199
-2.795506,11.986753,-1.18969,13.820651
-2.318458,13.643883,-2.857079,13.040463
-2.471436,13.561949,-3.026971,12.939306
-2.624322,13.480098,-3.196777,12.8382
-2.777117,13.398325,-3.366497,12.737141
-2.492312,13.715847,-3.366497,12.737141
-2.005151,14.254302,-3.389438,12.709017
-1.562524,14.743441,-3.366497,12.737141
-1.464098,14.849967,-3.389438,12.709017
-0.849911,15.43528,-3.219914,12.809831
0.260325,16.382476,-2.758708,13.054629
1.758088,17.735267,-2.274847,13.326736
3.801788,19.636863,-1.817295,13.567775
4.579165,20.129996,-1.193023,13.906374
4.9411,20.196789,-0.599756,14.210458
5.574756,20.544205,0.017466,14.542622
5.495358,20.152045,0.631528,14.872008
5.407931,19.745058,1.242295,15.198634
5.422016,19.439826,1.849636,15.522518
3.395089,17.497912,1.410603,15.297166
1.102005,15.308655,0.830893,15.004548
-0.0698,14.261622,0.384726,14.773861
-0.430555,14.219513,-0.233401,14.441316
-0.955369,13.992654,-0.854553,14.106023
-1.449351,13.800829,-1.478587,13.76797
-1.939622,13.340592,-1.622115,13.69823
-2.627355,12.74637,-1.935782,13.527611
-3.173161,12.219317,-2.080403,13.456965
-3.02471,12.482806,-2.225491,13.385969
-2.403022,13.36636,-2.565051,13.184295
-1.215205,14.777008,-2.710841,13.112552
1.171362,17.027648,-2.080403,13.456965
0.917906,16.502289,-1.5964,13.728723
0.675147,15.894972,-0.943243,14.100181
2.182334,17.278634,-0.433256,14.40241
3.207812,18.129922,0.049409,14.672252
3.92441,18.648642,0.560158,14.975167
3.916812,18.559923,0.759555,15.110648
3.162129,17.751537,0.788433,15.145125
2.597304,17.056622,0.98844,15.281959
3.642777,17.855239,1.674228,15.691873
4.647613,18.60805,2.361471,16.103781
4.946791,18.596882,3.018002,16.478903
4.257972,17.762095,3.190139,16.582431
4.053763,17.362546,3.501607,16.750132
3.903388,17.106332,3.640325,16.813825
1.983057,15.938148,1.724186,15.649502
0.322328,14.974943,-0.007091,14.606382
-1.320142,14.123903,-1.895258,13.47793
-2.142417,13.652422,-2.737782,12.982
-2.75496,13.325291,-3.386122,12.613624
-3.657468,12.761866,-4.179939,12.171354
-4.666909,12.074873,-5.042623,11.647995
-4.683423,12.419061,-5.734866,11.225744
-4.561894,13.002448,-6.570481,10.729735
-1.353124,15.853638,-5.41978,11.319253
1.75631,18.535902,-4.273749,11.911756
3.485629,19.746404,-3.155737,12.483554
4.560262,20.604946,-2.630336,12.796785
5.24043,21.133515,-2.269185,13.015876
6.349045,22.022471,-1.77328,13.301363
8.12409,23.007125,0.109056,14.478765
6.557022,21.63897,-0.515594,14.000327
5.474454,20.526624,-0.515594,14.000327
5.073262,19.784418,0.145719,14.379903
4.195267,18.606887,0.607216,14.632084
3.576362,17.589532,1.268667,15.011717
2.526728,16.676159,0.876943,14.826443
0.758739,14.948875,0.512861,14.670928
-0.373714,13.93086,0.109056,14.478765
-0.27625,13.845179,0.600693,14.838606
-4.969926,11.175124,-4.13043,12.136328
-5.291278,10.900703,-4.179939,12.171354
-7.488727,9.482795,-6.172794,11.001545
-7.384576,9.322492,-5.648536,11.325775
-10.942586,7.222113,-9.306878,9.143505
-10.650346,7.468332,-9.232847,9.136273
-7.24553,11.426848,-9.311007,9.049229
-4.304641,14.623168,-9.228421,9.060333
0.60925,18.507813,-6.582149,10.634668
4.587698,21.227995,-3.728769,12.322386
7.876917,23.313044,-1.050192,13.888081
9.659365,24.244198,0.712517,14.800618
10.287683,24.046148,2.501518,15.749487
12.901412,25.823798,4.256925,16.674507
13.436589,25.88517,5.329075,17.263577
13.916301,25.968259,6.18664,17.71358
14.809541,26.391584,7.245805,18.296348
14.875601,26.119971,8.019146,18.730405
14.630934,25.449777,8.954475,19.260963
14.173723,24.606164,9.723963,19.696442
11.204085,21.926262,8.771984,19.205543
6.626793,17.449862,7.641171,18.610585
4.870376,16.051426,6.66052,18.104549
3.753346,15.781107,4.997707,17.199144
2.079322,14.782117,3.482651,16.380355
0.394191,13.871908,1.782566,15.452179
-0.12236,13.651548,1.177846,15.13012
-0.94806,13.077056,0.569654,14.805297
-1.161756,13.205966,-0.041886,14.477685
-1.423077,12.9997,-0.180522,14.411436
1.211446,16.139003,-0.517158,14.21428
3.181594,18.353857,-0.656643,14.147265
6.697172,21.177212,1.010037,15.032219
10.785538,24.448699,2.814064,15.990901
13.447845,26.329248,4.458023,16.868135
15.638265,27.628179,6.407026,17.922013
17.53327,28.605517,8.490742,19.057548
19.269459,29.515888,10.430277,20.132779
19.438933,29.505883,10.818812,20.327121
19.392991,29.281184,11.257324,20.569966
19.284008,28.989377,11.694648,20.812628
18.659886,28.236628,11.914615,20.907056
17.990387,27.348173,12.349423,21.148761
17.284402,26.394707,12.783241,21.390439
14.289758,23.680241,11.699256,20.760517
9.484598,18.733306,10.775704,20.230533
8.044021,17.70118,9.687418,19.607307
6.793933,17.236233,8.135512,18.781998
5.90462,17.188325,6.604889,17.987905
4.169132,16.17549,5.082943,17.215812
3.454429,15.888624,4.319483,16.869489
2.50307,15.435796,3.399872,16.448852
2.660368,16.156498,2.652891,16.148141
2.319358,15.864288,2.482513,16.046896
2.534111,16.193509,2.312212,15.94577
4.350495,18.276733,2.173661,15.881239
6.331748,20.072455,2.856031,16.28727
7.564651,21.057731,3.539674,16.695355
8.837214,22.080214,4.224614,17.10567
7.563829,20.49782,4.59594,17.250036
8.248113,20.908363,5.129083,17.491398
8.511724,20.954423,5.483331,17.626555
10.324547,22.724324,5.741449,17.742411
13.79151,26.117981,5.996961,17.856777
14.64857,26.833786,6.249854,17.969672
9.814514,22.508256,4.950417,17.222354
6.283623,19.390891,3.649919,16.477966
4.224862,17.824554,2.348517,15.735581
1.913148,15.951983,1.210174,15.164328
0.309586,14.959925,-0.121987,14.476022
-0.850898,14.382587,-1.282836,13.89907
-1.137735,14.152968,-1.426588,13.829374
-1.176228,14.111762,-1.400796,13.860247
-1.922492,13.363675,-1.570821,13.759327
-2.690552,12.950382,-2.419717,13.255691
-3.121674,12.916735,-3.266597,12.753383
-4.241208,12.103715,-4.134139,12.225081
-4.685742,11.597854,-4.134139,12.225081
-4.322908,12.103515,-4.280247,12.151846
-4.063754,12.39666,-4.280247,12.151846
-3.81187,12.85996,-4.617508,11.95153
-3.397932,13.410673,-4.807955,11.825306
-3.512893,13.459536,-5.144412,11.625485
-3.631954,13.415526,-5.334137,11.500147
-3.829052,13.37352,-5.691296,11.275714
-4.20327,13.046121,-5.880391,11.151377
-3.955384,13.14432,-5.523652,11.375233
-3.412526,13.659016,-5.334137,11.500147
-1.292155,15.802646,-4.976221,11.725392
2.677041,19.348274,-3.795392,12.333375
4.802102,21.004982,-2.807357,12.823314
4.264057,19.864597,-1.64959,13.420681
2.302403,17.691739,-1.392851,13.607312
-2.26221,12.417171,-0.969828,13.893183
-2.335612,12.2332,-0.685383,14.115792
-4.346929,10.662913,-1.974886,13.388773
-5.189929,10.44772,-3.267318,12.656916
-6.512954,9.66939,-4.562159,11.919591
-7.288843,9.239607,-5.377938,11.449372
-7.934573,9.056698,-6.340306,10.901789
-9.084397,8.18253,-7.156875,10.426108
-9.538114,7.837235,-7.491238,10.225937
-6.359677,11.696059,-7.806178,10.048392
-3.4914,15.029319,-8.140215,9.847617
1.575582,18.833109,-5.065154,11.622261
5.344307,21.224141,-1.974886,13.388773
9.358593,23.855402,1.074046,15.100184
13.715658,27.015371,3.519672,16.4182
15.574557,27.803209,5.91485,17.70188
17.344032,28.538814,8.255799,18.954544
16.711703,27.679013,8.771984,19.205543
16.2448,26.893216,9.446163,19.550129
16.74407,27.143607,9.950501,19.795314
15.714256,26.681313,8.771984,19.205543
13.469952,25.05676,7.491905,18.593925
10.383334,22.482462,6.333088,18.055858
7.833151,19.986142,5.788246,17.715291
4.928821,16.933408,5.372008,17.435234
3.819509,15.950901,4.830997,17.101774
2.079322,14.782117,3.482651,16.380355
0.954899,14.235464,2.251102,15.709814
-0.196934,13.752049,0.874176,14.968055
-2.029216,12.680734,-0.88229,13.986214
-3.731975,11.755975,-2.646752,12.994762
-5.918621,10.266943,-4.394359,12.018705
-6.462942,9.91902,-4.874861,11.747302
-4.139049,12.939204,-5.523652,11.375233
-1.985933,15.561441,-6.005208,11.101285
2.445316,19.345389,-4.297854,12.037811
5.901547,22.025961,-2.613037,12.949162
8.167319,23.487495,-0.923187,13.866509
8.336224,23.312128,-0.18552,14.253661
8.407742,22.957412,0.74517,14.763996
9.397417,23.599574,1.469956,15.140798
10.057316,23.793688,2.403526,15.596291
10.911241,24.190995,3.314579,16.039325
11.660802,24.481691,4.248179,16.508717
10.809108,23.512202,4.538693,16.710955
10.618934,23.144742,4.951115,16.973276
10.854651,23.294962,5.200848,17.1449
7.936297,20.602536,4.42176,16.711561
2.615381,15.016224,3.764658,16.335022
1.102007,13.730939,2.98346,15.901638
-1.669357,12.098156,0.441934,14.537278
-4.323013,10.511614,-1.951713,13.258248
-6.880639,9.138843,-4.513565,11.886475
-11.892298,6.365258,-9.991458,8.629196
-12.487575,5.936292,-10.485928,8.329725
-12.230444,6.053405,-10.156353,8.529457
-9.33464,7.587865,-6.801699,10.558673
-8.856202,10.307812,-10.575277,8.313168
-3.194972,15.189991,-7.883925,9.95732
-1.575839,17.50219,-9.145643,9.148698
5.66409,21.858953,-2.752889,12.880312
8.841899,23.852842,-0.193955,14.316772
11.236181,25.31323,1.742476,15.339753
12.932159,26.183341,3.470865,16.236144
14.682146,27.052429,5.365083,17.239419
15.784159,27.611887,6.589706,17.916099
16.596177,27.836043,7.971794,18.686628
17.363568,28.082977,9.2329,19.407422
17.519122,28.044834,9.723963,19.696442
17.000119,27.326198,10.21526,19.986901
16.094802,26.180045,10.758541,20.328342
13.213908,23.46845,10.089684,19.986021
8.68427,18.712658,9.579007,19.738611
7.196027,17.434579,8.895583,19.38877
6.59449,17.465795,7.74884,18.783026
5.731127,17.203032,6.542707,18.124448
4.447309,16.461702,5.365111,17.501624
4.318966,16.942724,4.377107,17.008013
3.631295,16.793942,3.369744,16.501624
2.690342,16.36849,2.344136,15.982564
2.259046,15.887424,2.344136,15.982564
4.444893,18.3798,2.205209,15.917876
6.824161,20.907121,2.236641,15.954682
10.967707,23.971165,4.802759,17.393314
14.124241,26.041894,7.341405,18.819185
16.884281,27.756108,9.894466,20.286508
18.472495,29.521099,9.611084,20.228266
18.704097,29.8287,8.677087,19.375818
18.542519,29.84503,8.219317,19.12151
20.93761,30.900508,11.507484,20.940767
23.885311,32.727834,15.963009,24.15297
25.619892,33.246776,19.315082,26.165502
25.688611,32.883344,20.23597,26.665049
26.403161,33.156849,21.307244,27.271198
25.918783,32.144115,22.190092,27.754253
23.167003,29.693989,21.016875,27.164146
19.46754,26.069093,20.041934,26.749711
17.789888,24.955908,18.913529,26.276308
15.04593,23.088957,16.324386,24.570415
12.630436,21.637988,13.747774,22.91616
10.025781,19.996192,11.181327,21.307039
9.201464,19.506312,10.358899,20.816051
8.494398,19.152423,9.53515,20.326603
7.550585,18.53174,8.710183,19.838595
7.298045,18.334893,8.536537,19.73107
10.036921,21.556377,8.231424,19.566363
12.482258,24.239777,8.057714,19.459039
16.146218,27.16041,9.919971,20.491967
19.154671,29.356645,11.92484,21.620265
21.643717,31.129725,13.778819,22.689195
23.88191,32.691898,15.606908,23.753532
25.416696,33.585742,17.40732,24.813457
26.795697,34.353281,19.246902,25.943081
27.313923,34.555099,19.983317,26.319958
28.202733,35.098479,20.872501,26.802303
28.51123,35.085425,21.654224,27.244163
28.256205,34.633026,22.078452,27.50313
27.827548,34.037527,22.335995,27.649526
26.492796,32.33244,22.757672,27.908252
23.625087,29.582989,21.727004,27.322055
20.263518,26.149331,20.777027,26.766573
18.670935,24.929549,19.64711,26.095652
16.427253,23.400624,17.788116,25.007323
14.49045,22.278031,15.888947,23.908477
12.81056,21.486698,13.950535,22.798596
11.164841,20.576559,12.269547,21.83733
9.528894,19.694949,10.565638,20.869612
7.742472,18.659753,8.883923,19.946334
7.419083,18.47239,8.536537,19.73107
10.145627,21.674513,8.231424,19.566363
12.52018,24.352124,7.884099,19.351923
15.422893,26.905721,8.883923,19.946334
17.568725,28.659354,9.837597,20.490204
19.472852,30.171209,10.833525,21.088189
21.413957,31.43272,12.544771,22.063808
23.214823,32.544087,14.461783,23.207592
24.651681,33.381047,16.189261,24.243157
25.845853,34.108132,17.618615,25.12444
24.992881,32.758237,18.799484,25.820262
23.734838,30.784401,20.206371,26.705566
22.173975,29.239627,19.692275,26.358713
22.043134,29.393444,19.00774,25.900028
21.087925,28.543218,18.494995,25.558789
18.014104,25.841771,16.91415,24.574834
14.945053,23.251867,15.094321,23.423702
13.035524,21.92915,13.498441,22.459197
11.711036,21.113825,12.390652,21.887942
10.888218,20.79937,11.48054,21.469579
9.936804,20.440214,10.370053,20.927028
9.889437,20.560476,10.019559,20.706263
9.78664,20.617385,9.669493,20.486457
9.329954,20.278886,9.319848,20.26759
8.247106,19.583871,8.231424,19.566363
8.317609,20.085826,7.32361,18.984207
7.907501,20.137896,6.287485,18.351696
9.955019,22.32765,6.133809,18.173533
13.899037,26.350628,6.017588,18.042248
15.755127,28.142675,5.860751,17.869873
16.869746,28.497821,7.280626,18.451409
18.019311,28.908708,8.742062,19.119777
19.871154,29.979236,10.966322,20.53042
19.781195,29.678809,10.747595,20.10198
20.253665,29.83937,11.454186,20.484689
20.401719,29.743244,11.999283,20.7739
20.214672,29.436725,12.369012,21.006067
19.412305,28.569442,12.529603,21.100698
18.153481,27.133057,12.901087,21.336691
15.217479,24.349602,12.197646,20.953065
9.418317,18.239727,11.331046,20.474536
8.090151,17.110628,10.67383,20.136914
6.128916,16.176728,8.578498,19.024189
-1.339693,12.422762,0.429652,14.469556
2.236363,14.395221,4.448318,16.928099
-3.991988,11.087939,-2.225574,13.124249
-0.621629,12.882517,1.611339,15.430757
-2.020289,12.123275,0.245173,14.707484
-2.595281,11.743094,-0.261989,14.409054
0.78511,15.840999,-0.768537,14.111258
3.324122,18.827196,-1.274481,13.814018
7.397376,22.18069,0.493501,14.806546
10.590662,24.51212,2.387991,15.853929
12.923689,26.05578,4.134418,16.829388
15.350814,27.518168,6.207981,17.926845
17.31166,28.560708,8.231111,18.994325
19.081494,29.445136,10.305423,20.133901
19.642041,29.582216,11.251154,20.623008
19.91892,29.499313,12.021214,21.008338
20.481734,29.636908,12.999936,21.539968
19.204844,28.196246,13.436107,21.843918
19.207149,28.056118,13.875898,22.154276
19.842752,28.581108,14.377284,22.529164
16.668443,25.439298,13.832534,22.236429
12.548178,21.090548,13.283885,21.942116
11.02194,19.660051,12.731114,21.646056
8.86789,18.693017,10.258662,20.288319
5.974543,16.909964,7.723369,18.90446
3.68536,15.85685,5.204152,17.574787
3.281764,15.674256,4.730141,17.310927
2.680237,15.266182,4.255019,17.046488
2.142087,14.930917,3.778822,16.781451
1.062617,14.256482,2.790533,16.211914
4.02784,18.010432,1.971838,15.743867
5.75159,20.33319,1.012342,15.209566
9.863708,23.642942,2.860756,16.200266
12.868507,25.733441,4.884233,17.308316
15.354142,27.389137,6.711339,18.29958
17.679312,28.84815,8.630747,19.328055
19.493679,29.784045,10.726255,20.48753
21.108485,30.615034,12.621019,21.534823
21.982762,31.016096,13.548204,21.953493
22.631371,31.249328,14.352033,22.321394
23.233608,31.368722,15.315071,22.789755
22.505428,30.822237,14.93989,22.600234
21.560544,29.990174,14.782716,22.56456
19.793086,28.344205,14.464895,22.431633
16.516841,25.402479,13.217562,21.691134
10.252155,19.064153,11.751849,20.809883
8.240403,17.447888,10.501343,20.085732
5.84231,16.121911,8.135512,18.781998
3.48282,14.86506,5.73718,17.468979
1.172517,13.676648,3.344662,16.177875
0.142251,13.131474,2.335432,15.65356
-1.01607,12.543461,1.111766,14.989402
-1.997675,12.063417,0.077332,14.446384
-2.747283,11.666026,-0.665072,14.056765
0.272309,15.635243,-1.58172,13.563836
2.696609,18.660667,-2.364299,13.133499
8.079282,22.590926,0.977714,14.998377
12.156932,25.255971,4.075448,16.693729
15.732069,27.39095,7.370334,18.540341
17.826894,28.756115,9.061802,19.487789
19.3834,29.677986,10.572941,20.333712
20.810783,30.436272,12.23542,21.278131
22.280467,31.259051,13.882963,22.223354
23.410115,31.819585,15.351835,23.068125
24.579822,32.382896,17.033646,24.080963
24.398058,32.07013,17.175648,24.09983
23.581524,31.153628,17.15751,24.01862
22.452006,29.827622,17.363757,24.102791
19.747558,27.229152,16.671032,23.712977
14.345492,21.487019,15.813985,23.222382
12.99256,20.308273,15.174793,22.891045
10.616414,18.969794,12.784468,21.508644
9.450201,18.869915,11.602696,21.343555
6.327881,16.708801,8.397169,19.092697
-1.92372,12.372703,-0.482336,14.031649
1.943215,14.521368,3.761103,16.592812
-0.34528,13.390655,1.337465,15.302173
-0.620266,13.263113,0.999686,15.10367
2.161908,16.572559,0.692611,14.939107
4.666283,19.437627,0.354907,14.740712
10.330725,23.49705,3.908518,16.596409
14.963756,26.528239,7.38398,18.425745
18.631557,28.655496,10.82706,20.278233
21.338247,30.490042,12.999936,21.539968
23.603276,31.929624,15.107055,22.763736
25.594316,33.146695,17.26048,24.060588
26.582296,33.838257,18.29325,24.739678
27.31416,34.232894,19.493116,25.538612
27.870671,34.513942,20.601589,26.318469
27.844625,34.347593,21.368049,26.93869
26.492607,32.709831,21.087456,26.505454
25.432475,31.341279,21.70456,26.970347
22.649049,28.583642,20.861104,26.463467
20.0114,25.81568,20.992795,26.998723
18.309452,24.297678,20.053359,26.39544
14.385061,21.895206,16.156895,23.973861
10.613727,19.766744,12.25172,21.65082
6.878282,17.75463,8.279877,19.345164
5.292842,16.861154,6.699578,18.452516
3.883776,16.083679,5.241478,17.616752
2.350765,15.262567,3.642668,16.719036
1.533346,14.794978,2.823345,16.249509
3.053322,16.944515,1.971838,15.743867
5.011074,19.476406,1.152436,15.275649
10.922633,23.635631,5.26082,17.550813
16.197442,27.258577,9.1527,19.724304
21.043985,30.500966,13.229465,22.092419
24.138898,32.496427,16.727386,24.370029
26.494904,33.834412,19.070205,25.54933
29.581027,36.012499,22.243994,27.615674
29.277843,35.425153,22.468492,27.596819
29.493449,35.428076,23.051497,27.964705
30.193144,36.01591,24.548829,29.328034
29.035301,34.632103,24.397264,29.099569
27.308374,32.63794,24.089967,28.76628
26.443472,31.554958,24.031578,28.637196
22.203529,28.439593,20.312972,26.208001
16.750498,24.055565,16.687562,23.981939
12.384282,21.082019,12.952382,21.738062
10.844015,20.08779,11.674064,21.042306
9.433161,19.258913,10.376532,20.338618
8.343215,18.71652,9.27468,19.776983
7.013873,18.005276,7.979553,19.099588
5.870901,17.518898,6.659443,18.407694
4.495459,16.779547,5.315764,17.701258
3.31577,16.17786,4.087712,17.043201
4.888708,18.614722,2.813987,16.337128
5.964258,20.409303,1.562033,15.661649
8.145911,22.639176,1.472858,15.553299
10.321159,24.718794,1.583848,15.583709
11.591307,25.936617,1.523098,15.512469
14.295964,27.429249,4.111877,16.887186
16.383445,28.320564,6.837684,18.355587
18.537635,29.382578,9.324675,19.68408
20.192281,30.403618,10.635803,20.331801
20.921669,30.486552,12.074903,21.059816
21.696801,30.667876,13.378341,21.730012
21.593412,30.509445,13.650803,21.93426
20.847839,29.75843,13.819133,22.09839
19.647354,28.448287,14.097115,22.311813
15.187583,24.850179,11.526579,20.768954
7.870479,17.918787,9.118344,19.357198
4.562448,15.573651,6.589706,17.916099
2.98445,14.841115,4.876232,17.017045
1.417987,14.13191,3.166258,16.133986
0.187951,13.823777,1.447452,15.256931
0.266212,14.004942,1.312949,15.193712
0.32002,14.2506,1.010037,15.032219
0.488487,14.530488,0.905857,15.001813
0.065297,14.415063,0.324901,14.707661
1.063579,15.972882,-0.430906,14.309722
1.952761,17.281661,-0.99681,14.037397
4.69832,19.862853,-0.318422,14.438324
5.947262,20.92181,0.162624,14.706689
7.124982,21.823433,0.842246,15.108802
8.791383,22.850496,2.247949,15.872639
10.52517,23.880965,3.808838,16.725781
12.358292,25.09108,5.22263,17.5092
13.279644,25.536394,6.247006,18.042439
13.22022,25.065338,7.088389,18.466496
13.694745,25.060272,8.128496,19.02798
13.104692,24.94227,7.174355,18.556174
11.3824,23.743453,6.030026,17.970772
8.658356,21.423879,5.033909,17.473046
7.968115,20.689139,5.144684,17.598454
5.013787,17.545119,5.082655,17.621961
4.583302,17.070725,5.191026,17.750205
3.511843,16.316657,4.363183,17.269768
2.587863,15.635647,3.673738,16.853749
1.246987,14.576657,2.181404,15.638427
0.433,14.290784,1.614061,15.61958
-0.91994,13.393065,0.36119,14.840525
-1.994898,12.814348,-0.854553,14.106023
-3.582593,11.740866,-2.364299,13.133499
-3.658412,12.506029,-3.999862,12.116259
-1.781602,15.347633,-5.45815,11.211342
2.597585,19.713236,-4.882505,11.57885
3.419813,20.303152,-4.332248,11.922303
3.975605,20.622976,-3.780683,12.267769
7.020118,22.866794,-2.088361,13.191432
7.304546,22.446501,-0.582362,13.999018
9.304007,23.659191,1.103255,14.916741
10.396333,24.373807,1.96712,15.426974
11.622333,25.152879,3.000013,16.037737
11.885226,25.056642,3.908518,16.596409
10.787287,23.69985,4.337882,16.751416
10.845475,23.429104,4.914846,16.994864
9.411189,21.6565,5.355326,17.177295
6.702604,19.312847,4.212154,16.524975
1.896186,14.52369,3.069725,15.876117
0.121553,13.134559,1.927921,15.229711
-1.857388,11.850345,0.28373,14.341788
-3.08422,11.348748,-1.178508,13.563575
-4.715316,10.480252,-2.857254,12.644751
-5.514549,9.995959,-3.502462,12.337335
-6.376871,9.54544,-4.332248,11.922303
-7.220554,9.028426,-5.014304,11.592042
-7.35529,9.254844,-5.657941,11.224362
-5.390367,11.89567,-6.302063,10.854915
-3.355576,14.513243,-6.946594,10.483631
-0.051294,17.071533,-5.038349,11.566211
2.698334,19.002497,-3.14078,12.629029
5.158205,20.618066,-1.256322,13.67351
6.353476,21.395076,-0.351752,14.15767
8.083167,22.780167,0.413055,14.572509
10.161856,24.425997,1.304305,15.045522
11.438813,25.397002,1.930649,15.392148
10.992684,24.621695,2.721146,15.833067
10.859486,24.21079,3.344662,16.177875
11.072149,24.437176,3.266433,16.104408
10.216361,23.585701,3.227053,16.067939
7.951216,21.263179,3.147794,15.995568
5.337583,19.015458,2.149914,15.47748
0.634795,14.469838,0.973109,14.855124
-1.090381,13.125132,-0.019247,14.34969
-2.748841,12.049903,-1.363126,13.637623
-3.981167,11.37517,-2.531863,13.035464
-5.571699,10.385774,-3.890548,12.316097
-5.83415,10.175507,-4.058553,12.216955
-6.344665,9.769685,-4.417764,11.992205
-6.274657,9.946754,-4.585396,11.893293
-6.31641,9.99314,-4.752962,11.794382
-3.729724,13.131325,-5.087896,11.596551
-0.701239,16.5259,-5.232684,11.523145
2.245581,19.143603,-4.32208,12.011196
4.362804,20.926892,-3.561784,12.420113
6.169351,22.296566,-2.640569,12.920469
6.456004,22.517776,-2.529884,12.959933
6.452751,22.516431,-2.721953,12.661834
7.009823,23.053538,-2.727741,12.612792
8.591444,23.535024,-0.218877,14.158379
9.068016,23.029417,1.871835,15.279798
10.74626,23.81334,3.763947,16.282502
9.196286,22.686861,2.783757,15.725704
6.985634,20.864685,1.804071,15.170614
5.247496,19.517983,0.824829,14.616598
4.166655,18.438891,0.661662,14.524323
-0.617119,13.152956,0.460653,14.400602
-1.676877,12.007107,0.29767,14.308535
-2.535658,11.556006,-0.570383,13.847033
-3.585288,10.980752,-1.609348,13.286699
-4.564275,10.391192,-2.492111,12.812937
-5.242807,10.146077,-3.320479,12.388671
-6.032177,9.86592,-4.273749,11.911756
-6.789072,9.540507,-5.111975,11.488729
-7.902768,8.707761,-5.894487,11.051057
-4.812373,12.822687,-6.845761,10.510751
-2.457111,15.828456,-7.633146,10.064142
1.038272,18.570348,-5.825529,11.04832
4.646684,21.36237,-4.027089,12.022599
6.768491,22.626046,-2.230388,12.994045
8.492737,23.430378,-0.29868,14.032469
8.398562,22.421339,1.601791,15.045333
7.86675,20.886782,3.514082,16.07126
9.760653,22.626473,4.043229,16.381075
10.004025,22.566047,4.69319,16.749119
11.095261,23.467398,5.180753,17.025867
12.290479,24.275596,6.02194,17.467148
11.420646,22.950903,6.812423,17.868697
10.087966,21.054203,7.643453,18.30623
8.427987,19.53208,7.089805,18.01462
6.250843,17.302537,6.696059,17.814232
4.651637,15.799972,6.139219,17.521754
3.100078,14.919516,4.650151,16.713001
1.673173,14.178297,3.1919,15.933701
0.063884,13.241318,1.679735,15.111326
-0.856924,12.711637,0.84914,14.685255
-1.743865,12.137053,0.136593,14.314062
-2.172013,12.192797,-0.71416,13.874464
-2.405137,12.295199,-1.309157,13.556566
-1.944999,13.286528,-2.072957,13.140399
-1.066733,14.634034,-2.674721,12.816223
1.885836,17.120174,-1.309157,13.556566
5.483999,20.159897,0.207096,14.378076
7.264536,21.334129,1.543156,15.092353
9.656868,22.765177,3.64174,16.225545
14.084039,26.322546,5.549896,17.248609
17.514543,28.756256,7.64236,18.392196
19.16509,29.500281,9.716424,19.531995
20.528734,29.927779,11.936385,20.767177
21.529205,30.06685,14.034895,21.961254
20.64848,29.047524,14.355594,22.153173
18.356931,26.556269,14.56676,22.297903
16.803644,24.67655,14.940031,22.542112
15.919304,23.91884,14.510016,22.30048
13.733796,21.576827,14.188109,22.106183
12.745901,20.683125,13.757402,21.865277
11.021775,19.988456,11.646999,20.711782
8.943872,18.788649,9.77409,19.74369
6.992875,17.862987,7.68722,18.65523
5.156943,16.834497,5.956963,17.743818
3.794326,16.275439,4.319483,16.869489
2.42201,15.803433,2.522333,15.916322
1.12508,14.79334,1.714602,15.459338
3.261416,17.523837,1.074046,15.100184
5.141189,19.943203,0.264295,14.641841
9.209421,23.138514,2.354072,15.817729
12.553439,25.494927,4.601896,17.087198
14.725421,26.775119,6.669431,18.255526
16.82677,28.02012,8.537673,19.2332
17.986156,28.425954,10.190889,20.08476
19.638361,29.275991,12.018787,21.065195
20.511129,29.601322,13.384397,21.853407
21.399733,30.012819,14.637393,22.601906
22.167791,30.245339,15.9913,23.399962
21.147264,29.034043,16.257886,23.544335
21.106746,28.784788,16.686841,23.79106
20.640119,28.131115,17.012692,23.996683
18.991702,26.589124,16.481476,23.707934
15.458912,22.84535,15.94792,23.418563
13.82699,21.262001,15.411528,23.128294
10.834287,19.721525,12.232504,21.340275
7.826693,18.126505,9.22773,19.727654
4.780609,16.645064,5.978598,17.998881
3.79365,16.164946,4.900513,17.412719
2.768728,15.645346,3.813324,16.820858
1.539639,14.897435,2.717632,16.223184
0.809771,14.43827,2.06574,15.852836
2.914186,17.140924,1.413027,15.482015
4.21964,18.882341,0.759555,15.110648
7.718743,21.680042,2.514689,16.084009
11.112954,24.259134,4.425443,17.14819
14.40106,26.778612,6.187978,18.144568
17.081839,28.264786,8.861058,19.569012
19.388308,29.3818,11.665022,21.10227
22.177282,31.105437,14.279235,22.559279
23.532527,32.009561,15.426858,23.207784
23.493767,31.444446,16.665521,23.895124
24.029153,31.513242,17.726806,24.474471
21.571317,30.187848,15.049985,23.018176
18.071898,27.914324,12.158885,21.47439
12.679491,23.780971,8.135512,18.781998
13.465003,23.665236,11.04045,20.969904
12.245857,21.477608,12.433548,21.691881
12.879224,21.244056,14.014214,22.559516
10.614376,19.874096,11.874054,21.321452
8.272464,18.536986,9.53733,19.979094
5.972664,17.180878,7.344379,18.737778
4.149328,16.115848,5.444101,17.584751
2.219214,14.933267,3.59311,16.494285
0.22812,13.686556,1.714642,15.382255
-0.456198,13.272012,1.112547,15.06199
2.044459,16.45495,0.506941,14.738944
4.166074,19.081363,-0.102059,14.413088
7.538224,21.960394,1.210174,15.164328
10.435031,24.361291,2.354072,15.817729
13.099104,26.417136,3.701802,16.609411
15.700673,27.850895,6.291557,18.012677
17.528498,28.642484,8.751501,19.380505
18.082678,28.133891,11.288642,20.78658
18.6622,28.342934,12.070161,21.177611
19.741286,29.001211,13.059693,21.717813
19.311263,28.168912,13.819133,22.09839
18.329085,27.345413,13.272862,21.744641
18.019962,27.169225,12.837275,21.441882
16.62458,25.911721,12.29616,21.098491
13.854835,23.526719,11.049418,20.375105
8.846309,18.568028,9.750657,19.612201
6.965579,17.123687,8.500759,18.901053
5.382476,16.177239,7.107445,18.170017
3.918777,15.28721,5.857939,17.523591
2.67138,14.751594,4.462911,16.808488
1.233837,14.009432,3.037385,16.074463
0.191768,13.638987,1.782566,15.452179
-1.244132,12.922977,0.354907,14.740712
-1.342596,12.904675,0.245173,14.707484
2.126113,16.79126,0.303494,14.773765
4.91882,19.856915,0.191171,14.739845
8.920476,23.124853,1.971838,15.743867
12.035897,25.51601,3.608431,16.679965
14.415643,27.111054,5.374467,17.67668
16.946166,28.499842,7.935971,19.05262
18.700532,29.184213,10.47609,20.441832
19.852037,29.294238,13.008171,21.861814
19.918187,29.113638,13.393182,21.987349
20.578811,29.481428,13.932936,22.210703
19.436201,28.032353,14.358866,22.387472
19.033427,27.388271,14.848352,22.688983
19.692978,27.885119,15.338048,22.992396
19.991358,27.997145,15.768622,23.238285
16.268728,25.453962,12.4585,21.195621
10.003947,19.685376,10.22629,19.940669
6.293864,17.100301,7.456242,18.434868
1.726489,14.6904,2.758903,15.869094
-1.731121,12.956642,-1.016265,13.774034
-4.833268,11.254802,-4.192597,11.992399
-8.087476,8.881082,-6.629355,10.585899
-7.947451,9.233891,-6.913753,10.4387
-8.449077,9.114689,-7.633146,10.064142
-8.660768,8.866035,-7.591457,10.110445
-5.319064,12.336392,-6.946594,10.483631
-2.309764,14.977671,-5.704553,11.174113
-1.480563,16.370182,-6.635217,10.657455
1.215083,18.257087,-4.779468,11.68359
4.737877,20.971221,-2.947899,12.681323
7.305884,22.678465,-1.111584,13.682082
8.924687,23.444141,0.701785,14.66111
11.186304,24.857973,2.490596,15.620217
11.183648,24.588726,3.067917,15.924011
11.22293,24.430105,3.478151,16.132403
12.175153,25.109432,4.048907,16.432093
10.753273,23.949466,3.519037,16.168389
8.452802,21.780494,3.187505,16.031656
6.745312,20.268339,2.683191,15.797187
6.059319,19.218937,3.227053,16.067939
2.952349,15.499929,3.600441,16.241082
2.480634,14.599884,4.132614,16.505373
-0.219649,13.056752,1.543156,15.092353
-2.324973,12.105084,-0.846056,13.810676
-5.065747,10.515771,-3.445413,12.392841
-6.991564,9.311396,-5.213789,11.385343
-8.3357,8.78323,-6.984135,10.366379
-10.168556,7.666303,-8.777185,9.311567
-9.2749,8.053515,-7.621841,9.99909
-5.243053,11.990542,-6.298094,10.781077
-1.589987,15.439168,-5.162347,11.437055
1.714644,18.384614,-3.999862,12.116259
4.517574,20.645207,-2.668345,12.89181
5.857741,21.473803,-1.529952,13.540744
7.744466,22.165607,0.937877,14.821812
10.760838,24.094671,3.231858,16.017483
14.19883,26.375445,5.668408,17.303316
13.378965,26.263012,4.174333,16.542427
12.595591,26.179371,2.721146,15.833067
10.514189,24.867737,1.213364,15.091132
8.844988,22.959059,1.707085,15.305099
7.465912,21.350209,2.022235,15.417622
6.42421,19.968721,2.490596,15.620217
4.270912,17.62157,2.490596,15.620217
2.092443,15.165336,2.490596,15.620217
1.432125,14.405197,2.490596,15.620217
-0.665233,13.18503,0.536861,14.566734
-2.558331,12.207744,-1.442502,13.491704
-4.435676,11.250736,-3.445413,12.392841
-4.44318,11.23815,-3.417291,12.420617
-4.765304,10.860011,-3.389433,12.448409
-4.704119,10.928288,-3.361837,12.476219
-6.077994,9.989475,-4.44675,11.87837
-4.199916,12.883425,-5.704553,11.174113
-2.83063,15.002291,-6.801699,10.558673
1.233617,18.432873,-5.08718,11.514558
4.93583,21.385568,-3.389433,12.448409
7.419603,23.069157,-1.710921,13.360928
7.911265,23.139138,-0.813166,13.841564
7.720416,22.612283,-0.122557,14.189523
8.577272,23.050091,0.758391,14.65698
11.628375,24.739493,3.597567,16.140392
13.97465,25.659903,6.651134,17.77729
15.355577,25.69198,9.504098,19.308865
13.787111,24.361334,8.863993,18.945281
12.116753,22.824665,8.383864,18.673679
10.668213,21.588443,7.7436,18.312841
8.961438,20.008706,7.233137,18.053446
6.964758,17.979667,6.883939,17.887063
5.809419,16.982631,6.373135,17.631132
2.437063,14.23943,4.487837,16.62115
0.759488,13.477865,2.620443,15.633087
-1.004802,12.618974,0.758391,14.65698
-2.225,12.040506,-0.582842,13.93792
-3.329333,11.696874,-2.103918,13.111039
-4.7829,10.8465,-3.445413,12.392841
-5.544363,10.335042,-4.053482,12.062124
-3.340457,13.141989,-4.498367,11.825299
-1.29862,15.746023,-5.111975,11.488729
2.793585,19.359556,-3.72155,12.255292
6.018534,21.894208,-2.177603,13.103484
7.956571,23.176086,-0.780525,13.872522
10.187729,24.55214,0.995626,14.816763
12.269833,25.791243,2.740093,15.737245
13.006564,25.719729,4.538693,16.710955
13.707587,25.620076,6.273742,17.635602
15.062284,26.170978,8.034607,18.590304
16.51848,26.836659,9.781378,19.541524
14.610268,25.326345,8.987958,19.183537
12.516672,23.677854,8.019146,18.730405
11.593376,23.18645,7.235585,18.407293
10.01357,21.694714,6.679896,17.999431
5.780171,17.19748,6.172405,17.645912
3.821401,15.164146,5.668408,17.303316
2.321635,14.522413,3.927366,16.375512
0.450682,13.449316,2.200607,15.467427
-0.948256,12.939232,0.441934,14.537278
-2.746481,11.970177,-1.317375,13.612699
-4.808476,10.702667,-3.087012,12.6852
-6.647399,9.704022,-4.874861,11.747302
-6.389684,10.004254,-4.874861,11.747302
-4.811541,11.819353,-4.874861,11.747302
-3.550043,13.241287,-4.874861,11.747302
-0.383044,15.602927,-2.788762,12.924836
3.906097,19.123093,-0.685383,14.115792
7.882763,22.233145,1.410603,15.297166
8.864121,23.217501,1.474693,15.366652
8.355978,22.704132,1.538032,15.436584
7.203413,21.628068,0.866739,14.75552
8.616324,22.272206,2.490596,15.620217
11.851657,24.68644,4.624402,16.964966
12.98917,25.089165,6.154086,17.74186
12.428555,24.400713,6.306447,17.767563
12.053071,23.897112,6.45419,17.793596
11.040652,22.708462,6.644037,17.860633
8.528041,20.166886,6.273742,17.635602
4.645655,15.973116,5.859943,17.37516
4.31701,15.613463,6.241425,17.825354
1.992576,14.073627,3.964921,16.360003
1.034241,13.962803,2.412347,15.550695
-0.364273,13.341352,0.866739,14.75552
-1.333249,12.781567,-0.053721,14.253061
-1.889073,12.599504,-0.780525,13.872522
-3.456016,11.345361,-1.710921,13.360928
-4.234307,10.807617,-2.254633,13.095066
-6.282481,11.079428,-6.794905,10.488236
-0.704747,15.430962,-3.201533,12.643534
3.188138,19.115907,-2.334971,13.085739
5.364702,20.997538,-1.64959,13.420681
7.144892,22.368774,-0.780525,13.872522
8.321316,23.268251,-0.218877,14.158379
8.563627,23.314331,0.171958,14.346015
8.95051,23.422944,0.758391,14.65698
10.398983,24.024832,2.459305,15.497703
11.597933,24.374777,4.18941,16.382077
13.275533,25.189199,5.982074,17.326698
13.423127,25.447386,5.788437,17.242199
12.128632,24.240474,5.63972,17.195745
8.396187,20.403795,5.491993,17.15504
5.674624,18.115239,4.861177,17.204679
2.881338,15.95744,3.195959,16.311715
-0.469214,13.243369,0.758391,14.65698
-2.976949,11.532014,-1.14386,13.651552
-4.881517,10.5344,-3.085325,12.613324
-6.287947,10.122693,-5.038349,11.566211
-7.384888,9.506151,-6.135391,10.953597
-8.949678,8.432447,-7.38399,10.256283
-9.762364,8.1428,-8.492509,9.624548
-10.286182,7.523631,-8.492509,9.624548
-7.416891,10.858484,-8.492509,9.624548
-4.879273,13.693402,-8.492509,9.624548
0.175322,17.874696,-6.157882,10.928991
3.944581,20.680238,-3.999862,12.116259
5.922339,21.577557,-1.710921,13.360928
8.950492,23.688207,0.207096,14.378076
10.425359,24.259249,2.123488,15.398515
11.659858,24.596357,4.048907,16.432093
11.680898,24.637049,3.964921,16.360003
11.897701,24.863385,3.922855,16.324439
11.664168,24.652004,3.838645,16.254345
11.481934,24.083396,4.597146,16.62942
11.456635,23.572991,5.845517,17.458169
10.226299,21.787157,6.87207,18.064157
6.115202,18.559844,4.18941,16.382077
1.714723,14.639846,2.459305,15.497703
-0.436313,13.281575,0.758391,14.65698
-1.233019,12.911878,-0.122557,14.189523
-2.570292,11.812899,-0.813166,13.841564
-3.668953,11.096084,-1.710921,13.360928
-5.795594,10.040456,-4.053482,12.062124
-7.927391,8.873333,-6.250321,10.830454
-9.959767,7.905769,-8.628724,9.469033
-10.203027,7.808179,-8.940133,9.292222
-8.207173,10.323178,-9.252017,9.114579
-5.705482,13.309922,-9.545674,8.957494
-1.43391,16.516496,-6.868167,10.486759
1.148385,17.95902,-4.358606,11.895593
5.105203,20.746427,-1.710921,13.360928
8.060478,22.812433,0.171958,14.346015
11.090198,24.942065,2.006584,15.296591
13.979082,26.781271,4.584292,16.925581
13.901458,26.834583,3.838645,16.254345
13.760798,26.700345,3.838645,16.254345
12.994961,25.962428,3.838645,16.254345
11.775688,24.896346,3.555838,16.105654
9.783845,23.026333,3.272312,15.956552
7.87053,21.112428,3.109697,15.864702
5.104084,18.277734,2.825264,15.715015
2.035411,14.985254,2.540069,15.564858
0.646321,13.56497,2.214214,15.380676
-1.234587,12.2873,0.774698,14.620378
-2.880739,11.292282,-0.685522,13.844949
-4.272167,10.70173,-2.331558,12.957668
-5.571562,10.119957,-3.804943,12.173064
-6.673171,9.774838,-5.303051,11.365597
-8.461667,8.62377,-6.801699,10.558673
-9.172775,8.167272,-7.466986,10.163139
-7.440059,10.472346,-7.965271,9.865997
-0.124597,16.481055,-3.962942,12.234848
2.386911,18.965686,-3.833282,12.145673
8.348371,22.678687,1.050308,14.81148
8.764974,23.497666,0.05914,14.154883
15.757669,27.419018,7.325545,18.495761
16.104373,27.562782,7.089805,18.01462
15.94226,27.035536,7.875071,18.415997
15.37255,26.197695,8.472058,18.743731
15.629014,26.252143,8.908205,18.980689
15.842249,26.191032,9.504098,19.308865
15.176904,25.208788,10.144159,19.674274
13.702658,23.387494,10.669982,19.988365
13.025339,22.304943,11.310676,20.358727
11.143693,20.517886,10.716466,20.028063
9.980778,19.429042,10.329367,19.830969
9.120655,18.778658,9.781378,19.541524
8.374252,18.261087,9.232261,19.252072
7.967022,18.044488,8.843264,19.055574
7.18923,17.506926,8.243453,18.723894
6.760666,17.350726,7.735916,18.473975
6.345526,17.129863,7.341146,18.27536
5.462275,16.451866,6.826423,18.022685
4.595345,15.988449,5.97817,17.577976
5.07203,16.97119,5.329075,17.263577
6.482442,19.056569,4.503542,16.847335
10.158305,22.510773,5.540195,17.465988
12.520368,24.579893,6.414502,17.995047
14.417133,26.078566,7.459496,18.630155
18.268038,28.945203,9.677788,19.836286
20.517065,30.320875,11.686316,20.924477
22.188595,31.106593,13.875898,22.154276
23.642783,32.197946,14.627782,22.531724
23.7558,32.020608,15.212631,22.807906
22.972284,30.870953,15.959421,23.184921
23.117383,30.322296,17.565886,24.11743
22.316885,28.678751,19.171355,25.058914
24.17597,29.97393,21.608714,26.933901
22.017293,28.282853,20.354353,26.316697
17.223007,23.666607,17.849015,24.409276
15.578359,22.642623,16.481476,23.707934
12.959235,20.723408,14.473689,22.500786
10.98788,19.600178,12.456585,21.309846
9.094841,18.579021,10.48157,20.181938
1.663272,14.945993,2.888603,16.325207
7.408867,18.279921,8.883923,19.946334
5.795149,17.260071,7.32361,18.984207
4.939481,16.321533,6.32825,17.909772
6.81892,18.463434,6.32825,17.909772
9.240647,21.136359,6.32825,17.909772
11.626959,23.653491,6.457397,18.037988
13.769884,25.830563,6.585116,18.167958
14.113007,26.168773,6.669431,18.255526
16.294217,27.746104,7.961175,18.928284
16.759394,27.576021,9.394362,19.686331
17.072397,27.308043,10.687267,20.38249
17.52334,27.172945,11.962211,21.071081
18.318645,27.321425,13.440568,21.908609
19.397755,27.784603,15.999311,23.952656
18.056937,26.29657,15.999311,23.952656
17.417533,25.567391,16.240884,24.219968
9.609582,20.825224,8.409625,19.490415
14.204458,23.346486,13.868291,22.965432
11.164649,21.288269,11.181327,21.307039
8.110479,19.332731,8.19411,19.426425
5.877528,17.64873,5.998911,17.785945
4.580885,17.061082,4.639821,17.127342
3.515343,16.664526,3.404002,16.540039
2.101979,15.710342,2.312212,15.94577
1.116122,15.326981,1.042051,15.244188
0.059562,14.776704,-0.065166,14.637288
0.893895,15.07833,1.042051,15.244188
2.448709,16.098254,2.312212,15.94577
4.769776,18.053481,3.404002,16.540039
6.610138,20.045135,3.404002,16.540039
7.480944,20.967979,3.404002,16.540039
8.018504,21.531274,3.404002,16.540039
10.416374,23.698267,4.08467,16.944927
11.32611,24.403194,4.59594,17.250036
11.455147,24.251093,5.278678,17.658906
11.045653,23.833189,5.204152,17.574787
10.59811,23.3749,5.129083,17.491398
10.076234,22.83769,5.0534,17.408688
9.421647,22.166929,4.861177,17.204679
8.785803,21.518539,4.66433,17.00452
7.427899,20.088473,4.503542,16.847335
5.741486,18.574379,3.919981,16.540097
3.837855,16.715038,3.460609,16.289303
2.649015,15.726638,2.870953,15.978015
1.951229,15.557727,1.881832,15.479444
0.842308,15.021227,0.737726,14.903518
-0.011494,14.690188,-0.261989,14.409054
-0.291415,14.55687,-0.543608,14.274014
-0.632916,14.354695,-0.854553,14.106023
-0.879363,14.259096,-1.166219,13.937342
-1.393929,14.04196,-1.843111,13.537741
-1.22471,14.497693,-2.35001,13.238606
0.025173,16.213403,-3.024863,12.840362
4.975733,20.386234,-0.909507,14.04333
9.439282,23.927823,1.168543,15.202878
12.613751,26.142343,3.266002,16.387265
13.720153,26.635088,4.563786,17.047202
15.606732,27.831039,5.956963,17.743818
16.656991,28.296836,7.235585,18.407293
17.980223,28.913356,8.868771,19.298386
19.362841,29.605061,10.48157,20.181938
20.772761,30.341073,12.074903,21.059816
20.758248,29.973958,12.891687,21.493972
20.226618,29.129273,13.540572,21.828079
19.446101,27.922445,14.34833,22.259655
17.500708,25.965858,14.13428,22.168694
12.448845,20.352989,13.920503,22.078355
12.52992,20.459731,14.687025,22.98361
8.877898,18.134306,10.810386,20.378259
6.016977,16.715676,7.82475,18.790702
3.361383,15.492816,4.938606,17.285821
2.215869,14.829484,3.870536,16.708876
1.105137,14.303224,2.657812,16.063047
-0.10064,13.578815,1.600679,15.507002
-0.991517,13.125288,0.701463,15.042162
0.81785,15.619014,-0.065166,14.637288
3.801712,19.326565,-0.982484,14.157387
9.790556,23.499969,2.962356,16.225483
14.556325,26.482164,6.877629,18.322628
18.557587,28.806232,10.687267,20.38249
21.026602,30.475125,12.566094,21.416912
22.716779,31.403727,14.473689,22.500786
24.361475,32.313229,16.36107,23.586326
24.751487,32.461706,16.774702,23.755539
24.994869,32.508432,17.031909,23.828067
24.476173,31.71767,17.460093,24.008021
23.438355,30.397531,18.154474,24.463795
22.358396,29.024906,18.691037,24.825692
22.290885,28.657041,19.391158,25.296558
20.764623,27.463624,18.378204,24.698043
16.808089,23.53619,17.202039,24.001081
15.741772,22.737877,17.105964,24.35046
11.744693,19.946827,13.328485,21.798742
8.721204,18.287079,10.407193,20.234086
6.063798,17.022758,7.592127,18.766421
5.086353,16.452111,6.669431,18.255526
4.39409,16.116498,5.950118,17.884938
3.667512,15.838426,5.0534,17.408688
3.802229,15.715608,5.483331,17.626555
6.595369,18.607057,5.950118,17.884938
10.432867,22.529321,6.41564,18.142745
12.926425,24.97383,6.669431,18.255526
14.946409,26.798448,7.131453,18.511241
16.740666,28.362205,7.592127,18.766421
19.964236,30.069064,11.070413,20.633688
22.458166,31.149133,14.589815,22.616398
24.563971,31.887211,18.091386,24.65905
25.673711,32.61402,18.981857,25.132407
26.90858,33.419787,20.094308,25.775609
27.111054,33.191496,21.046922,26.317271
24.994549,31.638734,19.508227,25.421716
23.040918,30.263609,17.968667,24.532525
20.654281,28.428762,16.481476,23.707934
19.038251,26.641393,16.481476,23.707934
15.812218,22.919871,16.481476,23.707934
15.106846,22.080745,16.481476,23.707934
13.347423,21.151558,14.648284,22.674998
11.513023,20.150543,12.84202,21.692185
9.830426,19.349443,11.046595,20.746083
7.75944,18.141809,9.059531,19.62619
5.814143,17.098474,7.048454,18.500564
3.827635,16.021373,5.0534,17.408688
2.782704,15.475009,4.01393,16.865622
3.819327,17.353992,2.790533,16.211914
6.137127,20.423384,1.724186,15.649502
10.491719,23.918884,3.847706,16.860445
14.188906,26.70401,5.962629,18.07028
16.885069,28.512956,8.067027,19.281365
19.203639,29.740425,10.504629,20.5474
21.215692,30.782648,12.729141,21.71209
23.441518,32.028367,15.096307,23.000288
23.434034,32.020898,15.096307,23.000288
23.278971,31.865882,15.096307,23.000288
22.186076,30.759311,15.096307,23.000288
20.22173,29.100187,14.395597,22.678781
18.582797,27.701226,13.846122,22.454043
16.27449,25.643723,13.165178,22.173507
15.15352,24.407965,13.273508,22.291657
13.351315,22.376435,13.381605,22.410978
12.778054,21.718298,13.435591,22.471102
11.409471,20.767755,12.442014,21.94621
10.59574,20.553639,11.258278,21.303639
9.713776,20.179159,10.23113,20.76153
9.047668,19.956309,9.231689,20.162466
8.321566,19.580404,8.405231,19.673899
7.294853,18.957871,7.40405,19.079719
6.785594,18.732386,6.632504,18.561783
7.490374,19.76206,6.039014,18.15813
9.155756,21.871822,5.278678,17.658906
12.223717,24.608722,6.343892,18.321516
15.050583,27.107827,7.243153,18.889903
17.101234,28.745595,8.320771,19.573958
19.586754,29.722025,11.995853,21.614269
22.319752,31.035493,15.658684,23.732945
26.285781,33.752346,19.211166,25.834096
27.832111,34.988791,20.249056,26.469275
28.625266,35.386521,21.373068,27.139893
29.362037,35.782764,22.317736,27.694784
28.980204,35.368883,22.317736,27.694784
27.344104,33.563546,22.243994,27.615674
25.539259,31.519789,22.17079,27.537203
23.750231,29.755017,21.438788,27.014122
20.388197,26.021448,20.874601,26.60843
18.880843,24.579017,20.081455,26.028338
16.683161,23.437297,17.679305,24.617898
14.236118,21.952363,15.396064,23.308735
11.805589,20.628699,12.893125,21.883007
10.208661,19.7717,11.199468,20.906025
8.517487,18.821358,9.490346,19.928942
6.976158,18.053448,7.810099,18.997458
5.840212,17.305774,6.83608,18.432823
7.035411,19.09159,6.030026,17.970772
9.193693,21.914745,5.0534,17.408688
12.909045,25.089737,6.538228,18.274394
16.063944,27.577977,8.192804,19.249442
18.267727,29.186796,9.677518,20.130883
21.143577,31.012134,12.369445,21.70001
23.442511,32.395717,14.861751,23.170337
25.504619,33.551228,17.490011,24.757543
25.8118,33.465116,18.272545,25.106991
25.825253,33.009838,19.266555,25.624975
25.904077,32.660584,20.081455,26.028338
26.247261,32.774977,20.535076,26.247742
26.652806,33.013122,20.827191,26.360422
25.682432,31.677186,21.285254,26.582028
23.057169,29.221829,20.340457,26.040229
18.375337,24.368326,19.231392,25.394013
16.714459,22.980181,18.280395,24.85438
14.217101,21.538528,15.7404,23.334568
12.047405,20.430448,13.336764,21.930645
9.31644,18.785143,10.790168,20.484874
8.916461,18.661554,10.376532,20.338618
8.482456,18.415186,10.117971,20.288981
7.901797,18.102719,9.677518,20.130883
4.833405,16.42848,6.449151,18.260986
3.672233,17.016813,2.996437,16.262971
4.567669,19.65091,-0.261989,14.409054
9.50675,23.429238,2.4886,15.963252
13.2448,26.036633,5.0534,17.408688
16.077387,27.716801,7.810099,18.997458
18.684107,29.228083,10.258662,20.288319
20.627983,30.197853,12.455391,21.433506
22.372897,30.94555,14.859619,22.7616
24.376255,32.342549,16.542405,23.769724
25.309621,32.674425,18.216795,24.788574
25.883488,32.626195,19.88314,25.81904
25.791851,32.527939,19.88314,25.81904
25.209271,31.899081,19.88314,25.81904
24.19982,30.792263,19.88314,25.81904
20.497816,27.430926,18.280395,24.85438
15.991081,23.091026,16.727633,23.958678
13.698942,21.361241,15.096307,23.000288
11.879147,20.393251,13.17407,21.896647
9.902891,19.266452,11.226407,20.791021
7.948608,18.183212,9.301094,19.730542
5.899147,17.013107,7.342774,18.656705
4.012175,16.046714,5.391924,17.609855
2.127684,15.0992,3.404002,16.540039
1.469608,14.720313,2.757583,16.174477
2.941493,16.645685,2.280154,15.909131
5.803784,20.072933,1.600679,15.507002
10.016825,23.583842,3.300752,16.425243
13.181305,25.975267,5.01531,17.367576
15.710301,27.73522,6.669431,18.255526
18.072833,28.994874,9.061802,19.487789
20.053274,29.98426,11.30384,20.674078
22.163757,31.074773,13.650803,21.93426
23.495244,31.867399,14.833265,22.555032
24.499764,32.286864,16.227001,23.329172
25.286589,32.537255,17.460093,24.008021
24.568391,31.831744,17.565886,24.11743
22.837201,30.033416,17.676144,24.231186
21.243312,28.300688,17.79046,24.34897
19.896087,26.792802,17.73282,24.289594
17.086319,23.532686,17.676144,24.231186
17.271481,23.609038,18.539778,25.123884
13.226003,20.468922,15.156649,22.752982
12.011211,20.312693,13.902704,22.513829
8.68744,18.102106,10.48157,20.181938
6.299284,16.881701,7.972014,18.805152
4.106658,15.815578,5.623563,17.548368
1.656009,14.57202,3.053557,16.162154
1.175493,14.387589,2.522333,15.916322
2.501481,16.156971,2.150371,15.763984
4.752581,18.958017,1.600679,15.507002
9.391382,22.278839,4.677563,17.167636
13.747418,25.25485,7.83882,18.874685
17.620305,27.860424,10.790168,20.484874
20.910599,30.124495,13.280457,21.87436
23.581608,31.877228,15.62014,23.2131
25.85269,33.220695,18.091386,24.65905
26.816451,33.699143,19.367277,25.406091
26.943608,33.239041,20.800484,26.262772
26.555852,32.226713,22.070776,27.019346
26.140015,31.469499,22.597613,27.312416
27.04954,32.34315,23.868237,28.52457
26.549886,31.453111,24.448398,28.895764
24.56444,29.7367,23.568814,28.524264
21.560449,26.941524,22.059457,27.547825
19.582703,25.345262,20.634684,26.614447
16.703143,23.491047,17.487352,24.419229
14.798644,22.591598,15.576884,23.498355
12.673091,21.597499,13.435591,22.471102
11.202949,20.888092,11.752601,21.512077
9.4731,19.898946,10.047041,20.546448
7.749602,18.932869,8.320771,19.573958
6.686413,18.269834,7.32361,18.984207
7.253769,19.339711,6.498552,18.502219
7.413399,20.018875,5.499942,17.916353
9.74301,22.187717,6.115106,18.246926
12.229552,24.545841,6.554574,18.470665
14.430993,26.488748,7.162529,18.796683
15.939187,27.390051,8.318646,19.304378
16.281116,27.082573,9.63656,19.932847
18.596822,28.841781,10.790168,20.484874
19.832473,29.280589,12.676192,21.5258
21.749129,30.431696,14.589815,22.616398
22.930909,30.854717,16.481476,23.707934
23.025617,31.192973,15.827953,23.297744
21.6593,29.967979,15.396971,23.051241
19.200692,27.636406,14.742958,22.64545
15.515603,24.274338,13.384397,21.853407
10.927513,19.89354,11.854689,20.966261
9.008529,18.478204,10.48157,20.181938
6.20678,16.774029,7.972014,18.805152
3.817853,15.481577,5.623563,17.548368
1.32308,14.188719,3.053557,16.162154
-0.620181,13.171892,1.042147,15.066154
-2.615765,12.099148,-0.993315,13.949951
-4.531793,11.118868,-3.024863,12.840362
-3.520898,11.528304,-1.753092,13.547212
-0.235335,14.439768,-0.319717,14.344814
4.395277,18.827607,0.968606,15.069616
8.280721,22.266641,2.219555,15.75514
11.507702,24.868178,3.665762,16.570901
13.484048,26.274227,4.938606,17.285821
15.001776,26.927416,6.791246,18.234793
17.089271,28.164137,8.634134,19.196093
19.556802,29.793307,10.48157,20.181938
20.667691,30.467875,11.420788,20.667573
21.190396,30.518267,12.512019,21.24628
21.863521,30.772993,13.486163,21.776054
22.297691,30.85154,14.34833,22.259655
21.677589,29.919529,15.101353,22.698903
20.70727,28.504035,15.959421,23.184921
17.566643,25.343978,15.480108,22.951771
14.043095,21.491028,15.221533,22.876657
13.156162,20.779466,14.742958,22.64545
12.934017,21.046139,13.932936,22.210703
12.281,20.72301,13.224287,21.818514
11.738511,20.614529,12.400712,21.378847
11.165621,20.12416,12.12424,21.231468
11.127165,20.247134,11.900288,21.137421
10.84523,20.096331,11.621155,20.988669
10.877471,20.210902,11.560052,20.994311
10.857158,20.362236,11.27831,20.844063
11.112306,20.820866,11.046595,20.746083
10.908231,21.186405,10.020927,20.186682
11.521719,22.516977,8.815276,19.520397
11.79842,23.354476,7.810099,18.997458
13.084842,24.40704,8.576823,19.503873
14.715362,25.887407,9.177872,19.915375
16.283126,27.223839,9.955043,20.440914
16.802806,27.749585,9.955043,20.440914
16.201874,27.141193,9.955043,20.440914
15.013158,25.918401,9.955043,20.440914
13.655521,24.211496,9.825438,19.984924
14.533218,24.901716,11.161347,21.191941
14.553604,24.618626,11.852407,21.62601
13.232031,23.169514,11.852407,21.62601
11.792251,21.558011,11.852407,21.62601
11.649329,21.396227,11.852407,21.62601
11.070925,21.354661,10.833525,21.088189
9.71461,20.533411,9.62461,20.432761
8.519577,19.816442,8.57504,19.878298
7.404244,19.086971,7.484647,19.176583
6.657936,18.685735,6.575737,18.594241
5.79271,18.241811,5.499942,17.916353
5.167614,17.895782,4.810303,17.498734
4.953675,17.91884,4.294013,17.187254
5.05618,18.373086,3.606853,16.774126
7.065782,19.971068,4.810303,17.498734
8.796909,21.185986,6.191037,18.336769
10.423937,22.373836,7.40405,19.079719
11.33406,23.190362,7.792445,19.342892
10.780361,22.450798,8.182733,19.609037
11.02243,22.558719,8.57504,19.878298
11.216969,22.836116,8.315395,19.666861
11.746313,23.463682,8.016159,19.40976
12.506813,24.326154,7.719238,19.158368
12.929577,24.831123,7.465037,18.958824
12.013499,23.953415,7.170809,18.716053
10.642608,22.589597,6.918464,18.522572
8.778137,20.9106,6.318882,18.202962
5.83193,17.922919,5.885842,17.983286
4.427638,16.701871,5.278678,17.658906
5.129293,17.491734,5.278678,17.658906
5.069512,17.424736,5.278678,17.658906
5.099431,17.458274,5.278678,17.658906
3.838271,16.670515,4.154868,17.02492
2.785879,16.208888,2.856031,16.28727
1.576269,15.4841,1.724186,15.649502
1.512801,15.413025,1.724186,15.649502
2.216648,16.197701,1.724186,15.649502
4.522381,18.71312,1.724186,15.649502
7.556599,21.590225,2.407623,16.056651
9.453915,23.304778,2.921072,16.363328
10.357273,23.929444,3.606853,16.774126
12.613295,25.001674,5.990155,17.92777
15.176948,26.512848,8.157765,18.988094
16.4022,26.635757,10.48157,20.181938
16.84928,27.353011,9.97518,19.936703
17.143002,27.832752,9.677788,19.836286
15.794987,26.725652,9.253461,19.681507
14.942948,26.123194,8.769354,19.471991
13.532804,24.875846,8.488286,19.407041
10.443981,21.94632,7.325545,18.495761
11.009373,21.947957,9.177872,19.915375
9.920192,20.049741,10.45391,20.65436
10.646427,20.254753,11.552612,21.287958
8.347163,18.797212,9.383286,19.973378
6.164024,17.490133,7.216722,18.68147
3.763785,15.948468,5.0534,17.408688
2.652179,15.326212,4.01393,16.865622
1.468195,14.719602,2.790533,16.211914
0.496904,14.266828,1.724186,15.649502
-0.761333,13.392974,0.759555,15.110648
-0.239542,14.446947,-0.010097,14.703706
1.476327,16.859726,-0.982484,14.157387
4.905964,19.76568,0.418341,14.907821
8.840144,23.044282,2.003265,15.780031
10.52945,24.096387,3.404002,16.540039
12.779518,25.444895,5.31451,17.526438
13.797104,25.584556,7.212749,18.521405
15.094082,26.022133,9.061802,19.487789
15.910858,26.585487,9.677788,19.836286
15.946212,26.42136,10.075807,20.035371
15.697471,25.881876,10.687267,20.38249
16.230983,25.80222,12.016144,21.124142
16.806255,25.680186,13.553564,22.020523
17.394767,25.647913,14.859619,22.7616
17.025701,25.381476,14.648284,22.674998
13.812907,21.86357,14.435567,22.587896
12.908849,20.968824,14.221169,22.500101
11.338979,20.103252,12.729141,21.71209
9.840828,19.346657,11.199468,20.906025
8.353213,18.622913,9.677518,20.130883
7.181272,18.101039,8.279877,19.345164
5.758596,17.391425,6.699578,18.452516
4.270845,16.524325,5.278678,17.658906
3.674805,16.213501,4.59594,17.250036
4.364853,17.257658,4.08467,16.944927
6.069677,19.466013,3.404002,16.540039
11.129862,23.480268,6.109295,18.057304
15.282948,26.601263,8.61322,19.461404
17.881929,28.113978,11.300874,21.0139
20.191558,29.640499,13.284672,22.150803
22.569161,31.278257,15.24124,23.284904
24.180656,32.1743,17.233563,24.484584
25.802678,33.214721,18.605675,25.1927
26.481971,33.275598,20.014673,25.957865
27.594212,33.79123,21.476283,26.790574
27.429535,33.613342,21.476283,26.790574
26.854545,32.987638,21.476283,26.790574
24.638633,30.509135,21.476283,26.790574
21.776943,27.709646,20.668843,26.389927
19.031731,25.075877,19.762419,25.951591
17.913417,24.303085,19.075122,25.68835
16.720112,23.693182,17.632777,24.769903
14.896807,22.448312,15.958016,23.690853
13.361115,21.46047,14.51214,22.799717
11.805589,20.628699,12.893125,21.883007
10.113461,19.654046,11.300874,21.0139
8.588234,18.892515,9.677518,20.130883
7.920674,18.673401,8.702623,19.558579
7.766292,18.945033,7.896249,19.091249
8.836838,20.64633,6.918464,18.522572
12.884658,24.272407,8.318646,19.304378
16.312794,27.109834,9.875812,20.185261
18.627459,28.868038,11.300874,21.0139
22.099875,30.912284,14.670082,22.827107
25.572823,33.073775,18.08073,24.775747
28.06649,34.29817,21.476283,26.790574
27.530249,33.610916,21.8671,27.079095
28.022285,34.028479,22.192191,27.29727
27.883068,33.760503,22.585514,27.590864
27.677171,33.27283,23.236739,28.033309
27.328556,32.668514,23.725138,28.367453
27.116892,32.130155,24.376276,28.816012
24.35574,29.543819,23.051497,27.964705
20.981943,26.30142,21.626297,27.084358
19.044936,24.734151,20.354353,26.316697
17.274934,23.757843,18.473039,25.184873
15.427632,22.708906,16.627492,24.119713
13.753049,21.894035,14.745293,23.045542
11.873681,21.037011,12.697383,21.979367
9.945802,20.080583,10.738671,20.977778
8.004032,19.239148,8.57504,19.878298
7.496539,18.83323,8.099312,19.508664
7.949977,19.506394,7.628832,19.148467
9.325946,21.179173,7.162529,18.796683
10.330599,22.263001,7.243153,18.889903
11.265861,23.258935,7.32361,18.984207
10.902667,22.886366,6.542707,18.124448
11.932403,23.812194,7.710579,19.245013
12.052247,23.800365,7.081314,18.387863
13.404412,25.076493,7.190429,18.363422
17.456276,27.811267,11.062329,20.913012
19.509048,28.550683,13.953149,22.425777
20.820202,28.5967,16.727633,23.958678
19.684501,27.775768,15.922905,23.520673
19.720664,28.163639,15.27582,23.184147
18.593363,27.363557,14.51214,22.799717
14.401418,23.941496,11.953825,21.191536
8.746559,18.792677,9.529551,19.690236
5.020563,15.896358,7.008874,18.190608
4.912374,15.77915,6.963311,18.148134
4.337884,15.123618,6.87207,18.064157
-1.389967,11.947288,0.949655,14.676837
-4.606632,10.440134,-2.656206,12.719027
-0.399376,13.063585,1.479138,15.216166
-3.126425,11.699144,-1.357671,13.722369
-2.918024,11.750449,-1.050192,13.888081
-1.847972,12.795862,-0.743487,14.053073
-0.148239,14.543455,-0.437574,14.217348
3.079638,17.510113,0.610574,14.770099
7.974353,22.056213,1.812595,15.409386
11.75325,25.343952,2.870953,15.978015
12.045303,25.203801,3.681297,16.31467
13.011436,25.663903,4.659206,16.766788
14.514254,26.718131,5.491993,17.15504
14.62815,26.721736,5.68342,17.230547
13.862661,25.862484,5.874646,17.308405
13.021917,24.898065,6.109535,17.422015
11.208705,23.0154,6.152748,17.455239
10.166938,21.896645,6.196281,17.489148
8.495796,20.063611,6.240111,17.523715
5.794341,18.498053,3.84391,16.303337
1.580299,14.861685,1.997936,15.339287
-1.736852,12.499364,-0.350315,14.095183
-1.206245,12.713436,0.413055,14.572509
0.699724,14.051267,1.944224,15.470963
1.95131,14.452465,3.741635,16.499193
5.262706,16.764502,6.333013,17.982591
4.39013,16.314743,5.412575,17.476395
3.770165,16.152245,4.525488,17.007353
3.326557,15.91609,4.134418,16.829388
4.28722,17.088229,4.002792,16.76932
6.871457,19.845367,4.134418,16.829388
9.152329,22.41243,3.834247,16.670051
11.209323,24.221386,4.471295,17.027898
11.551564,24.357539,4.899984,17.245174
13.558259,25.562387,6.581139,18.093039
15.400823,26.627388,8.208536,18.909068
16.713523,27.170168,9.887703,19.793099
17.267885,27.347802,10.664191,20.181899
17.601778,27.295324,11.484758,20.615547
18.20081,27.515025,12.300494,21.047811
18.824987,27.823238,13.055969,21.480731
18.539515,27.104268,13.971488,22.012508
17.547635,25.660585,14.670994,22.397927
14.693166,22.998082,13.755806,21.91991
11.960272,20.410833,12.891687,21.493972
10.525182,19.329245,12.018787,21.065195
8.611421,18.166959,10.356313,20.183825
6.869912,17.320571,8.537673,19.2332
5.39953,16.718766,6.837684,18.355587
4.462401,16.380967,5.612715,17.68467
3.273285,15.758192,4.413979,17.047952
2.135035,15.199537,3.200012,16.40105
1.348342,14.67422,2.554784,16.036777
1.871985,15.721002,1.770438,15.607373
3.793573,18.17697,1.152436,15.275649
7.807563,21.619598,2.724486,16.137191
11.735618,24.812996,4.487221,17.128291
14.2974,26.67558,6.030026,17.970772
17.037771,28.283478,8.601019,19.370683
18.799573,28.977835,11.162776,20.795237
20.360798,29.501729,13.729354,22.263158
21.240648,29.781339,15.156,23.061149
22.212526,30.164038,16.563032,23.854104
22.773799,30.108497,18.016694,24.709512
22.566797,29.742828,18.40917,24.987931
22.459547,29.553738,18.573418,25.094365
21.580062,28.413997,18.967988,25.376892
19.525387,26.604579,17.945132,24.764087
16.470469,23.629179,16.915768,24.152456
14.39558,21.795693,15.879609,23.541706
13.092741,21.244973,14.286914,22.634427
11.586976,20.380008,12.838514,21.825744
9.754532,19.246638,11.199468,20.906025
8.141113,18.383108,9.584185,20.029467
6.719655,17.664987,8.109465,19.241716
4.926947,16.628472,6.437189,18.335836
3.891983,16.094827,5.315764,17.701258
4.282114,17.079744,4.360954,17.167791
6.281297,19.859021,3.23079,16.529649
10.219649,23.354623,4.496724,17.22956
13.217881,25.878423,5.582737,17.821399
15.464718,27.562897,6.870254,18.555503
18.874856,29.534144,10.06951,20.237716
21.455876,30.845865,13.06371,21.850926
23.996697,32.132339,16.172704,23.583345
25.35658,33.052194,17.236985,24.162408
26.113758,33.363145,18.29325,24.739678
26.750329,33.543253,19.346752,25.317637
26.433786,32.978467,19.932996,25.671015
25.460629,31.737862,20.299735,25.857282
24.863976,30.810378,20.886109,26.212286
21.951339,28.117083,19.771697,25.566655
17.430335,23.443705,18.718751,24.987959
16.131196,22.59251,17.60306,24.34749
13.660487,21.074169,15.351835,23.068125
11.391988,19.92339,12.952382,21.738062
9.23742,18.853264,10.660937,20.489958
8.142609,18.221071,9.63656,19.932847
6.968521,17.598374,8.432738,19.269549
5.952836,17.069319,7.428663,18.747854
4.883153,16.580274,6.199363,18.071824
4.97823,17.411468,4.959383,17.390348
6.773009,20.056878,3.74419,16.742217
11.052705,23.767853,5.33673,17.634547
14.608345,26.590673,7.088407,18.624788
17.080873,28.388976,8.657988,19.509886
20.473895,30.460192,11.874054,21.321452
23.504649,32.221143,15.181605,23.222213
26.026159,33.6193,18.241083,25.007493
25.548737,33.048943,18.08073,24.775747
24.659657,32.050839,17.99071,24.618949
27.816524,33.646217,22.254986,27.226817
27.334199,33.179051,22.093351,27.118774
26.775403,32.553667,22.030875,27.049054
25.629488,31.32881,22.831677,27.987856
21.847446,27.670142,20.538842,26.117653
19.400853,25.360838,20.41689,26.581795
16.771907,23.165607,17.99071,24.618949
14.528779,21.722271,16.069376,23.541718
13.980946,22.117257,15.560133,23.947947
10.918144,19.872332,12.388965,21.570476
9.301947,18.996097,10.743885,20.649177
8.003646,18.409415,9.245324,19.823278
6.478086,17.665206,7.556355,18.886012
5.445443,17.037799,6.538228,18.274394
4.408299,16.409595,5.483331,17.626555
6.479368,19.25222,4.471295,17.027898
9.516427,21.806429,5.747338,17.6733
14.101505,25.905292,7.037203,18.343759
17.707019,28.885813,8.303001,19.000316
18.801706,29.18239,10.051468,19.889917
20.505606,30.139421,11.699256,20.760517
22.200955,31.039566,13.487521,21.721322
25.675162,32.94249,17.95201,24.451163
25.823465,33.082271,17.894141,24.391363
25.341945,32.583878,17.837245,24.332531
24.94542,32.121375,17.998362,24.434104
24.094291,31.09865,18.20873,24.520773
22.326555,29.203224,18.20873,24.520773
19.724778,26.364742,18.1032,24.477228
11.43951,19.563021,13.440568,21.908609
10.119166,18.83058,12.126882,21.170805
9.875695,18.63879,11.962211,21.071081
2.490292,14.884605,4.075448,16.693729
2.223075,14.758295,3.817236,16.575683
-1.025167,13.174965,0.294698,14.674706
-1.645238,12.838796,-0.348871,14.312827
-1.218811,13.046248,0.156363,14.60885
-0.631977,13.3441,0.800036,14.970773
-1.771009,12.788033,-0.488212,14.246009
3.382026,18.234374,0.07605,14.607932
5.978438,21.182289,-0.374332,14.373811
15.244923,26.497457,8.646648,19.418712
17.909966,28.401701,10.326603,20.287389
19.219249,29.574781,10.559623,20.386744
24.385719,32.227087,16.686841,23.79106
25.120208,32.739175,17.217213,24.079377
27.1193,33.77429,19.891815,25.695451
26.571483,33.154123,20.115404,25.866864
27.142021,32.938902,21.523646,26.546992
26.888191,32.710088,21.310885,26.380813
26.18274,31.98029,21.050939,26.158258
25.017816,30.868325,21.573592,26.827873
16.434428,24.50818,14.457686,22.250372
7.21271,17.661109,8.156015,18.746576
11.966035,20.704771,13.280385,22.221142
11.270686,19.91726,13.006337,21.929927
4.432482,15.954656,5.823987,17.550204
7.232983,17.884945,8.791523,19.656624
5.114836,16.260798,6.693964,18.072863
3.912284,15.691571,5.415581,17.409873
2.812002,15.156371,4.28105,16.830249
0.768317,14.115563,2.083587,15.61218
-1.440333,12.982933,-0.269844,14.31519
1.047608,16.985414,-2.478879,13.093218
7.554739,21.828969,1.513629,15.326155
13.05106,25.584051,5.533196,17.600872
17.539805,28.406868,9.468802,19.831604
19.956619,29.945397,11.402249,20.834607
21.476152,30.687561,13.112462,21.708227
23.147478,31.596552,14.896144,22.67583
25.030688,32.671166,16.821521,23.740564
26.619184,33.461245,18.796808,24.8691
27.968191,34.070013,20.670141,25.966354
27.576348,33.630899,20.882247,26.129805
26.609278,32.550224,21.042575,26.233739
25.080124,30.827162,21.256681,26.40015
21.824926,27.735099,20.196615,25.81624
18.390397,24.246524,20.108564,26.31884
16.141,22.414707,17.928593,24.554969
12.678644,20.463214,14.425554,22.514659
9.141976,18.581626,10.790168,20.484874
5.887516,17.003073,7.299592,18.611414
4.661416,16.335024,6.037782,17.899446
3.400106,15.630985,4.770223,17.186445
2.300424,15.113579,3.533128,16.510064
1.705907,14.712453,3.062335,16.25011
1.462327,14.618826,2.793256,16.125775
5.503496,19.353833,2.319453,15.863566
10.733901,23.444309,5.184275,17.46775
15.263484,26.783039,8.017003,19.060465
18.588163,28.951388,10.862485,20.699521
22.073918,31.000337,14.221169,22.500101
25.365303,32.899055,17.726806,24.474471
28.390711,34.657052,21.123655,26.475376
29.414053,35.276475,22.292129,27.194995
29.958848,35.332737,23.621146,28.029253
30.443786,35.3637,24.790039,28.761944
29.933193,34.776352,24.733233,28.690611
28.984997,33.629315,24.838544,28.729521
27.319951,31.697308,24.785043,28.65975
22.720311,27.8872,21.851151,26.845766
17.944888,23.890083,18.981857,25.132407
14.838582,21.958748,16.094776,23.442099
11.955453,20.238083,13.445379,21.975671
9.394671,19.048351,10.559623,20.386744
6.780289,17.749169,7.80433,18.912897
6.073575,17.300415,7.259679,18.6466
5.476248,17.072913,6.538228,18.274394
4.905809,16.78759,5.978598,17.998881
4.428867,16.428913,5.600012,17.752956
3.758438,15.943802,5.01531,17.367576
6.93332,19.662233,4.639821,17.127342
11.874705,23.671294,7.131453,18.511241
16.538441,27.280519,9.707213,19.934156
19.899937,29.650895,12.174048,21.348106
22.999989,31.406262,15.351835,23.068125
25.679875,32.750497,18.780245,25.052125
28.678165,34.532791,22.070776,27.019346
29.758808,35.213061,22.967544,27.499802
30.290213,35.338105,23.722638,27.878719
30.71752,35.592708,25.230397,29.129322
29.916821,34.472889,24.748784,28.497849
29.181109,33.932319,25.131292,29.092905
27.602011,32.10161,25.39362,29.400689
23.36454,28.401838,22.219936,27.032861
18.833655,24.3173,20.115404,25.866864
16.63096,23.14946,17.852802,24.604188
14.59142,22.037243,15.818483,23.478712
12.586974,21.092192,13.621787,22.289727
10.680838,20.210347,11.571715,21.227951
9.342936,19.571338,10.112013,20.443382
7.968204,18.815629,8.796223,19.749937
6.626597,18.202449,7.32361,18.984207
6.855951,18.46624,7.40405,19.079719
6.545527,18.123586,7.484647,19.176583
9.022954,20.87996,7.565595,19.274963
11.035497,22.954629,7.659012,19.284375
12.07567,23.896147,7.966659,19.450667
12.578083,24.339706,8.057714,19.459039
16.771792,27.591891,10.346008,20.70788
19.545854,29.434526,12.630859,21.988136
20.902771,29.875979,14.865839,23.250869
19.180426,28.262233,14.411704,22.987267
16.934982,26.134199,13.730025,22.554568
17.001405,26.429153,13.273508,22.291657
16.349727,25.948692,12.815376,22.028442
14.934192,24.718164,12.184889,21.658023
14.952834,24.968841,11.723463,21.394405
12.226158,22.719023,9.997234,20.237305
6.878323,17.502722,8.341631,19.174864
4.902108,16.088259,6.66052,18.104549
4.237885,15.867201,5.83193,17.687824
3.248122,15.371263,4.822183,17.164337
2.333973,14.874497,3.966066,16.730316
1.439216,14.406772,3.062335,16.25011
0.279152,13.731415,1.981355,15.664505
-0.672143,13.204652,1.091833,15.206493
-0.786497,13.263267,0.812635,15.074616
-1.400879,12.841291,0.332416,14.807082
1.062913,15.799123,0.049409,14.672252
4.138438,18.63077,1.042051,15.244188
7.951988,22.219319,1.863995,15.714944
9.518065,23.367092,2.856031,16.28727
10.437656,23.791939,3.844177,16.764865
12.463946,25.266428,5.01531,17.367576
13.635905,25.961738,6.037782,17.899446
15.128041,27.186722,6.371451,17.952306
15.377648,27.196484,6.769833,18.083959
14.751918,26.346948,7.153559,18.21176
14.174016,25.664579,7.248405,18.193534
13.638416,24.946256,7.503437,18.273595
11.725723,22.830884,7.643453,18.30623
9.024791,20.432126,6.696059,17.814232
3.746331,15.088947,5.624196,17.265585
2.313755,14.03277,4.701986,16.804058
-0.038357,12.974992,2.036209,15.373588
-2.584731,11.600815,-0.482336,14.031649
-4.919314,10.578612,-3.168034,12.600982
-4.840966,10.762145,-3.28058,12.559765
-5.130809,10.613174,-3.561784,12.420113
-5.307323,10.501609,-3.677816,12.377092
-5.492641,10.476052,-3.962942,12.234848
-5.788272,10.322943,-4.250066,12.091121
-2.22059,14.450486,-4.348153,12.071816
3.017883,18.662149,-1.531203,13.706973
6.681253,21.142825,1.291988,15.341373
10.163613,23.44274,4.154868,17.02492
13.172786,25.568602,5.869532,17.79978
14.598162,26.142529,7.567272,18.602378
15.975547,26.688274,9.28224,19.453586
17.952877,28.098379,10.603717,20.18129
18.205986,27.772219,11.914615,20.907056
18.513605,27.482597,13.270511,21.684088
18.017324,27.227711,12.783273,21.447992
17.379503,26.895628,12.128812,21.111818
15.801139,25.497161,11.632963,20.872205
12.270037,22.413097,10.241482,20.134639
7.40665,17.76015,8.824309,19.3848
5.720308,16.720292,7.424163,18.666288
4.147217,15.840669,5.828977,17.757452
2.475932,14.851171,4.265412,16.889082
1.26338,14.394452,2.690652,16.015014
-0.259407,13.770401,0.800036,14.970773
-1.893134,13.021401,-1.078361,13.943995
-3.77831,11.986602,-2.976142,12.897111
-4.128942,11.585404,-2.976142,12.897111
-4.460117,11.298263,-3.145053,12.797174
-0.341857,15.900002,-3.145053,12.797174
5.485871,20.459994,-0.071867,14.445346
10.540562,24.063022,3.148262,16.185435
13.907977,26.05796,6.162175,17.812583
15.601139,26.429206,9.10122,19.399696
17.928354,27.404374,12.238497,21.15834
21.625431,29.932483,15.164019,22.819828
21.912987,30.416821,15.023665,22.86356
21.519804,30.258419,14.718361,22.810298
19.624267,28.465653,14.570439,22.860691
17.938836,26.505098,14.78785,22.949031
17.917549,26.255633,15.229229,23.203192
18.065525,26.274829,15.442036,23.289058
13.001725,21.705946,13.118116,21.839986
10.606312,20.206602,11.90233,21.683504
8.149489,18.661604,9.52919,20.225239
4.269402,16.115569,5.332386,17.328515
0.990706,14.105996,2.408171,15.724904
-2.244799,12.251481,-0.695329,14.025466
-3.178167,11.925923,-1.916618,13.36841
-4.458392,11.201475,-3.175653,12.67152
-5.737498,10.477056,-4.394359,12.018705
-5.054561,11.078803,-4.035006,12.243908
-4.645841,11.269935,-3.50636,12.569685
-2.608276,13.401076,-3.145053,12.797174
1.243841,16.429188,-0.881944,14.074629
3.982588,18.216031,1.337465,15.302173
6.041499,19.274606,3.568734,16.548396
10.001074,22.39817,5.579932,17.574782
13.06349,24.64282,7.446717,18.549225
14.522912,25.112846,10.596472,20.814729
11.151641,22.133607,8.584274,19.280514
9.509848,21.049428,7.598634,18.93246
8.21576,20.317006,6.749257,18.70059
9.447938,21.562651,6.844384,18.713476
10.564221,22.58923,7.070882,18.784816
9.239968,21.085938,7.162529,18.796683
6.006208,18.118983,5.962629,18.07028
4.78819,17.287452,4.937159,17.454168
2.699273,15.564446,3.709417,16.703148
0.947657,14.21642,2.521775,15.999947
0.387224,14.135452,1.506453,15.40156
-1.09935,13.089361,0.324901,14.707661
-2.276842,12.1111,-0.348871,14.312827
-2.418554,12.232234,-0.853546,14.01736
-3.208059,11.699796,-1.525592,13.62413
-3.122431,11.893087,-1.665908,13.555934
-3.687704,11.429363,-1.974886,13.388773
-0.609333,15.005832,-2.142946,13.290221
2.171355,17.609034,-1.357671,13.722369
3.41877,18.613701,-0.743487,14.053073
6.079337,21.005372,0.004332,14.446251
10.431104,24.266171,2.298744,15.618076
12.115867,24.865923,4.586096,16.805905
14.718011,26.41029,6.806687,17.953866
14.439688,26.289584,6.634826,17.957609
13.24738,25.332861,6.284906,17.867452
12.510716,24.766999,6.123735,17.913407
12.031206,24.155819,6.205118,17.854785
10.642948,22.670852,6.110246,17.700484
9.668306,21.513593,6.21712,17.686132
4.287061,16.20292,4.99392,17.011738
2.428448,14.703261,3.928897,16.429037
0.870602,13.647056,2.693944,15.749268
-1.283505,12.742888,0.111466,14.34777
-3.791588,11.331984,-2.313518,13.036807
-6.543026,9.731432,-4.920798,11.612174
-7.339505,9.273825,-5.681125,11.199239
-8.085201,8.779791,-6.302063,10.854915
-8.929331,8.264527,-7.071033,10.431811
-9.39955,7.996718,-7.550706,10.15667
-9.644089,7.995126,-8.030805,9.880207
-6.623594,11.756969,-8.511288,9.602403
-1.590655,16.154238,-6.361158,10.87751
-0.087765,16.679761,-4.203116,12.144568
1.622038,17.427483,-2.037936,13.408281
4.455442,19.769855,-0.740585,14.142726
4.99912,19.70614,0.553766,14.873295
5.685825,19.792389,1.812403,15.565125
5.895429,19.777862,2.219555,15.75514
6.529828,20.21721,2.621278,15.941785
6.287952,19.72505,3.017451,16.125076
4.878582,18.02616,3.315432,16.282846
4.44827,17.3822,3.574796,16.40208
4.183384,16.911089,3.870181,16.558076
3.275187,16.251587,3.203858,16.170999
2.414703,15.73229,2.408171,15.724904
1.755192,15.349113,1.777646,15.374516
-0.129147,14.481697,-0.36113,14.219623
-2.308508,13.195416,-2.337513,13.162575
-4.676074,11.698702,-4.348153,12.071816
-5.711943,10.696193,-4.684367,11.872774
-6.021871,10.433184,-4.830067,11.799264
-6.126018,10.501287,-5.144412,11.625485
-6.030404,10.516862,-4.998163,11.699555
-5.944517,10.614794,-5.020295,11.673758
-4.248576,12.547396,-5.020295,11.673758
0.184733,15.961562,-2.232473,13.279438
5.099365,19.890875,0.384726,14.773861
6.031757,22.21444,-2.699368,12.937453
8.413591,24.370896,-2.479396,12.940856
14.448635,26.9794,5.207975,17.272327
14.793252,26.760954,6.395545,17.850221
16.05891,27.563327,7.363527,18.348921
16.626386,27.682872,8.366958,18.884755
15.703367,26.301984,9.361988,19.417018
15.558978,25.946936,9.800292,19.657157
16.084372,26.211575,10.399891,19.992383
14.517185,24.327292,10.887008,20.279178
8.45357,18.263352,9.574278,19.557436
6.292844,16.565285,8.25144,18.83344
5.00767,15.890723,6.963311,18.148134
2.78557,14.973187,4.337882,16.751416
0.213207,13.57752,1.847323,15.444363
-2.35654,12.303385,-0.825011,14.04858
-2.633558,12.547671,-1.779828,13.517254
-3.588635,11.920928,-2.569414,13.08111
-4.213362,11.764725,-3.530252,12.542028
-2.956544,12.643517,-2.518831,13.138986
-1.328827,13.846011,-1.309119,13.868159
-0.074913,14.712216,-0.290692,14.470756
0.896516,15.616696,0.077457,14.705384
1.650656,16.361972,0.276019,14.840126
2.345671,16.950396,0.617543,15.043356
3.854967,18.331112,1.130472,15.348987
4.98226,19.289869,1.644183,15.655631
4.498125,18.527156,2.158689,15.963368
5.088149,18.580676,3.329567,16.646664
7.66017,20.847609,4.294013,17.187254
11.665002,24.47022,5.426462,17.829602
13.390739,25.440962,6.753081,18.343814
12.833451,24.180904,7.945231,18.843562
12.246037,22.761422,9.28224,19.453586
7.479844,18.176962,7.996511,18.767298
4.485462,15.624395,6.528546,17.976277
3.469214,15.274208,5.249241,17.312783
2.70002,14.936532,4.409446,16.888696
2.887819,15.604159,3.761103,16.592812
1.913232,15.040141,2.962356,16.225483
1.41544,14.750446,2.521775,15.999947
1.5983,15.233486,2.110175,15.808435
0.933354,14.759443,1.693507,15.613651
0.603817,14.752598,1.042051,15.244188
0.131268,14.495953,0.588906,15.009184
-0.069406,14.632545,-0.065166,14.637288
2.920943,17.573157,0.588906,15.009184
4.657759,19.022533,1.413027,15.482015
7.54123,21.726561,2.096812,15.889493
13.180744,25.772965,5.638588,17.795432
16.441144,27.502999,9.1527,19.724304
20.078039,29.70833,12.616393,21.665209
21.485126,30.76152,13.45279,22.114407
21.529232,30.450489,14.279235,22.559279
20.638561,29.152349,15.036794,22.939881
19.084548,27.200077,15.636231,23.292438
17.966316,25.553993,16.460269,23.81299
17.483798,24.667859,17.056909,24.168498
14.787425,22.874754,14.836484,22.931564
11.87109,20.971392,12.442542,21.626777
9.254938,19.381736,10.235582,20.496258
7.634305,18.52557,8.537574,19.54618
5.871645,17.611684,6.647816,18.484316
4.099943,16.608837,4.910879,17.518387
3.788161,16.529719,4.431072,17.249657
3.288248,16.328893,3.778513,16.877183
3.315976,16.626609,3.263792,16.568447
2.074563,15.864664,2.096812,15.889493
0.044063,14.216015,0.930287,15.212216
0.443608,15.292562,-0.235632,14.536009
5.059164,19.767443,0.730569,15.07633
7.626675,21.886942,1.832946,15.678938
9.438002,23.285529,2.790533,16.211914
13.754894,26.474356,5.068165,17.344352
15.122431,26.863013,7.114575,18.353737
17.534038,28.243215,9.331647,19.500163
18.288809,28.512145,10.237556,19.897105
18.270226,27.998633,11.230837,20.38422
19.180683,28.405955,12.224492,20.876657
16.527853,26.069479,11.503326,20.528502
12.653768,22.216536,10.94722,20.281277
11.322217,21.186173,10.22629,19.940669
9.861251,19.995002,9.595309,19.692117
8.592609,18.946185,9.109871,19.53584
7.344366,18.026952,8.478075,19.317204
7.214439,18.412629,7.683559,18.941922
6.525234,18.168278,6.910563,18.600906
5.934945,18.045727,6.115106,18.246926
4.589927,17.338675,4.602881,17.353117
3.498683,16.829912,3.263792,16.568447
2.198488,16.179324,1.754752,15.685519
1.858212,16.067477,1.272004,15.415673
1.518444,15.868675,0.959409,15.247001
1.16259,15.737647,0.446739,14.941691
1.058565,15.799513,0.133204,14.772087
1.175458,16.187397,-0.378894,14.467365
1.498225,16.709505,-0.719865,14.264668
3.570972,18.599407,-0.233401,14.441316
7.438984,22.06865,0.952507,15.140736
10.855762,24.832709,2.450206,16.009941
14.847489,26.844299,6.581139,18.093039
14.194634,25.878776,7.190429,18.363422
14.573164,25.99368,7.760176,18.663077
14.489201,26.042262,7.475802,18.513518
15.172006,25.806617,9.347053,19.45752
12.32745,22.885947,9.085491,19.271617
7.145102,17.212642,8.759733,19.081799
2.829903,14.686278,4.750458,16.900338
2.9012,14.798887,4.623656,16.785869
3.589122,15.502551,4.787376,16.87953
1.501364,14.539733,2.517905,15.702198
1.773899,14.765784,2.645042,15.761461
-0.378843,13.394326,0.842368,14.793171
-0.798957,12.998526,0.711029,14.730874
-1.088696,12.753576,0.579093,14.668229
-1.125471,12.70626,0.612798,14.701196
-2.278383,12.026183,-0.423138,14.15626
-0.175166,14.524664,-0.558943,14.091048
2.948406,18.202737,-0.969828,13.893183
6.241699,20.559212,1.24678,15.125231
6.109789,20.416872,1.279974,15.159424
7.042968,21.391313,1.24678,15.125231
12.363701,24.658153,5.744836,17.536123
12.332033,24.786429,5.860751,17.869873
13.836598,25.130629,7.855203,18.634833
14.767106,26.079814,7.855203,18.634833
14.387887,25.55946,8.135512,18.781998
13.157514,24.140421,8.414957,18.928745
11.845286,23.034035,7.902317,18.678641
8.942585,20.090591,7.548827,18.522127
6.85774,17.639042,7.713706,18.618648
2.863205,15.496859,3.779535,16.537368
2.556262,15.235274,3.649919,16.477966
2.20375,14.827214,3.687179,16.516114
-0.661631,13.310818,0.768982,14.937098
-1.377317,12.76983,0.324901,14.707661
-3.243461,11.945323,-1.843111,13.537741
-3.054212,12.069044,-1.673999,13.637554
-3.254754,11.933944,-1.817295,13.567775
-2.724425,12.353646,-1.504813,13.737424
-2.67917,12.499663,-1.647979,13.667843
-1.602805,13.899687,-1.961083,13.497638
1.863275,17.683417,-1.986536,13.467764
5.57759,20.387068,0.443831,14.840479
6.973502,21.59567,0.92236,15.106515
9.989928,24.533519,1.030579,15.137831
13.990429,26.585686,5.204955,17.337302
13.098886,25.513726,5.623563,17.548368
14.961746,25.856385,8.839255,19.210386
13.728462,24.582056,8.790631,19.164879
13.461309,24.783271,7.925349,18.760086
13.602359,24.449429,8.790631,19.164879
13.716199,24.08232,9.63779,19.56214
13.04974,22.855573,10.474302,19.957591
7.583453,17.831409,8.548739,18.943822
5.353836,16.390659,6.799055,18.05281
3.089397,15.031346,4.875912,17.079127
0.571676,13.520783,2.610975,15.857517
-1.525592,12.414666,0.475258,14.705895
-3.606605,11.428243,-1.806762,13.487365
-4.557667,10.994462,-3.087012,12.6852
-5.521965,10.643039,-4.498367,11.825299
-6.739162,9.905835,-5.762027,11.043979
-6.894729,9.896128,-5.942314,11.001084
-7.21317,9.801158,-6.302063,10.854915
-5.445839,12.008893,-6.487249,10.826131
-1.38803,15.275175,-4.156949,12.19819
2.410548,18.263873,-2.01215,13.43798
6.334328,21.242438,0.332416,14.807082
10.197559,23.838661,3.097019,16.28764
13.711677,26.038931,5.996961,17.856777
17.035193,28.160445,8.751501,19.380505
17.957416,28.576915,9.89351,19.985437
18.197859,28.255348,11.18397,20.681856
18.627814,28.17874,12.346103,21.324579
18.112836,27.65279,12.237179,21.217294
16.035536,25.535157,12.018787,21.065195
12.969819,22.168891,11.911336,20.961479
8.567259,18.687092,9.3151,19.544348
5.820743,17.135615,6.74782,18.191171
3.476877,16.089292,4.097253,16.790208
2.605626,15.642901,3.266002,16.387265
1.747794,15.219631,2.417755,15.973137
0.971441,14.894963,1.553531,15.548009
0.975813,14.992189,1.413027,15.482015
0.596802,14.748682,1.101104,15.31389
0.665616,14.918325,0.959409,15.247001
0.249017,14.540437,0.788433,15.145125
0.126598,14.49301,0.617543,15.043356
0.879321,15.423644,0.446739,14.941691
2.728773,17.195919,0.930287,15.212216
4.354369,18.697555,1.382957,15.446627
5.898123,20.093107,1.863995,15.714944
8.116447,22.535703,0.973109,14.855124
13.575133,26.163368,5.522389,17.668522
14.844543,26.89093,6.711339,18.29958
17.781113,28.523971,9.658473,19.884465
20.017175,29.470986,12.511253,21.36314
15.392038,26.672757,8.184344,18.948357
13.489907,24.453893,8.655549,19.154596
12.251654,22.759171,9.331647,19.500163
11.603869,21.749627,9.787256,19.699225
7.512145,18.121447,8.161224,18.863901
5.594391,16.97503,6.537826,18.049962
3.677347,15.85769,4.899984,17.245174
2.378224,14.73631,4.302828,16.928581
1.669553,14.388593,3.568734,16.548396
1.782493,14.891226,2.962356,16.225483
1.926831,15.239837,2.62422,16.026177
1.873272,15.362259,2.28634,15.827303
1.692373,15.340413,1.948714,15.628837
1.756208,15.411415,1.981355,15.664505
1.977036,15.658769,2.046097,15.736207
2.806783,16.584257,2.110175,15.808435
4.758791,18.466231,2.587633,16.073749
8.170233,21.766056,3.234016,16.439143
11.398668,24.822097,3.74419,16.742217
14.126904,26.574191,5.821153,17.827218
16.28254,27.731584,8.051429,19.021086
17.38752,27.944046,10.109781,20.135803
17.804503,27.98435,10.904551,20.533511
18.463698,28.208098,11.851214,21.024214
18.466315,27.823283,12.620512,21.409148
18.180092,27.654509,12.401622,21.317006
16.268611,25.698684,12.291584,21.270721
14.213107,23.596399,12.070161,21.177611
9.098715,18.983803,10.059976,20.085492
6.823316,17.621323,8.051429,19.021086
4.852153,16.637297,6.030026,17.970772
3.628701,16.06913,4.656985,17.229257
2.239296,15.409829,3.064101,16.338371
0.870384,14.686802,1.662703,15.577956
-0.505911,13.862152,0.332416,14.807082
-1.848275,13.075139,-0.99681,14.037397
-3.061766,12.434493,-2.299741,13.29727
-3.353469,12.194304,-2.468955,13.197163
-3.63348,11.874248,-2.468955,13.197163
-1.620213,14.236418,-2.638093,13.097102
3.339485,18.758316,-0.99681,14.037397
6.57178,21.334456,0.642848,14.974242
9.36833,23.43062,2.280154,15.909131
14.215857,26.400154,6.456664,18.18645
18.521858,29.007922,10.426364,20.390101
22.11587,30.987024,14.503716,22.722867
23.307856,31.60828,15.800985,23.396107
23.672222,31.384115,17.135346,24.121672
25.024125,32.181509,18.455566,24.843597
24.783107,31.807435,18.780245,25.052125
22.99013,29.728867,19.167802,25.3274
20.616821,26.866037,19.493116,25.538612
15.905182,22.91803,16.767786,23.936077
13.07534,21.248299,14.113257,22.45589
10.61551,20.072879,11.381907,20.950979
9.625203,19.291249,10.76191,20.594235
9.20614,19.078854,10.308085,20.339659
8.687746,18.845145,9.684662,19.982876
8.260026,18.882538,8.952207,19.666876
7.641236,18.802412,8.067027,19.281365
7.022167,18.649754,7.363822,19.031804
5.869796,17.98114,6.228988,18.382122
5.047339,17.593212,5.227092,17.793479
4.857204,17.996091,4.086159,17.143491
7.463895,20.650627,4.432257,17.353317
10.092934,23.313256,4.570616,17.416189
12.524747,25.617125,4.916693,17.626266
14.594177,27.040677,6.210784,18.262133
16.128656,27.958943,7.512072,18.922493
17.450733,28.687835,8.782683,19.564048
16.915668,27.643754,9.183646,19.361692
18.483154,28.597555,11.330146,20.897384
17.907335,27.417887,12.564873,21.543927
15.626317,24.835155,12.7314,21.580874
13.677308,22.504584,12.950707,21.672348
12.973197,21.547369,13.112462,21.708227
10.713142,20.149736,11.131634,20.630004
8.483875,18.723691,9.324675,19.68408
6.132795,17.284681,7.299592,18.611414
4.629859,16.298809,6.037782,17.899446
3.207807,15.506761,4.563786,17.047202
2.270401,15.176314,3.293225,16.335189
2.007913,15.149877,2.893658,16.150906
1.870117,15.266272,2.521775,15.999947
1.59757,15.233538,2.141987,15.844761
1.105474,15.042841,1.492538,15.477082
0.546413,14.778387,0.871717,15.143125
0.140123,14.684136,0.219579,14.773131
0.923015,15.467175,0.36119,14.840525
2.78491,17.508038,0.36119,14.840525
4.597457,19.36089,0.502283,14.907563
8.460871,22.520465,2.117496,15.72802
12.708708,25.986782,3.687179,16.516114
13.95775,26.49945,5.249241,17.312783
13.572611,25.478479,6.560209,17.945825
13.27495,24.498351,7.877208,18.600263
14.64058,25.226777,9.21522,19.285301
14.392667,25.239358,8.711353,19.038182
12.483596,23.512548,8.203687,18.789791
10.356095,21.514767,7.691286,18.539397
4.422946,15.874504,5.857939,17.523591
2.262344,14.403799,4.134314,16.560647
0.423293,13.400967,2.277009,15.537033
-1.698023,12.248101,0.179735,14.412126
-4.103531,10.769589,-1.951713,13.258248
-6.132992,9.729526,-4.062572,12.126934
-8.180058,8.474936,-5.991296,11.027475
-9.871374,7.531623,-7.737473,10.034067
-11.729407,6.469939,-9.675021,8.899584
-12.386294,6.066228,-10.320909,8.517223
-13.204371,5.558612,-11.148755,8.011232
-11.567598,7.890324,-11.79338,7.624533
-5.740798,13.43593,-9.82321,8.819956
-1.217137,17.360888,-8.011404,9.90282
2.12404,19.847676,-6.005208,11.101285
6.099193,22.300606,-2.807357,12.823314
9.430831,24.198778,0.179735,14.412126
12.389434,25.686154,3.312153,16.089565
13.957761,26.571207,4.744714,16.841644
14.397782,26.426758,6.038241,17.527426
15.201963,26.57221,7.480274,18.299225
15.157641,26.321203,7.966565,18.578483
13.504099,24.480241,8.290819,18.765249
11.073291,21.639116,8.72928,19.004012
4.545953,15.340726,6.761018,17.914102
2.399882,13.958698,4.942192,16.915194
0.558724,13.032806,2.987486,15.853343
-1.516584,11.903736,0.995626,14.816763
-3.170826,11.187957,-0.850198,13.8699
-5.108167,10.255238,-2.89328,12.811088
-6.033271,9.749355,-3.870274,12.251802
-6.897893,9.311797,-4.823485,11.71622
-7.783035,8.847583,-5.801858,11.150879
-8.723836,8.217539,-6.635217,10.657455
-9.361588,7.846823,-7.300761,10.262088
-8.039676,9.872974,-8.131234,9.766843
-5.339675,13.575551,-9.393294,8.961348
1.85603,18.707486,-4.38523,11.868886
5.517855,21.543273,-2.509055,12.911977
9.420532,23.95189,0.630152,14.59575
12.655223,25.652027,3.885675,16.339278
15.251646,26.824885,6.994081,18.020968
15.929733,27.112489,7.826425,18.458048
16.798018,27.523095,8.815433,18.985955
16.256618,26.584089,9.686761,19.460553
13.897423,24.645736,8.654461,18.893793
11.822903,22.888092,7.826425,18.458048
8.344803,19.626002,6.877688,17.967538
3.315737,15.701761,4.051274,16.541403
1.837183,14.627946,3.090454,16.060385
0.772922,13.945508,2.277511,15.664082
1.875927,14.443714,3.761103,16.592812
3.267442,15.285412,5.22263,17.5092
5.045717,16.578761,6.739592,18.497546
7.442769,18.584172,8.278568,19.524481
6.285994,17.907483,7.150699,18.878314
5.505874,17.572826,6.228988,18.382122
5.157413,17.451477,5.746585,18.109801
5.218697,17.520206,5.746585,18.109801
7.208483,19.468673,6.266954,18.427783
10.378539,23.095613,5.783607,18.154559
12.244621,24.505997,6.922874,18.807135
13.551331,25.345672,8.057714,19.459039
16.396725,27.604927,9.356736,20.118595
17.088636,27.771993,10.501498,20.707541
18.058456,28.16591,11.792629,21.38899
18.52587,28.511924,11.978028,21.432601
18.210989,28.057559,12.211657,21.530402
17.600691,27.289492,12.388965,21.570476
13.599939,24.279374,9.923284,20.23642
9.242523,20.839445,7.553685,18.969196
6.080278,18.818916,5.01836,17.645507
4.869742,17.655032,4.673306,17.436618
4.473364,17.301736,4.500917,17.332422
4.460634,17.462586,4.15641,17.124515
4.124816,17.177151,3.984293,17.020798
3.782569,16.972125,3.640325,16.813825
3.565897,16.81903,3.468475,16.710564
2.94497,16.482929,2.813987,16.337128
2.199292,16.006022,2.127791,15.926334
1.391259,15.551038,1.301621,15.451085
0.677019,15.109772,0.617543,15.043356
-0.133567,14.560728,-0.065166,14.637288
-0.886776,14.077546,-0.719865,14.264668
0.673844,15.547352,-0.235632,14.536009
2.771071,17.663524,0.105385,14.73866
5.51756,20.325984,0.617543,15.043356
8.542829,22.890009,1.693507,15.613651
10.611639,24.52517,2.587633,16.073749
11.766711,25.185909,3.63941,16.625478
13.949465,26.469971,5.533196,17.600872
13.760557,25.350079,7.536965,18.638855
14.362015,25.065394,9.364304,19.592028
13.395571,24.119791,9.199092,19.493986
12.380302,23.182599,8.917118,19.345293
11.059336,21.820365,8.799755,19.294219
6.314343,17.602149,6.958239,18.333411
4.470675,16.572703,5.31451,17.526438
2.193908,15.176287,3.472089,16.61735
1.097892,14.576427,2.312212,15.94577
-0.151887,13.710922,1.352768,15.411397
-1.318254,13.031147,0.191171,14.739845
-2.970585,11.979566,-1.309119,13.868159
-4.559047,11.090611,-2.976142,12.897111
-5.789688,10.514123,-4.493655,11.998703
-6.784792,9.832371,-5.312528,11.525582
-7.317068,9.593764,-5.942885,11.175368
-6.118311,11.431023,-6.762789,10.697552
-0.622643,16.353984,-4.639614,11.925229
3.256686,19.465626,-2.68758,13.039407
7.435878,22.721158,-0.543608,14.274014
10.567865,24.691978,1.948714,15.628837
11.868081,24.814424,4.601896,17.087198
13.528558,25.38216,7.045165,18.42194
13.238494,24.878648,7.459496,18.630155
14.209871,25.73385,7.74884,18.783026
14.36823,25.692298,8.157765,18.988094
11.731894,23.521668,7.131453,18.511241
8.238162,20.490927,5.939467,17.9557
6.312846,19.066452,4.910879,17.518387
3.78491,16.433959,4.567579,17.311717
3.186218,16.029695,4.053256,17.002872
2.515281,15.450835,3.676782,16.758284
1.614219,15.073366,2.546744,16.12129
0.12526,14.12271,1.242289,15.380433
-1.080683,13.401251,0.105385,14.73866
-2.056105,12.846702,-0.890223,14.163445
-3.409803,11.954293,-2.030895,13.51694
-4.313828,11.478186,-3.026971,12.939306
-3.613385,11.817106,-2.176644,13.445656
-2.598733,12.418446,-1.179026,14.02392
-0.719412,14.090945,-0.324956,14.532914
1.929922,16.841514,-0.010097,14.703706
4.213992,19.122288,0.332039,14.907745
4.314629,19.066639,0.646082,15.077692
8.306128,22.585594,2.017665,15.897566
11.593923,25.363343,3.190139,16.582431
13.495982,26.692226,4.570616,17.416189
13.473337,26.405957,5.154943,17.707204
13.048762,25.784624,5.561378,17.890293
10.897775,23.31506,6.133809,18.173533
9.492001,21.517933,6.699578,18.452516
8.111503,19.764975,7.088407,18.624788
7.840841,19.118598,7.683559,18.941922
6.625806,18.282593,6.748588,18.420523
5.687937,17.761785,5.808559,17.897079
4.864052,17.371806,4.863737,17.371453
4.168148,17.128193,3.984057,16.922818
2.911754,16.262154,3.059655,16.427361
2.539334,16.386408,2.158689,15.963368
2.602487,16.368794,2.33037,16.066204
2.910711,16.622965,2.502142,16.169172
3.035615,16.673969,2.674004,16.272276
2.97464,16.606379,2.674004,16.272276
2.760184,16.279955,2.845957,16.375518
3.801757,17.346628,3.018002,16.478903
6.101592,19.836521,3.018002,16.478903
8.316819,22.225421,2.813987,16.337128
9.660496,23.585135,2.781952,16.298949
12.015002,25.500749,3.744692,16.837347
12.574091,25.714134,4.532198,17.270535
12.987307,25.718154,5.449551,17.761508
11.967841,24.345762,6.305067,18.276955
11.178144,23.23201,6.950767,18.646529
11.058277,22.720948,7.766542,19.120384
11.058707,22.405875,8.409625,19.490415
10.748042,21.826006,8.879987,19.755589
10.779903,21.530208,9.520225,20.125554
9.033227,19.92859,8.968107,19.855549
8.44054,19.529605,8.581518,19.687597
8.031895,19.43021,8.057714,19.459039
7.75561,19.298377,7.751486,19.293777
7.208073,18.860904,7.40405,19.079719
6.959145,18.760602,7.09659,18.913879
6.680611,18.627608,6.788216,18.747493
6.154115,18.305794,6.304959,18.47377
5.664457,17.938307,5.994684,18.306267
4.726633,17.245902,5.335387,17.925094
4.398073,17.323213,4.501386,17.438023
3.58284,16.770628,3.84051,17.057208
5.489067,18.854763,3.740453,16.934322
6.911178,20.372509,3.640325,16.813825
8.864949,22.409954,3.539674,16.695355
11.793207,24.870185,4.523604,17.168702
13.629053,26.282149,5.353301,17.568065
15.182568,27.348879,6.374449,18.099214
17.056405,28.60721,7.671315,18.774951
17.530092,28.464448,9.109871,19.53584
18.014929,28.389033,10.407193,20.234086
17.281053,27.59113,10.470596,20.232762
15.98117,26.117105,10.749309,20.380302
13.440662,23.328629,10.810386,20.378259
6.264281,16.552905,8.468549,19.098127
3.980581,15.388498,6.081357,17.79947
1.601657,14.131967,3.687179,16.516114
0.374004,13.748457,2.051178,15.656446
-1.08737,13.196624,0.186154,14.64163
-2.594771,12.503374,-1.478587,13.76797
-3.148341,12.056009,-1.817295,13.567775
-3.585965,11.835657,-2.299741,13.29727
-3.241436,12.41564,-2.613597,13.126073
-3.819338,12.125536,-3.290162,12.725289
-4.44503,11.872167,-4.134139,12.225081
-5.801311,10.690896,-4.786022,11.851397
-0.217345,16.287766,-3.581762,12.580455
2.073622,18.070459,-2.201009,13.415752
4.610033,20.163496,-0.982484,14.157387
9.808734,24.357335,1.301621,15.451085
12.735865,26.200282,3.744692,16.837347
13.728546,26.256299,6.039014,18.15813
12.952568,24.963449,6.450763,17.964441
14.484845,25.857852,8.488286,19.407041
15.329863,26.172829,9.611833,19.98122
15.175779,25.658304,10.406591,20.443058
14.850464,24.86803,11.368037,21.009576
13.689828,23.201101,12.158885,21.47439
8.441347,18.745234,8.887913,19.25628
6.678281,18.072085,7.341405,18.819185
4.771027,17.360449,4.87493,17.476484
3.718159,16.177102,4.910879,17.518387
3.591499,16.03564,4.946756,17.560516
3.594055,16.04112,4.982578,17.602885
2.416663,15.347605,3.812264,16.917236
1.271411,14.694957,2.674004,16.272276
0.095023,14.004632,1.502645,15.589215
0.567585,14.265935,2.017665,15.897566
1.221814,14.824741,2.361471,16.103781
1.530644,14.897507,2.845957,16.375518
4.332146,17.838288,3.125039,16.504475
7.746546,21.405826,3.263792,16.568447
11.450322,25.01218,3.539674,16.695355
13.394473,26.444836,4.340058,16.968224
14.578933,27.220939,4.997707,17.199144
15.631693,27.818749,5.823987,17.550204
15.335369,27.235989,6.470624,17.862527
14.723404,26.325331,7.107445,18.170017
13.094575,24.327433,7.782907,18.515609
11.48873,22.626617,7.782907,18.515609
9.260956,20.185432,7.782907,18.515609
6.152525,17.378661,6.526713,17.807104
4.359194,16.096629,5.321909,17.200086
2.974398,15.396049,3.926638,16.484133
1.870788,14.938386,2.667644,15.84549
0.637483,14.254558,1.513431,15.250604
-0.875946,13.349779,0.202858,14.576369
-2.803237,11.882743,-0.965185,13.980996
-3.836283,11.162224,-1.779828,13.517254
-4.388924,10.902493,-2.426744,13.151182
-5.237251,10.297868,-3.074315,12.783875
-6.016425,9.867571,-3.890548,12.316097
-6.812319,9.417385,-4.684367,11.872774
-7.32525,9.200027,-5.334137,11.500147
-2.478208,14.430304,-4.897557,11.721372
0.73632,17.564677,-4.297854,12.037811
4.078366,20.783017,-3.845084,12.278966
5.173647,21.895919,-3.947279,12.170433
4.623058,21.368103,-4.02654,12.089188
9.128494,23.269281,1.42955,14.992113
9.225564,23.705468,0.721852,14.624393
6.718657,21.616288,-0.192325,14.126376
4.576698,19.768507,-0.912578,13.749116
3.818127,19.354804,-1.63965,13.36662
1.973663,17.875842,-2.538976,12.883131
-4.28081,11.334941,-3.279618,12.489011
-6.449123,9.468059,-4.412123,11.84218
-7.181811,9.281039,-5.544885,11.191694
-8.423797,8.487539,-6.67765,10.537009
-9.406531,7.801265,-7.479893,10.073311
-10.166633,7.377042,-8.282385,9.606645
-11.020298,6.838656,-9.106753,9.114463
-11.580781,6.356832,-9.436075,8.917035
-12.190907,5.712845,-9.600642,8.818195
-12.642052,5.358636,-9.929586,8.620253
-13.093755,5.001979,-10.258268,8.421952
-15.323241,3.725415,-12.714284,6.922085
-15.652661,3.511516,-13.04042,6.720287
-9.503298,10.781997,-12.896848,6.800953
-3.221049,15.988053,-9.64432,8.773823
-0.549865,18.469705,-9.009398,9.145061
1.839884,20.096196,-7.375182,9.999064
3.655338,21.139927,-5.758547,10.854379
4.848314,21.547591,-4.128228,11.730513
4.885746,21.188025,-3.319909,12.18929
4.107807,19.977172,-2.511561,12.646153
2.932829,18.287169,-1.665372,13.129101
1.958573,17.154025,-1.541597,13.192228
0.792846,15.87623,-1.579703,13.164618
-1.696871,12.930389,-1.418152,13.255331
-4.237164,11.004474,-3.065763,12.380149
-6.107351,9.963078,-4.849265,11.441431
-7.843541,8.999556,-6.474012,10.607367
-10.133046,7.519428,-8.492767,9.462389
-15.9925,4.066204,-14.612476,5.762105
-14.153397,5.072327,-12.386555,7.202512
-16.688683,3.876291,-15.63649,5.169626
-14.399088,5.635186,-13.813318,6.340911
-15.152689,5.099321,-14.452288,5.947471
-14.886808,5.890743,-15.253566,5.447799
-13.89614,6.054639,-13.454999,6.583245
-14.133836,5.769405,-13.439955,6.60173
-12.629303,8.383991,-14.941887,5.637434
-9.363844,10.977783,-12.845701,6.936029
-4.181687,15.642717,-10.905331,8.112031
2.259458,20.212255,-6.653364,10.56147
6.576503,22.613451,-2.569163,12.854316
9.77857,23.871773,1.617951,15.159986
9.726919,23.461904,2.403526,15.596291
8.445895,21.702942,3.312153,16.089565
7.381975,20.171844,4.09316,16.52313
7.497637,20.316085,4.010479,16.448808
7.205497,20.010677,3.968971,16.412026
3.622819,16.027341,3.927366,16.375512
1.0248,14.029493,2.326354,15.526523
-0.446353,13.328539,0.77253,14.726927
-2.46583,12.007713,-0.818737,13.900891
-3.915745,10.892451,-1.785531,13.354429
-5.016437,10.181213,-2.753182,12.806014
-5.970763,9.639425,-3.72155,12.255292
-7.216477,8.94087,-4.970956,11.560166
-8.16545,8.493593,-6.060687,10.953102
-9.342442,7.869573,-7.322247,10.238601
-9.603709,7.752074,-7.654357,10.040953
-9.977989,7.499409,-7.986212,9.843096
-10.276232,7.336808,-8.317809,9.645012
-3.116789,14.619603,-6.724916,10.560901
1.511815,18.73984,-5.162347,11.437055
4.901855,21.43415,-3.583207,12.324251
9.278132,24.018878,0.171958,14.346015
12.881927,25.932822,3.763947,16.282502
16.205278,27.559895,7.480274,18.299225
16.890908,27.799146,8.425499,18.788127
17.341195,27.866955,9.251382,19.223243
17.983029,28.052711,10.282134,19.790429
16.718818,26.907769,10.055479,19.686225
14.491842,24.65317,9.990604,19.676568
7.785152,17.267721,9.765047,19.574763
4.390186,15.119731,6.898248,18.034704
1.800606,13.854733,4.175332,16.598389
-0.863206,12.624669,1.278172,15.085585
-1.036517,12.426654,1.243641,15.05161
-0.963385,12.516833,1.208884,15.017735
-0.512648,13.04719,1.1739,14.983964
0.750207,14.308096,1.540979,15.209251
1.588971,15.078422,1.873231,15.401013
1.895697,15.2362,2.241684,15.628505
1.664749,15.049417,2.21636,15.674065
1.62246,15.172917,2.051178,15.656446
1.945859,15.623785,2.046097,15.736207
3.806025,17.25198,2.927605,16.275325
5.668023,18.781439,3.984057,16.922818
8.340856,21.248122,4.87493,17.476484
12.289792,24.38655,6.910563,18.600906
14.226691,25.452175,8.962208,19.760823
14.474951,24.759028,10.991284,20.915835
15.528007,25.880225,10.892652,20.808446
17.339689,27.691869,11.012533,20.859277
18.371023,28.735403,10.962627,20.805783
17.869431,28.230385,10.912611,20.752531
14.976955,25.154987,11.030951,20.802673
10.006136,19.634124,10.980404,20.749508
8.888372,19.06394,9.828215,20.134327
8.192418,18.983709,8.657988,19.509886
7.444467,18.846633,7.512072,18.922493
6.798814,18.476301,6.950767,18.646529
6.464696,18.457897,6.382638,18.36631
5.952367,18.242706,5.807975,18.081926
3.944239,16.705087,4.431072,17.249657
1.720418,14.91902,3.059655,16.427361
0.160592,13.881869,1.693507,15.613651
-1.477575,12.845548,0.133928,14.673656
-2.962594,11.890154,-1.219996,13.875502
-4.011765,11.434439,-2.569414,13.08111
0.085728,16.197518,-2.931285,12.85454
1.416075,17.875986,-3.485184,12.502825
1.700202,18.340941,-3.845084,12.278966
4.305052,20.998917,-3.770877,12.360628
10.333121,23.256212,4.216205,16.636345
8.12883,21.913522,2.44422,15.760758
11.44918,24.913656,3.166258,16.133986
12.528311,25.718834,3.675598,16.368698
11.576714,24.453623,4.340066,16.693132
10.512362,23.016401,5.036638,17.050478
8.404865,20.478126,5.562517,17.309842
5.324029,16.600623,6.245975,17.659965
1.362907,13.921122,3.227053,16.067939
-1.393537,12.775234,-0.019247,14.34969
-4.094239,11.620543,-3.124559,12.727607
-5.629527,10.506825,-4.273852,12.064451
-6.734202,9.791057,-5.255264,11.497626
-8.102783,8.856009,-6.403494,10.828983
-7.991487,8.986684,-6.403494,10.828983
-7.989279,8.893932,-6.236439,10.928206
-7.82141,9.091798,-6.215012,10.952641
-7.64783,9.483882,-6.549356,10.753823
-8.368746,8.831136,-6.862807,10.578651
-8.818461,8.492804,-7.196882,10.379274
-2.054567,15.157143,-5.445207,11.373375
2.930982,19.463908,-3.536019,12.447655
6.670029,22.425491,-1.805852,13.406491
10.898365,24.986277,1.742476,15.339753
14.193433,26.747187,5.083208,17.152121
17.278055,28.302835,8.559267,19.063147
18.583202,28.910395,10.164446,19.938996
19.676884,29.323102,11.751849,20.809883
20.563375,29.535535,13.324183,21.678385
19.148075,28.277521,12.999936,21.539968
16.66567,25.780435,12.838068,21.50089
11.027392,19.636186,12.511253,21.36314
8.09081,17.922487,9.794272,19.886421
5.429256,16.670744,6.877629,18.322628
3.189501,15.846337,4.111877,16.887186
2.906602,15.616867,3.942573,16.786953
2.628358,15.484902,3.604159,16.586866
2.44126,15.36442,3.435048,16.487006
1.673192,14.673972,3.097019,16.28764
1.283405,14.320978,2.928099,16.188129
1.141154,14.345626,2.590446,15.989435
1.061392,14.161164,2.725042,16.051809
1.804779,14.825501,3.062335,16.25011
2.155309,15.1325,3.231073,16.349424
4.173172,17.310707,3.435048,16.487006
5.532176,18.803003,3.470048,16.525299
6.141733,19.378528,3.709417,16.703148
8.155605,21.128039,4.559841,17.209281
10.747763,23.381247,5.582737,17.821399
12.555802,24.87316,6.437189,18.335836
11.996786,24.157971,6.779498,18.54279
11.050268,23.020691,7.081609,18.704442
10.670569,22.463445,7.423925,18.912049
9.9355,21.512292,7.724726,19.073068
9.743272,21.138776,8.067027,19.281365
8.61722,19.722745,8.366477,19.441765
6.683996,18.170403,7.334258,18.901169
5.110466,17.025856,6.249161,18.306788
4.301901,16.754156,5.191026,17.750205
3.50478,16.300661,4.25935,17.146352
2.498237,15.704889,3.164486,16.452623
0.834342,14.274219,2.247949,15.872639
-0.210071,13.733034,0.999686,15.10367
-1.360904,12.978689,-0.071867,14.445346
-3.009062,11.744099,-1.304396,13.698402
-3.868223,11.129019,-1.972899,13.309244
-3.660074,11.655411,-2.446018,13.046542
-4.370788,11.212927,-3.113774,12.657101
-1.135242,14.704044,-2.807357,12.823314
1.934286,17.875179,-2.501683,12.988768
4.063377,19.950681,-2.196767,13.153468
6.612596,21.848776,-0.846056,13.810676
9.015583,23.517138,0.648164,14.559646
9.721835,23.557656,2.01149,15.255581
8.732077,23.05365,0.988007,14.708886
7.115224,21.906979,-0.007061,14.187446
4.11476,19.227579,-0.849874,13.751155
1.181144,16.620504,-1.836674,13.241995
-2.273264,13.372488,-2.869933,12.692001
-3.769442,12.293882,-3.887539,12.158715
-4.562397,11.842011,-4.638656,11.754632
-5.195834,11.576076,-5.41978,11.319253
-6.264437,10.809687,-6.203596,10.879752
-5.956884,11.068511,-6.014178,11.002694
-6.306775,10.664417,-5.991296,11.027475
-6.480068,10.369633,-5.801858,11.150879
-8.288586,9.112695,-7.258517,10.309001
-9.744534,8.255511,-8.715716,9.458113
-10.909254,7.731933,-10.172593,8.597444
-12.409904,6.704782,-11.4793,7.80829
-13.337446,6.255102,-12.633417,7.095297
-14.005438,6.205074,-13.932035,6.293033
-9.487623,10.744347,-12.649214,7.076251
-4.574962,15.461937,-11.364804,7.84991
-1.746682,17.787078,-10.079616,8.614263
1.225892,19.194782,-6.7522,10.463416
3.999056,20.486131,-3.640283,12.154916
4.65774,19.502683,-0.391405,13.90989
4.238561,18.941411,-0.217556,13.972834
3.811704,18.265218,0.152728,14.156784
3.517861,17.815453,0.358494,14.250188
3.027426,17.150928,0.598855,14.399048
2.059067,15.942395,0.83946,14.549728
1.03945,14.655219,1.080297,14.702227
-2.223133,12.68369,-1.807525,13.164016
-4.717257,11.617327,-4.744025,11.586396
-7.713099,9.97643,-7.697537,9.994481
-8.815702,9.160028,-8.504311,9.523355
-10.647138,7.472361,-9.311007,9.049229
-11.499746,6.933616,-10.136782,8.55075
-12.299196,6.260856,-10.612427,8.271579
-13.044989,5.647857,-11.1067,7.970409
-13.524812,5.354703,-11.60027,7.668426
-13.426046,5.668396,-11.911112,7.486615
-14.153397,5.072327,-12.386555,7.202512
-14.281385,5.109527,-12.698022,7.018689
-8.510791,11.067362,-11.271303,7.86984
-4.206064,14.968962,-9.661457,8.828429
-1.559098,17.056945,-8.237862,9.652646
1.250228,18.666414,-5.623238,11.11496
3.643021,19.918703,-3.186514,12.455401
6.791024,21.865291,-0.591126,13.876842
8.339351,23.140736,-0.007061,14.187446
9.013425,23.616981,0.275447,14.217999
9.310687,23.484107,1.314397,14.893511
7.721299,21.577453,1.888397,15.196622
5.750965,19.087735,2.621893,15.589399
1.346454,13.73441,3.230944,15.922286
-2.702536,11.24867,-0.370673,13.97047
-5.908231,9.653551,-3.814514,12.103857
-9.365267,7.846713,-7.433511,10.120722
-9.921483,7.568703,-8.050573,9.774175
-10.705844,7.016517,-8.669817,9.424292
-11.248171,6.753229,-9.27143,9.092843
-11.507177,6.635401,-9.602443,8.893186
-11.563218,6.665002,-9.748798,8.814606
-12.050158,6.272132,-10.079616,8.614263
-11.957929,6.383987,-10.06106,8.635324
-12.128818,6.275588,-10.20828,8.555806
-12.151846,6.249112,-10.190321,8.576647
-8.192713,10.338415,-9.232847,9.136273
-2.353642,16.180319,-8.090355,9.812264
1.373976,19.575158,-7.134471,10.360992
5.551225,22.072796,-3.555514,12.351855
9.290058,24.139857,-0.019659,14.284968
12.512612,25.7302,3.516673,16.220258
13.673586,26.273107,4.872453,16.956152
14.8019,26.727348,6.380824,17.780469
15.364457,26.698571,7.713999,18.505695
14.14803,25.399993,7.877208,18.600263
11.907496,22.906097,8.156015,18.746576
6.169647,16.345839,8.319045,18.841204
2.026784,13.940891,4.42176,16.711561
-1.675109,12.079858,0.51098,14.602566
-5.378081,10.2327,-3.473998,12.434761
-5.664983,9.989964,-3.587787,12.392597
-5.944554,9.854164,-3.895699,12.224661
-6.087853,9.781412,-4.012294,12.180845
-7.255528,9.180066,-5.301087,11.446636
-8.252238,8.680208,-6.403494,10.828983
-9.419054,8.070391,-7.697453,10.079953
-10.189193,7.637072,-8.511288,9.602403
-10.996,7.156833,-9.324787,9.122106
-11.763926,6.719141,-10.137808,8.638924
-6.971625,11.452784,-8.640687,9.546144
-0.754872,17.356267,-6.969734,10.549749
2.461089,19.954644,-5.459311,11.450954
6.158037,21.969185,-1.833902,13.45754
9.682089,23.771071,1.881832,15.479444
12.158276,24.64372,5.415581,17.409873
13.84364,25.321974,7.595036,18.566213
15.437512,26.00307,9.56025,19.599945
16.953078,26.545563,11.699256,20.760517
15.759126,25.779881,10.715532,20.229785
12.258045,22.537609,9.723963,19.696442
7.53487,17.782677,8.771984,19.205543
5.35712,16.715443,6.450763,17.964441
2.693009,15.212506,3.908518,16.596409
0.907639,14.638836,1.546401,15.360917
-0.330135,13.876667,0.432464,14.740188
-1.428112,13.366469,-0.853546,14.01736
-2.582274,12.698977,-1.948145,13.418425
-2.378615,12.745815,-1.611444,13.616127
-1.810463,13.207678,-1.247146,13.844718
-1.437537,13.446891,-0.909507,14.04333
-0.648739,14.064518,-0.402532,14.341717
-0.216478,14.370347,-0.035565,14.573629
-0.038888,14.388904,0.303494,14.773765
0.501619,14.905885,0.473134,14.87396
1.226372,15.536742,0.812635,15.074616
1.696365,15.970494,0.982498,15.175084
1.781053,16.240104,0.672226,15.008135
2.595602,17.303072,0.36119,14.840525
2.979096,17.884916,0.049409,14.672252
4.516601,18.379764,2.051178,15.656446
6.963375,19.978662,3.831647,16.519889
4.338034,19.409149,-0.233401,14.441316
9.081432,21.717344,5.524192,17.847146
6.699256,19.816289,4.189791,17.065196
0.823744,14.024578,2.132914,15.522491
-2.127565,12.208244,-0.486099,14.093164
-5.165848,10.382961,-3.28058,12.559765
-6.849404,10.035194,-5.902125,11.126583
-6.067752,10.564699,-5.232684,11.523145
-4.65345,11.723582,-4.394359,12.018705
-4.423269,11.616605,-3.722474,12.415253
-4.240361,11.825558,-3.746573,12.38792
-4.229974,11.837485,-3.770877,12.360628
-4.958258,11.094741,-3.962942,12.234848
-4.876747,11.189158,-3.987505,12.207833
-4.727264,11.362138,-4.012294,12.180845
-4.410422,11.727314,-4.037314,12.153879
-3.544086,12.627011,-3.921366,12.197538
-1.909365,14.289872,-3.64053,12.337626
0.460541,16.807432,-3.528084,12.379474
2.981767,19.159873,-2.919276,12.70967
4.749997,20.751769,-2.449999,12.969767
5.422856,21.140951,-1.845992,13.295007
4.251992,20.011591,-1.981637,13.228725
3.942047,19.763557,-2.117851,13.162079
3.422167,19.302723,-2.283947,13.065919
2.162748,18.134294,-2.587044,12.90236
-0.213862,15.646553,-2.724648,12.834584
-3.741391,11.758393,-2.862809,12.766438
-4.557182,11.091983,-3.28058,12.559765
-5.230804,10.686528,-3.870274,12.251802
-5.415166,10.755087,-4.273852,12.064451
-4.89582,11.539046,-4.585396,11.893293
-5.024397,11.484476,-4.729892,11.820481
-5.100958,11.58151,-5.042623,11.647995
-5.319929,11.423624,-5.210315,11.548685
-5.656215,11.223537,-5.545492,11.350051
-5.537143,11.451371,-5.712976,11.25072
-5.755227,11.294367,-5.880391,11.151377
-6.090552,11.09505,-6.215012,10.952641
-6.581684,10.624302,-6.382219,10.853243
-5.715405,11.705363,-6.570481,10.729735
-4.386527,13.289957,-6.780033,10.582611
-3.349904,14.522549,-6.968117,10.459853
-1.278464,16.42716,-6.346992,10.806026
-1.171608,16.129893,-5.561917,11.24687
-0.856252,16.139066,-4.945748,11.586171
-0.514895,16.267129,-4.524567,11.798767
-0.898816,15.695005,-4.273749,11.911756
-1.348898,14.954997,-3.861895,12.118292
-2.385048,13.962058,-4.108168,12.008014
-3.109455,13.220048,-4.166079,12.019289
-4.069301,12.304099,-4.396152,11.931463
-4.89415,11.549511,-4.754361,11.709771
-6.428156,9.963651,-5.111975,11.488729
-6.931033,9.568428,-5.469022,11.268268
-6.815376,9.893448,-5.776353,11.09868
-7.63578,9.21698,-6.250321,10.830454
-7.805544,9.207582,-6.558945,10.659014
-8.204186,8.8322,-6.679565,10.609216
-8.760551,8.366793,-6.968117,10.459853
-8.723494,8.506843,-7.091945,10.408218
-9.117233,8.138209,-7.237747,10.332434
-11.989682,6.538127,-10.391814,8.434434
-12.049189,6.467449,-10.373738,8.455202
-10.220846,8.819593,-10.704416,8.253762
-3.453071,14.654126,-7.363811,10.279537
-1.712929,16.516699,-7.343848,10.302787
-2.137731,16.510803,-8.338741,9.622353
4.566235,20.629114,-2.558337,12.931131
8.617956,23.530924,-0.084826,14.285604
7.23905,22.380861,-0.582362,13.999018
5.083048,20.487854,-1.213628,13.647701
3.186614,18.741466,-1.680127,13.390781
1.556428,17.244917,-2.147598,13.132762
-0.680803,15.141687,-2.781975,12.777471
-4.354345,11.249536,-3.279618,12.489011
-6.079896,10.181275,-4.804831,11.65741
-7.055242,10.080923,-6.513309,10.70764
-9.291569,8.409986,-8.050427,9.857579
-9.587364,7.870045,-7.717351,10.057017
-9.309788,7.912586,-7.196882,10.379274
-8.461845,8.723215,-6.842407,10.602404
-9.439365,8.047772,-7.677774,10.10288
-10.747062,6.974992,-8.492509,9.624548
-11.478896,6.582127,-9.306878,9.143505
-11.571581,6.468851,-9.324787,9.122106
-11.53266,6.515554,-9.324787,9.122106
-11.571581,6.468851,-9.324787,9.122106
-8.534214,9.943928,-9.158488,9.222703
-5.303379,13.486269,-8.99211,9.323243
-3.957834,14.862415,-8.807354,9.445561
1.412015,19.057185,-5.902125,11.126583
4.126551,20.450353,-3.008145,12.769689
7.163034,22.175906,-0.102059,14.413088
6.689949,20.952244,1.380409,15.188101
6.457458,20.009482,2.704564,15.881653
8.221555,21.105193,4.172259,16.655595
6.724993,20.156807,2.886683,15.928398
3.727242,17.667724,1.434112,15.106743
-0.850423,13.231901,0.179735,14.412126
-2.620654,12.402063,-1.815634,13.324696
-4.345202,11.623207,-3.807012,12.240486
-5.817228,11.134445,-5.82465,11.125931
-7.047666,9.710014,-5.801858,11.150879
-6.855583,10.027891,-5.946251,11.077025
-7.465093,9.317973,-5.902125,11.126583
-8.651311,8.688319,-7.217204,10.355857
-10.468576,7.3995,-8.696628,9.480152
-11.345817,7.119673,-10.006815,8.698226
-12.300438,6.361034,-10.652298,8.315051
-12.693172,6.177231,-11.132185,8.031208
-13.182664,5.972933,-11.761803,7.663414
-10.147074,9.088171,-10.950199,8.152731
-7.711576,11.50662,-10.286802,8.558375
-7.08914,11.764767,-9.473227,9.04271
-2.220684,15.728384,-6.842407,10.602404
1.069493,17.907363,-4.22649,12.117825
3.471158,19.140203,-1.584511,13.64633
4.092029,19.235705,-0.488212,14.246009
5.407422,19.980466,0.800036,14.970773
6.214891,20.277488,1.882861,15.557847
6.494785,20.495031,2.017724,15.62083
5.778933,19.662992,2.11789,15.647755
0.855266,14.121048,2.251102,15.709814
-1.31257,12.562339,0.706263,14.870031
-6.553953,9.811337,-5.014304,11.592042
-4.04214,11.211585,-2.206704,13.308816
-4.505334,11.243295,-3.193397,12.740889
-5.470263,10.694208,-4.179939,12.171354
-6.726171,9.804543,-5.166187,11.59985
-7.465164,9.417508,-5.984245,11.12595
-8.255528,8.871949,-6.654768,10.726158
-8.696052,8.82992,-7.471831,10.249025
-9.347428,8.25282,-7.825299,10.025633
-10.100621,7.552868,-8.159057,9.825176
-10.378445,7.412406,-8.511288,9.602403
-7.387737,10.528316,-7.883925,9.95732
-3.426091,14.691094,-7.42502,10.209744
-1.045403,16.910443,-6.780033,10.582611
1.601286,18.804222,-5.038349,11.566211
3.730029,20.141468,-3.28058,12.559765
7.280903,22.893755,-1.529952,13.540744
7.261973,22.102832,0.081096,14.3812
6.946701,21.055438,1.490152,15.099642
7.489048,20.793469,3.067917,15.924011
4.69108,17.840685,2.903995,15.830599
4.007777,17.078577,2.903995,15.830599
2.207705,15.138147,2.700344,15.702298
0.760805,14.360062,1.325282,15.005306
-0.245017,14.098034,-0.051916,14.317609
-1.349908,13.736416,-1.442779,13.631306
-1.284566,13.897672,-1.553546,13.593954
-1.316265,13.950089,-1.665908,13.555934
-1.381043,13.966185,-1.779828,13.517254
-2.066633,13.466535,-2.258431,13.25013
-3.015672,12.667123,-2.763171,12.95339
-3.896751,11.84714,-3.099334,12.755716
-5.384511,10.411865,-3.603089,12.459375
-5.240963,10.862575,-4.082301,12.190044
-5.554406,10.782331,-4.585396,11.893293
-4.369781,12.046786,-4.417764,11.992205
-2.989796,13.600574,-4.417764,11.992205
-1.37798,15.290221,-4.250066,12.091121
2.718491,19.1612,-3.3431,12.573366
3.578631,19.592595,-2.446018,13.046542
3.262052,18.797196,-1.55949,13.510657
4.020347,19.598524,-1.589273,13.480618
3.77555,19.348627,-1.619306,13.450626
1.880323,17.344597,-1.680127,13.390781
1.479205,16.91625,-1.710921,13.360928
0.372935,15.709073,-1.741971,13.331122
-2.52363,12.439273,-1.77328,13.301363
-3.784816,11.344127,-2.343349,13.00773
-4.261715,11.165433,-2.947899,12.681323
-5.210567,10.433369,-3.528084,12.379474
-4.906614,11.06934,-3.973443,12.14334
-6.054607,10.015251,-4.421326,11.904912
-6.42525,9.866957,-4.871654,11.664185
-5.958998,10.503181,-4.990498,11.617879
-5.8328,10.742061,-5.087896,11.596551
-5.835919,10.832296,-5.210315,11.548685
-6.142334,10.851664,-5.858868,11.176185
-6.11896,11.154395,-6.361158,10.87751
-6.755225,10.79392,-7.02988,10.478978
-6.031711,11.345206,-6.528446,10.777915
-4.996197,12.246291,-6.047737,11.052018
-3.737031,13.388184,-5.545492,11.350051
-1.536968,15.374778,-4.752962,11.794382
-0.371984,16.129758,-3.795392,12.333375
0.628476,16.790133,-3.008145,12.769689
2.220278,17.911175,-1.861253,13.427775
2.830905,17.90324,-0.575669,14.151059
2.890751,17.377236,0.569654,14.805297
2.02198,16.510249,0.432464,14.740188
1.379305,15.796512,0.493501,14.806546
0.694801,15.121436,0.384726,14.773861
-0.000266,14.707899,-0.092862,14.604305
0.155326,14.883579,-0.065166,14.637288
0.02307,14.738198,-0.037581,14.670419
-3.748737,12.477537,-3.843294,12.370478
-7.240639,10.42312,-7.445884,10.186452
-10.753282,8.29483,-10.960749,8.050213
-15.290827,5.027524,-14.757694,5.678587
-15.0118,5.366396,-14.724328,5.716115
-14.849358,5.468394,-14.545332,5.837468
-15.675914,4.647867,-14.870643,5.631853
-15.350348,4.951899,-14.70804,5.734717
-14.7892,5.447525,-14.39901,5.921349
-15.005419,5.935061,-15.63649,5.169626
-12.529698,8.149391,-14.382521,5.940105
-11.762133,8.415902,-13.292495,6.597175
-11.187009,8.437789,-12.111062,7.345623
-9.026491,10.205553,-10.758676,8.191991
-7.388602,11.432863,-9.545674,8.957494
-6.282412,12.142842,-8.549502,9.558059
-5.733081,12.313915,-7.717351,10.057017
-4.761524,12.867165,-6.716423,10.654376
-3.902724,13.211373,-5.657941,11.224362
-3.380195,13.086806,-4.421326,11.904912
-3.711962,12.075264,-3.361837,12.476219
-5.590499,10.937537,-5.111975,11.488729
-7.342211,9.937428,-6.868167,10.486759
-9.488687,8.462477,-8.628724,9.469033
-10.872012,7.395271,-9.602443,8.893186
-11.745042,6.831035,-10.410133,8.413613
-13.240907,5.605997,-11.364804,7.84991
-13.723279,5.403415,-12.075418,7.385474
-13.604232,5.837043,-12.602823,7.042178
-14.044586,5.687675,-13.292495,6.597175
-15.048083,4.844526,-13.927336,6.209252
-16.063254,3.880187,-14.39901,5.921349
-16.629977,3.562775,-15.033141,5.528874
-15.480313,4.982761,-15.017311,5.547218
-13.901283,6.889548,-15.001734,5.565458
-11.483837,9.713935,-14.971327,5.601636
-7.683401,13.378659,-13.876948,6.266243
-6.100311,14.43626,-12.602823,7.042178
-5.484596,14.523866,-11.491794,7.707859
-3.561224,16.590203,-11.530457,7.666566
-4.926232,15.161704,-11.590559,7.603953
-7.433952,12.421868,-11.632076,7.561734
-7.836257,11.969536,-11.632076,7.561734
-11.404637,7.833038,-11.632076,7.561734
-13.248805,5.606307,-11.632076,7.561734
-13.304012,5.91739,-12.185548,7.264881
-13.640613,5.792915,-12.602823,7.042178
-14.041986,5.687897,-13.173801,6.731887
-15.056104,5.121484,-14.303874,6.032414
-13.49736,6.062053,-12.649214,7.076251
-13.776723,5.821126,-12.797924,6.993079
-14.592829,5.114029,-13.33771,6.629664
-14.511162,5.212616,-13.370137,6.591804
-14.65135,5.137379,-13.566969,6.451619
-16.462052,4.15627,-15.666605,5.133852
-15.389881,4.712102,-14.350314,5.977315
-14.261341,5.421926,-13.173801,6.731887
-12.782193,7.198294,-13.173801,6.731887
-11.954111,8.175451,-13.173801,6.731887
-10.075595,10.347106,-13.173801,6.731887
-4.790563,15.459608,-11.877689,7.445335
-2.091303,17.556927,-10.413035,8.268077
-1.160176,17.869271,-9.116565,8.987244
-2.27662,16.319074,-8.38433,9.446376
-1.875607,16.697653,-8.354307,9.342856
-2.508707,15.617919,-7.612036,9.798924
-3.688394,14.482606,-7.76531,9.856795
-9.089789,8.584022,-8.258495,9.564787
-11.147522,6.503536,-8.915354,9.174291
-12.412241,5.843004,-10.322812,8.356522
-14.206072,4.619484,-11.897502,7.424645
-15.301496,4.144119,-13.292495,6.597175
-15.649765,4.103649,-13.98013,6.151326
-16.363668,3.507362,-14.485475,5.825938
-16.733076,3.436886,-15.151375,5.39732
-18.023055,2.395849,-16.1372,4.76103
-18.493707,2.287966,-16.957677,4.22479
-17.735246,2.76646,-16.191043,4.703573
-18.346948,2.470697,-16.874718,4.316989
-17.384906,3.201389,-15.96085,4.961958
-16.042048,4.304446,-14.872288,5.725428
-14.867398,5.731314,-14.872288,5.725428
-13.193276,7.720308,-14.872288,5.725428
-9.12272,11.147376,-12.57245,7.17087
-11.438606,9.139921,-13.828857,6.322376
-9.267327,10.93542,-12.638877,7.002534
-8.116679,11.652573,-11.632076,7.561734
-9.177266,10.050494,-10.874143,8.066634
-9.032345,9.929492,-10.301724,8.450814
-7.382444,11.439817,-9.545674,8.957494
-5.450861,13.065633,-8.511288,9.602403
-7.348632,10.482849,-7.619979,10.171652
-7.306673,9.982839,-6.575285,10.822121
-7.166755,10.14036,-6.614661,10.774086
-7.015205,10.31149,-6.675113,10.702221
-7.229829,10.062817,-6.716423,10.654376
-8.29071,9.206521,-7.343848,10.302787
-9.090434,8.558231,-7.787257,10.071154
-9.438279,8.530268,-8.419438,9.713046
-10.222916,7.607457,-8.419438,9.713046
-10.222916,7.607457,-8.419438,9.713046
-10.222916,7.607457,-8.419438,9.713046
-11.419967,6.750644,-9.455656,9.063947
-12.132324,6.370028,-10.33829,8.496593
-13.164623,5.698466,-11.364804,7.84991
-11.613461,7.556096,-11.364804,7.84991
-7.881356,11.853171,-11.364804,7.84991
-5.841961,14.100834,-11.364804,7.84991
-1.912323,16.925055,-8.711952,9.379363
1.4368,19.164226,-6.231772,10.778931
4.722579,21.236119,-3.619834,12.226496
5.522922,21.641318,-2.820279,12.625091
4.872294,20.645233,-2.169025,12.948756
3.844959,19.143037,-1.368017,13.358078
1.608182,16.871823,-1.621564,13.232205
-2.914512,11.899038,-1.877087,13.105467
-4.100078,10.678396,-2.134663,12.977753
-6.66704,9.059623,-4.36797,11.764698
-8.461532,8.263745,-6.474012,10.607367
-9.914871,7.968757,-8.777185,9.311567
-10.609241,7.329159,-9.063484,9.159239
-10.8131,7.277078,-9.372319,8.983408
-11.091027,7.13611,-9.68165,8.806727
-11.238892,6.961341,-9.722845,8.763134
-10.912254,7.357092,-9.765146,8.719268
-10.525079,7.825369,-9.808586,8.67511
-10.176011,8.240473,-9.808586,8.67511
-10.210631,8.199399,-9.808586,8.67511
-10.419684,7.950926,-9.808586,8.67511
-9.613965,8.90438,-9.808586,8.67511
-9.103004,9.503178,-9.808586,8.67511
-7.94849,10.8395,-9.808586,8.67511
-5.807405,13.080028,-9.479991,8.872446
-4.637205,14.191797,-9.128809,9.091979
-5.150581,13.444518,-8.777185,9.311567
-4.145777,14.242587,-8.258495,9.564787
-3.824444,14.374328,-7.89301,9.736729
-4.018794,13.849634,-7.375182,9.999064
-5.813389,12.159769,-7.94624,9.688295
-7.841969,10.069404,-8.333077,9.493936
-9.172051,8.871551,-8.915354,9.174291
-9.444725,8.736041,-9.219937,9.001355
-9.958418,8.314769,-9.525072,8.827564
-12.848749,6.575069,-12.427654,7.082265
-12.839648,6.59711,-12.489633,7.019705
-14.408683,5.364445,-13.647578,6.295091
-14.057433,5.707116,-13.527612,6.354293
-15.371732,4.762959,-14.638605,5.667037
-15.10144,4.996438,-14.456852,5.788948
-16.080647,4.454942,-15.547511,5.114653
-16.38778,4.263446,-15.851059,4.928771
-18.184426,2.87486,-17.260997,4.035636
-19.17189,2.199291,-18.203167,3.427242
-16.893094,4.677657,-17.548309,3.86381
-13.312072,8.159909,-16.085901,4.817291
-11.33976,9.995347,-15.244282,5.370314
-8.711052,12.145268,-13.769104,6.234999
-4.620504,14.28049,-9.340616,8.886394
-3.292998,14.656444,-7.375182,9.999064
-1.897905,15.61793,-6.349936,10.564921
-1.362815,15.534167,-5.139696,11.240963
-1.728512,14.518368,-4.06547,11.841466
-3.184177,13.227159,-4.683564,11.495274
-4.858586,11.569065,-5.139696,11.240963
-6.095112,10.48653,-5.728288,10.917262
-7.909401,9.546424,-7.646292,9.856497
-9.526754,8.835054,-9.571344,8.782374
-11.683019,7.480554,-11.491794,7.707859
-13.750162,5.659894,-12.602823,7.042178
-15.447539,4.352481,-13.876948,6.266243
-16.501758,3.725338,-14.971327,5.601636
-17.763653,2.731272,-15.918081,5.014401
-18.653901,2.095876,-16.701929,4.525845
-19.639,1.431238,-17.634869,3.94305
-19.782463,1.238701,-17.671141,3.894493
-20.55126,0.728286,-18.499393,3.33306
-20.799043,0.497301,-18.697478,3.178086
-18.551189,3.172313,-18.404402,3.356238
-14.15047,8.151235,-17.792216,3.743093
-9.929978,12.209049,-16.391861,4.628629
-8.407137,14.115539,-16.832704,4.290521
-0.786364,18.537034,-9.667558,8.691021
3.174022,20.581479,-5.575819,11.047738
4.918494,21.376925,-3.573122,12.16563
5.629036,21.129338,-1.585918,13.261531
5.660902,20.148952,0.422638,14.369342
2.888479,17.150998,0.422638,14.369342
-1.418053,12.225158,0.422638,14.369342
-2.085255,11.434166,0.422638,14.369342
-3.820064,10.621399,-1.515291,13.320528
-5.784634,9.536639,-3.47633,12.249025
-7.299532,8.980423,-5.430761,11.177915
-6.724546,9.259769,-4.715611,11.61296
-5.93356,9.892664,-4.163943,11.95392
-4.608425,11.049866,-3.445413,12.392841
-4.034493,11.337845,-2.81103,12.748955
-3.611314,11.546142,-2.343349,13.00773
-2.264437,12.72694,-1.710921,13.360928
-2.237298,12.748493,-1.64959,13.420681
-2.682021,12.228435,-1.589273,13.480618
-2.28689,12.676823,-1.529952,13.540744
-2.591003,12.32715,-1.529952,13.540744
-0.671795,14.509021,-1.529952,13.540744
1.957284,17.400225,-1.529952,13.540744
4.78743,19.671317,-0.058018,14.381763
7.250667,21.450874,1.581351,15.319778
9.162393,22.734054,3.053557,16.162154
10.323299,23.258632,4.486999,16.967652
10.685246,22.889104,6.040691,17.828254
11.3699,22.92311,7.459496,18.630155
10.278746,21.905318,7.212749,18.521405
6.68294,18.098253,6.92058,18.366832
5.583892,17.023111,6.669431,18.255526
4.911539,16.621521,6.037782,17.899446
4.641042,16.5873,5.573044,17.642689
4.307843,16.573427,4.938606,17.285821
3.237124,15.998475,3.797771,16.631363
2.298477,15.664209,2.522333,15.916322
1.232591,15.096672,1.410603,15.297166
1.484333,15.377478,1.474693,15.366652
1.57887,15.482376,1.538032,15.436584
1.765959,15.691914,1.600679,15.507002
1.921118,15.866479,1.662703,15.577956
2.136465,16.107243,1.693507,15.613651
2.106266,16.075158,1.724186,15.649502
2.044774,16.006808,1.724186,15.649502
2.858236,16.906165,1.724186,15.649502
3.922531,18.066932,1.724186,15.649502
5.267309,19.507441,1.724186,15.649502
6.486547,20.787796,1.724186,15.649502
7.033626,21.354244,1.724186,15.649502
8.543497,22.378319,2.691232,16.10005
9.566235,22.841642,3.797771,16.631363
10.571648,23.377201,4.704074,17.044237
8.326094,21.04115,4.584292,16.925581
3.693544,15.938976,4.422117,16.769833
2.706846,14.82469,4.298823,16.655104
0.026539,13.299121,1.765103,15.296955
-2.354439,12.037268,-0.621032,14.028293
-4.91173,10.676173,-3.201533,12.643534
-5.183998,10.739584,-3.820126,12.306156
-5.897665,10.195746,-4.250066,12.091121
-6.647399,9.704022,-4.874861,11.747302
-6.358675,10.038784,-4.920462,11.695469
-6.029646,10.421271,-4.990498,11.617879
-5.934207,10.53391,-5.038349,11.566211
-5.145964,11.442898,-5.038349,11.566211
-4.747884,11.898103,-5.038349,11.566211
-4.617095,12.047096,-5.038349,11.566211
-4.56819,12.099155,-4.990498,11.617879
-4.218531,12.491851,-4.920462,11.695469
-3.970952,12.769714,-4.874861,11.747302
-3.249464,13.220253,-4.156949,12.19819
-2.219961,14.102906,-3.581762,12.580455
-0.998581,15.103055,-2.857079,13.040463
0.495026,16.38237,-2.299741,13.29727
1.669016,17.395656,-1.895258,13.47793
1.610421,17.004865,-1.357671,13.722369
-0.164996,15.407032,-1.948145,13.418425
-2.194554,13.413085,-2.400978,13.180255
-2.880699,13.003157,-3.024863,12.840362
-3.976303,12.40166,-4.203116,12.144568
-5.285907,11.645876,-5.545492,11.350051
-6.374518,11.04592,-6.716423,10.654376
-6.542491,10.853801,-6.716423,10.654376
-6.307746,11.122161,-6.716423,10.654376
-6.374518,11.04592,-6.716423,10.654376
-6.934847,10.771733,-7.343848,10.302787
-7.394349,10.521762,-7.787257,10.071154
-8.54424,9.569098,-8.419438,9.713046
-9.798706,8.667563,-9.421122,9.106373
-11.45598,7.186345,-10.25353,8.599409
-12.686402,6.286501,-11.24954,7.988975
-12.61614,6.364744,-11.297615,7.92966
-9.52155,9.991448,-11.33075,7.889893
-9.809542,9.663098,-11.364804,7.84991
-6.537816,13.008435,-10.758676,8.191991
-5.566345,13.826513,-10.301724,8.450814
-4.486306,14.671132,-9.68165,8.806727
-1.979414,16.313213,-7.692279,9.928169
-0.719511,16.617962,-5.731714,11.012347
-0.262564,16.042669,-3.772786,12.088332
-1.869458,14.258655,-3.772786,12.088332
-3.559515,12.33457,-3.772786,12.088332
-4.314896,11.458993,-3.772786,12.088332
-6.580447,10.020919,-5.731714,11.012347
-11.5176,7.411538,-11.141621,7.860557
-9.947713,8.49398,-9.68165,8.806727
-12.12874,6.562901,-10.796105,8.150495
-15.593428,4.269016,-14.040162,6.163859
-14.972416,4.553563,-13.173801,6.731887
-15.556115,4.511242,-14.288875,6.050602
-17.147388,3.313482,-15.565411,5.257313
-17.462347,3.593912,-16.663989,4.575725
-18.644367,2.308042,-16.988146,4.365276
-18.225372,3.023204,-17.311777,4.154386
-18.697986,2.621156,-17.634869,3.94305
-18.478267,2.896277,-17.634869,3.94305
-14.249129,8.004552,-17.634869,3.94305
-9.394699,11.878032,-14.545011,5.933094
-6.595192,14.062756,-12.912814,6.858871
-2.542914,16.04765,-8.351278,9.537237
-0.129569,18.090906,-7.40129,10.026307
2.42909,18.880255,-3.619834,12.226496
3.035105,19.51188,-3.619834,12.226496
1.600498,18.006147,-3.619834,12.226496
-0.407342,15.838304,-3.619834,12.226496
-4.66101,11.018884,-3.619834,12.226496
-5.586154,9.930942,-3.619834,12.226496
-7.567251,8.64191,-5.319991,11.28176
-9.515026,7.383744,-7.057018,10.293726
-11.335791,6.260394,-8.777185,9.311567
-12.108442,5.909796,-9.722845,8.763134
-12.866858,5.475361,-10.525402,8.287376
-13.732056,5.003752,-11.491794,7.707859
-14.325969,4.665098,-12.111062,7.345623
-14.735831,4.454031,-12.567825,7.081464
-15.318411,4.127586,-13.173801,6.731887
-15.901953,3.79345,-13.828857,6.322376
-17.969148,2.565782,-16.108455,4.87546
-16.995956,3.109676,-14.971327,5.601636
-17.589694,2.756572,-15.593142,5.222523
-12.712059,8.91022,-16.053219,4.944494
-8.541558,12.985896,-14.872288,5.725428
-5.655824,15.618842,-13.976938,6.238184
1.611151,19.820171,-7.156096,10.337352
0.757791,19.69691,-8.777185,9.311567
11.634188,24.799845,3.984602,16.673507
7.727891,22.611031,-0.088021,14.221245
10.048082,22.90225,4.298823,16.655104
7.077463,20.085552,3.640942,16.277769
1.103276,13.634576,3.147794,15.995568
-0.035206,12.690973,2.490596,15.620217
-2.479011,11.441691,-0.053721,14.253061
-4.703594,10.357177,-2.449999,12.969767
-7.091674,9.180814,-5.038349,11.566211
-8.197173,8.551417,-6.135391,10.953597
-9.363101,7.944038,-7.38399,10.256283
-10.362215,7.433371,-8.492509,9.624548
-10.639557,7.293107,-8.844167,9.40188
-10.954314,7.108108,-9.195214,9.179549
-11.26847,6.923491,-9.545674,8.957494
-11.831969,6.634532,-10.172593,8.597444
-12.233476,6.444971,-10.618672,8.355694
-12.724137,6.241297,-11.24954,7.988975
-13.392837,5.817112,-11.911744,7.580568
-9.358281,10.794711,-12.407417,7.273421
-7.861858,12.804642,-13.066966,6.86269
-2.902579,16.484998,-9.840958,8.798938
0.625142,18.488423,-6.424991,10.804726
3.862482,20.26258,-3.201533,12.643534
9.073686,23.206999,2.173661,15.881239
7.733573,21.659618,2.110845,15.567484
4.89543,19.223277,1.046368,14.99423
3.114924,17.453193,1.360615,15.522464
0.24345,14.890928,0.077457,14.705384
-4.581828,12.0802,-4.874861,11.747302
-0.44523,14.299079,-0.263099,14.503315
-7.209773,10.823245,-7.954456,9.970622
-3.921703,12.651571,-4.38304,12.131616
-3.90175,12.584326,-4.213826,12.232453
-5.895571,11.594272,-6.575285,10.822121
-6.164977,11.46947,-6.911323,10.620663
-7.10422,10.945007,-7.917473,10.015838
-7.539047,10.630854,-8.252199,9.814012
-7.706973,10.439273,-8.252199,9.814012
-11.013367,8.448777,-11.580826,7.784926
-9.585005,9.191769,-9.920825,8.802367
-8.579217,9.528708,-8.419438,9.713046
-8.790417,9.284389,-8.419438,9.713046
-7.513274,10.750451,-8.419438,9.713046
-6.719474,11.648031,-8.419438,9.713046
-4.675603,13.31002,-7.247034,10.419144
-2.705857,14.77965,-5.902228,11.22494
-0.783535,16.26396,-4.721217,11.93002
-0.981806,16.051506,-4.764261,11.877542
-2.078555,14.865473,-4.830067,11.799264
-2.701871,14.182811,-4.874861,11.747302
-3.469238,13.331489,-4.874861,11.747302
-4.229499,12.478623,-4.874861,11.747302
-4.548754,12.117687,-4.874861,11.747302
-4.482783,12.192405,-4.874861,11.747302
-4.482783,12.192405,-4.874861,11.747302
-4.681409,11.967228,-4.874861,11.747302
-4.548754,12.117687,-4.874861,11.747302
-4.614962,12.042629,-4.874861,11.747302
-4.648155,12.004971,-4.874861,11.747302
-5.399717,11.457136,-5.736054,11.069405
-4.884148,11.919667,-5.210315,11.548685
-5.263733,11.6712,-5.523652,11.375233
-5.153063,11.796842,-5.545492,11.350051
-1.960151,13.323715,-1.972899,13.309244
-6.028713,11.443617,-6.575285,10.822121
-6.686884,11.056892,-7.26602,10.395841
-6.327471,11.732351,-7.806178,10.048392
-5.840854,12.631718,-8.492509,9.624548
-4.559391,13.701182,-7.844626,10.00287
-3.501175,14.601849,-7.363811,10.279537
-2.484663,15.365135,-6.716423,10.654376
-2.058352,15.486977,-6.047737,11.052018
-1.970186,15.32786,-5.545492,11.350051
-2.391468,14.524453,-4.874861,11.747302
-3.550524,13.240749,-4.874861,11.747302
-4.229499,12.478623,-4.874861,11.747302
-4.482783,12.192405,-4.874861,11.747302
-4.449886,12.229638,-4.874861,11.747302
-4.515739,12.155088,-4.874861,11.747302
-4.681409,11.967228,-4.874861,11.747302
-4.515739,12.155088,-4.874861,11.747302
-4.648155,12.004971,-4.874861,11.747302
-4.614962,12.042629,-4.874861,11.747302
-5.219366,11.72153,-5.545492,11.350051
-5.671939,11.480901,-6.047737,11.052018
-6.24121,11.19806,-6.716423,10.654376
-6.274449,11.160153,-6.716423,10.654376
-6.20803,11.235883,-6.716423,10.654376
-6.20803,11.235883,-6.716423,10.654376
-6.165374,11.284304,-6.675113,10.702221
-5.680168,11.835389,-6.614661,10.774086
-4.997154,12.603321,-6.575285,10.822121
-4.003604,13.356352,-5.902228,11.22494
-3.418725,13.741267,-5.396575,11.527055
-2.465273,14.443502,-4.721217,11.93002
-2.29734,14.625997,-4.764261,11.877542
-2.618156,14.273823,-4.830067,11.799264
-3.149945,13.686878,-4.874861,11.747302
-3.819921,12.939255,-4.874861,11.747302
-4.265056,12.438505,-4.874861,11.747302
-4.417048,12.266788,-4.874861,11.747302
-4.417048,12.266788,-4.874861,11.747302
-4.417048,12.266788,-4.874861,11.747302
-4.482783,12.192405,-4.874861,11.747302
-4.436996,12.244787,-4.830067,11.799264
-4.43608,12.248825,-4.764261,11.877542
-4.425572,12.264069,-4.721217,11.93002
-5.034003,11.93768,-5.396575,11.527055
-5.623878,11.541071,-5.902228,11.22494
-6.162792,11.29161,-6.575285,10.822121
-6.230187,11.215092,-6.575285,10.822121
-6.19646,11.253394,-6.575285,10.822121
-6.331731,11.099664,-6.575285,10.822121
-6.570799,10.827243,-6.575285,10.822121
-5.128482,12.45664,-6.575285,10.822121
-4.442006,13.22027,-6.575285,10.822121
-3.00942,14.448936,-5.942885,11.175368
-1.702385,15.614255,-5.502014,11.400441
-1.856943,15.109087,-4.874861,11.747302
-2.001063,14.693392,-4.744025,11.586396
-0.649935,15.83107,-3.820126,12.306156
-0.691814,15.445135,-3.201533,12.643534
-1.92967,14.081197,-3.253992,12.58766
-3.360773,12.471021,-3.307414,12.531894
-3.480618,12.340417,-3.361837,12.476219
-4.175426,11.907029,-3.921366,12.197538
-4.799819,11.464775,-4.32208,12.011196
-5.153393,11.429588,-4.874861,11.747302
-7.139233,9.794078,-6.026369,11.076643
-8.50824,8.952564,-7.343848,10.302787
-9.94778,7.924165,-8.492509,9.624548
-13.725607,5.789385,-12.617846,7.114278
-14.107144,5.426848,-12.752197,7.04953
-12.276023,6.776463,-11.24954,7.988975
-11.756153,7.010504,-10.669442,8.294669
-14.35264,5.691506,-13.876948,6.266243
-15.105282,5.063516,-14.432781,5.883518
-15.399089,4.797058,-14.56172,5.818789
-12.590332,8.167162,-14.529202,5.856043
-8.51623,12.103183,-13.173801,6.731887
-4.550955,15.019298,-10.485928,8.329725
-0.759096,17.745276,-7.952227,9.803003
3.052755,20.348272,-5.266329,11.333582
4.994226,21.37509,-3.3511,12.360688
5.405827,20.863416,-1.480319,13.350189
5.483433,19.961266,0.422638,14.369342
1.522626,16.509864,-1.132473,13.50931
-5.298412,9.558987,-2.659161,12.669617
-6.761023,8.791902,-4.227085,11.790638
-8.418145,7.875324,-5.932907,10.831917
-9.855153,7.116206,-7.482715,9.952617
-11.33169,6.29989,-9.038764,9.057955
-12.642631,5.572687,-10.413035,8.268077
-14.04889,4.816858,-11.937994,7.38297
-15.263351,4.191404,-13.292495,6.597175
-15.301496,4.144119,-13.292495,6.597175
-15.301496,4.144119,-13.292495,6.597175
-15.301496,4.144119,-13.292495,6.597175
-15.854293,3.848198,-13.910278,6.228349
-16.300762,3.585612,-14.36629,5.95876
-16.842593,3.301253,-14.971327,5.601636
-16.867834,3.267241,-15.001734,5.565458
-13.74571,7.076638,-15.017311,5.547218
-6.005443,13.941199,-11.435826,7.76918
-4.135471,16.16462,-11.897502,7.424645
0.019208,18.842617,-8.58703,9.36971
3.204816,20.55731,-5.430761,11.177915
4.937676,21.318151,-3.3511,12.360688
5.836088,21.250534,-1.309012,13.499895
5.917515,20.317841,0.758391,14.65698
2.772734,17.257878,0.171958,14.346015
-2.558562,11.446657,-0.218877,14.158379
-3.2893,10.96348,-0.780525,13.872522
-5.042541,10.153582,-2.781975,12.777471
-6.745204,9.398792,-4.779468,11.68359
-7.382175,9.887247,-6.801699,10.558673
-8.184255,8.950189,-6.780033,10.582611
-7.320178,9.958072,-6.7374,10.630458
-7.020966,10.303998,-6.716423,10.654376
-7.259336,10.399687,-7.363811,10.279537
-7.487019,10.414113,-7.844626,10.00287
-8.102251,10.074482,-8.492509,9.624548
-8.170047,9.996502,-8.492509,9.624548
-8.170047,9.996502,-8.492509,9.624548
-8.170047,9.996502,-8.492509,9.624548
-9.0547,9.527151,-9.509005,9.000164
-9.436257,9.545358,-10.355898,8.47592
-5.805977,11.963545,-7.217204,10.355857
-7.588499,11.837962,-10.758676,8.191991
-6.334841,12.980078,-10.301724,8.450814
-5.45941,13.607653,-9.68165,8.806727
-4.500763,14.187684,-8.868123,9.220318
-4.340193,13.971866,-8.194699,9.567166
-3.251465,14.702333,-7.375182,9.999064
-4.342854,13.486422,-7.375182,9.999064
-8.807728,8.296149,-7.375182,9.999064
-9.022545,8.03774,-7.375182,9.999064
-11.377692,6.438097,-9.340616,8.886394
-13.653629,4.913812,-11.326602,7.739625
-15.609398,3.761428,-13.292495,6.597175
-15.658561,3.700765,-13.257284,6.636127
-15.709571,3.638917,-13.223128,6.674697
-17.034482,3.061476,-14.971327,5.601636
-14.858425,4.693407,-13.173801,6.731887
-14.632402,4.96997,-13.173801,6.731887
-14.557632,5.061248,-13.173801,6.731887
-13.897079,5.863111,-13.173801,6.731887
-13.71741,6.079818,-13.173801,6.731887
-13.681669,6.122856,-13.173801,6.731887
-12.736307,6.878893,-12.517232,7.139774
-10.416598,9.326059,-12.023855,7.444671
-6.855307,12.992784,-11.364804,7.84991
-5.962711,14.338259,-12.129277,7.325572
-5.838804,14.768293,-12.733844,6.901715
-4.915351,16.137675,-13.48545,6.395955
-5.378564,15.408121,-13.039657,6.604366
-6.137453,14.426721,-12.760616,6.720701
-7.002213,13.22681,-12.347692,6.923775
-10.072068,10.023086,-12.929446,6.57854
-16.277693,2.644605,-13.381183,6.305678
-16.822714,2.342404,-13.993095,5.931665
-17.800961,1.759037,-15.004969,5.322638
-22.94232,-1.34881,-20.723031,1.61363
-19.817664,0.599215,-17.186229,3.988844
-20.839798,-0.154472,-18.07834,3.428265
-21.53046,-0.575147,-18.814171,2.964777
-22.399427,-1.138611,-19.709774,2.389753
-22.736629,-1.192365,-20.307224,2.002224
-23.2031,-1.521236,-20.748119,1.718039
-23.618549,-1.683993,-21.346073,1.324517
-24.103831,-1.948216,-21.98267,0.878726
-24.535656,-2.243096,-22.474286,0.522867
-24.872644,-2.311106,-23.103849,0.075203
-25.098052,-2.225141,-23.679193,-0.30888
-23.46917,0.253693,-24.114378,-0.603552
-19.948004,5.105035,-24.691514,-0.994765
-16.216365,8.334636,-22.487872,0.506119
-10.730754,12.361558,-18.357535,3.259136
-10.155087,12.888629,-18.137496,3.368165
-4.914434,15.705674,-12.654953,6.812888
-5.845939,14.660453,-12.599675,6.81959
-9.102688,11.770693,-13.993095,5.931665
-12.0552,8.299637,-13.993095,5.931665
-17.054688,2.041073,-13.993095,5.931665
-17.250256,1.78619,-13.993095,5.931665
-19.033297,0.746595,-15.911929,4.760347
-20.820243,-0.320784,-17.841522,3.555076
-21.916159,-0.989617,-18.990023,2.840934
-22.054669,-1.07485,-19.147766,2.736093
-22.645841,-1.468953,-19.777158,2.31559
-22.973432,-1.710656,-20.108187,2.085847
-22.727359,-1.575901,-19.830668,2.258285
-22.856252,-1.646405,-20.024132,2.114135
-22.619759,-1.423828,-19.886797,2.199486
-22.23783,-0.900741,-19.925703,2.159434
-20.945717,0.535814,-19.497689,2.432564
-19.917646,1.794694,-19.362349,2.516117
-19.241314,2.556427,-19.143393,2.682558
-18.67703,3.166337,-18.926315,2.847651
-18.130986,3.843586,-18.868911,2.906946
-18.32432,4.057978,-19.585571,2.458395
-17.667608,4.575404,-19.029595,2.865876
-17.06641,5.024868,-18.490804,3.252866
-15.913258,5.872503,-17.516757,3.899791
-17.047412,5.045575,-18.475769,3.270422
-16.94104,4.802226,-17.836983,3.690475
-17.076308,4.63018,-17.792216,3.743093
-17.238838,4.427597,-17.763637,3.777544
-16.007674,5.186326,-16.446501,4.649593
-15.636408,5.450161,-16.080374,4.910171
-15.098268,5.822046,-15.565411,5.257313
-14.579227,6.16972,-15.035759,5.621441
-14.24923,6.379678,-14.708705,5.829312
-13.519554,6.879521,-14.053275,6.243834
-13.177781,7.008458,-13.560583,6.553689
-11.333922,8.166345,-11.746331,7.682787
-11.024105,8.252796,-11.24954,7.988975
-12.525784,7.502511,-13.066966,6.86269
-11.841869,7.937305,-12.453138,7.216507
-11.327589,8.264099,-11.990693,7.483787
-11.038846,8.233417,-11.364804,7.84991
-10.340896,8.679499,-10.704416,8.253762
-9.547774,9.325247,-10.20828,8.555806
-8.781544,9.843393,-9.545674,8.957494
-8.437661,10.058158,-9.252017,9.114579
-8.061017,10.309289,-8.940133,9.292222
-7.842558,10.37826,-8.628724,9.469033
-7.143104,10.811499,-7.944576,9.888865
-5.541053,12.352364,-7.404391,10.23302
-3.716914,14.023819,-6.716423,10.654376
-6.456334,10.95884,-6.845761,10.510751
-8.205658,8.934324,-6.960402,10.39052
-8.936051,8.0817,-7.081885,10.269426
-10.262173,6.877682,-7.71633,9.90443
-10.743348,6.587275,-8.163232,9.658396
-11.258205,6.354574,-8.777185,9.311567
-11.142441,6.494905,-8.777185,9.311567
-10.837267,6.86373,-8.777185,9.311567
-11.296957,6.307547,-8.777185,9.311567
-11.343412,6.454309,-9.173786,9.046809
-11.774467,6.136197,-9.571344,8.782374
-12.376048,5.605273,-9.946017,8.54072
-13.328554,4.825882,-10.576474,8.169454
-13.689747,4.672543,-11.021592,7.916645
-14.004537,4.67592,-11.632076,7.561734
-14.490339,4.07407,-11.653279,7.540475
-11.629309,7.573539,-11.674783,7.519114
-8.040365,11.75993,-11.696592,7.497649
-5.629845,13.966886,-10.834106,7.981474
-3.83065,15.543218,-10.120497,8.37996
-2.201733,16.831652,-9.252654,8.867836
-1.76112,16.805474,-8.323084,9.367872
-1.467448,16.508908,-7.188561,9.999623
-3.190999,14.069511,-6.264656,10.50134
-9.302957,7.485956,-7.290142,9.922908
-11.234633,5.888823,-8.515183,9.217149
-11.828217,5.832077,-9.549386,8.623342
-11.531732,6.732342,-10.310914,8.21467
-11.742094,6.906536,-10.908146,7.913477
-12.196112,6.89677,-11.696592,7.497649
-13.008935,6.580697,-12.794285,6.839952
-16.082405,4.927102,-16.315665,4.638813
-16.023886,5.088493,-16.441723,4.573141
-20.016778,2.750485,-20.904764,1.611404
-19.52542,2.998942,-20.292046,2.019838
-18.332443,3.656718,-18.903664,2.934683
-16.662437,4.586038,-16.923669,4.262072
-17.103524,4.125749,-17.004323,4.248708
-17.778471,3.09306,-16.608141,4.54524
-18.450639,2.24638,-16.608141,4.54524
-15.422711,5.523461,-15.798728,5.065849
-10.817384,10.478449,-14.986408,5.583596
-9.721261,12.41529,-16.329115,4.700869
-6.932445,14.647374,-14.77478,5.659654
-5.525808,15.431431,-13.366211,6.518038
-5.542974,14.87764,-12.348187,7.098662
-5.900783,13.853055,-11.183902,7.76193
-7.499812,11.469661,-10.173251,8.333202
-12.092404,6.401627,-10.822862,7.942511
-13.630678,4.799039,-11.309457,7.648256
-14.82323,3.705452,-11.957358,7.254222
-16.305241,2.915169,-13.615702,6.269429
-17.931119,1.924779,-15.263696,5.279729
-17.345676,2.267767,-14.503597,5.806512
-17.737688,1.966922,-14.809775,5.621441
-20.14385,0.552389,-17.5324,3.881867
-20.45307,0.347845,-17.836983,3.690475
-20.75065,0.357471,-18.4322,3.322295
-20.885269,0.478789,-18.883461,3.039039
-19.303783,1.839408,-17.736037,3.811517
-17.46146,3.585868,-16.741868,4.47511
-15.352364,5.32754,-15.267739,5.430199
-14.080793,6.393672,-14.437623,5.965488
-13.845523,6.582058,-14.288875,6.050602
-14.926383,6.02878,-15.593142,5.222523
-14.178683,6.555202,-14.956488,5.619581
-13.453783,7.049179,-14.303874,6.032414
-12.892031,7.438962,-13.828857,6.322376
-12.129901,7.969041,-13.173801,6.731887
-6.46507,11.125581,-7.050347,10.455396
-8.071806,10.293304,-8.881856,9.358111
-5.883428,11.604942,-6.716423,10.654376
-6.990618,10.902491,-7.863229,9.895864
-8.406976,9.751391,-8.822076,9.266072
-10.482945,7.901104,-9.946017,8.54072
-13.437428,4.987669,-11.043845,7.894846
-13.650333,5.505797,-12.284981,7.161786
-15.250646,4.21041,-13.366211,6.518038
-15.77239,4.435751,-14.77478,5.659654
-16.772654,4.153749,-16.329115,4.700869
-16.584461,4.290867,-16.122853,4.857952
-18.631613,2.690014,-17.763637,3.777544
-18.550437,2.792133,-17.792216,3.743093
-18.627803,2.695478,-17.836983,3.690475
-18.765874,2.519741,-17.792216,3.743093
-19.401775,1.71176,-17.763637,3.777544
-20.219832,0.662669,-17.736037,3.811517
-20.633932,0.119684,-17.763637,3.777544
-19.4305,1.673171,-17.792216,3.743093
-17.845306,3.68007,-17.836983,3.690475
-15.961454,5.816907,-17.5324,3.881867
-10.822332,10.068218,-14.323174,5.928008
-9.086267,11.95873,-14.179104,6.010392
-7.231107,13.401266,-13.063221,6.634535
-8.993986,11.757891,-13.708949,6.182434
-9.89258,9.780743,-12.116413,7.115485
-15.69041,3.714609,-13.708949,6.182434
-17.520572,2.458224,-15.323887,5.219105
-16.992174,2.716585,-14.503597,5.806512
-16.942642,2.538896,-14.4247,5.714548
-17.577259,2.413538,-15.475306,5.072572
-17.927402,2.64082,-16.486868,4.461856
-17.699698,2.997997,-16.314074,4.718634
-18.622001,2.701758,-17.792216,3.743093
-18.556646,2.785542,-17.836983,3.690475
-18.27443,3.141696,-17.836983,3.690475
-18.169578,3.273595,-17.836983,3.690475
-18.134744,3.317363,-17.836983,3.690475
-18.521158,2.830419,-17.836983,3.690475
-18.03059,3.448082,-17.836983,3.690475
-18.309498,3.097531,-17.836983,3.690475
-18.27443,3.141696,-17.836983,3.690475
-17.457676,4.163132,-17.836983,3.690475
-15.407441,6.668233,-17.836983,3.690475
-12.45042,9.970337,-17.5324,3.881867
-11.533482,10.850082,-17.227954,4.072401
-12.891506,9.115334,-16.923669,4.262072
-13.42512,7.902934,-15.966184,4.8102
-11.624831,9.360794,-14.857734,5.456215
-11.151051,9.342845,-13.911482,6.00177
-14.822895,5.213044,-14.400335,5.736724
-16.462202,3.421973,-14.766234,5.542264
-16.869662,3.276902,-15.263696,5.279729
-17.027004,3.647575,-16.053071,4.854164
-17.712856,2.980964,-16.329115,4.700869
-18.729432,1.79502,-16.446501,4.649593
-19.11694,2.07627,-17.900348,3.618459
-19.847845,1.752119,-19.064311,2.763076
-20.467438,1.593257,-20.226554,1.909132
-24.035427,-2.574881,-21.378099,1.059703
-24.549444,-2.893137,-21.96252,0.663283
-25.421522,-3.427072,-22.954366,-0.008147
-26.160734,-3.881807,-23.795145,-0.581389
-27.037054,-4.443389,-24.7505,-1.230018
-27.256765,-4.562658,-24.999576,-1.388762
-27.270273,-4.580847,-25.015387,-1.407144
-24.999936,-1.29851,-25.117746,-1.460202
-21.016457,4.031022,-25.208949,-1.498068
-15.388915,8.93594,-21.841211,0.83405
-7.961339,13.760364,-15.242457,5.153049
-7.062553,14.558792,-14.874442,5.360533
-0.925776,17.459642,-7.878125,9.563816
-4.016595,15.440625,-10.340289,8.07859
-4.012154,14.193545,-8.118448,9.379655
-12.124169,5.364215,-9.574738,8.532022
-14.096955,3.933413,-11.196338,7.576222
-15.445567,3.184474,-12.663377,6.701989
-16.754491,2.318391,-14.041157,5.807716
-17.606774,1.806633,-14.95618,5.236881
-18.654786,1.157455,-16.090622,4.509178
-17.321186,1.900144,-14.54978,5.483782
-18.501545,1.217655,-15.836905,4.687178
-19.079048,0.838817,-16.40355,4.33468
-20.628061,0.047722,-18.062981,3.389255
-21.086443,-0.267079,-18.49397,3.119629
-21.562447,-0.603849,-18.946053,2.827553
-22.053925,-0.961546,-19.417151,2.514022
-23.077249,-1.6441,-20.49212,1.798133
-23.525278,-1.953571,-20.958515,1.481193
-23.769001,-2.089211,-21.233648,1.307367
-22.320335,0.545877,-22.266839,0.616557
-18.785257,5.424185,-22.837789,0.240082
-14.617679,9.333844,-20.940679,1.500385
-7.303305,14.130516,-14.585053,5.613927
-6.348463,14.903787,-14.071654,5.901884
-0.531803,17.692173,-7.512133,9.843381
-2.301833,16.339449,-8.547731,9.222478
-1.864672,15.347575,-5.859091,10.776008
-11.041526,6.25543,-8.616535,9.201744
-14.240973,4.1479,-11.523848,7.503815
-12.838854,4.954234,-9.906057,8.524036
-14.020324,4.276502,-11.135953,7.806649
-16.125145,3.227622,-13.668398,6.27439
-16.8995,2.641206,-14.275095,5.910731
-17.830261,2.048863,-15.187649,5.358646
-18.698383,1.728666,-16.424829,4.591767
-18.509067,2.069139,-16.552936,4.524869
-19.68097,1.447571,-17.996891,3.585639
-20.38076,0.835589,-18.490804,3.252866
-19.954539,1.290116,-18.346822,3.340242
-19.954539,1.290116,-18.346822,3.340242
-20.657991,0.964002,-19.300265,2.708077
-21.623811,0.09151,-19.932789,2.284339
-22.381349,-0.516492,-20.535037,1.892508
-20.535691,1.985558,-20.665844,1.818746
-16.926264,6.639907,-20.955149,1.636867
-13.995545,9.850825,-20.548728,1.875736
-7.220309,14.302113,-14.721471,5.645588
-6.188362,15.130878,-14.174732,5.950632
-0.060313,18.061076,-7.184293,10.171776
-2.563694,16.330723,-8.988473,9.104713
-2.445813,15.089339,-6.389417,10.628528
-10.612295,6.856075,-8.422789,9.467291
-12.893307,5.251385,-10.301006,8.378415
-14.750718,4.238654,-12.330197,7.184432
-12.789899,5.372543,-10.176188,8.508099
-15.939258,3.644868,-13.747172,6.330459
-14.051627,4.710435,-11.582249,7.688609
-14.395673,4.485127,-11.87627,7.526354
-17.044651,2.951646,-14.808433,5.704927
-17.088258,2.997923,-14.941887,5.637434
-17.433845,2.857549,-15.416422,5.343936
-17.789324,2.607087,-15.728132,5.15315
-16.619096,3.300327,-14.408976,6.001281
-16.792949,3.276815,-14.736077,5.794179
-17.160927,3.010869,-15.062739,5.586657
-17.344724,2.877597,-15.225902,5.482737
-17.644829,2.691978,-15.565411,5.257313
-17.492743,3.549268,-16.715014,4.509032
-14.18701,7.188262,-16.094297,4.892866
-9.399814,11.664232,-14.253053,6.004856
-6.262449,14.060364,-12.264513,7.182611
-4.721884,14.760311,-10.436356,8.245739
-3.490378,14.958339,-8.327344,9.446943
-3.44349,13.914812,-6.38053,10.539228
-2.349142,13.922926,-4.262028,11.721226
-7.154276,9.329067,-5.891387,10.822876
-9.620174,7.30788,-7.346985,10.023881
-11.265808,6.366919,-8.963793,9.127979
-11.647755,6.117878,-9.391065,8.839855
-12.070701,5.821882,-9.821354,8.551429
-12.647139,5.338168,-10.254852,8.262363
-13.390241,5.128163,-11.41587,7.555343
-14.389863,4.691444,-12.733688,6.743941
-12.397786,5.720842,-10.580422,7.967378
-13.242651,5.362901,-11.745026,7.233985
-13.61157,5.156861,-12.122244,7.018091
-14.225027,4.773786,-12.727981,6.651741
-14.385375,4.733459,-12.9512,6.530267
-16.248489,3.901227,-15.132228,5.296999
-15.887825,4.058436,-14.650731,5.60061
-16.902422,3.446238,-15.66572,4.994525
-17.128684,3.730366,-16.530431,4.477983
-14.74915,6.453146,-16.119822,4.779914
-11.51058,9.663473,-15.063707,5.42167
-7.682231,12.705536,-12.69499,6.87736
-5.051428,14.253988,-10.182046,8.374405
-4.678988,14.508775,-9.906057,8.524036
-6.613615,12.278066,-9.794916,8.574913
-8.51627,9.912994,-9.52278,8.722064
-11.844264,6.763827,-10.834106,7.981474
-10.418192,7.283956,-8.727332,9.295201
-10.497826,7.365676,-8.898484,9.258067
-10.256074,7.556492,-8.711952,9.379363
-13.712077,5.804012,-12.802413,6.901357
-13.348321,6.051168,-12.438988,7.143429
-12.923342,6.2782,-11.965297,7.426423
-12.02758,6.973937,-11.327605,7.808217
-10.937186,7.989523,-10.854225,8.087716
-10.624144,8.354913,-10.81521,8.129643
-10.381925,8.635829,-10.777261,8.171277
-10.276287,8.756684,-10.740343,8.212641
-10.205255,8.837768,-10.704416,8.253762
-10.135034,8.918653,-10.669442,8.294669
-10.099475,8.96003,-10.635377,8.335392
-9.684734,9.1657,-10.137808,8.638924
-8.275465,10.422208,-9.473227,9.04271
-5.701354,13.046578,-8.973941,9.344929
-2.801044,15.859202,-8.363865,9.680279
-1.379862,17.125713,-7.924124,9.911706
-1.209891,16.991815,-7.322247,10.238601
-2.047189,15.86563,-6.890829,10.462743
-1.080418,16.580597,-6.298094,10.781077
-2.058828,15.286373,-5.875792,10.997882
-8.891323,8.698942,-7.92957,9.826286
-11.33198,6.942847,-9.826493,8.728853
-13.774031,5.246257,-11.87627,7.526354
-14.772173,4.412681,-12.517232,7.139774
-15.64655,3.820564,-13.321862,6.64847
-16.295444,3.405387,-13.961738,6.256547
-17.076873,3.014363,-14.927518,5.655198
-17.916372,2.444821,-15.741787,5.13588
-16.245142,3.375753,-13.76811,6.396032
-17.550609,2.616926,-15.239622,5.465311
-17.627696,2.614366,-15.416422,5.343936
-17.889157,2.382234,-15.579162,5.239963
-19.172147,1.631242,-17.025527,4.315846
-19.13347,1.680468,-17.025527,4.315846
-19.019093,1.732146,-16.851023,4.437545
-19.334949,1.526512,-17.162181,4.243576
-19.516841,1.391146,-17.323838,4.13815
-15.079442,7.028628,-17.634869,3.94305
-12.268488,9.851191,-16.826133,4.470556
-10.254172,11.688782,-16.014151,4.995304
-8.709502,12.969579,-15.199117,5.517349
-6.426451,14.11713,-12.587368,7.152061
-6.968517,13.533147,-12.602499,7.133198
-8.686346,11.641469,-12.617846,7.114278
-15.438421,4.94027,-14.778795,5.740888
-15.750703,4.462078,-14.630394,5.826215
-14.929972,5.36917,-14.482323,5.911177
-14.687169,5.94556,-14.986408,5.583596
-14.962573,5.800784,-15.326801,5.358853
-15.316772,5.653674,-15.828648,5.030222
-15.452488,5.488866,-15.828648,5.030222
-15.505175,5.423949,-15.813564,5.048089
-15.505175,5.423949,-15.813564,5.048089
-15.421538,5.524884,-15.798728,5.065849
-15.406427,5.542743,-15.784136,5.083505
-15.210446,5.686396,-15.607353,5.204988
-15.127298,5.786718,-15.593142,5.222523
-15.078514,5.845592,-15.579162,5.239963
-14.995823,5.94534,-15.565411,5.257313
-14.632902,6.196028,-15.239622,5.465311
-14.485345,6.280334,-15.076556,5.569147
-13.567696,7.18867,-14.75009,5.776497
-12.317133,8.203338,-13.932035,6.293033
-11.430798,8.871837,-13.260804,6.722944
-10.426039,9.580247,-12.422444,7.254503
-9.960806,9.845271,-11.942671,7.542009
-9.651991,9.929669,-11.446837,7.847727
-9.725165,9.665613,-11.115833,8.05114
-9.810872,9.29456,-10.618672,8.355694
-9.633003,9.226065,-10.120739,8.659614
-9.337861,9.291887,-9.639494,8.941857
-9.745832,8.911359,-9.788364,8.861902
-9.619712,9.149758,-9.954593,8.760789
-10.097965,8.687164,-10.103879,8.680278
-10.327676,8.603969,-10.436164,8.477467
-10.460789,8.542084,-10.585887,8.396202
-10.759935,8.377275,-10.917893,8.192729
-10.725209,8.41779,-10.917893,8.192729
-10.759935,8.377275,-10.917893,8.192729
-10.725209,8.41779,-10.917893,8.192729
-10.759935,8.377275,-10.917893,8.192729
-10.759935,8.377275,-10.917893,8.192729
-10.829571,8.295971,-10.917893,8.192729
-10.909404,8.29479,-11.083761,8.090888
-11.013908,8.172642,-11.083761,8.090888
-9.96563,9.47975,-11.24954,7.988975
-9.131345,10.255381,-10.950199,8.152731
-8.816426,10.525111,-10.801065,8.234072
-8.610607,10.581958,-10.503907,8.395668
-8.66233,10.434137,-10.355898,8.47592
-8.808039,10.088437,-10.06106,8.635324
-9.205017,9.540145,-9.914244,8.714472
-9.664099,9.098585,-10.06106,8.635324
-9.943407,8.864909,-10.190321,8.576647
-10.040478,8.844202,-10.33829,8.496593
-10.16123,8.70351,-10.355898,8.47592
-10.276132,8.662054,-10.521396,8.375119
-10.294193,8.641312,-10.539117,8.354521
-10.493899,8.500257,-10.686813,8.274241
-10.608629,8.458787,-10.852148,8.173285
-10.91256,8.195404,-11.000264,8.09244
-10.923532,8.275316,-11.165549,7.991207
-10.992413,8.194559,-11.165549,7.991207
-11.061534,8.113439,-11.165549,7.991207
-11.089768,8.173238,-11.34766,7.86993
-11.124116,8.132908,-11.34766,7.86993
-11.272915,8.050962,-11.512662,7.768644
-11.684656,7.845074,-12.007156,7.464261
-12.182145,7.536531,-12.484721,7.178274
-12.125854,7.88017,-12.977923,6.871919
-11.926348,8.297414,-13.306253,6.667197
-11.857805,8.468588,-13.470272,6.564687
-11.958977,8.532324,-13.798016,6.359363
-12.020508,8.641748,-14.125358,6.153627
-12.368568,8.325426,-14.27411,6.068706
-13.054215,7.612471,-14.437623,5.965488
-13.903803,6.789974,-14.764328,5.758735
-14.36469,6.424647,-15.090598,5.551553
-14.701036,6.114314,-15.239622,5.465311
-14.712532,6.192997,-15.402574,5.361366
-14.746432,6.15235,-15.402574,5.361366
-14.860004,6.108495,-15.565411,5.257313
-15.010368,5.92766,-15.579162,5.239963
-15.191593,5.802082,-15.741787,5.13588
-15.104499,5.907084,-15.75567,5.118518
-14.825213,6.05799,-15.444806,5.308804
-14.349337,6.35089,-14.956488,5.619581
-14.070126,6.500067,-14.645431,5.808107
-13.838887,6.683098,-14.467186,5.929368
-13.527413,6.868641,-14.125358,6.153627
-13.314108,7.029576,-13.932035,6.293033
-12.770946,7.30356,-13.290876,6.68585
-12.079299,7.657931,-12.484721,7.178274
-11.319151,8.182058,-11.842411,7.565811
-13.092162,7.293501,-13.976938,6.238184
-10.888838,8.684572,-11.825838,7.585443
-10.71369,8.88832,-11.825838,7.585443
-9.889315,9.658612,-11.4793,7.80829
-9.125559,10.353074,-11.148755,8.011232
-9.528704,9.711009,-10.817868,8.213855
-9.924541,8.979402,-10.303748,8.537816
-9.637371,9.128723,-9.971785,8.739965
-9.822785,8.7284,-9.639494,8.941857
-9.153822,9.412949,-9.473227,9.04271
-9.112688,9.275839,-9.158488,9.222703
-9.154507,9.134242,-9.010492,9.301538
-8.436351,9.873404,-8.825654,9.423729
-8.136119,10.035536,-8.492509,9.624548
-8.000716,10.100021,-8.307117,9.747169
-8.199555,10.05459,-8.640687,9.546144
-8.567646,9.814224,-8.973941,9.344929
-9.017662,9.570253,-9.473227,9.04271
-9.283486,9.446548,-9.805681,8.840942
-9.650753,9.205068,-10.137808,8.638924
-9.882208,9.120323,-10.469604,8.436639
-9.732615,9.20196,-10.303748,8.537816
-9.549158,9.322649,-10.137808,8.638924
-9.264207,9.560277,-9.971785,8.739965
-8.107746,10.523432,-9.324787,9.122106
-6.927196,11.503351,-8.65912,9.524163
-6.158989,12.011958,-8.011404,9.90282
-6.298261,11.765913,-7.844626,10.00287
-6.410117,11.549824,-7.677774,10.10288
-6.527873,11.326194,-7.510848,10.202851
-6.93615,10.861657,-7.530668,10.179764
-7.323147,10.510328,-7.697453,10.079953
-7.377161,10.448591,-7.717351,10.057017
-7.507042,10.391134,-7.864166,9.980101
-7.7342,10.313983,-8.159057,9.825176
-7.86517,10.255616,-8.307117,9.747169
-8.470274,9.834322,-8.825654,9.423729
-8.789036,9.65021,-9.17674,9.201139
-9.256927,9.385378,-9.693116,8.878399
-9.29079,9.346135,-9.693116,8.878399
-9.459073,9.243673,-9.877131,8.756792
-9.608422,9.162613,-10.042744,8.656335
-9.695021,9.062595,-10.06106,8.635324
-9.77653,9.060347,-10.226476,8.534917
-9.795585,9.039154,-10.244913,8.513977
-9.891932,9.018569,-10.391814,8.434434
-10.022355,8.958403,-10.539117,8.354521
-9.87037,9.226381,-10.686813,8.274241
-9.24849,9.762898,-10.373738,8.455202
-8.381972,10.574856,-10.042744,8.656335
-7.584871,11.302351,-9.729999,8.835914
-7.487998,11.230856,-9.379832,9.057744
-7.779593,10.809448,-9.213914,9.157928
-7.868483,10.525525,-8.862899,9.380009
-8.255023,10.082227,-8.862899,9.380009
-8.40718,9.907039,-8.862899,9.380009
-8.440892,9.868172,-8.862899,9.380009
-8.658297,9.709303,-9.029094,9.279808
-8.624471,9.748368,-9.029094,9.279808
-8.740458,9.706479,-9.195214,9.179549
-9.324712,9.306805,-9.693116,8.878399
-9.623649,9.14446,-10.024664,8.677301
-10.139555,8.821385,-10.521396,8.375119
-10.455935,8.637766,-10.869635,8.152924
-10.87387,8.334768,-11.217327,7.930807
-11.223334,8.111222,-11.564482,7.70872
-11.303906,8.109536,-11.729066,7.607667
-11.715097,7.624207,-11.729066,7.607667
-11.588454,7.867414,-11.893566,7.506521
-11.572366,7.887555,-11.911112,7.486615
-11.560645,7.807903,-11.746722,7.587659
-10.925893,8.55639,-11.764632,7.567577
-10.778866,8.823102,-11.946973,7.446569
-10.126782,9.675459,-12.129277,7.325572
-9.975202,9.944991,-12.31155,7.204571
-9.715327,10.149549,-12.129277,7.325572
-9.811591,9.856975,-11.801236,7.527174
-10.365698,9.12033,-11.61855,7.648165
-11.056842,8.311619,-11.61855,7.648165
-11.541787,7.645,-11.454218,7.748818
-12.103921,6.975317,-11.454218,7.748818
-12.080994,6.908569,-11.308572,7.828836
-11.796607,7.248621,-11.308572,7.828836
-11.702372,7.267505,-11.16334,7.908479
-11.56983,7.520502,-11.327605,7.808217
-12.251889,6.896018,-11.655905,7.607403
-12.328747,6.899221,-11.819937,7.506847
-11.944093,7.359007,-11.819937,7.506847
-12.45931,6.839719,-12.002753,7.38587
-12.850196,6.369139,-12.002753,7.38587
-12.82455,6.591519,-12.330197,7.184432
-13.544012,5.817148,-12.493796,7.083555
-13.532462,6.021888,-12.802413,6.901357
-13.875901,5.702278,-12.984084,6.78028
-14.150393,5.561831,-13.328794,6.557819
-11.696371,8.592372,-13.491766,6.456367
-11.898474,8.274052,-13.385347,6.497981
-11.260265,8.947328,-13.282083,6.538007
-11.153868,8.997432,-13.182073,6.576416
-10.97788,8.850936,-12.599052,6.913161
-11.002531,8.457906,-11.996348,7.267443
-11.297267,7.744018,-11.420543,7.595597
-12.001666,7.242828,-11.926554,7.333264
-12.318599,7.216902,-12.448015,7.061521
-12.703255,7.114427,-12.965862,6.800072
-12.764564,7.133286,-13.111379,6.718287
-12.928165,7.030111,-13.257284,6.636127
-13.05817,6.967132,-13.403569,6.553592
-13.22263,6.863081,-13.550229,6.470685
-13.353372,6.799382,-13.697254,6.387405
-13.450315,6.776131,-13.844639,6.303756
-13.450315,6.776131,-13.844639,6.303756
-13.502428,6.713263,-13.828857,6.322376
-13.417896,6.813732,-13.813318,6.340911
-13.599926,6.689618,-13.976938,6.238184
-13.584199,6.708199,-13.961738,6.256547
-13.584199,6.708199,-13.961738,6.256547
-13.452136,6.772903,-13.813318,6.340911
-13.552923,6.653489,-13.844639,6.303756
-11.493422,8.99047,-13.697254,6.387405
-9.482325,11.303369,-13.747172,6.330459
-7.603036,13.326441,-13.636568,6.374372
-7.196388,13.786194,-13.673005,6.33512
-6.691334,14.216555,-13.464829,6.4166
-8.507173,11.981787,-13.085407,6.613191
-10.896891,9.071602,-12.854063,6.726148
-15.474935,3.865775,-13.45413,6.369785
-17.911667,2.256677,-15.805775,4.912614
-18.735676,1.587978,-16.388776,4.561614
-18.070047,2.140646,-15.851059,4.928771
-20.437769,0.465114,-18.043705,3.532015
-20.018572,1.011587,-17.996891,3.585639
-21.146154,0.133597,-18.924643,2.988496
-21.326907,-0.102013,-18.91067,3.005472
-21.432454,-0.238882,-18.896944,3.022319
-22.096515,-0.425281,-19.995883,2.294919
-21.429685,0.257237,-19.666087,2.524372
-21.582916,0.349417,-20.129457,2.220242
-21.017277,1.08626,-20.105662,2.251829
-20.435856,1.643715,-19.776425,2.48146
-20.676387,1.622025,-20.241427,2.175711
-20.748862,1.623806,-20.399938,2.068367
-20.687071,1.606805,-20.252683,2.160273
-19.522225,2.89481,-19.947004,2.358828
-19.023498,3.611812,-20.094096,2.267445
-18.671005,4.141006,-20.252683,2.160273
-18.109215,4.740189,-20.082747,2.282946
-17.492066,5.129512,-19.44638,2.71079
-17.833299,4.804832,-19.617344,2.588302
-18.48279,3.913069,-19.458103,2.695033
-19.124897,2.926044,-19.139146,2.90816
-18.975393,2.925595,-18.819571,3.120837
-18.704079,3.170646,-18.671969,3.210813
-18.987503,2.909548,-18.83189,3.104709
-19.485322,2.471278,-19.151277,2.892162
-19.805,2.161131,-19.31074,2.785719
-20.482321,1.582789,-19.78818,2.465718
-20.496437,1.753337,-20.117448,2.236095
-20.966935,1.2436,-20.287756,2.113258
-21.179754,1.064469,-20.445887,2.006165
-21.465453,0.694532,-20.445887,2.006165
-20.307263,1.898532,-19.983321,2.31108
-20.966935,1.2436,-20.287756,2.113258
-21.215493,1.113645,-20.603845,1.898964
-20.958906,1.445166,-20.592126,1.91463
-21.393752,1.073697,-20.919237,1.68424
-21.938955,0.841066,-21.715809,1.130244
-20.619546,2.348199,-21.414102,1.330281
-18.971306,4.234516,-21.11228,1.529532
-16.649579,7.064179,-21.124604,1.513546
-16.667799,6.778766,-20.665844,1.818746
-16.222945,6.8673,-19.890457,2.335383
-17.371263,5.575753,-20.076256,2.195218
-17.454826,5.204173,-19.631677,2.479019
-20.791061,0.790876,-19.285485,2.72547
-22.085313,-0.516612,-19.904317,2.318507
-23.639359,-1.805961,-21.14995,1.481174
-24.611918,-2.629104,-21.906978,0.975633
-25.216068,-3.056525,-22.506846,0.574234
-25.870486,-3.45613,-23.250662,0.0755
-25.823995,-3.584625,-22.930828,0.30792
-25.457647,-3.374232,-22.464273,0.634148
-24.868961,-2.758961,-22.141909,0.865958
-23.703684,-1.479782,-21.682703,1.175937
-22.651068,-0.275555,-21.368736,1.391953
-21.59394,0.81599,-20.907713,1.699782
-21.058873,1.507131,-20.896407,1.715203
-20.670594,2.004335,-20.885315,1.730505
-20.949828,1.741986,-21.043035,1.622797
-21.224955,1.389595,-21.043035,1.622797
-20.944421,1.654947,-20.885315,1.730505
-20.342081,2.421295,-20.885315,1.730505
-18.724405,4.712646,-21.357932,1.407067
-17.484646,6.39599,-21.672091,1.190926
-17.862157,6.207234,-22.141909,0.865958
-19.03197,4.435943,-21.594592,1.191103
-19.731901,3.297294,-21.203509,1.414776
-19.448619,3.486668,-20.979727,1.523771
-21.055505,1.421011,-20.948962,1.55928
-21.90474,0.502703,-21.246271,1.363464
-21.508587,0.924125,-21.075594,1.487499
-21.426,1.030807,-21.061229,1.504663
-22.378221,-0.0263,-21.346073,1.324517
-22.106993,0.331256,-21.319511,1.357591
-22.719466,-0.380734,-21.488913,1.233891
-22.306718,0.164828,-21.502206,1.217345
-22.740356,-0.311972,-21.671576,1.093445
-22.682146,-0.234633,-21.685245,1.076675
-22.887826,-0.605525,-21.55783,1.149715
-22.900752,-0.622386,-21.572362,1.132436
-23.133243,-0.835614,-21.671576,1.093445
-22.939678,-0.477574,-21.775391,1.051542
-23.644896,-1.312315,-21.872213,1.022272
-23.566561,-1.016037,-22.195607,0.790738
-24.114085,-1.65588,-22.362605,0.667177
-22.890074,0.165363,-22.684522,0.43525
-19.638247,4.227862,-22.518021,0.558941
-18.847677,5.021282,-22.195607,0.790738
-18.679782,5.13482,-22.028425,0.9142
-17.968268,5.3866,-20.993128,1.588325
-18.824681,4.153722,-20.719706,1.752173
-20.034192,2.448196,-20.464174,1.896029
-20.976853,1.134177,-20.292046,2.019838
-21.328781,0.869051,-20.605994,1.807222
-21.644719,0.552383,-20.762706,1.700753
-22.331616,-0.256262,-20.933972,1.576804
-22.533407,-0.425435,-21.120225,1.435106
-22.735539,-0.595227,-21.306878,1.292931
-22.592799,-0.404359,-21.306878,1.292931
-22.324391,0.052657,-21.477972,1.168392
-22.132035,0.30987,-21.493928,1.15027
-22.837053,-0.231061,-22.160627,0.668909
-23.456188,-0.568893,-22.959578,0.097808
-25.006902,-2.287752,-23.616539,-0.386004
-25.818689,-2.632826,-24.760094,-1.174004
-27.011679,-3.62052,-25.752394,-1.864894
-27.780523,-3.923906,-26.880408,-2.65979
-27.271635,-3.301422,-26.722598,-2.535518
-26.998179,-2.917874,-26.712483,-2.520811
-26.064079,-1.722555,-26.554408,-2.396609
-24.331999,0.420982,-26.247194,-2.162817
-22.921017,2.08165,-25.938631,-1.929053
-21.693184,3.468847,-25.62875,-1.695343
-20.66916,4.48759,-25.176973,-1.367088
-21.185473,3.570565,-24.722995,-1.039428
-22.424331,1.712927,-24.26688,-0.712408
-25.001925,-1.993952,-23.808693,-0.386073
-24.902244,-2.148319,-23.336764,-0.044829
-24.929942,-2.479925,-22.874289,0.280205
-25.003815,-2.58121,-22.874289,0.280205
-24.60062,-2.030237,-22.874289,0.280205
-24.06265,-1.301963,-22.874289,0.280205
-23.040341,0.157086,-23.005414,0.203077
-23.164306,-0.005728,-22.994122,0.21844
-23.418727,-0.244724,-23.126883,0.140101
-23.176799,-0.020329,-22.972185,0.248772
-23.00724,0.202742,-22.972185,0.248772
-22.564548,0.687739,-22.817278,0.357352
-22.524255,0.645999,-22.662164,0.465839
-22.423712,0.777057,-22.662164,0.465839
-22.349815,0.77898,-22.506846,0.574234
-22.343792,0.692354,-22.351327,0.682534
-22.007822,1.128881,-22.351327,0.682534
-21.533129,1.647764,-22.184443,0.80603
-20.793915,2.405867,-21.872213,1.022272
-19.780721,3.314364,-21.245465,1.453553
-19.436762,3.652497,-21.088314,1.561117
-19.109074,3.599133,-20.299894,2.097346
-19.126112,3.577858,-20.299894,2.097346
-19.446677,3.176131,-20.287756,2.113258
-19.765092,2.681755,-20.141691,2.204268
-19.778045,2.66549,-20.154155,2.188169
-19.600757,2.795491,-19.995883,2.294919
-19.554003,2.854295,-19.983321,2.31108
-19.520378,2.896673,-19.983321,2.31108
-19.54111,2.870528,-19.97099,2.327117
-19.693765,2.772445,-20.105662,2.251829
-19.749432,2.702929,-20.094096,2.267445
-19.881536,2.630686,-20.241427,2.175711
-20.104784,2.441404,-20.4111,2.052992
-20.048851,2.511427,-20.422476,2.037502
-20.30575,2.279091,-20.592126,1.91463
-19.917369,2.583505,-20.275844,2.129049
-20.550631,2.061608,-20.750008,1.807259
-20.204379,2.407667,-20.592126,1.91463
-20.204379,2.407667,-20.592126,1.91463
-20.204379,2.407667,-20.592126,1.91463
-19.886114,2.716553,-20.434071,2.021894
-19.746525,2.985612,-20.592126,1.91463
-19.35397,3.38528,-20.445887,2.006165
-19.223037,3.456188,-20.287756,2.113258
-19.316084,3.339469,-20.264154,2.14472
-19.35111,3.295821,-20.252683,2.160273
-19.199719,3.392516,-20.082747,2.282946
-19.658076,2.819566,-20.071611,2.298336
-19.581935,2.822022,-19.912671,2.405526
-19.53638,2.880303,-19.901653,2.42087
-19.559221,2.852953,-19.890842,2.436108
-19.669368,2.807761,-20.049965,2.328789
-19.624253,2.865743,-20.039448,2.343858
-19.692483,2.780236,-20.039448,2.343858
-19.548168,2.868267,-19.880235,2.451242
-19.548168,2.868267,-19.880235,2.451242
-19.304691,2.985673,-19.572105,2.650419
-19.316043,2.970161,-19.583098,2.635051
-19.551941,2.765344,-19.764889,2.497089
-19.983589,2.501956,-20.241427,2.175711
-20.161318,2.370837,-20.399938,2.068367
-19.949519,2.544958,-20.241427,2.175711
-20.448171,2.19444,-20.716444,1.853357
-20.425561,2.222133,-20.727418,1.838107
-19.952604,2.726811,-20.569346,1.945603
-18.687476,4.120378,-20.241427,2.175711
-17.929355,4.868649,-19.912671,2.405526
-17.88578,4.830603,-19.742457,2.528015
-17.23222,5.080696,-18.807475,3.136853
-17.921812,4.328631,-18.99166,2.998492
-18.333477,3.91315,-19.176217,2.85982
-20.027876,2.348844,-20.166851,2.171943
-21.064617,1.496565,-21.006261,1.571874
-22.222265,0.564967,-21.98267,0.878726
-22.820774,-0.127957,-22.151256,0.754638
-23.007048,-0.375209,-22.16483,0.737909
-23.089254,-0.387325,-22.333361,0.613622
-22.562539,0.310646,-22.319659,0.630435
-22.668424,0.266927,-22.474286,0.522867
-22.756926,0.149273,-22.460942,0.539468
-22.807988,0.178478,-22.628709,0.415207
-22.720503,0.295095,-22.642178,0.398524
-23.007543,0.012043,-22.80987,0.274071
-23.289109,-0.267798,-22.936936,0.199616
-23.381528,-0.295155,-23.077857,0.108027
-23.474302,-0.32297,-23.219032,0.016073
-23.272657,-0.055017,-23.219032,0.016073
-22.90008,0.342299,-23.065212,0.12422
-22.40416,0.993248,-23.065212,0.12422
-21.263894,2.373003,-22.898654,0.248396
-20.914638,2.633296,-22.589737,0.464379
-21.906727,1.262061,-22.43497,0.572232
-21.633239,1.616635,-22.43497,0.572232
-21.250743,2.015808,-22.280001,0.679992
-21.878454,1.203243,-22.267258,0.696224
-22.27444,0.686825,-22.267258,0.696224
-22.066558,0.863266,-22.111978,0.803953
-22.066558,0.863266,-22.111978,0.803953
-22.310964,0.733856,-22.385822,0.636071
-22.569069,0.586858,-22.673235,0.45061
-22.817538,0.453363,-22.951094,0.278593
-23.054615,0.332571,-23.250662,0.0755
-23.228399,0.198809,-23.405246,-0.033542
-23.532123,-0.010851,-23.704241,-0.237609
-23.502617,-0.067565,-23.559616,-0.142672
-23.188982,0.156481,-23.250662,0.0755
-22.807138,0.468141,-22.940859,0.293317
-22.632729,0.601619,-22.785645,0.402089
-22.569859,0.588296,-22.640662,0.495917
-23.011186,-0.179746,-22.329416,0.712865
-22.996512,-0.163471,-22.351327,0.682534
-22.912867,-0.151135,-22.218592,0.759768
-21.497876,1.694304,-22.242468,0.728269
-18.621666,5.490224,-22.552863,0.512272
-19.676403,4.372163,-22.874289,0.280205
-21.676136,2.026953,-23.182818,0.063604
-19.768572,3.153019,-21.019634,1.555284
-19.569342,3.404296,-21.019634,1.555284
-20.218443,2.582467,-21.019634,1.555284
-21.826003,0.506798,-21.006261,1.571874
-23.565385,-1.314634,-21.787993,1.0354
-24.302332,-2.310371,-21.775391,1.051542
-24.573558,-2.576646,-21.906978,0.975633
-24.603409,-2.614555,-21.895168,0.991309
-24.723529,-2.673631,-22.028425,0.9142
-22.285051,0.294808,-21.559214,1.238116
-22.074319,0.379048,-21.245465,1.453553
-21.286996,1.116508,-20.761629,1.791655
-21.393752,1.073697,-20.919237,1.68424
-21.358812,1.11883,-20.919237,1.68424
-21.212202,1.403519,-21.06524,1.592199
-21.457779,1.181809,-21.222587,1.484511
-20.886748,1.727553,-20.896407,1.715203
-20.641272,1.946907,-20.738605,1.822742
-20.875644,1.74286,-20.885315,1.730505
-20.613447,1.89069,-20.558278,1.960915
-19.621061,2.771882,-19.9239,2.390073
-18.730377,3.791251,-19.764889,2.497089
-17.445459,5.368902,-19.776425,2.48146
-16.508151,6.411482,-19.629193,2.572496
-14.258339,7.918579,-17.56177,3.933563
-15.061351,6.6964,-17.078486,4.248569
-16.589524,4.662172,-16.769657,4.440771
-17.500562,3.535362,-16.783912,4.423439
-18.634412,2.494452,-17.442424,3.987497
-18.465203,2.707809,-17.456784,3.970202
-19.183247,2.374797,-18.418178,3.339329
-17.819485,3.423278,-17.296073,4.074937
-18.720442,2.864501,-18.258297,3.444767
-18.647082,2.861555,-18.098272,3.550088
-17.97244,3.517633,-17.777802,3.76038
-17.654195,3.819538,-17.617361,3.86535
-17.204542,4.09319,-17.120677,4.19698
-17.018471,4.134134,-16.798412,4.405994
-16.39261,4.621704,-16.299282,4.736287
-15.661854,5.232739,-15.798728,5.065849
-15.773759,4.907772,-15.459351,5.291096
-15.44108,5.03052,-14.971327,5.601636
-16.274111,4.672871,-16.094297,4.892866
-14.372465,6.043548,-14.452288,5.947471
-13.810007,6.531539,-14.125358,6.153627
-13.765846,6.958479,-14.839038,5.66859
-12.944375,8.216391,-15.389849,5.285851
-13.433195,8.021313,-16.102723,4.798667
-16.335546,5.360552,-17.5324,3.881867
-16.089277,5.192309,-16.730036,4.402751
-16.292188,5.035446,-16.874718,4.316989
-17.091814,4.236468,-17.180416,4.126548
-17.40094,4.0413,-17.486257,3.935248
-18.001002,3.483117,-17.806882,3.725682
-18.178677,3.544938,-18.272417,3.42767
-18.927157,2.984702,-18.91067,3.005472
-19.777207,2.288434,-19.546504,2.581432
-19.249082,2.768172,-19.228898,2.79368
-19.891222,2.333438,-19.863471,2.368733
-20.137152,2.115043,-20.021709,2.262216
-20.952063,1.735445,-21.11228,1.529532
-20.899256,1.708856,-20.942952,1.652785
-21.242553,1.267172,-20.942952,1.652785
-20.785743,1.6651,-20.627955,1.867261
-22.872512,0.379486,-22.972185,0.248772
-22.564548,0.687739,-22.817278,0.357352
-22.650575,0.2914,-22.351327,0.682534
-21.971686,0.98664,-22.051176,0.883363
-20.924776,2.053217,-21.594592,1.191103
-19.745489,3.546772,-21.594592,1.191103
-17.917753,5.263327,-20.665844,1.818746
-18.074077,5.25697,-20.993128,1.588325
-19.583941,3.382105,-20.993128,1.588325
-20.02619,2.823847,-20.993128,1.588325
-21.635992,0.946785,-21.30659,1.373919
-21.779183,0.664431,-21.14995,1.481174
-21.438896,0.723146,-20.535037,1.892508
-21.441948,1.007736,-21.006261,1.571874
-21.244444,1.168684,-20.862844,1.662207
-21.12541,1.419358,-21.033252,1.538554
-21.760218,0.689837,-21.203509,1.414776
-21.797247,0.737672,-21.359718,1.307767
-22.494915,-0.083656,-21.515741,1.200657
-22.634448,-0.171472,-21.671576,1.093445
-23.930237,-1.028127,-23.040616,0.156179
-24.644209,-1.218794,-24.255831,-0.697177
-25.888958,-2.04647,-25.599367,-1.651979
-25.834737,-2.254926,-25.127243,-1.294369
-24.768525,-1.189056,-24.509386,-0.841778
-24.549505,-1.178401,-24.040644,-0.499232
-23.721457,-0.454294,-23.425308,-0.062727
-23.509592,-0.554091,-22.806524,0.372389
-22.217789,0.762668,-22.184443,0.80603
-20.41753,2.975809,-22.039691,0.898846
-19.535107,4.083088,-22.051176,0.883363
-18.227592,5.605816,-21.906978,0.975633
-18.281399,4.999524,-20.980234,1.604639
-18.564612,4.284371,-20.364061,2.015867
-20.322858,1.973438,-20.206361,2.122482
-20.922631,1.393056,-20.508386,1.92564
-21.366067,1.297142,-21.269229,1.422092
-22.70687,0.123617,-22.184443,0.80603
-23.232206,-0.187094,-22.806524,0.372389
-23.047787,-0.037635,-22.640662,0.495917
-22.812389,0.080261,-22.340265,0.697763
-22.711754,0.307235,-22.495887,0.589399
-23.381986,-0.291225,-22.972185,0.248772
-24.420783,-1.102881,-23.897162,-0.404562
-26.521421,-3.19786,-25.117891,-1.280208
-27.163642,-3.705317,-25.722525,-1.719747
-28.137794,-4.590311,-26.464484,-2.257175
-28.310909,-4.44521,-27.052778,-2.686134
-29.384531,-5.591718,-27.637794,-3.116568
-29.773073,-5.864027,-28.079142,-3.449459
-29.479419,-5.63194,-27.785193,-3.227494
-30.269501,-6.390094,-28.365752,-3.659518
-29.05623,-4.351339,-28.8031,-3.993134
-25.962235,-0.465151,-28.219383,-3.548371
-23.234943,2.733717,-27.631041,-3.104131
-21.663255,4.365493,-27.045414,-2.67328
-20.901975,4.626865,-25.890836,-1.85752
-21.390314,3.404849,-24.885354,-1.163664
-25.777343,-3.167711,-23.729274,-0.373449
-26.658578,-4.000984,-24.301326,-0.75893
-27.480062,-4.660927,-25.025888,-1.2578
-28.021329,-5.027572,-25.599367,-1.651979
-29.011356,-5.651939,-26.770866,-2.491274
-30.119119,-6.571351,-27.791995,-3.239962
-31.058002,-7.166192,-28.94829,-4.104391
-30.753169,-6.805285,-28.7974,-3.981438
-30.784357,-6.845765,-28.791846,-3.969844
-30.548659,-6.589344,-28.640616,-3.846877
-30.42071,-6.498379,-28.4945,-3.735432
-30.226408,-6.316097,-28.353828,-3.635748
-29.962493,-6.032813,-28.213234,-3.536355
-28.778105,-5.005648,-27.186836,-2.77137
-27.57862,-3.986391,-26.148754,-2.009814
-26.287802,-2.865716,-25.090981,-1.238463
-26.016748,-2.685354,-24.786558,-1.018688
-25.851357,-2.650994,-24.481191,-0.799209
-24.901821,-1.549822,-24.165679,-0.565957
-22.607311,1.009632,-23.395517,-0.019133
-19.119664,3.952307,-20.885315,1.730505
-17.012705,5.530666,-19.139146,2.90816
-15.340846,6.358739,-17.038425,4.29918
-15.607113,6.038955,-17.025527,4.315846
-16.188065,5.15337,-16.689066,4.542562
-16.986904,4.270796,-16.851023,4.437545
-17.921343,3.397857,-17.336112,4.121821
-18.788628,2.786873,-18.141885,3.593361
-18.535651,3.004963,-18.018031,3.650541
-19.289283,2.33763,-18.537599,3.283947
-19.791551,1.983837,-19.056233,2.916418
-19.697907,2.103069,-19.069861,2.899633
-19.495788,2.550799,-19.38778,2.687612
-20.139146,1.826356,-19.560076,2.564701
-19.968017,2.140767,-19.71854,2.458469
-19.859758,2.183508,-19.560076,2.564701
-20.214708,1.920844,-19.876842,2.352124
-20.59112,1.628989,-20.179782,2.155588
-20.18908,1.953637,-19.85034,2.38521
-21.097855,1.263557,-20.627955,1.867261
-21.158477,1.281312,-20.773473,1.775929
-20.819765,1.623618,-20.592126,1.91463
-20.948798,1.742235,-21.05403,1.607557
-19.282231,3.474377,-20.422476,2.037502
-18.371677,4.602052,-20.422476,2.037502
-18.191374,4.550229,-19.958885,2.343032
-17.957392,4.746026,-19.800156,2.449859
-18.5769,4.075075,-19.97099,2.327117
-19.375798,3.078439,-19.97099,2.327117
-19.613238,2.685524,-19.824786,2.417782
-20.454081,1.900636,-20.299894,2.097346
-20.700427,1.68019,-20.457926,1.990315
-20.700427,1.68019,-20.457926,1.990315
-20.909604,1.696582,-20.919237,1.68424
-22.369885,0.282342,-21.693524,1.160828
-21.706248,1.239594,-21.839404,1.067776
-22.396746,0.438889,-21.995914,0.959516
-22.701916,0.136915,-22.141909,0.865958
-23.157604,-0.27145,-22.454147,0.648822
-23.896906,-1.060107,-22.765585,0.431303
-24.678169,-1.91601,-23.076204,0.213412
-24.779942,-1.863983,-23.395517,-0.019133
-25.649192,-2.861016,-23.723492,-0.266289
-25.935456,-3.06691,-24.050558,-0.513747
-26.16924,-3.195253,-24.356673,-0.732356
-25.904487,-2.636321,-24.661867,-0.951276
-24.61106,-0.694869,-24.966122,-1.170493
-23.320038,0.915196,-24.814113,-1.060848
-22.396689,2.109206,-24.814113,-1.060848
-22.18794,2.285467,-24.661867,-0.951276
-21.678956,2.572657,-24.070997,-0.543157
-21.026448,3.132793,-23.644008,-0.261951
-22.596902,0.740955,-23.065212,0.12422
-22.926986,0.211409,-22.911181,0.23228
-22.454663,0.737553,-22.75694,0.340252
-22.261691,0.896178,-22.615481,0.431743
-22.041738,1.087343,-22.447837,0.555922
-21.962557,1.189465,-22.43497,0.572232
-21.742407,1.379816,-22.267258,0.696224
-21.496025,1.602048,-22.074813,0.852004
-21.392735,1.734342,-22.039691,0.898846
-21.181518,1.912146,-21.850128,1.052731
-21.203087,1.885159,-21.839404,1.067776
-20.60832,2.271089,-21.189884,1.530045
-20.442495,2.390171,-21.011301,1.667828
-20.442495,2.390171,-21.011301,1.667828
-20.298832,2.478789,-20.853301,1.775725
-19.799689,2.828657,-20.378245,2.098781
-19.799689,2.828657,-20.378245,2.098781
-19.355162,3.108283,-19.890842,2.436108
-19.165219,3.253882,-19.720857,2.558518
-18.389129,4.122769,-19.561317,2.665684
-17.731055,4.746533,-19.241757,2.879688
-17.739608,4.553363,-18.921571,3.09325
-16.714642,5.06816,-17.646747,3.92696
-16.774061,5.087872,-17.807995,3.821197
-17.240094,4.7036,-18.141885,3.593361
-17.733514,4.191791,-18.290895,3.503235
-18.282093,3.885731,-18.932721,3.077717
-18.124487,3.988826,-18.761248,3.199865
-18.158397,3.94702,-18.761248,3.199865
-18.303926,3.859819,-18.921571,3.09325
-18.337848,3.817922,-18.921571,3.09325
-18.383721,3.760097,-18.932721,3.077717
-17.655884,4.194642,-18.130071,3.609335
-17.376699,4.351272,-17.819993,3.805083
-17.814035,4.09179,-18.302617,3.48733
-17.959626,4.00506,-18.463205,3.381187
-18.284499,3.789213,-18.783937,3.168564
-18.284499,3.789213,-18.783937,3.168564
-17.848133,4.049762,-18.302617,3.48733
-17.342538,4.393198,-17.819993,3.805083
-17.274378,4.476782,-17.819993,3.805083
-15.741134,5.417182,-16.202436,4.856945
-14.366788,6.238322,-14.722284,5.811783
-13.652072,6.996962,-14.586693,5.880013
-13.318816,7.300164,-14.437623,5.965488
-12.796069,7.825704,-14.288875,6.050602
-12.65394,7.901398,-14.125358,6.153627
-13.069579,7.412417,-14.140457,6.135352
-13.535064,6.767486,-13.992376,6.219737
-14.803593,5.897818,-15.119372,5.5161
-15.773481,5.283847,-16.080374,4.910171
-16.956175,4.493708,-17.199935,4.194083
-16.444248,4.933925,-16.863792,4.420902
-16.116911,5.146486,-16.539938,4.630675
-15.741134,5.417182,-16.202436,4.856945
-14.837975,5.949819,-15.239622,5.465311
-14.080793,6.393672,-14.437623,5.965488
-13.14039,6.958007,-13.470272,6.564687
-13.74765,6.606234,-14.140457,6.135352
-14.308613,6.21397,-14.645431,5.808107
-15.015388,5.736186,-15.311672,5.376838
-13.9578,6.262234,-14.023984,6.182578
-14.493545,5.993289,-14.69201,5.753214
-14.656721,5.891176,-14.870643,5.631853
-14.74374,5.784779,-14.854714,5.650273
-16.109945,5.061574,-16.446501,4.649593
-15.592545,5.503759,-16.108455,4.87546
-14.972109,6.161088,-15.96085,4.961958
-14.242503,7.034063,-15.96085,4.961958
-13.275099,8.088447,-15.813564,5.048089
-12.849536,8.406144,-15.489169,5.25538
-13.34464,7.644541,-15.1798,5.444049
-14.792009,5.726303,-14.854714,5.650273
-15.959944,4.394189,-14.986408,5.583596
-15.948383,4.59926,-15.296788,5.394721
-15.959591,4.681445,-15.430498,5.326416
-16.467537,4.247099,-15.75567,5.118518
-16.433695,4.383337,-15.918081,5.014401
-16.596464,4.371396,-16.256374,4.788598
-16.287467,4.84437,-16.418329,4.684216
-16.433651,4.759254,-16.580161,4.57972
-16.593748,4.656823,-16.755643,4.457994
-17.094611,4.416469,-17.387412,4.055518
-16.635267,4.606261,-16.728326,4.492121
-16.837447,4.452455,-16.876784,4.404163
-17.05306,4.281179,-17.038425,4.29918
-18.381668,3.198679,-18.005469,3.666891
-19.103786,2.765485,-18.807475,3.136853
-19.864536,2.086846,-19.298703,2.801653
-20.813723,1.346711,-20.117448,2.236095
-21.859371,0.373699,-20.761629,1.791655
-19.156901,3.633061,-20.470193,1.974339
-18.426102,4.725315,-20.797839,1.744097
-18.621718,4.209493,-20.337686,2.04885
-17.580783,4.847716,-19.228898,2.79368
-17.396314,4.798269,-18.7654,3.094158
-17.944361,3.743782,-18.126959,3.515643
-19.016925,2.871179,-18.896944,3.022319
-18.894295,2.930714,-18.723923,3.144887
-18.764118,3.094545,-18.697478,3.178086
-18.736051,3.223993,-18.857209,3.072112
-19.409462,2.660186,-19.335489,2.753504
-19.415493,2.746903,-19.494605,2.647075
-19.627913,2.572965,-19.653562,2.540534
-19.778264,2.571236,-19.97099,2.327117
-19.668754,2.615565,-19.812357,2.433881
-19.613238,2.685524,-19.824786,2.417782
-19.694217,2.583112,-19.837446,2.401559
-19.947034,2.451407,-20.154155,2.188169
-19.448538,2.799339,-19.678845,2.508087
-19.291594,2.902893,-19.507227,2.630851
-19.210609,3.004818,-19.494605,2.647075
-19.100505,3.049167,-19.335489,2.753504
-18.756992,3.291889,-19.029701,2.94961
-18.886769,3.034843,-18.870217,3.055636
-18.814815,3.500885,-19.507227,2.630851
-17.419846,4.670337,-18.550798,3.267343
-16.411583,5.717963,-18.244423,3.461739
-15.241265,6.578289,-17.281616,4.092297
-15.605776,5.862789,-16.798412,4.405994
-16.825908,4.372698,-16.813161,4.388434
-17.866034,3.077563,-16.828163,4.370756
-17.75802,3.309155,-16.989164,4.266441
-17.452738,3.691318,-17.004323,4.248708
-17.577096,3.632483,-17.180416,4.126548
-18.43783,3.128542,-18.171897,3.463007
-18.075466,3.58567,-18.187399,3.445193
-18.770211,3.182959,-18.924643,2.988496
-18.859286,3.163683,-19.029701,2.94961
-18.334605,3.632479,-18.647367,3.243088
-18.445459,3.588071,-18.807475,3.136853
-18.266272,3.717285,-18.647367,3.243088
-18.266272,3.717285,-18.647367,3.243088
-17.87346,4.017154,-18.326708,3.455217
-16.930661,4.618186,-17.361313,4.088873
-16.018349,5.172896,-16.391096,4.718431
-15.837385,5.299636,-16.22895,4.822961
-15.539627,5.567685,-16.053219,4.944494
-14.36119,6.243832,-14.75009,5.776497
-13.887963,6.624171,-14.452288,5.947471
-13.320995,7.114478,-14.140457,6.135352
-12.557141,7.834243,-13.828857,6.322376
-12.243923,8.110635,-13.665239,6.42491
-12.260082,7.909223,-13.3538,6.610777
-12.787453,7.192736,-13.189995,6.712908
-13.144165,6.861332,-13.3538,6.610777
-13.24121,6.83844,-13.501523,6.527339
-13.770525,6.298574,-13.665239,6.42491
-14.309819,6.025256,-14.303874,6.032414
-14.823073,5.874289,-15.104869,5.533871
-15.342668,5.6196,-15.75567,5.118518
-15.229961,5.662735,-15.593142,5.222523
-14.935828,5.831532,-15.267739,5.430199
-14.685724,6.039668,-15.104869,5.533871
-15.675591,5.309331,-15.9321,4.99702
-17.003593,4.247072,-16.903448,4.370384
-18.342571,3.055322,-17.722596,3.82833
-18.822299,2.641801,-18.057087,3.600836
-19.134618,2.34107,-18.244423,3.461739
-19.078471,2.60315,-18.577915,3.233774
-18.081526,3.286096,-17.589081,3.899689
-18.925497,2.892366,-18.684608,3.194507
-18.669426,3.213992,-18.671969,3.210813
-18.576698,3.424136,-18.819571,3.120837
-18.429773,3.700692,-18.967432,3.030506
-18.385932,3.847927,-19.127236,2.924046
-16.453413,5.01609,-17.092308,4.231485
-17.163602,4.522566,-17.792216,3.743093
-16.509365,4.865047,-17.051367,4.194758
-15.168825,5.742098,-15.69773,5.097644
-13.854896,6.664556,-14.482323,5.911177
-12.438819,7.604172,-13.081563,6.844198
-11.510209,8.142137,-12.123442,7.420695
-10.757279,8.377489,-10.983354,8.112582
-10.509377,8.109385,-10.006815,8.698226
-10.694197,7.985575,-10.172593,8.597444
-13.843529,5.833455,-12.993742,6.853001
-14.653126,5.041409,-13.321862,6.64847
-14.018159,5.907041,-13.470272,6.564687
-12.392172,7.101744,-12.139337,7.401397
-12.907372,6.956616,-12.94698,6.909544
-12.298312,7.492337,-12.617846,7.114278
-11.744776,7.959508,-12.272772,7.337778
-11.36227,8.224147,-11.927103,7.561311
-10.914542,8.471561,-11.430929,7.867378
-10.282551,8.840182,-10.768104,8.27439
-9.833486,9.086222,-10.270064,8.578904
-8.490719,9.993934,-9.158488,9.222703
-7.129833,10.823483,-7.883925,9.95732
-5.824135,11.675201,-6.780033,10.582611
-5.326233,12.330345,-6.968117,10.459853
-5.185505,12.670242,-7.322247,10.238601
-7.237045,10.43177,-7.509931,10.116437
-8.392747,9.464148,-8.152043,9.744084
-9.628293,8.488569,-8.98021,9.248095
-9.475614,9.042577,-9.621859,8.871655
-10.269276,8.57983,-10.428699,8.392734
-11.108848,8.152726,-11.399816,7.809681
-11.935995,7.642563,-12.205234,7.323576
-12.722698,7.26965,-13.189995,6.712908
-14.045862,6.344006,-14.350314,5.977315
-14.962573,5.800784,-15.326801,5.358853
-15.227583,5.574295,-15.504449,5.237366
-15.59584,5.221102,-15.68204,5.115804
-15.861275,4.992074,-15.859575,4.994157
-16.567873,4.501653,-16.490587,4.596842
-17.239302,4.05013,-17.120677,4.19698
-19.373588,2.325412,-18.710582,3.161547
-19.958009,1.870278,-19.163633,2.87605
-19.935687,1.99647,-19.298703,2.801653
-21.10506,0.976986,-20.082747,2.282946
-18.937875,3.810464,-20.241427,2.175711
-18.321928,4.388118,-19.935343,2.374508
-18.476108,4.106329,-19.78818,2.465718
-17.924948,4.41847,-19.176217,2.85982
-18.439953,3.875413,-19.361161,2.720808
-19.061957,3.098815,-19.38778,2.687612
-18.659765,3.131016,-18.577915,3.233774
-17.897587,3.51613,-17.617361,3.86535
-19.496082,2.36018,-19.042848,2.933076
-19.766959,2.01633,-19.029701,2.94961
-20.658554,1.352964,-19.824786,2.417782
-20.862819,1.091039,-19.812357,2.433881
-20.636109,1.384238,-19.800156,2.449859
-21.375447,0.718968,-20.264154,2.14472
-21.254265,1.068096,-20.569346,1.945603
-20.639619,1.574476,-20.082747,2.282946
-20.351022,2.038031,-20.230383,2.191037
-20.765904,1.699628,-20.536771,1.991203
-20.528921,1.905831,-20.388987,2.083629
-20.298152,2.197541,-20.399938,2.068367
-20.578938,1.934624,-20.558278,1.960915
-20.166111,2.270076,-20.252683,2.160273
-19.844695,2.489107,-19.935343,2.374508
-19.810361,2.532467,-19.935343,2.374508
-19.17073,3.335399,-19.947004,2.358828
-17.430594,5.571067,-20.117448,2.236095
-15.37832,8.112721,-20.287756,2.113258
-16.599102,6.226916,-19.546504,2.581432
-16.909531,5.86045,-19.58796,2.530841
-20.218068,1.534313,-19.315304,2.690543
-21.615825,0.103321,-20.008476,2.196403
-21.226971,0.619731,-20.057088,2.141834
-21.412918,0.675963,-20.577124,1.768828
-21.053676,1.139684,-20.527087,1.824287
-21.366178,1.112865,-21.105089,1.452722
-21.728507,0.827537,-21.359718,1.307767
-23.237746,-0.585239,-22.267258,0.696224
-24.033631,-1.55313,-22.397766,0.620318
-23.545734,-0.89515,-22.374103,0.651691
-24.033399,-1.450037,-22.518021,0.558941
-24.207426,-1.587384,-22.673235,0.45061
-24.372123,-1.710348,-22.817278,0.357352
-24.865798,-2.279699,-22.961535,0.263745
-24.55656,-1.854589,-22.940859,0.293317
-24.722355,-1.978959,-23.085935,0.198993
-24.574648,-2.179304,-22.506846,0.574234
-23.481654,-1.200774,-21.775391,1.051542
-22.273888,0.014484,-21.189754,1.431587
-20.425397,2.414416,-21.189754,1.431587
-19.902217,3.079647,-21.189754,1.431587
-17.714551,5.798409,-21.189754,1.431587
-17.135519,6.230929,-20.719706,1.752173
-17.162039,6.017172,-20.405453,1.965366
-21.850061,0.281634,-20.705874,1.769025
-23.181777,-1.291422,-21.019634,1.555284
-22.553918,-0.45309,-21.019634,1.555284
-22.90119,-0.81654,-21.162977,1.464784
-22.716581,-0.439735,-21.149163,1.58917
-31.887773,-6.730782,-31.34891,-5.938003
-36.395725,-10.491075,-35.915797,-9.723567
-34.986514,-9.098139,-34.748067,-8.727044
-34.209925,-8.736408,-33.550088,-7.725681
-32.892292,-7.66744,-32.184757,-6.609117
-32.580604,-7.959953,-31.067606,-5.714202
-31.453086,-7.134787,-29.78565,-4.707087
-30.42071,-6.498379,-28.4945,-3.735432
-29.260377,-5.601968,-27.335181,-2.882247
-28.026922,-4.725042,-26.014846,-1.92629
-27.185224,-4.427316,-24.681431,-0.980141
-26.807693,-4.092492,-24.376676,-0.761496
-26.495779,-3.848909,-24.060675,-0.528388
-26.115515,-3.515534,-23.753874,-0.310234
-22.48868,1.254372,-23.600141,-0.201281
-20.764225,3.364962,-23.44619,-0.092412
-19.612793,4.710576,-23.292022,0.01637
-19.214682,4.850993,-22.707757,0.404133
-20.45596,2.937836,-22.124833,0.787658
-23.030338,-0.796102,-21.529522,1.183824
-24.249221,-1.752348,-22.602491,0.448133
-25.156161,-2.399632,-23.502115,-0.168919
-25.593681,-2.315523,-24.549766,-0.900299
-25.280945,-2.175892,-24.081526,-0.558056
-25.183012,-2.330903,-23.610789,-0.21625
-24.503033,-1.69351,-23.126883,0.140101
-24.661968,-1.712804,-23.425308,-0.062727
-24.755239,-1.740045,-23.569443,-0.157138
-24.942686,-1.795869,-23.858276,-0.346975
-24.769858,-1.658454,-23.704241,-0.237609
-24.212239,-1.101426,-23.395517,-0.019133
-23.759958,-0.594728,-23.240832,0.089975
-23.416453,-0.140906,-23.240832,0.089975
-23.140345,0.127673,-23.085935,0.198993
-23.03406,0.172785,-22.930828,0.30792
-23.801391,-0.365928,-23.704241,-0.237609
-24.538988,-0.876299,-24.481191,-0.799209
-25.304237,-1.433242,-25.251507,-1.362182
-23.699111,0.512874,-24.947776,-1.142403
-22.288468,2.155427,-24.64309,-0.922911
-22.379065,1.856642,-24.328159,-0.689585
-21.742751,2.304776,-23.723492,-0.266289
-22.147027,1.510079,-23.270929,0.046186
-22.563118,0.595276,-22.662164,0.465839
-22.756634,0.247323,-22.506846,0.574234
-22.926889,-0.071688,-22.351327,0.682534
-22.846307,-0.059638,-22.184443,0.80603
-23.449898,-0.476517,-22.817278,0.357352
-24.430786,-1.30931,-23.600141,-0.201281
-24.545915,-1.083215,-24.223951,-0.652287
-25.486933,-1.594168,-25.44867,-1.542277
-26.782971,-2.515855,-26.804386,-2.545417
-28.223658,-3.771414,-27.99845,-3.45406
-28.674221,-4.217171,-28.28189,-3.661468
-29.288885,-4.902382,-28.564835,-3.869447
-29.5813,-5.132307,-28.854199,-4.090545
-30.368387,-6.086715,-29.142362,-4.311722
-30.850068,-6.507052,-29.572315,-4.643601
-31.136139,-6.738208,-29.857399,-4.864906
-31.465339,-7.225861,-29.851343,-4.852967
-32.022643,-7.959821,-29.982126,-4.940346
-32.083984,-8.041813,-29.97129,-4.917388
-28.665989,-3.25403,-29.691183,-4.706776
-26.838188,-0.833256,-29.553843,-4.607567
-26.048727,0.046528,-29.266768,-4.385768
-26.058586,-0.236114,-28.847261,-4.077981
-26.184672,-0.677742,-28.419708,-3.758932
-29.624492,-5.782841,-27.99845,-3.45406
-30.304041,-6.680522,-28.136301,-3.551092
-30.146417,-6.344817,-28.274286,-3.648444
-30.239499,-6.384001,-28.419708,-3.758932
-29.822526,-5.768274,-28.412397,-3.746111
-29.953247,-5.955114,-28.405251,-3.733405
-29.641497,-5.49699,-28.398269,-3.720814
-29.079673,-4.691286,-28.405251,-3.733405
-29.282417,-4.889787,-28.557648,-3.856711
-29.321853,-4.949832,-28.564835,-3.869447
-29.806243,-5.454621,-28.847261,-4.077981
-29.860692,-5.33798,-29.129144,-4.287058
-30.178435,-5.604293,-29.41046,-4.496661
-31.182015,-6.695974,-29.982126,-4.940346
-31.392197,-6.714807,-30.402441,-5.261915
-31.991643,-7.226739,-30.965666,-5.706036
-32.200045,-7.062035,-31.662268,-6.260986
-33.043842,-7.963898,-32.216969,-6.71465
-33.655035,-8.430946,-32.900542,-7.2777
-32.894454,-6.715975,-33.707132,-7.94904
-32.297599,-5.383572,-34.370452,-8.516392
-32.371527,-4.965319,-35.150803,-9.189463
-32.245672,-5.052486,-34.768046,-8.879332
-32.532758,-5.838831,-34.251216,-8.451991
-34.176521,-8.628997,-33.864518,-8.143669
-34.461283,-9.262271,-33.597812,-7.915412
-33.884211,-8.633974,-33.192403,-7.566927
-34.045877,-9.073937,-32.920932,-7.337242
-33.486701,-8.384553,-32.643778,-7.096786
-33.335495,-8.337845,-32.368504,-6.866012
-32.930834,-7.903104,-32.091436,-6.634795
-32.953151,-7.740798,-32.360901,-6.845522
-33.194775,-7.914008,-32.629613,-7.056625
-33.162447,-7.675184,-32.900542,-7.2777
-33.131959,-7.628762,-32.900542,-7.2777
-32.857137,-7.305971,-32.765254,-7.16718
-32.978923,-7.490481,-32.765254,-7.16718
-33.711441,-7.85111,-33.835474,-8.041291
-34.815501,-8.905706,-34.755588,-8.812025
-35.781688,-9.684063,-35.784807,-9.689033
-36.06981,-10.051437,-35.911759,-9.798329
-35.983488,-9.913034,-35.911759,-9.798329
-35.927261,-9.730027,-36.038331,-9.907547
-35.470614,-8.733144,-36.415753,-10.234713
-35.45669,-8.440751,-36.789721,-10.561112
-35.784473,-8.684094,-37.160218,-10.886703
-35.019009,-7.952907,-36.539843,-10.356904
-34.50709,-7.715022,-35.786203,-9.718561
-34.487089,-8.151216,-35.150803,-9.189463
-34.808234,-8.569621,-35.2815,-9.314843
-35.102211,-8.856872,-35.538445,-9.548385
-35.191937,-8.911327,-35.666084,-9.664803
-34.961342,-8.635517,-35.538445,-9.548385
-34.930001,-8.575347,-35.535986,-9.53217
-34.894281,-8.600393,-35.406574,-9.407395
-34.540244,-8.325977,-35.022356,-9.080391
-34.126035,-7.962584,-34.634783,-8.752769
-33.734643,-7.634168,-34.241648,-8.415604
-33.434778,-7.3619,-33.978945,-8.196295
-33.284232,-7.225782,-33.847046,-8.086557
-33.007831,-6.988135,-33.579369,-7.857493
-33.002482,-7.072849,-33.446253,-7.747497
-32.727436,-6.844166,-33.178943,-7.527366
-32.871684,-7.154961,-33.044752,-7.417236
-33.063653,-7.653729,-32.79039,-7.237702
-32.527515,-7.134992,-32.399088,-6.940739
-32.485951,-7.276758,-32.149612,-6.767296
-31.932767,-6.247222,-32.409001,-6.962985
-31.206352,-4.985419,-32.673315,-7.170688
-31.128274,-4.684071,-32.93275,-7.368256
-31.134154,-4.969335,-32.534076,-7.050307
-31.23305,-5.391381,-32.128072,-6.721501
-31.714197,-6.385295,-31.718967,-6.392417
-32.224761,-7.344671,-31.444528,-6.172898
-32.009701,-7.211577,-31.168743,-5.953295
-31.729991,-6.982353,-30.891625,-5.733622
-31.567879,-6.831531,-30.746107,-5.611521
-31.496084,-6.812888,-30.593833,-5.477197
-31.430155,-6.806809,-30.447421,-5.354909
-31.017591,-6.100701,-30.593833,-5.477197
-30.929003,-5.973033,-30.600132,-5.489318
-31.186927,-6.262777,-30.746107,-5.611521
-30.967395,-5.937545,-30.746107,-5.611521
-30.872411,-5.892558,-30.606583,-5.50155
-30.841095,-5.84636,-30.606583,-5.50155
-30.830519,-5.729652,-30.733635,-5.58737
-31.358318,-6.316148,-31.006515,-5.795974
-31.255302,-6.061233,-31.134686,-5.883311
-30.788897,-5.470077,-30.995467,-5.772873
-30.875787,-5.593782,-30.990155,-5.76148
-30.779472,-5.546994,-30.850473,-5.650932
-29.464775,-3.838459,-30.570126,-5.429811
-28.852213,-3.065366,-30.429464,-5.319241
-28.406736,-2.625707,-30.147174,-5.098096
-28.406705,-2.717373,-30.005549,-4.987523
-28.541288,-3.08995,-29.721349,-4.766389
-29.205866,-4.119726,-29.572315,-4.643601
-29.495133,-4.438706,-29.715013,-4.75425
-29.649995,-4.563585,-29.851343,-4.852967
-29.867534,-4.778797,-29.98776,-4.951981
-29.904751,-4.835665,-29.993541,-4.963721
-29.907317,-4.936924,-29.857399,-4.864906
-29.718773,-4.665353,-29.857399,-4.864906
-30.065547,-5.16578,-29.857399,-4.864906
-30.099354,-5.120073,-29.99947,-4.975568
-29.910765,-4.847526,-29.99947,-4.975568
-30.353067,-5.488707,-29.99947,-4.975568
-30.125122,-5.153994,-29.993541,-4.963721
-30.342021,-5.465231,-29.98776,-4.951981
-29.998956,-4.971539,-29.993541,-4.963721
-30.165096,-5.120812,-30.141224,-5.086234
-30.139674,-5.087227,-30.147174,-5.098096
-30.588838,-5.265468,-30.845172,-5.639545
-31.368213,-5.929575,-31.532005,-6.171141
-32.236645,-6.744046,-32.216969,-6.71465
-30.296823,-4.376381,-31.536392,-6.181843
-28.675291,-2.63501,-30.710463,-5.540375
-27.332132,-1.235766,-30.01816,-5.011763
-26.401549,-0.242372,-29.613467,-4.718693
-26.36504,-0.55347,-29.058858,-4.305147
-29.199426,-4.798194,-28.646088,-4.00343
-31.397772,-6.758376,-30.447421,-5.354909
-32.829726,-7.738314,-32.083561,-6.614088
-34.484428,-9.001474,-33.823562,-7.981239
-34.426404,-8.931257,-33.828074,-8.006518
-34.671338,-9.239592,-33.966143,-8.142856
-35.011086,-9.790428,-33.969998,-8.160348
-35.236081,-9.765217,-34.496014,-8.600467
-35.940981,-10.507259,-35.015146,-9.031692
-36.399478,-10.86169,-35.529377,-9.462778
-35.958786,-10.242539,-35.401164,-9.353147
-36.344966,-10.868575,-35.401164,-9.353147
-35.991643,-10.390559,-35.272574,-9.243444
-35.578931,-9.816007,-35.142939,-9.125987
-35.523503,-9.902566,-34.882076,-8.890444
-35.436278,-9.851233,-34.750856,-8.772367
-34.800328,-9.614085,-33.694673,-7.895788
-33.758212,-8.861025,-32.483857,-6.916553
-32.268655,-7.355962,-31.384631,-6.039047
-30.587468,-5.43652,-30.543735,-5.372951
-28.040589,-2.383958,-29.691183,-4.706776
-26.495741,-0.822889,-28.833866,-4.053193
-25.471631,-0.086475,-27.813381,-3.278038
-25.534313,-0.811497,-26.770866,-2.491274
-26.790544,-3.185375,-25.722525,-1.719747
-27.941664,-4.412962,-26.323137,-2.160285
-28.337435,-4.683982,-26.770866,-2.491274
-28.931473,-5.145765,-27.364078,-2.93328
-29.951648,-5.557842,-28.972129,-4.15189
-31.514431,-6.704955,-30.684705,-5.483984
-33.043842,-7.963898,-32.216969,-6.71465
-34.257808,-8.979465,-33.435661,-7.710183
-35.447339,-10.095884,-34.494541,-8.592105
-36.751196,-11.350914,-35.657475,-9.579659
-36.129034,-10.909508,-34.885554,-8.921891
-35.53871,-10.630896,-33.96802,-8.151562
-34.999514,-10.356434,-33.170057,-7.498625
-35.811425,-10.976597,-34.100201,-8.261781
-36.190081,-11.009335,-34.885554,-8.921891
-37.013182,-11.688622,-35.784807,-9.689033
-37.496704,-12.207226,-36.164521,-10.016685
-37.819975,-12.364934,-36.66545,-10.4524
-38.497693,-13.233375,-37.037106,-10.778265
-35.663785,-9.04298,-36.415362,-10.241445
-33.971142,-6.976959,-35.658254,-9.594508
-32.175396,-4.753954,-35.017178,-9.04763
-30.683618,-3.140399,-34.239518,-8.406713
-31.275453,-4.433346,-33.582161,-7.866928
-33.972439,-9.055563,-32.786437,-7.22735
-35.700296,-10.922609,-33.976551,-8.187185
-36.570568,-11.456335,-35.146145,-9.157148
-37.577655,-12.246435,-36.290328,-10.125741
-37.56344,-12.028733,-36.540793,-10.343599
-37.923064,-12.346264,-36.913606,-10.669734
-37.940851,-12.18437,-37.160218,-10.886703
-37.328339,-11.523605,-36.666937,-10.439556
-36.473818,-10.485184,-36.165879,-9.989501
-36.249405,-10.483791,-35.657111,-9.536693
-35.635336,-9.688769,-35.399875,-9.316452
-35.254262,-9.280591,-35.141451,-9.103343
-35.047533,-9.142664,-34.881428,-8.882756
-34.604279,-8.644149,-34.620795,-8.669809
-34.06873,-8.102257,-34.227427,-8.346681
-33.917571,-8.062326,-33.964367,-8.134227
-33.861167,-7.882755,-34.096797,-8.244654
-33.861167,-7.882755,-34.096797,-8.244654
-33.835716,-7.751157,-34.22886,-8.355027
-33.125142,-6.945884,-33.829774,-8.015095
-32.396893,-6.039038,-33.560909,-7.78501
-31.763482,-5.373303,-33.153162,-7.434499
-31.399743,-5.116722,-32.745787,-7.100969
-31.015705,-4.92523,-32.197702,-6.655821
-31.051268,-5.247063,-31.77985,-6.311917
-31.191731,-5.54778,-31.644095,-6.210286
-31.195536,-5.557819,-31.647487,-6.220247
-31.0153,-5.39671,-31.515738,-6.129284
-30.569953,-5.029507,-31.09704,-5.795748
-30.280199,-4.894282,-30.679967,-5.473008
-29.799006,-4.483193,-30.255722,-5.139631
-29.151864,-4.031586,-29.547987,-4.59577
-28.688444,-3.750715,-28.972129,-4.15189
-28.289373,-3.661936,-28.252481,-3.610073
-28.311807,-3.593459,-28.384789,-3.695967
-28.787011,-4.162249,-28.517906,-3.782657
-28.455982,-3.595262,-28.651799,-3.870124
-28.169762,-3.291927,-28.511829,-3.770695
-28.176197,-3.303979,-28.517906,-3.782657
-27.922809,-3.047227,-28.378287,-3.68371
-27.48937,-2.726335,-27.938998,-3.350848
-27.244982,-2.573316,-27.637794,-3.116568
-26.80766,-2.253012,-27.193922,-2.784036
-24.839924,-0.344795,-26.006531,-1.912802
-23.650841,0.575185,-24.966122,-1.170493
-22.542346,1.277816,-23.753874,-0.310234
-21.836675,1.817087,-23.13764,0.125065
-21.491184,1.981309,-22.662164,0.465839
-21.535737,1.55075,-22.028425,0.9142
-22.199784,0.693778,-22.006539,0.944533
-21.934625,0.946099,-21.828889,1.082703
-21.020902,1.655573,-21.011301,1.667828
-20.637735,2.049872,-20.853301,1.775725
-19.707391,2.665566,-19.901653,2.42087
-19.426194,2.925337,-19.742457,2.528015
-19.825582,2.700402,-20.252683,2.160273
-18.95162,3.235976,-19.323001,2.76967
-18.167289,3.746505,-18.564236,3.25062
-16.413395,4.880312,-16.813161,4.388434
-16.132088,5.130811,-16.651936,4.492697
-17.823826,3.706919,-17.836983,3.690475
-19.432137,1.864748,-18.171897,3.463007
-20.261922,1.087683,-18.65004,3.147619
-21.155168,0.118188,-18.983054,2.919263
-21.99281,-0.593975,-19.631677,2.479019
-22.004906,-0.610577,-19.646766,2.461461
-21.59891,-0.369404,-19.187961,2.760518
-18.239886,3.769904,-18.887233,2.952975
-16.320869,6.053315,-18.74521,3.039692
-14.520771,8.041023,-18.444889,3.230746
-13.433073,8.071919,-16.266933,4.625002
-14.750098,6.884122,-16.965666,4.15307
-17.403195,3.12033,-16.208902,4.625914
-18.541717,2.050521,-16.80619,4.256123
-19.132354,1.676068,-17.385542,3.902485
-20.326903,0.512988,-17.968097,3.544187
-20.580259,0.378171,-18.252096,3.372541
-20.255262,0.901304,-18.394622,3.286145
-20.265284,1.084151,-18.696414,3.094301
-20.96669,0.365456,-18.983054,2.919263
-21.704198,-0.506542,-19.126853,2.83118
-20.684433,0.244294,-18.14168,3.498229
-21.343879,0.265225,-19.573894,2.547839
-20.422261,1.462676,-19.560076,2.564701
-19.985991,2.022273,-19.546504,2.581432
-19.864493,2.272767,-19.71854,2.458469
-19.952333,2.256511,-19.890457,2.335383
-19.509566,2.630429,-19.58796,2.530841
-19.509258,2.723311,-19.705068,2.475138
-19.333707,2.943947,-19.666087,2.524372
-19.515993,2.902645,-19.947004,2.358828
-19.408974,3.037483,-19.935343,2.374508
-17.437238,4.368623,-18.005469,3.666891
-16.204389,5.22568,-16.863792,4.420902
-8.522575,9.774476,-8.807354,9.445561
-6.92593,10.873826,-7.471831,10.249025
-7.211682,10.820571,-7.973236,9.948023
-10.377554,9.094801,-11.462958,7.828033
-9.962385,9.30168,-10.966668,8.132678
-9.696493,9.426488,-10.635377,8.335392
-9.182874,9.654013,-9.989191,8.719112
-8.819326,9.798804,-9.509005,9.000164
-8.239495,10.100084,-8.862899,9.380009
-8.239495,10.100084,-8.862899,9.380009
-8.389326,10.0194,-9.029094,9.279808
-8.436832,9.96446,-9.010492,9.301538
-7.610171,10.364869,-8.050427,9.857579
-7.555886,10.337657,-7.944576,9.888865
-8.779334,9.662678,-9.232847,9.136273
-9.2811,9.265944,-9.564356,8.936102
-9.613724,9.064515,-9.895567,8.735655
-9.825477,9.002657,-10.20828,8.555806
-10.157805,8.800564,-10.539117,8.354521
-10.322788,8.70019,-10.686813,8.274241
-10.655046,8.497159,-11.017402,8.072249
-10.712047,8.616048,-11.364804,7.84991
-10.765811,8.645546,-11.529694,7.748734
-10.734613,8.867088,-11.87627,7.526354
-10.636046,8.799341,-11.564482,7.70872
-10.539788,8.72836,-11.253059,7.890231
-10.324807,8.795746,-10.94202,8.070887
-10.780742,8.354462,-11.1067,7.970409
-11.282225,7.950788,-11.435826,7.76918
-11.986221,7.209746,-11.60027,7.668426
-13.390605,6.094476,-12.567825,7.081464
-15.222335,4.340702,-13.370137,6.591804
-16.428258,3.428901,-14.334589,5.995773
-16.25434,3.743283,-14.482323,5.911177
-16.268372,3.919657,-14.793495,5.722953
-16.363924,3.898727,-14.941887,5.637434
-17.550431,3.187634,-16.270436,4.771266
-17.357378,3.331127,-16.137495,4.840337
-19.077941,1.840632,-17.226222,4.160588
-19.814083,1.095732,-17.535399,3.966993
-19.857892,1.235999,-17.844637,3.772557
-20.066548,1.161605,-18.16616,3.561111
-20.170967,1.124048,-18.326708,3.455217
-20.360966,0.973754,-18.499393,3.33306
-20.287543,1.162484,-18.671969,3.210813
-18.364167,3.312402,-18.204245,3.511937
-17.085882,4.707731,-17.896631,3.706234
-16.25041,5.450449,-17.42831,4.004673
-16.059484,5.591105,-17.281616,4.092297
-16.861088,4.423119,-16.959609,4.301546
-16.89776,4.283936,-16.813161,4.388434
-16.948624,4.220528,-16.798412,4.405994
-17.16378,4.048983,-16.959609,4.301546
-17.010154,4.238746,-16.945205,4.318922
-17.211255,4.084513,-17.092308,4.231485
-17.563034,3.648186,-17.092308,4.231485
-17.980684,3.222995,-17.239713,4.143683
-17.39148,3.95583,-17.253439,4.126667
-17.601952,3.694611,-17.253439,4.126667