module, rotation, UDI-f, UDI-a, UDI-e 
module_0,0.0,9.7,58.08,32.22
module_0,0.0,9.62,40.49,49.89
module_0,0.0,9.62,35.97,54.41
module_0,0.0,9.62,34.79,55.59
module_0,0.0,9.62,35.12,55.26
module_0,0.0,9.62,36.22,54.16
module_0,0.0,9.62,38.79,51.59
module_0,0.0,9.64,46.19,44.16
module_0,0.0,11.37,88.63,0.0
module_0,0.0,10.11,84.08,5.81
module_0,0.0,9.73,61.48,28.79
module_0,0.0,9.7,50.6,39.7
module_0,0.0,9.7,48.25,42.05
module_0,0.0,9.78,52.66,37.56
module_0,0.0,9.89,68.0,22.11
module_0,0.0,11.67,88.33,0.0
module_0,0.0,10.68,85.51,3.81
module_0,0.0,10.19,78.41,11.4
module_0,0.0,10.11,71.34,18.55
module_0,0.0,10.03,66.79,23.18
module_0,0.0,9.95,65.26,24.79
module_0,0.0,9.78,66.38,23.84
module_0,0.0,12.19,87.81,0.0
module_0,0.0,11.42,86.85,1.73
module_0,0.0,10.79,83.48,5.73
module_0,0.0,10.49,81.01,8.49
module_0,0.0,10.14,78.6,11.26
module_0,0.0,10.0,76.36,13.64
module_0,0.0,9.78,69.67,20.55
module_0,0.0,12.9,87.1,0.0
module_0,0.0,12.16,87.32,0.52
module_0,0.0,11.37,86.11,2.52
module_0,0.0,10.71,84.99,4.3
module_0,0.0,10.36,84.49,5.15
module_0,0.0,10.08,84.03,5.89
module_0,0.0,9.78,75.75,14.47
module_0,0.0,13.92,86.08,0.0
module_0,0.0,12.99,87.01,0.0
module_0,0.0,11.89,87.37,0.74
module_0,0.0,11.15,87.73,1.12
module_0,0.0,10.58,87.37,2.05
module_0,0.0,10.11,87.7,2.19
module_0,0.0,9.78,84.36,5.86
module_0,0.0,61.45,38.55,0.0
module_0,0.0,54.44,45.56,0.0
module_0,0.0,47.64,52.36,0.0
module_0,0.0,41.07,58.93,0.0
module_0,0.0,32.63,67.37,0.0
module_0,0.0,27.12,72.88,0.0
module_0,0.0,21.84,78.16,0.0
module_0,0.0,17.23,82.77,0.0
module_0,0.0,14.9,85.1,0.0
module_0,0.0,13.59,86.41,0.0
module_0,0.0,12.58,87.42,0.0
module_0,0.0,11.56,88.38,0.05
module_0,0.0,10.77,89.07,0.16
module_0,0.0,10.3,89.34,0.36
module_0,0.0,9.97,88.82,1.21
module_0,0.0,13.75,86.25,0.0
module_0,0.0,12.08,87.92,0.0
module_0,0.0,12.16,87.84,0.0
module_0,0.0,12.77,87.23,0.0
module_0,0.0,14.41,85.59,0.0
module_0,0.0,12.47,87.53,0.0
module_0,0.0,13.21,86.79,0.0
module_0,0.0,76.08,23.92,0.0
module_0,0.0,69.29,30.71,0.0
module_0,0.0,58.74,41.26,0.0
module_0,0.0,70.08,29.92,0.0
module_0,0.0,51.53,48.47,0.0
module_0,0.0,43.86,56.14,0.0
module_0,0.0,28.99,71.01,0.0
module_0,0.0,21.75,78.25,0.0
module_0,0.0,36.63,63.37,0.0
module_0,0.0,15.07,84.93,0.0
module_0,0.0,9.7,67.21,23.1
module_0,0.0,9.62,39.86,50.52
module_0,0.0,9.62,36.03,54.36
module_0,0.0,9.62,36.08,54.3
module_0,0.0,9.7,52.11,38.19
module_0,0.0,10.0,89.04,0.96
module_0,0.0,10.14,76.88,12.99
module_0,0.0,9.7,55.48,34.82
module_0,0.0,9.7,56.11,34.19
module_0,0.0,9.73,64.0,26.27
module_0,0.0,9.7,49.92,40.38
module_0,0.0,9.7,54.55,35.75
module_0,0.0,9.7,50.44,39.86
module_0,0.0,9.7,66.19,24.11
module_0,0.0,9.7,59.84,30.47
module_0,0.0,9.75,71.64,18.6
module_0,0.0,58.44,41.56,0.0
module_0,0.0,55.73,44.27,0.0
module_0,0.0,50.25,49.75,0.0
module_0,0.0,53.12,46.88,0.0
module_0,0.0,38.82,61.18,0.0
module_0,0.0,44.66,55.34,0.0
module_0,0.0,25.34,74.66,0.0
module_0,0.0,34.71,65.29,0.0
module_0,0.0,22.63,77.37,0.0
module_0,0.0,55.51,44.49,0.0
module_0,0.0,17.48,82.52,0.0
module_0,0.0,17.75,82.25,0.0
module_0,0.0,15.95,84.05,0.0
module_0,0.0,9.78,77.53,12.68
module_0,0.0,9.7,61.59,28.71
module_0,0.0,12.16,87.81,0.03
module_0,0.0,11.32,88.58,0.11
module_0,0.0,13.1,86.9,0.0
module_0,0.0,14.55,85.45,0.0
module_0,0.0,9.78,78.49,11.73
module_0,0.0,10.14,89.62,0.25
module_0,0.0,9.73,72.11,18.16
module_0,0.0,10.55,89.04,0.41
module_0,0.0,10.08,88.36,1.56
module_0,0.0,18.93,81.07,0.0
module_0,0.0,35.56,64.44,0.0
module_0,0.0,31.86,68.14,0.0
module_0,0.0,36.93,62.3,0.77
module_0,0.0,19.48,80.52,0.0
module_0,0.0,17.89,79.84,2.27
module_0,0.0,19.53,73.29,7.18
module_0,0.0,19.84,80.16,0.0
module_0,0.0,18.77,77.29,3.95
module_0,0.0,20.0,72.22,7.78
module_0,0.0,23.48,75.29,1.23
module_0,0.0,22.3,72.9,4.79
module_0,0.0,24.05,70.14,5.81
module_0,0.0,28.36,70.14,1.51
module_0,0.0,26.55,69.23,4.22
module_0,0.0,28.14,68.14,3.73
module_0,0.0,12.3,87.7,0.0
module_0,0.0,9.62,38.55,51.84
module_0,0.0,9.7,42.3,48.0
module_0,0.0,9.62,31.7,58.68
module_0,0.0,9.78,49.78,40.44
module_0,0.0,10.27,89.1,0.63
module_0,0.0,9.78,67.45,22.77
module_0,0.0,9.7,56.38,33.92
module_0,0.0,9.7,52.99,37.32
module_0,0.0,9.89,52.88,37.23
module_0,0.0,10.77,87.32,1.92
module_0,0.0,10.25,77.04,12.71
module_0,0.0,10.14,68.85,21.01
module_0,0.0,10.14,65.07,24.79
module_0,0.0,10.3,63.01,26.68
module_0,0.0,11.67,86.47,1.86
module_0,0.0,11.12,82.03,6.85
module_0,0.0,10.9,75.67,13.42
module_0,0.0,10.96,72.96,16.08
module_0,0.0,11.15,70.14,18.71
module_0,0.0,12.68,85.29,2.03
module_0,0.0,12.08,82.03,5.89
module_0,0.0,11.81,78.68,9.51
module_0,0.0,11.78,75.51,12.71
module_0,0.0,12.0,74.22,13.78
module_0,0.0,9.7,60.19,30.11
module_0,0.0,9.64,44.0,46.36
module_0,0.0,9.62,40.19,50.19
module_0,0.0,9.62,38.93,51.45
module_0,0.0,9.62,40.44,49.95
module_0,0.0,9.62,42.96,47.42
module_0,0.0,9.7,49.26,41.04
module_0,0.0,9.7,61.97,28.33
module_0,0.0,11.86,88.14,0.0
module_0,0.0,10.58,88.14,1.29
module_0,0.0,10.0,74.16,15.84
module_0,0.0,9.78,61.67,28.55
module_0,0.0,9.78,56.68,33.53
module_0,0.0,9.78,56.22,34.0
module_0,0.0,9.89,63.29,26.82
module_0,0.0,12.05,87.95,0.0
module_0,0.0,11.26,87.81,0.93
module_0,0.0,10.58,82.49,6.93
module_0,0.0,10.19,75.97,13.84
module_0,0.0,10.14,72.77,17.1
module_0,0.0,10.03,69.04,20.93
module_0,0.0,9.81,69.62,20.58
module_0,0.0,12.58,87.42,0.0
module_0,0.0,11.95,87.64,0.41
module_0,0.0,11.26,85.75,2.99
module_0,0.0,10.66,83.62,5.73
module_0,0.0,10.36,82.22,7.42
module_0,0.0,10.11,80.99,8.9
module_0,0.0,9.81,76.74,13.45
module_0,0.0,13.23,86.77,0.0
module_0,0.0,12.77,87.23,0.0
module_0,0.0,11.81,86.63,1.56
module_0,0.0,11.1,86.49,2.41
module_0,0.0,10.58,85.37,4.05
module_0,0.0,10.14,85.51,4.36
module_0,0.0,9.89,83.12,6.99
module_0,0.0,14.93,85.07,0.0
module_0,0.0,13.53,86.47,0.0
module_0,0.0,12.52,87.45,0.03
module_0,0.0,11.53,87.95,0.52
module_0,0.0,10.82,88.14,1.04
module_0,0.0,10.33,87.92,1.75
module_0,0.0,9.97,88.68,1.34
module_0,0.0,60.38,39.62,0.0
module_0,0.0,56.08,43.92,0.0
module_0,0.0,48.74,51.26,0.0
module_0,0.0,42.11,57.89,0.0
module_0,0.0,34.71,65.29,0.0
module_0,0.0,27.75,72.25,0.0
module_0,0.0,22.99,77.01,0.0
module_0,0.0,18.47,81.53,0.0
module_0,0.0,16.08,83.92,0.0
module_0,0.0,14.49,85.51,0.0
module_0,0.0,13.07,86.93,0.0
module_0,0.0,11.95,88.05,0.0
module_0,0.0,11.15,88.79,0.05
module_0,0.0,10.58,89.15,0.27
module_0,0.0,10.11,89.78,0.11
module_0,0.0,12.11,87.89,0.0
module_0,0.0,12.3,87.7,0.0
module_0,0.0,11.75,88.25,0.0
module_0,0.0,12.66,87.34,0.0
module_0,0.0,71.48,28.52,0.0
module_0,0.0,62.6,37.4,0.0
module_0,0.0,54.77,45.23,0.0
module_0,0.0,45.45,54.55,0.0
module_0,0.0,38.38,61.62,0.0
module_0,0.0,23.51,76.49,0.0
module_0,0.0,29.59,70.41,0.0
module_0,0.0,10.08,89.92,0.0
module_0,0.0,9.64,46.0,44.36
module_0,0.0,9.62,36.93,53.45
module_0,0.0,9.62,33.42,56.96
module_0,0.0,9.7,39.73,50.58
module_0,0.0,10.0,74.58,15.42
module_0,0.0,9.7,53.07,37.23
module_0,0.0,54.03,45.97,0.0
module_0,0.0,53.53,46.47,0.0
module_0,0.0,39.59,60.41,0.0
module_0,0.0,47.62,52.38,0.0
module_0,0.0,27.89,72.11,0.0
module_0,0.0,32.08,67.92,0.0
module_0,0.0,21.04,78.96,0.0
module_0,0.0,16.71,83.29,0.0
module_0,0.0,14.85,85.15,0.0
module_0,0.0,11.78,88.11,0.11
module_0,0.0,11.04,88.6,0.36
module_0,0.0,12.74,87.26,0.0
module_0,0.0,13.75,86.25,0.0
module_0,0.0,10.58,89.04,0.38
module_0,0.0,28.52,71.48,0.0
module_0,0.0,22.49,77.51,0.0
module_0,0.0,24.05,73.53,2.41
module_0,0.0,20.36,79.64,0.0
module_0,0.0,17.84,81.59,0.58
module_0,0.0,18.3,75.04,6.66
module_0,0.0,21.86,78.14,0.0
module_0,0.0,19.51,77.89,2.6
module_0,0.0,19.95,73.59,6.47
module_0,0.0,26.93,72.66,0.41
module_0,0.0,24.19,72.47,3.34
module_0,0.0,24.19,70.96,4.85
module_0,0.0,31.34,68.08,0.58
module_0,0.0,28.74,68.66,2.6
module_0,0.0,28.16,67.29,4.55
module_0,0.0,11.51,88.49,0.0
module_0,0.0,9.7,66.77,23.53
module_0,0.0,9.64,43.15,47.21
module_0,0.0,9.67,42.71,47.62
module_0,0.0,9.7,42.47,47.84
module_0,0.0,10.6,89.32,0.08
module_0,0.0,10.08,76.33,13.59
module_0,0.0,9.84,63.92,26.25
module_0,0.0,9.78,58.38,31.84
module_0,0.0,9.95,56.49,33.56
module_0,0.0,11.18,87.78,1.04
module_0,0.0,10.68,82.22,7.1
module_0,0.0,10.38,74.03,15.59
module_0,0.0,10.3,68.63,21.07
module_0,0.0,10.49,66.77,22.74
module_0,0.0,12.25,86.41,1.34
module_0,0.0,11.62,83.07,5.32
module_0,0.0,11.21,78.6,10.19
module_0,0.0,11.12,74.49,14.38
module_0,0.0,11.29,73.29,15.42
module_0,0.0,13.04,85.64,1.32
module_0,0.0,12.41,83.07,4.52
module_0,0.0,12.0,80.0,8.0
module_0,0.0,11.92,77.75,10.33
module_0,0.0,12.14,74.9,12.96
module_0,45.0,9.62,38.66,51.73
module_0,45.0,9.62,28.55,61.84
module_0,45.0,9.62,26.93,63.45
module_0,45.0,9.62,26.68,63.7
module_0,45.0,9.62,27.01,63.37
module_0,45.0,9.62,27.23,63.15
module_0,45.0,9.62,27.78,62.6
module_0,45.0,9.62,35.15,55.23
module_0,45.0,52.63,47.37,0.0
module_0,45.0,49.34,50.66,0.0
module_0,45.0,44.25,55.75,0.0
module_0,45.0,37.84,62.16,0.0
module_0,45.0,30.96,69.04,0.0
module_0,45.0,25.21,74.79,0.0
module_0,45.0,21.1,78.9,0.0
module_0,45.0,16.49,83.51,0.0
module_0,45.0,14.25,85.75,0.0
module_0,45.0,12.99,85.92,1.1
module_0,45.0,12.0,85.18,2.82
module_0,45.0,11.73,83.26,5.01
module_0,45.0,11.37,81.59,7.04
module_0,45.0,11.45,84.63,3.92
module_0,45.0,12.82,87.01,0.16
module_0,45.0,12.3,86.68,1.01
module_0,45.0,11.4,84.41,4.19
module_0,45.0,11.12,81.26,7.62
module_0,45.0,10.68,75.21,14.11
module_0,45.0,10.19,72.19,17.62
module_0,45.0,11.89,86.63,1.48
module_0,45.0,11.4,86.68,1.92
module_0,45.0,11.01,83.95,5.04
module_0,45.0,10.68,76.27,13.04
module_0,45.0,10.19,63.86,25.95
module_0,45.0,9.78,48.99,41.23
module_0,45.0,11.12,85.59,3.29
module_0,45.0,10.82,84.58,4.6
module_0,45.0,10.55,82.16,7.29
module_0,45.0,10.27,69.95,19.78
module_0,45.0,10.08,54.05,35.86
module_0,45.0,9.7,36.22,54.08
module_0,45.0,10.55,82.79,6.66
module_0,45.0,10.38,80.74,8.88
module_0,45.0,10.19,76.6,13.21
module_0,45.0,10.11,63.53,26.36
module_0,45.0,9.97,49.04,40.99
module_0,45.0,9.7,31.78,58.52
module_0,45.0,10.14,77.23,12.63
module_0,45.0,10.08,72.93,16.99
module_0,45.0,9.97,67.75,22.27
module_0,45.0,9.86,56.27,33.86
module_0,45.0,9.89,48.08,42.03
module_0,45.0,9.7,35.26,55.04
module_0,45.0,9.86,66.0,24.14
module_0,45.0,9.75,59.01,31.23
module_0,45.0,9.7,52.6,37.7
module_0,45.0,9.7,44.74,45.56
module_0,45.0,9.7,46.33,43.97
module_0,45.0,9.78,46.85,43.37
module_0,45.0,47.59,52.41,0.0
module_0,45.0,39.42,60.58,0.0
module_0,45.0,45.21,54.79,0.0
module_0,45.0,48.63,51.37,0.0
module_0,45.0,52.49,47.51,0.0
module_0,45.0,48.58,51.42,0.0
module_0,45.0,58.14,41.86,0.0
module_0,45.0,43.81,56.19,0.0
module_0,45.0,49.62,50.38,0.0
module_0,45.0,58.14,41.86,0.0
module_0,45.0,39.12,60.88,0.0
module_0,45.0,29.67,70.33,0.0
module_0,45.0,20.16,79.84,0.0
module_0,45.0,24.63,75.37,0.0
module_0,45.0,16.66,83.21,0.14
module_0,45.0,33.21,66.79,0.0
module_0,45.0,27.81,72.19,0.0
module_0,45.0,18.74,81.26,0.0
module_0,45.0,15.95,84.05,0.0
module_0,45.0,22.71,77.29,0.0
module_0,45.0,15.1,84.79,0.11
module_0,45.0,35.62,64.38,0.0
module_0,45.0,46.71,53.29,0.0
module_0,45.0,33.18,66.82,0.0
module_0,45.0,26.27,73.73,0.0
module_0,45.0,39.64,60.36,0.0
module_0,45.0,31.56,68.44,0.0
module_0,45.0,63.18,36.82,0.0
module_0,45.0,59.29,40.71,0.0
module_0,45.0,50.03,49.97,0.0
module_0,45.0,38.19,61.81,0.0
module_0,45.0,44.14,55.86,0.0
module_0,45.0,52.3,47.7,0.0
module_0,45.0,20.74,79.26,0.0
module_0,45.0,19.34,80.66,0.0
module_0,45.0,14.03,85.67,0.3
module_0,45.0,15.7,84.27,0.03
module_0,45.0,12.3,85.48,2.22
module_0,45.0,11.53,84.49,3.97
module_0,45.0,11.48,85.29,3.23
module_0,45.0,12.99,87.01,0.0
module_0,45.0,12.0,87.84,0.16
module_0,45.0,11.84,84.19,3.97
module_0,45.0,11.86,84.99,3.15
module_0,45.0,25.53,74.47,0.0
module_0,45.0,12.6,85.64,1.75
module_0,45.0,11.07,82.55,6.38
module_0,45.0,11.75,84.74,3.51
module_0,45.0,10.6,79.97,9.42
module_0,45.0,13.64,86.05,0.3
module_0,45.0,12.99,86.41,0.6
module_0,45.0,12.16,85.34,2.49
module_0,45.0,11.29,84.68,4.03
module_0,45.0,10.77,81.64,7.59
module_0,45.0,10.36,77.29,12.36
module_0,45.0,10.27,75.4,14.33
module_0,45.0,10.11,70.19,19.7
module_0,45.0,9.7,54.27,36.03
module_0,45.0,9.95,64.66,25.4
module_0,45.0,9.7,47.1,43.21
module_0,45.0,9.7,41.92,48.38
module_0,45.0,9.64,38.47,51.89
module_0,45.0,9.62,34.33,56.05
module_0,45.0,11.53,84.6,3.86
module_0,45.0,11.29,87.42,1.29
module_0,45.0,10.03,72.58,17.4
module_0,45.0,11.7,86.19,2.11
module_0,45.0,9.64,33.18,57.18
module_0,45.0,9.62,28.25,62.14
module_0,45.0,9.62,23.53,66.85
module_0,45.0,9.7,37.92,52.38
module_0,45.0,9.62,34.11,56.27
module_0,45.0,9.7,43.37,46.93
module_0,45.0,9.7,43.51,46.79
module_0,45.0,10.0,76.11,13.89
module_0,45.0,9.78,77.92,12.3
module_0,45.0,9.7,49.32,40.99
module_0,45.0,14.36,85.56,0.08
module_0,45.0,21.92,78.08,0.0
module_0,45.0,20.3,78.9,0.79
module_0,45.0,22.96,72.27,4.77
module_0,45.0,17.32,76.68,6.0
module_0,45.0,16.47,73.53,10.0
module_0,45.0,17.75,72.99,9.26
module_0,45.0,18.93,71.53,9.53
module_0,45.0,17.34,71.42,11.23
module_0,45.0,19.23,74.19,6.58
module_0,45.0,21.95,74.08,3.97
module_0,45.0,21.45,74.77,3.78
module_0,45.0,22.66,74.27,3.07
module_0,45.0,25.18,72.27,2.55
module_0,45.0,24.27,73.21,2.52
module_0,45.0,25.23,72.49,2.27
module_0,45.0,11.84,75.73,12.44
module_0,45.0,11.59,73.97,14.44
module_0,45.0,11.62,73.1,15.29
module_0,45.0,11.95,73.75,14.3
module_0,45.0,12.47,74.77,12.77
module_0,45.0,11.04,66.74,22.22
module_0,45.0,10.77,63.51,25.73
module_0,45.0,10.85,63.86,25.29
module_0,45.0,11.12,68.0,20.88
module_0,45.0,11.62,73.26,15.12
module_0,45.0,10.22,55.4,34.38
module_0,45.0,10.14,51.29,38.58
module_0,45.0,10.14,52.85,37.01
module_0,45.0,10.3,62.79,26.9
module_0,45.0,10.82,72.33,16.85
module_0,45.0,9.78,40.25,49.97
module_0,45.0,9.7,36.44,53.86
module_0,45.0,9.7,41.12,49.18
module_0,45.0,9.89,56.05,34.05
module_0,45.0,10.52,76.96,12.52
module_0,45.0,9.64,24.33,66.03
module_0,45.0,9.62,26.0,64.38
module_0,45.0,9.62,23.01,67.37
module_0,45.0,9.7,49.37,40.93
module_0,45.0,14.44,85.56,0.0
module_0,45.0,9.62,40.88,49.51
module_0,45.0,9.62,30.99,59.4
module_0,45.0,9.62,28.25,62.14
module_0,45.0,9.62,28.6,61.78
module_0,45.0,9.62,29.07,61.32
module_0,45.0,9.62,30.3,60.08
module_0,45.0,9.62,33.07,57.32
module_0,45.0,9.7,47.64,42.66
module_0,45.0,51.04,48.96,0.0
module_0,45.0,46.3,53.7,0.0
module_0,45.0,40.25,59.75,0.0
module_0,45.0,33.62,66.38,0.0
module_0,45.0,28.11,71.89,0.0
module_0,45.0,23.01,76.99,0.0
module_0,45.0,18.9,81.1,0.0
module_0,45.0,15.81,84.19,0.0
module_0,45.0,14.0,85.89,0.11
module_0,45.0,13.07,86.58,0.36
module_0,45.0,12.38,85.7,1.92
module_0,45.0,11.7,83.42,4.88
module_0,45.0,11.32,80.27,8.41
module_0,45.0,11.04,80.79,8.16
module_0,45.0,12.68,87.12,0.19
module_0,45.0,12.3,86.55,1.15
module_0,45.0,11.86,85.64,2.49
module_0,45.0,11.12,81.86,7.01
module_0,45.0,10.68,73.34,15.97
module_0,45.0,10.14,67.42,22.44
module_0,45.0,11.81,85.78,2.41
module_0,45.0,11.34,86.14,2.52
module_0,45.0,11.01,85.12,3.86
module_0,45.0,10.68,78.79,10.52
module_0,45.0,10.27,64.66,25.07
module_0,45.0,9.89,49.67,40.44
module_0,45.0,11.01,84.82,4.16
module_0,45.0,10.77,84.14,5.1
module_0,45.0,10.49,81.45,8.05
module_0,45.0,10.41,77.34,12.25
module_0,45.0,10.11,58.0,31.89
module_0,45.0,9.78,40.14,50.08
module_0,45.0,10.52,81.04,8.44
module_0,45.0,10.27,79.4,10.33
module_0,45.0,10.14,76.36,13.51
module_0,45.0,10.14,71.37,18.49
module_0,45.0,10.0,53.64,36.36
module_0,45.0,9.75,37.62,52.63
module_0,45.0,10.11,75.21,14.68
module_0,45.0,10.0,70.63,19.37
module_0,45.0,9.89,64.88,25.23
module_0,45.0,9.95,63.1,26.96
module_0,45.0,9.81,51.1,39.1
module_0,45.0,9.78,41.64,48.58
module_0,45.0,9.84,63.62,26.55
module_0,45.0,9.7,54.77,35.53
module_0,45.0,9.7,48.96,41.34
module_0,45.0,9.7,49.53,40.77
module_0,45.0,9.7,43.89,46.41
module_0,45.0,9.7,46.0,44.3
module_0,45.0,9.7,49.21,41.1
module_0,45.0,9.64,39.7,50.66
module_0,45.0,9.62,35.95,54.44
module_0,45.0,13.53,86.47,0.0
module_0,45.0,9.7,52.11,38.19
module_0,45.0,9.62,30.52,59.86
module_0,45.0,9.62,24.99,65.4
module_0,45.0,9.62,27.56,62.82
module_0,45.0,9.64,35.78,54.58
module_0,45.0,9.64,36.88,53.48
module_0,45.0,9.64,28.27,62.08
module_0,45.0,9.86,64.71,25.42
module_0,45.0,31.78,68.22,0.0
module_0,45.0,26.99,73.01,0.0
module_0,45.0,28.03,71.97,0.0
module_0,45.0,19.04,79.48,1.48
module_0,45.0,16.85,77.29,5.86
module_0,45.0,16.99,73.56,9.45
module_0,45.0,18.6,73.45,7.95
module_0,45.0,18.05,73.07,8.88
module_0,45.0,17.7,72.66,9.64
module_0,45.0,21.92,71.48,6.6
module_0,45.0,20.38,72.52,7.1
module_0,45.0,20.88,74.49,4.63
module_0,45.0,24.55,72.66,2.79
module_0,45.0,23.01,73.86,3.12
module_0,45.0,23.73,73.75,2.52
module_0,45.0,12.22,76.82,10.96
module_0,45.0,11.81,75.67,12.52
module_0,45.0,11.67,74.58,13.75
module_0,45.0,11.89,74.52,13.59
module_0,45.0,12.47,75.7,11.84
module_0,45.0,11.37,72.9,15.73
module_0,45.0,11.07,68.66,20.27
module_0,45.0,11.07,67.4,21.53
module_0,45.0,11.23,69.26,19.51
module_0,45.0,11.73,73.62,14.66
module_0,45.0,10.44,61.81,27.75
module_0,45.0,10.27,56.27,33.45
module_0,45.0,10.27,56.14,33.59
module_0,45.0,10.44,61.1,28.47
module_0,45.0,10.93,70.41,18.66
module_0,45.0,10.03,49.37,40.6
module_0,45.0,9.81,41.75,48.44
module_0,45.0,9.78,43.45,46.77
module_0,45.0,9.95,53.37,36.68
module_0,45.0,10.3,69.84,19.86
module_0,45.0,9.78,41.12,49.1
module_0,45.0,9.64,26.16,64.19
module_0,45.0,9.7,30.16,60.14
module_0,45.0,9.62,26.9,63.48
module_0,45.0,10.44,80.25,9.32
module_0,90.0,21.59,76.19,2.22
module_0,90.0,16.9,73.48,9.62
module_0,90.0,18.08,75.97,5.95
module_0,90.0,20.96,76.11,2.93
module_0,90.0,23.81,74.08,2.11
module_0,90.0,18.16,81.48,0.36
module_0,90.0,15.07,73.42,11.51
module_0,90.0,17.01,76.19,6.79
module_0,90.0,19.67,77.04,3.29
module_0,90.0,22.66,75.01,2.33
module_0,90.0,19.48,79.32,1.21
module_0,90.0,16.03,72.16,11.81
module_0,90.0,17.29,76.03,6.68
module_0,90.0,20.16,76.66,3.18
module_0,90.0,23.18,74.22,2.6
module_0,90.0,9.62,26.38,64.0
module_0,90.0,9.62,21.59,68.79
module_0,90.0,9.62,20.3,70.08
module_0,90.0,9.62,20.33,70.05
module_0,90.0,9.62,20.77,69.62
module_0,90.0,9.62,20.99,69.4
module_0,90.0,9.62,20.93,69.45
module_0,90.0,9.62,22.74,67.64
module_0,90.0,9.7,34.58,55.73
module_0,90.0,9.7,33.21,57.1
module_0,90.0,9.7,33.86,56.44
module_0,90.0,9.7,35.92,54.38
module_0,90.0,9.7,39.89,50.41
module_0,90.0,9.78,44.3,45.92
module_0,90.0,9.78,29.48,60.74
module_0,90.0,9.78,35.75,54.47
module_0,90.0,9.84,42.58,47.59
module_0,90.0,9.89,48.36,41.75
module_0,90.0,9.97,52.66,37.37
module_0,90.0,10.11,56.16,33.73
module_0,90.0,9.75,25.18,65.07
module_0,90.0,10.0,37.15,52.85
module_0,90.0,10.11,51.07,38.82
module_0,90.0,10.14,57.92,31.95
module_0,90.0,10.22,61.84,27.95
module_0,90.0,10.36,64.11,25.53
module_0,90.0,9.78,27.15,63.07
module_0,90.0,10.11,41.26,48.63
module_0,90.0,10.27,58.99,30.74
module_0,90.0,10.44,65.12,24.44
module_0,90.0,10.58,67.97,21.45
module_0,90.0,10.9,69.64,19.45
module_0,90.0,9.89,34.22,55.89
module_0,90.0,10.27,50.16,39.56
module_0,90.0,10.52,66.08,23.4
module_0,90.0,10.9,70.63,18.47
module_0,90.0,11.1,73.81,15.1
module_0,90.0,11.34,75.01,13.64
module_0,90.0,10.14,49.84,40.03
module_0,90.0,10.52,63.32,26.16
module_0,90.0,11.04,73.01,15.95
module_0,90.0,11.32,75.53,13.15
module_0,90.0,11.78,77.04,11.18
module_0,90.0,12.22,78.36,9.42
module_0,90.0,10.93,68.71,20.36
module_0,90.0,11.04,73.78,15.18
module_0,90.0,11.37,77.01,11.62
module_0,90.0,11.84,78.49,9.67
module_0,90.0,12.68,80.38,6.93
module_0,90.0,13.32,81.4,5.29
module_0,90.0,14.82,81.89,3.29
module_0,90.0,17.26,80.6,2.14
module_0,90.0,21.04,77.92,1.04
module_0,90.0,23.59,76.0,0.41
module_0,90.0,26.96,72.85,0.19
module_0,90.0,33.21,66.79,0.0
module_0,90.0,37.64,62.36,0.0
module_0,90.0,41.51,58.49,0.0
module_0,90.0,9.7,37.78,52.52
module_0,90.0,9.78,60.44,29.78
module_0,90.0,9.84,50.3,39.86
module_0,90.0,9.7,37.29,53.01
module_0,90.0,9.62,27.95,62.44
module_0,90.0,9.7,32.71,57.59
module_0,90.0,9.67,28.49,61.84
module_0,90.0,9.62,25.89,64.49
module_0,90.0,9.62,23.81,66.58
module_0,90.0,9.62,23.73,66.66
module_0,90.0,9.62,24.44,65.95
module_0,90.0,9.7,38.63,51.67
module_0,90.0,11.23,76.68,12.08
module_0,90.0,11.18,76.88,11.95
module_0,90.0,11.07,72.79,16.14
module_0,90.0,9.62,26.16,64.22
module_0,90.0,9.62,27.01,63.37
module_0,90.0,9.64,28.52,61.84
module_0,90.0,9.7,31.15,59.15
module_0,90.0,9.64,28.63,61.73
module_0,90.0,9.7,34.85,55.45
module_0,90.0,9.7,32.63,57.67
module_0,90.0,9.89,43.97,46.14
module_0,90.0,9.7,34.66,55.64
module_0,90.0,9.64,29.37,60.99
module_0,90.0,10.14,56.77,33.1
module_0,90.0,10.58,66.41,23.01
module_0,90.0,11.04,71.59,17.37
module_0,90.0,11.64,76.93,11.42
module_0,90.0,12.63,80.77,6.6
module_0,90.0,13.1,81.48,5.42
module_0,90.0,11.18,76.96,11.86
module_0,90.0,11.37,77.78,10.85
module_0,90.0,11.81,79.01,9.18
module_0,90.0,13.12,81.29,5.59
module_0,90.0,17.78,79.67,2.55
module_0,90.0,19.18,78.88,1.95
module_0,90.0,14.79,81.51,3.7
module_0,90.0,12.41,81.29,6.3
module_0,90.0,26.52,73.48,0.0
module_0,90.0,37.01,62.99,0.0
module_0,90.0,37.92,62.08,0.0
module_0,90.0,30.77,69.23,0.0
module_0,90.0,45.62,54.38,0.0
module_0,90.0,50.93,49.07,0.0
module_0,90.0,15.34,82.14,2.52
module_0,90.0,20.38,78.6,1.01
module_0,90.0,23.45,76.16,0.38
module_0,90.0,17.07,81.18,1.75
module_0,90.0,15.78,82.08,2.14
module_0,90.0,28.33,71.45,0.22
module_0,90.0,31.21,68.71,0.08
module_0,90.0,46.71,53.29,0.0
module_0,90.0,43.1,56.9,0.0
module_0,90.0,35.56,64.44,0.0
module_0,90.0,39.37,60.58,0.05
module_0,90.0,39.23,60.77,0.0
module_0,90.0,38.33,61.56,0.11
module_0,90.0,9.78,46.58,43.64
module_0,90.0,10.08,50.74,39.18
module_0,90.0,10.52,62.58,26.9
module_0,90.0,11.56,74.16,14.27
module_0,90.0,12.52,77.32,10.16
module_0,90.0,9.64,22.96,67.4
module_0,90.0,9.89,39.21,50.9
module_0,90.0,10.41,55.89,33.7
module_0,90.0,11.23,71.26,17.51
module_0,90.0,11.95,76.52,11.53
module_0,90.0,9.7,24.82,65.48
module_0,90.0,9.78,38.38,51.84
module_0,90.0,10.27,54.11,35.62
module_0,90.0,11.1,70.27,18.63
module_0,90.0,11.7,76.3,12.0
module_0,90.0,9.7,26.33,63.97
module_0,90.0,10.0,43.23,46.77
module_0,90.0,10.44,58.36,31.21
module_0,90.0,11.23,73.23,15.53
module_0,90.0,11.86,77.21,10.93
module_0,90.0,10.33,66.55,23.12
module_0,90.0,10.27,58.66,31.07
module_0,90.0,10.82,66.22,22.96
module_0,90.0,11.56,76.08,12.36
module_0,90.0,12.38,78.25,9.37
module_0,90.0,25.34,74.66,0.0
module_0,90.0,16.22,74.38,9.4
module_0,90.0,16.88,74.22,8.9
module_0,90.0,19.18,76.68,4.14
module_0,90.0,22.55,75.01,2.44
module_0,90.0,23.56,76.44,0.0
module_0,90.0,15.4,74.88,9.73
module_0,90.0,16.25,74.3,9.45
module_0,90.0,18.74,76.9,4.36
module_0,90.0,22.0,75.7,2.3
module_0,90.0,27.07,72.93,0.0
module_0,90.0,17.18,74.52,8.3
module_0,90.0,17.42,74.52,8.05
module_0,90.0,19.89,76.33,3.78
module_0,90.0,22.63,74.88,2.49
module_0,90.0,9.67,40.52,49.81
module_0,90.0,9.62,26.3,64.08
module_0,90.0,9.62,22.41,67.97
module_0,90.0,9.62,21.62,68.77
module_0,90.0,9.62,21.92,68.47
module_0,90.0,9.62,22.44,67.95
module_0,90.0,9.62,23.1,67.29
module_0,90.0,9.62,25.15,65.23
module_0,90.0,9.73,35.07,55.21
module_0,90.0,9.7,33.67,56.63
module_0,90.0,9.7,35.7,54.6
module_0,90.0,9.7,38.49,51.81
module_0,90.0,9.75,42.88,47.37
module_0,90.0,9.84,47.4,42.77
module_0,90.0,9.7,25.42,64.88
module_0,90.0,9.86,33.29,56.85
module_0,90.0,9.89,41.86,48.25
module_0,90.0,9.95,50.49,39.56
module_0,90.0,10.03,54.79,35.18
module_0,90.0,10.14,58.55,31.32
module_0,90.0,9.7,21.48,68.82
module_0,90.0,9.97,33.12,56.9
module_0,90.0,10.11,48.49,41.4
module_0,90.0,10.14,59.04,30.82
module_0,90.0,10.27,62.74,26.99
module_0,90.0,10.44,66.03,23.53
module_0,90.0,9.7,23.95,66.36
module_0,90.0,10.08,38.08,51.84
module_0,90.0,10.27,55.78,33.95
module_0,90.0,10.44,66.38,23.18
module_0,90.0,10.68,68.66,20.66
module_0,90.0,10.96,71.26,17.78
module_0,90.0,9.78,33.21,57.01
module_0,90.0,10.19,48.14,41.67
module_0,90.0,10.52,65.12,24.36
module_0,90.0,10.96,71.26,17.78
module_0,90.0,11.18,74.58,14.25
module_0,90.0,11.48,75.67,12.85
module_0,90.0,10.16,55.21,34.63
module_0,90.0,10.52,64.11,25.37
module_0,90.0,11.04,73.42,15.53
module_0,90.0,11.34,76.47,12.19
module_0,90.0,11.86,77.48,10.66
module_0,90.0,12.47,79.37,8.16
module_0,90.0,11.15,72.96,15.89
module_0,90.0,11.18,75.32,13.51
module_0,90.0,11.37,77.45,11.18
module_0,90.0,11.81,78.85,9.34
module_0,90.0,12.6,80.0,7.4
module_0,90.0,13.67,81.45,4.88
module_0,90.0,15.59,81.62,2.79
module_0,90.0,19.18,79.01,1.81
module_0,90.0,22.08,77.26,0.66
module_0,90.0,25.48,74.33,0.19
module_0,90.0,30.52,69.48,0.0
module_0,90.0,35.97,64.03,0.0
module_0,90.0,40.36,59.64,0.0
module_0,90.0,43.18,56.82,0.0
module_0,90.0,9.97,62.68,27.34
module_0,90.0,9.7,22.96,67.34
module_0,90.0,9.62,18.27,72.11
module_0,90.0,9.62,18.38,72.0
module_0,90.0,9.62,22.25,68.14
module_0,90.0,10.0,55.07,34.93
module_0,90.0,11.62,78.22,10.16
module_0,90.0,11.18,76.58,12.25
module_0,90.0,12.82,82.93,4.25
module_0,90.0,10.0,50.25,39.75
module_0,90.0,10.27,58.9,30.82
module_0,90.0,10.44,63.45,26.11
module_0,90.0,10.96,69.4,19.64
module_0,90.0,11.4,75.12,13.48
module_0,90.0,12.22,79.04,8.74
module_0,90.0,13.67,81.7,4.63
module_0,90.0,11.51,77.84,10.66
module_0,90.0,22.44,76.88,0.68
module_0,90.0,23.04,76.47,0.49
module_0,90.0,33.26,66.74,0.0
module_0,90.0,40.66,59.34,0.0
module_0,90.0,27.04,72.88,0.08
module_0,90.0,42.49,57.51,0.0
module_0,90.0,45.97,54.03,0.0
module_0,90.0,14.36,82.14,3.51
module_0,90.0,21.7,77.34,0.96
module_0,90.0,25.32,74.38,0.3
module_0,90.0,18.52,80.16,1.32
module_0,90.0,26.77,72.96,0.27
module_0,90.0,33.23,66.6,0.16
module_0,90.0,36.27,63.73,0.0
module_0,90.0,39.89,60.08,0.03
module_0,90.0,9.62,26.55,63.84
module_0,90.0,9.78,41.64,48.58
module_0,90.0,10.27,55.32,34.41
module_0,90.0,11.15,70.25,18.6
module_0,90.0,12.05,76.71,11.23
module_0,90.0,9.62,19.4,70.99
module_0,90.0,9.7,32.52,57.78
module_0,90.0,10.14,48.41,41.45
module_0,90.0,10.82,66.9,22.27
module_0,90.0,11.64,75.51,12.85
module_0,90.0,9.62,18.11,72.27
module_0,90.0,9.7,32.9,57.4
module_0,90.0,10.14,49.56,40.3
module_0,90.0,10.85,65.45,23.7
module_0,90.0,11.64,75.29,13.07
module_0,90.0,9.7,29.34,60.96
module_0,90.0,9.89,42.88,47.23
module_0,90.0,10.33,55.81,33.86
module_0,90.0,11.07,70.36,18.58
module_0,90.0,11.84,76.58,11.59
module_0,90.0,13.42,79.84,6.74
module_0,90.0,10.44,64.16,25.4
module_0,90.0,10.68,64.82,24.49
module_0,90.0,11.45,73.78,14.77
module_0,90.0,12.33,78.16,9.51
module_0,135.0,29.75,70.25,0.0
module_0,135.0,28.05,71.95,0.0
module_0,135.0,36.27,63.73,0.0
module_0,135.0,16.77,73.29,9.95
module_0,135.0,16.16,77.23,6.6
module_0,135.0,19.21,79.7,1.1
module_0,135.0,17.64,74.16,8.19
module_0,135.0,17.26,74.49,8.25
module_0,135.0,18.63,73.95,7.42
module_0,135.0,20.68,75.37,3.95
module_0,135.0,21.73,74.52,3.75
module_0,135.0,21.95,71.12,6.93
module_0,135.0,24.11,73.45,2.44
module_0,135.0,24.03,73.62,2.36
module_0,135.0,25.53,71.67,2.79
module_0,135.0,11.51,71.34,17.15
module_0,135.0,9.62,25.59,64.79
module_0,135.0,9.7,36.3,54.0
module_0,135.0,9.62,25.29,65.1
module_0,135.0,9.84,73.23,16.93
module_0,135.0,10.22,57.84,31.95
module_0,135.0,9.78,43.23,46.99
module_0,135.0,9.7,43.89,46.41
module_0,135.0,9.7,49.89,40.41
module_0,135.0,9.92,67.12,22.96
module_0,135.0,10.58,64.44,24.99
module_0,135.0,10.33,56.96,32.71
module_0,135.0,10.14,57.23,32.63
module_0,135.0,10.16,63.56,26.27
module_0,135.0,10.47,72.79,16.74
module_0,135.0,11.64,73.56,14.79
module_0,135.0,11.12,69.26,19.62
module_0,135.0,10.93,66.96,22.11
module_0,135.0,11.1,69.84,19.07
module_0,135.0,11.51,73.42,15.07
module_0,135.0,12.88,78.52,8.6
module_0,135.0,12.22,77.01,10.77
module_0,135.0,12.14,76.25,11.62
module_0,135.0,12.19,75.37,12.44
module_0,135.0,12.82,76.99,10.19
module_0,135.0,9.62,19.84,70.55
module_0,135.0,9.62,17.04,73.34
module_0,135.0,9.62,16.44,73.95
module_0,135.0,9.62,16.25,74.14
module_0,135.0,9.62,16.03,74.36
module_0,135.0,9.62,15.78,74.6
module_0,135.0,9.62,15.7,74.68
module_0,135.0,9.62,16.96,73.42
module_0,135.0,34.55,65.45,0.0
module_0,135.0,31.42,68.58,0.0
module_0,135.0,28.55,71.45,0.0
module_0,135.0,25.89,74.0,0.11
module_0,135.0,22.77,76.66,0.58
module_0,135.0,19.67,79.32,1.01
module_0,135.0,16.71,81.48,1.81
module_0,135.0,14.16,82.85,2.99
module_0,135.0,12.79,82.55,4.66
module_0,135.0,12.25,81.15,6.6
module_0,135.0,11.45,77.51,11.04
module_0,135.0,11.29,75.62,13.1
module_0,135.0,11.01,69.32,19.67
module_0,135.0,10.79,63.53,25.67
module_0,135.0,12.08,80.41,7.51
module_0,135.0,11.45,77.64,10.9
module_0,135.0,11.12,73.29,15.59
module_0,135.0,11.01,69.97,19.01
module_0,135.0,10.44,48.9,40.66
module_0,135.0,10.05,32.63,57.32
module_0,135.0,11.21,76.05,12.74
module_0,135.0,11.01,69.89,19.1
module_0,135.0,10.68,63.67,25.64
module_0,135.0,10.44,52.41,37.15
module_0,135.0,10.14,31.04,58.82
module_0,135.0,9.7,21.95,68.36
module_0,135.0,10.74,65.73,23.53
module_0,135.0,10.44,58.68,30.88
module_0,135.0,10.44,55.95,33.62
module_0,135.0,10.19,39.67,50.14
module_0,135.0,10.0,26.44,63.56
module_0,135.0,9.7,20.71,69.59
module_0,135.0,10.33,53.7,35.97
module_0,135.0,10.14,47.48,42.38
module_0,135.0,10.14,45.34,44.52
module_0,135.0,10.08,31.78,58.14
module_0,135.0,9.89,26.41,63.7
module_0,135.0,9.7,22.33,67.97
module_0,135.0,10.08,40.33,49.59
module_0,135.0,9.92,35.34,54.74
module_0,135.0,9.97,35.21,54.82
module_0,135.0,9.78,27.81,62.41
module_0,135.0,9.78,27.1,63.12
module_0,135.0,9.7,28.08,62.22
module_0,135.0,9.78,29.34,60.88
module_0,135.0,9.7,26.19,64.11
module_0,135.0,9.7,26.41,63.89
module_0,135.0,9.7,24.22,66.08
module_0,135.0,9.7,26.66,63.64
module_0,135.0,9.7,34.16,56.14
module_0,135.0,31.32,68.52,0.16
module_0,135.0,30.0,70.0,0.0
module_0,135.0,28.3,71.67,0.03
module_0,135.0,31.42,68.55,0.03
module_0,135.0,34.41,65.59,0.0
module_0,135.0,30.96,68.88,0.16
module_0,135.0,36.82,63.18,0.0
module_0,135.0,38.22,61.78,0.0
module_0,135.0,23.4,76.16,0.44
module_0,135.0,17.48,81.1,1.42
module_0,135.0,15.15,82.33,2.52
module_0,135.0,20.44,78.74,0.82
module_0,135.0,24.55,75.21,0.25
module_0,135.0,14.77,82.52,2.71
module_0,135.0,13.92,82.85,3.23
module_0,135.0,40.74,59.26,0.0
module_0,135.0,34.93,65.07,0.0
module_0,135.0,31.23,68.77,0.0
module_0,135.0,27.62,72.38,0.0
module_0,135.0,24.63,75.26,0.11
module_0,135.0,36.25,63.75,0.0
module_0,135.0,33.95,66.05,0.0
module_0,135.0,26.71,73.29,0.0
module_0,135.0,30.05,69.95,0.0
module_0,135.0,23.7,76.3,0.0
module_0,135.0,20.99,78.27,0.74
module_0,135.0,17.92,80.58,1.51
module_0,135.0,16.68,81.15,2.16
module_0,135.0,12.82,82.49,4.68
module_0,135.0,14.27,82.63,3.1
module_0,135.0,11.59,78.93,9.48
module_0,135.0,11.12,73.75,15.12
module_0,135.0,11.12,72.9,15.97
module_0,135.0,12.14,78.27,9.59
module_0,135.0,11.29,74.49,14.22
module_0,135.0,11.26,76.16,12.58
module_0,135.0,20.93,78.52,0.55
module_0,135.0,12.74,82.47,4.79
module_0,135.0,11.42,77.62,10.96
module_0,135.0,10.93,70.58,18.49
module_0,135.0,12.19,80.79,7.01
module_0,135.0,10.55,62.14,27.32
module_0,135.0,10.27,50.58,39.15
module_0,135.0,10.0,39.51,50.49
module_0,135.0,9.7,24.66,65.64
module_0,135.0,9.89,33.29,56.82
module_0,135.0,9.7,22.16,68.14
module_0,135.0,9.7,21.04,69.26
module_0,135.0,9.64,20.85,69.51
module_0,135.0,9.62,19.95,70.44
module_0,135.0,9.64,20.25,70.11
module_0,135.0,9.7,23.12,67.18
module_0,135.0,9.62,20.0,70.38
module_0,135.0,11.04,65.56,23.4
module_0,135.0,10.0,39.37,50.63
module_0,135.0,9.7,27.07,63.23
module_0,135.0,9.62,19.4,70.99
module_0,135.0,9.62,22.71,67.67
module_0,135.0,9.62,22.03,68.36
module_0,135.0,9.62,18.19,72.19
module_0,135.0,9.62,18.41,71.97
module_0,135.0,12.58,79.64,7.78
module_0,135.0,9.64,23.12,67.23
module_0,135.0,9.64,23.15,67.21
module_0,135.0,9.62,21.12,69.26
module_0,135.0,9.7,28.19,62.11
module_0,135.0,9.7,34.66,55.64
module_0,135.0,9.67,23.92,66.41
module_0,135.0,10.0,54.38,35.62
module_0,135.0,9.78,46.11,44.11
module_0,135.0,9.81,46.68,43.51
module_0,135.0,9.7,32.11,58.19
module_0,135.0,9.62,22.11,68.27
module_0,135.0,9.64,21.23,69.12
module_0,135.0,23.56,71.56,4.88
module_0,135.0,20.08,79.15,0.77
module_0,135.0,22.96,77.04,0.0
module_0,135.0,17.7,73.1,9.21
module_0,135.0,16.08,73.97,9.95
module_0,135.0,17.1,76.47,6.44
module_0,135.0,18.74,74.85,6.41
module_0,135.0,17.81,72.71,9.48
module_0,135.0,18.74,71.92,9.34
module_0,135.0,22.11,75.07,2.82
module_0,135.0,20.16,74.55,5.29
module_0,135.0,22.11,73.78,4.11
module_0,135.0,26.3,71.64,2.05
module_0,135.0,24.99,72.79,2.22
module_0,135.0,25.95,71.84,2.22
module_0,135.0,11.1,70.93,17.97
module_0,135.0,9.7,37.32,52.99
module_0,135.0,9.62,28.41,61.97
module_0,135.0,9.7,33.89,56.41
module_0,135.0,9.7,50.41,39.89
module_0,135.0,10.52,63.97,25.51
module_0,135.0,10.08,51.15,38.77
module_0,135.0,9.86,47.84,42.3
module_0,135.0,9.84,52.33,37.84
module_0,135.0,9.97,63.97,26.05
module_0,135.0,11.15,69.86,18.99
module_0,135.0,10.6,63.18,26.22
module_0,135.0,10.44,59.86,29.7
module_0,135.0,10.47,64.47,25.07
module_0,135.0,10.6,72.41,16.99
module_0,135.0,12.3,77.1,10.6
module_0,135.0,11.75,74.27,13.97
module_0,135.0,11.45,69.81,18.74
module_0,135.0,11.51,71.01,17.48
module_0,135.0,11.73,73.21,15.07
module_0,135.0,13.34,78.96,7.7
module_0,135.0,12.79,77.37,9.84
module_0,135.0,12.19,77.48,10.33
module_0,135.0,12.41,76.85,10.74
module_0,135.0,12.82,76.66,10.52
module_0,135.0,9.67,30.44,59.89
module_0,135.0,9.62,20.88,69.51
module_0,135.0,9.62,18.49,71.89
module_0,135.0,9.62,17.4,72.99
module_0,135.0,9.62,16.96,73.42
module_0,135.0,9.62,16.88,73.51
module_0,135.0,9.62,17.34,73.04
module_0,135.0,9.62,18.49,71.89
module_0,135.0,33.48,66.52,0.0
module_0,135.0,32.6,67.4,0.0
module_0,135.0,28.77,71.23,0.0
module_0,135.0,25.95,74.0,0.05
module_0,135.0,23.62,76.03,0.36
module_0,135.0,20.22,78.93,0.85
module_0,135.0,17.48,80.93,1.59
module_0,135.0,15.01,82.55,2.44
module_0,135.0,13.32,82.68,4.0
module_0,135.0,12.66,82.47,4.88
module_0,135.0,11.81,79.4,8.79
module_0,135.0,11.29,76.11,12.6
module_0,135.0,11.12,73.15,15.73
module_0,135.0,11.01,69.97,19.01
module_0,135.0,12.41,81.45,6.14
module_0,135.0,11.89,80.08,8.03
module_0,135.0,11.45,76.79,11.75
module_0,135.0,10.93,69.34,19.73
module_0,135.0,10.74,62.14,27.12
module_0,135.0,10.33,45.32,44.36
module_0,135.0,11.56,78.3,10.14
module_0,135.0,11.21,75.81,12.99
module_0,135.0,11.01,70.47,18.52
module_0,135.0,10.66,63.01,26.33
module_0,135.0,10.33,43.12,46.55
module_0,135.0,9.97,25.59,64.44
module_0,135.0,11.01,70.88,18.11
module_0,135.0,10.71,65.48,23.81
module_0,135.0,10.41,54.77,34.82
module_0,135.0,10.36,51.21,38.44
module_0,135.0,10.14,29.62,60.25
module_0,135.0,9.78,22.82,67.4
module_0,135.0,10.44,58.93,30.63
module_0,135.0,10.33,53.34,36.33
module_0,135.0,10.14,43.67,46.19
module_0,135.0,10.14,38.77,51.1
module_0,135.0,10.0,27.51,62.49
module_0,135.0,9.73,23.67,66.6
module_0,135.0,10.14,47.45,42.41
module_0,135.0,10.08,41.53,48.38
module_0,135.0,9.89,32.49,57.62
module_0,135.0,9.92,31.42,58.66
module_0,135.0,9.89,27.37,62.74
module_0,135.0,9.75,26.3,63.95
module_0,135.0,9.89,35.45,54.66
module_0,135.0,9.78,29.51,60.71
module_0,135.0,9.7,24.27,66.03
module_0,135.0,9.7,25.45,64.85
module_0,135.0,9.7,26.41,63.89
module_0,135.0,9.73,30.3,59.97
module_0,135.0,29.92,70.08,0.0
module_0,135.0,26.82,73.07,0.11
module_0,135.0,32.08,67.92,0.0
module_0,135.0,22.27,77.07,0.66
module_0,135.0,16.49,81.89,1.62
module_0,135.0,19.51,79.21,1.29
module_0,135.0,25.45,74.3,0.25
module_0,135.0,11.45,77.01,11.53
module_0,135.0,11.12,73.67,15.21
module_0,135.0,11.12,73.51,15.37
module_0,135.0,13.29,82.96,3.75
module_0,135.0,11.64,78.99,9.37
module_0,135.0,11.07,73.92,15.01
module_0,135.0,12.41,81.48,6.11
module_0,135.0,10.44,58.9,30.66
module_0,135.0,10.14,48.14,41.73
module_0,180.0,9.7,24.55,65.75
module_0,180.0,9.62,16.88,73.51
module_0,180.0,9.62,15.34,75.04
module_0,180.0,9.62,15.07,75.32
module_0,180.0,9.62,15.1,75.29
module_0,180.0,9.62,14.96,75.42
module_0,180.0,9.62,15.37,75.01
module_0,180.0,9.62,18.14,72.25
module_0,180.0,9.89,36.27,53.84
module_0,180.0,10.14,48.0,41.86
module_0,180.0,10.52,59.12,30.36
module_0,180.0,11.15,73.23,15.62
module_0,180.0,11.78,79.45,8.77
module_0,180.0,12.77,82.14,5.1
module_0,180.0,14.05,82.66,3.29
module_0,180.0,15.73,82.19,2.08
module_0,180.0,17.51,81.23,1.26
module_0,180.0,19.95,79.4,0.66
module_0,180.0,22.85,76.85,0.3
module_0,180.0,26.25,73.64,0.11
module_0,180.0,29.45,70.55,0.0
module_0,180.0,33.48,66.52,0.0
module_0,180.0,35.73,64.27,0.0
module_0,180.0,9.78,30.88,59.34
module_0,180.0,10.11,41.95,47.95
module_0,180.0,10.41,53.64,35.95
module_0,180.0,10.85,66.44,22.71
module_0,180.0,11.4,77.45,11.15
module_0,180.0,12.14,81.18,6.68
module_0,180.0,13.07,82.55,4.38
module_0,180.0,9.7,26.82,63.48
module_0,180.0,10.0,37.64,52.36
module_0,180.0,10.22,49.01,40.77
module_0,180.0,10.55,60.08,29.37
module_0,180.0,11.15,73.26,15.59
module_0,180.0,11.62,78.77,9.62
module_0,180.0,12.03,80.36,7.62
module_0,180.0,9.7,26.05,64.25
module_0,180.0,9.92,35.86,54.22
module_0,180.0,10.14,43.29,46.58
module_0,180.0,10.41,52.9,36.68
module_0,180.0,10.66,66.68,22.66
module_0,180.0,11.26,75.59,13.15
module_0,180.0,11.62,78.25,10.14
module_0,180.0,9.7,26.77,63.53
module_0,180.0,9.89,33.1,57.01
module_0,180.0,10.0,37.51,52.49
module_0,180.0,10.14,43.21,46.66
module_0,180.0,10.41,51.34,38.25
module_0,180.0,10.82,64.82,24.36
module_0,180.0,11.32,74.88,13.81
module_0,180.0,9.73,29.42,60.85
module_0,180.0,9.75,31.07,59.18
module_0,180.0,9.75,32.52,57.73
module_0,180.0,9.78,35.29,54.93
module_0,180.0,9.95,41.18,48.88
module_0,180.0,10.41,52.0,37.59
module_0,180.0,11.15,72.68,16.16
module_0,180.0,9.89,38.38,51.73
module_0,180.0,10.19,50.08,39.73
module_0,180.0,9.7,29.23,61.07
module_0,180.0,9.7,24.25,66.05
module_0,180.0,10.55,59.92,29.53
module_0,180.0,11.07,72.6,16.33
module_0,180.0,11.67,78.85,9.48
module_0,180.0,13.48,82.74,3.78
module_0,180.0,14.66,82.9,2.44
module_0,180.0,12.52,81.37,6.11
module_0,180.0,9.64,20.11,70.25
module_0,180.0,9.7,25.15,65.15
module_0,180.0,15.37,82.52,2.11
module_0,180.0,16.14,82.0,1.86
module_0,180.0,17.53,81.21,1.26
module_0,180.0,20.14,79.37,0.49
module_0,180.0,22.58,77.18,0.25
module_0,180.0,25.64,74.27,0.08
module_0,180.0,28.9,71.1,0.0
module_0,180.0,33.45,66.55,0.0
module_0,180.0,31.67,68.25,0.08
module_0,180.0,31.01,68.99,0.0
module_0,180.0,21.1,78.47,0.44
module_0,180.0,24.22,75.75,0.03
module_0,180.0,17.78,80.82,1.4
module_0,180.0,35.56,64.44,0.0
module_0,180.0,31.97,68.03,0.0
module_0,180.0,32.79,67.21,0.0
module_0,180.0,27.73,72.27,0.0
module_0,180.0,14.85,82.49,2.66
module_0,180.0,9.62,18.25,72.14
module_0,180.0,9.62,17.07,73.32
module_0,180.0,9.62,17.34,73.04
module_0,180.0,9.62,17.56,72.82
module_0,180.0,9.64,19.23,71.12
module_0,180.0,9.64,18.66,71.7
module_0,180.0,9.7,20.9,69.4
module_0,180.0,9.78,34.9,55.32
module_0,180.0,9.7,21.92,68.38
module_0,180.0,9.78,31.42,58.79
module_0,180.0,9.7,35.59,54.71
module_0,180.0,9.62,24.05,66.33
module_0,180.0,9.62,24.03,66.36
module_0,180.0,9.64,28.55,61.81
module_0,180.0,9.7,36.9,53.4
module_0,180.0,40.6,59.4,0.0
module_0,180.0,35.32,64.68,0.0
module_0,180.0,42.99,57.01,0.0
module_0,180.0,40.03,59.97,0.0
module_0,180.0,16.99,81.01,2.0
module_0,180.0,11.62,77.95,10.44
module_0,180.0,11.53,77.89,10.58
module_0,180.0,11.1,66.93,21.97
module_0,180.0,11.32,75.04,13.64
module_0,180.0,12.19,79.29,8.52
module_0,180.0,12.47,79.92,7.62
module_0,180.0,11.53,76.22,12.25
module_0,180.0,13.42,82.58,4.0
module_0,180.0,9.7,21.4,68.9
module_0,180.0,30.68,69.32,0.0
module_0,180.0,29.95,69.59,0.47
module_0,180.0,32.41,64.71,2.88
module_0,180.0,25.59,74.41,0.0
module_0,180.0,24.66,72.77,2.58
module_0,180.0,26.03,70.22,3.75
module_0,180.0,20.9,79.1,0.0
module_0,180.0,19.4,77.01,3.59
module_0,180.0,20.79,72.25,6.96
module_0,180.0,18.44,81.56,0.0
module_0,180.0,16.79,79.73,3.48
module_0,180.0,18.93,73.78,7.29
module_0,180.0,25.84,74.16,0.0
module_0,180.0,21.78,78.22,0.0
module_0,180.0,26.74,69.34,3.92
module_0,180.0,12.9,85.89,1.21
module_0,180.0,12.55,84.11,3.34
module_0,180.0,12.49,83.15,4.36
module_0,180.0,13.07,80.3,6.63
module_0,180.0,13.73,79.21,7.07
module_0,180.0,11.78,86.44,1.78
module_0,180.0,11.56,84.33,4.11
module_0,180.0,11.59,80.52,7.89
module_0,180.0,11.92,78.85,9.23
module_0,180.0,12.58,77.32,10.11
module_0,180.0,10.68,86.6,2.71
module_0,180.0,10.44,81.15,8.41
module_0,180.0,10.52,76.38,13.1
module_0,180.0,10.68,73.64,15.67
module_0,180.0,11.4,72.16,16.44
module_0,180.0,9.95,82.22,7.84
module_0,180.0,9.78,71.73,18.49
module_0,180.0,9.84,67.64,22.52
module_0,180.0,10.11,66.19,23.7
module_0,180.0,10.63,66.82,22.55
module_0,180.0,9.7,67.51,22.79
module_0,180.0,9.67,49.23,41.1
module_0,180.0,9.64,48.3,42.05
module_0,180.0,9.7,53.84,36.47
module_0,180.0,11.34,71.92,16.74
module_0,180.0,9.62,15.73,74.66
module_0,180.0,9.62,14.41,75.97
module_0,180.0,9.62,14.49,75.89
module_0,180.0,9.62,14.36,76.03
module_0,180.0,9.62,14.38,76.0
module_0,180.0,9.62,14.19,76.19
module_0,180.0,9.62,14.44,75.95
module_0,180.0,9.62,17.18,73.21
module_0,180.0,9.78,31.73,58.49
module_0,180.0,10.08,41.21,48.71
module_0,180.0,10.41,53.92,35.67
module_0,180.0,10.85,66.66,22.49
module_0,180.0,11.4,77.1,11.51
module_0,180.0,12.16,80.88,6.96
module_0,180.0,13.45,82.66,3.89
module_0,180.0,14.74,82.55,2.71
module_0,180.0,17.12,81.48,1.4
module_0,180.0,19.62,79.64,0.74
module_0,180.0,22.38,77.26,0.36
module_0,180.0,25.26,74.63,0.11
module_0,180.0,29.18,70.82,0.0
module_0,180.0,33.15,66.85,0.0
module_0,180.0,36.85,63.15,0.0
module_0,180.0,9.7,25.75,64.55
module_0,180.0,9.95,35.81,54.25
module_0,180.0,10.14,48.3,41.56
module_0,180.0,10.55,60.05,29.4
module_0,180.0,11.15,73.18,15.67
module_0,180.0,11.73,79.59,8.68
module_0,180.0,12.49,81.62,5.89
module_0,180.0,9.7,24.14,66.16
module_0,180.0,9.89,33.56,56.55
module_0,180.0,10.11,44.19,45.7
module_0,180.0,10.41,54.9,34.68
module_0,180.0,10.82,67.53,21.64
module_0,180.0,11.32,76.66,12.03
module_0,180.0,11.7,79.48,8.82
module_0,180.0,9.7,23.64,66.66
module_0,180.0,9.78,31.01,59.21
module_0,180.0,10.08,38.08,51.84
module_0,180.0,10.19,45.92,43.89
module_0,180.0,10.52,56.36,33.12
module_0,180.0,11.01,70.66,18.33
module_0,180.0,11.48,77.18,11.34
module_0,180.0,9.7,24.58,65.73
module_0,180.0,9.78,30.49,59.73
module_0,180.0,9.92,35.29,54.79
module_0,180.0,10.0,39.26,50.74
module_0,180.0,10.14,45.89,43.97
module_0,180.0,10.52,55.75,33.73
module_0,180.0,11.12,70.05,18.82
module_0,180.0,9.73,29.04,61.23
module_0,180.0,9.7,30.49,59.81
module_0,180.0,9.7,29.04,61.26
module_0,180.0,9.7,30.05,60.25
module_0,180.0,9.7,34.93,55.37
module_0,180.0,10.08,44.55,45.37
module_0,180.0,10.99,64.96,24.05
module_0,180.0,10.0,41.95,48.05
module_0,180.0,10.33,51.7,37.97
module_0,180.0,10.6,63.32,26.08
module_0,180.0,11.32,75.42,13.26
module_0,180.0,11.86,79.84,8.3
module_0,180.0,14.0,82.71,3.29
module_0,180.0,12.88,81.95,5.18
module_0,180.0,16.74,81.75,1.51
module_0,180.0,18.99,80.08,0.93
module_0,180.0,21.84,77.92,0.25
module_0,180.0,24.41,75.42,0.16
module_0,180.0,27.59,72.38,0.03
module_0,180.0,33.97,66.03,0.0
module_0,180.0,30.08,69.92,0.0
module_0,180.0,23.51,76.47,0.03
module_0,180.0,26.96,73.04,0.0
module_0,180.0,20.71,78.9,0.38
module_0,180.0,35.26,64.74,0.0
module_0,180.0,30.38,69.62,0.0
module_0,180.0,9.67,18.49,71.84
module_0,180.0,10.0,41.48,48.52
module_0,180.0,9.64,27.32,63.04
module_0,180.0,9.62,22.88,67.51
module_0,180.0,9.62,24.99,65.4
module_0,180.0,9.62,27.51,62.88
module_0,180.0,10.0,44.49,45.51
module_0,180.0,38.74,61.26,0.0
module_0,180.0,11.81,80.3,7.89
module_0,180.0,11.32,76.19,12.49
module_0,180.0,11.29,74.08,14.63
module_0,180.0,11.4,74.58,14.03
module_0,180.0,31.42,68.58,0.0
module_0,180.0,28.93,70.96,0.11
module_0,180.0,30.0,67.01,2.99
module_0,180.0,25.48,74.52,0.0
module_0,180.0,22.66,75.95,1.4
module_0,180.0,23.23,73.26,3.51
module_0,180.0,20.71,79.29,0.0
module_0,180.0,18.52,79.62,1.86
module_0,180.0,18.63,74.96,6.41
module_0,180.0,20.38,79.62,0.0
module_0,180.0,17.23,82.71,0.05
module_0,180.0,17.78,77.12,5.1
module_0,180.0,42.68,57.32,0.0
module_0,180.0,33.4,66.6,0.0
module_0,180.0,35.92,64.08,0.0
module_0,180.0,12.9,86.47,0.63
module_0,180.0,12.33,84.68,2.99
module_0,180.0,12.3,83.45,4.25
module_0,180.0,12.6,80.38,7.01
module_0,180.0,13.32,79.51,7.18
module_0,180.0,11.56,86.79,1.64
module_0,180.0,11.21,83.73,5.07
module_0,180.0,11.1,79.97,8.93
module_0,180.0,11.4,78.68,9.92
module_0,180.0,11.84,76.0,12.16
module_0,180.0,10.47,87.4,2.14
module_0,180.0,10.22,80.99,8.79
module_0,180.0,10.16,75.37,14.47
module_0,180.0,10.41,73.32,16.27
module_0,180.0,10.74,71.64,17.62
module_0,180.0,9.92,84.85,5.23
module_0,180.0,9.7,68.88,21.42
module_0,180.0,9.7,62.55,27.75
module_0,180.0,9.78,62.11,28.11
module_0,180.0,10.36,64.99,24.66
module_0,180.0,9.78,88.63,1.59
module_0,180.0,9.62,36.49,53.89
module_0,180.0,9.7,53.7,36.6
module_0,180.0,9.62,38.05,52.33
module_0,180.0,12.05,72.66,15.29
module_0,225.0,29.86,70.14,0.0
module_0,225.0,27.53,72.47,0.0
module_0,225.0,35.78,64.22,0.0
module_0,225.0,21.67,78.33,0.0
module_0,225.0,21.07,78.93,0.0
module_0,225.0,24.71,75.29,0.0
module_0,225.0,26.11,73.89,0.0
module_0,225.0,24.22,75.78,0.0
module_0,225.0,29.37,70.63,0.0
module_0,225.0,34.88,65.12,0.0
module_0,225.0,32.88,67.12,0.0
module_0,225.0,34.41,65.59,0.0
module_0,225.0,42.41,57.59,0.0
module_0,225.0,37.15,62.85,0.0
module_0,225.0,39.32,60.68,0.0
module_0,225.0,13.04,86.96,0.0
module_0,225.0,12.74,87.26,0.0
module_0,225.0,12.63,87.37,0.0
module_0,225.0,13.1,86.9,0.0
module_0,225.0,13.75,86.25,0.0
module_0,225.0,11.75,88.25,0.0
module_0,225.0,11.42,88.58,0.0
module_0,225.0,11.48,88.52,0.0
module_0,225.0,11.78,88.22,0.0
module_0,225.0,12.41,86.36,1.23
module_0,225.0,10.47,89.53,0.0
module_0,225.0,10.22,89.78,0.0
module_0,225.0,10.25,88.0,1.75
module_0,225.0,10.52,87.34,2.14
module_0,225.0,11.18,85.15,3.67
module_0,225.0,9.78,90.22,0.0
module_0,225.0,9.7,84.11,6.19
module_0,225.0,9.73,81.37,8.9
module_0,225.0,9.92,81.21,8.88
module_0,225.0,10.71,80.79,8.49
module_0,225.0,9.64,66.25,24.11
module_0,225.0,9.62,53.67,36.71
module_0,225.0,9.62,52.68,37.7
module_0,225.0,9.7,73.42,16.88
module_0,225.0,14.96,77.84,7.21
module_0,225.0,9.62,20.41,69.97
module_0,225.0,9.62,18.16,72.22
module_0,225.0,9.62,18.25,72.14
module_0,225.0,9.62,18.38,72.0
module_0,225.0,9.62,18.55,71.84
module_0,225.0,9.62,18.66,71.73
module_0,225.0,9.62,19.04,71.34
module_0,225.0,9.62,21.95,68.44
module_0,225.0,46.19,53.81,0.0
module_0,225.0,42.33,57.67,0.0
module_0,225.0,36.44,63.56,0.0
module_0,225.0,30.25,69.75,0.0
module_0,225.0,26.0,74.0,0.0
module_0,225.0,22.41,77.23,0.36
module_0,225.0,19.32,79.81,0.88
module_0,225.0,16.08,82.3,1.62
module_0,225.0,14.22,83.18,2.6
module_0,225.0,13.34,83.26,3.4
module_0,225.0,12.03,82.38,5.59
module_0,225.0,11.7,82.0,6.3
module_0,225.0,11.53,79.34,9.12
module_0,225.0,11.45,76.9,11.64
module_0,225.0,13.07,82.6,4.33
module_0,225.0,12.3,82.05,5.64
module_0,225.0,11.56,78.96,9.48
module_0,225.0,11.34,79.23,9.42
module_0,225.0,10.71,73.89,15.4
module_0,225.0,10.25,68.0,21.75
module_0,225.0,11.97,79.42,8.6
module_0,225.0,11.56,76.49,11.95
module_0,225.0,11.15,74.05,14.79
module_0,225.0,10.71,70.96,18.33
module_0,225.0,10.22,66.52,23.26
module_0,225.0,9.78,55.73,34.49
module_0,225.0,11.15,74.44,14.41
module_0,225.0,10.85,70.05,19.1
module_0,225.0,10.58,66.74,22.68
module_0,225.0,10.27,60.16,29.56
module_0,225.0,10.08,58.38,31.53
module_0,225.0,9.7,45.81,44.49
module_0,225.0,10.58,69.07,20.36
module_0,225.0,10.38,63.48,26.14
module_0,225.0,10.16,59.34,30.49
module_0,225.0,10.11,52.79,37.1
module_0,225.0,9.97,51.48,38.55
module_0,225.0,9.7,41.4,48.9
module_0,225.0,10.16,62.38,27.45
module_0,225.0,10.08,55.21,34.71
module_0,225.0,9.97,50.52,39.51
module_0,225.0,9.86,43.84,46.3
module_0,225.0,9.86,43.97,46.16
module_0,225.0,9.7,39.89,50.41
module_0,225.0,9.86,52.44,37.7
module_0,225.0,9.73,44.41,45.86
module_0,225.0,9.7,39.64,50.66
module_0,225.0,9.7,34.14,56.16
module_0,225.0,9.7,36.88,53.42
module_0,225.0,9.78,37.42,52.79
module_0,225.0,38.3,61.7,0.0
module_0,225.0,32.19,67.81,0.0
module_0,225.0,39.37,60.63,0.0
module_0,225.0,36.71,63.29,0.0
module_0,225.0,44.11,55.89,0.0
module_0,225.0,37.89,62.11,0.0
module_0,225.0,47.04,52.96,0.0
module_0,225.0,37.37,62.63,0.0
module_0,225.0,41.7,58.3,0.0
module_0,225.0,47.23,52.77,0.0
module_0,225.0,31.1,68.9,0.0
module_0,225.0,24.79,74.99,0.22
module_0,225.0,22.38,77.21,0.41
module_0,225.0,18.93,80.33,0.74
module_0,225.0,16.77,82.19,1.04
module_0,225.0,27.32,72.66,0.03
module_0,225.0,23.73,75.95,0.33
module_0,225.0,17.81,81.21,0.99
module_0,225.0,16.0,82.55,1.45
module_0,225.0,20.99,78.47,0.55
module_0,225.0,15.15,83.12,1.73
module_0,225.0,28.3,71.7,0.0
module_0,225.0,37.97,62.03,0.0
module_0,225.0,26.88,73.12,0.0
module_0,225.0,22.99,76.77,0.25
module_0,225.0,31.56,68.44,0.0
module_0,225.0,26.22,73.78,0.0
module_0,225.0,51.21,48.79,0.0
module_0,225.0,47.1,52.9,0.0
module_0,225.0,34.93,65.07,0.0
module_0,225.0,42.0,58.0,0.0
module_0,225.0,30.36,69.64,0.0
module_0,225.0,44.19,55.81,0.0
module_0,225.0,19.21,79.7,1.1
module_0,225.0,17.95,80.52,1.53
module_0,225.0,14.0,83.18,2.82
module_0,225.0,15.51,82.49,2.0
module_0,225.0,12.16,82.99,4.85
module_0,225.0,11.56,80.03,8.41
module_0,225.0,11.56,77.97,10.47
module_0,225.0,12.63,79.95,7.42
module_0,225.0,11.84,76.79,11.37
module_0,225.0,11.78,81.4,6.82
module_0,225.0,11.89,81.86,6.25
module_0,225.0,22.88,76.79,0.33
module_0,225.0,14.0,83.4,2.6
module_0,225.0,11.95,81.07,6.99
module_0,225.0,12.88,82.33,4.79
module_0,225.0,11.29,77.67,11.04
module_0,225.0,13.42,83.26,3.32
module_0,225.0,12.16,80.96,6.88
module_0,225.0,10.71,74.38,14.9
module_0,225.0,11.48,78.36,10.16
module_0,225.0,10.41,69.15,20.44
module_0,225.0,10.66,73.73,15.62
module_0,225.0,10.25,69.34,20.41
module_0,225.0,10.0,61.64,28.36
module_0,225.0,9.7,44.3,46.0
module_0,225.0,9.92,57.81,32.27
module_0,225.0,9.7,36.68,53.62
module_0,225.0,9.7,31.97,58.33
module_0,225.0,9.64,28.93,61.42
module_0,225.0,9.62,24.99,65.4
module_0,225.0,11.59,80.66,7.75
module_0,225.0,11.21,71.92,16.88
module_0,225.0,10.0,63.04,26.96
module_0,225.0,11.64,77.51,10.85
module_0,225.0,9.64,40.66,49.7
module_0,225.0,9.62,33.21,57.18
module_0,225.0,9.62,30.66,59.73
module_0,225.0,9.7,27.29,63.01
module_0,225.0,9.62,24.68,65.7
module_0,225.0,9.7,28.71,61.59
module_0,225.0,9.7,41.75,48.55
module_0,225.0,10.0,43.18,46.82
module_0,225.0,9.78,34.47,55.75
module_0,225.0,9.7,28.33,61.97
module_0,225.0,9.64,27.48,62.88
module_0,225.0,14.33,83.48,2.19
module_0,225.0,51.12,48.88,0.0
module_0,225.0,41.95,58.05,0.0
module_0,225.0,47.1,52.9,0.0
module_0,225.0,23.15,75.97,0.88
module_0,225.0,20.44,79.56,0.0
module_0,225.0,22.49,77.51,0.0
module_0,225.0,26.08,73.92,0.0
module_0,225.0,25.4,74.6,0.0
module_0,225.0,25.64,74.36,0.0
module_0,225.0,33.12,66.88,0.0
module_0,225.0,30.77,69.23,0.0
module_0,225.0,30.27,69.73,0.0
module_0,225.0,42.0,58.0,0.0
module_0,225.0,35.73,64.27,0.0
module_0,225.0,34.99,65.01,0.0
module_0,225.0,13.67,86.33,0.0
module_0,225.0,12.93,87.07,0.0
module_0,225.0,12.85,87.15,0.0
module_0,225.0,13.12,86.88,0.0
module_0,225.0,13.73,86.27,0.0
module_0,225.0,12.38,87.62,0.0
module_0,225.0,11.84,88.16,0.0
module_0,225.0,11.78,88.22,0.0
module_0,225.0,12.03,87.97,0.0
module_0,225.0,12.6,87.4,0.0
module_0,225.0,10.79,89.21,0.0
module_0,225.0,10.55,89.45,0.0
module_0,225.0,10.55,89.45,0.0
module_0,225.0,10.71,87.51,1.78
module_0,225.0,11.29,86.3,2.41
module_0,225.0,10.08,89.92,0.0
module_0,225.0,9.92,89.62,0.47
module_0,225.0,9.84,86.11,4.05
module_0,225.0,9.95,83.73,6.33
module_0,225.0,10.47,82.85,6.68
module_0,225.0,9.78,90.22,0.0
module_0,225.0,9.64,62.9,27.45
module_0,225.0,9.7,68.27,22.03
module_0,225.0,9.62,51.45,38.93
module_0,225.0,10.58,78.08,11.34
module_0,225.0,9.62,22.49,67.89
module_0,225.0,9.62,20.11,70.27
module_0,225.0,9.62,19.7,70.68
module_0,225.0,9.62,19.7,70.68
module_0,225.0,9.62,20.16,70.22
module_0,225.0,9.62,21.37,69.01
module_0,225.0,9.62,24.0,66.38
module_0,225.0,9.67,36.74,53.59
module_0,225.0,42.16,57.84,0.0
module_0,225.0,38.82,61.18,0.0
module_0,225.0,33.04,66.96,0.0
module_0,225.0,27.78,72.22,0.0
module_0,225.0,23.73,76.03,0.25
module_0,225.0,20.71,78.74,0.55
module_0,225.0,17.7,81.26,1.04
module_0,225.0,15.48,82.88,1.64
module_0,225.0,14.16,83.15,2.68
module_0,225.0,13.4,83.01,3.59
module_0,225.0,12.36,83.21,4.44
module_0,225.0,11.84,82.05,6.11
module_0,225.0,11.4,79.37,9.23
module_0,225.0,11.07,75.21,13.73
module_0,225.0,12.85,82.05,5.1
module_0,225.0,12.19,81.45,6.36
module_0,225.0,11.92,80.44,7.64
module_0,225.0,11.29,78.38,10.33
module_0,225.0,10.71,73.26,16.03
module_0,225.0,10.16,66.66,23.18
module_0,225.0,11.84,79.01,9.15
module_0,225.0,11.45,75.56,12.99
module_0,225.0,11.01,72.74,16.25
module_0,225.0,10.68,69.29,20.03
module_0,225.0,10.38,65.64,23.97
module_0,225.0,9.86,56.96,33.18
module_0,225.0,11.07,74.44,14.49
module_0,225.0,10.71,69.73,19.56
module_0,225.0,10.55,65.7,23.75
module_0,225.0,10.47,64.14,25.4
module_0,225.0,10.11,58.16,31.73
module_0,225.0,9.78,49.78,40.44
module_0,225.0,10.52,69.34,20.14
module_0,225.0,10.36,62.55,27.1
module_0,225.0,10.14,58.22,31.64
module_0,225.0,10.14,56.68,33.18
module_0,225.0,10.0,50.52,39.48
module_0,225.0,9.75,44.14,46.11
module_0,225.0,10.11,61.7,28.19
module_0,225.0,9.97,54.3,35.73
module_0,225.0,9.89,49.23,40.88
module_0,225.0,9.95,48.52,41.53
module_0,225.0,9.78,42.22,48.0
module_0,225.0,9.78,40.36,49.86
module_0,225.0,9.78,51.29,38.93
module_0,225.0,9.7,41.95,48.36
module_0,225.0,9.7,36.99,53.32
module_0,225.0,9.7,37.73,52.58
module_0,225.0,9.7,33.67,56.63
module_0,225.0,9.7,33.89,56.41
module_0,225.0,9.7,38.44,51.86
module_0,225.0,9.64,30.14,60.22
module_0,225.0,9.62,26.44,63.95
module_0,225.0,13.21,79.48,7.32
module_0,225.0,9.7,51.23,39.07
module_0,225.0,9.62,36.93,53.45
module_0,225.0,9.62,33.12,57.26
module_0,225.0,9.62,30.96,59.42
module_0,225.0,9.62,24.96,65.42
module_0,225.0,9.64,35.15,55.21
module_0,225.0,9.89,38.03,52.08
module_0,270.0,9.62,38.9,51.48
module_0,270.0,9.62,31.07,59.32
module_0,270.0,9.62,28.33,62.05
module_0,270.0,9.62,26.93,63.45
module_0,270.0,9.62,26.38,64.0
module_0,270.0,9.62,26.74,63.64
module_0,270.0,9.62,27.75,62.63
module_0,270.0,9.7,34.03,56.27
module_0,270.0,56.19,43.81,0.0
module_0,270.0,51.15,48.85,0.0
module_0,270.0,45.12,54.88,0.0
module_0,270.0,38.03,61.97,0.0
module_0,270.0,30.88,69.12,0.0
module_0,270.0,24.71,75.29,0.0
module_0,270.0,20.96,79.04,0.0
module_0,270.0,16.63,83.37,0.0
module_0,270.0,14.44,85.56,0.0
module_0,270.0,13.56,86.44,0.0
module_0,270.0,12.44,87.42,0.14
module_0,270.0,11.86,86.49,1.64
module_0,270.0,11.64,85.37,2.99
module_0,270.0,11.59,84.71,3.7
module_0,270.0,13.32,86.68,0.0
module_0,270.0,12.55,87.45,0.0
module_0,270.0,11.86,85.97,2.16
module_0,270.0,11.48,84.99,3.53
module_0,270.0,10.71,84.58,4.71
module_0,270.0,10.25,82.16,7.59
module_0,270.0,12.14,87.86,0.0
module_0,270.0,11.7,86.66,1.64
module_0,270.0,11.26,85.1,3.64
module_0,270.0,10.71,83.59,5.7
module_0,270.0,10.3,81.18,8.52
module_0,270.0,9.78,74.66,15.56
module_0,270.0,11.34,86.9,1.75
module_0,270.0,10.88,84.36,4.77
module_0,270.0,10.68,82.05,7.26
module_0,270.0,10.44,79.15,10.41
module_0,270.0,10.11,76.16,13.73
module_0,270.0,9.7,60.74,29.56
module_0,270.0,10.68,84.25,5.07
module_0,270.0,10.44,80.38,9.18
module_0,270.0,10.22,77.45,12.33
module_0,270.0,10.11,74.3,15.59
module_0,270.0,9.97,70.74,19.29
module_0,270.0,9.7,52.93,37.37
module_0,270.0,10.16,79.7,10.14
module_0,270.0,10.03,74.82,15.15
module_0,270.0,9.97,70.25,19.78
module_0,270.0,9.92,66.58,23.51
module_0,270.0,9.86,62.77,27.37
module_0,270.0,9.7,52.63,37.67
module_0,270.0,9.84,71.04,19.12
module_0,270.0,9.75,62.19,28.05
module_0,270.0,9.7,55.64,34.66
module_0,270.0,9.7,52.82,37.48
module_0,270.0,9.7,52.16,38.14
module_0,270.0,9.78,52.22,38.0
module_0,270.0,48.36,51.64,0.0
module_0,270.0,46.52,53.48,0.0
module_0,270.0,41.42,58.58,0.0
module_0,270.0,48.22,51.78,0.0
module_0,270.0,54.58,45.42,0.0
module_0,270.0,47.7,52.3,0.0
module_0,270.0,61.89,38.11,0.0
module_0,270.0,60.99,39.01,0.0
module_0,270.0,29.62,70.38,0.0
module_0,270.0,20.14,79.86,0.0
module_0,270.0,17.12,82.88,0.0
module_0,270.0,24.85,75.15,0.0
module_0,270.0,34.3,65.7,0.0
module_0,270.0,16.36,83.64,0.0
module_0,270.0,65.56,34.44,0.0
module_0,270.0,54.6,45.4,0.0
module_0,270.0,47.21,52.79,0.0
module_0,270.0,40.82,59.18,0.0
module_0,270.0,34.03,65.97,0.0
module_0,270.0,32.08,67.92,0.0
module_0,270.0,20.58,79.42,0.0
module_0,270.0,18.82,81.18,0.0
module_0,270.0,14.03,85.97,0.0
module_0,270.0,16.08,83.92,0.0
module_0,270.0,12.55,87.45,0.0
module_0,270.0,11.7,86.0,2.3
module_0,270.0,11.67,84.82,3.51
module_0,270.0,13.12,84.36,2.52
module_0,270.0,12.08,84.47,3.45
module_0,270.0,12.0,86.63,1.37
module_0,270.0,14.08,85.92,0.0
module_0,270.0,12.14,87.86,0.0
module_0,270.0,11.37,88.63,0.0
module_0,270.0,13.12,86.88,0.0
module_0,270.0,10.74,87.89,1.37
module_0,270.0,10.41,85.07,4.52
module_0,270.0,10.0,79.75,10.25
module_0,270.0,9.7,58.16,32.14
module_0,270.0,9.92,76.0,14.08
module_0,270.0,9.7,49.51,40.79
module_0,270.0,9.7,44.22,46.08
module_0,270.0,9.64,40.05,50.3
module_0,270.0,9.62,36.71,53.67
module_0,270.0,9.64,41.29,49.07
module_0,270.0,9.7,51.56,38.74
module_0,270.0,9.62,34.71,55.67
module_0,270.0,11.45,83.97,4.58
module_0,270.0,10.0,80.38,9.62
module_0,270.0,9.64,51.15,39.21
module_0,270.0,9.62,38.38,52.0
module_0,270.0,9.62,36.52,53.86
module_0,270.0,9.7,38.55,51.75
module_0,270.0,9.64,34.68,55.67
module_0,270.0,9.62,34.03,56.36
module_0,270.0,9.7,40.77,49.53
module_0,270.0,9.7,47.75,42.55
module_0,270.0,9.97,58.74,31.29
module_0,270.0,9.78,50.55,39.67
module_0,270.0,9.7,40.08,50.22
module_0,270.0,9.64,38.47,51.89
module_0,270.0,14.11,85.89,0.0
module_0,270.0,12.71,87.29,0.0
module_0,270.0,11.29,88.71,0.0
module_0,270.0,10.77,89.23,0.0
module_0,270.0,15.53,84.47,0.0
module_0,270.0,13.23,86.77,0.0
module_0,270.0,11.86,88.14,0.0
module_0,270.0,10.58,89.42,0.0
module_0,270.0,9.92,90.08,0.0
module_0,270.0,9.7,82.52,7.78
module_0,270.0,12.85,87.15,0.0
module_0,270.0,11.45,88.55,0.0
module_0,270.0,10.25,89.75,0.0
module_0,270.0,9.7,90.08,0.22
module_0,270.0,9.62,51.78,38.6
module_0,270.0,12.85,87.15,0.0
module_0,270.0,11.34,88.66,0.0
module_0,270.0,10.19,89.81,0.0
module_0,270.0,9.7,89.67,0.63
module_0,270.0,9.62,56.47,33.92
module_0,270.0,13.07,86.93,0.0
module_0,270.0,11.67,88.33,0.0
module_0,270.0,10.44,89.56,0.0
module_0,270.0,9.81,90.0,0.19
module_0,270.0,9.64,63.04,27.32
module_0,270.0,36.27,63.73,0.0
module_0,270.0,30.0,70.0,0.0
module_0,270.0,24.3,75.7,0.0
module_0,270.0,23.81,76.19,0.0
module_0,270.0,50.82,49.18,0.0
module_0,270.0,33.81,66.19,0.0
module_0,270.0,27.23,72.77,0.0
module_0,270.0,21.78,78.22,0.0
module_0,270.0,20.55,79.45,0.0
module_0,270.0,40.9,59.1,0.0
module_0,270.0,34.93,65.07,0.0
module_0,270.0,28.6,71.4,0.0
module_0,270.0,22.49,77.51,0.0
module_0,270.0,21.84,78.16,0.0
module_0,270.0,44.6,55.4,0.0
module_0,270.0,9.62,35.81,54.58
module_0,270.0,9.62,26.05,64.33
module_0,270.0,9.62,25.04,65.34
module_0,270.0,9.62,24.71,65.67
module_0,270.0,9.62,24.6,65.78
module_0,270.0,9.62,24.41,65.97
module_0,270.0,9.62,23.75,66.63
module_0,270.0,9.62,24.55,65.84
module_0,270.0,52.9,47.1,0.0
module_0,270.0,48.36,51.64,0.0
module_0,270.0,41.84,58.16,0.0
module_0,270.0,34.16,65.84,0.0
module_0,270.0,27.1,72.9,0.0
module_0,270.0,23.07,76.93,0.0
module_0,270.0,18.49,81.51,0.0
module_0,270.0,15.89,84.11,0.0
module_0,270.0,14.27,85.73,0.0
module_0,270.0,13.59,86.41,0.0
module_0,270.0,12.55,87.45,0.0
module_0,270.0,11.89,86.96,1.15
module_0,270.0,11.53,85.29,3.18
module_0,270.0,11.21,84.66,4.14
module_0,270.0,13.15,86.85,0.0
module_0,270.0,12.41,87.59,0.0
module_0,270.0,11.86,86.44,1.7
module_0,270.0,11.48,84.96,3.56
module_0,270.0,10.71,84.22,5.07
module_0,270.0,10.22,81.84,7.95
module_0,270.0,11.92,88.08,0.0
module_0,270.0,11.56,86.85,1.59
module_0,270.0,11.23,85.23,3.53
module_0,270.0,10.71,82.77,6.52
module_0,270.0,10.41,80.68,8.9
module_0,270.0,9.92,75.62,14.47
module_0,270.0,11.18,87.64,1.18
module_0,270.0,10.71,84.25,5.04
module_0,270.0,10.58,81.7,7.73
module_0,270.0,10.41,78.68,10.9
module_0,270.0,10.11,76.03,13.86
module_0,270.0,9.78,67.73,22.49
module_0,270.0,10.52,84.47,5.01
module_0,270.0,10.36,79.92,9.73
module_0,270.0,10.16,76.63,13.21
module_0,270.0,10.11,73.21,16.68
module_0,270.0,10.0,70.11,19.89
module_0,270.0,9.75,60.9,29.34
module_0,270.0,10.11,79.59,10.3
module_0,270.0,9.97,73.53,16.49
module_0,270.0,9.92,67.92,22.16
module_0,270.0,9.84,63.45,26.71
module_0,270.0,9.84,61.04,29.12
module_0,270.0,9.78,57.18,33.04
module_0,270.0,9.78,69.42,20.79
module_0,270.0,9.7,58.05,32.25
module_0,270.0,9.7,51.21,39.1
module_0,270.0,9.7,48.58,41.73
module_0,270.0,9.7,47.75,42.55
module_0,270.0,9.7,48.68,41.62
module_0,270.0,45.59,54.41,0.0
module_0,270.0,39.45,60.55,0.0
module_0,270.0,50.93,49.07,0.0
module_0,270.0,27.53,72.47,0.0
module_0,270.0,18.71,81.29,0.0
module_0,270.0,22.9,77.1,0.0
module_0,270.0,35.75,64.25,0.0
module_0,270.0,15.51,84.49,0.0
module_0,270.0,58.55,41.45,0.0
module_0,270.0,54.0,46.0,0.0
module_0,270.0,46.05,53.95,0.0
module_0,270.0,38.44,61.56,0.0
module_0,270.0,26.0,74.0,0.0
module_0,270.0,25.07,74.93,0.0
module_0,270.0,12.08,87.81,0.11
module_0,270.0,11.67,85.45,2.88
module_0,270.0,11.75,84.82,3.42
module_0,270.0,14.82,85.18,0.0
module_0,270.0,12.52,87.48,0.0
module_0,270.0,11.64,88.36,0.0
module_0,270.0,13.64,86.36,0.0
module_0,270.0,10.68,88.14,1.18
module_0,270.0,10.27,85.15,4.58
module_0,270.0,13.51,84.08,2.41
module_0,270.0,9.7,69.62,20.68
module_0,270.0,9.62,42.77,47.62
module_0,270.0,9.62,39.67,50.71
module_0,270.0,9.62,36.19,54.19
module_0,270.0,9.7,39.78,50.52
module_0,270.0,9.86,53.59,36.55
module_0,270.0,14.03,85.97,0.0
module_0,270.0,12.79,87.21,0.0
module_0,270.0,11.48,88.52,0.0
module_0,270.0,10.55,89.45,0.0
module_0,270.0,10.74,89.26,0.0
module_0,270.0,13.29,86.71,0.0
module_0,270.0,12.27,87.73,0.0
module_0,270.0,10.74,89.26,0.0
module_0,270.0,10.0,90.0,0.0
module_0,270.0,9.7,79.45,10.85
module_0,270.0,12.96,87.04,0.0
module_0,270.0,11.84,88.16,0.0
module_0,270.0,10.55,89.45,0.0
module_0,270.0,9.84,90.16,0.0
module_0,270.0,9.7,74.55,15.75
module_0,270.0,13.04,86.96,0.0
module_0,270.0,11.86,88.14,0.0
module_0,270.0,10.58,89.42,0.0
module_0,270.0,9.89,90.11,0.0
module_0,270.0,9.64,66.33,24.03
module_0,270.0,13.81,86.19,0.0
module_0,270.0,12.36,87.64,0.0
module_0,270.0,10.82,89.18,0.0
module_0,270.0,10.08,89.92,0.0
module_0,270.0,9.78,86.16,4.05
module_0,270.0,37.62,62.38,0.0
module_0,270.0,30.77,69.23,0.0
module_0,270.0,23.86,76.14,0.0
module_0,270.0,21.51,78.49,0.0
module_0,270.0,31.29,68.71,0.0
module_0,270.0,36.41,63.59,0.0
module_0,270.0,28.79,71.21,0.0
module_0,270.0,22.96,77.04,0.0
module_0,270.0,20.11,79.89,0.0
module_0,270.0,27.48,72.52,0.0
module_0,270.0,39.4,60.6,0.0
module_0,270.0,31.97,68.03,0.0
module_0,270.0,25.73,74.27,0.0
module_0,270.0,23.01,76.99,0.0
module_0,270.0,34.27,65.73,0.0
module_0,315.0,40.88,59.12,0.0
module_0,315.0,37.21,62.79,0.0
module_0,315.0,45.04,54.96,0.0
module_0,315.0,21.1,78.9,0.0
module_0,315.0,19.23,80.77,0.0
module_0,315.0,22.08,77.26,0.66
module_0,315.0,22.03,77.97,0.0
module_0,315.0,20.22,79.78,0.0
module_0,315.0,22.52,77.48,0.0
module_0,315.0,26.25,73.75,0.0
module_0,315.0,27.75,72.25,0.0
module_0,315.0,27.48,72.52,0.0
module_0,315.0,32.63,67.37,0.0
module_0,315.0,32.14,67.86,0.0
module_0,315.0,34.22,65.78,0.0
module_0,315.0,12.58,87.42,0.0
module_0,315.0,9.62,48.49,41.89
module_0,315.0,9.7,59.86,30.44
module_0,315.0,9.62,41.34,49.04
module_0,315.0,9.84,65.62,24.55
module_0,315.0,10.38,89.62,0.0
module_0,315.0,9.78,86.68,3.53
module_0,315.0,9.7,74.79,15.51
module_0,315.0,9.7,70.77,19.53
module_0,315.0,9.92,72.08,18.0
module_0,315.0,10.85,89.15,0.0
module_0,315.0,10.38,89.62,0.0
module_0,315.0,10.11,86.79,3.1
module_0,315.0,10.16,82.82,7.01
module_0,315.0,10.41,80.55,9.04
module_0,315.0,12.08,87.92,0.0
module_0,315.0,11.4,88.6,0.0
module_0,315.0,11.1,88.9,0.0
module_0,315.0,11.1,87.07,1.84
module_0,315.0,11.37,84.22,4.41
module_0,315.0,13.51,86.49,0.0
module_0,315.0,12.66,87.34,0.0
module_0,315.0,12.27,87.73,0.0
module_0,315.0,12.3,87.51,0.19
module_0,315.0,12.58,86.0,1.42
module_0,315.0,9.62,39.37,51.01
module_0,315.0,9.62,29.4,60.99
module_0,315.0,9.62,28.58,61.81
module_0,315.0,9.62,28.71,61.67
module_0,315.0,9.62,29.86,60.52
module_0,315.0,9.62,30.58,59.81
module_0,315.0,9.62,31.73,58.66
module_0,315.0,9.62,40.08,50.3
module_0,315.0,59.4,40.6,0.0
module_0,315.0,54.14,45.86,0.0
module_0,315.0,46.27,53.73,0.0
module_0,315.0,38.44,61.56,0.0
module_0,315.0,30.99,69.01,0.0
module_0,315.0,25.34,74.66,0.0
module_0,315.0,20.49,79.51,0.0
module_0,315.0,16.52,83.48,0.0
module_0,315.0,14.49,85.51,0.0
module_0,315.0,13.59,86.41,0.0
module_0,315.0,12.66,87.34,0.0
module_0,315.0,12.0,88.0,0.0
module_0,315.0,11.62,88.38,0.0
module_0,315.0,11.4,88.6,0.0
module_0,315.0,13.18,86.82,0.0
module_0,315.0,12.55,87.45,0.0
module_0,315.0,11.81,88.19,0.0
module_0,315.0,11.64,88.36,0.0
module_0,315.0,10.66,89.34,0.0
module_0,315.0,10.11,89.89,0.0
module_0,315.0,11.97,88.03,0.0
module_0,315.0,11.59,88.41,0.0
module_0,315.0,11.07,88.93,0.0
module_0,315.0,10.66,89.34,0.0
module_0,315.0,10.16,89.84,0.0
module_0,315.0,9.73,77.81,12.47
module_0,315.0,11.18,88.82,0.0
module_0,315.0,10.74,89.26,0.0
module_0,315.0,10.71,89.29,0.0
module_0,315.0,10.41,89.59,0.0
module_0,315.0,10.08,86.82,3.1
module_0,315.0,9.7,58.68,31.62
module_0,315.0,10.49,89.51,0.0
module_0,315.0,10.3,89.7,0.0
module_0,315.0,10.22,89.78,0.0
module_0,315.0,10.11,87.15,2.74
module_0,315.0,9.95,79.67,10.38
module_0,315.0,9.7,53.4,36.9
module_0,315.0,10.08,89.92,0.0
module_0,315.0,9.95,88.16,1.89
module_0,315.0,10.0,87.53,2.47
module_0,315.0,9.84,77.37,12.79
module_0,315.0,9.78,68.41,21.81
module_0,315.0,9.73,54.14,36.14
module_0,315.0,9.78,79.95,10.27
module_0,315.0,9.7,67.29,23.01
module_0,315.0,9.7,69.15,21.15
module_0,315.0,9.7,54.16,36.14
module_0,315.0,9.7,50.41,39.89
module_0,315.0,9.75,52.3,37.95
module_0,315.0,53.07,46.93,0.0
module_0,315.0,50.74,49.26,0.0
module_0,315.0,43.73,56.27,0.0
module_0,315.0,53.29,46.71,0.0
module_0,315.0,59.34,40.66,0.0
module_0,315.0,50.36,49.64,0.0
module_0,315.0,65.15,34.85,0.0
module_0,315.0,65.73,34.27,0.0
module_0,315.0,33.59,66.41,0.0
module_0,315.0,21.53,78.47,0.0
module_0,315.0,18.22,81.78,0.0
module_0,315.0,26.6,73.4,0.0
module_0,315.0,37.21,62.79,0.0
module_0,315.0,17.18,82.82,0.0
module_0,315.0,16.25,83.75,0.0
module_0,315.0,72.63,27.37,0.0
module_0,315.0,60.52,39.48,0.0
module_0,315.0,51.1,48.9,0.0
module_0,315.0,45.15,54.85,0.0
module_0,315.0,36.88,63.12,0.0
module_0,315.0,35.48,64.52,0.0
module_0,315.0,22.16,77.84,0.0
module_0,315.0,20.63,79.37,0.0
module_0,315.0,14.6,85.4,0.0
module_0,315.0,17.04,82.96,0.0
module_0,315.0,12.74,87.26,0.0
module_0,315.0,11.89,88.11,0.0
module_0,315.0,11.75,88.25,0.0
module_0,315.0,13.26,86.74,0.0
module_0,315.0,12.36,87.64,0.0
module_0,315.0,12.03,87.97,0.0
module_0,315.0,14.58,85.42,0.0
module_0,315.0,12.25,87.75,0.0
module_0,315.0,11.45,88.55,0.0
module_0,315.0,13.37,86.63,0.0
module_0,315.0,10.85,89.15,0.0
module_0,315.0,10.41,89.59,0.0
module_0,315.0,10.03,89.97,0.0
module_0,315.0,9.7,67.84,22.47
module_0,315.0,9.92,89.34,0.74
module_0,315.0,9.7,57.42,32.88
module_0,315.0,9.7,52.03,38.27
module_0,315.0,9.64,46.11,44.25
module_0,315.0,9.62,42.38,48.0
module_0,315.0,9.64,48.27,42.08
module_0,315.0,9.7,61.73,28.58
module_0,315.0,9.62,40.27,50.11
module_0,315.0,11.7,88.3,0.0
module_0,315.0,10.08,89.92,0.0
module_0,315.0,9.7,82.63,7.67
module_0,315.0,9.64,53.04,37.32
module_0,315.0,9.62,43.86,46.52
module_0,315.0,9.62,40.3,50.08
module_0,315.0,9.62,40.55,49.84
module_0,315.0,9.62,38.63,51.75
module_0,315.0,13.84,86.16,0.0
module_0,315.0,9.67,41.89,48.44
module_0,315.0,9.64,38.19,52.16
module_0,315.0,9.62,38.38,52.0
module_0,315.0,9.7,44.11,46.19
module_0,315.0,9.7,49.62,40.68
module_0,315.0,9.7,42.11,48.19
module_0,315.0,10.0,68.58,21.42
module_0,315.0,9.92,71.18,18.9
module_0,315.0,9.92,62.27,27.81
module_0,315.0,9.7,50.55,39.75
module_0,315.0,9.62,39.1,51.29
module_0,315.0,9.64,42.9,47.45
module_0,315.0,33.12,66.88,0.0
module_0,315.0,26.0,74.0,0.0
module_0,315.0,27.84,72.16,0.0
module_0,315.0,22.6,77.4,0.0
module_0,315.0,19.07,80.93,0.0
module_0,315.0,19.78,80.11,0.11
module_0,315.0,24.38,75.62,0.0
module_0,315.0,21.78,78.22,0.0
module_0,315.0,22.77,77.23,0.0
module_0,315.0,30.6,69.4,0.0
module_0,315.0,25.7,74.3,0.0
module_0,315.0,28.58,71.42,0.0
module_0,315.0,36.96,63.04,0.0
module_0,315.0,33.07,66.93,0.0
module_0,315.0,34.14,65.86,0.0
module_0,315.0,11.7,88.3,0.0
module_0,315.0,9.7,85.42,4.88
module_0,315.0,9.62,44.74,45.64
module_0,315.0,9.67,56.77,33.56
module_0,315.0,9.7,59.73,30.58
module_0,315.0,10.74,89.26,0.0
module_0,315.0,10.08,89.92,0.0
module_0,315.0,9.86,83.18,6.96
module_0,315.0,9.81,76.9,13.29
module_0,315.0,9.97,75.04,14.99
module_0,315.0,11.56,88.44,0.0
module_0,315.0,10.77,89.23,0.0
module_0,315.0,10.49,89.12,0.38
module_0,315.0,10.44,85.92,3.64
module_0,315.0,10.58,83.1,6.33
module_0,315.0,12.82,87.18,0.0
module_0,315.0,12.05,87.95,0.0
module_0,315.0,11.59,88.41,0.0
module_0,315.0,11.45,87.64,0.9
module_0,315.0,11.64,86.08,2.27
module_0,315.0,14.11,85.89,0.0
module_0,315.0,12.9,87.1,0.0
module_0,315.0,12.58,87.42,0.0
module_0,315.0,12.55,87.45,0.0
module_0,315.0,12.74,86.93,0.33
module_0,315.0,9.7,57.73,32.58
module_0,315.0,9.62,35.32,55.07
module_0,315.0,9.62,31.26,59.12
module_0,315.0,9.62,31.53,58.85
module_0,315.0,9.62,32.58,57.81
module_0,315.0,9.62,34.49,55.89
module_0,315.0,9.62,36.85,53.53
module_0,315.0,9.62,44.22,46.16
module_0,315.0,56.82,43.18,0.0
module_0,315.0,53.7,46.3,0.0
module_0,315.0,45.97,54.03,0.0
module_0,315.0,40.55,59.45,0.0
module_0,315.0,32.3,67.7,0.0
module_0,315.0,26.77,73.23,0.0
module_0,315.0,21.78,78.22,0.0
module_0,315.0,17.56,82.44,0.0
module_0,315.0,15.21,84.79,0.0
module_0,315.0,14.25,85.75,0.0
module_0,315.0,12.82,87.18,0.0
module_0,315.0,12.08,87.92,0.0
module_0,315.0,11.86,88.14,0.0
module_0,315.0,11.75,88.25,0.0
module_0,315.0,13.86,86.14,0.0
module_0,315.0,13.04,86.96,0.0
module_0,315.0,12.25,87.75,0.0
module_0,315.0,11.51,88.49,0.0
module_0,315.0,11.23,88.77,0.0
module_0,315.0,10.55,89.45,0.0
module_0,315.0,12.66,87.34,0.0
module_0,315.0,11.92,88.08,0.0
module_0,315.0,11.51,88.49,0.0
module_0,315.0,10.96,89.04,0.0
module_0,315.0,10.52,89.48,0.0
module_0,315.0,10.0,90.0,0.0
module_0,315.0,11.62,88.38,0.0
module_0,315.0,11.23,88.77,0.0
module_0,315.0,10.6,89.4,0.0
module_0,315.0,10.58,89.42,0.0
module_0,315.0,10.16,89.84,0.0
module_0,315.0,9.78,77.73,12.49
module_0,315.0,10.74,89.26,0.0
module_0,315.0,10.49,89.51,0.0
module_0,315.0,10.16,89.84,0.0
module_0,315.0,10.16,89.29,0.55
module_0,315.0,10.08,85.89,4.03
module_0,315.0,9.78,65.51,24.71
module_0,315.0,10.22,89.78,0.0
module_0,315.0,10.11,89.89,0.0
module_0,315.0,9.92,85.32,4.77
module_0,315.0,9.95,84.3,5.75
module_0,315.0,9.92,78.0,12.08
module_0,315.0,9.78,60.77,29.45
module_0,315.0,9.92,89.18,0.9
module_0,315.0,9.78,80.99,9.23
module_0,315.0,9.7,62.38,27.92
module_0,315.0,9.7,62.79,27.51
module_0,315.0,9.7,57.95,32.36
module_0,315.0,9.75,54.25,36.0
module_0,315.0,49.45,50.55,0.0
module_0,315.0,42.79,57.21,0.0
module_0,315.0,54.58,45.42,0.0
module_0,315.0,29.78,70.22,0.0
module_0,315.0,20.33,79.67,0.0
module_0,315.0,24.9,75.1,0.0
module_0,315.0,38.03,61.97,0.0
module_0,315.0,64.9,35.1,0.0
module_0,315.0,57.75,42.25,0.0
module_0,315.0,49.89,50.11,0.0
module_0,315.0,41.86,58.14,0.0
module_0,315.0,28.3,71.7,0.0
module_0,315.0,27.75,72.25,0.0
module_0,315.0,12.27,87.73,0.0
module_0,315.0,11.92,88.08,0.0
module_0,315.0,11.92,88.08,0.0
module_0,315.0,15.12,84.88,0.0
module_0,315.0,12.68,87.32,0.0
module_0,315.0,11.7,88.3,0.0
module_0,315.0,13.84,86.16,0.0
module_0,315.0,10.71,89.29,0.0
module_0,315.0,10.33,89.67,0.0
module_1,0.0,32.96,67.04,0.0
module_1,0.0,27.45,72.55,0.0
module_1,0.0,23.1,76.9,0.0
module_1,0.0,23.34,76.66,0.0
module_1,0.0,51.67,48.33,0.0
module_1,0.0,30.27,69.73,0.0
module_1,0.0,24.85,75.15,0.0
module_1,0.0,20.55,79.45,0.0
module_1,0.0,20.16,79.84,0.0
module_1,0.0,39.53,60.47,0.0
module_1,0.0,31.34,68.66,0.0
module_1,0.0,25.59,74.41,0.0
module_1,0.0,21.42,78.58,0.0
module_1,0.0,21.37,78.63,0.0
module_1,0.0,44.11,55.89,0.0
module_1,0.0,9.7,58.05,32.25
module_1,0.0,9.62,40.3,50.08
module_1,0.0,9.62,36.03,54.36
module_1,0.0,9.62,34.9,55.48
module_1,0.0,9.62,35.04,55.34
module_1,0.0,9.62,36.14,54.25
module_1,0.0,9.62,38.58,51.81
module_1,0.0,9.64,45.95,44.41
module_1,0.0,10.52,89.48,0.0
module_1,0.0,9.78,68.66,21.56
module_1,0.0,9.7,51.92,38.38
module_1,0.0,9.7,46.99,43.32
module_1,0.0,9.73,50.88,39.4
module_1,0.0,9.89,66.85,23.26
module_1,0.0,11.1,88.49,0.41
module_1,0.0,10.33,81.07,8.6
module_1,0.0,10.11,72.77,17.12
module_1,0.0,10.03,67.26,22.71
module_1,0.0,10.0,65.12,24.88
module_1,0.0,9.78,67.21,23.01
module_1,0.0,11.78,88.16,0.05
module_1,0.0,11.01,85.29,3.7
module_1,0.0,10.55,80.96,8.49
module_1,0.0,10.19,78.9,10.9
module_1,0.0,10.08,76.0,13.92
module_1,0.0,9.78,72.03,18.19
module_1,0.0,12.52,87.48,0.0
module_1,0.0,11.62,86.38,2.0
module_1,0.0,10.88,85.37,3.75
module_1,0.0,10.49,84.44,5.07
module_1,0.0,10.11,83.97,5.92
module_1,0.0,9.78,78.49,11.73
module_1,0.0,13.15,86.85,0.0
module_1,0.0,12.19,87.53,0.27
module_1,0.0,11.32,87.15,1.53
module_1,0.0,10.63,86.9,2.47
module_1,0.0,10.14,87.34,2.52
module_1,0.0,9.86,85.81,4.33
module_1,0.0,13.86,86.14,0.0
module_1,0.0,12.82,87.18,0.0
module_1,0.0,11.73,88.16,0.11
module_1,0.0,10.9,88.93,0.16
module_1,0.0,10.36,89.01,0.63
module_1,0.0,10.0,89.42,0.58
module_1,0.0,14.9,85.1,0.0
module_1,0.0,14.49,85.51,0.0
module_1,0.0,17.12,82.88,0.0
module_1,0.0,24.6,75.4,0.0
module_1,0.0,14.41,85.59,0.0
module_1,0.0,13.81,86.19,0.0
module_1,0.0,12.79,87.21,0.0
module_1,0.0,9.73,80.6,9.67
module_1,0.0,9.62,41.42,48.96
module_1,0.0,9.7,53.48,36.82
module_1,0.0,9.62,36.71,53.67
module_1,0.0,10.63,89.37,0.0
module_1,0.0,12.11,87.89,0.0
module_1,0.0,17.78,82.22,0.0
module_1,0.0,12.38,87.62,0.0
module_1,0.0,12.82,87.18,0.0
module_1,0.0,13.23,86.77,0.0
module_1,0.0,12.19,87.81,0.0
module_1,0.0,13.01,86.99,0.0
module_1,0.0,13.56,86.44,0.0
module_1,0.0,12.6,87.4,0.0
module_1,0.0,13.73,86.27,0.0
module_1,0.0,12.22,87.78,0.0
module_1,0.0,9.62,36.68,53.7
module_1,0.0,9.62,33.23,57.15
module_1,0.0,9.62,37.53,52.85
module_1,0.0,9.64,37.01,53.34
module_1,0.0,10.14,83.34,6.52
module_1,0.0,10.0,89.32,0.68
module_1,0.0,9.97,64.88,25.15
module_1,0.0,9.78,73.67,16.55
module_1,0.0,9.7,50.55,39.75
module_1,0.0,9.7,58.85,31.45
module_1,0.0,9.7,61.95,28.36
module_1,0.0,9.7,58.41,31.89
module_1,0.0,9.7,54.63,35.67
module_1,0.0,9.7,50.96,39.34
module_1,0.0,9.7,55.45,34.85
module_1,0.0,9.7,51.56,38.74
module_1,0.0,9.7,68.14,22.16
module_1,0.0,9.75,65.75,24.49
module_1,0.0,14.55,85.45,0.0
module_1,0.0,14.66,85.34,0.0
module_1,0.0,15.42,84.58,0.0
module_1,0.0,15.67,84.33,0.0
module_1,0.0,11.92,87.89,0.19
module_1,0.0,17.29,82.71,0.0
module_1,0.0,17.97,82.03,0.0
module_1,0.0,25.32,74.68,0.0
module_1,0.0,28.82,71.18,0.0
module_1,0.0,28.63,71.37,0.0
module_1,0.0,29.89,70.11,0.0
module_1,0.0,31.21,68.79,0.0
module_1,0.0,30.22,69.78,0.0
module_1,0.0,31.78,68.22,0.0
module_1,0.0,28.93,71.07,0.0
module_1,0.0,25.97,74.03,0.0
module_1,0.0,21.97,78.03,0.0
module_1,0.0,32.99,67.01,0.0
module_1,0.0,11.48,88.44,0.08
module_1,0.0,11.21,88.27,0.52
module_1,0.0,12.58,87.42,0.0
module_1,0.0,10.71,89.01,0.27
module_1,0.0,9.7,62.77,27.53
module_1,0.0,9.78,79.1,11.12
module_1,0.0,10.22,89.53,0.25
module_1,0.0,9.95,85.92,4.14
module_1,0.0,9.73,73.4,16.88
module_1,0.0,10.68,88.71,0.6
module_1,0.0,28.99,71.01,0.0
module_1,0.0,11.42,88.22,0.36
module_1,0.0,34.03,65.97,0.0
module_1,0.0,10.93,88.49,0.58
module_1,0.0,10.3,88.9,0.79
module_1,0.0,10.52,88.68,0.79
module_1,0.0,9.89,81.42,8.68
module_1,0.0,10.11,87.64,2.25
module_1,0.0,12.11,87.81,0.08
module_1,0.0,14.55,85.45,0.0
module_1,0.0,20.96,79.04,0.0
module_1,0.0,19.4,80.6,0.0
module_1,0.0,16.99,83.01,0.0
module_1,0.0,14.77,85.23,0.0
module_1,0.0,12.36,87.64,0.0
module_1,0.0,10.77,89.23,0.0
module_1,0.0,10.3,89.7,0.0
module_1,0.0,13.21,86.79,0.0
module_1,0.0,19.89,80.11,0.0
module_1,0.0,18.49,81.51,0.0
module_1,0.0,16.11,83.89,0.0
module_1,0.0,14.03,85.97,0.0
module_1,0.0,11.7,88.3,0.0
module_1,0.0,10.33,89.67,0.0
module_1,0.0,9.78,90.19,0.03
module_1,0.0,9.62,51.75,38.63
module_1,0.0,19.84,80.16,0.0
module_1,0.0,18.36,81.64,0.0
module_1,0.0,15.95,84.05,0.0
module_1,0.0,13.73,86.27,0.0
module_1,0.0,11.37,88.63,0.0
module_1,0.0,10.19,89.81,0.0
module_1,0.0,9.7,89.84,0.47
module_1,0.0,9.7,80.99,9.32
module_1,0.0,19.78,80.22,0.0
module_1,0.0,18.66,81.34,0.0
module_1,0.0,16.16,83.84,0.0
module_1,0.0,13.95,86.05,0.0
module_1,0.0,11.51,88.49,0.0
module_1,0.0,10.19,89.81,0.0
module_1,0.0,9.7,89.75,0.55
module_1,0.0,9.62,47.32,43.07
module_1,0.0,20.52,79.48,0.0
module_1,0.0,19.04,80.96,0.0
module_1,0.0,16.63,83.37,0.0
module_1,0.0,14.6,85.4,0.0
module_1,0.0,12.03,87.97,0.0
module_1,0.0,10.63,89.37,0.0
module_1,0.0,10.08,89.89,0.03
module_1,0.0,10.19,88.25,1.56
module_1,0.0,33.42,66.58,0.0
module_1,0.0,27.73,72.27,0.0
module_1,0.0,22.33,77.67,0.0
module_1,0.0,20.93,79.07,0.0
module_1,0.0,30.96,69.04,0.0
module_1,0.0,32.74,67.26,0.0
module_1,0.0,26.82,73.18,0.0
module_1,0.0,21.81,78.19,0.0
module_1,0.0,19.89,80.11,0.0
module_1,0.0,28.05,71.95,0.0
module_1,0.0,34.55,65.45,0.0
module_1,0.0,30.08,69.92,0.0
module_1,0.0,23.92,76.08,0.0
module_1,0.0,22.66,77.34,0.0
module_1,0.0,34.6,65.4,0.0
module_1,0.0,9.7,60.33,29.97
module_1,0.0,9.64,44.08,46.27
module_1,0.0,9.62,40.16,50.22
module_1,0.0,9.62,39.26,51.12
module_1,0.0,9.62,40.3,50.08
module_1,0.0,9.62,42.79,47.59
module_1,0.0,9.7,49.23,41.07
module_1,0.0,9.7,61.78,28.52
module_1,0.0,11.15,88.85,0.0
module_1,0.0,10.11,81.18,8.71
module_1,0.0,9.84,65.26,24.9
module_1,0.0,9.78,56.74,33.48
module_1,0.0,9.78,55.07,35.15
module_1,0.0,9.89,62.55,27.56
module_1,0.0,11.62,88.38,0.0
module_1,0.0,10.68,84.38,4.93
module_1,0.0,10.3,78.08,11.62
module_1,0.0,10.14,73.15,16.71
module_1,0.0,10.05,69.04,20.9
module_1,0.0,9.89,69.67,20.44
module_1,0.0,12.25,87.75,0.0
module_1,0.0,11.42,86.25,2.33
module_1,0.0,10.79,84.11,5.1
module_1,0.0,10.47,82.3,7.23
module_1,0.0,10.14,80.9,8.96
module_1,0.0,9.89,77.73,12.38
module_1,0.0,12.93,87.07,0.0
module_1,0.0,12.05,87.26,0.68
module_1,0.0,11.26,86.49,2.25
module_1,0.0,10.6,85.29,4.11
module_1,0.0,10.16,85.45,4.38
module_1,0.0,9.95,84.55,5.51
module_1,0.0,13.62,86.38,0.0
module_1,0.0,12.77,87.23,0.0
module_1,0.0,11.75,87.34,0.9
module_1,0.0,10.9,87.75,1.34
module_1,0.0,10.47,87.75,1.78
module_1,0.0,10.03,88.25,1.73
module_1,0.0,14.6,85.4,0.0
module_1,0.0,13.62,86.38,0.0
module_1,0.0,12.25,87.75,0.0
module_1,0.0,11.32,88.55,0.14
module_1,0.0,10.58,89.15,0.27
module_1,0.0,10.14,89.78,0.08
module_1,0.0,15.81,84.19,0.0
module_1,0.0,18.68,81.32,0.0
module_1,0.0,26.33,73.67,0.0
module_1,0.0,24.55,75.45,0.0
module_1,0.0,26.79,73.21,0.0
module_1,0.0,11.23,88.52,0.25
module_1,0.0,12.05,87.92,0.03
module_1,0.0,10.58,89.04,0.38
module_1,0.0,10.14,89.51,0.36
module_1,0.0,20.58,79.42,0.0
module_1,0.0,19.75,80.25,0.0
module_1,0.0,17.62,82.38,0.0
module_1,0.0,15.15,84.85,0.0
module_1,0.0,12.74,87.26,0.0
module_1,0.0,10.96,89.04,0.0
module_1,0.0,10.19,89.81,0.0
module_1,0.0,9.95,90.05,0.0
module_1,0.0,19.89,80.11,0.0
module_1,0.0,19.34,80.66,0.0
module_1,0.0,17.12,82.88,0.0
module_1,0.0,14.63,85.37,0.0
module_1,0.0,12.03,87.97,0.0
module_1,0.0,10.58,89.42,0.0
module_1,0.0,9.84,90.16,0.0
module_1,0.0,9.64,67.34,23.01
module_1,0.0,19.73,80.27,0.0
module_1,0.0,19.01,80.99,0.0
module_1,0.0,16.88,83.12,0.0
module_1,0.0,14.66,85.34,0.0
module_1,0.0,11.89,88.11,0.0
module_1,0.0,10.44,89.56,0.0
module_1,0.0,9.78,90.22,0.0
module_1,0.0,9.7,77.26,13.04
module_1,0.0,20.08,79.92,0.0
module_1,0.0,19.45,80.55,0.0
module_1,0.0,17.07,82.93,0.0
module_1,0.0,14.82,85.18,0.0
module_1,0.0,12.19,87.81,0.0
module_1,0.0,10.63,89.37,0.0
module_1,0.0,9.92,90.08,0.0
module_1,0.0,9.7,73.15,17.15
module_1,0.0,21.01,78.99,0.0
module_1,0.0,19.92,80.08,0.0
module_1,0.0,17.62,82.38,0.0
module_1,0.0,15.26,84.74,0.0
module_1,0.0,13.1,86.9,0.0
module_1,0.0,11.18,88.82,0.0
module_1,0.0,10.41,89.59,0.0
module_1,0.0,10.66,88.49,0.85
module_1,45.0,9.7,40.11,50.19
module_1,45.0,9.62,31.95,58.44
module_1,45.0,9.62,30.79,59.59
module_1,45.0,9.62,29.48,60.9
module_1,45.0,9.62,29.01,61.37
module_1,45.0,9.62,29.1,61.29
module_1,45.0,9.62,31.29,59.1
module_1,45.0,9.7,48.93,41.37
module_1,45.0,10.33,75.56,14.11
module_1,45.0,9.78,49.64,40.58
module_1,45.0,9.78,41.59,48.63
module_1,45.0,9.7,30.99,59.32
module_1,45.0,9.7,35.81,54.49
module_1,45.0,9.78,49.56,40.66
module_1,45.0,10.93,76.38,12.68
module_1,45.0,10.38,68.0,21.62
module_1,45.0,10.08,53.64,36.27
module_1,45.0,9.95,48.58,41.48
module_1,45.0,9.86,47.53,42.6
module_1,45.0,9.7,46.41,43.89
module_1,45.0,11.23,81.04,7.73
module_1,45.0,10.68,76.22,13.1
module_1,45.0,10.33,70.66,19.01
module_1,45.0,10.14,70.08,19.78
module_1,45.0,9.89,61.51,28.6
module_1,45.0,9.7,47.37,42.93
module_1,45.0,11.7,84.71,3.59
module_1,45.0,11.04,83.62,5.34
module_1,45.0,10.66,82.93,6.41
module_1,45.0,10.16,76.55,13.29
module_1,45.0,9.95,66.49,23.56
module_1,45.0,9.7,51.64,38.66
module_1,45.0,12.41,87.04,0.55
module_1,45.0,11.56,86.66,1.78
module_1,45.0,10.79,84.49,4.71
module_1,45.0,10.38,80.25,9.37
module_1,45.0,10.03,70.93,19.04
module_1,45.0,9.7,54.77,35.53
module_1,45.0,12.79,86.93,0.27
module_1,45.0,12.0,86.74,1.26
module_1,45.0,11.07,85.56,3.37
module_1,45.0,10.58,82.03,7.4
module_1,45.0,10.11,75.42,14.47
module_1,45.0,9.78,62.77,27.45
module_1,45.0,13.78,86.22,0.0
module_1,45.0,12.99,86.41,0.6
module_1,45.0,16.82,83.04,0.14
module_1,45.0,21.56,78.44,0.0
module_1,45.0,13.32,86.68,0.0
module_1,45.0,13.15,86.85,0.0
module_1,45.0,11.95,87.37,0.68
module_1,45.0,9.7,63.04,27.26
module_1,45.0,9.62,31.81,58.58
module_1,45.0,9.7,38.68,51.62
module_1,45.0,9.62,25.7,64.68
module_1,45.0,10.55,83.78,5.67
module_1,45.0,15.89,83.42,0.68
module_1,45.0,11.86,84.05,4.08
module_1,45.0,12.41,86.19,1.4
module_1,45.0,11.97,84.55,3.48
module_1,45.0,11.59,82.22,6.19
module_1,45.0,12.71,86.44,0.85
module_1,45.0,9.62,28.25,62.14
module_1,45.0,9.62,23.53,66.85
module_1,45.0,9.62,29.1,61.29
module_1,45.0,9.62,26.03,64.36
module_1,45.0,10.0,80.41,9.59
module_1,45.0,9.81,80.27,9.92
module_1,45.0,9.86,56.88,33.26
module_1,45.0,9.7,50.9,39.4
module_1,45.0,9.7,41.73,48.58
module_1,45.0,9.7,39.32,50.99
module_1,45.0,9.7,40.22,50.08
module_1,45.0,9.7,38.9,51.4
module_1,45.0,9.64,36.71,53.64
module_1,45.0,9.62,35.7,54.68
module_1,45.0,9.62,34.71,55.67
module_1,45.0,9.62,37.15,53.23
module_1,45.0,9.7,43.81,46.49
module_1,45.0,9.7,45.23,45.07
module_1,45.0,12.93,85.64,1.42
module_1,45.0,13.48,86.33,0.19
module_1,45.0,14.22,85.78,0.0
module_1,45.0,11.18,83.01,5.81
module_1,45.0,15.75,84.25,0.0
module_1,45.0,21.7,78.3,0.0
module_1,45.0,23.53,76.44,0.03
module_1,45.0,23.97,75.95,0.08
module_1,45.0,23.95,76.05,0.0
module_1,45.0,26.16,73.84,0.0
module_1,45.0,25.18,74.82,0.0
module_1,45.0,26.08,73.92,0.0
module_1,45.0,24.14,75.86,0.0
module_1,45.0,22.63,77.37,0.0
module_1,45.0,27.23,72.77,0.0
module_1,45.0,10.74,81.51,7.75
module_1,45.0,10.74,80.36,8.9
module_1,45.0,11.37,84.93,3.7
module_1,45.0,10.27,76.82,12.9
module_1,45.0,9.67,40.27,50.05
module_1,45.0,9.7,50.41,39.89
module_1,45.0,10.11,71.23,18.66
module_1,45.0,9.78,58.08,32.14
module_1,45.0,9.7,46.03,44.27
module_1,45.0,10.38,75.95,13.67
module_1,45.0,25.07,74.93,0.0
module_1,45.0,10.93,81.07,8.0
module_1,45.0,10.47,78.27,11.26
module_1,45.0,28.27,71.73,0.0
module_1,45.0,10.11,69.7,20.19
module_1,45.0,10.19,73.51,16.3
module_1,45.0,9.75,53.56,36.68
module_1,45.0,9.95,62.96,27.1
module_1,45.0,11.32,84.36,4.33
module_1,45.0,10.0,90.0,0.0
module_1,45.0,9.62,47.7,42.68
module_1,45.0,9.7,64.27,26.03
module_1,45.0,9.62,45.92,44.47
module_1,45.0,10.6,72.14,17.26
module_1,45.0,10.19,89.81,0.0
module_1,45.0,9.7,82.08,8.22
module_1,45.0,9.78,79.73,10.49
module_1,45.0,9.95,77.59,12.47
module_1,45.0,10.36,77.01,12.63
module_1,45.0,10.96,89.04,0.0
module_1,45.0,10.55,89.45,0.0
module_1,45.0,10.38,87.59,2.03
module_1,45.0,10.58,83.97,5.45
module_1,45.0,10.77,80.44,8.79
module_1,45.0,12.68,87.32,0.0
module_1,45.0,11.97,88.03,0.0
module_1,45.0,11.15,88.03,0.82
module_1,45.0,11.95,86.16,1.89
module_1,45.0,11.97,83.04,4.99
module_1,45.0,15.12,84.88,0.0
module_1,45.0,14.47,85.53,0.0
module_1,45.0,13.42,86.58,0.0
module_1,45.0,14.3,85.7,0.0
module_1,45.0,14.74,83.81,1.45
module_1,45.0,16.58,83.42,0.0
module_1,45.0,16.74,83.26,0.0
module_1,45.0,16.36,83.64,0.0
module_1,45.0,16.82,83.18,0.0
module_1,45.0,16.88,83.12,0.0
module_1,45.0,18.66,81.34,0.0
module_1,45.0,18.58,81.42,0.0
module_1,45.0,18.38,81.62,0.0
module_1,45.0,17.64,82.36,0.0
module_1,45.0,18.79,81.21,0.0
module_1,45.0,20.0,80.0,0.0
module_1,45.0,19.1,80.9,0.0
module_1,45.0,19.1,80.9,0.0
module_1,45.0,19.34,80.66,0.0
module_1,45.0,19.81,80.19,0.0
module_1,45.0,30.08,69.92,0.0
module_1,45.0,26.66,73.34,0.0
module_1,45.0,33.12,66.77,0.11
module_1,45.0,21.01,78.99,0.0
module_1,45.0,18.93,81.07,0.0
module_1,45.0,21.12,78.11,0.77
module_1,45.0,22.63,77.37,0.0
module_1,45.0,21.45,78.55,0.0
module_1,45.0,22.08,77.92,0.0
module_1,45.0,28.3,71.7,0.0
module_1,45.0,25.18,74.82,0.0
module_1,45.0,28.22,71.78,0.0
module_1,45.0,31.59,68.41,0.0
module_1,45.0,32.08,67.92,0.0
module_1,45.0,34.63,65.37,0.0
module_1,45.0,9.62,29.97,60.41
module_1,45.0,9.62,28.79,61.59
module_1,45.0,9.62,27.7,62.68
module_1,45.0,9.62,27.18,63.21
module_1,45.0,9.62,26.85,63.53
module_1,45.0,9.62,26.79,63.59
module_1,45.0,9.62,28.71,61.67
module_1,45.0,9.62,32.41,57.97
module_1,45.0,10.79,78.33,10.88
module_1,45.0,10.08,62.16,27.75
module_1,45.0,9.7,37.84,52.47
module_1,45.0,9.75,37.73,52.52
module_1,45.0,9.78,38.25,51.97
module_1,45.0,9.78,45.32,44.9
module_1,45.0,11.04,78.85,10.11
module_1,45.0,10.36,68.36,21.29
module_1,45.0,10.14,61.81,28.05
module_1,45.0,10.08,54.71,35.21
module_1,45.0,9.89,51.92,38.19
module_1,45.0,9.75,47.95,42.3
module_1,45.0,11.56,83.07,5.37
module_1,45.0,10.96,80.9,8.14
module_1,45.0,10.49,77.62,11.89
module_1,45.0,10.14,65.86,24.0
module_1,45.0,10.0,61.15,28.85
module_1,45.0,9.73,51.75,38.52
module_1,45.0,12.14,85.18,2.68
module_1,45.0,11.37,85.15,3.48
module_1,45.0,10.74,82.47,6.79
module_1,45.0,10.38,79.95,9.67
module_1,45.0,10.11,72.41,17.48
module_1,45.0,9.75,54.99,35.26
module_1,45.0,12.38,86.44,1.18
module_1,45.0,11.62,86.74,1.64
module_1,45.0,11.04,85.56,3.4
module_1,45.0,10.55,82.68,6.77
module_1,45.0,10.11,76.41,13.48
module_1,45.0,9.84,64.05,26.11
module_1,45.0,13.12,86.82,0.05
module_1,45.0,12.47,87.1,0.44
module_1,45.0,11.42,85.89,2.68
module_1,45.0,10.68,83.53,5.78
module_1,45.0,10.27,78.66,11.07
module_1,45.0,9.97,70.08,19.95
module_1,45.0,14.33,85.67,0.0
module_1,45.0,15.73,84.27,0.0
module_1,45.0,22.41,77.59,0.0
module_1,45.0,11.56,84.22,4.22
module_1,45.0,21.78,78.22,0.0
module_1,45.0,11.86,83.67,4.47
module_1,45.0,12.36,85.34,2.3
module_1,45.0,11.62,84.82,3.56
module_1,45.0,12.77,86.68,0.55
module_1,45.0,13.18,86.66,0.16
module_1,45.0,14.44,85.56,0.0
module_1,45.0,16.19,83.81,0.0
module_1,45.0,19.56,80.44,0.0
module_1,45.0,23.81,76.19,0.0
module_1,45.0,10.9,82.0,7.1
module_1,45.0,11.7,84.82,3.48
module_1,45.0,10.44,77.67,11.89
module_1,45.0,10.05,68.33,21.62
module_1,45.0,13.73,86.27,0.0
module_1,45.0,9.7,67.18,23.12
module_1,45.0,9.7,64.96,25.34
module_1,45.0,9.64,56.25,34.11
module_1,45.0,10.27,71.04,18.68
module_1,45.0,10.3,89.7,0.0
module_1,45.0,9.95,89.78,0.27
module_1,45.0,9.7,75.7,14.6
module_1,45.0,9.73,73.23,17.04
module_1,45.0,10.11,74.05,15.84
module_1,45.0,10.85,89.15,0.0
module_1,45.0,10.3,89.7,0.0
module_1,45.0,10.14,87.53,2.33
module_1,45.0,10.16,83.73,6.11
module_1,45.0,10.9,82.99,6.11
module_1,45.0,12.33,87.67,0.0
module_1,45.0,11.59,88.41,0.0
module_1,45.0,11.7,88.3,0.0
module_1,45.0,11.23,86.85,1.92
module_1,45.0,12.27,84.6,3.12
module_1,45.0,14.66,85.34,0.0
module_1,45.0,13.95,86.05,0.0
module_1,45.0,14.38,85.62,0.0
module_1,45.0,13.45,86.38,0.16
module_1,45.0,13.64,84.68,1.67
module_1,45.0,17.4,82.6,0.0
module_1,45.0,16.05,83.95,0.0
module_1,45.0,15.81,84.19,0.0
module_1,45.0,15.64,84.36,0.0
module_1,45.0,15.95,84.05,0.0
module_1,45.0,19.59,80.41,0.0
module_1,45.0,18.14,81.86,0.0
module_1,45.0,17.45,82.55,0.0
module_1,45.0,18.49,81.51,0.0
module_1,45.0,18.08,81.92,0.0
module_1,45.0,20.38,79.62,0.0
module_1,45.0,19.48,80.52,0.0
module_1,45.0,19.23,80.77,0.0
module_1,45.0,18.93,81.07,0.0
module_1,45.0,19.62,80.38,0.0
module_1,45.0,47.4,52.6,0.0
module_1,45.0,38.52,61.48,0.0
module_1,45.0,40.88,59.12,0.0
module_1,45.0,22.41,77.59,0.0
module_1,45.0,19.64,80.36,0.0
module_1,45.0,20.47,79.42,0.11
module_1,45.0,22.82,77.18,0.0
module_1,45.0,19.92,80.08,0.0
module_1,45.0,22.11,77.89,0.0
module_1,45.0,28.9,71.1,0.0
module_1,45.0,27.48,72.52,0.0
module_1,45.0,28.44,71.56,0.0
module_1,45.0,34.66,65.34,0.0
module_1,45.0,32.82,67.18,0.0
module_1,45.0,35.45,64.55,0.0
module_1,90.0,10.52,89.48,0.0
module_1,90.0,9.62,37.15,53.23
module_1,90.0,9.7,53.37,36.93
module_1,90.0,9.62,36.41,53.97
module_1,90.0,12.93,73.62,13.45
module_1,90.0,10.22,88.16,1.62
module_1,90.0,9.78,65.92,24.3
module_1,90.0,9.7,56.19,34.11
module_1,90.0,9.78,55.86,34.36
module_1,90.0,10.38,64.44,25.18
module_1,90.0,10.96,86.36,2.68
module_1,90.0,10.41,76.96,12.63
module_1,90.0,10.16,69.45,20.38
module_1,90.0,10.33,66.33,23.34
module_1,90.0,10.99,68.11,20.9
module_1,90.0,12.49,85.12,2.38
module_1,90.0,11.48,79.21,9.32
module_1,90.0,11.18,75.15,13.67
module_1,90.0,11.29,71.51,17.21
module_1,90.0,12.03,72.55,15.42
module_1,90.0,14.82,83.18,2.0
module_1,90.0,18.41,77.01,4.58
module_1,90.0,13.59,77.86,8.55
module_1,90.0,13.37,74.88,11.75
module_1,90.0,14.08,76.08,9.84
module_1,90.0,18.19,80.66,1.15
module_1,90.0,18.03,79.53,2.44
module_1,90.0,16.88,79.51,3.62
module_1,90.0,15.7,76.49,7.81
module_1,90.0,16.3,77.07,6.63
module_1,90.0,22.08,77.73,0.19
module_1,90.0,19.84,78.6,1.56
module_1,90.0,20.33,77.95,1.73
module_1,90.0,17.78,77.97,4.25
module_1,90.0,18.47,78.14,3.4
module_1,90.0,22.44,77.42,0.14
module_1,90.0,20.99,77.84,1.18
module_1,90.0,21.86,77.42,0.71
module_1,90.0,19.45,77.67,2.88
module_1,90.0,19.7,77.56,2.74
module_1,90.0,9.62,26.38,64.0
module_1,90.0,9.62,21.67,68.71
module_1,90.0,9.62,20.38,70.0
module_1,90.0,9.62,20.52,69.86
module_1,90.0,9.62,20.71,69.67
module_1,90.0,9.62,20.85,69.53
module_1,90.0,9.62,20.85,69.53
module_1,90.0,9.62,22.71,67.67
module_1,90.0,9.7,34.77,55.53
module_1,90.0,9.7,34.05,56.25
module_1,90.0,9.7,35.21,55.1
module_1,90.0,9.7,37.29,53.01
module_1,90.0,9.7,41.23,49.07
module_1,90.0,9.78,46.0,44.22
module_1,90.0,9.78,27.78,62.44
module_1,90.0,9.86,36.05,54.08
module_1,90.0,9.89,43.92,46.19
module_1,90.0,9.95,49.84,40.22
module_1,90.0,10.03,54.77,35.21
module_1,90.0,10.14,57.7,32.16
module_1,90.0,9.73,24.3,65.97
module_1,90.0,10.0,37.42,52.58
module_1,90.0,10.11,53.15,36.74
module_1,90.0,10.16,59.97,29.86
module_1,90.0,10.27,63.04,26.68
module_1,90.0,10.44,65.56,24.0
module_1,90.0,9.78,27.45,62.77
module_1,90.0,10.14,42.25,47.62
module_1,90.0,10.38,60.9,28.71
module_1,90.0,10.47,66.85,22.68
module_1,90.0,10.74,69.81,19.45
module_1,90.0,11.01,71.81,17.18
module_1,90.0,9.95,37.75,52.3
module_1,90.0,10.33,54.11,35.56
module_1,90.0,10.68,68.49,20.82
module_1,90.0,10.99,72.85,16.16
module_1,90.0,11.23,75.21,13.56
module_1,90.0,11.7,76.41,11.89
module_1,90.0,12.58,79.32,8.11
module_1,90.0,18.88,81.12,0.0
module_1,90.0,10.38,58.49,31.12
module_1,90.0,10.88,68.22,20.9
module_1,90.0,11.12,75.04,13.84
module_1,90.0,11.48,76.93,11.59
module_1,90.0,11.95,77.97,10.08
module_1,90.0,12.58,79.78,7.64
module_1,90.0,13.53,81.26,5.21
module_1,90.0,15.95,82.05,2.0
module_1,90.0,21.37,78.63,0.0
module_1,90.0,9.7,38.88,51.42
module_1,90.0,9.81,61.56,28.63
module_1,90.0,9.97,66.05,23.97
module_1,90.0,9.7,33.67,56.63
module_1,90.0,9.62,26.38,64.0
module_1,90.0,9.62,26.52,63.86
module_1,90.0,9.7,29.32,60.99
module_1,90.0,9.64,29.29,61.07
module_1,90.0,9.64,28.14,62.22
module_1,90.0,9.7,36.0,54.3
module_1,90.0,9.62,24.55,65.84
module_1,90.0,9.62,24.27,66.11
module_1,90.0,9.67,29.89,60.44
module_1,90.0,9.62,21.67,68.71
module_1,90.0,9.62,18.33,72.05
module_1,90.0,9.84,45.34,44.82
module_1,90.0,9.62,27.62,62.77
module_1,90.0,9.64,29.62,60.74
module_1,90.0,9.7,35.51,54.79
module_1,90.0,9.7,32.25,58.05
module_1,90.0,9.7,32.93,57.37
module_1,90.0,9.7,36.33,53.97
module_1,90.0,9.92,48.49,41.59
module_1,90.0,9.75,39.89,50.36
module_1,90.0,10.14,53.32,36.55
module_1,90.0,9.89,43.53,46.58
module_1,90.0,10.33,60.3,29.37
module_1,90.0,10.27,58.0,31.73
module_1,90.0,10.49,66.03,23.48
module_1,90.0,11.12,72.3,16.58
module_1,90.0,10.55,65.53,23.92
module_1,90.0,10.44,61.26,28.3
module_1,90.0,11.04,70.88,18.08
module_1,90.0,22.66,77.34,0.0
module_1,90.0,10.77,67.78,21.45
module_1,90.0,10.14,55.7,34.16
module_1,90.0,9.62,18.66,71.73
module_1,90.0,9.7,26.82,63.48
module_1,90.0,9.62,25.12,65.26
module_1,90.0,10.41,65.64,23.95
module_1,90.0,9.7,46.79,43.51
module_1,90.0,11.23,75.04,13.73
module_1,90.0,11.45,77.95,10.6
module_1,90.0,11.7,78.82,9.48
module_1,90.0,11.23,77.18,11.59
module_1,90.0,12.74,81.97,5.29
module_1,90.0,11.64,78.22,10.14
module_1,90.0,11.32,78.08,10.6
module_1,90.0,11.26,76.82,11.92
module_1,90.0,11.92,78.85,9.23
module_1,90.0,11.64,78.36,10.0
module_1,90.0,12.25,79.45,8.3
module_1,90.0,12.41,80.08,7.51
module_1,90.0,12.71,81.34,5.95
module_1,90.0,12.52,81.1,6.38
module_1,90.0,20.9,79.1,0.0
module_1,90.0,12.58,79.53,7.89
module_1,90.0,17.29,82.19,0.52
module_1,90.0,21.4,78.6,0.0
module_1,90.0,24.47,75.53,0.0
module_1,90.0,22.55,77.45,0.0
module_1,90.0,23.21,76.79,0.0
module_1,90.0,23.45,76.55,0.0
module_1,90.0,21.84,78.16,0.0
module_1,90.0,11.15,72.66,16.19
module_1,90.0,13.51,81.67,4.82
module_1,90.0,13.59,81.75,4.66
module_1,90.0,12.74,80.93,6.33
module_1,90.0,14.74,81.95,3.32
module_1,90.0,17.62,81.29,1.1
module_1,90.0,22.25,77.75,0.0
module_1,90.0,20.27,79.34,0.38
module_1,90.0,15.37,81.78,2.85
module_1,90.0,22.38,77.62,0.0
module_1,90.0,34.79,65.21,0.0
module_1,90.0,31.62,68.38,0.0
module_1,90.0,36.74,62.96,0.3
module_1,90.0,19.01,80.99,0.0
module_1,90.0,17.78,79.89,2.33
module_1,90.0,19.53,73.34,7.12
module_1,90.0,19.32,80.58,0.11
module_1,90.0,18.19,77.78,4.03
module_1,90.0,19.1,72.96,7.95
module_1,90.0,21.92,76.66,1.42
module_1,90.0,20.55,74.22,5.23
module_1,90.0,22.16,70.9,6.93
module_1,90.0,25.45,72.58,1.97
module_1,90.0,24.41,70.66,4.93
module_1,90.0,25.92,70.19,3.89
module_1,90.0,10.85,89.15,0.0
module_1,90.0,9.7,57.23,33.07
module_1,90.0,9.7,48.82,41.48
module_1,90.0,9.7,44.36,45.95
module_1,90.0,10.11,57.34,32.55
module_1,90.0,10.63,89.37,0.0
module_1,90.0,10.11,75.23,14.66
module_1,90.0,9.89,64.08,26.03
module_1,90.0,9.89,59.53,30.58
module_1,90.0,10.22,60.9,28.88
module_1,90.0,11.59,88.16,0.25
module_1,90.0,10.82,80.6,8.58
module_1,90.0,10.52,72.49,16.99
module_1,90.0,10.47,68.05,21.48
module_1,90.0,11.07,67.42,21.51
module_1,90.0,13.62,85.59,0.79
module_1,90.0,12.79,82.14,5.07
module_1,90.0,12.33,78.11,9.56
module_1,90.0,11.7,74.16,14.14
module_1,90.0,12.6,71.97,15.42
module_1,90.0,15.95,83.53,0.52
module_1,90.0,18.25,78.71,3.04
module_1,90.0,17.29,81.23,1.48
module_1,90.0,14.08,76.14,9.78
module_1,90.0,14.52,74.9,10.58
module_1,90.0,18.99,80.79,0.22
module_1,90.0,19.89,78.36,1.75
module_1,90.0,19.86,79.04,1.1
module_1,90.0,16.36,77.21,6.44
module_1,90.0,16.44,76.99,6.58
module_1,90.0,22.41,77.59,0.0
module_1,90.0,21.26,78.11,0.63
module_1,90.0,21.26,78.16,0.58
module_1,90.0,18.79,77.92,3.29
module_1,90.0,18.58,78.03,3.4
module_1,90.0,24.08,75.92,0.0
module_1,90.0,21.37,78.16,0.47
module_1,90.0,21.7,77.26,1.04
module_1,90.0,20.38,77.56,2.05
module_1,90.0,19.34,77.73,2.93
module_1,90.0,9.67,40.63,49.7
module_1,90.0,9.62,26.47,63.92
module_1,90.0,9.62,22.47,67.92
module_1,90.0,9.62,21.42,68.96
module_1,90.0,9.62,22.0,68.38
module_1,90.0,9.62,22.36,68.03
module_1,90.0,9.62,23.07,67.32
module_1,90.0,9.62,25.4,64.99
module_1,90.0,9.78,34.47,55.75
module_1,90.0,9.73,34.03,56.25
module_1,90.0,9.7,37.37,52.93
module_1,90.0,9.73,40.52,49.75
module_1,90.0,9.78,44.71,45.51
module_1,90.0,9.89,48.68,41.42
module_1,90.0,9.7,23.4,66.9
module_1,90.0,9.89,32.71,57.4
module_1,90.0,9.97,43.01,47.01
module_1,90.0,10.0,52.47,37.53
module_1,90.0,10.11,56.71,33.18
module_1,90.0,10.14,59.23,30.63
module_1,90.0,9.7,20.74,69.56
module_1,90.0,9.97,33.81,56.22
module_1,90.0,10.14,50.08,39.78
module_1,90.0,10.27,60.9,28.82
module_1,90.0,10.38,64.71,24.9
module_1,90.0,10.47,67.32,22.22
module_1,90.0,9.7,25.01,65.29
module_1,90.0,10.11,39.56,50.33
module_1,90.0,10.38,57.81,31.81
module_1,90.0,10.63,67.48,21.89
module_1,90.0,10.9,70.49,18.6
module_1,90.0,11.04,73.32,15.64
module_1,90.0,9.89,40.49,49.62
module_1,90.0,10.33,54.6,35.07
module_1,90.0,10.74,67.78,21.48
module_1,90.0,11.04,73.62,15.34
module_1,90.0,11.34,76.27,12.38
module_1,90.0,11.81,77.29,10.9
module_1,90.0,10.6,64.49,24.9
module_1,90.0,10.96,70.79,18.25
module_1,90.0,11.21,75.89,12.9
module_1,90.0,11.48,77.64,10.88
module_1,90.0,12.03,78.63,9.34
module_1,90.0,12.52,80.05,7.42
module_1,90.0,13.18,81.45,5.37
module_1,90.0,14.71,81.86,3.42
module_1,90.0,19.07,80.58,0.36
module_1,90.0,10.68,67.67,21.64
module_1,90.0,11.29,74.79,13.92
module_1,90.0,28.99,71.01,0.0
module_1,90.0,22.82,77.18,0.0
module_1,90.0,24.52,73.37,2.11
module_1,90.0,19.7,80.3,0.0
module_1,90.0,17.53,81.95,0.52
module_1,90.0,18.16,75.32,6.52
module_1,90.0,20.82,79.18,0.0
module_1,90.0,18.82,78.6,2.58
module_1,90.0,18.93,74.14,6.93
module_1,90.0,24.36,74.79,0.85
module_1,90.0,22.03,74.08,3.89
module_1,90.0,22.82,72.03,5.15
module_1,90.0,29.56,69.32,1.12
module_1,90.0,26.36,70.27,3.37
module_1,90.0,26.05,68.82,5.12
module_1,135.0,9.62,23.78,66.6
module_1,135.0,9.62,17.07,73.32
module_1,135.0,9.62,16.58,73.81
module_1,135.0,9.62,16.22,74.16
module_1,135.0,9.62,16.03,74.36
module_1,135.0,9.62,15.86,74.52
module_1,135.0,9.62,15.53,74.85
module_1,135.0,9.62,17.1,73.29
module_1,135.0,10.38,47.62,42.0
module_1,135.0,9.95,25.53,64.52
module_1,135.0,9.7,20.63,69.67
module_1,135.0,9.7,21.29,69.01
module_1,135.0,9.75,26.82,63.42
module_1,135.0,9.7,30.99,59.32
module_1,135.0,10.79,63.62,25.59
module_1,135.0,10.33,43.26,46.41
module_1,135.0,10.14,29.29,60.58
module_1,135.0,10.0,27.12,62.88
module_1,135.0,9.78,27.56,62.66
module_1,135.0,9.7,25.95,64.36
module_1,135.0,11.12,73.59,15.29
module_1,135.0,10.49,56.58,32.93
module_1,135.0,10.33,49.75,39.92
module_1,135.0,10.14,37.81,52.05
module_1,135.0,9.89,30.22,59.89
module_1,135.0,9.7,24.99,65.32
module_1,135.0,11.42,76.82,11.75
module_1,135.0,10.99,70.08,18.93
module_1,135.0,10.44,58.71,30.85
module_1,135.0,10.14,44.03,45.84
module_1,135.0,9.92,34.63,55.45
module_1,135.0,9.7,25.56,64.74
module_1,135.0,11.81,79.4,8.79
module_1,135.0,11.21,75.7,13.1
module_1,135.0,10.66,64.33,25.01
module_1,135.0,10.27,52.16,37.56
module_1,135.0,10.0,39.32,50.68
module_1,135.0,9.73,28.16,62.11
module_1,135.0,12.36,81.32,6.33
module_1,135.0,11.45,77.97,10.58
module_1,135.0,11.01,70.55,18.44
module_1,135.0,10.44,57.23,32.33
module_1,135.0,10.14,45.84,44.03
module_1,135.0,9.78,30.33,59.89
module_1,135.0,13.04,82.25,4.71
module_1,135.0,12.38,80.85,6.77
module_1,135.0,15.37,82.55,2.08
module_1,135.0,19.67,80.33,0.0
module_1,135.0,12.47,78.68,8.85
module_1,135.0,12.25,78.38,9.37
module_1,135.0,11.42,74.93,13.64
module_1,135.0,9.7,33.73,56.58
module_1,135.0,9.62,23.29,67.1
module_1,135.0,9.7,20.63,69.67
module_1,135.0,9.62,18.08,72.3
module_1,135.0,10.36,51.86,37.78
module_1,135.0,11.12,72.79,16.08
module_1,135.0,14.6,82.25,3.15
module_1,135.0,11.23,75.92,12.85
module_1,135.0,11.7,79.07,9.23
module_1,135.0,11.45,77.75,10.79
module_1,135.0,11.12,73.23,15.64
module_1,135.0,11.53,78.71,9.75
module_1,135.0,11.95,80.38,7.67
module_1,135.0,11.4,76.93,11.67
module_1,135.0,12.19,81.51,6.3
module_1,135.0,11.12,73.15,15.73
module_1,135.0,9.62,22.52,67.86
module_1,135.0,9.62,18.22,72.16
module_1,135.0,9.62,22.66,67.73
module_1,135.0,9.62,22.38,68.0
module_1,135.0,9.97,53.37,36.66
module_1,135.0,9.78,46.96,43.26
module_1,135.0,9.78,43.86,46.36
module_1,135.0,9.7,32.9,57.4
module_1,135.0,9.7,33.67,56.63
module_1,135.0,9.7,23.97,66.33
module_1,135.0,9.64,21.26,69.1
module_1,135.0,9.64,21.67,68.68
module_1,135.0,9.64,23.45,66.9
module_1,135.0,9.62,20.11,70.27
module_1,135.0,9.62,21.45,68.93
module_1,135.0,9.62,20.03,70.36
module_1,135.0,9.7,21.45,68.85
module_1,135.0,9.7,29.73,60.58
module_1,135.0,12.38,80.25,7.37
module_1,135.0,12.58,82.41,5.01
module_1,135.0,13.04,82.66,4.3
module_1,135.0,13.21,82.52,4.27
module_1,135.0,11.07,74.36,14.58
module_1,135.0,14.41,82.25,3.34
module_1,135.0,14.96,82.08,2.96
module_1,135.0,18.93,80.96,0.11
module_1,135.0,20.49,79.51,0.0
module_1,135.0,20.63,79.37,0.0
module_1,135.0,20.33,79.67,0.0
module_1,135.0,21.21,78.79,0.0
module_1,135.0,20.6,79.4,0.0
module_1,135.0,21.4,78.6,0.0
module_1,135.0,20.44,79.56,0.0
module_1,135.0,19.04,80.96,0.0
module_1,135.0,17.04,81.7,1.26
module_1,135.0,21.34,78.66,0.0
module_1,135.0,10.66,65.23,24.11
module_1,135.0,10.55,64.41,25.04
module_1,135.0,11.34,76.71,11.95
module_1,135.0,10.33,52.99,36.68
module_1,135.0,9.64,20.47,69.89
module_1,135.0,9.7,23.81,66.49
module_1,135.0,10.08,40.55,49.37
module_1,135.0,9.78,28.82,61.4
module_1,135.0,9.7,22.36,67.95
module_1,135.0,10.33,53.18,36.49
module_1,135.0,20.41,79.59,0.0
module_1,135.0,10.79,68.38,20.82
module_1,135.0,10.44,58.05,31.51
module_1,135.0,21.62,78.38,0.0
module_1,135.0,10.11,41.89,48.0
module_1,135.0,10.14,47.01,42.85
module_1,135.0,9.7,26.99,63.32
module_1,135.0,9.89,34.63,55.48
module_1,135.0,11.21,76.25,12.55
module_1,135.0,12.44,82.0,5.56
module_1,135.0,17.45,79.78,2.77
module_1,135.0,16.71,80.03,3.26
module_1,135.0,16.88,80.16,2.96
module_1,135.0,17.45,80.16,2.38
module_1,135.0,26.19,73.81,0.0
module_1,135.0,16.49,80.25,3.26
module_1,135.0,16.41,80.16,3.42
module_1,135.0,16.58,80.27,3.15
module_1,135.0,16.99,80.14,2.88
module_1,135.0,19.01,78.25,2.74
module_1,135.0,15.51,79.75,4.74
module_1,135.0,15.26,79.34,5.4
module_1,135.0,14.52,78.79,6.68
module_1,135.0,15.56,79.32,5.12
module_1,135.0,15.95,79.07,4.99
module_1,135.0,13.51,78.85,7.64
module_1,135.0,13.15,77.53,9.32
module_1,135.0,12.44,75.37,12.19
module_1,135.0,13.45,76.03,10.52
module_1,135.0,13.26,74.47,12.27
module_1,135.0,11.89,73.51,14.6
module_1,135.0,11.45,69.48,19.07
module_1,135.0,11.23,67.48,21.29
module_1,135.0,11.53,69.07,19.4
module_1,135.0,11.56,71.67,16.77
module_1,135.0,10.6,63.75,25.64
module_1,135.0,10.14,52.74,37.12
module_1,135.0,10.27,56.58,33.15
module_1,135.0,10.44,61.97,27.59
module_1,135.0,10.96,71.1,17.95
module_1,135.0,10.14,54.71,35.15
module_1,135.0,9.73,37.26,53.01
module_1,135.0,9.78,43.4,46.82
module_1,135.0,9.78,50.08,40.14
module_1,135.0,10.3,71.48,18.22
module_1,135.0,10.0,51.78,38.22
module_1,135.0,9.64,27.29,63.07
module_1,135.0,9.7,32.25,58.05
module_1,135.0,9.62,26.52,63.86
module_1,135.0,10.52,81.7,7.78
module_1,135.0,23.34,73.78,2.88
module_1,135.0,22.0,74.38,3.62
module_1,135.0,24.08,72.85,3.07
module_1,135.0,20.49,75.32,4.19
module_1,135.0,20.19,73.51,6.3
module_1,135.0,21.56,72.33,6.11
module_1,135.0,17.42,72.49,10.08
module_1,135.0,16.66,71.95,11.4
module_1,135.0,18.14,74.16,7.7
module_1,135.0,16.9,72.05,11.04
module_1,135.0,16.66,77.62,5.73
module_1,135.0,17.95,76.96,5.1
module_1,135.0,21.34,74.88,3.78
module_1,135.0,20.3,79.7,0.0
module_1,135.0,31.78,68.22,0.0
module_1,135.0,9.62,25.18,65.21
module_1,135.0,9.62,20.85,69.53
module_1,135.0,9.62,18.11,72.27
module_1,135.0,9.62,17.48,72.9
module_1,135.0,9.62,17.01,73.37
module_1,135.0,9.62,16.9,73.48
module_1,135.0,9.62,17.59,72.79
module_1,135.0,9.62,18.49,71.89
module_1,135.0,10.49,58.93,30.58
module_1,135.0,9.89,29.45,60.66
module_1,135.0,9.78,22.96,67.26
module_1,135.0,9.73,22.66,67.62
module_1,135.0,9.7,24.36,65.95
module_1,135.0,9.75,31.95,58.3
module_1,135.0,10.93,64.99,24.08
module_1,135.0,10.33,42.6,47.07
module_1,135.0,10.11,27.73,62.16
module_1,135.0,9.97,26.03,64.0
module_1,135.0,9.89,27.45,62.66
module_1,135.0,9.73,27.59,62.68
module_1,135.0,11.12,74.47,14.41
module_1,135.0,10.9,66.79,22.3
module_1,135.0,10.38,47.34,42.27
module_1,135.0,10.14,35.18,54.68
module_1,135.0,9.97,29.73,60.3
module_1,135.0,9.73,27.01,63.26
module_1,135.0,11.45,76.88,11.67
module_1,135.0,11.01,71.37,17.62
module_1,135.0,10.49,59.37,30.14
module_1,135.0,10.27,50.11,39.62
module_1,135.0,10.0,36.63,53.37
module_1,135.0,9.73,27.86,62.41
module_1,135.0,11.84,79.97,8.19
module_1,135.0,11.26,76.03,12.71
module_1,135.0,10.82,66.05,23.12
module_1,135.0,10.36,54.0,35.64
module_1,135.0,10.11,41.89,48.0
module_1,135.0,9.78,30.14,60.08
module_1,135.0,12.25,81.64,6.11
module_1,135.0,11.84,79.92,8.25
module_1,135.0,11.01,72.85,16.14
module_1,135.0,10.47,60.27,29.26
module_1,135.0,10.14,48.49,41.37
module_1,135.0,9.97,37.1,52.93
module_1,135.0,12.96,82.3,4.74
module_1,135.0,14.27,82.3,3.42
module_1,135.0,18.0,81.89,0.11
module_1,135.0,18.44,81.56,0.0
module_1,135.0,20.16,79.84,0.0
module_1,135.0,10.55,62.55,26.9
module_1,135.0,11.07,74.08,14.85
module_1,135.0,10.27,50.6,39.12
module_1,135.0,10.0,38.85,51.15
module_1,135.0,17.86,79.4,2.74
module_1,135.0,17.04,79.84,3.12
module_1,135.0,17.15,79.97,2.88
module_1,135.0,17.12,80.38,2.49
module_1,135.0,22.05,77.12,0.82
module_1,135.0,17.07,79.81,3.12
module_1,135.0,16.3,79.95,3.75
module_1,135.0,16.03,80.36,3.62
module_1,135.0,16.25,80.22,3.53
module_1,135.0,16.71,79.81,3.48
module_1,135.0,15.01,79.42,5.56
module_1,135.0,14.66,78.88,6.47
module_1,135.0,15.12,79.23,5.64
module_1,135.0,14.77,78.74,6.49
module_1,135.0,15.18,78.66,6.16
module_1,135.0,13.04,77.89,9.07
module_1,135.0,12.68,76.79,10.52
module_1,135.0,12.99,76.99,10.03
module_1,135.0,12.6,75.07,12.33
module_1,135.0,13.81,75.62,10.58
module_1,135.0,11.59,72.33,16.08
module_1,135.0,11.04,67.4,21.56
module_1,135.0,10.93,63.84,25.23
module_1,135.0,11.1,64.77,24.14
module_1,135.0,11.81,69.84,18.36
module_1,135.0,10.55,62.88,26.58
module_1,135.0,10.44,59.84,29.73
module_1,135.0,10.14,52.27,37.59
module_1,135.0,10.14,57.1,32.77
module_1,135.0,10.47,68.11,21.42
module_1,135.0,10.16,57.1,32.74
module_1,135.0,9.92,45.64,44.44
module_1,135.0,9.7,38.27,52.03
module_1,135.0,9.84,49.67,40.49
module_1,135.0,10.08,65.86,24.05
module_1,135.0,12.27,72.71,15.01
module_1,135.0,9.62,22.14,68.25
module_1,135.0,9.7,38.16,52.14
module_1,135.0,9.64,31.37,58.99
module_1,135.0,10.19,79.07,10.74
module_1,135.0,22.71,74.14,3.15
module_1,135.0,23.12,73.75,3.12
module_1,135.0,22.66,73.73,3.62
module_1,135.0,20.52,74.41,5.07
module_1,135.0,19.12,74.14,6.74
module_1,135.0,19.7,72.05,8.25
module_1,135.0,18.58,73.78,7.64
module_1,135.0,17.51,72.36,10.14
module_1,135.0,18.11,72.19,9.7
module_1,135.0,18.27,72.08,9.64
module_1,135.0,16.36,74.47,9.18
module_1,135.0,17.42,80.11,2.47
module_1,135.0,29.81,70.19,0.0
module_1,135.0,26.03,73.97,0.0
module_1,135.0,22.16,77.84,0.0
module_1,180.0,10.52,70.16,19.32
module_1,180.0,10.36,61.04,28.6
module_1,180.0,10.93,68.14,20.93
module_1,180.0,12.14,76.38,11.48
module_1,180.0,13.78,79.15,7.07
module_1,180.0,15.4,80.3,4.3
module_1,180.0,16.58,80.74,2.68
module_1,180.0,17.1,80.52,2.38
module_1,180.0,9.7,27.89,62.41
module_1,180.0,9.92,44.22,45.86
module_1,180.0,10.44,58.11,31.45
module_1,180.0,11.56,73.67,14.77
module_1,180.0,13.34,78.25,8.41
module_1,180.0,14.88,80.16,4.96
module_1,180.0,16.16,80.71,3.12
module_1,180.0,16.77,80.41,2.82
module_1,180.0,9.7,25.81,64.49
module_1,180.0,9.78,38.74,51.48
module_1,180.0,10.27,54.49,35.23
module_1,180.0,11.29,70.44,18.27
module_1,180.0,12.9,77.89,9.21
module_1,180.0,14.63,79.81,5.56
module_1,180.0,15.86,80.6,3.53
module_1,180.0,16.33,80.52,3.15
module_1,180.0,9.64,21.18,69.18
module_1,180.0,9.89,40.25,49.86
module_1,180.0,10.33,55.73,33.95
module_1,180.0,11.37,70.49,18.14
module_1,180.0,12.93,77.86,9.21
module_1,180.0,14.52,80.3,5.18
module_1,180.0,15.78,80.77,3.45
module_1,180.0,16.38,80.47,3.15
module_1,180.0,9.97,54.03,36.0
module_1,180.0,10.14,53.12,36.74
module_1,180.0,10.49,63.81,25.7
module_1,180.0,11.56,73.26,15.18
module_1,180.0,13.04,78.3,8.66
module_1,180.0,14.9,80.14,4.96
module_1,180.0,16.03,80.52,3.45
module_1,180.0,16.52,80.38,3.1
module_1,180.0,21.64,76.93,1.42
module_1,180.0,16.66,73.51,9.84
module_1,180.0,17.34,75.86,6.79
module_1,180.0,19.62,76.41,3.97
module_1,180.0,22.25,75.32,2.44
module_1,180.0,18.36,81.64,0.0
module_1,180.0,14.74,75.23,10.03
module_1,180.0,16.41,76.27,7.32
module_1,180.0,18.55,76.68,4.77
module_1,180.0,20.6,76.41,2.99
module_1,180.0,19.4,80.19,0.41
module_1,180.0,15.45,73.21,11.34
module_1,180.0,16.66,76.14,7.21
module_1,180.0,19.21,76.52,4.27
module_1,180.0,21.34,75.59,3.07
module_1,180.0,9.7,24.41,65.89
module_1,180.0,9.62,16.93,73.45
module_1,180.0,9.62,15.37,75.01
module_1,180.0,9.62,15.01,75.37
module_1,180.0,9.62,15.01,75.37
module_1,180.0,9.62,14.93,75.45
module_1,180.0,9.62,15.29,75.1
module_1,180.0,9.62,17.97,72.41
module_1,180.0,19.32,80.68,0.0
module_1,180.0,17.81,82.19,0.0
module_1,180.0,15.97,82.14,1.89
module_1,180.0,12.85,81.18,5.97
module_1,180.0,14.05,82.47,3.48
module_1,180.0,9.97,37.01,53.01
module_1,180.0,10.27,50.27,39.45
module_1,180.0,10.58,62.49,26.93
module_1,180.0,11.4,76.47,12.14
module_1,180.0,12.16,80.52,7.32
module_1,180.0,12.9,82.52,4.58
module_1,180.0,9.78,32.82,57.4
module_1,180.0,10.11,45.32,44.58
module_1,180.0,10.52,57.12,32.36
module_1,180.0,11.04,71.37,17.59
module_1,180.0,11.7,79.23,9.07
module_1,180.0,12.14,81.48,6.38
module_1,180.0,9.78,28.44,61.78
module_1,180.0,10.05,40.38,49.56
module_1,180.0,10.33,51.18,38.49
module_1,180.0,10.58,64.71,24.71
module_1,180.0,11.29,75.62,13.1
module_1,180.0,11.7,79.23,9.07
module_1,180.0,9.73,27.29,62.99
module_1,180.0,10.0,37.48,52.52
module_1,180.0,10.14,46.08,43.78
module_1,180.0,10.52,57.7,31.78
module_1,180.0,11.01,71.42,17.56
module_1,180.0,11.42,77.15,11.42
module_1,180.0,9.73,27.92,62.36
module_1,180.0,9.92,34.11,55.97
module_1,180.0,10.08,39.26,50.66
module_1,180.0,10.14,45.86,44.0
module_1,180.0,10.52,56.25,33.23
module_1,180.0,11.12,69.48,19.4
module_1,180.0,9.78,30.33,59.89
module_1,180.0,9.73,30.55,59.73
module_1,180.0,9.7,32.71,57.59
module_1,180.0,9.78,36.47,53.75
module_1,180.0,10.11,44.66,45.23
module_1,180.0,10.66,61.7,27.64
module_1,180.0,9.92,40.99,49.1
module_1,180.0,10.52,59.75,29.73
module_1,180.0,10.14,48.22,41.64
module_1,180.0,9.73,33.56,56.71
module_1,180.0,21.97,78.03,0.0
module_1,180.0,10.9,70.68,18.41
module_1,180.0,11.15,75.78,13.07
module_1,180.0,21.07,78.93,0.0
module_1,180.0,9.97,38.68,51.34
module_1,180.0,10.41,54.82,34.77
module_1,180.0,9.7,24.71,65.59
module_1,180.0,9.7,25.84,64.47
module_1,180.0,9.64,20.38,69.97
module_1,180.0,10.88,66.38,22.74
module_1,180.0,10.36,53.26,36.38
module_1,180.0,10.63,65.12,24.25
module_1,180.0,10.14,47.84,42.03
module_1,180.0,11.59,78.08,10.33
module_1,180.0,9.78,33.37,56.85
module_1,180.0,21.89,78.11,0.0
module_1,180.0,22.49,77.51,0.0
module_1,180.0,20.68,79.32,0.0
module_1,180.0,16.68,83.1,0.22
module_1,180.0,20.22,79.78,0.0
module_1,180.0,21.21,78.79,0.0
module_1,180.0,19.32,80.55,0.14
module_1,180.0,20.9,79.1,0.0
module_1,180.0,17.4,81.78,0.82
module_1,180.0,21.01,78.99,0.0
module_1,180.0,12.68,81.04,6.27
module_1,180.0,19.75,80.25,0.0
module_1,180.0,14.08,82.68,3.23
module_1,180.0,15.18,82.33,2.49
module_1,180.0,13.1,82.63,4.27
module_1,180.0,13.97,82.52,3.51
module_1,180.0,12.85,82.88,4.27
module_1,180.0,15.84,82.0,2.16
module_1,180.0,11.4,77.73,10.88
module_1,180.0,9.62,17.7,72.68
module_1,180.0,9.64,17.92,72.44
module_1,180.0,9.62,17.29,73.1
module_1,180.0,9.62,18.47,71.92
module_1,180.0,9.7,20.05,70.25
module_1,180.0,9.67,19.37,70.96
module_1,180.0,9.7,19.45,70.85
module_1,180.0,9.7,21.75,68.55
module_1,180.0,9.78,31.75,58.47
module_1,180.0,9.7,22.55,67.75
module_1,180.0,10.0,39.56,50.44
module_1,180.0,9.78,36.88,53.34
module_1,180.0,9.64,25.97,64.38
module_1,180.0,9.62,22.9,67.48
module_1,180.0,9.62,24.47,65.92
module_1,180.0,9.62,25.59,64.79
module_1,180.0,9.7,34.33,55.97
module_1,180.0,12.3,81.42,6.27
module_1,180.0,11.62,78.19,10.19
module_1,180.0,11.81,80.16,8.03
module_1,180.0,11.89,80.47,7.64
module_1,180.0,11.53,77.26,11.21
module_1,180.0,11.64,79.1,9.26
module_1,180.0,11.42,75.48,13.1
module_1,180.0,11.42,75.37,13.21
module_1,180.0,12.49,82.33,5.18
module_1,180.0,9.7,31.01,59.29
module_1,180.0,9.62,28.77,61.62
module_1,180.0,9.7,40.6,49.7
module_1,180.0,11.59,76.44,11.97
module_1,180.0,12.36,78.96,8.68
module_1,180.0,10.41,55.12,34.47
module_1,180.0,12.27,79.18,8.55
module_1,180.0,11.32,73.53,15.15
module_1,180.0,9.62,24.25,66.14
module_1,180.0,9.7,22.03,68.27
module_1,180.0,10.16,67.7,22.14
module_1,180.0,10.08,54.19,35.73
module_1,180.0,10.52,60.85,28.63
module_1,180.0,11.4,72.08,16.52
module_1,180.0,13.15,77.97,8.88
module_1,180.0,14.68,79.84,5.48
module_1,180.0,16.03,80.79,3.18
module_1,180.0,16.93,80.47,2.6
module_1,180.0,9.62,17.59,72.79
module_1,180.0,9.7,34.6,55.7
module_1,180.0,10.14,51.15,38.71
module_1,180.0,11.04,66.88,22.08
module_1,180.0,12.47,77.1,10.44
module_1,180.0,14.41,79.64,5.95
module_1,180.0,15.73,80.71,3.56
module_1,180.0,16.49,80.77,2.74
module_1,180.0,9.7,28.96,61.34
module_1,180.0,9.7,32.49,57.81
module_1,180.0,10.11,48.88,41.01
module_1,180.0,10.85,64.96,24.19
module_1,180.0,12.27,76.68,11.04
module_1,180.0,14.0,79.29,6.71
module_1,180.0,15.59,80.27,4.14
module_1,180.0,16.33,80.44,3.23
module_1,180.0,9.62,17.59,72.79
module_1,180.0,9.78,38.66,51.56
module_1,180.0,10.14,53.18,36.68
module_1,180.0,11.01,68.6,20.38
module_1,180.0,12.36,77.01,10.63
module_1,180.0,14.19,79.48,6.33
module_1,180.0,15.75,80.6,3.64
module_1,180.0,16.44,80.55,3.01
module_1,180.0,11.81,75.15,13.04
module_1,180.0,10.14,58.9,30.96
module_1,180.0,10.44,61.12,28.44
module_1,180.0,11.34,71.97,16.68
module_1,180.0,12.68,78.3,9.01
module_1,180.0,14.27,80.11,5.62
module_1,180.0,15.78,80.68,3.53
module_1,180.0,16.74,80.55,2.71
module_1,180.0,24.9,75.1,0.0
module_1,180.0,15.7,75.56,8.74
module_1,180.0,16.36,72.33,11.32
module_1,180.0,18.14,76.22,5.64
module_1,180.0,20.88,76.3,2.82
module_1,180.0,23.32,76.68,0.0
module_1,180.0,15.07,75.4,9.53
module_1,180.0,15.34,72.47,12.19
module_1,180.0,17.75,76.19,6.05
module_1,180.0,20.19,77.15,2.66
module_1,180.0,26.63,73.37,0.0
module_1,180.0,16.71,75.32,7.97
module_1,180.0,16.88,74.79,8.33
module_1,180.0,18.9,75.95,5.15
module_1,180.0,21.04,76.14,2.82
module_1,180.0,9.62,15.78,74.6
module_1,180.0,9.62,14.44,75.95
module_1,180.0,9.62,14.41,75.97
module_1,180.0,9.62,14.33,76.05
module_1,180.0,9.62,14.27,76.11
module_1,180.0,9.62,14.19,76.19
module_1,180.0,9.62,14.38,76.0
module_1,180.0,9.62,17.15,73.23
module_1,180.0,19.1,80.9,0.0
module_1,180.0,14.85,82.52,2.63
module_1,180.0,13.45,82.22,4.33
module_1,180.0,9.78,32.47,57.75
module_1,180.0,10.11,43.67,46.22
module_1,180.0,10.52,55.97,33.51
module_1,180.0,11.04,70.82,18.14
module_1,180.0,11.7,78.96,9.34
module_1,180.0,12.49,81.95,5.56
module_1,180.0,9.7,26.77,63.53
module_1,180.0,10.0,38.85,51.15
module_1,180.0,10.27,50.68,39.04
module_1,180.0,10.58,64.85,24.58
module_1,180.0,11.32,76.11,12.58
module_1,180.0,11.81,80.08,8.11
module_1,180.0,9.7,25.34,64.96
module_1,180.0,9.92,36.14,53.95
module_1,180.0,10.14,46.27,43.59
module_1,180.0,10.52,58.22,31.26
module_1,180.0,11.01,71.32,17.67
module_1,180.0,11.48,77.48,11.04
module_1,180.0,9.7,25.04,65.26
module_1,180.0,9.89,33.04,57.07
module_1,180.0,10.11,39.81,50.08
module_1,180.0,10.3,48.55,41.15
module_1,180.0,10.58,62.05,27.37
module_1,180.0,11.15,73.97,14.88
module_1,180.0,9.7,26.36,63.95
module_1,180.0,9.78,31.45,58.77
module_1,180.0,9.92,36.52,53.56
module_1,180.0,10.03,40.33,49.64
module_1,180.0,10.19,48.33,41.48
module_1,180.0,10.66,62.44,26.9
module_1,180.0,9.78,31.01,59.21
module_1,180.0,9.7,30.68,59.62
module_1,180.0,9.7,28.52,61.78
module_1,180.0,9.7,31.48,58.82
module_1,180.0,9.78,37.67,52.55
module_1,180.0,10.3,50.9,38.79
module_1,180.0,10.6,63.62,25.78
module_1,180.0,11.32,75.64,13.04
module_1,225.0,9.62,20.41,69.97
module_1,225.0,9.62,18.19,72.19
module_1,225.0,9.62,18.16,72.22
module_1,225.0,9.62,18.38,72.0
module_1,225.0,9.62,18.52,71.86
module_1,225.0,9.62,18.6,71.78
module_1,225.0,9.62,19.04,71.34
module_1,225.0,9.62,27.12,63.26
module_1,225.0,10.41,69.34,20.25
module_1,225.0,9.78,55.92,34.3
module_1,225.0,9.7,45.7,44.6
module_1,225.0,9.7,40.55,49.75
module_1,225.0,9.7,39.75,50.55
module_1,225.0,9.78,36.0,54.22
module_1,225.0,10.99,77.73,11.29
module_1,225.0,10.27,67.1,22.63
module_1,225.0,10.05,58.19,31.75
module_1,225.0,9.95,51.29,38.77
module_1,225.0,9.84,42.93,47.23
module_1,225.0,9.7,35.42,54.88
module_1,225.0,11.4,80.52,8.08
module_1,225.0,10.71,71.48,17.81
module_1,225.0,10.38,63.26,26.36
module_1,225.0,10.14,56.44,33.42
module_1,225.0,9.89,47.51,42.6
module_1,225.0,9.7,35.73,54.58
module_1,225.0,11.92,81.51,6.58
module_1,225.0,11.15,74.6,14.25
module_1,225.0,10.68,67.92,21.4
module_1,225.0,10.16,58.71,31.12
module_1,225.0,9.95,49.75,40.3
module_1,225.0,9.7,37.67,52.63
module_1,225.0,12.82,82.03,5.15
module_1,225.0,11.62,77.53,10.85
module_1,225.0,10.85,70.93,18.22
module_1,225.0,10.38,62.79,26.82
module_1,225.0,10.03,55.67,34.3
module_1,225.0,9.7,41.45,48.85
module_1,225.0,13.26,82.58,4.16
module_1,225.0,12.05,79.92,8.03
module_1,225.0,11.37,75.7,12.93
module_1,225.0,10.58,69.78,19.64
module_1,225.0,10.11,60.3,29.59
module_1,225.0,9.78,49.23,40.99
module_1,225.0,14.05,83.21,2.74
module_1,225.0,13.48,82.41,4.11
module_1,225.0,16.85,82.47,0.68
module_1,225.0,20.85,79.15,0.0
module_1,225.0,13.15,78.66,8.19
module_1,225.0,12.99,79.95,7.07
module_1,225.0,11.84,77.62,10.55
module_1,225.0,9.7,57.18,33.12
module_1,225.0,9.62,37.86,52.52
module_1,225.0,9.67,44.82,45.51
module_1,225.0,9.62,33.78,56.6
module_1,225.0,10.49,68.19,21.32
module_1,225.0,18.08,81.92,0.0
module_1,225.0,11.81,82.11,6.08
module_1,225.0,14.05,83.07,2.88
module_1,225.0,12.41,83.34,4.25
module_1,225.0,11.59,80.77,7.64
module_1,225.0,14.11,82.6,3.29
module_1,225.0,9.62,31.18,59.21
module_1,225.0,9.62,30.96,59.42
module_1,225.0,9.62,34.08,56.3
module_1,225.0,9.64,33.15,57.21
module_1,225.0,10.0,41.51,48.49
module_1,225.0,9.78,35.18,55.04
module_1,225.0,9.86,40.82,49.32
module_1,225.0,9.7,28.96,61.34
module_1,225.0,9.7,41.12,49.18
module_1,225.0,9.7,28.3,62.0
module_1,225.0,9.7,30.08,60.22
module_1,225.0,9.7,28.14,62.16
module_1,225.0,9.64,25.81,64.55
module_1,225.0,9.62,25.34,65.04
module_1,225.0,9.62,24.93,65.45
module_1,225.0,9.62,27.34,63.04
module_1,225.0,9.7,32.93,57.37
module_1,225.0,9.7,29.92,60.38
module_1,225.0,13.42,81.7,4.88
module_1,225.0,14.14,82.79,3.07
module_1,225.0,14.52,83.15,2.33
module_1,225.0,22.27,77.73,0.0
module_1,225.0,11.48,79.81,8.71
module_1,225.0,15.7,82.74,1.56
module_1,225.0,21.86,78.14,0.0
module_1,225.0,23.53,76.47,0.0
module_1,225.0,23.7,76.3,0.0
module_1,225.0,23.15,76.85,0.0
module_1,225.0,25.37,74.63,0.0
module_1,225.0,24.71,75.29,0.0
module_1,225.0,23.37,76.63,0.0
module_1,225.0,25.15,74.85,0.0
module_1,225.0,10.71,73.56,15.73
module_1,225.0,10.71,76.16,13.12
module_1,225.0,11.51,78.33,10.16
module_1,225.0,10.36,67.84,21.81
module_1,225.0,9.64,30.47,59.89
module_1,225.0,9.7,39.26,51.04
module_1,225.0,10.11,62.36,27.53
module_1,225.0,9.75,50.08,40.16
module_1,225.0,9.7,37.34,52.96
module_1,225.0,10.47,71.75,17.78
module_1,225.0,26.68,73.32,0.0
module_1,225.0,10.58,74.82,14.6
module_1,225.0,10.11,66.58,23.32
module_1,225.0,9.92,61.01,29.07
module_1,225.0,9.7,49.89,40.41
module_1,225.0,17.89,80.3,1.81
module_1,225.0,17.12,80.82,2.05
module_1,225.0,17.1,81.18,1.73
module_1,225.0,17.15,80.68,2.16
module_1,225.0,17.67,80.25,2.08
module_1,225.0,16.82,80.74,2.44
module_1,225.0,16.79,80.79,2.41
module_1,225.0,16.3,80.82,2.88
module_1,225.0,16.52,80.68,2.79
module_1,225.0,17.04,80.58,2.38
module_1,225.0,15.34,80.11,4.55
module_1,225.0,14.93,79.56,5.51
module_1,225.0,14.77,79.26,5.97
module_1,225.0,14.9,79.7,5.4
module_1,225.0,15.89,79.86,4.25
module_1,225.0,13.7,77.75,8.55
module_1,225.0,13.42,75.81,10.77
module_1,225.0,13.75,77.4,8.85
module_1,225.0,13.21,77.15,9.64
module_1,225.0,13.59,78.22,8.19
module_1,225.0,12.36,75.21,12.44
module_1,225.0,11.18,69.89,18.93
module_1,225.0,11.53,69.29,19.18
module_1,225.0,11.15,68.44,20.41
module_1,225.0,11.67,72.96,15.37
module_1,225.0,10.74,74.6,14.66
module_1,225.0,10.16,64.11,25.73
module_1,225.0,10.11,56.99,32.9
module_1,225.0,10.22,56.74,33.04
module_1,225.0,10.58,63.1,26.33
module_1,225.0,10.03,72.52,17.45
module_1,225.0,9.7,50.96,39.34
module_1,225.0,9.7,43.84,46.47
module_1,225.0,9.92,46.58,43.51
module_1,225.0,10.16,56.79,33.04
module_1,225.0,10.25,84.49,5.26
module_1,225.0,9.64,35.73,54.63
module_1,225.0,9.7,42.38,47.92
module_1,225.0,9.7,31.84,58.47
module_1,225.0,11.81,71.4,16.79
module_1,225.0,28.6,71.4,0.0
module_1,225.0,27.48,72.52,0.0
module_1,225.0,33.75,66.25,0.0
module_1,225.0,16.08,72.55,11.37
module_1,225.0,15.67,77.4,6.93
module_1,225.0,18.3,77.42,4.27
module_1,225.0,17.53,74.3,8.16
module_1,225.0,16.44,74.99,8.58
module_1,225.0,18.41,74.55,7.04
module_1,225.0,20.08,75.81,4.11
module_1,225.0,18.96,72.79,8.25
module_1,225.0,20.74,72.14,7.12
module_1,225.0,22.6,74.3,3.1
module_1,225.0,22.03,75.12,2.85
module_1,225.0,24.63,72.27,3.1
module_1,225.0,9.62,22.49,67.89
module_1,225.0,9.62,20.52,69.86
module_1,225.0,9.62,19.67,70.71
module_1,225.0,9.62,19.75,70.63
module_1,225.0,9.62,20.22,70.16
module_1,225.0,9.62,21.37,69.01
module_1,225.0,9.62,23.95,66.44
module_1,225.0,9.62,29.73,60.66
module_1,225.0,10.79,74.52,14.68
module_1,225.0,10.08,64.47,25.45
module_1,225.0,9.78,54.11,36.11
module_1,225.0,9.73,47.07,43.21
module_1,225.0,9.75,42.58,47.67
module_1,225.0,9.78,38.22,52.0
module_1,225.0,11.15,77.1,11.75
module_1,225.0,10.58,71.37,18.05
module_1,225.0,10.16,63.23,26.6
module_1,225.0,10.08,55.15,34.77
module_1,225.0,9.92,47.53,42.55
module_1,225.0,9.75,38.14,52.11
module_1,225.0,11.7,81.78,6.52
module_1,225.0,11.1,76.05,12.85
module_1,225.0,10.58,67.15,22.27
module_1,225.0,10.14,57.78,32.08
module_1,225.0,10.0,49.53,40.47
module_1,225.0,9.73,39.62,50.66
module_1,225.0,12.22,82.3,5.48
module_1,225.0,11.56,78.49,9.95
module_1,225.0,10.71,69.07,20.22
module_1,225.0,10.47,62.38,27.15
module_1,225.0,10.08,53.84,36.08
module_1,225.0,9.78,42.93,47.29
module_1,225.0,13.07,82.49,4.44
module_1,225.0,12.0,80.52,7.48
module_1,225.0,11.21,73.73,15.07
module_1,225.0,10.58,67.45,21.97
module_1,225.0,10.11,57.23,32.66
module_1,225.0,9.78,48.58,41.64
module_1,225.0,13.86,83.04,3.1
module_1,225.0,12.82,81.45,5.73
module_1,225.0,11.51,75.97,12.52
module_1,225.0,10.71,70.03,19.26
module_1,225.0,10.38,65.34,24.27
module_1,225.0,9.97,56.19,33.84
module_1,225.0,14.58,83.01,2.41
module_1,225.0,15.62,82.85,1.53
module_1,225.0,21.62,78.38,0.0
module_1,225.0,11.56,77.62,10.82
module_1,225.0,19.59,80.41,0.0
module_1,225.0,12.03,82.82,5.15
module_1,225.0,15.01,84.68,0.3
module_1,225.0,11.62,79.21,9.18
module_1,225.0,13.97,82.52,3.51
module_1,225.0,14.08,82.82,3.1
module_1,225.0,14.88,83.01,2.11
module_1,225.0,23.78,76.22,0.0
module_1,225.0,11.62,80.85,7.53
module_1,225.0,16.44,82.38,1.18
module_1,225.0,18.74,81.23,0.03
module_1,225.0,23.34,76.66,0.0
module_1,225.0,27.01,72.99,0.0
module_1,225.0,10.96,76.27,12.77
module_1,225.0,10.99,77.62,11.4
module_1,225.0,11.89,80.68,7.42
module_1,225.0,10.49,71.34,18.16
module_1,225.0,10.0,62.25,27.75
module_1,225.0,10.22,69.97,19.81
module_1,225.0,18.03,80.16,1.81
module_1,225.0,17.29,80.55,2.16
module_1,225.0,17.12,80.66,2.22
module_1,225.0,17.12,80.82,2.05
module_1,225.0,17.48,80.33,2.19
module_1,225.0,17.4,80.66,1.95
module_1,225.0,16.52,80.85,2.63
module_1,225.0,16.63,80.93,2.44
module_1,225.0,16.85,80.79,2.36
module_1,225.0,16.66,80.58,2.77
module_1,225.0,16.05,80.63,3.32
module_1,225.0,15.73,80.3,3.97
module_1,225.0,15.37,79.97,4.66
module_1,225.0,15.42,80.3,4.27
module_1,225.0,15.21,79.67,5.12
module_1,225.0,14.38,78.6,7.01
module_1,225.0,14.05,76.9,9.04
module_1,225.0,13.1,76.38,10.52
module_1,225.0,13.84,78.05,8.11
module_1,225.0,14.11,78.66,7.23
module_1,225.0,11.89,77.29,10.82
module_1,225.0,11.95,72.77,15.29
module_1,225.0,10.99,67.07,21.95
module_1,225.0,11.73,69.95,18.33
module_1,225.0,12.08,73.81,14.11
module_1,225.0,10.68,77.01,12.3
module_1,225.0,10.52,69.48,20.0
module_1,225.0,10.38,61.67,27.95
module_1,225.0,10.44,59.1,30.47
module_1,225.0,10.6,64.38,25.01
module_1,225.0,10.38,77.26,12.36
module_1,225.0,9.92,61.1,28.99
module_1,225.0,9.78,50.3,39.92
module_1,225.0,9.7,41.78,48.52
module_1,225.0,10.14,54.77,35.1
module_1,225.0,10.6,86.6,2.79
module_1,225.0,9.62,30.3,60.08
module_1,225.0,9.7,36.3,54.0
module_1,225.0,9.62,24.93,65.45
module_1,225.0,10.0,51.81,38.19
module_1,225.0,23.34,72.41,4.25
module_1,225.0,19.84,79.7,0.47
module_1,225.0,22.79,77.21,0.0
module_1,225.0,17.51,74.47,8.03
module_1,225.0,15.75,76.96,7.29
module_1,225.0,17.23,80.66,2.11
module_1,225.0,17.64,73.62,8.74
module_1,225.0,17.23,72.96,9.81
module_1,225.0,18.05,72.68,9.26
module_1,225.0,20.03,74.77,5.21
module_1,225.0,19.84,75.34,4.82
module_1,225.0,20.93,73.29,5.78
module_1,225.0,23.78,73.81,2.41
module_1,225.0,22.9,74.22,2.88
module_1,225.0,23.59,73.51,2.9
module_1,270.0,28.44,71.56,0.0
module_1,270.0,26.9,71.67,1.42
module_1,270.0,29.26,67.42,3.32
module_1,270.0,23.89,76.11,0.0
module_1,270.0,22.38,74.96,2.66
module_1,270.0,24.22,71.75,4.03
module_1,270.0,19.59,80.41,0.0
module_1,270.0,18.6,77.4,4.0
module_1,270.0,19.81,73.18,7.01
module_1,270.0,18.27,81.73,0.0
module_1,270.0,16.66,81.26,2.08
module_1,270.0,18.58,74.3,7.12
module_1,270.0,25.75,74.25,0.0
module_1,270.0,21.92,78.08,0.0
module_1,270.0,26.77,70.6,2.63
module_1,270.0,18.47,81.53,0.0
module_1,270.0,18.0,82.0,0.0
module_1,270.0,17.92,82.08,0.0
module_1,270.0,18.22,81.23,0.55
module_1,270.0,18.96,80.25,0.79
module_1,270.0,18.0,82.0,0.0
module_1,270.0,17.29,82.71,0.0
module_1,270.0,17.23,82.77,0.0
module_1,270.0,17.53,81.7,0.77
module_1,270.0,17.92,80.93,1.15
module_1,270.0,16.25,83.75,0.0
module_1,270.0,16.03,83.97,0.0
module_1,270.0,15.48,81.92,2.6
module_1,270.0,15.86,81.01,3.12
module_1,270.0,16.27,80.3,3.42
module_1,270.0,14.33,85.67,0.0
module_1,270.0,14.03,83.75,2.22
module_1,270.0,13.97,82.14,3.89
module_1,270.0,14.03,80.22,5.75
module_1,270.0,14.55,79.21,6.25
module_1,270.0,12.41,87.4,0.19
module_1,270.0,11.75,85.01,3.23
module_1,270.0,11.7,80.05,8.25
module_1,270.0,11.92,78.71,9.37
module_1,270.0,12.74,76.25,11.01
module_1,270.0,10.79,87.81,1.4
module_1,270.0,10.49,82.93,6.58
module_1,270.0,10.41,77.26,12.33
module_1,270.0,10.55,73.73,15.73
module_1,270.0,10.99,72.22,16.79
module_1,270.0,10.16,88.9,0.93
module_1,270.0,9.84,75.23,14.93
module_1,270.0,9.78,67.86,22.36
module_1,270.0,9.92,65.4,24.68
module_1,270.0,10.38,65.42,24.19
module_1,270.0,9.95,89.86,0.19
module_1,270.0,9.64,50.63,39.73
module_1,270.0,9.7,51.81,38.49
module_1,270.0,9.7,47.51,42.79
module_1,270.0,10.47,65.42,24.11
module_1,270.0,9.62,39.18,51.21
module_1,270.0,9.62,31.01,59.37
module_1,270.0,9.62,28.36,62.03
module_1,270.0,9.62,26.9,63.48
module_1,270.0,9.62,26.38,64.0
module_1,270.0,9.62,26.52,63.86
module_1,270.0,9.62,27.81,62.58
module_1,270.0,9.7,34.33,55.97
module_1,270.0,21.48,78.52,0.0
module_1,270.0,16.14,83.86,0.0
module_1,270.0,14.44,85.56,0.0
module_1,270.0,13.67,86.33,0.0
module_1,270.0,12.99,87.01,0.0
module_1,270.0,12.66,87.23,0.11
module_1,270.0,12.49,86.41,1.1
module_1,270.0,11.7,87.26,1.04
module_1,270.0,10.96,85.53,3.51
module_1,270.0,13.67,86.33,0.0
module_1,270.0,12.68,87.32,0.0
module_1,270.0,12.16,87.84,0.0
module_1,270.0,11.73,85.59,2.68
module_1,270.0,11.64,84.63,3.73
module_1,270.0,10.68,85.29,4.03
module_1,270.0,9.92,80.82,9.26
module_1,270.0,11.7,88.03,0.27
module_1,270.0,11.34,85.7,2.96
module_1,270.0,10.88,84.9,4.22
module_1,270.0,11.23,84.16,4.6
module_1,270.0,10.16,81.89,7.95
module_1,270.0,9.7,64.44,25.86
module_1,270.0,10.71,85.51,3.78
module_1,270.0,10.58,82.36,7.07
module_1,270.0,10.49,79.34,10.16
module_1,270.0,12.14,86.55,1.32
module_1,270.0,10.0,73.86,16.14
module_1,270.0,9.7,53.7,36.6
module_1,270.0,10.25,80.55,9.21
module_1,270.0,10.11,76.9,12.99
module_1,270.0,10.03,72.22,17.75
module_1,270.0,9.97,68.71,21.32
module_1,270.0,9.89,64.77,25.34
module_1,270.0,9.7,50.99,39.32
module_1,270.0,9.92,72.58,17.51
module_1,270.0,9.78,64.96,25.26
module_1,270.0,9.73,58.96,31.32
module_1,270.0,9.73,55.75,34.52
module_1,270.0,9.73,54.3,35.97
module_1,270.0,9.78,53.21,37.01
module_1,270.0,23.15,76.85,0.0
module_1,270.0,26.25,73.75,0.0
module_1,270.0,26.71,73.29,0.0
module_1,270.0,20.03,79.97,0.0
module_1,270.0,14.99,85.01,0.0
module_1,270.0,16.14,83.86,0.0
module_1,270.0,14.6,85.4,0.0
module_1,270.0,16.85,83.15,0.0
module_1,270.0,14.08,85.92,0.0
module_1,270.0,28.14,71.86,0.0
module_1,270.0,31.21,68.79,0.0
module_1,270.0,29.95,70.05,0.0
module_1,270.0,16.71,83.29,0.0
module_1,270.0,24.66,75.34,0.0
module_1,270.0,25.75,74.25,0.0
module_1,270.0,11.7,88.3,0.0
module_1,270.0,13.67,86.33,0.0
module_1,270.0,26.16,73.84,0.0
module_1,270.0,13.56,86.44,0.0
module_1,270.0,12.82,87.15,0.03
module_1,270.0,13.07,86.93,0.0
module_1,270.0,13.86,86.14,0.0
module_1,270.0,12.66,86.44,0.9
module_1,270.0,12.52,86.3,1.18
module_1,270.0,13.7,84.33,1.97
module_1,270.0,12.6,85.42,1.97
module_1,270.0,13.34,86.66,0.0
module_1,270.0,13.07,86.93,0.0
module_1,270.0,12.52,86.27,1.21
module_1,270.0,12.77,86.68,0.55
module_1,270.0,13.95,83.75,2.3
module_1,270.0,10.68,84.27,5.04
module_1,270.0,9.7,59.37,30.93
module_1,270.0,9.62,44.44,45.95
module_1,270.0,9.7,76.88,13.42
module_1,270.0,12.19,85.89,1.92
module_1,270.0,31.64,68.36,0.0
module_1,270.0,11.26,88.74,0.0
module_1,270.0,10.68,88.16,1.15
module_1,270.0,12.05,87.95,0.0
module_1,270.0,11.21,88.79,0.0
module_1,270.0,10.9,89.07,0.03
module_1,270.0,10.49,87.62,1.89
module_1,270.0,10.52,87.48,2.0
module_1,270.0,28.41,71.59,0.0
module_1,270.0,10.14,83.32,6.55
module_1,270.0,10.25,85.78,3.97
module_1,270.0,9.7,65.21,25.1
module_1,270.0,9.95,77.12,12.93
module_1,270.0,9.7,53.01,37.29
module_1,270.0,9.7,50.19,40.11
module_1,270.0,9.64,41.73,48.63
module_1,270.0,9.75,67.1,23.15
module_1,270.0,9.92,78.74,11.34
module_1,270.0,9.62,36.27,54.11
module_1,270.0,9.67,41.4,48.93
module_1,270.0,9.62,39.7,50.68
module_1,270.0,9.7,46.55,43.75
module_1,270.0,9.62,36.55,53.84
module_1,270.0,9.84,54.49,35.67
module_1,270.0,9.62,38.3,52.08
module_1,270.0,9.62,40.49,49.89
module_1,270.0,9.62,35.23,55.15
module_1,270.0,9.62,37.29,53.1
module_1,270.0,9.62,34.49,55.89
module_1,270.0,9.67,39.67,50.66
module_1,270.0,9.7,39.75,50.55
module_1,270.0,9.7,42.49,47.81
module_1,270.0,9.84,51.51,38.66
module_1,270.0,9.7,40.9,49.4
module_1,270.0,9.64,35.12,55.23
module_1,270.0,9.97,57.23,32.79
module_1,270.0,9.7,45.29,45.01
module_1,270.0,11.62,88.38,0.0
module_1,270.0,28.79,71.21,0.0
module_1,270.0,25.53,73.75,0.71
module_1,270.0,25.95,70.74,3.32
module_1,270.0,23.59,76.41,0.0
module_1,270.0,21.04,77.48,1.48
module_1,270.0,21.95,73.48,4.58
module_1,270.0,19.89,80.11,0.0
module_1,270.0,17.67,80.71,1.62
module_1,270.0,18.38,74.58,7.04
module_1,270.0,19.84,80.16,0.0
module_1,270.0,17.07,82.93,0.0
module_1,270.0,17.37,77.59,5.04
module_1,270.0,42.63,57.37,0.0
module_1,270.0,32.41,67.59,0.0
module_1,270.0,34.63,65.37,0.0
module_1,270.0,18.88,81.12,0.0
module_1,270.0,18.14,81.86,0.0
module_1,270.0,18.0,82.0,0.0
module_1,270.0,18.0,81.64,0.36
module_1,270.0,18.63,80.66,0.71
module_1,270.0,17.56,82.44,0.0
module_1,270.0,17.07,82.93,0.0
module_1,270.0,16.88,83.12,0.0
module_1,270.0,17.07,82.11,0.82
module_1,270.0,17.29,81.53,1.18
module_1,270.0,15.78,84.22,0.0
module_1,270.0,15.23,84.77,0.0
module_1,270.0,14.99,82.47,2.55
module_1,270.0,15.18,81.1,3.73
module_1,270.0,15.48,80.0,4.52
module_1,270.0,13.97,86.03,0.0
module_1,270.0,13.56,84.79,1.64
module_1,270.0,13.26,82.88,3.86
module_1,270.0,13.4,80.49,6.11
module_1,270.0,13.89,79.18,6.93
module_1,270.0,12.11,87.89,0.0
module_1,270.0,11.53,86.49,1.97
module_1,270.0,11.12,81.15,7.73
module_1,270.0,11.37,79.04,9.59
module_1,270.0,11.75,76.0,12.25
module_1,270.0,10.68,89.32,0.0
module_1,270.0,10.25,83.75,6.0
module_1,270.0,10.14,76.38,13.48
module_1,270.0,10.16,73.18,16.66
module_1,270.0,10.58,71.29,18.14
module_1,270.0,10.27,89.73,0.0
module_1,270.0,9.75,75.21,15.04
module_1,270.0,9.7,63.95,26.36
module_1,270.0,9.7,61.48,28.82
module_1,270.0,10.08,62.47,27.45
module_1,270.0,13.18,86.82,0.0
module_1,270.0,9.62,42.66,47.73
module_1,270.0,9.7,51.4,38.9
module_1,270.0,9.62,35.97,54.41
module_1,270.0,10.16,63.86,25.97
module_1,270.0,9.62,35.89,54.49
module_1,270.0,9.62,25.97,64.41
module_1,270.0,9.62,25.01,65.37
module_1,270.0,9.62,24.71,65.67
module_1,270.0,9.62,24.55,65.84
module_1,270.0,9.62,24.08,66.3
module_1,270.0,9.62,23.78,66.6
module_1,270.0,9.62,24.71,65.67
module_1,270.0,25.01,74.99,0.0
module_1,270.0,17.64,82.36,0.0
module_1,270.0,14.63,85.37,0.0
module_1,270.0,13.73,86.27,0.0
module_1,270.0,12.88,87.12,0.0
module_1,270.0,12.52,87.34,0.14
module_1,270.0,12.16,86.14,1.7
module_1,270.0,11.7,86.9,1.4
module_1,270.0,10.68,85.21,4.11
module_1,270.0,12.58,87.42,0.0
module_1,270.0,11.95,87.81,0.25
module_1,270.0,11.64,85.45,2.9
module_1,270.0,11.56,84.49,3.95
module_1,270.0,10.77,86.99,2.25
module_1,270.0,10.0,80.71,9.29
module_1,270.0,11.53,88.16,0.3
module_1,270.0,11.12,85.92,2.96
module_1,270.0,10.71,83.56,5.73
module_1,270.0,10.71,82.85,6.44
module_1,270.0,10.49,85.59,3.92
module_1,270.0,9.78,70.66,19.56
module_1,270.0,10.68,85.42,3.89
module_1,270.0,10.49,81.81,7.7
module_1,270.0,10.33,78.27,11.4
module_1,270.0,10.22,75.95,13.84
module_1,270.0,10.03,72.33,17.64
module_1,270.0,9.73,62.3,27.97
module_1,270.0,10.22,80.63,9.15
module_1,270.0,10.03,75.42,14.55
module_1,270.0,9.95,70.52,19.53
module_1,270.0,9.92,66.44,23.64
module_1,270.0,9.86,62.79,27.34
module_1,270.0,9.78,57.64,32.58
module_1,270.0,9.78,70.96,19.26
module_1,270.0,9.7,60.66,29.64
module_1,270.0,9.7,54.0,36.3
module_1,270.0,9.7,50.77,39.53
module_1,270.0,9.7,49.67,40.63
module_1,270.0,9.7,50.44,39.86
module_1,270.0,26.25,73.75,0.0
module_1,270.0,11.7,88.3,0.0
module_1,270.0,10.74,87.92,1.34
module_1,270.0,10.33,84.77,4.9
module_1,270.0,10.11,81.92,7.97
module_1,315.0,32.88,67.12,0.0
module_1,315.0,30.85,69.15,0.0
module_1,315.0,32.25,67.75,0.0
module_1,315.0,26.66,73.34,0.0
module_1,315.0,25.64,74.36,0.0
module_1,315.0,26.44,73.56,0.0
module_1,315.0,21.26,78.74,0.0
module_1,315.0,19.45,80.55,0.0
module_1,315.0,21.78,78.22,0.0
module_1,315.0,20.55,79.45,0.0
module_1,315.0,18.63,81.37,0.0
module_1,315.0,20.85,78.47,0.68
module_1,315.0,30.11,69.89,0.0
module_1,315.0,26.41,73.59,0.0
module_1,315.0,31.92,68.08,0.0
module_1,315.0,9.62,37.12,53.26
module_1,315.0,9.62,29.4,60.99
module_1,315.0,9.62,28.79,61.59
module_1,315.0,9.62,29.32,61.07
module_1,315.0,9.62,29.95,60.44
module_1,315.0,9.62,30.96,59.42
module_1,315.0,9.62,31.86,58.52
module_1,315.0,9.62,40.27,50.11
module_1,315.0,10.88,89.12,0.0
module_1,315.0,10.11,89.89,0.0
module_1,315.0,9.7,74.63,15.67
module_1,315.0,9.7,61.53,28.77
module_1,315.0,9.78,68.71,21.51
module_1,315.0,9.75,58.41,31.84
module_1,315.0,11.51,88.49,0.0
module_1,315.0,10.79,89.21,0.0
module_1,315.0,10.41,89.59,0.0
module_1,315.0,10.14,87.86,2.0
module_1,315.0,9.92,80.58,9.51
module_1,315.0,9.7,66.63,23.67
module_1,315.0,12.27,87.73,0.0
module_1,315.0,11.32,88.68,0.0
module_1,315.0,10.63,89.37,0.0
module_1,315.0,10.41,89.59,0.0
module_1,315.0,10.11,88.08,1.81
module_1,315.0,9.78,79.62,10.6
module_1,315.0,12.79,87.21,0.0
module_1,315.0,11.86,88.14,0.0
module_1,315.0,11.1,88.9,0.0
module_1,315.0,10.49,89.51,0.0
module_1,315.0,10.11,89.12,0.77
module_1,315.0,9.78,82.9,7.32
module_1,315.0,13.18,86.82,0.0
module_1,315.0,12.3,87.7,0.0
module_1,315.0,11.51,88.49,0.0
module_1,315.0,10.63,89.37,0.0
module_1,315.0,10.14,89.86,0.0
module_1,315.0,9.78,79.92,10.3
module_1,315.0,14.05,85.95,0.0
module_1,315.0,12.79,87.21,0.0
module_1,315.0,11.73,88.27,0.0
module_1,315.0,10.77,89.23,0.0
module_1,315.0,10.22,89.78,0.0
module_1,315.0,9.89,88.05,2.05
module_1,315.0,15.4,84.6,0.0
module_1,315.0,14.14,85.86,0.0
module_1,315.0,17.18,82.82,0.0
module_1,315.0,27.53,72.47,0.0
module_1,315.0,14.25,85.75,0.0
module_1,315.0,13.86,86.14,0.0
module_1,315.0,12.88,87.12,0.0
module_1,315.0,9.92,90.08,0.0
module_1,315.0,9.7,57.67,32.63
module_1,315.0,9.7,79.1,11.21
module_1,315.0,9.64,50.55,39.81
module_1,315.0,10.93,89.07,0.0
module_1,315.0,17.62,82.38,0.0
module_1,315.0,12.63,87.37,0.0
module_1,315.0,13.26,86.74,0.0
module_1,315.0,12.85,87.15,0.0
module_1,315.0,12.58,87.42,0.0
module_1,315.0,13.67,86.33,0.0
module_1,315.0,13.84,86.16,0.0
module_1,315.0,9.62,42.47,47.92
module_1,315.0,9.62,42.22,48.16
module_1,315.0,9.62,49.1,41.29
module_1,315.0,9.64,43.26,47.1
module_1,315.0,10.0,74.08,15.92
module_1,315.0,9.84,71.15,19.01
module_1,315.0,9.92,61.95,28.14
module_1,315.0,9.7,50.41,39.89
module_1,315.0,9.7,54.25,36.05
module_1,315.0,9.7,46.82,43.48
module_1,315.0,9.78,78.38,11.84
module_1,315.0,9.7,57.07,33.23
module_1,315.0,9.64,40.79,49.56
module_1,315.0,9.7,61.1,29.21
module_1,315.0,9.64,45.95,44.41
module_1,315.0,9.64,42.27,48.08
module_1,315.0,9.7,58.0,32.3
module_1,315.0,9.7,47.37,42.93
module_1,315.0,13.97,86.03,0.0
module_1,315.0,14.52,85.48,0.0
module_1,315.0,15.15,84.85,0.0
module_1,315.0,11.73,88.27,0.0
module_1,315.0,17.18,82.82,0.0
module_1,315.0,26.16,73.84,0.0
module_1,315.0,29.32,70.68,0.0
module_1,315.0,29.37,70.63,0.0
module_1,315.0,29.23,70.77,0.0
module_1,315.0,34.0,66.0,0.0
module_1,315.0,31.64,68.36,0.0
module_1,315.0,33.51,66.49,0.0
module_1,315.0,29.78,70.22,0.0
module_1,315.0,27.26,72.74,0.0
module_1,315.0,35.18,64.82,0.0
module_1,315.0,10.88,89.12,0.0
module_1,315.0,10.96,89.04,0.0
module_1,315.0,12.55,87.45,0.0
module_1,315.0,10.55,89.45,0.0
module_1,315.0,9.64,51.21,39.15
module_1,315.0,9.7,65.89,24.41
module_1,315.0,10.11,89.89,0.0
module_1,315.0,9.78,81.67,8.55
module_1,315.0,9.7,59.53,30.77
module_1,315.0,10.49,89.51,0.0
module_1,315.0,30.0,70.0,0.0
module_1,315.0,11.4,88.6,0.0
module_1,315.0,36.33,63.67,0.0
module_1,315.0,10.68,89.32,0.0
module_1,315.0,10.14,89.86,0.0
module_1,315.0,10.33,89.67,0.0
module_1,315.0,9.73,76.58,13.7
module_1,315.0,9.95,90.03,0.03
module_1,315.0,12.03,87.97,0.0
module_1,315.0,20.14,79.86,0.0
module_1,315.0,19.23,80.77,0.0
module_1,315.0,19.21,80.79,0.0
module_1,315.0,19.12,80.88,0.0
module_1,315.0,20.33,79.67,0.0
module_1,315.0,18.55,81.45,0.0
module_1,315.0,18.58,81.42,0.0
module_1,315.0,18.38,81.62,0.0
module_1,315.0,18.66,81.34,0.0
module_1,315.0,19.37,80.63,0.0
module_1,315.0,17.15,82.85,0.0
module_1,315.0,16.68,83.32,0.0
module_1,315.0,15.53,84.47,0.0
module_1,315.0,16.82,83.18,0.0
module_1,315.0,17.18,82.82,0.0
module_1,315.0,15.01,84.99,0.0
module_1,315.0,14.3,85.7,0.0
module_1,315.0,13.42,86.58,0.0
module_1,315.0,14.38,85.62,0.0
module_1,315.0,14.11,85.89,0.0
module_1,315.0,12.74,87.26,0.0
module_1,315.0,11.92,88.08,0.0
module_1,315.0,11.84,88.16,0.0
module_1,315.0,12.16,87.84,0.0
module_1,315.0,12.19,86.33,1.48
module_1,315.0,10.9,89.1,0.0
module_1,315.0,10.25,89.75,0.0
module_1,315.0,10.47,89.53,0.0
module_1,315.0,10.63,87.42,1.95
module_1,315.0,11.12,85.84,3.04
module_1,315.0,10.19,89.81,0.0
module_1,315.0,9.7,86.9,3.4
module_1,315.0,9.78,85.53,4.68
module_1,315.0,9.78,79.62,10.6
module_1,315.0,10.41,82.52,7.07
module_1,315.0,10.0,90.0,0.0
module_1,315.0,9.64,63.04,27.32
module_1,315.0,9.7,67.45,22.85
module_1,315.0,9.62,48.44,41.95
module_1,315.0,10.6,77.64,11.75
module_1,315.0,32.38,67.62,0.0
module_1,315.0,29.01,70.99,0.0
module_1,315.0,33.18,66.82,0.0
module_1,315.0,27.34,72.66,0.0
module_1,315.0,24.03,75.97,0.0
module_1,315.0,26.49,73.51,0.0
module_1,315.0,23.42,76.58,0.0
module_1,315.0,20.93,79.07,0.0
module_1,315.0,21.48,78.52,0.0
module_1,315.0,22.71,77.29,0.0
module_1,315.0,19.29,80.71,0.0
module_1,315.0,20.25,79.75,0.0
module_1,315.0,48.41,51.59,0.0
module_1,315.0,38.63,61.37,0.0
module_1,315.0,41.89,58.11,0.0
module_1,315.0,9.62,40.22,50.16
module_1,315.0,9.62,34.63,55.75
module_1,315.0,9.62,31.45,58.93
module_1,315.0,9.62,31.81,58.58
module_1,315.0,9.62,32.74,57.64
module_1,315.0,9.62,35.1,55.29
module_1,315.0,9.62,36.93,53.45
module_1,315.0,9.62,44.52,45.86
module_1,315.0,11.51,88.49,0.0
module_1,315.0,10.11,89.89,0.0
module_1,315.0,9.95,87.48,2.58
module_1,315.0,9.78,77.62,12.6
module_1,315.0,9.7,60.19,30.11
module_1,315.0,9.78,60.66,29.56
module_1,315.0,11.97,88.03,0.0
module_1,315.0,10.79,89.21,0.0
module_1,315.0,10.3,89.7,0.0
module_1,315.0,10.11,86.96,2.93
module_1,315.0,10.05,85.21,4.74
module_1,315.0,9.78,71.53,18.68
module_1,315.0,12.41,87.59,0.0
module_1,315.0,11.75,88.25,0.0
module_1,315.0,10.96,89.04,0.0
module_1,315.0,10.49,89.51,0.0
module_1,315.0,10.14,88.08,1.78
module_1,315.0,9.81,81.78,8.41
module_1,315.0,12.85,87.15,0.0
module_1,315.0,12.0,88.0,0.0
module_1,315.0,11.32,88.68,0.0
module_1,315.0,10.68,89.32,0.0
module_1,315.0,10.22,89.75,0.03
module_1,315.0,9.92,86.05,4.03
module_1,315.0,13.67,86.33,0.0
module_1,315.0,12.66,87.34,0.0
module_1,315.0,11.7,88.3,0.0
module_1,315.0,10.74,89.26,0.0
module_1,315.0,10.22,89.78,0.0
module_1,315.0,9.92,86.22,3.86
module_1,315.0,13.89,86.11,0.0
module_1,315.0,13.59,86.41,0.0
module_1,315.0,12.08,87.92,0.0
module_1,315.0,10.96,89.04,0.0
module_1,315.0,10.41,89.59,0.0
module_1,315.0,9.92,89.15,0.93
module_1,315.0,15.12,84.88,0.0
module_1,315.0,18.52,81.48,0.0
module_1,315.0,23.67,76.33,0.0
module_1,315.0,12.44,87.56,0.0
module_1,315.0,25.48,74.52,0.0
module_1,315.0,12.74,87.26,0.0
module_1,315.0,13.15,86.85,0.0
module_1,315.0,12.6,87.4,0.0
module_1,315.0,14.25,85.75,0.0
module_1,315.0,15.64,84.36,0.0
module_1,315.0,17.84,82.16,0.0
module_1,315.0,21.84,78.16,0.0
module_1,315.0,29.29,70.71,0.0
module_1,315.0,11.34,88.66,0.0
module_1,315.0,11.89,88.11,0.0
module_1,315.0,10.47,89.53,0.0
module_1,315.0,10.03,89.97,0.0
module_1,315.0,20.52,79.48,0.0
module_1,315.0,19.37,80.63,0.0
module_1,315.0,19.15,80.85,0.0
module_1,315.0,19.4,80.6,0.0
module_1,315.0,19.89,80.11,0.0
module_1,315.0,19.37,80.63,0.0
module_1,315.0,18.0,82.0,0.0
module_1,315.0,17.86,82.14,0.0
module_1,315.0,17.97,82.03,0.0
module_1,315.0,18.22,81.78,0.0
module_1,315.0,16.49,83.51,0.0
module_1,315.0,16.05,83.95,0.0
module_1,315.0,16.49,83.51,0.0
module_1,315.0,15.67,84.33,0.0
module_1,315.0,16.22,83.78,0.0
module_1,315.0,14.49,85.51,0.0
module_1,315.0,13.84,86.16,0.0
module_1,315.0,14.25,85.75,0.0
module_1,315.0,13.51,86.49,0.0
module_1,315.0,14.6,85.4,0.0
module_1,315.0,12.22,87.78,0.0
module_1,315.0,11.67,88.33,0.0
module_1,315.0,11.34,88.66,0.0
module_1,315.0,11.48,88.52,0.0
module_1,315.0,12.47,87.53,0.0
module_1,315.0,10.77,89.23,0.0
module_1,315.0,10.66,89.34,0.0
module_1,315.0,10.16,89.75,0.08
module_1,315.0,10.22,87.75,2.03
module_1,315.0,10.63,85.75,3.62
module_1,315.0,10.3,89.7,0.0
module_1,315.0,9.92,90.08,0.0
module_1,315.0,9.7,81.86,8.44
module_1,315.0,9.81,83.56,6.63
module_1,315.0,10.03,80.68,9.29
module_1,315.0,13.51,86.49,0.0
module_1,315.0,9.62,51.81,38.58
module_1,315.0,9.7,69.29,21.01
module_1,315.0,9.64,59.59,30.77
module_1,315.0,10.22,76.88,12.9
module_2,0.0,9.59,21.95,68.47
module_2,0.0,9.59,17.59,72.82
module_2,0.0,9.59,16.93,73.48
module_2,0.0,9.59,16.6,73.81
module_2,0.0,9.59,16.55,73.86
module_2,0.0,9.59,16.63,73.78
module_2,0.0,9.59,16.9,73.51
module_2,0.0,9.59,17.59,72.82
module_2,0.0,9.59,19.18,71.23
module_2,0.0,9.59,21.12,69.29
module_2,0.0,9.59,16.88,73.53
module_2,0.0,9.59,16.38,74.03
module_2,0.0,9.59,15.95,74.47
module_2,0.0,9.59,15.92,74.49
module_2,0.0,9.59,15.78,74.63
module_2,0.0,9.59,16.16,74.25
module_2,0.0,9.59,16.63,73.78
module_2,0.0,9.59,18.47,71.95
module_2,0.0,9.62,20.93,69.45
module_2,0.0,9.7,27.34,62.96
module_2,0.0,9.78,33.1,57.12
module_2,0.0,9.62,15.23,75.15
module_2,0.0,9.7,22.27,68.03
module_2,0.0,9.7,26.44,63.86
module_2,0.0,9.62,14.6,75.78
module_2,0.0,9.64,19.84,70.52
module_2,0.0,9.7,25.67,64.63
module_2,0.0,9.62,15.81,74.58
module_2,0.0,9.7,21.95,68.36
module_2,0.0,9.7,30.16,60.14
module_2,0.0,10.52,89.48,0.0
module_2,0.0,10.16,89.84,0.0
module_2,0.0,9.92,90.08,0.0
module_2,0.0,9.7,87.7,2.6
module_2,0.0,9.64,61.53,28.82
module_2,0.0,10.41,89.59,0.0
module_2,0.0,10.11,89.86,0.03
module_2,0.0,9.84,90.08,0.08
module_2,0.0,9.7,83.4,6.9
module_2,0.0,9.62,54.03,36.36
module_2,0.0,10.27,89.45,0.27
module_2,0.0,10.05,89.04,0.9
module_2,0.0,9.78,89.12,1.1
module_2,0.0,9.7,77.04,13.26
module_2,0.0,9.62,48.88,41.51
module_2,0.0,10.16,88.14,1.7
module_2,0.0,10.0,87.42,2.58
module_2,0.0,9.78,86.52,3.7
module_2,0.0,9.7,69.37,20.93
module_2,0.0,9.62,46.63,43.75
module_2,0.0,11.26,88.74,0.0
module_2,0.0,10.58,87.97,1.45
module_2,0.0,10.19,85.42,4.38
module_2,0.0,10.08,81.04,8.88
module_2,0.0,9.92,78.79,11.29
module_2,0.0,9.78,75.73,14.49
module_2,0.0,9.7,63.04,27.26
module_2,0.0,9.62,46.49,43.89
module_2,0.0,10.68,89.32,0.0
module_2,0.0,10.03,85.01,4.96
module_2,0.0,9.78,74.16,16.05
module_2,0.0,9.73,65.51,24.77
module_2,0.0,9.7,62.08,28.22
module_2,0.0,9.73,62.68,27.59
module_2,0.0,9.7,62.6,27.7
module_2,0.0,9.64,50.74,39.62
module_2,0.0,10.93,89.07,0.0
module_2,0.0,10.79,89.21,0.0
module_2,0.0,10.55,89.45,0.0
module_2,0.0,10.68,89.32,0.0
module_2,0.0,10.36,89.64,0.0
module_2,0.0,10.22,89.78,0.0
module_2,0.0,10.68,89.32,0.0
module_2,0.0,10.6,89.4,0.0
module_2,0.0,10.49,88.88,0.63
module_2,0.0,11.59,88.41,0.0
module_2,0.0,10.58,89.42,0.0
module_2,0.0,10.68,89.32,0.0
module_2,0.0,10.49,89.51,0.0
module_2,0.0,10.49,89.51,0.0
module_2,0.0,10.0,90.0,0.0
module_2,0.0,10.03,89.97,0.0
module_2,0.0,9.78,89.95,0.27
module_2,0.0,9.7,75.1,15.21
module_2,0.0,9.7,78.96,11.34
module_2,0.0,9.64,63.4,26.96
module_2,0.0,9.78,89.29,0.93
module_2,0.0,9.62,46.6,43.78
module_2,0.0,9.62,41.29,49.1
module_2,0.0,9.62,43.23,47.15
module_2,0.0,9.62,40.88,49.51
module_2,0.0,9.62,39.4,50.99
module_2,0.0,9.62,38.33,52.05
module_2,0.0,9.62,40.36,50.03
module_2,0.0,9.62,46.41,43.97
module_2,0.0,12.68,87.32,0.0
module_2,0.0,11.95,88.05,0.0
module_2,0.0,12.68,87.32,0.0
module_2,0.0,11.78,88.22,0.0
module_2,0.0,10.77,89.23,0.0
module_2,0.0,10.49,86.63,2.88
module_2,0.0,11.64,88.36,0.0
module_2,0.0,11.78,88.22,0.0
module_2,0.0,11.4,88.6,0.0
module_2,0.0,13.32,86.68,0.0
module_2,0.0,12.11,87.89,0.0
module_2,0.0,11.4,88.6,0.0
module_2,0.0,9.62,44.3,46.08
module_2,0.0,9.64,57.86,32.49
module_2,0.0,9.7,84.52,5.78
module_2,0.0,9.62,40.77,49.62
module_2,0.0,9.62,35.51,54.88
module_2,0.0,9.73,74.52,15.75
module_2,0.0,9.7,52.77,37.53
module_2,0.0,9.62,37.48,52.9
module_2,0.0,9.62,40.33,50.05
module_2,0.0,9.62,38.11,52.27
module_2,0.0,9.62,43.21,47.18
module_2,0.0,9.62,36.22,54.16
module_2,0.0,9.7,47.81,42.49
module_2,0.0,9.86,82.44,7.7
module_2,0.0,9.62,41.26,49.12
module_2,0.0,9.62,49.67,40.71
module_2,0.0,9.7,68.63,21.67
module_2,0.0,9.7,73.32,16.99
module_2,0.0,9.62,37.56,52.82
module_2,0.0,9.62,36.41,53.97
module_2,0.0,9.7,58.16,32.14
module_2,0.0,9.62,42.25,48.14
module_2,0.0,9.62,38.22,52.16
module_2,0.0,9.62,37.18,53.21
module_2,0.0,9.62,37.15,53.23
module_2,0.0,9.62,38.05,52.33
module_2,0.0,9.62,40.49,49.89
module_2,0.0,9.67,48.85,41.48
module_2,0.0,13.45,83.84,2.71
module_2,0.0,11.81,76.41,11.78
module_2,0.0,11.67,79.89,8.44
module_2,0.0,11.67,83.51,4.82
module_2,0.0,11.37,86.08,2.55
module_2,0.0,10.71,87.48,1.81
module_2,0.0,10.33,88.55,1.12
module_2,0.0,9.92,88.96,1.12
module_2,0.0,12.49,87.15,0.36
module_2,0.0,11.23,77.97,10.79
module_2,0.0,11.37,79.21,9.42
module_2,0.0,11.37,82.96,5.67
module_2,0.0,11.07,86.22,2.71
module_2,0.0,10.58,87.4,2.03
module_2,0.0,10.11,88.47,1.42
module_2,0.0,9.78,83.07,7.15
module_2,0.0,12.85,86.19,0.96
module_2,0.0,11.34,77.37,11.29
module_2,0.0,11.32,79.62,9.07
module_2,0.0,11.26,83.51,5.23
module_2,0.0,10.79,86.08,3.12
module_2,0.0,10.41,87.51,2.08
module_2,0.0,10.0,88.6,1.4
module_2,0.0,9.7,72.49,17.81
module_2,0.0,13.45,85.73,0.82
module_2,0.0,12.0,78.88,9.12
module_2,0.0,11.64,80.99,7.37
module_2,0.0,11.29,85.12,3.59
module_2,0.0,10.77,86.9,2.33
module_2,0.0,10.25,88.05,1.7
module_2,0.0,9.92,88.6,1.48
module_2,0.0,9.7,66.63,23.67
module_2,0.0,14.11,85.75,0.14
module_2,0.0,13.01,82.96,4.03
module_2,0.0,12.05,83.97,3.97
module_2,0.0,11.45,86.3,2.25
module_2,0.0,10.79,87.59,1.62
module_2,0.0,10.25,88.68,1.07
module_2,0.0,9.92,88.74,1.34
module_2,0.0,9.7,64.82,25.48
module_2,0.0,14.58,85.42,0.0
module_2,0.0,13.56,85.81,0.63
module_2,0.0,12.82,85.95,1.23
module_2,0.0,11.73,87.18,1.1
module_2,0.0,10.9,88.36,0.74
module_2,0.0,10.41,88.85,0.74
module_2,0.0,9.97,89.34,0.68
module_2,0.0,9.7,68.55,21.75
module_2,0.0,14.9,85.1,0.0
module_2,0.0,14.38,85.53,0.08
module_2,0.0,13.26,86.47,0.27
module_2,0.0,12.22,87.51,0.27
module_2,0.0,11.32,88.14,0.55
module_2,0.0,10.55,89.15,0.3
module_2,0.0,10.11,89.42,0.47
module_2,0.0,9.73,77.97,12.3
module_2,0.0,15.4,84.6,0.0
module_2,0.0,14.74,85.26,0.0
module_2,0.0,13.62,86.38,0.0
module_2,0.0,12.77,87.07,0.16
module_2,0.0,11.56,88.14,0.3
module_2,0.0,10.82,88.9,0.27
module_2,0.0,10.22,89.78,0.0
module_2,0.0,9.89,86.77,3.34
module_2,0.0,9.59,23.12,67.29
module_2,0.0,9.59,19.23,71.18
module_2,0.0,9.59,17.89,72.52
module_2,0.0,9.59,17.62,72.79
module_2,0.0,9.59,17.62,72.79
module_2,0.0,9.59,17.92,72.49
module_2,0.0,9.59,18.63,71.78
module_2,0.0,9.59,19.86,70.55
module_2,0.0,9.62,26.52,63.86
module_2,0.0,9.59,21.18,69.23
module_2,0.0,9.59,17.73,72.68
module_2,0.0,9.59,16.79,73.62
module_2,0.0,9.59,16.55,73.86
module_2,0.0,9.59,16.41,74.0
module_2,0.0,9.59,16.47,73.95
module_2,0.0,9.59,16.96,73.45
module_2,0.0,9.59,18.27,72.14
module_2,0.0,9.59,24.6,65.81
module_2,0.0,9.62,14.79,75.59
module_2,0.0,9.7,23.04,67.26
module_2,0.0,9.7,28.6,61.7
module_2,0.0,9.62,14.05,76.33
module_2,0.0,9.62,18.47,71.92
module_2,0.0,9.7,24.82,65.48
module_2,0.0,9.62,13.95,76.44
module_2,0.0,9.62,17.92,72.47
module_2,0.0,9.7,24.85,65.45
module_2,0.0,9.62,15.64,74.74
module_2,0.0,9.7,21.23,69.07
module_2,0.0,9.7,31.12,59.18
module_2,0.0,10.6,89.4,0.0
module_2,0.0,10.22,89.78,0.0
module_2,0.0,10.0,90.0,0.0
module_2,0.0,9.75,89.42,0.82
module_2,0.0,9.7,68.55,21.75
module_2,0.0,10.49,89.51,0.0
module_2,0.0,10.16,89.84,0.0
module_2,0.0,9.92,89.59,0.49
module_2,0.0,9.7,87.29,3.01
module_2,0.0,9.64,60.05,30.3
module_2,0.0,10.38,89.15,0.47
module_2,0.0,10.11,88.63,1.26
module_2,0.0,9.89,88.41,1.7
module_2,0.0,9.7,82.68,7.62
module_2,0.0,9.64,54.63,35.73
module_2,0.0,10.22,86.3,3.48
module_2,0.0,10.08,85.15,4.77
module_2,0.0,9.86,84.3,5.84
module_2,0.0,9.7,78.03,12.27
module_2,0.0,9.64,51.21,39.15
module_2,0.0,11.42,88.58,0.0
module_2,0.0,10.58,88.44,0.99
module_2,0.0,10.16,85.34,4.49
module_2,0.0,10.0,79.53,10.47
module_2,0.0,9.89,75.15,14.96
module_2,0.0,9.78,72.74,17.48
module_2,0.0,9.7,66.93,23.37
module_2,0.0,9.64,51.21,39.15
module_2,0.0,10.9,89.1,0.0
module_2,0.0,10.0,87.95,2.05
module_2,0.0,9.7,70.03,20.27
module_2,0.0,9.7,56.44,33.86
module_2,0.0,9.7,52.77,37.53
module_2,0.0,9.7,56.08,34.22
module_2,0.0,9.7,63.37,26.93
module_2,0.0,9.7,58.96,31.34
module_2,0.0,9.7,63.62,26.68
module_2,0.0,9.7,50.58,39.73
module_2,0.0,9.62,45.32,45.07
module_2,0.0,9.62,43.64,46.74
module_2,0.0,9.62,44.36,46.03
module_2,0.0,9.64,46.11,44.25
module_2,0.0,9.7,53.12,37.18
module_2,0.0,9.7,67.56,22.74
module_2,0.0,14.11,85.89,0.0
module_2,0.0,11.67,78.22,10.11
module_2,0.0,11.53,76.16,12.3
module_2,0.0,11.62,81.64,6.74
module_2,0.0,11.37,85.67,2.96
module_2,0.0,10.79,86.88,2.33
module_2,0.0,10.41,88.11,1.48
module_2,0.0,10.0,88.88,1.12
module_2,0.0,13.73,86.27,0.0
module_2,0.0,11.34,77.59,11.07
module_2,0.0,11.32,75.62,13.07
module_2,0.0,11.37,81.67,6.96
module_2,0.0,11.15,86.0,2.85
module_2,0.0,10.6,87.29,2.11
module_2,0.0,10.16,88.27,1.56
module_2,0.0,9.78,87.42,2.79
module_2,0.0,13.81,86.19,0.0
module_2,0.0,11.73,79.32,8.96
module_2,0.0,11.45,79.04,9.51
module_2,0.0,11.32,82.38,6.3
module_2,0.0,10.9,86.19,2.9
module_2,0.0,10.49,87.15,2.36
module_2,0.0,10.08,88.38,1.53
module_2,0.0,9.75,81.37,8.88
module_2,0.0,14.19,85.81,0.0
module_2,0.0,12.66,81.4,5.95
module_2,0.0,11.95,81.51,6.55
module_2,0.0,11.48,85.23,3.29
module_2,0.0,10.88,86.58,2.55
module_2,0.0,10.47,87.67,1.86
module_2,0.0,10.0,88.71,1.29
module_2,0.0,9.7,77.1,13.21
module_2,0.0,14.38,85.62,0.0
module_2,0.0,13.48,84.08,2.44
module_2,0.0,12.66,84.25,3.1
module_2,0.0,11.73,86.08,2.19
module_2,0.0,11.07,87.59,1.34
module_2,0.0,10.47,88.44,1.1
module_2,0.0,10.05,88.96,0.99
module_2,0.0,9.7,78.88,11.42
module_2,0.0,14.6,85.4,0.0
module_2,0.0,14.41,84.9,0.68
module_2,0.0,13.21,85.97,0.82
module_2,0.0,12.22,87.07,0.71
module_2,0.0,11.37,88.22,0.41
module_2,0.0,10.6,88.79,0.6
module_2,0.0,10.11,89.32,0.58
module_2,0.0,9.78,84.05,6.16
module_2,0.0,14.82,85.18,0.0
module_2,0.0,14.71,85.29,0.0
module_2,0.0,13.62,86.38,0.0
module_2,0.0,12.79,87.04,0.16
module_2,0.0,11.67,88.0,0.33
module_2,0.0,10.85,88.82,0.33
module_2,0.0,10.25,89.51,0.25
module_2,0.0,9.89,88.9,1.21
module_2,0.0,15.42,84.58,0.0
module_2,0.0,15.23,84.77,0.0
module_2,0.0,14.38,85.59,0.03
module_2,0.0,13.23,86.6,0.16
module_2,0.0,12.0,87.92,0.08
module_2,0.0,11.12,88.58,0.3
module_2,0.0,10.52,89.18,0.3
module_2,0.0,10.11,89.81,0.08
module_2,45.0,9.59,19.67,70.74
module_2,45.0,9.59,16.19,74.22
module_2,45.0,9.59,16.05,74.36
module_2,45.0,9.59,16.14,74.27
module_2,45.0,9.59,15.56,74.85
module_2,45.0,9.59,14.74,75.67
module_2,45.0,9.59,15.04,75.37
module_2,45.0,9.59,15.75,74.66
module_2,45.0,9.59,21.89,68.52
module_2,45.0,9.59,15.62,74.79
module_2,45.0,9.59,14.79,75.62
module_2,45.0,9.59,14.03,76.38
module_2,45.0,9.59,14.3,76.11
module_2,45.0,9.59,15.01,75.4
module_2,45.0,9.59,16.6,73.81
module_2,45.0,9.59,16.36,74.05
module_2,45.0,9.59,16.08,74.33
module_2,45.0,9.59,15.89,74.52
module_2,45.0,9.7,48.93,41.37
module_2,45.0,9.7,39.62,50.68
module_2,45.0,9.62,37.18,53.21
module_2,45.0,9.62,36.3,54.08
module_2,45.0,9.62,35.07,55.32
module_2,45.0,9.62,35.81,54.58
module_2,45.0,9.62,37.84,52.55
module_2,45.0,9.7,45.59,44.71
module_2,45.0,11.73,88.27,0.0
module_2,45.0,10.85,83.07,6.08
module_2,45.0,10.71,80.52,8.77
module_2,45.0,10.66,80.93,8.41
module_2,45.0,10.55,84.6,4.85
module_2,45.0,10.25,85.45,4.3
module_2,45.0,10.03,84.08,5.89
module_2,45.0,9.78,65.34,24.88
module_2,45.0,11.12,88.71,0.16
module_2,45.0,10.58,80.96,8.47
module_2,45.0,10.55,78.82,10.63
module_2,45.0,10.55,79.81,9.64
module_2,45.0,10.38,83.95,5.67
module_2,45.0,10.14,84.99,4.88
module_2,45.0,9.89,78.03,12.08
module_2,45.0,9.7,57.53,32.77
module_2,45.0,11.18,84.41,4.41
module_2,45.0,10.6,79.75,9.64
module_2,45.0,10.55,79.18,10.27
module_2,45.0,10.52,81.89,7.59
module_2,45.0,10.33,84.05,5.62
module_2,45.0,10.11,82.33,7.56
module_2,45.0,9.84,72.55,17.62
module_2,45.0,9.7,48.44,41.86
module_2,45.0,11.42,84.22,4.36
module_2,45.0,10.82,79.92,9.26
module_2,45.0,10.71,82.14,7.15
module_2,45.0,10.52,84.6,4.88
module_2,45.0,10.19,83.15,6.66
module_2,45.0,10.08,79.89,10.03
module_2,45.0,9.78,66.41,23.81
module_2,45.0,9.7,45.4,44.9
module_2,45.0,11.73,88.08,0.19
module_2,45.0,11.12,84.74,4.14
module_2,45.0,10.82,85.4,3.78
module_2,45.0,10.55,84.3,5.15
module_2,45.0,10.27,82.93,6.79
module_2,45.0,10.08,79.67,10.25
module_2,45.0,9.78,66.14,24.08
module_2,45.0,9.7,46.36,43.95
module_2,45.0,12.0,87.62,0.38
module_2,45.0,11.45,87.12,1.42
module_2,45.0,11.07,86.08,2.85
module_2,45.0,10.63,85.18,4.19
module_2,45.0,10.41,83.07,6.52
module_2,45.0,10.11,79.56,10.33
module_2,45.0,9.86,68.58,21.56
module_2,45.0,9.7,48.03,42.27
module_2,45.0,12.27,87.51,0.22
module_2,45.0,12.0,87.51,0.49
module_2,45.0,11.26,86.82,1.92
module_2,45.0,10.79,85.56,3.64
module_2,45.0,10.52,83.45,6.03
module_2,45.0,10.14,80.03,9.84
module_2,45.0,9.97,72.55,17.48
module_2,45.0,9.73,55.62,34.66
module_2,45.0,12.6,87.23,0.16
module_2,45.0,12.25,87.26,0.49
module_2,45.0,11.45,86.38,2.16
module_2,45.0,11.04,84.93,4.03
module_2,45.0,10.63,82.93,6.44
module_2,45.0,10.33,79.59,10.08
module_2,45.0,10.11,74.85,15.04
module_2,45.0,9.81,62.33,27.86
module_2,45.0,10.47,87.51,2.03
module_2,45.0,10.71,88.63,0.66
module_2,45.0,10.08,86.58,3.34
module_2,45.0,10.33,87.1,2.58
module_2,45.0,9.78,77.56,12.66
module_2,45.0,10.11,85.45,4.44
module_2,45.0,9.7,54.96,35.34
module_2,45.0,10.0,81.04,8.96
module_2,45.0,10.11,83.4,6.49
module_2,45.0,10.11,85.62,4.27
module_2,45.0,10.11,87.29,2.6
module_2,45.0,10.14,89.04,0.82
module_2,45.0,9.7,50.33,39.97
module_2,45.0,9.81,65.45,24.74
module_2,45.0,9.95,76.25,13.81
module_2,45.0,9.97,79.42,10.6
module_2,45.0,9.97,80.9,9.12
module_2,45.0,10.05,86.41,3.53
module_2,45.0,9.7,48.88,41.42
module_2,45.0,9.75,58.33,31.92
module_2,45.0,9.7,59.1,31.21
module_2,45.0,9.78,67.21,23.01
module_2,45.0,9.78,72.11,18.11
module_2,45.0,9.78,75.26,14.96
module_2,45.0,9.7,45.51,44.79
module_2,45.0,9.7,44.6,45.7
module_2,45.0,9.7,46.25,44.05
module_2,45.0,9.7,47.89,42.41
module_2,45.0,9.7,56.38,33.92
module_2,45.0,9.7,64.03,26.27
module_2,45.0,9.7,39.64,50.66
module_2,45.0,9.64,38.99,51.37
module_2,45.0,9.62,37.64,52.74
module_2,45.0,9.62,37.62,52.77
module_2,45.0,9.62,38.85,51.53
module_2,45.0,9.7,48.3,42.0
module_2,45.0,11.86,86.77,1.37
module_2,45.0,11.34,87.59,1.07
module_2,45.0,11.15,88.58,0.27
module_2,45.0,11.07,87.89,1.04
module_2,45.0,11.84,88.16,0.0
module_2,45.0,10.82,87.21,1.97
module_2,45.0,9.64,52.33,38.03
module_2,45.0,9.62,35.75,54.63
module_2,45.0,9.62,38.38,52.0
module_2,45.0,9.62,34.55,55.84
module_2,45.0,10.55,88.27,1.18
module_2,45.0,10.9,89.1,0.0
module_2,45.0,11.89,88.11,0.0
module_2,45.0,10.55,89.45,0.0
module_2,45.0,10.36,87.97,1.67
module_2,45.0,11.12,88.88,0.0
module_2,45.0,10.14,85.86,4.0
module_2,45.0,10.14,86.47,3.4
module_2,45.0,10.14,86.41,3.45
module_2,45.0,10.14,87.23,2.63
module_2,45.0,10.36,89.15,0.49
module_2,45.0,10.36,89.4,0.25
module_2,45.0,10.19,88.3,1.51
module_2,45.0,10.47,89.53,0.0
module_2,45.0,10.47,89.53,0.0
module_2,45.0,9.7,42.58,47.73
module_2,45.0,9.78,56.88,33.34
module_2,45.0,9.7,46.88,43.42
module_2,45.0,9.7,48.52,41.78
module_2,45.0,9.62,31.84,58.55
module_2,45.0,9.62,33.51,56.88
module_2,45.0,9.62,32.6,57.78
module_2,45.0,9.62,37.62,52.77
module_2,45.0,9.62,33.53,56.85
module_2,45.0,9.62,32.52,57.86
module_2,45.0,9.62,33.59,56.79
module_2,45.0,9.62,32.0,58.38
module_2,45.0,10.11,88.85,1.04
module_2,45.0,9.73,70.16,20.11
module_2,45.0,9.95,84.99,5.07
module_2,45.0,10.08,88.79,1.12
module_2,45.0,9.89,83.59,6.52
module_2,45.0,9.7,69.62,20.68
module_2,45.0,9.7,54.9,35.4
module_2,45.0,10.25,89.59,0.16
module_2,45.0,9.62,32.93,57.45
module_2,45.0,9.62,31.04,59.34
module_2,45.0,9.62,31.48,58.9
module_2,45.0,9.64,48.36,42.0
module_2,45.0,9.7,55.84,34.47
module_2,45.0,9.62,36.14,54.25
module_2,45.0,9.62,35.26,55.12
module_2,45.0,9.62,32.85,57.53
module_2,45.0,9.62,27.67,62.71
module_2,45.0,9.7,34.82,55.48
module_2,45.0,9.7,42.14,48.16
module_2,45.0,9.62,19.73,70.66
module_2,45.0,9.64,28.71,61.64
module_2,45.0,9.7,34.41,55.89
module_2,45.0,9.62,18.3,72.08
module_2,45.0,9.62,25.59,64.79
module_2,45.0,9.7,32.22,58.08
module_2,45.0,9.62,18.74,71.64
module_2,45.0,9.7,27.81,62.49
module_2,45.0,9.7,33.32,56.99
module_2,45.0,9.59,15.73,74.68
module_2,45.0,9.59,15.26,75.15
module_2,45.0,9.59,15.37,75.04
module_2,45.0,9.59,15.67,74.74
module_2,45.0,9.59,14.9,75.51
module_2,45.0,9.59,14.27,76.14
module_2,45.0,9.59,14.41,76.0
module_2,45.0,9.59,14.96,75.45
module_2,45.0,9.59,15.95,74.47
module_2,45.0,9.59,21.7,68.71
module_2,45.0,9.59,15.64,74.77
module_2,45.0,9.59,15.18,75.23
module_2,45.0,9.59,14.9,75.51
module_2,45.0,9.59,16.16,74.25
module_2,45.0,9.59,17.64,72.77
module_2,45.0,9.59,17.73,72.68
module_2,45.0,9.59,17.62,72.79
module_2,45.0,9.62,20.14,70.25
module_2,45.0,9.64,37.51,52.85
module_2,45.0,9.62,34.99,55.4
module_2,45.0,9.62,33.75,56.63
module_2,45.0,9.62,32.03,58.36
module_2,45.0,9.62,30.82,59.56
module_2,45.0,9.62,30.88,59.51
module_2,45.0,9.62,33.53,56.85
module_2,45.0,9.64,42.99,47.37
module_2,45.0,12.03,87.97,0.0
module_2,45.0,10.79,85.21,4.0
module_2,45.0,10.66,79.51,9.84
module_2,45.0,10.6,77.78,11.62
module_2,45.0,10.55,83.86,5.59
module_2,45.0,10.36,85.21,4.44
module_2,45.0,10.11,85.37,4.52
module_2,45.0,9.89,79.48,10.63
module_2,45.0,11.67,88.33,0.0
module_2,45.0,10.63,79.78,9.59
module_2,45.0,10.55,76.66,12.79
module_2,45.0,10.55,78.55,10.9
module_2,45.0,10.49,84.27,5.23
module_2,45.0,10.14,83.81,6.05
module_2,45.0,10.05,83.42,6.52
module_2,45.0,9.7,61.59,28.71
module_2,45.0,11.64,87.92,0.44
module_2,45.0,10.63,79.07,10.3
module_2,45.0,10.58,78.25,11.18
module_2,45.0,10.55,79.53,9.92
module_2,45.0,10.41,83.73,5.86
module_2,45.0,10.11,82.93,6.96
module_2,45.0,9.89,76.38,13.73
module_2,45.0,9.7,54.71,35.59
module_2,45.0,11.81,88.03,0.16
module_2,45.0,11.1,81.18,7.73
module_2,45.0,10.71,82.08,7.21
module_2,45.0,10.55,83.23,6.22
module_2,45.0,10.38,83.21,6.41
module_2,45.0,10.11,81.15,8.74
module_2,45.0,9.86,72.19,17.95
module_2,45.0,9.7,51.37,38.93
module_2,45.0,11.75,88.08,0.16
module_2,45.0,11.42,86.19,2.38
module_2,45.0,10.93,84.44,4.63
module_2,45.0,10.66,85.56,3.78
module_2,45.0,10.41,83.53,6.05
module_2,45.0,10.11,81.01,8.88
module_2,45.0,9.89,72.08,18.03
module_2,45.0,9.7,53.56,36.74
module_2,45.0,11.97,87.81,0.22
module_2,45.0,11.75,87.56,0.68
module_2,45.0,11.26,86.85,1.89
module_2,45.0,10.82,85.45,3.73
module_2,45.0,10.52,83.97,5.51
module_2,45.0,10.14,80.9,8.96
module_2,45.0,9.97,74.16,15.86
module_2,45.0,9.7,56.71,33.59
module_2,45.0,12.36,87.4,0.25
module_2,45.0,12.0,87.56,0.44
module_2,45.0,11.45,86.99,1.56
module_2,45.0,11.1,85.95,2.96
module_2,45.0,10.66,84.11,5.23
module_2,45.0,10.33,80.9,8.77
module_2,45.0,10.11,76.08,13.81
module_2,45.0,9.78,60.52,29.7
module_2,45.0,12.99,86.9,0.11
module_2,45.0,12.41,87.18,0.41
module_2,45.0,11.78,86.6,1.62
module_2,45.0,11.18,85.48,3.34
module_2,45.0,10.77,83.53,5.7
module_2,45.0,10.47,80.66,8.88
module_2,45.0,10.14,76.79,13.07
module_2,45.0,9.97,69.51,20.52
module_2,45.0,10.58,87.7,1.73
module_2,45.0,10.79,88.44,0.77
module_2,45.0,9.78,82.66,7.56
module_2,45.0,10.33,87.32,2.36
module_2,45.0,9.7,55.26,35.04
module_2,45.0,10.0,82.82,7.18
module_2,45.0,9.7,48.22,42.08
module_2,45.0,9.86,72.49,17.64
module_2,45.0,10.03,81.15,8.82
module_2,45.0,10.11,83.4,6.49
module_2,45.0,10.14,87.15,2.71
module_2,45.0,10.19,88.9,0.9
module_2,45.0,9.7,44.99,45.32
module_2,45.0,9.78,63.92,26.3
module_2,45.0,9.86,70.9,19.23
module_2,45.0,9.89,74.79,15.32
module_2,45.0,10.0,82.99,7.01
module_2,45.0,10.08,86.93,2.99
module_2,45.0,9.7,46.74,43.56
module_2,45.0,9.7,53.78,36.52
module_2,45.0,9.78,61.59,28.63
module_2,45.0,9.73,60.88,29.4
module_2,45.0,9.73,65.01,25.26
module_2,45.0,9.86,77.4,12.74
module_2,45.0,9.7,44.05,46.25
module_2,45.0,9.7,46.74,43.56
module_2,45.0,9.7,49.62,40.68
module_2,45.0,9.7,51.04,39.26
module_2,45.0,9.7,49.7,40.6
module_2,45.0,9.7,55.42,34.88
module_2,45.0,9.64,37.86,52.49
module_2,45.0,9.62,36.99,53.4
module_2,45.0,9.64,39.62,50.74
module_2,45.0,9.62,39.86,50.52
module_2,45.0,9.62,41.23,49.15
module_2,45.0,9.62,41.23,49.15
module_2,45.0,11.26,88.68,0.05
module_2,45.0,10.79,86.85,2.36
module_2,45.0,9.7,80.79,9.51
module_2,45.0,9.62,34.96,55.42
module_2,45.0,9.62,42.33,48.05
module_2,45.0,9.62,35.21,55.18
module_2,45.0,9.7,43.75,46.55
module_2,45.0,9.7,47.59,42.71
module_2,45.0,9.62,18.99,71.4
module_2,45.0,9.7,35.75,54.55
module_2,45.0,9.7,43.7,46.6
module_2,45.0,9.62,17.07,73.32
module_2,45.0,9.62,24.25,66.14
module_2,45.0,9.7,34.27,56.03
module_2,45.0,9.62,16.88,73.51
module_2,45.0,9.62,22.99,67.4
module_2,45.0,9.7,30.08,60.22
module_2,45.0,9.62,17.92,72.47
module_2,45.0,9.62,23.75,66.63
module_2,45.0,9.7,33.04,57.26
module_2,90.0,9.73,66.27,24.0
module_2,90.0,9.7,56.03,34.27
module_2,90.0,9.7,52.55,37.75
module_2,90.0,9.73,56.36,33.92
module_2,90.0,9.7,54.47,35.84
module_2,90.0,9.67,45.01,45.32
module_2,90.0,9.67,42.36,47.97
module_2,90.0,9.7,46.0,44.3
module_2,90.0,9.62,35.34,55.04
module_2,90.0,9.62,29.34,61.04
module_2,90.0,9.62,27.78,62.6
module_2,90.0,9.62,32.27,58.11
module_2,90.0,9.59,13.53,76.88
module_2,90.0,9.59,12.44,77.97
module_2,90.0,9.59,12.0,78.41
module_2,90.0,9.59,11.78,78.63
module_2,90.0,9.59,11.62,78.79
module_2,90.0,9.59,11.56,78.85
module_2,90.0,9.59,11.59,78.82
module_2,90.0,9.59,11.73,78.68
module_2,90.0,9.59,12.41,78.0
module_2,90.0,9.59,13.21,77.21
module_2,90.0,9.59,12.14,78.27
module_2,90.0,9.59,11.78,78.63
module_2,90.0,9.59,11.59,78.82
module_2,90.0,9.59,11.45,78.96
module_2,90.0,9.59,11.45,78.96
module_2,90.0,9.59,11.45,78.96
module_2,90.0,9.59,11.59,78.82
module_2,90.0,9.59,12.33,78.08
module_2,90.0,9.64,37.1,53.26
module_2,90.0,9.62,29.59,60.79
module_2,90.0,9.62,26.79,63.59
module_2,90.0,9.62,25.07,65.32
module_2,90.0,9.62,24.41,65.97
module_2,90.0,9.62,24.19,66.19
module_2,90.0,9.62,24.88,65.51
module_2,90.0,9.7,29.97,60.33
module_2,90.0,9.86,64.71,25.42
module_2,90.0,9.7,52.47,37.84
module_2,90.0,9.7,44.38,45.92
module_2,90.0,9.7,39.97,50.33
module_2,90.0,9.7,39.12,51.18
module_2,90.0,9.7,39.34,50.96
module_2,90.0,9.75,43.26,46.99
module_2,90.0,9.89,46.99,43.12
module_2,90.0,10.14,76.55,13.32
module_2,90.0,10.08,68.71,21.21
module_2,90.0,9.89,62.47,27.64
module_2,90.0,9.86,57.86,32.27
module_2,90.0,9.86,55.51,34.63
module_2,90.0,9.95,55.75,34.3
module_2,90.0,10.11,56.88,33.01
module_2,90.0,10.14,57.89,31.97
module_2,90.0,10.55,82.27,7.18
module_2,90.0,10.38,76.52,13.1
module_2,90.0,10.16,69.07,20.77
module_2,90.0,10.14,66.63,23.23
module_2,90.0,10.14,65.51,24.36
module_2,90.0,10.27,65.23,24.49
module_2,90.0,10.41,65.1,24.49
module_2,90.0,10.52,65.95,23.53
module_2,90.0,10.99,85.04,3.97
module_2,90.0,10.77,78.82,10.41
module_2,90.0,10.58,73.95,15.48
module_2,90.0,10.49,71.84,17.67
module_2,90.0,10.52,71.48,18.0
module_2,90.0,10.71,70.85,18.44
module_2,90.0,10.96,70.66,18.38
module_2,90.0,11.1,70.79,18.11
module_2,90.0,11.29,86.14,2.58
module_2,90.0,11.04,81.37,7.59
module_2,90.0,10.99,75.07,13.95
module_2,90.0,10.96,75.23,13.81
module_2,90.0,11.07,74.96,13.97
module_2,90.0,11.23,75.23,13.53
module_2,90.0,11.59,75.12,13.29
module_2,90.0,11.73,76.16,12.11
module_2,90.0,11.34,86.85,1.81
module_2,90.0,11.12,81.18,7.7
module_2,90.0,11.18,75.62,13.21
module_2,90.0,11.4,74.0,14.6
module_2,90.0,11.7,76.93,11.37
module_2,90.0,12.05,77.34,10.6
module_2,90.0,12.47,78.47,9.07
module_2,90.0,12.6,79.12,8.27
module_2,90.0,11.37,87.75,0.88
module_2,90.0,11.1,82.74,6.16
module_2,90.0,11.34,77.81,10.85
module_2,90.0,11.86,76.44,11.7
module_2,90.0,12.47,79.48,8.05
module_2,90.0,12.77,80.11,7.12
module_2,90.0,13.18,81.04,5.78
module_2,90.0,13.53,80.63,5.84
module_2,90.0,12.41,87.12,0.47
module_2,90.0,11.95,86.0,2.05
module_2,90.0,12.36,81.56,6.08
module_2,90.0,12.74,79.48,7.78
module_2,90.0,12.88,81.7,5.42
module_2,90.0,13.42,81.29,5.29
module_2,90.0,13.73,81.12,5.15
module_2,90.0,13.95,81.45,4.6
module_2,90.0,9.62,40.96,49.42
module_2,90.0,9.62,36.68,53.7
module_2,90.0,9.62,34.08,56.3
module_2,90.0,9.62,33.18,57.21
module_2,90.0,9.62,33.07,57.32
module_2,90.0,9.64,34.33,56.03
module_2,90.0,9.7,56.0,34.3
module_2,90.0,9.7,50.16,40.14
module_2,90.0,9.7,46.74,43.56
module_2,90.0,9.7,44.3,46.0
module_2,90.0,9.7,43.29,47.01
module_2,90.0,9.7,43.92,46.38
module_2,90.0,9.86,67.1,23.04
module_2,90.0,9.78,62.22,28.0
module_2,90.0,9.78,57.86,32.36
module_2,90.0,9.78,55.18,35.04
module_2,90.0,9.75,52.93,37.32
module_2,90.0,9.7,49.45,40.85
module_2,90.0,10.11,72.77,17.12
module_2,90.0,10.08,69.04,20.88
module_2,90.0,10.0,65.51,24.49
module_2,90.0,9.95,62.79,27.26
module_2,90.0,9.81,59.4,30.79
module_2,90.0,9.7,49.04,41.26
module_2,90.0,10.36,76.77,12.88
module_2,90.0,10.22,73.7,16.08
module_2,90.0,10.14,70.55,19.32
module_2,90.0,10.14,67.84,22.03
module_2,90.0,9.95,65.45,24.6
module_2,90.0,9.7,51.81,38.49
module_2,90.0,10.11,69.12,20.77
module_2,90.0,9.7,59.21,31.1
module_2,90.0,10.27,74.27,15.45
module_2,90.0,9.86,68.93,21.21
module_2,90.0,10.82,77.18,12.0
module_2,90.0,10.41,75.21,14.38
module_2,90.0,9.62,33.51,56.88
module_2,90.0,9.67,48.63,41.7
module_2,90.0,9.62,32.9,57.48
module_2,90.0,9.62,27.4,62.99
module_2,90.0,9.62,29.62,60.77
module_2,90.0,9.62,28.05,62.33
module_2,90.0,9.62,28.6,61.78
module_2,90.0,9.75,67.32,22.93
module_2,90.0,9.97,73.4,16.63
module_2,90.0,10.14,78.71,11.15
module_2,90.0,9.7,57.07,33.23
module_2,90.0,9.7,56.0,34.3
module_2,90.0,9.78,67.75,22.47
module_2,90.0,10.05,73.56,16.38
module_2,90.0,9.62,28.19,62.19
module_2,90.0,9.62,26.74,63.64
module_2,90.0,9.62,26.52,63.86
module_2,90.0,9.62,26.14,64.25
module_2,90.0,9.62,26.77,63.62
module_2,90.0,9.62,29.1,61.29
module_2,90.0,9.62,27.78,62.6
module_2,90.0,9.62,28.14,62.25
module_2,90.0,9.7,46.19,44.11
module_2,90.0,9.7,40.93,49.37
module_2,90.0,9.78,50.68,39.53
module_2,90.0,9.7,45.78,44.52
module_2,90.0,9.62,35.1,55.29
module_2,90.0,9.7,48.08,42.22
module_2,90.0,9.7,36.52,53.78
module_2,90.0,10.19,78.79,11.01
module_2,90.0,10.41,80.52,9.07
module_2,90.0,10.55,82.63,6.82
module_2,90.0,10.49,78.55,10.96
module_2,90.0,10.41,76.44,13.15
module_2,90.0,10.27,73.1,16.63
module_2,90.0,10.27,73.01,16.71
module_2,90.0,10.74,82.38,6.88
module_2,90.0,10.68,80.49,8.82
module_2,90.0,10.36,74.44,15.21
module_2,90.0,10.36,74.11,15.53
module_2,90.0,10.44,74.71,14.85
module_2,90.0,10.63,75.92,13.45
module_2,90.0,11.1,81.21,7.7
module_2,90.0,12.08,83.26,4.66
module_2,90.0,10.47,77.42,12.11
module_2,90.0,9.62,37.1,53.29
module_2,90.0,9.73,66.82,23.45
module_2,90.0,9.62,43.32,47.07
module_2,90.0,9.62,39.26,51.12
module_2,90.0,9.62,45.73,44.66
module_2,90.0,9.64,56.05,34.3
module_2,90.0,9.62,36.47,53.92
module_2,90.0,11.37,80.03,8.6
module_2,90.0,11.18,78.27,10.55
module_2,90.0,11.92,82.66,5.42
module_2,90.0,11.12,77.04,11.84
module_2,90.0,11.1,74.96,13.95
module_2,90.0,10.99,75.56,13.45
module_2,90.0,12.27,77.53,10.19
module_2,90.0,11.34,76.66,12.0
module_2,90.0,11.34,80.6,8.05
module_2,90.0,9.73,67.92,22.36
module_2,90.0,9.7,55.45,34.85
module_2,90.0,9.7,50.63,39.67
module_2,90.0,9.7,51.86,38.44
module_2,90.0,9.7,54.77,35.53
module_2,90.0,9.64,41.84,48.52
module_2,90.0,9.62,37.59,52.79
module_2,90.0,9.64,39.59,50.77
module_2,90.0,9.62,33.51,56.88
module_2,90.0,9.62,25.64,64.74
module_2,90.0,9.62,24.9,65.48
module_2,90.0,9.62,24.85,65.53
module_2,90.0,9.59,19.45,70.96
module_2,90.0,9.59,13.75,76.66
module_2,90.0,9.59,12.88,77.53
module_2,90.0,9.59,12.41,78.0
module_2,90.0,9.59,12.25,78.16
module_2,90.0,9.59,12.22,78.19
module_2,90.0,9.59,12.14,78.27
module_2,90.0,9.59,12.38,78.03
module_2,90.0,9.59,13.07,77.34
module_2,90.0,9.59,18.47,71.95
module_2,90.0,9.59,13.23,77.18
module_2,90.0,9.59,12.38,78.03
module_2,90.0,9.59,12.08,78.33
module_2,90.0,9.59,11.95,78.47
module_2,90.0,9.59,11.86,78.55
module_2,90.0,9.59,11.89,78.52
module_2,90.0,9.59,12.0,78.41
module_2,90.0,9.59,12.82,77.59
module_2,90.0,9.7,52.6,37.7
module_2,90.0,9.7,38.41,51.89
module_2,90.0,9.62,32.88,57.51
module_2,90.0,9.62,29.26,61.12
module_2,90.0,9.62,28.11,62.27
module_2,90.0,9.62,27.86,62.52
module_2,90.0,9.64,28.99,61.37
module_2,90.0,9.7,33.86,56.44
module_2,90.0,10.08,72.52,17.4
module_2,90.0,9.86,62.85,27.29
module_2,90.0,9.73,53.42,36.85
module_2,90.0,9.7,47.53,42.77
module_2,90.0,9.7,44.96,45.34
module_2,90.0,9.7,44.96,45.34
module_2,90.0,9.78,47.89,42.33
module_2,90.0,9.97,50.55,39.48
module_2,90.0,10.38,81.04,8.58
module_2,90.0,10.14,73.92,15.95
module_2,90.0,10.11,67.86,22.03
module_2,90.0,10.0,62.63,27.37
module_2,90.0,9.97,60.03,30.0
module_2,90.0,10.03,59.23,30.74
module_2,90.0,10.14,59.23,30.63
module_2,90.0,10.27,59.29,30.44
module_2,90.0,10.77,84.58,4.66
module_2,90.0,10.55,80.0,9.45
module_2,90.0,10.38,72.71,16.9
module_2,90.0,10.27,68.47,21.26
module_2,90.0,10.27,67.53,22.19
module_2,90.0,10.36,67.56,22.08
module_2,90.0,10.44,67.18,22.38
module_2,90.0,10.63,67.12,22.25
module_2,90.0,11.18,86.33,2.49
module_2,90.0,10.96,82.47,6.58
module_2,90.0,10.77,76.66,12.58
module_2,90.0,10.74,72.74,16.52
module_2,90.0,10.74,72.96,16.3
module_2,90.0,10.9,72.74,16.36
module_2,90.0,11.04,73.21,15.75
module_2,90.0,11.18,73.15,15.67
module_2,90.0,11.48,86.77,1.75
module_2,90.0,11.18,83.62,5.21
module_2,90.0,11.04,76.99,11.97
module_2,90.0,11.12,74.0,14.88
module_2,90.0,11.21,76.36,12.44
module_2,90.0,11.34,76.27,12.38
module_2,90.0,11.67,76.05,12.27
module_2,90.0,12.08,76.9,11.01
module_2,90.0,11.45,87.62,0.93
module_2,90.0,11.15,83.53,5.32
module_2,90.0,11.1,77.29,11.62
module_2,90.0,11.37,74.41,14.22
module_2,90.0,11.73,76.66,11.62
module_2,90.0,12.19,77.86,9.95
module_2,90.0,12.55,78.77,8.68
module_2,90.0,12.74,80.38,6.88
module_2,90.0,11.7,87.92,0.38
module_2,90.0,11.23,86.63,2.14
module_2,90.0,11.34,79.29,9.37
module_2,90.0,11.92,76.6,11.48
module_2,90.0,12.58,78.9,8.52
module_2,90.0,12.85,80.33,6.82
module_2,90.0,13.29,81.32,5.4
module_2,90.0,13.7,81.01,5.29
module_2,90.0,13.64,86.22,0.14
module_2,90.0,12.93,85.45,1.62
module_2,90.0,12.77,83.73,3.51
module_2,90.0,12.82,82.68,4.49
module_2,90.0,12.93,82.19,4.88
module_2,90.0,13.23,81.29,5.48
module_2,90.0,13.51,81.01,5.48
module_2,90.0,13.75,81.34,4.9
module_2,90.0,9.7,49.23,41.07
module_2,90.0,9.64,42.03,48.33
module_2,90.0,9.64,38.63,51.73
module_2,90.0,9.64,36.93,53.42
module_2,90.0,9.64,36.03,54.33
module_2,90.0,9.67,37.18,53.15
module_2,90.0,9.73,62.79,27.48
module_2,90.0,9.7,56.22,34.08
module_2,90.0,9.7,51.7,38.6
module_2,90.0,9.7,48.99,41.32
module_2,90.0,9.7,47.21,43.1
module_2,90.0,9.7,46.36,43.95
module_2,90.0,9.97,71.15,18.88
module_2,90.0,9.89,66.05,24.05
module_2,90.0,9.86,62.03,28.11
module_2,90.0,9.81,59.37,30.82
module_2,90.0,9.78,55.81,34.41
module_2,90.0,9.7,52.3,38.0
module_2,90.0,10.16,76.19,13.64
module_2,90.0,10.11,71.7,18.19
module_2,90.0,10.11,68.47,21.42
module_2,90.0,10.08,65.64,24.27
module_2,90.0,9.95,62.93,27.12
module_2,90.0,9.7,55.26,35.04
module_2,90.0,10.44,78.3,11.26
module_2,90.0,10.36,75.84,13.81
module_2,90.0,10.25,72.3,17.45
module_2,90.0,10.16,70.68,19.15
module_2,90.0,10.11,67.62,22.27
module_2,90.0,9.75,60.93,29.32
module_2,90.0,10.19,73.4,16.41
module_2,90.0,9.86,66.74,23.4
module_2,90.0,10.49,75.64,13.86
module_2,90.0,10.14,73.56,16.3
module_2,90.0,11.07,78.55,10.38
module_2,90.0,10.82,76.71,12.47
module_2,135.0,9.62,42.96,47.42
module_2,135.0,9.7,55.51,34.79
module_2,135.0,9.75,74.85,15.4
module_2,135.0,9.62,33.92,56.47
module_2,135.0,9.64,46.68,43.67
module_2,135.0,9.7,61.92,28.38
module_2,135.0,9.62,32.0,58.38
module_2,135.0,9.64,47.29,43.07
module_2,135.0,9.7,58.82,31.48
module_2,135.0,9.62,35.97,54.41
module_2,135.0,9.7,55.56,34.74
module_2,135.0,9.7,64.47,25.84
module_2,135.0,9.59,10.27,80.14
module_2,135.0,9.59,9.37,81.04
module_2,135.0,9.59,9.21,81.21
module_2,135.0,9.59,9.21,81.21
module_2,135.0,9.59,9.15,81.26
module_2,135.0,9.59,9.29,81.12
module_2,135.0,9.59,9.37,81.04
module_2,135.0,9.59,10.38,80.03
module_2,135.0,9.59,14.0,76.41
module_2,135.0,9.59,10.58,79.84
module_2,135.0,9.59,9.51,80.9
module_2,135.0,9.59,9.42,80.99
module_2,135.0,9.59,9.37,81.04
module_2,135.0,9.59,9.4,81.01
module_2,135.0,9.59,9.56,80.85
module_2,135.0,9.59,9.73,80.68
module_2,135.0,9.59,10.77,79.64
module_2,135.0,9.59,14.52,75.89
module_2,135.0,9.62,23.7,66.68
module_2,135.0,9.62,20.63,69.75
module_2,135.0,9.62,18.44,71.95
module_2,135.0,9.62,17.34,73.04
module_2,135.0,9.62,17.15,73.23
module_2,135.0,9.62,16.85,73.53
module_2,135.0,9.62,17.21,73.18
module_2,135.0,9.62,18.19,72.19
module_2,135.0,10.99,71.23,17.78
module_2,135.0,10.58,66.66,22.77
module_2,135.0,10.49,62.41,27.1
module_2,135.0,10.44,58.77,30.79
module_2,135.0,10.33,56.36,33.32
module_2,135.0,10.14,53.21,36.66
module_2,135.0,9.95,46.77,43.29
module_2,135.0,9.75,40.63,49.62
module_2,135.0,10.71,66.68,22.6
module_2,135.0,10.41,64.6,24.99
module_2,135.0,10.38,61.01,28.6
module_2,135.0,10.38,56.74,32.88
module_2,135.0,10.16,51.95,37.89
module_2,135.0,10.11,48.66,41.23
module_2,135.0,9.84,41.7,48.47
module_2,135.0,9.7,33.32,56.99
module_2,135.0,10.77,65.7,23.53
module_2,135.0,10.47,64.33,25.21
module_2,135.0,10.38,59.26,30.36
module_2,135.0,10.27,55.01,34.71
module_2,135.0,10.14,49.73,40.14
module_2,135.0,10.0,45.26,44.74
module_2,135.0,9.78,38.52,51.7
module_2,135.0,9.7,27.84,62.47
module_2,135.0,11.01,62.36,26.63
module_2,135.0,10.66,58.3,31.04
module_2,135.0,10.44,57.32,32.25
module_2,135.0,10.3,53.73,35.97
module_2,135.0,10.14,47.89,41.97
module_2,135.0,10.0,42.85,47.15
module_2,135.0,9.75,34.58,55.67
module_2,135.0,9.7,24.49,65.81
module_2,135.0,11.15,64.63,24.22
module_2,135.0,10.96,61.1,27.95
module_2,135.0,10.49,57.48,32.03
module_2,135.0,10.33,53.15,36.52
module_2,135.0,10.14,47.97,41.89
module_2,135.0,10.0,41.59,48.41
module_2,135.0,9.73,32.66,57.62
module_2,135.0,9.7,23.59,66.71
module_2,135.0,11.34,68.11,20.55
module_2,135.0,11.04,62.88,26.08
module_2,135.0,10.68,57.42,31.89
module_2,135.0,10.44,54.9,34.66
module_2,135.0,10.22,48.27,41.51
module_2,135.0,10.0,41.7,48.3
module_2,135.0,9.78,32.66,57.56
module_2,135.0,9.7,23.73,66.58
module_2,135.0,11.59,70.79,17.62
module_2,135.0,11.37,68.16,20.47
module_2,135.0,10.93,61.07,28.0
module_2,135.0,10.49,57.59,31.92
module_2,135.0,10.27,50.6,39.12
module_2,135.0,10.11,43.48,46.41
module_2,135.0,9.89,34.52,55.59
module_2,135.0,9.7,24.93,65.37
module_2,135.0,12.03,75.01,12.96
module_2,135.0,11.48,69.81,18.71
module_2,135.0,11.04,64.3,24.66
module_2,135.0,10.71,58.9,30.38
module_2,135.0,10.38,51.95,37.67
module_2,135.0,10.14,45.18,44.68
module_2,135.0,10.0,36.68,53.32
module_2,135.0,9.73,28.03,62.25
module_2,135.0,10.44,58.9,30.66
module_2,135.0,10.44,60.52,29.04
module_2,135.0,10.11,50.82,39.07
module_2,135.0,10.19,53.21,36.6
module_2,135.0,9.78,39.92,50.3
module_2,135.0,10.05,46.3,43.64
module_2,135.0,9.7,34.16,56.14
module_2,135.0,9.95,42.33,47.73
module_2,135.0,10.03,44.14,45.84
module_2,135.0,10.0,43.75,46.25
module_2,135.0,10.08,47.21,42.71
module_2,135.0,10.14,53.34,36.52
module_2,135.0,9.7,32.55,57.75
module_2,135.0,9.78,36.03,54.19
module_2,135.0,9.78,36.08,54.14
module_2,135.0,9.81,38.9,51.29
module_2,135.0,9.95,44.11,45.95
module_2,135.0,10.03,48.41,41.56
module_2,135.0,9.7,29.53,60.77
module_2,135.0,9.7,29.42,60.88
module_2,135.0,9.7,30.41,59.89
module_2,135.0,9.73,34.3,55.97
module_2,135.0,9.78,37.97,52.25
module_2,135.0,9.78,43.04,47.18
module_2,135.0,9.7,25.62,64.68
module_2,135.0,9.7,23.4,66.9
module_2,135.0,9.7,26.25,64.05
module_2,135.0,9.7,27.7,62.6
module_2,135.0,9.7,31.32,58.99
module_2,135.0,9.7,33.42,56.88
module_2,135.0,9.62,19.73,70.66
module_2,135.0,9.62,20.71,69.67
module_2,135.0,9.62,21.29,69.1
module_2,135.0,9.62,22.22,68.16
module_2,135.0,9.62,22.38,68.0
module_2,135.0,9.62,25.64,64.74
module_2,135.0,11.23,73.4,15.37
module_2,135.0,10.9,66.16,22.93
module_2,135.0,10.96,66.05,22.99
module_2,135.0,10.99,67.95,21.07
module_2,135.0,10.77,62.16,27.07
module_2,135.0,11.23,74.41,14.36
module_2,135.0,10.44,59.21,30.36
module_2,135.0,9.75,43.97,46.27
module_2,135.0,9.62,29.81,60.58
module_2,135.0,9.62,25.86,64.52
module_2,135.0,10.93,68.68,20.38
module_2,135.0,10.66,67.29,22.05
module_2,135.0,11.21,75.97,12.82
module_2,135.0,10.27,55.67,34.05
module_2,135.0,10.33,59.18,30.49
module_2,135.0,10.25,54.22,35.53
module_2,135.0,10.33,57.26,32.41
module_2,135.0,10.11,46.9,42.99
module_2,135.0,10.14,50.03,39.84
module_2,135.0,10.11,46.05,43.84
module_2,135.0,10.14,48.14,41.73
module_2,135.0,10.16,54.38,35.45
module_2,135.0,10.14,50.47,39.4
module_2,135.0,10.27,58.25,31.48
module_2,135.0,10.14,52.77,37.1
module_2,135.0,10.14,54.79,35.07
module_2,135.0,9.62,24.52,65.86
module_2,135.0,9.7,30.55,59.75
module_2,135.0,9.7,28.19,62.11
module_2,135.0,9.7,24.05,66.25
module_2,135.0,9.62,17.92,72.47
module_2,135.0,9.7,22.36,67.95
module_2,135.0,9.62,17.01,73.37
module_2,135.0,9.62,17.29,73.1
module_2,135.0,9.62,16.82,73.56
module_2,135.0,9.62,17.51,72.88
module_2,135.0,9.89,45.78,44.33
module_2,135.0,9.7,40.16,50.14
module_2,135.0,9.7,33.34,56.96
module_2,135.0,9.7,34.33,55.97
module_2,135.0,10.0,51.62,38.38
module_2,135.0,9.81,46.14,44.05
module_2,135.0,9.7,40.47,49.84
module_2,135.0,10.08,51.51,38.41
module_2,135.0,9.62,17.92,72.47
module_2,135.0,9.62,16.9,73.48
module_2,135.0,9.62,18.68,71.7
module_2,135.0,9.62,20.79,69.59
module_2,135.0,9.62,21.7,68.68
module_2,135.0,9.62,30.49,59.89
module_2,135.0,9.62,31.84,58.55
module_2,135.0,9.7,55.07,35.23
module_2,135.0,9.7,64.82,25.48
module_2,135.0,9.62,29.81,60.58
module_2,135.0,9.62,43.18,47.21
module_2,135.0,9.7,56.27,34.03
module_2,135.0,9.62,29.15,61.23
module_2,135.0,9.62,40.88,49.51
module_2,135.0,9.7,56.08,34.22
module_2,135.0,9.62,35.07,55.32
module_2,135.0,9.64,46.74,43.62
module_2,135.0,9.7,63.92,26.38
module_2,135.0,9.59,9.21,81.21
module_2,135.0,9.59,9.01,81.4
module_2,135.0,9.59,8.96,81.45
module_2,135.0,9.59,8.88,81.53
module_2,135.0,9.59,8.9,81.51
module_2,135.0,9.59,8.99,81.42
module_2,135.0,9.59,9.18,81.23
module_2,135.0,9.59,9.32,81.1
module_2,135.0,9.59,10.25,80.16
module_2,135.0,9.59,9.18,81.23
module_2,135.0,9.59,9.21,81.21
module_2,135.0,9.59,9.07,81.34
module_2,135.0,9.59,9.01,81.4
module_2,135.0,9.59,9.04,81.37
module_2,135.0,9.59,9.1,81.32
module_2,135.0,9.59,9.26,81.15
module_2,135.0,9.59,9.56,80.85
module_2,135.0,9.59,10.47,79.95
module_2,135.0,9.7,32.14,58.16
module_2,135.0,9.62,23.26,67.12
module_2,135.0,9.62,20.58,69.81
module_2,135.0,9.62,19.73,70.66
module_2,135.0,9.62,18.9,71.48
module_2,135.0,9.62,18.85,71.53
module_2,135.0,9.62,19.04,71.34
module_2,135.0,9.7,21.86,68.44
module_2,135.0,11.42,72.0,16.58
module_2,135.0,10.58,67.18,22.25
module_2,135.0,10.49,63.86,25.64
module_2,135.0,10.44,60.08,29.48
module_2,135.0,10.33,56.14,33.53
module_2,135.0,10.16,53.15,36.68
module_2,135.0,10.11,49.95,39.95
module_2,135.0,9.78,41.7,48.52
module_2,135.0,11.07,68.25,20.68
module_2,135.0,10.41,65.48,24.11
module_2,135.0,10.41,61.37,28.22
module_2,135.0,10.38,57.4,32.22
module_2,135.0,10.27,54.47,35.26
module_2,135.0,10.14,49.18,40.68
module_2,135.0,9.97,45.37,44.66
module_2,135.0,9.7,34.55,55.75
module_2,135.0,11.07,65.67,23.26
module_2,135.0,10.55,63.12,26.33
module_2,135.0,10.41,59.81,29.78
module_2,135.0,10.38,56.22,33.4
module_2,135.0,10.19,52.33,37.48
module_2,135.0,10.08,45.86,44.05
module_2,135.0,9.81,40.36,49.84
module_2,135.0,9.7,30.36,59.95
module_2,135.0,11.15,65.67,23.18
module_2,135.0,10.71,60.27,29.01
module_2,135.0,10.47,58.49,31.04
module_2,135.0,10.38,55.23,34.38
module_2,135.0,10.14,50.05,39.81
module_2,135.0,10.03,43.92,46.05
module_2,135.0,9.78,37.07,53.15
module_2,135.0,9.7,28.38,61.92
module_2,135.0,11.15,66.77,22.08
module_2,135.0,10.99,61.1,27.92
module_2,135.0,10.66,57.86,31.48
module_2,135.0,10.44,55.75,33.81
module_2,135.0,10.22,49.42,40.36
module_2,135.0,10.05,43.64,46.3
module_2,135.0,9.78,35.4,54.82
module_2,135.0,9.7,27.07,63.23
module_2,135.0,11.34,68.05,20.6
module_2,135.0,11.15,66.11,22.74
module_2,135.0,10.96,59.26,29.78
module_2,135.0,10.47,57.01,32.52
module_2,135.0,10.27,50.14,39.59
module_2,135.0,10.14,44.05,45.81
module_2,135.0,9.89,35.84,54.27
module_2,135.0,9.7,27.18,63.12
module_2,135.0,11.56,70.85,17.59
module_2,135.0,11.37,68.36,20.27
module_2,135.0,11.04,65.34,23.62
module_2,135.0,10.63,58.88,30.49
module_2,135.0,10.36,52.0,37.64
module_2,135.0,10.14,46.08,43.78
module_2,135.0,10.0,37.78,52.22
module_2,135.0,9.73,28.77,61.51
module_2,135.0,11.89,73.89,14.22
module_2,135.0,11.59,70.88,17.53
module_2,135.0,11.23,67.37,21.4
module_2,135.0,10.82,60.41,28.77
module_2,135.0,10.44,54.41,35.15
module_2,135.0,10.27,47.75,41.97
module_2,135.0,10.08,40.3,49.62
module_2,135.0,9.86,32.03,58.11
module_2,135.0,10.27,55.32,34.41
module_2,135.0,10.58,61.95,27.48
module_2,135.0,9.78,44.96,45.26
module_2,135.0,10.22,54.16,35.62
module_2,135.0,9.7,38.41,51.89
module_2,135.0,10.03,46.82,43.15
module_2,135.0,9.7,32.6,57.7
module_2,135.0,9.78,38.77,51.45
module_2,135.0,10.0,41.64,48.36
module_2,135.0,10.05,44.49,45.45
module_2,135.0,10.11,47.1,42.79
module_2,135.0,10.11,49.89,40.0
module_2,135.0,9.7,29.29,61.01
module_2,135.0,9.75,33.29,56.96
module_2,135.0,9.89,37.62,52.49
module_2,135.0,9.89,39.7,50.41
module_2,135.0,9.89,40.77,49.34
module_2,135.0,9.92,45.23,44.85
module_2,135.0,9.7,28.85,61.45
module_2,135.0,9.7,30.44,59.86
module_2,135.0,9.7,31.75,58.55
module_2,135.0,9.7,31.56,58.74
module_2,135.0,9.7,34.16,56.14
module_2,135.0,9.75,38.99,51.26
module_2,135.0,9.7,24.58,65.73
module_2,135.0,9.7,25.34,64.96
module_2,135.0,9.7,23.97,66.33
module_2,135.0,9.7,24.88,65.42
module_2,135.0,9.7,27.01,63.29
module_2,135.0,9.7,33.75,56.55
module_2,135.0,9.64,21.7,68.66
module_2,135.0,9.62,19.4,70.99
module_2,135.0,9.62,19.51,70.88
module_2,135.0,9.62,20.19,70.19
module_2,135.0,9.62,23.23,67.15
module_2,135.0,9.64,26.22,64.14
module_2,135.0,10.44,59.67,29.89
module_2,135.0,9.64,36.16,54.19
module_2,135.0,9.62,30.38,60.0
module_2,135.0,9.62,25.97,64.41
module_2,135.0,9.62,24.6,65.78
module_2,135.0,9.7,30.33,59.97
module_2,135.0,9.78,31.64,58.58
module_2,135.0,9.62,17.62,72.77
module_2,135.0,9.62,16.77,73.62
module_2,135.0,9.62,17.48,72.9
module_2,135.0,9.62,18.16,72.22
module_2,180.0,9.59,11.73,78.68
module_2,180.0,9.59,9.07,81.34
module_2,180.0,9.59,8.6,81.81
module_2,180.0,9.59,8.41,82.0
module_2,180.0,9.59,8.33,82.08
module_2,180.0,9.59,8.47,81.95
module_2,180.0,9.59,8.58,81.84
module_2,180.0,9.59,8.96,81.45
module_2,180.0,9.59,9.89,80.52
module_2,180.0,9.7,25.23,65.07
module_2,180.0,9.7,30.68,59.62
module_2,180.0,9.7,25.97,64.33
module_2,180.0,9.7,23.15,67.15
module_2,180.0,9.7,25.59,64.71
module_2,180.0,9.7,28.3,62.0
module_2,180.0,10.0,37.42,52.58
module_2,180.0,10.66,62.0,27.34
module_2,180.0,9.64,21.4,68.96
module_2,180.0,9.7,26.47,63.84
module_2,180.0,9.78,27.53,62.68
module_2,180.0,9.89,29.89,60.22
module_2,180.0,10.0,32.36,57.64
module_2,180.0,10.14,38.82,51.04
module_2,180.0,10.38,49.56,40.05
module_2,180.0,10.93,66.58,22.49
module_2,180.0,9.64,19.45,70.9
module_2,180.0,9.7,24.36,65.95
module_2,180.0,9.78,30.55,59.67
module_2,180.0,10.0,31.86,58.14
module_2,180.0,10.14,38.38,51.48
module_2,180.0,9.64,19.04,71.32
module_2,180.0,9.7,25.37,64.93
module_2,180.0,9.89,31.12,58.99
module_2,180.0,10.11,38.85,51.04
module_2,180.0,10.22,44.25,45.53
module_2,180.0,9.64,19.1,71.26
module_2,180.0,9.7,26.96,63.34
module_2,180.0,9.89,33.84,56.27
module_2,180.0,10.11,42.03,47.86
module_2,180.0,10.27,48.99,40.74
module_2,180.0,9.7,20.9,69.4
module_2,180.0,9.73,30.33,59.95
module_2,180.0,10.0,38.82,51.18
module_2,180.0,10.14,47.42,42.44
module_2,180.0,10.33,55.26,34.41
module_2,180.0,9.62,21.01,69.37
module_2,180.0,9.62,17.32,73.07
module_2,180.0,9.7,30.41,59.89
module_2,180.0,9.86,39.89,50.25
module_2,180.0,9.62,20.0,70.38
module_2,180.0,9.7,28.52,61.78
module_2,180.0,9.7,31.29,59.01
module_2,180.0,9.62,15.67,74.71
module_2,180.0,9.62,16.44,73.95
module_2,180.0,9.62,15.51,74.88
module_2,180.0,9.73,34.36,55.92
module_2,180.0,9.62,19.7,70.68
module_2,180.0,9.7,32.63,57.67
module_2,180.0,9.62,18.05,72.33
module_2,180.0,9.62,20.88,69.51
module_2,180.0,9.62,23.67,66.71
module_2,180.0,9.62,19.64,70.74
module_2,180.0,9.62,22.44,67.95
module_2,180.0,10.96,63.48,25.56
module_2,180.0,9.73,31.73,58.55
module_2,180.0,12.49,78.66,8.85
module_2,180.0,9.64,27.84,62.52
module_2,180.0,10.49,57.23,32.27
module_2,180.0,10.33,47.53,42.14
module_2,180.0,11.59,74.47,13.95
module_2,180.0,11.21,70.77,18.03
module_2,180.0,11.21,72.47,16.33
module_2,180.0,11.34,73.86,14.79
module_2,180.0,10.96,64.25,24.79
module_2,180.0,9.62,15.34,75.04
module_2,180.0,9.62,15.34,75.04
module_2,180.0,9.62,15.4,74.99
module_2,180.0,9.62,15.73,74.66
module_2,180.0,9.62,15.84,74.55
module_2,180.0,9.62,16.33,74.05
module_2,180.0,9.64,24.19,66.16
module_2,180.0,9.62,16.58,73.81
module_2,180.0,9.7,27.12,63.18
module_2,180.0,9.7,26.85,63.45
module_2,180.0,9.78,34.77,55.45
module_2,180.0,10.0,40.71,49.29
module_2,180.0,9.78,33.34,56.88
module_2,180.0,10.0,41.18,48.82
module_2,180.0,10.27,46.41,43.32
module_2,180.0,10.27,48.0,41.73
module_2,180.0,10.33,48.58,41.1
module_2,180.0,10.36,52.77,36.88
module_2,180.0,11.12,71.84,17.04
module_2,180.0,11.01,68.33,20.66
module_2,180.0,11.7,76.49,11.81
module_2,180.0,11.59,76.6,11.81
module_2,180.0,10.41,51.48,38.11
module_2,180.0,10.14,50.88,38.99
module_2,180.0,10.14,48.3,41.56
module_2,180.0,10.33,56.22,33.45
module_2,180.0,10.47,62.44,27.1
module_2,180.0,10.44,59.1,30.47
module_2,180.0,10.49,65.34,24.16
module_2,180.0,10.44,61.34,28.22
module_2,180.0,10.44,57.48,32.08
module_2,180.0,9.62,15.92,74.47
module_2,180.0,9.59,11.04,79.37
module_2,180.0,9.59,8.63,81.78
module_2,180.0,9.59,8.41,82.0
module_2,180.0,9.59,8.3,82.11
module_2,180.0,9.59,8.33,82.08
module_2,180.0,9.59,8.33,82.08
module_2,180.0,9.59,8.33,82.08
module_2,180.0,9.59,8.58,81.84
module_2,180.0,9.59,9.51,80.9
module_2,180.0,9.7,86.99,3.32
module_2,180.0,9.7,64.08,26.22
module_2,180.0,9.62,40.14,50.25
module_2,180.0,9.7,73.75,16.55
module_2,180.0,9.62,50.96,39.42
module_2,180.0,9.62,34.03,56.36
module_2,180.0,9.7,72.03,18.27
module_2,180.0,9.62,50.16,40.22
module_2,180.0,9.62,34.08,56.3
module_2,180.0,9.7,81.15,9.15
module_2,180.0,9.7,57.15,33.15
module_2,180.0,9.62,36.0,54.38
module_2,180.0,9.7,31.15,59.15
module_2,180.0,9.7,22.44,67.86
module_2,180.0,9.62,18.71,71.67
module_2,180.0,9.62,17.67,72.71
module_2,180.0,9.62,16.88,73.51
module_2,180.0,9.62,17.12,73.26
module_2,180.0,9.64,18.27,72.08
module_2,180.0,9.7,22.93,67.37
module_2,180.0,10.08,43.07,46.85
module_2,180.0,10.41,54.49,35.1
module_2,180.0,11.01,68.33,20.66
module_2,180.0,11.62,77.26,11.12
module_2,180.0,12.55,80.63,6.82
module_2,180.0,13.45,82.0,4.55
module_2,180.0,14.44,82.03,3.53
module_2,180.0,15.23,81.78,2.99
module_2,180.0,9.89,34.49,55.62
module_2,180.0,10.14,48.66,41.21
module_2,180.0,10.58,61.26,28.16
module_2,180.0,11.4,75.07,13.53
module_2,180.0,12.27,79.29,8.44
module_2,180.0,13.26,81.21,5.53
module_2,180.0,13.97,82.16,3.86
module_2,180.0,14.27,81.89,3.84
module_2,180.0,9.78,29.1,61.12
module_2,180.0,10.11,42.77,47.12
module_2,180.0,10.49,55.73,33.78
module_2,180.0,11.15,70.88,17.97
module_2,180.0,11.81,78.49,9.7
module_2,180.0,12.66,81.04,6.3
module_2,180.0,13.48,82.16,4.36
module_2,180.0,13.7,81.97,4.33
module_2,180.0,9.7,26.03,64.27
module_2,180.0,10.0,39.62,50.38
module_2,180.0,10.38,52.63,36.99
module_2,180.0,10.99,67.56,21.45
module_2,180.0,11.62,77.07,11.32
module_2,180.0,12.38,80.58,7.04
module_2,180.0,12.99,82.3,4.71
module_2,180.0,13.48,82.14,4.38
module_2,180.0,9.7,25.95,64.36
module_2,180.0,10.0,38.63,51.37
module_2,180.0,10.27,51.32,38.41
module_2,180.0,10.79,66.38,22.82
module_2,180.0,11.45,76.85,11.7
module_2,180.0,12.05,80.9,7.04
module_2,180.0,12.63,82.19,5.18
module_2,180.0,13.15,82.08,4.77
module_2,180.0,9.7,28.41,61.89
module_2,180.0,10.03,40.22,49.75
module_2,180.0,10.36,53.75,35.89
module_2,180.0,10.82,68.47,20.71
module_2,180.0,11.32,77.53,11.15
module_2,180.0,11.73,80.96,7.32
module_2,180.0,12.16,82.85,4.99
module_2,180.0,13.07,82.41,4.52
module_2,180.0,9.78,32.11,58.11
module_2,180.0,10.14,44.63,45.23
module_2,180.0,10.44,57.97,31.59
module_2,180.0,10.93,71.86,17.21
module_2,180.0,11.32,78.58,10.11
module_2,180.0,11.62,81.81,6.58
module_2,180.0,11.81,83.34,4.85
module_2,180.0,12.99,82.71,4.3
module_2,180.0,10.0,38.16,51.84
module_2,180.0,10.27,50.71,39.01
module_2,180.0,10.58,63.95,25.48
module_2,180.0,11.01,75.01,13.97
module_2,180.0,11.4,79.29,9.32
module_2,180.0,11.64,82.3,6.05
module_2,180.0,12.3,83.15,4.55
module_2,180.0,13.51,82.33,4.16
module_2,180.0,9.59,8.66,81.75
module_2,180.0,9.59,8.33,82.08
module_2,180.0,9.59,8.27,82.14
module_2,180.0,9.59,8.19,82.22
module_2,180.0,9.59,8.16,82.25
module_2,180.0,9.59,8.22,82.19
module_2,180.0,9.59,8.36,82.05
module_2,180.0,9.59,8.55,81.86
module_2,180.0,9.59,9.53,80.88
module_2,180.0,9.62,21.56,68.82
module_2,180.0,9.7,27.29,63.01
module_2,180.0,9.7,28.11,62.19
module_2,180.0,9.7,25.62,64.68
module_2,180.0,9.73,27.51,62.77
module_2,180.0,9.78,30.33,59.89
module_2,180.0,10.0,37.4,52.6
module_2,180.0,10.44,55.64,33.92
module_2,180.0,9.62,18.74,71.64
module_2,180.0,9.7,24.03,66.27
module_2,180.0,9.78,26.55,63.67
module_2,180.0,9.89,30.33,59.78
module_2,180.0,10.05,32.38,57.56
module_2,180.0,10.14,40.0,49.86
module_2,180.0,10.38,49.75,39.86
module_2,180.0,10.93,64.74,24.33
module_2,180.0,9.62,17.95,72.44
module_2,180.0,9.7,22.58,67.73
module_2,180.0,9.78,28.19,62.03
module_2,180.0,10.0,33.37,56.63
module_2,180.0,10.14,40.0,49.86
module_2,180.0,9.62,17.37,73.01
module_2,180.0,9.7,22.9,67.4
module_2,180.0,9.78,29.67,60.55
module_2,180.0,10.0,37.37,52.63
module_2,180.0,10.14,44.11,45.75
module_2,180.0,9.62,17.84,72.55
module_2,180.0,9.7,24.68,65.62
module_2,180.0,9.78,32.25,57.97
module_2,180.0,10.08,42.14,47.78
module_2,180.0,10.27,48.63,41.1
module_2,180.0,9.64,20.11,70.25
module_2,180.0,9.7,28.44,61.86
module_2,180.0,9.89,37.84,52.27
module_2,180.0,10.14,45.34,44.52
module_2,180.0,10.33,53.45,36.22
module_2,180.0,9.59,8.38,82.03
module_2,180.0,9.59,8.22,82.19
module_2,180.0,9.59,8.16,82.25
module_2,180.0,9.59,8.14,82.27
module_2,180.0,9.59,8.22,82.19
module_2,180.0,9.59,8.25,82.16
module_2,180.0,9.59,8.27,82.14
module_2,180.0,9.59,8.38,82.03
module_2,180.0,9.59,9.26,81.15
module_2,180.0,9.7,86.27,4.03
module_2,180.0,9.7,65.84,24.47
module_2,180.0,9.62,42.19,48.19
module_2,180.0,9.7,77.07,13.23
module_2,180.0,9.64,56.49,33.86
module_2,180.0,9.62,37.62,52.77
module_2,180.0,9.7,79.15,11.15
module_2,180.0,9.7,58.19,32.11
module_2,180.0,9.62,38.55,51.84
module_2,180.0,9.78,88.36,1.86
module_2,180.0,9.7,72.08,18.22
module_2,180.0,9.62,48.82,41.56
module_2,180.0,9.64,21.7,68.66
module_2,180.0,9.62,17.18,73.21
module_2,180.0,9.62,15.84,74.55
module_2,180.0,9.62,15.4,74.99
module_2,180.0,9.62,15.37,75.01
module_2,180.0,9.62,15.59,74.79
module_2,180.0,9.62,16.49,73.89
module_2,180.0,9.7,22.22,68.08
module_2,180.0,9.89,35.86,54.25
module_2,180.0,10.14,48.47,41.4
module_2,180.0,10.58,61.81,27.62
module_2,180.0,11.32,74.68,14.0
module_2,180.0,12.11,79.23,8.66
module_2,180.0,13.1,81.07,5.84
module_2,180.0,14.05,82.11,3.84
module_2,180.0,14.68,82.14,3.18
module_2,180.0,9.7,29.04,61.26
module_2,180.0,10.08,40.79,49.12
module_2,180.0,10.44,55.32,34.25
module_2,180.0,11.04,69.62,19.34
module_2,180.0,11.73,77.67,10.6
module_2,180.0,12.63,80.36,7.01
module_2,180.0,13.75,82.05,4.19
module_2,180.0,14.14,82.03,3.84
module_2,180.0,9.7,24.63,65.67
module_2,180.0,9.92,36.44,53.64
module_2,180.0,10.27,49.73,40.0
module_2,180.0,10.77,64.41,24.82
module_2,180.0,11.51,75.62,12.88
module_2,180.0,12.33,79.81,7.86
module_2,180.0,12.99,81.7,5.32
module_2,180.0,13.73,82.19,4.08
module_2,180.0,9.7,23.15,67.15
module_2,180.0,9.89,35.62,54.49
module_2,180.0,10.14,48.05,41.81
module_2,180.0,10.58,62.3,27.12
module_2,180.0,11.32,74.99,13.7
module_2,180.0,12.03,79.64,8.33
module_2,180.0,12.66,81.95,5.4
module_2,180.0,13.18,82.33,4.49
module_2,180.0,9.7,22.79,67.51
module_2,180.0,9.89,34.44,55.67
module_2,180.0,10.14,47.01,42.85
module_2,180.0,10.55,61.73,27.73
module_2,180.0,11.15,73.95,14.9
module_2,180.0,11.7,80.0,8.3
module_2,180.0,12.3,82.0,5.7
module_2,180.0,12.88,82.41,4.71
module_2,180.0,9.7,24.25,66.05
module_2,180.0,10.0,35.75,54.25
module_2,180.0,10.27,49.59,40.14
module_2,180.0,10.66,65.07,24.27
module_2,180.0,11.18,75.7,13.12
module_2,180.0,11.62,80.14,8.25
module_2,180.0,11.78,82.79,5.42
module_2,180.0,12.55,82.96,4.49
module_2,180.0,9.78,28.58,61.64
module_2,180.0,10.08,41.51,48.41
module_2,180.0,10.38,55.26,34.36
module_2,180.0,10.85,68.96,20.19
module_2,180.0,11.21,77.23,11.56
module_2,180.0,11.62,80.74,7.64
module_2,180.0,11.78,83.34,4.88
module_2,180.0,12.6,83.1,4.3
module_2,180.0,9.89,36.82,53.29
module_2,180.0,10.14,48.47,41.4
module_2,180.0,10.44,61.34,28.22
module_2,180.0,11.01,72.71,16.27
module_2,180.0,11.34,78.58,10.08
module_2,180.0,11.64,81.53,6.82
module_2,180.0,12.22,83.07,4.71
module_2,180.0,13.23,82.79,3.97
module_2,225.0,9.59,9.81,80.6
module_2,225.0,9.59,8.99,81.42
module_2,225.0,9.59,8.99,81.42
module_2,225.0,9.59,9.01,81.4
module_2,225.0,9.59,9.18,81.23
module_2,225.0,9.59,9.18,81.23
module_2,225.0,9.59,9.23,81.18
module_2,225.0,9.59,9.73,80.68
module_2,225.0,9.59,11.75,78.66
module_2,225.0,9.7,34.49,55.81
module_2,225.0,9.62,28.22,62.16
module_2,225.0,9.62,24.25,66.14
module_2,225.0,9.62,22.25,68.14
module_2,225.0,9.62,21.34,69.04
module_2,225.0,9.62,21.56,68.82
module_2,225.0,9.62,22.19,68.19
module_2,225.0,9.7,26.22,64.08
module_2,225.0,11.56,75.73,12.71
module_2,225.0,10.82,70.71,18.47
module_2,225.0,10.6,65.29,24.11
module_2,225.0,10.55,60.22,29.23
module_2,225.0,10.44,55.23,34.33
module_2,225.0,10.14,49.12,40.74
module_2,225.0,10.0,41.97,48.03
module_2,225.0,9.78,32.85,57.37
module_2,225.0,11.07,70.85,18.08
module_2,225.0,10.58,68.77,20.66
module_2,225.0,10.55,63.53,25.92
module_2,225.0,10.52,58.96,30.52
module_2,225.0,10.36,54.55,35.1
module_2,225.0,10.11,48.16,41.73
module_2,225.0,9.89,40.19,49.92
module_2,225.0,9.7,30.19,60.11
module_2,225.0,11.1,70.0,18.9
module_2,225.0,10.58,67.37,22.05
module_2,225.0,10.55,62.63,26.82
module_2,225.0,10.47,58.55,30.99
module_2,225.0,10.16,53.42,36.41
module_2,225.0,10.08,47.86,42.05
module_2,225.0,9.78,38.82,51.4
module_2,225.0,9.7,28.74,61.56
module_2,225.0,11.42,68.47,20.11
module_2,225.0,10.9,66.11,22.99
module_2,225.0,10.58,62.85,26.58
module_2,225.0,10.47,58.88,30.66
module_2,225.0,10.14,53.86,36.0
module_2,225.0,10.0,48.11,41.89
module_2,225.0,9.75,38.77,51.48
module_2,225.0,9.7,28.25,62.05
module_2,225.0,11.51,68.27,20.22
module_2,225.0,11.07,66.14,22.79
module_2,225.0,10.71,63.18,26.11
module_2,225.0,10.47,59.56,29.97
module_2,225.0,10.16,54.88,34.96
module_2,225.0,10.0,49.32,40.68
module_2,225.0,9.75,40.52,49.73
module_2,225.0,9.7,30.11,60.19
module_2,225.0,11.67,69.56,18.77
module_2,225.0,11.32,67.48,21.21
module_2,225.0,10.88,63.89,25.23
module_2,225.0,10.58,61.51,27.92
module_2,225.0,10.33,57.29,32.38
module_2,225.0,10.11,52.82,37.07
module_2,225.0,9.78,43.56,46.66
module_2,225.0,9.7,33.86,56.44
module_2,225.0,11.95,70.74,17.32
module_2,225.0,11.59,69.4,19.01
module_2,225.0,11.12,67.1,21.78
module_2,225.0,10.71,63.29,26.0
module_2,225.0,10.47,61.07,28.47
module_2,225.0,10.14,57.01,32.85
module_2,225.0,9.86,49.7,40.44
module_2,225.0,9.7,36.9,53.4
module_2,225.0,12.16,72.77,15.07
module_2,225.0,11.95,72.05,16.0
module_2,225.0,11.4,69.67,18.93
module_2,225.0,10.79,64.88,24.33
module_2,225.0,10.58,63.34,26.08
module_2,225.0,10.16,59.73,30.11
module_2,225.0,10.0,54.6,35.4
module_2,225.0,9.73,45.1,45.18
module_2,225.0,10.52,53.15,36.33
module_2,225.0,10.58,60.49,28.93
module_2,225.0,9.89,29.37,60.74
module_2,225.0,10.14,38.52,51.34
module_2,225.0,9.7,21.1,69.21
module_2,225.0,10.11,32.3,57.59
module_2,225.0,9.7,20.79,69.51
module_2,225.0,9.89,24.52,65.59
module_2,225.0,9.97,32.22,57.81
module_2,225.0,10.11,39.53,50.36
module_2,225.0,10.11,43.21,46.68
module_2,225.0,10.11,45.01,44.88
module_2,225.0,9.7,21.42,68.88
module_2,225.0,9.78,24.16,66.05
module_2,225.0,9.78,27.29,62.93
module_2,225.0,9.86,32.03,58.11
module_2,225.0,9.97,37.18,52.85
module_2,225.0,10.0,41.64,48.36
module_2,225.0,9.7,24.27,66.03
module_2,225.0,9.7,24.63,65.67
module_2,225.0,9.7,24.63,65.67
module_2,225.0,9.7,27.62,62.68
module_2,225.0,9.73,30.6,59.67
module_2,225.0,9.86,35.1,55.04
module_2,225.0,9.7,27.7,62.6
module_2,225.0,9.7,23.95,66.36
module_2,225.0,9.7,23.1,67.21
module_2,225.0,9.7,22.16,68.14
module_2,225.0,9.7,26.74,63.56
module_2,225.0,9.7,26.96,63.34
module_2,225.0,9.62,25.21,65.18
module_2,225.0,9.62,21.07,69.32
module_2,225.0,9.62,20.47,69.92
module_2,225.0,9.62,20.3,70.08
module_2,225.0,9.62,19.81,70.58
module_2,225.0,9.62,21.01,69.37
module_2,225.0,11.62,77.23,11.15
module_2,225.0,11.04,70.22,18.74
module_2,225.0,10.9,66.63,22.47
module_2,225.0,10.77,64.11,25.12
module_2,225.0,11.34,75.37,13.29
module_2,225.0,10.58,60.85,28.58
module_2,225.0,9.62,23.81,66.58
module_2,225.0,9.62,19.75,70.63
module_2,225.0,9.62,20.44,69.95
module_2,225.0,9.62,19.75,70.63
module_2,225.0,10.3,44.85,44.85
module_2,225.0,10.55,59.97,29.48
module_2,225.0,11.32,75.4,13.29
module_2,225.0,10.41,53.32,36.27
module_2,225.0,10.14,41.07,48.79
module_2,225.0,10.82,64.99,24.19
module_2,225.0,10.11,36.33,53.56
module_2,225.0,10.11,35.67,54.22
module_2,225.0,10.11,39.23,50.66
module_2,225.0,10.11,42.38,47.51
module_2,225.0,10.14,47.23,42.63
module_2,225.0,10.19,48.44,41.37
module_2,225.0,10.14,44.79,45.07
module_2,225.0,10.27,50.58,39.15
module_2,225.0,10.27,50.14,39.59
module_2,225.0,9.67,28.79,61.53
module_2,225.0,9.73,47.62,42.66
module_2,225.0,9.7,38.19,52.11
module_2,225.0,9.7,37.48,52.82
module_2,225.0,9.62,19.32,71.07
module_2,225.0,9.62,22.11,68.27
module_2,225.0,9.62,21.89,68.49
module_2,225.0,9.62,26.55,63.84
module_2,225.0,9.62,18.47,71.92
module_2,225.0,9.62,18.16,72.22
module_2,225.0,9.62,19.48,70.9
module_2,225.0,9.62,17.42,72.96
module_2,225.0,10.11,42.63,47.26
module_2,225.0,9.7,30.55,59.75
module_2,225.0,9.89,36.49,53.62
module_2,225.0,10.0,40.82,49.18
module_2,225.0,9.86,34.6,55.53
module_2,225.0,9.7,28.82,61.48
module_2,225.0,9.7,24.3,66.0
module_2,225.0,10.14,46.79,43.07
module_2,225.0,9.62,17.53,72.85
module_2,225.0,9.62,17.15,73.23
module_2,225.0,9.62,17.01,73.37
module_2,225.0,9.62,20.74,69.64
module_2,225.0,9.7,23.73,66.58
module_2,225.0,9.62,17.42,72.96
module_2,225.0,9.62,17.84,72.55
module_2,225.0,9.62,17.59,72.79
module_2,225.0,9.59,11.92,78.49
module_2,225.0,9.59,10.05,80.36
module_2,225.0,9.59,9.59,80.82
module_2,225.0,9.59,9.32,81.1
module_2,225.0,9.59,9.18,81.23
module_2,225.0,9.59,9.07,81.34
module_2,225.0,9.59,9.01,81.4
module_2,225.0,9.59,9.18,81.23
module_2,225.0,9.59,9.81,80.6
module_2,225.0,9.62,36.14,54.25
module_2,225.0,9.7,56.82,33.48
module_2,225.0,9.78,67.15,23.07
module_2,225.0,9.62,34.14,56.25
module_2,225.0,9.7,49.89,40.41
module_2,225.0,9.7,61.95,28.36
module_2,225.0,9.62,35.92,54.47
module_2,225.0,9.7,50.3,40.0
module_2,225.0,9.7,65.34,24.96
module_2,225.0,9.62,46.93,43.45
module_2,225.0,9.7,64.99,25.32
module_2,225.0,9.78,80.19,10.03
module_2,225.0,9.59,10.36,80.05
module_2,225.0,9.59,9.86,80.55
module_2,225.0,9.59,9.45,80.96
module_2,225.0,9.59,9.45,80.96
module_2,225.0,9.59,9.48,80.93
module_2,225.0,9.59,9.53,80.88
module_2,225.0,9.59,10.05,80.36
module_2,225.0,9.59,10.55,79.86
module_2,225.0,9.59,12.49,77.92
module_2,225.0,9.64,32.44,57.92
module_2,225.0,9.62,21.86,68.52
module_2,225.0,9.62,19.89,70.49
module_2,225.0,9.62,19.18,71.21
module_2,225.0,9.62,18.82,71.56
module_2,225.0,9.62,18.68,71.7
module_2,225.0,9.62,19.37,71.01
module_2,225.0,9.62,20.77,69.62
module_2,225.0,11.89,74.82,13.29
module_2,225.0,10.77,71.75,17.48
module_2,225.0,10.71,68.82,20.47
module_2,225.0,10.55,61.07,28.38
module_2,225.0,10.47,56.79,32.74
module_2,225.0,10.25,50.52,39.23
module_2,225.0,10.08,44.49,45.42
module_2,225.0,9.78,35.62,54.6
module_2,225.0,11.62,71.95,16.44
module_2,225.0,10.58,69.53,19.89
module_2,225.0,10.55,66.14,23.32
module_2,225.0,10.52,60.16,29.32
module_2,225.0,10.36,55.67,33.97
module_2,225.0,10.14,50.03,39.84
module_2,225.0,9.97,42.41,47.62
module_2,225.0,9.7,33.23,57.07
module_2,225.0,11.56,69.64,18.79
module_2,225.0,10.71,67.81,21.48
module_2,225.0,10.58,63.86,25.56
module_2,225.0,10.47,59.67,29.86
module_2,225.0,10.36,55.73,33.92
module_2,225.0,10.11,49.48,40.41
module_2,225.0,9.89,41.51,48.6
module_2,225.0,9.7,32.16,58.14
module_2,225.0,11.45,68.25,20.3
module_2,225.0,10.93,67.48,21.59
module_2,225.0,10.71,63.64,25.64
module_2,225.0,10.55,60.05,29.4
module_2,225.0,10.33,55.48,34.19
module_2,225.0,10.11,50.25,39.64
module_2,225.0,9.86,42.05,48.08
module_2,225.0,9.7,32.33,57.97
module_2,225.0,11.56,68.66,19.78
module_2,225.0,11.29,67.51,21.21
module_2,225.0,10.85,64.03,25.12
module_2,225.0,10.58,61.07,28.36
module_2,225.0,10.36,57.75,31.89
module_2,225.0,10.11,52.19,37.7
module_2,225.0,9.86,44.49,45.64
module_2,225.0,9.7,33.04,57.26
module_2,225.0,11.73,69.53,18.74
module_2,225.0,11.56,68.71,19.73
module_2,225.0,11.07,66.66,22.27
module_2,225.0,10.68,62.93,26.38
module_2,225.0,10.47,59.64,29.89
module_2,225.0,10.11,53.86,36.03
module_2,225.0,9.89,49.07,41.04
module_2,225.0,9.7,36.22,54.08
module_2,225.0,11.97,72.27,15.75
module_2,225.0,11.75,70.25,18.0
module_2,225.0,11.37,68.44,20.19
module_2,225.0,10.85,65.62,23.53
module_2,225.0,10.47,61.45,28.08
module_2,225.0,10.16,57.34,32.49
module_2,225.0,10.0,52.99,37.01
module_2,225.0,9.73,44.14,46.14
module_2,225.0,12.41,75.32,12.27
module_2,225.0,11.97,72.3,15.73
module_2,225.0,11.53,69.56,18.9
module_2,225.0,11.01,67.97,21.01
module_2,225.0,10.58,64.05,25.37
module_2,225.0,10.38,61.81,27.81
module_2,225.0,10.11,58.0,31.89
module_2,225.0,9.86,51.56,38.58
module_2,225.0,10.14,47.67,42.19
module_2,225.0,10.44,50.49,39.07
module_2,225.0,9.89,33.07,57.04
module_2,225.0,10.14,39.42,50.44
module_2,225.0,9.7,19.84,70.47
module_2,225.0,9.92,27.86,62.22
module_2,225.0,9.7,18.85,71.45
module_2,225.0,9.84,23.67,66.49
module_2,225.0,10.0,31.29,58.71
module_2,225.0,10.0,35.86,54.14
module_2,225.0,10.08,40.16,49.75
module_2,225.0,10.14,45.42,44.44
module_2,225.0,9.7,20.96,69.34
module_2,225.0,9.78,23.32,66.9
module_2,225.0,9.86,27.04,63.1
module_2,225.0,9.89,33.04,57.07
module_2,225.0,9.89,34.77,55.34
module_2,225.0,9.97,37.97,52.05
module_2,225.0,9.7,26.08,64.22
module_2,225.0,9.7,24.88,65.42
module_2,225.0,9.7,24.66,65.64
module_2,225.0,9.73,27.01,63.26
module_2,225.0,9.78,30.93,59.29
module_2,225.0,9.78,32.3,57.92
module_2,225.0,9.7,29.89,60.41
module_2,225.0,9.7,24.05,66.25
module_2,225.0,9.7,22.63,67.67
module_2,225.0,9.7,23.18,67.12
module_2,225.0,9.7,23.23,67.07
module_2,225.0,9.7,28.0,62.3
module_2,225.0,9.64,29.26,61.1
module_2,225.0,9.62,22.93,67.45
module_2,225.0,9.62,19.95,70.44
module_2,225.0,9.62,19.34,71.04
module_2,225.0,9.62,20.63,69.75
module_2,225.0,9.64,22.16,68.19
module_2,225.0,11.01,67.73,21.26
module_2,225.0,10.58,61.78,27.64
module_2,225.0,9.7,29.86,60.44
module_2,225.0,9.62,16.6,73.78
module_2,225.0,9.62,17.4,72.99
module_2,225.0,9.62,18.38,72.0
module_2,225.0,9.7,30.11,60.19
module_2,225.0,9.7,40.05,50.25
module_2,225.0,9.59,11.56,78.85
module_2,225.0,9.59,9.53,80.88
module_2,225.0,9.59,9.26,81.15
module_2,225.0,9.59,9.21,81.21
module_2,225.0,9.59,9.1,81.32
module_2,225.0,9.59,8.99,81.42
module_2,225.0,9.59,8.93,81.48
module_2,225.0,9.59,8.85,81.56
module_2,225.0,9.59,9.4,81.01
module_2,225.0,9.62,33.45,56.93
module_2,225.0,9.7,47.7,42.6
module_2,225.0,9.78,66.6,23.62
module_2,225.0,9.62,31.07,59.32
module_2,225.0,9.64,43.32,47.04
module_2,225.0,9.7,59.75,30.55
module_2,225.0,9.62,32.36,58.03
module_2,225.0,9.64,46.19,44.16
module_2,225.0,9.7,59.97,30.33
module_2,225.0,9.62,34.27,56.11
module_2,225.0,9.7,53.12,37.18
module_2,225.0,9.7,70.0,20.3
module_2,270.0,9.59,16.58,73.84
module_2,270.0,9.59,13.15,77.26
module_2,270.0,9.59,12.27,78.14
module_2,270.0,9.59,11.86,78.55
module_2,270.0,9.59,11.73,78.68
module_2,270.0,9.59,11.59,78.82
module_2,270.0,9.59,11.78,78.63
module_2,270.0,9.59,12.19,78.22
module_2,270.0,9.59,14.25,76.16
module_2,270.0,9.7,53.51,36.79
module_2,270.0,9.64,41.4,48.96
module_2,270.0,9.62,36.03,54.36
module_2,270.0,9.62,34.16,56.22
module_2,270.0,9.62,32.36,58.03
module_2,270.0,9.62,31.95,58.44
module_2,270.0,9.7,33.51,56.79
module_2,270.0,9.7,40.03,50.27
module_2,270.0,14.58,85.42,0.0
module_2,270.0,14.19,85.81,0.0
module_2,270.0,13.97,86.03,0.0
module_2,270.0,13.84,86.16,0.0
module_2,270.0,13.56,86.0,0.44
module_2,270.0,13.34,85.53,1.12
module_2,270.0,13.29,84.85,1.86
module_2,270.0,13.97,82.77,3.26
module_2,270.0,14.49,85.51,0.0
module_2,270.0,14.08,85.92,0.0
module_2,270.0,13.7,86.3,0.0
module_2,270.0,13.1,86.9,0.0
module_2,270.0,12.16,87.1,0.74
module_2,270.0,11.45,86.74,1.81
module_2,270.0,11.12,84.25,4.63
module_2,270.0,11.59,77.7,10.71
module_2,270.0,13.78,86.22,0.0
module_2,270.0,13.42,86.58,0.0
module_2,270.0,12.68,87.32,0.0
module_2,270.0,12.16,86.19,1.64
module_2,270.0,11.67,84.99,3.34
module_2,270.0,11.32,84.79,3.89
module_2,270.0,11.04,80.11,8.85
module_2,270.0,11.45,76.63,11.92
module_2,270.0,12.79,87.21,0.0
module_2,270.0,12.36,87.64,0.0
module_2,270.0,11.78,86.3,1.92
module_2,270.0,11.64,84.93,3.42
module_2,270.0,11.37,84.05,4.58
module_2,270.0,11.18,82.16,6.66
module_2,270.0,11.23,76.3,12.47
module_2,270.0,11.45,74.99,13.56
module_2,270.0,11.73,88.27,0.0
module_2,270.0,11.51,86.9,1.59
module_2,270.0,11.15,85.26,3.59
module_2,270.0,10.82,82.27,6.9
module_2,270.0,10.79,80.85,8.36
module_2,270.0,10.82,77.86,11.32
module_2,270.0,11.01,74.14,14.85
module_2,270.0,11.23,74.52,14.25
module_2,270.0,10.9,87.92,1.18
module_2,270.0,10.68,84.63,4.68
module_2,270.0,10.52,81.34,8.14
module_2,270.0,10.41,77.45,12.14
module_2,270.0,10.41,75.45,14.14
module_2,270.0,10.49,73.45,16.05
module_2,270.0,10.58,70.41,19.01
module_2,270.0,10.79,70.14,19.07
module_2,270.0,10.41,84.82,4.77
module_2,270.0,10.16,79.07,10.77
module_2,270.0,10.03,74.27,15.7
module_2,270.0,9.97,70.47,19.56
module_2,270.0,10.0,68.22,21.78
module_2,270.0,10.11,65.86,24.03
module_2,270.0,10.16,65.51,24.33
module_2,270.0,10.44,66.19,23.37
module_2,270.0,10.0,76.93,13.07
module_2,270.0,9.78,67.7,22.52
module_2,270.0,9.7,58.82,31.48
module_2,270.0,9.7,53.48,36.82
module_2,270.0,9.7,51.97,38.33
module_2,270.0,9.73,51.56,38.71
module_2,270.0,9.86,53.86,36.27
module_2,270.0,10.0,57.53,32.47
module_2,270.0,9.59,15.81,74.6
module_2,270.0,9.59,12.3,78.11
module_2,270.0,9.59,11.59,78.82
module_2,270.0,9.59,11.23,79.18
module_2,270.0,9.59,10.96,79.45
module_2,270.0,9.59,10.96,79.45
module_2,270.0,9.59,10.99,79.42
module_2,270.0,9.59,11.15,79.26
module_2,270.0,9.59,12.96,77.45
module_2,270.0,9.62,25.4,64.99
module_2,270.0,9.62,23.21,67.18
module_2,270.0,9.62,22.93,67.45
module_2,270.0,9.62,24.05,66.33
module_2,270.0,9.64,41.42,48.93
module_2,270.0,9.62,34.3,56.08
module_2,270.0,9.62,33.29,57.1
module_2,270.0,9.7,36.41,53.89
module_2,270.0,9.7,53.92,36.38
module_2,270.0,9.7,46.0,44.3
module_2,270.0,9.7,44.25,46.05
module_2,270.0,9.73,46.82,43.45
module_2,270.0,10.9,74.77,14.33
module_2,270.0,11.45,79.34,9.21
module_2,270.0,10.14,56.88,32.99
module_2,270.0,10.58,70.77,18.66
module_2,270.0,9.89,39.56,50.55
module_2,270.0,10.25,58.88,30.88
module_2,270.0,9.78,32.22,58.0
module_2,270.0,10.11,50.3,39.59
module_2,270.0,10.19,68.0,21.81
module_2,270.0,10.38,70.55,19.07
module_2,270.0,10.47,71.92,17.62
module_2,270.0,10.55,73.21,16.25
module_2,270.0,9.7,30.03,60.27
module_2,270.0,9.92,45.95,44.14
module_2,270.0,10.05,63.62,26.33
module_2,270.0,10.11,67.04,22.85
module_2,270.0,10.11,69.34,20.55
module_2,270.0,10.19,70.71,19.1
module_2,270.0,9.7,34.27,56.03
module_2,270.0,9.78,44.16,46.05
module_2,270.0,9.84,55.48,34.68
module_2,270.0,9.86,59.7,30.44
module_2,270.0,9.92,62.47,27.62
module_2,270.0,9.97,64.33,25.7
module_2,270.0,9.7,41.97,48.33
module_2,270.0,9.7,42.03,48.27
module_2,270.0,9.7,45.67,44.63
module_2,270.0,9.7,48.82,41.48
module_2,270.0,9.7,51.51,38.79
module_2,270.0,9.73,54.49,35.78
module_2,270.0,9.7,40.16,50.14
module_2,270.0,9.64,35.97,54.38
module_2,270.0,9.64,35.64,54.71
module_2,270.0,9.64,36.99,53.37
module_2,270.0,9.67,38.82,51.51
module_2,270.0,9.7,41.95,48.36
module_2,270.0,12.9,85.29,1.81
module_2,270.0,11.86,82.74,5.4
module_2,270.0,11.62,82.71,5.67
module_2,270.0,11.78,83.26,4.96
module_2,270.0,11.48,80.6,7.92
module_2,270.0,12.22,83.29,4.49
module_2,270.0,11.23,78.14,10.63
module_2,270.0,9.64,35.75,54.6
module_2,270.0,9.62,23.89,66.49
module_2,270.0,9.62,25.45,64.93
module_2,270.0,9.73,48.74,41.53
module_2,270.0,9.62,19.21,71.18
module_2,270.0,9.62,23.18,67.21
module_2,270.0,9.62,23.73,66.66
module_2,270.0,11.21,78.85,9.95
module_2,270.0,10.66,74.79,14.55
module_2,270.0,10.47,67.26,22.27
module_2,270.0,10.55,70.6,18.85
module_2,270.0,12.33,82.14,5.53
module_2,270.0,11.29,78.0,10.71
module_2,270.0,10.47,72.68,16.85
module_2,270.0,11.56,79.32,9.12
module_2,270.0,10.41,71.23,18.36
module_2,270.0,10.58,74.41,15.01
module_2,270.0,10.49,73.23,16.27
module_2,270.0,10.71,75.92,13.37
module_2,270.0,10.6,72.41,16.99
module_2,270.0,10.71,75.81,13.48
module_2,270.0,10.66,74.66,14.68
module_2,270.0,10.41,70.6,18.99
module_2,270.0,9.78,71.7,18.52
module_2,270.0,9.7,34.77,55.53
module_2,270.0,9.7,38.52,51.78
module_2,270.0,9.7,58.08,32.22
module_2,270.0,9.7,57.84,32.47
module_2,270.0,9.7,59.67,30.63
module_2,270.0,9.62,33.1,57.29
module_2,270.0,9.62,40.85,49.53
module_2,270.0,9.62,33.15,57.23
module_2,270.0,9.62,28.52,61.86
module_2,270.0,9.62,28.47,61.92
module_2,270.0,9.62,27.23,63.15
module_2,270.0,9.62,29.53,60.85
module_2,270.0,9.62,26.68,63.7
module_2,270.0,10.3,69.26,20.44
module_2,270.0,9.78,54.9,35.32
module_2,270.0,10.0,63.95,26.05
module_2,270.0,10.16,66.49,23.34
module_2,270.0,9.78,52.11,38.11
module_2,270.0,9.97,60.16,29.86
module_2,270.0,9.7,44.0,46.3
module_2,270.0,10.49,71.81,17.7
module_2,270.0,9.62,28.79,61.59
module_2,270.0,9.62,26.93,63.45
module_2,270.0,9.62,27.23,63.15
module_2,270.0,9.7,35.53,54.77
module_2,270.0,9.7,41.89,48.41
module_2,270.0,9.62,28.85,61.53
module_2,270.0,9.62,29.97,60.41
module_2,270.0,9.62,28.68,61.7
module_2,270.0,9.62,20.11,70.27
module_2,270.0,9.59,15.7,74.71
module_2,270.0,9.59,12.3,78.11
module_2,270.0,9.59,11.62,78.79
module_2,270.0,9.59,11.23,79.18
module_2,270.0,9.59,11.12,79.29
module_2,270.0,9.59,11.15,79.26
module_2,270.0,9.59,11.15,79.26
module_2,270.0,9.59,11.32,79.1
module_2,270.0,9.59,11.62,78.79
module_2,270.0,9.7,49.26,41.04
module_2,270.0,9.62,34.9,55.48
module_2,270.0,9.62,30.93,59.45
module_2,270.0,9.62,28.79,61.59
module_2,270.0,9.62,28.0,62.38
module_2,270.0,9.62,27.34,63.04
module_2,270.0,9.62,27.12,63.26
module_2,270.0,9.64,29.56,60.79
module_2,270.0,14.88,85.12,0.0
module_2,270.0,14.36,85.64,0.0
module_2,270.0,14.03,85.97,0.0
module_2,270.0,13.78,86.22,0.0
module_2,270.0,13.34,86.38,0.27
module_2,270.0,12.6,86.38,1.01
module_2,270.0,12.0,86.33,1.67
module_2,270.0,12.33,83.23,4.44
module_2,270.0,14.36,85.64,0.0
module_2,270.0,13.97,86.03,0.0
module_2,270.0,13.62,86.38,0.0
module_2,270.0,12.96,87.04,0.0
module_2,270.0,12.16,87.15,0.68
module_2,270.0,11.48,86.38,2.14
module_2,270.0,10.99,85.84,3.18
module_2,270.0,11.23,79.07,9.7
module_2,270.0,13.73,86.27,0.0
module_2,270.0,13.18,86.82,0.0
module_2,270.0,12.55,87.45,0.0
module_2,270.0,12.16,86.03,1.81
module_2,270.0,11.67,84.79,3.53
module_2,270.0,11.32,84.36,4.33
module_2,270.0,11.15,81.32,7.53
module_2,270.0,11.26,76.11,12.63
module_2,270.0,12.55,87.45,0.0
module_2,270.0,12.16,87.84,0.0
module_2,270.0,11.7,86.68,1.62
module_2,270.0,11.53,84.82,3.64
module_2,270.0,11.26,83.67,5.07
module_2,270.0,11.15,81.78,7.07
module_2,270.0,11.12,77.21,11.67
module_2,270.0,11.37,74.58,14.05
module_2,270.0,11.62,88.38,0.0
module_2,270.0,11.37,87.4,1.23
module_2,270.0,10.9,85.29,3.81
module_2,270.0,10.71,81.97,7.32
module_2,270.0,10.68,80.52,8.79
module_2,270.0,10.68,78.36,10.96
module_2,270.0,10.74,74.27,14.99
module_2,270.0,11.01,72.71,16.27
module_2,270.0,10.71,88.11,1.18
module_2,270.0,10.6,84.25,5.15
module_2,270.0,10.41,80.19,9.4
module_2,270.0,10.22,76.88,12.9
module_2,270.0,10.16,74.52,15.32
module_2,270.0,10.25,72.66,17.1
module_2,270.0,10.47,70.63,18.9
module_2,270.0,10.58,68.88,20.55
module_2,270.0,10.3,84.93,4.77
module_2,270.0,10.11,78.66,11.23
module_2,270.0,9.95,72.41,17.64
module_2,270.0,9.89,67.42,22.68
module_2,270.0,9.89,64.0,26.11
module_2,270.0,9.92,62.79,27.29
module_2,270.0,10.03,62.85,27.12
module_2,270.0,10.16,63.67,26.16
module_2,270.0,9.92,75.92,14.16
module_2,270.0,9.75,63.92,26.33
module_2,270.0,9.7,53.73,36.58
module_2,270.0,9.7,48.11,42.19
module_2,270.0,9.7,46.19,44.11
module_2,270.0,9.7,44.71,45.59
module_2,270.0,9.7,46.66,43.64
module_2,270.0,9.86,51.89,38.25
module_2,270.0,9.59,15.32,75.1
module_2,270.0,9.59,11.84,78.58
module_2,270.0,9.59,11.23,79.18
module_2,270.0,9.59,10.9,79.51
module_2,270.0,9.59,10.71,79.7
module_2,270.0,9.59,10.63,79.78
module_2,270.0,9.59,10.66,79.75
module_2,270.0,9.59,10.6,79.81
module_2,270.0,9.59,10.88,79.53
module_2,270.0,9.62,36.85,53.53
module_2,270.0,9.62,26.74,63.64
module_2,270.0,9.62,25.18,65.21
module_2,270.0,9.62,26.47,63.92
module_2,270.0,9.7,50.93,39.37
module_2,270.0,9.67,39.89,50.44
module_2,270.0,9.67,37.4,52.93
module_2,270.0,9.7,39.26,51.04
module_2,270.0,9.73,60.77,29.51
module_2,270.0,9.7,49.89,40.41
module_2,270.0,9.7,46.05,44.25
module_2,270.0,9.73,47.86,42.41
module_2,270.0,10.52,68.52,20.96
module_2,270.0,10.88,75.15,13.97
module_2,270.0,9.86,44.88,45.26
module_2,270.0,10.36,61.97,27.67
module_2,270.0,9.7,30.19,60.11
module_2,270.0,10.11,47.73,42.16
module_2,270.0,9.7,25.59,64.71
module_2,270.0,9.95,41.29,48.77
module_2,270.0,10.14,62.03,27.84
module_2,270.0,10.16,68.99,20.85
module_2,270.0,10.33,70.93,18.74
module_2,270.0,10.47,72.9,16.63
module_2,270.0,9.7,27.12,63.18
module_2,270.0,9.84,39.84,50.33
module_2,270.0,9.95,56.19,33.86
module_2,270.0,10.0,64.33,25.67
module_2,270.0,10.11,65.89,24.0
module_2,270.0,10.11,67.51,22.38
module_2,270.0,9.7,36.27,54.03
module_2,270.0,9.75,41.45,48.79
module_2,270.0,9.78,50.49,39.73
module_2,270.0,9.78,55.86,34.36
module_2,270.0,9.78,58.16,32.05
module_2,270.0,9.86,60.9,29.23
module_2,270.0,9.7,45.81,44.49
module_2,270.0,9.7,40.27,50.03
module_2,270.0,9.7,41.81,48.49
module_2,270.0,9.7,43.53,46.77
module_2,270.0,9.7,46.41,43.89
module_2,270.0,9.7,49.67,40.63
module_2,270.0,9.64,41.67,48.68
module_2,270.0,9.62,34.25,56.14
module_2,270.0,9.62,32.9,57.48
module_2,270.0,9.62,33.01,57.37
module_2,270.0,9.62,34.99,55.4
module_2,270.0,9.64,36.68,53.67
module_2,315.0,9.7,60.88,29.42
module_2,315.0,9.64,48.03,42.33
module_2,315.0,9.64,44.6,45.75
module_2,315.0,9.62,42.68,47.7
module_2,315.0,9.64,45.59,44.77
module_2,315.0,9.7,48.93,41.37
module_2,315.0,9.7,52.68,37.62
module_2,315.0,9.75,64.47,25.78
module_2,315.0,13.56,81.51,4.93
module_2,315.0,11.7,78.16,10.14
module_2,315.0,11.56,77.75,10.68
module_2,315.0,11.7,83.48,4.82
module_2,315.0,11.42,85.42,3.15
module_2,315.0,10.82,85.48,3.7
module_2,315.0,10.49,83.84,5.67
module_2,315.0,9.95,76.85,13.21
module_2,315.0,12.41,87.59,0.0
module_2,315.0,11.32,78.58,10.11
module_2,315.0,11.37,78.22,10.41
module_2,315.0,11.51,81.67,6.82
module_2,315.0,11.21,85.73,3.07
module_2,315.0,10.6,85.53,3.86
module_2,315.0,10.14,83.37,6.49
module_2,315.0,9.78,72.88,17.34
module_2,315.0,13.04,86.96,0.0
module_2,315.0,11.51,83.37,5.12
module_2,315.0,11.45,78.9,9.64
module_2,315.0,11.37,81.04,7.59
module_2,315.0,10.82,85.89,3.29
module_2,315.0,10.49,86.3,3.21
module_2,315.0,10.0,83.45,6.55
module_2,315.0,9.7,66.6,23.7
module_2,315.0,13.64,86.36,0.0
module_2,315.0,12.11,86.47,1.42
module_2,315.0,11.78,82.38,5.84
module_2,315.0,11.45,84.6,3.95
module_2,315.0,10.77,85.59,3.64
module_2,315.0,10.36,87.45,2.19
module_2,315.0,9.92,83.15,6.93
module_2,315.0,9.7,61.15,29.15
module_2,315.0,14.03,85.97,0.0
module_2,315.0,13.01,86.99,0.0
module_2,315.0,12.63,85.4,1.97
module_2,315.0,11.73,85.12,3.15
module_2,315.0,10.79,86.66,2.55
module_2,315.0,10.33,88.47,1.21
module_2,315.0,9.92,84.58,5.51
module_2,315.0,9.7,62.03,28.27
module_2,315.0,14.36,85.64,0.0
module_2,315.0,13.81,86.19,0.0
module_2,315.0,12.99,87.01,0.0
module_2,315.0,11.84,86.74,1.42
module_2,315.0,10.99,87.97,1.04
module_2,315.0,10.41,88.88,0.71
module_2,315.0,10.0,88.79,1.21
module_2,315.0,9.7,65.97,24.33
module_2,315.0,14.9,85.1,0.0
module_2,315.0,14.63,85.37,0.0
module_2,315.0,13.45,86.55,0.0
module_2,315.0,12.36,87.42,0.22
module_2,315.0,11.51,88.49,0.0
module_2,315.0,10.63,88.63,0.74
module_2,315.0,10.14,89.42,0.44
module_2,315.0,9.73,75.04,15.23
module_2,315.0,15.32,84.68,0.0
module_2,315.0,14.85,85.15,0.0
module_2,315.0,13.84,86.16,0.0
module_2,315.0,12.79,87.21,0.0
module_2,315.0,11.81,88.19,0.0
module_2,315.0,10.79,89.21,0.0
module_2,315.0,10.22,89.67,0.11
module_2,315.0,9.89,87.89,2.22
module_2,315.0,9.62,19.51,70.88
module_2,315.0,9.7,27.26,63.04
module_2,315.0,9.73,32.6,57.67
module_2,315.0,9.62,17.56,72.82
module_2,315.0,9.7,24.9,65.4
module_2,315.0,9.7,30.66,59.64
module_2,315.0,9.62,18.16,72.22
module_2,315.0,9.64,26.16,64.19
module_2,315.0,9.7,34.41,55.89
module_2,315.0,9.62,26.77,63.62
module_2,315.0,9.7,32.6,57.7
module_2,315.0,9.75,43.12,47.12
module_2,315.0,9.59,19.92,70.49
module_2,315.0,9.59,17.18,73.23
module_2,315.0,9.59,15.59,74.82
module_2,315.0,9.59,15.29,75.12
module_2,315.0,9.59,16.08,74.33
module_2,315.0,9.59,17.12,73.29
module_2,315.0,9.59,16.82,73.59
module_2,315.0,9.59,16.79,73.62
module_2,315.0,9.59,18.55,71.86
module_2,315.0,10.68,82.77,6.55
module_2,315.0,11.37,82.82,5.81
module_2,315.0,10.08,68.66,21.26
module_2,315.0,10.71,79.92,9.37
module_2,315.0,9.89,58.52,31.59
module_2,315.0,10.41,74.19,15.4
module_2,315.0,9.78,48.44,41.78
module_2,315.0,10.11,66.71,23.18
module_2,315.0,10.22,83.26,6.52
module_2,315.0,10.44,86.44,3.12
module_2,315.0,10.58,87.51,1.92
module_2,315.0,10.68,87.86,1.45
module_2,315.0,9.7,44.05,46.25
module_2,315.0,9.92,62.96,27.12
module_2,315.0,10.11,82.11,7.78
module_2,315.0,10.16,85.37,4.47
module_2,315.0,10.25,86.74,3.01
module_2,315.0,10.25,86.25,3.51
module_2,315.0,9.73,50.22,40.05
module_2,315.0,9.78,63.29,26.93
module_2,315.0,9.92,78.68,11.4
module_2,315.0,9.92,81.97,8.11
module_2,315.0,9.92,82.47,7.62
module_2,315.0,10.0,82.41,7.59
module_2,315.0,9.7,55.51,34.79
module_2,315.0,9.7,59.45,30.85
module_2,315.0,9.7,67.12,23.18
module_2,315.0,9.7,66.71,23.59
module_2,315.0,9.75,75.51,14.74
module_2,315.0,9.78,78.41,11.81
module_2,315.0,9.7,52.99,37.32
module_2,315.0,9.64,49.81,40.55
module_2,315.0,9.64,46.79,43.56
module_2,315.0,9.64,49.97,40.38
module_2,315.0,9.7,59.86,30.44
module_2,315.0,9.7,58.36,31.95
module_2,315.0,13.23,86.77,0.0
module_2,315.0,12.14,87.86,0.0
module_2,315.0,11.75,88.25,0.0
module_2,315.0,12.08,86.68,1.23
module_2,315.0,11.7,87.75,0.55
module_2,315.0,12.58,87.4,0.03
module_2,315.0,11.51,88.49,0.0
module_2,315.0,9.64,47.01,43.34
module_2,315.0,9.62,30.96,59.42
module_2,315.0,9.62,33.26,57.12
module_2,315.0,9.62,30.52,59.86
module_2,315.0,12.58,86.03,1.4
module_2,315.0,11.86,85.84,2.3
module_2,315.0,10.71,83.21,6.08
module_2,315.0,11.18,88.77,0.05
module_2,315.0,10.66,82.6,6.74
module_2,315.0,10.49,83.48,6.03
module_2,315.0,10.52,79.81,9.67
module_2,315.0,10.52,85.62,3.86
module_2,315.0,10.58,86.82,2.6
module_2,315.0,10.71,88.47,0.82
module_2,315.0,10.71,89.1,0.19
module_2,315.0,10.68,88.03,1.29
module_2,315.0,10.9,89.04,0.05
module_2,315.0,10.77,87.64,1.59
module_2,315.0,9.7,41.64,48.66
module_2,315.0,9.81,81.12,9.07
module_2,315.0,9.7,72.52,17.78
module_2,315.0,9.7,72.33,17.97
module_2,315.0,9.62,36.11,54.27
module_2,315.0,9.62,41.15,49.23
module_2,315.0,9.62,40.77,49.62
module_2,315.0,9.62,50.03,40.36
module_2,315.0,9.62,39.42,50.96
module_2,315.0,9.62,35.97,54.41
module_2,315.0,9.62,37.64,52.74
module_2,315.0,9.62,38.33,52.05
module_2,315.0,10.44,86.3,3.26
module_2,315.0,9.89,78.11,12.0
module_2,315.0,10.11,83.01,6.88
module_2,315.0,10.33,85.23,4.44
module_2,315.0,10.03,81.59,8.38
module_2,315.0,9.78,75.75,14.47
module_2,315.0,9.7,68.14,22.16
module_2,315.0,10.68,87.32,2.0
module_2,315.0,9.62,44.63,45.75
module_2,315.0,9.62,40.66,49.73
module_2,315.0,9.62,41.92,48.47
module_2,315.0,9.7,56.68,33.62
module_2,315.0,9.7,65.78,24.52
module_2,315.0,9.62,44.85,45.53
module_2,315.0,9.62,46.05,44.33
module_2,315.0,9.62,42.14,48.25
module_2,315.0,9.59,20.11,70.3
module_2,315.0,9.59,17.62,72.79
module_2,315.0,9.59,16.44,73.97
module_2,315.0,9.59,16.22,74.19
module_2,315.0,9.59,17.1,73.32
module_2,315.0,9.59,18.88,71.53
module_2,315.0,9.59,19.04,71.37
module_2,315.0,9.59,18.9,71.51
module_2,315.0,9.59,20.14,70.27
module_2,315.0,9.7,54.0,36.3
module_2,315.0,9.62,40.44,49.95
module_2,315.0,9.62,36.82,53.56
module_2,315.0,9.62,37.42,52.96
module_2,315.0,9.62,38.74,51.64
module_2,315.0,9.62,39.97,50.41
module_2,315.0,9.64,41.75,48.6
module_2,315.0,9.7,47.32,42.99
module_2,315.0,14.08,85.92,0.0
module_2,315.0,11.7,77.42,10.88
module_2,315.0,11.67,78.44,9.89
module_2,315.0,11.62,80.55,7.84
module_2,315.0,11.56,85.01,3.42
module_2,315.0,11.01,85.62,3.37
module_2,315.0,10.52,84.88,4.6
module_2,315.0,10.16,80.49,9.34
module_2,315.0,13.84,86.16,0.0
module_2,315.0,11.34,82.49,6.16
module_2,315.0,11.34,76.55,12.11
module_2,315.0,11.37,79.78,8.85
module_2,315.0,11.21,84.74,4.05
module_2,315.0,10.68,85.86,3.45
module_2,315.0,10.41,84.9,4.68
module_2,315.0,9.92,77.45,12.63
module_2,315.0,13.86,86.14,0.0
module_2,315.0,11.81,87.48,0.71
module_2,315.0,11.59,80.74,7.67
module_2,315.0,11.45,80.14,8.41
module_2,315.0,11.15,84.88,3.97
module_2,315.0,10.55,86.93,2.52
module_2,315.0,10.16,85.64,4.19
module_2,315.0,9.78,73.21,17.01
module_2,315.0,14.03,85.97,0.0
module_2,315.0,12.77,87.23,0.0
module_2,315.0,12.08,83.75,4.16
module_2,315.0,11.64,82.74,5.62
module_2,315.0,10.96,84.3,4.74
module_2,315.0,10.49,87.21,2.3
module_2,315.0,10.03,86.14,3.84
module_2,315.0,9.73,69.97,20.3
module_2,315.0,14.25,85.75,0.0
module_2,315.0,13.75,86.25,0.0
module_2,315.0,12.63,85.34,2.03
module_2,315.0,11.75,84.33,3.92
module_2,315.0,11.18,86.33,2.49
module_2,315.0,10.49,88.77,0.74
module_2,315.0,10.03,87.53,2.44
module_2,315.0,9.7,71.15,19.15
module_2,315.0,14.52,85.48,0.0
module_2,315.0,14.25,85.75,0.0
module_2,315.0,13.23,86.77,0.0
module_2,315.0,12.41,86.99,0.6
module_2,315.0,11.51,87.75,0.74
module_2,315.0,10.63,88.44,0.93
module_2,315.0,10.08,89.21,0.71
module_2,315.0,9.75,75.67,14.58
module_2,315.0,14.96,85.04,0.0
module_2,315.0,14.71,85.29,0.0
module_2,315.0,13.92,86.08,0.0
module_2,315.0,12.82,87.18,0.0
module_2,315.0,11.73,88.19,0.08
module_2,315.0,10.79,89.15,0.05
module_2,315.0,10.19,89.26,0.55
module_2,315.0,9.92,87.37,2.71
module_2,315.0,15.67,84.33,0.0
module_2,315.0,15.32,84.68,0.0
module_2,315.0,14.36,85.64,0.0
module_2,315.0,13.4,86.6,0.0
module_2,315.0,12.0,88.0,0.0
module_2,315.0,11.29,88.71,0.0
module_2,315.0,10.49,89.48,0.03
module_2,315.0,10.05,89.7,0.25
module_2,315.0,9.62,16.36,74.03
module_2,315.0,9.7,23.62,66.68
module_2,315.0,9.75,32.16,58.08
module_2,315.0,9.62,16.66,73.73
module_2,315.0,9.62,22.16,68.22
module_2,315.0,9.7,29.64,60.66
module_2,315.0,9.62,16.99,73.4
module_2,315.0,9.62,24.68,65.7
module_2,315.0,9.7,30.71,59.59
module_2,315.0,9.62,18.36,72.03
module_2,315.0,9.7,33.75,56.55
module_2,315.0,9.7,37.92,52.38
module_2,315.0,9.59,19.29,71.12
module_2,315.0,9.59,15.15,75.26
module_2,315.0,9.59,14.68,75.73
module_2,315.0,9.59,14.38,76.03
module_2,315.0,9.59,15.92,74.49
module_2,315.0,9.59,16.77,73.64
module_2,315.0,9.59,16.49,73.92
module_2,315.0,9.59,16.19,74.22
module_2,315.0,9.59,17.42,72.99
module_2,315.0,10.93,87.12,1.95
module_2,315.0,11.48,84.55,3.97
module_2,315.0,10.0,71.89,18.11
module_2,315.0,10.41,76.05,13.53
module_2,315.0,9.7,46.19,44.11
module_2,315.0,10.11,66.96,22.93
module_2,315.0,9.7,38.74,51.56
module_2,315.0,10.0,62.63,27.37
module_2,315.0,10.3,79.7,10.0
module_2,315.0,10.38,85.59,4.03
module_2,315.0,10.44,86.99,2.58
module_2,315.0,10.58,87.59,1.84
module_2,315.0,9.7,37.56,52.74
module_2,315.0,9.92,57.67,32.41
module_2,315.0,10.0,77.86,12.14
module_2,315.0,10.08,83.84,6.08
module_2,315.0,10.16,85.81,4.03
module_2,315.0,10.38,87.15,2.47
module_2,315.0,9.7,42.9,47.4
module_2,315.0,9.78,58.82,31.4
module_2,315.0,9.78,72.49,17.73
module_2,315.0,9.78,78.99,11.23
module_2,315.0,10.0,83.56,6.44
module_2,315.0,10.03,84.14,5.84
module_2,315.0,9.7,59.56,30.74
module_2,315.0,9.7,55.84,34.47
module_2,315.0,9.7,60.82,29.48
module_2,315.0,9.7,71.12,19.18
module_2,315.0,9.7,70.41,19.89
module_2,315.0,9.7,73.7,16.6
module_2,315.0,9.64,52.14,38.22
module_2,315.0,9.64,45.64,44.71
module_2,315.0,9.67,50.82,39.51
module_2,315.0,9.7,54.25,36.05
module_2,315.0,9.64,52.11,38.25
module_2,315.0,9.7,62.99,27.32
module_2,315.0,11.48,88.52,0.0
module_2,315.0,9.73,67.32,22.96
module_2,315.0,9.62,27.18,63.21
module_2,315.0,9.62,33.23,57.15
module_2,315.0,9.62,27.29,63.1
module_2,315.0,11.53,84.88,3.59
module_2,315.0,9.7,48.19,42.11
module_2,315.0,9.73,75.01,15.26
module_2,315.0,9.59,18.79,71.62
module_2,315.0,9.59,15.37,75.04
module_2,315.0,9.59,15.1,75.32
module_2,315.0,9.59,15.01,75.4
module_2,315.0,9.59,16.99,73.42
module_2,315.0,9.59,18.44,71.97
module_2,315.0,9.59,18.19,72.22
module_2,315.0,9.59,17.1,73.32
module_2,315.0,9.59,18.3,72.11
module_3,0.0,31.84,68.16,0.0
module_3,0.0,29.56,69.86,0.58
module_3,0.0,32.0,65.01,2.99
module_3,0.0,26.16,73.84,0.0
module_3,0.0,24.14,73.23,2.63
module_3,0.0,26.27,70.11,3.62
module_3,0.0,20.27,79.73,0.0
module_3,0.0,19.26,77.1,3.64
module_3,0.0,20.82,72.27,6.9
module_3,0.0,18.0,82.0,0.0
module_3,0.0,16.79,79.78,3.42
module_3,0.0,18.77,73.95,7.29
module_3,0.0,25.32,74.68,0.0
module_3,0.0,21.73,78.27,0.0
module_3,0.0,25.75,70.47,3.78
module_3,0.0,64.85,35.15,0.0
module_3,0.0,58.68,41.32,0.0
module_3,0.0,50.99,49.01,0.0
module_3,0.0,42.88,57.12,0.0
module_3,0.0,35.84,64.16,0.0
module_3,0.0,28.85,71.15,0.0
module_3,0.0,22.27,77.73,0.0
module_3,0.0,18.55,81.45,0.0
module_3,0.0,16.14,83.86,0.0
module_3,0.0,14.68,85.32,0.0
module_3,0.0,13.62,86.38,0.0
module_3,0.0,12.6,87.4,0.0
module_3,0.0,11.64,88.36,0.0
module_3,0.0,10.71,89.29,0.0
module_3,0.0,10.22,89.78,0.0
module_3,0.0,15.21,84.79,0.0
module_3,0.0,14.0,86.0,0.0
module_3,0.0,13.01,86.99,0.0
module_3,0.0,11.97,88.03,0.0
module_3,0.0,11.18,88.82,0.0
module_3,0.0,10.52,89.48,0.0
module_3,0.0,10.08,89.92,0.0
module_3,0.0,13.89,86.11,0.0
module_3,0.0,13.32,86.68,0.0
module_3,0.0,12.27,87.73,0.0
module_3,0.0,11.56,88.41,0.03
module_3,0.0,10.74,88.74,0.52
module_3,0.0,10.36,88.68,0.96
module_3,0.0,10.0,88.68,1.32
module_3,0.0,13.18,86.82,0.0
module_3,0.0,12.27,87.73,0.0
module_3,0.0,11.62,88.38,0.0
module_3,0.0,10.82,87.84,1.34
module_3,0.0,10.58,87.29,2.14
module_3,0.0,10.16,87.23,2.6
module_3,0.0,9.95,87.48,2.58
module_3,0.0,12.44,87.56,0.0
module_3,0.0,11.37,88.63,0.0
module_3,0.0,10.68,85.64,3.67
module_3,0.0,10.41,82.05,7.53
module_3,0.0,10.22,80.47,9.32
module_3,0.0,10.11,80.36,9.53
module_3,0.0,9.97,82.88,7.15
module_3,0.0,11.78,88.22,0.0
module_3,0.0,10.41,87.97,1.62
module_3,0.0,9.95,77.34,12.71
module_3,0.0,9.84,69.73,20.44
module_3,0.0,9.86,66.22,23.92
module_3,0.0,9.97,68.08,21.95
module_3,0.0,10.0,75.89,14.11
module_3,0.0,62.11,37.89,0.0
module_3,0.0,60.52,39.48,0.0
module_3,0.0,56.14,43.86,0.0
module_3,0.0,58.3,41.7,0.0
module_3,0.0,49.23,50.77,0.0
module_3,0.0,44.25,55.75,0.0
module_3,0.0,30.36,69.64,0.0
module_3,0.0,37.67,62.33,0.0
module_3,0.0,70.36,29.64,0.0
module_3,0.0,59.21,40.79,0.0
module_3,0.0,76.55,23.45,0.0
module_3,0.0,41.42,58.58,0.0
module_3,0.0,33.07,66.93,0.0
module_3,0.0,49.73,50.27,0.0
module_3,0.0,68.96,31.04,0.0
module_3,0.0,24.11,75.89,0.0
module_3,0.0,20.38,79.62,0.0
module_3,0.0,15.89,84.11,0.0
module_3,0.0,14.47,85.53,0.0
module_3,0.0,17.64,82.36,0.0
module_3,0.0,12.63,87.37,0.0
module_3,0.0,11.7,88.3,0.0
module_3,0.0,10.63,89.37,0.0
module_3,0.0,10.22,89.78,0.0
module_3,0.0,10.9,89.1,0.0
module_3,0.0,13.67,86.33,0.0
module_3,0.0,19.21,80.79,0.0
module_3,0.0,18.3,81.7,0.0
module_3,0.0,10.0,90.0,0.0
module_3,0.0,10.0,90.0,0.0
module_3,0.0,27.42,72.58,0.0
module_3,0.0,80.36,19.64,0.0
module_3,0.0,57.37,42.63,0.0
module_3,0.0,71.81,28.19,0.0
module_3,0.0,67.92,32.08,0.0
module_3,0.0,39.45,60.55,0.0
module_3,0.0,47.84,52.16,0.0
module_3,0.0,13.84,86.16,0.0
module_3,0.0,15.84,84.16,0.0
module_3,0.0,26.41,73.59,0.0
module_3,0.0,13.15,86.85,0.0
module_3,0.0,13.23,86.77,0.0
module_3,0.0,12.68,87.32,0.0
module_3,0.0,13.7,86.3,0.0
module_3,0.0,12.88,87.12,0.0
module_3,0.0,13.48,86.52,0.0
module_3,0.0,15.34,84.66,0.0
module_3,0.0,10.11,89.89,0.0
module_3,0.0,9.78,89.84,0.38
module_3,0.0,9.78,86.3,3.92
module_3,0.0,9.78,87.97,2.25
module_3,0.0,9.7,82.96,7.34
module_3,0.0,9.78,82.96,7.26
module_3,0.0,9.89,83.67,6.44
module_3,0.0,9.62,40.58,49.81
module_3,0.0,9.62,38.66,51.73
module_3,0.0,9.62,44.93,45.45
module_3,0.0,10.08,88.38,1.53
module_3,0.0,10.11,72.14,17.75
module_3,0.0,9.75,56.44,33.81
module_3,0.0,10.36,87.81,1.84
module_3,0.0,80.85,19.15,0.0
module_3,0.0,23.56,76.44,0.0
module_3,0.0,22.08,77.92,0.0
module_3,0.0,19.75,80.25,0.0
module_3,0.0,18.05,81.95,0.0
module_3,0.0,16.36,83.64,0.0
module_3,0.0,16.08,83.92,0.0
module_3,0.0,19.56,80.44,0.0
module_3,0.0,38.41,61.59,0.0
module_3,0.0,22.11,77.89,0.0
module_3,0.0,21.12,78.88,0.0
module_3,0.0,19.23,80.77,0.0
module_3,0.0,16.63,83.37,0.0
module_3,0.0,14.79,85.21,0.0
module_3,0.0,13.4,86.6,0.0
module_3,0.0,13.7,86.3,0.0
module_3,0.0,28.52,71.48,0.0
module_3,0.0,21.4,78.6,0.0
module_3,0.0,20.27,79.73,0.0
module_3,0.0,17.75,82.25,0.0
module_3,0.0,15.29,84.71,0.0
module_3,0.0,12.82,87.18,0.0
module_3,0.0,10.82,89.18,0.0
module_3,0.0,10.22,89.78,0.0
module_3,0.0,10.79,89.21,0.0
module_3,0.0,21.01,78.99,0.0
module_3,0.0,19.56,80.44,0.0
module_3,0.0,17.04,82.96,0.0
module_3,0.0,14.55,85.45,0.0
module_3,0.0,11.7,88.3,0.0
module_3,0.0,10.22,89.78,0.0
module_3,0.0,9.7,89.97,0.33
module_3,0.0,9.62,47.29,43.1
module_3,0.0,20.82,79.18,0.0
module_3,0.0,19.62,80.38,0.0
module_3,0.0,17.04,82.96,0.0
module_3,0.0,14.44,85.56,0.0
module_3,0.0,11.64,88.36,0.0
module_3,0.0,10.16,89.84,0.0
module_3,0.0,9.7,88.16,2.14
module_3,0.0,9.62,45.04,45.34
module_3,0.0,21.23,78.77,0.0
module_3,0.0,19.92,80.08,0.0
module_3,0.0,17.42,82.58,0.0
module_3,0.0,15.1,84.9,0.0
module_3,0.0,12.19,87.81,0.0
module_3,0.0,10.58,89.42,0.0
module_3,0.0,9.89,90.11,0.0
module_3,0.0,9.7,80.44,9.86
module_3,0.0,21.59,78.41,0.0
module_3,0.0,20.66,79.34,0.0
module_3,0.0,18.63,81.37,0.0
module_3,0.0,15.97,84.03,0.0
module_3,0.0,14.08,85.92,0.0
module_3,0.0,11.97,88.03,0.0
module_3,0.0,11.37,88.63,0.0
module_3,0.0,20.52,79.32,0.16
module_3,0.0,22.96,77.04,0.0
module_3,0.0,21.59,78.41,0.0
module_3,0.0,19.64,80.36,0.0
module_3,0.0,17.32,82.68,0.0
module_3,0.0,15.86,84.14,0.0
module_3,0.0,15.15,84.85,0.0
module_3,0.0,16.58,83.42,0.0
module_3,0.0,31.45,68.55,0.0
module_3,0.0,13.32,86.68,0.0
module_3,0.0,12.77,85.56,1.67
module_3,0.0,12.49,83.42,4.08
module_3,0.0,12.68,81.4,5.92
module_3,0.0,13.42,79.78,6.79
module_3,0.0,12.36,87.64,0.0
module_3,0.0,11.7,85.53,2.77
module_3,0.0,11.56,83.67,4.77
module_3,0.0,11.73,79.59,8.68
module_3,0.0,12.25,77.89,9.86
module_3,0.0,11.01,88.99,0.0
module_3,0.0,10.58,83.51,5.92
module_3,0.0,10.44,77.92,11.64
module_3,0.0,10.52,73.84,15.64
module_3,0.0,10.74,72.82,16.44
module_3,0.0,10.27,89.42,0.3
module_3,0.0,9.92,77.07,13.01
module_3,0.0,9.78,69.01,21.21
module_3,0.0,9.92,65.67,24.41
module_3,0.0,10.16,65.12,24.71
module_3,0.0,10.22,89.78,0.0
module_3,0.0,9.64,54.0,36.36
module_3,0.0,9.7,51.29,39.01
module_3,0.0,9.64,46.3,44.05
module_3,0.0,10.11,58.99,30.9
module_3,0.0,31.75,68.25,0.0
module_3,0.0,28.74,71.12,0.14
module_3,0.0,28.99,68.03,2.99
module_3,0.0,25.7,74.3,0.0
module_3,0.0,22.49,76.08,1.42
module_3,0.0,23.29,73.21,3.51
module_3,0.0,20.22,79.78,0.0
module_3,0.0,18.44,79.73,1.84
module_3,0.0,18.58,75.18,6.25
module_3,0.0,20.08,79.92,0.0
module_3,0.0,16.96,82.9,0.14
module_3,0.0,17.7,77.01,5.29
module_3,0.0,41.78,58.22,0.0
module_3,0.0,32.0,68.0,0.0
module_3,0.0,34.71,65.29,0.0
module_3,0.0,67.29,32.71,0.0
module_3,0.0,64.44,35.56,0.0
module_3,0.0,55.18,44.82,0.0
module_3,0.0,46.3,53.7,0.0
module_3,0.0,38.49,61.51,0.0
module_3,0.0,30.52,69.48,0.0
module_3,0.0,25.15,74.85,0.0
module_3,0.0,19.73,80.27,0.0
module_3,0.0,16.68,83.32,0.0
module_3,0.0,14.99,85.01,0.0
module_3,0.0,13.81,86.19,0.0
module_3,0.0,12.71,87.29,0.0
module_3,0.0,11.75,88.25,0.0
module_3,0.0,10.79,89.21,0.0
module_3,0.0,10.36,89.64,0.0
module_3,0.0,14.93,85.07,0.0
module_3,0.0,14.05,85.95,0.0
module_3,0.0,13.12,86.88,0.0
module_3,0.0,12.03,87.97,0.0
module_3,0.0,11.29,88.71,0.0
module_3,0.0,10.6,89.12,0.27
module_3,0.0,10.16,89.4,0.44
module_3,0.0,13.78,86.22,0.0
module_3,0.0,13.26,86.74,0.0
module_3,0.0,12.27,87.73,0.0
module_3,0.0,11.64,88.27,0.08
module_3,0.0,10.82,88.36,0.82
module_3,0.0,10.49,88.25,1.26
module_3,0.0,10.08,88.44,1.48
module_3,0.0,13.15,86.85,0.0
module_3,0.0,12.27,87.73,0.0
module_3,0.0,11.48,88.52,0.0
module_3,0.0,10.82,86.82,2.36
module_3,0.0,10.58,85.81,3.62
module_3,0.0,10.27,84.85,4.88
module_3,0.0,10.03,86.55,3.42
module_3,0.0,12.66,87.34,0.0
module_3,0.0,11.37,88.63,0.0
module_3,0.0,10.55,85.95,3.51
module_3,0.0,10.22,80.68,9.1
module_3,0.0,10.11,77.42,12.47
module_3,0.0,10.11,76.11,13.78
module_3,0.0,10.05,78.05,11.89
module_3,0.0,12.58,87.42,0.0
module_3,0.0,10.44,89.56,0.0
module_3,0.0,9.78,76.63,13.59
module_3,0.0,9.7,62.49,27.81
module_3,0.0,9.7,57.32,32.99
module_3,0.0,9.78,61.15,29.07
module_3,0.0,10.05,71.32,18.63
module_3,0.0,60.08,39.92,0.0
module_3,0.0,55.23,44.77,0.0
module_3,0.0,47.1,52.9,0.0
module_3,0.0,41.81,58.19,0.0
module_3,0.0,28.03,71.97,0.0
module_3,0.0,35.45,64.55,0.0
module_3,0.0,22.82,77.18,0.0
module_3,0.0,16.96,83.04,0.0
module_3,0.0,15.32,84.68,0.0
module_3,0.0,13.01,86.99,0.0
module_3,0.0,12.0,88.0,0.0
module_3,0.0,10.44,89.56,0.0
module_3,0.0,11.23,88.77,0.0
module_3,0.0,13.86,86.14,0.0
module_3,0.0,13.78,86.22,0.0
module_3,0.0,12.85,87.15,0.0
module_3,0.0,12.85,87.15,0.0
module_3,0.0,13.42,86.58,0.0
module_3,0.0,9.7,73.73,16.58
module_3,0.0,9.78,89.92,0.3
module_3,0.0,9.7,83.23,7.07
module_3,0.0,9.7,87.32,2.99
module_3,0.0,9.78,84.66,5.56
module_3,0.0,9.89,86.44,3.67
module_3,0.0,9.62,41.56,48.82
module_3,0.0,9.62,40.85,49.53
module_3,0.0,9.64,52.27,38.08
module_3,0.0,9.7,46.79,43.51
module_3,0.0,23.26,76.74,0.0
module_3,0.0,22.36,77.64,0.0
module_3,0.0,20.38,79.62,0.0
module_3,0.0,18.47,81.53,0.0
module_3,0.0,16.36,83.64,0.0
module_3,0.0,15.48,84.52,0.0
module_3,0.0,16.16,83.84,0.0
module_3,0.0,26.38,73.62,0.0
module_3,0.0,22.03,77.97,0.0
module_3,0.0,21.4,78.6,0.0
module_3,0.0,19.53,80.47,0.0
module_3,0.0,16.9,83.1,0.0
module_3,0.0,14.88,85.12,0.0
module_3,0.0,12.74,87.26,0.0
module_3,0.0,11.75,88.25,0.0
module_3,0.0,14.58,85.42,0.0
module_3,0.0,20.93,79.07,0.0
module_3,0.0,20.49,79.51,0.0
module_3,0.0,18.33,81.67,0.0
module_3,0.0,15.73,84.27,0.0
module_3,0.0,13.23,86.77,0.0
module_3,0.0,10.96,89.04,0.0
module_3,0.0,10.05,89.95,0.0
module_3,0.0,9.7,89.67,0.63
module_3,0.0,20.71,79.29,0.0
module_3,0.0,20.0,80.0,0.0
module_3,0.0,17.95,82.05,0.0
module_3,0.0,15.21,84.79,0.0
module_3,0.0,12.33,87.67,0.0
module_3,0.0,10.49,89.51,0.0
module_3,0.0,9.78,90.22,0.0
module_3,0.0,9.62,56.55,33.84
module_3,0.0,20.82,79.18,0.0
module_3,0.0,19.97,80.03,0.0
module_3,0.0,17.86,82.14,0.0
module_3,0.0,15.32,84.68,0.0
module_3,0.0,12.6,87.4,0.0
module_3,0.0,10.6,89.4,0.0
module_3,0.0,9.78,90.22,0.0
module_3,0.0,9.62,60.79,29.59
module_3,0.0,21.26,78.74,0.0
module_3,0.0,20.6,79.4,0.0
module_3,0.0,18.6,81.4,0.0
module_3,0.0,15.95,84.05,0.0
module_3,0.0,13.81,86.19,0.0
module_3,0.0,11.37,88.63,0.0
module_3,0.0,10.25,89.75,0.0
module_3,0.0,10.14,88.63,1.23
module_3,0.0,22.14,77.86,0.0
module_3,0.0,21.75,78.25,0.0
module_3,0.0,19.62,80.38,0.0
module_3,0.0,17.29,82.71,0.0
module_3,0.0,15.4,84.6,0.0
module_3,0.0,13.67,86.33,0.0
module_3,0.0,12.93,87.07,0.0
module_3,0.0,17.04,82.85,0.11
module_3,0.0,23.29,76.71,0.0
module_3,0.0,22.3,77.7,0.0
module_3,0.0,20.25,79.75,0.0
module_3,0.0,18.44,81.56,0.0
module_3,0.0,16.63,83.37,0.0
module_3,0.0,15.64,84.36,0.0
module_3,0.0,16.55,83.45,0.0
module_3,0.0,25.86,74.14,0.0
module_3,0.0,13.45,86.55,0.0
module_3,0.0,12.63,85.84,1.53
module_3,0.0,12.33,83.84,3.84
module_3,0.0,12.3,81.7,6.0
module_3,0.0,12.79,79.53,7.67
module_3,0.0,12.14,87.86,0.0
module_3,0.0,11.56,86.49,1.95
module_3,0.0,11.18,82.36,6.47
module_3,0.0,11.18,79.34,9.48
module_3,0.0,11.56,76.68,11.75
module_3,0.0,10.85,89.15,0.0
module_3,0.0,10.44,85.15,4.41
module_3,0.0,10.16,77.07,12.77
module_3,0.0,10.16,73.45,16.38
module_3,0.0,10.49,71.86,17.64
module_3,0.0,10.47,89.53,0.0
module_3,0.0,9.78,79.1,11.12
module_3,0.0,9.7,65.53,24.77
module_3,0.0,9.7,61.4,28.9
module_3,0.0,9.95,61.56,28.49
module_3,0.0,13.97,86.03,0.0
module_3,0.0,9.62,51.53,38.85
module_3,0.0,9.64,44.19,46.16
module_3,0.0,9.62,37.53,52.85
module_3,0.0,9.75,52.99,37.26
module_3,45.0,13.78,86.22,0.0
module_3,45.0,13.07,86.93,0.0
module_3,45.0,12.58,87.42,0.0
module_3,45.0,12.88,87.12,0.0
module_3,45.0,13.23,86.77,0.0
module_3,45.0,12.71,87.29,0.0
module_3,45.0,11.92,88.08,0.0
module_3,45.0,11.78,88.22,0.0
module_3,45.0,11.81,88.19,0.0
module_3,45.0,11.81,86.96,1.23
module_3,45.0,11.23,88.77,0.0
module_3,45.0,10.36,89.64,0.0
module_3,45.0,10.49,89.51,0.0
module_3,45.0,10.6,87.62,1.78
module_3,45.0,10.93,86.9,2.16
module_3,45.0,10.38,89.62,0.0
module_3,45.0,9.92,90.08,0.0
module_3,45.0,9.81,86.44,3.75
module_3,45.0,9.75,79.59,10.66
module_3,45.0,10.22,82.38,7.4
module_3,45.0,11.34,88.66,0.0
module_3,45.0,9.64,67.95,22.41
module_3,45.0,9.7,69.97,20.33
module_3,45.0,9.64,62.36,28.0
module_3,45.0,10.14,77.15,12.71
module_3,45.0,22.19,77.81,0.0
module_3,45.0,21.37,78.63,0.0
module_3,45.0,19.32,80.68,0.0
module_3,45.0,17.37,82.63,0.0
module_3,45.0,15.81,84.19,0.0
module_3,45.0,15.23,84.77,0.0
module_3,45.0,18.55,81.45,0.0
module_3,45.0,34.3,65.7,0.0
module_3,45.0,21.45,78.55,0.0
module_3,45.0,20.0,80.0,0.0
module_3,45.0,18.19,81.81,0.0
module_3,45.0,15.97,84.03,0.0
module_3,45.0,14.14,85.86,0.0
module_3,45.0,12.08,87.92,0.0
module_3,45.0,11.64,88.36,0.0
module_3,45.0,25.07,74.93,0.0
module_3,45.0,20.6,79.4,0.0
module_3,45.0,19.64,80.36,0.0
module_3,45.0,16.99,83.01,0.0
module_3,45.0,14.99,85.01,0.0
module_3,45.0,12.08,87.92,0.0
module_3,45.0,10.58,89.42,0.0
module_3,45.0,9.89,90.11,0.0
module_3,45.0,9.7,86.68,3.62
module_3,45.0,19.89,80.11,0.0
module_3,45.0,18.79,81.21,0.0
module_3,45.0,16.55,83.45,0.0
module_3,45.0,13.97,86.03,0.0
module_3,45.0,11.4,88.6,0.0
module_3,45.0,10.14,89.62,0.25
module_3,45.0,9.7,76.3,14.0
module_3,45.0,9.62,39.07,51.32
module_3,45.0,19.73,80.27,0.0
module_3,45.0,18.47,81.53,0.0
module_3,45.0,16.33,83.67,0.0
module_3,45.0,13.89,86.11,0.0
module_3,45.0,11.4,87.67,0.93
module_3,45.0,10.16,84.85,4.99
module_3,45.0,9.7,71.48,18.82
module_3,45.0,9.62,40.36,50.03
module_3,45.0,20.16,79.84,0.0
module_3,45.0,19.18,80.82,0.0
module_3,45.0,16.85,83.15,0.0
module_3,45.0,14.38,85.48,0.14
module_3,45.0,11.75,86.14,2.11
module_3,45.0,10.68,82.66,6.66
module_3,45.0,10.16,75.34,14.49
module_3,45.0,10.55,71.32,18.14
module_3,45.0,20.88,79.12,0.0
module_3,45.0,19.7,80.3,0.0
module_3,45.0,17.75,82.03,0.22
module_3,45.0,15.56,82.38,2.05
module_3,45.0,13.23,82.25,4.52
module_3,45.0,11.48,80.33,8.19
module_3,45.0,12.49,74.74,12.77
module_3,45.0,22.41,74.9,2.68
module_3,45.0,21.67,78.33,0.0
module_3,45.0,20.47,79.48,0.05
module_3,45.0,18.41,80.33,1.26
module_3,45.0,16.58,80.41,3.01
module_3,45.0,15.1,78.63,6.27
module_3,45.0,14.22,76.88,8.9
module_3,45.0,15.51,75.62,8.88
module_3,45.0,29.4,70.6,0.0
module_3,45.0,9.7,55.48,34.82
module_3,45.0,9.62,40.96,49.42
module_3,45.0,9.62,38.36,52.03
module_3,45.0,9.62,38.38,52.0
module_3,45.0,9.64,45.51,44.85
module_3,45.0,9.62,43.89,46.49
module_3,45.0,9.78,82.93,7.29
module_3,45.0,9.7,62.47,27.84
module_3,45.0,9.7,56.74,33.56
module_3,45.0,9.7,55.84,34.47
module_3,45.0,9.7,59.48,30.82
module_3,45.0,10.71,85.34,3.95
module_3,45.0,10.11,89.86,0.03
module_3,45.0,9.89,83.37,6.74
module_3,45.0,9.81,77.53,12.66
module_3,45.0,9.78,73.84,16.38
module_3,45.0,9.97,78.11,11.92
module_3,45.0,9.92,80.22,9.86
module_3,45.0,10.58,89.42,0.0
module_3,45.0,10.14,89.62,0.25
module_3,45.0,10.11,86.96,2.93
module_3,45.0,10.11,84.55,5.34
module_3,45.0,10.11,83.7,6.19
module_3,45.0,9.89,82.19,7.92
module_3,45.0,11.23,88.77,0.0
module_3,45.0,10.68,89.32,0.0
module_3,45.0,10.55,89.45,0.0
module_3,45.0,10.47,88.0,1.53
module_3,45.0,10.36,87.21,2.44
module_3,45.0,10.11,87.07,2.82
module_3,45.0,11.84,88.16,0.0
module_3,45.0,11.4,88.6,0.0
module_3,45.0,11.04,88.96,0.0
module_3,45.0,10.85,89.15,0.0
module_3,45.0,10.58,88.68,0.74
module_3,45.0,10.49,88.0,1.51
module_3,45.0,13.21,86.79,0.0
module_3,45.0,12.74,87.26,0.0
module_3,45.0,11.62,88.38,0.0
module_3,45.0,11.42,88.58,0.0
module_3,45.0,11.21,88.79,0.0
module_3,45.0,11.67,88.27,0.05
module_3,45.0,15.12,84.88,0.0
module_3,45.0,18.16,81.84,0.0
module_3,45.0,22.52,77.48,0.0
module_3,45.0,27.18,72.82,0.0
module_3,45.0,33.29,66.71,0.0
module_3,45.0,40.11,59.89,0.0
module_3,45.0,47.07,52.93,0.0
module_3,45.0,51.62,48.38,0.0
module_3,45.0,9.62,32.74,57.64
module_3,45.0,9.62,51.89,38.49
module_3,45.0,9.78,83.67,6.55
module_3,45.0,9.7,63.62,26.68
module_3,45.0,9.95,89.92,0.14
module_3,45.0,9.62,31.89,58.49
module_3,45.0,9.62,34.96,55.42
module_3,45.0,9.62,33.48,56.9
module_3,45.0,10.0,89.86,0.14
module_3,45.0,9.62,31.59,58.79
module_3,45.0,10.16,89.84,0.0
module_3,45.0,10.63,89.37,0.0
module_3,45.0,12.11,87.89,0.0
module_3,45.0,11.26,88.74,0.0
module_3,45.0,13.29,86.71,0.0
module_3,45.0,10.77,89.23,0.0
module_3,45.0,11.53,88.47,0.0
module_3,45.0,13.89,86.11,0.0
module_3,45.0,12.71,87.29,0.0
module_3,45.0,14.99,85.01,0.0
module_3,45.0,10.3,89.7,0.0
module_3,45.0,9.62,31.48,58.9
module_3,45.0,9.62,32.85,57.53
module_3,45.0,9.62,32.88,57.51
module_3,45.0,9.62,31.37,59.01
module_3,45.0,9.62,32.93,57.45
module_3,45.0,9.62,31.18,59.21
module_3,45.0,9.62,29.29,61.1
module_3,45.0,9.7,48.88,41.42
module_3,45.0,9.62,33.37,57.01
module_3,45.0,9.62,31.4,58.99
module_3,45.0,10.3,79.75,9.95
module_3,45.0,9.7,75.15,15.15
module_3,45.0,9.7,68.3,22.0
module_3,45.0,9.78,82.27,7.95
module_3,45.0,10.47,87.4,2.14
module_3,45.0,13.23,85.62,1.15
module_3,45.0,16.74,83.26,0.0
module_3,45.0,19.56,80.44,0.0
module_3,45.0,18.19,81.81,0.0
module_3,45.0,23.67,76.33,0.0
module_3,45.0,21.12,78.88,0.0
module_3,45.0,26.38,73.62,0.0
module_3,45.0,22.05,77.95,0.0
module_3,45.0,24.66,75.34,0.0
module_3,45.0,28.3,71.7,0.0
module_3,45.0,15.18,84.82,0.0
module_3,45.0,34.08,65.92,0.0
module_3,45.0,45.01,54.99,0.0
module_3,45.0,39.86,60.14,0.0
module_3,45.0,46.99,53.01,0.0
module_3,45.0,37.75,62.25,0.0
module_3,45.0,46.11,53.89,0.0
module_3,45.0,43.29,56.71,0.0
module_3,45.0,45.01,54.99,0.0
module_3,45.0,50.68,49.32,0.0
module_3,45.0,31.92,68.08,0.0
module_3,45.0,31.51,68.49,0.0
module_3,45.0,11.75,88.25,0.0
module_3,45.0,11.62,88.38,0.0
module_3,45.0,13.4,86.6,0.0
module_3,45.0,11.56,88.44,0.0
module_3,45.0,11.59,88.41,0.0
module_3,45.0,11.95,88.05,0.0
module_3,45.0,12.9,87.1,0.0
module_3,45.0,14.27,85.56,0.16
module_3,45.0,44.74,55.26,0.0
module_3,45.0,51.37,48.63,0.0
module_3,45.0,59.84,40.16,0.0
module_3,45.0,57.23,42.77,0.0
module_3,45.0,51.75,48.25,0.0
module_3,45.0,58.36,41.64,0.0
module_3,45.0,36.38,63.62,0.0
module_3,45.0,30.52,69.48,0.0
module_3,45.0,49.86,50.14,0.0
module_3,45.0,55.01,44.99,0.0
module_3,45.0,43.45,56.55,0.0
module_3,45.0,19.86,80.14,0.0
module_3,45.0,38.52,61.48,0.0
module_3,45.0,15.84,84.16,0.0
module_3,45.0,34.25,65.75,0.0
module_3,45.0,34.11,65.89,0.0
module_3,45.0,38.63,61.37,0.0
module_3,45.0,27.42,72.58,0.0
module_3,45.0,26.36,73.64,0.0
module_3,45.0,28.33,71.67,0.0
module_3,45.0,21.81,78.19,0.0
module_3,45.0,20.79,79.21,0.0
module_3,45.0,22.0,78.0,0.0
module_3,45.0,21.21,78.79,0.0
module_3,45.0,19.37,80.63,0.0
module_3,45.0,22.05,77.29,0.66
module_3,45.0,42.0,58.0,0.0
module_3,45.0,38.47,61.53,0.0
module_3,45.0,47.4,52.6,0.0
module_3,45.0,13.84,86.16,0.0
module_3,45.0,12.99,87.01,0.0
module_3,45.0,12.82,87.18,0.0
module_3,45.0,12.6,87.4,0.0
module_3,45.0,13.32,86.68,0.0
module_3,45.0,12.41,87.59,0.0
module_3,45.0,11.7,88.3,0.0
module_3,45.0,11.42,88.58,0.0
module_3,45.0,11.4,88.6,0.0
module_3,45.0,12.16,87.84,0.0
module_3,45.0,11.07,88.93,0.0
module_3,45.0,10.74,89.26,0.0
module_3,45.0,10.22,89.78,0.0
module_3,45.0,10.22,87.81,1.97
module_3,45.0,10.52,86.41,3.07
module_3,45.0,10.58,89.42,0.0
module_3,45.0,9.81,90.19,0.0
module_3,45.0,9.7,83.78,6.52
module_3,45.0,9.86,84.36,5.78
module_3,45.0,9.92,80.38,9.7
module_3,45.0,11.15,88.85,0.0
module_3,45.0,9.64,62.55,27.81
module_3,45.0,9.64,58.63,31.73
module_3,45.0,9.62,50.36,40.03
module_3,45.0,9.75,72.6,17.64
module_3,45.0,22.77,77.23,0.0
module_3,45.0,22.0,78.0,0.0
module_3,45.0,20.27,79.73,0.0
module_3,45.0,18.44,81.56,0.0
module_3,45.0,16.77,83.23,0.0
module_3,45.0,15.92,84.08,0.0
module_3,45.0,15.81,84.19,0.0
module_3,45.0,23.53,76.47,0.0
module_3,45.0,21.32,78.68,0.0
module_3,45.0,20.9,79.1,0.0
module_3,45.0,19.42,80.58,0.0
module_3,45.0,17.12,82.88,0.0
module_3,45.0,15.34,84.66,0.0
module_3,45.0,13.89,86.11,0.0
module_3,45.0,13.12,86.88,0.0
module_3,45.0,14.38,85.62,0.0
module_3,45.0,20.49,79.51,0.0
module_3,45.0,19.84,80.16,0.0
module_3,45.0,18.08,81.92,0.0
module_3,45.0,15.84,84.16,0.0
module_3,45.0,13.7,86.3,0.0
module_3,45.0,11.4,88.6,0.0
module_3,45.0,10.27,89.73,0.0
module_3,45.0,10.14,89.86,0.0
module_3,45.0,20.08,79.92,0.0
module_3,45.0,19.15,80.85,0.0
module_3,45.0,17.18,82.82,0.0
module_3,45.0,15.12,84.88,0.0
module_3,45.0,12.25,87.75,0.0
module_3,45.0,10.55,89.45,0.0
module_3,45.0,9.78,88.05,2.16
module_3,45.0,9.62,56.66,33.73
module_3,45.0,19.7,80.3,0.0
module_3,45.0,19.32,80.68,0.0
module_3,45.0,17.12,82.88,0.0
module_3,45.0,14.9,85.1,0.0
module_3,45.0,12.05,87.95,0.0
module_3,45.0,10.47,87.97,1.56
module_3,45.0,9.78,78.9,11.32
module_3,45.0,9.62,48.6,41.78
module_3,45.0,20.14,79.86,0.0
module_3,45.0,19.29,80.71,0.0
module_3,45.0,17.32,82.68,0.0
module_3,45.0,15.34,84.66,0.0
module_3,45.0,12.99,84.93,2.08
module_3,45.0,10.82,84.16,5.01
module_3,45.0,10.11,77.23,12.66
module_3,45.0,9.7,65.56,24.74
module_3,45.0,20.38,79.62,0.0
module_3,45.0,19.95,80.05,0.0
module_3,45.0,18.08,81.92,0.0
module_3,45.0,15.95,82.96,1.1
module_3,45.0,14.6,81.75,3.64
module_3,45.0,12.85,79.92,7.23
module_3,45.0,11.1,77.12,11.78
module_3,45.0,13.15,74.71,12.14
module_3,45.0,21.21,78.79,0.0
module_3,45.0,21.01,78.99,0.0
module_3,45.0,18.93,80.66,0.41
module_3,45.0,16.88,80.77,2.36
module_3,45.0,15.34,80.49,4.16
module_3,45.0,14.6,77.07,8.33
module_3,45.0,15.29,76.08,8.63
module_3,45.0,20.88,74.85,4.27
module_3,45.0,9.64,50.6,39.75
module_3,45.0,9.64,49.4,40.96
module_3,45.0,9.62,44.9,45.48
module_3,45.0,9.62,43.56,46.82
module_3,45.0,9.62,39.62,50.77
module_3,45.0,9.7,48.22,42.08
module_3,45.0,9.78,80.16,10.05
module_3,45.0,9.73,74.49,15.78
module_3,45.0,9.7,65.37,24.93
module_3,45.0,9.7,60.71,29.59
module_3,45.0,9.7,59.53,30.77
module_3,45.0,10.71,86.33,2.96
module_3,45.0,10.08,89.84,0.08
module_3,45.0,10.08,87.97,1.95
module_3,45.0,9.97,83.56,6.47
module_3,45.0,9.89,79.75,10.36
module_3,45.0,9.95,79.04,11.01
module_3,45.0,10.14,80.52,9.34
module_3,45.0,10.52,89.48,0.0
module_3,45.0,10.47,89.53,0.0
module_3,45.0,10.22,88.71,1.07
module_3,45.0,10.14,86.96,2.9
module_3,45.0,10.14,85.48,4.38
module_3,45.0,10.0,81.89,8.11
module_3,45.0,11.15,88.85,0.0
module_3,45.0,11.01,88.99,0.0
module_3,45.0,10.71,89.29,0.0
module_3,45.0,10.58,89.1,0.33
module_3,45.0,10.49,87.81,1.7
module_3,45.0,10.11,86.88,3.01
module_3,45.0,12.47,87.53,0.0
module_3,45.0,11.81,88.19,0.0
module_3,45.0,11.34,88.66,0.0
module_3,45.0,11.1,88.9,0.0
module_3,45.0,10.85,89.15,0.0
module_3,45.0,10.47,87.92,1.62
module_3,45.0,13.89,86.11,0.0
module_3,45.0,12.79,87.21,0.0
module_3,45.0,12.03,87.97,0.0
module_3,45.0,11.56,88.44,0.0
module_3,45.0,11.42,88.58,0.0
module_3,45.0,11.15,88.68,0.16
module_3,45.0,16.0,84.0,0.0
module_3,45.0,19.62,80.38,0.0
module_3,45.0,23.51,76.49,0.0
module_3,45.0,27.89,72.11,0.0
module_3,45.0,35.1,64.9,0.0
module_3,45.0,42.19,57.81,0.0
module_3,45.0,46.16,53.84,0.0
module_3,45.0,51.01,48.99,0.0
module_3,45.0,10.33,79.92,9.75
module_3,45.0,9.81,80.6,9.59
module_3,45.0,9.7,75.64,14.66
module_3,45.0,9.7,72.93,17.37
module_3,45.0,9.7,69.53,20.77
module_3,45.0,10.14,87.1,2.77
module_3,45.0,12.79,86.82,0.38
module_3,45.0,11.89,88.11,0.0
module_3,45.0,11.45,88.55,0.0
module_3,45.0,11.56,88.44,0.0
module_3,45.0,37.45,62.55,0.0
module_3,45.0,34.14,65.86,0.0
module_3,45.0,33.86,66.14,0.0
module_3,45.0,31.1,68.9,0.0
module_3,45.0,28.0,72.0,0.0
module_3,45.0,28.96,71.04,0.0
module_3,45.0,24.99,75.01,0.0
module_3,45.0,22.16,77.84,0.0
module_3,45.0,23.34,76.66,0.0
module_3,45.0,22.03,77.97,0.0
module_3,45.0,19.04,80.96,0.0
module_3,45.0,20.22,79.78,0.0
module_3,45.0,32.55,67.45,0.0
module_3,45.0,25.75,74.25,0.0
module_3,45.0,27.95,72.05,0.0
module_3,90.0,27.97,72.03,0.0
module_3,90.0,19.81,80.19,0.0
module_3,90.0,9.7,67.89,22.41
module_3,90.0,9.62,30.36,60.03
module_3,90.0,9.62,30.74,59.64
module_3,90.0,10.47,64.0,25.53
module_3,90.0,20.9,76.99,2.11
module_3,90.0,26.16,73.84,0.0
module_3,90.0,16.58,83.42,0.0
module_3,90.0,11.4,88.6,0.0
module_3,90.0,9.89,78.55,11.56
module_3,90.0,9.7,57.97,32.33
module_3,90.0,9.7,53.18,37.12
module_3,90.0,10.14,59.7,30.16
module_3,90.0,12.16,72.22,15.62
module_3,90.0,16.19,77.42,6.38
module_3,90.0,14.93,85.07,0.0
module_3,90.0,11.75,88.25,0.0
module_3,90.0,10.47,83.42,6.11
module_3,90.0,10.14,72.33,17.53
module_3,90.0,10.16,66.99,22.85
module_3,90.0,10.52,67.07,22.41
module_3,90.0,12.03,73.01,14.96
module_3,90.0,14.11,77.26,8.63
module_3,90.0,15.34,84.66,0.0
module_3,90.0,13.4,86.38,0.22
module_3,90.0,11.64,83.45,4.9
module_3,90.0,11.1,77.34,11.56
module_3,90.0,11.15,73.73,15.12
module_3,90.0,11.78,70.96,17.26
module_3,90.0,13.21,75.26,11.53
module_3,90.0,14.38,78.82,6.79
module_3,90.0,16.68,83.32,0.0
module_3,90.0,15.15,84.63,0.22
module_3,90.0,14.0,82.19,3.81
module_3,90.0,13.15,79.37,7.48
module_3,90.0,13.1,76.79,10.11
module_3,90.0,13.84,74.6,11.56
module_3,90.0,14.79,77.48,7.73
module_3,90.0,15.67,79.34,4.99
module_3,90.0,18.33,81.67,0.0
module_3,90.0,17.12,82.82,0.05
module_3,90.0,16.11,81.67,2.22
module_3,90.0,15.32,79.59,5.1
module_3,90.0,15.23,77.1,7.67
module_3,90.0,15.73,76.55,7.73
module_3,90.0,16.41,78.66,4.93
module_3,90.0,17.04,79.67,3.29
module_3,90.0,19.89,80.11,0.0
module_3,90.0,18.79,81.21,0.0
module_3,90.0,17.89,80.41,1.7
module_3,90.0,17.45,79.48,3.07
module_3,90.0,17.1,78.68,4.22
module_3,90.0,17.4,78.52,4.08
module_3,90.0,18.14,79.37,2.49
module_3,90.0,18.63,78.93,2.44
module_3,90.0,20.71,79.29,0.0
module_3,90.0,20.0,80.0,0.0
module_3,90.0,18.93,79.73,1.34
module_3,90.0,18.47,78.9,2.63
module_3,90.0,18.38,78.38,3.23
module_3,90.0,18.44,78.33,3.23
module_3,90.0,19.21,78.63,2.16
module_3,90.0,19.73,78.55,1.73
module_3,90.0,9.62,35.84,54.55
module_3,90.0,9.62,30.38,60.0
module_3,90.0,9.62,28.36,62.03
module_3,90.0,9.62,27.92,62.47
module_3,90.0,9.62,27.84,62.55
module_3,90.0,9.62,28.63,61.75
module_3,90.0,9.7,54.85,35.45
module_3,90.0,9.7,46.49,43.81
module_3,90.0,9.7,40.6,49.7
module_3,90.0,9.7,38.08,52.22
module_3,90.0,9.7,36.79,53.51
module_3,90.0,9.7,34.0,56.3
module_3,90.0,9.97,68.03,22.0
module_3,90.0,9.86,60.77,29.37
module_3,90.0,9.78,54.99,35.23
module_3,90.0,9.75,50.47,39.78
module_3,90.0,9.7,46.14,44.16
module_3,90.0,9.7,36.08,54.22
module_3,90.0,10.25,74.93,14.82
module_3,90.0,10.11,70.03,19.86
module_3,90.0,10.08,65.34,24.58
module_3,90.0,9.97,61.04,28.99
module_3,90.0,9.78,55.45,34.77
module_3,90.0,9.7,40.55,49.75
module_3,90.0,10.68,79.92,9.4
module_3,90.0,10.47,75.59,13.95
module_3,90.0,10.27,71.97,17.75
module_3,90.0,10.14,68.38,21.48
module_3,90.0,10.0,63.97,26.03
module_3,90.0,9.7,51.26,39.04
module_3,90.0,11.29,83.95,4.77
module_3,90.0,10.96,79.81,9.23
module_3,90.0,10.68,76.41,12.9
module_3,90.0,10.47,73.45,16.08
module_3,90.0,10.19,70.36,19.45
module_3,90.0,9.95,66.03,24.03
module_3,90.0,12.3,84.66,3.04
module_3,90.0,11.45,82.25,6.3
module_3,90.0,11.01,79.12,9.86
module_3,90.0,10.82,76.55,12.63
module_3,90.0,10.66,74.79,14.55
module_3,90.0,10.49,73.95,15.56
module_3,90.0,13.75,84.27,1.97
module_3,90.0,16.36,83.04,0.6
module_3,90.0,19.81,80.11,0.08
module_3,90.0,24.05,75.95,0.0
module_3,90.0,28.74,71.26,0.0
module_3,90.0,35.21,64.79,0.0
module_3,90.0,39.89,60.11,0.0
module_3,90.0,43.95,56.05,0.0
module_3,90.0,9.62,25.18,65.21
module_3,90.0,9.62,40.66,49.73
module_3,90.0,9.7,48.3,42.0
module_3,90.0,9.89,69.37,20.74
module_3,90.0,9.62,23.86,66.52
module_3,90.0,9.62,26.9,63.48
module_3,90.0,9.62,23.56,66.82
module_3,90.0,10.11,77.26,12.63
module_3,90.0,10.49,82.11,7.4
module_3,90.0,11.42,86.33,2.25
module_3,90.0,12.41,86.44,1.15
module_3,90.0,10.93,85.01,4.05
module_3,90.0,13.48,86.14,0.38
module_3,90.0,9.62,23.45,66.93
module_3,90.0,9.62,23.18,67.21
module_3,90.0,9.62,23.73,66.66
module_3,90.0,9.62,22.96,67.42
module_3,90.0,9.62,23.32,67.07
module_3,90.0,9.7,33.07,57.23
module_3,90.0,9.7,34.58,55.73
module_3,90.0,9.62,29.92,60.47
module_3,90.0,9.62,32.58,57.81
module_3,90.0,9.62,39.73,50.66
module_3,90.0,9.95,66.74,23.32
module_3,90.0,10.99,74.05,14.96
module_3,90.0,15.42,84.58,0.0
module_3,90.0,16.41,83.59,0.0
module_3,90.0,21.12,78.88,0.0
module_3,90.0,18.79,80.11,1.1
module_3,90.0,23.12,76.88,0.0
module_3,90.0,21.64,78.08,0.27
module_3,90.0,13.97,83.48,2.55
module_3,90.0,29.42,70.58,0.0
module_3,90.0,38.55,61.45,0.0
module_3,90.0,40.47,59.53,0.0
module_3,90.0,33.53,66.47,0.0
module_3,90.0,39.51,60.49,0.0
module_3,90.0,41.01,58.99,0.0
module_3,90.0,26.58,73.42,0.0
module_3,90.0,11.1,79.89,9.01
module_3,90.0,10.96,78.33,10.71
module_3,90.0,12.25,83.84,3.92
module_3,90.0,10.96,77.4,11.64
module_3,90.0,10.9,75.75,13.34
module_3,90.0,10.96,75.07,13.97
module_3,90.0,11.18,75.48,13.34
module_3,90.0,11.75,77.37,10.88
module_3,90.0,38.52,61.48,0.0
module_3,90.0,41.92,58.08,0.0
module_3,90.0,49.7,50.3,0.0
module_3,90.0,47.62,52.38,0.0
module_3,90.0,43.21,56.79,0.0
module_3,90.0,48.6,51.4,0.0
module_3,90.0,25.48,74.52,0.0
module_3,90.0,30.96,69.04,0.0
module_3,90.0,36.66,63.34,0.0
module_3,90.0,46.58,53.42,0.0
module_3,90.0,40.93,59.07,0.0
module_3,90.0,17.81,80.44,1.75
module_3,90.0,32.52,67.48,0.0
module_3,90.0,14.38,85.18,0.44
module_3,90.0,57.73,42.27,0.0
module_3,90.0,45.84,54.16,0.0
module_3,90.0,40.93,59.07,0.0
module_3,90.0,43.53,56.47,0.0
module_3,90.0,92.3,7.7,0.0
module_3,90.0,52.14,47.86,0.0
module_3,90.0,40.88,59.12,0.0
module_3,90.0,34.77,65.23,0.0
module_3,90.0,34.36,65.64,0.0
module_3,90.0,72.05,27.95,0.0
module_3,90.0,49.34,50.66,0.0
module_3,90.0,42.66,57.34,0.0
module_3,90.0,34.38,65.62,0.0
module_3,90.0,33.64,66.36,0.0
module_3,90.0,74.77,25.23,0.0
module_3,90.0,15.56,84.44,0.0
module_3,90.0,14.22,85.78,0.0
module_3,90.0,12.44,87.56,0.0
module_3,90.0,11.37,88.63,0.0
module_3,90.0,16.03,83.97,0.0
module_3,90.0,14.96,85.04,0.0
module_3,90.0,13.92,86.08,0.0
module_3,90.0,11.86,88.14,0.0
module_3,90.0,10.74,89.26,0.0
module_3,90.0,10.0,90.0,0.0
module_3,90.0,15.12,84.88,0.0
module_3,90.0,13.92,86.08,0.0
module_3,90.0,11.89,88.11,0.0
module_3,90.0,10.71,89.29,0.0
module_3,90.0,12.47,87.53,0.0
module_3,90.0,15.95,84.05,0.0
module_3,90.0,14.82,85.18,0.0
module_3,90.0,12.52,87.48,0.0
module_3,90.0,10.66,89.34,0.0
module_3,90.0,9.78,90.19,0.03
module_3,90.0,17.48,82.52,0.0
module_3,90.0,16.19,83.81,0.0
module_3,90.0,15.04,84.96,0.0
module_3,90.0,14.11,85.89,0.0
module_3,90.0,25.32,74.68,0.0
module_3,90.0,24.27,75.73,0.0
module_3,90.0,17.15,82.85,0.0
module_3,90.0,10.14,89.81,0.05
module_3,90.0,9.62,44.52,45.86
module_3,90.0,9.62,36.55,53.84
module_3,90.0,9.7,47.23,43.07
module_3,90.0,12.9,71.95,15.15
module_3,90.0,20.05,76.93,3.01
module_3,90.0,16.55,83.45,0.0
module_3,90.0,12.68,87.32,0.0
module_3,90.0,10.22,87.1,2.68
module_3,90.0,9.78,69.01,21.21
module_3,90.0,9.75,59.51,30.74
module_3,90.0,10.0,59.42,30.58
module_3,90.0,11.1,67.97,20.93
module_3,90.0,14.16,76.16,9.67
module_3,90.0,15.42,84.58,0.0
module_3,90.0,13.21,86.79,0.0
module_3,90.0,11.07,85.64,3.29
module_3,90.0,10.44,77.34,12.22
module_3,90.0,10.33,70.74,18.93
module_3,90.0,10.63,67.64,21.73
module_3,90.0,11.7,71.29,17.01
module_3,90.0,13.59,76.44,9.97
module_3,90.0,16.08,83.92,0.0
module_3,90.0,14.85,85.15,0.0
module_3,90.0,12.77,84.66,2.58
module_3,90.0,11.7,80.6,7.7
module_3,90.0,11.53,75.4,13.07
module_3,90.0,12.05,73.48,14.47
module_3,90.0,13.29,75.62,11.1
module_3,90.0,14.47,78.11,7.42
module_3,90.0,17.42,82.58,0.0
module_3,90.0,16.27,83.73,0.0
module_3,90.0,14.85,83.1,2.05
module_3,90.0,14.08,80.22,5.7
module_3,90.0,13.86,77.42,8.71
module_3,90.0,14.22,75.12,10.66
module_3,90.0,15.15,77.12,7.73
module_3,90.0,15.86,79.59,4.55
module_3,90.0,18.93,81.07,0.0
module_3,90.0,18.14,81.86,0.0
module_3,90.0,16.96,81.51,1.53
module_3,90.0,16.22,80.47,3.32
module_3,90.0,16.05,77.53,6.41
module_3,90.0,16.19,76.96,6.85
module_3,90.0,16.71,78.52,4.77
module_3,90.0,17.4,79.4,3.21
module_3,90.0,20.63,79.37,0.0
module_3,90.0,19.53,80.47,0.0
module_3,90.0,18.74,80.38,0.88
module_3,90.0,18.08,79.48,2.44
module_3,90.0,17.7,78.9,3.4
module_3,90.0,17.67,78.49,3.84
module_3,90.0,18.33,78.82,2.85
module_3,90.0,19.26,78.55,2.19
module_3,90.0,20.82,79.18,0.0
module_3,90.0,20.05,79.95,0.0
module_3,90.0,19.04,80.14,0.82
module_3,90.0,18.71,79.04,2.25
module_3,90.0,18.27,78.79,2.93
module_3,90.0,18.22,78.25,3.53
module_3,90.0,18.93,78.36,2.71
module_3,90.0,19.59,78.55,1.86
module_3,90.0,9.7,45.53,44.77
module_3,90.0,9.64,37.18,53.18
module_3,90.0,9.62,32.77,57.62
module_3,90.0,9.62,30.74,59.64
module_3,90.0,9.62,30.16,60.22
module_3,90.0,9.64,30.44,59.92
module_3,90.0,9.84,63.7,26.47
module_3,90.0,9.7,54.11,36.19
module_3,90.0,9.7,47.32,42.99
module_3,90.0,9.7,42.77,47.53
module_3,90.0,9.7,40.36,49.95
module_3,90.0,9.7,36.71,53.59
module_3,90.0,10.11,72.47,17.42
module_3,90.0,10.0,66.11,23.89
module_3,90.0,9.89,60.88,29.23
module_3,90.0,9.81,55.56,34.63
module_3,90.0,9.78,50.85,39.37
module_3,90.0,9.7,42.19,48.11
module_3,90.0,10.49,78.74,10.77
module_3,90.0,10.22,73.34,16.44
module_3,90.0,10.14,69.01,20.85
module_3,90.0,10.11,65.04,24.85
module_3,90.0,9.95,60.9,29.15
module_3,90.0,9.7,49.75,40.55
module_3,90.0,10.99,83.56,5.45
module_3,90.0,10.68,78.74,10.58
module_3,90.0,10.47,74.47,15.07
module_3,90.0,10.27,71.12,18.6
module_3,90.0,10.14,67.67,22.19
module_3,90.0,9.86,61.89,28.25
module_3,90.0,11.81,84.96,3.23
module_3,90.0,11.23,81.75,7.01
module_3,90.0,10.93,78.82,10.25
module_3,90.0,10.68,75.64,13.67
module_3,90.0,10.44,73.1,16.47
module_3,90.0,10.14,70.74,19.12
module_3,90.0,12.79,84.99,2.22
module_3,90.0,12.08,83.86,4.05
module_3,90.0,11.18,80.49,8.33
module_3,90.0,10.96,77.92,11.12
module_3,90.0,10.82,76.03,13.15
module_3,90.0,10.74,75.04,14.22
module_3,90.0,14.63,84.47,0.9
module_3,90.0,17.37,82.58,0.05
module_3,90.0,20.55,79.45,0.0
module_3,90.0,24.82,75.18,0.0
module_3,90.0,29.73,70.27,0.0
module_3,90.0,35.73,64.27,0.0
module_3,90.0,39.53,60.47,0.0
module_3,90.0,42.79,57.21,0.0
module_3,90.0,9.73,61.84,28.44
module_3,90.0,9.95,69.89,20.16
module_3,90.0,9.62,25.01,65.37
module_3,90.0,9.62,24.16,66.22
module_3,90.0,10.16,77.34,12.49
module_3,90.0,10.55,82.55,6.9
module_3,90.0,11.89,85.64,2.47
module_3,90.0,12.85,86.14,1.01
module_3,90.0,11.04,84.96,4.0
module_3,90.0,9.62,23.92,66.47
module_3,90.0,9.62,23.1,67.29
module_3,90.0,9.62,23.78,66.6
module_3,90.0,9.7,33.81,56.49
module_3,90.0,9.62,30.52,59.86
module_3,90.0,9.62,29.67,60.71
module_3,90.0,9.62,32.47,57.92
module_3,90.0,9.62,36.16,54.22
module_3,90.0,9.7,54.27,36.03
module_3,90.0,11.01,75.04,13.95
module_3,90.0,17.26,82.74,0.0
module_3,90.0,19.67,80.33,0.0
module_3,90.0,24.3,75.7,0.0
module_3,90.0,27.1,72.9,0.0
module_3,90.0,38.74,61.26,0.0
module_3,90.0,40.6,59.4,0.0
module_3,90.0,32.25,67.75,0.0
module_3,90.0,11.18,81.23,7.59
module_3,90.0,10.9,75.97,13.12
module_3,90.0,10.9,74.88,14.22
module_3,90.0,59.67,40.33,0.0
module_3,90.0,47.4,52.6,0.0
module_3,90.0,39.89,60.11,0.0
module_3,90.0,36.03,63.97,0.0
module_3,90.0,54.33,45.67,0.0
module_3,90.0,50.77,49.23,0.0
module_3,90.0,43.1,56.9,0.0
module_3,90.0,36.11,63.89,0.0
module_3,90.0,32.82,67.18,0.0
module_3,90.0,46.33,53.67,0.0
module_3,90.0,53.62,46.38,0.0
module_3,90.0,44.55,55.45,0.0
module_3,90.0,38.38,61.62,0.0
module_3,90.0,36.27,63.73,0.0
module_3,90.0,54.49,45.51,0.0
module_3,90.0,15.4,84.6,0.0
module_3,90.0,14.63,85.37,0.0
module_3,90.0,12.85,87.15,0.0
module_3,90.0,11.4,88.6,0.0
module_3,90.0,10.68,89.32,0.0
module_3,90.0,15.07,84.93,0.0
module_3,90.0,14.41,85.59,0.0
module_3,90.0,12.52,87.48,0.0
module_3,90.0,11.01,88.99,0.0
module_3,90.0,10.38,89.62,0.0
module_3,90.0,15.34,84.66,0.0
module_3,90.0,14.77,85.23,0.0
module_3,90.0,12.68,87.32,0.0
module_3,90.0,10.88,89.12,0.0
module_3,90.0,10.16,89.84,0.0
module_3,90.0,16.38,83.62,0.0
module_3,90.0,15.42,84.58,0.0
module_3,90.0,14.05,85.95,0.0
module_3,90.0,11.67,88.33,0.0
module_3,90.0,10.16,89.84,0.0
module_3,90.0,17.92,82.08,0.0
module_3,90.0,17.29,82.71,0.0
module_3,90.0,16.05,83.95,0.0
module_3,90.0,15.42,84.58,0.0
module_3,90.0,23.81,76.19,0.0
module_3,135.0,12.68,85.42,1.89
module_3,135.0,12.33,87.29,0.38
module_3,135.0,12.33,87.67,0.0
module_3,135.0,12.79,87.21,0.0
module_3,135.0,13.29,86.71,0.0
module_3,135.0,11.62,83.56,4.82
module_3,135.0,11.53,86.9,1.56
module_3,135.0,11.1,88.58,0.33
module_3,135.0,11.32,88.68,0.0
module_3,135.0,11.86,88.14,0.0
module_3,135.0,10.6,80.44,8.96
module_3,135.0,10.22,82.99,6.79
module_3,135.0,10.11,86.74,3.15
module_3,135.0,10.25,89.75,0.0
module_3,135.0,10.9,89.1,0.0
module_3,135.0,10.14,74.3,15.56
module_3,135.0,9.75,72.41,17.84
module_3,135.0,9.81,80.05,10.14
module_3,135.0,9.75,84.41,5.84
module_3,135.0,10.08,89.92,0.0
module_3,135.0,10.19,71.37,18.44
module_3,135.0,9.62,42.3,48.08
module_3,135.0,9.7,64.85,25.45
module_3,135.0,9.62,43.34,47.04
module_3,135.0,10.85,89.15,0.0
module_3,135.0,19.01,79.04,1.95
module_3,135.0,18.6,78.44,2.96
module_3,135.0,16.88,78.3,4.82
module_3,135.0,15.81,76.9,7.29
module_3,135.0,14.93,78.58,6.49
module_3,135.0,14.08,80.71,5.21
module_3,135.0,15.78,83.56,0.66
module_3,135.0,25.97,74.03,0.0
module_3,135.0,18.63,79.23,2.14
module_3,135.0,17.67,79.67,2.66
module_3,135.0,16.25,78.41,5.34
module_3,135.0,14.77,75.4,9.84
module_3,135.0,12.71,73.75,13.53
module_3,135.0,11.37,76.11,12.52
module_3,135.0,12.49,82.77,4.74
module_3,135.0,21.32,78.68,0.0
module_3,135.0,17.67,80.03,2.3
module_3,135.0,16.88,80.22,2.9
module_3,135.0,15.34,78.99,5.67
module_3,135.0,13.26,75.37,11.37
module_3,135.0,11.29,68.99,19.73
module_3,135.0,10.55,69.18,20.27
module_3,135.0,10.14,68.0,21.86
module_3,135.0,10.55,82.3,7.15
module_3,135.0,16.9,80.6,2.49
module_3,135.0,16.05,80.41,3.53
module_3,135.0,14.74,78.96,6.3
module_3,135.0,12.63,76.08,11.29
module_3,135.0,11.12,66.96,21.92
module_3,135.0,10.14,57.59,32.27
module_3,135.0,9.7,45.07,45.23
module_3,135.0,9.62,22.66,67.73
module_3,135.0,17.1,80.05,2.85
module_3,135.0,16.16,80.41,3.42
module_3,135.0,14.68,79.37,5.95
module_3,135.0,12.66,76.66,10.68
module_3,135.0,11.01,65.97,23.01
module_3,135.0,10.11,55.07,34.82
module_3,135.0,9.7,36.3,54.0
module_3,135.0,9.62,19.95,70.44
module_3,135.0,17.45,79.92,2.63
module_3,135.0,16.71,80.33,2.96
module_3,135.0,15.07,79.23,5.7
module_3,135.0,13.04,77.81,9.15
module_3,135.0,11.34,69.51,19.15
module_3,135.0,10.33,59.29,30.38
module_3,135.0,9.89,47.86,42.25
module_3,135.0,9.7,34.41,55.89
module_3,135.0,18.16,79.48,2.36
module_3,135.0,17.07,80.0,2.93
module_3,135.0,15.7,79.45,4.85
module_3,135.0,14.03,78.49,7.48
module_3,135.0,12.47,75.97,11.56
module_3,135.0,11.32,72.38,16.3
module_3,135.0,11.07,68.36,20.58
module_3,135.0,18.93,79.01,2.05
module_3,135.0,18.96,78.88,2.16
module_3,135.0,17.81,79.51,2.68
module_3,135.0,16.52,79.97,3.51
module_3,135.0,15.07,79.53,5.4
module_3,135.0,14.11,78.77,7.12
module_3,135.0,13.67,77.97,8.36
module_3,135.0,15.78,78.58,5.64
module_3,135.0,23.01,76.99,0.0
module_3,135.0,9.7,29.86,60.44
module_3,135.0,9.62,24.79,65.59
module_3,135.0,9.62,22.66,67.73
module_3,135.0,9.62,21.7,68.68
module_3,135.0,9.62,21.56,68.82
module_3,135.0,9.62,20.19,70.19
module_3,135.0,9.7,38.63,51.67
module_3,135.0,9.7,35.89,54.41
module_3,135.0,9.7,31.34,58.96
module_3,135.0,9.7,29.45,60.85
module_3,135.0,9.7,27.97,62.33
module_3,135.0,9.7,24.77,65.53
module_3,135.0,10.0,49.45,40.55
module_3,135.0,9.95,45.42,44.63
module_3,135.0,9.89,40.68,49.42
module_3,135.0,9.78,37.53,52.68
module_3,135.0,9.75,34.22,56.03
module_3,135.0,9.7,27.15,63.15
module_3,135.0,10.19,56.71,33.1
module_3,135.0,10.14,54.03,35.84
module_3,135.0,10.11,49.78,40.11
module_3,135.0,10.05,45.86,44.08
module_3,135.0,9.89,41.51,48.6
module_3,135.0,9.7,30.3,60.0
module_3,135.0,10.52,63.89,25.59
module_3,135.0,10.44,61.89,27.67
module_3,135.0,10.33,57.32,32.36
module_3,135.0,10.22,54.0,35.78
module_3,135.0,10.11,49.01,40.88
module_3,135.0,9.7,40.66,49.64
module_3,135.0,11.1,71.01,17.89
module_3,135.0,10.99,69.48,19.53
module_3,135.0,10.68,64.77,24.55
module_3,135.0,10.44,60.11,29.45
module_3,135.0,10.16,53.59,36.25
module_3,135.0,10.11,51.53,38.36
module_3,135.0,12.33,80.03,7.64
module_3,135.0,11.53,77.56,10.9
module_3,135.0,11.04,69.1,19.86
module_3,135.0,10.85,65.29,23.86
module_3,135.0,10.49,59.78,29.73
module_3,135.0,10.66,60.82,28.52
module_3,135.0,13.78,82.05,4.16
module_3,135.0,16.16,81.48,2.36
module_3,135.0,19.42,78.99,1.59
module_3,135.0,22.49,76.93,0.58
module_3,135.0,26.05,73.78,0.16
module_3,135.0,30.05,69.95,0.0
module_3,135.0,33.32,66.68,0.0
module_3,135.0,35.78,64.19,0.03
module_3,135.0,9.62,18.38,72.0
module_3,135.0,9.62,30.47,59.92
module_3,135.0,9.7,45.01,45.29
module_3,135.0,9.7,35.32,54.99
module_3,135.0,9.89,51.73,38.38
module_3,135.0,9.62,17.51,72.88
module_3,135.0,9.62,19.23,71.15
module_3,135.0,9.62,18.05,72.33
module_3,135.0,9.92,51.53,38.55
module_3,135.0,9.62,17.26,73.12
module_3,135.0,10.14,58.08,31.78
module_3,135.0,10.36,64.16,25.48
module_3,135.0,11.18,73.7,15.12
module_3,135.0,12.0,77.73,10.27
module_3,135.0,10.77,69.26,19.97
module_3,135.0,10.44,64.6,24.96
module_3,135.0,10.96,69.95,19.1
module_3,135.0,12.47,79.12,8.41
module_3,135.0,11.56,75.53,12.9
module_3,135.0,12.99,81.21,5.81
module_3,135.0,10.14,57.97,31.89
module_3,135.0,9.62,17.12,73.26
module_3,135.0,9.62,16.96,73.42
module_3,135.0,9.62,17.42,72.96
module_3,135.0,9.62,17.29,73.1
module_3,135.0,9.62,17.7,72.68
module_3,135.0,9.62,16.6,73.78
module_3,135.0,9.62,16.9,73.48
module_3,135.0,9.7,23.62,66.68
module_3,135.0,9.62,17.37,73.01
module_3,135.0,9.62,16.85,73.53
module_3,135.0,9.7,28.88,61.42
module_3,135.0,9.62,23.15,67.23
module_3,135.0,9.62,25.12,65.26
module_3,135.0,9.62,31.12,59.26
module_3,135.0,9.92,48.68,41.4
module_3,135.0,10.99,66.96,22.05
module_3,135.0,14.58,81.75,3.67
module_3,135.0,16.3,81.56,2.14
module_3,135.0,15.51,81.56,2.93
module_3,135.0,19.45,79.32,1.23
module_3,135.0,17.29,80.71,2.0
module_3,135.0,20.9,78.36,0.74
module_3,135.0,17.97,80.3,1.73
module_3,135.0,20.14,78.66,1.21
module_3,135.0,22.05,77.32,0.63
module_3,135.0,13.21,82.0,4.79
module_3,135.0,24.05,75.59,0.36
module_3,135.0,31.18,68.74,0.08
module_3,135.0,33.59,66.33,0.08
module_3,135.0,27.92,71.84,0.25
module_3,135.0,26.66,73.07,0.27
module_3,135.0,33.01,66.9,0.08
module_3,135.0,30.74,69.18,0.08
module_3,135.0,31.01,68.71,0.27
module_3,135.0,34.49,65.4,0.11
module_3,135.0,23.34,76.19,0.47
module_3,135.0,23.53,76.05,0.41
module_3,135.0,11.04,68.99,19.97
module_3,135.0,10.88,66.11,23.01
module_3,135.0,11.95,79.75,8.3
module_3,135.0,10.88,65.81,23.32
module_3,135.0,10.71,63.26,26.03
module_3,135.0,10.85,62.55,26.6
module_3,135.0,11.12,70.05,18.82
module_3,135.0,11.56,78.16,10.27
module_3,135.0,31.12,68.88,0.0
module_3,135.0,35.4,64.6,0.0
module_3,135.0,39.48,60.52,0.0
module_3,135.0,39.01,60.99,0.0
module_3,135.0,35.04,64.85,0.11
module_3,135.0,40.85,59.15,0.0
module_3,135.0,22.79,76.85,0.36
module_3,135.0,26.3,73.7,0.0
module_3,135.0,34.11,65.89,0.0
module_3,135.0,37.01,62.99,0.0
module_3,135.0,29.97,70.03,0.0
module_3,135.0,16.38,80.96,2.66
module_3,135.0,27.4,72.55,0.05
module_3,135.0,13.73,81.81,4.47
module_3,135.0,44.55,55.45,0.0
module_3,135.0,39.01,60.99,0.0
module_3,135.0,36.3,63.59,0.11
module_3,135.0,22.58,77.42,0.0
module_3,135.0,85.75,14.25,0.0
module_3,135.0,50.41,49.59,0.0
module_3,135.0,88.74,11.26,0.0
module_3,135.0,89.12,10.88,0.0
module_3,135.0,87.18,12.82,0.0
module_3,135.0,86.68,13.32,0.0
module_3,135.0,92.22,7.78,0.0
module_3,135.0,96.27,3.73,0.0
module_3,135.0,92.6,7.4,0.0
module_3,135.0,95.64,4.36,0.0
module_3,135.0,99.64,0.36,0.0
module_3,135.0,13.23,84.93,1.84
module_3,135.0,12.68,86.93,0.38
module_3,135.0,12.55,87.45,0.0
module_3,135.0,12.36,87.64,0.0
module_3,135.0,13.26,86.74,0.0
module_3,135.0,12.3,84.05,3.64
module_3,135.0,11.29,85.42,3.29
module_3,135.0,11.48,88.08,0.44
module_3,135.0,11.59,88.41,0.0
module_3,135.0,12.14,87.86,0.0
module_3,135.0,11.04,81.4,7.56
module_3,135.0,10.6,83.62,5.78
module_3,135.0,10.44,87.4,2.16
module_3,135.0,10.49,89.48,0.03
module_3,135.0,10.52,89.48,0.0
module_3,135.0,10.44,76.68,12.88
module_3,135.0,9.97,76.55,13.48
module_3,135.0,9.7,72.9,17.4
module_3,135.0,9.86,85.23,4.9
module_3,135.0,10.08,89.92,0.0
module_3,135.0,13.45,75.89,10.66
module_3,135.0,9.7,61.32,28.99
module_3,135.0,9.7,58.71,31.59
module_3,135.0,9.64,57.37,32.99
module_3,135.0,9.78,89.92,0.3
module_3,135.0,19.04,79.1,1.86
module_3,135.0,18.55,79.15,2.3
module_3,135.0,17.23,79.1,3.67
module_3,135.0,15.95,76.99,7.07
module_3,135.0,14.71,77.4,7.89
module_3,135.0,14.71,80.3,4.99
module_3,135.0,15.75,83.15,1.1
module_3,135.0,20.71,79.29,0.0
module_3,135.0,18.3,79.45,2.25
module_3,135.0,17.59,79.75,2.66
module_3,135.0,16.3,79.42,4.27
module_3,135.0,14.88,76.16,8.96
module_3,135.0,14.0,75.12,10.88
module_3,135.0,12.52,76.08,11.4
module_3,135.0,11.1,77.78,11.12
module_3,135.0,13.4,85.56,1.04
module_3,135.0,17.32,80.27,2.41
module_3,135.0,17.04,80.3,2.66
module_3,135.0,15.75,79.59,4.66
module_3,135.0,14.14,77.07,8.79
module_3,135.0,12.38,70.82,16.79
module_3,135.0,10.58,67.01,22.41
module_3,135.0,10.03,61.92,28.05
module_3,135.0,9.7,54.85,35.45
module_3,135.0,17.07,80.3,2.63
module_3,135.0,16.55,80.55,2.9
module_3,135.0,15.42,79.23,5.34
module_3,135.0,13.51,77.45,9.04
module_3,135.0,11.37,68.63,20.0
module_3,135.0,10.3,61.92,27.78
module_3,135.0,9.78,46.22,44.0
module_3,135.0,9.62,26.16,64.22
module_3,135.0,16.93,80.16,2.9
module_3,135.0,16.33,80.55,3.12
module_3,135.0,15.23,79.56,5.21
module_3,135.0,13.32,77.97,8.71
module_3,135.0,11.45,69.67,18.88
module_3,135.0,10.33,60.14,29.53
module_3,135.0,9.78,45.15,45.07
module_3,135.0,9.62,25.12,65.26
module_3,135.0,17.15,80.08,2.77
module_3,135.0,17.04,80.08,2.88
module_3,135.0,15.75,80.0,4.25
module_3,135.0,13.86,79.04,7.1
module_3,135.0,12.16,75.04,12.79
module_3,135.0,10.82,66.79,22.38
module_3,135.0,10.14,57.75,32.11
module_3,135.0,10.08,55.12,34.79
module_3,135.0,18.03,79.62,2.36
module_3,135.0,17.7,79.7,2.6
module_3,135.0,16.44,80.0,3.56
module_3,135.0,15.21,79.15,5.64
module_3,135.0,13.4,78.6,8.0
module_3,135.0,12.27,75.1,12.63
module_3,135.0,11.73,74.47,13.81
module_3,135.0,12.79,73.23,13.97
module_3,135.0,19.1,78.63,2.27
module_3,135.0,18.79,78.77,2.44
module_3,135.0,17.42,79.45,3.12
module_3,135.0,15.86,79.92,4.22
module_3,135.0,14.52,79.56,5.92
module_3,135.0,14.22,79.07,6.71
module_3,135.0,14.16,77.1,8.74
module_3,135.0,18.14,79.04,2.82
module_3,135.0,9.64,27.56,62.79
module_3,135.0,9.62,22.82,67.56
module_3,135.0,9.62,20.71,69.67
module_3,135.0,9.62,20.03,70.36
module_3,135.0,9.62,19.56,70.82
module_3,135.0,9.64,21.81,68.55
module_3,135.0,9.78,45.18,45.04
module_3,135.0,9.7,33.92,56.38
module_3,135.0,9.7,29.15,61.15
module_3,135.0,9.7,27.01,63.29
module_3,135.0,9.7,25.81,64.49
module_3,135.0,9.7,26.77,63.53
module_3,135.0,10.11,54.33,35.56
module_3,135.0,9.89,44.38,45.73
module_3,135.0,9.78,39.53,50.68
module_3,135.0,9.78,35.89,54.33
module_3,135.0,9.7,32.79,57.51
module_3,135.0,9.7,30.99,59.32
module_3,135.0,10.41,61.89,27.7
module_3,135.0,10.14,53.26,36.6
module_3,135.0,10.08,48.36,41.56
module_3,135.0,10.0,44.0,46.0
module_3,135.0,9.89,40.88,49.23
module_3,135.0,9.7,36.47,53.84
module_3,135.0,10.9,67.7,21.4
module_3,135.0,10.44,60.9,28.66
module_3,135.0,10.27,55.45,34.27
module_3,135.0,10.14,52.66,37.21
module_3,135.0,10.11,47.67,42.22
module_3,135.0,9.78,40.99,49.23
module_3,135.0,11.4,74.08,14.52
module_3,135.0,10.96,68.19,20.85
module_3,135.0,10.58,64.25,25.18
module_3,135.0,10.44,59.75,29.81
module_3,135.0,10.38,57.32,32.3
module_3,135.0,10.08,50.58,39.34
module_3,135.0,12.16,78.52,9.32
module_3,135.0,11.53,76.58,11.89
module_3,135.0,11.04,70.36,18.6
module_3,135.0,10.82,65.73,23.45
module_3,135.0,10.71,63.34,25.95
module_3,135.0,10.44,58.3,31.26
module_3,135.0,13.34,81.95,4.71
module_3,135.0,15.42,81.73,2.85
module_3,135.0,18.27,80.0,1.73
module_3,135.0,20.93,78.03,1.04
module_3,135.0,23.62,75.92,0.47
module_3,135.0,27.75,71.97,0.27
module_3,135.0,31.56,68.44,0.0
module_3,135.0,33.78,66.19,0.03
module_3,135.0,9.7,25.48,64.82
module_3,135.0,9.62,24.33,66.05
module_3,135.0,9.62,23.18,67.21
module_3,135.0,9.62,25.07,65.32
module_3,135.0,9.62,28.52,61.86
module_3,135.0,9.7,39.48,50.82
module_3,135.0,11.01,66.36,22.63
module_3,135.0,11.04,70.3,18.66
module_3,135.0,10.77,63.97,25.26
module_3,135.0,10.71,62.22,27.07
module_3,135.0,34.71,65.29,0.0
module_3,135.0,27.4,72.6,0.0
module_3,135.0,43.26,56.74,0.0
module_3,135.0,24.44,75.56,0.0
module_3,135.0,22.33,77.67,0.0
module_3,135.0,55.84,44.16,0.0
module_3,135.0,36.88,63.12,0.0
module_3,135.0,90.44,9.56,0.0
module_3,135.0,91.89,8.11,0.0
module_3,135.0,81.86,18.14,0.0
module_3,135.0,91.32,8.68,0.0
module_3,135.0,96.08,3.92,0.0
module_3,135.0,94.47,5.53,0.0
module_3,135.0,96.03,3.97,0.0
module_3,135.0,98.38,1.62,0.0
module_3,180.0,20.55,76.88,2.58
module_3,180.0,15.29,77.42,7.29
module_3,180.0,14.47,78.27,7.26
module_3,180.0,15.21,79.64,5.15
module_3,180.0,16.03,80.41,3.56
module_3,180.0,16.99,80.77,2.25
module_3,180.0,17.92,80.25,1.84
module_3,180.0,18.6,79.84,1.56
module_3,180.0,15.37,76.19,8.44
module_3,180.0,12.22,73.12,14.66
module_3,180.0,12.93,74.16,12.9
module_3,180.0,14.08,79.01,6.9
module_3,180.0,15.34,79.84,4.82
module_3,180.0,16.55,80.3,3.15
module_3,180.0,17.37,80.63,2.0
module_3,180.0,17.59,80.38,2.03
module_3,180.0,10.11,61.32,28.58
module_3,180.0,10.16,60.52,29.32
module_3,180.0,11.04,68.0,20.96
module_3,180.0,12.68,75.56,11.75
module_3,180.0,14.47,79.01,6.52
module_3,180.0,15.97,80.11,3.92
module_3,180.0,17.01,80.47,2.52
module_3,180.0,17.12,80.49,2.38
module_3,180.0,9.62,22.79,67.59
module_3,180.0,9.78,43.78,46.44
module_3,180.0,10.41,60.41,29.18
module_3,180.0,11.62,72.11,16.27
module_3,180.0,13.67,78.74,7.59
module_3,180.0,15.53,79.81,4.66
module_3,180.0,16.47,80.55,2.99
module_3,180.0,16.99,80.3,2.71
module_3,180.0,9.62,18.96,71.42
module_3,180.0,9.78,39.84,50.38
module_3,180.0,10.27,58.33,31.4
module_3,180.0,11.48,71.67,16.85
module_3,180.0,13.32,78.25,8.44
module_3,180.0,15.34,79.81,4.85
module_3,180.0,16.38,80.44,3.18
module_3,180.0,16.82,80.38,2.79
module_3,180.0,9.7,40.44,49.86
module_3,180.0,10.0,50.55,39.45
module_3,180.0,10.55,62.93,26.52
module_3,180.0,11.89,74.14,13.97
module_3,180.0,13.53,78.96,7.51
module_3,180.0,15.45,79.81,4.74
module_3,180.0,16.71,80.27,3.01
module_3,180.0,17.04,80.25,2.71
module_3,180.0,12.49,75.15,12.36
module_3,180.0,11.01,68.22,20.77
module_3,180.0,11.53,71.51,16.96
module_3,180.0,12.79,77.84,9.37
module_3,180.0,14.27,79.56,6.16
module_3,180.0,15.62,80.44,3.95
module_3,180.0,17.04,80.22,2.74
module_3,180.0,17.64,79.86,2.49
module_3,180.0,18.55,77.97,3.48
module_3,180.0,13.56,74.58,11.86
module_3,180.0,13.1,77.75,9.15
module_3,180.0,13.67,79.59,6.74
module_3,180.0,14.9,80.38,4.71
module_3,180.0,15.92,81.07,3.01
module_3,180.0,17.95,79.62,2.44
module_3,180.0,18.33,79.32,2.36
module_3,180.0,9.64,20.68,69.67
module_3,180.0,9.7,20.36,69.95
module_3,180.0,9.7,19.97,70.33
module_3,180.0,9.7,21.37,68.93
module_3,180.0,9.7,26.99,63.32
module_3,180.0,10.11,39.37,50.52
module_3,180.0,10.74,61.89,27.37
module_3,180.0,9.62,18.11,72.27
module_3,180.0,9.7,20.52,69.78
module_3,180.0,9.75,23.01,67.23
module_3,180.0,9.89,28.05,62.05
module_3,180.0,10.11,31.86,58.03
module_3,180.0,10.33,42.66,47.01
module_3,180.0,10.68,60.14,29.18
module_3,180.0,9.62,17.51,72.88
module_3,180.0,9.7,20.68,69.62
module_3,180.0,9.78,25.86,64.36
module_3,180.0,10.08,30.88,59.04
module_3,180.0,10.27,38.14,51.59
module_3,180.0,10.47,50.93,38.6
module_3,180.0,10.9,65.1,24.0
module_3,180.0,9.62,17.15,73.23
module_3,180.0,9.7,21.51,68.79
module_3,180.0,9.89,28.82,61.29
module_3,180.0,10.11,36.19,53.7
module_3,180.0,10.38,47.4,42.22
module_3,180.0,10.71,61.62,27.67
module_3,180.0,11.01,69.73,19.26
module_3,180.0,9.62,17.42,72.96
module_3,180.0,9.7,24.49,65.81
module_3,180.0,9.97,31.84,58.19
module_3,180.0,10.14,42.63,47.23
module_3,180.0,10.49,56.03,33.48
module_3,180.0,11.01,69.42,19.56
module_3,180.0,11.51,77.15,11.34
module_3,180.0,9.7,19.59,70.71
module_3,180.0,9.78,29.26,60.96
module_3,180.0,10.08,38.79,51.12
module_3,180.0,10.33,50.47,39.21
module_3,180.0,10.74,63.84,25.42
module_3,180.0,11.21,76.0,12.79
module_3,180.0,12.22,80.14,7.64
module_3,180.0,13.45,82.05,4.49
module_3,180.0,15.73,81.51,2.77
module_3,180.0,18.38,79.86,1.75
module_3,180.0,21.15,78.14,0.71
module_3,180.0,23.86,76.03,0.11
module_3,180.0,26.82,73.18,0.0
module_3,180.0,29.64,70.36,0.0
module_3,180.0,32.11,67.89,0.0
module_3,180.0,9.7,27.18,63.12
module_3,180.0,9.62,14.68,75.7
module_3,180.0,9.62,15.48,74.9
module_3,180.0,9.7,27.12,63.18
module_3,180.0,9.62,18.63,71.75
module_3,180.0,9.62,19.37,71.01
module_3,180.0,9.62,21.64,68.74
module_3,180.0,9.62,14.6,75.78
module_3,180.0,9.62,14.74,75.64
module_3,180.0,9.62,14.79,75.59
module_3,180.0,9.62,14.66,75.73
module_3,180.0,9.62,14.99,75.4
module_3,180.0,9.62,15.01,75.37
module_3,180.0,9.62,14.99,75.4
module_3,180.0,11.01,66.68,22.3
module_3,180.0,9.92,37.75,52.33
module_3,180.0,11.78,79.45,8.77
module_3,180.0,11.26,73.01,15.73
module_3,180.0,10.93,66.03,23.04
module_3,180.0,10.77,63.51,25.73
module_3,180.0,10.79,63.97,25.23
module_3,180.0,10.93,66.77,22.3
module_3,180.0,11.01,71.15,17.84
module_3,180.0,16.0,81.37,2.63
module_3,180.0,21.51,78.33,0.16
module_3,180.0,11.86,79.42,8.71
module_3,180.0,23.51,76.49,0.0
module_3,180.0,26.85,73.15,0.0
module_3,180.0,32.41,67.59,0.0
module_3,180.0,33.15,66.85,0.0
module_3,180.0,28.9,71.1,0.0
module_3,180.0,34.96,65.04,0.0
module_3,180.0,10.93,67.32,21.75
module_3,180.0,9.62,14.6,75.78
module_3,180.0,9.92,35.42,54.66
module_3,180.0,10.14,44.88,44.99
module_3,180.0,9.7,23.26,67.04
module_3,180.0,12.99,81.97,5.04
module_3,180.0,11.45,77.04,11.51
module_3,180.0,12.33,80.49,7.18
module_3,180.0,10.93,68.63,20.44
module_3,180.0,10.44,56.49,33.07
module_3,180.0,9.62,15.15,75.23
module_3,180.0,12.74,81.7,5.56
module_3,180.0,13.4,82.47,4.14
module_3,180.0,13.92,82.49,3.59
module_3,180.0,9.62,20.33,70.05
module_3,180.0,18.96,79.81,1.23
module_3,180.0,17.21,80.79,2.0
module_3,180.0,21.81,77.92,0.27
module_3,180.0,27.56,72.44,0.0
module_3,180.0,31.37,68.63,0.0
module_3,180.0,22.3,77.18,0.52
module_3,180.0,32.82,67.18,0.0
module_3,180.0,19.95,78.96,1.1
module_3,180.0,24.63,75.37,0.0
module_3,180.0,15.32,82.11,2.58
module_3,180.0,25.04,74.82,0.14
module_3,180.0,29.48,70.49,0.03
module_3,180.0,29.64,70.33,0.03
module_3,180.0,31.21,68.79,0.0
module_3,180.0,27.21,72.74,0.05
module_3,180.0,29.73,70.25,0.03
module_3,180.0,31.4,68.6,0.0
module_3,180.0,16.74,80.66,2.6
module_3,180.0,34.44,65.56,0.0
module_3,180.0,30.27,69.73,0.0
module_3,180.0,35.84,63.51,0.66
module_3,180.0,18.82,81.18,0.0
module_3,180.0,17.78,79.89,2.33
module_3,180.0,19.21,73.59,7.21
module_3,180.0,19.81,80.08,0.11
module_3,180.0,18.47,77.59,3.95
module_3,180.0,19.62,72.68,7.7
module_3,180.0,23.37,75.21,1.42
module_3,180.0,22.25,72.99,4.77
module_3,180.0,23.42,70.93,5.64
module_3,180.0,28.03,70.47,1.51
module_3,180.0,25.95,69.62,4.44
module_3,180.0,27.45,68.66,3.89
module_3,180.0,9.73,77.97,12.3
module_3,180.0,9.62,32.99,57.4
module_3,180.0,9.64,42.79,47.56
module_3,180.0,9.62,36.22,54.16
module_3,180.0,13.15,75.12,11.73
module_3,180.0,9.95,77.73,12.33
module_3,180.0,9.7,60.14,30.16
module_3,180.0,9.7,54.85,35.45
module_3,180.0,9.78,54.79,35.42
module_3,180.0,10.3,62.58,27.12
module_3,180.0,10.41,82.6,6.99
module_3,180.0,10.16,72.96,16.88
module_3,180.0,10.14,67.62,22.25
module_3,180.0,10.3,65.37,24.33
module_3,180.0,10.63,66.3,23.07
module_3,180.0,11.23,83.67,5.1
module_3,180.0,10.96,77.73,11.32
module_3,180.0,10.96,74.0,15.04
module_3,180.0,11.15,70.77,18.08
module_3,180.0,11.42,72.47,16.11
module_3,180.0,12.38,83.59,4.03
module_3,180.0,11.95,80.33,7.73
module_3,180.0,11.81,77.84,10.36
module_3,180.0,11.95,74.41,13.64
module_3,180.0,12.44,75.62,11.95
module_3,180.0,22.77,77.23,0.0
module_3,180.0,15.26,75.53,9.21
module_3,180.0,14.14,75.4,10.47
module_3,180.0,14.47,79.45,6.08
module_3,180.0,15.62,80.0,4.38
module_3,180.0,16.55,80.88,2.58
module_3,180.0,17.45,80.66,1.89
module_3,180.0,18.19,80.11,1.7
module_3,180.0,17.04,79.15,3.81
module_3,180.0,11.23,69.42,19.34
module_3,180.0,11.67,70.71,17.62
module_3,180.0,13.1,76.38,10.52
module_3,180.0,14.49,79.29,6.22
module_3,180.0,15.92,79.89,4.19
module_3,180.0,16.93,80.68,2.38
module_3,180.0,17.51,80.49,2.0
module_3,180.0,9.7,39.53,50.77
module_3,180.0,9.89,49.37,40.74
module_3,180.0,10.44,60.6,28.96
module_3,180.0,11.53,72.22,16.25
module_3,180.0,13.56,77.81,8.63
module_3,180.0,15.29,79.73,4.99
module_3,180.0,16.47,80.41,3.12
module_3,180.0,17.04,80.44,2.52
module_3,180.0,9.62,16.19,74.19
module_3,180.0,9.7,33.84,56.47
module_3,180.0,10.11,52.9,36.99
module_3,180.0,11.01,68.27,20.71
module_3,180.0,12.79,77.07,10.14
module_3,180.0,14.71,79.7,5.59
module_3,180.0,16.03,80.55,3.42
module_3,180.0,16.9,80.25,2.85
module_3,180.0,9.62,16.36,74.03
module_3,180.0,9.7,34.96,55.34
module_3,180.0,10.14,53.48,36.38
module_3,180.0,11.07,68.22,20.71
module_3,180.0,12.85,77.62,9.53
module_3,180.0,14.55,79.89,5.56
module_3,180.0,16.05,80.47,3.48
module_3,180.0,16.85,80.22,2.93
module_3,180.0,10.44,67.1,22.47
module_3,180.0,10.11,56.14,33.75
module_3,180.0,10.44,63.48,26.08
module_3,180.0,11.59,73.18,15.23
module_3,180.0,13.1,78.11,8.79
module_3,180.0,14.93,79.78,5.29
module_3,180.0,16.19,80.58,3.23
module_3,180.0,17.12,80.16,2.71
module_3,180.0,19.23,79.04,1.73
module_3,180.0,11.92,71.34,16.74
module_3,180.0,11.86,71.21,16.93
module_3,180.0,12.82,77.64,9.53
module_3,180.0,14.11,79.56,6.33
module_3,180.0,15.34,80.33,4.33
module_3,180.0,16.74,80.19,3.07
module_3,180.0,17.62,79.97,2.41
module_3,180.0,23.23,76.77,0.0
module_3,180.0,15.29,76.36,8.36
module_3,180.0,13.53,77.21,9.26
module_3,180.0,13.95,79.78,6.27
module_3,180.0,14.71,80.36,4.93
module_3,180.0,15.64,81.26,3.1
module_3,180.0,17.4,80.11,2.49
module_3,180.0,18.36,79.34,2.3
module_3,180.0,9.62,18.08,72.3
module_3,180.0,9.7,20.82,69.48
module_3,180.0,9.7,20.77,69.53
module_3,180.0,9.7,22.38,67.92
module_3,180.0,9.78,27.45,62.77
module_3,180.0,10.08,34.11,55.81
module_3,180.0,10.44,52.47,37.1
module_3,180.0,9.62,16.63,73.75
module_3,180.0,9.7,19.78,70.52
module_3,180.0,9.73,22.36,67.92
module_3,180.0,9.89,27.78,62.33
module_3,180.0,10.11,31.67,58.22
module_3,180.0,10.27,38.9,50.82
module_3,180.0,10.55,55.62,33.84
module_3,180.0,9.62,15.95,74.44
module_3,180.0,9.7,19.7,70.6
module_3,180.0,9.78,24.05,66.16
module_3,180.0,10.0,30.63,59.37
module_3,180.0,10.14,37.95,51.92
module_3,180.0,10.44,50.08,39.48
module_3,180.0,10.82,64.38,24.79
module_3,180.0,9.62,16.08,74.3
module_3,180.0,9.7,20.27,70.03
module_3,180.0,9.78,27.75,62.47
module_3,180.0,10.08,34.63,55.29
module_3,180.0,10.27,45.92,43.81
module_3,180.0,10.63,58.27,31.1
module_3,180.0,11.04,71.45,17.51
module_3,180.0,9.62,16.77,73.62
module_3,180.0,9.7,22.9,67.4
module_3,180.0,9.89,30.71,59.4
module_3,180.0,10.14,41.59,48.27
module_3,180.0,10.44,53.67,35.89
module_3,180.0,10.93,67.59,21.48
module_3,180.0,11.48,77.37,11.15
module_3,180.0,9.64,18.33,72.03
module_3,180.0,9.75,28.08,62.16
module_3,180.0,10.0,38.33,51.67
module_3,180.0,10.27,49.48,40.25
module_3,180.0,10.63,62.27,27.1
module_3,180.0,11.21,75.18,13.62
module_3,180.0,11.86,79.26,8.88
module_3,180.0,13.12,81.95,4.93
module_3,180.0,14.85,82.16,2.99
module_3,180.0,17.34,80.6,2.05
module_3,180.0,20.03,78.88,1.1
module_3,180.0,22.38,77.12,0.49
module_3,180.0,25.56,74.33,0.11
module_3,180.0,28.49,71.51,0.0
module_3,180.0,30.44,69.56,0.0
module_3,180.0,9.7,27.07,63.23
module_3,180.0,9.62,15.37,75.01
module_3,180.0,9.62,20.05,70.33
module_3,180.0,9.62,17.23,73.15
module_3,180.0,9.62,17.95,72.44
module_3,180.0,9.62,21.12,69.26
module_3,180.0,9.62,14.99,75.4
module_3,180.0,9.62,14.82,75.56
module_3,180.0,11.1,67.07,21.84
module_3,180.0,9.7,28.96,61.34
module_3,180.0,10.79,64.03,25.18
module_3,180.0,11.01,71.89,17.1
module_3,180.0,9.89,35.07,55.04
module_3,180.0,10.14,43.23,46.63
module_3,180.0,9.73,29.7,60.58
module_3,180.0,11.12,74.88,14.0
module_3,180.0,11.84,79.4,8.77
module_3,180.0,10.71,65.04,24.25
module_3,180.0,10.33,53.53,36.14
module_3,180.0,18.33,80.08,1.59
module_3,180.0,22.88,76.71,0.41
module_3,180.0,20.85,78.22,0.93
module_3,180.0,14.79,82.08,3.12
module_3,180.0,25.7,74.16,0.14
module_3,180.0,27.59,72.33,0.08
module_3,180.0,28.52,71.48,0.0
module_3,180.0,22.44,77.56,0.0
module_3,180.0,23.12,74.52,2.36
module_3,180.0,20.03,79.97,0.0
module_3,180.0,17.67,81.81,0.52
module_3,180.0,18.05,75.23,6.71
module_3,180.0,21.81,78.19,0.0
module_3,180.0,19.34,78.05,2.6
module_3,180.0,19.97,73.7,6.33
module_3,180.0,26.66,72.55,0.79
module_3,180.0,23.78,72.85,3.37
module_3,180.0,24.16,70.93,4.9
module_3,180.0,30.9,68.16,0.93
module_3,180.0,28.33,68.9,2.77
module_3,180.0,28.85,66.55,4.6
module_3,180.0,10.14,89.67,0.19
module_3,180.0,9.64,47.86,42.49
module_3,180.0,9.7,45.92,44.38
module_3,180.0,9.64,41.32,49.04
module_3,180.0,10.16,58.05,31.78
module_3,180.0,10.16,85.48,4.36
module_3,180.0,9.89,69.78,20.33
module_3,180.0,9.78,61.42,28.79
module_3,180.0,9.89,58.55,31.56
module_3,180.0,10.16,60.52,29.32
module_3,180.0,10.79,86.14,3.07
module_3,180.0,10.44,77.7,11.86
module_3,180.0,10.3,71.1,18.6
module_3,180.0,10.44,67.42,22.14
module_3,180.0,10.74,67.45,21.81
module_3,180.0,11.89,85.12,2.99
module_3,180.0,11.37,80.96,7.67
module_3,180.0,11.18,77.18,11.64
module_3,180.0,11.29,73.97,14.74
module_3,180.0,11.7,72.11,16.19
module_3,180.0,12.77,84.55,2.68
module_3,180.0,12.19,81.62,6.19
module_3,180.0,11.97,78.55,9.48
module_3,180.0,12.0,75.84,12.16
module_3,180.0,12.47,74.96,12.58
module_3,225.0,9.62,22.03,68.36
module_3,225.0,9.62,19.12,71.26
module_3,225.0,9.62,18.25,72.14
module_3,225.0,9.62,19.4,70.99
module_3,225.0,9.62,19.4,70.99
module_3,225.0,9.62,23.32,67.07
module_3,225.0,9.7,30.36,59.95
module_3,225.0,9.7,26.9,63.4
module_3,225.0,9.7,22.93,67.37
module_3,225.0,9.7,22.63,67.67
module_3,225.0,9.7,21.53,68.77
module_3,225.0,9.7,23.34,66.96
module_3,225.0,10.0,39.37,50.63
module_3,225.0,9.89,34.71,55.4
module_3,225.0,9.78,30.74,59.48
module_3,225.0,9.78,26.99,63.23
module_3,225.0,9.7,22.82,67.48
module_3,225.0,9.7,19.45,70.85
module_3,225.0,10.27,49.75,39.97
module_3,225.0,10.11,45.45,44.44
module_3,225.0,10.08,39.34,50.58
module_3,225.0,10.08,34.19,55.73
module_3,225.0,9.78,23.95,66.27
module_3,225.0,9.7,19.37,70.93
module_3,225.0,10.58,60.68,28.74
module_3,225.0,10.52,54.58,34.9
module_3,225.0,10.3,50.0,39.7
module_3,225.0,10.14,40.25,49.62
module_3,225.0,10.0,30.11,59.89
module_3,225.0,9.7,20.96,69.34
module_3,225.0,11.26,75.07,13.67
module_3,225.0,11.04,66.0,22.96
module_3,225.0,10.58,60.47,28.96
module_3,225.0,10.52,52.79,36.68
module_3,225.0,10.41,48.11,41.48
module_3,225.0,9.95,34.74,55.32
module_3,225.0,12.05,80.68,7.26
module_3,225.0,11.56,76.6,11.84
module_3,225.0,11.12,69.64,19.23
module_3,225.0,10.88,64.08,25.04
module_3,225.0,10.82,62.44,26.74
module_3,225.0,10.55,58.58,30.88
module_3,225.0,13.62,82.41,3.97
module_3,225.0,15.89,81.81,2.3
module_3,225.0,18.93,80.0,1.07
module_3,225.0,21.89,77.75,0.36
module_3,225.0,24.93,74.9,0.16
module_3,225.0,27.92,72.08,0.0
module_3,225.0,32.22,67.78,0.0
module_3,225.0,33.45,66.55,0.0
module_3,225.0,9.62,17.07,73.32
module_3,225.0,9.62,20.82,69.56
module_3,225.0,9.7,24.71,65.59
module_3,225.0,9.89,34.99,55.12
module_3,225.0,9.62,16.93,73.45
module_3,225.0,9.62,17.73,72.66
module_3,225.0,9.62,16.66,73.73
module_3,225.0,10.14,43.73,46.14
module_3,225.0,10.41,54.66,34.93
module_3,225.0,11.34,76.36,12.3
module_3,225.0,12.14,80.38,7.48
module_3,225.0,10.79,66.11,23.1
module_3,225.0,13.34,82.11,4.55
module_3,225.0,9.62,16.6,73.78
module_3,225.0,9.62,16.74,73.64
module_3,225.0,9.62,17.42,72.96
module_3,225.0,9.62,16.9,73.48
module_3,225.0,9.62,18.68,71.7
module_3,225.0,9.62,20.96,69.42
module_3,225.0,9.7,40.19,50.11
module_3,225.0,9.7,31.45,58.85
module_3,225.0,9.62,17.29,73.1
module_3,225.0,9.62,17.26,73.12
module_3,225.0,9.62,18.66,71.73
module_3,225.0,9.95,42.44,47.62
module_3,225.0,11.15,68.19,20.66
module_3,225.0,14.6,82.55,2.85
module_3,225.0,15.84,82.05,2.11
module_3,225.0,18.93,79.92,1.15
module_3,225.0,17.4,81.1,1.51
module_3,225.0,20.27,79.01,0.71
module_3,225.0,19.37,79.78,0.85
module_3,225.0,13.78,82.44,3.78
module_3,225.0,23.7,76.08,0.22
module_3,225.0,29.29,70.71,0.0
module_3,225.0,31.23,68.77,0.0
module_3,225.0,26.14,73.84,0.03
module_3,225.0,30.22,69.7,0.08
module_3,225.0,32.3,67.7,0.0
module_3,225.0,22.36,77.56,0.08
module_3,225.0,11.15,70.79,18.05
module_3,225.0,11.18,73.15,15.67
module_3,225.0,11.07,67.84,21.1
module_3,225.0,12.16,81.4,6.44
module_3,225.0,11.07,68.55,20.38
module_3,225.0,10.9,65.97,23.12
module_3,225.0,11.04,67.84,21.12
module_3,225.0,11.45,73.84,14.71
module_3,225.0,10.9,65.67,23.42
module_3,225.0,10.9,65.84,23.26
module_3,225.0,12.08,80.52,7.4
module_3,225.0,28.9,71.1,0.0
module_3,225.0,33.48,66.52,0.0
module_3,225.0,40.52,59.48,0.0
module_3,225.0,36.71,63.29,0.0
module_3,225.0,33.89,66.11,0.0
module_3,225.0,37.84,62.16,0.0
module_3,225.0,22.08,77.92,0.0
module_3,225.0,24.66,75.34,0.0
module_3,225.0,31.75,68.25,0.0
module_3,225.0,27.84,72.16,0.0
module_3,225.0,35.29,64.71,0.0
module_3,225.0,16.74,81.53,1.73
module_3,225.0,25.97,74.03,0.0
module_3,225.0,14.14,82.6,3.26
module_3,225.0,24.05,73.45,2.49
module_3,225.0,23.21,73.7,3.1
module_3,225.0,24.52,72.63,2.85
module_3,225.0,20.88,74.33,4.79
module_3,225.0,20.41,72.9,6.68
module_3,225.0,21.81,71.67,6.52
module_3,225.0,17.56,72.68,9.75
module_3,225.0,17.23,72.47,10.3
module_3,225.0,18.41,73.62,7.97
module_3,225.0,16.79,71.53,11.67
module_3,225.0,16.3,74.99,8.71
module_3,225.0,17.84,76.66,5.51
module_3,225.0,27.23,72.77,0.0
module_3,225.0,25.86,74.14,0.0
module_3,225.0,24.22,75.78,0.0
module_3,225.0,19.26,78.88,1.86
module_3,225.0,17.95,80.03,2.03
module_3,225.0,16.74,79.97,3.29
module_3,225.0,15.59,79.48,4.93
module_3,225.0,14.25,79.23,6.52
module_3,225.0,13.53,77.81,8.66
module_3,225.0,14.52,77.32,8.16
module_3,225.0,22.58,77.42,0.0
module_3,225.0,18.11,80.0,1.89
module_3,225.0,17.51,80.38,2.11
module_3,225.0,16.38,79.97,3.64
module_3,225.0,14.63,79.23,6.14
module_3,225.0,12.88,76.08,11.04
module_3,225.0,11.4,71.89,16.71
module_3,225.0,11.01,67.78,21.21
module_3,225.0,16.6,76.85,6.55
module_3,225.0,17.81,80.33,1.86
module_3,225.0,16.93,80.49,2.58
module_3,225.0,15.86,79.84,4.3
module_3,225.0,14.14,78.19,7.67
module_3,225.0,11.67,71.23,17.1
module_3,225.0,10.44,60.77,28.79
module_3,225.0,9.89,48.9,41.21
module_3,225.0,9.7,35.37,54.93
module_3,225.0,17.81,80.47,1.73
module_3,225.0,16.85,80.93,2.22
module_3,225.0,15.34,79.84,4.82
module_3,225.0,13.64,78.22,8.14
module_3,225.0,11.32,68.71,19.97
module_3,225.0,10.11,57.73,32.16
module_3,225.0,9.7,41.42,48.88
module_3,225.0,9.62,23.15,67.23
module_3,225.0,17.81,80.25,1.95
module_3,225.0,16.96,80.55,2.49
module_3,225.0,15.53,79.48,4.99
module_3,225.0,13.73,76.66,9.62
module_3,225.0,11.23,68.6,20.16
module_3,225.0,10.11,61.07,28.82
module_3,225.0,9.7,51.64,38.66
module_3,225.0,9.62,25.78,64.6
module_3,225.0,18.14,80.08,1.78
module_3,225.0,17.48,80.41,2.11
module_3,225.0,16.11,79.75,4.14
module_3,225.0,14.33,77.51,8.16
module_3,225.0,12.3,74.93,12.77
module_3,225.0,10.52,71.37,18.11
module_3,225.0,9.92,67.4,22.68
module_3,225.0,10.6,86.93,2.47
module_3,225.0,18.88,79.48,1.64
module_3,225.0,18.25,80.11,1.64
module_3,225.0,16.93,80.36,2.71
module_3,225.0,15.26,79.37,5.37
module_3,225.0,14.03,80.16,5.81
module_3,225.0,12.79,81.42,5.78
module_3,225.0,11.48,84.49,4.03
module_3,225.0,18.47,81.53,0.0
module_3,225.0,19.64,79.26,1.1
module_3,225.0,18.58,80.25,1.18
module_3,225.0,17.37,80.96,1.67
module_3,225.0,16.47,80.27,3.26
module_3,225.0,15.21,82.25,2.55
module_3,225.0,14.96,83.81,1.23
module_3,225.0,16.9,83.1,0.0
module_3,225.0,25.67,74.33,0.0
module_3,225.0,12.36,78.22,9.42
module_3,225.0,11.7,75.42,12.88
module_3,225.0,11.7,74.44,13.86
module_3,225.0,11.89,74.36,13.75
module_3,225.0,12.38,74.71,12.9
module_3,225.0,11.59,75.53,12.88
module_3,225.0,11.15,70.6,18.25
module_3,225.0,11.1,68.68,20.22
module_3,225.0,10.99,65.12,23.89
module_3,225.0,11.62,71.29,17.1
module_3,225.0,10.44,61.78,27.78
module_3,225.0,10.38,57.95,31.67
module_3,225.0,10.27,55.78,33.95
module_3,225.0,10.36,60.33,29.32
module_3,225.0,10.66,69.07,20.27
module_3,225.0,10.14,53.12,36.74
module_3,225.0,9.89,44.38,45.73
module_3,225.0,9.7,38.66,51.64
module_3,225.0,9.89,51.42,38.68
module_3,225.0,10.14,66.0,23.86
module_3,225.0,10.14,56.96,32.9
module_3,225.0,9.64,27.26,63.1
module_3,225.0,9.7,37.01,53.29
module_3,225.0,9.64,33.15,57.21
module_3,225.0,10.66,84.14,5.21
module_3,225.0,9.7,25.42,64.88
module_3,225.0,9.64,22.99,67.37
module_3,225.0,9.62,20.0,70.38
module_3,225.0,9.62,18.16,72.22
module_3,225.0,9.62,20.08,70.3
module_3,225.0,9.62,22.41,67.97
module_3,225.0,9.86,34.14,56.0
module_3,225.0,9.7,30.66,59.64
module_3,225.0,9.7,27.62,62.68
module_3,225.0,9.7,21.78,68.52
module_3,225.0,9.7,22.36,67.95
module_3,225.0,9.7,22.52,67.78
module_3,225.0,10.11,43.62,46.27
module_3,225.0,10.0,39.48,50.52
module_3,225.0,9.89,34.74,55.37
module_3,225.0,9.78,27.21,63.01
module_3,225.0,9.78,23.73,66.49
module_3,225.0,9.7,20.79,69.51
module_3,225.0,10.44,55.86,33.7
module_3,225.0,10.27,49.73,40.0
module_3,225.0,10.14,44.88,44.99
module_3,225.0,10.0,34.49,55.51
module_3,225.0,9.95,29.04,61.01
module_3,225.0,9.7,21.4,68.9
module_3,225.0,10.96,67.62,21.42
module_3,225.0,10.58,60.27,29.15
module_3,225.0,10.52,55.21,34.27
module_3,225.0,10.3,48.25,41.45
module_3,225.0,10.14,36.41,53.45
module_3,225.0,9.81,27.75,62.44
module_3,225.0,11.64,78.38,9.97
module_3,225.0,11.21,73.62,15.18
module_3,225.0,10.9,65.53,23.56
module_3,225.0,10.58,59.48,29.95
module_3,225.0,10.3,45.53,44.16
module_3,225.0,10.14,42.68,47.18
module_3,225.0,12.58,81.59,5.84
module_3,225.0,11.89,80.25,7.86
module_3,225.0,11.23,73.18,15.59
module_3,225.0,11.07,67.86,21.07
module_3,225.0,10.63,60.68,28.68
module_3,225.0,10.85,63.53,25.62
module_3,225.0,14.41,82.49,3.1
module_3,225.0,16.47,81.59,1.95
module_3,225.0,17.84,80.85,1.32
module_3,225.0,20.44,78.85,0.71
module_3,225.0,22.96,76.88,0.16
module_3,225.0,26.33,73.67,0.0
module_3,225.0,29.67,70.33,0.0
module_3,225.0,32.96,67.04,0.0
module_3,225.0,9.78,29.34,60.88
module_3,225.0,9.97,35.89,54.14
module_3,225.0,9.62,17.21,73.18
module_3,225.0,10.14,46.71,43.15
module_3,225.0,10.52,58.38,31.1
module_3,225.0,11.7,78.52,9.78
module_3,225.0,12.68,81.73,5.59
module_3,225.0,11.01,70.55,18.44
module_3,225.0,9.62,16.88,73.51
module_3,225.0,9.62,17.37,73.01
module_3,225.0,9.62,19.12,71.26
module_3,225.0,9.7,33.56,56.74
module_3,225.0,9.62,22.11,68.27
module_3,225.0,9.62,20.82,69.56
module_3,225.0,9.62,20.85,69.53
module_3,225.0,9.62,21.97,68.41
module_3,225.0,9.7,30.58,59.73
module_3,225.0,11.26,69.97,18.77
module_3,225.0,16.52,81.62,1.86
module_3,225.0,17.62,80.77,1.62
module_3,225.0,21.51,78.03,0.47
module_3,225.0,22.47,77.12,0.41
module_3,225.0,29.32,70.68,0.0
module_3,225.0,31.15,68.85,0.0
module_3,225.0,25.84,74.14,0.03
module_3,225.0,25.51,72.3,2.19
module_3,225.0,24.05,73.34,2.6
module_3,225.0,24.71,72.68,2.6
module_3,225.0,22.41,74.44,3.15
module_3,225.0,21.15,74.82,4.03
module_3,225.0,22.05,73.95,4.0
module_3,225.0,19.32,74.08,6.6
module_3,225.0,17.95,72.36,9.7
module_3,225.0,18.58,71.48,9.95
module_3,225.0,18.08,73.12,8.79
module_3,225.0,16.44,75.4,8.16
module_3,225.0,17.48,79.51,3.01
module_3,225.0,22.88,72.33,4.79
module_3,225.0,20.11,79.07,0.82
module_3,225.0,27.97,72.03,0.0
module_3,225.0,18.99,79.23,1.78
module_3,225.0,18.16,79.84,2.0
module_3,225.0,17.18,80.05,2.77
module_3,225.0,16.25,79.51,4.25
module_3,225.0,14.85,79.48,5.67
module_3,225.0,14.11,78.66,7.23
module_3,225.0,14.66,78.9,6.44
module_3,225.0,19.7,78.77,1.53
module_3,225.0,18.88,79.29,1.84
module_3,225.0,17.78,80.19,2.03
module_3,225.0,16.66,80.03,3.32
module_3,225.0,15.59,79.23,5.18
module_3,225.0,13.86,77.97,8.16
module_3,225.0,12.68,74.93,12.38
module_3,225.0,11.7,73.7,14.6
module_3,225.0,14.68,76.03,9.29
module_3,225.0,17.86,80.19,1.95
module_3,225.0,17.42,80.6,1.97
module_3,225.0,16.22,79.84,3.95
module_3,225.0,14.44,78.74,6.82
module_3,225.0,12.82,75.45,11.73
module_3,225.0,11.07,68.08,20.85
module_3,225.0,10.14,59.07,30.79
module_3,225.0,10.08,54.52,35.4
module_3,225.0,17.81,80.44,1.75
module_3,225.0,17.26,80.63,2.11
module_3,225.0,16.03,79.89,4.08
module_3,225.0,14.19,78.27,7.53
module_3,225.0,11.92,70.49,17.59
module_3,225.0,10.47,62.55,26.99
module_3,225.0,9.78,47.45,42.77
module_3,225.0,9.62,29.18,61.21
module_3,225.0,17.81,80.47,1.73
module_3,225.0,17.23,80.44,2.33
module_3,225.0,15.86,79.84,4.3
module_3,225.0,14.16,77.97,7.86
module_3,225.0,12.03,71.81,16.16
module_3,225.0,10.47,67.18,22.36
module_3,225.0,9.78,52.85,37.37
module_3,225.0,9.62,30.3,60.08
module_3,225.0,18.11,79.97,1.92
module_3,225.0,17.45,80.3,2.25
module_3,225.0,16.36,80.22,3.42
module_3,225.0,14.55,77.45,8.0
module_3,225.0,12.66,73.18,14.16
module_3,225.0,11.15,75.1,13.75
module_3,225.0,10.22,75.78,14.0
module_3,225.0,9.7,62.16,28.14
module_3,225.0,18.99,79.51,1.51
module_3,225.0,18.36,80.0,1.64
module_3,225.0,17.07,80.49,2.44
module_3,225.0,15.34,78.68,5.97
module_3,225.0,14.0,77.81,8.19
module_3,225.0,12.3,79.59,8.11
module_3,225.0,12.52,85.56,1.92
module_3,225.0,16.0,84.0,0.0
module_3,225.0,20.03,78.9,1.07
module_3,225.0,19.59,79.48,0.93
module_3,225.0,17.73,80.74,1.53
module_3,225.0,16.66,79.78,3.56
module_3,225.0,15.18,81.26,3.56
module_3,225.0,14.49,83.26,2.25
module_3,225.0,14.82,84.88,0.3
module_3,225.0,22.71,77.29,0.0
module_3,225.0,12.36,77.62,10.03
module_3,225.0,12.08,76.33,11.59
module_3,225.0,11.62,74.41,13.97
module_3,225.0,11.7,73.29,15.01
module_3,225.0,12.03,73.62,14.36
module_3,225.0,11.4,73.1,15.51
module_3,225.0,11.04,67.59,21.37
module_3,225.0,10.82,64.41,24.77
module_3,225.0,11.12,68.19,20.68
module_3,225.0,11.1,67.97,20.93
module_3,225.0,10.93,67.73,21.34
module_3,225.0,10.27,56.0,33.73
module_3,225.0,10.14,52.08,37.78
module_3,225.0,10.14,54.49,35.37
module_3,225.0,10.36,64.14,25.51
module_3,225.0,10.38,60.14,29.48
module_3,225.0,9.78,42.16,48.05
module_3,225.0,9.78,42.33,47.89
module_3,225.0,9.7,42.33,47.97
module_3,225.0,9.92,58.85,31.23
module_3,225.0,12.88,75.42,11.7
module_3,225.0,9.62,24.08,66.3
module_3,225.0,9.7,30.25,60.05
module_3,225.0,9.62,22.38,68.0
module_3,225.0,9.75,56.99,33.26
module_3,270.0,10.82,72.08,17.1
module_3,270.0,10.47,63.29,26.25
module_3,270.0,11.07,69.51,19.42
module_3,270.0,11.89,77.64,10.47
module_3,270.0,12.9,79.12,7.97
module_3,270.0,9.7,32.85,57.45
module_3,270.0,10.0,46.49,43.51
module_3,270.0,10.52,60.93,28.55
module_3,270.0,11.51,74.3,14.19
module_3,270.0,12.16,77.48,10.36
module_3,270.0,9.7,24.3,66.0
module_3,270.0,9.84,39.64,50.52
module_3,270.0,10.36,54.49,35.15
module_3,270.0,11.15,70.74,18.11
module_3,270.0,11.78,76.44,11.78
module_3,270.0,9.64,21.29,69.07
module_3,270.0,9.89,39.42,50.68
module_3,270.0,10.33,55.12,34.55
module_3,270.0,11.21,70.27,18.52
module_3,270.0,11.7,76.14,12.16
module_3,270.0,9.78,41.67,48.55
module_3,270.0,10.08,48.71,41.21
module_3,270.0,10.44,61.15,28.41
module_3,270.0,11.42,73.64,14.93
module_3,270.0,12.22,76.9,10.88
module_3,270.0,42.74,57.26,0.0
module_3,270.0,39.53,60.47,0.0
module_3,270.0,33.4,66.6,0.0
module_3,270.0,28.0,72.0,0.0
module_3,270.0,23.95,76.05,0.0
module_3,270.0,19.81,79.73,0.47
module_3,270.0,17.04,82.08,0.88
module_3,270.0,14.74,83.4,1.86
module_3,270.0,10.85,76.3,12.85
module_3,270.0,10.9,76.96,12.14
module_3,270.0,11.15,79.56,9.29
module_3,270.0,11.51,80.68,7.81
module_3,270.0,12.19,82.96,4.85
module_3,270.0,13.32,82.55,4.14
module_3,270.0,10.16,61.37,28.47
module_3,270.0,10.49,68.38,21.12
module_3,270.0,10.71,74.66,14.63
module_3,270.0,10.93,77.89,11.18
module_3,270.0,11.45,79.59,8.96
module_3,270.0,11.95,80.16,7.89
module_3,270.0,9.86,41.01,49.12
module_3,270.0,10.14,53.75,36.11
module_3,270.0,10.38,67.1,22.52
module_3,270.0,10.58,72.68,16.74
module_3,270.0,10.71,74.38,14.9
module_3,270.0,11.04,75.92,13.04
module_3,270.0,9.7,30.66,59.64
module_3,270.0,9.95,43.62,46.44
module_3,270.0,10.11,55.48,34.41
module_3,270.0,10.14,64.16,25.7
module_3,270.0,10.38,68.0,21.62
module_3,270.0,10.49,70.85,18.66
module_3,270.0,9.7,26.93,63.37
module_3,270.0,9.78,37.29,52.93
module_3,270.0,9.84,45.34,44.82
module_3,270.0,9.92,53.34,36.74
module_3,270.0,10.0,58.16,31.84
module_3,270.0,10.11,63.23,26.66
module_3,270.0,9.7,27.32,62.99
module_3,270.0,9.7,32.9,57.4
module_3,270.0,9.7,37.45,52.85
module_3,270.0,9.7,41.62,48.68
module_3,270.0,9.7,46.19,44.11
module_3,270.0,9.84,52.16,38.0
module_3,270.0,9.64,28.16,62.19
module_3,270.0,9.62,26.99,63.4
module_3,270.0,9.62,28.33,62.05
module_3,270.0,9.62,30.71,59.67
module_3,270.0,9.64,33.7,56.66
module_3,270.0,9.7,38.55,51.75
module_3,270.0,41.12,58.88,0.0
module_3,270.0,29.78,70.22,0.0
module_3,270.0,36.74,63.26,0.0
module_3,270.0,34.47,65.53,0.0
module_3,270.0,53.12,46.88,0.0
module_3,270.0,48.44,51.56,0.0
module_3,270.0,46.08,53.92,0.0
module_3,270.0,46.27,53.73,0.0
module_3,270.0,48.14,51.86,0.0
module_3,270.0,43.45,56.55,0.0
module_3,270.0,24.82,75.18,0.0
module_3,270.0,11.62,83.48,4.9
module_3,270.0,10.96,78.9,10.14
module_3,270.0,11.21,79.92,8.88
module_3,270.0,12.33,86.08,1.59
module_3,270.0,11.15,79.59,9.26
module_3,270.0,11.48,80.38,8.14
module_3,270.0,11.15,79.7,9.15
module_3,270.0,14.08,83.81,2.11
module_3,270.0,17.7,81.95,0.36
module_3,270.0,40.49,59.51,0.0
module_3,270.0,25.7,74.3,0.0
module_3,270.0,29.64,70.36,0.0
module_3,270.0,35.53,64.47,0.0
module_3,270.0,39.32,60.68,0.0
module_3,270.0,40.58,59.42,0.0
module_3,270.0,25.59,74.41,0.0
module_3,270.0,18.38,81.18,0.44
module_3,270.0,21.45,78.55,0.0
module_3,270.0,22.08,77.62,0.3
module_3,270.0,20.03,79.45,0.52
module_3,270.0,17.1,81.78,1.12
module_3,270.0,15.23,82.9,1.86
module_3,270.0,14.6,83.29,2.11
module_3,270.0,30.99,69.01,0.0
module_3,270.0,12.68,82.9,4.41
module_3,270.0,11.32,82.41,6.27
module_3,270.0,9.62,22.47,67.92
module_3,270.0,9.7,41.95,48.36
module_3,270.0,9.62,24.68,65.7
module_3,270.0,9.62,23.01,67.37
module_3,270.0,9.62,17.86,72.52
module_3,270.0,9.62,18.88,71.51
module_3,270.0,9.62,21.95,68.44
module_3,270.0,9.7,33.89,56.41
module_3,270.0,9.7,37.4,52.9
module_3,270.0,9.62,26.47,63.92
module_3,270.0,9.7,46.68,43.62
module_3,270.0,9.62,22.71,67.67
module_3,270.0,9.62,22.16,68.22
module_3,270.0,9.62,22.52,67.86
module_3,270.0,9.62,22.22,68.16
module_3,270.0,12.0,80.0,8.0
module_3,270.0,11.15,75.67,13.18
module_3,270.0,13.34,82.9,3.75
module_3,270.0,10.47,67.86,21.67
module_3,270.0,10.16,64.41,25.42
module_3,270.0,14.03,83.23,2.74
module_3,270.0,9.62,24.03,66.36
module_3,270.0,9.62,22.99,67.4
module_3,270.0,9.62,25.07,65.32
module_3,270.0,9.92,51.23,38.85
module_3,270.0,9.73,43.42,46.85
module_3,270.0,9.62,30.88,59.51
module_3,270.0,9.62,23.26,67.12
module_3,270.0,9.62,23.21,67.18
module_3,270.0,21.26,78.74,0.0
module_3,270.0,19.59,80.41,0.0
module_3,270.0,18.68,81.32,0.0
module_3,270.0,18.63,81.37,0.0
module_3,270.0,18.74,81.26,0.0
module_3,270.0,19.01,80.44,0.55
module_3,270.0,19.62,79.42,0.96
module_3,270.0,20.36,78.41,1.23
module_3,270.0,20.44,79.56,0.0
module_3,270.0,19.62,80.38,0.0
module_3,270.0,18.47,81.53,0.0
module_3,270.0,18.05,81.95,0.0
module_3,270.0,17.92,81.97,0.11
module_3,270.0,18.55,80.68,0.77
module_3,270.0,19.15,79.64,1.21
module_3,270.0,19.73,78.82,1.45
module_3,270.0,18.71,81.29,0.0
module_3,270.0,17.7,82.3,0.0
module_3,270.0,16.77,83.23,0.0
module_3,270.0,16.44,83.4,0.16
module_3,270.0,16.58,80.63,2.79
module_3,270.0,17.04,79.51,3.45
module_3,270.0,17.48,79.67,2.85
module_3,270.0,18.16,79.78,2.05
module_3,270.0,17.1,82.9,0.0
module_3,270.0,15.73,84.27,0.0
module_3,270.0,14.77,85.23,0.0
module_3,270.0,14.33,82.85,2.82
module_3,270.0,14.38,81.59,4.03
module_3,270.0,14.99,79.32,5.7
module_3,270.0,16.08,78.03,5.89
module_3,270.0,16.85,79.59,3.56
module_3,270.0,15.48,84.52,0.0
module_3,270.0,14.08,85.92,0.0
module_3,270.0,12.77,85.75,1.48
module_3,270.0,12.05,84.14,3.81
module_3,270.0,12.22,79.18,8.6
module_3,270.0,13.21,77.59,9.21
module_3,270.0,14.36,76.77,8.88
module_3,270.0,15.48,79.32,5.21
module_3,270.0,14.71,85.29,0.0
module_3,270.0,12.49,87.51,0.0
module_3,270.0,10.77,87.34,1.89
module_3,270.0,10.47,81.97,7.56
module_3,270.0,10.52,76.85,12.63
module_3,270.0,11.18,73.15,15.67
module_3,270.0,13.26,73.56,13.18
module_3,270.0,14.74,78.44,6.82
module_3,270.0,15.23,84.77,0.0
module_3,270.0,11.64,88.36,0.0
module_3,270.0,10.0,86.27,3.73
module_3,270.0,9.75,72.71,17.53
module_3,270.0,9.78,66.88,23.34
module_3,270.0,10.19,66.52,23.29
module_3,270.0,12.38,72.99,14.63
module_3,270.0,15.37,78.19,6.44
module_3,270.0,22.11,77.89,0.0
module_3,270.0,13.7,86.3,0.0
module_3,270.0,9.7,80.33,9.97
module_3,270.0,9.62,43.67,46.71
module_3,270.0,9.62,43.34,47.04
module_3,270.0,10.11,59.7,30.19
module_3,270.0,15.48,75.89,8.63
module_3,270.0,21.34,76.55,2.11
module_3,270.0,21.59,76.33,2.08
module_3,270.0,16.79,73.34,9.86
module_3,270.0,17.95,76.0,6.05
module_3,270.0,20.99,76.05,2.96
module_3,270.0,23.51,74.27,2.22
module_3,270.0,18.08,81.51,0.41
module_3,270.0,14.96,73.26,11.78
module_3,270.0,16.79,76.14,7.07
module_3,270.0,19.64,76.93,3.42
module_3,270.0,22.79,74.96,2.25
module_3,270.0,19.34,79.62,1.04
module_3,270.0,15.59,72.49,11.92
module_3,270.0,17.4,76.05,6.55
module_3,270.0,20.22,76.55,3.23
module_3,270.0,23.04,74.41,2.55
module_3,270.0,10.85,74.88,14.27
module_3,270.0,10.11,57.37,32.52
module_3,270.0,10.55,62.9,26.55
module_3,270.0,11.53,73.53,14.93
module_3,270.0,12.52,78.05,9.42
module_3,270.0,9.62,18.27,72.11
module_3,270.0,9.78,36.25,53.97
module_3,270.0,10.22,52.74,37.04
module_3,270.0,11.04,68.52,20.44
module_3,270.0,11.81,77.15,11.04
module_3,270.0,9.7,29.95,60.36
module_3,270.0,9.7,33.04,57.26
module_3,270.0,10.14,48.99,40.88
module_3,270.0,10.85,65.42,23.73
module_3,270.0,11.62,75.53,12.85
module_3,270.0,9.62,16.68,73.7
module_3,270.0,9.78,35.75,54.47
module_3,270.0,10.14,51.97,37.89
module_3,270.0,10.93,67.53,21.53
module_3,270.0,11.7,76.03,12.27
module_3,270.0,10.47,68.82,20.71
module_3,270.0,10.08,52.22,37.7
module_3,270.0,10.44,60.16,29.4
module_3,270.0,11.18,70.82,18.0
module_3,270.0,12.22,77.29,10.49
module_3,270.0,44.19,55.81,0.0
module_3,270.0,39.21,60.79,0.0
module_3,270.0,33.1,66.9,0.0
module_3,270.0,27.78,72.22,0.0
module_3,270.0,22.66,77.34,0.0
module_3,270.0,19.26,80.27,0.47
module_3,270.0,16.3,82.58,1.12
module_3,270.0,14.08,83.86,2.05
module_3,270.0,10.68,73.7,15.62
module_3,270.0,10.71,74.22,15.07
module_3,270.0,10.9,77.21,11.89
module_3,270.0,11.23,79.42,9.34
module_3,270.0,11.67,81.45,6.88
module_3,270.0,12.49,82.16,5.34
module_3,270.0,9.95,51.04,39.01
module_3,270.0,10.27,59.7,30.03
module_3,270.0,10.52,69.73,19.75
module_3,270.0,10.71,74.6,14.68
module_3,270.0,11.04,77.92,11.04
module_3,270.0,11.48,78.93,9.59
module_3,270.0,9.7,31.1,59.21
module_3,270.0,10.0,46.08,43.92
module_3,270.0,10.14,58.79,31.07
module_3,270.0,10.38,68.16,21.45
module_3,270.0,10.49,71.78,17.73
module_3,270.0,10.71,74.22,15.07
module_3,270.0,9.7,24.19,66.11
module_3,270.0,9.78,37.04,53.18
module_3,270.0,9.97,49.04,40.99
module_3,270.0,10.08,58.44,31.48
module_3,270.0,10.11,64.33,25.56
module_3,270.0,10.33,67.53,22.14
module_3,270.0,9.7,23.21,67.1
module_3,270.0,9.7,33.34,56.96
module_3,270.0,9.75,40.85,49.4
module_3,270.0,9.78,46.99,43.23
module_3,270.0,9.86,53.04,37.1
module_3,270.0,9.97,57.75,32.27
module_3,270.0,9.7,27.29,63.01
module_3,270.0,9.7,29.73,60.58
module_3,270.0,9.7,32.82,57.48
module_3,270.0,9.7,36.55,53.75
module_3,270.0,9.7,40.68,49.62
module_3,270.0,9.7,45.97,44.33
module_3,270.0,9.62,28.58,61.81
module_3,270.0,9.62,25.7,64.68
module_3,270.0,9.62,25.53,64.85
module_3,270.0,9.62,26.85,63.53
module_3,270.0,9.62,28.74,61.64
module_3,270.0,9.62,32.16,58.22
module_3,270.0,44.14,55.86,0.0
module_3,270.0,10.99,79.04,9.97
module_3,270.0,11.37,80.52,8.11
module_3,270.0,10.99,79.51,9.51
module_3,270.0,26.68,73.32,0.0
module_3,270.0,31.18,68.82,0.0
module_3,270.0,35.89,64.11,0.0
module_3,270.0,23.4,76.33,0.27
module_3,270.0,18.93,80.33,0.74
module_3,270.0,16.36,82.41,1.23
module_3,270.0,11.48,79.26,9.26
module_3,270.0,9.95,59.7,30.36
module_3,270.0,9.62,24.93,65.45
module_3,270.0,9.62,23.67,66.71
module_3,270.0,9.62,21.84,68.55
module_3,270.0,9.62,21.78,68.6
module_3,270.0,11.62,78.16,10.22
module_3,270.0,10.93,73.04,16.03
module_3,270.0,12.66,82.03,5.32
module_3,270.0,10.58,71.23,18.19
module_3,270.0,10.14,60.55,29.32
module_3,270.0,9.62,23.26,67.12
module_3,270.0,9.95,54.3,35.75
module_3,270.0,9.7,37.95,52.36
module_3,270.0,21.86,78.14,0.0
module_3,270.0,20.38,79.62,0.0
module_3,270.0,19.4,80.6,0.0
module_3,270.0,18.6,81.4,0.0
module_3,270.0,18.77,81.23,0.0
module_3,270.0,18.93,80.66,0.41
module_3,270.0,19.51,79.62,0.88
module_3,270.0,20.41,78.47,1.12
module_3,270.0,20.27,79.73,0.0
module_3,270.0,18.88,81.12,0.0
module_3,270.0,18.25,81.75,0.0
module_3,270.0,17.67,82.33,0.0
module_3,270.0,17.59,82.41,0.0
module_3,270.0,17.78,81.32,0.9
module_3,270.0,18.38,80.03,1.59
module_3,270.0,19.21,79.34,1.45
module_3,270.0,18.41,81.59,0.0
module_3,270.0,17.45,82.55,0.0
module_3,270.0,16.49,83.51,0.0
module_3,270.0,15.86,83.97,0.16
module_3,270.0,15.48,81.29,3.23
module_3,270.0,16.11,80.03,3.86
module_3,270.0,16.88,79.1,4.03
module_3,270.0,17.53,79.86,2.6
module_3,270.0,16.96,83.04,0.0
module_3,270.0,15.53,84.47,0.0
module_3,270.0,14.38,85.62,0.0
module_3,270.0,13.95,83.81,2.25
module_3,270.0,13.73,82.25,4.03
module_3,270.0,14.16,79.67,6.16
module_3,270.0,14.99,78.25,6.77
module_3,270.0,16.22,79.37,4.41
module_3,270.0,15.48,84.52,0.0
module_3,270.0,14.14,85.86,0.0
module_3,270.0,12.41,87.51,0.08
module_3,270.0,11.56,84.36,4.08
module_3,270.0,11.45,79.84,8.71
module_3,270.0,11.89,78.52,9.59
module_3,270.0,13.53,74.85,11.62
module_3,270.0,14.82,78.38,6.79
module_3,270.0,15.21,84.79,0.0
module_3,270.0,12.9,87.1,0.0
module_3,270.0,10.74,89.26,0.0
module_3,270.0,10.19,82.52,7.29
module_3,270.0,10.14,75.89,13.97
module_3,270.0,10.52,73.12,16.36
module_3,270.0,11.86,73.12,15.01
module_3,270.0,14.36,76.27,9.37
module_3,270.0,17.73,82.27,0.0
module_3,270.0,13.07,86.93,0.0
module_3,270.0,10.14,89.73,0.14
module_3,270.0,9.7,71.12,19.18
module_3,270.0,9.7,60.41,29.89
module_3,270.0,9.92,62.99,27.1
module_3,270.0,11.21,70.52,18.27
module_3,270.0,15.34,76.66,8.0
module_3,270.0,31.18,68.82,0.0
module_3,270.0,23.42,76.58,0.0
module_3,270.0,10.66,89.34,0.0
module_3,270.0,9.62,36.71,53.67
module_3,270.0,9.62,33.21,57.18
module_3,270.0,9.7,50.36,39.95
module_3,270.0,17.56,76.88,5.56
module_3,270.0,25.21,74.79,0.0
module_3,270.0,24.96,75.04,0.0
module_3,270.0,15.86,74.55,9.59
module_3,270.0,16.77,73.86,9.37
module_3,270.0,19.07,76.68,4.25
module_3,270.0,22.77,74.77,2.47
module_3,270.0,23.21,76.79,0.0
module_3,270.0,15.01,75.26,9.73
module_3,270.0,16.14,74.36,9.51
module_3,270.0,18.85,76.82,4.33
module_3,270.0,21.53,76.19,2.27
module_3,270.0,26.74,73.26,0.0
module_3,270.0,16.71,74.79,8.49
module_3,270.0,17.18,74.6,8.22
module_3,270.0,19.75,76.49,3.75
module_3,270.0,22.66,74.85,2.49
module_3,315.0,9.7,51.62,38.68
module_3,315.0,9.64,44.16,46.19
module_3,315.0,9.62,35.42,54.96
module_3,315.0,9.62,36.14,54.25
module_3,315.0,9.62,34.66,55.73
module_3,315.0,9.64,35.73,54.63
module_3,315.0,9.78,70.66,19.56
module_3,315.0,9.7,62.6,27.7
module_3,315.0,9.7,49.67,40.63
module_3,315.0,9.7,48.49,41.81
module_3,315.0,9.7,41.53,48.77
module_3,315.0,9.7,31.89,58.41
module_3,315.0,10.11,81.4,8.49
module_3,315.0,9.95,77.04,13.01
module_3,315.0,9.78,64.9,25.32
module_3,315.0,9.78,59.86,30.36
module_3,315.0,9.78,47.51,42.71
module_3,315.0,9.7,32.22,58.08
module_3,315.0,10.52,86.14,3.34
module_3,315.0,10.27,84.03,5.7
module_3,315.0,10.16,79.89,9.95
module_3,315.0,10.08,70.44,19.48
module_3,315.0,9.92,56.68,33.4
module_3,315.0,9.7,37.51,52.79
module_3,315.0,11.01,88.66,0.33
module_3,315.0,10.6,86.58,2.82
module_3,315.0,10.52,84.93,4.55
module_3,315.0,10.41,78.74,10.85
module_3,315.0,10.11,68.58,21.32
module_3,315.0,9.7,52.25,38.05
module_3,315.0,11.86,88.14,0.0
module_3,315.0,11.26,87.78,0.96
module_3,315.0,10.96,87.04,2.0
module_3,315.0,10.68,85.12,4.19
module_3,315.0,10.49,80.47,9.04
module_3,315.0,10.14,77.42,12.44
module_3,315.0,13.21,86.79,0.0
module_3,315.0,11.92,87.62,0.47
module_3,315.0,11.48,87.62,0.9
module_3,315.0,11.21,87.4,1.4
module_3,315.0,10.9,85.97,3.12
module_3,315.0,10.96,87.59,1.45
module_3,315.0,15.04,84.96,0.0
module_3,315.0,18.38,81.62,0.0
module_3,315.0,22.55,77.45,0.0
module_3,315.0,25.64,74.36,0.0
module_3,315.0,32.33,67.67,0.0
module_3,315.0,38.68,61.32,0.0
module_3,315.0,46.38,53.62,0.0
module_3,315.0,51.53,48.47,0.0
module_3,315.0,9.62,34.47,55.92
module_3,315.0,9.64,45.48,44.88
module_3,315.0,9.7,63.59,26.71
module_3,315.0,9.7,54.71,35.59
module_3,315.0,9.92,71.81,18.27
module_3,315.0,9.62,31.56,58.82
module_3,315.0,9.62,35.32,55.07
module_3,315.0,9.62,32.49,57.89
module_3,315.0,9.95,74.55,15.51
module_3,315.0,9.62,30.11,60.27
module_3,315.0,10.16,79.89,9.95
module_3,315.0,10.52,84.44,5.04
module_3,315.0,12.74,87.26,0.0
module_3,315.0,10.93,86.93,2.14
module_3,315.0,11.7,88.25,0.05
module_3,315.0,10.68,86.38,2.93
module_3,315.0,11.34,87.81,0.85
module_3,315.0,13.45,86.55,0.0
module_3,315.0,12.14,87.86,0.0
module_3,315.0,14.08,85.92,0.0
module_3,315.0,10.22,82.27,7.51
module_3,315.0,9.62,28.74,61.64
module_3,315.0,9.62,27.51,62.88
module_3,315.0,9.62,28.82,61.56
module_3,315.0,9.62,27.81,62.58
module_3,315.0,9.62,30.68,59.7
module_3,315.0,9.62,28.55,61.84
module_3,315.0,9.62,32.68,57.7
module_3,315.0,9.7,56.27,34.03
module_3,315.0,9.62,28.9,61.48
module_3,315.0,9.62,26.9,63.48
module_3,315.0,9.7,44.79,45.51
module_3,315.0,9.62,23.81,66.58
module_3,315.0,9.62,25.7,64.68
module_3,315.0,9.92,77.48,12.6
module_3,315.0,11.59,88.41,0.0
module_3,315.0,9.62,34.71,55.67
module_3,315.0,11.51,88.49,0.0
module_3,315.0,9.7,38.77,51.53
module_3,315.0,9.62,27.59,62.79
module_3,315.0,9.62,28.74,61.64
module_3,315.0,9.7,53.89,36.41
module_3,315.0,9.62,31.51,58.88
module_3,315.0,9.62,26.99,63.4
module_3,315.0,15.59,84.41,0.0
module_3,315.0,18.05,81.95,0.0
module_3,315.0,16.96,83.04,0.0
module_3,315.0,21.92,78.08,0.0
module_3,315.0,20.05,79.95,0.0
module_3,315.0,25.07,74.93,0.0
module_3,315.0,20.55,79.45,0.0
module_3,315.0,23.51,76.49,0.0
module_3,315.0,26.93,73.07,0.0
module_3,315.0,14.41,85.59,0.0
module_3,315.0,31.34,68.66,0.0
module_3,315.0,47.12,52.88,0.0
module_3,315.0,42.3,57.7,0.0
module_3,315.0,36.96,63.04,0.0
module_3,315.0,35.84,64.16,0.0
module_3,315.0,46.41,53.59,0.0
module_3,315.0,41.12,58.88,0.0
module_3,315.0,43.86,56.14,0.0
module_3,315.0,50.22,49.78,0.0
module_3,315.0,29.7,70.3,0.0
module_3,315.0,29.81,70.19,0.0
module_3,315.0,11.51,88.11,0.38
module_3,315.0,11.4,88.3,0.3
module_3,315.0,12.88,87.12,0.0
module_3,315.0,11.32,88.27,0.41
module_3,315.0,11.21,88.71,0.08
module_3,315.0,11.29,88.71,0.0
module_3,315.0,11.7,88.3,0.0
module_3,315.0,12.63,87.37,0.0
module_3,315.0,43.21,56.79,0.0
module_3,315.0,49.62,50.38,0.0
module_3,315.0,60.99,39.01,0.0
module_3,315.0,56.99,43.01,0.0
module_3,315.0,52.19,47.81,0.0
module_3,315.0,58.88,41.12,0.0
module_3,315.0,28.36,71.64,0.0
module_3,315.0,35.18,64.82,0.0
module_3,315.0,48.49,51.51,0.0
module_3,315.0,55.4,44.6,0.0
module_3,315.0,40.79,59.21,0.0
module_3,315.0,18.71,81.29,0.0
module_3,315.0,36.96,63.04,0.0
module_3,315.0,14.99,85.01,0.0
module_3,315.0,29.34,70.66,0.0
module_3,315.0,27.89,72.11,0.0
module_3,315.0,33.73,66.27,0.0
module_3,315.0,16.6,73.26,10.14
module_3,315.0,15.84,77.48,6.68
module_3,315.0,18.6,79.64,1.75
module_3,315.0,17.53,74.41,8.05
module_3,315.0,17.01,74.47,8.52
module_3,315.0,18.49,73.92,7.59
module_3,315.0,20.44,75.62,3.95
module_3,315.0,20.11,73.29,6.6
module_3,315.0,21.95,71.34,6.71
module_3,315.0,24.47,72.96,2.58
module_3,315.0,24.22,73.4,2.38
module_3,315.0,26.85,70.74,2.41
module_3,315.0,13.32,78.3,8.38
module_3,315.0,12.3,76.14,11.56
module_3,315.0,12.03,76.19,11.78
module_3,315.0,12.19,76.99,10.82
module_3,315.0,12.88,77.84,9.29
module_3,315.0,11.78,76.79,11.42
module_3,315.0,11.18,71.75,17.07
module_3,315.0,10.99,66.27,22.74
module_3,315.0,11.45,72.3,16.25
module_3,315.0,11.42,72.41,16.16
module_3,315.0,10.68,75.75,13.56
module_3,315.0,10.52,67.45,22.03
module_3,315.0,10.14,57.4,32.47
module_3,315.0,10.47,59.89,29.64
module_3,315.0,10.52,61.18,28.3
module_3,315.0,10.14,75.21,14.66
module_3,315.0,9.92,58.52,31.56
module_3,315.0,9.7,44.55,45.75
module_3,315.0,9.78,41.29,48.93
module_3,315.0,10.08,50.93,38.99
module_3,315.0,10.9,87.73,1.37
module_3,315.0,9.62,27.56,62.82
module_3,315.0,9.7,41.53,48.77
module_3,315.0,9.62,24.41,65.97
module_3,315.0,10.08,53.67,36.25
module_3,315.0,51.89,48.11,0.0
module_3,315.0,51.78,48.22,0.0
module_3,315.0,51.37,48.63,0.0
module_3,315.0,47.26,52.74,0.0
module_3,315.0,66.25,33.75,0.0
module_3,315.0,79.23,20.77,0.0
module_3,315.0,81.62,18.38,0.0
module_3,315.0,58.9,41.1,0.0
module_3,315.0,40.11,59.89,0.0
module_3,315.0,43.23,56.77,0.0
module_3,315.0,42.77,57.23,0.0
module_3,315.0,44.08,55.92,0.0
module_3,315.0,43.12,56.88,0.0
module_3,315.0,76.25,23.75,0.0
module_3,315.0,97.01,2.99,0.0
module_3,315.0,25.01,70.6,4.38
module_3,315.0,34.96,65.04,0.0
module_3,315.0,33.42,66.58,0.0
module_3,315.0,28.96,71.04,0.0
module_3,315.0,25.18,74.82,0.0
module_3,315.0,19.62,80.38,0.0
module_3,315.0,95.42,4.58,0.0
module_3,315.0,11.04,83.15,5.81
module_3,315.0,10.08,78.25,11.67
module_3,315.0,29.18,70.82,0.0
module_3,315.0,27.64,72.36,0.0
module_3,315.0,24.77,75.23,0.0
module_3,315.0,20.88,79.12,0.0
module_3,315.0,16.55,83.45,0.0
module_3,315.0,12.14,87.86,0.0
module_3,315.0,10.14,87.86,2.0
module_3,315.0,9.7,69.32,20.99
module_3,315.0,26.36,73.64,0.0
module_3,315.0,24.88,75.12,0.0
module_3,315.0,22.96,77.04,0.0
module_3,315.0,18.96,81.04,0.0
module_3,315.0,15.23,84.77,0.0
module_3,315.0,12.14,87.86,0.0
module_3,315.0,10.25,89.75,0.0
module_3,315.0,9.7,70.49,19.81
module_3,315.0,25.7,74.3,0.0
module_3,315.0,24.96,75.04,0.0
module_3,315.0,21.62,78.38,0.0
module_3,315.0,19.04,80.96,0.0
module_3,315.0,15.86,84.14,0.0
module_3,315.0,12.77,87.23,0.0
module_3,315.0,10.74,89.26,0.0
module_3,315.0,10.05,89.95,0.0
module_3,315.0,25.75,74.25,0.0
module_3,315.0,25.07,74.93,0.0
module_3,315.0,22.93,77.07,0.0
module_3,315.0,20.03,79.97,0.0
module_3,315.0,17.1,82.9,0.0
module_3,315.0,15.23,84.77,0.0
module_3,315.0,15.04,84.96,0.0
module_3,315.0,31.1,68.9,0.0
module_3,315.0,26.66,73.34,0.0
module_3,315.0,25.95,74.05,0.0
module_3,315.0,23.37,76.63,0.0
module_3,315.0,20.93,79.07,0.0
module_3,315.0,19.62,80.38,0.0
module_3,315.0,19.32,80.68,0.0
module_3,315.0,23.32,76.68,0.0
module_3,315.0,46.08,53.92,0.0
module_3,315.0,9.64,48.19,42.16
module_3,315.0,9.62,41.1,49.29
module_3,315.0,9.62,41.07,49.32
module_3,315.0,9.62,34.08,56.3
module_3,315.0,9.62,32.33,58.05
module_3,315.0,9.62,33.01,57.37
module_3,315.0,9.75,67.7,22.55
module_3,315.0,9.7,58.49,31.81
module_3,315.0,9.7,56.49,33.81
module_3,315.0,9.7,45.53,44.77
module_3,315.0,9.7,41.51,48.79
module_3,315.0,9.7,36.19,54.11
module_3,315.0,10.03,79.67,10.3
module_3,315.0,9.92,74.41,15.67
module_3,315.0,9.92,72.16,17.92
module_3,315.0,9.78,59.21,31.01
module_3,315.0,9.73,49.21,41.07
module_3,315.0,9.7,36.38,53.92
module_3,315.0,10.44,85.12,4.44
module_3,315.0,10.22,83.21,6.58
module_3,315.0,10.11,79.51,10.38
module_3,315.0,10.0,71.37,18.63
module_3,315.0,9.92,58.05,32.03
module_3,315.0,9.7,41.51,48.79
module_3,315.0,10.9,87.95,1.15
module_3,315.0,10.74,88.08,1.18
module_3,315.0,10.49,84.74,4.77
module_3,315.0,10.3,80.19,9.51
module_3,315.0,10.11,68.49,21.4
module_3,315.0,9.78,53.07,37.15
module_3,315.0,11.7,88.3,0.0
module_3,315.0,11.56,87.92,0.52
module_3,315.0,10.9,87.18,1.92
module_3,315.0,10.68,85.1,4.22
module_3,315.0,10.41,78.44,11.15
module_3,315.0,10.11,71.95,17.95
module_3,315.0,12.9,87.1,0.0
module_3,315.0,12.6,87.4,0.0
module_3,315.0,11.53,87.56,0.9
module_3,315.0,11.21,87.1,1.7
module_3,315.0,10.79,85.21,4.0
module_3,315.0,10.68,85.37,3.95
module_3,315.0,14.44,85.56,0.0
module_3,315.0,16.74,83.26,0.0
module_3,315.0,20.74,79.26,0.0
module_3,315.0,26.88,73.12,0.0
module_3,315.0,33.26,66.74,0.0
module_3,315.0,39.62,60.38,0.0
module_3,315.0,45.21,54.79,0.0
module_3,315.0,50.33,49.67,0.0
module_3,315.0,11.62,88.22,0.16
module_3,315.0,11.15,88.85,0.0
module_3,315.0,11.1,88.74,0.16
module_3,315.0,23.12,72.22,4.66
module_3,315.0,20.08,79.18,0.74
module_3,315.0,22.16,77.84,0.0
module_3,315.0,17.37,73.51,9.12
module_3,315.0,16.0,74.03,9.97
module_3,315.0,17.01,76.44,6.55
module_3,315.0,18.58,74.82,6.6
module_3,315.0,17.89,72.74,9.37
module_3,315.0,18.27,72.11,9.62
module_3,315.0,22.38,74.88,2.74
module_3,315.0,21.56,74.88,3.56
module_3,315.0,22.25,73.73,4.03
module_3,315.0,25.86,71.97,2.16
module_3,315.0,24.93,72.82,2.25
module_3,315.0,24.96,72.66,2.38
module_3,315.0,13.29,78.77,7.95
module_3,315.0,12.82,76.68,10.49
module_3,315.0,12.25,76.71,11.04
module_3,315.0,12.33,77.59,10.08
module_3,315.0,12.82,77.37,9.81
module_3,315.0,12.36,78.49,9.15
module_3,315.0,11.84,73.84,14.33
module_3,315.0,11.45,70.36,18.19
module_3,315.0,11.04,67.18,21.78
module_3,315.0,11.73,74.08,14.19
module_3,315.0,11.26,77.64,11.1
module_3,315.0,10.41,68.66,20.93
module_3,315.0,10.47,63.04,26.49
module_3,315.0,10.14,54.82,35.04
module_3,315.0,10.58,63.07,26.36
module_3,315.0,10.52,79.37,10.11
module_3,315.0,9.84,59.97,30.19
module_3,315.0,9.86,51.59,38.55
module_3,315.0,9.86,46.82,43.32
module_3,315.0,10.08,50.68,39.23
module_3,315.0,10.88,87.23,1.89
module_3,315.0,9.7,49.12,41.18
module_3,315.0,9.7,34.77,55.53
module_3,315.0,9.64,32.14,58.22
module_3,315.0,9.78,41.67,48.55
module_3,315.0,57.32,42.68,0.0
module_3,315.0,55.4,44.6,0.0
module_3,315.0,52.05,47.95,0.0
module_3,315.0,48.52,51.48,0.0
module_3,315.0,60.19,39.81,0.0
module_3,315.0,71.48,28.52,0.0
module_3,315.0,84.79,15.21,0.0
module_3,315.0,32.58,65.32,2.11
module_3,315.0,42.0,58.0,0.0
module_3,315.0,39.86,60.14,0.0
module_3,315.0,36.96,63.04,0.0
module_3,315.0,35.95,64.05,0.0
module_3,315.0,40.9,59.1,0.0
module_3,315.0,65.01,34.99,0.0
module_3,315.0,99.34,0.66,0.0
module_3,315.0,21.89,72.58,5.53
module_3,315.0,31.56,68.44,0.0
module_3,315.0,31.15,68.85,0.0
module_3,315.0,28.22,71.78,0.0
module_3,315.0,24.52,75.48,0.0
module_3,315.0,20.16,79.84,0.0
module_3,315.0,15.29,84.71,0.0
module_3,315.0,13.12,82.52,4.36
module_3,315.0,13.53,77.48,8.99
module_3,315.0,26.93,73.07,0.0
module_3,315.0,27.07,72.93,0.0
module_3,315.0,24.79,75.21,0.0
module_3,315.0,21.48,78.52,0.0
module_3,315.0,17.45,82.55,0.0
module_3,315.0,14.03,85.97,0.0
module_3,315.0,10.74,87.67,1.59
module_3,315.0,9.7,78.19,12.11
module_3,315.0,25.84,74.16,0.0
module_3,315.0,26.08,73.92,0.0
module_3,315.0,23.51,76.49,0.0
module_3,315.0,20.03,79.97,0.0
module_3,315.0,16.47,83.53,0.0
module_3,315.0,13.15,86.85,0.0
module_3,315.0,10.74,89.26,0.0
module_3,315.0,9.78,87.92,2.3
module_3,315.0,25.32,74.68,0.0
module_3,315.0,25.37,74.63,0.0
module_3,315.0,23.32,76.68,0.0
module_3,315.0,19.92,80.08,0.0
module_3,315.0,16.41,83.59,0.0
module_3,315.0,14.3,85.7,0.0
module_3,315.0,11.89,88.11,0.0
module_3,315.0,11.1,88.9,0.0
module_3,315.0,25.45,74.55,0.0
module_3,315.0,25.62,74.38,0.0
module_3,315.0,23.59,76.41,0.0
module_3,315.0,20.49,79.51,0.0
module_3,315.0,18.44,81.56,0.0
module_3,315.0,16.79,83.21,0.0
module_3,315.0,16.52,83.48,0.0
module_3,315.0,25.15,74.85,0.0
module_3,315.0,26.52,73.48,0.0
module_3,315.0,26.52,73.48,0.0
module_3,315.0,24.3,75.7,0.0
module_3,315.0,21.7,78.3,0.0
module_3,315.0,19.81,80.19,0.0
module_3,315.0,19.73,80.27,0.0
module_3,315.0,22.6,77.4,0.0
module_3,315.0,39.37,60.63,0.0
module_4,0.0,100,0.0,0.0
module_4,0.0,100,0.0,0.0
module_4,0.0,100,0.0,0.0
module_4,0.0,100,0.0,0.0
module_4,0.0,100,0.0,0.0
module_4,0.0,100,0.0,0.0
module_4,0.0,100,0.0,0.0
module_4,0.0,100,0.0,0.0
module_4,0.0,100,0.0,0.0
module_4,0.0,100,0.0,0.0
module_4,0.0,100,0.0,0.0
module_4,0.0,100,0.0,0.0
module_4,0.0,100,0.0,0.0
module_4,0.0,100,0.0,0.0
module_4,0.0,100,0.0,0.0
module_4,0.0,100,0.0,0.0
module_4,0.0,100,0.0,0.0
module_4,0.0,100,0.0,0.0
module_4,0.0,100,0.0,0.0
module_4,0.0,100,0.0,0.0
module_4,0.0,100,0.0,0.0
module_4,0.0,100,0.0,0.0
module_4,0.0,100,0.0,0.0
module_4,0.0,100,0.0,0.0
module_4,0.0,100,0.0,0.0
module_4,0.0,100,0.0,0.0
module_4,0.0,100,0.0,0.0
module_4,0.0,100,0.0,0.0
module_4,0.0,100,0.0,0.0
module_4,0.0,100,0.0,0.0
module_4,0.0,100,0.0,0.0
module_4,0.0,100,0.0,0.0
module_4,0.0,100,0.0,0.0
module_4,0.0,100,0.0,0.0
module_4,0.0,100,0.0,0.0
module_4,0.0,100,0.0,0.0
module_4,0.0,17.78,82.22,0.0
module_4,0.0,16.05,83.95,0.0
module_4,0.0,14.55,85.45,0.0
module_4,0.0,12.82,87.18,0.0
module_4,0.0,11.51,88.49,0.0
module_4,0.0,10.47,89.53,0.0
module_4,0.0,17.56,82.44,0.0
module_4,0.0,16.03,83.97,0.0
module_4,0.0,14.44,85.56,0.0
module_4,0.0,12.36,87.64,0.0
module_4,0.0,10.93,89.07,0.0
module_4,0.0,10.16,89.84,0.0
module_4,0.0,18.03,81.97,0.0
module_4,0.0,16.05,83.95,0.0
module_4,0.0,14.47,85.53,0.0
module_4,0.0,12.27,87.73,0.0
module_4,0.0,10.71,89.29,0.0
module_4,0.0,10.08,89.92,0.0
module_4,0.0,18.96,81.04,0.0
module_4,0.0,10.08,89.92,0.0
module_4,0.0,24.27,75.73,0.0
module_4,0.0,44.19,55.81,0.0
module_4,0.0,18.11,81.89,0.0
module_4,0.0,17.97,82.03,0.0
module_4,0.0,18.44,81.56,0.0
module_4,0.0,17.18,82.82,0.0
module_4,0.0,15.73,84.27,0.0
module_4,0.0,17.92,82.08,0.0
module_4,0.0,17.7,82.3,0.0
module_4,0.0,18.25,81.75,0.0
module_4,0.0,16.6,83.4,0.0
module_4,0.0,18.22,81.78,0.0
module_4,0.0,18.05,81.95,0.0
module_4,0.0,14.82,85.18,0.0
module_4,0.0,13.4,86.6,0.0
module_4,0.0,14.03,85.97,0.0
module_4,0.0,12.77,87.23,0.0
module_4,0.0,10.71,89.29,0.0
module_4,0.0,11.62,88.38,0.0
module_4,0.0,10.3,89.7,0.0
module_4,0.0,11.84,88.16,0.0
module_4,0.0,10.03,89.97,0.0
module_4,0.0,10.77,89.23,0.0
module_4,0.0,9.78,90.22,0.0
module_4,0.0,9.75,89.95,0.3
module_4,0.0,9.78,90.16,0.05
module_4,0.0,9.92,90.08,0.0
module_4,0.0,10.05,89.95,0.0
module_4,0.0,18.66,81.34,0.0
module_4,0.0,20.22,79.78,0.0
module_4,0.0,18.93,81.07,0.0
module_4,0.0,20.9,79.1,0.0
module_4,0.0,17.62,82.38,0.0
module_4,0.0,32.85,67.15,0.0
module_4,0.0,17.67,82.33,0.0
module_4,0.0,24.79,75.21,0.0
module_4,0.0,57.51,42.49,0.0
module_4,0.0,62.52,37.48,0.0
module_4,0.0,57.04,42.96,0.0
module_4,0.0,44.03,55.97,0.0
module_4,0.0,46.11,53.89,0.0
module_4,0.0,62.25,37.75,0.0
module_4,0.0,29.81,70.19,0.0
module_4,0.0,52.36,47.64,0.0
module_4,0.0,12.96,87.04,0.0
module_4,0.0,11.29,88.71,0.0
module_4,0.0,9.7,88.38,1.92
module_4,0.0,9.78,90.11,0.11
module_4,0.0,10.36,89.64,0.0
module_4,0.0,9.7,89.21,1.1
module_4,0.0,14.96,85.04,0.0
module_4,0.0,64.0,36.0,0.0
module_4,0.0,10.11,89.89,0.0
module_4,0.0,14.16,85.84,0.0
module_4,0.0,16.52,83.48,0.0
module_4,0.0,15.53,84.47,0.0
module_4,0.0,13.92,86.08,0.0
module_4,0.0,11.67,88.33,0.0
module_4,0.0,9.92,90.08,0.0
module_4,0.0,15.21,84.79,0.0
module_4,0.0,14.38,85.62,0.0
module_4,0.0,12.36,87.64,0.0
module_4,0.0,10.66,89.34,0.0
module_4,0.0,10.0,90.0,0.0
module_4,0.0,14.52,85.48,0.0
module_4,0.0,13.21,86.79,0.0
module_4,0.0,11.64,88.36,0.0
module_4,0.0,10.63,89.37,0.0
module_4,0.0,10.25,89.75,0.0
module_4,0.0,13.86,86.14,0.0
module_4,0.0,12.77,87.23,0.0
module_4,0.0,11.18,88.82,0.0
module_4,0.0,10.47,89.53,0.0
module_4,0.0,14.0,86.0,0.0
module_4,0.0,13.78,86.22,0.0
module_4,0.0,12.58,87.42,0.0
module_4,0.0,10.85,89.15,0.0
module_4,0.0,10.0,90.0,0.0
module_4,0.0,9.7,82.77,7.53
module_4,0.0,14.71,85.29,0.0
module_4,0.0,13.01,86.99,0.0
module_4,0.0,11.04,88.96,0.0
module_4,0.0,10.03,89.97,0.0
module_4,0.0,9.64,68.96,21.4
module_4,0.0,15.07,84.93,0.0
module_4,0.0,14.0,86.0,0.0
module_4,0.0,12.03,87.97,0.0
module_4,0.0,11.04,88.96,0.0
module_4,0.0,16.96,83.04,0.0
module_4,0.0,10.47,89.53,0.0
module_4,0.0,9.73,68.33,21.95
module_4,0.0,9.7,50.63,39.67
module_4,0.0,9.7,46.27,44.03
module_4,0.0,9.7,49.92,40.38
module_4,0.0,9.78,68.44,21.78
module_4,0.0,10.9,88.79,0.3
module_4,0.0,10.19,81.01,8.79
module_4,0.0,10.03,72.6,17.37
module_4,0.0,9.92,66.71,23.37
module_4,0.0,9.89,65.42,24.68
module_4,0.0,9.78,71.51,18.71
module_4,0.0,11.7,88.3,0.0
module_4,0.0,10.85,84.79,4.36
module_4,0.0,10.44,80.44,9.12
module_4,0.0,10.14,77.59,12.27
module_4,0.0,10.0,76.41,13.59
module_4,0.0,9.78,78.99,11.23
module_4,0.0,12.44,87.56,0.0
module_4,0.0,11.51,86.22,2.27
module_4,0.0,10.77,85.01,4.22
module_4,0.0,10.36,84.22,5.42
module_4,0.0,10.08,83.67,6.25
module_4,0.0,9.78,84.68,5.53
module_4,0.0,13.1,86.9,0.0
module_4,0.0,12.0,87.64,0.36
module_4,0.0,11.15,87.15,1.7
module_4,0.0,10.58,86.68,2.74
module_4,0.0,10.11,86.88,3.01
module_4,0.0,9.78,88.38,1.84
module_4,0.0,13.56,86.44,0.0
module_4,0.0,12.74,87.26,0.0
module_4,0.0,11.45,88.44,0.11
module_4,0.0,10.63,88.96,0.41
module_4,0.0,10.14,89.23,0.63
module_4,0.0,9.86,89.29,0.85
module_4,0.0,14.36,85.64,0.0
module_4,0.0,13.21,86.79,0.0
module_4,0.0,11.59,88.41,0.0
module_4,0.0,10.74,89.23,0.03
module_4,0.0,10.16,89.56,0.27
module_4,0.0,9.95,89.95,0.11
module_4,0.0,15.92,84.08,0.0
module_4,0.0,27.12,72.88,0.0
module_4,0.0,42.6,57.4,0.0
module_4,0.0,58.14,41.86,0.0
module_4,0.0,89.56,10.44,0.0
module_4,0.0,99.15,0.85,0.0
module_4,0.0,100,0.0,0.0
module_4,0.0,100,0.0,0.0
module_4,0.0,13.78,86.22,0.0
module_4,0.0,13.34,86.66,0.0
module_4,0.0,12.14,87.86,0.0
module_4,0.0,12.05,87.95,0.0
module_4,0.0,12.03,87.97,0.0
module_4,0.0,9.78,86.14,4.08
module_4,0.0,10.66,89.34,0.0
module_4,0.0,12.08,87.92,0.0
module_4,0.0,9.62,43.7,46.68
module_4,0.0,12.22,87.78,0.0
module_4,0.0,12.68,87.32,0.0
module_4,0.0,13.56,86.44,0.0
module_4,0.0,14.19,85.81,0.0
module_4,0.0,13.04,86.96,0.0
module_4,0.0,12.85,87.15,0.0
module_4,0.0,13.42,86.58,0.0
module_4,0.0,14.82,85.18,0.0
module_4,0.0,14.0,86.0,0.0
module_4,0.0,15.1,84.9,0.0
module_4,0.0,12.36,87.64,0.0
module_4,0.0,9.62,40.82,49.56
module_4,0.0,9.62,39.56,50.82
module_4,0.0,9.62,36.82,53.56
module_4,0.0,9.62,36.93,53.45
module_4,0.0,10.0,84.68,5.32
module_4,0.0,9.78,90.05,0.16
module_4,0.0,9.7,83.53,6.77
module_4,0.0,9.7,75.7,14.6
module_4,0.0,9.7,69.95,20.36
module_4,0.0,9.7,73.21,17.1
module_4,0.0,9.7,75.48,14.82
module_4,0.0,9.7,78.96,11.34
module_4,0.0,9.7,81.86,8.44
module_4,0.0,9.7,85.89,4.41
module_4,0.0,9.7,67.56,22.74
module_4,0.0,9.7,68.99,21.32
module_4,0.0,9.7,72.44,17.86
module_4,0.0,9.7,82.96,7.34
module_4,0.0,9.7,77.67,12.63
module_4,0.0,9.78,87.45,2.77
module_4,0.0,18.08,81.92,0.0
module_4,0.0,26.22,73.78,0.0
module_4,0.0,23.04,76.96,0.0
module_4,0.0,47.78,52.22,0.0
module_4,0.0,36.33,63.67,0.0
module_4,0.0,61.97,38.03,0.0
module_4,0.0,40.41,59.59,0.0
module_4,0.0,44.41,55.59,0.0
module_4,0.0,75.92,24.08,0.0
module_4,0.0,16.41,83.59,0.0
module_4,0.0,96.9,3.1,0.0
module_4,0.0,100,0.0,0.0
module_4,0.0,100,0.0,0.0
module_4,0.0,100,0.0,0.0
module_4,0.0,98.71,1.29,0.0
module_4,0.0,100,0.0,0.0
module_4,0.0,99.45,0.55,0.0
module_4,0.0,100,0.0,0.0
module_4,0.0,100,0.0,0.0
module_4,0.0,92.11,7.89,0.0
module_4,0.0,66.52,33.48,0.0
module_4,0.0,11.67,88.3,0.03
module_4,0.0,11.18,88.63,0.19
module_4,0.0,13.97,86.03,0.0
module_4,0.0,10.9,88.88,0.22
module_4,0.0,10.44,89.1,0.47
module_4,0.0,10.08,89.53,0.38
module_4,0.0,9.89,87.75,2.36
module_4,0.0,9.78,84.96,5.26
module_4,0.0,100,0.0,0.0
module_4,0.0,100,0.0,0.0
module_4,0.0,100,0.0,0.0
module_4,0.0,100,0.0,0.0
module_4,0.0,100,0.0,0.0
module_4,0.0,99.92,0.08,0.0
module_4,0.0,55.75,44.25,0.0
module_4,0.0,84.08,15.92,0.0
module_4,0.0,99.64,0.36,0.0
module_4,0.0,99.97,0.03,0.0
module_4,0.0,100,0.0,0.0
module_4,0.0,33.97,66.03,0.0
module_4,0.0,95.7,4.3,0.0
module_4,0.0,16.3,83.7,0.0
module_4,0.0,100,0.0,0.0
module_4,0.0,100,0.0,0.0
module_4,0.0,100,0.0,0.0
module_4,0.0,100,0.0,0.0
module_4,0.0,100,0.0,0.0
module_4,0.0,100,0.0,0.0
module_4,0.0,100,0.0,0.0
module_4,0.0,100,0.0,0.0
module_4,0.0,100,0.0,0.0
module_4,0.0,100,0.0,0.0
module_4,0.0,100,0.0,0.0
module_4,0.0,100,0.0,0.0
module_4,0.0,100,0.0,0.0
module_4,0.0,100,0.0,0.0
module_4,0.0,100,0.0,0.0
module_4,0.0,100,0.0,0.0
module_4,0.0,100,0.0,0.0
module_4,0.0,100,0.0,0.0
module_4,0.0,100,0.0,0.0
module_4,0.0,100,0.0,0.0
module_4,0.0,47.48,52.52,0.0
module_4,0.0,39.51,60.49,0.0
module_4,0.0,33.18,66.82,0.0
module_4,0.0,35.59,64.41,0.0
module_4,0.0,96.55,3.45,0.0
module_4,0.0,42.41,57.59,0.0
module_4,0.0,33.84,66.16,0.0
module_4,0.0,27.7,72.3,0.0
module_4,0.0,26.47,73.53,0.0
module_4,0.0,75.32,24.68,0.0
module_4,0.0,40.16,59.84,0.0
module_4,0.0,33.81,66.19,0.0
module_4,0.0,26.88,73.12,0.0
module_4,0.0,26.74,73.26,0.0
module_4,0.0,79.07,20.93,0.0
module_4,0.0,44.99,55.01,0.0
module_4,0.0,37.04,62.96,0.0
module_4,0.0,34.99,65.01,0.0
module_4,0.0,44.38,55.62,0.0
module_4,0.0,100,0.0,0.0
module_4,0.0,100,0.0,0.0
module_4,0.0,100,0.0,0.0
module_4,0.0,100,0.0,0.0
module_4,0.0,100,0.0,0.0
module_4,0.0,100,0.0,0.0
module_4,0.0,100,0.0,0.0
module_4,0.0,100,0.0,0.0
module_4,0.0,100,0.0,0.0
module_4,0.0,100,0.0,0.0
module_4,0.0,100,0.0,0.0
module_4,0.0,100,0.0,0.0
module_4,0.0,100,0.0,0.0
module_4,0.0,100,0.0,0.0
module_4,0.0,100,0.0,0.0
module_4,0.0,100,0.0,0.0
module_4,0.0,100,0.0,0.0
module_4,0.0,100,0.0,0.0
module_4,0.0,100,0.0,0.0
module_4,0.0,100,0.0,0.0
module_4,0.0,100,0.0,0.0
module_4,0.0,100,0.0,0.0
module_4,0.0,100,0.0,0.0
module_4,0.0,100,0.0,0.0
module_4,0.0,100,0.0,0.0
module_4,0.0,100,0.0,0.0
module_4,0.0,100,0.0,0.0
module_4,0.0,100,0.0,0.0
module_4,0.0,100,0.0,0.0
module_4,0.0,100,0.0,0.0
module_4,0.0,100,0.0,0.0
module_4,0.0,100,0.0,0.0
module_4,0.0,100,0.0,0.0
module_4,0.0,100,0.0,0.0
module_4,0.0,100,0.0,0.0
module_4,0.0,100,0.0,0.0
module_4,0.0,100,0.0,0.0
module_4,0.0,17.86,82.14,0.0
module_4,0.0,16.63,83.37,0.0
module_4,0.0,15.07,84.93,0.0
module_4,0.0,13.21,86.79,0.0
module_4,0.0,11.7,88.3,0.0
module_4,0.0,10.63,89.37,0.0
module_4,0.0,17.89,82.11,0.0
module_4,0.0,16.58,83.42,0.0
module_4,0.0,14.96,85.04,0.0
module_4,0.0,12.93,87.07,0.0
module_4,0.0,11.29,88.71,0.0
module_4,0.0,10.36,89.64,0.0
module_4,0.0,18.66,81.34,0.0
module_4,0.0,16.96,83.04,0.0
module_4,0.0,14.96,85.04,0.0
module_4,0.0,12.96,87.04,0.0
module_4,0.0,11.21,88.79,0.0
module_4,0.0,10.19,89.81,0.0
module_4,0.0,20.3,79.7,0.0
module_4,0.0,31.81,68.19,0.0
module_4,0.0,47.62,52.38,0.0
module_4,0.0,12.33,87.67,0.0
module_4,0.0,10.85,89.15,0.0
module_4,0.0,15.97,84.03,0.0
module_4,0.0,16.05,83.95,0.0
module_4,0.0,15.67,84.33,0.0
module_4,0.0,14.14,85.86,0.0
module_4,0.0,11.81,88.19,0.0
module_4,0.0,10.11,89.89,0.0
module_4,0.0,15.04,84.96,0.0
module_4,0.0,14.55,85.45,0.0
module_4,0.0,12.79,87.21,0.0
module_4,0.0,10.93,89.07,0.0
module_4,0.0,10.16,89.84,0.0
module_4,0.0,14.14,85.86,0.0
module_4,0.0,13.53,86.47,0.0
module_4,0.0,11.81,88.19,0.0
module_4,0.0,10.77,89.23,0.0
module_4,0.0,10.55,89.45,0.0
module_4,0.0,13.95,86.05,0.0
module_4,0.0,13.04,86.96,0.0
module_4,0.0,11.56,88.44,0.0
module_4,0.0,10.47,89.53,0.0
module_4,0.0,10.44,89.56,0.0
module_4,0.0,14.27,85.73,0.0
module_4,0.0,13.07,86.93,0.0
module_4,0.0,11.4,88.6,0.0
module_4,0.0,10.19,89.81,0.0
module_4,0.0,9.7,86.88,3.42
module_4,0.0,14.77,85.23,0.0
module_4,0.0,13.97,86.03,0.0
module_4,0.0,11.84,88.16,0.0
module_4,0.0,10.47,89.53,0.0
module_4,0.0,9.81,90.19,0.0
module_4,0.0,15.32,84.68,0.0
module_4,0.0,14.79,85.21,0.0
module_4,0.0,13.23,86.77,0.0
module_4,0.0,11.86,88.14,0.0
module_4,0.0,15.37,84.63,0.0
module_4,0.0,11.07,88.93,0.0
module_4,0.0,10.08,81.51,8.41
module_4,0.0,9.78,63.62,26.6
module_4,0.0,9.7,55.84,34.47
module_4,0.0,9.7,54.55,35.75
module_4,0.0,9.78,63.23,26.99
module_4,0.0,11.53,88.47,0.0
module_4,0.0,10.58,84.38,5.04
module_4,0.0,10.14,77.23,12.63
module_4,0.0,10.08,72.6,17.32
module_4,0.0,9.95,69.23,20.82
module_4,0.0,9.78,72.52,17.7
module_4,0.0,12.16,87.84,0.0
module_4,0.0,11.42,86.19,2.38
module_4,0.0,10.68,83.81,5.51
module_4,0.0,10.36,81.45,8.19
module_4,0.0,10.11,79.51,10.38
module_4,0.0,9.84,81.04,9.12
module_4,0.0,12.79,87.21,0.0
module_4,0.0,12.0,87.42,0.58
module_4,0.0,11.15,86.27,2.58
module_4,0.0,10.58,85.04,4.38
module_4,0.0,10.14,84.77,5.1
module_4,0.0,9.89,85.62,4.49
module_4,0.0,13.42,86.58,0.0
module_4,0.0,12.74,87.26,0.0
module_4,0.0,11.56,87.48,0.96
module_4,0.0,10.71,87.51,1.78
module_4,0.0,10.16,87.86,1.97
module_4,0.0,9.92,88.52,1.56
module_4,0.0,14.22,85.78,0.0
module_4,0.0,13.21,86.79,0.0
module_4,0.0,11.86,88.11,0.03
module_4,0.0,10.88,88.99,0.14
module_4,0.0,10.36,89.34,0.3
module_4,0.0,10.0,89.95,0.05
module_4,0.0,15.12,84.88,0.0
module_4,0.0,14.0,86.0,0.0
module_4,0.0,12.03,87.97,0.0
module_4,0.0,11.07,88.88,0.05
module_4,0.0,10.47,89.26,0.27
module_4,0.0,10.08,89.7,0.22
module_4,0.0,17.56,82.44,0.0
module_4,0.0,30.36,69.64,0.0
module_4,0.0,44.96,55.04,0.0
module_4,0.0,63.23,36.77,0.0
module_4,0.0,97.53,2.47,0.0
module_4,0.0,98.85,1.15,0.0
module_4,0.0,100,0.0,0.0
module_4,0.0,100,0.0,0.0
module_4,0.0,9.64,53.95,36.41
module_4,0.0,9.62,33.34,57.04
module_4,0.0,9.7,52.0,38.3
module_4,0.0,9.78,66.22,24.0
module_4,0.0,12.03,87.97,0.0
module_4,0.0,10.58,88.88,0.55
module_4,0.0,10.14,89.23,0.63
module_4,0.0,100,0.0,0.0
module_4,0.0,100,0.0,0.0
module_4,0.0,100,0.0,0.0
module_4,0.0,100,0.0,0.0
module_4,0.0,100,0.0,0.0
module_4,0.0,100,0.0,0.0
module_4,0.0,100,0.0,0.0
module_4,0.0,100,0.0,0.0
module_4,0.0,100,0.0,0.0
module_4,0.0,100,0.0,0.0
module_4,0.0,100,0.0,0.0
module_4,0.0,100,0.0,0.0
module_4,0.0,100,0.0,0.0
module_4,0.0,100,0.0,0.0
module_4,0.0,100,0.0,0.0
module_4,0.0,100,0.0,0.0
module_4,0.0,100,0.0,0.0
module_4,0.0,100,0.0,0.0
module_4,0.0,100,0.0,0.0
module_4,0.0,100,0.0,0.0
module_4,0.0,46.11,53.89,0.0
module_4,0.0,38.63,61.37,0.0
module_4,0.0,32.11,67.89,0.0
module_4,0.0,29.12,70.88,0.0
module_4,0.0,51.18,48.82,0.0
module_4,0.0,44.82,55.18,0.0
module_4,0.0,36.11,63.89,0.0
module_4,0.0,28.05,71.95,0.0
module_4,0.0,24.11,75.89,0.0
module_4,0.0,39.92,60.08,0.0
module_4,0.0,45.04,54.96,0.0
module_4,0.0,36.33,63.67,0.0
module_4,0.0,29.51,70.49,0.0
module_4,0.0,26.74,73.26,0.0
module_4,0.0,49.21,50.79,0.0
module_4,0.0,48.82,51.18,0.0
module_4,0.0,40.88,59.12,0.0
module_4,0.0,39.56,60.44,0.0
module_4,0.0,45.32,54.68,0.0
module_4,0.0,99.42,0.58,0.0
module_4,45.0,100,0.0,0.0
module_4,45.0,100,0.0,0.0
module_4,45.0,100,0.0,0.0
module_4,45.0,100,0.0,0.0
module_4,45.0,100,0.0,0.0
module_4,45.0,100,0.0,0.0
module_4,45.0,100,0.0,0.0
module_4,45.0,100,0.0,0.0
module_4,45.0,100,0.0,0.0
module_4,45.0,100,0.0,0.0
module_4,45.0,100,0.0,0.0
module_4,45.0,100,0.0,0.0
module_4,45.0,100,0.0,0.0
module_4,45.0,100,0.0,0.0
module_4,45.0,100,0.0,0.0
module_4,45.0,100,0.0,0.0
module_4,45.0,100,0.0,0.0
module_4,45.0,100,0.0,0.0
module_4,45.0,100,0.0,0.0
module_4,45.0,100,0.0,0.0
module_4,45.0,98.77,1.23,0.0
module_4,45.0,91.92,8.08,0.0
module_4,45.0,70.93,29.07,0.0
module_4,45.0,100,0.0,0.0
module_4,45.0,58.19,41.81,0.0
module_4,45.0,69.15,30.85,0.0
module_4,45.0,97.23,2.77,0.0
module_4,45.0,100,0.0,0.0
module_4,45.0,45.56,54.44,0.0
module_4,45.0,57.21,42.79,0.0
module_4,45.0,81.32,18.68,0.0
module_4,45.0,97.32,2.68,0.0
module_4,45.0,47.15,52.85,0.0
module_4,45.0,51.21,48.79,0.0
module_4,45.0,68.58,31.42,0.0
module_4,45.0,97.89,2.11,0.0
module_4,45.0,52.55,47.45,0.0
module_4,45.0,53.59,46.41,0.0
module_4,45.0,64.11,35.89,0.0
module_4,45.0,92.0,8.0,0.0
module_4,45.0,9.7,55.37,34.93
module_4,45.0,9.62,47.97,42.41
module_4,45.0,9.62,46.52,43.86
module_4,45.0,9.64,48.85,41.51
module_4,45.0,9.84,81.84,8.33
module_4,45.0,9.73,74.16,16.11
module_4,45.0,9.73,70.16,20.11
module_4,45.0,10.22,88.52,1.26
module_4,45.0,10.11,85.15,4.74
module_4,45.0,10.19,84.74,5.07
module_4,45.0,10.96,89.04,0.0
module_4,45.0,11.07,88.77,0.16
module_4,45.0,11.07,87.92,1.01
module_4,45.0,12.79,87.21,0.0
module_4,45.0,12.44,87.56,0.0
module_4,45.0,12.03,87.97,0.0
module_4,45.0,14.19,85.81,0.0
module_4,45.0,13.29,86.71,0.0
module_4,45.0,13.48,86.52,0.0
module_4,45.0,14.38,85.62,0.0
module_4,45.0,21.37,78.63,0.0
module_4,45.0,34.14,65.86,0.0
module_4,45.0,9.7,76.88,13.42
module_4,45.0,9.64,54.6,35.75
module_4,45.0,9.62,38.11,52.27
module_4,45.0,9.62,34.55,55.84
module_4,45.0,9.62,33.4,56.99
module_4,45.0,9.75,79.92,10.33
module_4,45.0,11.15,88.85,0.0
module_4,45.0,10.47,89.37,0.16
module_4,45.0,10.11,88.49,1.4
module_4,45.0,11.53,88.47,0.0
module_4,45.0,10.6,89.4,0.0
module_4,45.0,12.27,87.73,0.0
module_4,45.0,10.03,88.19,1.78
module_4,45.0,9.62,33.04,57.34
module_4,45.0,9.62,35.37,55.01
module_4,45.0,9.62,35.89,54.49
module_4,45.0,9.62,33.18,57.21
module_4,45.0,9.7,49.29,41.01
module_4,45.0,9.84,72.82,17.34
module_4,45.0,10.16,82.77,7.07
module_4,45.0,9.75,67.84,22.41
module_4,45.0,10.55,84.52,4.93
module_4,45.0,10.11,78.58,11.32
module_4,45.0,10.85,86.85,2.3
module_4,45.0,9.7,57.07,33.23
module_4,45.0,13.56,86.44,0.0
module_4,45.0,14.27,85.73,0.0
module_4,45.0,12.63,87.37,0.0
module_4,45.0,14.52,85.48,0.0
module_4,45.0,14.96,85.04,0.0
module_4,45.0,12.85,87.15,0.0
module_4,45.0,14.71,85.29,0.0
module_4,45.0,14.49,85.51,0.0
module_4,45.0,14.58,85.42,0.0
module_4,45.0,14.38,85.62,0.0
module_4,45.0,14.38,85.62,0.0
module_4,45.0,14.6,85.4,0.0
module_4,45.0,14.88,85.12,0.0
module_4,45.0,20.58,79.42,0.0
module_4,45.0,12.36,87.37,0.27
module_4,45.0,42.22,57.78,0.0
module_4,45.0,36.63,63.37,0.0
module_4,45.0,33.48,66.52,0.0
module_4,45.0,41.56,58.44,0.0
module_4,45.0,17.04,82.96,0.0
module_4,45.0,15.18,84.82,0.0
module_4,45.0,19.56,80.44,0.0
module_4,45.0,38.52,61.48,0.0
module_4,45.0,41.64,58.36,0.0
module_4,45.0,36.27,63.73,0.0
module_4,45.0,27.23,72.77,0.0
module_4,45.0,14.79,85.21,0.0
module_4,45.0,11.34,86.85,1.81
module_4,45.0,10.16,74.22,15.62
module_4,45.0,9.7,46.88,43.42
module_4,45.0,9.64,31.01,59.34
module_4,45.0,9.62,26.08,64.3
module_4,45.0,9.62,28.19,62.19
module_4,45.0,9.62,32.36,58.03
module_4,45.0,10.44,75.97,13.59
module_4,45.0,10.11,65.84,24.05
module_4,45.0,9.89,54.74,35.37
module_4,45.0,9.7,46.22,44.08
module_4,45.0,9.7,37.07,53.23
module_4,45.0,9.62,32.47,57.92
module_4,45.0,10.63,78.47,10.9
module_4,45.0,10.19,71.37,18.44
module_4,45.0,10.0,63.32,26.68
module_4,45.0,9.78,59.12,31.1
module_4,45.0,9.7,47.32,42.99
module_4,45.0,9.62,37.32,53.07
module_4,45.0,10.9,83.18,5.92
module_4,45.0,10.49,80.0,9.51
module_4,45.0,10.11,73.21,16.68
module_4,45.0,9.81,64.38,25.81
module_4,45.0,9.7,52.36,37.95
module_4,45.0,9.62,41.42,48.96
module_4,45.0,11.04,84.41,4.55
module_4,45.0,10.68,82.0,7.32
module_4,45.0,10.16,77.84,12.0
module_4,45.0,9.95,70.49,19.56
module_4,45.0,9.7,57.92,32.38
module_4,45.0,9.64,44.79,45.56
module_4,45.0,11.4,84.85,3.75
module_4,45.0,10.79,82.47,6.74
module_4,45.0,10.27,78.85,10.88
module_4,45.0,9.97,72.44,17.59
module_4,45.0,9.75,64.0,26.25
module_4,45.0,9.7,50.66,39.64
module_4,45.0,12.25,84.63,3.12
module_4,45.0,11.15,82.44,6.41
module_4,45.0,10.47,79.07,10.47
module_4,45.0,10.11,73.4,16.49
module_4,45.0,9.78,65.64,24.58
module_4,45.0,9.7,54.08,36.22
module_4,45.0,13.21,83.67,3.12
module_4,45.0,22.82,76.52,0.66
module_4,45.0,33.95,66.05,0.0
module_4,45.0,39.59,60.41,0.0
module_4,45.0,64.49,35.51,0.0
module_4,45.0,78.63,21.37,0.0
module_4,45.0,90.36,9.64,0.0
module_4,45.0,95.48,4.52,0.0
module_4,45.0,11.78,88.22,0.0
module_4,45.0,11.53,88.47,0.0
module_4,45.0,11.04,87.32,1.64
module_4,45.0,10.93,85.07,4.0
module_4,45.0,9.7,65.45,24.85
module_4,45.0,10.27,84.93,4.79
module_4,45.0,9.62,37.34,53.04
module_4,45.0,9.62,31.95,58.44
module_4,45.0,11.01,84.93,4.05
module_4,45.0,11.04,84.55,4.41
module_4,45.0,11.56,85.64,2.79
module_4,45.0,12.19,85.23,2.58
module_4,45.0,11.29,84.96,3.75
module_4,45.0,12.88,84.82,2.3
module_4,45.0,9.62,29.07,61.32
module_4,45.0,9.62,27.26,63.12
module_4,45.0,9.62,21.4,68.99
module_4,45.0,9.62,22.79,67.59
module_4,45.0,9.62,23.75,66.63
module_4,45.0,9.64,55.64,34.71
module_4,45.0,9.7,62.3,28.0
module_4,45.0,9.62,31.64,58.74
module_4,45.0,9.7,43.4,46.9
module_4,45.0,9.62,36.55,53.84
module_4,45.0,9.62,30.19,60.19
module_4,45.0,9.62,32.49,57.89
module_4,45.0,9.62,36.82,53.56
module_4,45.0,9.64,43.07,47.29
module_4,45.0,9.7,46.68,43.62
module_4,45.0,9.62,39.64,50.74
module_4,45.0,9.64,42.16,48.19
module_4,45.0,9.62,28.82,61.56
module_4,45.0,9.62,30.77,59.62
module_4,45.0,9.62,33.59,56.79
module_4,45.0,9.62,40.36,50.03
module_4,45.0,9.62,37.32,53.07
module_4,45.0,9.62,29.86,60.52
module_4,45.0,14.71,82.85,2.44
module_4,45.0,16.68,80.82,2.49
module_4,45.0,27.89,71.59,0.52
module_4,45.0,27.7,72.3,0.0
module_4,45.0,38.88,61.12,0.0
module_4,45.0,33.75,66.25,0.0
module_4,45.0,13.48,83.15,3.37
module_4,45.0,66.41,33.59,0.0
module_4,45.0,86.52,13.48,0.0
module_4,45.0,93.07,6.93,0.0
module_4,45.0,83.51,16.49,0.0
module_4,45.0,88.47,11.53,0.0
module_4,45.0,95.15,4.85,0.0
module_4,45.0,43.1,56.9,0.0
module_4,45.0,10.49,78.79,10.71
module_4,45.0,10.33,75.92,13.75
module_4,45.0,10.74,80.0,9.26
module_4,45.0,11.67,82.52,5.81
module_4,45.0,10.16,74.58,15.26
module_4,45.0,9.97,67.51,22.52
module_4,45.0,9.78,59.81,30.41
module_4,45.0,9.7,54.6,35.7
module_4,45.0,9.89,64.55,25.56
module_4,45.0,10.11,70.82,19.07
module_4,45.0,9.7,44.88,45.42
module_4,45.0,84.14,15.86,0.0
module_4,45.0,91.67,8.33,0.0
module_4,45.0,95.73,4.27,0.0
module_4,45.0,95.01,4.99,0.0
module_4,45.0,93.89,6.11,0.0
module_4,45.0,96.82,3.18,0.0
module_4,45.0,39.32,60.68,0.0
module_4,45.0,52.05,47.95,0.0
module_4,45.0,72.74,27.26,0.0
module_4,45.0,93.51,6.49,0.0
module_4,45.0,88.47,11.53,0.0
module_4,45.0,25.23,74.77,0.0
module_4,45.0,62.38,37.62,0.0
module_4,45.0,13.84,83.64,2.52
module_4,45.0,100,0.0,0.0
module_4,45.0,100,0.0,0.0
module_4,45.0,100,0.0,0.0
module_4,45.0,100,0.0,0.0
module_4,45.0,100,0.0,0.0
module_4,45.0,100,0.0,0.0
module_4,45.0,100,0.0,0.0
module_4,45.0,100,0.0,0.0
module_4,45.0,100,0.0,0.0
module_4,45.0,100,0.0,0.0
module_4,45.0,100,0.0,0.0
module_4,45.0,100,0.0,0.0
module_4,45.0,100,0.0,0.0
module_4,45.0,100,0.0,0.0
module_4,45.0,100,0.0,0.0
module_4,45.0,100,0.0,0.0
module_4,45.0,100,0.0,0.0
module_4,45.0,100,0.0,0.0
module_4,45.0,100,0.0,0.0
module_4,45.0,100,0.0,0.0
module_4,45.0,15.18,84.82,0.0
module_4,45.0,13.18,86.82,0.0
module_4,45.0,10.9,89.1,0.0
module_4,45.0,10.0,90.0,0.0
module_4,45.0,9.64,60.27,30.08
module_4,45.0,14.66,85.34,0.0
module_4,45.0,12.88,87.12,0.0
module_4,45.0,10.74,88.82,0.44
module_4,45.0,9.86,81.15,8.99
module_4,45.0,9.62,48.9,41.48
module_4,45.0,14.27,85.73,0.0
module_4,45.0,12.58,86.88,0.55
module_4,45.0,11.07,84.05,4.88
module_4,45.0,10.16,77.56,12.27
module_4,45.0,9.7,56.3,34.0
module_4,45.0,14.22,85.37,0.41
module_4,45.0,12.68,85.18,2.14
module_4,45.0,11.15,83.34,5.51
module_4,45.0,10.44,77.48,12.08
module_4,45.0,11.56,74.82,13.62
module_4,45.0,14.22,84.41,1.37
module_4,45.0,12.6,84.11,3.29
module_4,45.0,11.26,81.42,7.32
module_4,45.0,10.58,80.08,9.34
module_4,45.0,10.0,85.97,4.03
module_4,45.0,15.01,83.12,1.86
module_4,45.0,13.97,83.48,2.55
module_4,45.0,12.08,82.36,5.56
module_4,45.0,11.42,85.12,3.45
module_4,45.0,9.78,70.36,19.86
module_4,45.0,16.11,82.22,1.67
module_4,45.0,15.62,82.36,2.03
module_4,45.0,16.74,81.97,1.29
module_4,45.0,28.16,71.84,0.0
module_4,45.0,61.32,38.68,0.0
module_4,45.0,100,0.0,0.0
module_4,45.0,100,0.0,0.0
module_4,45.0,100,0.0,0.0
module_4,45.0,100,0.0,0.0
module_4,45.0,100,0.0,0.0
module_4,45.0,100,0.0,0.0
module_4,45.0,100,0.0,0.0
module_4,45.0,100,0.0,0.0
module_4,45.0,100,0.0,0.0
module_4,45.0,100,0.0,0.0
module_4,45.0,100,0.0,0.0
module_4,45.0,100,0.0,0.0
module_4,45.0,100,0.0,0.0
module_4,45.0,100,0.0,0.0
module_4,45.0,100,0.0,0.0
module_4,45.0,100,0.0,0.0
module_4,45.0,100,0.0,0.0
module_4,45.0,100,0.0,0.0
module_4,45.0,100,0.0,0.0
module_4,45.0,100,0.0,0.0
module_4,45.0,100,0.0,0.0
module_4,45.0,100,0.0,0.0
module_4,45.0,100,0.0,0.0
module_4,45.0,100,0.0,0.0
module_4,45.0,100,0.0,0.0
module_4,45.0,100,0.0,0.0
module_4,45.0,100,0.0,0.0
module_4,45.0,100,0.0,0.0
module_4,45.0,100,0.0,0.0
module_4,45.0,100,0.0,0.0
module_4,45.0,100,0.0,0.0
module_4,45.0,100,0.0,0.0
module_4,45.0,100,0.0,0.0
module_4,45.0,100,0.0,0.0
module_4,45.0,100,0.0,0.0
module_4,45.0,100,0.0,0.0
module_4,45.0,97.81,2.19,0.0
module_4,45.0,93.84,6.16,0.0
module_4,45.0,82.52,17.48,0.0
module_4,45.0,88.36,11.64,0.0
module_4,45.0,72.77,27.23,0.0
module_4,45.0,72.93,27.07,0.0
module_4,45.0,91.89,8.11,0.0
module_4,45.0,83.78,16.22,0.0
module_4,45.0,50.47,49.53,0.0
module_4,45.0,48.27,51.73,0.0
module_4,45.0,77.45,22.55,0.0
module_4,45.0,97.12,2.88,0.0
module_4,45.0,49.4,50.6,0.0
module_4,45.0,47.37,52.63,0.0
module_4,45.0,61.7,38.3,0.0
module_4,45.0,96.96,3.04,0.0
module_4,45.0,54.41,45.59,0.0
module_4,45.0,50.99,49.01,0.0
module_4,45.0,59.78,40.22,0.0
module_4,45.0,82.36,17.64,0.0
module_4,45.0,9.7,70.6,19.7
module_4,45.0,9.7,59.15,31.15
module_4,45.0,9.7,55.34,34.96
module_4,45.0,10.05,86.44,3.51
module_4,45.0,9.89,81.29,8.82
module_4,45.0,9.84,76.6,13.56
module_4,45.0,10.58,88.99,0.44
module_4,45.0,10.36,88.03,1.62
module_4,45.0,10.11,83.48,6.41
module_4,45.0,11.51,88.49,0.0
module_4,45.0,10.82,88.88,0.3
module_4,45.0,10.71,87.95,1.34
module_4,45.0,12.36,87.64,0.0
module_4,45.0,12.08,87.92,0.0
module_4,45.0,12.33,87.67,0.0
module_4,45.0,13.89,86.11,0.0
module_4,45.0,13.78,86.22,0.0
module_4,45.0,13.81,86.19,0.0
module_4,45.0,14.58,85.42,0.0
module_4,45.0,16.52,83.48,0.0
module_4,45.0,29.37,70.63,0.0
module_4,45.0,9.62,35.84,54.55
module_4,45.0,9.62,37.67,52.71
module_4,45.0,10.41,83.15,6.44
module_4,45.0,9.89,61.23,28.88
module_4,45.0,9.7,41.84,48.47
module_4,45.0,9.7,32.44,57.86
module_4,45.0,9.64,30.16,60.19
module_4,45.0,9.62,33.23,57.15
module_4,45.0,10.52,79.59,9.89
module_4,45.0,10.11,67.18,22.71
module_4,45.0,9.86,53.48,36.66
module_4,45.0,9.7,43.64,46.66
module_4,45.0,9.7,42.05,48.25
module_4,45.0,9.62,35.53,54.85
module_4,45.0,10.82,82.63,6.55
module_4,45.0,10.41,77.48,12.11
module_4,45.0,10.11,69.78,20.11
module_4,45.0,9.81,58.19,32.0
module_4,45.0,9.7,48.44,41.86
module_4,45.0,9.64,38.22,52.14
module_4,45.0,10.99,83.73,5.29
module_4,45.0,10.55,80.9,8.55
module_4,45.0,10.16,76.82,13.01
module_4,45.0,9.95,69.45,20.6
module_4,45.0,9.7,58.82,31.48
module_4,45.0,9.67,43.97,46.36
module_4,45.0,11.34,84.99,3.67
module_4,45.0,10.77,82.63,6.6
module_4,45.0,10.27,78.74,10.99
module_4,45.0,10.0,72.19,17.81
module_4,45.0,9.75,63.95,26.3
module_4,45.0,9.7,50.33,39.97
module_4,45.0,11.81,84.99,3.21
module_4,45.0,11.07,83.86,5.07
module_4,45.0,10.52,80.55,8.93
module_4,45.0,10.11,75.04,14.85
module_4,45.0,9.78,65.95,24.27
module_4,45.0,9.7,53.07,37.23
module_4,45.0,12.3,84.93,2.77
module_4,45.0,11.4,83.7,4.9
module_4,45.0,10.58,80.68,8.74
module_4,45.0,10.16,75.97,13.86
module_4,45.0,9.95,68.74,21.32
module_4,45.0,9.7,59.42,30.88
module_4,45.0,14.36,82.68,2.96
module_4,45.0,17.51,79.81,2.68
module_4,45.0,28.03,71.97,0.0
module_4,45.0,43.78,56.22,0.0
module_4,45.0,57.21,42.79,0.0
module_4,45.0,81.73,18.27,0.0
module_4,45.0,91.64,8.36,0.0
module_4,45.0,93.92,6.08,0.0
module_4,45.0,11.01,87.01,1.97
module_4,45.0,10.93,82.63,6.44
module_4,45.0,11.01,83.73,5.26
module_4,45.0,11.15,84.68,4.16
module_4,45.0,11.92,85.37,2.71
module_4,45.0,12.68,85.07,2.25
module_4,45.0,11.45,85.45,3.1
module_4,45.0,18.96,78.9,2.14
module_4,45.0,24.11,74.88,1.01
module_4,45.0,45.78,54.22,0.0
module_4,45.0,58.16,41.84,0.0
module_4,45.0,86.14,13.86,0.0
module_4,45.0,93.21,6.79,0.0
module_4,45.0,74.79,25.21,0.0
module_4,45.0,100,0.0,0.0
module_4,45.0,100,0.0,0.0
module_4,45.0,100,0.0,0.0
module_4,45.0,100,0.0,0.0
module_4,45.0,100,0.0,0.0
module_4,45.0,100,0.0,0.0
module_4,45.0,100,0.0,0.0
module_4,45.0,100,0.0,0.0
module_4,45.0,100,0.0,0.0
module_4,45.0,100,0.0,0.0
module_4,45.0,100,0.0,0.0
module_4,45.0,100,0.0,0.0
module_4,45.0,100,0.0,0.0
module_4,45.0,100,0.0,0.0
module_4,45.0,100,0.0,0.0
module_4,45.0,100,0.0,0.0
module_4,45.0,100,0.0,0.0
module_4,45.0,100,0.0,0.0
module_4,45.0,100,0.0,0.0
module_4,45.0,100,0.0,0.0
module_4,45.0,14.93,85.07,0.0
module_4,45.0,14.3,85.7,0.0
module_4,45.0,11.7,88.3,0.0
module_4,45.0,10.11,89.89,0.0
module_4,45.0,9.7,67.48,22.82
module_4,45.0,14.6,85.4,0.0
module_4,45.0,13.62,86.38,0.0
module_4,45.0,11.34,88.14,0.52
module_4,45.0,10.11,84.19,5.7
module_4,45.0,9.7,61.32,28.99
module_4,45.0,14.3,85.7,0.0
module_4,45.0,13.34,86.41,0.25
module_4,45.0,11.48,86.58,1.95
module_4,45.0,10.22,82.05,7.73
module_4,45.0,9.84,69.37,20.79
module_4,45.0,14.19,85.81,0.0
module_4,45.0,13.29,84.71,2.0
module_4,45.0,11.62,83.32,5.07
module_4,45.0,10.6,78.66,10.74
module_4,45.0,10.68,74.22,15.1
module_4,45.0,14.47,84.3,1.23
module_4,45.0,13.32,83.95,2.74
module_4,45.0,11.78,82.38,5.84
module_4,45.0,10.66,80.03,9.32
module_4,45.0,10.11,84.66,5.23
module_4,45.0,14.79,83.73,1.48
module_4,45.0,14.0,83.42,2.58
module_4,45.0,13.29,83.37,3.34
module_4,45.0,13.04,85.32,1.64
module_4,45.0,10.79,77.01,12.19
module_4,45.0,16.88,81.73,1.4
module_4,45.0,16.6,81.64,1.75
module_4,45.0,16.71,82.0,1.29
module_4,45.0,18.25,77.89,3.86
module_4,45.0,47.07,52.93,0.0
module_4,45.0,100,0.0,0.0
module_4,45.0,100,0.0,0.0
module_4,45.0,100,0.0,0.0
module_4,45.0,100,0.0,0.0
module_4,45.0,100,0.0,0.0
module_4,45.0,100,0.0,0.0
module_4,45.0,100,0.0,0.0
module_4,45.0,100,0.0,0.0
module_4,45.0,100,0.0,0.0
module_4,45.0,100,0.0,0.0
module_4,45.0,100,0.0,0.0
module_4,45.0,100,0.0,0.0
module_4,45.0,100,0.0,0.0
module_4,45.0,100,0.0,0.0
module_4,45.0,100,0.0,0.0
module_4,45.0,100,0.0,0.0
module_4,90.0,100,0.0,0.0
module_4,90.0,100,0.0,0.0
module_4,90.0,100,0.0,0.0
module_4,90.0,100,0.0,0.0
module_4,90.0,100,0.0,0.0
module_4,90.0,100,0.0,0.0
module_4,90.0,100,0.0,0.0
module_4,90.0,100,0.0,0.0
module_4,90.0,100,0.0,0.0
module_4,90.0,100,0.0,0.0
module_4,90.0,100,0.0,0.0
module_4,90.0,100,0.0,0.0
module_4,90.0,100,0.0,0.0
module_4,90.0,100,0.0,0.0
module_4,90.0,100,0.0,0.0
module_4,90.0,100,0.0,0.0
module_4,90.0,100,0.0,0.0
module_4,90.0,100,0.0,0.0
module_4,90.0,100,0.0,0.0
module_4,90.0,100,0.0,0.0
module_4,90.0,100,0.0,0.0
module_4,90.0,100,0.0,0.0
module_4,90.0,100,0.0,0.0
module_4,90.0,100,0.0,0.0
module_4,90.0,100,0.0,0.0
module_4,90.0,100,0.0,0.0
module_4,90.0,100,0.0,0.0
module_4,90.0,100,0.0,0.0
module_4,90.0,100,0.0,0.0
module_4,90.0,100,0.0,0.0
module_4,90.0,100,0.0,0.0
module_4,90.0,100,0.0,0.0
module_4,90.0,100,0.0,0.0
module_4,90.0,100,0.0,0.0
module_4,90.0,100,0.0,0.0
module_4,90.0,100,0.0,0.0
module_4,90.0,9.62,24.41,65.97
module_4,90.0,9.62,22.25,68.14
module_4,90.0,9.62,23.64,66.74
module_4,90.0,9.62,25.62,64.77
module_4,90.0,9.62,27.78,62.6
module_4,90.0,9.62,28.88,61.51
module_4,90.0,9.62,30.77,59.62
module_4,90.0,9.62,21.42,68.96
module_4,90.0,9.67,25.62,64.71
module_4,90.0,9.7,29.97,60.33
module_4,90.0,9.7,34.05,56.25
module_4,90.0,9.7,36.66,53.64
module_4,90.0,9.7,38.79,51.51
module_4,90.0,9.7,41.7,48.6
module_4,90.0,9.7,19.48,70.82
module_4,90.0,9.7,28.79,61.51
module_4,90.0,9.7,38.16,52.14
module_4,90.0,9.7,44.63,45.67
module_4,90.0,9.75,47.84,42.41
module_4,90.0,9.78,50.71,39.51
module_4,90.0,9.89,51.01,39.1
module_4,90.0,9.7,23.42,66.88
module_4,90.0,9.78,35.89,54.33
module_4,90.0,9.89,47.67,42.44
module_4,90.0,10.0,54.82,35.18
module_4,90.0,10.03,57.04,32.93
module_4,90.0,10.11,58.44,31.45
module_4,90.0,10.14,59.01,30.85
module_4,90.0,9.75,34.77,55.48
module_4,90.0,10.0,47.07,42.93
module_4,90.0,10.14,57.1,32.77
module_4,90.0,10.16,62.52,27.32
module_4,90.0,10.27,64.66,25.07
module_4,90.0,10.41,65.86,23.73
module_4,90.0,10.55,66.77,22.68
module_4,90.0,10.11,56.88,33.01
module_4,90.0,10.27,60.55,29.18
module_4,90.0,10.38,65.51,24.11
module_4,90.0,10.44,68.11,21.45
module_4,90.0,10.63,68.93,20.44
module_4,90.0,10.93,70.25,18.82
module_4,90.0,11.21,72.05,16.74
module_4,90.0,12.63,75.78,11.59
module_4,90.0,20.33,79.15,0.52
module_4,90.0,26.63,73.37,0.0
module_4,90.0,33.53,66.47,0.0
module_4,90.0,46.05,53.95,0.0
module_4,90.0,67.51,32.49,0.0
module_4,90.0,79.59,20.41,0.0
module_4,90.0,86.16,13.84,0.0
module_4,90.0,9.62,23.56,66.82
module_4,90.0,9.7,46.99,43.32
module_4,90.0,9.62,42.36,48.03
module_4,90.0,9.62,20.33,70.05
module_4,90.0,9.62,20.33,70.05
module_4,90.0,9.62,21.51,68.88
module_4,90.0,9.62,22.55,67.84
module_4,90.0,9.62,30.68,59.7
module_4,90.0,9.62,24.0,66.38
module_4,90.0,9.62,25.12,65.26
module_4,90.0,9.62,23.64,66.74
module_4,90.0,9.62,24.99,65.4
module_4,90.0,9.62,23.37,67.01
module_4,90.0,9.62,24.19,66.19
module_4,90.0,9.62,23.18,67.21
module_4,90.0,9.64,30.27,60.08
module_4,90.0,9.7,34.49,55.81
module_4,90.0,9.7,39.7,50.6
module_4,90.0,9.89,47.78,42.33
module_4,90.0,10.0,52.3,37.7
module_4,90.0,10.14,59.01,30.85
module_4,90.0,29.64,70.36,0.0
module_4,90.0,21.89,78.11,0.0
module_4,90.0,10.82,68.3,20.88
module_4,90.0,53.51,46.49,0.0
module_4,90.0,66.85,33.15,0.0
module_4,90.0,86.88,13.12,0.0
module_4,90.0,87.21,12.79,0.0
module_4,90.0,78.85,21.15,0.0
module_4,90.0,38.58,61.42,0.0
module_4,90.0,10.11,55.73,34.16
module_4,90.0,11.04,80.44,8.52
module_4,90.0,10.47,69.64,19.89
module_4,90.0,10.58,70.25,19.18
module_4,90.0,10.6,73.78,15.62
module_4,90.0,11.84,71.67,16.49
module_4,90.0,11.07,72.44,16.49
module_4,90.0,11.42,73.64,14.93
module_4,90.0,10.9,71.64,17.45
module_4,90.0,10.66,70.49,18.85
module_4,90.0,10.14,65.86,24.0
module_4,90.0,10.52,70.16,19.32
module_4,90.0,10.49,70.49,19.01
module_4,90.0,10.58,73.56,15.86
module_4,90.0,10.6,70.33,19.07
module_4,90.0,12.25,74.38,13.37
module_4,90.0,11.53,73.75,14.71
module_4,90.0,13.07,78.16,8.77
module_4,90.0,11.18,72.55,16.27
module_4,90.0,10.96,72.0,17.04
module_4,90.0,10.71,70.9,18.38
module_4,90.0,10.96,79.75,9.29
module_4,90.0,26.74,73.26,0.0
module_4,90.0,21.84,77.21,0.96
module_4,90.0,33.15,66.85,0.0
module_4,90.0,55.67,44.33,0.0
module_4,90.0,74.74,25.26,0.0
module_4,90.0,41.32,58.68,0.0
module_4,90.0,86.03,13.97,0.0
module_4,90.0,30.3,69.7,0.0
module_4,90.0,45.81,54.19,0.0
module_4,90.0,55.81,44.19,0.0
module_4,90.0,49.48,50.52,0.0
module_4,90.0,63.84,36.16,0.0
module_4,90.0,33.45,66.55,0.0
module_4,90.0,23.7,75.53,0.77
module_4,90.0,16.96,80.16,2.88
module_4,90.0,81.18,18.82,0.0
module_4,90.0,82.52,17.48,0.0
module_4,90.0,84.41,15.59,0.0
module_4,90.0,80.19,19.81,0.0
module_4,90.0,75.21,24.79,0.0
module_4,90.0,73.26,26.74,0.0
module_4,90.0,15.45,80.52,4.03
module_4,90.0,84.25,15.75,0.0
module_4,90.0,23.42,76.58,0.0
module_4,90.0,100,0.0,0.0
module_4,90.0,100,0.0,0.0
module_4,90.0,100,0.0,0.0
module_4,90.0,100,0.0,0.0
module_4,90.0,100,0.0,0.0
module_4,90.0,100,0.0,0.0
module_4,90.0,100,0.0,0.0
module_4,90.0,100,0.0,0.0
module_4,90.0,100,0.0,0.0
module_4,90.0,100,0.0,0.0
module_4,90.0,100,0.0,0.0
module_4,90.0,100,0.0,0.0
module_4,90.0,100,0.0,0.0
module_4,90.0,100,0.0,0.0
module_4,90.0,100,0.0,0.0
module_4,90.0,100,0.0,0.0
module_4,90.0,100,0.0,0.0
module_4,90.0,100,0.0,0.0
module_4,90.0,100,0.0,0.0
module_4,90.0,100,0.0,0.0
module_4,90.0,71.29,28.71,0.0
module_4,90.0,55.86,44.14,0.0
module_4,90.0,47.97,52.03,0.0
module_4,90.0,58.66,41.26,0.08
module_4,90.0,39.12,60.88,0.0
module_4,90.0,24.03,75.97,0.0
module_4,90.0,21.32,75.21,3.48
module_4,90.0,25.62,66.88,7.51
module_4,90.0,36.19,63.81,0.0
module_4,90.0,23.92,74.88,1.21
module_4,90.0,21.92,72.88,5.21
module_4,90.0,24.38,67.81,7.81
module_4,90.0,37.29,62.71,0.0
module_4,90.0,26.93,70.11,2.96
module_4,90.0,26.3,68.6,5.1
module_4,90.0,28.52,65.97,5.51
module_4,90.0,39.62,60.22,0.16
module_4,90.0,33.95,63.89,2.16
module_4,90.0,32.79,62.6,4.6
module_4,90.0,34.16,62.47,3.37
module_4,90.0,9.62,31.15,59.23
module_4,90.0,9.62,28.49,61.89
module_4,90.0,9.64,38.33,52.03
module_4,90.0,11.4,80.22,8.38
module_4,90.0,9.62,41.64,48.74
module_4,90.0,9.7,46.55,43.75
module_4,90.0,15.34,78.03,6.63
module_4,90.0,9.7,62.74,27.56
module_4,90.0,9.7,55.37,34.93
module_4,90.0,9.89,56.11,34.0
module_4,90.0,10.11,62.96,26.93
module_4,90.0,9.89,60.96,29.15
module_4,90.0,10.03,58.74,31.23
module_4,90.0,10.79,67.67,21.53
module_4,90.0,10.3,75.67,14.03
module_4,90.0,10.25,69.95,19.81
module_4,90.0,10.38,67.42,22.19
module_4,90.0,10.47,69.15,20.38
module_4,90.0,10.47,68.05,21.48
module_4,90.0,10.58,66.63,22.79
module_4,90.0,11.23,70.3,18.47
module_4,90.0,11.4,80.03,8.58
module_4,90.0,11.15,75.45,13.4
module_4,90.0,11.15,74.79,14.05
module_4,90.0,11.12,74.71,14.16
module_4,90.0,11.34,75.12,13.53
module_4,90.0,11.59,72.82,15.59
module_4,90.0,12.0,74.93,13.07
module_4,90.0,12.6,81.18,6.22
module_4,90.0,12.16,78.79,9.04
module_4,90.0,11.97,76.96,11.07
module_4,90.0,11.95,78.11,9.95
module_4,90.0,12.16,77.7,10.14
module_4,90.0,12.49,75.81,11.7
module_4,90.0,12.99,76.74,10.27
module_4,90.0,9.67,41.01,49.32
module_4,90.0,9.62,35.4,54.99
module_4,90.0,9.62,33.45,56.93
module_4,90.0,9.64,34.03,56.33
module_4,90.0,9.78,61.37,28.85
module_4,90.0,9.7,54.41,35.89
module_4,90.0,9.7,50.44,39.86
module_4,90.0,10.14,71.34,18.52
module_4,90.0,10.11,66.05,23.84
module_4,90.0,10.11,63.12,26.77
module_4,90.0,10.77,77.86,11.37
module_4,90.0,10.49,73.75,15.75
module_4,90.0,10.49,70.99,18.52
module_4,90.0,11.59,82.08,6.33
module_4,90.0,11.37,79.12,9.51
module_4,90.0,11.34,76.77,11.89
module_4,90.0,12.63,83.78,3.59
module_4,90.0,12.44,80.99,6.58
module_4,90.0,12.55,79.01,8.44
module_4,90.0,13.18,77.81,9.01
module_4,90.0,19.45,79.86,0.68
module_4,90.0,28.55,71.45,0.0
module_4,90.0,9.62,42.93,47.45
module_4,90.0,9.7,58.38,31.92
module_4,90.0,9.62,28.41,61.97
module_4,90.0,9.62,26.49,63.89
module_4,90.0,9.62,24.44,65.95
module_4,90.0,9.7,60.33,29.97
module_4,90.0,10.27,77.23,12.49
module_4,90.0,10.82,82.68,6.49
module_4,90.0,10.11,71.48,18.41
module_4,90.0,11.07,83.59,5.34
module_4,90.0,10.49,78.38,11.12
module_4,90.0,11.62,85.12,3.26
module_4,90.0,9.97,70.82,19.21
module_4,90.0,9.62,23.84,66.55
module_4,90.0,9.62,26.74,63.64
module_4,90.0,9.62,25.67,64.71
module_4,90.0,9.62,24.3,66.08
module_4,90.0,9.62,26.08,64.3
module_4,90.0,9.62,23.26,67.12
module_4,90.0,9.7,33.86,56.44
module_4,90.0,9.78,53.51,36.71
module_4,90.0,10.14,63.56,26.3
module_4,90.0,10.38,66.93,22.68
module_4,90.0,10.66,70.68,18.66
module_4,90.0,9.7,40.27,50.03
module_4,90.0,12.66,85.45,1.89
module_4,90.0,12.93,85.1,1.97
module_4,90.0,11.95,76.99,11.07
module_4,90.0,13.4,83.45,3.15
module_4,90.0,13.78,85.29,0.93
module_4,90.0,12.05,85.01,2.93
module_4,90.0,12.96,83.18,3.86
module_4,90.0,13.32,84.0,2.68
module_4,90.0,13.23,80.49,6.27
module_4,90.0,12.9,81.37,5.73
module_4,90.0,12.9,82.93,4.16
module_4,90.0,13.37,79.97,6.66
module_4,90.0,13.86,84.96,1.18
module_4,90.0,18.25,80.3,1.45
module_4,90.0,11.84,75.62,12.55
module_4,90.0,36.14,63.86,0.0
module_4,90.0,30.38,69.62,0.0
module_4,90.0,28.05,71.95,0.0
module_4,90.0,34.49,65.51,0.0
module_4,90.0,15.62,79.1,5.29
module_4,90.0,14.03,78.58,7.4
module_4,90.0,17.67,79.95,2.38
module_4,90.0,31.42,68.58,0.0
module_4,90.0,34.82,65.18,0.0
module_4,90.0,29.29,70.71,0.0
module_4,90.0,23.21,76.71,0.08
module_4,90.0,13.81,79.04,7.15
module_4,90.0,100,0.0,0.0
module_4,90.0,100,0.0,0.0
module_4,90.0,100,0.0,0.0
module_4,90.0,100,0.0,0.0
module_4,90.0,100,0.0,0.0
module_4,90.0,100,0.0,0.0
module_4,90.0,100,0.0,0.0
module_4,90.0,100,0.0,0.0
module_4,90.0,100,0.0,0.0
module_4,90.0,100,0.0,0.0
module_4,90.0,100,0.0,0.0
module_4,90.0,100,0.0,0.0
module_4,90.0,100,0.0,0.0
module_4,90.0,100,0.0,0.0
module_4,90.0,100,0.0,0.0
module_4,90.0,100,0.0,0.0
module_4,90.0,100,0.0,0.0
module_4,90.0,100,0.0,0.0
module_4,90.0,100,0.0,0.0
module_4,90.0,100,0.0,0.0
module_4,90.0,100,0.0,0.0
module_4,90.0,100,0.0,0.0
module_4,90.0,100,0.0,0.0
module_4,90.0,100,0.0,0.0
module_4,90.0,100,0.0,0.0
module_4,90.0,100,0.0,0.0
module_4,90.0,100,0.0,0.0
module_4,90.0,100,0.0,0.0
module_4,90.0,100,0.0,0.0
module_4,90.0,100,0.0,0.0
module_4,90.0,100,0.0,0.0
module_4,90.0,100,0.0,0.0
module_4,90.0,100,0.0,0.0
module_4,90.0,100,0.0,0.0
module_4,90.0,100,0.0,0.0
module_4,90.0,100,0.0,0.0
module_4,90.0,9.62,25.67,64.71
module_4,90.0,9.62,22.96,67.42
module_4,90.0,9.62,25.01,65.37
module_4,90.0,9.62,27.29,63.1
module_4,90.0,9.62,29.73,60.66
module_4,90.0,9.62,30.99,59.4
module_4,90.0,9.64,32.68,57.67
module_4,90.0,9.62,19.26,71.12
module_4,90.0,9.7,23.86,66.44
module_4,90.0,9.7,30.08,60.22
module_4,90.0,9.7,36.25,54.05
module_4,90.0,9.7,39.56,50.74
module_4,90.0,9.7,41.75,48.55
module_4,90.0,9.7,43.84,46.47
module_4,90.0,9.62,17.92,72.47
module_4,90.0,9.7,26.96,63.34
module_4,90.0,9.75,37.78,52.47
module_4,90.0,9.78,46.36,43.86
module_4,90.0,9.78,50.49,39.73
module_4,90.0,9.89,52.49,37.62
module_4,90.0,9.95,54.25,35.81
module_4,90.0,9.7,21.32,68.99
module_4,90.0,9.78,34.52,55.7
module_4,90.0,9.97,46.93,43.1
module_4,90.0,10.08,55.75,34.16
module_4,90.0,10.11,59.1,30.79
module_4,90.0,10.14,61.26,28.6
module_4,90.0,10.16,61.92,27.92
module_4,90.0,9.73,37.95,52.33
module_4,90.0,10.08,48.68,41.23
module_4,90.0,10.14,57.42,32.44
module_4,90.0,10.27,63.53,26.19
module_4,90.0,10.36,65.32,24.33
module_4,90.0,10.44,67.21,22.36
module_4,90.0,10.66,68.52,20.82
module_4,90.0,10.27,65.95,23.78
module_4,90.0,10.33,63.92,25.75
module_4,90.0,10.44,66.71,22.85
module_4,90.0,10.52,69.01,20.47
module_4,90.0,10.66,70.58,18.77
module_4,90.0,10.96,71.37,17.67
module_4,90.0,11.18,72.52,16.3
module_4,90.0,11.89,73.07,15.04
module_4,90.0,15.81,80.63,3.56
module_4,90.0,23.64,76.36,0.0
module_4,90.0,30.44,69.56,0.0
module_4,90.0,39.01,60.99,0.0
module_4,90.0,55.75,44.25,0.0
module_4,90.0,73.73,26.27,0.0
module_4,90.0,81.7,18.3,0.0
module_4,90.0,9.62,22.3,68.08
module_4,90.0,9.64,34.33,56.03
module_4,90.0,9.62,20.47,69.92
module_4,90.0,9.62,21.45,68.93
module_4,90.0,9.62,22.49,67.89
module_4,90.0,9.62,23.59,66.79
module_4,90.0,9.62,18.9,71.48
module_4,90.0,9.62,17.7,72.68
module_4,90.0,9.62,16.93,73.45
module_4,90.0,9.7,48.58,41.73
module_4,90.0,9.62,24.71,65.67
module_4,90.0,9.62,23.07,67.32
module_4,90.0,9.75,43.56,46.68
module_4,90.0,10.27,61.45,28.27
module_4,90.0,100,0.0,0.0
module_4,90.0,100,0.0,0.0
module_4,90.0,100,0.0,0.0
module_4,90.0,100,0.0,0.0
module_4,90.0,100,0.0,0.0
module_4,90.0,100,0.0,0.0
module_4,90.0,100,0.0,0.0
module_4,90.0,100,0.0,0.0
module_4,90.0,100,0.0,0.0
module_4,90.0,100,0.0,0.0
module_4,90.0,100,0.0,0.0
module_4,90.0,100,0.0,0.0
module_4,90.0,100,0.0,0.0
module_4,90.0,100,0.0,0.0
module_4,90.0,100,0.0,0.0
module_4,90.0,100,0.0,0.0
module_4,90.0,100,0.0,0.0
module_4,90.0,100,0.0,0.0
module_4,90.0,100,0.0,0.0
module_4,90.0,100,0.0,0.0
module_4,90.0,67.15,32.85,0.0
module_4,90.0,39.97,60.03,0.0
module_4,90.0,28.77,71.23,0.0
module_4,90.0,33.67,63.78,2.55
module_4,90.0,50.68,49.32,0.0
module_4,90.0,26.55,73.45,0.0
module_4,90.0,20.05,76.0,3.95
module_4,90.0,22.11,70.52,7.37
module_4,90.0,43.53,56.47,0.0
module_4,90.0,27.75,71.81,0.44
module_4,90.0,22.85,72.44,4.71
module_4,90.0,24.03,68.68,7.29
module_4,90.0,44.3,55.7,0.0
module_4,90.0,30.27,67.95,1.78
module_4,90.0,27.67,67.51,4.82
module_4,90.0,30.38,65.37,4.25
module_4,90.0,49.53,50.47,0.0
module_4,90.0,38.05,60.44,1.51
module_4,90.0,34.0,62.16,3.84
module_4,90.0,36.0,60.77,3.23
module_4,90.0,9.67,50.74,39.59
module_4,90.0,9.62,36.96,53.42
module_4,90.0,9.67,39.97,50.36
module_4,90.0,10.11,59.95,29.95
module_4,90.0,9.7,59.37,30.93
module_4,90.0,9.7,46.93,43.37
module_4,90.0,10.68,66.16,23.15
module_4,90.0,9.95,72.25,17.81
module_4,90.0,9.86,63.51,26.63
module_4,90.0,10.0,60.79,29.21
module_4,90.0,10.14,61.92,27.95
module_4,90.0,10.11,64.44,25.45
module_4,90.0,10.11,61.53,28.36
module_4,90.0,10.49,65.15,24.36
module_4,90.0,10.66,80.36,8.99
module_4,90.0,10.52,73.23,16.25
module_4,90.0,10.52,69.92,19.56
module_4,90.0,10.66,70.6,18.74
module_4,90.0,10.66,71.32,18.03
module_4,90.0,10.85,69.97,19.18
module_4,90.0,11.29,70.14,18.58
module_4,90.0,11.97,82.33,5.7
module_4,90.0,11.64,78.55,9.81
module_4,90.0,11.48,75.4,13.12
module_4,90.0,11.51,76.36,12.14
module_4,90.0,11.51,75.75,12.74
module_4,90.0,11.78,74.74,13.48
module_4,90.0,12.36,74.71,12.93
module_4,90.0,12.88,82.16,4.96
module_4,90.0,12.38,79.32,8.3
module_4,90.0,12.08,78.49,9.42
module_4,90.0,11.95,78.52,9.53
module_4,90.0,12.11,77.75,10.14
module_4,90.0,12.47,76.71,10.82
module_4,90.0,12.9,76.49,10.6
module_4,90.0,9.7,52.25,38.05
module_4,90.0,9.7,43.53,46.77
module_4,90.0,9.67,39.32,51.01
module_4,90.0,9.97,67.62,22.41
module_4,90.0,9.84,60.9,29.26
module_4,90.0,9.78,56.6,33.62
module_4,90.0,10.41,75.62,13.97
module_4,90.0,10.16,70.55,19.29
module_4,90.0,10.14,67.32,22.55
module_4,90.0,11.04,80.9,8.05
module_4,90.0,10.88,76.96,12.16
module_4,90.0,10.77,74.33,14.9
module_4,90.0,12.08,84.16,3.75
module_4,90.0,11.84,80.63,7.53
module_4,90.0,11.81,78.58,9.62
module_4,90.0,12.9,84.19,2.9
module_4,90.0,12.79,82.41,4.79
module_4,90.0,12.77,79.86,7.37
module_4,90.0,13.29,78.19,8.52
module_4,90.0,15.01,78.11,6.88
module_4,90.0,24.82,75.18,0.0
module_4,90.0,9.75,48.08,42.16
module_4,90.0,10.03,59.04,30.93
module_4,90.0,11.1,73.23,15.67
module_4,135.0,100,0.0,0.0
module_4,135.0,100,0.0,0.0
module_4,135.0,100,0.0,0.0
module_4,135.0,100,0.0,0.0
module_4,135.0,100,0.0,0.0
module_4,135.0,100,0.0,0.0
module_4,135.0,100,0.0,0.0
module_4,135.0,100,0.0,0.0
module_4,135.0,100,0.0,0.0
module_4,135.0,100,0.0,0.0
module_4,135.0,100,0.0,0.0
module_4,135.0,100,0.0,0.0
module_4,135.0,100,0.0,0.0
module_4,135.0,100,0.0,0.0
module_4,135.0,100,0.0,0.0
module_4,135.0,100,0.0,0.0
module_4,135.0,100,0.0,0.0
module_4,135.0,100,0.0,0.0
module_4,135.0,100,0.0,0.0
module_4,135.0,100,0.0,0.0
module_4,135.0,100,0.0,0.0
module_4,135.0,100,0.0,0.0
module_4,135.0,100,0.0,0.0
module_4,135.0,100,0.0,0.0
module_4,135.0,100,0.0,0.0
module_4,135.0,100,0.0,0.0
module_4,135.0,100,0.0,0.0
module_4,135.0,100,0.0,0.0
module_4,135.0,100,0.0,0.0
module_4,135.0,100,0.0,0.0
module_4,135.0,100,0.0,0.0
module_4,135.0,100,0.0,0.0
module_4,135.0,100,0.0,0.0
module_4,135.0,100,0.0,0.0
module_4,135.0,100,0.0,0.0
module_4,135.0,100,0.0,0.0
module_4,135.0,100,0.0,0.0
module_4,135.0,100,0.0,0.0
module_4,135.0,100,0.0,0.0
module_4,135.0,100,0.0,0.0
module_4,135.0,100,0.0,0.0
module_4,135.0,100,0.0,0.0
module_4,135.0,100,0.0,0.0
module_4,135.0,100,0.0,0.0
module_4,135.0,100,0.0,0.0
module_4,135.0,100,0.0,0.0
module_4,135.0,100,0.0,0.0
module_4,135.0,100,0.0,0.0
module_4,135.0,100,0.0,0.0
module_4,135.0,100,0.0,0.0
module_4,135.0,100,0.0,0.0
module_4,135.0,100,0.0,0.0
module_4,135.0,100,0.0,0.0
module_4,135.0,100,0.0,0.0
module_4,135.0,100,0.0,0.0
module_4,135.0,100,0.0,0.0
module_4,135.0,9.92,34.25,55.84
module_4,135.0,9.7,17.89,72.41
module_4,135.0,9.7,16.93,73.37
module_4,135.0,9.62,16.6,73.78
module_4,135.0,9.62,18.08,72.3
module_4,135.0,9.62,18.88,71.51
module_4,135.0,10.08,34.85,55.07
module_4,135.0,9.86,23.45,66.68
module_4,135.0,9.7,19.7,70.6
module_4,135.0,9.7,17.89,72.41
module_4,135.0,9.62,18.3,72.08
module_4,135.0,9.62,17.4,72.99
module_4,135.0,10.14,37.67,52.19
module_4,135.0,9.89,27.92,62.19
module_4,135.0,9.75,21.45,68.79
module_4,135.0,9.7,19.37,70.93
module_4,135.0,9.62,18.3,72.08
module_4,135.0,9.62,16.36,74.03
module_4,135.0,10.14,41.97,47.89
module_4,135.0,10.0,32.0,58.0
module_4,135.0,9.78,26.79,63.42
module_4,135.0,9.7,21.56,68.74
module_4,135.0,9.62,18.66,71.73
module_4,135.0,9.62,16.22,74.16
module_4,135.0,10.22,46.47,43.32
module_4,135.0,10.08,37.51,52.41
module_4,135.0,9.81,30.05,60.14
module_4,135.0,9.7,22.22,68.08
module_4,135.0,9.64,18.9,71.45
module_4,135.0,9.62,16.14,74.25
module_4,135.0,10.27,50.22,39.51
module_4,135.0,10.11,41.56,48.33
module_4,135.0,9.89,32.68,57.42
module_4,135.0,9.7,25.78,64.52
module_4,135.0,9.7,20.0,70.3
module_4,135.0,9.62,16.71,73.67
module_4,135.0,10.44,56.52,33.04
module_4,135.0,10.22,49.15,40.63
module_4,135.0,10.0,37.42,52.58
module_4,135.0,9.78,29.12,61.1
module_4,135.0,9.7,21.67,68.63
module_4,135.0,9.62,17.37,73.01
module_4,135.0,11.37,75.56,13.07
module_4,135.0,14.03,82.33,3.64
module_4,135.0,19.64,80.36,0.0
module_4,135.0,23.89,76.11,0.0
module_4,135.0,28.49,71.51,0.0
module_4,135.0,49.64,50.36,0.0
module_4,135.0,61.18,38.82,0.0
module_4,135.0,80.77,19.23,0.0
module_4,135.0,10.44,58.85,30.71
module_4,135.0,10.44,57.89,31.67
module_4,135.0,10.27,48.85,40.88
module_4,135.0,10.27,49.92,39.81
module_4,135.0,10.22,46.33,43.45
module_4,135.0,9.7,29.73,60.58
module_4,135.0,10.0,42.36,47.64
module_4,135.0,9.62,17.53,72.85
module_4,135.0,10.16,44.36,45.48
module_4,135.0,9.62,19.97,70.41
module_4,135.0,10.22,45.62,44.16
module_4,135.0,10.27,47.12,42.6
module_4,135.0,10.47,59.84,29.7
module_4,135.0,10.27,49.59,40.14
module_4,135.0,10.38,53.86,35.75
module_4,135.0,10.27,46.9,42.82
module_4,135.0,10.33,51.29,38.38
module_4,135.0,10.66,62.96,26.38
module_4,135.0,10.44,56.08,33.48
module_4,135.0,10.93,68.74,20.33
module_4,135.0,10.22,44.79,44.99
module_4,135.0,9.62,19.04,71.34
module_4,135.0,9.62,18.66,71.73
module_4,135.0,9.62,15.23,75.15
module_4,135.0,9.62,16.79,73.59
module_4,135.0,9.62,15.59,74.79
module_4,135.0,9.64,30.58,59.78
module_4,135.0,9.62,26.68,63.7
module_4,135.0,9.62,17.07,73.32
module_4,135.0,9.62,25.78,64.6
module_4,135.0,9.62,24.63,65.75
module_4,135.0,9.62,17.07,73.32
module_4,135.0,9.62,15.56,74.82
module_4,135.0,9.62,15.37,75.01
module_4,135.0,9.62,15.34,75.04
module_4,135.0,9.62,15.4,74.99
module_4,135.0,9.62,15.32,75.07
module_4,135.0,9.62,14.93,75.45
module_4,135.0,9.62,15.51,74.88
module_4,135.0,9.62,15.15,75.23
module_4,135.0,9.62,15.21,75.18
module_4,135.0,9.62,14.99,75.4
module_4,135.0,9.62,15.12,75.26
module_4,135.0,9.62,15.97,74.41
module_4,135.0,11.84,78.16,10.0
module_4,135.0,14.55,81.84,3.62
module_4,135.0,13.18,81.56,5.26
module_4,135.0,18.63,80.52,0.85
module_4,135.0,17.56,82.33,0.11
module_4,135.0,21.53,78.47,0.0
module_4,135.0,17.18,81.59,1.23
module_4,135.0,19.73,80.27,0.0
module_4,135.0,23.1,76.9,0.0
module_4,135.0,10.93,67.78,21.29
module_4,135.0,90.99,9.01,0.0
module_4,135.0,86.88,13.12,0.0
module_4,135.0,90.82,9.18,0.0
module_4,135.0,86.14,13.86,0.0
module_4,135.0,74.22,25.78,0.0
module_4,135.0,84.27,15.73,0.0
module_4,135.0,80.19,19.81,0.0
module_4,135.0,88.41,11.59,0.0
module_4,135.0,85.95,14.05,0.0
module_4,135.0,89.56,10.44,0.0
module_4,135.0,23.04,76.96,0.0
module_4,135.0,10.03,38.96,51.01
module_4,135.0,9.97,35.64,54.38
module_4,135.0,10.14,42.68,47.18
module_4,135.0,10.36,54.11,35.53
module_4,135.0,9.78,31.84,58.38
module_4,135.0,9.7,25.56,64.74
module_4,135.0,9.7,20.74,69.56
module_4,135.0,9.62,19.34,71.04
module_4,135.0,9.7,23.73,66.58
module_4,135.0,9.78,29.12,61.1
module_4,135.0,9.62,15.21,75.18
module_4,135.0,41.45,58.55,0.0
module_4,135.0,63.48,36.52,0.0
module_4,135.0,88.93,11.07,0.0
module_4,135.0,83.81,16.19,0.0
module_4,135.0,88.25,11.75,0.0
module_4,135.0,79.92,20.08,0.0
module_4,135.0,25.92,74.08,0.0
module_4,135.0,21.51,78.49,0.0
module_4,135.0,32.85,67.15,0.0
module_4,135.0,69.75,30.25,0.0
module_4,135.0,50.68,49.32,0.0
module_4,135.0,16.25,83.26,0.49
module_4,135.0,29.04,70.96,0.0
module_4,135.0,11.12,73.48,15.4
module_4,135.0,35.56,64.44,0.0
module_4,135.0,30.38,69.62,0.0
module_4,135.0,22.05,74.63,3.32
module_4,135.0,35.78,64.22,0.0
module_4,135.0,20.52,78.82,0.66
module_4,135.0,17.7,76.99,5.32
module_4,135.0,17.59,73.18,9.23
module_4,135.0,20.38,72.41,7.21
module_4,135.0,20.08,73.37,6.55
module_4,135.0,18.85,72.68,8.47
module_4,135.0,18.0,73.23,8.77
module_4,135.0,20.36,73.97,5.67
module_4,135.0,22.6,70.93,6.47
module_4,135.0,20.93,72.11,6.96
module_4,135.0,21.07,74.25,4.68
module_4,135.0,23.37,73.86,2.77
module_4,135.0,26.16,71.21,2.63
module_4,135.0,23.92,73.26,2.82
module_4,135.0,23.51,73.97,2.52
module_4,135.0,24.9,72.58,2.52
module_4,135.0,9.62,26.05,64.33
module_4,135.0,9.62,22.38,68.0
module_4,135.0,9.64,24.0,66.36
module_4,135.0,9.62,21.48,68.9
module_4,135.0,9.78,41.56,48.66
module_4,135.0,9.7,33.4,56.9
module_4,135.0,9.7,30.93,59.37
module_4,135.0,10.11,47.59,42.3
module_4,135.0,10.03,44.25,45.73
module_4,135.0,9.89,41.34,48.77
module_4,135.0,10.33,54.22,35.45
module_4,135.0,10.27,52.38,37.34
module_4,135.0,10.27,52.68,37.04
module_4,135.0,10.79,59.42,29.78
module_4,135.0,10.68,59.15,30.16
module_4,135.0,10.77,60.38,28.85
module_4,135.0,11.18,64.88,23.95
module_4,135.0,11.18,65.26,23.56
module_4,135.0,11.21,66.66,22.14
module_4,135.0,11.67,70.66,17.67
module_4,135.0,14.38,79.75,5.86
module_4,135.0,19.67,80.27,0.05
module_4,135.0,9.62,27.56,62.82
module_4,135.0,9.7,36.16,54.14
module_4,135.0,9.62,18.99,71.4
module_4,135.0,9.62,17.89,72.49
module_4,135.0,9.62,16.85,73.53
module_4,135.0,10.11,49.26,40.63
module_4,135.0,10.27,54.66,35.07
module_4,135.0,9.89,45.67,44.44
module_4,135.0,10.44,55.4,34.16
module_4,135.0,9.62,16.49,73.89
module_4,135.0,9.62,17.18,73.21
module_4,135.0,9.62,16.55,73.84
module_4,135.0,9.62,16.08,74.3
module_4,135.0,9.64,22.03,68.33
module_4,135.0,9.73,33.67,56.6
module_4,135.0,10.0,42.82,47.18
module_4,135.0,9.7,30.49,59.81
module_4,135.0,10.14,46.66,43.21
module_4,135.0,9.89,38.68,51.42
module_4,135.0,10.27,51.32,38.41
module_4,135.0,9.7,24.93,65.37
module_4,135.0,11.07,62.49,26.44
module_4,135.0,11.18,64.77,24.05
module_4,135.0,10.99,62.58,26.44
module_4,135.0,11.32,66.79,21.89
module_4,135.0,11.62,68.03,20.36
module_4,135.0,11.45,67.95,20.6
module_4,135.0,11.23,66.9,21.86
module_4,135.0,11.4,67.56,21.04
module_4,135.0,11.29,66.79,21.92
module_4,135.0,11.21,66.71,22.08
module_4,135.0,11.62,69.86,18.52
module_4,135.0,11.64,69.62,18.74
module_4,135.0,14.3,80.47,5.23
module_4,135.0,10.9,61.34,27.75
module_4,135.0,22.79,77.21,0.0
module_4,135.0,20.3,79.59,0.11
module_4,135.0,19.34,80.14,0.52
module_4,135.0,22.11,77.89,0.0
module_4,135.0,12.85,77.95,9.21
module_4,135.0,12.11,73.21,14.68
module_4,135.0,14.33,81.01,4.66
module_4,135.0,20.88,79.12,0.0
module_4,135.0,21.45,78.55,0.0
module_4,135.0,20.3,79.7,0.0
module_4,135.0,17.07,81.53,1.4
module_4,135.0,11.81,70.99,17.21
module_4,135.0,10.44,56.05,33.51
module_4,135.0,10.41,54.27,35.32
module_4,135.0,10.27,52.05,37.67
module_4,135.0,10.55,58.27,31.18
module_4,135.0,11.21,64.99,23.81
module_4,135.0,11.59,69.29,19.12
module_4,135.0,9.7,37.32,52.99
module_4,135.0,10.08,46.33,43.59
module_4,135.0,10.36,53.95,35.7
module_4,135.0,10.93,60.27,28.79
module_4,135.0,11.15,63.48,25.37
module_4,135.0,9.7,36.74,53.56
module_4,135.0,9.92,42.9,47.18
module_4,135.0,10.27,51.01,38.71
module_4,135.0,10.71,58.58,30.71
module_4,135.0,11.04,61.04,27.92
module_4,135.0,9.92,42.44,47.64
module_4,135.0,10.0,41.67,48.33
module_4,135.0,10.27,48.58,41.15
module_4,135.0,10.58,55.78,33.64
module_4,135.0,10.93,59.64,29.42
module_4,135.0,9.64,24.93,65.42
module_4,135.0,9.81,39.34,50.85
module_4,135.0,10.19,47.32,42.49
module_4,135.0,10.52,55.29,34.19
module_4,135.0,10.9,58.14,30.96
module_4,135.0,9.62,22.58,67.81
module_4,135.0,9.78,40.49,49.73
module_4,135.0,10.14,50.9,38.96
module_4,135.0,10.6,56.74,32.66
module_4,135.0,10.96,59.12,29.92
module_4,135.0,9.62,32.14,58.25
module_4,135.0,9.78,46.11,44.11
module_4,135.0,10.14,53.1,36.77
module_4,135.0,10.66,59.53,29.81
module_4,135.0,11.12,62.88,26.0
module_4,135.0,100,0.0,0.0
module_4,135.0,100,0.0,0.0
module_4,135.0,100,0.0,0.0
module_4,135.0,100,0.0,0.0
module_4,135.0,100,0.0,0.0
module_4,135.0,100,0.0,0.0
module_4,135.0,100,0.0,0.0
module_4,135.0,100,0.0,0.0
module_4,135.0,100,0.0,0.0
module_4,135.0,100,0.0,0.0
module_4,135.0,100,0.0,0.0
module_4,135.0,100,0.0,0.0
module_4,135.0,100,0.0,0.0
module_4,135.0,100,0.0,0.0
module_4,135.0,100,0.0,0.0
module_4,135.0,100,0.0,0.0
module_4,135.0,100,0.0,0.0
module_4,135.0,100,0.0,0.0
module_4,135.0,100,0.0,0.0
module_4,135.0,100,0.0,0.0
module_4,135.0,100,0.0,0.0
module_4,135.0,100,0.0,0.0
module_4,135.0,100,0.0,0.0
module_4,135.0,100,0.0,0.0
module_4,135.0,100,0.0,0.0
module_4,135.0,100,0.0,0.0
module_4,135.0,100,0.0,0.0
module_4,135.0,100,0.0,0.0
module_4,135.0,100,0.0,0.0
module_4,135.0,100,0.0,0.0
module_4,135.0,100,0.0,0.0
module_4,135.0,100,0.0,0.0
module_4,135.0,100,0.0,0.0
module_4,135.0,100,0.0,0.0
module_4,135.0,100,0.0,0.0
module_4,135.0,100,0.0,0.0
module_4,135.0,100,0.0,0.0
module_4,135.0,100,0.0,0.0
module_4,135.0,100,0.0,0.0
module_4,135.0,100,0.0,0.0
module_4,135.0,100,0.0,0.0
module_4,135.0,100,0.0,0.0
module_4,135.0,100,0.0,0.0
module_4,135.0,100,0.0,0.0
module_4,135.0,100,0.0,0.0
module_4,135.0,100,0.0,0.0
module_4,135.0,100,0.0,0.0
module_4,135.0,100,0.0,0.0
module_4,135.0,100,0.0,0.0
module_4,135.0,100,0.0,0.0
module_4,135.0,100,0.0,0.0
module_4,135.0,100,0.0,0.0
module_4,135.0,100,0.0,0.0
module_4,135.0,100,0.0,0.0
module_4,135.0,100,0.0,0.0
module_4,135.0,100,0.0,0.0
module_4,135.0,10.11,39.12,50.77
module_4,135.0,9.75,22.44,67.81
module_4,135.0,9.62,16.66,73.73
module_4,135.0,9.62,16.0,74.38
module_4,135.0,9.62,16.88,73.51
module_4,135.0,9.62,20.25,70.14
module_4,135.0,10.11,38.27,51.62
module_4,135.0,9.89,26.03,64.08
module_4,135.0,9.7,19.45,70.85
module_4,135.0,9.7,19.07,71.23
module_4,135.0,9.64,18.38,71.97
module_4,135.0,9.62,17.67,72.71
module_4,135.0,10.14,40.03,49.84
module_4,135.0,10.0,31.62,58.38
module_4,135.0,9.78,24.22,66.0
module_4,135.0,9.7,20.52,69.78
module_4,135.0,9.64,18.77,71.59
module_4,135.0,9.62,17.1,73.29
module_4,135.0,10.14,44.66,45.21
module_4,135.0,10.08,36.38,53.53
module_4,135.0,9.81,27.45,62.74
module_4,135.0,9.7,22.05,68.25
module_4,135.0,9.64,19.15,71.21
module_4,135.0,9.62,16.9,73.48
module_4,135.0,10.25,47.15,42.6
module_4,135.0,10.11,38.82,51.07
module_4,135.0,9.89,31.51,58.6
module_4,135.0,9.7,25.23,65.07
module_4,135.0,9.7,19.97,70.33
module_4,135.0,9.62,17.21,73.18
module_4,135.0,10.36,54.19,35.45
module_4,135.0,10.14,46.6,43.26
module_4,135.0,10.0,36.41,53.59
module_4,135.0,9.75,27.53,62.71
module_4,135.0,9.7,20.9,69.4
module_4,135.0,9.62,17.59,72.79
module_4,135.0,10.6,62.3,27.1
module_4,135.0,10.27,50.22,39.51
module_4,135.0,10.03,39.18,50.79
module_4,135.0,9.78,30.16,60.05
module_4,135.0,9.7,24.82,65.48
module_4,135.0,9.64,19.1,71.26
module_4,135.0,11.01,69.18,19.81
module_4,135.0,14.88,82.36,2.77
module_4,135.0,17.84,82.08,0.08
module_4,135.0,21.48,78.52,0.0
module_4,135.0,36.11,63.89,0.0
module_4,135.0,46.66,53.34,0.0
module_4,135.0,73.95,26.05,0.0
module_4,135.0,85.37,14.63,0.0
module_4,135.0,30.19,69.81,0.0
module_4,135.0,22.79,77.21,0.0
module_4,135.0,29.75,70.25,0.0
module_4,135.0,24.3,71.51,4.19
module_4,135.0,21.15,76.55,2.3
module_4,135.0,17.75,75.34,6.9
module_4,135.0,17.04,73.42,9.53
module_4,135.0,18.71,72.19,9.1
module_4,135.0,21.67,72.41,5.92
module_4,135.0,18.27,72.96,8.77
module_4,135.0,18.63,73.34,8.03
module_4,135.0,20.03,74.16,5.81
module_4,135.0,24.27,70.85,4.88
module_4,135.0,22.16,73.95,3.89
module_4,135.0,21.84,74.79,3.37
module_4,135.0,21.59,74.58,3.84
module_4,135.0,25.89,70.74,3.37
module_4,135.0,25.15,72.58,2.27
module_4,135.0,24.71,72.9,2.38
module_4,135.0,25.64,72.11,2.25
module_4,135.0,9.7,32.03,58.27
module_4,135.0,9.64,26.99,63.37
module_4,135.0,9.62,21.34,69.04
module_4,135.0,9.75,40.22,50.03
module_4,135.0,9.78,38.25,51.97
module_4,135.0,9.73,34.74,55.53
module_4,135.0,10.05,47.12,42.82
module_4,135.0,9.97,43.48,46.55
module_4,135.0,10.0,43.86,46.14
module_4,135.0,10.27,52.9,36.82
module_4,135.0,10.19,50.58,39.23
module_4,135.0,10.14,48.9,40.96
module_4,135.0,10.66,58.16,31.18
module_4,135.0,10.52,56.9,32.58
module_4,135.0,10.49,57.75,31.75
module_4,135.0,11.18,63.73,25.1
module_4,135.0,11.07,63.21,25.73
module_4,135.0,11.07,64.08,24.85
module_4,135.0,11.26,67.48,21.26
module_4,135.0,12.71,77.51,9.78
module_4,135.0,17.64,81.37,0.99
module_4,135.0,9.7,36.93,53.37
module_4,135.0,9.62,17.67,72.71
module_4,135.0,10.14,51.37,38.49
module_4,135.0,9.81,45.29,44.9
module_4,135.0,10.6,58.05,31.34
module_4,135.0,9.62,17.34,73.04
module_4,135.0,10.88,60.66,28.47
module_4,135.0,12.25,68.49,19.26
module_4,135.0,10.38,54.79,34.82
module_4,135.0,10.55,57.37,32.08
module_4,135.0,10.93,62.0,27.07
module_4,135.0,11.4,67.73,20.88
module_4,135.0,9.62,22.77,67.62
module_4,135.0,9.78,40.74,49.48
module_4,135.0,10.27,52.71,37.01
module_4,135.0,10.79,59.12,30.08
module_4,135.0,11.18,64.47,24.36
module_4,135.0,9.62,23.81,66.58
module_4,135.0,9.78,38.55,51.67
module_4,135.0,10.14,48.96,40.9
module_4,135.0,10.49,55.67,33.84
module_4,135.0,11.04,61.37,27.59
module_4,135.0,10.27,50.82,38.9
module_4,135.0,9.89,40.08,50.03
module_4,135.0,10.14,45.95,43.92
module_4,135.0,10.44,54.27,35.29
module_4,135.0,10.9,59.7,29.4
module_4,135.0,9.64,23.84,66.52
module_4,135.0,9.78,35.86,54.36
module_4,135.0,10.11,44.71,45.18
module_4,135.0,10.44,53.34,36.22
module_4,135.0,10.85,57.92,31.23
module_4,135.0,9.62,18.49,71.89
module_4,135.0,9.7,34.52,55.78
module_4,135.0,10.08,45.53,44.38
module_4,135.0,10.44,53.95,35.62
module_4,135.0,10.96,58.33,30.71
module_4,135.0,9.62,20.25,70.14
module_4,135.0,9.7,39.59,50.71
module_4,135.0,10.11,52.16,37.73
module_4,135.0,10.47,56.82,32.71
module_4,135.0,11.07,61.15,27.78
module_4,180.0,100,0.0,0.0
module_4,180.0,100,0.0,0.0
module_4,180.0,100,0.0,0.0
module_4,180.0,100,0.0,0.0
module_4,180.0,100,0.0,0.0
module_4,180.0,100,0.0,0.0
module_4,180.0,100,0.0,0.0
module_4,180.0,100,0.0,0.0
module_4,180.0,100,0.0,0.0
module_4,180.0,100,0.0,0.0
module_4,180.0,100,0.0,0.0
module_4,180.0,100,0.0,0.0
module_4,180.0,100,0.0,0.0
module_4,180.0,100,0.0,0.0
module_4,180.0,100,0.0,0.0
module_4,180.0,100,0.0,0.0
module_4,180.0,100,0.0,0.0
module_4,180.0,100,0.0,0.0
module_4,180.0,100,0.0,0.0
module_4,180.0,100,0.0,0.0
module_4,180.0,100,0.0,0.0
module_4,180.0,100,0.0,0.0
module_4,180.0,100,0.0,0.0
module_4,180.0,100,0.0,0.0
module_4,180.0,100,0.0,0.0
module_4,180.0,100,0.0,0.0
module_4,180.0,100,0.0,0.0
module_4,180.0,100,0.0,0.0
module_4,180.0,100,0.0,0.0
module_4,180.0,100,0.0,0.0
module_4,180.0,100,0.0,0.0
module_4,180.0,100,0.0,0.0
module_4,180.0,100,0.0,0.0
module_4,180.0,100,0.0,0.0
module_4,180.0,100,0.0,0.0
module_4,180.0,100,0.0,0.0
module_4,180.0,100,0.0,0.0
module_4,180.0,100,0.0,0.0
module_4,180.0,100,0.0,0.0
module_4,180.0,100,0.0,0.0
module_4,180.0,18.05,81.67,0.27
module_4,180.0,14.52,80.96,4.52
module_4,180.0,9.62,20.96,69.42
module_4,180.0,11.75,70.85,17.4
module_4,180.0,9.64,20.93,69.42
module_4,180.0,9.78,29.12,61.1
module_4,180.0,10.0,40.47,49.53
module_4,180.0,10.38,49.4,40.22
module_4,180.0,10.85,58.49,30.66
module_4,180.0,11.34,65.67,22.99
module_4,180.0,9.64,19.23,71.12
module_4,180.0,9.78,28.44,61.78
module_4,180.0,10.05,39.67,50.27
module_4,180.0,10.36,48.77,40.88
module_4,180.0,10.74,57.07,32.19
module_4,180.0,11.26,63.48,25.26
module_4,180.0,9.7,20.58,69.73
module_4,180.0,9.78,31.48,58.74
module_4,180.0,10.11,40.47,49.42
module_4,180.0,10.38,49.29,40.33
module_4,180.0,10.79,57.4,31.81
module_4,180.0,11.26,63.56,25.18
module_4,180.0,9.7,24.96,65.34
module_4,180.0,9.7,29.12,61.18
module_4,180.0,10.14,44.9,44.96
module_4,180.0,9.89,36.33,53.78
module_4,180.0,9.62,16.33,74.05
module_4,180.0,9.62,16.22,74.16
module_4,180.0,9.62,14.0,76.38
module_4,180.0,10.27,48.03,41.7
module_4,180.0,10.0,40.22,49.78
module_4,180.0,9.7,25.15,65.15
module_4,180.0,19.1,80.79,0.11
module_4,180.0,18.19,81.37,0.44
module_4,180.0,20.3,79.7,0.0
module_4,180.0,20.05,79.89,0.05
module_4,180.0,18.82,81.18,0.0
module_4,180.0,16.58,82.63,0.79
module_4,180.0,19.48,80.52,0.0
module_4,180.0,21.18,78.82,0.0
module_4,180.0,11.01,59.95,29.04
module_4,180.0,11.01,61.51,27.48
module_4,180.0,14.47,81.04,4.49
module_4,180.0,13.21,78.93,7.86
module_4,180.0,12.3,74.63,13.07
module_4,180.0,12.0,73.01,14.99
module_4,180.0,14.44,81.26,4.3
module_4,180.0,9.62,14.11,76.27
module_4,180.0,9.62,14.11,76.27
module_4,180.0,9.62,14.63,75.75
module_4,180.0,9.7,23.34,66.96
module_4,180.0,9.62,14.77,75.62
module_4,180.0,9.62,14.19,76.19
module_4,180.0,9.7,22.52,67.78
module_4,180.0,9.78,32.99,57.23
module_4,180.0,10.14,41.07,48.79
module_4,180.0,10.11,36.88,53.01
module_4,180.0,9.89,33.97,56.14
module_4,180.0,10.27,46.38,43.34
module_4,180.0,9.62,18.47,71.92
module_4,180.0,11.59,68.33,20.08
module_4,180.0,11.48,66.52,22.0
module_4,180.0,11.42,66.14,22.44
module_4,180.0,11.48,66.88,21.64
module_4,180.0,11.45,66.74,21.81
module_4,180.0,11.62,69.81,18.58
module_4,180.0,10.93,58.19,30.88
module_4,180.0,10.55,54.03,35.42
module_4,180.0,11.07,61.73,27.21
module_4,180.0,11.53,68.22,20.25
module_4,180.0,11.62,70.49,17.89
module_4,180.0,11.59,69.18,19.23
module_4,180.0,11.23,64.63,24.14
module_4,180.0,10.44,49.04,40.52
module_4,180.0,9.62,14.66,75.73
module_4,180.0,100,0.0,0.0
module_4,180.0,100,0.0,0.0
module_4,180.0,100,0.0,0.0
module_4,180.0,100,0.0,0.0
module_4,180.0,100,0.0,0.0
module_4,180.0,100,0.0,0.0
module_4,180.0,100,0.0,0.0
module_4,180.0,100,0.0,0.0
module_4,180.0,100,0.0,0.0
module_4,180.0,100,0.0,0.0
module_4,180.0,100,0.0,0.0
module_4,180.0,100,0.0,0.0
module_4,180.0,100,0.0,0.0
module_4,180.0,100,0.0,0.0
module_4,180.0,100,0.0,0.0
module_4,180.0,100,0.0,0.0
module_4,180.0,26.82,71.37,1.81
module_4,180.0,19.18,72.71,8.11
module_4,180.0,19.81,74.82,5.37
module_4,180.0,22.19,75.07,2.74
module_4,180.0,24.22,73.78,2.0
module_4,180.0,21.23,78.63,0.14
module_4,180.0,16.19,72.03,11.78
module_4,180.0,17.51,75.97,6.52
module_4,180.0,20.74,76.3,2.96
module_4,180.0,23.07,74.3,2.63
module_4,180.0,19.86,79.92,0.22
module_4,180.0,15.81,74.08,10.11
module_4,180.0,17.95,75.75,6.3
module_4,180.0,20.0,76.82,3.18
module_4,180.0,22.79,74.93,2.27
module_4,180.0,23.53,74.99,1.48
module_4,180.0,17.64,73.45,8.9
module_4,180.0,18.79,75.67,5.53
module_4,180.0,21.07,76.14,2.79
module_4,180.0,23.37,74.47,2.16
module_4,180.0,10.93,63.07,26.0
module_4,180.0,10.47,56.44,33.1
module_4,180.0,10.85,58.93,30.22
module_4,180.0,11.4,64.19,24.41
module_4,180.0,11.78,71.29,16.93
module_4,180.0,9.73,38.41,51.86
module_4,180.0,10.11,45.07,44.82
module_4,180.0,10.52,53.29,36.19
module_4,180.0,11.1,61.21,27.7
module_4,180.0,11.42,64.99,23.59
module_4,180.0,9.7,24.58,65.73
module_4,180.0,9.95,38.03,52.03
module_4,180.0,10.38,48.71,40.9
module_4,180.0,10.82,57.18,32.0
module_4,180.0,11.15,61.34,27.51
module_4,180.0,9.92,35.21,54.88
module_4,180.0,10.0,37.21,52.79
module_4,180.0,10.27,45.75,43.97
module_4,180.0,10.68,54.71,34.6
module_4,180.0,11.01,58.05,30.93
module_4,180.0,9.7,25.62,64.68
module_4,180.0,9.89,32.68,57.42
module_4,180.0,10.22,42.96,46.82
module_4,180.0,10.55,53.32,36.14
module_4,180.0,10.96,57.62,31.42
module_4,180.0,9.62,17.1,73.29
module_4,180.0,9.78,31.23,58.99
module_4,180.0,10.14,43.21,46.66
module_4,180.0,10.55,54.41,35.04
module_4,180.0,10.93,58.25,30.82
module_4,180.0,9.62,18.05,72.33
module_4,180.0,9.78,33.12,57.1
module_4,180.0,10.14,44.58,45.29
module_4,180.0,10.66,55.23,34.11
module_4,180.0,11.1,61.29,27.62
module_4,180.0,44.96,55.04,0.0
module_4,180.0,39.62,60.38,0.0
module_4,180.0,32.08,67.92,0.0
module_4,180.0,26.0,74.0,0.0
module_4,180.0,22.25,77.75,0.0
module_4,180.0,18.96,81.04,0.0
module_4,180.0,15.34,82.85,1.81
module_4,180.0,11.7,77.56,10.74
module_4,180.0,9.62,22.19,68.19
module_4,180.0,9.7,28.25,62.05
module_4,180.0,9.86,34.47,55.67
module_4,180.0,10.08,40.03,49.89
module_4,180.0,10.41,53.01,36.58
module_4,180.0,10.68,63.29,26.03
module_4,180.0,9.62,18.14,72.25
module_4,180.0,9.7,24.22,66.08
module_4,180.0,9.78,30.38,59.84
module_4,180.0,10.0,37.15,52.85
module_4,180.0,10.14,45.62,44.25
module_4,180.0,10.49,53.4,36.11
module_4,180.0,9.62,16.77,73.62
module_4,180.0,9.7,21.29,69.01
module_4,180.0,9.7,27.07,63.23
module_4,180.0,9.92,34.22,55.86
module_4,180.0,10.11,40.08,49.81
module_4,180.0,10.27,47.34,42.38
module_4,180.0,9.62,16.14,74.25
module_4,180.0,9.7,20.16,70.14
module_4,180.0,9.7,25.42,64.88
module_4,180.0,9.89,30.82,59.29
module_4,180.0,10.11,36.11,53.78
module_4,180.0,10.22,43.34,46.44
module_4,180.0,9.62,15.37,75.01
module_4,180.0,9.64,19.12,71.23
module_4,180.0,9.7,24.36,65.95
module_4,180.0,9.78,27.59,62.63
module_4,180.0,10.0,33.42,56.58
module_4,180.0,10.14,39.62,50.25
module_4,180.0,9.62,15.7,74.68
module_4,180.0,9.64,18.68,71.67
module_4,180.0,9.7,21.81,68.49
module_4,180.0,9.73,25.56,64.71
module_4,180.0,9.92,30.3,59.78
module_4,180.0,10.14,35.23,54.63
module_4,180.0,9.62,16.41,73.97
module_4,180.0,9.62,17.73,72.66
module_4,180.0,9.64,18.88,71.48
module_4,180.0,9.7,21.97,68.33
module_4,180.0,9.75,26.14,64.11
module_4,180.0,10.11,35.1,54.79
module_4,180.0,35.7,64.3,0.0
module_4,180.0,24.3,75.7,0.0
module_4,180.0,31.97,68.03,0.0
module_4,180.0,29.01,70.99,0.0
module_4,180.0,53.23,46.77,0.0
module_4,180.0,47.86,52.14,0.0
module_4,180.0,50.22,49.78,0.0
module_4,180.0,42.79,57.21,0.0
module_4,180.0,46.36,53.64,0.0
module_4,180.0,39.07,60.93,0.0
module_4,180.0,21.37,78.63,0.0
module_4,180.0,9.62,24.33,66.05
module_4,180.0,9.7,29.48,60.82
module_4,180.0,9.7,25.75,64.55
module_4,180.0,9.62,15.64,74.74
module_4,180.0,9.97,38.14,51.89
module_4,180.0,10.11,43.81,46.08
module_4,180.0,9.86,35.62,54.52
module_4,180.0,11.07,69.92,19.01
module_4,180.0,16.9,82.93,0.16
module_4,180.0,43.32,56.68,0.0
module_4,180.0,24.63,75.37,0.0
module_4,180.0,30.03,69.97,0.0
module_4,180.0,37.37,62.63,0.0
module_4,180.0,48.49,51.51,0.0
module_4,180.0,50.44,49.56,0.0
module_4,180.0,39.78,60.22,0.0
module_4,180.0,33.15,66.85,0.0
module_4,180.0,26.74,73.26,0.0
module_4,180.0,22.6,77.4,0.0
module_4,180.0,17.64,82.33,0.03
module_4,180.0,19.42,80.58,0.0
module_4,180.0,21.34,78.66,0.0
module_4,180.0,18.58,80.9,0.52
module_4,180.0,17.32,82.0,0.68
module_4,180.0,15.26,82.27,2.47
module_4,180.0,12.33,79.59,8.08
module_4,180.0,13.95,81.59,4.47
module_4,180.0,11.4,74.96,13.64
module_4,180.0,22.82,77.18,0.0
module_4,180.0,26.22,73.78,0.0
module_4,180.0,10.41,54.25,35.34
module_4,180.0,9.62,13.7,76.68
module_4,180.0,9.62,13.89,76.49
module_4,180.0,9.62,13.84,76.55
module_4,180.0,9.62,13.84,76.55
module_4,180.0,9.62,14.25,76.14
module_4,180.0,9.62,14.25,76.14
module_4,180.0,9.62,14.11,76.27
module_4,180.0,9.62,14.14,76.25
module_4,180.0,9.62,14.0,76.38
module_4,180.0,9.62,13.84,76.55
module_4,180.0,9.62,13.7,76.68
module_4,180.0,9.62,14.08,76.3
module_4,180.0,9.62,18.93,71.45
module_4,180.0,9.62,14.0,76.38
module_4,180.0,9.64,21.48,68.88
module_4,180.0,9.62,16.55,73.84
module_4,180.0,9.62,15.78,74.6
module_4,180.0,9.62,18.16,72.22
module_4,180.0,10.52,56.05,33.42
module_4,180.0,10.41,49.86,39.73
module_4,180.0,10.82,64.85,24.33
module_4,180.0,10.49,53.86,35.64
module_4,180.0,10.58,60.63,28.79
module_4,180.0,10.27,45.42,44.3
module_4,180.0,10.38,48.16,41.45
module_4,180.0,10.27,42.93,46.79
module_4,180.0,10.27,45.4,44.33
module_4,180.0,11.04,70.52,18.44
module_4,180.0,9.62,20.71,69.67
module_4,180.0,9.62,20.14,70.25
module_4,180.0,10.0,38.03,51.97
module_4,180.0,10.27,42.82,46.9
module_4,180.0,10.22,41.07,48.71
module_4,180.0,10.27,46.0,43.73
module_4,180.0,10.44,55.12,34.44
module_4,180.0,10.27,44.99,44.74
module_4,180.0,10.44,55.29,34.27
module_4,180.0,10.27,42.77,46.96
module_4,180.0,9.62,17.18,73.21
module_4,180.0,9.62,15.56,74.82
module_4,180.0,100,0.0,0.0
module_4,180.0,100,0.0,0.0
module_4,180.0,100,0.0,0.0
module_4,180.0,100,0.0,0.0
module_4,180.0,100,0.0,0.0
module_4,180.0,100,0.0,0.0
module_4,180.0,100,0.0,0.0
module_4,180.0,100,0.0,0.0
module_4,180.0,100,0.0,0.0
module_4,180.0,100,0.0,0.0
module_4,180.0,100,0.0,0.0
module_4,180.0,100,0.0,0.0
module_4,180.0,100,0.0,0.0
module_4,180.0,100,0.0,0.0
module_4,180.0,100,0.0,0.0
module_4,180.0,100,0.0,0.0
module_4,180.0,100,0.0,0.0
module_4,180.0,100,0.0,0.0
module_4,180.0,100,0.0,0.0
module_4,180.0,100,0.0,0.0
module_4,180.0,100,0.0,0.0
module_4,180.0,100,0.0,0.0
module_4,180.0,100,0.0,0.0
module_4,180.0,100,0.0,0.0
module_4,180.0,100,0.0,0.0
module_4,180.0,100,0.0,0.0
module_4,180.0,100,0.0,0.0
module_4,180.0,100,0.0,0.0
module_4,180.0,100,0.0,0.0
module_4,180.0,100,0.0,0.0
module_4,180.0,100,0.0,0.0
module_4,180.0,100,0.0,0.0
module_4,180.0,100,0.0,0.0
module_4,180.0,100,0.0,0.0
module_4,180.0,100,0.0,0.0
module_4,180.0,100,0.0,0.0
module_4,180.0,100,0.0,0.0
module_4,180.0,100,0.0,0.0
module_4,180.0,100,0.0,0.0
module_4,180.0,100,0.0,0.0
module_4,180.0,17.59,81.89,0.52
module_4,180.0,12.82,78.25,8.93
module_4,180.0,11.51,67.1,21.4
module_4,180.0,9.62,17.84,72.55
module_4,180.0,9.7,25.78,64.52
module_4,180.0,9.92,37.29,52.79
module_4,180.0,10.19,45.26,44.55
module_4,180.0,10.55,54.96,34.49
module_4,180.0,11.15,62.77,26.08
module_4,180.0,9.62,17.53,72.85
module_4,180.0,9.7,26.44,63.86
module_4,180.0,10.0,37.18,52.82
module_4,180.0,10.22,44.71,45.07
module_4,180.0,10.55,54.66,34.79
module_4,180.0,11.1,61.15,27.75
module_4,180.0,9.64,18.44,71.92
module_4,180.0,9.78,30.03,60.19
module_4,180.0,10.05,37.51,52.44
module_4,180.0,10.27,46.38,43.34
module_4,180.0,10.66,55.95,33.4
module_4,180.0,11.21,62.74,26.05
module_4,180.0,9.78,30.93,59.29
module_4,180.0,10.52,53.64,35.84
module_4,180.0,100,0.0,0.0
module_4,180.0,100,0.0,0.0
module_4,180.0,100,0.0,0.0
module_4,180.0,100,0.0,0.0
module_4,180.0,100,0.0,0.0
module_4,180.0,100,0.0,0.0
module_4,180.0,100,0.0,0.0
module_4,180.0,100,0.0,0.0
module_4,180.0,100,0.0,0.0
module_4,180.0,100,0.0,0.0
module_4,180.0,100,0.0,0.0
module_4,180.0,100,0.0,0.0
module_4,180.0,100,0.0,0.0
module_4,180.0,100,0.0,0.0
module_4,180.0,100,0.0,0.0
module_4,180.0,100,0.0,0.0
module_4,180.0,31.42,68.58,0.0
module_4,180.0,18.16,72.63,9.21
module_4,180.0,17.42,75.92,6.66
module_4,180.0,20.44,75.62,3.95
module_4,180.0,22.99,74.99,2.03
module_4,180.0,26.96,73.04,0.0
module_4,180.0,16.27,73.29,10.44
module_4,180.0,17.1,74.77,8.14
module_4,180.0,18.99,76.16,4.85
module_4,180.0,22.08,75.37,2.55
module_4,180.0,27.59,72.41,0.0
module_4,180.0,16.47,74.49,9.04
module_4,180.0,17.04,74.58,8.38
module_4,180.0,19.48,76.0,4.52
module_4,180.0,22.03,75.51,2.47
module_4,180.0,33.67,66.33,0.0
module_4,180.0,19.67,71.67,8.66
module_4,180.0,19.01,74.27,6.71
module_4,180.0,20.9,75.89,3.21
module_4,180.0,23.62,74.03,2.36
module_4,180.0,11.34,65.56,23.1
module_4,180.0,10.22,52.05,37.73
module_4,180.0,10.52,55.26,34.22
module_4,180.0,11.12,61.92,26.96
module_4,180.0,11.56,67.26,21.18
module_4,180.0,9.62,22.27,68.11
module_4,180.0,9.89,38.08,52.03
module_4,180.0,10.27,48.79,40.93
module_4,180.0,10.82,57.42,31.75
module_4,180.0,11.29,63.32,25.4
module_4,180.0,9.64,22.63,67.73
module_4,180.0,9.78,34.52,55.7
module_4,180.0,10.14,44.36,45.51
module_4,180.0,10.55,53.89,35.56
module_4,180.0,11.12,59.62,29.26
module_4,180.0,10.33,45.78,43.89
module_4,180.0,9.89,32.3,57.81
module_4,180.0,10.14,41.97,47.89
module_4,180.0,10.52,51.62,37.86
module_4,180.0,10.99,56.63,32.38
module_4,180.0,9.62,16.99,73.4
module_4,180.0,9.73,27.23,63.04
module_4,180.0,10.11,40.36,49.53
module_4,180.0,10.52,50.52,38.96
module_4,180.0,10.93,56.66,32.41
module_4,180.0,9.62,14.82,75.56
module_4,180.0,9.7,26.36,63.95
module_4,180.0,10.08,39.21,50.71
module_4,180.0,10.49,51.51,38.0
module_4,180.0,10.93,58.25,30.82
module_4,180.0,9.62,16.52,73.86
module_4,180.0,9.7,30.93,59.37
module_4,180.0,10.11,42.27,47.62
module_4,180.0,10.52,52.9,36.58
module_4,180.0,11.07,60.66,28.27
module_4,180.0,44.0,56.0,0.0
module_4,180.0,36.08,63.92,0.0
module_4,180.0,30.55,69.45,0.0
module_4,180.0,24.77,75.23,0.0
module_4,180.0,21.53,78.47,0.0
module_4,180.0,18.19,81.81,0.0
module_4,180.0,14.63,83.1,2.27
module_4,180.0,11.04,68.52,20.44
module_4,180.0,9.62,18.47,71.92
module_4,180.0,9.7,24.77,65.53
module_4,180.0,9.78,31.37,58.85
module_4,180.0,9.97,36.66,53.37
module_4,180.0,10.14,47.01,42.85
module_4,180.0,10.52,56.52,32.96
module_4,180.0,9.62,16.27,74.11
module_4,180.0,9.7,21.21,69.1
module_4,180.0,9.7,27.01,63.29
module_4,180.0,9.89,34.33,55.78
module_4,180.0,10.11,40.99,48.9
module_4,180.0,10.3,49.07,40.63
module_4,180.0,9.62,15.42,74.96
module_4,180.0,9.64,19.21,71.15
module_4,180.0,9.7,25.01,65.29
module_4,180.0,9.81,30.9,59.29
module_4,180.0,10.05,36.49,53.45
module_4,180.0,10.16,44.0,45.84
module_4,180.0,9.62,14.96,75.42
module_4,180.0,9.62,18.19,72.19
module_4,180.0,9.7,23.42,66.88
module_4,180.0,9.78,27.78,62.44
module_4,180.0,10.0,33.75,56.25
module_4,180.0,10.14,39.15,50.71
module_4,180.0,9.62,14.88,75.51
module_4,180.0,9.62,17.95,72.44
module_4,180.0,9.7,21.84,68.47
module_4,180.0,9.75,25.78,64.47
module_4,180.0,9.92,30.55,59.53
module_4,180.0,10.11,35.15,54.74
module_4,180.0,9.62,15.15,75.23
module_4,180.0,9.62,17.48,72.9
module_4,180.0,9.7,19.67,70.63
module_4,180.0,9.7,23.62,66.68
module_4,180.0,9.78,26.68,63.53
module_4,180.0,10.05,33.15,56.79
module_4,180.0,9.62,16.11,74.27
module_4,180.0,9.62,17.34,73.04
module_4,180.0,9.62,17.37,73.01
module_4,180.0,9.62,18.77,71.62
module_4,180.0,9.7,23.23,67.07
module_4,180.0,9.95,31.7,58.36
module_4,180.0,49.48,50.52,0.0
module_4,180.0,9.7,30.71,59.59
module_4,180.0,10.08,40.0,49.92
module_4,180.0,9.78,34.41,55.81
module_4,180.0,9.62,19.56,70.82
module_4,180.0,9.62,20.77,69.62
module_4,180.0,9.62,17.12,73.26
module_4,180.0,9.7,27.86,62.44
module_4,225.0,9.62,25.95,64.44
module_4,225.0,9.62,25.4,64.99
module_4,225.0,9.62,27.32,63.07
module_4,225.0,9.62,31.51,58.88
module_4,225.0,9.73,37.53,52.74
module_4,225.0,9.7,37.78,52.52
module_4,225.0,9.7,40.85,49.45
module_4,225.0,10.0,47.01,42.99
module_4,225.0,9.97,48.36,41.67
module_4,225.0,9.95,50.88,39.18
module_4,225.0,10.36,54.08,35.56
module_4,225.0,10.33,54.85,34.82
module_4,225.0,10.47,59.15,30.38
module_4,225.0,10.82,59.89,29.29
module_4,225.0,10.93,62.44,26.63
module_4,225.0,11.01,65.12,23.86
module_4,225.0,11.59,67.18,21.23
module_4,225.0,11.59,66.16,22.25
module_4,225.0,11.59,67.75,20.66
module_4,225.0,12.33,72.19,15.48
module_4,225.0,17.04,82.3,0.66
module_4,225.0,23.1,76.9,0.0
module_4,225.0,9.62,22.88,67.51
module_4,225.0,9.7,29.12,61.18
module_4,225.0,9.62,19.97,70.41
module_4,225.0,9.62,18.44,71.95
module_4,225.0,9.62,18.49,71.89
module_4,225.0,10.11,45.78,44.11
module_4,225.0,10.41,52.27,37.32
module_4,225.0,9.92,40.71,49.37
module_4,225.0,10.52,56.08,33.4
module_4,225.0,10.14,48.71,41.15
module_4,225.0,9.62,18.41,71.97
module_4,225.0,9.62,20.38,70.0
module_4,225.0,9.62,22.68,67.7
module_4,225.0,9.62,18.52,71.86
module_4,225.0,9.67,38.88,51.45
module_4,225.0,9.73,47.45,42.82
module_4,225.0,10.0,54.08,35.92
module_4,225.0,9.7,45.89,44.41
module_4,225.0,9.92,53.37,36.71
module_4,225.0,10.16,58.9,30.93
module_4,225.0,10.47,60.3,29.23
module_4,225.0,9.7,39.67,50.63
module_4,225.0,11.29,64.22,24.49
module_4,225.0,11.7,67.62,20.68
module_4,225.0,11.4,66.47,22.14
module_4,225.0,11.89,68.71,19.4
module_4,225.0,12.05,71.32,16.63
module_4,225.0,11.89,69.32,18.79
module_4,225.0,11.75,67.97,20.27
module_4,225.0,12.03,70.08,17.89
module_4,225.0,11.86,68.93,19.21
module_4,225.0,11.84,68.58,19.59
module_4,225.0,12.77,74.25,12.99
module_4,225.0,12.03,71.62,16.36
module_4,225.0,15.86,82.27,1.86
module_4,225.0,11.23,67.37,21.4
module_4,225.0,26.74,73.26,0.0
module_4,225.0,23.51,76.49,0.0
module_4,225.0,21.89,78.11,0.0
module_4,225.0,26.11,73.89,0.0
module_4,225.0,20.22,77.84,1.95
module_4,225.0,62.47,37.53,0.0
module_4,225.0,20.49,78.22,1.29
module_4,225.0,24.47,75.53,0.0
module_4,225.0,26.0,74.0,0.0
module_4,225.0,24.88,75.12,0.0
module_4,225.0,22.11,77.89,0.0
module_4,225.0,13.21,75.23,11.56
module_4,225.0,10.66,63.56,25.78
module_4,225.0,100,0.0,0.0
module_4,225.0,100,0.0,0.0
module_4,225.0,100,0.0,0.0
module_4,225.0,100,0.0,0.0
module_4,225.0,100,0.0,0.0
module_4,225.0,100,0.0,0.0
module_4,225.0,100,0.0,0.0
module_4,225.0,100,0.0,0.0
module_4,225.0,100,0.0,0.0
module_4,225.0,100,0.0,0.0
module_4,225.0,100,0.0,0.0
module_4,225.0,100,0.0,0.0
module_4,225.0,100,0.0,0.0
module_4,225.0,100,0.0,0.0
module_4,225.0,100,0.0,0.0
module_4,225.0,100,0.0,0.0
module_4,225.0,100,0.0,0.0
module_4,225.0,100,0.0,0.0
module_4,225.0,100,0.0,0.0
module_4,225.0,100,0.0,0.0
module_4,225.0,100,0.0,0.0
module_4,225.0,100,0.0,0.0
module_4,225.0,100,0.0,0.0
module_4,225.0,100,0.0,0.0
module_4,225.0,100,0.0,0.0
module_4,225.0,100,0.0,0.0
module_4,225.0,100,0.0,0.0
module_4,225.0,100,0.0,0.0
module_4,225.0,100,0.0,0.0
module_4,225.0,100,0.0,0.0
module_4,225.0,100,0.0,0.0
module_4,225.0,100,0.0,0.0
module_4,225.0,100,0.0,0.0
module_4,225.0,100,0.0,0.0
module_4,225.0,100,0.0,0.0
module_4,225.0,100,0.0,0.0
module_4,225.0,11.29,64.63,24.08
module_4,225.0,10.6,57.86,31.53
module_4,225.0,10.11,48.58,41.32
module_4,225.0,9.7,36.19,54.11
module_4,225.0,9.62,21.15,69.23
module_4,225.0,11.07,62.38,26.55
module_4,225.0,10.58,57.86,31.56
module_4,225.0,10.11,49.18,40.71
module_4,225.0,9.7,36.33,53.97
module_4,225.0,9.62,20.82,69.56
module_4,225.0,11.01,62.08,26.9
module_4,225.0,10.58,59.42,30.0
module_4,225.0,10.11,53.42,36.47
module_4,225.0,9.73,42.82,47.45
module_4,225.0,9.62,25.01,65.37
module_4,225.0,11.07,64.05,24.88
module_4,225.0,10.58,60.58,28.85
module_4,225.0,10.14,55.37,34.49
module_4,225.0,9.92,48.52,41.56
module_4,225.0,10.36,53.48,36.16
module_4,225.0,11.15,66.6,22.25
module_4,225.0,10.71,62.85,26.44
module_4,225.0,10.16,59.73,30.11
module_4,225.0,9.78,48.49,41.73
module_4,225.0,9.7,30.36,59.95
module_4,225.0,11.64,70.22,18.14
module_4,225.0,10.9,67.12,21.97
module_4,225.0,10.38,62.38,27.23
module_4,225.0,9.86,55.42,34.71
module_4,225.0,9.62,33.29,57.1
module_4,225.0,11.92,72.77,15.32
module_4,225.0,11.32,70.55,18.14
module_4,225.0,10.71,70.63,18.66
module_4,225.0,10.52,72.3,17.18
module_4,225.0,11.56,77.84,10.6
module_4,225.0,25.7,69.95,4.36
module_4,225.0,22.19,76.41,1.4
module_4,225.0,35.01,64.99,0.0
module_4,225.0,33.07,66.93,0.0
module_4,225.0,19.01,72.85,8.14
module_4,225.0,16.63,74.03,9.34
module_4,225.0,17.92,75.26,6.82
module_4,225.0,21.37,76.71,1.92
module_4,225.0,19.64,74.63,5.73
module_4,225.0,18.47,73.59,7.95
module_4,225.0,19.37,71.7,8.93
module_4,225.0,21.81,73.29,4.9
module_4,225.0,22.79,74.47,2.74
module_4,225.0,20.52,74.36,5.12
module_4,225.0,23.1,73.78,3.12
module_4,225.0,25.84,69.67,4.49
module_4,225.0,26.11,71.81,2.08
module_4,225.0,25.73,72.05,2.22
module_4,225.0,25.97,72.0,2.03
module_4,225.0,28.33,69.42,2.25
module_4,225.0,9.95,48.74,41.32
module_4,225.0,9.7,35.12,55.18
module_4,225.0,9.62,26.44,63.95
module_4,225.0,9.62,22.63,67.75
module_4,225.0,9.62,22.19,68.19
module_4,225.0,9.62,19.53,70.85
module_4,225.0,10.11,51.7,38.19
module_4,225.0,9.89,44.22,45.89
module_4,225.0,9.7,36.71,53.59
module_4,225.0,9.7,28.03,62.27
module_4,225.0,9.62,23.48,66.9
module_4,225.0,9.62,19.29,71.1
module_4,225.0,10.14,53.81,36.05
module_4,225.0,9.97,47.32,42.71
module_4,225.0,9.78,40.0,50.22
module_4,225.0,9.7,32.77,57.53
module_4,225.0,9.62,25.01,65.37
module_4,225.0,9.62,19.64,70.74
module_4,225.0,10.36,58.25,31.4
module_4,225.0,10.0,50.71,39.29
module_4,225.0,9.78,42.19,48.03
module_4,225.0,9.7,34.55,55.75
module_4,225.0,9.62,26.36,64.03
module_4,225.0,9.62,20.38,70.0
module_4,225.0,10.47,61.73,27.81
module_4,225.0,10.11,55.64,34.25
module_4,225.0,9.86,47.59,42.55
module_4,225.0,9.7,37.26,53.04
module_4,225.0,9.64,28.08,62.27
module_4,225.0,9.62,21.15,69.23
module_4,225.0,10.55,65.29,24.16
module_4,225.0,10.14,58.25,31.62
module_4,225.0,9.92,50.99,39.1
module_4,225.0,9.7,43.59,46.71
module_4,225.0,9.7,33.26,57.04
module_4,225.0,9.62,23.45,66.93
module_4,225.0,10.9,72.58,16.52
module_4,225.0,10.38,65.42,24.19
module_4,225.0,9.97,55.48,34.55
module_4,225.0,9.75,47.67,42.58
module_4,225.0,9.7,37.48,52.82
module_4,225.0,9.62,29.7,60.68
module_4,225.0,11.42,75.59,12.99
module_4,225.0,15.89,84.11,0.0
module_4,225.0,22.77,77.23,0.0
module_4,225.0,26.58,73.42,0.0
module_4,225.0,36.66,63.34,0.0
module_4,225.0,51.51,48.49,0.0
module_4,225.0,56.27,43.73,0.0
module_4,225.0,69.75,30.25,0.0
module_4,225.0,10.55,59.21,30.25
module_4,225.0,10.55,58.74,30.71
module_4,225.0,10.38,55.07,34.55
module_4,225.0,10.36,55.48,34.16
module_4,225.0,9.7,41.07,49.23
module_4,225.0,10.08,49.81,40.11
module_4,225.0,9.62,29.23,61.15
module_4,225.0,9.62,26.11,64.27
module_4,225.0,10.36,56.58,33.07
module_4,225.0,10.47,61.45,28.08
module_4,225.0,11.59,73.12,15.29
module_4,225.0,11.15,72.41,16.44
module_4,225.0,22.58,77.42,0.0
module_4,225.0,11.53,75.92,12.55
module_4,225.0,9.62,22.68,67.7
module_4,225.0,9.62,21.07,69.32
module_4,225.0,9.62,20.36,70.03
module_4,225.0,9.62,20.0,70.38
module_4,225.0,9.62,22.22,68.16
module_4,225.0,9.62,21.67,68.71
module_4,225.0,9.64,24.55,65.81
module_4,225.0,9.62,17.26,73.12
module_4,225.0,9.62,22.96,67.42
module_4,225.0,9.62,23.42,66.96
module_4,225.0,9.62,17.67,72.71
module_4,225.0,9.62,17.78,72.6
module_4,225.0,9.62,18.08,72.3
module_4,225.0,9.62,19.07,71.32
module_4,225.0,9.62,21.62,68.77
module_4,225.0,9.62,18.27,72.11
module_4,225.0,9.62,18.0,72.38
module_4,225.0,9.62,17.18,73.21
module_4,225.0,9.62,17.32,73.07
module_4,225.0,9.62,17.4,72.99
module_4,225.0,9.62,17.53,72.85
module_4,225.0,9.62,17.7,72.68
module_4,225.0,9.62,17.62,72.77
module_4,225.0,13.18,81.07,5.75
module_4,225.0,14.88,83.32,1.81
module_4,225.0,21.59,78.41,0.0
module_4,225.0,20.33,79.67,0.0
module_4,225.0,25.42,74.58,0.0
module_4,225.0,23.15,76.85,0.0
module_4,225.0,11.48,76.41,12.11
module_4,225.0,38.03,61.97,0.0
module_4,225.0,60.11,39.89,0.0
module_4,225.0,72.25,27.75,0.0
module_4,225.0,50.08,49.92,0.0
module_4,225.0,70.44,29.56,0.0
module_4,225.0,71.7,28.3,0.0
module_4,225.0,28.82,71.18,0.0
module_4,225.0,10.11,60.79,29.1
module_4,225.0,9.97,58.58,31.45
module_4,225.0,10.16,64.05,25.78
module_4,225.0,10.58,70.6,18.82
module_4,225.0,9.86,54.14,36.0
module_4,225.0,9.7,47.21,43.1
module_4,225.0,9.7,38.99,51.32
module_4,225.0,9.64,36.55,53.81
module_4,225.0,9.7,45.15,45.15
module_4,225.0,9.78,52.63,37.59
module_4,225.0,9.62,21.51,68.88
module_4,225.0,48.14,51.86,0.0
module_4,225.0,60.33,39.67,0.0
module_4,225.0,76.99,23.01,0.0
module_4,225.0,72.9,27.1,0.0
module_4,225.0,74.85,25.15,0.0
module_4,225.0,71.32,28.68,0.0
module_4,225.0,26.03,73.97,0.0
module_4,225.0,31.81,68.19,0.0
module_4,225.0,53.86,46.14,0.0
module_4,225.0,42.9,57.1,0.0
module_4,225.0,65.67,34.33,0.0
module_4,225.0,19.59,80.41,0.0
module_4,225.0,35.7,64.3,0.0
module_4,225.0,11.95,77.48,10.58
module_4,225.0,100,0.0,0.0
module_4,225.0,100,0.0,0.0
module_4,225.0,100,0.0,0.0
module_4,225.0,100,0.0,0.0
module_4,225.0,100,0.0,0.0
module_4,225.0,100,0.0,0.0
module_4,225.0,100,0.0,0.0
module_4,225.0,100,0.0,0.0
module_4,225.0,100,0.0,0.0
module_4,225.0,100,0.0,0.0
module_4,225.0,100,0.0,0.0
module_4,225.0,100,0.0,0.0
module_4,225.0,100,0.0,0.0
module_4,225.0,100,0.0,0.0
module_4,225.0,100,0.0,0.0
module_4,225.0,100,0.0,0.0
module_4,225.0,100,0.0,0.0
module_4,225.0,100,0.0,0.0
module_4,225.0,100,0.0,0.0
module_4,225.0,100,0.0,0.0
module_4,225.0,9.7,30.52,59.78
module_4,225.0,9.7,29.26,61.04
module_4,225.0,9.64,30.85,59.51
module_4,225.0,9.89,40.49,49.62
module_4,225.0,9.78,40.85,49.37
module_4,225.0,9.73,43.12,47.15
module_4,225.0,10.11,48.9,40.99
module_4,225.0,10.11,49.89,40.0
module_4,225.0,10.08,51.56,38.36
module_4,225.0,10.52,56.85,32.63
module_4,225.0,10.47,57.23,32.3
module_4,225.0,10.22,55.97,33.81
module_4,225.0,11.07,61.56,27.37
module_4,225.0,10.71,60.27,29.01
module_4,225.0,10.71,61.53,27.75
module_4,225.0,11.45,65.59,22.96
module_4,225.0,11.4,65.12,23.48
module_4,225.0,11.75,68.03,20.22
module_4,225.0,12.25,71.59,16.16
module_4,225.0,14.96,79.84,5.21
module_4,225.0,21.89,78.11,0.0
module_4,225.0,9.7,31.23,59.07
module_4,225.0,9.62,19.73,70.66
module_4,225.0,9.89,37.62,52.49
module_4,225.0,10.68,58.63,30.68
module_4,225.0,9.62,23.34,67.04
module_4,225.0,11.07,61.23,27.7
module_4,225.0,100,0.0,0.0
module_4,225.0,100,0.0,0.0
module_4,225.0,100,0.0,0.0
module_4,225.0,100,0.0,0.0
module_4,225.0,100,0.0,0.0
module_4,225.0,100,0.0,0.0
module_4,225.0,100,0.0,0.0
module_4,225.0,100,0.0,0.0
module_4,225.0,100,0.0,0.0
module_4,225.0,100,0.0,0.0
module_4,225.0,100,0.0,0.0
module_4,225.0,100,0.0,0.0
module_4,225.0,100,0.0,0.0
module_4,225.0,100,0.0,0.0
module_4,225.0,100,0.0,0.0
module_4,225.0,100,0.0,0.0
module_4,225.0,100,0.0,0.0
module_4,225.0,100,0.0,0.0
module_4,225.0,100,0.0,0.0
module_4,225.0,100,0.0,0.0
module_4,225.0,100,0.0,0.0
module_4,225.0,100,0.0,0.0
module_4,225.0,100,0.0,0.0
module_4,225.0,100,0.0,0.0
module_4,225.0,100,0.0,0.0
module_4,225.0,100,0.0,0.0
module_4,225.0,100,0.0,0.0
module_4,225.0,100,0.0,0.0
module_4,225.0,100,0.0,0.0
module_4,225.0,100,0.0,0.0
module_4,225.0,100,0.0,0.0
module_4,225.0,100,0.0,0.0
module_4,225.0,100,0.0,0.0
module_4,225.0,100,0.0,0.0
module_4,225.0,100,0.0,0.0
module_4,225.0,100,0.0,0.0
module_4,225.0,11.26,64.49,24.25
module_4,225.0,10.9,60.25,28.85
module_4,225.0,10.22,51.78,38.0
module_4,225.0,9.78,39.84,50.38
module_4,225.0,9.62,24.3,66.08
module_4,225.0,11.07,62.36,26.58
module_4,225.0,10.71,59.86,29.42
module_4,225.0,10.16,53.64,36.19
module_4,225.0,9.78,43.4,46.82
module_4,225.0,9.62,24.58,65.81
module_4,225.0,11.04,62.68,26.27
module_4,225.0,10.71,60.22,29.07
module_4,225.0,10.25,55.37,34.38
module_4,225.0,9.92,48.52,41.56
module_4,225.0,9.7,39.73,50.58
module_4,225.0,11.12,64.55,24.33
module_4,225.0,10.79,62.9,26.3
module_4,225.0,10.36,58.25,31.4
module_4,225.0,10.0,51.12,38.88
module_4,225.0,9.92,48.9,41.18
module_4,225.0,11.37,68.0,20.63
module_4,225.0,10.93,66.03,23.04
module_4,225.0,10.38,60.33,29.29
module_4,225.0,9.95,53.01,37.04
module_4,225.0,9.7,35.23,55.07
module_4,225.0,11.56,69.62,18.82
module_4,225.0,11.29,68.82,19.89
module_4,225.0,10.58,65.62,23.81
module_4,225.0,10.11,62.33,27.56
module_4,225.0,9.7,56.74,33.56
module_4,225.0,12.11,73.7,14.19
module_4,225.0,11.64,72.14,16.22
module_4,225.0,10.71,69.81,19.48
module_4,225.0,10.41,68.66,20.93
module_4,225.0,10.96,76.88,12.16
module_4,225.0,41.1,58.9,0.0
module_4,225.0,31.97,68.03,0.0
module_4,225.0,23.29,76.71,0.0
module_4,225.0,42.08,57.92,0.0
module_4,225.0,19.32,71.97,8.71
module_4,225.0,17.37,72.99,9.64
module_4,225.0,17.56,76.88,5.56
module_4,225.0,20.38,78.88,0.74
module_4,225.0,20.11,74.27,5.62
module_4,225.0,17.89,74.41,7.7
module_4,225.0,18.11,74.19,7.7
module_4,225.0,20.6,72.77,6.63
module_4,225.0,22.44,74.03,3.53
module_4,225.0,22.19,74.6,3.21
module_4,225.0,21.21,72.05,6.74
module_4,225.0,22.52,70.71,6.77
module_4,225.0,26.14,71.59,2.27
module_4,225.0,24.58,72.93,2.49
module_4,225.0,24.68,72.93,2.38
module_4,225.0,26.14,71.04,2.82
module_4,225.0,10.11,51.81,38.08
module_4,225.0,9.75,41.67,48.58
module_4,225.0,9.7,32.0,58.3
module_4,225.0,9.64,25.81,64.55
module_4,225.0,9.62,21.64,68.74
module_4,225.0,9.62,20.71,69.67
module_4,225.0,10.11,52.85,37.04
module_4,225.0,9.89,45.37,44.74
module_4,225.0,9.7,37.32,52.99
module_4,225.0,9.7,32.03,58.27
module_4,225.0,9.64,25.29,65.07
module_4,225.0,9.62,20.68,69.7
module_4,225.0,10.3,56.74,32.96
module_4,225.0,10.08,50.82,39.1
module_4,225.0,9.78,41.26,48.96
module_4,225.0,9.7,34.3,56.0
module_4,225.0,9.67,26.55,63.78
module_4,225.0,9.62,21.29,69.1
module_4,225.0,10.38,58.74,30.88
module_4,225.0,10.11,53.84,36.05
module_4,225.0,9.89,46.66,43.45
module_4,225.0,9.7,38.3,52.0
module_4,225.0,9.7,28.74,61.56
module_4,225.0,9.62,21.73,68.66
module_4,225.0,10.47,63.18,26.36
module_4,225.0,10.14,56.19,33.67
module_4,225.0,9.92,49.56,40.52
module_4,225.0,9.73,41.7,48.58
module_4,225.0,9.7,32.16,58.14
module_4,225.0,9.62,23.51,66.88
module_4,225.0,10.71,69.34,19.95
module_4,225.0,10.38,62.38,27.23
module_4,225.0,10.0,54.79,35.21
module_4,225.0,9.78,44.68,45.53
module_4,225.0,9.7,35.07,55.23
module_4,225.0,9.62,25.23,65.15
module_4,225.0,10.93,71.56,17.51
module_4,225.0,10.47,66.74,22.79
module_4,225.0,10.11,60.66,29.23
module_4,225.0,9.86,52.88,37.26
module_4,225.0,9.7,43.29,47.01
module_4,225.0,9.62,30.52,59.86
module_4,225.0,12.16,79.7,8.14
module_4,225.0,16.6,83.4,0.0
module_4,225.0,20.63,79.37,0.0
module_4,225.0,27.84,72.16,0.0
module_4,225.0,33.04,66.96,0.0
module_4,225.0,44.71,55.29,0.0
module_4,225.0,59.53,40.47,0.0
module_4,225.0,66.63,33.37,0.0
module_4,225.0,10.41,55.26,34.33
module_4,225.0,10.36,55.67,33.97
module_4,225.0,10.38,57.86,31.75
module_4,225.0,10.58,63.95,25.48
module_4,225.0,11.15,71.84,17.01
module_4,225.0,11.29,74.08,14.63
module_4,225.0,14.47,79.95,5.59
module_4,225.0,16.38,83.1,0.52
module_4,225.0,19.56,80.44,0.0
module_4,225.0,28.49,71.51,0.0
module_4,225.0,33.64,66.36,0.0
module_4,225.0,56.58,43.42,0.0
module_4,225.0,67.7,32.3,0.0
module_4,225.0,45.29,54.71,0.0
module_4,225.0,100,0.0,0.0
module_4,225.0,100,0.0,0.0
module_4,225.0,100,0.0,0.0
module_4,225.0,100,0.0,0.0
module_4,225.0,100,0.0,0.0
module_4,225.0,100,0.0,0.0
module_4,225.0,100,0.0,0.0
module_4,225.0,100,0.0,0.0
module_4,225.0,100,0.0,0.0
module_4,225.0,100,0.0,0.0
module_4,225.0,100,0.0,0.0
module_4,225.0,100,0.0,0.0
module_4,225.0,100,0.0,0.0
module_4,225.0,100,0.0,0.0
module_4,225.0,100,0.0,0.0
module_4,225.0,100,0.0,0.0
module_4,225.0,100,0.0,0.0
module_4,225.0,100,0.0,0.0
module_4,225.0,100,0.0,0.0
module_4,225.0,100,0.0,0.0
module_4,270.0,39.92,60.08,0.0
module_4,270.0,19.92,80.08,0.0
module_4,270.0,20.19,79.81,0.0
module_4,270.0,27.81,72.19,0.0
module_4,270.0,25.34,74.66,0.0
module_4,270.0,19.4,80.6,0.0
module_4,270.0,28.49,71.51,0.0
module_4,270.0,24.79,75.21,0.0
module_4,270.0,16.22,80.68,3.1
module_4,270.0,32.03,67.97,0.0
module_4,270.0,26.3,73.7,0.0
module_4,270.0,12.03,78.77,9.21
module_4,270.0,10.16,75.84,14.0
module_4,270.0,10.22,73.84,15.95
module_4,270.0,10.52,72.96,16.52
module_4,270.0,9.78,67.26,22.96
module_4,270.0,9.86,64.27,25.86
module_4,270.0,10.0,64.44,25.56
module_4,270.0,9.64,47.84,42.52
module_4,270.0,9.7,47.62,42.68
module_4,270.0,9.7,46.66,43.64
module_4,270.0,9.7,49.4,40.9
module_4,270.0,55.67,44.33,0.0
module_4,270.0,51.75,48.25,0.0
module_4,270.0,49.81,50.19,0.0
module_4,270.0,25.29,74.71,0.0
module_4,270.0,37.04,62.96,0.0
module_4,270.0,21.53,78.47,0.0
module_4,270.0,60.68,39.32,0.0
module_4,270.0,56.22,43.78,0.0
module_4,270.0,48.93,51.07,0.0
module_4,270.0,16.49,82.11,1.4
module_4,270.0,25.78,74.22,0.0
module_4,270.0,46.36,53.64,0.0
module_4,270.0,19.73,80.27,0.0
module_4,270.0,23.7,76.3,0.0
module_4,270.0,20.66,79.34,0.0
module_4,270.0,28.71,71.29,0.0
module_4,270.0,20.47,79.53,0.0
module_4,270.0,25.01,74.99,0.0
module_4,270.0,18.74,80.58,0.68
module_4,270.0,26.96,73.04,0.0
module_4,270.0,27.18,72.82,0.0
module_4,270.0,17.51,80.93,1.56
module_4,270.0,16.44,81.51,2.05
module_4,270.0,14.41,80.71,4.88
module_4,270.0,13.73,78.68,7.59
module_4,270.0,21.84,78.16,0.0
module_4,270.0,14.33,84.41,1.26
module_4,270.0,10.68,86.36,2.96
module_4,270.0,10.11,80.66,9.23
module_4,270.0,11.56,85.37,3.07
module_4,270.0,9.78,72.44,17.78
module_4,270.0,10.22,80.85,8.93
module_4,270.0,9.7,57.84,32.47
module_4,270.0,9.62,34.16,56.22
module_4,270.0,9.62,30.22,60.16
module_4,270.0,9.62,26.71,63.67
module_4,270.0,9.62,34.96,55.42
module_4,270.0,9.62,26.36,64.03
module_4,270.0,9.7,59.86,30.44
module_4,270.0,11.73,76.19,12.08
module_4,270.0,10.6,71.86,17.53
module_4,270.0,11.15,74.25,14.6
module_4,270.0,10.0,59.67,30.33
module_4,270.0,10.47,68.19,21.34
module_4,270.0,10.11,64.0,25.89
module_4,270.0,12.63,78.03,9.34
module_4,270.0,9.62,26.63,63.75
module_4,270.0,9.62,30.19,60.19
module_4,270.0,9.7,46.88,43.42
module_4,270.0,9.73,51.67,38.6
module_4,270.0,9.64,36.49,53.86
module_4,270.0,9.62,26.79,63.59
module_4,270.0,9.62,29.53,60.85
module_4,270.0,100,0.0,0.0
module_4,270.0,100,0.0,0.0
module_4,270.0,100,0.0,0.0
module_4,270.0,100,0.0,0.0
module_4,270.0,100,0.0,0.0
module_4,270.0,100,0.0,0.0
module_4,270.0,100,0.0,0.0
module_4,270.0,100,0.0,0.0
module_4,270.0,100,0.0,0.0
module_4,270.0,100,0.0,0.0
module_4,270.0,100,0.0,0.0
module_4,270.0,100,0.0,0.0
module_4,270.0,100,0.0,0.0
module_4,270.0,100,0.0,0.0
module_4,270.0,100,0.0,0.0
module_4,270.0,100,0.0,0.0
module_4,270.0,100,0.0,0.0
module_4,270.0,100,0.0,0.0
module_4,270.0,100,0.0,0.0
module_4,270.0,100,0.0,0.0
module_4,270.0,99.95,0.05,0.0
module_4,270.0,97.07,2.93,0.0
module_4,270.0,90.85,9.15,0.0
module_4,270.0,72.93,27.07,0.0
module_4,270.0,49.37,50.63,0.0
module_4,270.0,32.93,67.07,0.0
module_4,270.0,18.99,81.01,0.0
module_4,270.0,13.15,86.71,0.14
module_4,270.0,12.14,85.73,2.14
module_4,270.0,11.73,84.49,3.78
module_4,270.0,12.11,83.62,4.27
module_4,270.0,12.85,81.59,5.56
module_4,270.0,13.51,82.79,3.7
module_4,270.0,12.14,86.33,1.53
module_4,270.0,11.07,84.33,4.6
module_4,270.0,11.21,85.62,3.18
module_4,270.0,10.79,85.04,4.16
module_4,270.0,10.93,81.89,7.18
module_4,270.0,11.84,80.55,7.62
module_4,270.0,13.04,84.19,2.77
module_4,270.0,10.79,89.21,0.0
module_4,270.0,9.78,79.4,10.82
module_4,270.0,10.44,83.73,5.84
module_4,270.0,10.25,81.4,8.36
module_4,270.0,10.22,78.36,11.42
module_4,270.0,11.18,78.77,10.05
module_4,270.0,14.25,85.75,0.0
module_4,270.0,10.52,89.48,0.0
module_4,270.0,9.7,51.67,38.63
module_4,270.0,9.97,79.64,10.38
module_4,270.0,9.92,75.29,14.79
module_4,270.0,9.84,71.1,19.07
module_4,270.0,9.78,66.19,24.03
module_4,270.0,9.7,60.16,30.14
module_4,270.0,9.7,50.68,39.62
module_4,270.0,9.62,35.75,54.63
module_4,270.0,9.7,70.93,19.37
module_4,270.0,9.7,63.15,27.15
module_4,270.0,9.7,56.93,33.37
module_4,270.0,9.7,51.53,38.77
module_4,270.0,9.7,47.26,43.04
module_4,270.0,9.7,41.92,48.38
module_4,270.0,9.62,32.41,57.97
module_4,270.0,9.64,51.62,38.74
module_4,270.0,9.62,43.78,46.6
module_4,270.0,9.62,39.75,50.63
module_4,270.0,9.62,37.23,53.15
module_4,270.0,9.62,34.74,55.64
module_4,270.0,9.62,32.74,57.64
module_4,270.0,9.62,31.18,59.21
module_4,270.0,99.81,0.19,0.0
module_4,270.0,99.67,0.33,0.0
module_4,270.0,99.21,0.79,0.0
module_4,270.0,99.4,0.6,0.0
module_4,270.0,98.79,1.21,0.0
module_4,270.0,34.11,65.89,0.0
module_4,270.0,59.21,40.79,0.0
module_4,270.0,94.63,5.37,0.0
module_4,270.0,97.73,2.27,0.0
module_4,270.0,86.9,13.1,0.0
module_4,270.0,92.14,7.86,0.0
module_4,270.0,98.19,1.81,0.0
module_4,270.0,91.21,8.79,0.0
module_4,270.0,100,0.0,0.0
module_4,270.0,50.71,49.29,0.0
module_4,270.0,28.85,71.15,0.0
module_4,270.0,53.51,46.49,0.0
module_4,270.0,39.32,60.68,0.0
module_4,270.0,78.03,21.97,0.0
module_4,270.0,75.32,24.68,0.0
module_4,270.0,99.59,0.41,0.0
module_4,270.0,20.79,79.21,0.0
module_4,270.0,12.49,83.37,4.14
module_4,270.0,14.79,85.21,0.0
module_4,270.0,12.71,87.29,0.0
module_4,270.0,12.25,85.64,2.11
module_4,270.0,12.85,84.25,2.9
module_4,270.0,13.73,82.19,4.08
module_4,270.0,13.12,82.38,4.49
module_4,270.0,13.51,83.01,3.48
module_4,270.0,13.01,84.77,2.22
module_4,270.0,12.16,84.19,3.64
module_4,270.0,13.62,86.38,0.0
module_4,270.0,12.41,86.47,1.12
module_4,270.0,13.04,86.96,0.0
module_4,270.0,18.0,82.0,0.0
module_4,270.0,12.16,84.74,3.1
module_4,270.0,12.99,82.71,4.3
module_4,270.0,13.53,81.89,4.58
module_4,270.0,10.58,80.71,8.71
module_4,270.0,13.51,81.53,4.96
module_4,270.0,12.52,83.21,4.27
module_4,270.0,13.12,84.68,2.19
module_4,270.0,12.33,83.56,4.11
module_4,270.0,32.25,67.75,0.0
module_4,270.0,99.86,0.14,0.0
module_4,270.0,86.11,13.89,0.0
module_4,270.0,99.92,0.08,0.0
module_4,270.0,95.37,4.63,0.0
module_4,270.0,45.67,54.33,0.0
module_4,270.0,29.37,70.63,0.0
module_4,270.0,10.55,87.34,2.11
module_4,270.0,11.51,86.71,1.78
module_4,270.0,64.16,35.84,0.0
module_4,270.0,10.0,83.37,6.63
module_4,270.0,10.16,85.15,4.68
module_4,270.0,9.7,75.18,15.12
module_4,270.0,9.67,57.07,33.26
module_4,270.0,9.7,63.32,26.99
module_4,270.0,9.62,27.48,62.9
module_4,270.0,9.62,33.23,57.15
module_4,270.0,9.62,30.05,60.33
module_4,270.0,9.64,53.32,37.04
module_4,270.0,9.62,27.95,62.44
module_4,270.0,9.62,33.18,57.21
module_4,270.0,9.62,33.12,57.26
module_4,270.0,9.62,32.66,57.73
module_4,270.0,9.64,33.21,57.15
module_4,270.0,9.62,27.84,62.55
module_4,270.0,9.62,27.07,63.32
module_4,270.0,9.62,26.82,63.56
module_4,270.0,9.62,33.56,56.82
module_4,270.0,9.62,25.86,64.52
module_4,270.0,9.62,25.18,65.21
module_4,270.0,9.62,24.88,65.51
module_4,270.0,99.92,0.08,0.0
module_4,270.0,38.74,61.26,0.0
module_4,270.0,36.52,63.48,0.0
module_4,270.0,34.99,62.88,2.14
module_4,270.0,39.01,58.05,2.93
module_4,270.0,33.07,66.93,0.0
module_4,270.0,29.4,69.97,0.63
module_4,270.0,29.56,67.23,3.21
module_4,270.0,31.32,64.22,4.47
module_4,270.0,26.66,73.34,0.0
module_4,270.0,23.1,75.59,1.32
module_4,270.0,22.08,72.38,5.53
module_4,270.0,25.07,68.85,6.08
module_4,270.0,24.25,75.75,0.0
module_4,270.0,19.73,80.27,0.0
module_4,270.0,19.48,74.99,5.53
module_4,270.0,23.64,69.01,7.34
module_4,270.0,40.68,59.32,0.0
module_4,270.0,29.86,70.14,0.0
module_4,270.0,29.07,69.42,1.51
module_4,270.0,40.68,56.03,3.29
module_4,270.0,100,0.0,0.0
module_4,270.0,100,0.0,0.0
module_4,270.0,100,0.0,0.0
module_4,270.0,100,0.0,0.0
module_4,270.0,100,0.0,0.0
module_4,270.0,100,0.0,0.0
module_4,270.0,100,0.0,0.0
module_4,270.0,100,0.0,0.0
module_4,270.0,100,0.0,0.0
module_4,270.0,100,0.0,0.0
module_4,270.0,100,0.0,0.0
module_4,270.0,100,0.0,0.0
module_4,270.0,100,0.0,0.0
module_4,270.0,100,0.0,0.0
module_4,270.0,100,0.0,0.0
module_4,270.0,100,0.0,0.0
module_4,270.0,100,0.0,0.0
module_4,270.0,100,0.0,0.0
module_4,270.0,100,0.0,0.0
module_4,270.0,100,0.0,0.0
module_4,270.0,100,0.0,0.0
module_4,270.0,100,0.0,0.0
module_4,270.0,100,0.0,0.0
module_4,270.0,100,0.0,0.0
module_4,270.0,100,0.0,0.0
module_4,270.0,100,0.0,0.0
module_4,270.0,100,0.0,0.0
module_4,270.0,100,0.0,0.0
module_4,270.0,100,0.0,0.0
module_4,270.0,100,0.0,0.0
module_4,270.0,100,0.0,0.0
module_4,270.0,100,0.0,0.0
module_4,270.0,100,0.0,0.0
module_4,270.0,100,0.0,0.0
module_4,270.0,100,0.0,0.0
module_4,270.0,100,0.0,0.0
module_4,270.0,13.89,86.11,0.0
module_4,270.0,13.23,85.53,1.23
module_4,270.0,12.79,83.78,3.42
module_4,270.0,12.41,83.34,4.25
module_4,270.0,12.27,81.53,6.19
module_4,270.0,12.47,82.14,5.4
module_4,270.0,12.9,81.64,5.45
module_4,270.0,13.1,86.9,0.0
module_4,270.0,12.36,85.84,1.81
module_4,270.0,11.86,84.05,4.08
module_4,270.0,11.7,80.88,7.42
module_4,270.0,11.7,81.01,7.29
module_4,270.0,11.7,80.14,8.16
module_4,270.0,11.86,80.44,7.7
module_4,270.0,11.73,88.27,0.0
module_4,270.0,11.04,86.6,2.36
module_4,270.0,10.68,80.66,8.66
module_4,270.0,10.68,76.99,12.33
module_4,270.0,10.6,74.88,14.52
module_4,270.0,10.52,75.04,14.44
module_4,270.0,10.66,72.6,16.74
module_4,270.0,10.68,89.32,0.0
module_4,270.0,10.14,82.22,7.64
module_4,270.0,10.08,74.03,15.89
module_4,270.0,10.11,70.71,19.18
module_4,270.0,9.92,68.14,21.95
module_4,270.0,9.84,65.23,24.93
module_4,270.0,9.92,62.88,27.21
module_4,270.0,10.88,89.12,0.0
module_4,270.0,9.7,66.93,23.37
module_4,270.0,9.7,56.55,33.75
module_4,270.0,10.0,67.64,22.36
module_4,270.0,9.67,49.75,40.58
module_4,270.0,9.62,38.16,52.22
module_4,270.0,9.67,41.18,49.15
module_4,270.0,45.45,54.55,0.0
module_4,270.0,28.27,71.73,0.0
module_4,270.0,17.81,82.19,0.0
module_4,270.0,24.71,75.29,0.0
module_4,270.0,27.18,72.82,0.0
module_4,270.0,20.11,79.89,0.0
module_4,270.0,25.26,74.74,0.0
module_4,270.0,28.25,71.75,0.0
module_4,270.0,17.12,82.88,0.0
module_4,270.0,30.68,69.32,0.0
module_4,270.0,35.53,64.47,0.0
module_4,270.0,11.73,78.47,9.81
module_4,270.0,10.11,75.67,14.22
module_4,270.0,10.11,71.89,18.0
module_4,270.0,10.16,70.9,18.93
module_4,270.0,9.7,63.51,26.79
module_4,270.0,9.7,59.97,30.33
module_4,270.0,9.78,59.97,30.25
module_4,270.0,9.62,42.19,48.19
module_4,270.0,9.62,39.81,50.58
module_4,270.0,9.67,42.08,48.25
module_4,270.0,12.3,85.95,1.75
module_4,270.0,9.75,71.84,18.41
module_4,270.0,100,0.0,0.0
module_4,270.0,100,0.0,0.0
module_4,270.0,100,0.0,0.0
module_4,270.0,100,0.0,0.0
module_4,270.0,100,0.0,0.0
module_4,270.0,100,0.0,0.0
module_4,270.0,100,0.0,0.0
module_4,270.0,100,0.0,0.0
module_4,270.0,100,0.0,0.0
module_4,270.0,100,0.0,0.0
module_4,270.0,100,0.0,0.0
module_4,270.0,100,0.0,0.0
module_4,270.0,100,0.0,0.0
module_4,270.0,100,0.0,0.0
module_4,270.0,100,0.0,0.0
module_4,270.0,100,0.0,0.0
module_4,270.0,100,0.0,0.0
module_4,270.0,100,0.0,0.0
module_4,270.0,100,0.0,0.0
module_4,270.0,100,0.0,0.0
module_4,270.0,100,0.0,0.0
module_4,270.0,99.37,0.63,0.0
module_4,270.0,93.48,6.52,0.0
module_4,270.0,81.92,18.08,0.0
module_4,270.0,54.85,45.15,0.0
module_4,270.0,40.79,59.21,0.0
module_4,270.0,25.67,74.33,0.0
module_4,270.0,14.19,85.81,0.0
module_4,270.0,12.11,86.22,1.67
module_4,270.0,11.56,84.82,3.62
module_4,270.0,11.59,84.11,4.3
module_4,270.0,12.14,81.78,6.08
module_4,270.0,13.26,80.71,6.03
module_4,270.0,12.3,86.16,1.53
module_4,270.0,10.68,85.04,4.27
module_4,270.0,10.9,86.71,2.38
module_4,270.0,10.68,84.88,4.44
module_4,270.0,10.68,81.07,8.25
module_4,270.0,11.07,80.47,8.47
module_4,270.0,13.07,82.58,4.36
module_4,270.0,11.7,88.3,0.0
module_4,270.0,9.92,80.63,9.45
module_4,270.0,10.22,83.95,5.84
module_4,270.0,10.16,81.37,8.47
module_4,270.0,10.11,76.85,13.04
module_4,270.0,10.11,74.77,15.12
module_4,270.0,16.52,83.48,0.0
module_4,270.0,11.73,88.27,0.0
module_4,270.0,9.7,55.4,34.9
module_4,270.0,9.92,79.37,10.71
module_4,270.0,9.78,74.11,16.11
module_4,270.0,9.78,69.67,20.55
module_4,270.0,9.73,63.92,26.36
module_4,270.0,9.7,58.3,32.0
module_4,270.0,9.7,50.74,39.56
module_4,270.0,9.67,39.34,50.99
module_4,270.0,9.7,68.41,21.89
module_4,270.0,9.7,58.93,31.37
module_4,270.0,9.7,52.36,37.95
module_4,270.0,9.7,47.92,42.38
module_4,270.0,9.67,44.16,46.16
module_4,270.0,9.67,40.85,49.48
module_4,270.0,9.62,34.33,56.05
module_4,270.0,9.64,49.26,41.1
module_4,270.0,9.62,39.53,50.85
module_4,270.0,9.62,35.78,54.6
module_4,270.0,9.62,33.48,56.9
module_4,270.0,9.62,32.03,58.36
module_4,270.0,9.62,30.55,59.84
module_4,270.0,9.62,29.62,60.77
module_4,270.0,10.33,86.66,3.01
module_4,270.0,9.92,81.07,9.01
module_4,270.0,9.75,77.32,12.93
module_4,270.0,9.62,34.03,56.36
module_4,270.0,9.62,26.99,63.4
module_4,270.0,9.7,73.78,16.52
module_4,270.0,9.62,29.42,60.96
module_4,270.0,9.62,39.12,51.26
module_4,270.0,9.62,27.53,62.85
module_4,270.0,9.7,38.52,51.78
module_4,270.0,9.62,26.44,63.95
module_4,270.0,9.62,25.62,64.77
module_4,270.0,9.62,29.01,61.37
module_4,270.0,9.62,26.19,64.19
module_4,270.0,39.56,60.44,0.0
module_4,270.0,34.66,65.34,0.0
module_4,270.0,32.19,65.75,2.05
module_4,270.0,34.79,61.89,3.32
module_4,270.0,32.99,67.01,0.0
module_4,270.0,28.79,71.21,0.0
module_4,270.0,26.66,70.38,2.96
module_4,270.0,28.71,66.49,4.79
module_4,270.0,27.86,72.14,0.0
module_4,270.0,21.84,77.95,0.22
module_4,270.0,20.58,75.1,4.33
module_4,270.0,22.6,70.36,7.04
module_4,270.0,30.16,69.84,0.0
module_4,270.0,21.51,78.49,0.0
module_4,270.0,19.48,77.56,2.96
module_4,270.0,22.22,71.4,6.38
module_4,270.0,77.78,22.22,0.0
module_4,270.0,58.08,41.92,0.0
module_4,270.0,52.14,47.86,0.0
module_4,270.0,56.05,43.1,0.85
module_4,270.0,100,0.0,0.0
module_4,270.0,100,0.0,0.0
module_4,270.0,100,0.0,0.0
module_4,270.0,100,0.0,0.0
module_4,270.0,100,0.0,0.0
module_4,270.0,100,0.0,0.0
module_4,270.0,100,0.0,0.0
module_4,270.0,100,0.0,0.0
module_4,270.0,100,0.0,0.0
module_4,270.0,100,0.0,0.0
module_4,270.0,100,0.0,0.0
module_4,270.0,100,0.0,0.0
module_4,270.0,100,0.0,0.0
module_4,270.0,100,0.0,0.0
module_4,270.0,100,0.0,0.0
module_4,270.0,100,0.0,0.0
module_4,270.0,100,0.0,0.0
module_4,270.0,100,0.0,0.0
module_4,270.0,100,0.0,0.0
module_4,270.0,100,0.0,0.0
module_4,270.0,100,0.0,0.0
module_4,270.0,100,0.0,0.0
module_4,270.0,100,0.0,0.0
module_4,270.0,100,0.0,0.0
module_4,270.0,100,0.0,0.0
module_4,270.0,100,0.0,0.0
module_4,270.0,100,0.0,0.0
module_4,270.0,100,0.0,0.0
module_4,270.0,100,0.0,0.0
module_4,270.0,100,0.0,0.0
module_4,270.0,100,0.0,0.0
module_4,270.0,100,0.0,0.0
module_4,270.0,100,0.0,0.0
module_4,270.0,100,0.0,0.0
module_4,270.0,100,0.0,0.0
module_4,270.0,100,0.0,0.0
module_4,270.0,13.89,86.11,0.0
module_4,270.0,13.4,85.86,0.74
module_4,270.0,12.82,84.27,2.9
module_4,270.0,12.38,83.42,4.19
module_4,270.0,12.14,81.48,6.38
module_4,270.0,12.25,81.64,6.11
module_4,270.0,12.66,81.78,5.56
module_4,270.0,12.82,87.18,0.0
module_4,270.0,12.14,86.16,1.7
module_4,270.0,11.7,82.71,5.59
module_4,270.0,11.56,79.81,8.63
module_4,270.0,11.4,79.75,8.85
module_4,270.0,11.34,78.03,10.63
module_4,270.0,11.48,77.64,10.88
module_4,270.0,11.67,88.33,0.0
module_4,270.0,10.68,87.29,2.03
module_4,270.0,10.52,81.29,8.19
module_4,270.0,10.52,76.08,13.4
module_4,270.0,10.41,74.33,15.26
module_4,270.0,10.22,73.07,16.71
module_4,270.0,10.27,71.73,18.0
module_4,270.0,11.04,88.96,0.0
module_4,270.0,10.03,84.58,5.4
module_4,270.0,9.86,71.67,18.47
module_4,270.0,10.0,68.08,21.92
module_4,270.0,9.86,67.42,22.71
module_4,270.0,9.7,60.27,30.03
module_4,270.0,9.7,56.14,34.16
module_4,270.0,15.64,84.36,0.0
module_4,270.0,9.7,80.52,9.78
module_4,270.0,9.62,39.32,51.07
module_4,270.0,10.74,73.23,16.03
module_4,270.0,9.64,53.04,37.32
module_4,270.0,9.62,30.96,59.42
module_4,270.0,9.62,29.64,60.74
module_4,315.0,9.7,73.32,16.99
module_4,315.0,9.78,89.59,0.63
module_4,315.0,10.25,89.75,0.0
module_4,315.0,10.96,89.04,0.0
module_4,315.0,10.16,88.71,1.12
module_4,315.0,10.3,89.7,0.0
module_4,315.0,11.62,88.38,0.0
module_4,315.0,12.77,87.23,0.0
module_4,315.0,12.03,87.97,0.0
module_4,315.0,13.04,86.96,0.0
module_4,315.0,15.75,84.25,0.0
module_4,315.0,15.92,84.08,0.0
module_4,315.0,15.53,84.47,0.0
module_4,315.0,18.68,81.32,0.0
module_4,315.0,18.6,81.4,0.0
module_4,315.0,19.01,80.99,0.0
module_4,315.0,21.29,78.71,0.0
module_4,315.0,20.99,79.01,0.0
module_4,315.0,20.85,79.15,0.0
module_4,315.0,21.48,78.52,0.0
module_4,315.0,29.78,70.22,0.0
module_4,315.0,50.3,49.7,0.0
module_4,315.0,9.67,55.4,34.93
module_4,315.0,9.73,73.89,16.38
module_4,315.0,9.62,47.53,42.85
module_4,315.0,9.62,38.16,52.22
module_4,315.0,9.62,41.34,49.04
module_4,315.0,11.59,86.63,1.78
module_4,315.0,13.92,86.08,0.0
module_4,315.0,10.58,86.88,2.55
module_4,315.0,15.32,84.68,0.0
module_4,315.0,12.49,87.51,0.0
module_4,315.0,9.62,55.95,34.44
module_4,315.0,9.7,89.7,0.6
module_4,315.0,9.62,43.7,46.68
module_4,315.0,10.11,89.89,0.0
module_4,315.0,9.7,89.29,1.01
module_4,315.0,12.3,87.7,0.0
module_4,315.0,14.14,85.86,0.0
module_4,315.0,12.63,87.37,0.0
module_4,315.0,13.53,86.47,0.0
module_4,315.0,14.55,85.45,0.0
module_4,315.0,15.7,84.3,0.0
module_4,315.0,11.89,88.11,0.0
module_4,315.0,19.56,80.44,0.0
module_4,315.0,21.07,78.93,0.0
module_4,315.0,19.29,80.71,0.0
module_4,315.0,22.0,78.0,0.0
module_4,315.0,22.9,77.1,0.0
module_4,315.0,21.78,78.22,0.0
module_4,315.0,20.96,79.04,0.0
module_4,315.0,21.1,78.9,0.0
module_4,315.0,20.96,79.04,0.0
module_4,315.0,21.37,78.63,0.0
module_4,315.0,20.88,79.12,0.0
module_4,315.0,22.11,77.89,0.0
module_4,315.0,28.79,71.21,0.0
module_4,315.0,18.14,81.86,0.0
module_4,315.0,62.82,37.18,0.0
module_4,315.0,52.93,47.07,0.0
module_4,315.0,48.71,51.29,0.0
module_4,315.0,60.0,40.0,0.0
module_4,315.0,24.58,75.42,0.0
module_4,315.0,21.95,78.05,0.0
module_4,315.0,28.0,72.0,0.0
module_4,315.0,57.89,42.11,0.0
module_4,315.0,62.03,37.97,0.0
module_4,315.0,53.12,46.88,0.0
module_4,315.0,38.6,61.4,0.0
module_4,315.0,21.18,78.82,0.0
module_4,315.0,16.03,83.97,0.0
module_4,315.0,100,0.0,0.0
module_4,315.0,100,0.0,0.0
module_4,315.0,100,0.0,0.0
module_4,315.0,100,0.0,0.0
module_4,315.0,100,0.0,0.0
module_4,315.0,100,0.0,0.0
module_4,315.0,100,0.0,0.0
module_4,315.0,100,0.0,0.0
module_4,315.0,100,0.0,0.0
module_4,315.0,100,0.0,0.0
module_4,315.0,100,0.0,0.0
module_4,315.0,100,0.0,0.0
module_4,315.0,100,0.0,0.0
module_4,315.0,100,0.0,0.0
module_4,315.0,100,0.0,0.0
module_4,315.0,100,0.0,0.0
module_4,315.0,100,0.0,0.0
module_4,315.0,100,0.0,0.0
module_4,315.0,100,0.0,0.0
module_4,315.0,100,0.0,0.0
module_4,315.0,100,0.0,0.0
module_4,315.0,100,0.0,0.0
module_4,315.0,100,0.0,0.0
module_4,315.0,100,0.0,0.0
module_4,315.0,100,0.0,0.0
module_4,315.0,100,0.0,0.0
module_4,315.0,100,0.0,0.0
module_4,315.0,100,0.0,0.0
module_4,315.0,100,0.0,0.0
module_4,315.0,100,0.0,0.0
module_4,315.0,100,0.0,0.0
module_4,315.0,100,0.0,0.0
module_4,315.0,100,0.0,0.0
module_4,315.0,100,0.0,0.0
module_4,315.0,100,0.0,0.0
module_4,315.0,100,0.0,0.0
module_4,315.0,100,0.0,0.0
module_4,315.0,100,0.0,0.0
module_4,315.0,100,0.0,0.0
module_4,315.0,100,0.0,0.0
module_4,315.0,10.25,89.75,0.0
module_4,315.0,10.0,89.51,0.49
module_4,315.0,9.78,87.18,3.04
module_4,315.0,9.7,76.3,14.0
module_4,315.0,9.7,60.82,29.48
module_4,315.0,9.64,47.1,43.26
module_4,315.0,10.79,89.21,0.0
module_4,315.0,10.41,89.59,0.0
module_4,315.0,10.0,88.25,1.75
module_4,315.0,9.78,86.05,4.16
module_4,315.0,9.7,78.25,12.05
module_4,315.0,9.64,52.44,37.92
module_4,315.0,11.23,88.77,0.0
module_4,315.0,10.63,89.37,0.0
module_4,315.0,10.22,88.11,1.67
module_4,315.0,10.03,87.23,2.74
module_4,315.0,9.78,85.51,4.71
module_4,315.0,9.7,86.36,3.95
module_4,315.0,11.59,88.41,0.0
module_4,315.0,10.79,89.21,0.0
module_4,315.0,10.41,89.59,0.0
module_4,315.0,10.08,87.97,1.95
module_4,315.0,9.92,84.3,5.78
module_4,315.0,9.89,90.11,0.0
module_4,315.0,11.78,88.22,0.0
module_4,315.0,10.93,89.07,0.0
module_4,315.0,10.41,89.59,0.0
module_4,315.0,10.0,88.03,1.97
module_4,315.0,9.78,84.41,5.81
module_4,315.0,9.62,46.05,44.33
module_4,315.0,11.89,88.11,0.0
module_4,315.0,10.96,89.04,0.0
module_4,315.0,10.36,89.64,0.0
module_4,315.0,9.92,89.92,0.16
module_4,315.0,9.7,76.52,13.78
module_4,315.0,9.62,53.89,36.49
module_4,315.0,12.71,87.29,0.0
module_4,315.0,11.4,88.6,0.0
module_4,315.0,10.36,89.64,0.0
module_4,315.0,9.92,90.08,0.0
module_4,315.0,9.7,84.36,5.95
module_4,315.0,9.64,57.29,33.07
module_4,315.0,15.18,84.82,0.0
module_4,315.0,22.47,77.53,0.0
module_4,315.0,42.96,57.04,0.0
module_4,315.0,54.14,45.86,0.0
module_4,315.0,79.59,20.41,0.0
module_4,315.0,100,0.0,0.0
module_4,315.0,100,0.0,0.0
module_4,315.0,100,0.0,0.0
module_4,315.0,12.82,87.18,0.0
module_4,315.0,12.63,87.37,0.0
module_4,315.0,11.73,88.27,0.0
module_4,315.0,11.64,88.36,0.0
module_4,315.0,9.86,90.14,0.0
module_4,315.0,10.55,89.45,0.0
module_4,315.0,9.7,89.62,0.68
module_4,315.0,9.7,78.25,12.05
module_4,315.0,11.64,88.36,0.0
module_4,315.0,11.75,88.25,0.0
module_4,315.0,12.22,87.78,0.0
module_4,315.0,12.71,87.29,0.0
module_4,315.0,11.89,88.11,0.0
module_4,315.0,13.51,86.49,0.0
module_4,315.0,9.64,60.44,29.92
module_4,315.0,9.62,48.08,42.3
module_4,315.0,9.62,47.64,42.74
module_4,315.0,9.62,44.03,46.36
module_4,315.0,9.7,65.34,24.96
module_4,315.0,9.7,67.56,22.74
module_4,315.0,9.64,53.75,36.6
module_4,315.0,9.62,37.1,53.29
module_4,315.0,9.7,57.59,32.71
module_4,315.0,9.7,53.81,36.49
module_4,315.0,9.62,38.22,52.16
module_4,315.0,9.7,70.55,19.75
module_4,315.0,10.14,89.86,0.0
module_4,315.0,9.62,39.15,51.23
module_4,315.0,9.62,41.62,48.77
module_4,315.0,9.62,38.44,51.95
module_4,315.0,9.62,34.49,55.89
module_4,315.0,9.62,36.49,53.89
module_4,315.0,9.62,47.07,43.32
module_4,315.0,9.62,35.01,55.37
module_4,315.0,9.62,34.47,55.92
module_4,315.0,9.78,90.03,0.19
module_4,315.0,9.62,43.29,47.1
module_4,315.0,15.92,84.08,0.0
module_4,315.0,19.95,80.05,0.0
module_4,315.0,35.37,64.63,0.0
module_4,315.0,35.84,64.16,0.0
module_4,315.0,51.92,48.08,0.0
module_4,315.0,42.82,57.18,0.0
module_4,315.0,13.62,86.38,0.0
module_4,315.0,99.12,0.88,0.0
module_4,315.0,100,0.0,0.0
module_4,315.0,100,0.0,0.0
module_4,315.0,100,0.0,0.0
module_4,315.0,100,0.0,0.0
module_4,315.0,100,0.0,0.0
module_4,315.0,58.66,41.34,0.0
module_4,315.0,10.44,89.56,0.0
module_4,315.0,10.16,89.84,0.0
module_4,315.0,10.71,89.29,0.0
module_4,315.0,11.78,88.22,0.0
module_4,315.0,10.03,89.97,0.0
module_4,315.0,9.78,90.22,0.0
module_4,315.0,9.7,81.7,8.6
module_4,315.0,9.7,68.3,22.0
module_4,315.0,9.78,90.0,0.22
module_4,315.0,9.95,90.05,0.0
module_4,315.0,9.62,39.59,50.79
module_4,315.0,99.84,0.16,0.0
module_4,315.0,100,0.0,0.0
module_4,315.0,100,0.0,0.0
module_4,315.0,100,0.0,0.0
module_4,315.0,100,0.0,0.0
module_4,315.0,100,0.0,0.0
module_4,315.0,50.93,49.07,0.0
module_4,315.0,74.93,25.07,0.0
module_4,315.0,100,0.0,0.0
module_4,315.0,100,0.0,0.0
module_4,315.0,98.82,1.18,0.0
module_4,315.0,31.95,68.05,0.0
module_4,315.0,86.19,13.81,0.0
module_4,315.0,14.33,85.67,0.0
module_4,315.0,100,0.0,0.0
module_4,315.0,100,0.0,0.0
module_4,315.0,100,0.0,0.0
module_4,315.0,100,0.0,0.0
module_4,315.0,100,0.0,0.0
module_4,315.0,100,0.0,0.0
module_4,315.0,100,0.0,0.0
module_4,315.0,100,0.0,0.0
module_4,315.0,100,0.0,0.0
module_4,315.0,100,0.0,0.0
module_4,315.0,100,0.0,0.0
module_4,315.0,100,0.0,0.0
module_4,315.0,100,0.0,0.0
module_4,315.0,100,0.0,0.0
module_4,315.0,100,0.0,0.0
module_4,315.0,100,0.0,0.0
module_4,315.0,12.66,87.34,0.0
module_4,315.0,11.64,88.33,0.03
module_4,315.0,10.27,85.86,3.86
module_4,315.0,9.7,74.99,15.32
module_4,315.0,9.62,37.75,52.63
module_4,315.0,12.44,87.56,0.0
module_4,315.0,11.51,87.51,0.99
module_4,315.0,10.25,86.55,3.21
module_4,315.0,9.7,76.0,14.3
module_4,315.0,9.62,37.18,53.21
module_4,315.0,12.36,87.64,0.0
module_4,315.0,11.51,88.49,0.0
module_4,315.0,10.41,87.64,1.95
module_4,315.0,9.86,83.07,7.07
module_4,315.0,9.64,63.1,27.26
module_4,315.0,12.6,87.4,0.0
module_4,315.0,11.64,88.36,0.0
module_4,315.0,10.55,89.45,0.0
module_4,315.0,10.0,83.78,6.22
module_4,315.0,10.79,78.0,11.21
module_4,315.0,12.71,87.29,0.0
module_4,315.0,11.78,88.22,0.0
module_4,315.0,10.55,89.45,0.0
module_4,315.0,9.86,87.84,2.3
module_4,315.0,9.62,49.81,40.58
module_4,315.0,13.53,86.47,0.0
module_4,315.0,12.25,87.75,0.0
module_4,315.0,10.74,89.26,0.0
module_4,315.0,9.92,90.08,0.0
module_4,315.0,9.7,90.08,0.22
module_4,315.0,13.92,86.08,0.0
module_4,315.0,12.99,87.01,0.0
module_4,315.0,11.78,88.22,0.0
module_4,315.0,11.1,88.9,0.0
module_4,315.0,16.25,83.75,0.0
module_4,315.0,69.45,30.55,0.0
module_4,315.0,59.73,40.27,0.0
module_4,315.0,64.08,35.92,0.0
module_4,315.0,91.59,8.41,0.0
module_4,315.0,27.78,70.99,1.23
module_4,315.0,22.85,77.15,0.0
module_4,315.0,23.45,76.55,0.0
module_4,315.0,34.27,65.73,0.0
module_4,315.0,28.0,72.0,0.0
module_4,315.0,24.38,75.62,0.0
module_4,315.0,25.12,74.88,0.0
module_4,315.0,32.05,67.95,0.0
module_4,315.0,33.97,66.03,0.0
module_4,315.0,33.67,66.33,0.0
module_4,315.0,32.33,67.67,0.0
module_4,315.0,36.71,63.29,0.0
module_4,315.0,41.34,58.66,0.0
module_4,315.0,38.99,61.01,0.0
module_4,315.0,39.67,60.33,0.0
module_4,315.0,46.58,53.42,0.0
module_4,315.0,9.75,81.29,8.96
module_4,315.0,9.7,79.73,10.58
module_4,315.0,9.81,90.19,0.0
module_4,315.0,10.55,89.23,0.22
module_4,315.0,10.6,89.4,0.0
module_4,315.0,10.74,89.26,0.0
module_4,315.0,11.78,88.22,0.0
module_4,315.0,12.77,87.23,0.0
module_4,315.0,13.53,86.47,0.0
module_4,315.0,14.68,85.32,0.0
module_4,315.0,14.74,85.26,0.0
module_4,315.0,16.25,83.75,0.0
module_4,315.0,17.75,82.25,0.0
module_4,315.0,17.67,82.33,0.0
module_4,315.0,18.03,81.97,0.0
module_4,315.0,20.82,79.18,0.0
module_4,315.0,20.6,79.4,0.0
module_4,315.0,20.55,79.45,0.0
module_4,315.0,20.33,79.67,0.0
module_4,315.0,24.38,75.62,0.0
module_4,315.0,43.21,56.79,0.0
module_4,315.0,9.78,78.82,11.4
module_4,315.0,9.62,55.42,34.96
module_4,315.0,10.25,83.73,6.03
module_4,315.0,16.68,83.32,0.0
module_4,315.0,11.7,88.3,0.0
module_4,315.0,18.25,81.75,0.0
module_4,315.0,100,0.0,0.0
module_4,315.0,100,0.0,0.0
module_4,315.0,100,0.0,0.0
module_4,315.0,100,0.0,0.0
module_4,315.0,100,0.0,0.0
module_4,315.0,100,0.0,0.0
module_4,315.0,100,0.0,0.0
module_4,315.0,100,0.0,0.0
module_4,315.0,100,0.0,0.0
module_4,315.0,100,0.0,0.0
module_4,315.0,100,0.0,0.0
module_4,315.0,100,0.0,0.0
module_4,315.0,100,0.0,0.0
module_4,315.0,100,0.0,0.0
module_4,315.0,100,0.0,0.0
module_4,315.0,100,0.0,0.0
module_4,315.0,100,0.0,0.0
module_4,315.0,100,0.0,0.0
module_4,315.0,100,0.0,0.0
module_4,315.0,100,0.0,0.0
module_4,315.0,100,0.0,0.0
module_4,315.0,100,0.0,0.0
module_4,315.0,100,0.0,0.0
module_4,315.0,100,0.0,0.0
module_4,315.0,100,0.0,0.0
module_4,315.0,100,0.0,0.0
module_4,315.0,100,0.0,0.0
module_4,315.0,100,0.0,0.0
module_4,315.0,100,0.0,0.0
module_4,315.0,100,0.0,0.0
module_4,315.0,100,0.0,0.0
module_4,315.0,100,0.0,0.0
module_4,315.0,100,0.0,0.0
module_4,315.0,100,0.0,0.0
module_4,315.0,100,0.0,0.0
module_4,315.0,100,0.0,0.0
module_4,315.0,100,0.0,0.0
module_4,315.0,100,0.0,0.0
module_4,315.0,100,0.0,0.0
module_4,315.0,100,0.0,0.0
module_4,315.0,10.71,89.29,0.0
module_4,315.0,9.95,90.05,0.0
module_4,315.0,9.7,87.1,3.21
module_4,315.0,9.7,69.81,20.49
module_4,315.0,9.7,54.93,35.37
module_4,315.0,9.64,51.75,38.6
module_4,315.0,10.93,89.07,0.0
module_4,315.0,10.41,89.59,0.0
module_4,315.0,10.16,88.36,1.48
module_4,315.0,9.95,87.04,3.01
module_4,315.0,9.75,85.04,5.21
module_4,315.0,9.7,68.08,22.22
module_4,315.0,11.48,88.52,0.0
module_4,315.0,10.79,89.21,0.0
module_4,315.0,10.44,88.58,0.99
module_4,315.0,10.08,87.81,2.11
module_4,315.0,9.81,86.14,4.05
module_4,315.0,9.7,84.36,5.95
module_4,315.0,11.75,88.25,0.0
module_4,315.0,11.01,88.99,0.0
module_4,315.0,10.52,89.48,0.0
module_4,315.0,10.16,87.92,1.92
module_4,315.0,9.95,86.36,3.7
module_4,315.0,10.03,86.79,3.18
module_4,315.0,11.81,88.19,0.0
module_4,315.0,11.26,88.74,0.0
module_4,315.0,10.55,89.45,0.0
module_4,315.0,10.08,89.81,0.11
module_4,315.0,9.78,85.62,4.6
module_4,315.0,9.78,81.23,8.99
module_4,315.0,12.3,87.7,0.0
module_4,315.0,11.51,88.49,0.0
module_4,315.0,10.55,89.45,0.0
module_4,315.0,10.03,89.97,0.0
module_4,315.0,9.7,85.12,5.18
module_4,315.0,9.64,59.04,31.32
module_4,315.0,12.74,87.26,0.0
module_4,315.0,11.67,88.33,0.0
module_4,315.0,10.58,89.42,0.0
module_4,315.0,10.03,89.97,0.0
module_4,315.0,9.78,89.64,0.58
module_4,315.0,9.7,73.01,17.29
module_4,315.0,13.81,86.19,0.0
module_4,315.0,24.41,75.59,0.0
module_4,315.0,35.78,64.22,0.0
module_4,315.0,57.67,42.33,0.0
module_4,315.0,85.95,14.05,0.0
module_4,315.0,100,0.0,0.0
module_4,315.0,100,0.0,0.0
module_4,315.0,100,0.0,0.0
module_4,315.0,11.7,88.3,0.0
module_4,315.0,11.56,88.44,0.0
module_4,315.0,11.73,88.27,0.0
module_4,315.0,11.86,88.14,0.0
module_4,315.0,12.55,87.45,0.0
module_4,315.0,13.1,86.9,0.0
module_4,315.0,12.08,87.92,0.0
module_4,315.0,22.52,77.48,0.0
module_4,315.0,30.41,69.59,0.0
module_4,315.0,61.97,38.03,0.0
module_4,315.0,85.18,14.82,0.0
module_4,315.0,100,0.0,0.0
module_4,315.0,100,0.0,0.0
module_4,315.0,100,0.0,0.0
module_4,315.0,100,0.0,0.0
module_4,315.0,100,0.0,0.0
module_4,315.0,100,0.0,0.0
module_4,315.0,100,0.0,0.0
module_4,315.0,100,0.0,0.0
module_4,315.0,100,0.0,0.0
module_4,315.0,100,0.0,0.0
module_4,315.0,100,0.0,0.0
module_4,315.0,100,0.0,0.0
module_4,315.0,100,0.0,0.0
module_4,315.0,100,0.0,0.0
module_4,315.0,100,0.0,0.0
module_4,315.0,100,0.0,0.0
module_4,315.0,100,0.0,0.0
module_4,315.0,100,0.0,0.0
module_4,315.0,100,0.0,0.0
module_4,315.0,13.15,86.85,0.0
module_4,315.0,11.86,88.14,0.0
module_4,315.0,10.68,85.73,3.59
module_4,315.0,9.92,81.01,9.07
module_4,315.0,9.64,54.58,35.78
module_4,315.0,12.63,87.37,0.0
module_4,315.0,11.78,88.22,0.0
module_4,315.0,10.55,86.82,2.63
module_4,315.0,9.81,83.21,6.99
module_4,315.0,9.62,50.27,40.11
module_4,315.0,12.44,87.56,0.0
module_4,315.0,11.78,88.22,0.0
module_4,315.0,10.68,87.53,1.78
module_4,315.0,9.95,83.89,6.16
module_4,315.0,9.64,61.59,28.77
module_4,315.0,12.63,87.37,0.0
module_4,315.0,11.81,88.19,0.0
module_4,315.0,10.71,89.29,0.0
module_4,315.0,10.14,87.4,2.47
module_4,315.0,10.03,79.26,10.71
module_4,315.0,13.04,86.96,0.0
module_4,315.0,12.03,87.97,0.0
module_4,315.0,10.77,89.23,0.0
module_4,315.0,10.08,88.85,1.07
module_4,315.0,9.7,74.27,16.03
module_4,315.0,13.53,86.47,0.0
module_4,315.0,12.58,87.42,0.0
module_4,315.0,11.4,88.6,0.0
module_4,315.0,10.27,89.73,0.0
module_4,315.0,9.7,83.07,7.23
module_4,315.0,14.33,85.67,0.0
module_4,315.0,13.26,86.74,0.0
module_4,315.0,11.81,88.19,0.0
module_4,315.0,10.77,89.23,0.0
module_4,315.0,10.9,89.1,0.0
module_4,315.0,51.26,47.15,1.59
module_4,315.0,35.45,64.55,0.0
module_4,315.0,34.88,65.12,0.0
module_4,315.0,45.78,54.22,0.0
module_4,315.0,29.15,69.48,1.37
module_4,315.0,22.74,77.26,0.0
module_4,315.0,23.21,76.79,0.0
module_4,315.0,27.26,72.74,0.0
module_4,315.0,31.48,68.52,0.0
module_4,315.0,26.71,73.29,0.0
module_4,315.0,26.27,73.73,0.0
module_4,315.0,30.25,69.75,0.0
module_4,315.0,38.49,61.51,0.0
module_4,315.0,31.73,68.27,0.0
module_4,315.0,33.64,66.36,0.0
module_4,315.0,36.79,63.21,0.0
module_4,315.0,45.56,54.44,0.0
module_4,315.0,42.41,57.59,0.0
module_4,315.0,40.77,59.23,0.0
module_4,315.0,42.14,57.86,0.0
module_5,0.0,13.32,86.68,0.0
module_5,0.0,11.92,88.08,0.0
module_5,0.0,10.77,89.23,0.0
module_5,0.0,10.52,89.48,0.0
module_5,0.0,14.3,85.7,0.0
module_5,0.0,12.74,87.26,0.0
module_5,0.0,11.45,88.55,0.0
module_5,0.0,10.33,89.67,0.0
module_5,0.0,9.78,90.22,0.0
module_5,0.0,9.62,58.08,32.3
module_5,0.0,12.3,87.7,0.0
module_5,0.0,11.04,88.96,0.0
module_5,0.0,10.14,89.86,0.0
module_5,0.0,9.7,89.62,0.68
module_5,0.0,9.7,72.99,17.32
module_5,0.0,12.55,87.45,0.0
module_5,0.0,11.12,88.88,0.0
module_5,0.0,10.19,89.81,0.0
module_5,0.0,9.7,89.64,0.66
module_5,0.0,9.62,46.9,43.48
module_5,0.0,13.04,86.96,0.0
module_5,0.0,11.7,88.3,0.0
module_5,0.0,10.6,89.4,0.0
module_5,0.0,10.11,89.89,0.0
module_5,0.0,10.6,87.97,1.42
module_5,0.0,13.21,86.79,0.0
module_5,0.0,11.84,88.16,0.0
module_5,0.0,10.74,89.26,0.0
module_5,0.0,10.19,89.81,0.0
module_5,0.0,11.92,88.08,0.0
module_5,0.0,12.63,87.37,0.0
module_5,0.0,11.29,88.71,0.0
module_5,0.0,10.25,89.75,0.0
module_5,0.0,9.78,90.08,0.14
module_5,0.0,9.62,50.0,40.38
module_5,0.0,12.25,87.75,0.0
module_5,0.0,10.96,89.04,0.0
module_5,0.0,10.11,89.89,0.0
module_5,0.0,9.7,89.53,0.77
module_5,0.0,9.7,81.95,8.36
module_5,0.0,12.52,87.48,0.0
module_5,0.0,11.21,88.79,0.0
module_5,0.0,10.19,89.81,0.0
module_5,0.0,9.75,89.86,0.38
module_5,0.0,9.62,48.38,42.0
module_5,0.0,13.04,86.96,0.0
module_5,0.0,11.75,88.25,0.0
module_5,0.0,10.63,89.37,0.0
module_5,0.0,10.14,89.86,0.0
module_5,0.0,11.04,88.08,0.88
module_5,0.0,43.15,56.85,0.0
module_5,0.0,35.73,64.27,0.0
module_5,0.0,29.37,70.63,0.0
module_5,0.0,29.34,70.66,0.0
module_5,0.0,63.59,36.41,0.0
module_5,0.0,40.05,59.95,0.0
module_5,0.0,33.37,66.63,0.0
module_5,0.0,27.12,72.88,0.0
module_5,0.0,26.6,73.4,0.0
module_5,0.0,52.88,47.12,0.0
module_5,0.0,41.04,58.96,0.0
module_5,0.0,35.67,64.33,0.0
module_5,0.0,31.37,68.63,0.0
module_5,0.0,31.81,68.19,0.0
module_5,0.0,58.66,41.34,0.0
module_5,0.0,45.12,54.88,0.0
module_5,0.0,40.85,59.15,0.0
module_5,0.0,38.58,61.42,0.0
module_5,0.0,42.11,57.89,0.0
module_5,0.0,71.15,28.85,0.0
module_5,0.0,52.25,47.75,0.0
module_5,0.0,47.1,52.9,0.0
module_5,0.0,47.29,52.71,0.0
module_5,0.0,55.34,44.66,0.0
module_5,0.0,88.63,11.37,0.0
module_5,0.0,19.4,80.6,0.0
module_5,0.0,17.92,82.08,0.0
module_5,0.0,15.67,84.33,0.0
module_5,0.0,13.75,86.25,0.0
module_5,0.0,11.78,88.22,0.0
module_5,0.0,10.74,89.26,0.0
module_5,0.0,10.47,89.53,0.0
module_5,0.0,15.21,84.79,0.0
module_5,0.0,18.44,81.56,0.0
module_5,0.0,17.15,82.85,0.0
module_5,0.0,15.18,84.82,0.0
module_5,0.0,12.88,87.12,0.0
module_5,0.0,10.99,89.01,0.0
module_5,0.0,10.16,89.84,0.0
module_5,0.0,9.73,90.14,0.14
module_5,0.0,9.62,58.74,31.64
module_5,0.0,18.08,81.92,0.0
module_5,0.0,16.93,83.07,0.0
module_5,0.0,15.01,84.99,0.0
module_5,0.0,12.63,87.37,0.0
module_5,0.0,10.74,89.26,0.0
module_5,0.0,10.0,90.0,0.0
module_5,0.0,9.7,84.22,6.08
module_5,0.0,9.62,42.03,48.36
module_5,0.0,18.22,81.78,0.0
module_5,0.0,16.85,83.15,0.0
module_5,0.0,15.21,84.79,0.0
module_5,0.0,12.9,87.1,0.0
module_5,0.0,10.96,89.04,0.0
module_5,0.0,10.11,89.89,0.0
module_5,0.0,9.7,88.74,1.56
module_5,0.0,9.62,50.77,39.62
module_5,0.0,19.23,80.77,0.0
module_5,0.0,17.73,82.27,0.0
module_5,0.0,15.75,84.25,0.0
module_5,0.0,13.75,86.25,0.0
module_5,0.0,11.75,88.25,0.0
module_5,0.0,10.63,89.37,0.0
module_5,0.0,10.36,89.62,0.03
module_5,0.0,14.27,84.96,0.77
module_5,0.0,10.6,89.4,0.0
module_5,0.0,9.75,71.4,18.85
module_5,0.0,9.7,56.22,34.08
module_5,0.0,9.7,52.38,37.92
module_5,0.0,9.75,55.97,34.27
module_5,0.0,10.05,71.78,18.16
module_5,0.0,10.79,88.9,0.3
module_5,0.0,10.11,78.9,10.99
module_5,0.0,9.95,68.88,21.18
module_5,0.0,9.89,64.11,26.0
module_5,0.0,9.97,62.19,27.84
module_5,0.0,10.0,70.33,19.67
module_5,0.0,11.53,87.7,0.77
module_5,0.0,10.68,82.88,6.44
module_5,0.0,10.38,76.49,13.12
module_5,0.0,10.14,73.67,16.19
module_5,0.0,10.14,71.04,18.82
module_5,0.0,10.0,75.48,14.52
module_5,0.0,12.44,87.32,0.25
module_5,0.0,11.45,85.04,3.51
module_5,0.0,10.82,81.21,7.97
module_5,0.0,10.58,79.32,10.11
module_5,0.0,10.16,79.15,10.68
module_5,0.0,10.0,81.64,8.36
module_5,0.0,13.15,86.74,0.11
module_5,0.0,12.3,85.42,2.27
module_5,0.0,11.48,84.9,3.62
module_5,0.0,10.82,83.84,5.34
module_5,0.0,10.44,84.03,5.53
module_5,0.0,10.05,86.27,3.67
module_5,0.0,13.89,86.11,0.0
module_5,0.0,13.12,86.03,0.85
module_5,0.0,12.22,85.73,2.05
module_5,0.0,11.34,85.78,2.88
module_5,0.0,10.58,86.6,2.82
module_5,0.0,10.11,88.38,1.51
module_5,0.0,14.85,85.15,0.0
module_5,0.0,14.22,85.78,0.0
module_5,0.0,13.04,86.41,0.55
module_5,0.0,12.05,87.12,0.82
module_5,0.0,11.1,88.14,0.77
module_5,0.0,10.47,88.82,0.71
module_5,0.0,15.78,84.22,0.0
module_5,0.0,14.88,85.12,0.0
module_5,0.0,14.11,85.86,0.03
module_5,0.0,13.01,86.96,0.03
module_5,0.0,11.86,88.11,0.03
module_5,0.0,10.93,89.07,0.0
module_5,0.0,16.9,83.1,0.0
module_5,0.0,16.19,83.81,0.0
module_5,0.0,15.1,84.9,0.0
module_5,0.0,14.38,85.62,0.0
module_5,0.0,13.37,86.63,0.0
module_5,0.0,12.88,87.12,0.0
module_5,0.0,18.38,81.62,0.0
module_5,0.0,17.15,82.85,0.0
module_5,0.0,16.14,83.86,0.0
module_5,0.0,15.48,84.52,0.0
module_5,0.0,15.45,84.55,0.0
module_5,0.0,17.04,82.96,0.0
module_5,0.0,21.59,78.41,0.0
module_5,0.0,27.53,72.47,0.0
module_5,0.0,42.11,57.89,0.0
module_5,0.0,52.85,47.15,0.0
module_5,0.0,75.73,24.27,0.0
module_5,0.0,95.37,4.63,0.0
module_5,0.0,99.97,0.03,0.0
module_5,0.0,100,0.0,0.0
module_5,0.0,100,0.0,0.0
module_5,0.0,100,0.0,0.0
module_5,0.0,100,0.0,0.0
module_5,0.0,100,0.0,0.0
module_5,0.0,100,0.0,0.0
module_5,0.0,100,0.0,0.0
module_5,0.0,100,0.0,0.0
module_5,0.0,100,0.0,0.0
module_5,0.0,100,0.0,0.0
module_5,0.0,14.82,85.18,0.0
module_5,0.0,12.96,87.04,0.0
module_5,0.0,12.85,87.15,0.0
module_5,0.0,15.75,84.25,0.0
module_5,0.0,12.6,87.4,0.0
module_5,0.0,12.82,87.18,0.0
module_5,0.0,12.33,87.67,0.0
module_5,0.0,13.32,86.68,0.0
module_5,0.0,11.45,88.55,0.0
module_5,0.0,11.89,88.11,0.0
module_5,0.0,10.3,80.55,9.15
module_5,0.0,9.84,81.34,8.82
module_5,0.0,12.58,87.42,0.0
module_5,0.0,9.7,65.42,24.88
module_5,0.0,13.1,86.9,0.0
module_5,0.0,10.14,78.47,11.4
module_5,0.0,13.62,86.38,0.0
module_5,0.0,14.55,85.45,0.0
module_5,0.0,14.44,85.56,0.0
module_5,0.0,15.1,84.9,0.0
module_5,0.0,13.7,86.3,0.0
module_5,0.0,16.3,83.7,0.0
module_5,0.0,17.34,82.66,0.0
module_5,0.0,15.21,84.79,0.0
module_5,0.0,19.26,80.74,0.0
module_5,0.0,16.11,83.89,0.0
module_5,0.0,19.07,80.93,0.0
module_5,0.0,17.01,82.99,0.0
module_5,0.0,18.79,81.21,0.0
module_5,0.0,21.81,78.19,0.0
module_5,0.0,16.68,83.32,0.0
module_5,0.0,16.71,83.29,0.0
module_5,0.0,21.7,78.3,0.0
module_5,0.0,10.14,77.84,12.03
module_5,0.0,10.25,78.27,11.48
module_5,0.0,9.73,64.03,26.25
module_5,0.0,10.14,74.16,15.7
module_5,0.0,9.84,76.74,13.42
module_5,0.0,9.95,77.18,12.88
module_5,0.0,10.55,86.96,2.49
module_5,0.0,10.25,89.75,0.0
module_5,0.0,9.75,77.12,13.12
module_5,0.0,10.0,85.59,4.41
module_5,0.0,9.78,81.18,9.04
module_5,0.0,9.7,77.89,12.41
module_5,0.0,9.7,81.7,8.6
module_5,0.0,9.81,86.36,3.84
module_5,0.0,9.7,75.23,15.07
module_5,0.0,9.78,77.45,12.77
module_5,0.0,9.7,62.38,27.92
module_5,0.0,10.11,89.18,0.71
module_5,0.0,9.95,88.77,1.29
module_5,0.0,16.58,83.4,0.03
module_5,0.0,16.16,83.73,0.11
module_5,0.0,18.74,81.21,0.05
module_5,0.0,9.95,89.18,0.88
module_5,0.0,10.58,89.4,0.03
module_5,0.0,10.14,89.7,0.16
module_5,0.0,15.32,84.68,0.0
module_5,0.0,22.58,77.42,0.0
module_5,0.0,22.36,77.64,0.0
module_5,0.0,23.86,76.14,0.0
module_5,0.0,21.97,77.86,0.16
module_5,0.0,16.03,83.97,0.0
module_5,0.0,9.78,86.0,4.22
module_5,0.0,25.92,74.08,0.0
module_5,0.0,36.49,63.51,0.0
module_5,0.0,55.37,44.63,0.0
module_5,0.0,75.29,24.71,0.0
module_5,0.0,98.71,1.29,0.0
module_5,0.0,100,0.0,0.0
module_5,0.0,93.62,6.38,0.0
module_5,0.0,25.1,74.9,0.0
module_5,0.0,50.27,49.73,0.0
module_5,0.0,34.49,65.51,0.0
module_5,0.0,97.75,2.25,0.0
module_5,0.0,80.82,19.18,0.0
module_5,0.0,100,0.0,0.0
module_5,0.0,100,0.0,0.0
module_5,0.0,100,0.0,0.0
module_5,0.0,100,0.0,0.0
module_5,0.0,22.0,78.0,0.0
module_5,0.0,100,0.0,0.0
module_5,0.0,100,0.0,0.0
module_5,0.0,100,0.0,0.0
module_5,0.0,100,0.0,0.0
module_5,0.0,100,0.0,0.0
module_5,0.0,100,0.0,0.0
module_5,0.0,100,0.0,0.0
module_5,0.0,100,0.0,0.0
module_5,0.0,100,0.0,0.0
module_5,0.0,100,0.0,0.0
module_5,0.0,100,0.0,0.0
module_5,0.0,100,0.0,0.0
module_5,0.0,100,0.0,0.0
module_5,0.0,100,0.0,0.0
module_5,0.0,100,0.0,0.0
module_5,0.0,100,0.0,0.0
module_5,0.0,100,0.0,0.0
module_5,0.0,40.99,59.01,0.0
module_5,0.0,61.7,38.3,0.0
module_5,0.0,47.23,52.77,0.0
module_5,0.0,99.95,0.05,0.0
module_5,0.0,100,0.0,0.0
module_5,0.0,100,0.0,0.0
module_5,0.0,90.6,9.4,0.0
module_5,0.0,56.93,43.07,0.0
module_5,0.0,100,0.0,0.0
module_5,0.0,100,0.0,0.0
module_5,0.0,100,0.0,0.0
module_5,0.0,100,0.0,0.0
module_5,0.0,100,0.0,0.0
module_5,0.0,100,0.0,0.0
module_5,0.0,100,0.0,0.0
module_5,0.0,100,0.0,0.0
module_5,0.0,100,0.0,0.0
module_5,0.0,100,0.0,0.0
module_5,0.0,100,0.0,0.0
module_5,0.0,100,0.0,0.0
module_5,0.0,13.29,86.71,0.0
module_5,0.0,12.27,87.73,0.0
module_5,0.0,10.82,89.18,0.0
module_5,0.0,10.25,89.75,0.0
module_5,0.0,10.19,89.81,0.0
module_5,0.0,12.79,87.21,0.0
module_5,0.0,11.7,88.3,0.0
module_5,0.0,10.52,89.48,0.0
module_5,0.0,9.89,90.11,0.0
module_5,0.0,9.64,69.15,21.21
module_5,0.0,12.66,87.34,0.0
module_5,0.0,11.48,88.52,0.0
module_5,0.0,10.41,89.59,0.0
module_5,0.0,9.78,90.22,0.0
module_5,0.0,9.7,73.67,16.63
module_5,0.0,12.96,87.04,0.0
module_5,0.0,11.75,88.25,0.0
module_5,0.0,10.58,89.42,0.0
module_5,0.0,9.95,90.05,0.0
module_5,0.0,9.7,74.88,15.42
module_5,0.0,13.56,86.44,0.0
module_5,0.0,12.47,87.53,0.0
module_5,0.0,11.04,88.96,0.0
module_5,0.0,10.49,89.51,0.0
module_5,0.0,10.66,88.52,0.82
module_5,0.0,13.18,86.82,0.0
module_5,0.0,11.92,88.08,0.0
module_5,0.0,10.74,89.26,0.0
module_5,0.0,10.11,89.89,0.0
module_5,0.0,9.92,90.08,0.0
module_5,0.0,12.74,87.26,0.0
module_5,0.0,11.59,88.41,0.0
module_5,0.0,10.47,89.53,0.0
module_5,0.0,9.81,90.19,0.0
module_5,0.0,9.64,66.19,24.16
module_5,0.0,12.66,87.34,0.0
module_5,0.0,11.48,88.52,0.0
module_5,0.0,10.44,89.56,0.0
module_5,0.0,9.78,90.22,0.0
module_5,0.0,9.7,71.75,18.55
module_5,0.0,12.96,87.04,0.0
module_5,0.0,11.78,88.22,0.0
module_5,0.0,10.63,89.37,0.0
module_5,0.0,9.97,90.03,0.0
module_5,0.0,9.7,80.08,10.22
module_5,0.0,13.81,86.19,0.0
module_5,0.0,12.52,87.48,0.0
module_5,0.0,11.18,88.82,0.0
module_5,0.0,10.55,89.45,0.0
module_5,0.0,11.01,88.44,0.55
module_5,0.0,44.27,55.73,0.0
module_5,0.0,36.77,63.23,0.0
module_5,0.0,29.56,70.44,0.0
module_5,0.0,26.44,73.56,0.0
module_5,0.0,39.84,60.16,0.0
module_5,0.0,43.67,56.33,0.0
module_5,0.0,35.86,64.14,0.0
module_5,0.0,29.21,70.79,0.0
module_5,0.0,26.52,73.48,0.0
module_5,0.0,37.97,62.03,0.0
module_5,0.0,44.05,55.95,0.0
module_5,0.0,37.86,62.14,0.0
module_5,0.0,33.45,66.55,0.0
module_5,0.0,33.15,66.85,0.0
module_5,0.0,47.32,52.68,0.0
module_5,0.0,48.77,51.23,0.0
module_5,0.0,44.88,55.12,0.0
module_5,0.0,41.29,58.71,0.0
module_5,0.0,43.7,56.3,0.0
module_5,0.0,61.23,38.77,0.0
module_5,0.0,58.79,41.21,0.0
module_5,0.0,51.75,48.25,0.0
module_5,0.0,51.26,48.74,0.0
module_5,0.0,56.55,43.45,0.0
module_5,0.0,85.81,14.19,0.0
module_5,0.0,18.99,81.01,0.0
module_5,0.0,18.03,81.97,0.0
module_5,0.0,16.05,83.95,0.0
module_5,0.0,14.25,85.75,0.0
module_5,0.0,11.92,88.08,0.0
module_5,0.0,10.74,89.26,0.0
module_5,0.0,10.19,89.81,0.0
module_5,0.0,10.3,89.7,0.0
module_5,0.0,18.36,81.64,0.0
module_5,0.0,17.56,82.44,0.0
module_5,0.0,15.84,84.16,0.0
module_5,0.0,13.73,86.27,0.0
module_5,0.0,11.48,88.52,0.0
module_5,0.0,10.25,89.75,0.0
module_5,0.0,9.78,90.11,0.11
module_5,0.0,9.62,59.56,30.82
module_5,0.0,18.14,81.86,0.0
module_5,0.0,17.56,82.44,0.0
module_5,0.0,15.45,84.55,0.0
module_5,0.0,13.51,86.49,0.0
module_5,0.0,11.34,88.66,0.0
module_5,0.0,10.19,89.81,0.0
module_5,0.0,9.7,89.84,0.47
module_5,0.0,9.62,50.47,39.92
module_5,0.0,18.47,81.53,0.0
module_5,0.0,17.7,82.3,0.0
module_5,0.0,15.92,84.08,0.0
module_5,0.0,14.05,85.95,0.0
module_5,0.0,11.73,88.27,0.0
module_5,0.0,10.52,89.48,0.0
module_5,0.0,9.95,90.05,0.0
module_5,0.0,9.7,84.0,6.3
module_5,0.0,19.51,80.49,0.0
module_5,0.0,18.41,81.59,0.0
module_5,0.0,16.55,83.45,0.0
module_5,0.0,14.77,85.23,0.0
module_5,0.0,12.52,87.48,0.0
module_5,0.0,11.18,88.82,0.0
module_5,0.0,10.68,89.32,0.0
module_5,0.0,12.66,86.68,0.66
module_5,0.0,11.21,88.79,0.0
module_5,0.0,10.0,82.14,7.86
module_5,0.0,9.7,63.26,27.04
module_5,0.0,9.7,56.16,34.14
module_5,0.0,9.75,56.25,34.0
module_5,0.0,9.97,65.07,24.96
module_5,0.0,11.51,88.49,0.0
module_5,0.0,10.52,84.11,5.37
module_5,0.0,10.11,73.84,16.05
module_5,0.0,10.03,68.11,21.86
module_5,0.0,10.0,65.81,24.19
module_5,0.0,10.0,70.3,19.7
module_5,0.0,12.11,87.89,0.0
module_5,0.0,11.21,84.68,4.11
module_5,0.0,10.63,80.41,8.96
module_5,0.0,10.38,76.22,13.4
module_5,0.0,10.14,75.04,14.82
module_5,0.0,10.05,76.82,13.12
module_5,0.0,13.01,86.99,0.0
module_5,0.0,12.05,85.64,2.3
module_5,0.0,11.26,84.19,4.55
module_5,0.0,10.74,82.14,7.12
module_5,0.0,10.44,81.12,8.44
module_5,0.0,10.11,83.51,6.38
module_5,0.0,13.67,86.33,0.0
module_5,0.0,12.82,86.36,0.82
module_5,0.0,11.97,85.51,2.52
module_5,0.0,11.26,84.66,4.08
module_5,0.0,10.58,84.79,4.63
module_5,0.0,10.14,86.19,3.67
module_5,0.0,14.6,85.4,0.0
module_5,0.0,13.56,86.25,0.19
module_5,0.0,12.74,85.45,1.81
module_5,0.0,11.81,86.19,2.0
module_5,0.0,10.99,86.79,2.22
module_5,0.0,10.36,87.89,1.75
module_5,0.0,15.18,84.82,0.0
module_5,0.0,14.77,85.23,0.0
module_5,0.0,13.42,86.16,0.41
module_5,0.0,12.6,86.9,0.49
module_5,0.0,11.56,88.03,0.41
module_5,0.0,10.71,88.99,0.3
module_5,0.0,16.44,83.56,0.0
module_5,0.0,15.62,84.38,0.0
module_5,0.0,14.74,85.26,0.0
module_5,0.0,13.51,86.49,0.0
module_5,0.0,12.6,87.4,0.0
module_5,0.0,11.53,88.47,0.0
module_5,0.0,17.45,82.55,0.0
module_5,0.0,16.74,83.26,0.0
module_5,0.0,15.81,84.19,0.0
module_5,0.0,14.85,85.15,0.0
module_5,0.0,14.36,85.64,0.0
module_5,0.0,14.11,85.89,0.0
module_5,0.0,19.53,80.47,0.0
module_5,0.0,18.08,81.92,0.0
module_5,0.0,16.71,83.29,0.0
module_5,0.0,16.19,83.81,0.0
module_5,0.0,16.14,83.86,0.0
module_5,0.0,17.15,82.85,0.0
module_5,0.0,22.79,77.21,0.0
module_5,0.0,29.51,70.49,0.0
module_5,0.0,45.07,54.93,0.0
module_5,0.0,57.15,42.85,0.0
module_5,0.0,78.05,21.95,0.0
module_5,0.0,96.22,3.78,0.0
module_5,0.0,99.95,0.05,0.0
module_5,0.0,100,0.0,0.0
module_5,0.0,100,0.0,0.0
module_5,0.0,100,0.0,0.0
module_5,0.0,100,0.0,0.0
module_5,0.0,100,0.0,0.0
module_5,0.0,100,0.0,0.0
module_5,0.0,100,0.0,0.0
module_5,0.0,100,0.0,0.0
module_5,0.0,100,0.0,0.0
module_5,0.0,100,0.0,0.0
module_5,0.0,16.27,83.73,0.0
module_5,0.0,17.04,82.85,0.11
module_5,0.0,16.41,83.53,0.05
module_5,0.0,34.33,65.67,0.0
module_5,0.0,78.19,21.81,0.0
module_5,0.0,100,0.0,0.0
module_5,0.0,100,0.0,0.0
module_5,0.0,100,0.0,0.0
module_5,0.0,99.4,0.6,0.0
module_5,0.0,100,0.0,0.0
module_5,0.0,100,0.0,0.0
module_5,0.0,100,0.0,0.0
module_5,0.0,100,0.0,0.0
module_5,0.0,100,0.0,0.0
module_5,0.0,100,0.0,0.0
module_5,0.0,100,0.0,0.0
module_5,0.0,100,0.0,0.0
module_5,0.0,100,0.0,0.0
module_5,45.0,13.48,84.9,1.62
module_5,45.0,12.63,86.99,0.38
module_5,45.0,12.9,87.1,0.0
module_5,45.0,12.68,87.32,0.0
module_5,45.0,13.59,86.41,0.0
module_5,45.0,11.78,83.42,4.79
module_5,45.0,11.18,86.79,2.03
module_5,45.0,11.12,88.88,0.0
module_5,45.0,11.34,88.66,0.0
module_5,45.0,12.41,87.59,0.0
module_5,45.0,10.66,80.49,8.85
module_5,45.0,10.55,84.33,5.12
module_5,45.0,10.47,88.08,1.45
module_5,45.0,10.27,89.73,0.0
module_5,45.0,10.68,89.32,0.0
module_5,45.0,10.19,74.55,15.26
module_5,45.0,9.78,72.93,17.29
module_5,45.0,9.7,75.42,14.88
module_5,45.0,9.78,87.32,2.9
module_5,45.0,10.27,89.73,0.0
module_5,45.0,10.9,72.22,16.88
module_5,45.0,9.7,57.81,32.49
module_5,45.0,9.7,63.18,27.12
module_5,45.0,9.62,48.44,41.95
module_5,45.0,12.08,87.92,0.0
module_5,45.0,46.63,53.15,0.22
module_5,45.0,43.67,56.33,0.0
module_5,45.0,40.25,59.75,0.0
module_5,45.0,39.15,60.85,0.0
module_5,45.0,40.79,59.21,0.0
module_5,45.0,42.68,56.11,1.21
module_5,45.0,38.82,61.07,0.11
module_5,45.0,32.82,67.18,0.0
module_5,45.0,30.9,69.1,0.0
module_5,45.0,35.7,64.3,0.0
module_5,45.0,40.66,57.37,1.97
module_5,45.0,35.1,63.95,0.96
module_5,45.0,29.59,70.41,0.0
module_5,45.0,28.16,71.84,0.0
module_5,45.0,30.44,69.56,0.0
module_5,45.0,43.67,54.33,2.0
module_5,45.0,35.1,63.32,1.59
module_5,45.0,28.47,71.53,0.0
module_5,45.0,25.42,74.58,0.0
module_5,45.0,29.15,70.85,0.0
module_5,45.0,75.1,24.9,0.0
module_5,45.0,63.7,36.3,0.0
module_5,45.0,40.49,59.51,0.0
module_5,45.0,35.86,64.14,0.0
module_5,45.0,41.42,58.58,0.0
module_5,45.0,10.14,78.58,11.29
module_5,45.0,9.7,52.14,38.16
module_5,45.0,9.7,38.74,51.56
module_5,45.0,9.64,33.86,56.49
module_5,45.0,9.7,36.11,54.19
module_5,45.0,9.62,34.38,56.0
module_5,45.0,10.38,73.04,16.58
module_5,45.0,10.03,60.58,29.4
module_5,45.0,9.78,48.77,41.45
module_5,45.0,9.7,41.42,48.88
module_5,45.0,9.7,35.56,54.74
module_5,45.0,9.62,30.77,59.62
module_5,45.0,10.6,76.05,13.34
module_5,45.0,10.16,68.3,21.53
module_5,45.0,10.0,59.56,30.44
module_5,45.0,9.78,50.9,39.32
module_5,45.0,9.7,39.84,50.47
module_5,45.0,9.62,30.66,59.73
module_5,45.0,10.77,78.63,10.6
module_5,45.0,10.41,75.95,13.64
module_5,45.0,10.11,68.38,21.51
module_5,45.0,9.86,57.92,32.22
module_5,45.0,9.7,45.4,44.9
module_5,45.0,9.62,32.58,57.81
module_5,45.0,11.01,82.9,6.08
module_5,45.0,10.55,80.66,8.79
module_5,45.0,10.14,74.14,15.73
module_5,45.0,9.89,62.9,27.21
module_5,45.0,9.7,49.04,41.26
module_5,45.0,9.62,36.03,54.36
module_5,45.0,11.37,85.73,2.9
module_5,45.0,10.93,83.48,5.59
module_5,45.0,10.38,79.56,10.05
module_5,45.0,10.11,71.01,18.88
module_5,45.0,9.7,56.77,33.53
module_5,45.0,9.62,39.42,50.96
module_5,45.0,11.92,85.75,2.33
module_5,45.0,11.21,83.92,4.88
module_5,45.0,10.68,80.99,8.33
module_5,45.0,10.22,76.05,13.73
module_5,45.0,9.95,67.95,22.11
module_5,45.0,9.7,51.53,38.77
module_5,45.0,12.33,85.51,2.16
module_5,45.0,11.89,84.44,3.67
module_5,45.0,11.15,81.92,6.93
module_5,45.0,10.6,78.88,10.52
module_5,45.0,10.16,74.55,15.29
module_5,45.0,9.86,66.55,23.59
module_5,45.0,12.9,84.71,2.38
module_5,45.0,12.3,83.59,4.11
module_5,45.0,11.56,81.89,6.55
module_5,45.0,11.01,79.34,9.64
module_5,45.0,10.66,76.14,13.21
module_5,45.0,10.82,74.03,15.15
module_5,45.0,14.63,82.85,2.52
module_5,45.0,13.42,82.71,3.86
module_5,45.0,12.52,80.41,7.07
module_5,45.0,12.19,78.88,8.93
module_5,45.0,11.81,77.56,10.63
module_5,45.0,12.3,75.92,11.78
module_5,45.0,16.66,81.18,2.16
module_5,45.0,19.29,79.07,1.64
module_5,45.0,30.47,69.53,0.0
module_5,45.0,38.05,61.95,0.0
module_5,45.0,48.55,51.45,0.0
module_5,45.0,60.08,39.92,0.0
module_5,45.0,82.71,17.29,0.0
module_5,45.0,94.66,5.34,0.0
module_5,45.0,97.45,2.55,0.0
module_5,45.0,99.12,0.88,0.0
module_5,45.0,99.7,0.3,0.0
module_5,45.0,99.67,0.33,0.0
module_5,45.0,99.97,0.03,0.0
module_5,45.0,99.81,0.19,0.0
module_5,45.0,99.84,0.16,0.0
module_5,45.0,99.56,0.44,0.0
module_5,45.0,99.89,0.11,0.0
module_5,45.0,12.47,87.53,0.0
module_5,45.0,11.26,87.51,1.23
module_5,45.0,12.82,87.18,0.0
module_5,45.0,10.88,83.48,5.64
module_5,45.0,11.01,82.27,6.71
module_5,45.0,11.18,83.51,5.32
module_5,45.0,10.58,89.42,0.0
module_5,45.0,10.77,88.93,0.3
module_5,45.0,10.0,74.82,15.18
module_5,45.0,9.89,70.63,19.48
module_5,45.0,11.34,84.11,4.55
module_5,45.0,11.81,85.45,2.74
module_5,45.0,12.05,86.44,1.51
module_5,45.0,13.7,84.96,1.34
module_5,45.0,12.82,86.36,0.82
module_5,45.0,14.9,83.59,1.51
module_5,45.0,13.95,82.41,3.64
module_5,45.0,15.97,81.56,2.47
module_5,45.0,12.71,80.77,6.52
module_5,45.0,12.77,81.92,5.32
module_5,45.0,12.47,79.42,8.11
module_5,45.0,16.03,82.6,1.37
module_5,45.0,9.78,67.45,22.77
module_5,45.0,9.78,69.67,20.55
module_5,45.0,9.7,56.85,33.45
module_5,45.0,9.62,26.88,63.51
module_5,45.0,9.62,29.01,61.37
module_5,45.0,9.7,54.79,35.51
module_5,45.0,9.62,30.14,60.25
module_5,45.0,9.62,27.7,62.68
module_5,45.0,9.62,27.89,62.49
module_5,45.0,9.62,25.97,64.41
module_5,45.0,9.7,45.84,44.47
module_5,45.0,9.62,36.74,53.64
module_5,45.0,9.62,31.81,58.58
module_5,45.0,12.44,78.3,9.26
module_5,45.0,12.71,78.16,9.12
module_5,45.0,12.44,78.66,8.9
module_5,45.0,13.51,79.64,6.85
module_5,45.0,9.7,56.0,34.3
module_5,45.0,10.85,71.67,17.48
module_5,45.0,15.18,81.73,3.1
module_5,45.0,18.03,81.92,0.05
module_5,45.0,15.51,82.33,2.16
module_5,45.0,12.44,78.93,8.63
module_5,45.0,19.32,79.78,0.9
module_5,45.0,29.62,70.25,0.14
module_5,45.0,23.45,76.16,0.38
module_5,45.0,56.77,43.23,0.0
module_5,45.0,92.14,7.86,0.0
module_5,45.0,73.15,26.85,0.0
module_5,45.0,43.95,56.05,0.0
module_5,45.0,96.36,3.64,0.0
module_5,45.0,98.44,1.56,0.0
module_5,45.0,99.15,0.85,0.0
module_5,45.0,98.88,1.12,0.0
module_5,45.0,99.26,0.74,0.0
module_5,45.0,99.48,0.52,0.0
module_5,45.0,99.26,0.74,0.0
module_5,45.0,99.23,0.77,0.0
module_5,45.0,98.38,1.62,0.0
module_5,45.0,99.18,0.82,0.0
module_5,45.0,99.64,0.36,0.0
module_5,45.0,28.38,71.62,0.0
module_5,45.0,39.7,60.3,0.0
module_5,45.0,31.53,68.47,0.0
module_5,45.0,67.48,32.52,0.0
module_5,45.0,93.45,6.55,0.0
module_5,45.0,86.19,13.81,0.0
module_5,45.0,50.22,49.78,0.0
module_5,45.0,59.12,40.88,0.0
module_5,45.0,37.56,62.44,0.0
module_5,45.0,45.67,54.33,0.0
module_5,45.0,98.03,1.97,0.0
module_5,45.0,99.37,0.63,0.0
module_5,45.0,90.3,9.7,0.0
module_5,45.0,96.3,3.7,0.0
module_5,45.0,75.64,24.36,0.0
module_5,45.0,98.16,1.84,0.0
module_5,45.0,22.63,77.37,0.0
module_5,45.0,99.45,0.55,0.0
module_5,45.0,99.84,0.16,0.0
module_5,45.0,99.64,0.36,0.0
module_5,45.0,99.95,0.05,0.0
module_5,45.0,99.64,0.36,0.0
module_5,45.0,99.56,0.44,0.0
module_5,45.0,99.81,0.19,0.0
module_5,45.0,100,0.0,0.0
module_5,45.0,99.95,0.05,0.0
module_5,45.0,99.92,0.08,0.0
module_5,45.0,99.84,0.16,0.0
module_5,45.0,100,0.0,0.0
module_5,45.0,100,0.0,0.0
module_5,45.0,99.86,0.14,0.0
module_5,45.0,100,0.0,0.0
module_5,45.0,99.89,0.11,0.0
module_5,45.0,99.81,0.19,0.0
module_5,45.0,99.67,0.33,0.0
module_5,45.0,17.89,82.11,0.0
module_5,45.0,17.26,82.74,0.0
module_5,45.0,17.21,82.79,0.0
module_5,45.0,18.0,82.0,0.0
module_5,45.0,18.93,81.07,0.0
module_5,45.0,17.15,82.85,0.0
module_5,45.0,16.49,83.51,0.0
module_5,45.0,16.49,83.51,0.0
module_5,45.0,16.74,83.26,0.0
module_5,45.0,17.89,82.11,0.0
module_5,45.0,15.01,84.82,0.16
module_5,45.0,14.82,85.18,0.0
module_5,45.0,15.23,84.77,0.0
module_5,45.0,15.1,84.9,0.0
module_5,45.0,15.59,84.41,0.0
module_5,45.0,13.64,84.79,1.56
module_5,45.0,12.36,86.9,0.74
module_5,45.0,12.25,87.75,0.0
module_5,45.0,12.66,87.34,0.0
module_5,45.0,14.38,85.62,0.0
module_5,45.0,11.37,83.12,5.51
module_5,45.0,10.85,86.74,2.41
module_5,45.0,11.15,88.85,0.0
module_5,45.0,11.51,88.49,0.0
module_5,45.0,11.75,88.25,0.0
module_5,45.0,10.77,80.99,8.25
module_5,45.0,10.22,83.86,5.92
module_5,45.0,9.97,86.08,3.95
module_5,45.0,10.14,89.86,0.0
module_5,45.0,10.68,89.32,0.0
module_5,45.0,10.27,73.86,15.86
module_5,45.0,9.7,69.26,21.04
module_5,45.0,9.7,67.97,22.33
module_5,45.0,9.84,89.86,0.3
module_5,45.0,10.47,89.53,0.0
module_5,45.0,13.64,75.4,10.96
module_5,45.0,9.64,54.6,35.75
module_5,45.0,9.62,36.68,53.7
module_5,45.0,9.62,55.18,35.21
module_5,45.0,15.59,84.41,0.0
module_5,45.0,10.14,71.07,18.79
module_5,45.0,10.16,76.55,13.29
module_5,45.0,10.99,81.67,7.34
module_5,45.0,11.97,84.66,3.37
module_5,45.0,13.18,85.59,1.23
module_5,45.0,9.64,55.23,35.12
module_5,45.0,9.86,77.21,12.93
module_5,45.0,10.49,84.71,4.79
module_5,45.0,11.56,86.63,1.81
module_5,45.0,12.36,87.48,0.16
module_5,45.0,9.7,60.85,29.45
module_5,45.0,9.78,81.62,8.6
module_5,45.0,10.38,88.52,1.1
module_5,45.0,11.34,88.66,0.0
module_5,45.0,12.3,87.7,0.0
module_5,45.0,9.7,74.22,16.08
module_5,45.0,9.97,89.95,0.08
module_5,45.0,10.6,89.4,0.0
module_5,45.0,11.67,88.33,0.0
module_5,45.0,12.82,87.18,0.0
module_5,45.0,11.07,88.93,0.0
module_5,45.0,10.55,89.45,0.0
module_5,45.0,11.15,88.85,0.0
module_5,45.0,12.55,87.45,0.0
module_5,45.0,13.64,86.36,0.0
module_5,45.0,14.14,84.14,1.73
module_5,45.0,13.23,86.38,0.38
module_5,45.0,12.49,87.51,0.0
module_5,45.0,12.85,87.15,0.0
module_5,45.0,13.62,86.38,0.0
module_5,45.0,12.55,83.53,3.92
module_5,45.0,11.81,86.14,2.05
module_5,45.0,11.59,88.16,0.25
module_5,45.0,11.7,88.3,0.0
module_5,45.0,11.7,88.3,0.0
module_5,45.0,11.15,81.37,7.48
module_5,45.0,10.36,82.33,7.32
module_5,45.0,10.16,85.86,3.97
module_5,45.0,10.55,89.45,0.0
module_5,45.0,10.79,89.21,0.0
module_5,45.0,10.47,76.58,12.96
module_5,45.0,10.0,76.82,13.18
module_5,45.0,9.84,79.18,10.99
module_5,45.0,9.89,87.01,3.1
module_5,45.0,10.03,89.97,0.0
module_5,45.0,10.88,72.05,17.07
module_5,45.0,9.62,51.1,39.29
module_5,45.0,9.7,59.92,30.38
module_5,45.0,9.64,60.49,29.86
module_5,45.0,9.92,90.08,0.0
module_5,45.0,53.81,45.92,0.27
module_5,45.0,43.1,56.9,0.0
module_5,45.0,38.85,61.15,0.0
module_5,45.0,35.75,64.25,0.0
module_5,45.0,41.04,58.96,0.0
module_5,45.0,45.23,53.1,1.67
module_5,45.0,38.74,60.19,1.07
module_5,45.0,34.99,65.01,0.0
module_5,45.0,33.48,66.52,0.0
module_5,45.0,32.77,67.23,0.0
module_5,45.0,43.7,54.22,2.08
module_5,45.0,36.63,61.67,1.7
module_5,45.0,30.19,69.81,0.0
module_5,45.0,25.95,74.05,0.0
module_5,45.0,26.66,73.34,0.0
module_5,45.0,52.05,47.7,0.25
module_5,45.0,40.49,57.59,1.92
module_5,45.0,31.97,67.7,0.33
module_5,45.0,25.12,74.88,0.0
module_5,45.0,25.67,74.33,0.0
module_5,45.0,71.01,28.99,0.0
module_5,45.0,55.73,43.75,0.52
module_5,45.0,55.86,44.14,0.0
module_5,45.0,49.51,50.49,0.0
module_5,45.0,52.96,47.04,0.0
module_5,45.0,10.52,80.16,9.32
module_5,45.0,9.84,60.93,29.23
module_5,45.0,9.7,42.41,47.89
module_5,45.0,9.7,34.6,55.7
module_5,45.0,9.7,34.19,56.11
module_5,45.0,9.7,39.34,50.96
module_5,45.0,10.52,78.0,11.48
module_5,45.0,10.05,63.59,26.36
module_5,45.0,9.78,48.38,41.84
module_5,45.0,9.7,39.81,50.49
module_5,45.0,9.7,38.38,51.92
module_5,45.0,9.64,32.36,58.0
module_5,45.0,10.66,76.63,12.71
module_5,45.0,10.19,69.26,20.55
module_5,45.0,10.03,59.26,30.71
module_5,45.0,9.81,50.68,39.51
module_5,45.0,9.7,41.95,48.36
module_5,45.0,9.62,33.23,57.15
module_5,45.0,10.96,81.78,7.26
module_5,45.0,10.49,74.68,14.82
module_5,45.0,10.14,67.32,22.55
module_5,45.0,9.92,59.07,31.01
module_5,45.0,9.7,47.21,43.1
module_5,45.0,9.62,35.37,55.01
module_5,45.0,11.18,83.92,4.9
module_5,45.0,10.77,82.47,6.77
module_5,45.0,10.36,78.11,11.53
module_5,45.0,10.08,68.9,21.01
module_5,45.0,9.73,56.93,33.34
module_5,45.0,9.64,39.15,51.21
module_5,45.0,11.45,86.11,2.44
module_5,45.0,10.99,84.05,4.96
module_5,45.0,10.52,80.38,9.1
module_5,45.0,10.11,73.34,16.55
module_5,45.0,9.84,63.86,26.3
module_5,45.0,9.7,47.34,42.96
module_5,45.0,11.92,86.05,2.03
module_5,45.0,11.34,84.88,3.78
module_5,45.0,10.77,82.14,7.1
module_5,45.0,10.27,77.01,12.71
module_5,45.0,9.97,68.66,21.37
module_5,45.0,9.7,54.36,35.95
module_5,45.0,12.74,85.48,1.78
module_5,45.0,11.89,85.01,3.1
module_5,45.0,11.15,82.63,6.22
module_5,45.0,10.6,79.42,9.97
module_5,45.0,10.16,75.29,14.55
module_5,45.0,9.86,66.08,24.05
module_5,45.0,13.7,84.41,1.89
module_5,45.0,12.88,84.0,3.12
module_5,45.0,12.16,82.16,5.67
module_5,45.0,11.51,80.03,8.47
module_5,45.0,11.01,78.66,10.33
module_5,45.0,10.44,73.42,16.14
module_5,45.0,14.41,83.53,2.05
module_5,45.0,13.62,83.1,3.29
module_5,45.0,12.55,82.25,5.21
module_5,45.0,12.05,79.48,8.47
module_5,45.0,12.08,78.36,9.56
module_5,45.0,12.6,76.63,10.77
module_5,45.0,16.0,82.16,1.84
module_5,45.0,20.19,78.68,1.12
module_5,45.0,25.34,74.66,0.0
module_5,45.0,35.59,64.41,0.0
module_5,45.0,42.3,57.7,0.0
module_5,45.0,60.71,39.29,0.0
module_5,45.0,73.64,26.36,0.0
module_5,45.0,90.16,9.84,0.0
module_5,45.0,96.0,4.0,0.0
module_5,45.0,98.82,1.18,0.0
module_5,45.0,98.9,1.1,0.0
module_5,45.0,99.51,0.49,0.0
module_5,45.0,99.81,0.19,0.0
module_5,45.0,100,0.0,0.0
module_5,45.0,99.67,0.33,0.0
module_5,45.0,99.78,0.22,0.0
module_5,45.0,99.78,0.22,0.0
module_5,45.0,11.12,86.99,1.89
module_5,45.0,11.01,83.67,5.32
module_5,45.0,10.96,80.9,8.14
module_5,45.0,11.07,82.49,6.44
module_5,45.0,9.73,63.81,26.47
module_5,45.0,9.7,49.4,40.9
module_5,45.0,11.34,84.52,4.14
module_5,45.0,11.59,85.59,2.82
module_5,45.0,12.3,86.16,1.53
module_5,45.0,13.59,85.26,1.15
module_5,45.0,12.66,86.11,1.23
module_5,45.0,14.58,83.92,1.51
module_5,45.0,16.41,82.19,1.4
module_5,45.0,9.7,46.52,43.78
module_5,45.0,9.7,68.66,21.64
module_5,45.0,9.62,25.92,64.47
module_5,45.0,9.62,27.07,63.32
module_5,45.0,9.62,29.45,60.93
module_5,45.0,9.62,26.52,63.86
module_5,45.0,9.62,30.77,59.62
module_5,45.0,9.62,28.82,61.56
module_5,45.0,9.62,35.75,54.63
module_5,45.0,11.23,72.9,15.86
module_5,45.0,16.22,82.16,1.62
module_5,45.0,18.52,80.36,1.12
module_5,45.0,36.63,63.37,0.0
module_5,45.0,21.97,77.56,0.47
module_5,45.0,63.01,36.99,0.0
module_5,45.0,91.78,8.22,0.0
module_5,45.0,77.45,22.55,0.0
module_5,45.0,45.89,54.11,0.0
module_5,45.0,95.53,4.47,0.0
module_5,45.0,99.37,0.63,0.0
module_5,45.0,99.51,0.49,0.0
module_5,45.0,99.51,0.49,0.0
module_5,45.0,99.62,0.38,0.0
module_5,45.0,99.51,0.49,0.0
module_5,45.0,99.4,0.6,0.0
module_5,45.0,96.66,3.34,0.0
module_5,45.0,18.55,81.45,0.0
module_5,45.0,17.48,82.52,0.0
module_5,45.0,17.26,82.74,0.0
module_5,45.0,17.86,82.14,0.0
module_5,45.0,18.71,81.29,0.0
module_5,45.0,17.04,82.96,0.0
module_5,45.0,17.01,82.99,0.0
module_5,45.0,16.85,83.15,0.0
module_5,45.0,17.01,82.99,0.0
module_5,45.0,17.18,82.82,0.0
module_5,45.0,15.84,84.16,0.0
module_5,45.0,15.32,84.68,0.0
module_5,45.0,14.77,85.23,0.0
module_5,45.0,15.34,84.66,0.0
module_5,45.0,16.03,83.97,0.0
module_5,45.0,13.32,84.3,2.38
module_5,45.0,13.34,86.03,0.63
module_5,45.0,13.07,86.93,0.0
module_5,45.0,13.4,86.6,0.0
module_5,45.0,13.23,86.77,0.0
module_5,45.0,11.95,82.96,5.1
module_5,45.0,11.37,86.3,2.33
module_5,45.0,10.63,88.16,1.21
module_5,45.0,10.82,89.18,0.0
module_5,45.0,11.92,88.08,0.0
module_5,45.0,10.77,78.19,11.04
module_5,45.0,10.16,80.38,9.45
module_5,45.0,10.14,86.52,3.34
module_5,45.0,10.19,89.81,0.0
module_5,45.0,10.68,89.32,0.0
module_5,45.0,10.6,76.14,13.26
module_5,45.0,9.95,74.47,15.59
module_5,45.0,9.7,74.96,15.34
module_5,45.0,9.7,79.51,10.79
module_5,45.0,10.16,89.84,0.0
module_5,45.0,12.41,74.9,12.68
module_5,45.0,9.7,61.1,29.21
module_5,45.0,9.62,45.23,45.15
module_5,45.0,9.62,54.6,35.78
module_5,45.0,10.27,89.73,0.0
module_5,45.0,12.88,75.53,11.59
module_5,45.0,10.33,74.44,15.23
module_5,45.0,10.55,80.38,9.07
module_5,45.0,11.67,83.32,5.01
module_5,45.0,13.23,84.79,1.97
module_5,45.0,9.62,46.3,44.08
module_5,45.0,9.78,72.63,17.59
module_5,45.0,10.22,82.66,7.12
module_5,45.0,11.04,87.15,1.81
module_5,45.0,12.27,86.79,0.93
module_5,45.0,9.7,63.26,27.04
module_5,45.0,9.7,74.25,16.05
module_5,45.0,10.11,86.22,3.67
module_5,45.0,10.93,88.25,0.82
module_5,45.0,12.14,87.86,0.0
module_5,45.0,9.62,44.49,45.89
module_5,45.0,9.73,83.84,6.44
module_5,45.0,10.16,89.81,0.03
module_5,45.0,11.1,88.9,0.0
module_5,45.0,12.3,87.7,0.0
module_5,45.0,10.96,89.04,0.0
module_5,45.0,10.14,89.86,0.0
module_5,45.0,10.63,89.37,0.0
module_5,45.0,11.75,88.25,0.0
module_5,45.0,13.01,86.99,0.0
module_5,90.0,11.01,88.99,0.0
module_5,90.0,9.62,35.78,54.6
module_5,90.0,9.7,50.77,39.53
module_5,90.0,9.62,34.93,55.45
module_5,90.0,12.68,72.96,14.36
module_5,90.0,10.19,87.81,2.0
module_5,90.0,9.75,64.96,25.29
module_5,90.0,9.7,56.41,33.89
module_5,90.0,9.78,54.63,35.59
module_5,90.0,10.22,61.34,28.44
module_5,90.0,10.71,87.07,2.22
module_5,90.0,10.16,75.1,14.74
module_5,90.0,10.16,68.41,21.42
module_5,90.0,10.19,65.21,24.6
module_5,90.0,10.49,65.29,24.22
module_5,90.0,11.81,85.84,2.36
module_5,90.0,11.07,79.37,9.56
module_5,90.0,11.01,74.52,14.47
module_5,90.0,11.1,70.47,18.44
module_5,90.0,11.29,70.11,18.6
module_5,90.0,13.15,84.22,2.63
module_5,90.0,12.27,80.93,6.79
module_5,90.0,11.97,78.22,9.81
module_5,90.0,11.95,74.16,13.89
module_5,90.0,12.22,74.49,13.29
module_5,90.0,9.62,27.53,62.85
module_5,90.0,9.62,23.23,67.15
module_5,90.0,9.62,22.36,68.03
module_5,90.0,9.62,23.53,66.85
module_5,90.0,9.62,26.16,64.22
module_5,90.0,9.62,29.53,60.85
module_5,90.0,9.7,36.05,54.25
module_5,90.0,9.89,47.64,42.47
module_5,90.0,10.68,65.59,23.73
module_5,90.0,12.68,80.88,6.44
module_5,90.0,9.7,26.79,63.51
module_5,90.0,9.7,25.37,64.93
module_5,90.0,9.7,28.71,61.59
module_5,90.0,9.7,32.19,58.11
module_5,90.0,9.7,36.05,54.25
module_5,90.0,9.73,41.73,48.55
module_5,90.0,9.89,49.1,41.01
module_5,90.0,10.14,56.88,32.99
module_5,90.0,10.85,66.85,22.3
module_5,90.0,11.97,79.04,8.99
module_5,90.0,9.7,24.96,65.34
module_5,90.0,9.7,29.04,61.26
module_5,90.0,9.78,34.55,55.67
module_5,90.0,9.84,41.15,49.01
module_5,90.0,9.89,47.95,42.16
module_5,90.0,10.05,53.67,36.27
module_5,90.0,10.16,58.14,31.7
module_5,90.0,10.44,62.52,27.04
module_5,90.0,11.15,71.97,16.88
module_5,90.0,11.95,78.74,9.32
module_5,90.0,9.7,28.16,62.14
module_5,90.0,9.78,33.62,56.6
module_5,90.0,10.0,40.22,49.78
module_5,90.0,10.11,50.0,39.89
module_5,90.0,10.14,57.37,32.49
module_5,90.0,10.27,61.04,28.68
module_5,90.0,10.47,65.21,24.33
module_5,90.0,11.04,69.59,19.37
module_5,90.0,11.59,76.93,11.48
module_5,90.0,12.3,80.36,7.34
module_5,90.0,9.75,38.74,51.51
module_5,90.0,10.0,43.45,46.55
module_5,90.0,10.14,51.53,38.33
module_5,90.0,10.33,59.51,30.16
module_5,90.0,10.44,64.96,24.6
module_5,90.0,10.71,67.59,21.7
module_5,90.0,11.07,70.03,18.9
module_5,90.0,11.56,74.55,13.89
module_5,90.0,12.36,79.12,8.52
module_5,90.0,12.93,81.84,5.23
module_5,90.0,10.14,57.62,32.25
module_5,90.0,10.27,57.21,32.52
module_5,90.0,10.44,62.52,27.04
module_5,90.0,10.71,67.37,21.92
module_5,90.0,10.96,70.52,18.52
module_5,90.0,11.1,72.19,16.71
module_5,90.0,11.51,74.14,14.36
module_5,90.0,12.16,78.55,9.29
module_5,90.0,12.82,81.81,5.37
module_5,90.0,13.81,82.77,3.42
module_5,90.0,15.73,82.0,2.27
module_5,90.0,20.14,79.37,0.49
module_5,90.0,26.36,73.64,0.0
module_5,90.0,31.56,68.44,0.0
module_5,90.0,39.21,60.79,0.0
module_5,90.0,52.66,47.34,0.0
module_5,90.0,66.85,33.15,0.0
module_5,90.0,88.08,11.92,0.0
module_5,90.0,96.63,3.37,0.0
module_5,90.0,98.85,1.15,0.0
module_5,90.0,99.89,0.11,0.0
module_5,90.0,99.84,0.16,0.0
module_5,90.0,99.95,0.05,0.0
module_5,90.0,100,0.0,0.0
module_5,90.0,100,0.0,0.0
module_5,90.0,100,0.0,0.0
module_5,90.0,99.81,0.19,0.0
module_5,90.0,9.62,23.64,66.74
module_5,90.0,9.62,19.42,70.96
module_5,90.0,9.67,44.68,45.64
module_5,90.0,9.62,19.89,70.49
module_5,90.0,9.7,54.3,36.0
module_5,90.0,9.62,20.41,69.97
module_5,90.0,9.62,21.59,68.79
module_5,90.0,9.62,20.82,69.56
module_5,90.0,9.62,25.7,64.68
module_5,90.0,9.62,22.79,67.59
module_5,90.0,10.68,67.56,21.75
module_5,90.0,15.4,83.26,1.34
module_5,90.0,9.78,55.21,35.01
module_5,90.0,9.7,37.37,52.93
module_5,90.0,9.78,54.41,35.81
module_5,90.0,9.86,57.64,32.49
module_5,90.0,9.97,62.44,27.59
module_5,90.0,9.7,38.0,52.3
module_5,90.0,9.7,36.36,53.95
module_5,90.0,9.73,50.25,40.03
module_5,90.0,12.96,81.92,5.12
module_5,90.0,10.47,75.48,14.05
module_5,90.0,9.7,45.01,45.29
module_5,90.0,16.9,83.1,0.0
module_5,90.0,14.85,82.93,2.22
module_5,90.0,12.27,80.33,7.4
module_5,90.0,12.19,80.03,7.78
module_5,90.0,12.47,81.21,6.33
module_5,90.0,12.58,81.81,5.62
module_5,90.0,24.3,75.7,0.0
module_5,90.0,36.08,63.92,0.0
module_5,90.0,30.79,69.21,0.0
module_5,90.0,61.62,38.38,0.0
module_5,90.0,94.41,5.59,0.0
module_5,90.0,98.44,1.56,0.0
module_5,90.0,81.75,18.25,0.0
module_5,90.0,48.99,51.01,0.0
module_5,90.0,13.48,82.14,4.38
module_5,90.0,32.3,67.7,0.0
module_5,90.0,26.63,73.37,0.0
module_5,90.0,99.26,0.74,0.0
module_5,90.0,99.62,0.38,0.0
module_5,90.0,100,0.0,0.0
module_5,90.0,99.84,0.16,0.0
module_5,90.0,100,0.0,0.0
module_5,90.0,100,0.0,0.0
module_5,90.0,99.78,0.22,0.0
module_5,90.0,100,0.0,0.0
module_5,90.0,100,0.0,0.0
module_5,90.0,15.12,82.14,2.74
module_5,90.0,12.19,83.37,4.44
module_5,90.0,10.74,69.67,19.59
module_5,90.0,10.99,73.62,15.4
module_5,90.0,10.96,72.25,16.79
module_5,90.0,11.21,74.49,14.3
module_5,90.0,11.04,73.51,15.45
module_5,90.0,10.79,69.29,19.92
module_5,90.0,12.27,79.23,8.49
module_5,90.0,13.78,82.58,3.64
module_5,90.0,12.93,81.95,5.12
module_5,90.0,17.01,81.29,1.7
module_5,90.0,26.79,73.21,0.0
module_5,90.0,37.29,62.71,0.0
module_5,90.0,20.47,78.55,0.99
module_5,90.0,15.29,82.36,2.36
module_5,90.0,11.62,75.97,12.41
module_5,90.0,10.96,72.77,16.27
module_5,90.0,11.37,74.93,13.7
module_5,90.0,11.18,74.05,14.77
module_5,90.0,10.96,73.84,15.21
module_5,90.0,10.79,70.79,18.41
module_5,90.0,11.92,81.48,6.6
module_5,90.0,10.9,71.15,17.95
module_5,90.0,21.59,77.67,0.74
module_5,90.0,34.82,65.18,0.0
module_5,90.0,27.62,72.38,0.0
module_5,90.0,13.07,81.73,5.21
module_5,90.0,17.37,81.01,1.62
module_5,90.0,14.08,82.38,3.53
module_5,90.0,12.38,80.58,7.04
module_5,90.0,15.67,82.27,2.05
module_5,90.0,11.75,77.67,10.58
module_5,90.0,46.6,53.4,0.0
module_5,90.0,83.59,16.41,0.0
module_5,90.0,97.29,2.71,0.0
module_5,90.0,93.95,6.05,0.0
module_5,90.0,67.26,32.74,0.0
module_5,90.0,99.48,0.52,0.0
module_5,90.0,98.55,1.45,0.0
module_5,90.0,99.15,0.85,0.0
module_5,90.0,99.81,0.19,0.0
module_5,90.0,99.64,0.36,0.0
module_5,90.0,99.67,0.33,0.0
module_5,90.0,93.37,6.63,0.0
module_5,90.0,98.66,1.34,0.0
module_5,90.0,96.63,3.37,0.0
module_5,90.0,81.18,18.82,0.0
module_5,90.0,58.88,41.12,0.0
module_5,90.0,100,0.0,0.0
module_5,90.0,100,0.0,0.0
module_5,90.0,100,0.0,0.0
module_5,90.0,100,0.0,0.0
module_5,90.0,99.4,0.6,0.0
module_5,90.0,100,0.0,0.0
module_5,90.0,99.73,0.27,0.0
module_5,90.0,99.92,0.08,0.0
module_5,90.0,100,0.0,0.0
module_5,90.0,53.04,46.96,0.0
module_5,90.0,100,0.0,0.0
module_5,90.0,10.6,73.84,15.56
module_5,90.0,47.56,52.44,0.0
module_5,90.0,44.11,55.89,0.0
module_5,90.0,48.44,51.56,0.0
module_5,90.0,55.84,44.16,0.0
module_5,90.0,68.16,31.84,0.0
module_5,90.0,24.25,75.75,0.0
module_5,90.0,23.84,74.0,2.16
module_5,90.0,27.53,67.45,5.01
module_5,90.0,34.79,62.82,2.38
module_5,90.0,42.85,56.68,0.47
module_5,90.0,23.89,75.78,0.33
module_5,90.0,23.12,72.85,4.03
module_5,90.0,25.95,67.7,6.36
module_5,90.0,30.3,66.11,3.59
module_5,90.0,34.68,64.3,1.01
module_5,90.0,29.23,68.93,1.84
module_5,90.0,26.85,69.07,4.08
module_5,90.0,28.63,66.22,5.15
module_5,90.0,31.64,66.0,2.36
module_5,90.0,35.59,63.01,1.4
module_5,90.0,33.48,64.19,2.33
module_5,90.0,31.75,63.89,4.36
module_5,90.0,32.0,64.79,3.21
module_5,90.0,34.36,63.53,2.11
module_5,90.0,38.82,60.36,0.82
module_5,90.0,10.16,89.81,0.03
module_5,90.0,9.62,33.45,56.93
module_5,90.0,9.7,45.51,44.79
module_5,90.0,9.62,36.38,54.0
module_5,90.0,13.21,75.12,11.67
module_5,90.0,10.03,82.05,7.92
module_5,90.0,9.7,61.26,29.04
module_5,90.0,9.7,54.85,35.45
module_5,90.0,9.78,54.36,35.86
module_5,90.0,10.3,62.33,27.37
module_5,90.0,10.47,83.81,5.73
module_5,90.0,10.16,73.04,16.79
module_5,90.0,10.11,67.21,22.68
module_5,90.0,10.19,64.58,25.23
module_5,90.0,10.49,65.4,24.11
module_5,90.0,11.26,84.08,4.66
module_5,90.0,10.9,77.78,11.32
module_5,90.0,10.79,73.23,15.97
module_5,90.0,10.96,68.99,20.05
module_5,90.0,11.29,70.74,17.97
module_5,90.0,12.41,83.53,4.05
module_5,90.0,11.78,80.36,7.86
module_5,90.0,11.59,77.84,10.58
module_5,90.0,11.73,74.16,14.11
module_5,90.0,12.19,74.52,13.29
module_5,90.0,11.51,88.49,0.0
module_5,90.0,9.62,34.14,56.25
module_5,90.0,9.62,28.66,61.73
module_5,90.0,9.7,44.47,45.84
module_5,90.0,16.52,76.85,6.63
module_5,90.0,10.14,87.7,2.16
module_5,90.0,9.7,60.93,29.37
module_5,90.0,9.7,50.52,39.78
module_5,90.0,9.78,53.64,36.58
module_5,90.0,10.58,67.97,21.45
module_5,90.0,10.47,87.1,2.44
module_5,90.0,10.08,73.53,16.38
module_5,90.0,10.0,65.78,24.22
module_5,90.0,10.16,62.82,27.01
module_5,90.0,10.77,67.59,21.64
module_5,90.0,11.12,86.88,2.0
module_5,90.0,10.74,79.07,10.19
module_5,90.0,10.55,72.52,16.93
module_5,90.0,10.96,68.68,20.36
module_5,90.0,11.37,71.86,16.77
module_5,90.0,12.6,85.29,2.11
module_5,90.0,11.95,81.84,6.22
module_5,90.0,11.81,77.67,10.52
module_5,90.0,12.14,73.67,14.19
module_5,90.0,12.9,76.14,10.96
module_5,90.0,14.49,83.56,1.95
module_5,90.0,14.05,80.96,4.99
module_5,90.0,13.86,77.75,8.38
module_5,90.0,14.05,75.56,10.38
module_5,90.0,14.52,77.23,8.25
module_5,90.0,16.25,82.3,1.45
module_5,90.0,15.75,80.93,3.32
module_5,90.0,15.48,78.16,6.36
module_5,90.0,15.62,76.99,7.4
module_5,90.0,15.95,78.11,5.95
module_5,90.0,17.34,81.32,1.34
module_5,90.0,16.36,80.77,2.88
module_5,90.0,16.33,79.7,3.97
module_5,90.0,16.41,78.74,4.85
module_5,90.0,17.26,78.9,3.84
module_5,90.0,11.01,88.99,0.0
module_5,90.0,9.7,59.62,30.68
module_5,90.0,9.7,44.99,45.32
module_5,90.0,9.64,42.41,47.95
module_5,90.0,10.03,56.58,33.4
module_5,90.0,10.6,89.37,0.03
module_5,90.0,9.97,74.52,15.51
module_5,90.0,9.81,63.01,27.18
module_5,90.0,9.89,58.99,31.12
module_5,90.0,10.16,59.53,30.3
module_5,90.0,11.23,87.48,1.29
module_5,90.0,10.58,81.04,8.38
module_5,90.0,10.41,72.11,17.48
module_5,90.0,10.44,67.95,21.62
module_5,90.0,10.58,66.77,22.66
module_5,90.0,12.58,86.0,1.42
module_5,90.0,11.62,82.71,5.67
module_5,90.0,11.32,77.18,11.51
module_5,90.0,11.29,73.84,14.88
module_5,90.0,11.51,71.62,16.88
module_5,90.0,14.14,84.11,1.75
module_5,90.0,12.82,81.95,5.23
module_5,90.0,12.41,78.55,9.04
module_5,90.0,12.22,75.42,12.36
module_5,90.0,12.38,73.81,13.81
module_5,90.0,9.7,31.53,58.77
module_5,90.0,9.64,24.96,65.4
module_5,90.0,9.62,24.44,65.95
module_5,90.0,9.62,25.51,64.88
module_5,90.0,9.64,28.33,62.03
module_5,90.0,9.7,31.84,58.47
module_5,90.0,9.7,37.86,52.44
module_5,90.0,9.84,47.32,42.85
module_5,90.0,10.33,60.03,29.64
module_5,90.0,11.73,77.86,10.41
module_5,90.0,9.7,27.81,62.49
module_5,90.0,9.7,25.1,65.21
module_5,90.0,9.7,29.53,60.77
module_5,90.0,9.7,33.64,56.66
module_5,90.0,9.7,38.52,51.78
module_5,90.0,9.78,43.89,46.33
module_5,90.0,9.92,50.38,39.7
module_5,90.0,10.14,56.58,33.29
module_5,90.0,10.58,64.0,25.42
module_5,90.0,11.48,76.74,11.78
module_5,90.0,9.64,26.49,63.86
module_5,90.0,9.7,28.11,62.19
module_5,90.0,9.78,34.82,55.4
module_5,90.0,9.89,40.74,49.37
module_5,90.0,10.0,49.4,40.6
module_5,90.0,10.11,54.93,34.96
module_5,90.0,10.19,58.9,30.9
module_5,90.0,10.44,63.29,26.27
module_5,90.0,11.04,70.03,18.93
module_5,90.0,11.73,77.95,10.33
module_5,90.0,9.7,30.33,59.97
module_5,90.0,9.78,33.73,56.49
module_5,90.0,10.0,41.73,48.27
module_5,90.0,10.14,49.37,40.49
module_5,90.0,10.19,58.49,31.32
module_5,90.0,10.36,62.82,26.82
module_5,90.0,10.55,66.0,23.45
module_5,90.0,11.01,69.23,19.75
module_5,90.0,11.56,75.07,13.37
module_5,90.0,12.36,80.08,7.56
module_5,90.0,9.78,44.82,45.4
module_5,90.0,10.03,46.36,43.62
module_5,90.0,10.16,52.47,37.37
module_5,90.0,10.38,60.33,29.29
module_5,90.0,10.49,66.58,22.93
module_5,90.0,10.79,68.68,20.52
module_5,90.0,11.07,71.34,17.59
module_5,90.0,11.53,74.96,13.51
module_5,90.0,12.3,79.07,8.63
module_5,90.0,12.93,81.7,5.37
module_5,90.0,10.47,66.52,23.01
module_5,90.0,10.41,61.64,27.95
module_5,90.0,10.47,64.77,24.77
module_5,90.0,10.74,68.79,20.47
module_5,90.0,10.96,72.03,17.01
module_5,90.0,11.15,73.15,15.7
module_5,90.0,11.53,74.85,13.62
module_5,90.0,12.0,77.92,10.08
module_5,90.0,12.68,81.42,5.89
module_5,90.0,13.59,82.58,3.84
module_5,90.0,15.18,82.3,2.52
module_5,90.0,17.26,81.04,1.7
module_5,90.0,23.29,76.71,0.0
module_5,90.0,28.03,71.97,0.0
module_5,90.0,35.56,64.44,0.0
module_5,90.0,47.92,52.08,0.0
module_5,90.0,64.85,35.15,0.0
module_5,90.0,83.59,16.41,0.0
module_5,90.0,94.25,5.75,0.0
module_5,90.0,97.04,2.96,0.0
module_5,90.0,98.66,1.34,0.0
module_5,90.0,99.7,0.3,0.0
module_5,90.0,99.97,0.03,0.0
module_5,90.0,100,0.0,0.0
module_5,90.0,100,0.0,0.0
module_5,90.0,100,0.0,0.0
module_5,90.0,100,0.0,0.0
module_5,90.0,9.62,23.04,67.34
module_5,90.0,9.62,20.88,69.51
module_5,90.0,9.62,19.48,70.9
module_5,90.0,9.62,20.74,69.64
module_5,90.0,9.62,23.45,66.93
module_5,90.0,9.62,21.84,68.55
module_5,90.0,9.7,39.51,50.79
module_5,90.0,9.62,26.47,63.92
module_5,90.0,11.1,71.12,17.78
module_5,90.0,14.44,83.01,2.55
module_5,90.0,12.49,81.1,6.41
module_5,90.0,12.27,79.92,7.81
module_5,90.0,12.27,80.58,7.15
module_5,90.0,21.34,78.66,0.0
module_5,90.0,54.68,45.32,0.0
module_5,90.0,89.78,10.22,0.0
module_5,90.0,96.0,4.0,0.0
module_5,90.0,72.58,27.42,0.0
module_5,90.0,39.75,60.25,0.0
module_5,90.0,98.38,1.62,0.0
module_5,90.0,99.45,0.55,0.0
module_5,90.0,100,0.0,0.0
module_5,90.0,99.97,0.03,0.0
module_5,90.0,100,0.0,0.0
module_5,90.0,100,0.0,0.0
module_5,90.0,100,0.0,0.0
module_5,90.0,100,0.0,0.0
module_5,90.0,37.62,62.38,0.0
module_5,90.0,32.25,67.75,0.0
module_5,90.0,34.93,63.29,1.78
module_5,90.0,42.14,56.74,1.12
module_5,90.0,54.77,45.23,0.0
module_5,90.0,25.21,74.79,0.0
module_5,90.0,22.41,75.86,1.73
module_5,90.0,24.27,71.1,4.63
module_5,90.0,30.03,65.51,4.47
module_5,90.0,35.29,63.75,0.96
module_5,90.0,27.62,72.27,0.11
module_5,90.0,24.22,72.49,3.29
module_5,90.0,25.7,68.99,5.32
module_5,90.0,28.96,65.73,5.32
module_5,90.0,33.67,64.9,1.42
module_5,90.0,31.12,67.53,1.34
module_5,90.0,29.23,66.74,4.03
module_5,90.0,28.49,67.4,4.11
module_5,90.0,31.97,65.53,2.49
module_5,90.0,34.74,63.95,1.32
module_5,90.0,37.26,61.18,1.56
module_5,90.0,34.77,61.75,3.48
module_5,90.0,34.55,62.47,2.99
module_5,90.0,36.36,61.7,1.95
module_5,90.0,41.37,57.59,1.04
module_5,90.0,10.41,89.59,0.0
module_5,90.0,9.7,51.73,38.58
module_5,90.0,9.7,45.7,44.6
module_5,90.0,9.64,41.42,48.93
module_5,90.0,10.16,58.0,31.84
module_5,90.0,10.22,87.32,2.47
module_5,90.0,9.89,71.15,18.96
module_5,90.0,9.78,61.4,28.82
module_5,90.0,9.86,57.62,32.52
module_5,90.0,10.16,60.25,29.59
module_5,90.0,10.82,86.9,2.27
module_5,90.0,10.44,78.41,11.15
module_5,90.0,10.25,70.93,18.82
module_5,90.0,10.33,67.32,22.36
module_5,90.0,10.6,67.04,22.36
module_5,90.0,11.95,85.84,2.22
module_5,90.0,11.23,82.0,6.77
module_5,90.0,11.04,76.38,12.58
module_5,90.0,11.15,73.67,15.18
module_5,90.0,11.42,71.26,17.32
module_5,90.0,12.96,84.71,2.33
module_5,90.0,12.03,81.75,6.22
module_5,90.0,11.75,78.44,9.81
module_5,90.0,11.81,74.96,13.23
module_5,90.0,12.22,73.95,13.84
module_5,90.0,11.29,88.71,0.0
module_5,90.0,9.7,56.71,33.59
module_5,90.0,9.62,36.14,54.25
module_5,90.0,9.64,40.16,50.19
module_5,90.0,10.74,66.44,22.82
module_5,90.0,10.41,89.59,0.0
module_5,90.0,9.84,72.85,17.32
module_5,90.0,9.7,59.21,31.1
module_5,90.0,9.78,56.08,34.14
module_5,90.0,10.33,63.92,25.75
module_5,90.0,10.82,88.03,1.15
module_5,90.0,10.25,80.19,9.56
module_5,90.0,10.14,70.55,19.32
module_5,90.0,10.22,66.74,23.04
module_5,90.0,10.66,69.34,20.0
module_5,90.0,11.92,86.79,1.29
module_5,90.0,11.12,83.12,5.75
module_5,90.0,10.99,76.6,12.41
module_5,90.0,11.12,72.0,16.88
module_5,90.0,11.64,72.25,16.11
module_5,90.0,13.56,85.18,1.26
module_5,90.0,12.85,82.11,5.04
module_5,90.0,12.38,78.58,9.04
module_5,90.0,12.66,75.34,12.0
module_5,90.0,13.23,75.75,11.01
module_5,90.0,15.56,83.42,1.01
module_5,90.0,14.82,81.78,3.4
module_5,90.0,14.25,78.74,7.01
module_5,90.0,14.33,77.23,8.44
module_5,90.0,14.74,76.52,8.74
module_5,90.0,16.77,82.41,0.82
module_5,90.0,16.16,81.18,2.66
module_5,90.0,15.97,79.73,4.3
module_5,90.0,15.89,78.03,6.08
module_5,90.0,16.19,78.68,5.12
module_5,90.0,17.97,81.29,0.74
module_5,90.0,16.77,80.82,2.41
module_5,90.0,16.49,79.86,3.64
module_5,90.0,16.41,78.96,4.63
module_5,90.0,16.99,78.82,4.19
module_5,135.0,20.0,78.14,1.86
module_5,135.0,19.59,78.63,1.78
module_5,135.0,20.25,78.27,1.48
module_5,135.0,21.23,77.51,1.26
module_5,135.0,22.08,77.07,0.85
module_5,135.0,18.99,78.63,2.38
module_5,135.0,18.71,79.07,2.22
module_5,135.0,19.51,79.07,1.42
module_5,135.0,20.22,78.27,1.51
module_5,135.0,21.53,77.51,0.96
module_5,135.0,17.78,79.45,2.77
module_5,135.0,17.64,79.12,3.23
module_5,135.0,16.9,79.48,3.62
module_5,135.0,17.7,78.9,3.4
module_5,135.0,20.0,78.11,1.89
module_5,135.0,14.88,79.12,6.0
module_5,135.0,15.21,79.04,5.75
module_5,135.0,15.56,79.07,5.37
module_5,135.0,16.27,78.19,5.53
module_5,135.0,16.77,77.21,6.03
module_5,135.0,13.48,76.33,10.19
module_5,135.0,13.07,75.1,11.84
module_5,135.0,12.44,72.77,14.79
module_5,135.0,14.11,75.7,10.19
module_5,135.0,15.67,77.1,7.23
module_5,135.0,11.59,69.23,19.18
module_5,135.0,11.26,69.26,19.48
module_5,135.0,11.1,65.73,23.18
module_5,135.0,11.89,71.64,16.47
module_5,135.0,13.18,81.48,5.34
module_5,135.0,11.26,67.67,21.07
module_5,135.0,10.14,54.14,35.73
module_5,135.0,9.95,46.82,43.23
module_5,135.0,10.52,67.86,21.62
module_5,135.0,12.44,83.01,4.55
module_5,135.0,12.33,72.25,15.42
module_5,135.0,9.78,40.88,49.34
module_5,135.0,9.7,35.4,54.9
module_5,135.0,9.78,45.64,44.58
module_5,135.0,16.55,83.45,0.0
module_5,135.0,10.52,65.97,23.51
module_5,135.0,10.27,58.58,31.15
module_5,135.0,10.66,66.05,23.29
module_5,135.0,11.48,73.73,14.79
module_5,135.0,12.16,76.9,10.93
module_5,135.0,9.7,28.74,61.56
module_5,135.0,9.92,45.07,45.01
module_5,135.0,10.33,58.47,31.21
module_5,135.0,11.04,66.77,22.19
module_5,135.0,11.67,75.42,12.9
module_5,135.0,9.7,31.56,58.74
module_5,135.0,9.78,42.08,48.14
module_5,135.0,10.19,55.67,34.14
module_5,135.0,10.96,66.22,22.82
module_5,135.0,11.56,73.62,14.82
module_5,135.0,9.64,32.68,57.67
module_5,135.0,9.92,55.07,35.01
module_5,135.0,10.3,59.67,30.03
module_5,135.0,11.07,67.42,21.51
module_5,135.0,11.7,73.89,14.41
module_5,135.0,10.88,84.08,5.04
module_5,135.0,10.14,66.79,23.07
module_5,135.0,10.63,68.9,20.47
module_5,135.0,11.32,69.32,19.37
module_5,135.0,12.11,73.95,13.95
module_5,135.0,31.73,67.1,1.18
module_5,135.0,28.85,69.75,1.4
module_5,135.0,26.22,71.42,2.36
module_5,135.0,26.19,71.32,2.49
module_5,135.0,29.1,68.38,2.52
module_5,135.0,28.88,69.97,1.15
module_5,135.0,26.58,71.73,1.7
module_5,135.0,24.93,72.27,2.79
module_5,135.0,24.52,71.53,3.95
module_5,135.0,25.04,68.16,6.79
module_5,135.0,95.1,4.9,0.0
module_5,135.0,25.32,71.67,3.01
module_5,135.0,21.86,72.3,5.84
module_5,135.0,20.44,71.48,8.08
module_5,135.0,22.68,70.11,7.21
module_5,135.0,64.63,34.44,0.93
module_5,135.0,26.63,68.88,4.49
module_5,135.0,21.78,70.63,7.59
module_5,135.0,21.15,73.53,5.32
module_5,135.0,22.79,75.4,1.81
module_5,135.0,82.16,17.84,0.0
module_5,135.0,56.99,43.01,0.0
module_5,135.0,40.85,59.15,0.0
module_5,135.0,28.33,71.4,0.27
module_5,135.0,32.47,67.53,0.0
module_5,135.0,12.11,76.82,11.07
module_5,135.0,11.59,75.45,12.96
module_5,135.0,11.34,73.15,15.51
module_5,135.0,11.7,73.67,14.63
module_5,135.0,12.19,74.77,13.04
module_5,135.0,11.04,69.62,19.34
module_5,135.0,11.04,67.32,21.64
module_5,135.0,10.99,65.34,23.67
module_5,135.0,11.07,68.38,20.55
module_5,135.0,11.12,69.97,18.9
module_5,135.0,10.55,64.66,24.79
module_5,135.0,10.27,56.22,33.51
module_5,135.0,10.11,51.45,38.44
module_5,135.0,10.3,60.44,29.26
module_5,135.0,10.63,69.1,20.27
module_5,135.0,10.11,52.68,37.21
module_5,135.0,9.89,43.56,46.55
module_5,135.0,9.78,42.9,47.32
module_5,135.0,9.89,52.25,37.86
module_5,135.0,10.14,68.0,21.86
module_5,135.0,10.14,57.18,32.68
module_5,135.0,9.64,27.1,63.26
module_5,135.0,9.7,31.21,59.1
module_5,135.0,9.62,25.67,64.71
module_5,135.0,10.25,78.22,11.53
module_5,135.0,10.14,45.01,44.85
module_5,135.0,9.7,26.68,63.62
module_5,135.0,9.7,24.16,66.14
module_5,135.0,9.64,24.47,65.89
module_5,135.0,9.7,26.22,64.08
module_5,135.0,9.64,27.18,63.18
module_5,135.0,10.22,40.71,49.07
module_5,135.0,9.92,26.79,63.29
module_5,135.0,9.75,22.85,67.4
module_5,135.0,9.7,22.66,67.64
module_5,135.0,9.7,22.55,67.75
module_5,135.0,9.62,19.95,70.44
module_5,135.0,10.44,48.77,40.79
module_5,135.0,10.14,36.05,53.81
module_5,135.0,10.0,26.08,63.92
module_5,135.0,9.78,23.7,66.52
module_5,135.0,9.7,21.42,68.88
module_5,135.0,9.62,18.79,71.59
module_5,135.0,10.63,60.49,28.88
module_5,135.0,10.33,48.33,41.34
module_5,135.0,10.08,30.74,59.18
module_5,135.0,9.78,24.41,65.81
module_5,135.0,9.7,21.45,68.85
module_5,135.0,9.62,18.52,71.86
module_5,135.0,10.79,64.68,24.52
module_5,135.0,10.44,54.25,35.32
module_5,135.0,10.14,42.03,47.84
module_5,135.0,9.89,29.32,60.79
module_5,135.0,9.7,22.55,67.75
module_5,135.0,9.62,18.63,71.75
module_5,135.0,11.01,70.22,18.77
module_5,135.0,10.49,60.27,29.23
module_5,135.0,10.27,49.34,40.38
module_5,135.0,10.0,35.89,54.11
module_5,135.0,9.7,25.81,64.49
module_5,135.0,9.64,19.59,70.77
module_5,135.0,11.37,76.08,12.55
module_5,135.0,11.01,71.18,17.81
module_5,135.0,10.52,59.75,29.73
module_5,135.0,10.14,48.08,41.78
module_5,135.0,9.89,36.82,53.29
module_5,135.0,9.7,23.21,67.1
module_5,135.0,12.05,80.38,7.56
module_5,135.0,11.53,77.75,10.71
module_5,135.0,10.88,66.3,22.82
module_5,135.0,10.38,55.67,33.95
module_5,135.0,10.11,44.14,45.75
module_5,135.0,9.75,32.08,58.16
module_5,135.0,12.55,81.29,6.16
module_5,135.0,11.86,79.59,8.55
module_5,135.0,11.42,76.41,12.16
module_5,135.0,10.96,69.37,19.67
module_5,135.0,10.55,61.53,27.92
module_5,135.0,10.36,55.86,33.78
module_5,135.0,13.42,82.16,4.41
module_5,135.0,12.66,81.32,6.03
module_5,135.0,12.22,80.16,7.62
module_5,135.0,11.64,78.22,10.14
module_5,135.0,11.62,77.29,11.1
module_5,135.0,12.99,81.48,5.53
module_5,135.0,14.93,82.16,2.9
module_5,135.0,19.23,80.25,0.52
module_5,135.0,22.41,77.59,0.0
module_5,135.0,25.73,74.27,0.0
module_5,135.0,30.27,69.73,0.0
module_5,135.0,45.04,54.96,0.0
module_5,135.0,56.99,43.01,0.0
module_5,135.0,82.88,17.12,0.0
module_5,135.0,92.38,7.62,0.0
module_5,135.0,99.37,0.63,0.0
module_5,135.0,99.95,0.05,0.0
module_5,135.0,100,0.0,0.0
module_5,135.0,100,0.0,0.0
module_5,135.0,99.89,0.11,0.0
module_5,135.0,100,0.0,0.0
module_5,135.0,100,0.0,0.0
module_5,135.0,99.92,0.08,0.0
module_5,135.0,11.56,74.0,14.44
module_5,135.0,10.96,63.73,25.32
module_5,135.0,11.89,75.45,12.66
module_5,135.0,10.6,59.73,29.67
module_5,135.0,10.85,63.75,25.4
module_5,135.0,10.99,68.16,20.85
module_5,135.0,10.41,57.95,31.64
module_5,135.0,10.49,57.84,31.67
module_5,135.0,9.95,52.93,37.12
module_5,135.0,9.7,38.3,52.0
module_5,135.0,9.7,33.78,56.52
module_5,135.0,9.86,50.16,39.97
module_5,135.0,11.01,70.71,18.27
module_5,135.0,11.34,76.3,12.36
module_5,135.0,11.53,78.58,9.89
module_5,135.0,12.9,82.41,4.68
module_5,135.0,12.3,81.51,6.19
module_5,135.0,14.05,82.38,3.56
module_5,135.0,13.62,82.33,4.05
module_5,135.0,14.96,82.0,3.04
module_5,135.0,12.44,81.29,6.27
module_5,135.0,12.6,81.95,5.45
module_5,135.0,12.36,81.04,6.6
module_5,135.0,15.07,82.03,2.9
module_5,135.0,9.78,47.75,42.47
module_5,135.0,9.78,48.74,41.48
module_5,135.0,9.7,33.4,56.9
module_5,135.0,9.7,40.3,50.0
module_5,135.0,9.62,17.95,72.44
module_5,135.0,9.62,19.51,70.88
module_5,135.0,9.7,44.22,46.08
module_5,135.0,9.62,16.66,73.73
module_5,135.0,9.62,18.88,71.51
module_5,135.0,9.67,35.29,55.04
module_5,135.0,9.62,16.66,73.73
module_5,135.0,9.62,16.05,74.33
module_5,135.0,9.62,16.22,74.16
module_5,135.0,9.62,16.66,73.73
module_5,135.0,9.62,16.16,74.22
module_5,135.0,9.62,16.77,73.62
module_5,135.0,9.7,32.33,57.97
module_5,135.0,9.62,18.11,72.27
module_5,135.0,9.62,17.12,73.26
module_5,135.0,12.44,81.34,6.22
module_5,135.0,12.6,81.67,5.73
module_5,135.0,12.38,81.15,6.47
module_5,135.0,13.37,81.84,4.79
module_5,135.0,10.79,69.21,20.0
module_5,135.0,9.62,18.0,72.38
module_5,135.0,9.62,16.68,73.7
module_5,135.0,9.7,28.41,61.89
module_5,135.0,14.52,83.12,2.36
module_5,135.0,15.12,83.86,1.01
module_5,135.0,16.36,83.64,0.0
module_5,135.0,14.88,83.34,1.78
module_5,135.0,11.18,71.12,17.7
module_5,135.0,9.62,16.22,74.16
module_5,135.0,12.36,80.85,6.79
module_5,135.0,17.07,81.12,1.81
module_5,135.0,26.0,74.0,0.0
module_5,135.0,20.33,79.04,0.63
module_5,135.0,37.45,62.55,0.0
module_5,135.0,79.07,20.93,0.0
module_5,135.0,54.47,45.53,0.0
module_5,135.0,28.82,71.18,0.0
module_5,135.0,95.04,4.96,0.0
module_5,135.0,99.29,0.71,0.0
module_5,135.0,99.81,0.19,0.0
module_5,135.0,99.51,0.49,0.0
module_5,135.0,99.59,0.41,0.0
module_5,135.0,99.89,0.11,0.0
module_5,135.0,99.75,0.25,0.0
module_5,135.0,99.53,0.47,0.0
module_5,135.0,97.18,2.82,0.0
module_5,135.0,99.23,0.77,0.0
module_5,135.0,99.84,0.16,0.0
module_5,135.0,22.16,77.84,0.0
module_5,135.0,28.27,71.73,0.0
module_5,135.0,24.41,75.59,0.0
module_5,135.0,44.36,55.64,0.0
module_5,135.0,87.01,12.99,0.0
module_5,135.0,65.81,34.19,0.0
module_5,135.0,33.73,66.27,0.0
module_5,135.0,41.51,58.49,0.0
module_5,135.0,26.27,73.73,0.0
module_5,135.0,32.25,67.75,0.0
module_5,135.0,98.0,2.0,0.0
module_5,135.0,99.73,0.27,0.0
module_5,135.0,75.73,24.27,0.0
module_5,135.0,93.21,6.79,0.0
module_5,135.0,57.04,42.96,0.0
module_5,135.0,95.67,4.33,0.0
module_5,135.0,19.56,80.44,0.0
module_5,135.0,99.95,0.05,0.0
module_5,135.0,100,0.0,0.0
module_5,135.0,99.97,0.03,0.0
module_5,135.0,100,0.0,0.0
module_5,135.0,100,0.0,0.0
module_5,135.0,100,0.0,0.0
module_5,135.0,100,0.0,0.0
module_5,135.0,100,0.0,0.0
module_5,135.0,100,0.0,0.0
module_5,135.0,99.92,0.08,0.0
module_5,135.0,100,0.0,0.0
module_5,135.0,100,0.0,0.0
module_5,135.0,100,0.0,0.0
module_5,135.0,100,0.0,0.0
module_5,135.0,100,0.0,0.0
module_5,135.0,100,0.0,0.0
module_5,135.0,99.95,0.05,0.0
module_5,135.0,99.01,0.99,0.0
module_5,135.0,19.95,78.08,1.97
module_5,135.0,19.86,78.3,1.84
module_5,135.0,19.92,78.63,1.45
module_5,135.0,20.71,78.03,1.26
module_5,135.0,21.62,77.29,1.1
module_5,135.0,19.37,78.49,2.14
module_5,135.0,19.4,78.68,1.92
module_5,135.0,18.93,79.15,1.92
module_5,135.0,19.37,78.82,1.81
module_5,135.0,20.66,78.38,0.96
module_5,135.0,16.9,79.4,3.7
module_5,135.0,16.77,79.48,3.75
module_5,135.0,17.64,79.75,2.6
module_5,135.0,18.58,78.49,2.93
module_5,135.0,18.88,78.19,2.93
module_5,135.0,15.59,79.42,4.99
module_5,135.0,14.77,78.3,6.93
module_5,135.0,14.58,78.14,7.29
module_5,135.0,15.23,77.34,7.42
module_5,135.0,16.99,78.36,4.66
module_5,135.0,13.04,76.55,10.41
module_5,135.0,12.63,73.15,14.22
module_5,135.0,12.96,73.81,13.23
module_5,135.0,12.93,73.26,13.81
module_5,135.0,14.33,76.63,9.04
module_5,135.0,12.33,75.18,12.49
module_5,135.0,11.1,66.3,22.6
module_5,135.0,10.6,61.64,27.75
module_5,135.0,11.04,65.15,23.81
module_5,135.0,13.1,77.12,9.78
module_5,135.0,11.81,72.38,15.81
module_5,135.0,10.49,61.7,27.81
module_5,135.0,10.14,53.53,36.33
module_5,135.0,10.11,55.7,34.19
module_5,135.0,11.67,83.1,5.23
module_5,135.0,18.58,80.25,1.18
module_5,135.0,10.11,53.18,36.71
module_5,135.0,9.7,29.42,60.88
module_5,135.0,9.78,43.64,46.58
module_5,135.0,11.95,85.97,2.08
module_5,135.0,10.41,64.03,25.56
module_5,135.0,10.08,51.12,38.79
module_5,135.0,10.38,59.48,30.14
module_5,135.0,11.04,68.27,20.68
module_5,135.0,12.16,77.04,10.79
module_5,135.0,9.62,21.75,68.63
module_5,135.0,9.73,37.07,53.21
module_5,135.0,10.14,51.75,38.11
module_5,135.0,10.88,65.48,23.64
module_5,135.0,11.51,74.36,14.14
module_5,135.0,9.7,30.9,59.4
module_5,135.0,9.7,39.42,50.88
module_5,135.0,10.11,51.23,38.66
module_5,135.0,10.6,62.99,26.41
module_5,135.0,11.34,72.88,15.78
module_5,135.0,9.62,31.12,59.26
module_5,135.0,9.73,45.84,44.44
module_5,135.0,10.14,60.49,29.37
module_5,135.0,10.9,67.01,22.08
module_5,135.0,11.7,73.23,15.07
module_5,135.0,10.88,84.66,4.47
module_5,135.0,10.3,73.59,16.11
module_5,135.0,10.55,70.82,18.63
module_5,135.0,11.23,71.34,17.42
module_5,135.0,12.05,74.3,13.64
module_5,135.0,31.29,67.75,0.96
module_5,135.0,30.27,68.36,1.37
module_5,135.0,27.75,70.16,2.08
module_5,135.0,26.85,70.9,2.25
module_5,135.0,29.23,68.22,2.55
module_5,135.0,30.03,68.82,1.15
module_5,135.0,26.49,71.7,1.81
module_5,135.0,24.38,72.85,2.77
module_5,135.0,23.51,71.51,4.99
module_5,135.0,25.18,68.79,6.03
module_5,135.0,41.21,58.6,0.19
module_5,135.0,26.33,71.59,2.08
module_5,135.0,22.82,73.04,4.14
module_5,135.0,21.73,70.68,7.59
module_5,135.0,20.82,71.37,7.81
module_5,135.0,63.75,35.45,0.79
module_5,135.0,51.73,46.16,2.11
module_5,135.0,24.99,69.32,5.7
module_5,135.0,20.3,71.75,7.95
module_5,135.0,20.6,73.92,5.48
module_5,135.0,84.9,15.1,0.0
module_5,135.0,54.03,45.97,0.0
module_5,135.0,33.95,63.67,2.38
module_5,135.0,38.08,61.92,0.0
module_5,135.0,40.33,59.67,0.0
module_5,135.0,12.08,77.12,10.79
module_5,135.0,11.53,74.82,13.64
module_5,135.0,11.56,73.51,14.93
module_5,135.0,11.4,72.19,16.41
module_5,135.0,11.86,72.71,15.42
module_5,135.0,11.48,73.81,14.71
module_5,135.0,10.9,65.53,23.56
module_5,135.0,10.6,62.41,26.99
module_5,135.0,10.68,62.93,26.38
module_5,135.0,11.23,68.33,20.44
module_5,135.0,10.55,62.74,26.71
module_5,135.0,10.14,54.44,35.42
module_5,135.0,10.19,55.07,34.74
module_5,135.0,10.14,54.33,35.53
module_5,135.0,10.3,65.95,23.75
module_5,135.0,10.36,59.18,30.47
module_5,135.0,9.78,41.15,49.07
module_5,135.0,9.7,37.84,52.47
module_5,135.0,9.7,43.42,46.88
module_5,135.0,10.0,63.1,26.9
module_5,135.0,12.9,75.53,11.56
module_5,135.0,9.62,23.81,66.58
module_5,135.0,9.67,31.67,58.66
module_5,135.0,9.64,30.63,59.73
module_5,135.0,10.08,72.82,17.1
module_5,135.0,10.33,48.05,41.62
module_5,135.0,9.86,30.58,59.56
module_5,135.0,9.7,23.59,66.71
module_5,135.0,9.7,22.52,67.78
module_5,135.0,9.7,23.97,66.33
module_5,135.0,9.64,25.01,65.34
module_5,135.0,10.44,48.96,40.6
module_5,135.0,10.11,31.67,58.22
module_5,135.0,9.89,24.33,65.78
module_5,135.0,9.73,23.1,67.18
module_5,135.0,9.7,22.55,67.75
module_5,135.0,9.64,21.78,68.58
module_5,135.0,10.49,55.95,33.56
module_5,135.0,10.14,37.21,52.66
module_5,135.0,10.0,27.26,62.74
module_5,135.0,9.78,24.11,66.11
module_5,135.0,9.7,22.36,67.95
module_5,135.0,9.62,19.95,70.44
module_5,135.0,10.66,61.12,28.22
module_5,135.0,10.38,48.71,40.9
module_5,135.0,10.14,38.82,51.04
module_5,135.0,9.92,28.27,61.81
module_5,135.0,9.7,22.77,67.53
module_5,135.0,9.62,19.37,71.01
module_5,135.0,11.01,68.99,20.0
module_5,135.0,10.49,60.52,28.99
module_5,135.0,10.27,48.9,40.82
module_5,135.0,10.0,35.73,54.27
module_5,135.0,9.73,25.84,64.44
module_5,135.0,9.64,19.86,70.49
module_5,135.0,11.21,74.82,13.97
module_5,135.0,10.93,66.74,22.33
module_5,135.0,10.44,55.23,34.33
module_5,135.0,10.14,43.53,46.33
module_5,135.0,9.78,30.96,59.26
module_5,135.0,9.7,20.71,69.59
module_5,135.0,11.62,78.33,10.05
module_5,135.0,11.01,72.03,16.96
module_5,135.0,10.55,60.66,28.79
module_5,135.0,10.22,49.21,40.58
module_5,135.0,9.97,36.99,53.04
module_5,135.0,9.7,24.82,65.48
module_5,135.0,11.95,79.84,8.22
module_5,135.0,11.53,77.21,11.26
module_5,135.0,11.21,73.84,14.96
module_5,135.0,10.63,63.7,25.67
module_5,135.0,10.27,52.66,37.07
module_5,135.0,10.0,42.58,47.42
module_5,135.0,12.77,82.05,5.18
module_5,135.0,12.47,80.58,6.96
module_5,135.0,11.7,78.71,9.59
module_5,135.0,11.32,75.15,13.53
module_5,135.0,10.99,70.58,18.44
module_5,135.0,10.74,67.01,22.25
module_5,135.0,13.92,82.27,3.81
module_5,135.0,13.18,82.16,4.66
module_5,135.0,12.52,81.12,6.36
module_5,135.0,12.0,79.73,8.27
module_5,135.0,11.89,79.37,8.74
module_5,135.0,11.78,78.77,9.45
module_5,135.0,15.59,81.81,2.6
module_5,135.0,16.88,81.48,1.64
module_5,135.0,23.04,76.96,0.0
module_5,135.0,27.15,72.85,0.0
module_5,135.0,32.77,67.23,0.0
module_5,135.0,37.26,62.74,0.0
module_5,135.0,57.67,42.33,0.0
module_5,135.0,87.21,12.79,0.0
module_5,135.0,94.99,5.01,0.0
module_5,135.0,97.34,2.66,0.0
module_5,135.0,99.42,0.58,0.0
module_5,135.0,99.84,0.16,0.0
module_5,135.0,99.81,0.19,0.0
module_5,135.0,100,0.0,0.0
module_5,135.0,100,0.0,0.0
module_5,135.0,99.95,0.05,0.0
module_5,135.0,100,0.0,0.0
module_5,135.0,10.9,63.51,25.59
module_5,135.0,10.71,62.14,27.15
module_5,135.0,10.74,61.48,27.78
module_5,135.0,10.93,66.27,22.79
module_5,135.0,11.04,72.05,16.9
module_5,135.0,11.21,75.42,13.37
module_5,135.0,11.67,79.26,9.07
module_5,135.0,12.63,82.27,5.1
module_5,135.0,12.22,80.99,6.79
module_5,135.0,13.7,82.52,3.78
module_5,135.0,15.56,82.0,2.44
module_5,135.0,16.77,81.51,1.73
module_5,135.0,24.71,75.29,0.0
module_5,135.0,19.42,79.86,0.71
module_5,135.0,42.66,57.34,0.0
module_5,135.0,80.3,19.7,0.0
module_5,135.0,57.29,42.71,0.0
module_5,135.0,32.52,67.48,0.0
module_5,135.0,93.78,6.22,0.0
module_5,135.0,99.07,0.93,0.0
module_5,135.0,99.78,0.22,0.0
module_5,135.0,99.86,0.14,0.0
module_5,135.0,100,0.0,0.0
module_5,135.0,99.81,0.19,0.0
module_5,135.0,99.81,0.19,0.0
module_5,135.0,97.07,2.93,0.0
module_5,180.0,10.63,70.79,18.58
module_5,180.0,10.36,61.37,28.27
module_5,180.0,10.9,67.32,21.78
module_5,180.0,11.75,74.93,13.32
module_5,180.0,12.58,78.66,8.77
module_5,180.0,9.7,29.89,60.41
module_5,180.0,9.92,44.27,45.81
module_5,180.0,10.41,57.81,31.78
module_5,180.0,11.18,71.78,17.04
module_5,180.0,11.81,76.85,11.34
module_5,180.0,9.7,24.96,65.34
module_5,180.0,9.78,38.66,51.56
module_5,180.0,10.27,53.12,36.6
module_5,180.0,11.01,68.33,20.66
module_5,180.0,11.62,75.4,12.99
module_5,180.0,9.64,22.44,67.92
module_5,180.0,9.89,41.37,48.74
module_5,180.0,10.27,55.18,34.55
module_5,180.0,11.07,68.99,19.95
module_5,180.0,11.64,75.97,12.38
module_5,180.0,10.11,59.86,30.03
module_5,180.0,10.14,55.34,34.52
module_5,180.0,10.49,63.18,26.33
module_5,180.0,11.34,72.71,15.95
module_5,180.0,12.03,77.07,10.9
module_5,180.0,12.14,76.3,11.56
module_5,180.0,10.58,67.42,22.0
module_5,180.0,10.93,69.12,19.95
module_5,180.0,11.78,74.71,13.51
module_5,180.0,13.37,78.74,7.89
module_5,180.0,14.63,79.81,5.56
module_5,180.0,15.86,80.82,3.32
module_5,180.0,16.3,80.79,2.9
module_5,180.0,9.7,41.78,48.52
module_5,180.0,9.95,47.89,42.16
module_5,180.0,10.41,59.04,30.55
module_5,180.0,11.15,70.79,18.05
module_5,180.0,12.63,77.86,9.51
module_5,180.0,14.3,79.56,6.14
module_5,180.0,15.42,80.22,4.36
module_5,180.0,15.84,80.63,3.53
module_5,180.0,9.62,18.9,71.48
module_5,180.0,9.7,36.22,54.08
module_5,180.0,10.14,51.89,37.97
module_5,180.0,10.88,67.73,21.4
module_5,180.0,12.14,76.9,10.96
module_5,180.0,13.78,79.62,6.6
module_5,180.0,15.12,80.38,4.49
module_5,180.0,15.62,80.93,3.45
module_5,180.0,9.62,20.3,70.08
module_5,180.0,9.78,37.97,52.25
module_5,180.0,10.14,53.32,36.55
module_5,180.0,10.93,66.79,22.27
module_5,180.0,12.25,77.59,10.16
module_5,180.0,13.73,79.64,6.63
module_5,180.0,15.12,80.41,4.47
module_5,180.0,15.64,80.66,3.7
module_5,180.0,10.14,62.08,27.78
module_5,180.0,10.11,54.85,35.04
module_5,180.0,10.44,61.53,28.03
module_5,180.0,11.21,71.18,17.62
module_5,180.0,12.52,77.95,9.53
module_5,180.0,13.95,79.64,6.41
module_5,180.0,15.21,80.47,4.33
module_5,180.0,15.86,80.58,3.56
module_5,180.0,43.56,56.44,0.0
module_5,180.0,31.62,66.96,1.42
module_5,180.0,28.66,70.3,1.04
module_5,180.0,29.67,69.4,0.93
module_5,180.0,30.77,68.52,0.71
module_5,180.0,36.55,63.45,0.0
module_5,180.0,25.29,69.92,4.79
module_5,180.0,24.68,72.55,2.77
module_5,180.0,25.86,72.58,1.56
module_5,180.0,27.56,71.15,1.29
module_5,180.0,27.53,72.47,0.0
module_5,180.0,21.23,72.9,5.86
module_5,180.0,21.34,73.86,4.79
module_5,180.0,23.51,73.95,2.55
module_5,180.0,25.34,73.15,1.51
module_5,180.0,24.25,75.75,0.0
module_5,180.0,18.55,73.18,8.27
module_5,180.0,19.26,75.26,5.48
module_5,180.0,22.19,74.25,3.56
module_5,180.0,24.77,73.04,2.19
module_5,180.0,24.79,75.21,0.0
module_5,180.0,18.93,73.12,7.95
module_5,180.0,19.4,74.68,5.92
module_5,180.0,22.85,73.48,3.67
module_5,180.0,25.53,72.44,2.03
module_5,180.0,10.74,72.25,17.01
module_5,180.0,10.47,62.93,26.6
module_5,180.0,10.9,68.3,20.79
module_5,180.0,11.75,75.51,12.74
module_5,180.0,12.55,78.55,8.9
module_5,180.0,9.7,32.41,57.89
module_5,180.0,9.97,45.37,44.66
module_5,180.0,10.44,58.55,31.01
module_5,180.0,11.29,72.19,16.52
module_5,180.0,11.81,76.71,11.48
module_5,180.0,9.7,24.68,65.62
module_5,180.0,9.78,39.18,51.04
module_5,180.0,10.27,53.15,36.58
module_5,180.0,11.01,68.0,20.99
module_5,180.0,11.62,75.56,12.82
module_5,180.0,9.64,21.51,68.85
module_5,180.0,9.86,39.48,50.66
module_5,180.0,10.27,53.95,35.78
module_5,180.0,11.07,68.19,20.74
module_5,180.0,11.59,75.42,12.99
module_5,180.0,9.89,49.89,40.22
module_5,180.0,10.08,50.55,39.37
module_5,180.0,10.44,60.6,28.96
module_5,180.0,11.21,72.03,16.77
module_5,180.0,12.0,76.47,11.53
module_5,180.0,100,0.0,0.0
module_5,180.0,100,0.0,0.0
module_5,180.0,100,0.0,0.0
module_5,180.0,100,0.0,0.0
module_5,180.0,100,0.0,0.0
module_5,180.0,100,0.0,0.0
module_5,180.0,100,0.0,0.0
module_5,180.0,99.56,0.44,0.0
module_5,180.0,97.62,2.38,0.0
module_5,180.0,85.04,14.96,0.0
module_5,180.0,66.49,33.51,0.0
module_5,180.0,51.75,48.25,0.0
module_5,180.0,36.55,63.45,0.0
module_5,180.0,29.15,70.85,0.0
module_5,180.0,23.53,76.47,0.0
module_5,180.0,18.44,80.88,0.68
module_5,180.0,16.3,82.03,1.67
module_5,180.0,12.93,79.29,7.78
module_5,180.0,12.16,79.34,8.49
module_5,180.0,12.3,80.11,7.59
module_5,180.0,12.96,81.48,5.56
module_5,180.0,13.95,82.77,3.29
module_5,180.0,14.58,82.79,2.63
module_5,180.0,10.93,67.89,21.18
module_5,180.0,11.07,70.79,18.14
module_5,180.0,11.56,76.33,12.11
module_5,180.0,12.0,79.34,8.66
module_5,180.0,12.99,81.32,5.7
module_5,180.0,13.67,82.55,3.78
module_5,180.0,10.0,46.66,43.34
module_5,180.0,10.36,55.34,34.3
module_5,180.0,10.85,64.77,24.38
module_5,180.0,11.37,75.45,13.18
module_5,180.0,11.86,79.7,8.44
module_5,180.0,12.55,81.59,5.86
module_5,180.0,9.7,31.53,58.77
module_5,180.0,10.0,41.89,48.11
module_5,180.0,10.41,54.25,35.34
module_5,180.0,10.85,66.05,23.1
module_5,180.0,11.4,76.74,11.86
module_5,180.0,11.78,79.32,8.9
module_5,180.0,9.7,24.0,66.3
module_5,180.0,9.84,34.0,56.16
module_5,180.0,10.14,45.78,44.08
module_5,180.0,10.52,56.6,32.88
module_5,180.0,11.04,68.66,20.3
module_5,180.0,11.45,76.52,12.03
module_5,180.0,9.64,20.63,69.73
module_5,180.0,9.75,29.07,61.18
module_5,180.0,10.0,38.49,51.51
module_5,180.0,10.27,50.03,39.7
module_5,180.0,10.58,61.81,27.62
module_5,180.0,11.15,71.07,17.78
module_5,180.0,9.62,19.01,71.37
module_5,180.0,9.7,26.55,63.75
module_5,180.0,9.95,34.66,55.4
module_5,180.0,10.14,42.66,47.21
module_5,180.0,10.52,52.74,36.74
module_5,180.0,10.82,65.73,23.45
module_5,180.0,9.62,18.22,72.16
module_5,180.0,9.7,26.14,64.16
module_5,180.0,9.86,32.08,58.05
module_5,180.0,10.08,37.81,52.11
module_5,180.0,10.27,45.7,44.03
module_5,180.0,10.58,55.75,33.67
module_5,180.0,9.64,18.58,71.78
module_5,180.0,9.7,25.01,65.29
module_5,180.0,9.73,28.66,61.62
module_5,180.0,9.89,34.36,55.75
module_5,180.0,10.11,40.74,49.15
module_5,180.0,10.52,49.97,39.51
module_5,180.0,9.64,20.71,69.64
module_5,180.0,9.7,24.36,65.95
module_5,180.0,9.7,26.36,63.95
module_5,180.0,9.7,30.55,59.75
module_5,180.0,9.86,37.32,52.82
module_5,180.0,10.41,51.51,38.08
module_5,180.0,100,0.0,0.0
module_5,180.0,100,0.0,0.0
module_5,180.0,100,0.0,0.0
module_5,180.0,100,0.0,0.0
module_5,180.0,100,0.0,0.0
module_5,180.0,100,0.0,0.0
module_5,180.0,100,0.0,0.0
module_5,180.0,99.86,0.14,0.0
module_5,180.0,99.67,0.33,0.0
module_5,180.0,100,0.0,0.0
module_5,180.0,99.26,0.74,0.0
module_5,180.0,79.95,20.05,0.0
module_5,180.0,95.53,4.47,0.0
module_5,180.0,45.34,54.66,0.0
module_5,180.0,27.95,72.05,0.0
module_5,180.0,34.49,65.51,0.0
module_5,180.0,58.6,41.4,0.0
module_5,180.0,25.18,74.82,0.0
module_5,180.0,20.19,79.81,0.0
module_5,180.0,30.16,69.84,0.0
module_5,180.0,23.34,76.66,0.0
module_5,180.0,100,0.0,0.0
module_5,180.0,100,0.0,0.0
module_5,180.0,100,0.0,0.0
module_5,180.0,100,0.0,0.0
module_5,180.0,99.92,0.08,0.0
module_5,180.0,100,0.0,0.0
module_5,180.0,100,0.0,0.0
module_5,180.0,100,0.0,0.0
module_5,180.0,100,0.0,0.0
module_5,180.0,100,0.0,0.0
module_5,180.0,100,0.0,0.0
module_5,180.0,100,0.0,0.0
module_5,180.0,100,0.0,0.0
module_5,180.0,100,0.0,0.0
module_5,180.0,100,0.0,0.0
module_5,180.0,99.78,0.22,0.0
module_5,180.0,100,0.0,0.0
module_5,180.0,97.59,2.41,0.0
module_5,180.0,61.89,38.11,0.0
module_5,180.0,89.21,10.79,0.0
module_5,180.0,36.25,63.75,0.0
module_5,180.0,20.22,79.29,0.49
module_5,180.0,25.12,74.88,0.0
module_5,180.0,50.14,49.86,0.0
module_5,180.0,94.11,5.89,0.0
module_5,180.0,74.79,25.21,0.0
module_5,180.0,59.07,40.93,0.0
module_5,180.0,32.96,67.04,0.0
module_5,180.0,21.12,78.49,0.38
module_5,180.0,17.73,81.29,0.99
module_5,180.0,44.71,55.29,0.0
module_5,180.0,26.27,73.73,0.0
module_5,180.0,17.29,81.67,1.04
module_5,180.0,99.1,0.9,0.0
module_5,180.0,16.96,83.04,0.0
module_5,180.0,15.04,81.59,3.37
module_5,180.0,15.73,82.49,1.78
module_5,180.0,15.45,82.66,1.89
module_5,180.0,10.85,75.26,13.89
module_5,180.0,9.62,17.78,72.6
module_5,180.0,11.45,74.96,13.59
module_5,180.0,9.62,15.4,74.99
module_5,180.0,13.12,81.34,5.53
module_5,180.0,13.73,81.23,5.04
module_5,180.0,12.79,81.75,5.45
module_5,180.0,9.7,33.89,56.41
module_5,180.0,9.62,15.78,74.6
module_5,180.0,9.62,18.03,72.36
module_5,180.0,9.62,15.07,75.32
module_5,180.0,9.62,14.99,75.4
module_5,180.0,9.62,15.18,75.21
module_5,180.0,9.62,14.9,75.48
module_5,180.0,9.62,15.42,74.96
module_5,180.0,9.62,14.82,75.56
module_5,180.0,9.62,14.71,75.67
module_5,180.0,9.62,14.82,75.56
module_5,180.0,9.64,23.67,66.68
module_5,180.0,9.62,15.07,75.32
module_5,180.0,9.62,15.48,74.9
module_5,180.0,9.62,15.1,75.29
module_5,180.0,9.78,37.18,53.04
module_5,180.0,9.7,29.15,61.15
module_5,180.0,9.78,39.45,50.77
module_5,180.0,9.7,29.62,60.68
module_5,180.0,9.7,30.0,60.3
module_5,180.0,9.7,30.88,59.42
module_5,180.0,13.15,82.66,4.19
module_5,180.0,12.79,81.64,5.56
module_5,180.0,15.84,82.25,1.92
module_5,180.0,14.3,83.07,2.63
module_5,180.0,14.44,82.6,2.96
module_5,180.0,15.84,82.19,1.97
module_5,180.0,14.66,82.66,2.68
module_5,180.0,13.45,82.58,3.97
module_5,180.0,13.84,82.63,3.53
module_5,180.0,12.63,82.25,5.12
module_5,180.0,11.84,79.95,8.22
module_5,180.0,12.0,80.68,7.32
module_5,180.0,11.56,77.62,10.82
module_5,180.0,11.48,76.52,12.0
module_5,180.0,12.52,81.75,5.73
module_5,180.0,16.3,82.08,1.62
module_5,180.0,11.01,68.63,20.36
module_5,180.0,11.15,73.26,15.59
module_5,180.0,10.0,51.73,38.27
module_5,180.0,9.7,35.7,54.6
module_5,180.0,10.38,59.18,30.44
module_5,180.0,9.7,42.16,48.14
module_5,180.0,9.89,45.51,44.6
module_5,180.0,10.55,59.59,29.86
module_5,180.0,11.1,70.9,18.0
module_5,180.0,10.79,63.34,25.86
module_5,180.0,10.93,66.03,23.04
module_5,180.0,10.79,64.22,24.99
module_5,180.0,10.93,66.74,22.33
module_5,180.0,10.93,67.37,21.7
module_5,180.0,11.53,76.11,12.36
module_5,180.0,11.84,77.29,10.88
module_5,180.0,10.71,62.25,27.04
module_5,180.0,11.29,74.58,14.14
module_5,180.0,10.49,70.68,18.82
module_5,180.0,10.11,54.22,35.67
module_5,180.0,10.47,60.77,28.77
module_5,180.0,11.15,71.04,17.81
module_5,180.0,12.08,77.15,10.77
module_5,180.0,9.62,17.97,72.41
module_5,180.0,9.73,34.79,55.48
module_5,180.0,10.14,50.55,39.32
module_5,180.0,10.82,65.1,24.08
module_5,180.0,11.62,75.64,12.74
module_5,180.0,9.7,25.37,64.93
module_5,180.0,9.7,32.52,57.78
module_5,180.0,10.11,48.63,41.26
module_5,180.0,10.68,63.12,26.19
module_5,180.0,11.48,74.22,14.3
module_5,180.0,9.62,20.11,70.27
module_5,180.0,9.78,40.27,49.95
module_5,180.0,10.14,53.84,36.03
module_5,180.0,10.93,67.12,21.95
module_5,180.0,11.53,75.51,12.96
module_5,180.0,12.66,76.71,10.63
module_5,180.0,10.27,60.25,29.48
module_5,180.0,10.44,61.1,28.47
module_5,180.0,11.21,70.6,18.19
module_5,180.0,12.08,77.4,10.52
module_5,180.0,13.48,77.84,8.68
module_5,180.0,10.33,63.1,26.58
module_5,180.0,10.52,63.29,26.19
module_5,180.0,11.23,71.7,17.07
module_5,180.0,12.63,78.49,8.88
module_5,180.0,14.14,79.51,6.36
module_5,180.0,15.56,80.49,3.95
module_5,180.0,16.16,80.88,2.96
module_5,180.0,9.62,20.49,69.89
module_5,180.0,9.7,36.63,53.67
module_5,180.0,10.11,51.4,38.49
module_5,180.0,10.58,66.25,23.18
module_5,180.0,11.78,75.86,12.36
module_5,180.0,13.53,79.23,7.23
module_5,180.0,14.9,80.16,4.93
module_5,180.0,15.7,80.82,3.48
module_5,180.0,9.62,15.64,74.74
module_5,180.0,9.7,28.08,62.22
module_5,180.0,10.0,46.0,44.0
module_5,180.0,10.52,61.92,27.56
module_5,180.0,11.59,74.05,14.36
module_5,180.0,13.1,78.58,8.33
module_5,180.0,14.68,80.0,5.32
module_5,180.0,15.59,80.58,3.84
module_5,180.0,9.62,20.38,70.0
module_5,180.0,9.73,39.01,51.26
module_5,180.0,10.11,52.27,37.62
module_5,180.0,10.6,65.4,24.0
module_5,180.0,11.7,75.32,12.99
module_5,180.0,13.26,79.01,7.73
module_5,180.0,14.79,80.05,5.15
module_5,180.0,15.64,80.71,3.64
module_5,180.0,13.32,78.82,7.86
module_5,180.0,10.22,62.22,27.56
module_5,180.0,10.44,61.18,28.38
module_5,180.0,11.01,68.6,20.38
module_5,180.0,12.19,77.84,9.97
module_5,180.0,13.48,79.37,7.15
module_5,180.0,15.01,80.6,4.38
module_5,180.0,15.81,80.66,3.53
module_5,180.0,44.03,55.97,0.0
module_5,180.0,32.08,65.97,1.95
module_5,180.0,26.88,72.0,1.12
module_5,180.0,27.21,71.37,1.42
module_5,180.0,29.34,69.92,0.74
module_5,180.0,38.38,61.62,0.0
module_5,180.0,26.0,70.19,3.81
module_5,180.0,23.34,72.6,4.05
module_5,180.0,24.11,74.11,1.78
module_5,180.0,26.63,71.84,1.53
module_5,180.0,33.23,66.77,0.0
module_5,180.0,21.34,73.51,5.15
module_5,180.0,20.27,72.85,6.88
module_5,180.0,22.0,74.27,3.73
module_5,180.0,24.14,73.97,1.89
module_5,180.0,29.86,70.14,0.0
module_5,180.0,18.82,74.55,6.63
module_5,180.0,18.6,72.6,8.79
module_5,180.0,21.07,74.22,4.71
module_5,180.0,24.03,73.59,2.38
module_5,180.0,35.15,64.85,0.0
module_5,180.0,20.16,72.33,7.51
module_5,180.0,19.29,71.48,9.23
module_5,180.0,22.25,72.96,4.79
module_5,180.0,25.26,72.44,2.3
module_5,180.0,10.85,74.82,14.33
module_5,180.0,10.11,57.1,32.79
module_5,180.0,10.52,61.45,28.03
module_5,180.0,11.15,71.34,17.51
module_5,180.0,12.08,77.29,10.63
module_5,180.0,9.62,18.19,72.19
module_5,180.0,9.78,35.59,54.63
module_5,180.0,10.14,51.26,38.6
module_5,180.0,10.85,65.18,23.97
module_5,180.0,11.62,76.11,12.27
module_5,180.0,9.7,29.07,61.23
module_5,180.0,9.7,32.0,58.3
module_5,180.0,10.11,47.75,42.14
module_5,180.0,10.58,63.45,25.97
module_5,180.0,11.48,74.63,13.89
module_5,180.0,9.62,17.37,73.01
module_5,180.0,9.78,37.4,52.82
module_5,180.0,10.14,51.04,38.82
module_5,180.0,10.79,66.22,22.99
module_5,180.0,11.53,75.42,13.04
module_5,180.0,11.26,74.33,14.41
module_5,180.0,10.14,56.08,33.78
module_5,180.0,10.44,60.25,29.32
module_5,180.0,11.07,70.0,18.93
module_5,180.0,11.97,77.23,10.79
module_5,180.0,100,0.0,0.0
module_5,180.0,100,0.0,0.0
module_5,180.0,100,0.0,0.0
module_5,180.0,100,0.0,0.0
module_5,180.0,100,0.0,0.0
module_5,180.0,100,0.0,0.0
module_5,180.0,99.92,0.08,0.0
module_5,180.0,99.21,0.79,0.0
module_5,180.0,97.81,2.19,0.0
module_5,180.0,82.49,17.51,0.0
module_5,180.0,61.84,38.16,0.0
module_5,180.0,47.73,52.27,0.0
module_5,180.0,35.23,64.77,0.0
module_5,180.0,27.64,72.36,0.0
module_5,180.0,23.4,76.6,0.0
module_5,180.0,17.51,81.48,1.01
module_5,180.0,15.73,82.3,1.97
module_5,180.0,12.71,78.63,8.66
module_5,180.0,11.86,77.78,10.36
module_5,180.0,12.0,78.66,9.34
module_5,180.0,12.41,80.38,7.21
module_5,180.0,13.32,82.05,4.63
module_5,180.0,14.19,82.6,3.21
module_5,180.0,10.44,61.97,27.59
module_5,180.0,10.6,63.78,25.62
module_5,180.0,11.07,70.44,18.49
module_5,180.0,11.64,77.12,11.23
module_5,180.0,12.3,80.41,7.29
module_5,180.0,13.1,81.7,5.21
module_5,180.0,9.75,36.38,53.86
module_5,180.0,10.11,46.52,43.37
module_5,180.0,10.52,57.48,32.0
module_5,180.0,11.07,69.64,19.29
module_5,180.0,11.56,77.59,10.85
module_5,180.0,12.14,80.3,7.56
module_5,180.0,9.7,23.75,66.55
module_5,180.0,9.86,35.12,55.01
module_5,180.0,10.14,47.21,42.66
module_5,180.0,10.52,58.68,30.79
module_5,180.0,11.07,70.96,17.97
module_5,180.0,11.62,77.86,10.52
module_5,180.0,9.62,19.51,70.88
module_5,180.0,9.7,29.26,61.04
module_5,180.0,10.0,39.07,50.93
module_5,180.0,10.27,50.66,39.07
module_5,180.0,10.58,62.79,26.63
module_5,180.0,11.15,72.63,16.22
module_5,180.0,9.62,17.89,72.49
module_5,180.0,9.7,25.15,65.15
module_5,180.0,9.89,34.85,55.26
module_5,180.0,10.14,44.36,45.51
module_5,180.0,10.52,54.68,34.79
module_5,180.0,10.85,65.92,23.23
module_5,180.0,9.62,16.88,73.51
module_5,180.0,9.7,23.75,66.55
module_5,180.0,9.78,31.37,58.85
module_5,180.0,10.11,37.97,51.92
module_5,180.0,10.27,45.73,44.0
module_5,180.0,10.58,57.75,31.67
module_5,180.0,9.62,16.74,73.64
module_5,180.0,9.7,23.1,67.21
module_5,180.0,9.78,28.14,62.08
module_5,180.0,9.92,34.71,55.37
module_5,180.0,10.14,41.62,48.25
module_5,180.0,10.49,49.15,40.36
module_5,180.0,9.62,17.15,73.23
module_5,180.0,9.7,23.01,67.29
module_5,180.0,9.7,27.18,63.12
module_5,180.0,9.75,31.15,59.1
module_5,180.0,9.92,36.6,53.48
module_5,180.0,10.27,44.96,44.77
module_5,180.0,9.64,20.47,69.89
module_5,180.0,9.7,24.19,66.11
module_5,180.0,9.64,25.48,64.88
module_5,180.0,9.7,28.03,62.27
module_5,180.0,9.7,34.52,55.78
module_5,180.0,10.14,46.77,43.1
module_5,180.0,100,0.0,0.0
module_5,180.0,100,0.0,0.0
module_5,180.0,100,0.0,0.0
module_5,180.0,99.97,0.03,0.0
module_5,180.0,100,0.0,0.0
module_5,180.0,100,0.0,0.0
module_5,180.0,100,0.0,0.0
module_5,180.0,99.81,0.19,0.0
module_5,180.0,96.25,3.75,0.0
module_5,180.0,68.52,31.48,0.0
module_5,180.0,88.22,11.78,0.0
module_5,180.0,38.08,61.92,0.0
module_5,180.0,50.16,49.84,0.0
module_5,180.0,12.88,81.34,5.78
module_5,180.0,12.77,81.21,6.03
module_5,180.0,13.01,82.08,4.9
module_5,225.0,16.85,80.82,2.33
module_5,225.0,16.36,80.93,2.71
module_5,225.0,16.27,81.29,2.44
module_5,225.0,16.44,80.63,2.93
module_5,225.0,16.9,80.38,2.71
module_5,225.0,16.05,80.38,3.56
module_5,225.0,16.0,80.82,3.18
module_5,225.0,15.81,80.82,3.37
module_5,225.0,15.56,80.27,4.16
module_5,225.0,16.0,79.89,4.11
module_5,225.0,15.15,79.51,5.34
module_5,225.0,14.16,78.47,7.37
module_5,225.0,14.16,78.27,7.56
module_5,225.0,14.16,78.88,6.96
module_5,225.0,15.15,79.34,5.51
module_5,225.0,13.37,77.97,8.66
module_5,225.0,12.38,73.18,14.44
module_5,225.0,12.9,76.82,10.27
module_5,225.0,12.22,75.42,12.36
module_5,225.0,12.82,78.05,9.12
module_5,225.0,11.84,77.4,10.77
module_5,225.0,10.74,72.68,16.58
module_5,225.0,10.6,65.84,23.56
module_5,225.0,10.74,66.36,22.9
module_5,225.0,11.73,73.37,14.9
module_5,225.0,10.63,77.32,12.05
module_5,225.0,10.11,65.89,24.0
module_5,225.0,10.11,58.03,31.86
module_5,225.0,10.3,58.96,30.74
module_5,225.0,10.52,62.33,27.15
module_5,225.0,10.38,79.32,10.3
module_5,225.0,9.78,59.12,31.1
module_5,225.0,9.7,39.42,50.88
module_5,225.0,9.73,40.6,49.67
module_5,225.0,10.27,60.05,29.67
module_5,225.0,14.03,85.97,0.0
module_5,225.0,9.62,30.71,59.67
module_5,225.0,9.62,22.33,68.05
module_5,225.0,9.7,31.42,58.88
module_5,225.0,10.85,69.34,19.81
module_5,225.0,10.16,61.7,28.14
module_5,225.0,9.75,51.62,38.63
module_5,225.0,9.7,40.96,49.34
module_5,225.0,9.7,34.74,55.56
module_5,225.0,9.7,30.66,59.64
module_5,225.0,9.62,24.79,65.59
module_5,225.0,10.36,63.73,25.92
module_5,225.0,10.0,56.11,33.89
module_5,225.0,9.78,48.0,42.22
module_5,225.0,9.7,38.93,51.37
module_5,225.0,9.7,31.7,58.6
module_5,225.0,9.62,23.62,66.77
module_5,225.0,10.58,66.93,22.49
module_5,225.0,10.14,59.01,30.85
module_5,225.0,9.95,50.52,39.53
module_5,225.0,9.78,41.75,48.47
module_5,225.0,9.7,32.82,57.48
module_5,225.0,9.62,23.64,66.74
module_5,225.0,10.79,70.16,19.04
module_5,225.0,10.47,63.4,26.14
module_5,225.0,10.11,55.48,34.41
module_5,225.0,9.86,47.1,43.04
module_5,225.0,9.7,34.55,55.75
module_5,225.0,9.62,24.19,66.19
module_5,225.0,11.12,73.12,15.75
module_5,225.0,10.58,67.95,21.48
module_5,225.0,10.16,60.52,29.32
module_5,225.0,9.92,51.48,38.6
module_5,225.0,9.7,39.81,50.49
module_5,225.0,9.62,26.49,63.89
module_5,225.0,11.37,75.51,13.12
module_5,225.0,10.88,71.92,17.21
module_5,225.0,10.47,66.38,23.15
module_5,225.0,10.08,58.11,31.81
module_5,225.0,9.73,47.37,42.9
module_5,225.0,9.62,31.07,59.32
module_5,225.0,11.84,78.6,9.56
module_5,225.0,11.18,75.07,13.75
module_5,225.0,10.58,70.22,19.21
module_5,225.0,10.16,63.67,26.16
module_5,225.0,9.84,53.32,36.85
module_5,225.0,9.7,41.67,48.63
module_5,225.0,12.79,82.16,5.04
module_5,225.0,12.03,81.07,6.9
module_5,225.0,11.4,78.79,9.81
module_5,225.0,10.68,75.01,14.3
module_5,225.0,10.11,66.68,23.21
module_5,225.0,9.73,54.99,35.29
module_5,225.0,13.84,83.59,2.58
module_5,225.0,13.01,82.74,4.25
module_5,225.0,12.16,83.23,4.6
module_5,225.0,11.64,82.3,6.05
module_5,225.0,11.15,81.53,7.32
module_5,225.0,10.93,83.59,5.48
module_5,225.0,14.38,84.58,1.04
module_5,225.0,13.97,85.21,0.82
module_5,225.0,13.1,85.04,1.86
module_5,225.0,12.58,85.78,1.64
module_5,225.0,12.6,86.41,0.99
module_5,225.0,13.81,86.19,0.0
module_5,225.0,16.05,83.95,0.0
module_5,225.0,21.95,78.05,0.0
module_5,225.0,29.1,70.9,0.0
module_5,225.0,34.25,65.75,0.0
module_5,225.0,43.23,56.77,0.0
module_5,225.0,62.19,37.81,0.0
module_5,225.0,76.77,23.23,0.0
module_5,225.0,83.32,16.68,0.0
module_5,225.0,97.26,2.74,0.0
module_5,225.0,99.56,0.44,0.0
module_5,225.0,100,0.0,0.0
module_5,225.0,100,0.0,0.0
module_5,225.0,100,0.0,0.0
module_5,225.0,100,0.0,0.0
module_5,225.0,100,0.0,0.0
module_5,225.0,100,0.0,0.0
module_5,225.0,100,0.0,0.0
module_5,225.0,11.86,76.19,11.95
module_5,225.0,11.07,70.19,18.74
module_5,225.0,11.07,69.62,19.32
module_5,225.0,12.27,77.1,10.63
module_5,225.0,11.01,72.16,16.82
module_5,225.0,10.79,68.36,20.85
module_5,225.0,10.93,69.48,19.59
module_5,225.0,11.18,74.41,14.41
module_5,225.0,10.47,65.53,24.0
module_5,225.0,10.68,65.81,23.51
module_5,225.0,9.97,57.4,32.63
module_5,225.0,10.93,70.33,18.74
module_5,225.0,11.07,73.15,15.78
module_5,225.0,9.89,50.36,39.75
module_5,225.0,11.4,75.37,13.23
module_5,225.0,11.89,80.27,7.84
module_5,225.0,11.67,78.68,9.64
module_5,225.0,12.11,81.73,6.16
module_5,225.0,11.53,77.15,11.32
module_5,225.0,14.0,83.95,2.05
module_5,225.0,12.3,82.36,5.34
module_5,225.0,13.18,83.86,2.96
module_5,225.0,15.15,84.14,0.71
module_5,225.0,13.04,83.07,3.89
module_5,225.0,14.79,84.14,1.07
module_5,225.0,13.84,83.89,2.27
module_5,225.0,14.47,85.51,0.03
module_5,225.0,16.05,83.95,0.0
module_5,225.0,13.34,86.3,0.36
module_5,225.0,13.51,86.33,0.16
module_5,225.0,13.04,86.96,0.0
module_5,225.0,16.41,83.37,0.22
module_5,225.0,9.78,44.16,46.05
module_5,225.0,9.78,38.93,51.29
module_5,225.0,9.7,31.64,58.66
module_5,225.0,9.62,19.84,70.55
module_5,225.0,9.62,20.38,70.0
module_5,225.0,9.7,25.75,64.55
module_5,225.0,9.62,19.07,71.32
module_5,225.0,9.62,20.05,70.33
module_5,225.0,9.62,19.45,70.93
module_5,225.0,9.62,19.04,71.34
module_5,225.0,9.7,39.34,50.96
module_5,225.0,9.62,26.3,64.08
module_5,225.0,9.62,22.36,68.03
module_5,225.0,13.07,86.93,0.0
module_5,225.0,13.34,86.66,0.0
module_5,225.0,12.88,87.12,0.0
module_5,225.0,14.03,85.97,0.0
module_5,225.0,9.7,51.21,39.1
module_5,225.0,10.93,88.38,0.68
module_5,225.0,15.42,84.58,0.0
module_5,225.0,17.81,82.19,0.0
module_5,225.0,15.86,84.14,0.0
module_5,225.0,12.99,87.01,0.0
module_5,225.0,28.47,71.53,0.0
module_5,225.0,23.81,76.19,0.0
module_5,225.0,41.23,58.77,0.0
module_5,225.0,84.88,15.12,0.0
module_5,225.0,70.03,29.97,0.0
module_5,225.0,95.64,4.36,0.0
module_5,225.0,57.51,42.49,0.0
module_5,225.0,18.3,81.7,0.0
module_5,225.0,16.77,83.23,0.0
module_5,225.0,18.82,81.18,0.0
module_5,225.0,22.33,77.67,0.0
module_5,225.0,34.6,65.4,0.0
module_5,225.0,60.77,39.23,0.0
module_5,225.0,73.48,26.52,0.0
module_5,225.0,47.37,52.63,0.0
module_5,225.0,88.49,11.51,0.0
module_5,225.0,98.36,1.64,0.0
module_5,225.0,100,0.0,0.0
module_5,225.0,100,0.0,0.0
module_5,225.0,100,0.0,0.0
module_5,225.0,100,0.0,0.0
module_5,225.0,100,0.0,0.0
module_5,225.0,100,0.0,0.0
module_5,225.0,100,0.0,0.0
module_5,225.0,99.95,0.05,0.0
module_5,225.0,100,0.0,0.0
module_5,225.0,100,0.0,0.0
module_5,225.0,100,0.0,0.0
module_5,225.0,100,0.0,0.0
module_5,225.0,100,0.0,0.0
module_5,225.0,100,0.0,0.0
module_5,225.0,100,0.0,0.0
module_5,225.0,100,0.0,0.0
module_5,225.0,98.96,1.04,0.0
module_5,225.0,27.37,72.63,0.0
module_5,225.0,37.89,62.11,0.0
module_5,225.0,30.03,69.97,0.0
module_5,225.0,63.1,36.9,0.0
module_5,225.0,85.51,14.49,0.0
module_5,225.0,74.25,25.75,0.0
module_5,225.0,49.64,50.36,0.0
module_5,225.0,57.18,42.82,0.0
module_5,225.0,45.73,54.27,0.0
module_5,225.0,34.47,65.53,0.0
module_5,225.0,96.99,3.01,0.0
module_5,225.0,99.56,0.44,0.0
module_5,225.0,79.37,20.63,0.0
module_5,225.0,89.01,10.99,0.0
module_5,225.0,68.55,31.45,0.0
module_5,225.0,95.29,4.71,0.0
module_5,225.0,22.27,77.73,0.0
module_5,225.0,100,0.0,0.0
module_5,225.0,100,0.0,0.0
module_5,225.0,100,0.0,0.0
module_5,225.0,100,0.0,0.0
module_5,225.0,100,0.0,0.0
module_5,225.0,100,0.0,0.0
module_5,225.0,100,0.0,0.0
module_5,225.0,100,0.0,0.0
module_5,225.0,100,0.0,0.0
module_5,225.0,100,0.0,0.0
module_5,225.0,100,0.0,0.0
module_5,225.0,100,0.0,0.0
module_5,225.0,100,0.0,0.0
module_5,225.0,100,0.0,0.0
module_5,225.0,100,0.0,0.0
module_5,225.0,100,0.0,0.0
module_5,225.0,100,0.0,0.0
module_5,225.0,100,0.0,0.0
module_5,225.0,10.03,78.14,11.84
module_5,225.0,10.16,73.1,16.74
module_5,225.0,10.71,74.74,14.55
module_5,225.0,12.08,77.92,10.0
module_5,225.0,12.82,77.51,9.67
module_5,225.0,9.64,36.63,53.73
module_5,225.0,9.86,56.14,34.0
module_5,225.0,10.41,66.19,23.4
module_5,225.0,11.4,71.34,17.26
module_5,225.0,12.27,76.16,11.56
module_5,225.0,9.7,36.05,54.25
module_5,225.0,9.78,48.14,42.08
module_5,225.0,10.36,59.48,30.16
module_5,225.0,11.1,68.22,20.68
module_5,225.0,12.03,76.38,11.59
module_5,225.0,9.7,33.29,57.01
module_5,225.0,9.97,47.12,42.9
module_5,225.0,10.47,61.29,28.25
module_5,225.0,11.34,70.41,18.25
module_5,225.0,12.33,76.93,10.74
module_5,225.0,10.11,55.64,34.25
module_5,225.0,10.41,59.92,29.67
module_5,225.0,10.9,68.08,21.01
module_5,225.0,11.78,74.36,13.86
module_5,225.0,12.93,78.16,8.9
module_5,225.0,39.07,59.75,1.18
module_5,225.0,32.22,65.23,2.55
module_5,225.0,28.79,68.9,2.3
module_5,225.0,26.71,70.9,2.38
module_5,225.0,29.23,68.52,2.25
module_5,225.0,34.96,65.04,0.0
module_5,225.0,29.78,67.1,3.12
module_5,225.0,26.63,68.47,4.9
module_5,225.0,24.71,70.0,5.29
module_5,225.0,25.56,71.18,3.26
module_5,225.0,34.55,65.45,0.0
module_5,225.0,27.7,70.19,2.11
module_5,225.0,22.6,72.36,5.04
module_5,225.0,19.7,73.04,7.26
module_5,225.0,20.79,70.82,8.38
module_5,225.0,41.97,58.03,0.0
module_5,225.0,31.51,68.49,0.0
module_5,225.0,22.63,76.52,0.85
module_5,225.0,19.37,74.77,5.86
module_5,225.0,20.16,70.9,8.93
module_5,225.0,53.84,46.16,0.0
module_5,225.0,40.36,59.64,0.0
module_5,225.0,30.52,69.48,0.0
module_5,225.0,35.12,64.88,0.0
module_5,225.0,42.0,58.0,0.0
module_5,225.0,12.88,78.05,9.07
module_5,225.0,12.0,75.59,12.41
module_5,225.0,11.89,75.51,12.6
module_5,225.0,11.95,76.63,11.42
module_5,225.0,12.9,77.84,9.26
module_5,225.0,11.53,75.75,12.71
module_5,225.0,10.93,70.3,18.77
module_5,225.0,11.1,68.71,20.19
module_5,225.0,10.93,67.12,21.95
module_5,225.0,11.37,71.34,17.29
module_5,225.0,10.58,75.15,14.27
module_5,225.0,10.16,64.58,25.26
module_5,225.0,10.11,56.63,33.26
module_5,225.0,10.14,54.93,34.93
module_5,225.0,10.6,66.11,23.29
module_5,225.0,10.14,74.93,14.93
module_5,225.0,9.89,57.45,32.66
module_5,225.0,9.7,43.84,46.47
module_5,225.0,9.78,41.42,48.79
module_5,225.0,10.14,55.15,34.71
module_5,225.0,10.9,87.73,1.37
module_5,225.0,9.62,27.23,63.15
module_5,225.0,9.7,41.59,48.71
module_5,225.0,9.7,31.59,58.71
module_5,225.0,11.32,70.08,18.6
module_5,225.0,17.04,80.66,2.3
module_5,225.0,16.6,80.58,2.82
module_5,225.0,16.38,80.85,2.77
module_5,225.0,16.41,80.88,2.71
module_5,225.0,16.71,80.6,2.68
module_5,225.0,16.6,80.74,2.66
module_5,225.0,15.73,80.52,3.75
module_5,225.0,15.42,80.03,4.55
module_5,225.0,15.81,80.49,3.7
module_5,225.0,16.25,80.66,3.1
module_5,225.0,14.74,78.9,6.36
module_5,225.0,14.82,79.48,5.7
module_5,225.0,14.49,79.04,6.47
module_5,225.0,14.58,79.59,5.84
module_5,225.0,14.38,79.26,6.36
module_5,225.0,13.97,78.77,7.26
module_5,225.0,13.42,76.33,10.25
module_5,225.0,12.08,73.23,14.68
module_5,225.0,12.9,77.92,9.18
module_5,225.0,13.34,78.14,8.52
module_5,225.0,11.75,78.85,9.4
module_5,225.0,11.45,73.26,15.29
module_5,225.0,11.04,68.47,20.49
module_5,225.0,11.07,68.63,20.3
module_5,225.0,11.07,70.82,18.11
module_5,225.0,11.07,80.93,8.0
module_5,225.0,10.41,70.9,18.68
module_5,225.0,10.0,57.56,32.44
module_5,225.0,10.08,51.73,38.19
module_5,225.0,10.52,63.67,25.81
module_5,225.0,10.71,86.11,3.18
module_5,225.0,9.78,64.19,26.03
module_5,225.0,9.7,48.52,41.78
module_5,225.0,9.78,43.29,46.93
module_5,225.0,10.11,55.53,34.36
module_5,225.0,12.52,87.48,0.0
module_5,225.0,9.7,60.08,30.22
module_5,225.0,9.62,28.6,61.78
module_5,225.0,9.62,22.82,67.56
module_5,225.0,11.01,69.42,19.56
module_5,225.0,10.55,65.95,23.51
module_5,225.0,9.78,53.62,36.6
module_5,225.0,9.7,42.0,48.3
module_5,225.0,9.64,34.93,55.42
module_5,225.0,9.67,31.48,58.85
module_5,225.0,9.7,28.14,62.16
module_5,225.0,10.55,66.47,22.99
module_5,225.0,10.0,57.56,32.44
module_5,225.0,9.78,48.85,41.37
module_5,225.0,9.7,40.41,49.89
module_5,225.0,9.7,33.62,56.68
module_5,225.0,9.64,26.49,63.86
module_5,225.0,10.71,68.77,20.52
module_5,225.0,10.38,62.52,27.1
module_5,225.0,10.11,54.38,35.51
module_5,225.0,9.86,46.52,43.62
module_5,225.0,9.7,36.77,53.53
module_5,225.0,9.62,26.52,63.86
module_5,225.0,10.85,71.04,18.11
module_5,225.0,10.47,64.9,24.63
module_5,225.0,10.14,57.18,32.68
module_5,225.0,9.92,49.15,40.93
module_5,225.0,9.7,39.34,50.96
module_5,225.0,9.62,27.95,62.44
module_5,225.0,11.15,73.26,15.59
module_5,225.0,10.68,68.14,21.18
module_5,225.0,10.36,61.23,28.41
module_5,225.0,10.0,52.93,37.07
module_5,225.0,9.7,42.08,48.22
module_5,225.0,9.64,30.03,60.33
module_5,225.0,11.64,77.67,10.68
module_5,225.0,10.93,71.97,17.1
module_5,225.0,10.49,66.79,22.71
module_5,225.0,10.11,59.26,30.63
module_5,225.0,9.78,49.1,41.12
module_5,225.0,9.7,34.16,56.14
module_5,225.0,12.14,80.52,7.34
module_5,225.0,11.64,77.81,10.55
module_5,225.0,10.9,74.11,14.99
module_5,225.0,10.47,68.82,20.71
module_5,225.0,10.0,60.99,29.01
module_5,225.0,9.7,43.51,46.79
module_5,225.0,12.71,81.78,5.51
module_5,225.0,12.03,80.16,7.81
module_5,225.0,11.37,77.48,11.15
module_5,225.0,10.68,74.19,15.12
module_5,225.0,10.41,72.25,17.34
module_5,225.0,10.0,66.47,23.53
module_5,225.0,13.62,83.37,3.01
module_5,225.0,13.07,82.44,4.49
module_5,225.0,12.05,82.88,5.07
module_5,225.0,11.51,80.47,8.03
module_5,225.0,10.85,78.99,10.16
module_5,225.0,10.52,77.86,11.62
module_5,225.0,15.1,84.25,0.66
module_5,225.0,13.97,84.66,1.37
module_5,225.0,13.07,83.86,3.07
module_5,225.0,12.41,84.16,3.42
module_5,225.0,12.14,84.93,2.93
module_5,225.0,12.33,86.36,1.32
module_5,225.0,16.9,83.1,0.0
module_5,225.0,18.38,81.62,0.0
module_5,225.0,24.96,75.04,0.0
module_5,225.0,36.41,63.59,0.0
module_5,225.0,47.7,52.3,0.0
module_5,225.0,56.27,43.73,0.0
module_5,225.0,68.88,31.12,0.0
module_5,225.0,87.4,12.6,0.0
module_5,225.0,95.92,4.08,0.0
module_5,225.0,98.44,1.56,0.0
module_5,225.0,99.64,0.36,0.0
module_5,225.0,100,0.0,0.0
module_5,225.0,100,0.0,0.0
module_5,225.0,100,0.0,0.0
module_5,225.0,100,0.0,0.0
module_5,225.0,100,0.0,0.0
module_5,225.0,100,0.0,0.0
module_5,225.0,9.7,53.89,36.41
module_5,225.0,9.7,44.49,45.81
module_5,225.0,9.7,35.34,54.96
module_5,225.0,9.7,31.51,58.79
module_5,225.0,9.62,18.77,71.62
module_5,225.0,9.62,19.34,71.04
module_5,225.0,9.62,20.77,69.62
module_5,225.0,9.62,19.81,70.58
module_5,225.0,9.62,20.66,69.73
module_5,225.0,9.62,19.86,70.52
module_5,225.0,9.62,25.84,64.55
module_5,225.0,11.56,87.34,1.1
module_5,225.0,16.22,83.78,0.0
module_5,225.0,12.93,87.07,0.0
module_5,225.0,10.3,79.56,10.14
module_5,225.0,10.68,76.77,12.55
module_5,225.0,11.51,74.22,14.27
module_5,225.0,12.88,78.82,8.3
module_5,225.0,9.62,32.3,58.08
module_5,225.0,9.78,57.7,32.52
module_5,225.0,10.19,66.99,22.82
module_5,225.0,11.1,72.82,16.08
module_5,225.0,11.97,75.21,12.82
module_5,225.0,9.7,37.15,53.15
module_5,225.0,9.7,44.88,45.42
module_5,225.0,10.11,57.81,32.08
module_5,225.0,10.85,66.79,22.36
module_5,225.0,11.84,75.81,12.36
module_5,225.0,9.62,24.77,65.62
module_5,225.0,9.73,41.73,48.55
module_5,225.0,10.14,54.41,35.45
module_5,225.0,10.93,65.97,23.1
module_5,225.0,11.95,76.79,11.26
module_5,225.0,12.71,74.9,12.38
module_5,225.0,10.11,54.49,35.4
module_5,225.0,10.52,61.26,28.22
module_5,225.0,11.37,70.88,17.75
module_5,225.0,12.41,77.56,10.03
module_5,225.0,40.6,59.37,0.03
module_5,225.0,33.7,63.84,2.47
module_5,225.0,30.41,67.34,2.25
module_5,225.0,28.44,69.7,1.86
module_5,225.0,27.21,70.41,2.38
module_5,225.0,38.14,61.86,0.0
module_5,225.0,30.44,66.99,2.58
module_5,225.0,25.7,68.66,5.64
module_5,225.0,23.04,70.49,6.47
module_5,225.0,23.21,71.32,5.48
module_5,225.0,37.89,62.11,0.0
module_5,225.0,30.0,69.34,0.66
module_5,225.0,24.41,70.49,5.1
module_5,225.0,21.64,71.21,7.15
module_5,225.0,21.01,71.34,7.64
module_5,225.0,42.66,57.34,0.0
module_5,225.0,31.53,68.47,0.0
module_5,225.0,25.59,74.41,0.0
module_5,225.0,20.38,77.84,1.78
module_5,225.0,19.95,73.29,6.77
module_5,225.0,62.6,37.4,0.0
module_5,225.0,50.63,49.37,0.0
module_5,225.0,42.3,57.7,0.0
module_5,225.0,27.62,72.38,0.0
module_5,225.0,26.79,72.66,0.55
module_5,225.0,12.93,78.85,8.22
module_5,225.0,12.33,76.49,11.18
module_5,225.0,12.03,76.22,11.75
module_5,225.0,12.05,77.15,10.79
module_5,225.0,12.3,76.93,10.77
module_5,225.0,11.97,78.27,9.75
module_5,225.0,11.51,72.85,15.64
module_5,225.0,10.82,66.9,22.27
module_5,225.0,11.12,68.77,20.11
module_5,225.0,11.56,72.27,16.16
module_5,225.0,11.01,77.51,11.48
module_5,225.0,10.52,69.78,19.7
module_5,225.0,10.36,61.78,27.86
module_5,225.0,10.36,57.86,31.78
module_5,225.0,10.41,58.22,31.37
module_5,225.0,10.52,79.32,10.16
module_5,225.0,9.78,59.34,30.88
module_5,225.0,9.78,50.93,39.29
module_5,225.0,9.86,46.14,44.0
module_5,225.0,10.11,51.78,38.11
module_5,225.0,10.82,87.37,1.81
module_5,225.0,9.7,48.52,41.78
module_5,225.0,9.7,34.96,55.34
module_5,225.0,9.62,25.29,65.1
module_5,225.0,9.89,47.56,42.55
module_5,270.0,100,0.0,0.0
module_5,270.0,100,0.0,0.0
module_5,270.0,100,0.0,0.0
module_5,270.0,100,0.0,0.0
module_5,270.0,100,0.0,0.0
module_5,270.0,100,0.0,0.0
module_5,270.0,100,0.0,0.0
module_5,270.0,100,0.0,0.0
module_5,270.0,100,0.0,0.0
module_5,270.0,97.97,2.03,0.0
module_5,270.0,89.18,10.82,0.0
module_5,270.0,68.96,31.04,0.0
module_5,270.0,52.58,47.42,0.0
module_5,270.0,39.37,60.63,0.0
module_5,270.0,27.89,72.11,0.0
module_5,270.0,19.4,80.6,0.0
module_5,270.0,16.79,83.21,0.0
module_5,270.0,15.04,84.96,0.0
module_5,270.0,13.81,86.19,0.0
module_5,270.0,12.88,87.12,0.0
module_5,270.0,12.11,87.89,0.0
module_5,270.0,11.64,87.29,1.07
module_5,270.0,11.32,85.62,3.07
module_5,270.0,10.93,83.86,5.21
module_5,270.0,10.68,81.7,7.62
module_5,270.0,10.52,81.07,8.41
module_5,270.0,10.6,80.27,9.12
module_5,270.0,14.16,85.84,0.0
module_5,270.0,13.18,86.82,0.0
module_5,270.0,12.14,87.86,0.0
module_5,270.0,11.56,88.44,0.0
module_5,270.0,10.99,85.97,3.04
module_5,270.0,10.68,83.07,6.25
module_5,270.0,10.52,80.79,8.68
module_5,270.0,10.27,78.14,11.59
module_5,270.0,10.0,75.75,14.25
module_5,270.0,9.78,72.99,17.23
module_5,270.0,13.21,86.79,0.0
module_5,270.0,12.22,87.78,0.0
module_5,270.0,11.51,88.49,0.0
module_5,270.0,10.71,86.3,2.99
module_5,270.0,10.52,82.82,6.66
module_5,270.0,10.36,79.07,10.58
module_5,270.0,10.16,76.03,13.81
module_5,270.0,10.0,71.92,18.08
module_5,270.0,9.78,67.4,22.82
module_5,270.0,9.7,54.96,35.34
module_5,270.0,12.63,87.37,0.0
module_5,270.0,11.56,88.44,0.0
module_5,270.0,10.68,87.62,1.7
module_5,270.0,10.36,82.6,7.04
module_5,270.0,10.11,77.7,12.19
module_5,270.0,10.0,72.38,17.62
module_5,270.0,9.92,68.22,21.86
module_5,270.0,9.78,63.07,27.15
module_5,270.0,9.7,54.99,35.32
module_5,270.0,9.64,43.62,46.74
module_5,270.0,12.22,87.78,0.0
module_5,270.0,10.88,89.12,0.0
module_5,270.0,10.22,84.99,4.79
module_5,270.0,9.95,76.6,13.45
module_5,270.0,9.78,67.64,22.58
module_5,270.0,9.7,59.29,31.01
module_5,270.0,9.7,53.62,36.68
module_5,270.0,9.7,50.3,40.0
module_5,270.0,9.7,45.4,44.9
module_5,270.0,9.67,39.12,51.21
module_5,270.0,12.66,87.34,0.0
module_5,270.0,10.52,89.48,0.0
module_5,270.0,9.84,78.44,11.73
module_5,270.0,9.7,59.59,30.71
module_5,270.0,9.7,47.56,42.74
module_5,270.0,9.64,41.45,48.9
module_5,270.0,9.62,37.89,52.49
module_5,270.0,9.62,36.27,54.11
module_5,270.0,9.64,35.42,54.93
module_5,270.0,9.7,36.6,53.7
module_5,270.0,100,0.0,0.0
module_5,270.0,100,0.0,0.0
module_5,270.0,100,0.0,0.0
module_5,270.0,100,0.0,0.0
module_5,270.0,100,0.0,0.0
module_5,270.0,100,0.0,0.0
module_5,270.0,100,0.0,0.0
module_5,270.0,100,0.0,0.0
module_5,270.0,100,0.0,0.0
module_5,270.0,98.55,1.45,0.0
module_5,270.0,100,0.0,0.0
module_5,270.0,100,0.0,0.0
module_5,270.0,100,0.0,0.0
module_5,270.0,100,0.0,0.0
module_5,270.0,100,0.0,0.0
module_5,270.0,88.3,11.7,0.0
module_5,270.0,100,0.0,0.0
module_5,270.0,100,0.0,0.0
module_5,270.0,100,0.0,0.0
module_5,270.0,100,0.0,0.0
module_5,270.0,100,0.0,0.0
module_5,270.0,100,0.0,0.0
module_5,270.0,100,0.0,0.0
module_5,270.0,100,0.0,0.0
module_5,270.0,100,0.0,0.0
module_5,270.0,100,0.0,0.0
module_5,270.0,100,0.0,0.0
module_5,270.0,91.53,8.47,0.0
module_5,270.0,100,0.0,0.0
module_5,270.0,98.9,1.1,0.0
module_5,270.0,100,0.0,0.0
module_5,270.0,100,0.0,0.0
module_5,270.0,100,0.0,0.0
module_5,270.0,76.08,23.92,0.0
module_5,270.0,17.37,82.63,0.0
module_5,270.0,14.22,85.78,0.0
module_5,270.0,13.32,86.68,0.0
module_5,270.0,39.37,60.63,0.0
module_5,270.0,19.92,80.08,0.0
module_5,270.0,26.11,73.89,0.0
module_5,270.0,49.4,50.6,0.0
module_5,270.0,10.96,81.78,7.26
module_5,270.0,12.19,82.27,5.53
module_5,270.0,11.23,81.21,7.56
module_5,270.0,12.55,87.45,0.0
module_5,270.0,11.62,86.66,1.73
module_5,270.0,11.15,83.56,5.29
module_5,270.0,11.4,85.26,3.34
module_5,270.0,11.89,88.11,0.0
module_5,270.0,15.42,84.58,0.0
module_5,270.0,56.08,43.92,0.0
module_5,270.0,24.44,75.56,0.0
module_5,270.0,37.23,62.77,0.0
module_5,270.0,16.9,83.1,0.0
module_5,270.0,14.03,85.97,0.0
module_5,270.0,15.07,84.93,0.0
module_5,270.0,19.34,80.66,0.0
module_5,270.0,12.27,87.73,0.0
module_5,270.0,11.53,85.89,2.58
module_5,270.0,11.73,88.25,0.03
module_5,270.0,10.93,82.58,6.49
module_5,270.0,10.68,79.64,9.67
module_5,270.0,12.58,81.34,6.08
module_5,270.0,11.34,81.64,7.01
module_5,270.0,10.88,81.7,7.42
module_5,270.0,11.29,85.07,3.64
module_5,270.0,13.1,86.9,0.0
module_5,270.0,71.73,28.27,0.0
module_5,270.0,100,0.0,0.0
module_5,270.0,77.42,22.58,0.0
module_5,270.0,91.95,8.05,0.0
module_5,270.0,45.84,54.16,0.0
module_5,270.0,24.63,75.37,0.0
module_5,270.0,16.77,83.23,0.0
module_5,270.0,35.51,64.49,0.0
module_5,270.0,60.55,39.45,0.0
module_5,270.0,100,0.0,0.0
module_5,270.0,100,0.0,0.0
module_5,270.0,31.4,68.6,0.0
module_5,270.0,13.56,86.44,0.0
module_5,270.0,13.75,86.25,0.0
module_5,270.0,14.6,85.4,0.0
module_5,270.0,13.18,86.82,0.0
module_5,270.0,13.67,86.33,0.0
module_5,270.0,16.27,83.73,0.0
module_5,270.0,42.79,57.21,0.0
module_5,270.0,14.44,85.56,0.0
module_5,270.0,11.73,88.27,0.0
module_5,270.0,9.62,36.77,53.62
module_5,270.0,9.7,68.14,22.16
module_5,270.0,15.75,84.25,0.0
module_5,270.0,9.7,58.11,32.19
module_5,270.0,9.97,73.26,16.77
module_5,270.0,9.86,67.73,22.41
module_5,270.0,9.7,71.78,18.52
module_5,270.0,9.7,42.79,47.51
module_5,270.0,9.78,59.32,30.9
module_5,270.0,9.78,52.66,37.56
module_5,270.0,9.7,42.3,48.0
module_5,270.0,9.7,47.42,42.88
module_5,270.0,10.52,78.96,10.52
module_5,270.0,9.62,28.66,61.73
module_5,270.0,9.62,26.82,63.56
module_5,270.0,9.62,25.78,64.6
module_5,270.0,9.62,26.41,63.97
module_5,270.0,9.62,26.82,63.56
module_5,270.0,9.62,26.3,64.08
module_5,270.0,9.7,35.42,54.88
module_5,270.0,9.62,24.96,65.42
module_5,270.0,9.7,44.85,45.45
module_5,270.0,18.6,81.4,0.0
module_5,270.0,49.48,50.52,0.0
module_5,270.0,41.89,58.11,0.0
module_5,270.0,38.14,61.86,0.0
module_5,270.0,34.79,65.18,0.03
module_5,270.0,39.18,58.11,2.71
module_5,270.0,44.58,55.42,0.0
module_5,270.0,37.15,62.85,0.0
module_5,270.0,31.95,68.05,0.0
module_5,270.0,30.38,68.85,0.77
module_5,270.0,31.37,65.51,3.12
module_5,270.0,44.27,55.73,0.0
module_5,270.0,33.84,66.16,0.0
module_5,270.0,27.53,72.47,0.0
module_5,270.0,24.22,74.52,1.26
module_5,270.0,25.18,69.7,5.12
module_5,270.0,46.55,53.45,0.0
module_5,270.0,34.22,65.78,0.0
module_5,270.0,25.53,74.47,0.0
module_5,270.0,21.37,78.63,0.0
module_5,270.0,23.07,72.71,4.22
module_5,270.0,68.14,31.86,0.0
module_5,270.0,53.23,46.77,0.0
module_5,270.0,38.52,61.48,0.0
module_5,270.0,30.63,69.37,0.0
module_5,270.0,34.96,64.44,0.6
module_5,270.0,13.01,86.99,0.0
module_5,270.0,12.33,85.84,1.84
module_5,270.0,12.3,83.51,4.19
module_5,270.0,12.44,80.6,6.96
module_5,270.0,13.26,78.99,7.75
module_5,270.0,11.84,88.16,0.0
module_5,270.0,11.56,85.42,3.01
module_5,270.0,11.4,81.56,7.04
module_5,270.0,11.56,78.82,9.62
module_5,270.0,11.97,76.36,11.67
module_5,270.0,10.74,89.26,0.0
module_5,270.0,10.47,83.15,6.38
module_5,270.0,10.36,76.88,12.77
module_5,270.0,10.52,73.56,15.92
module_5,270.0,10.74,72.6,16.66
module_5,270.0,10.25,89.32,0.44
module_5,270.0,9.89,76.38,13.73
module_5,270.0,9.78,67.97,22.25
module_5,270.0,9.92,65.12,24.96
module_5,270.0,10.16,65.32,24.52
module_5,270.0,10.16,89.84,0.0
module_5,270.0,9.64,53.21,37.15
module_5,270.0,9.7,50.6,39.7
module_5,270.0,9.7,47.18,43.12
module_5,270.0,10.36,64.77,24.88
module_5,270.0,17.51,82.49,0.0
module_5,270.0,16.99,83.01,0.0
module_5,270.0,17.04,82.96,0.0
module_5,270.0,17.12,82.19,0.68
module_5,270.0,17.56,80.99,1.45
module_5,270.0,16.88,83.12,0.0
module_5,270.0,16.3,83.7,0.0
module_5,270.0,16.19,83.81,0.0
module_5,270.0,16.49,81.01,2.49
module_5,270.0,17.04,80.66,2.3
module_5,270.0,15.23,84.77,0.0
module_5,270.0,14.96,84.77,0.27
module_5,270.0,14.82,82.27,2.9
module_5,270.0,14.9,81.07,4.03
module_5,270.0,15.32,79.34,5.34
module_5,270.0,13.86,86.14,0.0
module_5,270.0,13.32,84.99,1.7
module_5,270.0,13.04,83.04,3.92
module_5,270.0,13.34,80.33,6.33
module_5,270.0,13.89,78.05,8.05
module_5,270.0,12.11,87.89,0.0
module_5,270.0,11.42,86.6,1.97
module_5,270.0,11.1,82.11,6.79
module_5,270.0,11.42,78.36,10.22
module_5,270.0,11.89,75.12,12.99
module_5,270.0,10.79,89.21,0.0
module_5,270.0,10.3,84.77,4.93
module_5,270.0,10.14,76.08,13.78
module_5,270.0,10.36,73.04,16.6
module_5,270.0,10.77,71.89,17.34
module_5,270.0,10.38,89.62,0.0
module_5,270.0,9.78,78.3,11.92
module_5,270.0,9.7,64.63,25.67
module_5,270.0,9.84,62.52,27.64
module_5,270.0,10.38,65.18,24.44
module_5,270.0,10.9,89.1,0.0
module_5,270.0,9.64,56.82,33.53
module_5,270.0,9.62,38.63,51.75
module_5,270.0,9.7,46.66,43.64
module_5,270.0,10.96,69.18,19.86
module_5,270.0,12.99,87.01,0.0
module_5,270.0,12.33,85.42,2.25
module_5,270.0,12.3,83.42,4.27
module_5,270.0,12.58,80.22,7.21
module_5,270.0,13.37,78.85,7.78
module_5,270.0,11.81,87.37,0.82
module_5,270.0,11.56,85.1,3.34
module_5,270.0,11.4,80.47,8.14
module_5,270.0,11.56,78.77,9.67
module_5,270.0,12.25,75.97,11.78
module_5,270.0,10.68,88.52,0.79
module_5,270.0,10.44,82.77,6.79
module_5,270.0,10.36,76.6,13.04
module_5,270.0,10.52,73.62,15.86
module_5,270.0,10.99,72.22,16.79
module_5,270.0,10.22,88.55,1.23
module_5,270.0,9.84,75.51,14.66
module_5,270.0,9.78,67.51,22.71
module_5,270.0,9.95,65.59,24.47
module_5,270.0,10.47,65.75,23.78
module_5,270.0,10.03,89.97,0.0
module_5,270.0,9.64,51.59,38.77
module_5,270.0,9.7,50.38,39.92
module_5,270.0,9.7,49.67,40.63
module_5,270.0,10.74,67.48,21.78
module_5,270.0,100,0.0,0.0
module_5,270.0,100,0.0,0.0
module_5,270.0,100,0.0,0.0
module_5,270.0,100,0.0,0.0
module_5,270.0,100,0.0,0.0
module_5,270.0,100,0.0,0.0
module_5,270.0,100,0.0,0.0
module_5,270.0,100,0.0,0.0
module_5,270.0,100,0.0,0.0
module_5,270.0,98.82,1.18,0.0
module_5,270.0,92.77,7.23,0.0
module_5,270.0,79.64,20.36,0.0
module_5,270.0,57.75,42.25,0.0
module_5,270.0,44.55,55.45,0.0
module_5,270.0,34.47,65.53,0.0
module_5,270.0,23.4,76.6,0.0
module_5,270.0,17.21,82.79,0.0
module_5,270.0,15.15,84.85,0.0
module_5,270.0,13.97,86.03,0.0
module_5,270.0,12.93,87.07,0.0
module_5,270.0,12.14,87.86,0.0
module_5,270.0,11.64,87.59,0.77
module_5,270.0,11.26,85.7,3.04
module_5,270.0,10.85,83.42,5.73
module_5,270.0,10.68,81.62,7.7
module_5,270.0,10.41,80.52,9.07
module_5,270.0,10.19,79.23,10.58
module_5,270.0,14.03,85.97,0.0
module_5,270.0,13.21,86.79,0.0
module_5,270.0,12.19,87.81,0.0
module_5,270.0,11.56,88.44,0.0
module_5,270.0,10.9,85.92,3.18
module_5,270.0,10.68,83.07,6.25
module_5,270.0,10.49,79.84,9.67
module_5,270.0,10.22,77.18,12.6
module_5,270.0,10.0,74.99,15.01
module_5,270.0,9.75,69.48,20.77
module_5,270.0,13.29,86.71,0.0
module_5,270.0,12.33,87.67,0.0
module_5,270.0,11.51,88.49,0.0
module_5,270.0,10.71,87.07,2.22
module_5,270.0,10.44,82.41,7.15
module_5,270.0,10.22,78.71,11.07
module_5,270.0,10.11,75.4,14.49
module_5,270.0,10.0,71.26,18.74
module_5,270.0,9.78,67.04,23.18
module_5,270.0,9.7,54.11,36.19
module_5,270.0,12.82,87.18,0.0
module_5,270.0,11.73,88.27,0.0
module_5,270.0,10.68,88.36,0.96
module_5,270.0,10.25,83.07,6.68
module_5,270.0,10.03,77.21,12.77
module_5,270.0,9.92,71.21,18.88
module_5,270.0,9.84,65.67,24.49
module_5,270.0,9.78,60.77,29.45
module_5,270.0,9.7,54.55,35.75
module_5,270.0,9.7,44.41,45.89
module_5,270.0,12.88,87.12,0.0
module_5,270.0,11.23,88.77,0.0
module_5,270.0,10.25,86.36,3.4
module_5,270.0,9.92,76.44,13.64
module_5,270.0,9.75,65.81,24.44
module_5,270.0,9.7,55.51,34.79
module_5,270.0,9.7,49.73,40.58
module_5,270.0,9.7,46.55,43.75
module_5,270.0,9.7,43.75,46.55
module_5,270.0,9.7,39.53,50.77
module_5,270.0,14.08,85.92,0.0
module_5,270.0,11.04,88.96,0.0
module_5,270.0,9.89,80.82,9.29
module_5,270.0,9.7,56.41,33.89
module_5,270.0,9.64,43.42,46.93
module_5,270.0,9.62,37.21,53.18
module_5,270.0,9.62,33.92,56.47
module_5,270.0,9.62,32.44,57.95
module_5,270.0,9.62,32.0,58.38
module_5,270.0,9.62,32.85,57.53
module_5,270.0,100,0.0,0.0
module_5,270.0,100,0.0,0.0
module_5,270.0,100,0.0,0.0
module_5,270.0,100,0.0,0.0
module_5,270.0,100,0.0,0.0
module_5,270.0,100,0.0,0.0
module_5,270.0,100,0.0,0.0
module_5,270.0,100,0.0,0.0
module_5,270.0,100,0.0,0.0
module_5,270.0,85.64,14.36,0.0
module_5,270.0,95.37,4.63,0.0
module_5,270.0,55.4,44.6,0.0
module_5,270.0,70.38,29.62,0.0
module_5,270.0,100,0.0,0.0
module_5,270.0,13.23,86.77,0.0
module_5,270.0,13.1,86.9,0.0
module_5,270.0,13.32,86.68,0.0
module_5,270.0,11.04,88.96,0.0
module_5,270.0,9.62,28.63,61.75
module_5,270.0,9.62,35.64,54.74
module_5,270.0,16.79,83.21,0.0
module_5,270.0,9.62,26.03,64.36
module_5,270.0,9.62,31.1,59.29
module_5,270.0,9.62,26.63,63.75
module_5,270.0,9.62,25.18,65.21
module_5,270.0,9.62,24.85,65.53
module_5,270.0,50.96,49.04,0.0
module_5,270.0,43.4,56.6,0.0
module_5,270.0,37.23,62.77,0.0
module_5,270.0,34.25,65.75,0.0
module_5,270.0,34.08,63.42,2.49
module_5,270.0,48.9,51.1,0.0
module_5,270.0,38.36,61.64,0.0
module_5,270.0,32.41,67.59,0.0
module_5,270.0,27.75,72.14,0.11
module_5,270.0,27.95,69.37,2.68
module_5,270.0,47.07,52.93,0.0
module_5,270.0,35.48,64.52,0.0
module_5,270.0,28.82,71.18,0.0
module_5,270.0,23.04,76.96,0.0
module_5,270.0,22.74,73.42,3.84
module_5,270.0,58.63,41.37,0.0
module_5,270.0,41.34,58.66,0.0
module_5,270.0,31.18,68.82,0.0
module_5,270.0,22.99,77.01,0.0
module_5,270.0,22.22,75.29,2.49
module_5,270.0,75.92,24.08,0.0
module_5,270.0,67.07,32.93,0.0
module_5,270.0,53.1,46.9,0.0
module_5,270.0,45.75,54.25,0.0
module_5,270.0,45.75,54.25,0.0
module_5,270.0,13.1,86.9,0.0
module_5,270.0,12.33,85.92,1.75
module_5,270.0,11.97,83.97,4.05
module_5,270.0,12.14,80.96,6.9
module_5,270.0,12.68,79.15,8.16
module_5,270.0,11.73,88.27,0.0
module_5,270.0,11.23,86.71,2.05
module_5,270.0,10.79,82.25,6.96
module_5,270.0,10.96,78.25,10.79
module_5,270.0,11.45,76.03,12.52
module_5,270.0,10.68,89.32,0.0
module_5,270.0,10.27,84.88,4.85
module_5,270.0,10.14,76.52,13.34
module_5,270.0,10.14,72.74,17.12
module_5,270.0,10.47,71.01,18.52
module_5,270.0,10.47,89.53,0.0
module_5,270.0,9.78,78.49,11.73
module_5,270.0,9.7,63.73,26.58
module_5,270.0,9.7,60.9,29.4
module_5,270.0,10.0,62.27,27.73
module_5,270.0,14.05,85.95,0.0
module_5,270.0,9.62,50.6,39.78
module_5,270.0,9.7,45.7,44.6
module_5,270.0,9.62,36.08,54.3
module_5,270.0,10.08,58.82,31.1
module_5,270.0,17.75,82.25,0.0
module_5,270.0,17.12,82.88,0.0
module_5,270.0,16.9,83.1,0.0
module_5,270.0,17.01,82.52,0.47
module_5,270.0,17.45,81.29,1.26
module_5,270.0,16.77,83.23,0.0
module_5,270.0,16.03,83.97,0.0
module_5,270.0,15.86,84.05,0.08
module_5,270.0,15.84,81.1,3.07
module_5,270.0,16.22,80.08,3.7
module_5,270.0,15.04,84.96,0.0
module_5,270.0,14.41,85.59,0.0
module_5,270.0,14.14,83.26,2.6
module_5,270.0,14.14,81.78,4.08
module_5,270.0,14.55,79.7,5.75
module_5,270.0,13.48,86.52,0.0
module_5,270.0,12.77,85.86,1.37
module_5,270.0,12.27,84.11,3.62
module_5,270.0,12.38,80.6,7.01
module_5,270.0,13.12,78.47,8.41
module_5,270.0,11.81,88.19,0.0
module_5,270.0,11.04,87.07,1.89
module_5,270.0,10.68,82.55,6.77
module_5,270.0,10.74,77.59,11.67
module_5,270.0,11.32,73.29,15.4
module_5,270.0,10.85,89.15,0.0
module_5,270.0,10.22,86.71,3.07
module_5,270.0,9.97,76.41,13.62
module_5,270.0,10.08,70.99,18.93
module_5,270.0,10.41,68.52,21.07
module_5,270.0,10.71,89.29,0.0
module_5,270.0,9.78,82.88,7.34
module_5,270.0,9.7,60.16,30.14
module_5,270.0,9.7,56.6,33.7
module_5,270.0,10.11,61.92,27.97
module_5,270.0,16.93,83.07,0.0
module_5,270.0,9.7,76.16,14.14
module_5,270.0,9.62,32.19,58.19
module_5,270.0,9.62,33.01,57.37
module_5,270.0,11.12,70.71,18.16
module_5,270.0,12.99,87.01,0.0
module_5,270.0,12.33,85.92,1.75
module_5,270.0,12.03,83.84,4.14
module_5,270.0,12.19,80.68,7.12
module_5,270.0,12.74,79.12,8.14
module_5,270.0,11.7,88.3,0.0
module_5,270.0,11.23,86.71,2.05
module_5,270.0,10.88,81.86,7.26
module_5,270.0,11.01,78.0,10.99
module_5,270.0,11.56,75.45,12.99
module_5,270.0,10.68,89.32,0.0
module_5,270.0,10.25,84.03,5.73
module_5,270.0,10.14,76.41,13.45
module_5,270.0,10.16,72.71,17.12
module_5,270.0,10.6,71.29,18.11
module_5,270.0,10.33,89.67,0.0
module_5,270.0,9.78,76.3,13.92
module_5,270.0,9.7,63.51,26.79
module_5,270.0,9.73,61.53,28.74
module_5,270.0,10.11,63.7,26.19
module_5,270.0,13.42,86.58,0.0
module_5,270.0,9.62,44.85,45.53
module_5,270.0,9.7,50.44,39.86
module_5,270.0,9.62,35.78,54.6
module_5,270.0,10.74,67.48,21.78
module_5,315.0,53.81,46.19,0.0
module_5,315.0,45.21,54.79,0.0
module_5,315.0,43.15,56.85,0.0
module_5,315.0,42.85,57.15,0.0
module_5,315.0,42.16,57.84,0.0
module_5,315.0,49.34,50.66,0.0
module_5,315.0,39.89,60.11,0.0
module_5,315.0,34.96,65.04,0.0
module_5,315.0,32.36,67.64,0.0
module_5,315.0,36.74,63.26,0.0
module_5,315.0,47.7,52.3,0.0
module_5,315.0,38.55,61.45,0.0
module_5,315.0,32.03,67.97,0.0
module_5,315.0,26.38,73.62,0.0
module_5,315.0,28.47,71.53,0.0
module_5,315.0,58.36,41.64,0.0
module_5,315.0,42.36,57.64,0.0
module_5,315.0,32.05,67.95,0.0
module_5,315.0,25.7,74.3,0.0
module_5,315.0,26.58,73.42,0.0
module_5,315.0,78.85,21.15,0.0
module_5,315.0,58.41,41.59,0.0
module_5,315.0,44.16,55.84,0.0
module_5,315.0,50.41,49.59,0.0
module_5,315.0,60.27,39.73,0.0
module_5,315.0,10.22,89.78,0.0
module_5,315.0,9.75,85.23,5.01
module_5,315.0,9.7,55.95,34.36
module_5,315.0,9.7,45.75,44.55
module_5,315.0,9.7,42.03,48.27
module_5,315.0,9.64,35.18,55.18
module_5,315.0,10.49,89.51,0.0
module_5,315.0,10.05,89.64,0.3
module_5,315.0,9.75,71.34,18.9
module_5,315.0,9.7,53.95,36.36
module_5,315.0,9.7,44.33,45.97
module_5,315.0,9.62,34.58,55.81
module_5,315.0,10.68,89.32,0.0
module_5,315.0,10.16,89.84,0.0
module_5,315.0,9.97,86.88,3.15
module_5,315.0,9.78,69.1,21.12
module_5,315.0,9.7,49.45,40.85
module_5,315.0,9.62,35.78,54.6
module_5,315.0,11.01,88.99,0.0
module_5,315.0,10.49,89.51,0.0
module_5,315.0,10.11,88.63,1.26
module_5,315.0,9.78,82.0,8.22
module_5,315.0,9.7,55.64,34.66
module_5,315.0,9.62,38.88,51.51
module_5,315.0,11.67,88.33,0.0
module_5,315.0,10.79,89.21,0.0
module_5,315.0,10.25,89.75,0.0
module_5,315.0,9.92,88.16,1.92
module_5,315.0,9.7,69.56,20.74
module_5,315.0,9.62,43.12,47.26
module_5,315.0,13.64,86.36,0.0
module_5,315.0,11.75,88.25,0.0
module_5,315.0,10.44,89.56,0.0
module_5,315.0,10.0,89.89,0.11
module_5,315.0,9.7,77.95,12.36
module_5,315.0,9.62,47.64,42.74
module_5,315.0,19.23,80.77,0.0
module_5,315.0,11.97,88.03,0.0
module_5,315.0,10.74,89.26,0.0
module_5,315.0,10.19,89.81,0.0
module_5,315.0,9.81,88.96,1.23
module_5,315.0,9.7,61.21,29.1
module_5,315.0,14.88,85.12,0.0
module_5,315.0,12.77,87.23,0.0
module_5,315.0,11.51,88.49,0.0
module_5,315.0,10.66,89.34,0.0
module_5,315.0,10.14,89.86,0.0
module_5,315.0,9.92,90.08,0.0
module_5,315.0,15.12,84.88,0.0
module_5,315.0,14.0,86.0,0.0
module_5,315.0,12.9,87.1,0.0
module_5,315.0,11.95,88.05,0.0
module_5,315.0,11.48,88.52,0.0
module_5,315.0,11.32,88.68,0.0
module_5,315.0,16.71,83.29,0.0
module_5,315.0,15.12,84.88,0.0
module_5,315.0,13.56,86.44,0.0
module_5,315.0,12.93,87.07,0.0
module_5,315.0,12.85,87.15,0.0
module_5,315.0,13.56,86.44,0.0
module_5,315.0,18.19,81.81,0.0
module_5,315.0,22.66,77.34,0.0
module_5,315.0,37.84,62.16,0.0
module_5,315.0,53.21,46.79,0.0
module_5,315.0,64.99,35.01,0.0
module_5,315.0,86.16,13.84,0.0
module_5,315.0,100,0.0,0.0
module_5,315.0,100,0.0,0.0
module_5,315.0,100,0.0,0.0
module_5,315.0,100,0.0,0.0
module_5,315.0,100,0.0,0.0
module_5,315.0,100,0.0,0.0
module_5,315.0,100,0.0,0.0
module_5,315.0,100,0.0,0.0
module_5,315.0,100,0.0,0.0
module_5,315.0,100,0.0,0.0
module_5,315.0,100,0.0,0.0
module_5,315.0,12.58,87.42,0.0
module_5,315.0,11.53,88.47,0.0
module_5,315.0,12.79,87.21,0.0
module_5,315.0,11.01,88.99,0.0
module_5,315.0,11.48,88.52,0.0
module_5,315.0,11.75,88.25,0.0
module_5,315.0,10.55,89.45,0.0
module_5,315.0,10.79,89.21,0.0
module_5,315.0,10.0,82.79,7.21
module_5,315.0,9.73,87.01,3.26
module_5,315.0,9.7,61.15,29.15
module_5,315.0,9.89,77.86,12.25
module_5,315.0,12.19,87.81,0.0
module_5,315.0,14.27,85.73,0.0
module_5,315.0,17.01,82.99,0.0
module_5,315.0,15.12,84.88,0.0
module_5,315.0,16.33,83.67,0.0
module_5,315.0,16.79,83.21,0.0
module_5,315.0,15.81,84.19,0.0
module_5,315.0,18.19,81.81,0.0
module_5,315.0,14.0,86.0,0.0
module_5,315.0,14.27,85.73,0.0
module_5,315.0,13.81,86.19,0.0
module_5,315.0,18.77,81.23,0.0
module_5,315.0,9.78,68.99,21.23
module_5,315.0,9.78,61.75,28.47
module_5,315.0,9.7,47.7,42.6
module_5,315.0,9.7,49.37,40.93
module_5,315.0,9.62,29.62,60.77
module_5,315.0,9.62,30.08,60.3
module_5,315.0,9.7,56.49,33.81
module_5,315.0,9.62,28.41,61.97
module_5,315.0,9.62,30.68,59.7
module_5,315.0,9.67,48.03,42.3
module_5,315.0,9.62,31.51,58.88
module_5,315.0,9.62,30.49,59.89
module_5,315.0,9.62,31.37,59.01
module_5,315.0,9.62,34.11,56.27
module_5,315.0,9.62,29.12,61.26
module_5,315.0,9.62,30.03,60.36
module_5,315.0,9.7,51.62,38.68
module_5,315.0,9.62,43.53,46.85
module_5,315.0,9.62,37.01,53.37
module_5,315.0,13.73,86.27,0.0
module_5,315.0,14.19,85.81,0.0
module_5,315.0,13.59,86.41,0.0
module_5,315.0,14.93,85.07,0.0
module_5,315.0,11.12,88.88,0.0
module_5,315.0,9.62,41.75,48.63
module_5,315.0,9.62,34.93,55.45
module_5,315.0,9.7,83.48,6.82
module_5,315.0,16.79,83.21,0.0
module_5,315.0,18.0,82.0,0.0
module_5,315.0,20.68,79.32,0.0
module_5,315.0,16.99,83.01,0.0
module_5,315.0,11.92,88.08,0.0
module_5,315.0,9.62,32.6,57.78
module_5,315.0,13.7,86.3,0.0
module_5,315.0,22.22,77.78,0.0
module_5,315.0,39.37,60.63,0.0
module_5,315.0,29.18,70.82,0.0
module_5,315.0,83.23,16.77,0.0
module_5,315.0,100,0.0,0.0
module_5,315.0,99.26,0.74,0.0
module_5,315.0,61.21,38.79,0.0
module_5,315.0,100,0.0,0.0
module_5,315.0,100,0.0,0.0
module_5,315.0,100,0.0,0.0
module_5,315.0,100,0.0,0.0
module_5,315.0,100,0.0,0.0
module_5,315.0,100,0.0,0.0
module_5,315.0,100,0.0,0.0
module_5,315.0,100,0.0,0.0
module_5,315.0,100,0.0,0.0
module_5,315.0,100,0.0,0.0
module_5,315.0,100,0.0,0.0
module_5,315.0,36.99,63.01,0.0
module_5,315.0,54.38,45.62,0.0
module_5,315.0,42.47,57.53,0.0
module_5,315.0,92.14,7.86,0.0
module_5,315.0,100,0.0,0.0
module_5,315.0,100,0.0,0.0
module_5,315.0,70.14,29.86,0.0
module_5,315.0,83.32,16.68,0.0
module_5,315.0,64.58,35.42,0.0
module_5,315.0,50.6,49.4,0.0
module_5,315.0,100,0.0,0.0
module_5,315.0,100,0.0,0.0
module_5,315.0,100,0.0,0.0
module_5,315.0,100,0.0,0.0
module_5,315.0,99.97,0.03,0.0
module_5,315.0,100,0.0,0.0
module_5,315.0,28.36,71.64,0.0
module_5,315.0,100,0.0,0.0
module_5,315.0,100,0.0,0.0
module_5,315.0,100,0.0,0.0
module_5,315.0,100,0.0,0.0
module_5,315.0,100,0.0,0.0
module_5,315.0,100,0.0,0.0
module_5,315.0,100,0.0,0.0
module_5,315.0,100,0.0,0.0
module_5,315.0,100,0.0,0.0
module_5,315.0,100,0.0,0.0
module_5,315.0,100,0.0,0.0
module_5,315.0,100,0.0,0.0
module_5,315.0,100,0.0,0.0
module_5,315.0,100,0.0,0.0
module_5,315.0,100,0.0,0.0
module_5,315.0,100,0.0,0.0
module_5,315.0,100,0.0,0.0
module_5,315.0,100,0.0,0.0
module_5,315.0,11.45,76.77,11.78
module_5,315.0,9.62,41.81,48.58
module_5,315.0,9.62,50.22,40.16
module_5,315.0,9.7,89.56,0.74
module_5,315.0,18.03,81.97,0.0
module_5,315.0,10.14,81.64,8.22
module_5,315.0,9.7,74.68,15.62
module_5,315.0,9.7,76.82,13.48
module_5,315.0,9.78,90.22,0.0
module_5,315.0,10.77,89.23,0.0
module_5,315.0,10.47,85.04,4.49
module_5,315.0,10.03,87.18,2.79
module_5,315.0,10.16,89.84,0.0
module_5,315.0,10.25,89.75,0.0
module_5,315.0,10.88,89.12,0.0
module_5,315.0,11.81,87.53,0.66
module_5,315.0,10.79,89.21,0.0
module_5,315.0,10.74,89.26,0.0
module_5,315.0,11.12,88.88,0.0
module_5,315.0,12.55,87.45,0.0
module_5,315.0,13.12,86.88,0.0
module_5,315.0,13.21,86.79,0.0
module_5,315.0,13.18,86.82,0.0
module_5,315.0,12.9,87.1,0.0
module_5,315.0,13.86,86.14,0.0
module_5,315.0,15.21,84.79,0.0
module_5,315.0,14.63,85.37,0.0
module_5,315.0,14.68,85.32,0.0
module_5,315.0,15.73,84.27,0.0
module_5,315.0,16.44,83.56,0.0
module_5,315.0,17.04,82.96,0.0
module_5,315.0,17.37,82.63,0.0
module_5,315.0,16.71,83.29,0.0
module_5,315.0,17.12,82.88,0.0
module_5,315.0,17.59,82.41,0.0
module_5,315.0,18.41,81.59,0.0
module_5,315.0,17.64,82.36,0.0
module_5,315.0,17.59,82.41,0.0
module_5,315.0,17.89,82.11,0.0
module_5,315.0,18.74,81.26,0.0
module_5,315.0,13.21,86.79,0.0
module_5,315.0,11.81,86.47,1.73
module_5,315.0,10.68,85.64,3.67
module_5,315.0,10.14,81.23,8.63
module_5,315.0,13.86,75.81,10.33
module_5,315.0,12.44,87.56,0.0
module_5,315.0,11.37,88.63,0.0
module_5,315.0,10.22,87.51,2.27
module_5,315.0,9.78,80.22,10.0
module_5,315.0,9.62,52.71,37.67
module_5,315.0,12.16,87.84,0.0
module_5,315.0,10.9,89.1,0.0
module_5,315.0,10.14,89.21,0.66
module_5,315.0,9.7,80.6,9.7
module_5,315.0,9.7,66.77,23.53
module_5,315.0,12.52,87.48,0.0
module_5,315.0,11.1,88.9,0.0
module_5,315.0,10.16,89.84,0.0
module_5,315.0,9.7,87.32,2.99
module_5,315.0,9.62,46.3,44.08
module_5,315.0,12.93,87.07,0.0
module_5,315.0,11.73,88.27,0.0
module_5,315.0,10.66,89.34,0.0
module_5,315.0,10.08,89.92,0.0
module_5,315.0,10.68,89.32,0.0
module_5,315.0,13.26,86.74,0.0
module_5,315.0,12.6,87.4,0.0
module_5,315.0,12.38,87.62,0.0
module_5,315.0,12.55,87.45,0.0
module_5,315.0,12.96,87.04,0.0
module_5,315.0,12.19,87.81,0.0
module_5,315.0,11.64,88.36,0.0
module_5,315.0,10.9,89.1,0.0
module_5,315.0,11.64,88.36,0.0
module_5,315.0,12.14,87.59,0.27
module_5,315.0,10.71,89.29,0.0
module_5,315.0,10.49,89.51,0.0
module_5,315.0,10.33,89.67,0.0
module_5,315.0,10.47,87.53,2.0
module_5,315.0,10.79,86.88,2.33
module_5,315.0,10.25,89.75,0.0
module_5,315.0,9.92,89.89,0.19
module_5,315.0,9.78,85.26,4.96
module_5,315.0,9.75,78.93,11.32
module_5,315.0,10.25,82.3,7.45
module_5,315.0,10.19,89.81,0.0
module_5,315.0,9.62,46.79,43.59
module_5,315.0,9.7,66.16,24.14
module_5,315.0,9.67,61.89,28.44
module_5,315.0,10.36,77.59,12.05
module_5,315.0,61.95,38.05,0.0
module_5,315.0,49.04,50.96,0.0
module_5,315.0,42.82,57.18,0.0
module_5,315.0,37.95,62.05,0.0
module_5,315.0,43.34,56.66,0.0
module_5,315.0,52.44,47.56,0.0
module_5,315.0,44.44,55.56,0.0
module_5,315.0,37.62,62.38,0.0
module_5,315.0,35.04,64.96,0.0
module_5,315.0,33.48,66.52,0.0
module_5,315.0,51.97,48.03,0.0
module_5,315.0,41.18,58.82,0.0
module_5,315.0,32.05,67.95,0.0
module_5,315.0,28.47,71.53,0.0
module_5,315.0,28.68,71.32,0.0
module_5,315.0,57.26,42.74,0.0
module_5,315.0,43.1,56.9,0.0
module_5,315.0,33.01,66.99,0.0
module_5,315.0,25.89,74.11,0.0
module_5,315.0,26.38,73.62,0.0
module_5,315.0,92.19,7.81,0.0
module_5,315.0,76.93,23.07,0.0
module_5,315.0,62.74,37.26,0.0
module_5,315.0,37.75,62.25,0.0
module_5,315.0,36.85,63.15,0.0
module_5,315.0,10.55,89.45,0.0
module_5,315.0,9.78,88.82,1.4
module_5,315.0,9.7,56.82,33.48
module_5,315.0,9.64,45.73,44.63
module_5,315.0,9.67,41.29,49.04
module_5,315.0,9.7,39.84,50.47
module_5,315.0,10.6,89.4,0.0
module_5,315.0,10.08,89.92,0.0
module_5,315.0,9.89,85.07,5.04
module_5,315.0,9.75,64.6,25.64
module_5,315.0,9.7,49.42,40.88
module_5,315.0,9.64,38.52,51.84
module_5,315.0,10.93,89.07,0.0
module_5,315.0,10.49,89.51,0.0
module_5,315.0,10.11,88.9,0.99
module_5,315.0,9.86,81.12,9.01
module_5,315.0,9.7,58.11,32.19
module_5,315.0,9.64,40.74,49.62
module_5,315.0,11.51,88.49,0.0
module_5,315.0,10.71,89.29,0.0
module_5,315.0,10.22,89.78,0.0
module_5,315.0,9.95,87.18,2.88
module_5,315.0,9.7,67.34,22.96
module_5,315.0,9.64,42.55,47.81
module_5,315.0,12.14,87.86,0.0
module_5,315.0,10.9,89.1,0.0
module_5,315.0,10.41,89.59,0.0
module_5,315.0,10.0,88.68,1.32
module_5,315.0,9.7,74.85,15.45
module_5,315.0,9.64,47.75,42.6
module_5,315.0,13.1,86.9,0.0
module_5,315.0,11.73,88.27,0.0
module_5,315.0,10.71,89.29,0.0
module_5,315.0,10.16,89.84,0.0
module_5,315.0,9.78,87.7,2.52
module_5,315.0,9.7,61.45,28.85
module_5,315.0,20.74,79.26,0.0
module_5,315.0,13.18,86.82,0.0
module_5,315.0,11.29,88.71,0.0
module_5,315.0,10.55,89.45,0.0
module_5,315.0,10.05,89.95,0.0
module_5,315.0,9.7,82.79,7.51
module_5,315.0,15.15,84.85,0.0
module_5,315.0,13.62,86.38,0.0
module_5,315.0,12.03,87.97,0.0
module_5,315.0,11.21,88.79,0.0
module_5,315.0,10.52,89.48,0.0
module_5,315.0,9.89,90.11,0.0
module_5,315.0,15.78,84.22,0.0
module_5,315.0,14.03,85.97,0.0
module_5,315.0,12.9,87.1,0.0
module_5,315.0,11.78,88.22,0.0
module_5,315.0,11.04,88.96,0.0
module_5,315.0,10.6,89.4,0.0
module_5,315.0,16.47,83.53,0.0
module_5,315.0,15.07,84.93,0.0
module_5,315.0,14.03,85.97,0.0
module_5,315.0,13.42,86.58,0.0
module_5,315.0,13.32,86.68,0.0
module_5,315.0,13.84,86.16,0.0
module_5,315.0,19.59,80.41,0.0
module_5,315.0,24.74,75.26,0.0
module_5,315.0,38.33,61.67,0.0
module_5,315.0,46.03,53.97,0.0
module_5,315.0,70.03,29.97,0.0
module_5,315.0,93.42,6.58,0.0
module_5,315.0,100,0.0,0.0
module_5,315.0,100,0.0,0.0
module_5,315.0,100,0.0,0.0
module_5,315.0,100,0.0,0.0
module_5,315.0,100,0.0,0.0
module_5,315.0,100,0.0,0.0
module_5,315.0,100,0.0,0.0
module_5,315.0,100,0.0,0.0
module_5,315.0,100,0.0,0.0
module_5,315.0,100,0.0,0.0
module_5,315.0,100,0.0,0.0
module_5,315.0,11.45,88.55,0.0
module_5,315.0,11.29,88.71,0.0
module_5,315.0,11.32,88.68,0.0
module_5,315.0,11.67,88.33,0.0
module_5,315.0,12.6,87.4,0.0
module_5,315.0,13.67,86.33,0.0
module_5,315.0,17.86,82.14,0.0
module_5,315.0,15.26,84.74,0.0
module_5,315.0,18.9,81.1,0.0
module_5,315.0,16.52,83.48,0.0
module_5,315.0,19.23,80.77,0.0
module_5,315.0,22.0,78.0,0.0
module_5,315.0,49.59,50.41,0.0
module_5,315.0,27.73,72.27,0.0
module_5,315.0,91.97,8.03,0.0
module_5,315.0,100,0.0,0.0
module_5,315.0,100,0.0,0.0
module_5,315.0,68.05,31.95,0.0
module_5,315.0,100,0.0,0.0
module_5,315.0,100,0.0,0.0
module_5,315.0,100,0.0,0.0
module_5,315.0,100,0.0,0.0
module_5,315.0,100,0.0,0.0
module_5,315.0,100,0.0,0.0
module_5,315.0,100,0.0,0.0
module_5,315.0,100,0.0,0.0
module_5,315.0,11.21,77.23,11.56
module_5,315.0,9.7,63.51,26.79
module_5,315.0,9.62,38.96,51.42
module_5,315.0,9.62,51.56,38.82
module_5,315.0,10.9,89.1,0.0
module_5,315.0,10.41,80.36,9.23
module_5,315.0,9.78,81.7,8.52
module_5,315.0,9.7,82.96,7.34
module_5,315.0,9.78,90.22,0.0
module_5,315.0,10.41,89.59,0.0
module_5,315.0,10.79,86.11,3.1
module_5,315.0,10.3,87.4,2.3
module_5,315.0,10.0,88.55,1.45
module_5,315.0,10.3,89.7,0.0
module_5,315.0,10.88,89.12,0.0
module_5,315.0,11.67,86.55,1.78
module_5,315.0,11.62,88.38,0.0
module_5,315.0,11.18,88.82,0.0
module_5,315.0,11.62,88.38,0.0
module_5,315.0,11.78,88.22,0.0
module_5,315.0,13.97,86.03,0.0
module_5,315.0,12.74,87.26,0.0
module_5,315.0,12.47,87.53,0.0
module_5,315.0,13.53,86.47,0.0
module_5,315.0,14.22,85.78,0.0
module_5,315.0,15.95,84.05,0.0
module_5,315.0,15.42,84.58,0.0
module_5,315.0,15.4,84.6,0.0
module_5,315.0,14.74,85.26,0.0
module_5,315.0,15.45,84.55,0.0
module_5,315.0,17.89,82.11,0.0
module_5,315.0,16.85,83.15,0.0
module_5,315.0,17.07,82.93,0.0
module_5,315.0,17.37,82.63,0.0
module_5,315.0,17.78,82.22,0.0
module_5,315.0,18.82,81.18,0.0
module_5,315.0,17.78,82.22,0.0
module_5,315.0,17.86,82.14,0.0
module_5,315.0,17.84,82.16,0.0
module_5,315.0,18.79,81.21,0.0
module_5,315.0,13.1,86.9,0.0
module_5,315.0,12.11,87.84,0.05
module_5,315.0,10.82,86.96,2.22
module_5,315.0,10.47,82.55,6.99
module_5,315.0,10.14,77.75,12.11
module_5,315.0,12.55,87.45,0.0
module_5,315.0,11.64,88.36,0.0
module_5,315.0,10.58,87.48,1.95
module_5,315.0,9.89,83.51,6.6
module_5,315.0,9.64,60.11,30.25
module_5,315.0,12.44,87.56,0.0
module_5,315.0,11.56,88.44,0.0
module_5,315.0,10.36,89.64,0.0
module_5,315.0,9.78,86.47,3.75
module_5,315.0,9.7,66.19,24.11
module_5,315.0,12.68,87.32,0.0
module_5,315.0,11.78,88.22,0.0
module_5,315.0,10.55,89.45,0.0
module_5,315.0,9.92,90.08,0.0
module_5,315.0,9.7,74.9,15.4
module_5,315.0,13.56,86.44,0.0
module_5,315.0,12.33,87.67,0.0
module_5,315.0,11.12,88.88,0.0
module_5,315.0,10.44,89.56,0.0
module_5,315.0,10.82,89.18,0.0
module_5,315.0,13.29,86.71,0.0
module_5,315.0,12.55,87.45,0.0
module_5,315.0,12.05,87.95,0.0
module_5,315.0,12.14,87.86,0.0
module_5,315.0,12.99,87.01,0.0
module_5,315.0,11.86,88.14,0.0
module_5,315.0,11.37,88.63,0.0
module_5,315.0,11.53,88.47,0.0
module_5,315.0,11.04,88.96,0.0
module_5,315.0,11.59,87.07,1.34
module_5,315.0,11.15,88.85,0.0
module_5,315.0,10.33,89.67,0.0
module_5,315.0,10.14,89.73,0.14
module_5,315.0,10.16,87.51,2.33
module_5,315.0,10.47,86.08,3.45
module_5,315.0,10.49,89.51,0.0
module_5,315.0,9.78,90.16,0.05
module_5,315.0,9.7,82.19,8.11
module_5,315.0,9.78,83.64,6.58
module_5,315.0,9.97,80.6,9.42
module_5,315.0,14.36,85.64,0.0
module_5,315.0,9.7,80.82,9.48
module_5,315.0,9.67,60.6,29.73
module_5,315.0,9.62,45.23,45.15
module_5,315.0,10.11,76.14,13.75
module_6,0.0,9.78,73.62,16.6
module_6,0.0,9.7,46.74,43.56
module_6,0.0,9.67,40.16,50.16
module_6,0.0,9.67,38.93,51.4
module_6,0.0,9.7,47.59,42.71
module_6,0.0,9.89,62.0,28.11
module_6,0.0,9.92,75.04,15.04
module_6,0.0,9.73,61.59,28.68
module_6,0.0,9.7,52.9,37.4
module_6,0.0,9.7,50.58,39.73
module_6,0.0,9.75,52.16,38.08
module_6,0.0,9.78,57.37,32.85
module_6,0.0,10.11,77.51,12.38
module_6,0.0,9.92,68.9,21.18
module_6,0.0,9.84,63.42,26.74
module_6,0.0,9.78,59.51,30.71
module_6,0.0,9.78,57.84,32.38
module_6,0.0,9.75,57.15,33.1
module_6,0.0,10.14,79.45,10.41
module_6,0.0,10.11,73.7,16.19
module_6,0.0,10.0,69.07,20.93
module_6,0.0,9.95,65.53,24.52
module_6,0.0,9.89,62.99,27.12
module_6,0.0,9.78,60.68,29.53
module_6,0.0,10.9,89.04,0.05
module_6,0.0,10.82,88.55,0.63
module_6,0.0,9.62,35.1,55.29
module_6,0.0,9.62,27.23,63.15
module_6,0.0,9.86,79.67,10.47
module_6,0.0,10.16,87.32,2.52
module_6,0.0,10.14,84.49,5.37
module_6,0.0,9.64,36.82,53.53
module_6,0.0,9.62,25.01,65.37
module_6,0.0,10.08,79.15,10.77
module_6,0.0,10.0,83.81,6.19
module_6,0.0,10.03,67.1,22.88
module_6,0.0,9.78,63.26,26.96
module_6,0.0,9.7,57.67,32.63
module_6,0.0,9.78,72.88,17.34
module_6,0.0,9.62,33.21,57.18
module_6,0.0,10.19,83.29,6.52
module_6,0.0,10.36,84.05,5.59
module_6,0.0,10.44,82.96,6.6
module_6,0.0,10.52,86.49,2.99
module_6,0.0,10.36,81.15,8.49
module_6,0.0,10.14,77.53,12.33
module_6,0.0,10.11,73.21,16.68
module_6,0.0,10.14,77.07,12.79
module_6,0.0,10.55,86.11,3.34
module_6,0.0,9.7,55.95,34.36
module_6,0.0,9.7,54.3,36.0
module_6,0.0,9.7,50.6,39.7
module_6,0.0,9.7,50.44,39.86
module_6,0.0,9.7,52.96,37.34
module_6,0.0,9.95,67.81,22.25
module_6,0.0,10.03,70.74,19.23
module_6,0.0,9.78,63.7,26.52
module_6,0.0,9.78,65.73,24.49
module_6,0.0,9.7,54.9,35.4
module_6,0.0,10.14,76.77,13.1
module_6,0.0,10.11,74.47,15.42
module_6,0.0,10.0,71.51,18.49
module_6,0.0,9.89,69.86,20.25
module_6,0.0,9.7,62.0,28.3
module_6,0.0,10.14,80.25,9.62
module_6,0.0,10.14,78.05,11.81
module_6,0.0,10.03,74.96,15.01
module_6,0.0,9.92,72.82,17.26
module_6,0.0,9.78,71.21,19.01
module_6,0.0,10.36,82.71,6.93
module_6,0.0,10.14,80.9,8.96
module_6,0.0,10.0,78.19,11.81
module_6,0.0,9.78,73.62,16.6
module_6,0.0,9.89,75.89,14.22
module_6,0.0,10.47,84.74,4.79
module_6,0.0,10.22,84.05,5.73
module_6,0.0,10.0,80.6,9.4
module_6,0.0,9.7,72.74,17.56
module_6,0.0,9.62,45.21,45.18
module_6,0.0,10.58,86.14,3.29
module_6,0.0,10.36,84.55,5.1
module_6,0.0,10.11,82.25,7.64
module_6,0.0,9.78,78.82,11.4
module_6,0.0,9.7,66.66,23.64
module_6,0.0,43.51,56.49,0.0
module_6,0.0,43.01,56.99,0.0
module_6,0.0,52.79,47.21,0.0
module_6,0.0,86.44,13.56,0.0
module_6,0.0,34.71,65.29,0.0
module_6,0.0,34.14,65.86,0.0
module_6,0.0,39.26,60.74,0.0
module_6,0.0,66.3,33.7,0.0
module_6,0.0,29.89,70.11,0.0
module_6,0.0,27.21,72.79,0.0
module_6,0.0,30.79,69.21,0.0
module_6,0.0,55.89,44.11,0.0
module_6,0.0,26.36,73.64,0.0
module_6,0.0,23.51,76.49,0.0
module_6,0.0,25.95,74.05,0.0
module_6,0.0,50.74,49.26,0.0
module_6,0.0,28.08,71.92,0.0
module_6,0.0,24.96,75.04,0.0
module_6,0.0,26.96,73.04,0.0
module_6,0.0,53.07,46.93,0.0
module_6,0.0,11.89,88.11,0.0
module_6,0.0,11.18,88.82,0.0
module_6,0.0,10.52,89.48,0.0
module_6,0.0,10.27,89.73,0.0
module_6,0.0,13.32,86.68,0.0
module_6,0.0,11.64,88.36,0.0
module_6,0.0,10.74,89.26,0.0
module_6,0.0,10.14,89.86,0.0
module_6,0.0,9.75,90.11,0.14
module_6,0.0,9.64,68.33,22.03
module_6,0.0,11.4,88.6,0.0
module_6,0.0,10.63,89.37,0.0
module_6,0.0,10.0,90.0,0.0
module_6,0.0,9.7,84.16,6.14
module_6,0.0,9.62,41.32,49.07
module_6,0.0,11.45,88.55,0.0
module_6,0.0,10.68,89.32,0.0
module_6,0.0,10.08,89.92,0.0
module_6,0.0,9.7,87.26,3.04
module_6,0.0,9.62,46.33,44.05
module_6,0.0,11.84,88.16,0.0
module_6,0.0,10.93,89.07,0.0
module_6,0.0,10.38,89.62,0.0
module_6,0.0,10.08,89.86,0.05
module_6,0.0,11.18,87.95,0.88
module_6,0.0,9.78,80.27,9.95
module_6,0.0,9.64,43.64,46.71
module_6,0.0,9.64,38.79,51.56
module_6,0.0,9.62,35.07,55.32
module_6,0.0,9.7,45.51,44.79
module_6,0.0,9.73,62.16,28.11
module_6,0.0,9.95,81.64,8.41
module_6,0.0,9.7,61.97,28.33
module_6,0.0,9.7,51.23,39.07
module_6,0.0,9.7,47.45,42.85
module_6,0.0,9.7,48.22,42.08
module_6,0.0,9.7,52.77,37.53
module_6,0.0,10.11,84.16,5.73
module_6,0.0,9.95,72.63,17.42
module_6,0.0,9.81,63.97,26.22
module_6,0.0,9.78,57.64,32.58
module_6,0.0,9.73,53.42,36.85
module_6,0.0,9.7,51.89,38.41
module_6,0.0,10.36,85.4,4.25
module_6,0.0,10.11,79.21,10.68
module_6,0.0,10.0,72.11,17.89
module_6,0.0,9.92,66.99,23.1
module_6,0.0,9.78,61.26,28.96
module_6,0.0,9.7,55.42,34.88
module_6,0.0,10.55,86.03,3.42
module_6,0.0,10.36,82.93,6.71
module_6,0.0,10.14,78.38,11.48
module_6,0.0,10.03,73.34,16.63
module_6,0.0,9.86,68.88,21.26
module_6,0.0,9.7,60.22,30.08
module_6,0.0,10.71,86.9,2.38
module_6,0.0,10.55,84.38,5.07
module_6,0.0,10.36,81.37,8.27
module_6,0.0,10.11,78.63,11.26
module_6,0.0,9.95,74.71,15.34
module_6,0.0,9.75,68.14,22.11
module_6,0.0,11.01,87.15,1.84
module_6,0.0,10.71,86.0,3.29
module_6,0.0,10.49,83.56,5.95
module_6,0.0,10.14,82.11,7.75
module_6,0.0,10.05,80.25,9.7
module_6,0.0,9.78,78.05,12.16
module_6,0.0,11.37,87.37,1.26
module_6,0.0,11.07,86.63,2.3
module_6,0.0,10.66,86.16,3.18
module_6,0.0,10.47,85.07,4.47
module_6,0.0,10.14,84.96,4.9
module_6,0.0,9.97,85.37,4.66
module_6,0.0,11.81,87.64,0.55
module_6,0.0,11.45,86.99,1.56
module_6,0.0,11.01,86.55,2.44
module_6,0.0,10.63,86.77,2.6
module_6,0.0,10.47,86.47,3.07
module_6,0.0,10.49,88.25,1.26
module_6,0.0,12.36,87.59,0.05
module_6,0.0,11.92,87.23,0.85
module_6,0.0,11.45,86.82,1.73
module_6,0.0,10.99,87.67,1.34
module_6,0.0,10.58,88.22,1.21
module_6,0.0,10.55,88.55,0.9
module_6,0.0,13.04,86.96,0.0
module_6,0.0,12.58,87.18,0.25
module_6,0.0,11.84,87.45,0.71
module_6,0.0,11.18,88.22,0.6
module_6,0.0,10.52,88.47,1.01
module_6,0.0,9.95,89.45,0.6
module_6,0.0,13.51,86.49,0.0
module_6,0.0,13.12,86.88,0.0
module_6,0.0,12.19,87.78,0.03
module_6,0.0,11.34,88.55,0.11
module_6,0.0,10.44,89.48,0.08
module_6,0.0,9.78,89.84,0.38
module_6,0.0,14.49,85.51,0.0
module_6,0.0,13.34,86.66,0.0
module_6,0.0,12.71,87.29,0.0
module_6,0.0,11.45,88.52,0.03
module_6,0.0,10.44,89.56,0.0
module_6,0.0,9.78,90.19,0.03
module_6,0.0,14.88,85.12,0.0
module_6,0.0,14.41,85.59,0.0
module_6,0.0,13.21,86.79,0.0
module_6,0.0,11.81,88.19,0.0
module_6,0.0,10.63,89.37,0.0
module_6,0.0,9.95,90.05,0.0
module_6,0.0,15.4,84.6,0.0
module_6,0.0,14.77,85.23,0.0
module_6,0.0,13.51,86.49,0.0
module_6,0.0,12.38,87.62,0.0
module_6,0.0,11.29,88.71,0.0
module_6,0.0,10.63,89.37,0.0
module_6,0.0,16.27,83.73,0.0
module_6,0.0,15.12,84.88,0.0
module_6,0.0,13.92,86.08,0.0
module_6,0.0,12.74,87.26,0.0
module_6,0.0,11.75,88.25,0.0
module_6,0.0,11.86,88.14,0.0
module_6,0.0,16.79,83.21,0.0
module_6,0.0,15.75,84.25,0.0
module_6,0.0,14.33,85.67,0.0
module_6,0.0,12.49,87.51,0.0
module_6,0.0,11.37,88.63,0.0
module_6,0.0,10.74,89.26,0.0
module_6,0.0,18.03,81.97,0.0
module_6,0.0,16.3,83.7,0.0
module_6,0.0,14.79,85.21,0.0
module_6,0.0,12.3,87.7,0.0
module_6,0.0,10.71,89.29,0.0
module_6,0.0,9.92,90.08,0.0
module_6,0.0,19.26,80.74,0.0
module_6,0.0,17.45,82.55,0.0
module_6,0.0,15.15,84.85,0.0
module_6,0.0,12.47,87.53,0.0
module_6,0.0,10.71,89.29,0.0
module_6,0.0,9.89,90.11,0.0
module_6,0.0,21.34,78.66,0.0
module_6,0.0,19.95,80.05,0.0
module_6,0.0,29.48,70.52,0.0
module_6,0.0,33.45,66.55,0.0
module_6,0.0,37.59,62.41,0.0
module_6,0.0,41.34,58.66,0.0
module_6,0.0,43.1,56.9,0.0
module_6,0.0,47.84,52.16,0.0
module_6,0.0,48.93,51.07,0.0
module_6,0.0,52.74,47.26,0.0
module_6,0.0,11.26,88.74,0.0
module_6,0.0,10.41,89.59,0.0
module_6,0.0,11.51,88.49,0.0
module_6,0.0,10.16,89.84,0.0
module_6,0.0,10.47,89.53,0.0
module_6,0.0,9.62,32.96,57.42
module_6,0.0,9.95,89.97,0.08
module_6,0.0,9.62,25.56,64.82
module_6,0.0,9.7,38.25,52.05
module_6,0.0,10.55,89.18,0.27
module_6,0.0,10.74,89.26,0.0
module_6,0.0,11.32,88.68,0.0
module_6,0.0,11.07,88.93,0.0
module_6,0.0,12.11,87.89,0.0
module_6,0.0,13.23,86.77,0.0
module_6,0.0,12.66,87.34,0.0
module_6,0.0,11.59,88.41,0.0
module_6,0.0,13.67,86.33,0.0
module_6,0.0,9.62,23.34,67.04
module_6,0.0,9.62,32.27,58.11
module_6,0.0,10.0,76.38,13.62
module_6,0.0,9.7,56.85,33.45
module_6,0.0,9.89,75.62,14.49
module_6,0.0,9.7,66.14,24.16
module_6,0.0,9.7,49.81,40.49
module_6,0.0,9.78,86.22,4.0
module_6,0.0,9.7,46.03,44.27
module_6,0.0,9.7,48.36,41.95
module_6,0.0,9.7,44.22,46.08
module_6,0.0,9.7,45.37,44.93
module_6,0.0,9.7,47.01,43.29
module_6,0.0,9.7,48.93,41.37
module_6,0.0,9.7,73.7,16.6
module_6,0.0,9.7,61.92,28.38
module_6,0.0,9.7,51.86,38.44
module_6,0.0,9.89,84.14,5.97
module_6,0.0,10.79,88.47,0.74
module_6,0.0,11.86,87.1,1.04
module_6,0.0,9.75,89.56,0.68
module_6,0.0,9.7,53.04,37.26
module_6,0.0,9.78,77.37,12.85
module_6,0.0,9.7,63.51,26.79
module_6,0.0,12.74,86.16,1.1
module_6,0.0,10.66,88.79,0.55
module_6,0.0,14.38,84.88,0.74
module_6,0.0,10.22,89.64,0.14
module_6,0.0,9.7,89.64,0.66
module_6,0.0,14.68,85.32,0.0
module_6,0.0,15.18,84.82,0.0
module_6,0.0,16.79,83.21,0.0
module_6,0.0,19.07,80.93,0.0
module_6,0.0,18.03,81.97,0.0
module_6,0.0,16.25,83.75,0.0
module_6,0.0,14.52,85.48,0.0
module_6,0.0,21.23,78.77,0.0
module_6,0.0,24.41,75.59,0.0
module_6,0.0,34.9,65.1,0.0
module_6,0.0,41.75,58.25,0.0
module_6,0.0,49.12,50.88,0.0
module_6,0.0,49.59,50.41,0.0
module_6,0.0,19.45,80.55,0.0
module_6,0.0,50.41,49.59,0.0
module_6,0.0,51.18,48.82,0.0
module_6,0.0,54.74,45.26,0.0
module_6,0.0,9.7,89.97,0.33
module_6,0.0,12.19,87.81,0.0
module_6,0.0,9.92,90.08,0.0
module_6,0.0,13.01,86.99,0.0
module_6,0.0,10.82,89.18,0.0
module_6,0.0,15.56,84.44,0.0
module_6,0.0,12.49,87.51,0.0
module_6,0.0,20.05,79.95,0.0
module_6,0.0,10.36,89.64,0.0
module_6,0.0,9.78,90.05,0.16
module_6,0.0,17.48,82.52,0.0
module_6,0.0,9.62,47.4,42.99
module_6,0.0,9.7,85.73,4.58
module_6,0.0,9.7,80.08,10.22
module_6,0.0,10.27,89.73,0.0
module_6,0.0,43.95,56.05,0.0
module_6,0.0,37.7,62.3,0.0
module_6,0.0,16.68,83.32,0.0
module_6,0.0,55.53,44.47,0.0
module_6,0.0,51.86,48.14,0.0
module_6,0.0,11.32,88.66,0.03
module_6,0.0,10.41,89.59,0.0
module_6,0.0,10.77,89.21,0.03
module_6,0.0,63.42,36.58,0.0
module_6,0.0,10.41,89.59,0.0
module_6,0.0,10.82,88.44,0.74
module_6,0.0,56.16,43.84,0.0
module_6,0.0,100,0.0,0.0
module_6,0.0,100,0.0,0.0
module_6,0.0,100,0.0,0.0
module_6,0.0,100,0.0,0.0
module_6,0.0,100,0.0,0.0
module_6,0.0,100,0.0,0.0
module_6,0.0,100,0.0,0.0
module_6,0.0,100,0.0,0.0
module_6,0.0,100,0.0,0.0
module_6,0.0,89.15,10.85,0.0
module_6,0.0,32.03,67.97,0.0
module_6,0.0,28.6,71.4,0.0
module_6,0.0,22.33,77.67,0.0
module_6,0.0,16.93,83.07,0.0
module_6,0.0,13.34,86.66,0.0
module_6,0.0,10.82,89.18,0.0
module_6,0.0,9.89,90.11,0.0
module_6,0.0,28.14,71.86,0.0
module_6,0.0,22.36,77.64,0.0
module_6,0.0,17.42,82.58,0.0
module_6,0.0,13.4,86.6,0.0
module_6,0.0,10.77,89.23,0.0
module_6,0.0,9.86,90.14,0.0
module_6,0.0,29.97,70.03,0.0
module_6,0.0,25.1,74.9,0.0
module_6,0.0,43.78,56.22,0.0
module_6,0.0,56.3,43.7,0.0
module_6,0.0,73.78,26.22,0.0
module_6,0.0,77.51,22.49,0.0
module_6,0.0,95.34,4.66,0.0
module_6,0.0,97.32,2.68,0.0
module_6,0.0,100,0.0,0.0
module_6,0.0,100,0.0,0.0
module_6,0.0,100,0.0,0.0
module_6,0.0,100,0.0,0.0
module_6,0.0,100,0.0,0.0
module_6,0.0,100,0.0,0.0
module_6,0.0,100,0.0,0.0
module_6,0.0,100,0.0,0.0
module_6,0.0,100,0.0,0.0
module_6,0.0,100,0.0,0.0
module_6,0.0,100,0.0,0.0
module_6,0.0,100,0.0,0.0
module_6,0.0,100,0.0,0.0
module_6,0.0,100,0.0,0.0
module_6,0.0,100,0.0,0.0
module_6,0.0,100,0.0,0.0
module_6,0.0,100,0.0,0.0
module_6,0.0,100,0.0,0.0
module_6,0.0,100,0.0,0.0
module_6,0.0,100,0.0,0.0
module_6,0.0,100,0.0,0.0
module_6,0.0,100,0.0,0.0
module_6,0.0,100,0.0,0.0
module_6,0.0,58.38,41.62,0.0
module_6,0.0,85.92,14.08,0.0
module_6,0.0,100,0.0,0.0
module_6,0.0,100,0.0,0.0
module_6,0.0,100,0.0,0.0
module_6,0.0,100,0.0,0.0
module_6,0.0,100,0.0,0.0
module_6,0.0,100,0.0,0.0
module_6,0.0,100,0.0,0.0
module_6,0.0,100,0.0,0.0
module_6,0.0,100,0.0,0.0
module_6,0.0,100,0.0,0.0
module_6,0.0,95.86,4.14,0.0
module_6,0.0,100,0.0,0.0
module_6,0.0,19.07,80.93,0.0
module_6,0.0,10.93,89.07,0.0
module_6,0.0,13.15,86.85,0.0
module_6,0.0,28.49,71.51,0.0
module_6,0.0,34.03,65.97,0.0
module_6,0.0,30.47,69.53,0.0
module_6,0.0,30.74,69.26,0.0
module_6,0.0,30.27,69.73,0.0
module_6,0.0,30.16,69.84,0.0
module_6,0.0,31.15,68.85,0.0
module_6,0.0,23.89,76.11,0.0
module_6,0.0,22.22,77.78,0.0
module_6,0.0,32.88,67.12,0.0
module_6,0.0,36.27,63.73,0.0
module_6,0.0,65.75,34.25,0.0
module_6,0.0,82.3,17.7,0.0
module_6,0.0,100,0.0,0.0
module_6,0.0,99.04,0.96,0.0
module_6,0.0,100,0.0,0.0
module_6,0.0,99.75,0.25,0.0
module_6,0.0,100,0.0,0.0
module_6,0.0,100,0.0,0.0
module_6,0.0,100,0.0,0.0
module_6,0.0,100,0.0,0.0
module_6,0.0,45.21,54.79,0.0
module_6,0.0,72.38,27.62,0.0
module_6,0.0,10.3,89.7,0.0
module_6,0.0,14.03,85.97,0.0
module_6,0.0,11.42,88.58,0.0
module_6,0.0,10.55,89.45,0.0
module_6,0.0,9.75,89.56,0.68
module_6,0.0,9.7,87.37,2.93
module_6,0.0,11.01,88.16,0.82
module_6,0.0,10.33,89.67,0.0
module_6,0.0,63.78,36.22,0.0
module_6,0.0,19.01,80.99,0.0
module_6,0.0,98.82,1.18,0.0
module_6,0.0,100,0.0,0.0
module_6,0.0,100,0.0,0.0
module_6,0.0,10.77,89.23,0.0
module_6,0.0,100,0.0,0.0
module_6,0.0,10.36,89.64,0.0
module_6,0.0,100,0.0,0.0
module_6,0.0,31.92,68.08,0.0
module_6,0.0,100,0.0,0.0
module_6,0.0,100,0.0,0.0
module_6,0.0,100,0.0,0.0
module_6,0.0,100,0.0,0.0
module_6,0.0,100,0.0,0.0
module_6,0.0,100,0.0,0.0
module_6,0.0,100,0.0,0.0
module_6,0.0,100,0.0,0.0
module_6,0.0,100,0.0,0.0
module_6,0.0,100,0.0,0.0
module_6,0.0,100,0.0,0.0
module_6,0.0,100,0.0,0.0
module_6,0.0,100,0.0,0.0
module_6,0.0,100,0.0,0.0
module_6,0.0,100,0.0,0.0
module_6,0.0,100,0.0,0.0
module_6,0.0,100,0.0,0.0
module_6,0.0,100,0.0,0.0
module_6,0.0,100,0.0,0.0
module_6,0.0,100,0.0,0.0
module_6,0.0,9.95,79.21,10.85
module_6,0.0,9.7,58.66,31.64
module_6,0.0,9.7,46.03,44.27
module_6,0.0,9.7,42.6,47.7
module_6,0.0,9.7,45.95,44.36
module_6,0.0,9.78,56.11,34.11
module_6,0.0,10.05,78.38,11.56
module_6,0.0,9.84,68.16,22.0
module_6,0.0,9.75,59.12,31.12
module_6,0.0,9.73,54.27,36.0
module_6,0.0,9.78,53.37,36.85
module_6,0.0,9.78,56.44,33.78
module_6,0.0,10.14,81.12,8.74
module_6,0.0,10.03,73.89,16.08
module_6,0.0,9.92,67.45,22.63
module_6,0.0,9.89,62.93,27.18
module_6,0.0,9.81,60.14,30.05
module_6,0.0,9.78,59.32,30.9
module_6,0.0,10.22,81.95,7.84
module_6,0.0,10.14,77.01,12.85
module_6,0.0,10.08,71.48,18.44
module_6,0.0,10.0,68.08,21.92
module_6,0.0,9.92,65.29,24.79
module_6,0.0,9.78,62.88,27.34
module_6,0.0,9.62,33.86,56.52
module_6,0.0,10.16,87.37,2.47
module_6,0.0,10.14,84.77,5.1
module_6,0.0,9.62,29.18,61.21
module_6,0.0,10.0,67.67,22.33
module_6,0.0,9.7,42.68,47.62
module_6,0.0,10.19,85.18,4.63
module_6,0.0,10.11,73.34,16.55
module_6,0.0,9.92,68.19,21.89
module_6,0.0,10.05,70.55,19.4
module_6,0.0,10.14,78.6,11.26
module_6,0.0,10.14,76.38,13.48
module_6,0.0,10.08,73.62,16.3
module_6,0.0,9.95,71.29,18.77
module_6,0.0,9.78,68.55,21.67
module_6,0.0,10.19,82.16,7.64
module_6,0.0,10.14,79.56,10.3
module_6,0.0,10.08,77.75,12.16
module_6,0.0,9.95,74.36,15.7
module_6,0.0,9.89,73.42,16.68
module_6,0.0,10.44,84.52,5.04
module_6,0.0,10.25,82.9,6.85
module_6,0.0,10.08,79.62,10.3
module_6,0.0,9.86,75.48,14.66
module_6,0.0,9.7,71.07,19.23
module_6,0.0,10.55,85.73,3.73
module_6,0.0,10.36,85.12,4.52
module_6,0.0,10.11,81.97,7.92
module_6,0.0,9.78,77.29,12.93
module_6,0.0,9.64,55.12,35.23
module_6,0.0,10.71,86.63,2.66
module_6,0.0,10.52,85.26,4.22
module_6,0.0,10.14,83.15,6.71
module_6,0.0,9.97,81.59,8.44
module_6,0.0,9.89,79.29,10.82
module_6,0.0,42.03,57.97,0.0
module_6,0.0,39.15,60.85,0.0
module_6,0.0,43.53,56.47,0.0
module_6,0.0,64.27,35.73,0.0
module_6,0.0,34.77,65.23,0.0
module_6,0.0,31.62,68.38,0.0
module_6,0.0,33.53,66.47,0.0
module_6,0.0,50.14,49.86,0.0
module_6,0.0,30.11,69.89,0.0
module_6,0.0,26.22,73.78,0.0
module_6,0.0,26.44,73.56,0.0
module_6,0.0,39.92,60.08,0.0
module_6,0.0,28.33,71.67,0.0
module_6,0.0,23.78,76.22,0.0
module_6,0.0,23.84,76.16,0.0
module_6,0.0,36.14,63.86,0.0
module_6,0.0,31.75,68.25,0.0
module_6,0.0,26.96,73.04,0.0
module_6,0.0,27.51,72.49,0.0
module_6,0.0,42.41,57.59,0.0
module_6,0.0,11.92,88.08,0.0
module_6,0.0,11.37,88.63,0.0
module_6,0.0,10.58,89.42,0.0
module_6,0.0,10.14,89.86,0.0
module_6,0.0,10.25,89.75,0.0
module_6,0.0,11.64,88.36,0.0
module_6,0.0,10.82,89.18,0.0
module_6,0.0,10.22,89.78,0.0
module_6,0.0,9.78,90.16,0.05
module_6,0.0,9.64,62.49,27.86
module_6,0.0,11.51,88.49,0.0
module_6,0.0,10.79,89.21,0.0
module_6,0.0,10.16,89.84,0.0
module_6,0.0,9.7,89.7,0.6
module_6,0.0,9.62,49.29,41.1
module_6,0.0,11.67,88.33,0.0
module_6,0.0,10.93,89.07,0.0
module_6,0.0,10.3,89.7,0.0
module_6,0.0,9.86,90.14,0.0
module_6,0.0,9.7,77.89,12.41
module_6,0.0,12.27,87.73,0.0
module_6,0.0,11.42,88.58,0.0
module_6,0.0,10.63,89.37,0.0
module_6,0.0,10.25,89.75,0.0
module_6,0.0,10.88,88.3,0.82
module_6,0.0,10.0,89.29,0.71
module_6,0.0,9.7,57.59,32.71
module_6,0.0,9.7,43.62,46.68
module_6,0.0,9.7,39.78,50.52
module_6,0.0,9.7,41.59,48.71
module_6,0.0,9.7,54.44,35.86
module_6,0.0,10.11,87.01,2.88
module_6,0.0,9.84,71.29,18.88
module_6,0.0,9.73,59.01,31.26
module_6,0.0,9.7,52.08,38.22
module_6,0.0,9.7,49.86,40.44
module_6,0.0,9.7,51.75,38.55
module_6,0.0,10.14,88.05,1.81
module_6,0.0,10.08,79.26,10.66
module_6,0.0,9.92,69.75,20.33
module_6,0.0,9.81,63.07,27.12
module_6,0.0,9.78,57.95,32.27
module_6,0.0,9.7,54.88,35.42
module_6,0.0,10.47,87.84,1.7
module_6,0.0,10.14,83.26,6.6
module_6,0.0,10.11,76.71,13.18
module_6,0.0,10.0,70.85,19.15
module_6,0.0,9.86,64.85,25.29
module_6,0.0,9.7,59.32,30.99
module_6,0.0,10.68,87.62,1.7
module_6,0.0,10.49,84.3,5.21
module_6,0.0,10.19,80.79,9.01
module_6,0.0,10.11,76.44,13.45
module_6,0.0,9.95,72.52,17.53
module_6,0.0,9.78,65.92,24.3
module_6,0.0,10.9,87.67,1.42
module_6,0.0,10.66,85.37,3.97
module_6,0.0,10.47,82.88,6.66
module_6,0.0,10.14,81.01,8.85
module_6,0.0,10.05,77.67,12.27
module_6,0.0,9.78,73.62,16.6
module_6,0.0,11.26,87.64,1.1
module_6,0.0,10.96,86.52,2.52
module_6,0.0,10.58,85.42,4.0
module_6,0.0,10.36,83.21,6.44
module_6,0.0,10.11,82.52,7.37
module_6,0.0,9.95,81.18,8.88
module_6,0.0,11.59,87.89,0.52
module_6,0.0,11.26,87.1,1.64
module_6,0.0,10.88,86.41,2.71
module_6,0.0,10.58,86.08,3.34
module_6,0.0,10.25,85.32,4.44
module_6,0.0,10.11,86.0,3.89
module_6,0.0,12.08,87.73,0.19
module_6,0.0,11.75,87.42,0.82
module_6,0.0,11.32,86.44,2.25
module_6,0.0,10.88,86.96,2.16
module_6,0.0,10.58,87.1,2.33
module_6,0.0,10.55,87.73,1.73
module_6,0.0,12.74,87.26,0.0
module_6,0.0,12.22,87.59,0.19
module_6,0.0,11.75,86.9,1.34
module_6,0.0,11.26,87.51,1.23
module_6,0.0,10.68,88.11,1.21
module_6,0.0,10.44,88.68,0.88
module_6,0.0,13.21,86.79,0.0
module_6,0.0,12.82,87.18,0.0
module_6,0.0,12.19,87.53,0.27
module_6,0.0,11.42,88.19,0.38
module_6,0.0,10.63,88.9,0.47
module_6,0.0,10.03,89.59,0.38
module_6,0.0,13.92,86.08,0.0
module_6,0.0,13.34,86.66,0.0
module_6,0.0,12.79,87.18,0.03
module_6,0.0,11.67,88.22,0.11
module_6,0.0,10.6,89.32,0.08
module_6,0.0,9.92,90.03,0.05
module_6,0.0,14.68,85.32,0.0
module_6,0.0,14.16,85.84,0.0
module_6,0.0,13.21,86.79,0.0
module_6,0.0,11.95,88.05,0.0
module_6,0.0,10.66,89.34,0.0
module_6,0.0,10.0,90.0,0.0
module_6,0.0,14.99,85.01,0.0
module_6,0.0,14.74,85.26,0.0
module_6,0.0,13.53,86.47,0.0
module_6,0.0,12.41,87.59,0.0
module_6,0.0,11.18,88.82,0.0
module_6,0.0,10.19,89.81,0.0
module_6,0.0,16.0,84.0,0.0
module_6,0.0,15.15,84.85,0.0
module_6,0.0,14.27,85.73,0.0
module_6,0.0,12.88,87.12,0.0
module_6,0.0,11.78,88.22,0.0
module_6,0.0,11.04,88.96,0.0
module_6,0.0,16.6,83.4,0.0
module_6,0.0,15.81,84.19,0.0
module_6,0.0,14.71,85.29,0.0
module_6,0.0,13.23,86.77,0.0
module_6,0.0,11.86,88.14,0.0
module_6,0.0,11.53,88.47,0.0
module_6,0.0,17.1,82.9,0.0
module_6,0.0,16.3,83.7,0.0
module_6,0.0,15.04,84.96,0.0
module_6,0.0,13.07,86.93,0.0
module_6,0.0,11.48,88.52,0.0
module_6,0.0,10.47,89.53,0.0
module_6,0.0,18.36,81.64,0.0
module_6,0.0,17.12,82.88,0.0
module_6,0.0,15.56,84.44,0.0
module_6,0.0,13.29,86.71,0.0
module_6,0.0,11.07,88.93,0.0
module_6,0.0,10.05,89.95,0.0
module_6,0.0,20.14,79.86,0.0
module_6,0.0,18.96,81.04,0.0
module_6,0.0,16.68,83.32,0.0
module_6,0.0,13.78,86.22,0.0
module_6,0.0,11.4,88.6,0.0
module_6,0.0,10.19,89.81,0.0
module_6,0.0,22.9,77.1,0.0
module_6,0.0,22.03,77.97,0.0
module_6,0.0,33.07,66.93,0.0
module_6,0.0,34.0,66.0,0.0
module_6,0.0,39.62,60.38,0.0
module_6,0.0,41.42,58.58,0.0
module_6,0.0,45.12,54.88,0.0
module_6,0.0,48.68,51.32,0.0
module_6,0.0,48.96,51.04,0.0
module_6,0.0,51.7,48.3,0.0
module_6,0.0,10.41,89.59,0.0
module_6,0.0,10.3,89.7,0.0
module_6,0.0,10.36,89.64,0.0
module_6,0.0,9.62,31.04,59.34
module_6,0.0,10.55,89.45,0.0
module_6,0.0,10.66,89.07,0.27
module_6,0.0,11.21,88.79,0.0
module_6,0.0,10.9,88.99,0.11
module_6,0.0,11.97,88.03,0.0
module_6,0.0,13.12,86.88,0.0
module_6,0.0,12.68,87.32,0.0
module_6,0.0,11.59,88.41,0.0
module_6,0.0,13.64,86.36,0.0
module_6,0.0,9.62,26.88,63.51
module_6,0.0,9.7,42.3,48.0
module_6,0.0,9.92,86.25,3.84
module_6,0.0,15.07,84.93,0.0
module_6,0.0,15.92,84.08,0.0
module_6,0.0,17.21,82.79,0.0
module_6,0.0,20.36,79.64,0.0
module_6,0.0,18.55,81.45,0.0
module_6,0.0,16.66,83.34,0.0
module_6,0.0,14.27,85.73,0.0
module_6,0.0,22.22,77.78,0.0
module_6,0.0,28.47,71.53,0.0
module_6,0.0,39.04,60.96,0.0
module_6,0.0,43.86,56.14,0.0
module_6,0.0,48.0,52.0,0.0
module_6,0.0,49.53,50.47,0.0
module_6,0.0,13.73,86.27,0.0
module_6,0.0,49.23,50.77,0.0
module_6,0.0,39.67,60.33,0.0
module_6,0.0,56.77,43.23,0.0
module_6,0.0,52.66,47.34,0.0
module_6,0.0,11.95,88.03,0.03
module_6,0.0,100,0.0,0.0
module_6,0.0,100,0.0,0.0
module_6,0.0,100,0.0,0.0
module_6,0.0,100,0.0,0.0
module_6,0.0,100,0.0,0.0
module_6,0.0,100,0.0,0.0
module_6,0.0,100,0.0,0.0
module_6,0.0,100,0.0,0.0
module_6,0.0,100,0.0,0.0
module_6,0.0,68.47,31.53,0.0
module_6,0.0,31.34,68.66,0.0
module_6,0.0,29.59,70.41,0.0
module_6,0.0,23.97,76.03,0.0
module_6,0.0,18.74,81.26,0.0
module_6,0.0,14.6,85.4,0.0
module_6,0.0,11.18,88.82,0.0
module_6,0.0,10.0,90.0,0.0
module_6,0.0,29.7,70.3,0.0
module_6,0.0,24.6,75.4,0.0
module_6,0.0,19.45,80.55,0.0
module_6,0.0,14.68,85.32,0.0
module_6,0.0,11.45,88.55,0.0
module_6,0.0,10.14,89.86,0.0
module_6,0.0,31.53,68.47,0.0
module_6,0.0,28.14,71.86,0.0
module_6,0.0,51.62,48.38,0.0
module_6,0.0,58.33,41.67,0.0
module_6,0.0,83.01,16.99,0.0
module_6,0.0,85.67,14.33,0.0
module_6,0.0,99.89,0.11,0.0
module_6,0.0,99.56,0.44,0.0
module_6,0.0,100,0.0,0.0
module_6,0.0,100,0.0,0.0
module_6,0.0,100,0.0,0.0
module_6,0.0,100,0.0,0.0
module_6,0.0,100,0.0,0.0
module_6,0.0,100,0.0,0.0
module_6,0.0,100,0.0,0.0
module_6,0.0,100,0.0,0.0
module_6,0.0,100,0.0,0.0
module_6,0.0,100,0.0,0.0
module_6,0.0,100,0.0,0.0
module_6,0.0,88.82,11.18,0.0
module_6,0.0,16.71,83.29,0.0
module_6,0.0,11.48,88.52,0.0
module_6,0.0,14.55,85.45,0.0
module_6,0.0,100,0.0,0.0
module_6,0.0,10.3,89.7,0.0
module_6,0.0,15.32,84.68,0.0
module_6,0.0,12.3,87.7,0.0
module_6,0.0,9.64,77.48,12.88
module_6,0.0,9.62,51.07,39.32
module_6,0.0,87.53,12.47,0.0
module_6,0.0,100,0.0,0.0
module_6,0.0,100,0.0,0.0
module_6,0.0,100,0.0,0.0
module_6,0.0,100,0.0,0.0
module_6,0.0,100,0.0,0.0
module_6,0.0,100,0.0,0.0
module_6,0.0,100,0.0,0.0
module_6,0.0,100,0.0,0.0
module_6,0.0,100,0.0,0.0
module_6,0.0,100,0.0,0.0
module_6,0.0,100,0.0,0.0
module_6,0.0,100,0.0,0.0
module_6,0.0,100,0.0,0.0
module_6,0.0,100,0.0,0.0
module_6,0.0,100,0.0,0.0
module_6,0.0,100,0.0,0.0
module_6,0.0,100,0.0,0.0
module_6,0.0,100,0.0,0.0
module_6,0.0,100,0.0,0.0
module_6,0.0,100,0.0,0.0
module_6,0.0,100,0.0,0.0
module_6,0.0,100,0.0,0.0
module_6,45.0,100,0.0,0.0
module_6,45.0,100,0.0,0.0
module_6,45.0,100,0.0,0.0
module_6,45.0,100,0.0,0.0
module_6,45.0,100,0.0,0.0
module_6,45.0,100,0.0,0.0
module_6,45.0,100,0.0,0.0
module_6,45.0,100,0.0,0.0
module_6,45.0,99.59,0.41,0.0
module_6,45.0,81.21,18.79,0.0
module_6,45.0,32.6,67.4,0.0
module_6,45.0,30.79,69.21,0.0
module_6,45.0,23.75,76.25,0.0
module_6,45.0,18.11,81.89,0.0
module_6,45.0,13.59,86.41,0.0
module_6,45.0,10.88,89.12,0.0
module_6,45.0,9.84,85.4,4.77
module_6,45.0,30.55,69.45,0.0
module_6,45.0,24.66,75.34,0.0
module_6,45.0,18.08,81.92,0.0
module_6,45.0,13.86,86.14,0.0
module_6,45.0,10.74,87.4,1.86
module_6,45.0,10.05,78.85,11.1
module_6,45.0,32.25,67.75,0.0
module_6,45.0,28.16,71.84,0.0
module_6,45.0,47.89,52.11,0.0
module_6,45.0,72.41,27.59,0.0
module_6,45.0,86.25,13.75,0.0
module_6,45.0,96.52,3.48,0.0
module_6,45.0,98.11,1.89,0.0
module_6,45.0,99.07,0.93,0.0
module_6,45.0,99.7,0.3,0.0
module_6,45.0,99.89,0.11,0.0
module_6,45.0,100,0.0,0.0
module_6,45.0,100,0.0,0.0
module_6,45.0,100,0.0,0.0
module_6,45.0,100,0.0,0.0
module_6,45.0,100,0.0,0.0
module_6,45.0,100,0.0,0.0
module_6,45.0,100,0.0,0.0
module_6,45.0,100,0.0,0.0
module_6,45.0,100,0.0,0.0
module_6,45.0,100,0.0,0.0
module_6,45.0,100,0.0,0.0
module_6,45.0,100,0.0,0.0
module_6,45.0,98.41,1.59,0.0
module_6,45.0,100,0.0,0.0
module_6,45.0,69.01,30.99,0.0
module_6,45.0,100,0.0,0.0
module_6,45.0,100,0.0,0.0
module_6,45.0,100,0.0,0.0
module_6,45.0,100,0.0,0.0
module_6,45.0,100,0.0,0.0
module_6,45.0,100,0.0,0.0
module_6,45.0,100,0.0,0.0
module_6,45.0,100,0.0,0.0
module_6,45.0,100,0.0,0.0
module_6,45.0,100,0.0,0.0
module_6,45.0,100,0.0,0.0
module_6,45.0,100,0.0,0.0
module_6,45.0,100,0.0,0.0
module_6,45.0,100,0.0,0.0
module_6,45.0,100,0.0,0.0
module_6,45.0,96.77,3.23,0.0
module_6,45.0,98.11,1.89,0.0
module_6,45.0,30.55,69.45,0.0
module_6,45.0,99.86,0.14,0.0
module_6,45.0,100,0.0,0.0
module_6,45.0,10.41,89.59,0.0
module_6,45.0,10.74,89.26,0.0
module_6,45.0,11.12,88.88,0.0
module_6,45.0,14.0,86.0,0.0
module_6,45.0,20.47,79.53,0.0
module_6,45.0,100,0.0,0.0
module_6,45.0,38.55,61.45,0.0
module_6,45.0,33.62,66.38,0.0
module_6,45.0,33.92,66.08,0.0
module_6,45.0,34.77,65.23,0.0
module_6,45.0,39.18,60.82,0.0
module_6,45.0,25.75,74.25,0.0
module_6,45.0,73.45,26.55,0.0
module_6,45.0,17.81,82.19,0.0
module_6,45.0,93.67,6.33,0.0
module_6,45.0,98.93,1.07,0.0
module_6,45.0,100,0.0,0.0
module_6,45.0,100,0.0,0.0
module_6,45.0,97.45,2.55,0.0
module_6,45.0,100,0.0,0.0
module_6,45.0,100,0.0,0.0
module_6,45.0,100,0.0,0.0
module_6,45.0,100,0.0,0.0
module_6,45.0,15.23,84.77,0.0
module_6,45.0,14.3,85.29,0.41
module_6,45.0,15.51,84.38,0.11
module_6,45.0,100,0.0,0.0
module_6,45.0,11.37,85.92,2.71
module_6,45.0,22.58,77.42,0.0
module_6,45.0,9.7,67.15,23.15
module_6,45.0,9.78,90.11,0.11
module_6,45.0,10.38,89.62,0.0
module_6,45.0,11.62,74.63,13.75
module_6,45.0,9.7,69.95,20.36
module_6,45.0,10.47,80.22,9.32
module_6,45.0,12.52,85.84,1.64
module_6,45.0,11.73,88.27,0.0
module_6,45.0,100,0.0,0.0
module_6,45.0,99.59,0.41,0.0
module_6,45.0,100,0.0,0.0
module_6,45.0,100,0.0,0.0
module_6,45.0,100,0.0,0.0
module_6,45.0,100,0.0,0.0
module_6,45.0,100,0.0,0.0
module_6,45.0,100,0.0,0.0
module_6,45.0,10.66,75.48,13.86
module_6,45.0,10.88,83.53,5.59
module_6,45.0,100,0.0,0.0
module_6,45.0,100,0.0,0.0
module_6,45.0,100,0.0,0.0
module_6,45.0,100,0.0,0.0
module_6,45.0,9.62,31.92,58.47
module_6,45.0,9.62,29.81,60.58
module_6,45.0,9.62,28.3,62.08
module_6,45.0,9.62,31.67,58.71
module_6,45.0,9.7,30.38,59.92
module_6,45.0,9.7,32.41,57.89
module_6,45.0,9.7,34.9,55.4
module_6,45.0,9.7,40.41,49.89
module_6,45.0,9.7,28.58,61.73
module_6,45.0,9.7,35.86,54.44
module_6,45.0,9.7,43.32,46.99
module_6,45.0,9.75,46.58,43.67
module_6,45.0,9.7,31.73,58.58
module_6,45.0,9.7,39.97,50.33
module_6,45.0,9.86,49.95,40.19
module_6,45.0,9.89,53.4,36.71
module_6,45.0,9.7,44.82,45.48
module_6,45.0,9.78,48.38,41.84
module_6,45.0,10.0,58.33,31.67
module_6,45.0,10.11,60.55,29.34
module_6,45.0,9.97,66.71,23.32
module_6,45.0,10.11,65.45,24.44
module_6,45.0,10.14,67.75,22.11
module_6,45.0,10.27,70.22,19.51
module_6,45.0,9.64,47.48,42.88
module_6,45.0,9.62,24.85,65.53
module_6,45.0,9.62,29.01,61.37
module_6,45.0,9.62,28.11,62.27
module_6,45.0,9.7,60.47,29.84
module_6,45.0,9.62,18.08,72.3
module_6,45.0,9.78,59.95,30.27
module_6,45.0,9.7,30.68,59.62
module_6,45.0,9.62,25.92,64.47
module_6,45.0,9.7,50.77,39.53
module_6,45.0,9.62,25.1,65.29
module_6,45.0,9.62,24.85,65.53
module_6,45.0,9.62,26.11,64.27
module_6,45.0,9.62,24.96,65.42
module_6,45.0,9.62,26.08,64.3
module_6,45.0,9.62,33.07,57.32
module_6,45.0,9.7,42.41,47.89
module_6,45.0,9.7,39.95,50.36
module_6,45.0,9.78,48.77,41.45
module_6,45.0,9.78,50.77,39.45
module_6,45.0,9.62,28.96,61.42
module_6,45.0,9.62,20.68,69.7
module_6,45.0,9.62,19.53,70.85
module_6,45.0,9.64,26.96,63.4
module_6,45.0,9.62,25.1,65.29
module_6,45.0,9.62,26.74,63.64
module_6,45.0,9.62,24.68,65.7
module_6,45.0,11.15,88.85,0.0
module_6,45.0,11.07,88.82,0.11
module_6,45.0,10.3,81.59,8.11
module_6,45.0,10.14,73.53,16.33
module_6,45.0,9.86,67.7,22.44
module_6,45.0,10.0,58.08,31.92
module_6,45.0,10.11,62.36,27.53
module_6,45.0,10.14,63.81,26.05
module_6,45.0,10.27,67.92,21.81
module_6,45.0,9.97,57.07,32.96
module_6,45.0,10.27,72.3,17.42
module_6,45.0,10.36,72.49,17.15
module_6,45.0,10.49,74.38,15.12
module_6,45.0,10.47,74.74,14.79
module_6,45.0,10.74,77.86,11.4
module_6,45.0,10.47,76.14,13.4
module_6,45.0,10.27,73.01,16.71
module_6,45.0,10.14,69.1,20.77
module_6,45.0,10.11,64.38,25.51
module_6,45.0,10.52,75.56,13.92
module_6,45.0,10.38,74.33,15.29
module_6,45.0,10.14,70.11,19.75
module_6,45.0,10.11,64.38,25.51
module_6,45.0,9.89,56.88,33.23
module_6,45.0,10.16,71.73,18.11
module_6,45.0,10.03,66.3,23.67
module_6,45.0,9.89,60.77,29.34
module_6,45.0,9.78,54.68,35.53
module_6,45.0,9.78,50.68,39.53
module_6,45.0,9.84,61.59,28.58
module_6,45.0,9.78,61.01,29.21
module_6,45.0,9.73,54.47,35.81
module_6,45.0,9.7,46.77,43.53
module_6,45.0,9.7,39.48,50.82
module_6,45.0,9.7,54.88,35.42
module_6,45.0,9.7,48.27,42.03
module_6,45.0,9.67,43.34,46.99
module_6,45.0,9.62,29.56,60.82
module_6,45.0,9.62,29.37,61.01
module_6,45.0,9.78,64.6,25.62
module_6,45.0,9.64,34.38,55.97
module_6,45.0,9.62,28.99,61.4
module_6,45.0,9.62,28.22,62.16
module_6,45.0,9.64,34.63,55.73
module_6,45.0,9.62,35.92,54.47
module_6,45.0,9.97,66.9,23.12
module_6,45.0,9.7,49.34,40.96
module_6,45.0,9.7,39.37,50.93
module_6,45.0,9.7,34.85,55.45
module_6,45.0,9.64,34.3,56.05
module_6,45.0,9.62,30.93,59.45
module_6,45.0,10.11,68.85,21.04
module_6,45.0,9.89,58.14,31.97
module_6,45.0,9.78,52.96,37.26
module_6,45.0,9.7,43.78,46.52
module_6,45.0,9.7,37.75,52.55
module_6,45.0,9.62,32.36,58.03
module_6,45.0,10.27,69.97,19.75
module_6,45.0,10.11,62.96,26.93
module_6,45.0,9.89,60.79,29.32
module_6,45.0,9.7,51.81,38.49
module_6,45.0,9.7,42.52,47.78
module_6,45.0,9.62,34.99,55.4
module_6,45.0,10.52,74.99,14.49
module_6,45.0,10.16,70.63,19.21
module_6,45.0,10.08,66.6,23.32
module_6,45.0,9.78,57.64,32.58
module_6,45.0,9.7,48.22,42.08
module_6,45.0,9.62,38.44,51.95
module_6,45.0,10.82,77.81,11.37
module_6,45.0,10.38,73.59,16.03
module_6,45.0,10.14,71.26,18.6
module_6,45.0,9.86,63.21,26.93
module_6,45.0,9.7,54.05,36.25
module_6,45.0,9.64,43.97,46.38
module_6,45.0,11.12,81.34,7.53
module_6,45.0,10.66,77.1,12.25
module_6,45.0,10.33,75.01,14.66
module_6,45.0,10.0,68.19,21.81
module_6,45.0,9.73,60.38,29.89
module_6,45.0,9.7,51.07,39.23
module_6,45.0,11.51,82.74,5.75
module_6,45.0,10.99,80.08,8.93
module_6,45.0,10.55,77.56,11.89
module_6,45.0,10.11,72.93,16.96
module_6,45.0,9.86,66.55,23.59
module_6,45.0,9.75,61.42,28.82
module_6,45.0,12.03,82.9,5.07
module_6,45.0,11.23,80.66,8.11
module_6,45.0,10.85,78.79,10.36
module_6,45.0,10.3,75.56,14.14
module_6,45.0,10.11,70.66,19.23
module_6,45.0,10.16,69.42,20.41
module_6,45.0,12.58,82.9,4.52
module_6,45.0,11.86,80.93,7.21
module_6,45.0,11.32,79.15,9.53
module_6,45.0,10.74,77.78,11.48
module_6,45.0,10.44,74.19,15.37
module_6,45.0,10.49,75.75,13.75
module_6,45.0,12.99,82.82,4.19
module_6,45.0,12.58,81.1,6.33
module_6,45.0,12.19,79.34,8.47
module_6,45.0,11.23,78.44,10.33
module_6,45.0,10.79,75.62,13.59
module_6,45.0,10.58,80.38,9.04
module_6,45.0,13.95,82.68,3.37
module_6,45.0,13.73,80.68,5.59
module_6,45.0,13.42,79.04,7.53
module_6,45.0,12.19,79.42,8.38
module_6,45.0,11.48,81.04,7.48
module_6,45.0,10.27,79.92,9.81
module_6,45.0,14.93,81.48,3.59
module_6,45.0,14.74,81.15,4.11
module_6,45.0,14.6,79.89,5.51
module_6,45.0,13.26,81.42,5.32
module_6,45.0,12.03,80.6,7.37
module_6,45.0,10.25,77.53,12.22
module_6,45.0,16.16,80.93,2.9
module_6,45.0,15.89,80.6,3.51
module_6,45.0,15.84,81.01,3.15
module_6,45.0,14.44,81.45,4.11
module_6,45.0,13.32,80.47,6.22
module_6,45.0,10.74,78.41,10.85
module_6,45.0,17.51,80.58,1.92
module_6,45.0,17.07,80.93,2.0
module_6,45.0,16.44,82.25,1.32
module_6,45.0,15.62,81.29,3.1
module_6,45.0,14.27,80.38,5.34
module_6,45.0,13.15,77.4,9.45
module_6,45.0,18.82,80.08,1.1
module_6,45.0,17.73,81.34,0.93
module_6,45.0,16.41,82.66,0.93
module_6,45.0,14.82,82.74,2.44
module_6,45.0,12.68,82.71,4.6
module_6,45.0,12.33,78.9,8.77
module_6,45.0,19.64,79.97,0.38
module_6,45.0,18.3,81.34,0.36
module_6,45.0,16.14,83.26,0.6
module_6,45.0,13.73,84.33,1.95
module_6,45.0,11.26,84.93,3.81
module_6,45.0,10.82,85.34,3.84
module_6,45.0,20.33,79.62,0.05
module_6,45.0,18.66,81.15,0.19
module_6,45.0,15.95,83.7,0.36
module_6,45.0,13.07,85.21,1.73
module_6,45.0,10.79,87.86,1.34
module_6,45.0,9.95,88.36,1.7
module_6,45.0,21.56,78.41,0.03
module_6,45.0,19.67,80.33,0.0
module_6,45.0,16.27,83.59,0.14
module_6,45.0,12.77,86.52,0.71
module_6,45.0,10.88,85.59,3.53
module_6,45.0,9.95,80.11,9.95
module_6,45.0,22.82,77.18,0.0
module_6,45.0,21.23,78.77,0.0
module_6,45.0,30.11,69.89,0.0
module_6,45.0,36.96,63.04,0.0
module_6,45.0,39.59,60.41,0.0
module_6,45.0,48.77,51.23,0.0
module_6,45.0,45.18,54.82,0.0
module_6,45.0,57.21,42.79,0.0
module_6,45.0,50.82,49.18,0.0
module_6,45.0,60.77,39.23,0.0
module_6,45.0,11.01,88.99,0.0
module_6,45.0,10.33,85.12,4.55
module_6,45.0,10.3,84.55,5.15
module_6,45.0,11.26,88.74,0.0
module_6,45.0,10.27,78.74,10.99
module_6,45.0,10.36,77.29,12.36
module_6,45.0,10.16,78.33,11.51
module_6,45.0,10.49,77.42,12.08
module_6,45.0,9.62,25.32,65.07
module_6,45.0,9.95,77.23,12.82
module_6,45.0,9.62,18.68,71.7
module_6,45.0,10.27,76.93,12.79
module_6,45.0,10.44,75.53,14.03
module_6,45.0,10.66,76.47,12.88
module_6,45.0,10.96,79.45,9.59
module_6,45.0,11.23,82.16,6.6
module_6,45.0,11.73,82.68,5.59
module_6,45.0,12.44,82.99,4.58
module_6,45.0,13.95,82.49,3.56
module_6,45.0,12.08,83.21,4.71
module_6,45.0,13.15,82.88,3.97
module_6,45.0,10.9,78.19,10.9
module_6,45.0,11.51,82.66,5.84
module_6,45.0,11.15,81.42,7.42
module_6,45.0,12.47,83.29,4.25
module_6,45.0,13.89,82.55,3.56
module_6,45.0,12.9,83.15,3.95
module_6,45.0,12.05,83.15,4.79
module_6,45.0,14.49,82.14,3.37
module_6,45.0,10.74,77.59,11.67
module_6,45.0,9.62,17.4,72.99
module_6,45.0,9.62,24.58,65.81
module_6,45.0,9.73,72.93,17.34
module_6,45.0,9.62,19.78,70.6
module_6,45.0,9.62,31.26,59.12
module_6,45.0,9.7,60.11,30.19
module_6,45.0,9.62,32.66,57.73
module_6,45.0,9.62,28.9,61.48
module_6,45.0,9.64,60.36,30.0
module_6,45.0,9.62,30.41,59.97
module_6,45.0,9.62,28.77,61.62
module_6,45.0,9.62,37.56,52.82
module_6,45.0,9.7,57.4,32.9
module_6,45.0,9.62,42.88,47.51
module_6,45.0,11.32,81.7,6.99
module_6,45.0,10.03,78.71,11.26
module_6,45.0,10.3,86.33,3.37
module_6,45.0,10.9,72.63,16.47
module_6,45.0,9.62,32.68,57.7
module_6,45.0,10.36,80.99,8.66
module_6,45.0,15.62,81.51,2.88
module_6,45.0,17.64,80.58,1.78
module_6,45.0,16.66,80.99,2.36
module_6,45.0,19.01,79.84,1.15
module_6,45.0,21.21,78.79,0.0
module_6,45.0,19.97,79.37,0.66
module_6,45.0,22.25,77.64,0.11
module_6,45.0,16.03,81.48,2.49
module_6,45.0,18.66,79.92,1.42
module_6,45.0,17.37,80.66,1.97
module_6,45.0,20.63,79.23,0.14
module_6,45.0,21.59,78.41,0.0
module_6,45.0,19.56,79.73,0.71
module_6,45.0,23.26,76.74,0.0
module_6,45.0,34.68,65.32,0.0
module_6,45.0,28.88,71.12,0.0
module_6,45.0,38.99,61.01,0.0
module_6,45.0,24.03,75.89,0.08
module_6,45.0,43.23,56.77,0.0
module_6,45.0,40.11,59.89,0.0
module_6,45.0,44.79,55.21,0.0
module_6,45.0,41.7,58.3,0.0
module_6,45.0,57.07,42.93,0.0
module_6,45.0,45.7,54.3,0.0
module_6,45.0,44.88,55.12,0.0
module_6,45.0,48.3,51.7,0.0
module_6,45.0,45.53,54.47,0.0
module_6,45.0,53.37,46.63,0.0
module_6,45.0,39.78,60.22,0.0
module_6,45.0,10.3,76.41,13.29
module_6,45.0,16.33,79.21,4.47
module_6,45.0,13.04,76.16,10.79
module_6,45.0,12.99,85.34,1.67
module_6,45.0,11.15,84.41,4.44
module_6,45.0,10.96,88.71,0.33
module_6,45.0,20.88,79.12,0.0
module_6,45.0,9.62,55.37,35.01
module_6,45.0,9.78,75.84,14.38
module_6,45.0,100,0.0,0.0
module_6,45.0,100,0.0,0.0
module_6,45.0,67.1,32.9,0.0
module_6,45.0,67.1,32.9,0.0
module_6,45.0,100,0.0,0.0
module_6,45.0,100,0.0,0.0
module_6,45.0,68.08,31.92,0.0
module_6,45.0,100,0.0,0.0
module_6,45.0,64.96,35.04,0.0
module_6,45.0,100,0.0,0.0
module_6,45.0,10.66,82.05,7.29
module_6,45.0,10.88,82.55,6.58
module_6,45.0,100,0.0,0.0
module_6,45.0,100,0.0,0.0
module_6,45.0,11.81,81.01,7.18
module_6,45.0,100,0.0,0.0
module_6,45.0,19.64,80.36,0.0
module_6,45.0,15.15,81.67,3.18
module_6,45.0,36.55,63.45,0.0
module_6,45.0,23.23,76.77,0.0
module_6,45.0,23.48,76.52,0.0
module_6,45.0,29.37,70.63,0.0
module_6,45.0,34.05,65.95,0.0
module_6,45.0,22.49,77.51,0.0
module_6,45.0,23.15,76.85,0.0
module_6,45.0,26.6,73.4,0.0
module_6,45.0,37.89,62.11,0.0
module_6,45.0,24.96,75.04,0.0
module_6,45.0,26.27,73.73,0.0
module_6,45.0,30.47,69.53,0.0
module_6,45.0,50.93,49.07,0.0
module_6,45.0,32.71,67.29,0.0
module_6,45.0,31.45,68.55,0.0
module_6,45.0,32.79,67.21,0.0
module_6,45.0,58.71,41.29,0.0
module_6,45.0,41.78,58.22,0.0
module_6,45.0,38.63,61.37,0.0
module_6,45.0,39.64,60.36,0.0
module_6,45.0,12.58,87.42,0.0
module_6,45.0,9.7,70.77,19.53
module_6,45.0,9.62,52.82,37.56
module_6,45.0,9.7,64.93,25.37
module_6,45.0,14.96,76.9,8.14
module_6,45.0,10.36,89.64,0.0
module_6,45.0,9.89,89.64,0.47
module_6,45.0,9.7,75.29,15.01
module_6,45.0,10.05,77.4,12.55
module_6,45.0,10.71,76.93,12.36
module_6,45.0,11.04,88.96,0.0
module_6,45.0,10.6,89.4,0.0
module_6,45.0,10.52,88.3,1.18
module_6,45.0,10.82,84.49,4.68
module_6,45.0,11.12,80.38,8.49
module_6,45.0,12.47,87.53,0.0
module_6,45.0,11.37,88.63,0.0
module_6,45.0,11.75,88.25,0.0
module_6,45.0,12.47,86.36,1.18
module_6,45.0,13.56,83.92,2.52
module_6,45.0,13.89,86.11,0.0
module_6,45.0,13.42,86.58,0.0
module_6,45.0,13.4,86.6,0.0
module_6,45.0,13.7,86.14,0.16
module_6,45.0,15.48,83.97,0.55
module_6,45.0,100,0.0,0.0
module_6,45.0,100,0.0,0.0
module_6,45.0,100,0.0,0.0
module_6,45.0,100,0.0,0.0
module_6,45.0,100,0.0,0.0
module_6,45.0,100,0.0,0.0
module_6,45.0,100,0.0,0.0
module_6,45.0,100,0.0,0.0
module_6,45.0,100,0.0,0.0
module_6,45.0,100,0.0,0.0
module_6,45.0,100,0.0,0.0
module_6,45.0,100,0.0,0.0
module_6,45.0,100,0.0,0.0
module_6,45.0,100,0.0,0.0
module_6,45.0,100,0.0,0.0
module_6,45.0,100,0.0,0.0
module_6,45.0,100,0.0,0.0
module_6,45.0,100,0.0,0.0
module_6,45.0,100,0.0,0.0
module_6,45.0,100,0.0,0.0
module_6,45.0,100,0.0,0.0
module_6,45.0,100,0.0,0.0
module_6,45.0,100,0.0,0.0
module_6,45.0,100,0.0,0.0
module_6,45.0,100,0.0,0.0
module_6,45.0,100,0.0,0.0
module_6,45.0,100,0.0,0.0
module_6,45.0,100,0.0,0.0
module_6,45.0,99.84,0.16,0.0
module_6,45.0,94.03,5.97,0.0
module_6,45.0,37.32,62.68,0.0
module_6,45.0,33.12,66.88,0.0
module_6,45.0,25.92,74.08,0.0
module_6,45.0,19.56,80.44,0.0
module_6,45.0,15.21,84.79,0.0
module_6,45.0,11.34,88.66,0.0
module_6,45.0,10.14,89.59,0.27
module_6,45.0,32.25,67.75,0.0
module_6,45.0,26.05,73.95,0.0
module_6,45.0,20.47,79.53,0.0
module_6,45.0,15.04,84.96,0.0
module_6,45.0,11.45,87.1,1.45
module_6,45.0,10.14,83.56,6.3
module_6,45.0,34.9,65.1,0.0
module_6,45.0,28.93,71.07,0.0
module_6,45.0,57.59,42.41,0.0
module_6,45.0,62.19,37.81,0.0
module_6,45.0,92.99,7.01,0.0
module_6,45.0,89.53,10.47,0.0
module_6,45.0,99.37,0.63,0.0
module_6,45.0,98.88,1.12,0.0
module_6,45.0,100,0.0,0.0
module_6,45.0,100,0.0,0.0
module_6,45.0,100,0.0,0.0
module_6,45.0,100,0.0,0.0
module_6,45.0,100,0.0,0.0
module_6,45.0,100,0.0,0.0
module_6,45.0,100,0.0,0.0
module_6,45.0,100,0.0,0.0
module_6,45.0,100,0.0,0.0
module_6,45.0,99.78,0.22,0.0
module_6,45.0,100,0.0,0.0
module_6,45.0,92.93,7.07,0.0
module_6,45.0,36.85,63.15,0.0
module_6,45.0,34.05,65.95,0.0
module_6,45.0,33.78,66.22,0.0
module_6,45.0,35.4,64.6,0.0
module_6,45.0,50.49,49.51,0.0
module_6,45.0,84.79,15.21,0.0
module_6,45.0,77.97,22.03,0.0
module_6,45.0,98.58,1.42,0.0
module_6,45.0,99.92,0.08,0.0
module_6,45.0,98.05,1.95,0.0
module_6,45.0,9.62,48.22,42.16
module_6,45.0,100,0.0,0.0
module_6,45.0,100,0.0,0.0
module_6,45.0,9.7,36.27,54.03
module_6,45.0,9.62,29.12,61.26
module_6,45.0,9.62,29.97,60.41
module_6,45.0,9.62,29.37,61.01
module_6,45.0,9.7,32.33,57.97
module_6,45.0,9.7,32.68,57.62
module_6,45.0,9.7,35.67,54.63
module_6,45.0,9.7,36.71,53.59
module_6,45.0,9.62,25.56,64.82
module_6,45.0,9.7,34.47,55.84
module_6,45.0,9.7,38.88,51.42
module_6,45.0,9.78,47.1,43.12
module_6,45.0,9.64,29.67,60.68
module_6,45.0,9.7,39.1,51.21
module_6,45.0,9.78,44.55,45.67
module_6,45.0,9.95,53.59,36.47
module_6,45.0,9.7,34.6,55.7
module_6,45.0,9.78,50.27,39.95
module_6,45.0,9.89,53.04,37.07
module_6,45.0,10.11,61.7,28.19
module_6,45.0,9.78,58.93,31.29
module_6,45.0,9.92,60.66,29.42
module_6,45.0,10.11,63.81,26.08
module_6,45.0,10.14,66.03,23.84
module_6,45.0,10.22,81.4,8.38
module_6,45.0,10.19,75.51,14.3
module_6,45.0,10.38,71.64,17.97
module_6,45.0,10.27,73.84,15.89
module_6,45.0,10.9,78.58,10.52
module_6,45.0,10.6,77.48,11.92
module_6,45.0,10.38,74.55,15.07
module_6,45.0,10.14,69.92,19.95
module_6,45.0,10.11,64.19,25.7
module_6,45.0,10.47,73.86,15.67
module_6,45.0,10.27,73.7,16.03
module_6,45.0,10.14,70.16,19.7
module_6,45.0,10.11,64.22,25.67
module_6,45.0,10.03,60.47,29.51
module_6,45.0,10.14,68.85,21.01
module_6,45.0,10.14,70.19,19.67
module_6,45.0,10.03,64.85,25.12
module_6,45.0,9.89,59.18,30.93
module_6,45.0,9.73,49.04,41.23
module_6,45.0,10.0,64.47,25.53
module_6,45.0,9.73,58.9,31.37
module_6,45.0,9.7,52.22,38.08
module_6,45.0,9.7,44.71,45.59
module_6,45.0,9.64,37.62,52.74
module_6,45.0,10.03,61.62,28.36
module_6,45.0,9.62,37.51,52.88
module_6,45.0,9.7,49.04,41.26
module_6,45.0,9.62,35.48,54.9
module_6,45.0,9.62,27.95,62.44
module_6,45.0,10.0,75.4,14.6
module_6,45.0,9.7,46.82,43.48
module_6,45.0,9.7,33.86,56.44
module_6,45.0,9.62,25.53,64.85
module_6,45.0,9.64,31.53,58.82
module_6,45.0,9.64,40.9,49.45
module_6,45.0,10.03,70.68,19.29
module_6,45.0,9.78,57.01,33.21
module_6,45.0,9.7,45.84,44.47
module_6,45.0,9.7,39.45,50.85
module_6,45.0,9.7,36.16,54.14
module_6,45.0,9.62,32.66,57.73
module_6,45.0,10.14,71.12,18.74
module_6,45.0,10.03,63.84,26.14
module_6,45.0,9.78,52.38,37.84
module_6,45.0,9.7,48.74,41.56
module_6,45.0,9.7,41.23,49.07
module_6,45.0,9.62,33.64,56.74
module_6,45.0,10.27,72.27,17.45
module_6,45.0,10.14,68.05,21.81
module_6,45.0,9.95,60.74,29.32
module_6,45.0,9.78,55.62,34.6
module_6,45.0,9.7,48.05,42.25
module_6,45.0,9.62,36.77,53.62
module_6,45.0,10.49,75.59,13.92
module_6,45.0,10.36,72.58,17.07
module_6,45.0,10.11,66.77,23.12
module_6,45.0,9.89,62.25,27.86
module_6,45.0,9.7,53.64,36.66
module_6,45.0,9.64,40.41,49.95
module_6,45.0,10.79,77.12,12.08
module_6,45.0,10.58,76.25,13.18
module_6,45.0,10.14,71.81,18.05
module_6,45.0,10.0,67.29,22.71
module_6,45.0,9.73,59.78,30.49
module_6,45.0,9.7,46.05,44.25
module_6,45.0,11.1,81.23,7.67
module_6,45.0,10.9,80.16,8.93
module_6,45.0,10.38,75.21,14.41
module_6,45.0,10.11,71.12,18.77
module_6,45.0,9.86,65.67,24.47
module_6,45.0,9.7,52.58,37.73
module_6,45.0,11.51,82.47,6.03
module_6,45.0,11.23,81.4,7.37
module_6,45.0,10.66,78.3,11.04
module_6,45.0,10.3,75.59,14.11
module_6,45.0,10.03,70.14,19.84
module_6,45.0,9.73,61.26,29.01
module_6,45.0,11.97,82.88,5.15
module_6,45.0,11.64,81.89,6.47
module_6,45.0,10.93,79.01,10.05
module_6,45.0,10.49,77.21,12.3
module_6,45.0,10.19,73.62,16.19
module_6,45.0,10.0,67.29,22.71
module_6,45.0,12.49,82.96,4.55
module_6,45.0,12.25,81.7,6.05
module_6,45.0,11.32,79.7,8.99
module_6,45.0,11.01,78.22,10.77
module_6,45.0,10.68,75.1,14.22
module_6,45.0,10.41,72.96,16.63
module_6,45.0,13.48,82.77,3.75
module_6,45.0,13.04,81.97,4.99
module_6,45.0,12.19,79.62,8.19
module_6,45.0,11.81,79.04,9.15
module_6,45.0,11.15,77.4,11.45
module_6,45.0,10.58,78.85,10.58
module_6,45.0,14.33,82.38,3.29
module_6,45.0,14.08,81.42,4.49
module_6,45.0,13.07,79.67,7.26
module_6,45.0,12.88,79.29,7.84
module_6,45.0,11.95,81.67,6.38
module_6,45.0,10.58,78.82,10.6
module_6,45.0,15.48,81.4,3.12
module_6,45.0,15.4,80.68,3.92
module_6,45.0,14.47,80.16,5.37
module_6,45.0,14.05,80.6,5.34
module_6,45.0,12.41,81.48,6.11
module_6,45.0,10.82,79.34,9.84
module_6,45.0,16.63,80.99,2.38
module_6,45.0,16.33,80.77,2.9
module_6,45.0,15.62,80.85,3.53
module_6,45.0,15.23,81.86,2.9
module_6,45.0,13.4,80.71,5.89
module_6,45.0,12.08,79.32,8.6
module_6,45.0,17.97,80.27,1.75
module_6,45.0,17.84,80.3,1.86
module_6,45.0,16.55,81.4,2.05
module_6,45.0,15.78,81.97,2.25
module_6,45.0,14.74,81.26,4.0
module_6,45.0,13.29,78.85,7.86
module_6,45.0,18.74,80.3,0.96
module_6,45.0,18.3,80.99,0.71
module_6,45.0,16.82,82.22,0.96
module_6,45.0,15.12,82.99,1.89
module_6,45.0,13.84,82.66,3.51
module_6,45.0,11.84,80.63,7.53
module_6,45.0,19.95,79.75,0.3
module_6,45.0,18.82,80.88,0.3
module_6,45.0,16.77,82.74,0.49
module_6,45.0,14.44,84.11,1.45
module_6,45.0,12.25,84.27,3.48
module_6,45.0,10.66,86.05,3.29
module_6,45.0,21.01,78.99,0.0
module_6,45.0,19.64,80.16,0.19
module_6,45.0,16.82,83.04,0.14
module_6,45.0,13.97,84.9,1.12
module_6,45.0,11.37,86.05,2.58
module_6,45.0,10.14,86.99,2.88
module_6,45.0,21.67,78.27,0.05
module_6,45.0,21.07,78.93,0.0
module_6,45.0,17.12,82.79,0.08
module_6,45.0,13.64,85.81,0.55
module_6,45.0,11.23,87.18,1.59
module_6,45.0,10.22,82.68,7.1
module_6,45.0,23.64,76.36,0.0
module_6,45.0,22.93,77.07,0.0
module_6,45.0,34.71,65.29,0.0
module_6,45.0,37.51,62.49,0.0
module_6,45.0,40.79,59.21,0.0
module_6,45.0,41.15,58.85,0.0
module_6,45.0,46.38,53.62,0.0
module_6,45.0,51.15,48.85,0.0
module_6,45.0,48.14,51.86,0.0
module_6,45.0,53.42,46.58,0.0
module_6,45.0,9.62,23.51,66.88
module_6,45.0,9.64,30.49,59.86
module_6,45.0,9.7,35.23,55.07
module_6,45.0,9.7,71.04,19.26
module_6,45.0,9.62,28.14,62.25
module_6,45.0,9.62,30.55,59.84
module_6,45.0,9.62,28.71,61.67
module_6,45.0,9.62,34.63,55.75
module_6,45.0,9.64,44.99,45.37
module_6,45.0,9.62,38.0,52.38
module_6,45.0,15.75,81.73,2.52
module_6,45.0,10.41,82.74,6.85
module_6,45.0,12.0,87.67,0.33
module_6,45.0,11.29,73.78,14.93
module_6,45.0,9.62,32.63,57.75
module_6,45.0,10.0,75.84,14.16
module_6,45.0,57.92,42.08,0.0
module_6,45.0,40.49,59.51,0.0
module_6,45.0,10.55,80.82,8.63
module_6,45.0,21.67,75.15,3.18
module_6,45.0,13.7,78.71,7.59
module_6,45.0,13.78,85.1,1.12
module_6,45.0,11.86,85.34,2.79
module_6,45.0,9.89,90.11,0.0
module_6,45.0,9.7,72.68,17.62
module_6,45.0,14.16,79.59,6.25
module_6,45.0,65.48,34.52,0.0
module_6,45.0,72.77,27.23,0.0
module_6,45.0,53.51,46.49,0.0
module_6,45.0,27.51,72.49,0.0
module_6,45.0,24.38,75.62,0.0
module_6,45.0,26.22,73.78,0.0
module_6,45.0,45.23,54.77,0.0
module_6,45.0,24.33,75.67,0.0
module_6,45.0,22.79,77.21,0.0
module_6,45.0,25.26,74.74,0.0
module_6,45.0,50.05,49.95,0.0
module_6,45.0,29.86,70.14,0.0
module_6,45.0,24.93,75.07,0.0
module_6,45.0,26.41,73.59,0.0
module_6,45.0,55.32,44.68,0.0
module_6,45.0,38.47,61.53,0.0
module_6,45.0,32.63,67.37,0.0
module_6,45.0,33.67,66.33,0.0
module_6,45.0,76.41,23.59,0.0
module_6,45.0,51.95,48.05,0.0
module_6,45.0,42.49,57.51,0.0
module_6,45.0,41.32,58.68,0.0
module_6,45.0,11.7,88.3,0.0
module_6,45.0,9.7,78.08,12.22
module_6,45.0,9.62,43.62,46.77
module_6,45.0,9.62,46.77,43.62
module_6,45.0,10.52,72.19,17.29
module_6,45.0,10.6,89.4,0.0
module_6,45.0,9.81,90.14,0.05
module_6,45.0,9.78,85.01,5.21
module_6,45.0,9.75,73.04,17.21
module_6,45.0,10.25,75.42,14.33
module_6,45.0,10.9,89.1,0.0
module_6,45.0,10.44,89.56,0.0
module_6,45.0,10.14,88.96,0.9
module_6,45.0,10.27,84.6,5.12
module_6,45.0,11.18,82.79,6.03
module_6,45.0,12.16,87.84,0.0
module_6,45.0,12.0,88.0,0.0
module_6,45.0,11.26,88.74,0.0
module_6,45.0,11.56,87.23,1.21
module_6,45.0,12.3,83.84,3.86
module_6,45.0,13.86,86.14,0.0
module_6,45.0,13.01,86.99,0.0
module_6,45.0,12.74,87.26,0.0
module_6,45.0,13.67,86.33,0.0
module_6,45.0,14.74,84.33,0.93
module_6,45.0,100,0.0,0.0
module_6,45.0,100,0.0,0.0
module_6,45.0,100,0.0,0.0
module_6,45.0,100,0.0,0.0
module_6,45.0,100,0.0,0.0
module_6,45.0,100,0.0,0.0
module_6,45.0,100,0.0,0.0
module_6,45.0,100,0.0,0.0
module_6,45.0,100,0.0,0.0
module_6,45.0,100,0.0,0.0
module_6,45.0,100,0.0,0.0
module_6,45.0,100,0.0,0.0
module_6,45.0,100,0.0,0.0
module_6,45.0,100,0.0,0.0
module_6,45.0,100,0.0,0.0
module_6,45.0,100,0.0,0.0
module_6,45.0,100,0.0,0.0
module_6,45.0,100,0.0,0.0
module_6,45.0,100,0.0,0.0
module_6,45.0,100,0.0,0.0
module_6,90.0,57.18,42.82,0.0
module_6,90.0,48.25,51.75,0.0
module_6,90.0,41.78,58.22,0.0
module_6,90.0,38.0,62.0,0.0
module_6,90.0,45.26,54.74,0.0
module_6,90.0,41.23,58.77,0.0
module_6,90.0,31.37,68.63,0.0
module_6,90.0,24.44,75.56,0.0
module_6,90.0,21.67,78.22,0.11
module_6,90.0,24.08,71.4,4.52
module_6,90.0,35.04,64.96,0.0
module_6,90.0,27.23,72.77,0.0
module_6,90.0,22.33,77.67,0.0
module_6,90.0,20.33,77.45,2.22
module_6,90.0,21.81,71.73,6.47
module_6,90.0,34.33,65.67,0.0
module_6,90.0,27.78,72.22,0.0
module_6,90.0,24.03,75.7,0.27
module_6,90.0,22.55,73.56,3.89
module_6,90.0,23.7,69.92,6.38
module_6,90.0,100,0.0,0.0
module_6,90.0,100,0.0,0.0
module_6,90.0,100,0.0,0.0
module_6,90.0,100,0.0,0.0
module_6,90.0,100,0.0,0.0
module_6,90.0,100,0.0,0.0
module_6,90.0,100,0.0,0.0
module_6,90.0,100,0.0,0.0
module_6,90.0,100,0.0,0.0
module_6,90.0,100,0.0,0.0
module_6,90.0,100,0.0,0.0
module_6,90.0,100,0.0,0.0
module_6,90.0,100,0.0,0.0
module_6,90.0,100,0.0,0.0
module_6,90.0,100,0.0,0.0
module_6,90.0,100,0.0,0.0
module_6,90.0,100,0.0,0.0
module_6,90.0,100,0.0,0.0
module_6,90.0,100,0.0,0.0
module_6,90.0,100,0.0,0.0
module_6,90.0,9.62,24.74,65.64
module_6,90.0,9.62,20.63,69.75
module_6,90.0,9.62,19.51,70.88
module_6,90.0,9.62,20.14,70.25
module_6,90.0,9.62,20.82,69.56
module_6,90.0,9.62,22.47,67.92
module_6,90.0,9.62,25.1,65.29
module_6,90.0,9.7,34.82,55.48
module_6,90.0,10.03,51.73,38.25
module_6,90.0,10.14,61.21,28.66
module_6,90.0,9.89,58.22,31.89
module_6,90.0,9.78,56.22,34.0
module_6,90.0,9.86,56.58,33.56
module_6,90.0,10.0,59.42,30.58
module_6,90.0,11.12,69.53,19.34
module_6,90.0,15.07,79.29,5.64
module_6,90.0,19.23,79.32,1.45
module_6,90.0,21.89,77.95,0.16
module_6,90.0,22.38,77.62,0.0
module_6,90.0,9.62,23.21,67.18
module_6,90.0,9.62,21.12,69.26
module_6,90.0,9.62,22.22,68.16
module_6,90.0,9.62,23.26,67.12
module_6,90.0,9.64,24.58,65.78
module_6,90.0,9.67,27.23,63.1
module_6,90.0,9.7,32.68,57.62
module_6,90.0,9.75,39.56,50.68
module_6,90.0,10.0,49.48,40.52
module_6,90.0,10.14,57.37,32.49
module_6,90.0,10.19,60.03,29.78
module_6,90.0,10.27,60.85,28.88
module_6,90.0,10.36,63.56,26.08
module_6,90.0,10.6,64.6,24.79
module_6,90.0,11.86,72.49,15.64
module_6,90.0,14.36,78.99,6.66
module_6,90.0,17.32,80.38,2.3
module_6,90.0,19.67,79.32,1.01
module_6,90.0,20.47,79.21,0.33
module_6,90.0,9.62,18.71,71.67
module_6,90.0,9.64,21.95,68.41
module_6,90.0,9.7,24.16,66.14
module_6,90.0,9.7,27.26,63.04
module_6,90.0,9.7,30.74,59.56
module_6,90.0,9.7,34.11,56.19
module_6,90.0,9.78,39.21,51.01
module_6,90.0,9.92,46.38,43.7
module_6,90.0,10.14,53.34,36.52
module_6,90.0,10.33,59.67,30.0
module_6,90.0,10.47,63.07,26.47
module_6,90.0,10.88,66.58,22.55
module_6,90.0,11.04,68.99,19.97
module_6,90.0,11.64,71.26,17.1
module_6,90.0,12.79,76.66,10.55
module_6,90.0,14.77,80.14,5.1
module_6,90.0,16.77,80.71,2.52
module_6,90.0,19.07,79.97,0.96
module_6,90.0,19.73,79.84,0.44
module_6,90.0,9.62,19.34,71.04
module_6,90.0,9.7,23.34,66.96
module_6,90.0,9.7,28.41,61.89
module_6,90.0,9.7,32.68,57.62
module_6,90.0,9.78,35.78,54.44
module_6,90.0,9.86,41.07,49.07
module_6,90.0,10.0,45.78,44.22
module_6,90.0,10.11,51.78,38.11
module_6,90.0,10.27,58.11,31.62
module_6,90.0,10.44,62.79,26.77
module_6,90.0,10.96,67.15,21.89
module_6,90.0,11.29,72.96,15.75
module_6,90.0,11.75,75.4,12.85
module_6,90.0,12.63,77.26,10.11
module_6,90.0,13.56,80.0,6.44
module_6,90.0,15.32,81.01,3.67
module_6,90.0,17.01,80.63,2.36
module_6,90.0,19.23,79.64,1.12
module_6,90.0,20.99,78.71,0.3
module_6,90.0,26.11,73.89,0.0
module_6,90.0,9.64,22.96,67.4
module_6,90.0,9.7,29.37,60.93
module_6,90.0,9.78,33.75,56.47
module_6,90.0,9.86,37.67,52.47
module_6,90.0,9.95,42.3,47.75
module_6,90.0,10.08,47.4,42.52
module_6,90.0,10.14,52.6,37.26
module_6,90.0,10.27,57.78,31.95
module_6,90.0,10.44,61.75,27.81
module_6,90.0,10.88,66.71,22.41
module_6,90.0,11.18,71.45,17.37
module_6,90.0,11.75,75.29,12.96
module_6,90.0,12.47,77.53,10.0
module_6,90.0,13.23,79.29,7.48
module_6,90.0,14.22,81.04,4.74
module_6,90.0,15.62,81.37,3.01
module_6,90.0,17.42,80.58,2.0
module_6,90.0,19.37,79.73,0.9
module_6,90.0,21.73,78.14,0.14
module_6,90.0,23.89,76.11,0.0
module_6,90.0,25.75,74.25,0.0
module_6,90.0,28.77,71.23,0.0
module_6,90.0,31.56,68.44,0.0
module_6,90.0,33.84,66.16,0.0
module_6,90.0,9.7,38.38,51.92
module_6,90.0,9.78,39.86,50.36
module_6,90.0,9.89,42.55,47.56
module_6,90.0,10.0,45.01,44.99
module_6,90.0,10.11,49.12,40.77
module_6,90.0,10.14,53.37,36.49
module_6,90.0,10.27,57.92,31.81
module_6,90.0,10.44,61.73,27.84
module_6,90.0,10.68,66.0,23.32
module_6,90.0,11.04,69.59,19.37
module_6,90.0,11.56,75.12,13.32
module_6,90.0,12.19,77.86,9.95
module_6,90.0,12.74,80.05,7.21
module_6,90.0,13.53,81.29,5.18
module_6,90.0,14.79,81.7,3.51
module_6,90.0,15.75,82.03,2.22
module_6,90.0,17.7,81.07,1.23
module_6,90.0,19.51,79.95,0.55
module_6,90.0,21.37,78.44,0.19
module_6,90.0,23.18,76.79,0.03
module_6,90.0,25.34,74.66,0.0
module_6,90.0,27.51,72.49,0.0
module_6,90.0,29.01,70.99,0.0
module_6,90.0,31.73,68.27,0.0
module_6,90.0,9.62,22.55,67.84
module_6,90.0,9.62,18.71,71.67
module_6,90.0,9.7,41.59,48.71
module_6,90.0,9.62,37.97,52.41
module_6,90.0,9.62,18.36,72.03
module_6,90.0,9.62,19.1,71.29
module_6,90.0,9.62,19.59,70.79
module_6,90.0,9.62,19.42,70.96
module_6,90.0,9.62,22.68,67.7
module_6,90.0,12.3,82.33,5.37
module_6,90.0,10.52,64.47,25.01
module_6,90.0,9.62,20.44,69.95
module_6,90.0,9.7,42.0,48.3
module_6,90.0,9.62,13.97,76.41
module_6,90.0,9.62,16.93,73.45
module_6,90.0,9.62,22.49,67.89
module_6,90.0,10.55,88.63,0.82
module_6,90.0,10.11,73.32,16.58
module_6,90.0,10.27,72.63,17.1
module_6,90.0,10.16,72.44,17.4
module_6,90.0,11.23,74.03,14.74
module_6,90.0,17.89,79.01,3.1
module_6,90.0,24.44,75.56,0.0
module_6,90.0,21.73,78.27,0.0
module_6,90.0,25.29,74.71,0.0
module_6,90.0,24.33,75.67,0.0
module_6,90.0,17.26,79.59,3.15
module_6,90.0,21.95,78.0,0.05
module_6,90.0,19.89,79.62,0.49
module_6,90.0,19.53,79.95,0.52
module_6,90.0,21.07,78.88,0.05
module_6,90.0,31.64,68.36,0.0
module_6,90.0,36.52,63.48,0.0
module_6,90.0,33.95,66.05,0.0
module_6,90.0,38.16,61.84,0.0
module_6,90.0,40.55,59.45,0.0
module_6,90.0,22.3,77.53,0.16
module_6,90.0,24.9,75.1,0.0
module_6,90.0,23.23,76.77,0.0
module_6,90.0,9.62,16.44,73.95
module_6,90.0,9.78,49.64,40.58
module_6,90.0,10.41,74.27,15.32
module_6,90.0,10.0,52.22,37.78
module_6,90.0,10.11,51.45,38.44
module_6,90.0,10.03,50.93,39.04
module_6,90.0,10.11,60.55,29.34
module_6,90.0,10.22,56.74,33.04
module_6,90.0,10.44,64.0,25.56
module_6,90.0,10.33,60.36,29.32
module_6,90.0,11.04,70.44,18.52
module_6,90.0,12.05,78.05,9.89
module_6,90.0,11.45,74.3,14.25
module_6,90.0,10.74,66.19,23.07
module_6,90.0,10.14,53.84,36.03
module_6,90.0,10.11,59.04,30.85
module_6,90.0,10.11,52.08,37.81
module_6,90.0,10.03,53.75,36.22
module_6,90.0,10.14,53.42,36.44
module_6,90.0,10.44,61.73,27.84
module_6,90.0,10.27,58.77,30.96
module_6,90.0,10.14,55.73,34.14
module_6,90.0,10.96,67.1,21.95
module_6,90.0,11.59,75.73,12.68
module_6,90.0,11.15,71.64,17.21
module_6,90.0,10.58,65.04,24.38
module_6,90.0,12.63,80.14,7.23
module_6,90.0,12.79,81.32,5.89
module_6,90.0,12.19,79.42,8.38
module_6,90.0,13.4,81.4,5.21
module_6,90.0,10.36,72.9,16.74
module_6,90.0,14.82,81.92,3.26
module_6,90.0,23.81,76.19,0.0
module_6,90.0,17.34,81.29,1.37
module_6,90.0,20.9,78.68,0.41
module_6,90.0,19.23,80.03,0.74
module_6,90.0,15.84,81.97,2.19
module_6,90.0,30.36,69.64,0.0
module_6,90.0,33.26,66.74,0.0
module_6,90.0,31.34,68.66,0.0
module_6,90.0,35.97,64.03,0.0
module_6,90.0,23.07,76.77,0.16
module_6,90.0,15.29,82.22,2.49
module_6,90.0,16.41,81.95,1.64
module_6,90.0,18.27,80.63,1.1
module_6,90.0,20.25,79.1,0.66
module_6,90.0,23.97,75.97,0.05
module_6,90.0,24.93,75.07,0.0
module_6,90.0,21.73,77.89,0.38
module_6,90.0,26.05,73.95,0.0
module_6,90.0,28.79,71.21,0.0
module_6,90.0,28.22,71.78,0.0
module_6,90.0,28.58,71.42,0.0
module_6,90.0,28.44,71.56,0.0
module_6,90.0,27.32,72.68,0.0
module_6,90.0,25.53,74.47,0.0
module_6,90.0,14.22,82.03,3.75
module_6,90.0,13.51,81.81,4.68
module_6,90.0,9.62,22.77,67.62
module_6,90.0,9.62,19.37,71.01
module_6,90.0,9.62,18.3,72.08
module_6,90.0,9.62,18.68,71.7
module_6,90.0,9.62,22.11,68.27
module_6,90.0,9.62,20.63,69.75
module_6,90.0,9.62,21.21,69.18
module_6,90.0,9.62,21.75,68.63
module_6,90.0,9.62,19.15,71.23
module_6,90.0,9.7,21.78,68.52
module_6,90.0,9.7,23.56,66.74
module_6,90.0,9.7,25.97,64.33
module_6,90.0,9.62,19.56,70.82
module_6,90.0,9.7,23.15,67.15
module_6,90.0,9.7,26.9,63.4
module_6,90.0,9.7,29.97,60.33
module_6,90.0,9.7,23.07,67.23
module_6,90.0,9.7,28.0,62.3
module_6,90.0,9.78,31.51,58.71
module_6,90.0,9.78,33.59,56.63
module_6,90.0,9.7,34.14,56.16
module_6,90.0,9.78,35.34,54.88
module_6,90.0,9.89,36.36,53.75
module_6,90.0,9.95,38.41,51.64
module_6,90.0,9.62,30.55,59.84
module_6,90.0,9.62,17.4,72.99
module_6,90.0,9.62,20.33,70.05
module_6,90.0,9.62,20.08,70.3
module_6,90.0,9.7,35.04,55.26
module_6,90.0,9.7,34.71,55.59
module_6,90.0,9.62,14.52,75.86
module_6,90.0,9.62,18.33,72.05
module_6,90.0,9.62,17.18,73.21
module_6,90.0,9.62,17.01,73.37
module_6,90.0,9.62,17.18,73.21
module_6,90.0,9.62,16.88,73.51
module_6,90.0,9.62,17.34,73.04
module_6,90.0,9.62,20.11,70.27
module_6,90.0,9.7,23.56,66.74
module_6,90.0,9.7,26.82,63.48
module_6,90.0,9.62,18.36,72.03
module_6,90.0,9.62,15.56,74.82
module_6,90.0,9.62,19.53,70.85
module_6,90.0,9.62,16.68,73.7
module_6,90.0,9.62,17.18,73.21
module_6,90.0,10.19,57.42,32.38
module_6,90.0,10.16,55.97,33.86
module_6,90.0,10.0,47.1,42.9
module_6,90.0,9.89,42.55,47.56
module_6,90.0,9.7,39.62,50.68
module_6,90.0,9.78,32.33,57.89
module_6,90.0,9.78,33.92,56.3
module_6,90.0,9.89,35.21,54.9
module_6,90.0,10.0,39.01,50.99
module_6,90.0,10.0,42.63,47.37
module_6,90.0,10.03,42.9,47.07
module_6,90.0,10.14,45.32,44.55
module_6,90.0,10.11,44.41,45.48
module_6,90.0,9.62,17.97,72.41
module_6,90.0,9.62,19.07,71.32
module_6,90.0,9.7,33.26,57.04
module_6,90.0,9.62,22.0,68.38
module_6,90.0,9.78,38.22,52.0
module_6,90.0,9.62,21.42,68.96
module_6,90.0,9.64,24.27,66.08
module_6,90.0,9.7,29.75,60.55
module_6,90.0,9.7,31.78,58.52
module_6,90.0,9.73,34.33,55.95
module_6,90.0,9.7,26.66,63.64
module_6,90.0,9.7,30.52,59.78
module_6,90.0,9.73,33.07,57.21
module_6,90.0,9.78,36.19,54.03
module_6,90.0,9.89,38.25,51.86
module_6,90.0,9.73,31.81,58.47
module_6,90.0,9.78,34.22,56.0
module_6,90.0,9.89,37.51,52.6
module_6,90.0,10.0,40.68,49.32
module_6,90.0,10.05,43.15,46.79
module_6,90.0,9.78,34.03,56.19
module_6,90.0,9.89,36.77,53.34
module_6,90.0,10.0,41.1,48.9
module_6,90.0,10.11,44.66,45.23
module_6,90.0,10.14,46.99,42.88
module_6,90.0,11.29,87.53,1.18
module_6,90.0,9.62,37.15,53.23
module_6,90.0,9.62,30.14,60.25
module_6,90.0,9.64,38.63,51.73
module_6,90.0,12.6,73.45,13.95
module_6,90.0,10.14,81.81,8.05
module_6,90.0,9.7,63.01,27.29
module_6,90.0,9.7,51.84,38.47
module_6,90.0,9.75,51.59,38.66
module_6,90.0,10.16,59.1,30.74
module_6,90.0,10.52,80.96,8.52
module_6,90.0,10.14,71.84,18.03
module_6,90.0,10.03,64.93,25.04
module_6,90.0,10.11,61.23,28.66
module_6,90.0,10.33,61.32,28.36
module_6,90.0,11.12,81.92,6.96
module_6,90.0,10.77,76.05,13.18
module_6,90.0,10.49,71.23,18.27
module_6,90.0,10.52,68.49,20.99
module_6,90.0,10.85,67.89,21.26
module_6,90.0,11.92,82.44,5.64
module_6,90.0,11.4,78.52,10.08
module_6,90.0,11.12,74.22,14.66
module_6,90.0,11.15,71.42,17.42
module_6,90.0,11.34,72.05,16.6
module_6,90.0,12.0,83.95,4.05
module_6,90.0,12.44,74.71,12.85
module_6,90.0,13.81,80.58,5.62
module_6,90.0,14.33,75.1,10.58
module_6,90.0,18.88,77.42,3.7
module_6,90.0,19.01,73.95,7.04
module_6,90.0,26.16,70.66,3.18
module_6,90.0,28.44,67.32,4.25
module_6,90.0,86.19,13.81,0.0
module_6,90.0,39.04,59.18,1.78
module_6,90.0,40.58,57.42,2.0
module_6,90.0,45.67,52.14,2.19
module_6,90.0,84.44,15.56,0.0
module_6,90.0,90.47,9.53,0.0
module_6,90.0,92.82,7.18,0.0
module_6,90.0,94.16,5.84,0.0
module_6,90.0,100,0.0,0.0
module_6,90.0,100,0.0,0.0
module_6,90.0,100,0.0,0.0
module_6,90.0,100,0.0,0.0
module_6,90.0,100,0.0,0.0
module_6,90.0,100,0.0,0.0
module_6,90.0,99.12,0.88,0.0
module_6,90.0,96.41,3.59,0.0
module_6,90.0,94.11,5.89,0.0
module_6,90.0,87.12,12.88,0.0
module_6,90.0,52.99,47.01,0.0
module_6,90.0,52.08,47.48,0.44
module_6,90.0,51.78,48.22,0.0
module_6,90.0,56.96,42.63,0.41
module_6,90.0,79.04,20.96,0.0
module_6,90.0,89.97,10.03,0.0
module_6,90.0,92.99,7.01,0.0
module_6,90.0,93.45,6.55,0.0
module_6,90.0,20.82,79.18,0.0
module_6,90.0,15.07,84.93,0.0
module_6,90.0,100,0.0,0.0
module_6,90.0,100,0.0,0.0
module_6,90.0,15.34,84.66,0.0
module_6,90.0,20.68,78.52,0.79
module_6,90.0,25.53,73.42,1.04
module_6,90.0,26.68,73.32,0.0
module_6,90.0,100,0.0,0.0
module_6,90.0,100,0.0,0.0
module_6,90.0,100,0.0,0.0
module_6,90.0,100,0.0,0.0
module_6,90.0,100,0.0,0.0
module_6,90.0,96.82,3.18,0.0
module_6,90.0,90.49,9.51,0.0
module_6,90.0,94.6,5.4,0.0
module_6,90.0,98.93,1.07,0.0
module_6,90.0,41.15,58.66,0.19
module_6,90.0,100,0.0,0.0
module_6,90.0,22.71,76.47,0.82
module_6,90.0,13.23,74.03,12.74
module_6,90.0,15.64,73.64,10.71
module_6,90.0,20.08,72.44,7.48
module_6,90.0,26.38,71.04,2.58
module_6,90.0,16.3,74.66,9.04
module_6,90.0,14.22,73.59,12.19
module_6,90.0,92.16,7.84,0.0
module_6,90.0,37.32,59.7,2.99
module_6,90.0,90.36,9.64,0.0
module_6,90.0,81.34,18.66,0.0
module_6,90.0,95.32,4.68,0.0
module_6,90.0,97.95,2.05,0.0
module_6,90.0,92.99,7.01,0.0
module_6,90.0,95.73,4.27,0.0
module_6,90.0,94.27,5.73,0.0
module_6,90.0,29.95,66.71,3.34
module_6,90.0,100,0.0,0.0
module_6,90.0,100,0.0,0.0
module_6,90.0,100,0.0,0.0
module_6,90.0,100,0.0,0.0
module_6,90.0,100,0.0,0.0
module_6,90.0,100,0.0,0.0
module_6,90.0,100,0.0,0.0
module_6,90.0,100,0.0,0.0
module_6,90.0,100,0.0,0.0
module_6,90.0,100,0.0,0.0
module_6,90.0,100,0.0,0.0
module_6,90.0,100,0.0,0.0
module_6,90.0,98.88,1.12,0.0
module_6,90.0,97.48,2.52,0.0
module_6,90.0,100,0.0,0.0
module_6,90.0,97.95,2.05,0.0
module_6,90.0,99.51,0.49,0.0
module_6,90.0,100,0.0,0.0
module_6,90.0,100,0.0,0.0
module_6,90.0,95.7,4.3,0.0
module_6,90.0,49.29,50.71,0.0
module_6,90.0,82.88,17.12,0.0
module_6,90.0,61.59,38.41,0.0
module_6,90.0,94.68,5.32,0.0
module_6,90.0,95.81,4.19,0.0
module_6,90.0,62.41,37.59,0.0
module_6,90.0,88.9,11.1,0.0
module_6,90.0,75.62,24.38,0.0
module_6,90.0,61.75,38.11,0.14
module_6,90.0,59.53,40.47,0.0
module_6,90.0,70.68,29.26,0.05
module_6,90.0,65.01,34.99,0.0
module_6,90.0,60.16,39.84,0.0
module_6,90.0,69.97,30.03,0.0
module_6,90.0,60.6,39.37,0.03
module_6,90.0,95.12,4.88,0.0
module_6,90.0,94.58,5.42,0.0
module_6,90.0,93.81,6.19,0.0
module_6,90.0,95.29,4.71,0.0
module_6,90.0,92.93,7.07,0.0
module_6,90.0,83.73,16.27,0.0
module_6,90.0,88.03,11.97,0.0
module_6,90.0,93.67,6.33,0.0
module_6,90.0,94.99,5.01,0.0
module_6,90.0,57.95,42.05,0.0
module_6,90.0,44.14,55.86,0.0
module_6,90.0,35.07,64.93,0.0
module_6,90.0,30.38,69.62,0.0
module_6,90.0,31.18,68.19,0.63
module_6,90.0,42.08,57.92,0.0
module_6,90.0,31.62,68.38,0.0
module_6,90.0,24.88,75.12,0.0
module_6,90.0,20.71,79.29,0.0
module_6,90.0,21.01,75.81,3.18
module_6,90.0,37.37,62.63,0.0
module_6,90.0,28.68,71.32,0.0
module_6,90.0,23.81,76.19,0.0
module_6,90.0,21.04,77.64,1.32
module_6,90.0,21.12,73.37,5.51
module_6,90.0,38.6,61.4,0.0
module_6,90.0,31.34,68.66,0.0
module_6,90.0,26.71,73.18,0.11
module_6,90.0,23.78,73.04,3.18
module_6,90.0,23.92,70.41,5.67
module_6,90.0,100,0.0,0.0
module_6,90.0,100,0.0,0.0
module_6,90.0,100,0.0,0.0
module_6,90.0,100,0.0,0.0
module_6,90.0,100,0.0,0.0
module_6,90.0,100,0.0,0.0
module_6,90.0,100,0.0,0.0
module_6,90.0,100,0.0,0.0
module_6,90.0,100,0.0,0.0
module_6,90.0,100,0.0,0.0
module_6,90.0,100,0.0,0.0
module_6,90.0,100,0.0,0.0
module_6,90.0,100,0.0,0.0
module_6,90.0,100,0.0,0.0
module_6,90.0,100,0.0,0.0
module_6,90.0,100,0.0,0.0
module_6,90.0,100,0.0,0.0
module_6,90.0,100,0.0,0.0
module_6,90.0,100,0.0,0.0
module_6,90.0,100,0.0,0.0
module_6,90.0,9.62,27.86,62.52
module_6,90.0,9.62,21.97,68.41
module_6,90.0,9.62,20.36,70.03
module_6,90.0,9.62,20.47,69.92
module_6,90.0,9.62,21.7,68.68
module_6,90.0,9.62,23.21,67.18
module_6,90.0,9.62,26.11,64.27
module_6,90.0,9.7,32.85,57.45
module_6,90.0,9.89,44.41,45.7
module_6,90.0,10.14,57.67,32.19
module_6,90.0,10.08,58.38,31.53
module_6,90.0,9.97,57.95,32.08
module_6,90.0,10.0,58.0,32.0
module_6,90.0,10.11,59.45,30.44
module_6,90.0,10.63,66.9,22.47
module_6,90.0,13.21,76.38,10.41
module_6,90.0,17.04,79.97,2.99
module_6,90.0,20.22,78.85,0.93
module_6,90.0,21.97,78.03,0.0
module_6,90.0,9.62,21.42,68.96
module_6,90.0,9.62,21.15,69.23
module_6,90.0,9.62,22.3,68.08
module_6,90.0,9.64,23.64,66.71
module_6,90.0,9.67,25.64,64.68
module_6,90.0,9.7,28.74,61.56
module_6,90.0,9.7,32.9,57.4
module_6,90.0,9.75,38.9,51.34
module_6,90.0,10.0,47.89,42.11
module_6,90.0,10.14,55.86,34.0
module_6,90.0,10.27,59.81,29.92
module_6,90.0,10.41,61.73,27.86
module_6,90.0,10.49,64.93,24.58
module_6,90.0,10.71,66.71,22.58
module_6,90.0,11.62,71.53,16.85
module_6,90.0,13.59,78.41,8.0
module_6,90.0,16.14,80.66,3.21
module_6,90.0,18.96,79.64,1.4
module_6,90.0,19.92,79.48,0.6
module_6,90.0,9.62,17.56,72.82
module_6,90.0,9.62,21.12,69.26
module_6,90.0,9.7,24.36,65.95
module_6,90.0,9.7,27.56,62.74
module_6,90.0,9.7,31.48,58.82
module_6,90.0,9.7,34.52,55.78
module_6,90.0,9.78,39.56,50.66
module_6,90.0,9.95,46.36,43.7
module_6,90.0,10.11,52.38,37.51
module_6,90.0,10.27,59.32,30.41
module_6,90.0,10.47,63.18,26.36
module_6,90.0,10.93,66.41,22.66
module_6,90.0,11.15,70.0,18.85
module_6,90.0,11.67,72.79,15.53
module_6,90.0,12.71,75.67,11.62
module_6,90.0,14.49,80.41,5.1
module_6,90.0,16.11,81.04,2.85
module_6,90.0,18.44,80.16,1.4
module_6,90.0,19.75,79.59,0.66
module_6,90.0,9.62,18.74,71.64
module_6,90.0,9.7,22.77,67.53
module_6,90.0,9.7,28.36,61.95
module_6,90.0,9.73,33.21,57.07
module_6,90.0,9.78,36.6,53.62
module_6,90.0,9.89,41.29,48.82
module_6,90.0,10.0,46.0,44.0
module_6,90.0,10.14,52.52,37.34
module_6,90.0,10.27,57.53,32.19
module_6,90.0,10.44,62.58,26.99
module_6,90.0,10.96,67.29,21.75
module_6,90.0,11.26,72.99,15.75
module_6,90.0,11.78,75.62,12.6
module_6,90.0,12.6,77.37,10.03
module_6,90.0,13.56,79.23,7.21
module_6,90.0,15.01,81.07,3.92
module_6,90.0,16.63,80.85,2.52
module_6,90.0,18.58,80.03,1.4
module_6,90.0,20.25,79.23,0.52
module_6,90.0,9.64,23.73,66.63
module_6,90.0,9.7,30.74,59.56
module_6,90.0,9.78,34.9,55.32
module_6,90.0,9.89,39.81,50.3
module_6,90.0,10.0,43.42,46.58
module_6,90.0,10.11,48.16,41.73
module_6,90.0,10.14,52.82,37.04
module_6,90.0,10.27,57.64,32.08
module_6,90.0,10.44,61.78,27.78
module_6,90.0,10.82,66.44,22.74
module_6,90.0,11.18,71.7,17.12
module_6,90.0,11.67,75.26,13.07
module_6,90.0,12.41,77.89,9.7
module_6,90.0,13.04,79.32,7.64
module_6,90.0,14.22,81.1,4.68
module_6,90.0,15.42,81.45,3.12
module_6,90.0,16.96,81.01,2.03
module_6,90.0,18.77,80.36,0.88
module_6,90.0,20.9,78.77,0.33
module_6,90.0,22.58,77.37,0.05
module_6,90.0,25.12,74.88,0.0
module_6,90.0,27.51,72.49,0.0
module_6,90.0,30.6,69.4,0.0
module_6,90.0,32.19,67.81,0.0
module_6,90.0,9.78,48.71,41.51
module_6,90.0,9.84,43.84,46.33
module_6,90.0,9.92,44.49,45.59
module_6,90.0,10.03,47.45,42.52
module_6,90.0,10.11,50.71,39.18
module_6,90.0,10.14,54.08,35.78
module_6,90.0,10.27,57.51,32.22
module_6,90.0,10.44,62.0,27.56
module_6,90.0,10.68,65.37,23.95
module_6,90.0,11.04,69.18,19.78
module_6,90.0,11.42,73.42,15.15
module_6,90.0,11.95,77.89,10.16
module_6,90.0,12.58,79.7,7.73
module_6,90.0,13.42,81.23,5.34
module_6,90.0,14.6,81.62,3.78
module_6,90.0,15.51,81.92,2.58
module_6,90.0,17.21,81.32,1.48
module_6,90.0,18.82,80.33,0.85
module_6,90.0,20.77,78.9,0.33
module_6,90.0,22.93,77.07,0.0
module_6,90.0,24.79,75.21,0.0
module_6,90.0,26.58,73.42,0.0
module_6,90.0,28.68,71.32,0.0
module_6,90.0,29.84,70.16,0.0
module_6,90.0,9.62,21.56,68.82
module_6,90.0,9.62,19.64,70.74
module_6,90.0,9.67,36.74,53.59
module_6,90.0,9.62,18.58,71.81
module_6,90.0,9.62,18.85,71.53
module_6,90.0,9.62,20.3,70.08
module_6,90.0,9.62,19.29,71.1
module_6,90.0,9.7,31.12,59.18
module_6,90.0,10.55,79.56,9.89
module_6,90.0,10.38,63.34,26.27
module_6,90.0,9.62,21.95,68.44
module_6,90.0,9.62,26.36,64.03
module_6,90.0,9.62,14.93,75.45
module_6,90.0,9.62,15.34,75.04
module_6,90.0,9.78,63.97,26.25
module_6,90.0,9.7,57.67,32.63
module_6,90.0,9.84,60.58,29.59
module_6,90.0,9.73,57.81,32.47
module_6,90.0,11.4,72.79,15.81
module_6,90.0,21.7,77.97,0.33
module_6,90.0,23.59,76.41,0.0
module_6,90.0,24.6,75.4,0.0
module_6,90.0,19.84,79.62,0.55
module_6,90.0,19.29,79.97,0.74
module_6,90.0,35.86,64.14,0.0
module_6,90.0,31.12,68.88,0.0
module_6,90.0,36.82,63.18,0.0
module_6,90.0,9.62,15.89,74.49
module_6,90.0,28.77,71.23,0.0
module_6,90.0,9.62,25.04,65.34
module_6,90.0,9.62,20.85,69.53
module_6,90.0,9.62,19.42,70.96
module_6,90.0,9.62,19.56,70.82
module_6,90.0,9.62,20.93,69.45
module_6,90.0,9.62,20.55,69.84
module_6,90.0,9.64,21.56,68.79
module_6,90.0,9.67,22.74,67.59
module_6,90.0,9.62,18.16,72.22
module_6,90.0,9.7,21.15,69.15
module_6,90.0,9.7,23.81,66.49
module_6,90.0,9.7,26.47,63.84
module_6,90.0,9.62,18.82,71.56
module_6,90.0,9.7,22.71,67.59
module_6,90.0,9.7,26.99,63.32
module_6,90.0,9.73,30.3,59.97
module_6,90.0,9.64,23.92,66.44
module_6,90.0,9.7,29.04,61.26
module_6,90.0,9.78,32.79,57.42
module_6,90.0,9.84,34.77,55.4
module_6,90.0,9.78,39.95,50.27
module_6,90.0,9.78,37.62,52.6
module_6,90.0,9.89,38.08,52.03
module_6,90.0,9.95,39.62,50.44
module_6,90.0,9.7,31.1,59.21
module_6,90.0,9.62,23.45,66.93
module_6,90.0,9.62,15.59,74.79
module_6,90.0,9.64,22.82,67.53
module_6,90.0,9.7,28.08,62.22
module_6,90.0,9.62,17.37,73.01
module_6,90.0,10.0,47.86,42.14
module_6,90.0,9.95,43.64,46.41
module_6,90.0,9.7,30.88,59.42
module_6,90.0,10.05,41.4,48.55
module_6,90.0,10.0,42.49,47.51
module_6,90.0,9.62,18.52,71.86
module_6,90.0,9.62,19.78,70.6
module_6,90.0,9.62,25.01,65.37
module_6,90.0,9.62,26.74,63.64
module_6,90.0,9.7,29.64,60.66
module_6,90.0,9.62,22.66,67.73
module_6,90.0,9.7,25.1,65.21
module_6,90.0,9.7,29.81,60.49
module_6,90.0,9.7,32.44,57.86
module_6,90.0,9.73,34.63,55.64
module_6,90.0,9.7,27.67,62.63
module_6,90.0,9.7,30.99,59.32
module_6,90.0,9.75,33.34,56.9
module_6,90.0,9.78,36.79,53.42
module_6,90.0,9.89,39.26,50.85
module_6,90.0,9.75,32.16,58.08
module_6,90.0,9.78,33.86,56.36
module_6,90.0,9.89,37.37,52.74
module_6,90.0,10.0,41.1,48.9
module_6,90.0,10.11,43.95,45.95
module_6,90.0,9.78,33.95,56.27
module_6,90.0,9.89,36.44,53.67
module_6,90.0,10.0,40.3,49.7
module_6,90.0,10.08,43.32,46.6
module_6,90.0,10.14,48.08,41.78
module_6,90.0,11.01,87.97,1.01
module_6,90.0,9.7,62.36,27.95
module_6,90.0,9.62,37.86,52.52
module_6,90.0,9.64,39.48,50.88
module_6,90.0,10.16,57.7,32.14
module_6,90.0,10.47,83.1,6.44
module_6,90.0,9.92,71.67,18.41
module_6,90.0,9.75,59.89,30.36
module_6,90.0,9.78,55.01,35.21
module_6,90.0,10.11,57.48,32.41
module_6,90.0,10.82,83.48,5.7
module_6,90.0,10.44,75.62,13.95
module_6,90.0,10.16,69.84,20.0
module_6,90.0,10.16,64.74,25.1
module_6,90.0,10.38,64.05,25.56
module_6,90.0,11.62,83.48,4.9
module_6,90.0,11.1,79.07,9.84
module_6,90.0,10.79,73.48,15.73
module_6,90.0,10.77,69.97,19.26
module_6,90.0,11.04,68.44,20.52
module_6,90.0,12.55,83.95,3.51
module_6,90.0,11.7,80.82,7.48
module_6,90.0,11.26,75.37,13.37
module_6,90.0,11.21,73.23,15.56
module_6,90.0,11.42,72.68,15.89
module_6,90.0,12.3,85.86,1.84
module_6,90.0,12.16,77.89,9.95
module_6,90.0,15.64,81.32,3.04
module_6,90.0,15.62,76.41,7.97
module_6,90.0,21.01,76.16,2.82
module_6,90.0,21.45,72.9,5.64
module_6,90.0,29.59,68.36,2.05
module_6,90.0,32.11,63.92,3.97
module_6,90.0,41.23,57.59,1.18
module_6,90.0,43.92,54.52,1.56
module_6,90.0,48.11,50.33,1.56
module_6,90.0,77.73,22.27,0.0
module_6,90.0,90.38,9.62,0.0
module_6,90.0,92.77,7.23,0.0
module_6,90.0,92.93,7.07,0.0
module_6,90.0,100,0.0,0.0
module_6,90.0,100,0.0,0.0
module_6,90.0,100,0.0,0.0
module_6,90.0,100,0.0,0.0
module_6,90.0,100,0.0,0.0
module_6,90.0,99.67,0.33,0.0
module_6,90.0,99.86,0.14,0.0
module_6,90.0,97.75,2.25,0.0
module_6,90.0,96.05,3.95,0.0
module_6,90.0,90.08,9.92,0.0
module_6,90.0,59.45,40.55,0.0
module_6,90.0,55.64,44.14,0.22
module_6,90.0,54.88,45.1,0.03
module_6,90.0,57.75,42.22,0.03
module_6,90.0,70.58,29.42,0.0
module_6,90.0,88.11,11.89,0.0
module_6,90.0,91.97,8.03,0.0
module_6,90.0,95.18,4.82,0.0
module_6,90.0,13.34,86.66,0.0
module_6,90.0,100,0.0,0.0
module_6,90.0,100,0.0,0.0
module_6,90.0,16.47,83.48,0.05
module_6,90.0,19.12,80.77,0.11
module_6,90.0,30.58,69.12,0.3
module_6,90.0,15.45,84.55,0.0
module_6,90.0,100,0.0,0.0
module_6,90.0,100,0.0,0.0
module_6,90.0,100,0.0,0.0
module_6,90.0,100,0.0,0.0
module_6,90.0,99.59,0.41,0.0
module_6,90.0,92.16,7.84,0.0
module_6,90.0,96.85,3.15,0.0
module_6,90.0,16.0,77.78,6.22
module_6,90.0,17.75,72.44,9.81
module_6,90.0,22.82,70.22,6.96
module_6,90.0,90.11,9.89,0.0
module_6,90.0,94.79,5.21,0.0
module_6,90.0,93.07,6.93,0.0
module_6,90.0,95.51,4.49,0.0
module_6,135.0,100,0.0,0.0
module_6,135.0,100,0.0,0.0
module_6,135.0,100,0.0,0.0
module_6,135.0,100,0.0,0.0
module_6,135.0,100,0.0,0.0
module_6,135.0,100,0.0,0.0
module_6,135.0,100,0.0,0.0
module_6,135.0,100,0.0,0.0
module_6,135.0,100,0.0,0.0
module_6,135.0,100,0.0,0.0
module_6,135.0,100,0.0,0.0
module_6,135.0,100,0.0,0.0
module_6,135.0,100,0.0,0.0
module_6,135.0,100,0.0,0.0
module_6,135.0,100,0.0,0.0
module_6,135.0,100,0.0,0.0
module_6,135.0,100,0.0,0.0
module_6,135.0,100,0.0,0.0
module_6,135.0,100,0.0,0.0
module_6,135.0,100,0.0,0.0
module_6,135.0,100,0.0,0.0
module_6,135.0,100,0.0,0.0
module_6,135.0,100,0.0,0.0
module_6,135.0,99.37,0.63,0.0
module_6,135.0,98.68,1.32,0.0
module_6,135.0,97.48,2.52,0.0
module_6,135.0,93.34,6.66,0.0
module_6,135.0,87.53,12.47,0.0
module_6,135.0,70.71,29.29,0.0
module_6,135.0,51.23,48.77,0.0
module_6,135.0,23.48,74.79,1.73
module_6,135.0,22.88,75.37,1.75
module_6,135.0,19.4,76.77,3.84
module_6,135.0,15.32,76.74,7.95
module_6,135.0,12.11,73.34,14.55
module_6,135.0,10.49,63.4,26.11
module_6,135.0,9.78,46.96,43.26
module_6,135.0,34.44,65.56,0.0
module_6,135.0,28.9,71.1,0.0
module_6,135.0,15.7,77.56,6.74
module_6,135.0,12.03,71.89,16.08
module_6,135.0,10.47,62.08,27.45
module_6,135.0,10.0,50.0,40.0
module_6,135.0,37.45,62.55,0.0
module_6,135.0,43.04,56.96,0.0
module_6,135.0,33.48,66.16,0.36
module_6,135.0,57.81,42.19,0.0
module_6,135.0,56.93,43.07,0.0
module_6,135.0,67.01,32.99,0.0
module_6,135.0,67.4,32.6,0.0
module_6,135.0,74.19,25.81,0.0
module_6,135.0,72.6,27.4,0.0
module_6,135.0,78.63,21.37,0.0
module_6,135.0,100,0.0,0.0
module_6,135.0,100,0.0,0.0
module_6,135.0,100,0.0,0.0
module_6,135.0,100,0.0,0.0
module_6,135.0,99.97,0.03,0.0
module_6,135.0,100,0.0,0.0
module_6,135.0,100,0.0,0.0
module_6,135.0,99.81,0.19,0.0
module_6,135.0,100,0.0,0.0
module_6,135.0,98.33,1.67,0.0
module_6,135.0,97.51,2.49,0.0
module_6,135.0,84.66,15.34,0.0
module_6,135.0,68.74,31.26,0.0
module_6,135.0,93.26,6.74,0.0
module_6,135.0,39.95,60.05,0.0
module_6,135.0,100,0.0,0.0
module_6,135.0,99.32,0.68,0.0
module_6,135.0,97.04,2.96,0.0
module_6,135.0,92.85,7.15,0.0
module_6,135.0,98.25,1.75,0.0
module_6,135.0,94.22,5.78,0.0
module_6,135.0,100,0.0,0.0
module_6,135.0,100,0.0,0.0
module_6,135.0,98.63,1.37,0.0
module_6,135.0,99.73,0.27,0.0
module_6,135.0,100,0.0,0.0
module_6,135.0,98.52,1.48,0.0
module_6,135.0,100,0.0,0.0
module_6,135.0,85.07,14.93,0.0
module_6,135.0,75.12,24.88,0.0
module_6,135.0,58.58,41.42,0.0
module_6,135.0,61.7,38.3,0.0
module_6,135.0,22.99,74.33,2.68
module_6,135.0,71.42,28.58,0.0
module_6,135.0,81.18,18.82,0.0
module_6,135.0,10.71,68.49,20.79
module_6,135.0,10.38,77.95,11.67
module_6,135.0,10.16,67.7,22.14
module_6,135.0,12.03,73.42,14.55
module_6,135.0,16.36,78.11,5.53
module_6,135.0,89.97,10.03,0.0
module_6,135.0,26.03,72.71,1.26
module_6,135.0,24.41,74.08,1.51
module_6,135.0,27.67,71.51,0.82
module_6,135.0,39.18,60.82,0.0
module_6,135.0,40.85,59.15,0.0
module_6,135.0,20.19,76.47,3.34
module_6,135.0,59.37,40.63,0.0
module_6,135.0,14.9,76.36,8.74
module_6,135.0,57.29,42.71,0.0
module_6,135.0,66.14,33.86,0.0
module_6,135.0,78.55,21.45,0.0
module_6,135.0,81.62,18.38,0.0
module_6,135.0,71.34,28.66,0.0
module_6,135.0,81.07,18.93,0.0
module_6,135.0,82.3,17.7,0.0
module_6,135.0,81.18,18.82,0.0
module_6,135.0,13.04,72.71,14.25
module_6,135.0,12.66,74.96,12.38
module_6,135.0,13.56,76.03,10.41
module_6,135.0,100,0.0,0.0
module_6,135.0,10.9,66.44,22.66
module_6,135.0,19.62,76.14,4.25
module_6,135.0,9.64,34.79,55.56
module_6,135.0,9.75,56.99,33.26
module_6,135.0,10.16,64.77,25.07
module_6,135.0,10.77,67.4,21.84
module_6,135.0,9.7,37.26,53.04
module_6,135.0,10.16,57.04,32.79
module_6,135.0,9.62,22.47,67.92
module_6,135.0,11.48,71.59,16.93
module_6,135.0,11.07,69.86,19.07
module_6,135.0,100,0.0,0.0
module_6,135.0,77.89,22.11,0.0
module_6,135.0,75.29,24.71,0.0
module_6,135.0,82.44,17.56,0.0
module_6,135.0,85.01,14.99,0.0
module_6,135.0,85.51,14.49,0.0
module_6,135.0,85.32,14.68,0.0
module_6,135.0,78.03,21.97,0.0
module_6,135.0,10.27,60.03,29.7
module_6,135.0,10.49,62.47,27.04
module_6,135.0,77.81,22.19,0.0
module_6,135.0,82.36,17.64,0.0
module_6,135.0,82.71,17.29,0.0
module_6,135.0,86.82,13.18,0.0
module_6,135.0,99.1,0.9,0.0
module_6,135.0,99.4,0.6,0.0
module_6,135.0,99.21,0.79,0.0
module_6,135.0,99.97,0.03,0.0
module_6,135.0,99.45,0.55,0.0
module_6,135.0,98.9,1.1,0.0
module_6,135.0,98.41,1.59,0.0
module_6,135.0,99.23,0.77,0.0
module_6,135.0,89.67,10.33,0.0
module_6,135.0,89.23,10.77,0.0
module_6,135.0,95.95,4.05,0.0
module_6,135.0,97.97,2.03,0.0
module_6,135.0,81.7,18.3,0.0
module_6,135.0,76.74,23.26,0.0
module_6,135.0,81.86,18.14,0.0
module_6,135.0,96.19,3.81,0.0
module_6,135.0,83.4,16.6,0.0
module_6,135.0,77.37,22.63,0.0
module_6,135.0,81.12,18.88,0.0
module_6,135.0,93.95,6.05,0.0
module_6,135.0,9.62,19.34,71.04
module_6,135.0,9.62,16.88,73.51
module_6,135.0,9.62,15.97,74.41
module_6,135.0,9.62,16.19,74.19
module_6,135.0,9.62,20.36,70.03
module_6,135.0,9.64,18.74,71.62
module_6,135.0,9.64,18.49,71.86
module_6,135.0,9.7,18.38,71.92
module_6,135.0,9.62,17.97,72.41
module_6,135.0,9.7,18.79,71.51
module_6,135.0,9.7,19.4,70.9
module_6,135.0,9.7,20.25,70.05
module_6,135.0,9.64,17.67,72.68
module_6,135.0,9.7,19.12,71.18
module_6,135.0,9.7,20.14,70.16
module_6,135.0,9.75,21.53,68.71
module_6,135.0,9.7,18.08,72.22
module_6,135.0,9.7,21.29,69.01
module_6,135.0,9.78,22.9,67.32
module_6,135.0,9.78,22.79,67.42
module_6,135.0,9.78,25.86,64.36
module_6,135.0,9.78,23.75,66.47
module_6,135.0,9.89,24.68,65.42
module_6,135.0,10.0,27.21,62.79
module_6,135.0,9.62,23.32,67.07
module_6,135.0,9.62,14.58,75.81
module_6,135.0,9.62,16.03,74.36
module_6,135.0,9.62,16.52,73.86
module_6,135.0,9.7,26.82,63.48
module_6,135.0,9.7,29.1,61.21
module_6,135.0,9.62,14.3,76.08
module_6,135.0,9.62,15.4,74.99
module_6,135.0,9.62,14.77,75.62
module_6,135.0,9.62,14.47,75.92
module_6,135.0,9.62,14.47,75.92
module_6,135.0,9.62,14.33,76.05
module_6,135.0,9.62,14.74,75.64
module_6,135.0,9.62,16.27,74.11
module_6,135.0,9.7,18.33,71.97
module_6,135.0,9.7,19.81,70.49
module_6,135.0,9.62,15.18,75.21
module_6,135.0,9.62,15.29,75.1
module_6,135.0,9.62,19.07,71.32
module_6,135.0,9.62,15.34,75.04
module_6,135.0,9.62,14.82,75.56
module_6,135.0,10.16,41.73,48.11
module_6,135.0,10.14,40.27,49.59
module_6,135.0,10.0,31.81,58.19
module_6,135.0,9.89,28.85,61.26
module_6,135.0,9.7,26.36,63.95
module_6,135.0,9.78,21.62,68.6
module_6,135.0,9.78,22.47,67.75
module_6,135.0,9.89,23.89,66.22
module_6,135.0,10.0,26.52,63.48
module_6,135.0,10.0,28.22,61.78
module_6,135.0,10.0,29.29,60.71
module_6,135.0,10.14,33.01,56.85
module_6,135.0,10.11,31.34,58.55
module_6,135.0,10.03,28.44,61.53
module_6,135.0,10.14,36.08,53.78
module_6,135.0,10.08,32.05,57.86
module_6,135.0,10.0,26.99,63.01
module_6,135.0,9.89,23.67,66.44
module_6,135.0,9.78,22.47,67.75
module_6,135.0,10.0,31.26,58.74
module_6,135.0,9.92,27.29,62.79
module_6,135.0,9.89,24.05,66.05
module_6,135.0,9.78,22.9,67.32
module_6,135.0,9.78,21.86,68.36
module_6,135.0,9.89,27.78,62.33
module_6,135.0,9.78,24.88,65.34
module_6,135.0,9.7,21.64,68.66
module_6,135.0,9.7,20.14,70.16
module_6,135.0,9.7,19.04,71.26
module_6,135.0,9.7,23.53,66.77
module_6,135.0,9.7,20.44,69.86
module_6,135.0,9.7,20.14,70.16
module_6,135.0,9.7,18.33,71.97
module_6,135.0,9.62,17.26,73.12
module_6,135.0,9.7,21.45,68.85
module_6,135.0,9.62,17.45,72.93
module_6,135.0,9.62,18.71,71.67
module_6,135.0,9.62,14.79,75.59
module_6,135.0,9.62,14.6,75.78
module_6,135.0,9.7,25.32,64.99
module_6,135.0,9.62,16.82,73.56
module_6,135.0,9.62,17.29,73.1
module_6,135.0,9.62,17.7,72.68
module_6,135.0,9.62,22.93,67.45
module_6,135.0,9.62,21.15,69.23
module_6,135.0,9.78,26.14,64.08
module_6,135.0,9.7,19.37,70.93
module_6,135.0,9.7,18.85,71.45
module_6,135.0,9.64,18.85,71.51
module_6,135.0,9.62,19.7,70.68
module_6,135.0,9.62,17.64,72.74
module_6,135.0,9.89,28.03,62.08
module_6,135.0,9.7,21.42,68.88
module_6,135.0,9.7,20.3,70.0
module_6,135.0,9.7,19.56,70.74
module_6,135.0,9.62,18.77,71.62
module_6,135.0,9.62,16.79,73.59
module_6,135.0,10.0,30.11,59.89
module_6,135.0,9.86,24.47,65.67
module_6,135.0,9.7,21.86,68.44
module_6,135.0,9.7,20.38,69.92
module_6,135.0,9.62,18.33,72.05
module_6,135.0,9.62,16.44,73.95
module_6,135.0,10.11,33.01,56.88
module_6,135.0,9.92,28.88,61.21
module_6,135.0,9.78,22.47,67.75
module_6,135.0,9.7,20.88,69.42
module_6,135.0,9.62,18.44,71.95
module_6,135.0,9.62,16.58,73.81
module_6,135.0,10.14,37.29,52.58
module_6,135.0,10.0,31.23,58.77
module_6,135.0,9.78,24.79,65.42
module_6,135.0,9.7,22.08,68.22
module_6,135.0,9.64,19.07,71.29
module_6,135.0,9.62,17.01,73.37
module_6,135.0,10.27,44.74,44.99
module_6,135.0,10.14,36.9,52.96
module_6,135.0,9.89,28.74,61.37
module_6,135.0,9.78,26.25,63.97
module_6,135.0,9.7,20.49,69.81
module_6,135.0,9.62,18.38,72.0
module_6,135.0,10.41,51.4,38.19
module_6,135.0,10.22,43.12,46.66
module_6,135.0,10.05,34.63,55.32
module_6,135.0,9.89,30.47,59.64
module_6,135.0,9.7,25.12,65.18
module_6,135.0,9.7,24.9,65.4
module_6,135.0,10.55,58.77,30.68
module_6,135.0,10.41,50.52,39.07
module_6,135.0,10.14,41.51,48.36
module_6,135.0,10.11,36.55,53.34
module_6,135.0,9.89,31.92,58.19
module_6,135.0,9.97,38.49,51.53
module_6,135.0,10.93,66.63,22.44
module_6,135.0,10.63,59.07,30.3
module_6,135.0,10.36,47.73,41.92
module_6,135.0,10.19,42.27,47.53
module_6,135.0,10.08,37.59,52.33
module_6,135.0,10.0,44.03,45.97
module_6,135.0,11.21,74.55,14.25
module_6,135.0,10.93,68.63,20.44
module_6,135.0,10.55,56.11,33.34
module_6,135.0,10.36,47.92,41.73
module_6,135.0,10.11,40.9,48.99
module_6,135.0,9.78,40.41,49.81
module_6,135.0,11.48,76.14,12.38
module_6,135.0,11.21,74.27,14.52
module_6,135.0,10.9,64.27,24.82
module_6,135.0,10.44,54.14,35.42
module_6,135.0,10.11,42.93,46.96
module_6,135.0,9.7,37.78,52.52
module_6,135.0,12.0,78.66,9.34
module_6,135.0,11.62,76.47,11.92
module_6,135.0,11.01,70.44,18.55
module_6,135.0,10.63,59.29,30.08
module_6,135.0,10.14,47.97,41.89
module_6,135.0,9.75,38.47,51.78
module_6,135.0,12.49,80.41,7.1
module_6,135.0,12.22,77.18,10.6
module_6,135.0,11.42,73.78,14.79
module_6,135.0,11.01,67.18,21.81
module_6,135.0,10.38,55.84,33.78
module_6,135.0,9.86,44.25,45.89
module_6,135.0,12.74,80.66,6.6
module_6,135.0,12.55,78.52,8.93
module_6,135.0,11.84,74.22,13.95
module_6,135.0,11.21,70.77,18.03
module_6,135.0,10.77,66.38,22.85
module_6,135.0,10.27,60.03,29.7
module_6,135.0,13.23,81.04,5.73
module_6,135.0,12.93,79.07,8.0
module_6,135.0,12.22,76.3,11.48
module_6,135.0,11.34,71.56,17.1
module_6,135.0,10.93,69.75,19.32
module_6,135.0,11.01,76.74,12.25
module_6,135.0,13.78,81.59,4.63
module_6,135.0,13.4,80.36,6.25
module_6,135.0,12.3,76.41,11.29
module_6,135.0,11.21,70.33,18.47
module_6,135.0,10.47,66.27,23.26
module_6,135.0,10.38,71.21,18.41
module_6,135.0,14.66,82.55,2.79
module_6,135.0,14.08,81.1,4.82
module_6,135.0,12.52,77.1,10.38
module_6,135.0,11.21,69.26,19.53
module_6,135.0,10.3,59.97,29.73
module_6,135.0,9.84,47.07,43.1
module_6,135.0,17.73,81.89,0.38
module_6,135.0,19.18,80.79,0.03
module_6,135.0,18.63,81.21,0.16
module_6,135.0,11.48,71.04,17.48
module_6,135.0,10.44,62.03,27.53
module_6,135.0,9.89,46.33,43.78
module_6,135.0,20.52,79.48,0.0
module_6,135.0,22.71,75.62,1.67
module_6,135.0,20.79,79.01,0.19
module_6,135.0,27.62,72.38,0.0
module_6,135.0,24.66,75.34,0.0
module_6,135.0,31.18,68.82,0.0
module_6,135.0,27.84,72.16,0.0
module_6,135.0,33.84,66.16,0.0
module_6,135.0,30.38,69.62,0.0
module_6,135.0,36.68,63.32,0.0
module_6,135.0,10.27,53.42,36.3
module_6,135.0,10.08,41.04,48.88
module_6,135.0,10.33,55.34,34.33
module_6,135.0,10.0,34.36,55.64
module_6,135.0,10.08,34.93,54.99
module_6,135.0,10.11,36.11,53.78
module_6,135.0,9.62,14.82,75.56
module_6,135.0,9.78,33.45,56.77
module_6,135.0,9.62,14.99,75.4
module_6,135.0,9.62,20.77,69.62
module_6,135.0,10.14,37.23,52.63
module_6,135.0,10.27,43.48,46.25
module_6,135.0,10.44,55.78,33.78
module_6,135.0,10.33,50.11,39.56
module_6,135.0,11.01,69.81,19.18
module_6,135.0,11.56,77.64,10.79
module_6,135.0,11.23,75.04,13.73
module_6,135.0,10.66,63.04,26.3
module_6,135.0,11.95,79.53,8.52
module_6,135.0,9.62,13.59,76.79
module_6,135.0,9.62,14.49,75.89
module_6,135.0,9.7,35.4,54.9
module_6,135.0,9.62,17.59,72.79
module_6,135.0,9.64,30.16,60.19
module_6,135.0,9.62,17.48,72.9
module_6,135.0,9.62,16.58,73.81
module_6,135.0,9.62,28.52,61.86
module_6,135.0,9.62,15.51,74.88
module_6,135.0,9.62,15.53,74.85
module_6,135.0,9.62,15.29,75.1
module_6,135.0,9.62,15.21,75.18
module_6,135.0,9.62,15.75,74.63
module_6,135.0,9.62,15.81,74.58
module_6,135.0,9.7,22.74,67.56
module_6,135.0,9.62,16.55,73.84
module_6,135.0,10.16,62.9,26.93
module_6,135.0,9.7,42.77,47.53
module_6,135.0,9.7,47.45,42.85
module_6,135.0,10.33,59.21,30.47
module_6,135.0,9.62,15.37,75.01
module_6,135.0,9.62,15.78,74.6
module_6,135.0,9.62,15.45,74.93
module_6,135.0,9.62,16.74,73.64
module_6,135.0,11.78,83.53,4.68
module_6,135.0,10.52,61.84,27.64
module_6,135.0,10.14,81.42,8.44
module_6,135.0,9.92,64.11,25.97
module_6,135.0,9.92,63.4,26.68
module_6,135.0,9.62,15.59,74.79
module_6,135.0,12.38,80.05,7.56
module_6,135.0,13.29,81.92,4.79
module_6,135.0,12.71,81.32,5.97
module_6,135.0,14.66,82.71,2.63
module_6,135.0,20.22,79.59,0.19
module_6,135.0,16.93,82.14,0.93
module_6,135.0,13.84,82.33,3.84
module_6,135.0,23.07,76.93,0.0
module_6,135.0,21.21,78.63,0.16
module_6,135.0,28.33,71.67,0.0
module_6,135.0,27.04,72.96,0.0
module_6,135.0,26.71,73.29,0.0
module_6,135.0,34.96,65.04,0.0
module_6,135.0,31.7,68.3,0.0
module_6,135.0,30.93,69.07,0.0
module_6,135.0,30.33,69.67,0.0
module_6,135.0,31.64,68.36,0.0
module_6,135.0,36.08,63.92,0.0
module_6,135.0,29.7,70.3,0.0
module_6,135.0,9.78,49.84,40.38
module_6,135.0,13.21,82.58,4.22
module_6,135.0,11.07,71.59,17.34
module_6,135.0,11.64,73.34,15.01
module_6,135.0,10.66,66.49,22.85
module_6,135.0,10.47,81.59,7.95
module_6,135.0,10.88,72.38,16.74
module_6,135.0,15.51,80.47,4.03
module_6,135.0,10.0,65.21,24.79
module_6,135.0,9.78,59.64,30.58
module_6,135.0,15.7,84.3,0.0
module_6,135.0,9.62,21.23,69.15
module_6,135.0,9.7,38.22,52.08
module_6,135.0,9.7,34.11,56.19
module_6,135.0,9.7,42.82,47.48
module_6,135.0,100,0.0,0.0
module_6,135.0,100,0.0,0.0
module_6,135.0,100,0.0,0.0
module_6,135.0,100,0.0,0.0
module_6,135.0,50.22,49.78,0.0
module_6,135.0,100,0.0,0.0
module_6,135.0,59.92,40.08,0.0
module_6,135.0,39.53,60.47,0.0
module_6,135.0,17.51,78.3,4.19
module_6,135.0,100,0.0,0.0
module_6,135.0,10.47,61.84,27.7
module_6,135.0,10.27,61.48,28.25
module_6,135.0,10.16,58.96,30.88
module_6,135.0,11.1,71.45,17.45
module_6,135.0,100,0.0,0.0
module_6,135.0,100,0.0,0.0
module_6,135.0,100,0.0,0.0
module_6,135.0,10.55,66.9,22.55
module_6,135.0,52.47,47.53,0.0
module_6,135.0,12.33,76.33,11.34
module_6,135.0,10.96,78.27,10.77
module_6,135.0,9.62,23.67,66.71
module_6,135.0,9.62,22.77,67.62
module_6,135.0,9.64,25.62,64.74
module_6,135.0,12.05,69.62,18.33
module_6,135.0,10.11,59.51,30.38
module_6,135.0,9.7,43.37,46.93
module_6,135.0,9.7,33.48,56.82
module_6,135.0,9.78,37.92,52.3
module_6,135.0,10.14,51.21,38.66
module_6,135.0,10.19,60.22,29.59
module_6,135.0,10.03,53.1,36.88
module_6,135.0,10.0,45.7,44.3
module_6,135.0,10.14,51.45,38.41
module_6,135.0,10.33,54.0,35.67
module_6,135.0,10.9,63.75,25.34
module_6,135.0,10.55,60.14,29.32
module_6,135.0,10.33,56.77,32.9
module_6,135.0,10.44,58.58,30.99
module_6,135.0,10.66,61.34,28.0
module_6,135.0,11.21,66.11,22.68
module_6,135.0,10.99,63.42,25.59
module_6,135.0,10.9,62.38,26.71
module_6,135.0,11.04,64.63,24.33
module_6,135.0,11.23,67.42,21.34
module_6,135.0,100,0.0,0.0
module_6,135.0,100,0.0,0.0
module_6,135.0,100,0.0,0.0
module_6,135.0,100,0.0,0.0
module_6,135.0,100,0.0,0.0
module_6,135.0,100,0.0,0.0
module_6,135.0,100,0.0,0.0
module_6,135.0,100,0.0,0.0
module_6,135.0,100,0.0,0.0
module_6,135.0,100,0.0,0.0
module_6,135.0,100,0.0,0.0
module_6,135.0,100,0.0,0.0
module_6,135.0,100,0.0,0.0
module_6,135.0,100,0.0,0.0
module_6,135.0,100,0.0,0.0
module_6,135.0,100,0.0,0.0
module_6,135.0,100,0.0,0.0
module_6,135.0,100,0.0,0.0
module_6,135.0,100,0.0,0.0
module_6,135.0,100,0.0,0.0
module_6,135.0,100,0.0,0.0
module_6,135.0,100,0.0,0.0
module_6,135.0,99.75,0.25,0.0
module_6,135.0,99.15,0.85,0.0
module_6,135.0,98.3,1.7,0.0
module_6,135.0,96.16,3.84,0.0
module_6,135.0,93.32,6.68,0.0
module_6,135.0,84.85,15.15,0.0
module_6,135.0,72.66,27.34,0.0
module_6,135.0,54.27,45.73,0.0
module_6,135.0,25.23,73.32,1.45
module_6,135.0,23.7,74.93,1.37
module_6,135.0,20.66,76.27,3.07
module_6,135.0,16.16,77.75,6.08
module_6,135.0,13.01,74.16,12.82
module_6,135.0,10.79,65.67,23.53
module_6,135.0,10.05,55.48,34.47
module_6,135.0,28.82,70.77,0.41
module_6,135.0,34.05,65.95,0.0
module_6,135.0,32.0,68.0,0.0
module_6,135.0,13.15,73.89,12.96
module_6,135.0,10.79,64.9,24.3
module_6,135.0,10.03,50.05,39.92
module_6,135.0,39.7,60.3,0.0
module_6,135.0,46.38,53.62,0.0
module_6,135.0,40.16,59.84,0.0
module_6,135.0,48.9,51.1,0.0
module_6,135.0,59.59,40.41,0.0
module_6,135.0,59.26,40.74,0.0
module_6,135.0,66.41,33.59,0.0
module_6,135.0,66.68,33.32,0.0
module_6,135.0,75.4,24.6,0.0
module_6,135.0,76.9,23.1,0.0
module_6,135.0,100,0.0,0.0
module_6,135.0,100,0.0,0.0
module_6,135.0,100,0.0,0.0
module_6,135.0,99.18,0.82,0.0
module_6,135.0,99.37,0.63,0.0
module_6,135.0,97.97,2.03,0.0
module_6,135.0,89.67,10.33,0.0
module_6,135.0,74.16,25.84,0.0
module_6,135.0,95.1,4.9,0.0
module_6,135.0,52.27,47.73,0.0
module_6,135.0,25.34,73.37,1.29
module_6,135.0,24.22,74.41,1.37
module_6,135.0,31.07,68.66,0.27
module_6,135.0,41.29,58.71,0.0
module_6,135.0,36.55,63.15,0.3
module_6,135.0,64.33,35.67,0.0
module_6,135.0,48.79,51.21,0.0
module_6,135.0,67.67,32.33,0.0
module_6,135.0,74.93,25.07,0.0
module_6,135.0,74.22,25.78,0.0
module_6,135.0,80.11,19.89,0.0
module_6,135.0,78.85,21.15,0.0
module_6,135.0,82.68,17.32,0.0
module_6,135.0,99.95,0.05,0.0
module_6,135.0,99.45,0.55,0.0
module_6,135.0,99.12,0.88,0.0
module_6,135.0,99.29,0.71,0.0
module_6,135.0,98.74,1.26,0.0
module_6,135.0,97.62,2.38,0.0
module_6,135.0,97.42,2.58,0.0
module_6,135.0,98.63,1.37,0.0
module_6,135.0,94.47,5.53,0.0
module_6,135.0,91.67,8.33,0.0
module_6,135.0,96.36,3.64,0.0
module_6,135.0,97.45,2.55,0.0
module_6,135.0,86.25,13.75,0.0
module_6,135.0,77.07,22.93,0.0
module_6,135.0,84.11,15.89,0.0
module_6,135.0,95.15,4.85,0.0
module_6,135.0,84.77,15.23,0.0
module_6,135.0,78.9,21.1,0.0
module_6,135.0,82.88,17.12,0.0
module_6,135.0,91.4,8.6,0.0
module_6,135.0,9.62,21.92,68.47
module_6,135.0,9.62,18.6,71.78
module_6,135.0,9.62,17.04,73.34
module_6,135.0,9.62,15.81,74.58
module_6,135.0,9.62,20.0,70.38
module_6,135.0,9.62,19.21,71.18
module_6,135.0,9.62,18.25,72.14
module_6,135.0,9.62,17.75,72.63
module_6,135.0,9.62,16.68,73.7
module_6,135.0,9.64,18.25,72.11
module_6,135.0,9.7,19.26,71.04
module_6,135.0,9.7,19.4,70.9
module_6,135.0,9.62,17.21,73.18
module_6,135.0,9.7,18.38,71.92
module_6,135.0,9.7,20.0,70.3
module_6,135.0,9.7,20.6,69.7
module_6,135.0,9.7,17.67,72.63
module_6,135.0,9.7,19.56,70.74
module_6,135.0,9.7,21.07,69.23
module_6,135.0,9.78,23.64,66.58
module_6,135.0,9.7,23.15,67.15
module_6,135.0,9.78,25.45,64.77
module_6,135.0,9.89,25.67,64.44
module_6,135.0,9.89,25.21,64.9
module_6,135.0,9.7,25.84,64.47
module_6,135.0,9.62,22.6,67.78
module_6,135.0,9.62,14.77,75.62
module_6,135.0,9.64,17.7,72.66
module_6,135.0,9.7,20.47,69.84
module_6,135.0,9.62,15.18,75.21
module_6,135.0,10.0,32.33,57.67
module_6,135.0,9.97,28.88,61.15
module_6,135.0,9.73,21.78,68.49
module_6,135.0,10.0,28.41,61.59
module_6,135.0,10.14,36.25,53.62
module_6,135.0,10.11,33.12,56.77
module_6,135.0,10.0,28.03,61.97
module_6,135.0,9.89,24.79,65.32
module_6,135.0,9.78,22.68,67.53
module_6,135.0,10.11,33.45,56.44
module_6,135.0,10.0,29.89,60.11
module_6,135.0,9.92,26.25,63.84
module_6,135.0,9.78,22.47,67.75
module_6,135.0,9.73,21.67,68.6
module_6,135.0,9.89,27.64,62.47
module_6,135.0,9.78,24.63,65.59
module_6,135.0,9.78,22.85,67.37
module_6,135.0,9.7,21.32,68.99
module_6,135.0,9.7,20.27,70.03
module_6,135.0,9.78,26.14,64.08
module_6,135.0,9.7,21.97,68.33
module_6,135.0,9.7,19.97,70.33
module_6,135.0,9.64,18.03,72.33
module_6,135.0,9.62,16.77,73.62
module_6,135.0,9.84,31.23,58.93
module_6,135.0,9.62,18.08,72.3
module_6,135.0,9.7,20.03,70.27
module_6,135.0,9.62,15.78,74.6
module_6,135.0,9.62,15.15,75.23
module_6,135.0,9.78,32.58,57.64
module_6,135.0,9.7,18.27,72.03
module_6,135.0,9.62,17.45,72.93
module_6,135.0,9.62,15.84,74.55
module_6,135.0,9.62,19.95,70.44
module_6,135.0,9.62,23.78,66.6
module_6,135.0,9.78,29.78,60.44
module_6,135.0,9.7,21.32,68.99
module_6,135.0,9.7,18.6,71.7
module_6,135.0,9.62,18.47,71.92
module_6,135.0,9.62,19.18,71.21
module_6,135.0,9.62,18.9,71.48
module_6,135.0,9.89,29.73,60.38
module_6,135.0,9.78,24.3,65.92
module_6,135.0,9.7,20.14,70.16
module_6,135.0,9.7,19.32,70.99
module_6,135.0,9.62,18.96,71.42
module_6,135.0,9.62,17.64,72.74
module_6,135.0,10.0,31.37,58.63
module_6,135.0,9.89,26.33,63.78
module_6,135.0,9.7,22.08,68.22
module_6,135.0,9.7,20.55,69.75
module_6,135.0,9.64,18.77,71.59
module_6,135.0,9.62,17.04,73.34
module_6,135.0,10.11,34.96,54.93
module_6,135.0,10.0,29.12,60.88
module_6,135.0,9.78,23.92,66.3
module_6,135.0,9.7,21.67,68.63
module_6,135.0,9.7,19.34,70.96
module_6,135.0,9.62,17.21,73.18
module_6,135.0,10.14,38.08,51.78
module_6,135.0,10.08,31.78,58.14
module_6,135.0,9.89,28.16,61.95
module_6,135.0,9.7,22.6,67.7
module_6,135.0,9.7,20.3,70.0
module_6,135.0,9.62,17.67,72.71
module_6,135.0,10.27,44.08,45.64
module_6,135.0,10.14,36.93,52.93
module_6,135.0,10.0,32.49,57.51
module_6,135.0,9.78,25.97,64.25
module_6,135.0,9.7,22.74,67.56
module_6,135.0,9.62,18.74,71.64
module_6,135.0,10.38,50.47,39.15
module_6,135.0,10.27,44.6,45.12
module_6,135.0,10.14,38.74,51.12
module_6,135.0,9.92,30.33,59.75
module_6,135.0,9.78,28.44,61.78
module_6,135.0,9.7,22.85,67.45
module_6,135.0,10.49,57.21,32.3
module_6,135.0,10.41,50.66,38.93
module_6,135.0,10.27,45.15,44.58
module_6,135.0,10.11,36.47,53.42
module_6,135.0,10.0,34.79,55.21
module_6,135.0,9.78,31.95,58.27
module_6,135.0,10.93,65.21,23.86
module_6,135.0,10.58,58.96,30.47
module_6,135.0,10.44,51.73,37.84
module_6,135.0,10.22,42.93,46.85
module_6,135.0,10.14,39.26,50.6
module_6,135.0,10.03,39.97,50.0
module_6,135.0,11.21,73.29,15.51
module_6,135.0,10.93,67.95,21.12
module_6,135.0,10.74,60.82,28.44
module_6,135.0,10.38,48.99,40.63
module_6,135.0,10.14,42.99,46.88
module_6,135.0,9.92,40.05,50.03
module_6,135.0,11.48,76.33,12.19
module_6,135.0,11.21,74.66,14.14
module_6,135.0,11.01,70.52,18.47
module_6,135.0,10.49,55.26,34.25
module_6,135.0,10.19,45.56,44.25
module_6,135.0,9.81,38.41,51.78
module_6,135.0,11.92,78.52,9.56
module_6,135.0,11.62,77.01,11.37
module_6,135.0,11.32,73.04,15.64
module_6,135.0,10.79,61.51,27.7
module_6,135.0,10.27,50.74,38.99
module_6,135.0,9.89,38.27,51.84
module_6,135.0,12.44,80.36,7.21
module_6,135.0,12.22,78.16,9.62
module_6,135.0,11.67,75.01,13.32
module_6,135.0,11.01,68.25,20.74
module_6,135.0,10.44,56.03,33.53
module_6,135.0,10.11,49.37,40.52
module_6,135.0,13.04,81.45,5.51
module_6,135.0,12.58,79.45,7.97
module_6,135.0,12.22,75.92,11.86
module_6,135.0,11.32,71.32,17.37
module_6,135.0,10.85,66.63,22.52
module_6,135.0,10.52,67.53,21.95
module_6,135.0,13.53,81.64,4.82
module_6,135.0,12.85,79.67,7.48
module_6,135.0,12.47,76.58,10.96
module_6,135.0,11.56,72.99,15.45
module_6,135.0,11.04,70.14,18.82
module_6,135.0,10.74,74.6,14.66
module_6,135.0,14.11,82.85,3.04
module_6,135.0,13.4,80.3,6.3
module_6,135.0,12.63,78.33,9.04
module_6,135.0,11.59,72.6,15.81
module_6,135.0,10.9,68.68,20.41
module_6,135.0,10.16,62.47,27.37
module_6,135.0,14.9,82.9,2.19
module_6,135.0,14.08,81.62,4.3
module_6,135.0,13.26,79.84,6.9
module_6,135.0,11.59,72.99,15.42
module_6,135.0,10.52,64.16,25.32
module_6,135.0,10.0,50.93,39.07
module_6,135.0,19.07,80.93,0.0
module_6,135.0,17.89,82.08,0.03
module_6,135.0,19.32,80.58,0.11
module_6,135.0,11.84,72.36,15.81
module_6,135.0,10.58,63.59,25.84
module_6,135.0,10.11,53.64,36.25
module_6,135.0,20.99,79.01,0.0
module_6,135.0,20.38,79.62,0.0
module_6,135.0,22.38,77.62,0.0
module_6,135.0,25.18,74.82,0.0
module_6,135.0,25.12,74.88,0.0
module_6,135.0,27.04,72.96,0.0
module_6,135.0,27.75,72.25,0.0
module_6,135.0,29.97,70.03,0.0
module_6,135.0,29.51,70.49,0.0
module_6,135.0,33.29,66.71,0.0
module_6,135.0,10.08,39.89,50.03
module_6,135.0,10.0,34.9,55.1
module_6,135.0,10.0,33.89,56.11
module_6,135.0,10.11,34.52,55.37
module_6,135.0,9.62,14.93,75.45
module_6,135.0,10.14,38.68,51.18
module_6,135.0,10.19,41.37,48.44
module_6,135.0,10.44,52.49,37.07
module_6,135.0,10.33,47.29,42.38
module_6,135.0,10.93,68.0,21.07
module_6,135.0,11.45,76.93,11.62
module_6,135.0,11.21,73.95,14.85
module_6,135.0,10.55,59.56,29.89
module_6,135.0,12.16,79.67,8.16
module_6,135.0,9.62,14.03,76.36
module_6,135.0,9.62,25.26,65.12
module_6,135.0,9.64,32.47,57.89
module_6,135.0,12.58,80.6,6.82
module_6,135.0,13.62,82.03,4.36
module_6,135.0,13.07,81.4,5.53
module_6,135.0,15.18,82.63,2.19
module_6,135.0,20.85,79.15,0.0
module_6,135.0,18.3,81.48,0.22
module_6,135.0,14.25,82.68,3.07
module_6,135.0,24.08,75.92,0.0
module_6,135.0,21.26,78.74,0.0
module_6,135.0,27.73,72.27,0.0
module_6,135.0,25.59,74.41,0.0
module_6,135.0,42.93,57.07,0.0
module_6,135.0,47.42,52.58,0.0
module_6,135.0,45.51,54.49,0.0
module_6,135.0,10.68,75.78,13.53
module_6,135.0,9.7,43.15,47.15
module_6,135.0,9.62,19.21,71.18
module_6,135.0,9.62,24.79,65.59
module_6,135.0,10.14,51.78,38.08
module_6,135.0,10.14,65.29,24.58
module_6,135.0,9.84,51.56,38.6
module_6,135.0,9.7,40.33,49.97
module_6,135.0,9.78,39.04,51.18
module_6,135.0,10.11,48.52,41.37
module_6,135.0,10.47,63.95,25.59
module_6,135.0,10.14,56.33,33.53
module_6,135.0,10.11,52.16,37.73
module_6,135.0,10.03,47.29,42.68
module_6,135.0,10.33,54.99,34.68
module_6,135.0,10.79,64.41,24.79
module_6,135.0,10.47,60.16,29.37
module_6,135.0,10.47,58.88,30.66
module_6,135.0,10.49,59.53,29.97
module_6,135.0,10.85,62.22,26.93
module_6,135.0,11.29,68.63,20.08
module_6,135.0,11.07,65.53,23.4
module_6,135.0,11.04,63.48,25.48
module_6,135.0,10.93,63.07,26.0
module_6,135.0,11.15,66.74,22.11
module_6,180.0,100,0.0,0.0
module_6,180.0,100,0.0,0.0
module_6,180.0,100,0.0,0.0
module_6,180.0,100,0.0,0.0
module_6,180.0,100,0.0,0.0
module_6,180.0,100,0.0,0.0
module_6,180.0,100,0.0,0.0
module_6,180.0,100,0.0,0.0
module_6,180.0,100,0.0,0.0
module_6,180.0,100,0.0,0.0
module_6,180.0,100,0.0,0.0
module_6,180.0,100,0.0,0.0
module_6,180.0,100,0.0,0.0
module_6,180.0,100,0.0,0.0
module_6,180.0,100,0.0,0.0
module_6,180.0,100,0.0,0.0
module_6,180.0,100,0.0,0.0
module_6,180.0,100,0.0,0.0
module_6,180.0,100,0.0,0.0
module_6,180.0,100,0.0,0.0
module_6,180.0,26.93,73.07,0.0
module_6,180.0,18.9,74.0,7.1
module_6,180.0,18.82,73.7,7.48
module_6,180.0,21.01,74.38,4.6
module_6,180.0,22.99,77.01,0.0
module_6,180.0,17.42,73.62,8.96
module_6,180.0,17.48,73.15,9.37
module_6,180.0,19.12,75.53,5.34
module_6,180.0,23.97,76.03,0.0
module_6,180.0,17.95,74.0,8.05
module_6,180.0,18.14,74.14,7.73
module_6,180.0,19.62,75.07,5.32
module_6,180.0,26.52,73.48,0.0
module_6,180.0,20.71,73.07,6.22
module_6,180.0,20.16,74.0,5.84
module_6,180.0,21.15,75.32,3.53
module_6,180.0,30.77,69.23,0.0
module_6,180.0,24.38,72.6,3.01
module_6,180.0,22.99,73.29,3.73
module_6,180.0,24.03,73.84,2.14
module_6,180.0,29.67,70.33,0.0
module_6,180.0,29.29,70.71,0.0
module_6,180.0,27.86,72.14,0.0
module_6,180.0,26.6,73.4,0.0
module_6,180.0,24.19,75.81,0.0
module_6,180.0,23.92,76.08,0.0
module_6,180.0,22.74,77.26,0.0
module_6,180.0,22.27,77.73,0.0
module_6,180.0,21.78,78.22,0.0
module_6,180.0,16.99,80.82,2.19
module_6,180.0,17.32,81.29,1.4
module_6,180.0,10.11,55.67,34.22
module_6,180.0,10.82,66.38,22.79
module_6,180.0,12.08,75.75,12.16
module_6,180.0,14.38,80.52,5.1
module_6,180.0,15.73,80.9,3.37
module_6,180.0,16.41,81.48,2.11
module_6,180.0,10.0,47.04,42.96
module_6,180.0,10.58,62.68,26.74
module_6,180.0,11.73,74.14,14.14
module_6,180.0,13.53,81.07,5.4
module_6,180.0,14.58,81.64,3.78
module_6,180.0,15.51,82.0,2.49
module_6,180.0,10.14,56.27,33.59
module_6,180.0,10.68,66.99,22.33
module_6,180.0,11.62,75.73,12.66
module_6,180.0,12.9,79.7,7.4
module_6,180.0,13.97,80.49,5.53
module_6,180.0,14.58,82.08,3.34
module_6,180.0,10.71,64.9,24.38
module_6,180.0,11.01,67.23,21.75
module_6,180.0,11.62,76.25,12.14
module_6,180.0,12.52,79.23,8.25
module_6,180.0,13.45,81.12,5.42
module_6,180.0,14.11,81.75,4.14
module_6,180.0,10.55,61.32,28.14
module_6,180.0,11.01,67.7,21.29
module_6,180.0,11.59,74.9,13.51
module_6,180.0,12.38,78.58,9.04
module_6,180.0,12.82,80.79,6.38
module_6,180.0,13.42,81.84,4.74
module_6,180.0,10.11,42.14,47.75
module_6,180.0,10.55,57.75,31.7
module_6,180.0,11.21,71.51,17.29
module_6,180.0,11.78,77.62,10.6
module_6,180.0,12.47,80.49,7.04
module_6,180.0,12.77,81.01,6.22
module_6,180.0,9.89,34.82,55.29
module_6,180.0,10.38,46.55,43.07
module_6,180.0,11.01,65.04,23.95
module_6,180.0,11.48,74.9,13.62
module_6,180.0,11.89,78.88,9.23
module_6,180.0,12.33,80.19,7.48
module_6,180.0,9.78,32.16,58.05
module_6,180.0,10.22,42.16,47.62
module_6,180.0,10.58,57.7,31.73
module_6,180.0,11.15,71.48,17.37
module_6,180.0,11.51,75.56,12.93
module_6,180.0,11.78,78.79,9.42
module_6,180.0,9.89,33.78,56.33
module_6,180.0,10.14,39.42,50.44
module_6,180.0,10.52,51.89,37.59
module_6,180.0,10.82,63.78,25.4
module_6,180.0,11.15,71.81,17.04
module_6,180.0,11.4,76.08,12.52
module_6,180.0,10.0,37.15,52.85
module_6,180.0,10.14,39.45,50.41
module_6,180.0,10.3,46.6,43.1
module_6,180.0,10.52,55.53,33.95
module_6,180.0,10.85,63.89,25.26
module_6,180.0,11.04,70.16,18.79
module_6,180.0,9.92,37.15,52.93
module_6,180.0,10.0,37.29,52.71
module_6,180.0,10.11,42.71,47.18
module_6,180.0,10.33,49.12,40.55
module_6,180.0,10.52,54.85,34.63
module_6,180.0,10.71,62.3,26.99
module_6,180.0,9.7,29.15,61.15
module_6,180.0,9.78,32.47,57.75
module_6,180.0,10.0,36.52,53.48
module_6,180.0,10.14,41.73,48.14
module_6,180.0,10.33,48.63,41.04
module_6,180.0,10.52,54.0,35.48
module_6,180.0,9.64,21.84,68.52
module_6,180.0,9.7,26.85,63.45
module_6,180.0,9.84,32.27,57.89
module_6,180.0,10.0,36.96,53.04
module_6,180.0,10.14,41.81,48.05
module_6,180.0,10.38,45.75,43.86
module_6,180.0,9.62,18.08,72.3
module_6,180.0,9.7,23.73,66.58
module_6,180.0,9.78,27.84,62.38
module_6,180.0,9.92,34.19,55.89
module_6,180.0,10.11,37.37,52.52
module_6,180.0,10.14,41.75,48.11
module_6,180.0,9.62,16.52,73.86
module_6,180.0,9.7,20.85,69.45
module_6,180.0,9.7,26.25,64.05
module_6,180.0,9.81,30.36,59.84
module_6,180.0,10.0,34.82,55.18
module_6,180.0,10.11,37.7,52.19
module_6,180.0,9.62,15.78,74.6
module_6,180.0,9.64,19.21,71.15
module_6,180.0,9.7,24.08,66.22
module_6,180.0,9.78,27.84,62.38
module_6,180.0,9.89,31.84,58.27
module_6,180.0,10.08,35.29,54.63
module_6,180.0,9.62,15.56,74.82
module_6,180.0,9.62,18.38,72.0
module_6,180.0,9.7,22.27,68.03
module_6,180.0,9.7,25.81,64.49
module_6,180.0,9.78,29.4,60.82
module_6,180.0,9.97,32.93,57.1
module_6,180.0,9.62,15.84,74.55
module_6,180.0,9.62,18.25,72.14
module_6,180.0,9.64,20.77,69.59
module_6,180.0,9.7,23.4,66.9
module_6,180.0,9.7,26.63,63.67
module_6,180.0,9.89,31.48,58.63
module_6,180.0,9.62,16.99,73.4
module_6,180.0,9.62,18.68,71.7
module_6,180.0,9.62,18.55,71.84
module_6,180.0,9.62,20.22,70.16
module_6,180.0,9.7,23.64,66.66
module_6,180.0,9.78,29.73,60.49
module_6,180.0,10.33,66.19,23.48
module_6,180.0,10.52,64.11,25.37
module_6,180.0,11.26,73.04,15.7
module_6,180.0,12.33,76.74,10.93
module_6,180.0,10.22,61.78,28.0
module_6,180.0,10.68,71.97,17.34
module_6,180.0,33.15,66.85,0.0
module_6,180.0,30.99,69.01,0.0
module_6,180.0,35.34,64.66,0.0
module_6,180.0,28.77,71.23,0.0
module_6,180.0,25.67,74.33,0.0
module_6,180.0,21.67,78.33,0.0
module_6,180.0,10.79,67.42,21.78
module_6,180.0,34.68,65.32,0.0
module_6,180.0,9.62,18.0,72.38
module_6,180.0,9.78,46.25,43.97
module_6,180.0,9.7,25.86,64.44
module_6,180.0,15.32,81.62,3.07
module_6,180.0,10.88,76.44,12.68
module_6,180.0,14.6,82.11,3.29
module_6,180.0,10.0,61.1,28.9
module_6,180.0,10.38,67.73,21.89
module_6,180.0,10.96,71.59,17.45
module_6,180.0,9.7,38.38,51.92
module_6,180.0,9.78,50.36,39.86
module_6,180.0,12.79,76.79,10.41
module_6,180.0,9.92,56.11,33.97
module_6,180.0,9.7,41.07,49.23
module_6,180.0,14.47,80.3,5.23
module_6,180.0,29.1,70.9,0.0
module_6,180.0,30.27,69.73,0.0
module_6,180.0,27.51,72.49,0.0
module_6,180.0,26.96,73.04,0.0
module_6,180.0,27.29,72.71,0.0
module_6,180.0,26.25,73.75,0.0
module_6,180.0,27.04,72.96,0.0
module_6,180.0,20.71,79.04,0.25
module_6,180.0,22.38,77.62,0.0
module_6,180.0,17.32,81.4,1.29
module_6,180.0,15.67,81.78,2.55
module_6,180.0,16.47,81.53,2.0
module_6,180.0,14.08,82.47,3.45
module_6,180.0,12.88,81.51,5.62
module_6,180.0,13.42,81.97,4.6
module_6,180.0,14.66,82.22,3.12
module_6,180.0,12.47,80.96,6.58
module_6,180.0,16.05,80.16,3.78
module_6,180.0,9.92,55.34,34.74
module_6,180.0,11.78,80.99,7.23
module_6,180.0,10.14,69.34,20.52
module_6,180.0,9.62,17.04,73.34
module_6,180.0,9.62,14.41,75.97
module_6,180.0,10.52,67.92,21.56
module_6,180.0,9.62,14.68,75.7
module_6,180.0,9.7,40.88,49.42
module_6,180.0,10.36,56.25,33.4
module_6,180.0,10.16,57.12,32.71
module_6,180.0,9.62,16.19,74.19
module_6,180.0,9.7,26.6,63.7
module_6,180.0,9.62,14.96,75.42
module_6,180.0,9.62,14.41,75.97
module_6,180.0,9.62,14.3,76.08
module_6,180.0,9.62,14.0,76.38
module_6,180.0,9.62,14.33,76.05
module_6,180.0,9.62,14.14,76.25
module_6,180.0,9.62,14.14,76.25
module_6,180.0,9.62,14.16,76.22
module_6,180.0,9.62,20.74,69.64
module_6,180.0,9.62,14.08,76.3
module_6,180.0,9.62,13.81,76.58
module_6,180.0,9.62,14.27,76.11
module_6,180.0,9.62,21.75,68.63
module_6,180.0,9.64,22.14,68.22
module_6,180.0,9.62,14.74,75.64
module_6,180.0,9.62,15.64,74.74
module_6,180.0,11.7,78.79,9.51
module_6,180.0,11.04,70.52,18.44
module_6,180.0,11.4,75.73,12.88
module_6,180.0,10.52,53.42,36.05
module_6,180.0,10.22,41.53,48.25
module_6,180.0,10.38,46.16,43.45
module_6,180.0,10.58,61.21,28.22
module_6,180.0,10.14,38.85,51.01
module_6,180.0,10.0,33.64,56.36
module_6,180.0,10.11,35.18,54.71
module_6,180.0,9.62,17.29,73.1
module_6,180.0,9.62,17.29,73.1
module_6,180.0,9.78,30.96,59.26
module_6,180.0,10.0,33.67,56.33
module_6,180.0,10.08,38.41,51.51
module_6,180.0,10.27,49.29,40.44
module_6,180.0,10.33,50.74,38.93
module_6,180.0,9.62,19.86,70.52
module_6,180.0,9.7,37.15,53.15
module_6,180.0,9.62,15.53,74.85
module_6,180.0,9.7,19.67,70.63
module_6,180.0,9.7,23.97,66.33
module_6,180.0,9.78,27.21,63.01
module_6,180.0,9.89,30.58,59.53
module_6,180.0,10.0,34.0,56.0
module_6,180.0,9.62,15.37,75.01
module_6,180.0,9.64,18.96,71.4
module_6,180.0,9.7,22.93,67.37
module_6,180.0,9.7,26.0,64.3
module_6,180.0,9.78,28.41,61.81
module_6,180.0,9.92,31.81,58.27
module_6,180.0,9.62,15.92,74.47
module_6,180.0,9.64,18.55,71.81
module_6,180.0,9.7,21.67,68.63
module_6,180.0,9.7,24.16,66.14
module_6,180.0,9.7,26.9,63.4
module_6,180.0,9.81,30.63,59.56
module_6,180.0,9.62,16.99,73.4
module_6,180.0,9.62,18.93,71.45
module_6,180.0,9.62,19.62,70.77
module_6,180.0,9.64,21.23,69.12
module_6,180.0,9.7,24.68,65.62
module_6,180.0,9.78,29.42,60.79
module_6,180.0,9.62,14.41,75.97
module_6,180.0,9.62,13.42,76.96
module_6,180.0,9.64,18.44,71.92
module_6,180.0,9.62,15.92,74.47
module_6,180.0,9.62,13.32,77.07
module_6,180.0,9.62,13.32,77.07
module_6,180.0,9.62,13.64,76.74
module_6,180.0,9.62,13.4,76.99
module_6,180.0,9.62,13.81,76.58
module_6,180.0,9.7,23.26,67.04
module_6,180.0,9.73,26.33,63.95
module_6,180.0,10.0,35.81,54.19
module_6,180.0,10.14,38.85,51.01
module_6,180.0,9.78,29.53,60.68
module_6,180.0,9.89,30.77,59.34
module_6,180.0,10.0,34.63,55.37
module_6,180.0,10.0,33.51,56.49
module_6,180.0,10.11,36.58,53.32
module_6,180.0,9.62,14.0,76.38
module_6,180.0,9.7,19.73,70.58
module_6,180.0,9.64,20.3,70.05
module_6,180.0,9.62,13.73,76.66
module_6,180.0,9.62,16.19,74.19
module_6,180.0,9.62,16.58,73.81
module_6,180.0,9.62,17.92,72.47
module_6,180.0,10.0,34.27,55.73
module_6,180.0,9.92,32.38,57.7
module_6,180.0,9.62,18.71,71.67
module_6,180.0,9.62,18.11,72.27
module_6,180.0,10.14,40.88,48.99
module_6,180.0,9.7,27.95,62.36
module_6,180.0,10.14,40.99,48.88
module_6,180.0,9.62,19.59,70.79
module_6,180.0,9.62,13.84,76.55
module_6,180.0,9.7,37.53,52.77
module_6,180.0,9.78,36.05,54.16
module_6,180.0,9.97,37.95,52.08
module_6,180.0,10.11,40.14,49.75
module_6,180.0,10.14,43.62,46.25
module_6,180.0,9.62,19.78,70.6
module_6,180.0,9.7,28.74,61.56
module_6,180.0,9.89,34.74,55.37
module_6,180.0,10.0,37.23,52.77
module_6,180.0,10.11,38.82,51.07
module_6,180.0,9.7,21.34,68.96
module_6,180.0,9.7,24.68,65.62
module_6,180.0,9.78,29.37,60.85
module_6,180.0,9.95,34.41,55.64
module_6,180.0,10.0,35.32,54.68
module_6,180.0,9.62,15.86,74.52
module_6,180.0,9.7,21.29,69.01
module_6,180.0,9.7,26.08,64.22
module_6,180.0,9.86,30.19,59.95
module_6,180.0,9.89,31.86,58.25
module_6,180.0,9.62,14.55,75.84
module_6,180.0,9.64,18.6,71.75
module_6,180.0,9.7,24.14,66.16
module_6,180.0,9.78,27.51,62.71
module_6,180.0,9.86,29.07,61.07
module_6,180.0,10.66,63.62,25.73
module_6,180.0,10.16,52.68,37.15
module_6,180.0,10.52,56.55,32.93
module_6,180.0,11.07,62.71,26.22
module_6,180.0,11.56,69.45,18.99
module_6,180.0,9.7,32.93,57.37
module_6,180.0,9.89,40.41,49.7
module_6,180.0,10.16,50.88,38.96
module_6,180.0,10.66,59.7,29.64
module_6,180.0,11.15,65.42,23.42
module_6,180.0,9.62,18.27,72.11
module_6,180.0,9.7,34.6,55.7
module_6,180.0,10.11,46.55,43.34
module_6,180.0,10.55,56.9,32.55
module_6,180.0,11.04,61.92,27.04
module_6,180.0,9.62,21.15,69.23
module_6,180.0,9.78,35.56,54.66
module_6,180.0,10.14,48.44,41.42
module_6,180.0,10.55,58.38,31.07
module_6,180.0,11.07,63.23,25.7
module_6,180.0,10.14,53.51,36.36
module_6,180.0,10.11,46.66,43.23
module_6,180.0,10.33,53.4,36.27
module_6,180.0,10.85,61.67,27.48
module_6,180.0,11.29,67.53,21.18
module_6,180.0,56.79,43.21,0.0
module_6,180.0,58.79,41.21,0.0
module_6,180.0,50.47,49.53,0.0
module_6,180.0,49.86,50.14,0.0
module_6,180.0,42.27,57.73,0.0
module_6,180.0,39.37,60.63,0.0
module_6,180.0,34.22,65.78,0.0
module_6,180.0,32.47,67.53,0.0
module_6,180.0,28.36,71.64,0.0
module_6,180.0,20.11,77.56,2.33
module_6,180.0,22.33,76.25,1.42
module_6,180.0,10.11,53.37,36.52
module_6,180.0,11.04,66.77,22.19
module_6,180.0,13.01,76.14,10.85
module_6,180.0,16.08,79.01,4.9
module_6,180.0,18.58,78.08,3.34
module_6,180.0,21.15,76.96,1.89
module_6,180.0,10.0,46.55,43.45
module_6,180.0,10.68,62.85,26.47
module_6,180.0,12.68,75.07,12.25
module_6,180.0,15.51,79.59,4.9
module_6,180.0,18.44,78.49,3.07
module_6,180.0,20.71,77.4,1.89
module_6,180.0,21.86,76.52,1.62
module_6,180.0,37.12,62.88,0.0
module_6,180.0,55.29,44.71,0.0
module_6,180.0,69.64,30.36,0.0
module_6,180.0,86.16,13.84,0.0
module_6,180.0,92.49,7.51,0.0
module_6,180.0,97.23,2.77,0.0
module_6,180.0,97.84,2.16,0.0
module_6,180.0,99.26,0.74,0.0
module_6,180.0,99.84,0.16,0.0
module_6,180.0,100,0.0,0.0
module_6,180.0,66.77,33.23,0.0
module_6,180.0,10.55,62.27,27.18
module_6,180.0,11.51,70.77,17.73
module_6,180.0,10.36,62.22,27.42
module_6,180.0,60.0,40.0,0.0
module_6,180.0,55.56,44.44,0.0
module_6,180.0,48.63,51.37,0.0
module_6,180.0,39.7,60.3,0.0
module_6,180.0,66.0,34.0,0.0
module_6,180.0,9.7,37.78,52.52
module_6,180.0,10.71,73.4,15.89
module_6,180.0,9.75,41.97,48.27
module_6,180.0,10.14,55.32,34.55
module_6,180.0,12.63,75.32,12.05
module_6,180.0,10.9,66.55,22.55
module_6,180.0,10.93,66.99,22.08
module_6,180.0,15.75,79.51,4.74
module_6,180.0,12.49,75.62,11.89
module_6,180.0,31.01,68.99,0.0
module_6,180.0,14.27,78.74,6.99
module_6,180.0,10.22,59.12,30.66
module_6,180.0,62.14,37.86,0.0
module_6,180.0,58.88,41.12,0.0
module_6,180.0,59.15,40.85,0.0
module_6,180.0,65.81,34.19,0.0
module_6,180.0,55.04,44.96,0.0
module_6,180.0,62.99,37.01,0.0
module_6,180.0,38.74,61.26,0.0
module_6,180.0,46.58,53.42,0.0
module_6,180.0,33.64,66.36,0.0
module_6,180.0,50.33,49.67,0.0
module_6,180.0,17.12,79.04,3.84
module_6,180.0,27.04,72.68,0.27
module_6,180.0,18.33,78.19,3.48
module_6,180.0,22.6,76.08,1.32
module_6,180.0,23.53,75.34,1.12
module_6,180.0,22.25,76.33,1.42
module_6,180.0,21.56,76.68,1.75
module_6,180.0,21.89,76.66,1.45
module_6,180.0,22.38,76.08,1.53
module_6,180.0,21.4,76.79,1.81
module_6,180.0,22.03,76.33,1.64
module_6,180.0,10.27,62.85,26.88
module_6,180.0,43.15,56.85,0.0
module_6,180.0,56.05,43.95,0.0
module_6,180.0,60.77,39.23,0.0
module_6,180.0,78.47,21.53,0.0
module_6,180.0,68.16,31.84,0.0
module_6,180.0,90.49,9.51,0.0
module_6,180.0,94.77,5.23,0.0
module_6,180.0,99.04,0.96,0.0
module_6,180.0,99.95,0.05,0.0
module_6,180.0,97.15,2.85,0.0
module_6,180.0,100,0.0,0.0
module_6,180.0,100,0.0,0.0
module_6,180.0,33.23,66.77,0.0
module_6,180.0,58.74,41.26,0.0
module_6,180.0,88.38,11.62,0.0
module_6,180.0,94.41,5.59,0.0
module_6,180.0,78.71,21.29,0.0
module_6,180.0,39.37,60.63,0.0
module_6,180.0,54.52,45.48,0.0
module_6,180.0,70.96,29.04,0.0
module_6,180.0,96.6,3.4,0.0
module_6,180.0,93.92,6.08,0.0
module_6,180.0,84.38,15.62,0.0
module_6,180.0,97.23,2.77,0.0
module_6,180.0,22.99,75.51,1.51
module_6,180.0,98.93,1.07,0.0
module_6,180.0,99.67,0.33,0.0
module_6,180.0,99.95,0.05,0.0
module_6,180.0,100,0.0,0.0
module_6,180.0,99.78,0.22,0.0
module_6,180.0,99.62,0.38,0.0
module_6,180.0,100,0.0,0.0
module_6,180.0,100,0.0,0.0
module_6,180.0,100,0.0,0.0
module_6,180.0,100,0.0,0.0
module_6,180.0,100,0.0,0.0
module_6,180.0,98.47,1.53,0.0
module_6,180.0,20.11,77.56,2.33
module_6,180.0,100,0.0,0.0
module_6,180.0,100,0.0,0.0
module_6,180.0,100,0.0,0.0
module_6,180.0,100,0.0,0.0
module_6,180.0,100,0.0,0.0
module_6,180.0,100,0.0,0.0
module_6,180.0,100,0.0,0.0
module_6,180.0,100,0.0,0.0
module_6,180.0,100,0.0,0.0
module_6,180.0,100,0.0,0.0
module_6,180.0,100,0.0,0.0
module_6,180.0,100,0.0,0.0
module_6,180.0,100,0.0,0.0
module_6,180.0,100,0.0,0.0
module_6,180.0,100,0.0,0.0
module_6,180.0,100,0.0,0.0
module_6,180.0,100,0.0,0.0
module_6,180.0,100,0.0,0.0
module_6,180.0,100,0.0,0.0
module_6,180.0,100,0.0,0.0
module_6,180.0,30.85,69.15,0.0
module_6,180.0,18.9,74.99,6.11
module_6,180.0,17.73,71.7,10.58
module_6,180.0,19.04,75.23,5.73
module_6,180.0,27.86,72.14,0.0
module_6,180.0,17.7,77.59,4.71
module_6,180.0,17.26,72.93,9.81
module_6,180.0,18.22,75.78,6.0
module_6,180.0,30.11,69.89,0.0
module_6,180.0,19.75,75.67,4.58
module_6,180.0,18.3,74.19,7.51
module_6,180.0,19.51,75.89,4.6
module_6,180.0,32.41,67.59,0.0
module_6,180.0,23.89,72.58,3.53
module_6,180.0,21.34,74.58,4.08
module_6,180.0,21.95,74.93,3.12
module_6,180.0,37.67,62.33,0.0
module_6,180.0,28.08,70.49,1.42
module_6,180.0,24.49,73.15,2.36
module_6,180.0,24.03,73.59,2.38
module_6,180.0,29.75,70.25,0.0
module_6,180.0,27.97,72.03,0.0
module_6,180.0,27.64,72.36,0.0
module_6,180.0,25.64,74.36,0.0
module_6,180.0,24.49,75.51,0.0
module_6,180.0,23.4,76.6,0.0
module_6,180.0,21.73,78.27,0.0
module_6,180.0,20.58,79.26,0.16
module_6,180.0,16.3,80.6,3.1
module_6,180.0,16.85,81.32,1.84
module_6,180.0,9.89,46.58,43.53
module_6,180.0,10.44,60.38,29.18
module_6,180.0,11.4,73.67,14.93
module_6,180.0,13.51,79.18,7.32
module_6,180.0,14.79,81.07,4.14
module_6,180.0,16.0,81.56,2.44
module_6,180.0,9.89,41.26,48.85
module_6,180.0,10.41,57.89,31.7
module_6,180.0,11.32,73.21,15.48
module_6,180.0,12.66,78.33,9.01
module_6,180.0,14.08,80.71,5.21
module_6,180.0,14.96,81.81,3.23
module_6,180.0,10.3,62.08,27.62
module_6,180.0,10.55,62.96,26.49
module_6,180.0,11.37,72.3,16.33
module_6,180.0,12.44,79.26,8.3
module_6,180.0,13.53,80.44,6.03
module_6,180.0,14.38,82.08,3.53
module_6,180.0,11.01,66.52,22.47
module_6,180.0,10.99,67.73,21.29
module_6,180.0,11.48,73.32,15.21
module_6,180.0,12.27,78.66,9.07
module_6,180.0,12.96,80.55,6.49
module_6,180.0,13.78,81.4,4.82
module_6,180.0,10.36,53.64,36.0
module_6,180.0,10.58,59.18,30.25
module_6,180.0,11.29,72.63,16.08
module_6,180.0,11.78,77.95,10.27
module_6,180.0,12.55,80.11,7.34
module_6,180.0,13.18,81.4,5.42
module_6,180.0,9.89,39.89,50.22
module_6,180.0,10.3,47.75,41.95
module_6,180.0,11.01,65.32,23.67
module_6,180.0,11.56,74.96,13.48
module_6,180.0,12.11,79.37,8.52
module_6,180.0,12.55,80.77,6.68
module_6,180.0,9.7,32.66,57.64
module_6,180.0,10.14,39.56,50.3
module_6,180.0,10.58,57.89,31.53
module_6,180.0,11.15,72.0,16.85
module_6,180.0,11.7,76.79,11.51
module_6,180.0,12.08,79.23,8.68
module_6,180.0,9.7,32.38,57.92
module_6,180.0,10.11,37.48,52.41
module_6,180.0,10.52,49.53,39.95
module_6,180.0,10.96,66.3,22.74
module_6,180.0,11.29,73.95,14.77
module_6,180.0,11.56,77.1,11.34
module_6,180.0,9.81,35.12,55.07
module_6,180.0,10.11,37.01,52.88
module_6,180.0,10.38,46.88,42.74
module_6,180.0,10.58,57.32,32.11
module_6,180.0,11.01,66.74,22.25
module_6,180.0,11.15,72.96,15.89
module_6,180.0,10.05,39.26,50.68
module_6,180.0,10.11,37.78,52.11
module_6,180.0,10.14,42.93,46.93
module_6,180.0,10.41,50.19,39.4
module_6,180.0,10.58,58.66,30.77
module_6,180.0,10.88,65.64,23.48
module_6,180.0,9.84,36.14,54.03
module_6,180.0,9.89,35.15,54.96
module_6,180.0,10.0,38.19,51.81
module_6,180.0,10.14,44.52,45.34
module_6,180.0,10.41,51.15,38.44
module_6,180.0,10.55,56.77,32.68
module_6,180.0,9.7,25.75,64.55
module_6,180.0,9.7,28.68,61.62
module_6,180.0,9.89,33.51,56.6
module_6,180.0,10.08,38.63,51.29
module_6,180.0,10.14,43.97,45.89
module_6,180.0,10.41,49.81,39.78
module_6,180.0,9.62,18.11,72.27
module_6,180.0,9.7,24.22,66.08
module_6,180.0,9.78,28.9,61.32
module_6,180.0,9.92,34.33,55.75
module_6,180.0,10.11,38.38,51.51
module_6,180.0,10.22,42.96,46.82
module_6,180.0,9.62,16.11,74.27
module_6,180.0,9.64,20.25,70.11
module_6,180.0,9.7,25.81,64.49
module_6,180.0,9.78,30.63,59.59
module_6,180.0,10.0,35.62,54.38
module_6,180.0,10.14,38.85,51.01
module_6,180.0,9.62,15.34,75.04
module_6,180.0,9.62,18.33,72.05
module_6,180.0,9.7,23.81,66.49
module_6,180.0,9.78,27.73,62.49
module_6,180.0,9.89,32.58,57.53
module_6,180.0,10.08,35.53,54.38
module_6,180.0,9.62,14.99,75.4
module_6,180.0,9.62,17.7,72.68
module_6,180.0,9.7,22.16,68.14
module_6,180.0,9.7,26.36,63.95
module_6,180.0,9.78,29.81,60.41
module_6,180.0,10.0,33.67,56.33
module_6,180.0,9.62,14.88,75.51
module_6,180.0,9.62,17.23,73.15
module_6,180.0,9.7,20.36,69.95
module_6,180.0,9.7,24.11,66.19
module_6,180.0,9.7,26.88,63.42
module_6,180.0,9.89,31.81,58.3
module_6,180.0,9.62,15.37,75.01
module_6,180.0,9.62,17.56,72.82
module_6,180.0,9.62,19.37,71.01
module_6,180.0,9.67,21.4,68.93
module_6,180.0,9.7,24.93,65.37
module_6,180.0,9.78,28.6,61.62
module_6,180.0,9.62,17.26,73.12
module_6,180.0,9.62,19.4,70.99
module_6,180.0,9.62,17.59,72.79
module_6,180.0,9.62,18.63,71.75
module_6,180.0,9.62,20.6,69.78
module_6,180.0,9.7,26.25,64.05
module_6,180.0,11.78,75.29,12.93
module_6,180.0,33.53,66.47,0.0
module_6,180.0,30.96,69.04,0.0
module_6,180.0,26.27,73.73,0.0
module_6,180.0,28.71,71.29,0.0
module_6,180.0,25.48,74.52,0.0
module_6,180.0,18.55,80.36,1.1
module_6,180.0,23.75,76.25,0.0
module_6,180.0,16.77,81.73,1.51
module_6,180.0,15.15,82.16,2.68
module_6,180.0,16.08,81.81,2.11
module_6,180.0,13.86,82.0,4.14
module_6,180.0,12.66,81.18,6.16
module_6,180.0,13.18,82.27,4.55
module_6,180.0,14.47,82.36,3.18
module_6,180.0,12.14,80.44,7.42
module_6,180.0,9.7,25.89,64.41
module_6,180.0,9.64,23.1,67.26
module_6,180.0,9.62,15.1,75.29
module_6,180.0,11.78,79.37,8.85
module_6,180.0,11.07,71.56,17.37
module_6,180.0,11.48,76.88,11.64
module_6,180.0,10.52,56.05,33.42
module_6,180.0,10.27,43.26,46.47
module_6,180.0,10.41,49.37,40.22
module_6,180.0,10.82,64.03,25.15
module_6,180.0,10.14,38.08,51.78
module_6,180.0,10.08,34.38,55.53
module_6,180.0,10.11,36.49,53.4
module_6,180.0,9.62,17.21,73.18
module_6,180.0,10.0,33.12,56.88
module_6,180.0,10.08,37.75,52.16
module_6,180.0,9.62,14.71,75.67
module_6,180.0,9.62,17.84,72.55
module_6,180.0,9.7,22.3,68.0
module_6,180.0,9.7,26.08,64.22
module_6,180.0,9.78,28.79,61.42
module_6,180.0,9.92,32.44,57.64
module_6,180.0,9.62,14.71,75.67
module_6,180.0,9.62,17.62,72.77
module_6,180.0,9.7,21.53,68.77
module_6,180.0,9.7,24.68,65.62
module_6,180.0,9.7,27.15,63.15
module_6,180.0,9.86,30.33,59.81
module_6,180.0,9.62,15.26,75.12
module_6,180.0,9.62,18.05,72.33
module_6,180.0,9.64,20.22,70.14
module_6,180.0,9.7,22.33,67.97
module_6,180.0,9.7,25.15,65.15
module_6,180.0,9.78,28.93,61.29
module_6,180.0,9.62,16.77,73.62
module_6,180.0,9.64,18.93,71.42
module_6,180.0,9.62,18.68,71.7
module_6,180.0,9.62,19.56,70.82
module_6,180.0,9.62,22.08,68.3
module_6,180.0,9.7,26.58,63.73
module_6,180.0,9.7,19.89,70.41
module_6,180.0,9.7,24.74,65.56
module_6,180.0,9.78,27.21,63.01
module_6,180.0,10.08,36.68,53.23
module_6,180.0,10.0,32.9,57.1
module_6,180.0,9.7,20.11,70.19
module_6,180.0,9.7,23.29,67.01
module_6,180.0,9.62,15.73,74.66
module_6,180.0,10.0,33.67,56.33
module_6,180.0,9.97,32.41,57.62
module_6,180.0,9.62,18.19,72.19
module_6,180.0,9.64,27.37,62.99
module_6,180.0,9.7,32.38,57.92
module_6,180.0,9.89,35.95,54.16
module_6,180.0,10.0,38.27,51.73
module_6,180.0,10.14,41.42,48.44
module_6,180.0,9.62,16.49,73.89
module_6,180.0,9.7,25.21,65.1
module_6,180.0,9.78,31.01,59.21
module_6,180.0,9.97,35.59,54.44
module_6,180.0,10.08,37.32,52.6
module_6,180.0,9.62,20.0,70.38
module_6,180.0,9.7,21.64,68.66
module_6,180.0,9.7,26.55,63.75
module_6,180.0,9.89,31.34,58.77
module_6,180.0,10.0,34.11,55.89
module_6,180.0,9.62,14.05,76.33
module_6,180.0,9.62,18.44,71.95
module_6,180.0,9.7,24.05,66.25
module_6,180.0,9.78,28.19,62.03
module_6,180.0,9.89,30.82,59.29
module_6,180.0,9.62,13.73,76.66
module_6,180.0,9.62,16.19,74.19
module_6,180.0,9.7,21.42,68.88
module_6,180.0,9.7,26.0,64.3
module_6,180.0,9.78,28.66,61.56
module_6,180.0,10.93,66.05,23.01
module_6,180.0,10.08,49.42,40.49
module_6,180.0,10.3,54.44,35.26
module_6,180.0,10.63,60.33,29.04
module_6,180.0,11.29,66.05,22.66
module_6,180.0,9.62,18.41,71.97
module_6,180.0,9.7,33.51,56.79
module_6,180.0,10.08,46.22,43.7
module_6,180.0,10.52,56.03,33.45
module_6,180.0,11.04,63.12,25.84
module_6,180.0,9.62,15.4,74.99
module_6,180.0,9.7,27.84,62.47
module_6,180.0,10.0,42.14,47.86
module_6,180.0,10.38,54.19,35.42
module_6,180.0,10.96,61.04,28.0
module_6,180.0,9.64,24.9,65.45
module_6,180.0,9.78,37.15,53.07
module_6,180.0,10.11,47.48,42.41
module_6,180.0,10.44,56.05,33.51
module_6,180.0,11.07,63.07,25.86
module_6,180.0,12.03,71.75,16.22
module_6,180.0,10.14,52.0,37.86
module_6,180.0,10.27,53.67,36.05
module_6,180.0,10.66,59.56,29.78
module_6,180.0,11.21,67.29,21.51
module_6,180.0,56.25,43.75,0.0
module_6,180.0,53.01,46.99,0.0
module_6,180.0,48.05,51.95,0.0
module_6,180.0,47.29,52.71,0.0
module_6,180.0,39.32,60.68,0.0
module_6,180.0,37.29,62.71,0.0
module_6,180.0,31.53,68.47,0.0
module_6,180.0,25.75,73.95,0.3
module_6,180.0,18.66,78.33,3.01
module_6,180.0,20.96,77.18,1.86
module_6,180.0,9.89,43.67,46.44
module_6,180.0,10.52,60.22,29.26
module_6,180.0,11.81,74.96,13.23
module_6,180.0,14.71,78.71,6.58
module_6,180.0,17.48,78.9,3.62
module_6,180.0,20.0,77.78,2.22
module_6,180.0,9.89,43.92,46.19
module_6,180.0,10.47,59.18,30.36
module_6,180.0,11.7,74.66,13.64
module_6,180.0,14.47,78.3,7.23
module_6,180.0,17.4,78.66,3.95
module_6,180.0,20.14,77.67,2.19
module_6,180.0,21.75,76.33,1.92
module_6,180.0,45.34,54.66,0.0
module_6,180.0,59.37,40.63,0.0
module_6,180.0,77.51,22.49,0.0
module_6,180.0,87.45,12.55,0.0
module_6,180.0,91.59,8.41,0.0
module_6,180.0,98.3,1.7,0.0
module_6,180.0,99.04,0.96,0.0
module_6,180.0,100,0.0,0.0
module_6,180.0,99.89,0.11,0.0
module_6,180.0,100,0.0,0.0
module_6,180.0,59.59,40.41,0.0
module_6,180.0,52.58,47.42,0.0
module_6,180.0,43.97,56.03,0.0
module_6,180.0,9.62,19.56,70.82
module_6,180.0,9.7,25.62,64.68
module_6,180.0,10.14,55.97,33.89
module_6,180.0,13.53,76.68,9.78
module_6,180.0,10.55,62.74,26.71
module_6,180.0,11.62,72.58,15.81
module_6,180.0,15.51,79.42,5.07
module_6,180.0,65.56,34.44,0.0
module_6,180.0,50.25,49.75,0.0
module_6,180.0,80.49,19.51,0.0
module_6,180.0,86.93,13.07,0.0
module_6,180.0,94.22,5.78,0.0
module_6,180.0,98.68,1.32,0.0
module_6,180.0,99.37,0.63,0.0
module_6,180.0,94.52,5.48,0.0
module_6,180.0,99.75,0.25,0.0
module_6,180.0,99.95,0.05,0.0
module_6,225.0,10.25,61.37,28.38
module_6,225.0,9.64,29.73,60.63
module_6,225.0,9.62,22.55,67.84
module_6,225.0,9.7,52.79,37.51
module_6,225.0,11.29,88.41,0.3
module_6,225.0,10.14,56.66,33.21
module_6,225.0,9.81,44.96,45.23
module_6,225.0,9.73,49.12,41.15
module_6,225.0,9.92,63.42,26.66
module_6,225.0,10.47,82.63,6.9
module_6,225.0,10.58,65.62,23.81
module_6,225.0,10.11,54.25,35.64
module_6,225.0,10.16,61.53,28.3
module_6,225.0,10.47,70.08,19.45
module_6,225.0,10.88,77.89,11.23
module_6,225.0,11.56,73.89,14.55
module_6,225.0,11.1,70.71,18.19
module_6,225.0,11.07,69.04,19.89
module_6,225.0,10.93,73.04,16.03
module_6,225.0,11.92,78.47,9.62
module_6,225.0,12.16,78.11,9.73
module_6,225.0,12.0,77.75,10.25
module_6,225.0,11.97,76.14,11.89
module_6,225.0,12.22,76.3,11.48
module_6,225.0,13.1,78.6,8.3
module_6,225.0,9.64,25.48,64.88
module_6,225.0,9.62,23.97,66.41
module_6,225.0,9.62,21.64,68.74
module_6,225.0,9.62,22.36,68.03
module_6,225.0,9.7,28.14,62.16
module_6,225.0,9.7,30.14,60.16
module_6,225.0,9.7,31.48,58.82
module_6,225.0,9.7,33.86,56.44
module_6,225.0,9.64,30.08,60.27
module_6,225.0,9.7,34.33,55.97
module_6,225.0,9.7,36.88,53.42
module_6,225.0,9.7,39.1,51.21
module_6,225.0,9.7,36.22,54.08
module_6,225.0,9.7,40.0,50.3
module_6,225.0,9.78,43.4,46.82
module_6,225.0,9.89,47.23,42.88
module_6,225.0,9.7,43.48,46.82
module_6,225.0,9.78,50.08,40.14
module_6,225.0,9.92,51.67,38.41
module_6,225.0,10.11,56.11,33.78
module_6,225.0,9.78,52.33,37.89
module_6,225.0,9.95,54.6,35.45
module_6,225.0,10.11,57.48,32.41
module_6,225.0,10.16,60.99,28.85
module_6,225.0,9.62,23.78,66.6
module_6,225.0,9.62,18.19,72.19
module_6,225.0,9.62,18.58,71.81
module_6,225.0,9.62,19.34,71.04
module_6,225.0,9.7,29.37,60.93
module_6,225.0,9.78,35.53,54.68
module_6,225.0,9.62,21.7,68.68
module_6,225.0,9.62,18.96,71.42
module_6,225.0,9.62,18.82,71.56
module_6,225.0,9.62,18.19,72.19
module_6,225.0,9.62,18.44,71.95
module_6,225.0,9.62,18.25,72.14
module_6,225.0,9.62,19.07,71.32
module_6,225.0,9.62,25.23,65.15
module_6,225.0,9.7,34.96,55.34
module_6,225.0,9.73,40.88,49.4
module_6,225.0,9.62,21.04,69.34
module_6,225.0,9.62,25.78,64.6
module_6,225.0,9.64,31.4,58.96
module_6,225.0,9.62,29.07,61.32
module_6,225.0,9.62,25.59,64.79
module_6,225.0,10.99,67.75,21.26
module_6,225.0,10.85,65.42,23.73
module_6,225.0,10.36,59.32,30.33
module_6,225.0,10.14,58.82,31.04
module_6,225.0,9.86,51.89,38.25
module_6,225.0,9.97,50.66,39.37
module_6,225.0,10.11,53.89,36.0
module_6,225.0,10.11,57.21,32.68
module_6,225.0,10.38,67.04,22.58
module_6,225.0,10.25,61.32,28.44
module_6,225.0,10.41,64.27,25.32
module_6,225.0,10.58,73.4,16.03
module_6,225.0,10.49,68.79,20.71
module_6,225.0,10.68,72.88,16.44
module_6,225.0,10.49,68.41,21.1
module_6,225.0,10.3,62.11,27.59
module_6,225.0,10.11,56.49,33.4
module_6,225.0,10.08,53.07,36.85
module_6,225.0,10.41,68.88,20.71
module_6,225.0,10.16,62.71,27.12
module_6,225.0,10.11,56.88,33.01
module_6,225.0,10.08,54.05,35.86
module_6,225.0,9.97,49.97,40.05
module_6,225.0,10.16,65.73,24.11
module_6,225.0,10.08,58.49,31.42
module_6,225.0,9.95,52.19,37.86
module_6,225.0,9.84,46.38,43.78
module_6,225.0,9.7,38.33,51.97
module_6,225.0,9.92,60.3,29.78
module_6,225.0,9.7,44.44,45.86
module_6,225.0,9.7,38.63,51.67
module_6,225.0,9.7,31.67,58.63
module_6,225.0,9.7,30.49,59.81
module_6,225.0,9.7,47.81,42.49
module_6,225.0,9.64,31.97,58.38
module_6,225.0,9.7,34.03,56.27
module_6,225.0,9.62,23.4,66.99
module_6,225.0,9.62,20.82,69.56
module_6,225.0,32.33,67.67,0.0
module_6,225.0,20.47,78.05,1.48
module_6,225.0,20.47,72.58,6.96
module_6,225.0,23.23,70.05,6.71
module_6,225.0,26.93,73.07,0.0
module_6,225.0,18.47,75.78,5.75
module_6,225.0,18.3,72.49,9.21
module_6,225.0,21.12,72.82,6.05
module_6,225.0,27.86,71.75,0.38
module_6,225.0,19.07,72.55,8.38
module_6,225.0,18.88,73.15,7.97
module_6,225.0,21.21,73.75,5.04
module_6,225.0,30.6,67.48,1.92
module_6,225.0,22.19,72.68,5.12
module_6,225.0,22.63,73.34,4.03
module_6,225.0,24.08,73.12,2.79
module_6,225.0,41.18,58.82,0.0
module_6,225.0,27.15,70.79,2.05
module_6,225.0,24.55,72.85,2.6
module_6,225.0,26.79,71.12,2.08
module_6,225.0,100,0.0,0.0
module_6,225.0,100,0.0,0.0
module_6,225.0,100,0.0,0.0
module_6,225.0,100,0.0,0.0
module_6,225.0,100,0.0,0.0
module_6,225.0,100,0.0,0.0
module_6,225.0,100,0.0,0.0
module_6,225.0,100,0.0,0.0
module_6,225.0,100,0.0,0.0
module_6,225.0,100,0.0,0.0
module_6,225.0,100,0.0,0.0
module_6,225.0,100,0.0,0.0
module_6,225.0,100,0.0,0.0
module_6,225.0,100,0.0,0.0
module_6,225.0,100,0.0,0.0
module_6,225.0,100,0.0,0.0
module_6,225.0,100,0.0,0.0
module_6,225.0,100,0.0,0.0
module_6,225.0,100,0.0,0.0
module_6,225.0,100,0.0,0.0
module_6,225.0,100,0.0,0.0
module_6,225.0,100,0.0,0.0
module_6,225.0,100,0.0,0.0
module_6,225.0,100,0.0,0.0
module_6,225.0,99.67,0.33,0.0
module_6,225.0,99.51,0.49,0.0
module_6,225.0,98.47,1.53,0.0
module_6,225.0,95.37,4.63,0.0
module_6,225.0,78.9,21.1,0.0
module_6,225.0,68.38,31.62,0.0
module_6,225.0,25.78,73.01,1.21
module_6,225.0,23.86,74.79,1.34
module_6,225.0,19.67,77.48,2.85
module_6,225.0,15.92,78.19,5.89
module_6,225.0,13.15,72.82,14.03
module_6,225.0,10.6,64.16,25.23
module_6,225.0,9.89,50.16,39.95
module_6,225.0,23.75,75.23,1.01
module_6,225.0,20.0,77.64,2.36
module_6,225.0,16.71,77.26,6.03
module_6,225.0,13.18,73.78,13.04
module_6,225.0,10.77,72.63,16.6
module_6,225.0,9.89,59.51,30.6
module_6,225.0,25.62,73.26,1.12
module_6,225.0,22.44,74.79,2.77
module_6,225.0,47.78,52.22,0.0
module_6,225.0,46.11,53.89,0.0
module_6,225.0,63.67,36.33,0.0
module_6,225.0,61.75,38.25,0.0
module_6,225.0,75.1,24.9,0.0
module_6,225.0,72.88,27.12,0.0
module_6,225.0,86.05,13.95,0.0
module_6,225.0,82.6,17.4,0.0
module_6,225.0,100,0.0,0.0
module_6,225.0,100,0.0,0.0
module_6,225.0,100,0.0,0.0
module_6,225.0,100,0.0,0.0
module_6,225.0,100,0.0,0.0
module_6,225.0,100,0.0,0.0
module_6,225.0,100,0.0,0.0
module_6,225.0,100,0.0,0.0
module_6,225.0,100,0.0,0.0
module_6,225.0,100,0.0,0.0
module_6,225.0,99.89,0.11,0.0
module_6,225.0,94.16,5.84,0.0
module_6,225.0,77.81,22.19,0.0
module_6,225.0,98.47,1.53,0.0
module_6,225.0,45.29,54.71,0.0
module_6,225.0,100,0.0,0.0
module_6,225.0,100,0.0,0.0
module_6,225.0,99.73,0.27,0.0
module_6,225.0,98.96,1.04,0.0
module_6,225.0,100,0.0,0.0
module_6,225.0,99.4,0.6,0.0
module_6,225.0,100,0.0,0.0
module_6,225.0,100,0.0,0.0
module_6,225.0,99.97,0.03,0.0
module_6,225.0,100,0.0,0.0
module_6,225.0,100,0.0,0.0
module_6,225.0,100,0.0,0.0
module_6,225.0,100,0.0,0.0
module_6,225.0,95.34,4.66,0.0
module_6,225.0,84.44,15.56,0.0
module_6,225.0,67.01,32.99,0.0
module_6,225.0,70.68,29.32,0.0
module_6,225.0,23.56,74.58,1.86
module_6,225.0,78.77,21.23,0.0
module_6,225.0,93.29,6.71,0.0
module_6,225.0,10.19,61.56,28.25
module_6,225.0,10.41,64.0,25.59
module_6,225.0,10.9,67.78,21.32
module_6,225.0,12.93,74.68,12.38
module_6,225.0,17.12,79.1,3.78
module_6,225.0,97.45,2.55,0.0
module_6,225.0,26.71,72.41,0.88
module_6,225.0,26.14,72.93,0.93
module_6,225.0,25.62,73.37,1.01
module_6,225.0,26.38,72.66,0.96
module_6,225.0,30.11,69.26,0.63
module_6,225.0,20.55,77.1,2.36
module_6,225.0,53.67,46.33,0.0
module_6,225.0,15.78,79.04,5.18
module_6,225.0,62.52,37.48,0.0
module_6,225.0,71.53,28.47,0.0
module_6,225.0,89.01,10.99,0.0
module_6,225.0,88.19,11.81,0.0
module_6,225.0,72.85,27.15,0.0
module_6,225.0,85.64,14.36,0.0
module_6,225.0,88.74,11.26,0.0
module_6,225.0,86.44,13.56,0.0
module_6,225.0,14.0,75.51,10.49
module_6,225.0,13.92,75.56,10.52
module_6,225.0,14.74,76.3,8.96
module_6,225.0,66.25,33.75,0.0
module_6,225.0,11.4,76.55,12.05
module_6,225.0,19.48,76.33,4.19
module_6,225.0,9.7,35.15,55.15
module_6,225.0,9.78,44.11,46.11
module_6,225.0,10.22,61.1,28.68
module_6,225.0,11.15,88.68,0.16
module_6,225.0,9.7,57.62,32.68
module_6,225.0,10.41,77.4,12.19
module_6,225.0,12.41,76.79,10.79
module_6,225.0,11.29,70.82,17.89
module_6,225.0,64.0,36.0,0.0
module_6,225.0,78.33,21.67,0.0
module_6,225.0,100,0.0,0.0
module_6,225.0,85.97,14.03,0.0
module_6,225.0,100,0.0,0.0
module_6,225.0,92.82,7.18,0.0
module_6,225.0,91.18,8.82,0.0
module_6,225.0,100,0.0,0.0
module_6,225.0,10.47,84.77,4.77
module_6,225.0,10.77,77.51,11.73
module_6,225.0,100,0.0,0.0
module_6,225.0,100,0.0,0.0
module_6,225.0,100,0.0,0.0
module_6,225.0,100,0.0,0.0
module_6,225.0,9.78,50.22,40.0
module_6,225.0,9.7,39.29,51.01
module_6,225.0,9.62,31.12,59.26
module_6,225.0,9.62,26.0,64.38
module_6,225.0,9.62,26.49,63.89
module_6,225.0,9.62,23.34,67.04
module_6,225.0,9.92,53.92,36.16
module_6,225.0,9.73,48.27,42.0
module_6,225.0,9.7,38.0,52.3
module_6,225.0,9.7,32.05,58.25
module_6,225.0,9.62,27.48,62.9
module_6,225.0,9.62,21.78,68.6
module_6,225.0,10.08,57.97,31.95
module_6,225.0,9.92,53.51,36.58
module_6,225.0,9.7,44.14,46.16
module_6,225.0,9.7,36.41,53.89
module_6,225.0,9.64,29.78,60.58
module_6,225.0,9.62,22.19,68.19
module_6,225.0,10.16,62.11,27.73
module_6,225.0,10.08,58.22,31.7
module_6,225.0,9.78,49.12,41.1
module_6,225.0,9.7,39.89,50.41
module_6,225.0,9.67,31.21,59.12
module_6,225.0,9.62,23.23,67.15
module_6,225.0,10.38,65.51,24.11
module_6,225.0,10.14,62.22,27.64
module_6,225.0,9.92,53.48,36.6
module_6,225.0,9.73,45.92,44.36
module_6,225.0,9.7,33.75,56.55
module_6,225.0,9.62,24.47,65.92
module_6,225.0,10.58,69.45,19.97
module_6,225.0,10.38,65.95,23.67
module_6,225.0,10.0,57.97,32.03
module_6,225.0,9.78,51.15,39.07
module_6,225.0,9.7,38.3,52.0
module_6,225.0,9.62,26.82,63.56
module_6,225.0,10.74,72.99,16.27
module_6,225.0,10.58,70.38,19.04
module_6,225.0,10.11,63.42,26.47
module_6,225.0,9.92,57.18,32.9
module_6,225.0,9.7,45.21,45.1
module_6,225.0,9.62,32.36,58.03
module_6,225.0,11.18,75.7,13.12
module_6,225.0,10.9,72.52,16.58
module_6,225.0,10.38,69.45,20.16
module_6,225.0,10.11,64.99,24.9
module_6,225.0,9.78,55.15,35.07
module_6,225.0,9.7,46.79,43.51
module_6,225.0,11.67,78.44,9.89
module_6,225.0,11.48,77.18,11.34
module_6,225.0,10.71,74.03,15.26
module_6,225.0,10.47,69.56,19.97
module_6,225.0,10.08,65.26,24.66
module_6,225.0,10.0,68.71,21.29
module_6,225.0,12.36,79.75,7.89
module_6,225.0,12.03,79.7,8.27
module_6,225.0,11.18,76.05,12.77
module_6,225.0,10.71,73.67,15.62
module_6,225.0,10.36,66.68,22.96
module_6,225.0,10.19,67.81,22.0
module_6,225.0,13.34,81.23,5.42
module_6,225.0,12.99,80.85,6.16
module_6,225.0,11.75,79.97,8.27
module_6,225.0,11.1,75.78,13.12
module_6,225.0,10.38,63.1,26.52
module_6,225.0,9.97,52.58,37.45
module_6,225.0,13.89,81.59,4.52
module_6,225.0,13.81,81.04,5.15
module_6,225.0,12.38,80.85,6.77
module_6,225.0,11.4,73.45,15.15
module_6,225.0,10.38,60.38,29.23
module_6,225.0,9.78,48.88,41.34
module_6,225.0,14.66,83.73,1.62
module_6,225.0,14.14,82.68,3.18
module_6,225.0,13.18,81.37,5.45
module_6,225.0,11.84,74.58,13.59
module_6,225.0,10.47,63.75,25.78
module_6,225.0,9.78,52.49,37.73
module_6,225.0,15.53,82.66,1.81
module_6,225.0,14.74,82.33,2.93
module_6,225.0,13.86,81.01,5.12
module_6,225.0,12.44,76.58,10.99
module_6,225.0,10.71,68.19,21.1
module_6,225.0,9.95,61.32,28.74
module_6,225.0,16.33,82.36,1.32
module_6,225.0,15.48,81.56,2.96
module_6,225.0,14.33,80.71,4.96
module_6,225.0,13.07,77.18,9.75
module_6,225.0,11.4,74.0,14.6
module_6,225.0,11.21,77.86,10.93
module_6,225.0,16.88,81.75,1.37
module_6,225.0,15.92,81.23,2.85
module_6,225.0,14.77,80.6,4.63
module_6,225.0,13.34,78.44,8.22
module_6,225.0,11.86,76.08,12.05
module_6,225.0,11.59,74.93,13.48
module_6,225.0,17.78,80.93,1.29
module_6,225.0,16.63,80.58,2.79
module_6,225.0,14.96,80.93,4.11
module_6,225.0,13.07,77.04,9.89
module_6,225.0,11.32,71.04,17.64
module_6,225.0,10.25,63.62,26.14
module_6,225.0,18.9,79.75,1.34
module_6,225.0,17.1,80.08,2.82
module_6,225.0,15.21,79.29,5.51
module_6,225.0,12.85,73.92,13.23
module_6,225.0,10.74,68.79,20.47
module_6,225.0,9.86,55.45,34.68
module_6,225.0,20.47,78.49,1.04
module_6,225.0,18.33,79.23,2.44
module_6,225.0,15.67,77.89,6.44
module_6,225.0,13.15,73.07,13.78
module_6,225.0,10.74,71.07,18.19
module_6,225.0,10.11,73.15,16.74
module_6,225.0,22.77,76.14,1.1
module_6,225.0,20.38,76.99,2.63
module_6,225.0,36.25,63.75,0.0
module_6,225.0,36.58,63.42,0.0
module_6,225.0,42.41,57.59,0.0
module_6,225.0,46.85,53.15,0.0
module_6,225.0,48.93,51.07,0.0
module_6,225.0,57.12,42.88,0.0
module_6,225.0,53.4,46.6,0.0
module_6,225.0,61.81,38.19,0.0
module_6,225.0,10.6,63.42,25.97
module_6,225.0,10.19,57.81,32.0
module_6,225.0,10.9,64.85,24.25
module_6,225.0,10.11,58.16,31.73
module_6,225.0,10.36,61.45,28.19
module_6,225.0,10.47,64.74,24.79
module_6,225.0,9.62,27.12,63.26
module_6,225.0,9.89,51.95,38.16
module_6,225.0,9.62,23.84,66.55
module_6,225.0,9.64,31.75,58.6
module_6,225.0,10.55,67.78,21.67
module_6,225.0,10.71,72.11,17.18
module_6,225.0,11.53,77.56,10.9
module_6,225.0,11.07,74.55,14.38
module_6,225.0,12.47,81.92,5.62
module_6,225.0,13.92,83.7,2.38
module_6,225.0,13.34,83.45,3.21
module_6,225.0,11.97,79.62,8.41
module_6,225.0,9.62,19.95,70.44
module_6,225.0,9.62,23.51,66.88
module_6,225.0,9.7,33.86,56.44
module_6,225.0,9.62,19.7,70.68
module_6,225.0,9.7,28.27,62.03
module_6,225.0,9.62,19.1,71.29
module_6,225.0,9.62,19.53,70.85
module_6,225.0,9.62,24.88,65.51
module_6,225.0,9.62,18.99,71.4
module_6,225.0,9.62,20.22,70.16
module_6,225.0,9.62,19.42,70.96
module_6,225.0,9.62,19.95,70.44
module_6,225.0,9.62,19.84,70.55
module_6,225.0,9.62,22.52,67.86
module_6,225.0,9.7,51.18,39.12
module_6,225.0,9.62,26.25,64.14
module_6,225.0,10.55,69.21,20.25
module_6,225.0,9.7,51.75,38.55
module_6,225.0,9.78,53.21,37.01
module_6,225.0,10.82,83.64,5.53
module_6,225.0,9.62,20.11,70.27
module_6,225.0,9.62,20.68,69.7
module_6,225.0,9.62,21.51,68.88
module_6,225.0,9.62,27.84,62.55
module_6,225.0,14.88,79.4,5.73
module_6,225.0,10.08,71.26,18.66
module_6,225.0,11.62,88.38,0.0
module_6,225.0,10.68,73.78,15.53
module_6,225.0,10.08,71.86,18.05
module_6,225.0,9.62,20.93,69.45
module_6,225.0,14.25,83.92,1.84
module_6,225.0,14.93,83.78,1.29
module_6,225.0,16.25,82.63,1.12
module_6,225.0,15.51,83.26,1.23
module_6,225.0,18.16,80.82,1.01
module_6,225.0,20.93,78.14,0.93
module_6,225.0,19.4,79.51,1.1
module_6,225.0,17.15,81.95,0.9
module_6,225.0,35.4,64.6,0.0
module_6,225.0,28.77,71.23,0.0
module_6,225.0,49.86,50.14,0.0
module_6,225.0,43.04,56.96,0.0
module_6,225.0,45.48,54.52,0.0
module_6,225.0,56.9,43.1,0.0
module_6,225.0,46.82,53.18,0.0
module_6,225.0,52.0,48.0,0.0
module_6,225.0,46.74,53.26,0.0
module_6,225.0,52.03,47.97,0.0
module_6,225.0,59.75,40.25,0.0
module_6,225.0,42.96,57.04,0.0
module_6,225.0,9.84,68.14,22.03
module_6,225.0,14.93,79.04,6.03
module_6,225.0,11.95,86.11,1.95
module_6,225.0,13.42,76.03,10.55
module_6,225.0,11.42,76.63,11.95
module_6,225.0,10.58,68.55,20.88
module_6,225.0,10.27,75.95,13.78
module_6,225.0,20.3,79.7,0.0
module_6,225.0,12.25,87.75,0.0
module_6,225.0,9.89,50.9,39.21
module_6,225.0,17.97,78.36,3.67
module_6,225.0,9.62,29.07,61.32
module_6,225.0,9.7,62.93,27.37
module_6,225.0,9.7,37.67,52.63
module_6,225.0,9.7,55.62,34.68
module_6,225.0,100,0.0,0.0
module_6,225.0,100,0.0,0.0
module_6,225.0,66.33,33.67,0.0
module_6,225.0,70.05,29.95,0.0
module_6,225.0,100,0.0,0.0
module_6,225.0,100,0.0,0.0
module_6,225.0,71.42,28.58,0.0
module_6,225.0,100,0.0,0.0
module_6,225.0,68.19,31.81,0.0
module_6,225.0,100,0.0,0.0
module_6,225.0,10.47,78.14,11.4
module_6,225.0,10.77,77.67,11.56
module_6,225.0,100,0.0,0.0
module_6,225.0,100,0.0,0.0
module_6,225.0,10.47,85.89,3.64
module_6,225.0,100,0.0,0.0
module_6,225.0,11.01,87.4,1.59
module_6,225.0,18.74,77.15,4.11
module_6,225.0,13.32,77.04,9.64
module_6,225.0,9.7,29.42,60.88
module_6,225.0,9.62,27.1,63.29
module_6,225.0,9.62,28.27,62.11
module_6,225.0,11.81,88.19,0.0
module_6,225.0,10.38,60.85,28.77
module_6,225.0,9.78,42.71,47.51
module_6,225.0,9.7,40.33,49.97
module_6,225.0,9.7,52.85,37.45
module_6,225.0,10.19,76.03,13.78
module_6,225.0,10.55,63.92,25.53
module_6,225.0,10.44,60.77,28.79
module_6,225.0,10.11,55.51,34.38
module_6,225.0,10.11,64.85,25.04
module_6,225.0,10.52,75.45,14.03
module_6,225.0,11.4,71.97,16.63
module_6,225.0,10.93,67.56,21.51
module_6,225.0,10.71,65.86,23.42
module_6,225.0,11.26,72.36,16.38
module_6,225.0,11.45,76.93,11.62
module_6,225.0,12.88,78.22,8.9
module_6,225.0,11.95,76.6,11.45
module_6,225.0,11.78,75.59,12.63
module_6,225.0,11.95,75.45,12.6
module_6,225.0,12.41,78.68,8.9
module_6,225.0,9.62,24.11,66.27
module_6,225.0,9.62,22.03,68.36
module_6,225.0,9.62,23.92,66.47
module_6,225.0,9.62,24.38,66.0
module_6,225.0,9.7,28.63,61.67
module_6,225.0,9.7,28.14,62.16
module_6,225.0,9.7,28.66,61.64
module_6,225.0,9.7,29.64,60.66
module_6,225.0,9.62,29.1,61.29
module_6,225.0,9.7,34.99,55.32
module_6,225.0,9.7,38.38,51.92
module_6,225.0,9.78,40.77,49.45
module_6,225.0,9.64,32.38,57.97
module_6,225.0,9.7,40.44,49.86
module_6,225.0,9.78,44.9,45.32
module_6,225.0,9.92,49.23,40.85
module_6,225.0,9.7,37.45,52.85
module_6,225.0,9.7,45.1,45.21
module_6,225.0,9.92,52.74,37.34
module_6,225.0,10.0,53.32,36.68
module_6,225.0,9.95,54.58,35.48
module_6,225.0,10.0,55.62,34.38
module_6,225.0,10.11,58.77,31.12
module_6,225.0,10.19,61.62,28.19
module_6,225.0,9.7,29.67,60.63
module_6,225.0,9.7,29.56,60.74
module_6,225.0,9.62,23.67,66.71
module_6,225.0,9.7,31.78,58.52
module_6,225.0,9.78,42.71,47.51
module_6,225.0,9.62,29.26,61.12
module_6,225.0,10.19,59.4,30.41
module_6,225.0,10.16,59.59,30.25
module_6,225.0,9.92,48.71,41.37
module_6,225.0,10.47,67.7,21.84
module_6,225.0,10.3,60.82,28.88
module_6,225.0,10.68,73.97,15.34
module_6,225.0,10.49,69.48,20.03
module_6,225.0,10.38,63.64,25.97
module_6,225.0,10.14,58.71,31.15
module_6,225.0,10.11,54.11,35.78
module_6,225.0,10.49,71.21,18.3
module_6,225.0,10.41,66.22,23.37
module_6,225.0,10.16,60.88,28.96
module_6,225.0,10.0,53.53,36.47
module_6,225.0,9.92,49.04,41.04
module_6,225.0,10.11,67.56,22.33
module_6,225.0,10.0,58.44,31.56
module_6,225.0,9.92,51.42,38.66
module_6,225.0,9.78,45.12,45.1
module_6,225.0,9.78,43.04,47.18
module_6,225.0,9.89,64.3,25.81
module_6,225.0,9.78,52.08,38.14
module_6,225.0,9.73,44.11,46.16
module_6,225.0,9.7,38.14,52.16
module_6,225.0,9.64,28.08,62.27
module_6,225.0,9.78,67.01,23.21
module_6,225.0,9.62,23.7,66.68
module_6,225.0,9.75,44.82,45.42
module_6,225.0,9.62,21.15,69.23
module_6,225.0,9.62,19.15,71.23
module_6,225.0,39.86,60.14,0.0
module_6,225.0,21.04,78.82,0.14
module_6,225.0,18.9,73.53,7.56
module_6,225.0,20.44,71.37,8.19
module_6,225.0,34.99,65.01,0.0
module_6,225.0,19.37,77.78,2.85
module_6,225.0,18.22,72.96,8.82
module_6,225.0,19.75,72.03,8.22
module_6,225.0,35.56,64.44,0.0
module_6,225.0,21.32,72.93,5.75
module_6,225.0,19.62,73.64,6.74
module_6,225.0,20.66,74.0,5.34
module_6,225.0,41.59,58.41,0.0
module_6,225.0,25.64,69.37,4.99
module_6,225.0,21.64,73.53,4.82
module_6,225.0,22.66,74.11,3.23
module_6,225.0,44.05,55.95,0.0
module_6,225.0,30.88,68.3,0.82
module_6,225.0,26.03,71.95,2.03
module_6,225.0,26.79,71.56,1.64
module_6,225.0,100,0.0,0.0
module_6,225.0,100,0.0,0.0
module_6,225.0,100,0.0,0.0
module_6,225.0,100,0.0,0.0
module_6,225.0,100,0.0,0.0
module_6,225.0,100,0.0,0.0
module_6,225.0,100,0.0,0.0
module_6,225.0,100,0.0,0.0
module_6,225.0,100,0.0,0.0
module_6,225.0,100,0.0,0.0
module_6,225.0,100,0.0,0.0
module_6,225.0,100,0.0,0.0
module_6,225.0,100,0.0,0.0
module_6,225.0,100,0.0,0.0
module_6,225.0,100,0.0,0.0
module_6,225.0,100,0.0,0.0
module_6,225.0,100,0.0,0.0
module_6,225.0,100,0.0,0.0
module_6,225.0,100,0.0,0.0
module_6,225.0,100,0.0,0.0
module_6,225.0,100,0.0,0.0
module_6,225.0,100,0.0,0.0
module_6,225.0,100,0.0,0.0
module_6,225.0,100,0.0,0.0
module_6,225.0,100,0.0,0.0
module_6,225.0,99.59,0.41,0.0
module_6,225.0,98.88,1.12,0.0
module_6,225.0,96.41,3.59,0.0
module_6,225.0,84.14,15.86,0.0
module_6,225.0,56.79,43.21,0.0
module_6,225.0,25.86,73.21,0.93
module_6,225.0,24.52,74.36,1.12
module_6,225.0,20.82,76.74,2.44
module_6,225.0,17.07,78.3,4.63
module_6,225.0,14.08,74.74,11.18
module_6,225.0,11.12,69.51,19.37
module_6,225.0,10.03,55.53,34.44
module_6,225.0,25.45,73.62,0.93
module_6,225.0,21.97,75.92,2.11
module_6,225.0,17.32,78.14,4.55
module_6,225.0,14.27,74.19,11.53
module_6,225.0,11.23,71.42,17.34
module_6,225.0,10.14,70.03,19.84
module_6,225.0,26.79,72.27,0.93
module_6,225.0,23.92,74.14,1.95
module_6,225.0,33.51,66.22,0.27
module_6,225.0,50.99,49.01,0.0
module_6,225.0,58.3,41.7,0.0
module_6,225.0,65.7,34.3,0.0
module_6,225.0,69.92,30.08,0.0
module_6,225.0,74.79,25.21,0.0
module_6,225.0,82.55,17.45,0.0
module_6,225.0,81.15,18.85,0.0
module_6,225.0,100,0.0,0.0
module_6,225.0,100,0.0,0.0
module_6,225.0,100,0.0,0.0
module_6,225.0,100,0.0,0.0
module_6,225.0,100,0.0,0.0
module_6,225.0,99.86,0.14,0.0
module_6,225.0,96.77,3.23,0.0
module_6,225.0,83.48,16.52,0.0
module_6,225.0,98.96,1.04,0.0
module_6,225.0,62.47,37.53,0.0
module_6,225.0,26.55,72.55,0.9
module_6,225.0,25.78,73.32,0.9
module_6,225.0,25.7,73.42,0.88
module_6,225.0,27.45,71.64,0.9
module_6,225.0,37.53,62.47,0.0
module_6,225.0,59.59,40.41,0.0
module_6,225.0,54.44,45.56,0.0
module_6,225.0,73.78,26.22,0.0
module_6,225.0,82.49,17.51,0.0
module_6,225.0,69.21,30.79,0.0
module_6,225.0,87.84,12.16,0.0
module_6,225.0,9.62,30.05,60.33
module_6,225.0,80.63,19.37,0.0
module_6,225.0,86.0,14.0,0.0
module_6,225.0,9.92,54.27,35.81
module_6,225.0,9.7,39.29,51.01
module_6,225.0,9.64,34.85,55.51
module_6,225.0,9.62,29.7,60.68
module_6,225.0,9.62,26.49,63.89
module_6,225.0,9.62,24.11,66.27
module_6,225.0,10.0,57.15,32.85
module_6,225.0,9.7,48.77,41.53
module_6,225.0,9.7,42.63,47.67
module_6,225.0,9.7,35.84,54.47
module_6,225.0,9.64,29.29,61.07
module_6,225.0,9.62,23.62,66.77
module_6,225.0,10.14,60.49,29.37
module_6,225.0,9.92,54.22,35.86
module_6,225.0,9.78,48.58,41.64
module_6,225.0,9.7,40.36,49.95
module_6,225.0,9.7,31.51,58.79
module_6,225.0,9.62,24.49,65.89
module_6,225.0,10.36,63.84,25.81
module_6,225.0,10.11,58.77,31.12
module_6,225.0,9.92,53.51,36.58
module_6,225.0,9.73,44.27,46.0
module_6,225.0,9.7,34.74,55.56
module_6,225.0,9.62,25.7,64.68
module_6,225.0,10.49,68.22,21.29
module_6,225.0,10.16,62.79,27.04
module_6,225.0,10.0,56.99,33.01
module_6,225.0,9.78,47.59,42.63
module_6,225.0,9.7,38.71,51.59
module_6,225.0,9.62,28.27,62.11
module_6,225.0,10.71,71.62,17.67
module_6,225.0,10.41,67.23,22.36
module_6,225.0,10.11,62.36,27.53
module_6,225.0,9.86,52.0,38.14
module_6,225.0,9.7,44.41,45.89
module_6,225.0,9.62,32.08,58.3
module_6,225.0,11.04,74.6,14.36
module_6,225.0,10.58,71.01,18.41
module_6,225.0,10.38,66.11,23.51
module_6,225.0,9.97,57.84,32.19
module_6,225.0,9.78,51.7,38.52
module_6,225.0,9.7,40.58,49.73
module_6,225.0,11.51,77.07,11.42
module_6,225.0,10.93,74.68,14.38
module_6,225.0,10.58,71.04,18.38
module_6,225.0,10.11,64.77,25.12
module_6,225.0,9.95,60.41,29.64
module_6,225.0,9.73,55.34,34.93
module_6,225.0,12.03,79.23,8.74
module_6,225.0,11.48,77.97,10.55
module_6,225.0,11.01,75.45,13.53
module_6,225.0,10.47,71.29,18.25
module_6,225.0,10.16,67.7,22.14
module_6,225.0,10.11,69.01,20.88
module_6,225.0,12.77,80.19,7.04
module_6,225.0,12.03,78.77,9.21
module_6,225.0,11.62,78.55,9.84
module_6,225.0,10.71,76.3,12.99
module_6,225.0,10.47,70.88,18.66
module_6,225.0,10.14,62.55,27.32
module_6,225.0,13.56,81.45,4.99
module_6,225.0,12.99,80.99,6.03
module_6,225.0,12.19,80.38,7.42
module_6,225.0,11.37,76.16,12.47
module_6,225.0,10.58,66.52,22.9
module_6,225.0,10.0,52.05,37.95
module_6,225.0,14.22,82.99,2.79
module_6,225.0,13.75,80.79,5.45
module_6,225.0,13.12,81.56,5.32
module_6,225.0,11.62,76.58,11.81
module_6,225.0,10.58,66.85,22.58
module_6,225.0,9.95,52.58,37.48
module_6,225.0,14.96,83.53,1.51
module_6,225.0,14.58,82.82,2.6
module_6,225.0,13.84,81.59,4.58
module_6,225.0,12.05,77.45,10.49
module_6,225.0,10.85,70.0,19.15
module_6,225.0,10.0,58.19,31.81
module_6,225.0,15.42,82.96,1.62
module_6,225.0,15.37,82.08,2.55
module_6,225.0,14.3,81.32,4.38
module_6,225.0,12.82,78.44,8.74
module_6,225.0,11.4,73.81,14.79
module_6,225.0,10.25,66.66,23.1
module_6,225.0,16.22,82.58,1.21
module_6,225.0,15.97,81.4,2.63
module_6,225.0,14.85,81.29,3.86
module_6,225.0,13.53,79.29,7.18
module_6,225.0,12.03,76.41,11.56
module_6,225.0,10.71,73.84,15.45
module_6,225.0,16.79,82.03,1.18
module_6,225.0,16.6,80.9,2.49
module_6,225.0,15.18,80.6,4.22
module_6,225.0,13.89,80.0,6.11
module_6,225.0,12.14,75.64,12.22
module_6,225.0,11.56,75.73,12.71
module_6,225.0,17.56,81.32,1.12
module_6,225.0,16.99,80.85,2.16
module_6,225.0,15.59,80.63,3.78
module_6,225.0,13.86,78.47,7.67
module_6,225.0,11.59,73.18,15.23
module_6,225.0,10.63,72.68,16.68
module_6,225.0,18.74,79.95,1.32
module_6,225.0,17.89,79.84,2.27
module_6,225.0,16.3,79.37,4.33
module_6,225.0,13.73,75.95,10.33
module_6,225.0,11.23,69.51,19.26
module_6,225.0,10.11,60.49,29.4
module_6,225.0,19.89,79.15,0.96
module_6,225.0,19.4,78.33,2.27
module_6,225.0,17.1,78.58,4.33
module_6,225.0,13.92,74.05,12.03
module_6,225.0,11.51,73.81,14.68
module_6,225.0,10.14,68.99,20.88
module_6,225.0,22.27,76.63,1.1
module_6,225.0,22.33,75.86,1.81
module_6,225.0,28.52,71.48,0.0
module_6,225.0,38.47,61.53,0.0
module_6,225.0,40.25,59.75,0.0
module_6,225.0,47.73,52.27,0.0
module_6,225.0,47.89,52.11,0.0
module_6,225.0,58.38,41.62,0.0
module_6,225.0,51.45,48.55,0.0
module_6,225.0,61.18,38.82,0.0
module_6,225.0,10.19,57.81,32.0
module_6,225.0,10.16,58.88,30.96
module_6,225.0,10.16,60.99,28.85
module_6,225.0,10.38,64.14,25.48
module_6,225.0,9.62,26.74,63.64
module_6,225.0,10.58,68.3,21.12
module_6,225.0,10.71,71.1,18.19
module_6,225.0,11.4,76.41,12.19
module_6,225.0,10.99,73.92,15.1
module_6,225.0,12.44,80.71,6.85
module_6,225.0,13.84,83.12,3.04
module_6,225.0,13.21,82.63,4.16
module_6,225.0,11.86,78.88,9.26
module_6,225.0,9.62,21.78,68.6
module_6,225.0,9.64,28.25,62.11
module_6,225.0,9.7,28.71,61.59
module_6,225.0,14.66,84.16,1.18
module_6,225.0,15.48,83.42,1.1
module_6,225.0,16.99,82.03,0.99
module_6,225.0,16.11,82.85,1.04
module_6,225.0,18.93,80.0,1.07
module_6,225.0,22.27,76.82,0.9
module_6,225.0,20.16,78.93,0.9
module_6,225.0,17.59,81.51,0.9
module_6,225.0,41.26,58.74,0.0
module_6,225.0,23.4,75.95,0.66
module_6,225.0,49.62,50.38,0.0
module_6,225.0,46.38,53.62,0.0
module_6,225.0,58.16,41.84,0.0
module_6,225.0,13.97,76.96,9.07
module_6,225.0,12.25,76.96,10.79
module_6,225.0,63.62,36.38,0.0
module_6,225.0,70.77,29.23,0.0
module_6,270.0,40.11,59.89,0.0
module_6,270.0,36.68,63.32,0.0
module_6,270.0,31.64,68.36,0.0
module_6,270.0,24.16,75.84,0.0
module_6,270.0,19.12,80.88,0.0
module_6,270.0,17.4,82.6,0.0
module_6,270.0,16.36,83.64,0.0
module_6,270.0,15.29,84.19,0.52
module_6,270.0,14.63,84.03,1.34
module_6,270.0,14.08,84.99,0.93
module_6,270.0,13.59,85.51,0.9
module_6,270.0,12.77,86.85,0.38
module_6,270.0,12.16,87.4,0.44
module_6,270.0,11.7,87.62,0.68
module_6,270.0,11.37,87.86,0.77
module_6,270.0,10.85,86.08,3.07
module_6,270.0,10.68,84.58,4.74
module_6,270.0,10.52,82.11,7.37
module_6,270.0,10.3,78.74,10.96
module_6,270.0,10.14,75.29,14.58
module_6,270.0,10.03,71.48,18.49
module_6,270.0,9.92,68.19,21.89
module_6,270.0,9.84,65.45,24.71
module_6,270.0,9.78,65.37,24.85
module_6,270.0,43.37,56.63,0.0
module_6,270.0,37.81,62.19,0.0
module_6,270.0,31.48,68.52,0.0
module_6,270.0,27.23,72.77,0.0
module_6,270.0,18.36,81.64,0.0
module_6,270.0,16.3,83.7,0.0
module_6,270.0,15.26,83.32,1.42
module_6,270.0,14.68,81.95,3.37
module_6,270.0,14.16,83.18,2.66
module_6,270.0,13.62,84.63,1.75
module_6,270.0,13.12,85.73,1.15
module_6,270.0,12.52,86.77,0.71
module_6,270.0,11.73,87.1,1.18
module_6,270.0,11.48,87.07,1.45
module_6,270.0,10.9,85.95,3.15
module_6,270.0,10.68,83.86,5.45
module_6,270.0,10.44,81.23,8.33
module_6,270.0,10.22,78.6,11.18
module_6,270.0,10.11,74.52,15.37
module_6,270.0,10.0,70.25,19.75
module_6,270.0,9.92,64.63,25.45
module_6,270.0,9.78,58.55,31.67
module_6,270.0,9.7,52.19,38.11
module_6,270.0,9.64,41.32,49.04
module_6,270.0,14.82,84.3,0.88
module_6,270.0,14.14,82.74,3.12
module_6,270.0,13.67,82.41,3.92
module_6,270.0,13.37,81.21,5.42
module_6,270.0,12.88,84.25,2.88
module_6,270.0,12.3,86.33,1.37
module_6,270.0,11.73,86.74,1.53
module_6,270.0,11.48,86.3,2.22
module_6,270.0,10.88,85.23,3.89
module_6,270.0,10.66,82.79,6.55
module_6,270.0,10.41,80.14,9.45
module_6,270.0,10.16,77.7,12.14
module_6,270.0,10.0,72.77,17.23
module_6,270.0,9.92,67.51,22.58
module_6,270.0,9.78,61.51,28.71
module_6,270.0,9.75,55.23,35.01
module_6,270.0,9.7,49.12,41.18
module_6,270.0,9.7,40.96,49.34
module_6,270.0,9.62,33.1,57.29
module_6,270.0,12.68,85.67,1.64
module_6,270.0,12.36,82.33,5.32
module_6,270.0,12.27,79.32,8.41
module_6,270.0,12.22,80.85,6.93
module_6,270.0,11.92,84.49,3.59
module_6,270.0,11.56,83.92,4.52
module_6,270.0,11.15,83.32,5.53
module_6,270.0,10.71,81.4,7.89
module_6,270.0,10.55,80.49,8.96
module_6,270.0,10.41,78.19,11.4
module_6,270.0,10.11,76.0,13.89
module_6,270.0,9.92,71.59,18.49
module_6,270.0,9.78,64.22,26.0
module_6,270.0,9.7,56.33,33.97
module_6,270.0,9.7,50.82,39.48
module_6,270.0,9.7,45.73,44.58
module_6,270.0,9.7,40.05,50.25
module_6,270.0,9.62,34.52,55.86
module_6,270.0,9.62,28.58,61.81
module_6,270.0,10.82,87.18,2.0
module_6,270.0,10.77,81.67,7.56
module_6,270.0,11.18,77.34,11.48
module_6,270.0,11.51,76.99,11.51
module_6,270.0,11.1,82.22,6.68
module_6,270.0,10.68,82.74,6.58
module_6,270.0,10.41,77.95,11.64
module_6,270.0,10.3,74.96,14.74
module_6,270.0,10.22,73.75,16.03
module_6,270.0,10.11,73.53,16.36
module_6,270.0,9.92,71.01,19.07
module_6,270.0,9.75,63.23,27.01
module_6,270.0,9.7,52.63,37.67
module_6,270.0,9.7,45.29,45.01
module_6,270.0,9.67,39.62,50.71
module_6,270.0,9.64,35.81,54.55
module_6,270.0,9.62,33.45,56.93
module_6,270.0,9.62,30.44,59.95
module_6,270.0,9.62,28.19,62.19
module_6,270.0,10.03,84.44,5.53
module_6,270.0,10.03,74.74,15.23
module_6,270.0,10.52,71.78,17.7
module_6,270.0,11.01,76.19,12.79
module_6,270.0,10.52,83.4,6.08
module_6,270.0,10.0,76.14,13.86
module_6,270.0,9.86,69.26,20.88
module_6,270.0,9.84,66.3,23.86
module_6,270.0,9.95,66.36,23.7
module_6,270.0,10.03,67.97,22.0
module_6,270.0,9.78,69.01,21.21
module_6,270.0,9.7,53.01,37.29
module_6,270.0,9.62,40.16,50.22
module_6,270.0,9.62,33.64,56.74
module_6,270.0,9.62,30.16,60.22
module_6,270.0,9.62,28.27,62.11
module_6,270.0,9.62,27.01,63.37
module_6,270.0,9.62,26.36,64.03
module_6,270.0,9.62,28.0,62.38
module_6,270.0,39.51,60.49,0.0
module_6,270.0,35.23,64.77,0.0
module_6,270.0,38.52,61.48,0.0
module_6,270.0,39.67,60.33,0.0
module_6,270.0,36.08,63.92,0.0
module_6,270.0,37.84,62.16,0.0
module_6,270.0,28.55,71.45,0.0
module_6,270.0,21.73,78.27,0.0
module_6,270.0,17.34,82.66,0.0
module_6,270.0,18.77,81.23,0.0
module_6,270.0,15.4,84.52,0.08
module_6,270.0,14.52,84.74,0.74
module_6,270.0,13.97,85.26,0.77
module_6,270.0,16.27,83.73,0.0
module_6,270.0,32.38,67.62,0.0
module_6,270.0,41.84,58.16,0.0
module_6,270.0,45.26,54.74,0.0
module_6,270.0,50.0,50.0,0.0
module_6,270.0,38.55,61.45,0.0
module_6,270.0,47.29,52.71,0.0
module_6,270.0,50.66,49.34,0.0
module_6,270.0,19.84,80.16,0.0
module_6,270.0,16.58,83.42,0.0
module_6,270.0,17.95,82.05,0.0
module_6,270.0,14.19,84.99,0.82
module_6,270.0,14.99,84.27,0.74
module_6,270.0,15.59,84.41,0.0
module_6,270.0,32.99,67.01,0.0
module_6,270.0,24.44,75.56,0.0
module_6,270.0,13.75,85.34,0.9
module_6,270.0,12.77,86.52,0.71
module_6,270.0,11.89,87.75,0.36
module_6,270.0,12.52,86.88,0.6
module_6,270.0,11.1,87.01,1.89
module_6,270.0,11.51,87.92,0.58
module_6,270.0,11.21,86.49,2.3
module_6,270.0,11.15,86.44,2.41
module_6,270.0,13.59,85.59,0.82
module_6,270.0,10.68,83.32,6.0
module_6,270.0,10.16,74.96,14.88
module_6,270.0,10.27,77.62,12.11
module_6,270.0,10.11,72.49,17.4
module_6,270.0,10.11,71.1,18.79
module_6,270.0,10.41,73.86,15.73
module_6,270.0,10.0,70.93,19.07
module_6,270.0,13.12,86.05,0.82
module_6,270.0,12.27,87.4,0.33
module_6,270.0,11.48,87.89,0.63
module_6,270.0,11.73,87.95,0.33
module_6,270.0,10.96,86.47,2.58
module_6,270.0,10.49,80.14,9.37
module_6,270.0,10.71,84.66,4.63
module_6,270.0,11.01,86.44,2.55
module_6,270.0,10.11,73.51,16.38
module_6,270.0,10.0,69.84,20.16
module_6,270.0,10.0,71.07,18.93
module_6,270.0,9.78,62.6,27.62
module_6,270.0,9.62,30.11,60.27
module_6,270.0,10.49,73.92,15.59
module_6,270.0,10.11,71.01,18.88
module_6,270.0,10.22,76.77,13.01
module_6,270.0,31.67,68.33,0.0
module_6,270.0,12.93,87.07,0.0
module_6,270.0,17.56,82.44,0.0
module_6,270.0,15.32,84.68,0.0
module_6,270.0,11.64,88.36,0.0
module_6,270.0,10.93,89.07,0.0
module_6,270.0,10.27,89.73,0.0
module_6,270.0,10.71,89.29,0.0
module_6,270.0,9.7,77.81,12.49
module_6,270.0,10.36,89.64,0.0
module_6,270.0,54.79,45.21,0.0
module_6,270.0,10.55,69.07,20.38
module_6,270.0,13.81,80.49,5.7
module_6,270.0,9.62,38.22,52.16
module_6,270.0,15.62,79.53,4.85
module_6,270.0,9.78,78.14,12.08
module_6,270.0,9.7,60.19,30.11
module_6,270.0,9.7,64.49,25.81
module_6,270.0,11.32,88.68,0.0
module_6,270.0,10.38,69.12,20.49
module_6,270.0,9.7,54.14,36.16
module_6,270.0,10.41,80.99,8.6
module_6,270.0,9.62,26.08,64.3
module_6,270.0,9.62,23.37,67.01
module_6,270.0,9.62,24.38,66.0
module_6,270.0,9.62,30.33,60.05
module_6,270.0,9.62,32.33,58.05
module_6,270.0,9.62,26.08,64.3
module_6,270.0,9.62,23.73,66.66
module_6,270.0,9.62,29.59,60.79
module_6,270.0,9.67,31.92,58.41
module_6,270.0,9.62,22.9,67.48
module_6,270.0,9.62,29.89,60.49
module_6,270.0,9.62,22.49,67.89
module_6,270.0,9.62,22.93,67.45
module_6,270.0,9.62,22.38,68.0
module_6,270.0,10.27,74.25,15.48
module_6,270.0,11.7,85.21,3.1
module_6,270.0,11.51,83.1,5.4
module_6,270.0,11.42,80.74,7.84
module_6,270.0,11.56,78.19,10.25
module_6,270.0,11.95,78.22,9.84
module_6,270.0,11.23,84.6,4.16
module_6,270.0,10.74,82.49,6.77
module_6,270.0,10.68,78.25,11.07
module_6,270.0,10.88,76.05,13.07
module_6,270.0,11.4,73.84,14.77
module_6,270.0,10.52,83.23,6.25
module_6,270.0,10.22,79.12,10.66
module_6,270.0,10.14,74.9,14.96
module_6,270.0,10.27,72.25,17.48
module_6,270.0,10.63,71.84,17.53
module_6,270.0,10.14,82.44,7.42
module_6,270.0,9.78,72.74,17.48
module_6,270.0,9.7,63.45,26.85
module_6,270.0,9.86,62.55,27.59
module_6,270.0,10.22,65.4,24.38
module_6,270.0,10.19,85.56,4.25
module_6,270.0,9.64,50.96,39.4
module_6,270.0,9.62,38.08,52.3
module_6,270.0,9.7,48.6,41.7
module_6,270.0,10.71,65.1,24.19
module_6,270.0,82.88,17.12,0.0
module_6,270.0,75.97,24.03,0.0
module_6,270.0,59.48,40.52,0.0
module_6,270.0,36.11,63.89,0.0
module_6,270.0,27.23,72.77,0.0
module_6,270.0,25.4,74.6,0.0
module_6,270.0,25.67,74.33,0.0
module_6,270.0,28.74,70.93,0.33
module_6,270.0,66.41,33.59,0.0
module_6,270.0,87.01,12.99,0.0
module_6,270.0,92.49,7.51,0.0
module_6,270.0,97.15,2.85,0.0
module_6,270.0,97.62,2.38,0.0
module_6,270.0,98.08,1.92,0.0
module_6,270.0,100,0.0,0.0
module_6,270.0,100,0.0,0.0
module_6,270.0,100,0.0,0.0
module_6,270.0,100,0.0,0.0
module_6,270.0,83.37,16.63,0.0
module_6,270.0,75.51,24.49,0.0
module_6,270.0,61.37,38.63,0.0
module_6,270.0,45.84,54.16,0.0
module_6,270.0,23.4,76.6,0.0
module_6,270.0,21.37,78.63,0.0
module_6,270.0,21.21,77.18,1.62
module_6,270.0,17.23,81.53,1.23
module_6,270.0,16.77,79.86,3.37
module_6,270.0,13.75,84.41,1.84
module_6,270.0,13.81,80.11,6.08
module_6,270.0,11.07,84.93,4.0
module_6,270.0,11.04,78.25,10.71
module_6,270.0,10.03,79.04,10.93
module_6,270.0,10.11,71.07,18.82
module_6,270.0,55.59,44.41,0.0
module_6,270.0,77.32,22.68,0.0
module_6,270.0,87.59,12.41,0.0
module_6,270.0,86.66,13.34,0.0
module_6,270.0,87.1,12.9,0.0
module_6,270.0,32.49,67.51,0.0
module_6,270.0,29.12,70.88,0.0
module_6,270.0,64.68,35.32,0.0
module_6,270.0,27.4,72.6,0.0
module_6,270.0,26.05,73.95,0.0
module_6,270.0,27.07,72.93,0.0
module_6,270.0,83.37,16.63,0.0
module_6,270.0,77.59,22.41,0.0
module_6,270.0,66.19,33.81,0.0
module_6,270.0,87.26,12.74,0.0
module_6,270.0,39.59,60.41,0.0
module_6,270.0,26.68,73.32,0.0
module_6,270.0,26.08,73.92,0.0
module_6,270.0,24.36,73.04,2.6
module_6,270.0,51.75,48.25,0.0
module_6,270.0,28.25,71.75,0.0
module_6,270.0,28.96,71.04,0.0
module_6,270.0,84.52,15.48,0.0
module_6,270.0,96.38,3.62,0.0
module_6,270.0,97.86,2.14,0.0
module_6,270.0,94.22,5.78,0.0
module_6,270.0,86.85,13.15,0.0
module_6,270.0,90.85,9.15,0.0
module_6,270.0,100,0.0,0.0
module_6,270.0,100,0.0,0.0
module_6,270.0,100,0.0,0.0
module_6,270.0,100,0.0,0.0
module_6,270.0,100,0.0,0.0
module_6,270.0,100,0.0,0.0
module_6,270.0,96.85,3.15,0.0
module_6,270.0,99.51,0.49,0.0
module_6,270.0,93.62,6.38,0.0
module_6,270.0,96.33,3.67,0.0
module_6,270.0,87.51,12.49,0.0
module_6,270.0,100,0.0,0.0
module_6,270.0,100,0.0,0.0
module_6,270.0,100,0.0,0.0
module_6,270.0,100,0.0,0.0
module_6,270.0,100,0.0,0.0
module_6,270.0,100,0.0,0.0
module_6,270.0,97.4,2.6,0.0
module_6,270.0,98.22,1.78,0.0
module_6,270.0,74.66,25.34,0.0
module_6,270.0,88.55,11.45,0.0
module_6,270.0,84.47,15.53,0.0
module_6,270.0,88.82,11.18,0.0
module_6,270.0,82.58,17.42,0.0
module_6,270.0,70.6,29.4,0.0
module_6,270.0,20.19,79.81,0.0
module_6,270.0,17.4,82.6,0.0
module_6,270.0,58.88,41.12,0.0
module_6,270.0,20.71,76.22,3.07
module_6,270.0,55.7,44.3,0.0
module_6,270.0,11.97,88.03,0.0
module_6,270.0,10.71,88.33,0.96
module_6,270.0,13.34,86.66,0.0
module_6,270.0,11.1,87.75,1.15
module_6,270.0,10.27,87.59,2.14
module_6,270.0,9.7,74.47,15.84
module_6,270.0,10.9,89.1,0.0
module_6,270.0,10.33,89.67,0.0
module_6,270.0,9.67,50.71,39.62
module_6,270.0,90.22,9.78,0.0
module_6,270.0,100,0.0,0.0
module_6,270.0,100,0.0,0.0
module_6,270.0,100,0.0,0.0
module_6,270.0,100,0.0,0.0
module_6,270.0,99.7,0.3,0.0
module_6,270.0,13.64,78.08,8.27
module_6,270.0,10.77,73.4,15.84
module_6,270.0,10.16,68.77,21.07
module_6,270.0,10.38,65.07,24.55
module_6,270.0,100,0.0,0.0
module_6,270.0,9.75,54.44,35.81
module_6,270.0,17.04,79.01,3.95
module_6,270.0,100,0.0,0.0
module_6,270.0,87.15,12.85,0.0
module_6,270.0,9.95,67.62,22.44
module_6,270.0,9.92,65.04,25.04
module_6,270.0,9.78,63.04,27.18
module_6,270.0,9.78,63.07,27.15
module_6,270.0,9.81,61.26,28.93
module_6,270.0,9.78,57.32,32.9
module_6,270.0,9.7,52.58,37.73
module_6,270.0,9.64,43.62,46.74
module_6,270.0,9.73,53.45,36.82
module_6,270.0,9.7,48.96,41.34
module_6,270.0,9.7,43.1,47.21
module_6,270.0,9.62,35.21,55.18
module_6,270.0,9.7,45.81,44.49
module_6,270.0,9.7,41.84,48.47
module_6,270.0,9.7,36.88,53.42
module_6,270.0,9.62,31.32,59.07
module_6,270.0,9.67,37.01,53.32
module_6,270.0,9.64,34.93,55.42
module_6,270.0,9.62,33.21,57.18
module_6,270.0,9.62,31.04,59.34
module_6,270.0,9.62,28.38,62.0
module_6,270.0,9.62,27.89,62.49
module_6,270.0,9.62,27.89,62.49
module_6,270.0,9.62,30.03,60.36
module_6,270.0,10.16,75.51,14.33
module_6,270.0,10.0,68.74,21.26
module_6,270.0,10.11,74.08,15.81
module_6,270.0,10.08,72.93,16.99
module_6,270.0,9.92,63.12,26.96
module_6,270.0,9.78,59.75,30.47
module_6,270.0,9.78,55.73,34.49
module_6,270.0,10.0,71.45,18.55
module_6,270.0,9.92,67.4,22.68
module_6,270.0,10.22,72.05,17.73
module_6,270.0,10.0,69.23,20.77
module_6,270.0,9.7,60.44,29.86
module_6,270.0,9.62,31.53,58.85
module_6,270.0,9.62,27.62,62.77
module_6,270.0,9.62,32.38,58.0
module_6,270.0,10.27,71.81,17.92
module_6,270.0,9.7,45.7,44.6
module_6,270.0,9.7,38.77,51.53
module_6,270.0,9.62,29.95,60.44
module_6,270.0,9.62,22.14,68.25
module_6,270.0,9.62,25.07,65.32
module_6,270.0,9.62,22.9,67.48
module_6,270.0,9.62,22.41,67.97
module_6,270.0,9.62,21.81,68.58
module_6,270.0,9.62,21.59,68.79
module_6,270.0,9.62,25.81,64.58
module_6,270.0,9.62,30.93,59.45
module_6,270.0,9.7,33.4,56.9
module_6,270.0,9.62,28.22,62.16
module_6,270.0,9.62,22.55,67.84
module_6,270.0,9.62,23.01,67.37
module_6,270.0,9.62,28.55,61.84
module_6,270.0,9.62,21.92,68.47
module_6,270.0,9.62,21.45,68.93
module_6,270.0,10.16,76.85,12.99
module_6,270.0,10.11,74.22,15.67
module_6,270.0,9.97,69.32,20.71
module_6,270.0,9.92,63.75,26.33
module_6,270.0,9.78,59.59,30.63
module_6,270.0,10.11,74.49,15.4
module_6,270.0,10.0,71.18,18.82
module_6,270.0,9.92,66.05,24.03
module_6,270.0,9.78,59.89,30.33
module_6,270.0,9.75,55.53,34.71
module_6,270.0,9.92,71.81,18.27
module_6,270.0,9.78,66.14,24.08
module_6,270.0,9.78,58.74,31.48
module_6,270.0,9.7,52.33,37.97
module_6,270.0,9.7,46.25,44.05
module_6,270.0,9.73,65.84,24.44
module_6,270.0,9.7,55.51,34.79
module_6,270.0,9.7,48.22,42.08
module_6,270.0,9.7,41.12,49.18
module_6,270.0,9.62,35.12,55.26
module_6,270.0,9.7,55.67,34.63
module_6,270.0,9.62,38.6,51.78
module_6,270.0,9.64,39.01,51.34
module_6,270.0,9.62,28.05,62.33
module_6,270.0,9.62,24.99,65.4
module_6,270.0,100,0.0,0.0
module_6,270.0,100,0.0,0.0
module_6,270.0,100,0.0,0.0
module_6,270.0,100,0.0,0.0
module_6,270.0,100,0.0,0.0
module_6,270.0,100,0.0,0.0
module_6,270.0,100,0.0,0.0
module_6,270.0,100,0.0,0.0
module_6,270.0,100,0.0,0.0
module_6,270.0,100,0.0,0.0
module_6,270.0,100,0.0,0.0
module_6,270.0,100,0.0,0.0
module_6,270.0,100,0.0,0.0
module_6,270.0,100,0.0,0.0
module_6,270.0,100,0.0,0.0
module_6,270.0,100,0.0,0.0
module_6,270.0,100,0.0,0.0
module_6,270.0,100,0.0,0.0
module_6,270.0,100,0.0,0.0
module_6,270.0,100,0.0,0.0
module_6,270.0,25.26,74.63,0.11
module_6,270.0,23.64,73.64,2.71
module_6,270.0,24.79,69.01,6.19
module_6,270.0,27.81,68.0,4.19
module_6,270.0,33.45,64.55,2.0
module_6,270.0,22.22,77.78,0.0
module_6,270.0,20.14,76.88,2.99
module_6,270.0,21.45,72.33,6.22
module_6,270.0,25.48,67.92,6.6
module_6,270.0,30.77,66.88,2.36
module_6,270.0,22.27,77.73,0.0
module_6,270.0,20.22,78.58,1.21
module_6,270.0,22.71,72.9,4.38
module_6,270.0,27.81,67.92,4.27
module_6,270.0,35.84,62.74,1.42
module_6,270.0,35.15,64.85,0.0
module_6,270.0,32.6,67.4,0.0
module_6,270.0,33.95,64.0,2.05
module_6,270.0,41.84,56.05,2.11
module_6,270.0,54.55,45.34,0.11
module_6,270.0,42.0,58.0,0.0
module_6,270.0,37.64,62.36,0.0
module_6,270.0,33.07,66.93,0.0
module_6,270.0,28.11,71.89,0.0
module_6,270.0,19.67,80.33,0.0
module_6,270.0,17.51,82.49,0.0
module_6,270.0,16.27,83.73,0.0
module_6,270.0,15.32,83.45,1.23
module_6,270.0,14.74,83.21,2.05
module_6,270.0,13.95,84.99,1.07
module_6,270.0,13.62,85.32,1.07
module_6,270.0,12.99,86.38,0.63
module_6,270.0,12.27,87.23,0.49
module_6,270.0,11.73,87.42,0.85
module_6,270.0,11.4,87.37,1.23
module_6,270.0,10.88,86.41,2.71
module_6,270.0,10.68,84.55,4.77
module_6,270.0,10.52,82.03,7.45
module_6,270.0,10.27,78.74,10.99
module_6,270.0,10.14,74.9,14.96
module_6,270.0,10.0,71.07,18.93
module_6,270.0,9.92,66.93,23.15
module_6,270.0,9.78,62.68,27.53
module_6,270.0,9.7,58.22,32.08
module_6,270.0,45.95,54.05,0.0
module_6,270.0,42.05,57.95,0.0
module_6,270.0,36.27,63.73,0.0
module_6,270.0,28.79,71.21,0.0
module_6,270.0,19.7,80.3,0.0
module_6,270.0,16.33,83.67,0.0
module_6,270.0,15.1,83.64,1.26
module_6,270.0,14.52,82.14,3.34
module_6,270.0,14.08,82.03,3.89
module_6,270.0,13.59,83.89,2.52
module_6,270.0,13.12,85.29,1.59
module_6,270.0,12.38,86.68,0.93
module_6,270.0,11.73,86.74,1.53
module_6,270.0,11.48,86.82,1.7
module_6,270.0,10.9,85.92,3.18
module_6,270.0,10.68,83.4,5.92
module_6,270.0,10.41,80.71,8.88
module_6,270.0,10.16,78.11,11.73
module_6,270.0,10.11,74.49,15.4
module_6,270.0,9.97,69.01,21.01
module_6,270.0,9.86,63.67,26.47
module_6,270.0,9.78,57.42,32.79
module_6,270.0,9.7,51.29,39.01
module_6,270.0,9.64,40.77,49.59
module_6,270.0,14.41,85.37,0.22
module_6,270.0,13.92,83.4,2.68
module_6,270.0,13.51,82.52,3.97
module_6,270.0,13.21,80.41,6.38
module_6,270.0,12.63,83.21,4.16
module_6,270.0,12.16,85.73,2.11
module_6,270.0,11.7,86.63,1.67
module_6,270.0,11.37,86.03,2.6
module_6,270.0,10.88,84.77,4.36
module_6,270.0,10.66,82.82,6.52
module_6,270.0,10.38,79.95,9.67
module_6,270.0,10.11,77.04,12.85
module_6,270.0,10.0,72.33,17.67
module_6,270.0,9.89,66.99,23.12
module_6,270.0,9.78,59.97,30.25
module_6,270.0,9.7,53.84,36.47
module_6,270.0,9.7,48.27,42.03
module_6,270.0,9.7,41.37,48.93
module_6,270.0,9.62,33.81,56.58
module_6,270.0,12.08,86.49,1.42
module_6,270.0,11.75,82.82,5.42
module_6,270.0,11.75,79.75,8.49
module_6,270.0,11.89,78.33,9.78
module_6,270.0,11.73,81.81,6.47
module_6,270.0,11.42,83.48,5.1
module_6,270.0,10.88,83.42,5.7
module_6,270.0,10.68,79.73,9.59
module_6,270.0,10.52,79.34,10.14
module_6,270.0,10.38,76.85,12.77
module_6,270.0,10.11,75.45,14.44
module_6,270.0,9.92,71.37,18.71
module_6,270.0,9.78,63.56,26.66
module_6,270.0,9.7,54.9,35.4
module_6,270.0,9.7,48.63,41.67
module_6,270.0,9.7,44.03,46.27
module_6,270.0,9.7,39.04,51.26
module_6,270.0,9.64,34.44,55.92
module_6,270.0,9.62,29.64,60.74
module_6,270.0,10.71,87.59,1.7
module_6,270.0,10.52,82.19,7.29
module_6,270.0,10.71,76.93,12.36
module_6,270.0,11.23,76.25,12.52
module_6,270.0,10.93,80.25,8.82
module_6,270.0,10.52,83.86,5.62
module_6,270.0,10.22,76.41,13.37
module_6,270.0,10.14,73.84,16.03
module_6,270.0,10.14,72.66,17.21
module_6,270.0,10.11,72.36,17.53
module_6,270.0,9.95,70.63,19.42
module_6,270.0,9.75,64.33,25.92
module_6,270.0,9.7,52.11,38.19
module_6,270.0,9.7,43.26,47.04
module_6,270.0,9.64,37.59,52.77
module_6,270.0,9.62,34.16,56.22
module_6,270.0,9.62,31.42,58.96
module_6,270.0,9.62,29.7,60.68
module_6,270.0,9.62,28.52,61.86
module_6,270.0,10.0,86.79,3.21
module_6,270.0,9.78,72.58,17.64
module_6,270.0,10.14,68.66,21.21
module_6,270.0,11.21,74.41,14.38
module_6,270.0,10.71,82.16,7.12
module_6,270.0,9.95,79.15,10.9
module_6,270.0,9.75,67.42,22.82
module_6,270.0,9.7,62.58,27.73
module_6,270.0,9.78,62.58,27.64
module_6,270.0,10.0,65.78,24.22
module_6,270.0,10.0,70.38,19.62
module_6,270.0,9.7,57.62,32.68
module_6,270.0,9.62,39.32,51.07
module_6,270.0,9.62,31.7,58.68
module_6,270.0,9.62,28.38,62.0
module_6,270.0,9.62,26.58,63.81
module_6,270.0,9.62,25.18,65.21
module_6,270.0,9.62,24.74,65.64
module_6,270.0,9.62,25.67,64.71
module_6,270.0,41.01,58.99,0.0
module_6,270.0,50.85,49.15,0.0
module_6,270.0,43.73,56.27,0.0
module_6,270.0,47.51,52.49,0.0
module_6,270.0,9.62,28.96,61.42
module_6,270.0,12.36,87.64,0.0
module_6,270.0,10.77,89.23,0.0
module_6,270.0,9.81,56.79,33.4
module_6,270.0,16.77,83.23,0.0
module_6,270.0,9.7,52.19,38.11
module_6,270.0,10.08,77.56,12.36
module_6,270.0,9.92,73.37,16.71
module_6,270.0,9.92,74.27,15.81
module_6,270.0,11.29,87.01,1.7
module_6,270.0,12.47,81.92,5.62
module_6,270.0,9.62,32.27,58.11
module_6,270.0,10.68,88.71,0.6
module_6,270.0,9.62,24.25,66.14
module_6,270.0,9.62,23.01,67.37
module_6,270.0,9.62,23.62,66.77
module_6,270.0,9.62,25.32,65.07
module_6,270.0,9.62,25.75,64.63
module_6,270.0,9.62,21.64,68.74
module_6,270.0,9.7,36.93,53.37
module_6,270.0,9.7,33.32,56.99
module_6,270.0,9.62,21.95,68.44
module_6,270.0,9.62,22.41,67.97
module_6,270.0,9.7,61.86,28.44
module_6,270.0,11.73,85.59,2.68
module_6,270.0,11.51,83.23,5.26
module_6,270.0,11.29,80.77,7.95
module_6,270.0,11.4,78.38,10.22
module_6,270.0,11.7,77.15,11.15
module_6,270.0,11.01,84.71,4.27
module_6,270.0,10.68,83.12,6.19
module_6,270.0,10.52,78.41,11.07
module_6,270.0,10.63,75.51,13.86
module_6,270.0,10.85,73.59,15.56
module_6,270.0,10.47,84.27,5.26
module_6,270.0,10.14,80.3,9.56
module_6,270.0,9.97,73.84,16.19
module_6,270.0,10.11,69.75,20.14
module_6,270.0,10.38,68.16,21.45
module_6,270.0,10.25,85.32,4.44
module_6,270.0,9.75,74.55,15.7
module_6,270.0,9.7,58.36,31.95
module_6,270.0,9.7,56.99,33.32
module_6,270.0,10.11,61.81,28.08
module_6,270.0,13.04,86.93,0.03
module_6,270.0,9.64,57.26,33.1
module_6,270.0,9.62,30.93,59.45
module_6,270.0,9.62,33.37,57.01
module_6,270.0,10.96,67.07,21.97
module_6,270.0,83.32,16.68,0.0
module_6,270.0,77.23,22.77,0.0
module_6,270.0,62.36,37.64,0.0
module_6,270.0,49.04,50.96,0.0
module_6,270.0,27.12,72.88,0.0
module_6,270.0,24.96,75.04,0.0
module_6,270.0,24.63,75.37,0.0
module_6,270.0,25.86,73.26,0.88
module_6,270.0,59.53,40.47,0.0
module_6,270.0,83.32,16.68,0.0
module_6,270.0,90.66,9.34,0.0
module_6,270.0,96.47,3.53,0.0
module_6,270.0,97.01,2.99,0.0
module_6,270.0,99.97,0.03,0.0
module_6,270.0,100,0.0,0.0
module_6,270.0,100,0.0,0.0
module_6,270.0,100,0.0,0.0
module_6,270.0,100,0.0,0.0
module_6,270.0,84.47,15.53,0.0
module_6,270.0,78.85,21.15,0.0
module_6,270.0,68.3,31.7,0.0
module_6,270.0,52.33,47.67,0.0
module_6,270.0,23.56,76.44,0.0
module_6,270.0,20.63,79.37,0.0
module_6,270.0,19.45,79.1,1.45
module_6,270.0,16.25,82.79,0.96
module_6,270.0,15.56,81.37,3.07
module_6,270.0,12.93,85.32,1.75
module_6,270.0,12.63,81.23,6.14
module_6,270.0,10.71,86.14,3.15
module_6,270.0,10.6,77.86,11.53
module_6,270.0,9.95,81.4,8.66
module_6,270.0,9.78,69.29,20.93
module_6,270.0,87.18,12.82,0.0
module_6,270.0,94.0,6.0,0.0
module_6,270.0,97.23,2.77,0.0
module_6,270.0,83.42,16.58,0.0
module_6,270.0,97.75,2.25,0.0
module_6,270.0,70.41,29.59,0.0
module_6,270.0,87.48,12.52,0.0
module_6,270.0,84.22,15.78,0.0
module_6,270.0,76.36,23.64,0.0
module_6,270.0,14.16,85.84,0.0
module_6,270.0,9.62,42.03,48.36
module_6,270.0,100,0.0,0.0
module_6,270.0,100,0.0,0.0
module_6,270.0,100,0.0,0.0
module_6,270.0,98.74,1.26,0.0
module_6,270.0,12.6,76.74,10.66
module_6,270.0,11.26,75.84,12.9
module_6,270.0,10.16,66.16,23.67
module_6,270.0,15.23,80.52,4.25
module_6,270.0,9.92,66.55,23.53
module_6,270.0,9.89,64.11,26.0
module_6,270.0,9.78,60.82,29.4
module_6,270.0,9.7,57.67,32.63
module_6,270.0,9.78,60.14,30.08
module_6,270.0,9.75,56.19,34.05
module_6,270.0,9.7,51.01,39.29
module_6,270.0,9.7,42.63,47.67
module_6,270.0,9.7,51.95,38.36
module_6,270.0,9.7,48.16,42.14
module_6,270.0,9.7,43.12,47.18
module_6,270.0,9.64,36.14,54.22
module_6,270.0,9.7,44.38,45.92
module_6,270.0,9.7,40.6,49.7
module_6,270.0,9.7,36.85,53.45
module_6,270.0,9.62,32.58,57.81
module_6,270.0,9.64,34.71,55.64
module_6,270.0,9.62,33.4,56.99
module_6,270.0,9.62,31.84,58.55
module_6,270.0,9.62,31.26,59.12
module_6,270.0,9.62,26.55,63.84
module_6,270.0,9.62,25.56,64.82
module_6,270.0,9.62,25.53,64.85
module_6,270.0,9.62,26.79,63.59
module_6,270.0,10.0,68.82,21.18
module_6,270.0,10.03,71.21,18.77
module_6,270.0,9.7,53.21,37.1
module_6,270.0,9.95,68.33,21.73
module_6,270.0,10.0,69.51,20.49
module_6,270.0,9.62,32.03,58.36
module_6,270.0,9.7,47.62,42.68
module_6,270.0,9.64,35.89,54.47
module_6,270.0,9.62,23.48,66.9
module_6,270.0,9.7,38.25,52.05
module_6,270.0,9.7,34.36,55.95
module_6,270.0,10.16,76.66,13.18
module_6,270.0,10.11,74.36,15.53
module_6,270.0,10.0,69.97,20.03
module_6,270.0,9.92,65.07,25.01
module_6,270.0,9.78,59.81,30.41
module_6,270.0,10.05,74.77,15.18
module_6,270.0,9.97,71.18,18.85
module_6,270.0,9.92,66.08,24.0
module_6,270.0,9.78,59.86,30.36
module_6,270.0,9.7,54.0,36.3
module_6,270.0,9.92,71.95,18.14
module_6,270.0,9.78,65.53,24.68
module_6,270.0,9.75,58.11,32.14
module_6,270.0,9.7,51.34,38.96
module_6,270.0,9.7,44.99,45.32
module_6,270.0,9.73,67.97,22.3
module_6,270.0,9.7,53.48,36.82
module_6,270.0,9.7,46.96,43.34
module_6,270.0,9.64,39.04,51.32
module_6,270.0,9.62,33.21,57.18
module_6,270.0,9.78,75.45,14.77
module_6,270.0,9.62,29.23,61.15
module_6,270.0,9.7,49.4,40.9
module_6,270.0,9.62,25.81,64.58
module_6,270.0,9.62,23.23,67.15
module_6,270.0,100,0.0,0.0
module_6,270.0,100,0.0,0.0
module_6,270.0,100,0.0,0.0
module_6,270.0,100,0.0,0.0
module_6,270.0,100,0.0,0.0
module_6,270.0,100,0.0,0.0
module_6,270.0,100,0.0,0.0
module_6,270.0,100,0.0,0.0
module_6,270.0,100,0.0,0.0
module_6,270.0,100,0.0,0.0
module_6,270.0,100,0.0,0.0
module_6,270.0,100,0.0,0.0
module_6,270.0,100,0.0,0.0
module_6,270.0,100,0.0,0.0
module_6,270.0,100,0.0,0.0
module_6,270.0,100,0.0,0.0
module_6,270.0,100,0.0,0.0
module_6,270.0,100,0.0,0.0
module_6,270.0,100,0.0,0.0
module_6,270.0,100,0.0,0.0
module_6,270.0,26.38,73.62,0.0
module_6,270.0,22.14,76.3,1.56
module_6,270.0,22.47,72.03,5.51
module_6,270.0,25.51,69.7,4.79
module_6,270.0,28.77,69.07,2.16
module_6,270.0,23.29,76.71,0.0
module_6,270.0,20.11,78.38,1.51
module_6,270.0,20.79,73.62,5.59
module_6,270.0,23.92,69.29,6.79
module_6,270.0,28.99,68.08,2.93
module_6,270.0,26.74,73.26,0.0
module_6,270.0,21.89,78.11,0.0
module_6,270.0,22.77,74.49,2.74
module_6,270.0,28.41,67.01,4.58
module_6,270.0,35.29,63.07,1.64
module_6,270.0,53.34,46.66,0.0
module_6,270.0,44.11,55.89,0.0
module_6,270.0,43.62,56.38,0.0
module_6,270.0,49.4,50.6,0.0
module_6,270.0,56.44,43.56,0.0
module_6,315.0,10.16,77.45,12.38
module_6,315.0,9.62,42.16,48.22
module_6,315.0,9.62,37.95,52.44
module_6,315.0,9.64,67.53,22.82
module_6,315.0,13.42,86.58,0.0
module_6,315.0,10.11,80.14,9.75
module_6,315.0,9.7,75.48,14.82
module_6,315.0,9.7,83.56,6.74
module_6,315.0,9.86,89.84,0.3
module_6,315.0,10.25,89.75,0.0
module_6,315.0,10.52,86.63,2.85
module_6,315.0,10.03,86.55,3.42
module_6,315.0,10.0,88.41,1.59
module_6,315.0,10.14,89.86,0.0
module_6,315.0,10.52,89.48,0.0
module_6,315.0,10.9,87.34,1.75
module_6,315.0,10.71,89.23,0.05
module_6,315.0,10.55,89.45,0.0
module_6,315.0,10.96,89.04,0.0
module_6,315.0,11.12,88.88,0.0
module_6,315.0,11.78,88.22,0.0
module_6,315.0,11.62,88.38,0.0
module_6,315.0,11.4,88.6,0.0
module_6,315.0,11.64,88.36,0.0
module_6,315.0,11.86,88.14,0.0
module_6,315.0,9.62,33.21,57.18
module_6,315.0,9.62,32.96,57.42
module_6,315.0,9.62,33.89,56.49
module_6,315.0,9.62,32.9,57.48
module_6,315.0,9.64,35.92,54.44
module_6,315.0,9.7,40.49,49.81
module_6,315.0,9.64,40.74,49.62
module_6,315.0,9.7,51.07,39.23
module_6,315.0,9.64,39.45,50.9
module_6,315.0,9.7,50.08,40.22
module_6,315.0,9.7,64.36,25.95
module_6,315.0,9.86,85.45,4.68
module_6,315.0,9.7,48.71,41.59
module_6,315.0,9.7,67.37,22.93
module_6,315.0,9.89,86.47,3.64
module_6,315.0,10.11,89.86,0.03
module_6,315.0,9.7,69.81,20.49
module_6,315.0,9.78,83.67,6.55
module_6,315.0,10.0,88.82,1.18
module_6,315.0,10.22,89.78,0.0
module_6,315.0,9.81,88.55,1.64
module_6,315.0,10.0,89.4,0.6
module_6,315.0,10.36,89.64,0.0
module_6,315.0,10.58,89.42,0.0
module_6,315.0,9.62,38.44,51.95
module_6,315.0,9.62,27.53,62.85
module_6,315.0,9.62,28.08,62.3
module_6,315.0,9.62,27.01,63.37
module_6,315.0,9.7,46.0,44.3
module_6,315.0,9.62,26.82,63.56
module_6,315.0,9.7,47.51,42.79
module_6,315.0,9.64,35.12,55.23
module_6,315.0,9.7,41.48,48.82
module_6,315.0,9.62,26.25,64.14
module_6,315.0,9.62,26.36,64.03
module_6,315.0,9.62,27.45,62.93
module_6,315.0,9.62,26.96,63.42
module_6,315.0,9.62,27.84,62.55
module_6,315.0,9.62,27.32,63.07
module_6,315.0,9.62,36.63,53.75
module_6,315.0,10.88,87.95,1.18
module_6,315.0,10.71,89.29,0.0
module_6,315.0,9.62,31.75,58.63
module_6,315.0,9.62,30.05,60.33
module_6,315.0,9.62,31.56,58.82
module_6,315.0,9.62,37.84,52.55
module_6,315.0,9.62,38.66,51.73
module_6,315.0,9.62,40.66,49.73
module_6,315.0,9.62,33.89,56.49
module_6,315.0,11.23,88.77,0.0
module_6,315.0,10.93,89.07,0.0
module_6,315.0,10.41,89.59,0.0
module_6,315.0,10.33,89.67,0.0
module_6,315.0,10.22,89.78,0.0
module_6,315.0,9.86,88.14,2.0
module_6,315.0,10.41,89.59,0.0
module_6,315.0,10.6,89.4,0.0
module_6,315.0,10.55,89.45,0.0
module_6,315.0,10.77,89.23,0.0
module_6,315.0,10.52,89.48,0.0
module_6,315.0,10.49,89.51,0.0
module_6,315.0,10.66,89.34,0.0
module_6,315.0,11.07,88.93,0.0
module_6,315.0,10.85,89.15,0.0
module_6,315.0,10.41,89.59,0.0
module_6,315.0,10.33,89.67,0.0
module_6,315.0,10.16,88.71,1.12
module_6,315.0,10.11,87.29,2.6
module_6,315.0,10.11,87.86,2.03
module_6,315.0,10.58,89.42,0.0
module_6,315.0,10.22,89.07,0.71
module_6,315.0,10.14,88.49,1.37
module_6,315.0,10.05,87.07,2.88
module_6,315.0,9.95,85.34,4.71
module_6,315.0,12.0,88.0,0.0
module_6,315.0,10.0,88.49,1.51
module_6,315.0,9.89,84.88,5.23
module_6,315.0,9.78,78.47,11.75
module_6,315.0,9.78,77.07,13.15
module_6,315.0,9.75,75.75,14.49
module_6,315.0,9.78,85.81,4.41
module_6,315.0,9.7,74.96,15.34
module_6,315.0,9.7,57.4,32.9
module_6,315.0,9.64,46.03,44.33
module_6,315.0,9.62,38.79,51.59
module_6,315.0,9.64,60.6,29.75
module_6,315.0,9.62,39.29,51.1
module_6,315.0,9.64,47.67,42.68
module_6,315.0,9.62,34.52,55.86
module_6,315.0,9.62,31.12,59.26
module_6,315.0,100,0.0,0.0
module_6,315.0,100,0.0,0.0
module_6,315.0,100,0.0,0.0
module_6,315.0,100,0.0,0.0
module_6,315.0,100,0.0,0.0
module_6,315.0,100,0.0,0.0
module_6,315.0,100,0.0,0.0
module_6,315.0,100,0.0,0.0
module_6,315.0,98.88,1.12,0.0
module_6,315.0,81.29,18.71,0.0
module_6,315.0,30.79,69.21,0.0
module_6,315.0,27.7,72.3,0.0
module_6,315.0,21.86,78.14,0.0
module_6,315.0,16.49,83.51,0.0
module_6,315.0,12.93,87.07,0.0
module_6,315.0,10.71,89.29,0.0
module_6,315.0,9.89,84.22,5.89
module_6,315.0,27.67,72.33,0.0
module_6,315.0,22.85,77.15,0.0
module_6,315.0,16.96,83.04,0.0
module_6,315.0,13.23,86.77,0.0
module_6,315.0,10.77,89.23,0.0
module_6,315.0,9.81,89.53,0.66
module_6,315.0,30.63,69.37,0.0
module_6,315.0,26.36,73.64,0.0
module_6,315.0,54.6,45.4,0.0
module_6,315.0,53.51,46.49,0.0
module_6,315.0,75.01,24.99,0.0
module_6,315.0,71.48,28.52,0.0
module_6,315.0,92.3,7.7,0.0
module_6,315.0,90.71,9.29,0.0
module_6,315.0,98.44,1.56,0.0
module_6,315.0,98.93,1.07,0.0
module_6,315.0,100,0.0,0.0
module_6,315.0,100,0.0,0.0
module_6,315.0,100,0.0,0.0
module_6,315.0,100,0.0,0.0
module_6,315.0,100,0.0,0.0
module_6,315.0,100,0.0,0.0
module_6,315.0,100,0.0,0.0
module_6,315.0,100,0.0,0.0
module_6,315.0,100,0.0,0.0
module_6,315.0,100,0.0,0.0
module_6,315.0,100,0.0,0.0
module_6,315.0,100,0.0,0.0
module_6,315.0,98.82,1.18,0.0
module_6,315.0,100,0.0,0.0
module_6,315.0,55.84,44.16,0.0
module_6,315.0,100,0.0,0.0
module_6,315.0,100,0.0,0.0
module_6,315.0,100,0.0,0.0
module_6,315.0,100,0.0,0.0
module_6,315.0,100,0.0,0.0
module_6,315.0,100,0.0,0.0
module_6,315.0,100,0.0,0.0
module_6,315.0,100,0.0,0.0
module_6,315.0,100,0.0,0.0
module_6,315.0,100,0.0,0.0
module_6,315.0,100,0.0,0.0
module_6,315.0,100,0.0,0.0
module_6,315.0,100,0.0,0.0
module_6,315.0,100,0.0,0.0
module_6,315.0,98.68,1.32,0.0
module_6,315.0,81.56,18.44,0.0
module_6,315.0,89.04,10.96,0.0
module_6,315.0,27.7,72.3,0.0
module_6,315.0,98.36,1.64,0.0
module_6,315.0,100,0.0,0.0
module_6,315.0,10.85,87.42,1.73
module_6,315.0,10.49,78.05,11.45
module_6,315.0,10.22,83.12,6.66
module_6,315.0,12.77,87.23,0.0
module_6,315.0,18.52,81.48,0.0
module_6,315.0,100,0.0,0.0
module_6,315.0,32.58,67.42,0.0
module_6,315.0,29.62,70.38,0.0
module_6,315.0,28.96,71.04,0.0
module_6,315.0,29.7,70.3,0.0
module_6,315.0,36.3,63.7,0.0
module_6,315.0,23.42,76.58,0.0
module_6,315.0,59.23,40.77,0.0
module_6,315.0,16.0,84.0,0.0
module_6,315.0,73.81,26.19,0.0
module_6,315.0,90.63,9.37,0.0
module_6,315.0,100,0.0,0.0
module_6,315.0,99.56,0.44,0.0
module_6,315.0,91.32,8.68,0.0
module_6,315.0,99.1,0.9,0.0
module_6,315.0,99.04,0.96,0.0
module_6,315.0,98.11,1.89,0.0
module_6,315.0,14.05,85.95,0.0
module_6,315.0,13.75,86.25,0.0
module_6,315.0,14.77,85.23,0.0
module_6,315.0,77.7,22.3,0.0
module_6,315.0,11.32,88.68,0.0
module_6,315.0,21.29,78.71,0.0
module_6,315.0,9.64,66.27,24.08
module_6,315.0,9.75,74.05,16.19
module_6,315.0,10.25,85.64,4.11
module_6,315.0,11.01,88.99,0.0
module_6,315.0,9.7,88.3,2.0
module_6,315.0,10.36,89.64,0.0
module_6,315.0,9.62,51.21,39.18
module_6,315.0,12.19,87.81,0.0
module_6,315.0,11.4,88.6,0.0
module_6,315.0,66.41,33.59,0.0
module_6,315.0,96.71,3.29,0.0
module_6,315.0,89.34,10.66,0.0
module_6,315.0,98.82,1.18,0.0
module_6,315.0,100,0.0,0.0
module_6,315.0,100,0.0,0.0
module_6,315.0,99.56,0.44,0.0
module_6,315.0,98.05,1.95,0.0
module_6,315.0,10.41,89.59,0.0
module_6,315.0,10.79,89.21,0.0
module_6,315.0,95.78,4.22,0.0
module_6,315.0,98.03,1.97,0.0
module_6,315.0,99.42,0.58,0.0
module_6,315.0,100,0.0,0.0
module_6,315.0,9.7,83.48,6.82
module_6,315.0,9.7,49.89,40.41
module_6,315.0,9.62,35.4,54.99
module_6,315.0,9.62,33.42,56.96
module_6,315.0,9.62,32.47,57.92
module_6,315.0,9.62,31.37,59.01
module_6,315.0,9.81,87.97,2.22
module_6,315.0,9.7,69.92,20.38
module_6,315.0,9.7,49.81,40.49
module_6,315.0,9.64,39.56,50.79
module_6,315.0,9.62,33.92,56.47
module_6,315.0,9.62,28.82,61.56
module_6,315.0,10.03,89.92,0.05
module_6,315.0,9.89,87.84,2.27
module_6,315.0,9.7,65.84,24.47
module_6,315.0,9.7,44.36,45.95
module_6,315.0,9.62,36.52,53.86
module_6,315.0,9.62,29.26,61.12
module_6,315.0,10.22,89.78,0.0
module_6,315.0,10.11,89.89,0.0
module_6,315.0,9.92,88.49,1.59
module_6,315.0,9.7,53.07,37.23
module_6,315.0,9.64,40.08,50.27
module_6,315.0,9.62,30.93,59.45
module_6,315.0,10.58,89.42,0.0
module_6,315.0,10.49,89.51,0.0
module_6,315.0,10.3,89.7,0.0
module_6,315.0,9.92,89.34,0.74
module_6,315.0,9.64,43.29,47.07
module_6,315.0,9.62,33.62,56.77
module_6,315.0,10.85,89.15,0.0
module_6,315.0,10.82,89.18,0.0
module_6,315.0,11.29,88.71,0.0
module_6,315.0,9.78,84.58,5.64
module_6,315.0,9.7,58.08,32.22
module_6,315.0,9.62,35.7,54.68
module_6,315.0,10.85,89.15,0.0
module_6,315.0,10.49,89.51,0.0
module_6,315.0,10.08,89.92,0.0
module_6,315.0,9.78,86.41,3.81
module_6,315.0,9.7,70.49,19.81
module_6,315.0,9.62,41.95,48.44
module_6,315.0,10.79,89.21,0.0
module_6,315.0,10.49,89.51,0.0
module_6,315.0,10.16,89.84,0.0
module_6,315.0,9.95,89.45,0.6
module_6,315.0,9.78,84.19,6.03
module_6,315.0,9.7,60.16,30.14
module_6,315.0,10.99,89.01,0.0
module_6,315.0,10.77,89.23,0.0
module_6,315.0,10.49,89.51,0.0
module_6,315.0,10.16,89.84,0.0
module_6,315.0,10.03,86.47,3.51
module_6,315.0,9.89,82.68,7.42
module_6,315.0,11.51,88.49,0.0
module_6,315.0,11.21,88.79,0.0
module_6,315.0,10.74,89.26,0.0
module_6,315.0,10.41,89.59,0.0
module_6,315.0,10.16,86.74,3.1
module_6,315.0,10.11,82.41,7.48
module_6,315.0,11.89,88.11,0.0
module_6,315.0,11.7,88.3,0.0
module_6,315.0,11.15,88.85,0.0
module_6,315.0,10.6,89.37,0.03
module_6,315.0,10.16,87.7,2.14
module_6,315.0,9.78,81.34,8.88
module_6,315.0,12.77,87.23,0.0
module_6,315.0,12.19,87.81,0.0
module_6,315.0,11.67,88.33,0.0
module_6,315.0,10.74,88.93,0.33
module_6,315.0,10.16,87.37,2.47
module_6,315.0,9.7,81.18,9.12
module_6,315.0,13.42,86.58,0.0
module_6,315.0,12.66,87.34,0.0
module_6,315.0,11.97,88.03,0.0
module_6,315.0,10.93,87.45,1.62
module_6,315.0,10.27,86.58,3.15
module_6,315.0,9.75,84.03,6.22
module_6,315.0,13.92,86.08,0.0
module_6,315.0,13.29,86.71,0.0
module_6,315.0,12.68,87.32,0.0
module_6,315.0,11.53,87.18,1.29
module_6,315.0,10.66,85.75,3.59
module_6,315.0,10.0,86.05,3.95
module_6,315.0,14.71,85.29,0.0
module_6,315.0,13.81,86.19,0.0
module_6,315.0,13.12,86.88,0.0
module_6,315.0,11.84,86.85,1.32
module_6,315.0,11.32,85.56,3.12
module_6,315.0,10.82,82.74,6.44
module_6,315.0,15.45,84.55,0.0
module_6,315.0,14.47,85.53,0.0
module_6,315.0,13.59,86.41,0.0
module_6,315.0,12.27,87.73,0.0
module_6,315.0,11.4,86.79,1.81
module_6,315.0,11.4,82.68,5.92
module_6,315.0,16.14,83.86,0.0
module_6,315.0,14.88,85.12,0.0
module_6,315.0,13.73,86.27,0.0
module_6,315.0,12.16,87.84,0.0
module_6,315.0,10.77,89.23,0.0
module_6,315.0,10.19,85.4,4.41
module_6,315.0,17.32,82.68,0.0
module_6,315.0,15.64,84.36,0.0
module_6,315.0,14.3,85.7,0.0
module_6,315.0,11.95,88.05,0.0
module_6,315.0,10.6,89.4,0.0
module_6,315.0,9.78,88.93,1.29
module_6,315.0,18.82,81.18,0.0
module_6,315.0,16.82,83.18,0.0
module_6,315.0,15.26,84.74,0.0
module_6,315.0,12.22,87.78,0.0
module_6,315.0,10.79,89.21,0.0
module_6,315.0,10.0,90.0,0.0
module_6,315.0,21.23,78.77,0.0
module_6,315.0,19.12,80.88,0.0
module_6,315.0,30.85,69.15,0.0
module_6,315.0,30.44,69.56,0.0
module_6,315.0,36.93,63.07,0.0
module_6,315.0,37.51,62.49,0.0
module_6,315.0,41.12,58.88,0.0
module_6,315.0,44.66,55.34,0.0
module_6,315.0,45.7,54.3,0.0
module_6,315.0,50.52,49.48,0.0
module_6,315.0,10.68,89.32,0.0
module_6,315.0,10.22,89.78,0.0
module_6,315.0,10.71,89.29,0.0
module_6,315.0,10.22,89.78,0.0
module_6,315.0,10.16,89.84,0.0
module_6,315.0,10.22,89.78,0.0
module_6,315.0,10.41,89.59,0.0
module_6,315.0,9.62,34.47,55.92
module_6,315.0,9.78,86.9,3.32
module_6,315.0,9.62,28.79,61.59
module_6,315.0,9.62,32.47,57.92
module_6,315.0,10.22,89.78,0.0
module_6,315.0,9.62,36.14,54.25
module_6,315.0,10.49,89.51,0.0
module_6,315.0,10.63,89.37,0.0
module_6,315.0,11.12,88.88,0.0
module_6,315.0,10.82,89.18,0.0
module_6,315.0,11.21,88.79,0.0
module_6,315.0,11.67,88.33,0.0
module_6,315.0,11.42,88.58,0.0
module_6,315.0,12.25,87.75,0.0
module_6,315.0,11.26,88.74,0.0
module_6,315.0,11.07,88.93,0.0
module_6,315.0,11.26,88.74,0.0
module_6,315.0,11.18,88.82,0.0
module_6,315.0,11.62,88.38,0.0
module_6,315.0,12.77,87.23,0.0
module_6,315.0,12.03,87.97,0.0
module_6,315.0,11.42,88.58,0.0
module_6,315.0,12.79,87.21,0.0
module_6,315.0,10.74,89.26,0.0
module_6,315.0,9.62,24.27,66.11
module_6,315.0,9.62,31.62,58.77
module_6,315.0,9.7,47.34,42.96
module_6,315.0,9.62,27.45,62.93
module_6,315.0,9.62,33.07,57.32
module_6,315.0,9.62,27.23,63.15
module_6,315.0,9.64,40.11,50.25
module_6,315.0,9.67,48.27,42.05
module_6,315.0,9.62,28.66,61.73
module_6,315.0,9.62,26.66,63.73
module_6,315.0,9.62,41.42,48.96
module_6,315.0,9.62,26.3,64.08
module_6,315.0,9.62,27.75,62.63
module_6,315.0,9.62,26.77,63.62
module_6,315.0,9.62,27.48,62.9
module_6,315.0,9.62,27.01,63.37
module_6,315.0,9.62,28.41,61.97
module_6,315.0,9.62,35.64,54.74
module_6,315.0,9.62,31.64,58.74
module_6,315.0,9.62,28.85,61.53
module_6,315.0,9.7,61.92,28.38
module_6,315.0,10.44,79.4,10.16
module_6,315.0,10.52,81.59,7.89
module_6,315.0,9.7,76.88,13.42
module_6,315.0,9.62,29.37,61.01
module_6,315.0,9.62,37.21,53.18
module_6,315.0,9.62,30.58,59.81
module_6,315.0,13.26,81.81,4.93
module_6,315.0,10.05,80.47,9.48
module_6,315.0,10.74,89.26,0.0
module_6,315.0,10.49,80.33,9.18
module_6,315.0,9.7,75.89,14.41
module_6,315.0,14.44,85.56,0.0
module_6,315.0,13.86,86.14,0.0
module_6,315.0,18.11,81.89,0.0
module_6,315.0,16.08,83.92,0.0
module_6,315.0,14.82,85.18,0.0
module_6,315.0,17.21,82.79,0.0
module_6,315.0,13.64,86.36,0.0
module_6,315.0,14.16,85.84,0.0
module_6,315.0,14.71,85.29,0.0
module_6,315.0,15.53,84.47,0.0
module_6,315.0,17.67,82.33,0.0
module_6,315.0,16.77,83.23,0.0
module_6,315.0,19.04,80.96,0.0
module_6,315.0,20.22,79.78,0.0
module_6,315.0,23.1,76.9,0.0
module_6,315.0,26.36,73.64,0.0
module_6,315.0,31.97,68.03,0.0
module_6,315.0,42.93,57.07,0.0
module_6,315.0,35.12,64.88,0.0
module_6,315.0,39.59,60.41,0.0
module_6,315.0,41.7,58.3,0.0
module_6,315.0,40.77,59.23,0.0
module_6,315.0,18.93,81.07,0.0
module_6,315.0,45.42,54.58,0.0
module_6,315.0,47.92,52.08,0.0
module_6,315.0,41.81,58.19,0.0
module_6,315.0,52.05,47.95,0.0
module_6,315.0,21.04,78.96,0.0
module_6,315.0,9.7,79.78,10.52
module_6,315.0,11.62,86.22,2.16
module_6,315.0,9.78,90.11,0.11
module_6,315.0,12.79,87.21,0.0
module_6,315.0,10.71,79.23,10.05
module_6,315.0,14.25,80.03,5.73
module_6,315.0,11.62,88.38,0.0
module_6,315.0,18.14,81.86,0.0
module_6,315.0,10.19,84.41,5.4
module_6,315.0,9.78,75.45,14.77
module_6,315.0,16.79,79.07,4.14
module_6,315.0,9.62,47.56,42.82
module_6,315.0,9.7,89.56,0.74
module_6,315.0,9.7,68.47,21.84
module_6,315.0,10.05,81.04,8.9
module_6,315.0,42.93,57.07,0.0
module_6,315.0,36.99,63.01,0.0
module_6,315.0,16.16,83.84,0.0
module_6,315.0,58.49,41.51,0.0
module_6,315.0,53.86,46.14,0.0
module_6,315.0,11.15,88.85,0.0
module_6,315.0,10.41,89.59,0.0
module_6,315.0,10.74,89.26,0.0
module_6,315.0,11.86,88.14,0.0
module_6,315.0,65.18,34.82,0.0
module_6,315.0,10.47,89.53,0.0
module_6,315.0,10.93,89.07,0.0
module_6,315.0,60.99,39.01,0.0
module_6,315.0,13.29,86.71,0.0
module_6,315.0,13.29,86.71,0.0
module_6,315.0,36.71,63.29,0.0
module_6,315.0,38.55,58.93,2.52
module_6,315.0,48.49,50.58,0.93
module_6,315.0,76.79,23.21,0.0
module_6,315.0,31.4,68.6,0.0
module_6,315.0,29.62,69.78,0.6
module_6,315.0,34.05,64.9,1.04
module_6,315.0,59.18,40.82,0.0
module_6,315.0,27.86,72.14,0.0
module_6,315.0,25.42,74.58,0.0
module_6,315.0,28.77,71.23,0.0
module_6,315.0,50.79,49.21,0.0
module_6,315.0,25.62,74.38,0.0
module_6,315.0,22.77,77.23,0.0
module_6,315.0,25.04,74.96,0.0
module_6,315.0,49.67,50.33,0.0
module_6,315.0,29.12,70.88,0.0
module_6,315.0,25.53,74.47,0.0
module_6,315.0,29.86,70.14,0.0
module_6,315.0,59.26,40.74,0.0
module_6,315.0,100,0.0,0.0
module_6,315.0,100,0.0,0.0
module_6,315.0,100,0.0,0.0
module_6,315.0,100,0.0,0.0
module_6,315.0,100,0.0,0.0
module_6,315.0,100,0.0,0.0
module_6,315.0,100,0.0,0.0
module_6,315.0,100,0.0,0.0
module_6,315.0,100,0.0,0.0
module_6,315.0,100,0.0,0.0
module_6,315.0,100,0.0,0.0
module_6,315.0,100,0.0,0.0
module_6,315.0,100,0.0,0.0
module_6,315.0,100,0.0,0.0
module_6,315.0,100,0.0,0.0
module_6,315.0,100,0.0,0.0
module_6,315.0,100,0.0,0.0
module_6,315.0,100,0.0,0.0
module_6,315.0,100,0.0,0.0
module_6,315.0,100,0.0,0.0
module_6,315.0,13.15,77.34,9.51
module_6,315.0,9.7,66.38,23.92
module_6,315.0,9.62,47.78,42.6
module_6,315.0,9.64,60.9,29.45
module_6,315.0,10.19,89.81,0.0
module_6,315.0,10.25,81.97,7.78
module_6,315.0,9.86,81.7,8.44
module_6,315.0,9.7,72.68,17.62
module_6,315.0,9.7,84.82,5.48
module_6,315.0,10.14,89.86,0.0
module_6,315.0,10.47,84.3,5.23
module_6,315.0,10.27,87.23,2.49
module_6,315.0,10.16,88.38,1.45
module_6,315.0,10.22,89.78,0.0
module_6,315.0,10.55,89.45,0.0
module_6,315.0,11.48,87.07,1.45
module_6,315.0,10.9,89.1,0.0
module_6,315.0,10.71,89.29,0.0
module_6,315.0,10.71,89.29,0.0
module_6,315.0,11.4,88.6,0.0
module_6,315.0,12.11,87.89,0.0
module_6,315.0,11.62,88.38,0.0
module_6,315.0,11.53,88.47,0.0
module_6,315.0,11.64,88.36,0.0
module_6,315.0,11.86,88.14,0.0
module_6,315.0,9.62,32.68,57.7
module_6,315.0,9.62,30.99,59.4
module_6,315.0,9.62,31.07,59.32
module_6,315.0,9.62,35.23,55.15
module_6,315.0,9.64,35.4,54.96
module_6,315.0,9.64,36.82,53.53
module_6,315.0,9.7,43.15,47.15
module_6,315.0,9.67,43.32,47.01
module_6,315.0,9.62,35.37,55.01
module_6,315.0,9.7,44.16,46.14
module_6,315.0,9.7,51.32,38.99
module_6,315.0,9.7,68.3,22.0
module_6,315.0,9.64,40.9,49.45
module_6,315.0,9.7,53.84,36.47
module_6,315.0,9.78,74.52,15.7
module_6,315.0,9.95,88.08,1.97
module_6,315.0,9.7,51.73,38.58
module_6,315.0,9.78,85.48,4.74
module_6,315.0,10.0,88.99,1.01
module_6,315.0,10.19,89.81,0.0
module_6,315.0,9.97,88.88,1.15
module_6,315.0,10.08,89.73,0.19
module_6,315.0,10.14,89.86,0.0
module_6,315.0,10.55,89.45,0.0
module_6,315.0,9.67,44.63,45.7
module_6,315.0,10.14,89.81,0.05
module_6,315.0,10.55,89.45,0.0
module_6,315.0,10.79,89.21,0.0
module_6,315.0,10.41,89.59,0.0
module_6,315.0,10.22,89.26,0.52
module_6,315.0,10.14,88.11,1.75
module_6,315.0,10.11,87.53,2.36
module_6,315.0,10.58,89.1,0.33
module_6,315.0,10.16,89.42,0.41
module_6,315.0,10.11,88.49,1.4
module_6,315.0,10.0,86.85,3.15
module_6,315.0,10.0,86.27,3.73
module_6,315.0,11.73,88.27,0.0
module_6,315.0,10.08,89.07,0.85
module_6,315.0,10.0,87.07,2.93
module_6,315.0,9.92,83.95,6.14
module_6,315.0,9.75,73.23,17.01
module_6,315.0,9.7,66.14,24.16
module_6,315.0,9.78,86.68,3.53
module_6,315.0,9.7,70.85,19.45
module_6,315.0,9.7,68.49,21.81
module_6,315.0,9.7,56.49,33.81
module_6,315.0,9.67,47.01,43.32
module_6,315.0,9.75,86.49,3.75
module_6,315.0,9.62,49.48,40.9
module_6,315.0,9.7,65.04,25.26
module_6,315.0,9.62,32.25,58.14
module_6,315.0,9.62,28.99,61.4
module_6,315.0,100,0.0,0.0
module_6,315.0,100,0.0,0.0
module_6,315.0,100,0.0,0.0
module_6,315.0,100,0.0,0.0
module_6,315.0,100,0.0,0.0
module_6,315.0,100,0.0,0.0
module_6,315.0,100,0.0,0.0
module_6,315.0,100,0.0,0.0
module_6,315.0,97.92,2.08,0.0
module_6,315.0,67.53,32.47,0.0
module_6,315.0,31.01,68.99,0.0
module_6,315.0,28.77,71.23,0.0
module_6,315.0,23.42,76.58,0.0
module_6,315.0,18.33,81.67,0.0
module_6,315.0,14.22,85.78,0.0
module_6,315.0,11.18,88.82,0.0
module_6,315.0,10.0,88.08,1.92
module_6,315.0,29.15,70.85,0.0
module_6,315.0,24.08,75.92,0.0
module_6,315.0,19.26,80.74,0.0
module_6,315.0,14.3,85.7,0.0
module_6,315.0,11.37,88.63,0.0
module_6,315.0,10.19,89.81,0.0
module_6,315.0,30.44,69.56,0.0
module_6,315.0,26.68,73.32,0.0
module_6,315.0,40.93,59.07,0.0
module_6,315.0,59.04,40.96,0.0
module_6,315.0,68.03,31.97,0.0
module_6,315.0,75.48,24.52,0.0
module_6,315.0,89.95,10.05,0.0
module_6,315.0,95.64,4.36,0.0
module_6,315.0,96.96,3.04,0.0
module_6,315.0,99.01,0.99,0.0
module_6,315.0,100,0.0,0.0
module_6,315.0,100,0.0,0.0
module_6,315.0,100,0.0,0.0
module_6,315.0,100,0.0,0.0
module_6,315.0,100,0.0,0.0
module_6,315.0,100,0.0,0.0
module_6,315.0,100,0.0,0.0
module_6,315.0,98.99,1.01,0.0
module_6,315.0,100,0.0,0.0
module_6,315.0,77.73,22.27,0.0
module_6,315.0,32.3,67.7,0.0
module_6,315.0,29.59,70.41,0.0
module_6,315.0,29.56,70.44,0.0
module_6,315.0,33.1,66.9,0.0
module_6,315.0,43.37,56.63,0.0
module_6,315.0,67.95,32.05,0.0
module_6,315.0,63.92,36.08,0.0
module_6,315.0,94.08,5.92,0.0
module_6,315.0,97.75,2.25,0.0
module_6,315.0,79.01,20.99,0.0
module_6,315.0,99.89,0.11,0.0
module_6,315.0,97.15,2.85,0.0
module_6,315.0,98.88,1.12,0.0
module_6,315.0,9.92,88.47,1.62
module_6,315.0,9.64,50.93,39.42
module_6,315.0,9.64,41.53,48.82
module_6,315.0,9.62,32.05,58.33
module_6,315.0,9.62,32.05,58.33
module_6,315.0,9.62,30.82,59.56
module_6,315.0,10.0,89.78,0.22
module_6,315.0,9.7,72.68,17.62
module_6,315.0,9.7,49.86,40.44
module_6,315.0,9.64,39.56,50.79
module_6,315.0,9.62,34.55,55.84
module_6,315.0,9.62,30.68,59.7
module_6,315.0,10.16,89.84,0.0
module_6,315.0,9.89,87.86,2.25
module_6,315.0,9.7,66.52,23.78
module_6,315.0,9.7,51.86,38.44
module_6,315.0,9.64,38.11,52.25
module_6,315.0,9.62,31.97,58.41
module_6,315.0,10.44,89.56,0.0
module_6,315.0,10.11,89.89,0.0
module_6,315.0,9.92,87.78,2.3
module_6,315.0,9.73,73.97,16.3
module_6,315.0,9.64,42.3,48.05
module_6,315.0,9.62,34.22,56.16
module_6,315.0,10.77,89.23,0.0
module_6,315.0,10.41,89.59,0.0
module_6,315.0,10.16,89.84,0.0
module_6,315.0,10.16,89.84,0.0
module_6,315.0,9.7,74.36,15.95
module_6,315.0,9.62,36.25,54.14
module_6,315.0,10.93,89.07,0.0
module_6,315.0,10.82,89.18,0.0
module_6,315.0,10.82,89.18,0.0
module_6,315.0,9.92,88.6,1.48
module_6,315.0,9.7,65.23,25.07
module_6,315.0,9.62,40.9,49.48
module_6,315.0,10.99,89.01,0.0
module_6,315.0,10.68,89.32,0.0
module_6,315.0,10.22,89.78,0.0
module_6,315.0,9.95,89.64,0.41
module_6,315.0,9.7,73.97,16.33
module_6,315.0,9.64,52.77,37.59
module_6,315.0,10.99,89.01,0.0
module_6,315.0,10.6,89.4,0.0
module_6,315.0,10.22,89.78,0.0
module_6,315.0,10.08,89.92,0.0
module_6,315.0,9.78,84.85,5.37
module_6,315.0,9.7,76.49,13.81
module_6,315.0,11.32,88.68,0.0
module_6,315.0,10.77,89.23,0.0
module_6,315.0,10.49,89.51,0.0
module_6,315.0,10.25,89.75,0.0
module_6,315.0,10.0,87.62,2.38
module_6,315.0,10.0,85.34,4.66
module_6,315.0,11.75,88.25,0.0
module_6,315.0,11.26,88.74,0.0
module_6,315.0,10.74,89.26,0.0
module_6,315.0,10.58,89.42,0.0
module_6,315.0,10.19,88.27,1.53
module_6,315.0,10.11,84.49,5.4
module_6,315.0,12.22,87.78,0.0
module_6,315.0,11.7,88.3,0.0
module_6,315.0,11.21,88.79,0.0
module_6,315.0,10.77,89.12,0.11
module_6,315.0,10.36,88.14,1.51
module_6,315.0,10.0,83.86,6.14
module_6,315.0,12.68,87.32,0.0
module_6,315.0,12.22,87.78,0.0
module_6,315.0,11.67,88.33,0.0
module_6,315.0,11.1,88.85,0.05
module_6,315.0,10.41,87.21,2.38
module_6,315.0,9.89,84.47,5.64
module_6,315.0,13.34,86.66,0.0
module_6,315.0,13.01,86.99,0.0
module_6,315.0,12.03,87.97,0.0
module_6,315.0,11.53,88.47,0.0
module_6,315.0,10.52,86.52,2.96
module_6,315.0,9.92,85.62,4.47
module_6,315.0,13.84,86.16,0.0
module_6,315.0,13.62,86.38,0.0
module_6,315.0,12.71,87.29,0.0
module_6,315.0,11.84,87.97,0.19
module_6,315.0,10.71,85.97,3.32
module_6,315.0,10.03,86.19,3.78
module_6,315.0,14.47,85.53,0.0
module_6,315.0,14.25,85.75,0.0
module_6,315.0,13.32,86.68,0.0
module_6,315.0,12.44,87.48,0.08
module_6,315.0,11.34,86.08,2.58
module_6,315.0,10.63,84.71,4.66
module_6,315.0,15.4,84.6,0.0
module_6,315.0,14.79,85.21,0.0
module_6,315.0,13.73,86.27,0.0
module_6,315.0,12.79,87.21,0.0
module_6,315.0,11.73,86.71,1.56
module_6,315.0,11.37,83.18,5.45
module_6,315.0,16.0,84.0,0.0
module_6,315.0,15.59,84.41,0.0
module_6,315.0,14.22,85.78,0.0
module_6,315.0,12.77,87.23,0.0
module_6,315.0,11.48,88.52,0.0
module_6,315.0,10.68,87.18,2.14
module_6,315.0,17.18,82.82,0.0
module_6,315.0,16.49,83.51,0.0
module_6,315.0,14.55,85.45,0.0
module_6,315.0,12.79,87.21,0.0
module_6,315.0,10.96,89.04,0.0
module_6,315.0,10.03,89.73,0.25
module_6,315.0,18.6,81.4,0.0
module_6,315.0,18.11,81.89,0.0
module_6,315.0,15.62,84.38,0.0
module_6,315.0,13.26,86.74,0.0
module_6,315.0,11.01,88.99,0.0
module_6,315.0,10.05,89.95,0.0
module_6,315.0,20.68,79.32,0.0
module_6,315.0,20.9,79.1,0.0
module_6,315.0,25.67,74.33,0.0
module_6,315.0,31.86,68.14,0.0
module_6,315.0,35.04,64.96,0.0
module_6,315.0,37.78,62.22,0.0
module_6,315.0,39.86,60.14,0.0
module_6,315.0,45.04,54.96,0.0
module_6,315.0,42.93,57.07,0.0
module_6,315.0,50.58,49.42,0.0
module_6,315.0,43.84,56.16,0.0
module_6,315.0,48.66,51.34,0.0
module_6,315.0,37.51,62.49,0.0
module_6,315.0,58.08,41.92,0.0
module_6,315.0,51.7,48.3,0.0
module_6,315.0,41.4,58.6,0.0
module_6,315.0,35.64,63.12,1.23
module_6,315.0,39.56,57.97,2.47
module_6,315.0,59.73,39.7,0.58
module_6,315.0,34.79,65.21,0.0
module_6,315.0,32.36,67.34,0.3
module_6,315.0,33.84,64.36,1.81
module_6,315.0,49.78,49.89,0.33
module_6,315.0,29.92,70.08,0.0
module_6,315.0,25.07,74.93,0.0
module_6,315.0,25.07,74.93,0.0
module_6,315.0,40.25,59.75,0.0
module_6,315.0,27.78,72.22,0.0
module_6,315.0,23.56,76.44,0.0
module_6,315.0,23.26,76.74,0.0
module_6,315.0,36.96,63.04,0.0
module_6,315.0,29.64,70.36,0.0
module_6,315.0,24.96,75.04,0.0
module_6,315.0,24.79,75.21,0.0
module_6,315.0,39.07,60.93,0.0
module_6,315.0,100,0.0,0.0
module_6,315.0,100,0.0,0.0
module_6,315.0,100,0.0,0.0
module_6,315.0,100,0.0,0.0
module_6,315.0,100,0.0,0.0
module_6,315.0,100,0.0,0.0
module_6,315.0,100,0.0,0.0
module_6,315.0,100,0.0,0.0
module_6,315.0,100,0.0,0.0
module_6,315.0,100,0.0,0.0
module_6,315.0,100,0.0,0.0
module_6,315.0,100,0.0,0.0
module_6,315.0,100,0.0,0.0
module_6,315.0,100,0.0,0.0
module_6,315.0,100,0.0,0.0
module_6,315.0,100,0.0,0.0
module_6,315.0,100,0.0,0.0
module_6,315.0,100,0.0,0.0
module_6,315.0,100,0.0,0.0
module_6,315.0,100,0.0,0.0