# Rhino

mtllib city.mtl
usemtl diffuse_0
v -13.289548873901367 -282 -0.375
v -13.289548873901367 -272.83197021484375 -0.375
v -3.2895488739013672 -282 -0.375
v -3.2895488739013672 -272.83197021484375 -0.375
v 6.7104511260986328 -282 -0.375
v 6.7104511260986328 -272.83197021484375 -0.375
v 16.710451126098633 -282 -0.375
v 16.710451126098633 -272.83197021484375 -0.375
v 16.710451126098633 -263.66390991210938 -0.375
v 16.710451126098633 -236.1597900390625 -0.375
v 26.710451126098633 -282 -0.375
v 26.710451126098633 -272.83197021484375 -0.375
v 26.710451126098633 -263.66390991210938 -0.375
v 26.710451126098633 -245.32783508300781 -0.375
v 26.710451126098633 -236.1597900390625 -0.375
v 26.710451126098633 -226.99174499511719 -0.375
v 36.71044921875 -282 -0.375
v 36.710453033447266 -272.83197021484375 -0.375
v 36.71044921875 -263.66390991210938 -0.375
v 36.71044921875 -245.32783508300781 -0.375
v 36.71044921875 -236.1597900390625 -0.375
v 36.71044921875 -226.99174499511719 -0.375
v 36.71044921875 -217.82369995117188 -0.375
v 46.71044921875 -282 -0.375
v 46.71044921875 -272.83197021484375 -0.375
v 46.71044921875 -236.1597900390625 -0.375
v 46.71044921875 -226.99174499511719 -0.375
v 46.710453033447266 -217.82369995117188 -0.375
v 56.710453033447266 -282 -0.375
v 56.710453033447266 -272.83197021484375 -0.375
v 56.710453033447266 -263.66390991210938 -0.375
v 56.710453033447266 -226.99174499511719 -0.375
v 56.710453033447266 -217.82369995117188 -0.375
v 66.71044921875 -282 -0.375
v 66.71044921875 -272.83197021484375 -0.375
v 66.71044921875 -263.66390991210938 -0.375
v -23.289548873901367 -211.80680847167969 -0.375
v -23.289548873901367 -217.88261413574219 -0.375
v -22.139711380004883 -219.09951782226563 -0.375
v -23.289548873901367 -220.18870544433594 -0.375
v -13.289548873901367 -231.57577514648438 -0.375
v -23.289548873901367 -220.75051879882813 -0.375
v -20.108453750610352 -217.80735778808594 -0.375
v -17.048702239990234 -221.11636352539063 -0.375
v -13.988948822021484 -224.42536926269531 -0.375
v -18.639249801635742 -228.72218322753906 -0.375
v -23.289548873901367 -233.01899719238281 -0.375
v -23.289548873901367 -238.91769409179688 -0.375
v -23.289548873901367 -244.81639099121094 -0.375
v -23.289548873901367 -250.715087890625 -0.375
v -23.289548873901367 -256.61380004882813 -0.375
v -19.627679824829102 -260.79513549804688 -0.375
v -15.96580982208252 -264.97647094726563 -0.375
v -19.627679824829102 -268.43182373046875 -0.375
v -23.289548873901367 -271.88714599609375 -0.375
v -23.289548873901367 -276.94357299804688 -0.375
v -23.289548873901367 -282 -0.375
v 76.71044921875 -282 -0.375
v 76.71044921875 -276.5247802734375 -0.375
v 76.71044921875 -271.04953002929688 -0.375
v 76.71044921875 -265.57431030273438 -0.375
v 76.182731628417969 -266.11065673828125 -0.375
v 71.71044921875 -263.66390991210938 -0.375
v 66.71044921875 -268.2479248046875 -0.375
v 71.71044921875 -272.83197021484375 -0.375
v 71.71044921875 -268.2479248046875 -0.375
v 71.71044921875 -265.9559326171875 -0.375
v 74.21044921875 -268.2479248046875 -0.375
v 74.21044921875 -265.9559326171875 -0.375
v 75.46044921875 -265.9559326171875 -0.375
v 74.21044921875 -267.1019287109375 -0.375
v 75.46044921875 -268.2479248046875 -0.375
v 75.46044921875 -267.1019287109375 -0.375
v 71.71044921875 -270.53994750976563 -0.375
v 74.21044921875 -272.83197021484375 -0.375
v 74.21044921875 -270.53994750976563 -0.375
v 66.71044921875 -277.41598510742188 -0.375
v 71.71044921875 -282 -0.375
v 71.71044921875 -277.41598510742188 -0.375
v 71.288215637207031 -261.21612548828125 -0.375
v 66.393707275390625 -256.32162475585938 -0.375
v 71.552078247070313 -251.31887817382813 -0.375
v 76.71044921875 -246.31614685058594 -0.375
v 76.71044921875 -240.61923217773438 -0.375
v 76.71044921875 -234.92231750488281 -0.375
v 73.160621643066406 -231.17178344726563 -0.375
v 76.71044921875 -227.8106689453125 -0.375
v 76.71044921875 -227.05584716796875 -0.375
v 73.471038818359375 -230.29525756835938 -0.375
v 69.654251098632813 -225.99777221679688 -0.375
v 65.837471008300781 -221.70028686523438 -0.375
v 66.556297302246094 -218.27670288085938 -0.375
v 71.633377075195313 -213.01840209960938 -0.375
v 76.71044921875 -207.76010131835938 -0.375
v 76.71044921875 -200.89990234375 -0.375
v 76.71044921875 -194.03968811035156 -0.375
v 72.45562744140625 -198.68060302734375 -0.375
v 68.748825073242188 -194.83137512207031 -0.375
v 65.042030334472656 -190.98214721679688 -0.375
v 66.035064697265625 -190.319580078125 -0.375
v 65.390663146972656 -190.319580078125 -0.375
v 61.994026184082031 -192.56797790527344 -0.375
v 58.597389221191406 -194.81637573242188 -0.375
v 55.619861602783203 -190.319580078125 -0.375
v 55.329875946044922 -190.319580078125 -0.375
v 58.914093017578125 -195.6790771484375 -0.375
v 55.767005920410156 -198.73966979980469 -0.375
v 52.619918823242188 -201.80027770996094 -0.375
v 50.163364410400391 -199.17755126953125 -0.375
v 46.734199523925781 -201.6474609375 -0.375
v 42.555736541748047 -196.98828125 -0.375
v 38.377269744873047 -192.32911682128906 -0.375
v 41.794456481933594 -190.319580078125 -0.375
v 35.094261169433594 -190.319580078125 -0.375
v 28.394062042236328 -190.319580078125 -0.375
v 21.693862915039063 -190.319580078125 -0.375
v 14.993664741516113 -190.319580078125 -0.375
v 8.2934665679931641 -190.319580078125 -0.375
v 1.5932687520980835 -190.319580078125 -0.375
v -5.1069293022155762 -190.319580078125 -0.375
v -11.807127952575684 -190.319580078125 -0.375
v -18.507326126098633 -190.319580078125 -0.375
v -14.144245147705078 -194.99424743652344 -0.375
v -9.7811651229858398 -199.66889953613281 -0.375
v -5.4180855751037598 -204.34356689453125 -0.375
v -5.4139437675476074 -210.47230529785156 -0.375
v -5.4098019599914551 -216.60104370117188 -0.375
v -8.9211339950561523 -220.10450744628906 -0.375
v -12.432465553283691 -223.60798645019531 -0.375
v -16.051492691040039 -219.67425537109375 -0.375
v -19.670520782470703 -215.74053955078125 -0.375
v 20.861301422119141 -254.64656066894531 -0.375
v 16.409900665283203 -250.55125427246094 -0.375
v 11.958499908447266 -246.4559326171875 -0.375
v 15.781494140625 -242.30270385742188 -0.375
v 20.229928970336914 -246.40098571777344 -0.375
v 24.678361892700195 -250.49928283691406 -0.375
v 15.930544853210449 -258.0362548828125 -0.375
v 11.876208305358887 -254.33798217773438 -0.375
v 7.8218717575073242 -250.63972473144531 -0.375
v 11.644865989685059 -246.48651123046875 -0.375
v 15.696234703063965 -250.18772888183594 -0.375
v 19.747604370117188 -253.88894653320313 -0.375
v 3.9086992740631104 -271.96084594726563 -0.375
v -0.66401392221450806 -266.948974609375 -0.375
v -5.236727237701416 -261.93710327148438 -0.375
v -0.53835028409957886 -256.59396362304688 -0.375
v 4.4297575950622559 -261.28909301757813 -0.375
v 9.3978652954101563 -265.98419189453125 -0.375
v 6.6532821655273438 -268.9725341796875 -0.375
v 9.6416397094726563 -265.59890747070313 -0.375
v 5.5873031616210938 -261.900634765625 -0.375
v 1.5329669713973999 -258.202392578125 -0.375
v 5.3559613227844238 -254.04916381835938 -0.375
v 9.4073305130004883 -257.75039672851563 -0.375
v 13.458699226379395 -261.45159912109375 -0.375
v -11.928532600402832 -236.26615905761719 -0.375
v -8.9077768325805664 -233.24539184570313 -0.375
v -9.6959714889526367 -232.44532775878906 -0.375
v -10.789548873901367 -231.57577514648438 -0.375
v -13.289548873901367 -233.86778259277344 -0.375
v -10.789548873901367 -233.86778259277344 -0.375
v -5.239020824432373 -227.98838806152344 -0.375
v -0.78206992149353027 -223.53143310546875 -0.375
v 3.7925117015838623 -228.26625061035156 -0.375
v 8.3670930862426758 -233.00106811523438 -0.375
v 3.873058557510376 -237.33784484863281 -0.375
v -0.62097609043121338 -241.67463684082031 -0.375
v -1.2619223594665527 -242.31558227539063 -0.375
v 3.2350795269012451 -237.975830078125 -0.375
v 7.732081413269043 -233.63607788085938 -0.375
v 11.237356185913086 -236.987060546875 -0.375
v 6.8605237007141113 -241.3638916015625 -0.375
v 2.4836909770965576 -245.74072265625 -0.375
v -1.2619223594665527 -242.31558227539063 -0.375
v -3.5705161094665527 -244.62417602539063 -0.375
v -6.1966471672058105 -241.998046875 -0.375
v -8.1847677230834961 -243.98616027832031 -0.375
v -5.6765923500061035 -246.80886840820313 -0.375
v -3.1684169769287109 -249.631591796875 -0.375
v -6.6683754920959473 -252.6597900390625 -0.375
v -10.168334007263184 -255.68798828125 -0.375
v -13.723383903503418 -251.86785888671875 -0.375
v -17.278434753417969 -248.04771423339844 -0.375
v -20.833484649658203 -244.22758483886719 -0.375
v -16.777336120605469 -239.92768859863281 -0.375
v -12.721186637878418 -235.6278076171875 -0.375
v -9.4589166641235352 -238.81292724609375 -0.375
v -9.0625905990600586 -239.13209533691406 -0.375
v 48.162391662597656 -267.7281494140625 -0.375
v 43.663356781005859 -263.316162109375 -0.375
v 39.164325714111328 -258.9041748046875 -0.375
v 34.665290832519531 -254.49217224121094 -0.375
v 37.828632354736328 -251.28166198730469 -0.375
v 42.327663421630859 -255.69364929199219 -0.375
v 46.826698303222656 -260.10565185546875 -0.375
v 51.325733184814453 -264.51763916015625 -0.375
v 66.397789001464844 -248.84800720214844 -0.375
v 61.687110900878906 -244.22831726074219 -0.375
v 56.976425170898438 -239.608642578125 -0.375
v 52.265743255615234 -234.98895263671875 -0.375
v 55.830715179443359 -231.361083984375 -0.375
v 59.395683288574219 -227.73321533203125 -0.375
v 63.208637237548828 -231.47889709472656 -0.375
v 67.021591186523438 -235.22459411621094 -0.375
v 70.834541320800781 -238.97029113769531 -0.375
v 68.175651550292969 -241.67636108398438 -0.375
v 70.849105834960938 -244.30233764648438 -0.375
v 54.687557220458984 -252.85282897949219 -0.375
v 49.931396484375 -247.85928344726563 -0.375
v 45.175235748291016 -242.86572265625 -0.375
v 48.721649169921875 -239.49229431152344 -0.375
v 53.477809906005859 -244.48583984375 -0.375
v 58.233970642089844 -249.47938537597656 -0.375
v 32.72796630859375 -220.10397338867188 -0.375
v 29.756780624389648 -216.84791564941406 -0.375
v 28.272504806518555 -218.52090454101563 -0.375
v 36.71044921875 -222.40773010253906 -0.375
v 26.710451126098633 -222.40773010253906 -0.375
v 31.710451126098633 -226.99174499511719 -0.375
v 31.710451126098633 -222.40773010253906 -0.375
v 24.052148818969727 -214.94148254394531 -0.375
v 21.0072021484375 -218.12796020507813 -0.375
v 24.210163116455078 -223.52676391601563 -0.375
v 23.300830841064453 -224.23165893554688 -0.375
v 21.710451126098633 -226.99174499511719 -0.375
v 26.710451126098633 -224.69973754882813 -0.375
v 24.210451126098633 -226.99174499511719 -0.375
v 24.210451126098633 -224.69973754882813 -0.375
v 26.710451126098633 -231.57577514648438 -0.375
v 21.710451126098633 -236.1597900390625 -0.375
v 21.710451126098633 -231.57577514648438 -0.375
v 19.979349136352539 -227.25436401367188 -0.375
v 16.657869338989258 -230.27706909179688 -0.375
v 12.395806312561035 -225.55209350585938 -0.375
v 8.1337442398071289 -220.82713317871094 -0.375
v 4.5528573989868164 -216.45098876953125 -0.375
v 1.6919331550598145 -212.62864685058594 -0.375
v 1.8510349988937378 -208.49104309082031 -0.375
v 2.2478735446929932 -203.07781982421875 -0.375
v 2.644711971282959 -197.66459655761719 -0.375
v 8.5319385528564453 -197.34413146972656 -0.375
v 15.694036483764648 -196.70805358886719 -0.375
v 22.462697982788086 -195.77349853515625 -0.375
v 26.839324951171875 -195.48545837402344 -0.375
v 31.215951919555664 -195.19741821289063 -0.375
v 36.466739654541016 -200.29389953613281 -0.375
v 35.671039581298828 -201.23112487792969 -0.375
v 40.365505218505859 -205.78315734863281 -0.375
v 44.186759948730469 -209.60441589355469 -0.375
v 48.008018493652344 -213.42567443847656 -0.375
v 44.024333953857422 -217.88111877441406 -0.375
v 41.722049713134766 -215.73313903808594 -0.375
v 46.71044921875 -222.40773010253906 -0.375
v 41.710453033447266 -226.99174499511719 -0.375
v 41.710453033447266 -222.40773010253906 -0.375
v 40.5291748046875 -216.92601013183594 -0.375
v 37.903045654296875 -214.29988098144531 -0.375
v 35.315505981445313 -217.20191955566406 -0.375
v 62.969429016113281 -208.96878051757813 -0.375
v 58.197940826416016 -213.74028015136719 -0.375
v 55.252632141113281 -210.71781921386719 -0.375
v 52.307327270507813 -207.69535827636719 -0.375
v 56.84588623046875 -202.99954223632813 -0.375
v 59.907657623291016 -205.98416137695313 -0.375
v 54.622982025146484 -200.69355773925781 -0.375
v 58.109172821044922 -197.03437805175781 -0.375
v 62.487354278564453 -201.21078491210938 -0.375
v 66.86553955078125 -205.38719177246094 -0.375
v 63.373409271240234 -209.05229187011719 -0.375
v 58.998195648193359 -204.8729248046875 -0.375
v 71.969009399414063 -198.5382080078125 -0.375
v 68.541709899902344 -202.27999877929688 -0.375
v 64.919464111328125 -198.8179931640625 -0.375
v 61.297210693359375 -195.35597229003906 -0.375
v 65.196304321289063 -191.45689392089844 -0.375
v 68.582656860351563 -194.99754333496094 -0.375
v -13.289548873901367 -263.66390991210938 -0.375
vt 0.10000000149011612 0
vt 0.10000000149011612 0.10000000149011612
vt 0.20000000298023224 0
vt 0.20000000298023224 0.10000000149011612
vt 0.30000001192092896 0
vt 0.30000001192092896 0.10000000149011612
vt 0.40000000596046448 0
vt 0.40000000596046448 0.10000000149011612
vt 0.40000000596046448 0.20000000298023224
vt 0.40000000596046448 0.5
vt 0.5 0
vt 0.5 0.10000000149011612
vt 0.5 0.20000000298023224
vt 0.5 0.40000000596046448
vt 0.5 0.5
vt 0.5 0.60000002384185791
vt 0.60000002384185791 0
vt 0.60000002384185791 0.10000000149011612
vt 0.60000002384185791 0.20000000298023224
vt 0.60000002384185791 0.40000000596046448
vt 0.60000002384185791 0.5
vt 0.60000002384185791 0.60000002384185791
vt 0.60000002384185791 0.69999998807907104
vt 0.69999998807907104 0
vt 0.69999998807907104 0.10000000149011612
vt 0.69999998807907104 0.5
vt 0.69999998807907104 0.60000002384185791
vt 0.69999998807907104 0.69999998807907104
vt 0.80000001192092896 0
vt 0.80000001192092896 0.10000000149011612
vt 0.80000001192092896 0.20000000298023224
vt 0.80000001192092896 0.60000002384185791
vt 0.80000001192092896 0.69999998807907104
vt 0.89999997615814209 0
vt 0.89999997615814209 0.10000000149011612
vt 0.89999997615814209 0.20000000298023224
vt 0 0.76562899351119995
vt 0 0.69935745000839233
vt 0.011498371139168739 0.6860840916633606
vt 0 0.67420381307601929
vt 0.10000000149011612 0.55000001192092896
vt 0 0.66807591915130615
vt 0.031810950487852097 0.70017838478088379
vt 0.062408477067947388 0.6640855073928833
vt 0.09300599992275238 0.62799263000488281
vt 0.04650299996137619 0.58112537860870361
vt 0 0.53425812721252441
vt 0 0.46991831064224243
vt 0 0.40557849407196045
vt 0 0.34123867750167847
vt 0 0.27689886093139648
vt 0.036618694663047791 0.2312910407781601
vt 0.073237389326095581 0.18568320572376251
vt 0.036618694663047791 0.14799429476261139
vt 0 0.11030537635087967
vt 0 0.055152688175439835
vt 0 0
vt 1 0
vt 1 0.059720825403928757
vt 1 0.11944165080785751
vt 1 0.17916247248649597
vt 0.99472278356552124 0.17331238090991974
vt 0.94999998807907104 0.20000000298023224
vt 0.89999997615814209 0.15000000596046448
vt 0.94999998807907104 0.10000000149011612
vt 0.94999998807907104 0.15000000596046448
vt 0.94999998807907104 0.17499999701976776
vt 0.97500002384185791 0.15000000596046448
vt 0.97500002384185791 0.17499999701976776
vt 0.98750001192092896 0.17499999701976776
vt 0.97500002384185791 0.16249999403953552
vt 0.98750001192092896 0.15000000596046448
vt 0.98750001192092896 0.16249999403953552
vt 0.94999998807907104 0.125
vt 0.97500002384185791 0.10000000149011612
vt 0.97500002384185791 0.125
vt 0.89999997615814209 0.05000000074505806
vt 0.94999998807907104 0
vt 0.94999998807907104 0.05000000074505806
vt 0.94577765464782715 0.22669903934001923
vt 0.89683252573013306 0.28008568286895752
vt 0.94841629266738892 0.33465287089347839
vt 1 0.38922002911567688
vt 1 0.45135882496833801
vt 1 0.51349759101867676
vt 0.96450173854827881 0.55440640449523926
vt 1 0.59106767177581787
vt 1 0.5993008017539978
vt 0.9676058292388916 0.56396704912185669
vt 0.92943799495697021 0.61084175109863281
vt 0.8912702202796936 0.65771645307540894
vt 0.89845848083496094 0.69505906105041504
vt 0.94922924041748047 0.75241363048553467
vt 1 0.80976825952529907
vt 1 0.88459563255310059
vt 1 0.95942306518554688
vt 0.95745170116424561 0.90880250930786133
vt 0.9203837513923645 0.95078784227371216
vt 0.8833158016204834 0.99277311563491821
vt 0.89324617385864258 1
vt 0.88680213689804077 1
vt 0.85283577442169189 0.97547566890716553
vt 0.81886935234069824 0.95095133781433105
vt 0.78909409046173096 1
vt 0.78619426488876343 1
vt 0.82203644514083862 0.94154155254364014
vt 0.79056555032730103 0.90815818309783936
vt 0.7590947151184082 0.87477487325668335
vt 0.73452913761138916 0.90338218212127686
vt 0.70023751258850098 0.87644165754318237
vt 0.65845286846160889 0.92726141214370728
vt 0.6166682243347168 0.9780811071395874
vt 0.65084004402160645 1
vt 0.58383810520172119 1
vt 0.51683610677719116 1
vt 0.44983410835266113 1
vt 0.38283213973045349 1
vt 0.31583017110824585 1
vt 0.24882817268371582 1
vt 0.18182618916034698 1
vt 0.11482421308755875 1
vt 0.047822233289480209 1
vt 0.091453030705451965 0.94901132583618164
vt 0.13508383929729462 0.89802271127700806
vt 0.17871463298797607 0.8470340371131897
vt 0.17875605821609497 0.78018510341644287
vt 0.17879746854305267 0.71333616971969604
vt 0.14368414878845215 0.67512220144271851
vt 0.10857082903385162 0.63690829277038574
vt 0.07238055020570755 0.67981517314910889
vt 0.036190275102853775 0.72272211313247681
vt 0.44150850176811218 0.2983563244342804
vt 0.39699450135231018 0.34302583336830139
vt 0.35248050093650818 0.38769534230232239
vt 0.39071044325828552 0.4329964816570282
vt 0.43519476056098938 0.38829460740089417
vt 0.47967910766601563 0.34359273314476013
vt 0.39220094680786133 0.26138359308242798
vt 0.35165756940841675 0.30172213912010193
vt 0.31111422181129456 0.34206068515777588
vt 0.3493441641330719 0.38736182451248169
vt 0.38985782861709595 0.3469909131526947
vt 0.43037152290344238 0.30662000179290771
vt 0.27198249101638794 0.10950154066085815
vt 0.22625534236431122 0.16416838765144348
vt 0.18052822351455688 0.21883524954319
vt 0.22751198709011078 0.27711504697799683
vt 0.27719306945800781 0.22590331733226776
vt 0.32687413692474365 0.1746915876865387
vt 0.2994283139705658 0.14209656417369843
vt 0.32931187748908997 0.17889426648616791
vt 0.28876852989196777 0.21923281252384186
vt 0.24822515249252319 0.25957134366035461
vt 0.28645509481430054 0.30487248301506042
vt 0.32696878910064697 0.26450157165527344
vt 0.36748248338699341 0.22413066029548645
vt 0.1136101633310318 0.49883982539176941
vt 0.1438177227973938 0.53178858757019043
vt 0.13593576848506927 0.5405152440071106
vt 0.125 0.55000001192092896
vt 0.10000000149011612 0.52499997615814209
vt 0.125 0.52499997615814209
vt 0.18050527572631836 0.58912926912307739
vt 0.22507478296756744 0.63774323463439941
vt 0.27082061767578125 0.58609843254089355
vt 0.31656640768051147 0.5344536304473877
vt 0.27162608504295349 0.48715037107467651
vt 0.22668573260307312 0.43984711170196533
vt 0.22027626633644104 0.43285602331161499
vt 0.26524627208709717 0.48019164800643921
vt 0.31021630764007568 0.52752727270126343
vt 0.34526905417442322 0.49097666144371033
vt 0.30150073766708374 0.44323655962944031
vt 0.25773239135742188 0.39549645781517029
vt 0.22027626633644104 0.43285602331161499
vt 0.19719032943248749 0.40767514705657959
vt 0.17092901468276978 0.43631955981254578
vt 0.15104781091213226 0.41463422775268555
vt 0.17612956464290619 0.38384559750556946
vt 0.20121131837368011 0.35305696725845337
vt 0.16621173918247223 0.32002702355384827
vt 0.13121214509010315 0.28699710965156555
vt 0.095661647617816925 0.32866501808166504
vt 0.060111142694950104 0.37033295631408691
vt 0.024560641497373581 0.41200089454650879
vt 0.065122134983539581 0.45890176296234131
vt 0.10568362474441528 0.50580263137817383
vt 0.13830631971359253 0.47106108069419861
vt 0.14226958155632019 0.46757969260215759
vt 0.71451938152313232 0.15566961467266083
vt 0.66952908039093018 0.20379321277141571
vt 0.62453871965408325 0.2519167959690094
vt 0.5795484185218811 0.30004039406776428
vt 0.61118179559707642 0.33505895733833313
vt 0.65617215633392334 0.28693535923957825
vt 0.70116245746612549 0.23881176114082336
vt 0.74615281820297241 0.19068817794322968
vt 0.89687341451644897 0.36160388588905334
vt 0.84976661205291748 0.4119928777217865
vt 0.80265974998474121 0.46238186955451965
vt 0.75555294752120972 0.51277083158493042
vt 0.7912026047706604 0.55234169960021973
vt 0.82685232162475586 0.59191256761550903
vt 0.86498188972473145 0.55105656385421753
vt 0.90311139822006226 0.5102006196975708
vt 0.94124090671539307 0.4693446159362793
vt 0.91465198993682861 0.43982833623886108
vt 0.94138658046722412 0.41118556261062622
vt 0.77977108955383301 0.31792148947715759
vt 0.73220944404602051 0.37238839268684387
vt 0.68464785814285278 0.42685529589653015
vt 0.72011196613311768 0.46365088224411011
vt 0.7676735520362854 0.40918397903442383
vt 0.8152351975440979 0.35471707582473755
vt 0.56017512083053589 0.67512816190719604
vt 0.53046327829360962 0.71064335107803345
vt 0.51562052965164185 0.69239538908004761
vt 0.60000002384185791 0.64999997615814209
vt 0.5 0.64999997615814209
vt 0.55000001192092896 0.60000002384185791
vt 0.55000001192092896 0.64999997615814209
vt 0.47341698408126831 0.73143768310546875
vt 0.44296750426292419 0.69668132066726685
vt 0.4749971330165863 0.63779419660568237
vt 0.46590378880500793 0.63010549545288086
vt 0.44999998807907104 0.60000002384185791
vt 0.5 0.625
vt 0.47499999403953552 0.60000002384185791
vt 0.47499999403953552 0.625
vt 0.5 0.55000001192092896
vt 0.44999998807907104 0.5
vt 0.44999998807907104 0.55000001192092896
vt 0.43268898129463196 0.59713554382324219
vt 0.39947417378425598 0.56416559219360352
vt 0.35685354471206665 0.61570292711257935
vt 0.31423291563987732 0.66724032163619995
vt 0.27842405438423157 0.71497279405593872
vt 0.24981482326984406 0.75666487216949463
vt 0.25140583515167236 0.80179566144943237
vt 0.25537422299385071 0.86084014177322388
vt 0.25934261083602905 0.91988462209701538
vt 0.31821486353874207 0.92337995767593384
vt 0.38983586430549622 0.93031799793243408
vt 0.45752248167991638 0.94051170349121094
vt 0.50128871202468872 0.94365346431732178
vt 0.54505503177642822 0.94679522514343262
vt 0.59756284952163696 0.8912055492401123
vt 0.58960586786270142 0.88098275661468506
vt 0.63655054569244385 0.83133167028427124
vt 0.67476308345794678 0.78965151309967041
vt 0.71297568082809448 0.7479712963104248
vt 0.67313885688781738 0.69937378168106079
vt 0.650115966796875 0.72280281782150269
vt 0.69999998807907104 0.64999997615814209
vt 0.64999997615814209 0.60000002384185791
vt 0.64999997615814209 0.64999997615814209
vt 0.6381872296333313 0.70979160070419312
vt 0.61192595958709717 0.73843604326248169
vt 0.58605051040649414 0.70678210258483887
vt 0.86258977651596069 0.7965846061706543
vt 0.81487488746643066 0.74453979730606079
vt 0.78542184829711914 0.77750712633132935
vt 0.75596874952316284 0.8104744553565979
vt 0.80135434865951538 0.8616938591003418
vt 0.83197206258773804 0.82913923263549805
vt 0.77912527322769165 0.88684636354446411
vt 0.81398719549179077 0.92675858736038208
vt 0.85776901245117188 0.88120466470718384
vt 0.90155082941055298 0.8356507420539856
vt 0.86662960052490234 0.79567378759384155
vt 0.82287746667861938 0.84126007556915283
vt 0.95258557796478271 0.91035574674606323
vt 0.91831260919570923 0.86954218149185181
vt 0.88209009170532227 0.90730398893356323
vt 0.84586763381958008 0.94506573677062988
vt 0.88485848903656006 0.9875948429107666
vt 0.91872203350067139 0.9489753246307373
vt 0.10000000149011612 0.20000000298023224
vn 0 0 1
vn 0 0 1
vn 0 0 1
vn 0 0 1
vn 0 0 1
vn 0 0 1
vn 0 0 1
vn 0 0 1
vn 0 0 1
vn 0 0 1
vn 0 0 1
vn 0 0 1
vn 0 0 1
vn 0 0 1
vn 0 0 1
vn 0 0 1
vn 0 0 1
vn 0 0 1
vn 0 0 1
vn 0 0 1
vn 0 0 1
vn 0 0 1
vn 0 0 1
vn 0 0 1
vn 0 0 1
vn 0 0 1
vn 0 0 1
vn 0 0 1
vn 0 0 1
vn 0 0 1
vn 0 0 1
vn 0 0 1
vn 0 0 1
vn 0 0 1
vn 0 0 1
vn 0 0 1
vn 0 0 1
vn 0 0 1
vn 0 0 1
vn 0 0 1
vn 0 0 1
vn 0 0 1
vn 0 0 1
vn 0 0 1
vn 0 0 1
vn 0 0 1
vn 0 0 1
vn 0 0 1
vn 0 0 1
vn 0 0 1
vn 0 0 1
vn 0 0 1
vn 0 0 1
vn 0 0 1
vn 0 0 1
vn 0 0 1
vn 0 0 1
vn 0 0 1
vn 0 0 1
vn 0 0 1
vn 0 0 1
vn 0 0 1
vn 0 0 1
vn 0 0 1
vn 0 0 1
vn 0 0 1
vn 0 0 1
vn 0 0 1
vn 0 0 1
vn 0 0 1
vn 0 0 1
vn 0 0 1
vn 0 0 1
vn 0 0 1
vn 0 0 1
vn 0 0 1
vn 0 0 1
vn 0 0 1
vn 0 0 1
vn 0 0 1
vn 0 0 1
vn 0 0 1
vn 0 0 1
vn 0 0 1
vn 0 0 1
vn 0 0 1
vn 0 0 1
vn 0 0 1
vn 0 0 1
vn 0 0 1
vn 0 0 1
vn 0 0 1
vn 0 0 1
vn 0 0 1
vn 0 0 1
vn 0 0 1
vn 0 0 1
vn 0 0 1
vn 0 0 1
vn 0 0 1
vn 0 0 1
vn 0 0 1
vn 0 0 1
vn 0 0 1
vn 0 0 1
vn 0 0 1
vn 0 0 1
vn 0 0 1
vn 0 0 1
vn 0 0 1
vn 0 0 1
vn 0 0 1
vn 0 0 1
vn 0 0 1
vn 0 0 1
vn 0 0 1
vn 0 0 1
vn 0 0 1
vn 0 0 1
vn 0 0 1
vn 0 0 1
vn 0 0 1
vn 0 0 1
vn 0 0 1
vn 0 0 1
vn 0 0 1
vn 0 0 1
vn 0 0 1
vn 0 0 1
vn 0 0 1
vn 0 0 1
vn 0 0 1
vn 0 0 1
vn 0 0 1
vn 0 0 1
vn 0 0 1
vn 0 0 1
vn 0 0 1
vn 0 0 1
vn 0 0 1
vn 0 0 1
vn 0 0 1
vn 0 0 1
vn 0 0 1
vn 0 0 1
vn 0 0 1
vn 0 0 1
vn 0 0 1
vn 0 0 1
vn 0 0 1
vn 0 0 1
vn 0 0 1
vn 0 0 1
vn 0 0 1
vn 0 0 1
vn 0 0 1
vn 0 0 1
vn 0 0 1
vn 0 0 1
vn 0 0 1
vn 0 0 1
vn 0 0 1
vn 0 0 1
vn 0 0 1
vn 0 0 1
vn 0 0 1
vn 0 0 1
vn 0 0 1
vn 0 0 1
vn 0 0 1
vn 0 0 1
vn 0 0 1
vn 0 0 1
vn 0 0 1
vn 0 0 1
vn 0 0 1
vn 0 0 1
vn 0 0 1
vn 0 0 1
vn 0 0 1
vn 0 0 1
vn 0 0 1
vn 0 0 1
vn 0 0 1
vn 0 0 1
vn 0 0 1
vn 0 0 1
vn 0 0 1
vn 0 0 1
vn 0 0 1
vn 0 0 1
vn 0 0 1
vn 0 0 1
vn 0 0 1
vn 0 0 1
vn 0 0 1
vn 0 0 1
vn 0 0 1
vn 0 0 1
vn 0 0 1
vn 0 0 1
vn 0 0 1
vn 0 0 1
vn 0 0 1
vn 0 0 1
vn 0 0 1
vn 0 0 1
vn 0 0 1
vn 0 0 1
vn 0 0 1
vn 0 0 1
vn 0 0 1
vn 0 0 1
vn 0 0 1
vn 0 0 1
vn 0 0 1
vn 0 0 1
vn 0 0 1
vn 0 0 1
vn 0 0 1
vn 0 0 1
vn 0 0 1
vn 0 0 1
vn 0 0 1
vn 0 0 1
vn 0 0 1
vn 0 0 1
vn 0 0 1
vn 0 0 1
vn 0 0 1
vn 0 0 1
vn 0 0 1
vn 0 0 1
vn 0 0 1
vn 0 0 1
vn 0 0 1
vn 0 0 1
vn 0 0 1
vn 0 0 1
vn 0 0 1
vn 0 0 1
vn 0 0 1
vn 0 0 1
vn 0 0 1
vn 0 0 1
vn 0 0 1
vn 0 0 1
vn 0 0 1
vn 0 0 1
vn 0 0 1
vn 0 0 1
vn 0 0 1
vn 0 0 1
vn 0 0 1
vn 0 0 1
vn 0 0 1
vn 0 0 1
vn 0 0 1
vn 0 0 1
vn 0 0 1
vn 0 0 1
vn 0 0 1
vn 0 0 1
vn 0 0 1
vn 0 0 1
vn 0 0 1
vn 0 0 1
vn 0 0 1
vn 0 0 1
vn 0 0 1
vn 0 0 1
vn 0 0 1
vn 0 0 1
vn 0 0 1
vn 0 0 1
vn 0 0 1
vn 0 0 1
vn 0 0 1
f 4/4/4 2/2/2 1/1/1 3/3/3
f 160/160/160 41/41/41 161/161/161 162/162/162
f 8/8/8 6/6/6 5/5/5 7/7/7
f 12/12/12 8/8/8 7/7/7 11/11/11
f 13/13/13 9/9/9 8/8/8 12/12/12
f 228/228/228 226/226/226 232/232/232
f 230/230/230 16/16/16 228/228/228
f 232/232/232 230/230/230 228/228/228
f 10/10/10 231/231/231 232/232/232
f 230/230/230 232/232/232 231/231/231 15/15/15
f 227/227/227 229/229/229 228/228/228 16/16/16
f 18/18/18 12/12/12 11/11/11 17/17/17
f 19/19/19 13/13/13 12/12/12 18/18/18
f 21/21/21 15/15/15 14/14/14 20/20/20
f 220/220/220 16/16/16 230/230/230
f 230/230/230 15/15/15 21/21/21
f 21/21/21 22/22/22 220/220/220
f 220/220/220 230/230/230 21/21/21
f 227/227/227 16/16/16 220/220/220
f 221/221/221 219/219/219 227/227/227
f 220/220/220 221/221/221 227/227/227
f 218/218/218 221/221/221 220/220/220 22/22/22
f 25/25/25 18/18/18 17/17/17 24/24/24
f 255/255/255 22/22/22 21/21/21
f 26/26/26 27/27/27 255/255/255
f 21/21/21 26/26/26 255/255/255
f 23/23/23 218/218/218 256/256/256
f 256/256/256 218/218/218 22/22/22 255/255/255
f 254/254/254 256/256/256 255/255/255 27/27/27
f 30/30/30 25/25/25 24/24/24 29/29/29
f 254/254/254 27/27/27 32/32/32
f 33/33/33 28/28/28 254/254/254
f 32/32/32 33/33/33 254/254/254
f 77/77/77 35/35/35 30/30/30
f 29/29/29 34/34/34 77/77/77
f 30/30/30 29/29/29 77/77/77
f 64/64/64 36/36/36 31/31/31
f 30/30/30 35/35/35 64/64/64
f 31/31/31 30/30/30 64/64/64
f 65/65/65 35/35/35 77/77/77 79/79/79
f 79/79/79 77/77/77 34/34/34 78/78/78
f 71/71/71 69/69/69 67/67/67
f 66/66/66 68/68/68 71/71/71
f 67/67/67 66/66/66 71/71/71
f 70/70/70 69/69/69 71/71/71 73/73/73
f 73/73/73 71/71/71 68/68/68 72/72/72
f 67/67/67 63/63/63 36/36/36
f 64/64/64 66/66/66 67/67/67
f 36/36/36 64/64/64 67/67/67
f 74/74/74 66/66/66 64/64/64
f 35/35/35 65/65/65 74/74/74
f 64/64/64 35/35/35 74/74/74
f 68/68/68 66/66/66 74/74/74 76/76/76
f 76/76/76 74/74/74 65/65/65 75/75/75
f 1/1/1 56/56/56 57/57/57
f 55/55/55 56/56/56 2/2/2
f 54/54/54 55/55/55 2/2/2
f 278/278/278 52/52/52 53/53/53
f 2/2/2 53/53/53 54/54/54
f 52/52/52 183/183/183 51/51/51
f 1/1/1 2/2/2 56/56/56
f 278/278/278 2/2/2 4/4/4
f 4/4/4 144/144/144 145/145/145
f 4/4/4 3/3/3 5/5/5 6/6/6
f 145/145/145 146/146/146 4/4/4
f 52/52/52 278/278/278 182/182/182
f 146/146/146 182/182/182 278/278/278
f 181/181/181 147/147/147 180/180/180
f 181/181/181 182/182/182 147/147/147
f 146/146/146 278/278/278 4/4/4
f 182/182/182 183/183/183 52/52/52
f 182/182/182 146/146/146 147/147/147
f 53/53/53 2/2/2 278/278/278
f 184/184/184 49/49/49 50/50/50
f 50/50/50 183/183/183 184/184/184
f 183/183/183 50/50/50 51/51/51
f 185/185/185 49/49/49 184/184/184
f 186/186/186 48/48/48 185/185/185
f 49/49/49 185/185/185 48/48/48
f 47/47/47 48/48/48 186/186/186
f 188/188/188 157/157/157 187/187/187
f 176/176/176 178/178/178 179/179/179
f 174/174/174 175/175/175 176/176/176
f 179/179/179 180/180/180 176/176/176
f 177/177/177 178/178/178 176/176/176
f 177/177/177 189/189/189 188/188/188
f 180/180/180 174/174/174 176/176/176
f 6/6/6 150/150/150 144/144/144
f 4/4/4 6/6/6 144/144/144
f 8/8/8 150/150/150 6/6/6
f 153/153/153 154/154/154 147/147/147
f 153/153/153 148/148/148 152/152/152
f 148/148/148 153/153/153 147/147/147
f 148/148/148 149/149/149 152/152/152
f 8/8/8 151/151/151 149/149/149
f 151/151/151 8/8/8 9/9/9
f 8/8/8 149/149/149 150/150/150
f 156/156/156 151/151/151 9/9/9
f 138/138/138 155/155/155 156/156/156
f 13/13/13 132/132/132 9/9/9
f 9/9/9 138/138/138 156/156/156
f 132/132/132 138/138/138 9/9/9
f 149/149/149 151/151/151 152/152/152
f 138/138/138 139/139/139 155/155/155
f 174/174/174 154/154/154 140/140/140
f 139/139/139 140/140/140 154/154/154
f 139/139/139 154/154/154 155/155/155
f 174/174/174 140/140/140 141/141/141
f 169/169/169 170/170/170 168/168/168
f 173/173/173 174/174/174 141/141/141
f 173/173/173 141/141/141 135/135/135
f 174/174/174 180/180/180 154/154/154
f 132/132/132 133/133/133 143/143/143
f 13/13/13 137/137/137 132/132/132
f 134/134/134 142/142/142 133/133/133
f 141/141/141 142/142/142 134/134/134
f 136/136/136 231/231/231 135/135/135
f 135/135/135 172/172/172 173/173/173
f 136/136/136 137/137/137 14/14/14
f 141/141/141 134/134/134 135/135/135
f 14/14/14 137/137/137 13/13/13
f 133/133/133 142/142/142 143/143/143
f 143/143/143 138/138/138 132/132/132
f 136/136/136 14/14/14 231/231/231
f 14/14/14 13/13/13 193/193/193
f 154/154/154 180/180/180 147/147/147
f 168/168/168 170/170/170 167/167/167
f 161/161/161 46/46/46 47/47/47
f 161/161/161 47/47/47 186/186/186
f 160/160/160 45/45/45 41/41/41
f 186/186/186 187/187/187 161/161/161
f 41/41/41 46/46/46 161/161/161
f 129/129/129 44/44/44 45/45/45
f 45/45/45 46/46/46 41/41/41
f 187/187/187 162/162/162 161/161/161
f 188/188/188 189/189/189 157/157/157
f 162/162/162 158/158/158 159/159/159
f 158/158/158 162/162/162 157/157/157
f 160/160/160 162/162/162 159/159/159
f 163/163/163 129/129/129 160/160/160
f 160/160/160 129/129/129 45/45/45
f 128/128/128 129/129/129 163/163/163
f 163/163/163 160/160/160 159/159/159
f 130/130/130 44/44/44 129/129/129
f 162/162/162 187/187/187 157/157/157
f 163/163/163 164/164/164 128/128/128
f 43/43/43 38/38/38 39/39/39
f 42/42/42 39/39/39 40/40/40
f 130/130/130 43/43/43 44/44/44
f 39/39/39 42/42/42 43/43/43
f 37/37/37 38/38/38 131/131/131
f 43/43/43 131/131/131 38/38/38
f 131/131/131 43/43/43 130/130/130
f 238/238/238 126/126/126 127/127/127
f 127/127/127 128/128/128 164/164/164
f 239/239/239 125/125/125 126/126/126
f 122/122/122 123/123/123 121/121/121
f 120/120/120 121/121/121 123/123/123
f 123/123/123 124/124/124 120/120/120
f 124/124/124 241/241/241 120/120/120
f 124/124/124 125/125/125 241/241/241
f 127/127/127 164/164/164 237/237/237
f 167/167/167 171/171/171 166/166/166
f 171/171/171 167/167/167 170/170/170
f 166/166/166 171/171/171 172/172/172
f 10/10/10 172/172/172 135/135/135
f 10/10/10 234/234/234 172/172/172
f 235/235/235 165/165/165 166/166/166
f 166/166/166 234/234/234 235/235/235
f 234/234/234 166/166/166 172/172/172
f 236/236/236 165/165/165 235/235/235
f 234/234/234 10/10/10 232/232/232
f 236/236/236 164/164/164 165/165/165
f 233/233/233 234/234/234 232/232/232
f 226/226/226 233/233/233 232/232/232
f 10/10/10 135/135/135 231/231/231
f 229/229/229 226/226/226 228/228/228
f 224/224/224 229/229/229 227/227/227
f 225/225/225 233/233/233 226/226/226
f 231/231/231 14/14/14 15/15/15
f 226/226/226 229/229/229 225/225/225
f 239/239/239 240/240/240 125/125/125
f 236/236/236 237/237/237 164/164/164
f 238/238/238 127/127/127 237/237/237
f 119/119/119 120/120/120 241/241/241
f 241/241/241 125/125/125 240/240/240
f 119/119/119 241/241/241 118/118/118
f 241/241/241 242/242/242 118/118/118
f 238/238/238 239/239/239 126/126/126
f 223/223/223 224/224/224 219/219/219
f 222/222/222 223/223/223 217/217/217
f 224/224/224 225/225/225 229/229/229
f 118/118/118 242/242/242 117/117/117
f 243/243/243 117/117/117 242/242/242
f 116/116/116 243/243/243 244/244/244
f 244/244/244 245/245/245 116/116/116
f 117/117/117 243/243/243 116/116/116
f 224/224/224 227/227/227 219/219/219
f 13/13/13 19/19/19 193/193/193
f 191/191/191 19/19/19 18/18/18
f 18/18/18 25/25/25 191/191/191
f 192/192/192 19/19/19 191/191/191
f 20/20/20 193/193/193 194/194/194
f 192/192/192 193/193/193 19/19/19
f 195/195/195 210/210/210 194/194/194
f 190/190/190 191/191/191 25/25/25
f 193/193/193 20/20/20 14/14/14
f 30/30/30 197/197/197 190/190/190
f 197/197/197 30/30/30 31/31/31
f 36/36/36 81/81/81 31/31/31
f 30/30/30 190/190/190 25/25/25
f 196/196/196 197/197/197 31/31/31
f 209/209/209 210/210/210 195/195/195
f 209/209/209 196/196/196 31/31/31
f 198/198/198 199/199/199 214/214/214
f 209/209/209 81/81/81 214/214/214
f 209/209/209 31/31/31 81/81/81
f 196/196/196 209/209/209 195/195/195
f 211/211/211 21/21/21 20/20/20
f 211/211/211 20/20/20 194/194/194
f 211/211/211 194/194/194 210/210/210
f 212/212/212 26/26/26 211/211/211
f 26/26/26 201/201/201 27/27/27
f 26/26/26 21/21/21 211/211/211
f 201/201/201 26/26/26 212/212/212
f 201/201/201 212/212/212 200/200/200
f 213/213/213 200/200/200 212/212/212
f 213/213/213 199/199/199 200/200/200
f 202/202/202 32/32/32 27/27/27
f 203/203/203 32/32/32 202/202/202
f 90/90/90 203/203/203 204/204/204
f 203/203/203 33/33/33 32/32/32
f 201/201/201 202/202/202 27/27/27
f 213/213/213 214/214/214 199/199/199
f 81/81/81 198/198/198 214/214/214
f 59/59/59 75/75/75 79/79/79
f 79/79/79 75/75/75 65/65/65
f 79/79/79 78/78/78 58/58/58 59/59/59
f 68/68/68 76/76/76 72/72/72
f 69/69/69 63/63/63 67/67/67
f 76/76/76 75/75/75 60/60/60
f 75/75/75 59/59/59 60/60/60
f 76/76/76 60/60/60 72/72/72
f 61/61/61 72/72/72 60/60/60
f 62/62/62 70/70/70 73/73/73
f 72/72/72 62/62/62 73/73/73
f 62/62/62 72/72/72 61/61/61
f 63/63/63 69/69/69 70/70/70
f 80/80/80 70/70/70 62/62/62
f 36/36/36 80/80/80 81/81/81
f 84/84/84 206/206/206 208/208/208
f 208/208/208 198/198/198 82/82/82
f 80/80/80 36/36/36 63/63/63
f 206/206/206 86/86/86 205/205/205
f 204/204/204 86/86/86 90/90/90
f 206/206/206 207/207/207 208/208/208
f 205/205/205 86/86/86 204/204/204
f 82/82/82 198/198/198 81/81/81
f 63/63/63 70/70/70 80/80/80
f 83/83/83 84/84/84 208/208/208
f 84/84/84 85/85/85 206/206/206
f 90/90/90 86/86/86 89/89/89
f 86/86/86 87/87/87 89/89/89
f 89/89/89 87/87/87 88/88/88
f 86/86/86 206/206/206 85/85/85
f 83/83/83 208/208/208 82/82/82
f 203/203/203 90/90/90 91/91/91
f 215/215/215 217/217/217 221/221/221
f 219/219/219 221/221/221 217/217/217
f 23/23/23 215/215/215 218/218/218
f 221/221/221 218/218/218 215/215/215
f 216/216/216 217/217/217 215/215/215
f 259/259/259 23/23/23 258/258/258
f 23/23/23 257/257/257 258/258/258
f 259/259/259 215/215/215 23/23/23
f 257/257/257 256/256/256 252/252/252
f 254/254/254 252/252/252 256/256/256
f 252/252/252 254/254/254 28/28/28
f 28/28/28 33/33/33 251/251/251
f 251/251/251 252/252/252 28/28/28
f 253/253/253 257/257/257 252/252/252
f 262/262/262 251/251/251 33/33/33
f 23/23/23 256/256/256 257/257/257
f 262/262/262 263/263/263 251/251/251
f 111/111/111 112/112/112 247/247/247
f 248/248/248 249/249/249 247/247/247
f 114/114/114 115/115/115 246/246/246
f 245/245/245 246/246/246 115/115/115
f 113/113/113 114/114/114 112/112/112
f 246/246/246 112/112/112 114/114/114
f 112/112/112 246/246/246 247/247/247
f 111/111/111 247/247/247 249/249/249
f 116/116/116 245/245/245 115/115/115
f 249/249/249 110/110/110 111/111/111
f 263/263/263 110/110/110 250/250/250
f 110/110/110 263/263/263 108/108/108
f 264/264/264 266/266/266 108/108/108
f 263/263/263 250/250/250 251/251/251
f 109/109/109 110/110/110 108/108/108
f 108/108/108 266/266/266 107/107/107
f 263/263/263 264/264/264 108/108/108
f 250/250/250 110/110/110 249/249/249
f 92/92/92 270/270/270 261/261/261
f 265/265/265 260/260/260 270/270/270
f 261/261/261 270/270/270 260/260/260
f 92/92/92 261/261/261 33/33/33
f 265/265/265 270/270/270 271/271/271
f 265/265/265 271/271/271 264/264/264
f 271/271/271 266/266/266 264/264/264
f 93/93/93 270/270/270 92/92/92
f 269/269/269 93/93/93 94/94/94
f 270/270/270 93/93/93 269/269/269
f 274/274/274 268/268/268 273/273/273
f 273/273/273 268/268/268 269/269/269
f 94/94/94 273/273/273 269/269/269
f 273/273/273 94/94/94 95/95/95
f 95/95/95 97/97/97 273/273/273
f 91/91/91 92/92/92 33/33/33
f 274/274/274 275/275/275 268/268/268
f 275/275/275 267/267/267 268/268/268
f 103/103/103 106/106/106 275/275/275
f 267/267/267 275/275/275 106/106/106
f 107/107/107 266/266/266 267/267/267
f 103/103/103 105/105/105 106/106/106
f 103/103/103 104/104/104 105/105/105
f 275/275/275 102/102/102 103/103/103
f 107/107/107 267/267/267 106/106/106
f 102/102/102 275/275/275 276/276/276
f 276/276/276 277/277/277 98/98/98
f 272/272/272 98/98/98 277/277/277
f 98/98/98 272/272/272 97/97/97
f 99/99/99 276/276/276 98/98/98
f 102/102/102 276/276/276 99/99/99
f 101/101/101 99/99/99 100/100/100
f 102/102/102 99/99/99 101/101/101
f 96/96/96 97/97/97 95/95/95
f 272/272/272 273/273/273 97/97/97
f 262/262/262 33/33/33 261/261/261
f 33/33/33 203/203/203 91/91/91
f 219/219/219 217/217/217 223/223/223
usemtl diffuse_0
v 76.71044921875 -190.319580078125 -0.375
v 71.372756958007813 -190.319580078125 -0.375
v 66.035064697265625 -190.319580078125 -0.375
v 65.042030334472656 -190.98214721679688 -0.375
v 68.748825073242188 -194.83137512207031 -0.375
v 72.45562744140625 -198.68060302734375 -0.375
v 76.71044921875 -194.03968811035156 -0.375
vt 0 0
vt 0.45744779706001282 0
vt 0.91489559412002563 0
vt 1 0.079244442284107208
vt 0.68232232332229614 0.53962224721908569
vt 0.36464470624923706 1
vt 0 0.444935142993927
vn 0 0 1
vn 0 0 1
vn 0 0 1
vn 0 0 1
vn 0 0 1
vn 0 0 1
vn 0 0 1
f 284/284/284 285/285/285 283/283/283
f 279/279/279 280/280/280 285/285/285
f 283/283/283 280/280/280 281/281/281
f 281/281/281 282/282/282 283/283/283
f 285/285/285 280/280/280 283/283/283
usemtl diffuse_0
v 55.329875946044922 -190.319580078125 -0.375
v 41.794456481933594 -190.319580078125 -0.375
v 38.377269744873047 -192.32911682128906 -0.375
v 46.734199523925781 -201.6474609375 -0.375
v 50.163364410400391 -199.17755126953125 -0.375
v 52.619918823242188 -201.80027770996094 -0.375
v 58.914093017578125 -195.6790771484375 -0.375
vt 0.17452643811702728 0
vt 0.83360689878463745 0
vt 1 0.17503577470779419
vt 0.59307581186294556 0.98668980598449707
vt 0.42609947919845581 0.7715531587600708
vt 0.30648234486579895 1
vt 0 0.46682703495025635
vn 0 0 1
vn 0 0 1
vn 0 0 1
vn 0 0 1
vn 0 0 1
vn 0 0 1
vn 0 0 1
f 290/290/290 291/291/291 292/292/292
f 286/286/286 290/290/290 292/292/292
f 290/290/290 287/287/287 288/288/288
f 288/288/288 289/289/289 290/290/290
f 286/286/286 287/287/287 290/290/290
usemtl diffuse_0
v -23.289548873901367 -271.88714599609375 -0.375
v -23.289548873901367 -256.61380004882813 -0.375
v -23.289548873901367 -264.25048828125 -0.375
v -15.96580982208252 -264.97647094726563 -0.375
vt 1 1
vt 1 0
vt 1 0.5
vt 0 0.54753440618515015
vn 0 0 1
vn 0 0 1
vn 0 0 1
vn 0 0 1
f 295/295/295 296/296/296 294/294/294
f 296/296/296 295/295/295 293/293/293
usemtl diffuse_0
v -23.289548873901367 -233.01899719238281 -0.375
v -23.289548873901367 -220.75051879882813 -0.375
v -23.289548873901367 -226.88475036621094 -0.375
v -18.639249801635742 -228.72218322753906 -0.375
v -13.988948822021484 -224.42536926269531 -0.375
v -20.108453750610352 -217.80735778808594 -0.375
vt 1 1
vt 1 0.19348114728927612
vt 1 0.59674054384231567
vt 0.5 0.71753144264221191
vt 0 0.43506288528442383
vt 0.65796881914138794 0
vn 0 0 1
vn 0 0 1
vn 0 0 1
vn 0 0 1
vn 0 0 1
vn 0 0 1
f 300/300/300 301/301/301 302/302/302
f 298/298/298 300/300/300 302/302/302
f 300/300/300 298/298/298 299/299/299
f 300/300/300 299/299/299 297/297/297
usemtl diffuse_0
v -23.289548873901367 -220.18870544433594 -0.375
v -23.289548873901367 -217.88261413574219 -0.375
v -23.289548873901367 -219.03565979003906 -0.375
v -22.139711380004883 -219.09951782226563 -0.375
vt 1 1
vt 1 0
vt 1 0.5
vt 0 0.52769064903259277
vn 0 0 1
vn 0 0 1
vn 0 0 1
vn 0 0 1
f 305/305/305 306/306/306 304/304/304
f 306/306/306 305/305/305 303/303/303
usemtl diffuse_0
v 76.71044921875 -207.76010131835938 -0.375
v 76.71044921875 -227.05584716796875 -0.375
v 76.71044921875 -217.40797424316406 -0.375
v 66.556297302246094 -218.27670288085938 -0.375
v 65.837471008300781 -221.70028686523438 -0.375
v 73.471038818359375 -230.29525756835938 -0.375
vt 0 0
vt 0 0.8562505841255188
vt 0 0.4281252920627594
vt 0.93388867378234863 0.46667471528053284
vt 1 0.61859667301177979
vt 0.29793262481689453 1
vn 0 0 1
vn 0 0 1
vn 0 0 1
vn 0 0 1
vn 0 0 1
vn 0 0 1
f 310/310/310 309/309/309 307/307/307
f 312/312/312 308/308/308 309/309/309
f 311/311/311 312/312/312 310/310/310
f 309/309/309 310/310/310 312/312/312
usemtl diffuse_0
v 76.71044921875 -234.92231750488281 -0.375
v 76.71044921875 -231.36650085449219 -0.375
v 76.71044921875 -227.8106689453125 -0.375
v 73.160621643066406 -231.17178344726563 -0.375
vt 0 1
vt 0 0.5
vt 0 0
vt 1 0.47262153029441833
vn 0 0 1
vn 0 0 1
vn 0 0 1
vn 0 0 1
f 316/316/316 314/314/314 315/315/315
f 314/314/314 316/316/316 313/313/313
usemtl diffuse_0
v -23.289548873901367 -190.319580078125 -0.375
v -23.289548873901367 -211.80680847167969 -0.375
v -12.432465553283691 -223.60798645019531 -0.375
v -5.4098019599914551 -216.60104370117188 -0.375
v -5.4180855751037598 -204.34356689453125 -0.375
v -18.507326126098633 -190.319580078125 -0.375
vt 1 0
vt 1 0.64548707008361816
vt 0.39277198910713196 1
vt 0 0.78950810432434082
vt 0.00046328658936545253 0.42128735780715942
vt 0.73253405094146729 0
vn 0 0 1
vn 0 0 1
vn 0 0 1
vn 0 0 1
vn 0 0 1
vn 0 0 1
f 319/319/319 320/320/320 321/321/321
f 318/318/318 319/319/319 321/321/321
f 318/318/318 322/322/322 317/317/317
f 321/321/321 322/322/322 318/318/318
usemtl diffuse_0
v 55.619861602783203 -190.319580078125 -0.375
v 65.390663146972656 -190.319580078125 -0.375
v 60.505264282226563 -190.319580078125 -0.375
v 58.597389221191406 -194.81637573242188 -0.375
v 61.994026184082031 -192.56797790527344 -0.375
vt 1 0
vt 0 0
vt 0.5 0
vt 0.69526278972625732 1
vt 0.34763139486312866 0.5
vn 0 0 1
vn 0 0 1
vn 0 0 1
vn 0 0 1
vn 0 0 1
f 325/325/325 327/327/327 324/324/324
f 327/327/327 323/323/323 326/326/326
f 325/325/325 323/323/323 327/327/327
usemtl diffuse_0
v 72.45562744140625 -198.68060302734375 -0.375
v 65.042030334472656 -190.98214721679688 -0.375
v 72.45562744140625 -198.68060302734375 22.415000915527344
v 65.042030334472656 -190.98214721679688 22.415000915527344
v 72.45562744140625 -198.68060302734375 11.020000457763672
v 68.748825073242188 -194.83137512207031 22.415000915527344
v 65.042030334472656 -190.98214721679688 11.020000457763672
v 65.042030334472656 -190.98214721679688 18.616666793823242
v 65.042030334472656 -190.98214721679688 14.818333625793457
v 65.042030334472656 -190.98214721679688 7.2216668128967285
v 65.042030334472656 -190.98214721679688 3.4233334064483643
v 68.748825073242188 -194.83137512207031 -0.375
v 72.45562744140625 -198.68060302734375 -0.375
v 68.748825073242188 -194.83137512207031 -0.375
v 65.042030334472656 -190.98214721679688 -0.375
v 66.035064697265625 -190.319580078125 -0.375
v 71.372756958007813 -190.319580078125 -0.375
v 76.71044921875 -190.319580078125 -0.375
v 76.71044921875 -194.03968811035156 -0.375
v 76.71044921875 -194.03968811035156 -0.375
v 72.45562744140625 -198.68060302734375 -0.375
v 76.71044921875 -194.03968811035156 22.415000915527344
v 72.45562744140625 -198.68060302734375 22.415000915527344
v 72.45562744140625 -198.68060302734375 11.020000457763672
v 76.71044921875 -194.03968811035156 11.020000457763672
v 65.042030334472656 -190.98214721679688 -0.375
v 66.035064697265625 -190.319580078125 -0.375
v 65.042030334472656 -190.98214721679688 11.020000457763672
v 65.042030334472656 -190.98214721679688 22.415000915527344
v 65.042030334472656 -190.98214721679688 3.4233334064483643
v 65.042030334472656 -190.98214721679688 7.2216668128967285
v 65.042030334472656 -190.98214721679688 14.818333625793457
v 65.042030334472656 -190.98214721679688 18.616666793823242
v 66.035064697265625 -190.319580078125 22.415000915527344
v 66.035064697265625 -190.319580078125 18.616666793823242
v 66.035064697265625 -190.319580078125 14.818333625793457
v 66.035064697265625 -190.319580078125 11.020000457763672
v 66.035064697265625 -190.319580078125 7.2216668128967285
v 66.035064697265625 -190.319580078125 3.4233334064483643
v 72.45562744140625 -198.68060302734375 22.415000915527344
v 68.748825073242188 -194.83137512207031 22.415000915527344
v 65.042030334472656 -190.98214721679688 22.415000915527344
v 66.035064697265625 -190.319580078125 22.415000915527344
v 71.372756958007813 -190.319580078125 22.415000915527344
v 76.71044921875 -190.319580078125 22.415000915527344
v 76.71044921875 -194.03968811035156 22.415000915527344
vt 0.20792090892791748 0.30381569266319275
vt 0.20792090892791748 0.65529674291610718
vt 0.95906078815460205 0.30381569266319275
vt 0.95906078815460205 0.65529674291610718
vt 0.58349084854125977 0.30381569266319275
vt 0.95906078815460205 0.47955623269081116
vt 0.58349084854125977 0.65529674291610718
vt 0.83387076854705811 0.65529674291610718
vt 0.70868080854415894 0.65529674291610718
vt 0.45830085873603821 0.65529674291610718
vt 0.33311086893081665 0.65529674291610718
vt 0.20792090892791748 0.47955623269081116
vt 0.56018376350402832 0.29703551530838013
vt 0.3840523362159729 0.28611508011817932
vt 0.20792090892791748 0.27519464492797852
vt 0.21730677783489227 0.23709015548229218
vt 0.3472350537776947 0.11854507774114609
vt 0.47716334462165833 0
vt 0.56018376350402832 0.090117096900939941
vt 0.20645606517791748 0
vt 0 0
vt 0.20645606517791748 0.75260472297668457
vt 0 0.75260472297668457
vt 0 0.37630236148834229
vt 0.20645606517791748 0.37630236148834229
vt 0.20792090892791748 0.65676158666610718
vt 0.20792090892791748 0.69471943378448486
vt 0.58349084854125977 0.65676158666610718
vt 0.95906078815460205 0.65676158666610718
vt 0.33311086893081665 0.65676158666610718
vt 0.45830085873603821 0.65676158666610718
vt 0.70868080854415894 0.65676158666610718
vt 0.83387076854705811 0.65676158666610718
vt 0.95906078815460205 0.69471943378448486
vt 0.83387076854705811 0.69471943378448486
vt 0.70868080854415894 0.69471943378448486
vt 0.58349084854125977 0.69471943378448486
vt 0.45830085873603821 0.69471943378448486
vt 0.33311086893081665 0.69471943378448486
vt 0.56018376350402832 0.99321979284286499
vt 0.3840523362159729 0.98229938745498657
vt 0.20792090892791748 0.97137892246246338
vt 0.21730677783489227 0.93327444791793823
vt 0.3472350537776947 0.81472939252853394
vt 0.47716334462165833 0.69618427753448486
vt 0.56018376350402832 0.7863013744354248
vn -0.72030794620513916 -0.69365447759628296 0
vn -0.72030794620513916 -0.69365447759628296 0
vn -0.72030794620513916 -0.69365447759628296 0
vn -0.72030794620513916 -0.69365447759628296 0
vn -0.72030794620513916 -0.69365447759628296 0
vn -0.72030794620513916 -0.69365447759628296 0
vn -0.72030794620513916 -0.69365447759628296 0
vn -0.72030794620513916 -0.69365447759628296 0
vn -0.72030794620513916 -0.69365447759628296 0
vn -0.72030794620513916 -0.69365447759628296 0
vn -0.72030794620513916 -0.69365447759628296 0
vn -0.72030794620513916 -0.69365447759628296 0
vn 0 0 -1
vn 0 0 -1
vn 0 0 -1
vn 0 0 -1
vn 0 0 -1
vn 0 0 -1
vn 0 0 -1
vn 0.73710191249847412 -0.67578160762786865 0
vn 0.73710191249847412 -0.67578160762786865 0
vn 0.73710191249847412 -0.67578160762786865 0
vn 0.73710191249847412 -0.67578160762786865 0
vn 0.73710191249847412 -0.67578160762786865 0
vn 0.73710191249847412 -0.67578160762786865 0
vn -0.55501431226730347 0.83184081315994263 0
vn -0.55501431226730347 0.83184081315994263 0
vn -0.55501431226730347 0.83184081315994263 0
vn -0.55501431226730347 0.83184081315994263 0
vn -0.55501431226730347 0.83184081315994263 0
vn -0.55501431226730347 0.83184081315994263 0
vn -0.55501431226730347 0.83184081315994263 0
vn -0.55501431226730347 0.83184081315994263 0
vn -0.55501431226730347 0.83184081315994263 0
vn -0.55501431226730347 0.83184081315994263 0
vn -0.55501431226730347 0.83184081315994263 0
vn -0.55501431226730347 0.83184081315994263 0
vn -0.55501431226730347 0.83184081315994263 0
vn -0.55501431226730347 0.83184081315994263 0
vn 0 0 1
vn 0 0 1
vn 0 0 1
vn 0 0 1
vn 0 0 1
vn 0 0 1
vn 0 0 1
f 339/339/339 328/328/328 332/332/332
f 334/334/334 337/337/337 339/339/339
f 339/339/339 338/338/338 329/329/329
f 339/339/339 337/337/337 338/338/338
f 334/334/334 339/339/339 332/332/332
f 334/334/334 332/332/332 330/330/330 333/333/333
f 336/336/336 334/334/334 333/333/333
f 333/333/333 335/335/335 336/336/336
f 333/333/333 331/331/331 335/335/335
f 341/341/341 344/344/344 345/345/345
f 346/346/346 341/341/341 345/345/345
f 344/344/344 341/341/341 343/343/343
f 341/341/341 342/342/342 343/343/343
f 340/340/340 341/341/341 346/346/346
f 348/348/348 347/347/347 352/352/352 351/351/351
f 349/349/349 350/350/350 351/351/351 352/352/352
f 353/353/353 357/357/357 366/366/366 354/354/354
f 357/357/357 358/358/358 365/365/365 366/366/366
f 358/358/358 355/355/355 364/364/364 365/365/365
f 359/359/359 360/360/360 362/362/362 363/363/363
f 360/360/360 356/356/356 361/361/361 362/362/362
f 363/363/363 364/364/364 355/355/355 359/359/359
f 368/368/368 372/372/372 371/371/371
f 373/373/373 372/372/372 368/368/368
f 371/371/371 370/370/370 368/368/368
f 368/368/368 370/370/370 369/369/369
f 367/367/367 373/373/373 368/368/368
usemtl diffuse_0
v 38.377269744873047 -192.32911682128906 -0.375
v 46.734199523925781 -201.6474609375 -0.375
v 38.377269744873047 -192.32911682128906 15.685000419616699
v 46.734199523925781 -201.6474609375 15.685000419616699
v 38.377269744873047 -192.32911682128906 7.6550002098083496
v 42.555736541748047 -196.98828125 15.685000419616699
v 46.734199523925781 -201.6474609375 7.6550002098083496
v 42.555736541748047 -196.98828125 -0.375
v 46.734199523925781 -201.6474609375 -0.375
v 50.163364410400391 -199.17755126953125 -0.375
v 46.734199523925781 -201.6474609375 15.685000419616699
v 50.163364410400391 -199.17755126953125 15.685000419616699
v 46.734199523925781 -201.6474609375 7.6550002098083496
v 50.163364410400391 -199.17755126953125 7.6550002098083496
v 50.163364410400391 -199.17755126953125 -0.375
v 52.619918823242188 -201.80027770996094 -0.375
v 50.163364410400391 -199.17755126953125 15.685000419616699
v 52.619918823242188 -201.80027770996094 15.685000419616699
v 50.163364410400391 -199.17755126953125 7.6550002098083496
v 52.619918823242188 -201.80027770996094 7.6550002098083496
v 52.619918823242188 -201.80027770996094 -0.375
v 58.914093017578125 -195.6790771484375 -0.375
v 52.619918823242188 -201.80027770996094 15.685000419616699
v 58.914093017578125 -195.6790771484375 15.685000419616699
v 52.619918823242188 -201.80027770996094 7.6550002098083496
v 58.914093017578125 -195.6790771484375 7.6550002098083496
v 38.377269744873047 -192.32911682128906 -0.375
v 42.555736541748047 -196.98828125 -0.375
v 46.734199523925781 -201.6474609375 -0.375
v 50.163364410400391 -199.17755126953125 -0.375
v 52.619918823242188 -201.80027770996094 -0.375
v 58.914093017578125 -195.6790771484375 -0.375
v 55.329875946044922 -190.319580078125 -0.375
v 48.562168121337891 -190.319580078125 -0.375
v 41.794456481933594 -190.319580078125 -0.375
v 41.794456481933594 -190.319580078125 -0.375
v 38.377269744873047 -192.32911682128906 -0.375
v 38.377269744873047 -192.32911682128906 15.685000419616699
v 38.377269744873047 -192.32911682128906 7.6550002098083496
v 41.794456481933594 -190.319580078125 7.6550002098083496
v 41.794456481933594 -190.319580078125 15.685000419616699
v 58.914093017578125 -195.6790771484375 -0.375
v 58.914093017578125 -195.6790771484375 15.685000419616699
v 55.329875946044922 -190.319580078125 15.685000419616699
v 58.914093017578125 -195.6790771484375 7.6550002098083496
v 55.329875946044922 -190.319580078125 -0.375
v 55.329875946044922 -190.319580078125 7.6550002098083496
v 38.377269744873047 -192.32911682128906 15.685000419616699
v 42.555736541748047 -196.98828125 15.685000419616699
v 46.734199523925781 -201.6474609375 15.685000419616699
v 50.163364410400391 -199.17755126953125 15.685000419616699
v 52.619918823242188 -201.80027770996094 15.685000419616699
v 58.914093017578125 -195.6790771484375 15.685000419616699
v 55.329875946044922 -190.319580078125 15.685000419616699
v 48.562168121337891 -190.319580078125 15.685000419616699
v 41.794456481933594 -190.319580078125 15.685000419616699
vt 0.99853515625 0.41687273979187012
vt 0.67509925365447998 0.41687273979187012
vt 0.99853515625 0.83228063583374023
vt 0.67509925365447998 0.83228063583374023
vt 0.99853515625 0.62457668781280518
vt 0.83681720495223999 0.83228063583374023
vt 0.67509925365447998 0.62457668781280518
vt 0.83681720495223999 0.41687273979187012
vt 0.78605824708938599 0
vt 0.67636138200759888 0
vt 0.78605824708938599 0.41540789604187012
vt 0.67636138200759888 0.41540789604187012
vt 0.78605824708938599 0.20770394802093506
vt 0.67636138200759888 0.20770394802093506
vt 0.54047673940658569 0
vt 0.44719904661178589 0
vt 0.54047673940658569 0.41540789604187012
vt 0.44719904661178589 0.41540789604187012
vt 0.54047673940658569 0.20770394802093506
vt 0.44719904661178589 0.20770394802093506
vt 0.67363440990447998 0.41687273979187012
vt 0.44719904661178589 0.41687273979187012
vt 0.67363440990447998 0.83228063583374023
vt 0.44719904661178589 0.83228063583374023
vt 0.67363440990447998 0.62457668781280518
vt 0.44719904661178589 0.62457668781280518
vt 0.44136425852775574 0.76491355895996094
vt 0.27968499064445496 0.77373677492141724
vt 0.11800571531057358 0.78255993127822876
vt 0.10045691579580307 0.6742851734161377
vt 0.0075344769284129143 0.67733520269393921
vt 0.0043699559755623341 0.44945710897445679
vt 0.1679898202419281 0.41687273979187012
vt 0.29180094599723816 0.54109072685241699
vt 0.41561207175254822 0.66530877351760864
vt 0.65906065702438354 0
vt 0.55615943670272827 0
vt 0.55615943670272827 0.41540789604187012
vt 0.55615943670272827 0.20770394802093506
vt 0.65906065702438354 0.20770394802093506
vt 0.65906065702438354 0.41540789604187012
vt 0.97186177968978882 0
vt 0.97186177968978882 0.41540789604187012
vt 0.80450153350830078 0.41540789604187012
vt 0.97186177968978882 0.20770394802093506
vt 0.80450153350830078 0
vt 0.80450153350830078 0.20770394802093506
vt 0.44136425852775574 0.34804081916809082
vt 0.27968499064445496 0.35686400532722473
vt 0.11800571531057358 0.36568719148635864
vt 0.10045691579580307 0.25741243362426758
vt 0.0075344769284129143 0.2604624330997467
vt 0.0043699559755623341 0.032584380358457565
vt 0.1679898202419281 0
vt 0.29180094599723816 0.12421802431344986
vt 0.41561207175254822 0.24843604862689972
vn -0.74446827173233032 -0.66765785217285156 0
vn -0.74446827173233032 -0.66765785217285156 0
vn -0.74446827173233032 -0.66765785217285156 0
vn -0.74446827173233032 -0.66765785217285156 0
vn -0.74446827173233032 -0.66765785217285156 0
vn -0.74446827173233032 -0.66765785217285156 0
vn -0.74446827173233032 -0.66765785217285156 0
vn -0.74446827173233032 -0.66765785217285156 0
vn 0.58444809913635254 -0.81143110990524292 0
vn 0.58444809913635254 -0.81143110990524292 0
vn 0.58444809913635254 -0.81143110990524292 0
vn 0.58444809913635254 -0.81143110990524292 0
vn 0.58444809913635254 -0.81143110990524292 0
vn 0.58444809913635254 -0.81143110990524292 0
vn -0.72984963655471802 -0.68360769748687744 0
vn -0.72984963655471802 -0.68360769748687744 0
vn -0.72984963655471802 -0.68360769748687744 0
vn -0.72984963655471802 -0.68360769748687744 0
vn -0.72984963655471802 -0.68360769748687744 0
vn -0.72984963655471802 -0.68360769748687744 0
vn 0.69718724489212036 -0.71688908338546753 0
vn 0.69718724489212036 -0.71688908338546753 0
vn 0.69718724489212036 -0.71688908338546753 0
vn 0.69718724489212036 -0.71688908338546753 0
vn 0.69718724489212036 -0.71688908338546753 0
vn 0.69718724489212036 -0.71688908338546753 0
vn 0 0 -1
vn 0 0 -1
vn 0 0 -1
vn 0 0 -1
vn 0 0 -1
vn 0 0 -1
vn 0 0 -1
vn 0 0 -1
vn 0 0 -1
vn -0.50691187381744385 0.86199790239334106 0
vn -0.50691187381744385 0.86199790239334106 0
vn -0.50691187381744385 0.86199790239334106 0
vn -0.50691187381744385 0.86199790239334106 0
vn -0.50691187381744385 0.86199790239334106 0
vn -0.50691187381744385 0.86199790239334106 0
vn 0.83124619722366333 0.55590438842773438 0
vn 0.83124619722366333 0.55590438842773438 0
vn 0.83124619722366333 0.55590438842773438 0
vn 0.83124619722366333 0.55590438842773438 0
vn 0.83124619722366333 0.55590438842773438 0
vn 0.83124619722366333 0.55590438842773438 0
vn 0 0 1
vn 0 0 1
vn 0 0 1
vn 0 0 1
vn 0 0 1
vn 0 0 1
vn 0 0 1
vn 0 0 1
vn 0 0 1
f 381/381/381 378/378/378 374/374/374
f 381/381/381 375/375/375 380/380/380
f 379/379/379 376/376/376 378/378/378 381/381/381
f 381/381/381 380/380/380 377/377/377 379/379/379
f 383/383/383 387/387/387 386/386/386 382/382/382
f 384/384/384 386/386/386 387/387/387 385/385/385
f 389/389/389 393/393/393 392/392/392 388/388/388
f 390/390/390 392/392/392 393/393/393 391/391/391
f 395/395/395 399/399/399 398/398/398 394/394/394
f 396/396/396 398/398/398 399/399/399 397/397/397
f 407/407/407 406/406/406 403/403/403
f 406/406/406 405/405/405 403/403/403
f 401/401/401 408/408/408 407/407/407
f 407/407/407 403/403/403 401/401/401
f 401/401/401 403/403/403 402/402/402
f 405/405/405 404/404/404 403/403/403
f 400/400/400 408/408/408 401/401/401
f 412/412/412 413/413/413 409/409/409 410/410/410
f 413/413/413 412/412/412 411/411/411 414/414/414
f 415/415/415 419/419/419 420/420/420 418/418/418
f 417/417/417 416/416/416 418/418/418 420/420/420
f 428/428/428 424/424/424 427/427/427
f 427/427/427 424/424/424 426/426/426
f 422/422/422 428/428/428 429/429/429
f 428/428/428 422/422/422 424/424/424
f 422/422/422 423/423/423 424/424/424
f 426/426/426 424/424/424 425/425/425
f 421/421/421 422/422/422 429/429/429
usemtl diffuse_0
v -23.289548873901367 -256.61380004882813 -0.375
v -15.96580982208252 -264.97647094726563 -0.375
v -19.627679824829102 -268.43182373046875 -0.375
v -23.289548873901367 -271.88714599609375 -0.375
v -23.289548873901367 -264.25048828125 -0.375
v -19.627679824829102 -260.79513549804688 -0.375
v -15.96580982208252 -264.97647094726563 -0.375
v -23.289548873901367 -256.61380004882813 28.075000762939453
v -15.96580982208252 -264.97647094726563 28.075000762939453
v -15.96580982208252 -264.97647094726563 13.850000381469727
v -23.289548873901367 -256.61380004882813 -0.375
v -23.289548873901367 -256.61380004882813 13.850000381469727
v -19.627679824829102 -260.79513549804688 28.075000762939453
v -19.627679824829102 -260.79513549804688 -0.375
v -15.96580982208252 -264.97647094726563 -0.375
v -23.289548873901367 -271.88714599609375 -0.375
v -15.96580982208252 -264.97647094726563 28.075000762939453
v -15.96580982208252 -264.97647094726563 13.850000381469727
v -19.627679824829102 -268.43182373046875 28.075000762939453
v -19.627679824829102 -268.43182373046875 -0.375
v -23.289548873901367 -271.88714599609375 28.075000762939453
v -23.289548873901367 -271.88714599609375 13.850000381469727
v -23.289548873901367 -256.61380004882813 28.075000762939453
v -15.96580982208252 -264.97647094726563 28.075000762939453
v -19.627679824829102 -268.43182373046875 28.075000762939453
v -23.289548873901367 -271.88714599609375 28.075000762939453
v -23.289548873901367 -264.25048828125 28.075000762939453
v -19.627679824829102 -260.79513549804688 28.075000762939453
vt 0 0
vt 0.34012320637702942 0.022622561082243919
vt 0.33564499020576477 0.17759540677070618
vt 0.33116680383682251 0.33256825804710388
vt 0.16558340191841125 0.16628412902355194
vt 0.17006160318851471 0.01131128054112196
vt 0.65768909454345703 0
vt 0.99853515625 0.874614417552948
vt 0.65768909454345703 0.874614417552948
vt 0.65768909454345703 0.437307208776474
vt 0.99853515625 0
vt 0.99853515625 0.437307208776474
vt 0.82811212539672852 0.874614417552948
vt 0.82811212539672852 0
vt 0.65622425079345703 0
vt 0.34761294722557068 0
vt 0.65622425079345703 0.874614417552948
vt 0.65622425079345703 0.437307208776474
vt 0.50191861391067505 0.874614417552948
vt 0.50191861391067505 0
vt 0.34761294722557068 0.874614417552948
vt 0.34761294722557068 0.437307208776474
vt 0 0.438039630651474
vt 0.34012320637702942 0.46066221594810486
vt 0.33564499020576477 0.61563503742218018
vt 0.33116680383682251 0.77060788869857788
vt 0.16558340191841125 0.60432374477386475
vt 0.17006160318851471 0.44935092329978943
vn 0 0 -1
vn 0 0 -1
vn 0 0 -1
vn 0 0 -1
vn 0 0 -1
vn 0 0 -1
vn 0.75229203701019287 0.65882980823516846 0
vn 0.75229203701019287 0.65882980823516846 0
vn 0.75229203701019287 0.65882980823516846 0
vn 0.75229203701019287 0.65882980823516846 0
vn 0.75229203701019287 0.65882980823516846 0
vn 0.75229203701019287 0.65882980823516846 0
vn 0.75229203701019287 0.65882980823516846 0
vn 0.75229203701019287 0.65882980823516846 0
vn 0.68629837036132813 -0.72732013463973999 0
vn 0.68629837036132813 -0.72732013463973999 0
vn 0.68629837036132813 -0.72732013463973999 0
vn 0.68629837036132813 -0.72732013463973999 0
vn 0.68629837036132813 -0.72732013463973999 0
vn 0.68629837036132813 -0.72732013463973999 0
vn 0.68629837036132813 -0.72732013463973999 0
vn 0.68629837036132813 -0.72732013463973999 0
vn 0 0 1
vn 0 0 1
vn 0 0 1
vn 0 0 1
vn 0 0 1
vn 0 0 1
f 435/435/435 434/434/434 430/430/430
f 431/431/431 434/434/434 435/435/435
f 433/433/433 434/434/434 432/432/432
f 431/431/431 432/432/432 434/434/434
f 442/442/442 439/439/439 443/443/443
f 443/443/443 439/439/439 436/436/436
f 441/441/441 443/443/443 440/440/440
f 442/442/442 441/441/441 437/437/437
f 442/442/442 438/438/438 439/439/439
f 441/441/441 442/442/442 443/443/443
f 447/447/447 451/451/451 449/449/449
f 449/449/449 451/451/451 445/445/445
f 447/447/447 449/449/449 444/444/444
f 448/448/448 447/447/447 446/446/446
f 448/448/448 450/450/450 451/451/451
f 447/447/447 448/448/448 451/451/451
f 457/457/457 452/452/452 456/456/456
f 453/453/453 457/457/457 454/454/454
f 455/455/455 454/454/454 456/456/456
f 457/457/457 456/456/456 454/454/454
usemtl diffuse_0
v -13.988948822021484 -224.42536926269531 -0.375
v -20.108453750610352 -217.80735778808594 -0.375
v -13.988948822021484 -224.42536926269531 36.924999237060547
v -20.108453750610352 -217.80735778808594 36.924999237060547
v -17.048702239990234 -221.11636352539063 -0.375
v -17.048702239990234 -221.11636352539063 18.274999618530273
v -18.578577041625977 -219.46185302734375 18.274999618530273
v -17.048702239990234 -221.11636352539063 8.9499998092651367
v -18.578577041625977 -219.46185302734375 8.9499998092651367
v -15.518825531005859 -222.7708740234375 18.274999618530273
v -15.518825531005859 -222.7708740234375 8.9499998092651367
v -13.988948822021484 -224.42536926269531 18.274999618530273
v -20.108453750610352 -217.80735778808594 24.491666793823242
v -20.108453750610352 -217.80735778808594 12.058333396911621
v -13.988948822021484 -224.42536926269531 -0.375
v -23.289548873901367 -233.01899719238281 -0.375
v -20.108453750610352 -217.80735778808594 -0.375
v -17.048702239990234 -221.11636352539063 -0.375
v -23.289548873901367 -220.75051879882813 -0.375
v -23.289548873901367 -226.88475036621094 -0.375
v -18.639249801635742 -228.72218322753906 -0.375
v -20.108453750610352 -217.80735778808594 -0.375
v -20.108453750610352 -217.80735778808594 36.924999237060547
v -23.289548873901367 -220.75051879882813 36.924999237060547
v -23.289548873901367 -220.75051879882813 -0.375
v -20.108453750610352 -217.80735778808594 12.058333396911621
v -20.108453750610352 -217.80735778808594 24.491666793823242
v -23.289548873901367 -220.75051879882813 24.491666793823242
v -23.289548873901367 -220.75051879882813 12.058333396911621
v -13.988948822021484 -224.42536926269531 -0.375
v -23.289548873901367 -233.01899719238281 36.924999237060547
v -13.988948822021484 -224.42536926269531 36.924999237060547
v -13.988948822021484 -224.42536926269531 18.274999618530273
v -23.289548873901367 -233.01899719238281 -0.375
v -23.289548873901367 -233.01899719238281 18.274999618530273
v -18.639249801635742 -228.72218322753906 -0.375
v -18.639249801635742 -228.72218322753906 36.924999237060547
v -13.988948822021484 -224.42536926269531 36.924999237060547
v -23.289548873901367 -233.01899719238281 36.924999237060547
v -20.108453750610352 -217.80735778808594 36.924999237060547
v -23.289548873901367 -220.75051879882813 36.924999237060547
v -23.289548873901367 -226.88475036621094 36.924999237060547
v -18.639249801635742 -228.72218322753906 36.924999237060547
vt 0.34366750717163086 0
vt 0.11206068098545074 0
vt 0.34366750717163086 0.96302121877670288
vt 0.11206068098545074 0.96302121877670288
vt 0.22786408662796021 0
vt 0.22786408662796021 0.48151060938835144
vt 0.16996239125728607 0.48151060938835144
vt 0.22786408662796021 0.24075530469417572
vt 0.16996239125728607 0.24075530469417572
vt 0.28576579689979553 0.48151060938835144
vt 0.28576579689979553 0.24075530469417572
vt 0.34366750717163086 0.48151060938835144
vt 0.11206068098545074 0.64201414585113525
vt 0.11206068098545074 0.32100707292556763
vt 0.67110133171081543 0
vt 0.34513235092163086 0
vt 0.67110133171081543 0.23307165503501892
vt 0.67110133171081543 0.11653582751750946
vt 0.5595390796661377 0.23307165503501892
vt 0.45233434438705444 0.11657125502824783
vt 0.50811684131622314 0
vt 0.11059583723545074 0
vt 0.11059583723545074 0.96302121877670288
vt 0 0.96302121877670288
vt 0 0
vt 0.11059583723545074 0.32100707292556763
vt 0.11059583723545074 0.64201414585113525
vt 0 0.64201414585113525
vt 0 0.32100707292556763
vt 0.67256617546081543 0
vt 0.99853515625 0.96302121877670288
vt 0.67256617546081543 0.96302121877670288
vt 0.67256617546081543 0.48151060938835144
vt 0.99853515625 0
vt 0.99853515625 0.48151060938835144
vt 0.83555066585540771 0
vt 0.83555066585540771 0.96302121877670288
vt 0.67110133171081543 0.48224303126335144
vt 0.34513235092163086 0.48224303126335144
vt 0.67110133171081543 0.71531468629837036
vt 0.5595390796661377 0.71531468629837036
vt 0.45233434438705444 0.59881430864334106
vt 0.50811684131622314 0.48224303126335144
vn 0.7342190146446228 0.6789126992225647 0
vn 0.7342190146446228 0.6789126992225647 0
vn 0.7342190146446228 0.6789126992225647 0
vn 0.7342190146446228 0.6789126992225647 0
vn 0.7342190146446228 0.6789126992225647 0
vn 0.7342190146446228 0.6789126992225647 0
vn 0.7342190146446228 0.6789126992225647 0
vn 0.7342190146446228 0.6789126992225647 0
vn 0.7342190146446228 0.6789126992225647 0
vn 0.7342190146446228 0.6789126992225647 0
vn 0.7342190146446228 0.6789126992225647 0
vn 0.7342190146446228 0.6789126992225647 0
vn 0.7342190146446228 0.6789126992225647 0
vn 0.7342190146446228 0.6789126992225647 0
vn 0 0 -1
vn 0 0 -1
vn 0 0 -1
vn 0 0 -1
vn 0 0 -1
vn 0 0 -1
vn 0 0 -1
vn -0.67912304401397705 0.73402446508407593 0
vn -0.67912304401397705 0.73402446508407593 0
vn -0.67912304401397705 0.73402446508407593 0
vn -0.67912304401397705 0.73402446508407593 0
vn -0.67912304401397705 0.73402446508407593 0
vn -0.67912304401397705 0.73402446508407593 0
vn -0.67912304401397705 0.73402446508407593 0
vn -0.67912304401397705 0.73402446508407593 0
vn 0.67864030599594116 -0.73447078466415405 0
vn 0.67864030599594116 -0.73447078466415405 0
vn 0.67864030599594116 -0.73447078466415405 0
vn 0.67864030599594116 -0.73447078466415405 0
vn 0.67864030599594116 -0.73447078466415405 0
vn 0.67864030599594116 -0.73447078466415405 0
vn 0.67864030599594116 -0.73447078466415405 0
vn 0.67864030599594116 -0.73447078466415405 0
vn 0 0 1
vn 0 0 1
vn 0 0 1
vn 0 0 1
vn 0 0 1
vn 0 0 1
f 464/464/464 463/463/463 465/465/465 466/466/466
f 463/463/463 467/467/467 468/468/468 465/465/465
f 462/462/462 465/465/465 468/468/468 458/458/458
f 469/469/469 458/458/458 468/468/468
f 466/466/466 462/462/462 459/459/459
f 459/459/459 471/471/471 466/466/466
f 466/466/466 471/471/471 464/464/464
f 466/466/466 465/465/465 462/462/462
f 467/467/467 460/460/460 469/469/469
f 463/463/463 460/460/460 467/467/467
f 461/461/461 463/463/463 464/464/464
f 464/464/464 470/470/470 461/461/461
f 461/461/461 460/460/460 463/463/463
f 471/471/471 470/470/470 464/464/464
f 467/467/467 469/469/469 468/468/468
f 475/475/475 472/472/472 478/478/478
f 477/477/477 478/478/478 473/473/473
f 476/476/476 474/474/474 475/475/475
f 476/476/476 478/478/478 477/477/477
f 475/475/475 478/478/478 476/476/476
f 479/479/479 482/482/482 486/486/486 483/483/483
f 485/485/485 484/484/484 483/483/483 486/486/486
f 484/484/484 485/485/485 481/481/481 480/480/480
f 493/493/493 492/492/492 491/491/491
f 493/493/493 487/487/487 490/490/490
f 490/490/490 492/492/492 493/493/493
f 490/490/490 489/489/489 494/494/494 492/492/492
f 488/488/488 492/492/492 494/494/494
f 499/499/499 500/500/500 495/495/495
f 499/499/499 496/496/496 500/500/500
f 498/498/498 499/499/499 497/497/497
f 495/495/495 497/497/497 499/499/499
usemtl diffuse_0
v -22.139711380004883 -219.09951782226563 -0.375
v -23.289548873901367 -220.18870544433594 -0.375
v -23.289548873901367 -217.88261413574219 -0.375
v -22.522991180419922 -218.69389343261719 -0.375
v -22.906269073486328 -218.28825378417969 -0.375
v -23.289548873901367 -218.45913696289063 -0.375
v -23.289548873901367 -219.03565979003906 -0.375
v -23.289548873901367 -219.6121826171875 -0.375
v -22.906269073486328 -219.82565307617188 -0.375
v -22.522991180419922 -219.46258544921875 -0.375
v -22.139711380004883 -219.09951782226563 -0.375
v -22.139711380004883 -219.09951782226563 25.415000915527344
v -23.289548873901367 -217.88261413574219 25.415000915527344
v -23.289548873901367 -217.88261413574219 -0.375
v -22.906269073486328 -218.28825378417969 -0.375
v -22.522991180419922 -218.69389343261719 -0.375
v -22.714630126953125 -218.49107360839844 3.9233334064483643
v -23.002090454101563 -218.18684387207031 3.9233334064483643
v -22.714630126953125 -218.49107360839844 1.7741667032241821
v -23.002090454101563 -218.18684387207031 1.7741667032241821
v -22.42717170715332 -218.7952880859375 3.9233334064483643
v -22.42717170715332 -218.7952880859375 1.7741667032241821
v -22.139711380004883 -219.09951782226563 6.0725002288818359
v -22.139711380004883 -219.09951782226563 12.520000457763672
v -22.139711380004883 -219.09951782226563 18.967500686645508
v -22.714630126953125 -218.49107360839844 25.415000915527344
v -22.714630126953125 -218.49107360839844 21.116666793823242
v -22.714630126953125 -218.49107360839844 23.265832901000977
v -22.42717170715332 -218.7952880859375 21.116666793823242
v -22.42717170715332 -218.7952880859375 23.265832901000977
v -23.002090454101563 -218.18684387207031 21.116666793823242
v -23.002090454101563 -218.18684387207031 23.265832901000977
v -23.289548873901367 -217.88261413574219 20.256999969482422
v -23.289548873901367 -217.88261413574219 15.098999977111816
v -23.289548873901367 -217.88261413574219 9.9409999847412109
v -23.289548873901367 -217.88261413574219 4.7829999923706055
v -22.139711380004883 -219.09951782226563 -0.375
v -23.289548873901367 -220.18870544433594 25.415000915527344
v -22.139711380004883 -219.09951782226563 25.415000915527344
v -22.139711380004883 -219.09951782226563 18.967500686645508
v -22.139711380004883 -219.09951782226563 12.520000457763672
v -22.139711380004883 -219.09951782226563 6.0725002288818359
v -23.289548873901367 -220.18870544433594 -0.375
v -23.289548873901367 -220.18870544433594 4.7829999923706055
v -23.289548873901367 -220.18870544433594 9.9409999847412109
v -23.289548873901367 -220.18870544433594 15.098999977111816
v -23.289548873901367 -220.18870544433594 20.256999969482422
v -22.522991180419922 -219.46258544921875 -0.375
v -22.906269073486328 -219.82565307617188 -0.375
v -22.714630126953125 -219.64411926269531 3.9233334064483643
v -22.42717170715332 -219.37181091308594 3.9233334064483643
v -22.714630126953125 -219.64411926269531 1.7741667032241821
v -22.42717170715332 -219.37181091308594 1.7741667032241821
v -23.002090454101563 -219.91641235351563 3.9233334064483643
v -23.002090454101563 -219.91641235351563 1.7741667032241821
v -22.714630126953125 -219.64411926269531 25.415000915527344
v -22.714630126953125 -219.64411926269531 21.116666793823242
v -22.714630126953125 -219.64411926269531 23.265832901000977
v -23.002090454101563 -219.91641235351563 21.116666793823242
v -23.002090454101563 -219.91641235351563 23.265832901000977
v -22.42717170715332 -219.37181091308594 21.116666793823242
v -22.42717170715332 -219.37181091308594 23.265832901000977
v -22.139711380004883 -219.09951782226563 25.415000915527344
v -23.289548873901367 -220.18870544433594 25.415000915527344
v -23.289548873901367 -217.88261413574219 25.415000915527344
v -22.714630126953125 -218.49107360839844 25.415000915527344
v -23.289548873901367 -219.03565979003906 25.415000915527344
v -22.714630126953125 -219.64411926269531 25.415000915527344
vt 0.057858627289533615 0
vt 0.057858627289533615 0.057858951389789581
vt 0.11903146654367447 0
vt 0.078249573707580566 0
vt 0.098640523850917816 0
vt 0.10373604297637939 0.014464674517512321
vt 0.088442094624042511 0.028929390013217926
vt 0.073149621486663818 0.043394152075052261
vt 0.057858627289533615 0.038572635501623154
vt 0.057858627289533615 0.019286317750811577
vt 0.057858627289533615 0.61636871099472046
vt 0.99853515625 0.61636871099472046
vt 0.99853515625 0.67752969264984131
vt 0.057858627289533615 0.67752969264984131
vt 0.057858627289533615 0.65714269876480103
vt 0.057858627289533615 0.63675570487976074
vt 0.21463805437088013 0.6469491720199585
vt 0.21463805437088013 0.6622394323348999
vt 0.13624833524227142 0.6469491720199585
vt 0.13624833524227142 0.6622394323348999
vt 0.21463805437088013 0.63165891170501709
vt 0.13624833524227142 0.63165891170501709
vt 0.29302775859832764 0.61636871099472046
vt 0.52819687128067017 0.61636871099472046
vt 0.76336604356765747 0.61636871099472046
vt 0.99853515625 0.6469491720199585
vt 0.84175568819046021 0.6469491720199585
vt 0.92014545202255249 0.6469491720199585
vt 0.84175568819046021 0.63165891170501709
vt 0.92014545202255249 0.63165891170501709
vt 0.84175568819046021 0.6622394323348999
vt 0.92014545202255249 0.6622394323348999
vt 0.81039988994598389 0.67752969264984131
vt 0.622264564037323 0.67752969264984131
vt 0.43412923812866211 0.67752969264984131
vt 0.24599394202232361 0.67752969264984131
vt 0 0
vt 0.056393783539533615 0.94067651033401489
vt 0 0.94067651033401489
vt 0 0.70550739765167236
vt 0 0.47033825516700745
vt 0 0.23516912758350372
vt 0.056393783539533615 0
vt 0.056393783539533615 0.18813531100749969
vt 0.056393783539533615 0.37627062201499939
vt 0.056393783539533615 0.56440591812133789
vt 0.056393783539533615 0.75254124402999878
vt 0.018797926604747772 0
vt 0.037595856934785843 0
vt 0.028196891769766808 0.15677942335605621
vt 0.014098445884883404 0.15677942335605621
vt 0.028196891769766808 0.078389711678028107
vt 0.014098445884883404 0.078389711678028107
vt 0.042295336723327637 0.15677942335605621
vt 0.042295336723327637 0.078389711678028107
vt 0.028196891769766808 0.94067651033401489
vt 0.028196891769766808 0.78389710187911987
vt 0.028196891769766808 0.86228686571121216
vt 0.042295336723327637 0.78389710187911987
vt 0.042295336723327637 0.86228686571121216
vt 0.014098445884883404 0.78389710187911987
vt 0.014098445884883404 0.86228686571121216
vt 0.057858627289533615 0.30818435549736023
vt 0.057858627289533615 0.36604329943656921
vt 0.11903146654367447 0.30818435549736023
vt 0.088445045053958893 0.30818435549736023
vt 0.088442094624042511 0.33711373805999756
vt 0.057858627289533615 0.33711382746696472
vn 0 0 -1
vn 0 0 -1
vn 0 0 -1
vn 0 0 -1
vn 0 0 -1
vn 0 0 -1
vn 0 0 -1
vn 0 0 -1
vn 0 0 -1
vn 0 0 -1
vn 0.72685223817825317 0.68679386377334595 0
vn 0.72685223817825317 0.68679386377334595 0
vn 0.72685223817825317 0.68679386377334595 0
vn 0.72685223817825317 0.68679386377334595 0
vn 0.72685223817825317 0.68679386377334595 0
vn 0.72685223817825317 0.68679386377334595 0
vn 0.72685223817825317 0.68679386377334595 0
vn 0.72685223817825317 0.68679386377334595 0
vn 0.72685223817825317 0.68679386377334595 0
vn 0.72685223817825317 0.68679386377334595 0
vn 0.72685223817825317 0.68679386377334595 0
vn 0.72685223817825317 0.68679386377334595 0
vn 0.72685223817825317 0.68679386377334595 0
vn 0.72685223817825317 0.68679386377334595 0
vn 0.72685223817825317 0.68679386377334595 0
vn 0.72685223817825317 0.68679386377334595 0
vn 0.72685223817825317 0.68679386377334595 0
vn 0.72685223817825317 0.68679386377334595 0
vn 0.72685223817825317 0.68679386377334595 0
vn 0.72685223817825317 0.68679386377334595 0
vn 0.72685223817825317 0.68679386377334595 0
vn 0.72685223817825317 0.68679386377334595 0
vn 0.72685223817825317 0.68679386377334595 0
vn 0.72685223817825317 0.68679386377334595 0
vn 0.72685223817825317 0.68679386377334595 0
vn 0.72685223817825317 0.68679386377334595 0
vn 0.68770122528076172 -0.725993812084198 0
vn 0.68770122528076172 -0.725993812084198 0
vn 0.68770122528076172 -0.725993812084198 0
vn 0.68770122528076172 -0.725993812084198 0
vn 0.68770122528076172 -0.725993812084198 0
vn 0.68770122528076172 -0.725993812084198 0
vn 0.68770122528076172 -0.725993812084198 0
vn 0.68770122528076172 -0.725993812084198 0
vn 0.68770122528076172 -0.725993812084198 0
vn 0.68770122528076172 -0.725993812084198 0
vn 0.68770122528076172 -0.725993812084198 0
vn 0.68770122528076172 -0.725993812084198 0
vn 0.68770122528076172 -0.725993812084198 0
vn 0.68770122528076172 -0.725993812084198 0
vn 0.68770122528076172 -0.725993812084198 0
vn 0.68770122528076172 -0.725993812084198 0
vn 0.68770122528076172 -0.725993812084198 0
vn 0.68770122528076172 -0.725993812084198 0
vn 0.68770122528076172 -0.725993812084198 0
vn 0.68770122528076172 -0.725993812084198 0
vn 0.68770122528076172 -0.725993812084198 0
vn 0.68770122528076172 -0.725993812084198 0
vn 0.68770122528076172 -0.725993812084198 0
vn 0.68770122528076172 -0.725993812084198 0
vn 0.68770122528076172 -0.725993812084198 0
vn 0.68770122528076172 -0.725993812084198 0
vn 0 0 1
vn 0 0 1
vn 0 0 1
vn 0 0 1
vn 0 0 1
vn 0 0 1
f 507/507/507 510/510/510 508/508/508
f 502/502/502 508/508/508 509/509/509
f 510/510/510 509/509/509 508/508/508
f 504/504/504 501/501/501 510/510/510
f 506/506/506 505/505/505 504/504/504
f 504/504/504 507/507/507 506/506/506
f 505/505/505 506/506/506 503/503/503
f 510/510/510 507/507/507 504/504/504
f 518/518/518 517/517/517 519/519/519 520/520/520
f 517/517/517 521/521/521 522/522/522 519/519/519
f 532/532/532 528/528/528 527/527/527 531/531/531
f 528/528/528 530/530/530 529/529/529 527/527/527
f 516/516/516 522/522/522 511/511/511
f 511/511/511 522/522/522 521/521/521 523/523/523
f 519/519/519 522/522/522 516/516/516
f 517/517/517 523/523/523 521/521/521
f 515/515/515 519/519/519 516/516/516
f 514/514/514 520/520/520 515/515/515
f 520/520/520 519/519/519 515/515/515
f 536/536/536 518/518/518 520/520/520 514/514/514
f 535/535/535 517/517/517 518/518/518
f 518/518/518 536/536/536 535/535/535
f 535/535/535 523/523/523 517/517/517
f 535/535/535 524/524/524 523/523/523
f 524/524/524 534/534/534 525/525/525
f 525/525/525 529/529/529 530/530/530 512/512/512
f 529/529/529 525/525/525 527/527/527
f 526/526/526 512/512/512 530/530/530
f 527/527/527 525/525/525 534/534/534
f 533/533/533 531/531/531 534/534/534
f 531/531/531 527/527/527 534/534/534
f 532/532/532 531/531/531 533/533/533
f 532/532/532 526/526/526 528/528/528
f 530/530/530 528/528/528 526/526/526
f 533/533/533 513/513/513 532/532/532
f 526/526/526 532/532/532 513/513/513
f 535/535/535 534/534/534 524/524/524
f 551/551/551 550/550/550 552/552/552 553/553/553
f 550/550/550 554/554/554 555/555/555 552/552/552
f 562/562/562 558/558/558 557/557/557 561/561/561
f 558/558/558 560/560/560 559/559/559 557/557/557
f 549/549/549 555/555/555 543/543/543
f 543/543/543 555/555/555 554/554/554 544/544/544
f 555/555/555 549/549/549 552/552/552
f 545/545/545 544/544/544 554/554/554
f 550/550/550 545/545/545 554/554/554
f 553/553/553 548/548/548 537/537/537
f 549/549/549 548/548/548 552/552/552
f 552/552/552 548/548/548 553/553/553
f 553/553/553 542/542/542 551/551/551
f 550/550/550 551/551/551 542/542/542
f 542/542/542 545/545/545 550/550/550
f 537/537/537 542/542/542 553/553/553
f 542/542/542 541/541/541 545/545/545
f 559/559/559 547/547/547 546/546/546
f 560/560/560 547/547/547 559/559/559
f 557/557/557 559/559/559 546/546/546
f 538/538/538 547/547/547 560/560/560
f 556/556/556 538/538/538 560/560/560
f 540/540/540 557/557/557 546/546/546
f 541/541/541 540/540/540 546/546/546
f 540/540/540 561/561/561 557/557/557
f 562/562/562 561/561/561 540/540/540
f 562/562/562 556/556/556 558/558/558
f 560/560/560 558/558/558 556/556/556
f 540/540/540 539/539/539 562/562/562
f 556/556/556 562/562/562 539/539/539
f 545/545/545 541/541/541 546/546/546
f 567/567/567 568/568/568 563/563/563
f 567/567/567 564/564/564 568/568/568
f 565/565/565 567/567/567 566/566/566
f 563/563/563 566/566/566 567/567/567
usemtl diffuse_0
v 66.556297302246094 -218.27670288085938 -0.375
v 65.837471008300781 -221.70028686523438 -0.375
v 66.556297302246094 -218.27670288085938 21.975000381469727
v 65.837471008300781 -221.70028686523438 21.975000381469727
v 66.556297302246094 -218.27670288085938 7.0749998092651367
v 66.556297302246094 -218.27670288085938 14.524999618530273
v 65.837471008300781 -221.70028686523438 14.524999618530273
v 65.837471008300781 -221.70028686523438 7.0749998092651367
v 65.837471008300781 -221.70028686523438 -0.375
v 73.471038818359375 -230.29525756835938 -0.375
v 65.837471008300781 -221.70028686523438 21.975000381469727
v 73.471038818359375 -230.29525756835938 21.975000381469727
v 65.837471008300781 -221.70028686523438 7.0749998092651367
v 65.837471008300781 -221.70028686523438 14.524999618530273
v 73.471038818359375 -230.29525756835938 10.800000190734863
v 76.71044921875 -207.76010131835938 -0.375
v 73.471038818359375 -230.29525756835938 -0.375
v 76.71044921875 -227.05584716796875 -0.375
v 66.556297302246094 -218.27670288085938 -0.375
v 65.837471008300781 -221.70028686523438 -0.375
v 76.71044921875 -217.40797424316406 -0.375
v 71.633377075195313 -213.01840209960938 -0.375
v 76.71044921875 -207.76010131835938 -0.375
v 66.556297302246094 -218.27670288085938 -0.375
v 76.71044921875 -207.76010131835938 21.975000381469727
v 66.556297302246094 -218.27670288085938 21.975000381469727
v 66.556297302246094 -218.27670288085938 14.524999618530273
v 66.556297302246094 -218.27670288085938 7.0749998092651367
v 76.71044921875 -207.76010131835938 10.800000190734863
v 71.633377075195313 -213.01840209960938 21.975000381469727
v 71.633377075195313 -213.01840209960938 -0.375
v 73.471038818359375 -230.29525756835938 -0.375
v 73.471038818359375 -230.29525756835938 21.975000381469727
v 76.71044921875 -227.05584716796875 21.975000381469727
v 76.71044921875 -227.05584716796875 -0.375
v 73.471038818359375 -230.29525756835938 10.800000190734863
v 76.71044921875 -227.05584716796875 10.800000190734863
v 76.71044921875 -207.76010131835938 21.975000381469727
v 66.556297302246094 -218.27670288085938 21.975000381469727
v 65.837471008300781 -221.70028686523438 21.975000381469727
v 73.471038818359375 -230.29525756835938 21.975000381469727
v 76.71044921875 -227.05584716796875 21.975000381469727
v 76.71044921875 -217.40797424316406 21.975000381469727
v 71.633377075195313 -213.01840209960938 21.975000381469727
vt 0.34654662013053894 0.27250802516937256
vt 0.34654662013053894 0.35397151112556458
vt 0.87637031078338623 0.27250802516937256
vt 0.87637031078338623 0.35397151112556458
vt 0.52315449714660645 0.27250802516937256
vt 0.69976240396499634 0.27250802516937256
vt 0.69976240396499634 0.35397151112556458
vt 0.52315449714660645 0.35397151112556458
vt 0.34654662013053894 0
vt 0.34654662013053894 0.27104318141937256
vt 0.87637031078338623 0
vt 0.87637031078338623 0.27104318141937256
vt 0.52315449714660645 0
vt 0.69976240396499634 0
vt 0.61145848035812378 0.27104318141937256
vt 0.99853515625 0.46403777599334717
vt 0.67654037475585938 0.89464271068572998
vt 0.67654037475585938 0.7864035964012146
vt 0.99248707294464111 0.80937516689300537
vt 0.94735181331634521 0.87858068943023682
vt 0.83753776550292969 0.62522071599960327
vt 0.99551111459732056 0.63670647144317627
vt 0.34508177638053894 0
vt 0 0
vt 0.34508177638053894 0.52982372045516968
vt 0 0.52982372045516968
vt 0 0.35321581363677979
vt 0 0.17660790681838989
vt 0.34508177638053894 0.26491186022758484
vt 0.17254088819026947 0.52982372045516968
vt 0.17254088819026947 0
vt 0.34654662013053894 0.35543635487556458
vt 0.87637031078338623 0.35543635487556458
vt 0.87637031078338623 0.46257293224334717
vt 0.34654662013053894 0.46257293224334717
vt 0.61145848035812378 0.35543635487556458
vt 0.61145848035812378 0.46257293224334717
vt 0.67180848121643066 0.46403777599334717
vt 0.66576039791107178 0.80937516689300537
vt 0.62062513828277588 0.87858068943023682
vt 0.34981366991996765 0.89464271068572998
vt 0.34981366991996765 0.7864035964012146
vt 0.51081109046936035 0.62522071599960327
vt 0.66878443956375122 0.63670647144317627
vn -0.9786607027053833 0.20548281073570251 0
vn -0.9786607027053833 0.20548281073570251 0
vn -0.9786607027053833 0.20548281073570251 0
vn -0.9786607027053833 0.20548281073570251 0
vn -0.9786607027053833 0.20548281073570251 0
vn -0.9786607027053833 0.20548281073570251 0
vn -0.9786607027053833 0.20548281073570251 0
vn -0.9786607027053833 0.20548281073570251 0
vn -0.74768662452697754 -0.66405171155929565 0
vn -0.74768662452697754 -0.66405171155929565 0
vn -0.74768662452697754 -0.66405171155929565 0
vn -0.74768662452697754 -0.66405171155929565 0
vn -0.74768662452697754 -0.66405171155929565 0
vn -0.74768662452697754 -0.66405171155929565 0
vn -0.74768662452697754 -0.66405171155929565 0
vn 0 0 -1
vn 0 0 -1
vn 0 0 -1
vn 0 0 -1
vn 0 0 -1
vn 0 0 -1
vn 0 0 -1
vn -0.71939444541931152 0.69460177421569824 0
vn -0.71939444541931152 0.69460177421569824 0
vn -0.71939444541931152 0.69460177421569824 0
vn -0.71939444541931152 0.69460177421569824 0
vn -0.71939444541931152 0.69460177421569824 0
vn -0.71939444541931152 0.69460177421569824 0
vn -0.71939444541931152 0.69460177421569824 0
vn -0.71939444541931152 0.69460177421569824 0
vn -0.71939444541931152 0.69460177421569824 0
vn 0.70710676908493042 -0.70710676908493042 0
vn 0.70710676908493042 -0.70710676908493042 0
vn 0.70710676908493042 -0.70710676908493042 0
vn 0.70710676908493042 -0.70710676908493042 0
vn 0.70710676908493042 -0.70710676908493042 0
vn 0.70710676908493042 -0.70710676908493042 0
vn 0 0 1
vn 0 0 1
vn 0 0 1
vn 0 0 1
vn 0 0 1
vn 0 0 1
vn 0 0 1
f 573/573/573 569/569/569 570/570/570 576/576/576
f 576/576/576 575/575/575 574/574/574 573/573/573
f 571/571/571 574/574/574 575/575/575 572/572/572
f 577/577/577 578/578/578 583/583/583 581/581/581
f 582/582/582 583/583/583 580/580/580 579/579/579
f 581/581/581 583/583/583 582/582/582
f 589/589/589 590/590/590 584/584/584
f 587/587/587 590/590/590 589/589/589
f 589/589/589 586/586/586 588/588/588
f 588/588/588 586/586/586 585/585/585
f 587/587/587 589/589/589 588/588/588
f 595/595/595 599/599/599 596/596/596
f 599/599/599 592/592/592 596/596/596
f 597/597/597 591/591/591 599/599/599
f 598/598/598 593/593/593 597/597/597
f 594/594/594 598/598/598 595/595/595
f 598/598/598 599/599/599 595/595/595
f 597/597/597 599/599/599 598/598/598
f 603/603/603 605/605/605 604/604/604 600/600/600
f 601/601/601 604/604/604 605/605/605 602/602/602
f 611/611/611 606/606/606 612/612/612
f 607/607/607 611/611/611 612/612/612
f 611/611/611 608/608/608 610/610/610
f 608/608/608 609/609/609 610/610/610
f 607/607/607 608/608/608 611/611/611
usemtl diffuse_0
v 76.71044921875 -227.8106689453125 -0.375
v 73.160621643066406 -231.17178344726563 -0.375
v 76.71044921875 -234.92231750488281 -0.375
v 74.935539245605469 -229.49122619628906 -0.375
v 76.71044921875 -231.36650085449219 -0.375
v 74.935539245605469 -233.04705810546875 -0.375
v 76.71044921875 -234.92231750488281 -0.375
v 73.160621643066406 -231.17178344726563 -0.375
v 73.160621643066406 -231.17178344726563 31.465000152587891
v 73.160621643066406 -231.17178344726563 20.851667404174805
v 73.160621643066406 -231.17178344726563 10.238333702087402
v 76.71044921875 -234.92231750488281 10.238333702087402
v 76.71044921875 -234.92231750488281 20.851667404174805
v 74.935539245605469 -233.04705810546875 -0.375
v 76.71044921875 -234.92231750488281 31.465000152587891
v 74.935539245605469 -233.04705810546875 31.465000152587891
v 73.160621643066406 -231.17178344726563 -0.375
v 73.160621643066406 -231.17178344726563 31.465000152587891
v 76.71044921875 -227.8106689453125 31.465000152587891
v 76.71044921875 -227.8106689453125 -0.375
v 74.935539245605469 -229.49122619628906 -0.375
v 73.160621643066406 -231.17178344726563 10.238333702087402
v 73.160621643066406 -231.17178344726563 20.851667404174805
v 74.935539245605469 -229.49122619628906 31.465000152587891
v 76.71044921875 -227.8106689453125 20.851667404174805
v 76.71044921875 -227.8106689453125 10.238333702087402
v 76.71044921875 -227.8106689453125 31.465000152587891
v 73.160621643066406 -231.17178344726563 31.465000152587891
v 76.71044921875 -234.92231750488281 31.465000152587891
v 74.935539245605469 -229.49122619628906 31.465000152587891
v 76.71044921875 -231.36650085449219 31.465000152587891
v 74.935539245605469 -233.04705810546875 31.465000152587891
vt 0.13310064375400543 0.283640056848526
vt 0.13310064375400543 0.41674274206161499
vt 0.27377629280090332 0.41674274206161499
vt 0.13310064375400543 0.3501913845539093
vt 0.20341984927654266 0.35019189119338989
vt 0.20343847572803497 0.41674274206161499
vt 0.13310064375400543 0.567280113697052
vt 0.13310064375400543 0.70788127183914185
vt 0.99853515625 0.70788127183914185
vt 0.71005702018737793 0.70788127183914185
vt 0.42157882452011108 0.70788127183914185
vt 0.42157882452011108 0.567280113697052
vt 0.71005702018737793 0.567280113697052
vt 0.13310064375400543 0.63758069276809692
vt 0.99853515625 0.567280113697052
vt 0.99853515625 0.63758069276809692
vt 0.13163580000400543 0
vt 0.13163580000400543 0.86543452739715576
vt 0 0.86543452739715576
vt 0 0
vt 0.065817900002002716 0
vt 0.13163580000400543 0.28847816586494446
vt 0.13163580000400543 0.57695633172988892
vt 0.065817900002002716 0.86543452739715576
vt 0 0.57695633172988892
vt 0 0.28847816586494446
vt 0.13310064375400543 0
vt 0.13310064375400543 0.13310270011425018
vt 0.27377629280090332 0.13310270011425018
vt 0.13310064375400543 0.066551350057125092
vt 0.20341984927654266 0.066551856696605682
vt 0.20343847572803497 0.13310270011425018
vn 0 0 -1
vn 0 0 -1
vn 0 0 -1
vn 0 0 -1
vn 0 0 -1
vn 0 0 -1
vn -0.72627246379852295 -0.68740695714950562 0
vn -0.72627246379852295 -0.68740695714950562 0
vn -0.72627246379852295 -0.68740695714950562 0
vn -0.72627246379852295 -0.68740695714950562 0
vn -0.72627246379852295 -0.68740695714950562 0
vn -0.72627246379852295 -0.68740695714950562 0
vn -0.72627246379852295 -0.68740695714950562 0
vn -0.72627246379852295 -0.68740695714950562 0
vn -0.72627246379852295 -0.68740695714950562 0
vn -0.72627246379852295 -0.68740695714950562 0
vn -0.68754255771636963 0.72614407539367676 0
vn -0.68754255771636963 0.72614407539367676 0
vn -0.68754255771636963 0.72614407539367676 0
vn -0.68754255771636963 0.72614407539367676 0
vn -0.68754255771636963 0.72614407539367676 0
vn -0.68754255771636963 0.72614407539367676 0
vn -0.68754255771636963 0.72614407539367676 0
vn -0.68754255771636963 0.72614407539367676 0
vn -0.68754255771636963 0.72614407539367676 0
vn -0.68754255771636963 0.72614407539367676 0
vn 0 0 1
vn 0 0 1
vn 0 0 1
vn 0 0 1
vn 0 0 1
vn 0 0 1
f 617/617/617 616/616/616 613/613/613
f 617/617/617 614/614/614 616/616/616
f 618/618/618 617/617/617 615/615/615
f 614/614/614 617/617/617 618/618/618
f 626/626/626 619/619/619 624/624/624
f 620/620/620 626/626/626 623/623/623
f 624/624/624 623/623/623 626/626/626
f 622/622/622 623/623/623 624/624/624 625/625/625
f 628/628/628 625/625/625 627/627/627
f 621/621/621 622/622/622 628/628/628
f 625/625/625 628/628/628 622/622/622
f 633/633/633 629/629/629 634/634/634
f 632/632/632 633/633/633 638/638/638
f 634/634/634 638/638/638 633/633/633
f 634/634/634 635/635/635 637/637/637 638/638/638
f 636/636/636 635/635/635 630/630/630
f 631/631/631 637/637/637 636/636/636
f 635/635/635 636/636/636 637/637/637
f 643/643/643 639/639/639 642/642/642
f 643/643/643 642/642/642 640/640/640
f 644/644/644 641/641/641 643/643/643
f 640/640/640 644/644/644 643/643/643
usemtl diffuse_0
v -5.4180855751037598 -204.34356689453125 -0.375
v -5.4098019599914551 -216.60104370117188 -0.375
v -5.4180855751037598 -204.34356689453125 36.034999847412109
v -5.4098019599914551 -216.60104370117188 36.034999847412109
v -5.4180855751037598 -204.34356689453125 17.829999923706055
v -5.4098019599914551 -216.60104370117188 17.829999923706055
v -5.4098019599914551 -216.60104370117188 -0.375
v -12.432465553283691 -223.60798645019531 -0.375
v -5.4098019599914551 -216.60104370117188 36.034999847412109
v -12.432465553283691 -223.60798645019531 36.034999847412109
v -5.4098019599914551 -216.60104370117188 17.829999923706055
v -12.432465553283691 -223.60798645019531 17.829999923706055
v -5.4180855751037598 -204.34356689453125 -0.375
v -5.4098019599914551 -216.60104370117188 -0.375
v -12.432465553283691 -223.60798645019531 -0.375
v -23.289548873901367 -211.80680847167969 -0.375
v -23.289548873901367 -190.319580078125 -0.375
v -18.507326126098633 -190.319580078125 -0.375
v -12.432465553283691 -223.60798645019531 -0.375
v -12.432465553283691 -223.60798645019531 36.034999847412109
v -23.289548873901367 -211.80680847167969 36.034999847412109
v -12.432465553283691 -223.60798645019531 17.829999923706055
v -23.289548873901367 -211.80680847167969 -0.375
v -23.289548873901367 -211.80680847167969 17.829999923706055
v -18.507326126098633 -190.319580078125 -0.375
v -5.4180855751037598 -204.34356689453125 -0.375
v -5.4180855751037598 -204.34356689453125 36.034999847412109
v -5.4180855751037598 -204.34356689453125 17.829999923706055
v -18.507326126098633 -190.319580078125 17.829999923706055
v -18.507326126098633 -190.319580078125 36.034999847412109
v -5.4180855751037598 -204.34356689453125 36.034999847412109
v -5.4098019599914551 -216.60104370117188 36.034999847412109
v -12.432465553283691 -223.60798645019531 36.034999847412109
v -23.289548873901367 -211.80680847167969 36.034999847412109
v -23.289548873901367 -190.319580078125 36.034999847412109
v -18.507326126098633 -190.319580078125 36.034999847412109
vt 0.57748395204544067 0.49350526928901672
vt 0.40843653678894043 0.49350526928901672
vt 0.57748395204544067 0.99853515625
vt 0.40843653678894043 0.99853515625
vt 0.57748395204544067 0.74602019786834717
vt 0.40843653678894043 0.74602019786834717
vt 0.40697169303894043 0.49350526928901672
vt 0.2704346776008606 0.49350526928901672
vt 0.40697169303894043 0.99853515625
vt 0.2704346776008606 0.99853515625
vt 0.40697169303894043 0.74602019786834717
vt 0.2704346776008606 0.74602019786834717
vt 0.0091447532176971436 0.62023913860321045
vt 0.12898094952106476 0.49958735704421997
vt 0.26623520255088806 0.49974203109741211
vt 0.25699904561042786 0.72261923551559448
vt 0.046785391867160797 0.93397772312164307
vt 0 0.88693755865097046
vt 0 0
vt 0.50649476051330566 0
vt 0.50649476051330566 0.22160573303699493
vt 0.25324738025665283 0
vt 0 0.22160573303699493
vt 0.25324738025665283 0.22160573303699493
vt 0.8443407416343689 0
vt 0.57894879579544067 0
vt 0.57894879579544067 0.50649476051330566
vt 0.57894879579544067 0.25324738025665283
vt 0.8443407416343689 0.25324738025665283
vt 0.8443407416343689 0.50649476051330566
vt 0.31373858451843262 0.23221533000469208
vt 0.43439039587974548 0.35205152630805969
vt 0.43423569202423096 0.48930579423904419
vt 0.21135850250720978 0.48006963729858398
vt 0 0.26985597610473633
vt 0.0470401830971241 0.22307057678699493
vn 0.9999997615814209 0.00067578698508441448 0
vn 0.9999997615814209 0.00067578698508441448 0
vn 0.9999997615814209 0.00067578698508441448 0
vn 0.9999997615814209 0.00067578698508441448 0
vn 0.9999997615814209 0.00067578698508441448 0
vn 0.9999997615814209 0.00067578698508441448 0
vn 0.70631378889083862 -0.70789891481399536 0
vn 0.70631378889083862 -0.70789891481399536 0
vn 0.70631378889083862 -0.70789891481399536 0
vn 0.70631378889083862 -0.70789891481399536 0
vn 0.70631378889083862 -0.70789891481399536 0
vn 0.70631378889083862 -0.70789891481399536 0
vn 0 0 -1
vn 0 0 -1
vn 0 0 -1
vn 0 0 -1
vn 0 0 -1
vn 0 0 -1
vn -0.73593074083328247 -0.67705684900283813 0
vn -0.73593074083328247 -0.67705684900283813 0
vn -0.73593074083328247 -0.67705684900283813 0
vn -0.73593074083328247 -0.67705684900283813 0
vn -0.73593074083328247 -0.67705684900283813 0
vn -0.73593074083328247 -0.67705684900283813 0
vn 0.73105031251907349 0.68232357501983643 0
vn 0.73105031251907349 0.68232357501983643 0
vn 0.73105031251907349 0.68232357501983643 0
vn 0.73105031251907349 0.68232357501983643 0
vn 0.73105031251907349 0.68232357501983643 0
vn 0.73105031251907349 0.68232357501983643 0
vn 0 0 1
vn 0 0 1
vn 0 0 1
vn 0 0 1
vn 0 0 1
vn 0 0 1
f 646/646/646 645/645/645 649/649/649 650/650/650
f 647/647/647 648/648/648 650/650/650 649/649/649
f 652/652/652 651/651/651 655/655/655 656/656/656
f 653/653/653 654/654/654 656/656/656 655/655/655
f 661/661/661 662/662/662 657/657/657
f 658/658/658 661/661/661 657/657/657
f 660/660/660 658/658/658 659/659/659
f 661/661/661 658/658/658 660/660/660
f 663/663/663 666/666/666 668/668/668 667/667/667
f 665/665/665 668/668/668 666/666/666 664/664/664
f 670/670/670 669/669/669 673/673/673 672/672/672
f 674/674/674 671/671/671 672/672/672 673/673/673
f 679/679/679 675/675/675 680/680/680
f 678/678/678 675/675/675 679/679/679
f 678/678/678 677/677/677 676/676/676
f 675/675/675 678/678/678 676/676/676
usemtl diffuse_0
v 65.390663146972656 -190.319580078125 -0.375
v 58.597389221191406 -194.81637573242188 -0.375
v 55.619861602783203 -190.319580078125 -0.375
v 57.108627319335938 -192.56797790527344 -0.375
v 58.06256103515625 -190.319580078125 -0.375
v 60.505264282226563 -190.319580078125 -0.375
v 62.947963714599609 -190.319580078125 -0.375
v 63.126239776611328 -191.81851196289063 -0.375
v 60.861812591552734 -193.31744384765625 -0.375
v 65.390663146972656 -190.319580078125 -0.375
v 58.597389221191406 -194.81637573242188 -0.375
v 58.597389221191406 -194.81637573242188 24.565000534057617
v 58.597389221191406 -194.81637573242188 12.095000267028809
v 65.390663146972656 -190.319580078125 12.095000267028809
v 60.861812591552734 -193.31744384765625 -0.375
v 63.126239776611328 -191.81851196289063 -0.375
v 61.994026184082031 -192.56797790527344 12.095000267028809
v 60.295707702636719 -193.69218444824219 12.095000267028809
v 61.994026184082031 -192.56797790527344 5.8600001335144043
v 60.295707702636719 -193.69218444824219 5.8600001335144043
v 63.692344665527344 -191.44378662109375 12.095000267028809
v 63.692344665527344 -191.44378662109375 5.8600001335144043
v 65.390663146972656 -190.319580078125 24.565000534057617
v 63.126239776611328 -191.81851196289063 24.565000534057617
v 60.861812591552734 -193.31744384765625 24.565000534057617
v 61.994026184082031 -192.56797790527344 18.329999923706055
v 63.692344665527344 -191.44378662109375 18.329999923706055
v 60.295707702636719 -193.69218444824219 18.329999923706055
v 58.597389221191406 -194.81637573242188 -0.375
v 55.619861602783203 -190.319580078125 -0.375
v 58.597389221191406 -194.81637573242188 24.565000534057617
v 55.619861602783203 -190.319580078125 24.565000534057617
v 57.108627319335938 -192.56797790527344 -0.375
v 55.619861602783203 -190.319580078125 12.095000267028809
v 58.597389221191406 -194.81637573242188 12.095000267028809
v 57.108627319335938 -192.56797790527344 12.095000267028809
v 56.364242553710938 -191.44378662109375 12.095000267028809
v 57.108627319335938 -192.56797790527344 5.8600001335144043
v 56.364242553710938 -191.44378662109375 5.8600001335144043
v 57.853008270263672 -193.69218444824219 12.095000267028809
v 57.853008270263672 -193.69218444824219 5.8600001335144043
v 57.108627319335938 -192.56797790527344 24.565000534057617
v 57.108627319335938 -192.56797790527344 18.329999923706055
v 57.853008270263672 -193.69218444824219 18.329999923706055
v 56.364242553710938 -191.44378662109375 18.329999923706055
v 65.390663146972656 -190.319580078125 24.565000534057617
v 58.597389221191406 -194.81637573242188 24.565000534057617
v 55.619861602783203 -190.319580078125 24.565000534057617
v 57.108627319335938 -192.56797790527344 24.565000534057617
v 58.06256103515625 -190.319580078125 24.565000534057617
v 60.505264282226563 -190.319580078125 24.565000534057617
v 62.947963714599609 -190.319580078125 24.565000534057617
v 63.126239776611328 -191.81851196289063 24.565000534057617
v 60.861812591552734 -193.31744384765625 24.565000534057617
vt 0 0.5
vt 0.32518985867500305 0.5
vt 0.32518985867500305 0.7162480354309082
vt 0.32518985867500305 0.6081240177154541
vt 0.24389238655567169 0.66218602657318115
vt 0.16259492933750153 0.6081240177154541
vt 0.081297464668750763 0.55406200885772705
vt 0.10839661955833435 0.5
vt 0.2167932391166687 0.5
vt 0.86809259653091431 0
vt 0.54290270805358887 0
vt 0.54290270805358887 0.99853515625
vt 0.54290270805358887 0.499267578125
vt 0.86809259653091431 0.499267578125
vt 0.65129935741424561 0
vt 0.75969594717025757 0
vt 0.70549768209457397 0.499267578125
vt 0.62420022487640381 0.499267578125
vt 0.70549768209457397 0.2496337890625
vt 0.62420022487640381 0.2496337890625
vt 0.78679513931274414 0.499267578125
vt 0.78679513931274414 0.2496337890625
vt 0.86809259653091431 0.99853515625
vt 0.75969594717025757 0.99853515625
vt 0.65129935741424561 0.99853515625
vt 0.70549768209457397 0.7489013671875
vt 0.78679513931274414 0.7489013671875
vt 0.62420022487640381 0.7489013671875
vt 0.54143786430358887 0
vt 0.32665470242500305 0
vt 0.54143786430358887 0.99853515625
vt 0.32665470242500305 0.99853515625
vt 0.43404629826545715 0
vt 0.32665470242500305 0.499267578125
vt 0.54143786430358887 0.499267578125
vt 0.43404629826545715 0.499267578125
vt 0.3803505003452301 0.499267578125
vt 0.43404629826545715 0.2496337890625
vt 0.3803505003452301 0.2496337890625
vt 0.4877420961856842 0.499267578125
vt 0.4877420961856842 0.2496337890625
vt 0.43404629826545715 0.99853515625
vt 0.43404629826545715 0.7489013671875
vt 0.4877420961856842 0.7489013671875
vt 0.3803505003452301 0.7489013671875
vt 0 0
vt 0.32518985867500305 0
vt 0.32518985867500305 0.2162480503320694
vt 0.32518985867500305 0.1081240251660347
vt 0.24389238655567169 0.16218604147434235
vt 0.16259492933750153 0.1081240251660347
vt 0.081297464668750763 0.054062012583017349
vt 0.10839661955833435 0
vt 0.2167932391166687 0
vn 0 0 -1
vn 0 0 -1
vn 0 0 -1
vn 0 0 -1
vn 0 0 -1
vn 0 0 -1
vn 0 0 -1
vn 0 0 -1
vn 0 0 -1
vn 0.55197364091873169 -0.83386152982711792 0
vn 0.55197364091873169 -0.83386152982711792 0
vn 0.55197364091873169 -0.83386152982711792 0
vn 0.55197364091873169 -0.83386152982711792 0
vn 0.55197364091873169 -0.83386152982711792 0
vn 0.55197364091873169 -0.83386152982711792 0
vn 0.55197364091873169 -0.83386152982711792 0
vn 0.55197364091873169 -0.83386152982711792 0
vn 0.55197364091873169 -0.83386152982711792 0
vn 0.55197364091873169 -0.83386152982711792 0
vn 0.55197364091873169 -0.83386152982711792 0
vn 0.55197364091873169 -0.83386152982711792 0
vn 0.55197364091873169 -0.83386152982711792 0
vn 0.55197364091873169 -0.83386152982711792 0
vn 0.55197364091873169 -0.83386152982711792 0
vn 0.55197364091873169 -0.83386152982711792 0
vn 0.55197364091873169 -0.83386152982711792 0
vn 0.55197364091873169 -0.83386152982711792 0
vn 0.55197364091873169 -0.83386152982711792 0
vn -0.83378690481185913 -0.55208641290664673 0
vn -0.83378690481185913 -0.55208641290664673 0
vn -0.83378690481185913 -0.55208641290664673 0
vn -0.83378690481185913 -0.55208641290664673 0
vn -0.83378690481185913 -0.55208641290664673 0
vn -0.83378690481185913 -0.55208641290664673 0
vn -0.83378690481185913 -0.55208641290664673 0
vn -0.83378690481185913 -0.55208641290664673 0
vn -0.83378690481185913 -0.55208641290664673 0
vn -0.83378690481185913 -0.55208641290664673 0
vn -0.83378690481185913 -0.55208641290664673 0
vn -0.83378690481185913 -0.55208641290664673 0
vn -0.83378690481185913 -0.55208641290664673 0
vn -0.83378690481185913 -0.55208641290664673 0
vn -0.83378690481185913 -0.55208641290664673 0
vn -0.83378690481185913 -0.55208641290664673 0
vn -0.83378690481185913 -0.55208641290664673 0
vn 0 0 1
vn 0 0 1
vn 0 0 1
vn 0 0 1
vn 0 0 1
vn 0 0 1
vn 0 0 1
vn 0 0 1
vn 0 0 1
f 687/687/687 681/681/681 688/688/688
f 687/687/687 689/689/689 686/686/686
f 689/689/689 687/687/687 688/688/688
f 684/684/684 689/689/689 682/682/682
f 683/683/683 685/685/685 684/684/684
f 684/684/684 685/685/685 686/686/686
f 689/689/689 684/684/684 686/686/686
f 708/708/708 698/698/698 697/697/697 706/706/706
f 698/698/698 700/700/700 699/699/699 697/697/697
f 697/697/697 699/699/699 702/702/702 701/701/701
f 706/706/706 697/697/697 701/701/701 707/707/707
f 696/696/696 690/690/690 702/702/702
f 694/694/694 702/702/702 690/690/690
f 702/702/702 694/694/694 701/701/701
f 707/707/707 701/701/701 694/694/694
f 695/695/695 696/696/696 702/702/702 699/699/699
f 691/691/691 695/695/695 700/700/700
f 699/699/699 700/700/700 695/695/695
f 693/693/693 691/691/691 700/700/700
f 704/704/704 706/706/706 707/707/707
f 707/707/707 703/703/703 704/704/704
f 703/703/703 707/707/707 694/694/694
f 705/705/705 706/706/706 704/704/704
f 700/700/700 698/698/698 693/693/693
f 708/708/708 693/693/693 698/698/698
f 692/692/692 708/708/708 705/705/705
f 693/693/693 708/708/708 692/692/692
f 708/708/708 706/706/706 705/705/705
f 725/725/725 717/717/717 716/716/716 723/723/723
f 717/717/717 719/719/719 718/718/718 716/716/716
f 716/716/716 718/718/718 721/721/721 720/720/720
f 723/723/723 716/716/716 720/720/720 724/724/724
f 713/713/713 709/709/709 721/721/721 718/718/718
f 715/715/715 721/721/721 709/709/709
f 721/721/721 715/715/715 720/720/720
f 724/724/724 720/720/720 715/715/715
f 719/719/719 710/710/710 713/713/713
f 713/713/713 718/718/718 719/719/719
f 714/714/714 710/710/710 719/719/719
f 722/722/722 723/723/723 724/724/724
f 724/724/724 711/711/711 722/722/722
f 711/711/711 724/724/724 715/715/715
f 725/725/725 723/723/723 722/722/722
f 719/719/719 717/717/717 714/714/714
f 725/725/725 714/714/714 717/717/717
f 714/714/714 725/725/725 712/712/712
f 722/722/722 712/712/712 725/725/725
f 732/732/732 733/733/733 726/726/726
f 732/732/732 731/731/731 734/734/734
f 734/734/734 733/733/733 732/732/732
f 729/729/729 727/727/727 734/734/734
f 728/728/728 729/729/729 730/730/730
f 729/729/729 731/731/731 730/730/730
f 734/734/734 731/731/731 729/729/729
usemtl diffuse_0
v 32.72796630859375 -220.10397338867188 -0.375
v 37.903045654296875 -214.29988098144531 -0.375
v 40.5291748046875 -216.92601013183594 -0.375
v 41.722049713134766 -215.73313903808594 -0.375
v 44.024333953857422 -217.88111877441406 -0.375
v 48.008018493652344 -213.42567443847656 -0.375
v 40.365505218505859 -205.78315734863281 -0.375
v 33.439723968505859 -212.70893859863281 -0.375
v 29.756780624389648 -216.84791564941406 -0.375
vt 0.83720642328262329 1
vt 0.55365961790084839 0.59470909833908081
vt 0.40977177023887634 0.7780877947807312
vt 0.34441334009170532 0.69479137659072876
vt 0.21826921403408051 0.84478181600570679
vt 0 0.5336650013923645
vt 0.41873949766159058 0
vt 0.79820865392684937 0.48361667990684509
vt 1 0.77263504266738892
vn 0 0 1
vn 0 0 1
vn 0 0 1
vn 0 0 1
vn 0 0 1
vn 0 0 1
vn 0 0 1
vn 0 0 1
vn 0 0 1
f 739/739/739 740/740/740 738/738/738
f 736/736/736 738/738/738 740/740/740
f 737/737/737 738/738/738 736/736/736
f 736/736/736 741/741/741 742/742/742
f 735/735/735 736/736/736 743/743/743
f 742/742/742 743/743/743 736/736/736
f 740/740/740 741/741/741 736/736/736
usemtl diffuse_0
v 24.052148818969727 -214.94148254394531 -0.375
v 28.272504806518555 -218.52090454101563 -0.375
v 29.756780624389648 -216.84791564941406 -0.375
v 25.441003799438477 -212.3961181640625 -0.375
v 25.441003799438477 -215.45851135253906 -0.375
v 29.440362930297852 -212.3961181640625 -0.375
v 29.440362930297852 -215.45851135253906 -0.375
v 33.439723968505859 -212.70893859863281 -0.375
v 29.542821884155273 -208.49156188964844 -0.375
v 26.838031768798828 -206.41586303710938 -0.375
v 23.916093826293945 -206.27134704589844 -0.375
v 18.177204132080078 -207.07249450683594 -0.375
v 18.797260284423828 -211.75187683105469 -0.375
v 17.442285537719727 -211.83308410644531 -0.375
v 21.441644668579102 -212.3961181640625 -0.375
v 25.441003799438477 -209.333740234375 -0.375
v 21.441644668579102 -209.333740234375 -0.375
v 18.493320465087891 -213.69123840332031 -0.375
v 21.0072021484375 -218.12796020507813 -0.375
vt 0.58681738376617432 0.70779240131378174
vt 0.32300281524658203 1
vt 0.23022076487541199 0.86342519521713257
vt 0.5 0.5
vt 0.5 0.75
vt 0.25 0.5
vt 0.25 0.75
vt 0 0.52553701400756836
vt 0.24359531700611115 0.18124885857105255
vt 0.4126717746257782 0.011796631850302219
vt 0.5953221321105957 0
vt 0.95406031608581543 0.065401218831539154
vt 0.91530060768127441 0.44740581512451172
vt 1 0.45403635501861572
vt 0.75 0.5
vt 0.5 0.25
vt 0.75 0.25
vt 0.9342997670173645 0.6057279109954834
vt 0.77715712785720825 0.96792244911193848
vn 0 0 1
vn 0 0 1
vn 0 0 1
vn 0 0 1
vn 0 0 1
vn 0 0 1
vn 0 0 1
vn 0 0 1
vn 0 0 1
vn 0 0 1
vn 0 0 1
vn 0 0 1
vn 0 0 1
vn 0 0 1
vn 0 0 1
vn 0 0 1
vn 0 0 1
vn 0 0 1
vn 0 0 1
f 748/748/748 750/750/750 749/749/749 747/747/747
f 758/758/758 747/747/747 759/759/759 760/760/760
f 751/751/751 752/752/752 749/749/749
f 759/759/759 749/749/749 752/752/752
f 752/752/752 753/753/753 759/759/759
f 754/754/754 759/759/759 753/753/753
f 747/747/747 749/749/749 759/759/759
f 750/750/750 746/746/746 751/751/751
f 750/750/750 748/748/748 746/746/746
f 749/749/749 750/750/750 751/751/751
f 745/745/745 746/746/746 748/748/748
f 755/755/755 760/760/760 754/754/754
f 760/760/760 755/755/755 756/756/756
f 761/761/761 756/756/756 757/757/757
f 758/758/758 760/760/760 756/756/756
f 744/744/744 748/748/748 747/747/747
f 744/744/744 761/761/761 762/762/762
f 756/756/756 761/761/761 758/758/758
f 758/758/758 761/761/761 744/744/744
f 747/747/747 758/758/758 744/744/744
f 748/748/748 744/744/744 745/745/745
f 754/754/754 760/760/760 759/759/759
usemtl diffuse_0
v 18.797260284423828 -211.75187683105469 -0.375
v 18.177204132080078 -207.07249450683594 -0.375
v 17.141647338867188 -207.16452026367188 -0.375
v 13.510743141174316 -210.08590698242188 -0.375
v 13.510743141174316 -208.57919311523438 -0.375
v 16.154001235961914 -210.08590698242188 -0.375
v 16.154001235961914 -208.57919311523438 -0.375
v 9.8810415267944336 -207.7733154296875 -0.375
v 8.2241897583007813 -207.92056274414063 -0.375
v 8.6907787322998047 -213.09933471679688 -0.375
v 13.066533088684082 -212.46621704101563 -0.375
v 17.442285537719727 -211.83308410644531 -0.375
v 13.510743141174316 -211.59262084960938 -0.375
v 16.154001235961914 -211.59262084960938 -0.375
vt 0 0.77642261981964111
vt 0.058645047247409821 0
vt 0.15658813714981079 0.015270870178937912
vt 0.5 0.5
vt 0.5 0.25
vt 0.25 0.5
vt 0.25 0.25
vt 0.84329813718795776 0.11628372967243195
vt 1 0.1408548504114151
vt 0.95587337017059326 1
vt 0.54201352596282959 0.89494955539703369
vt 0.12815371155738831 0.78989911079406738
vt 0.5 0.75
vt 0.25 0.75
vn 0 0 1
vn 0 0 1
vn 0 0 1
vn 0 0 1
vn 0 0 1
vn 0 0 1
vn 0 0 1
vn 0 0 1
vn 0 0 1
vn 0 0 1
vn 0 0 1
vn 0 0 1
vn 0 0 1
vn 0 0 1
f 775/775/775 776/776/776 768/768/768 766/766/766
f 766/766/766 768/768/768 769/769/769 767/767/767
f 769/769/769 764/764/764 765/765/765
f 767/767/767 769/769/769 765/765/765
f 763/763/763 764/764/764 769/769/769
f 768/768/768 774/774/774 763/763/763
f 774/774/774 768/768/768 776/776/776
f 768/768/768 763/763/763 769/769/769
f 773/773/773 774/774/774 776/776/776
f 770/770/770 766/766/766 767/767/767
f 765/765/765 770/770/770 767/767/767
f 771/771/771 766/766/766 770/770/770
f 772/772/772 775/775/775 766/766/766
f 775/775/775 772/772/772 773/773/773
f 772/772/772 766/766/766 771/771/771
f 776/776/776 775/775/775 773/773/773
usemtl diffuse_0
v 33.439723968505859 -212.70893859863281 -0.375
v 36.902614593505859 -209.24604797363281 -0.375
v 40.365505218505859 -205.78315734863281 -0.375
v 35.671039581298828 -201.23112487792969 -0.375
v 32.606929779052734 -204.86134338378906 -0.375
v 29.542821884155273 -208.49156188964844 -0.375
vt 0.63993209600448608 1
vt 0.31996604800224304 0.69829702377319336
vt 0 0.39659407734870911
vt 0.43376177549362183 0
vt 0.71688085794448853 0.31628149747848511
vt 1 0.63256299495697021
vn 0 0 1
vn 0 0 1
vn 0 0 1
vn 0 0 1
vn 0 0 1
vn 0 0 1
f 778/778/778 779/779/779 780/780/780
f 781/781/781 778/778/778 780/780/780
f 777/777/777 778/778/778 782/782/782
f 781/781/781 782/782/782 778/778/778
usemtl diffuse_0
v 71.969009399414063 -198.5382080078125 -0.375
v 68.582656860351563 -194.99754333496094 -0.375
v 65.196304321289063 -191.45689392089844 -0.375
v 61.297210693359375 -195.35597229003906 -0.375
v 64.919464111328125 -198.8179931640625 -0.375
v 68.541709899902344 -202.27999877929688 -0.375
vt 0 0.65427660942077637
vt 0.31731805205345154 0.32713830471038818
vt 0.63463610410690308 0
vt 1 0.36025571823120117
vt 0.66057735681533813 0.68012785911560059
vt 0.32115468382835388 1
vn 0 0 1
vn 0 0 1
vn 0 0 1
vn 0 0 1
vn 0 0 1
vn 0 0 1
f 787/787/787 788/788/788 783/783/783
f 784/784/784 787/787/787 783/783/783
f 787/787/787 785/785/785 786/786/786
f 784/784/784 785/785/785 787/787/787
usemtl diffuse_0
v 54.622982025146484 -200.69355773925781 -0.375
v 58.998195648193359 -204.8729248046875 -0.375
v 63.373409271240234 -209.05229187011719 -0.375
v 66.86553955078125 -205.38719177246094 -0.375
v 62.487354278564453 -201.21078491210938 -0.375
v 58.109172821044922 -197.03437805175781 -0.375
vt 1 0.3044765293598175
vt 0.64262247085571289 0.65223824977874756
vt 0.28524497151374817 1
vt 0 0.69502967596054077
vt 0.35761988162994385 0.34751483798027039
vt 0.7152397632598877 0
vn 0 0 1
vn 0 0 1
vn 0 0 1
vn 0 0 1
vn 0 0 1
vn 0 0 1
f 790/790/790 791/791/791 792/792/792
f 793/793/793 790/790/790 792/792/792
f 790/790/790 793/793/793 789/789/789
f 794/794/794 789/789/789 793/793/793
usemtl diffuse_0
v 62.969429016113281 -208.96878051757813 -0.375
v 59.907657623291016 -205.98416137695313 -0.375
v 56.84588623046875 -202.99954223632813 -0.375
v 52.307327270507813 -207.69535827636719 -0.375
v 55.252632141113281 -210.71781921386719 -0.375
v 58.197940826416016 -213.74028015136719 -0.375
vt 0 0.55575746297836304
vt 0.28716391324996948 0.27787873148918152
vt 0.57432782649993896 0
vt 1 0.43719688057899475
vt 0.72375929355621338 0.71859842538833618
vt 0.44751855731010437 1
vn 0 0 1
vn 0 0 1
vn 0 0 1
vn 0 0 1
vn 0 0 1
vn 0 0 1
f 799/799/799 800/800/800 795/795/795
f 796/796/796 799/799/799 795/795/795
f 796/796/796 798/798/798 799/799/799
f 797/797/797 798/798/798 796/796/796
usemtl diffuse_0
v 18.177204132080078 -207.07249450683594 -0.375
v 23.916093826293945 -206.27134704589844 -0.375
v 23.189395904541016 -201.02241516113281 -0.375
v 22.462697982788086 -195.77349853515625 -0.375
v 15.694036483764648 -196.70805358886719 -0.375
v 16.417842864990234 -201.93629455566406 -0.375
v 17.141647338867188 -207.16452026367188 -0.375
v 19.805065155029297 -201.46900939941406 -0.375
v 19.805065155029297 -204.3167724609375 -0.375
v 17.749551773071289 -201.46900939941406 -0.375
v 17.749551773071289 -204.3167724609375 -0.375
vt 0.6979871392250061 0.9919203519821167
vt 0 0.92159003019332886
vt 0.088383942842483521 0.46079501509666443
vt 0.17676788568496704 0
vt 1 0.082043714821338654
vt 0.91196781396865845 0.54102188348770142
vt 0.82393556833267212 1
vt 0.5 0.5
vt 0.5 0.75
vt 0.75 0.5
vt 0.75 0.75
vn 0 0 1
vn 0 0 1
vn 0 0 1
vn 0 0 1
vn 0 0 1
vn 0 0 1
vn 0 0 1
vn 0 0 1
vn 0 0 1
vn 0 0 1
vn 0 0 1
f 811/811/811 809/809/809 808/808/808 810/810/810
f 808/808/808 803/803/803 804/804/804
f 802/802/802 803/803/803 809/809/809
f 808/808/808 809/809/809 803/803/803
f 801/801/801 802/802/802 809/809/809
f 808/808/808 804/804/804 805/805/805
f 806/806/806 810/810/810 805/805/805
f 808/808/808 805/805/805 810/810/810
f 811/811/811 810/810/810 806/806/806
f 807/807/807 801/801/801 811/811/811
f 811/811/811 801/801/801 809/809/809
f 806/806/806 807/807/807 811/811/811
usemtl diffuse_0
v 17.141647338867188 -207.16452026367188 -0.375
v 16.417842864990234 -201.93629455566406 -0.375
v 15.694036483764648 -196.70805358886719 -0.375
v 8.5319385528564453 -197.34413146972656 -0.375
v 9.2064895629882813 -202.55873107910156 -0.375
v 9.8810415267944336 -207.7733154296875 -0.375
vt 0 0.94498193264007568
vt 0.084068566560745239 0.47249096632003784
vt 0.16813713312149048 0
vt 1 0.057484660297632217
vt 0.92165225744247437 0.52874231338500977
vt 0.84330451488494873 1
vn 0 0 1
vn 0 0 1
vn 0 0 1
vn 0 0 1
vn 0 0 1
vn 0 0 1
f 813/813/813 817/817/817 812/812/812
f 814/814/814 816/816/816 813/813/813
f 817/817/817 813/813/813 816/816/816
f 815/815/815 816/816/816 814/814/814
usemtl diffuse_0
v 29.542821884155273 -208.49156188964844 -0.375
v 35.671039581298828 -201.23112487792969 -0.375
v 36.466739654541016 -200.29389953613281 -0.375
v 31.652385711669922 -201.84449768066406 -0.375
v 31.652385711669922 -198.52095031738281 -0.375
v 34.059562683105469 -201.84449768066406 -0.375
v 34.059562683105469 -198.52095031738281 -0.375
v 31.215951919555664 -195.19741821289063 -0.375
v 29.02699089050293 -200.806640625 -0.375
v 26.838031768798828 -206.41586303710938 -0.375
vt 0.71909105777740479 1
vt 0.082638353109359741 0.45386216044425964
vt 0 0.38336288928985596
vt 0.5 0.5
vt 0.5 0.25
vt 0.25 0.5
vt 0.25 0.25
vt 0.54532629251480103 0
vt 0.7726631760597229 0.42193135619163513
vt 1 0.84386271238327026
vn 0 0 1
vn 0 0 1
vn 0 0 1
vn 0 0 1
vn 0 0 1
vn 0 0 1
vn 0 0 1
vn 0 0 1
vn 0 0 1
vn 0 0 1
f 821/821/821 823/823/823 824/824/824 822/822/822
f 825/825/825 822/822/822 824/824/824
f 820/820/820 824/824/824 819/819/819
f 823/823/823 819/819/819 824/824/824
f 818/818/818 819/819/819 823/823/823
f 825/825/825 824/824/824 820/820/820
f 822/822/822 826/826/826 821/821/821
f 821/821/821 826/826/826 818/818/818
f 827/827/827 818/818/818 826/826/826
f 823/823/823 821/821/821 818/818/818
f 825/825/825 826/826/826 822/822/822
usemtl diffuse_0
v 31.215951919555664 -195.19741821289063 -0.375
v 26.838031768798828 -206.41586303710938 -0.375
v 29.02699089050293 -200.806640625 -0.375
v 26.839324951171875 -195.48545837402344 -0.375
v 22.462697982788086 -195.77349853515625 -0.375
v 23.189395904541016 -201.02241516113281 -0.375
v 23.916093826293945 -206.27134704589844 -0.375
vt 0 0
vt 0.50014770030975342 1
vt 0.25007385015487671 0.5
vt 0.5 0.025675453245639801
vt 1 0.051350906491279602
vt 0.91697967052459717 0.51923501491546631
vt 0.83395934104919434 0.98711913824081421
vn 0 0 1
vn 0 0 1
vn 0 0 1
vn 0 0 1
vn 0 0 1
vn 0 0 1
vn 0 0 1
f 830/830/830 828/828/828 831/831/831
f 833/833/833 830/830/830 831/831/831
f 830/830/830 833/833/833 829/829/829
f 833/833/833 834/834/834 829/829/829
f 832/832/832 833/833/833 831/831/831
usemtl diffuse_0
v 21.0072021484375 -218.12796020507813 -0.375
v 18.493320465087891 -213.69123840332031 -0.375
v 16.171953201293945 -221.98414611816406 -0.375
v 13.313532829284668 -217.25918579101563 -0.375
v 8.1337442398071289 -220.82713317871094 -0.375
v 12.395806312561035 -225.55209350585938 -0.375
v 16.657869338989258 -230.27706909179688 -0.375
v 23.300830841064453 -224.23165893554688 -0.375
v 24.210163116455078 -223.52676391601563 -0.375
v 16.171953201293945 -226.130615234375 -0.375
v 20.191059112548828 -221.98414611816406 -0.375
v 20.191059112548828 -226.130615234375 -0.375
v 20.191059112548828 -224.05738830566406 -0.375
v 22.200611114501953 -221.98414611816406 -0.375
v 22.200611114501953 -224.05738830566406 -0.375
v 16.171953201293945 -217.83769226074219 -0.375
vt 0.19923356175422668 0.26750075817108154
vt 0.35560420155525208 0
vt 0.5 0.5
vt 0.67780208587646484 0.21512001752853394
vt 1 0.43024003505706787
vt 0.73488736152648926 0.71512001752853394
vt 0.46977469325065613 1
vt 0.056563109159469604 0.63550788164138794
vt 0 0.59300756454467773
vt 0.5 0.75
vt 0.25 0.5
vt 0.25 0.75
vt 0.25 0.625
vt 0.125 0.5
vt 0.125 0.625
vt 0.5 0.25
vn 0 0 1
vn 0 0 1
vn 0 0 1
vn 0 0 1
vn 0 0 1
vn 0 0 1
vn 0 0 1
vn 0 0 1
vn 0 0 1
vn 0 0 1
vn 0 0 1
vn 0 0 1
vn 0 0 1
vn 0 0 1
vn 0 0 1
vn 0 0 1
f 847/847/847 849/849/849 848/848/848 845/845/845
f 847/847/847 845/845/845 837/837/837
f 844/844/844 846/846/846 847/847/847
f 837/837/837 844/844/844 847/847/847
f 850/850/850 837/837/837 845/845/845
f 848/848/848 842/842/842 843/843/843
f 835/835/835 848/848/848 843/843/843
f 848/848/848 835/835/835 845/845/845
f 850/850/850 845/845/845 835/835/835
f 846/846/846 842/842/842 849/849/849
f 848/848/848 849/849/849 842/842/842
f 849/849/849 847/847/847 846/846/846
f 841/841/841 842/842/842 846/846/846
f 838/838/838 850/850/850 836/836/836
f 837/837/837 850/850/850 838/838/838
f 839/839/839 837/837/837 838/838/838
f 846/846/846 844/844/844 841/841/841
f 841/841/841 844/844/844 840/840/840
f 837/837/837 840/840/840 844/844/844
f 840/840/840 837/837/837 839/839/839
f 835/835/835 836/836/836 850/850/850
usemtl diffuse_0
v 18.493320465087891 -213.69123840332031 -0.375
v 17.442285537719727 -211.83308410644531 -0.375
v 8.6907787322998047 -213.09933471679688 -0.375
v 4.5528573989868164 -216.45098876953125 -0.375
v 8.1337442398071289 -220.82713317871094 -0.375
v 13.313532829284668 -217.25918579101563 -0.375
vt 0 0.20659829676151276
vt 0.07539454847574234 0
vt 0.70317184925079346 0.14078734815120697
vt 1 0.51344037055969238
vt 0.74313002824783325 1
vt 0.37156501412391663 0.60329914093017578
vn 0 0 1
vn 0 0 1
vn 0 0 1
vn 0 0 1
vn 0 0 1
vn 0 0 1
f 853/853/853 856/856/856 851/851/851
f 852/852/852 853/853/853 851/851/851
f 856/856/856 854/854/854 855/855/855
f 853/853/853 854/854/854 856/856/856
usemtl diffuse_0
v 1.8510349988937378 -208.49104309082031 -0.375
v 9.8810415267944336 -207.7733154296875 -0.375
v 9.2064895629882813 -202.55873107910156 -0.375
v 8.5319385528564453 -197.34413146972656 -0.375
v 2.644711971282959 -197.66459655761719 -0.375
v 2.2478735446929932 -203.07781982421875 -0.375
v 8.2241897583007813 -207.92056274414063 -0.375
vt 1 1
vt 0 0.93561220169067383
vt 0.084003821015357971 0.46780610084533691
vt 0.16800764203071594 0
vt 0.9011610746383667 0.028748547658324242
vt 0.95058053731918335 0.5143742561340332
vt 0.20632785558700562 0.94889718294143677
vn 0 0 1
vn 0 0 1
vn 0 0 1
vn 0 0 1
vn 0 0 1
vn 0 0 1
vn 0 0 1
f 861/861/861 859/859/859 860/860/860
f 863/863/863 858/858/858 859/859/859
f 859/859/859 862/862/862 863/863/863
f 862/862/862 857/857/857 863/863/863
f 861/861/861 862/862/862 859/859/859
usemtl diffuse_0
v 1.8510349988937378 -208.49104309082031 -0.375
v 1.6919331550598145 -212.62864685058594 -0.375
v 4.5528573989868164 -216.45098876953125 -0.375
v 8.6907787322998047 -213.09933471679688 -0.375
v 8.2241897583007813 -207.92056274414063 -0.375
v 5.0376124382019043 -208.20579528808594 -0.375
vt 0.97726738452911377 0.066783681511878967
vt 1 0.55187267065048218
vt 0.5912291407585144 1
vt 0 0.60705578327178955
vt 0.066661283373832703 0
vt 0.52196437120437622 0.033391840755939484
vn 0 0 1
vn 0 0 1
vn 0 0 1
vn 0 0 1
vn 0 0 1
vn 0 0 1
f 869/869/869 867/867/867 868/868/868
f 866/866/866 867/867/867 869/869/869
f 866/866/866 869/869/869 865/865/865
f 864/864/864 865/865/865 869/869/869
usemtl diffuse_0
v 54.687557220458984 -252.85282897949219 -0.375
v 58.233970642089844 -249.47938537597656 -0.375
v 53.477809906005859 -244.48583984375 -0.375
v 48.721649169921875 -239.49229431152344 -0.375
v 45.175235748291016 -242.86572265625 -0.375
v 49.931396484375 -247.85928344726563 -0.375
vt 0.2715739905834198 1
vt 0 0.74750751256942749
vt 0.36421301960945129 0.37375375628471375
vt 0.72842603921890259 0
vt 1 0.2524925172328949
vt 0.63578701019287109 0.62624627351760864
vn 0 0 1
vn 0 0 1
vn 0 0 1
vn 0 0 1
vn 0 0 1
vn 0 0 1
f 870/870/870 871/871/871 872/872/872
f 875/875/875 870/870/870 872/872/872
f 874/874/874 875/875/875 873/873/873
f 872/872/872 873/873/873 875/875/875
usemtl diffuse_0
v 66.397789001464844 -248.84800720214844 -0.375
v 70.849105834960938 -244.30233764648438 -0.375
v 68.175651550292969 -241.67636108398438 -0.375
v 70.834541320800781 -238.97029113769531 -0.375
v 65.1151123046875 -233.35174560546875 -0.375
v 59.395683288574219 -227.73321533203125 -0.375
v 52.265743255615234 -234.98895263671875 -0.375
v 59.331768035888672 -241.91847229003906 -0.375
vt 0.23953236639499664 1
vt 0 0.78471636772155762
vt 0.14386296272277832 0.66034954786300659
vt 0.00078387738903984427 0.53218978643417358
vt 0.30855530500411987 0.26609489321708679
vt 0.61632674932479858 0
vt 1 0.34363311529159546
vt 0.61976617574691772 0.67181658744812012
vn 0 0 1
vn 0 0 1
vn 0 0 1
vn 0 0 1
vn 0 0 1
vn 0 0 1
vn 0 0 1
vn 0 0 1
f 880/880/880 878/878/878 879/879/879
f 878/878/878 876/876/876 877/877/877
f 876/876/876 878/878/878 883/883/883
f 883/883/883 880/880/880 881/881/881
f 881/881/881 882/882/882 883/883/883
f 878/878/878 880/880/880 883/883/883
usemtl diffuse_0
v 48.162391662597656 -267.7281494140625 -0.375
v 51.325733184814453 -264.51763916015625 -0.375
v 44.577182769775391 -257.89962768554688 -0.375
v 37.828632354736328 -251.28166198730469 -0.375
v 34.665290832519531 -254.49217224121094 -0.375
v 41.413841247558594 -261.11016845703125 -0.375
vt 0.18987131118774414 1
vt 0 0.804790198802948
vt 0.40506434440612793 0.402395099401474
vt 0.81012868881225586 0
vt 1 0.19520978629589081
vt 0.59493565559387207 0.59760487079620361
vn 0 0 1
vn 0 0 1
vn 0 0 1
vn 0 0 1
vn 0 0 1
vn 0 0 1
f 889/889/889 884/884/884 885/885/885
f 886/886/886 889/889/889 885/885/885
f 889/889/889 886/886/886 888/888/888
f 887/887/887 888/888/888 886/886/886
usemtl diffuse_0
v -11.928532600402832 -236.26615905761719 -0.375
v -6.1966471672058105 -241.998046875 -0.375
v -3.5705161094665527 -244.62417602539063 -0.375
v -1.2619223594665527 -242.31558227539063 -0.375
v -0.62097609043121338 -241.67463684082031 -0.375
v -3.4478652477264404 -241.77947998046875 -0.375
v -2.0344207286834717 -241.77947998046875 -0.375
v -3.4478652477264404 -240.35713195800781 -0.375
v -2.0344207286834717 -240.35713195800781 -0.375
v -4.764376163482666 -237.46002197265625 -0.375
v -8.9077768325805664 -233.24539184570313 -0.375
vt 1 0.26547291874885559
vt 0.49309247732162476 0.76920783519744873
vt 0.26084679365158081 1
vt 0.056683007627725601 0.79711401462554932
vt 0 0.74078577756881714
vt 0.25 0.75
vt 0.125 0.75
vt 0.25 0.625
vt 0.125 0.625
vt 0.36642754077911377 0.37039288878440857
vt 0.73285508155822754 0
vn 0 0 1
vn 0 0 1
vn 0 0 1
vn 0 0 1
vn 0 0 1
vn 0 0 1
vn 0 0 1
vn 0 0 1
vn 0 0 1
vn 0 0 1
vn 0 0 1
f 895/895/895 896/896/896 898/898/898 897/897/897
f 899/899/899 897/897/897 898/898/898
f 893/893/893 894/894/894 896/896/896
f 898/898/898 896/896/896 894/894/894
f 892/892/892 893/893/893 896/896/896
f 899/899/899 898/898/898 894/894/894
f 890/890/890 899/899/899 900/900/900
f 891/891/891 899/899/899 890/890/890
f 892/892/892 895/895/895 891/891/891
f 891/891/891 895/895/895 897/897/897
f 896/896/896 895/895/895 892/892/892
f 899/899/899 891/891/891 897/897/897
usemtl diffuse_0
v -12.721186637878418 -235.6278076171875 -0.375
v -20.833484649658203 -244.22758483886719 -0.375
v -15.500909805297852 -249.95777893066406 -0.375
v -10.168334007263184 -255.68798828125 -0.375
v -3.1684169769287109 -249.631591796875 -0.375
v -8.1847677230834961 -243.98616027832031 -0.375
v -6.1966471672058105 -241.998046875 -0.375
vt 0.5407717227935791 0
vt 1 0.42869916558265686
vt 0.69812881946563721 0.71434956789016724
vt 0.39625757932662964 1
vt 0 0.69808864593505859
vt 0.28397008776664734 0.41666409373283386
vt 0.17142477631568909 0.31755629181861877
vn 0 0 1
vn 0 0 1
vn 0 0 1
vn 0 0 1
vn 0 0 1
vn 0 0 1
vn 0 0 1
f 901/901/901 906/906/906 907/907/907
f 904/904/904 905/905/905 906/906/906
f 906/906/906 902/902/902 903/903/903
f 903/903/903 904/904/904 906/906/906
f 902/902/902 906/906/906 901/901/901
usemtl diffuse_0
v -0.62097609043121338 -241.67463684082031 -0.375
v 8.3670930862426758 -233.00106811523438 -0.375
v -0.78206992149353027 -223.53143310546875 -0.375
v -9.6959714889526367 -232.44532775878906 -0.375
v -8.9077768325805664 -233.24539184570313 -0.375
vt 0.49759382009506226 1
vt 0 0.52193862199783325
vt 0.50651222467422485 0
vt 1 0.49130815267562866
vt 0.95636427402496338 0.53540533781051636
vn 0 0 1
vn 0 0 1
vn 0 0 1
vn 0 0 1
vn 0 0 1
f 912/912/912 908/908/908 909/909/909
f 912/912/912 910/910/910 911/911/911
f 909/909/909 910/910/910 912/912/912
usemtl diffuse_0
v 9.6416397094726563 -265.59890747070313 -0.375
v 13.458699226379395 -261.45159912109375 -0.375
v 9.4073305130004883 -257.75039672851563 -0.375
v 5.3559613227844238 -254.04916381835938 -0.375
v 1.5329669713973999 -258.202392578125 -0.375
v 5.5873031616210938 -261.900634765625 -0.375
vt 0.32006919384002686 1
vt 0 0.64091891050338745
vt 0.3397165834903717 0.32045945525169373
vt 0.67943316698074341 0
vt 1 0.3595949113368988
vt 0.66003459692001343 0.6797974705696106
vn 0 0 1
vn 0 0 1
vn 0 0 1
vn 0 0 1
vn 0 0 1
vn 0 0 1
f 918/918/918 913/913/913 914/914/914
f 915/915/915 918/918/918 914/914/914
f 918/918/918 915/915/915 917/917/917
f 916/916/916 917/917/917 915/915/915
usemtl diffuse_0
v 3.9086992740631104 -271.96084594726563 -0.375
v 9.3978652954101563 -265.98419189453125 -0.375
v 4.4297575950622559 -261.28909301757813 -0.375
v -0.53835028409957886 -256.59396362304688 -0.375
v -5.236727237701416 -261.93710327148438 -0.375
v -0.66401392221450806 -266.948974609375 -0.375
vt 0.37508156895637512 1
vt 0 0.6110692024230957
vt 0.33947703242301941 0.30553460121154785
vt 0.67895406484603882 0
vt 1 0.34770345687866211
vt 0.68754076957702637 0.67385172843933105
vn 0 0 1
vn 0 0 1
vn 0 0 1
vn 0 0 1
vn 0 0 1
vn 0 0 1
f 924/924/924 919/919/919 920/920/920
f 921/921/921 924/924/924 920/920/920
f 921/921/921 923/923/923 924/924/924
f 922/922/922 923/923/923 921/921/921
usemtl diffuse_0
v 7.732081413269043 -233.63607788085938 -0.375
v 3.2350795269012451 -237.975830078125 -0.375
v -1.2619223594665527 -242.31558227539063 -0.375
v 2.4836909770965576 -245.74072265625 -0.375
v 6.8605237007141113 -241.3638916015625 -0.375
v 11.237356185913086 -236.987060546875 -0.375
vt 0.28043815493583679 0
vt 0.64021909236907959 0.35851949453353882
vt 1 0.71703898906707764
vt 0.70033359527587891 1
vt 0.35016679763793945 0.63841688632965088
vt 0 0.27683377265930176
vn 0 0 1
vn 0 0 1
vn 0 0 1
vn 0 0 1
vn 0 0 1
vn 0 0 1
f 929/929/929 930/930/930 925/925/925
f 926/926/926 929/929/929 925/925/925
f 928/928/928 926/926/926 927/927/927
f 929/929/929 926/926/926 928/928/928
usemtl diffuse_0
v 15.930544853210449 -258.0362548828125 -0.375
v 19.747604370117188 -253.88894653320313 -0.375
v 15.696234703063965 -250.18772888183594 -0.375
v 11.644865989685059 -246.48651123046875 -0.375
v 7.8218717575073242 -250.63972473144531 -0.375
v 11.876208305358887 -254.33798217773438 -0.375
vt 0.32006919384002686 1
vt 0 0.64091891050338745
vt 0.3397165834903717 0.32045945525169373
vt 0.67943316698074341 0
vt 1 0.3595949113368988
vt 0.66003459692001343 0.6797974705696106
vn 0 0 1
vn 0 0 1
vn 0 0 1
vn 0 0 1
vn 0 0 1
vn 0 0 1
f 936/936/936 931/931/931 932/932/932
f 933/933/933 936/936/936 932/932/932
f 936/936/936 933/933/933 935/935/935
f 934/934/934 935/935/935 933/933/933
usemtl diffuse_0
v 20.861301422119141 -254.64656066894531 -0.375
v 24.678361892700195 -250.49928283691406 -0.375
v 20.229928970336914 -246.40098571777344 -0.375
v 15.781494140625 -242.30270385742188 -0.375
v 11.958499908447266 -246.4559326171875 -0.375
v 16.409900665283203 -250.55125427246094 -0.375
vt 0.30008655786514282 1
vt 0 0.66402000188827515
vt 0.34972342848777771 0.33201000094413757
vt 0.69944685697555542 0
vt 1 0.33646073937416077
vt 0.6500433087348938 0.66823035478591919
vn 0 0 1
vn 0 0 1
vn 0 0 1
vn 0 0 1
vn 0 0 1
vn 0 0 1
f 942/942/942 937/937/937 938/938/938
f 939/939/939 942/942/942 938/938/938
f 942/942/942 939/939/939 941/941/941
f 940/940/940 941/941/941 939/939/939
usemtl diffuse_0
v 40.365505218505859 -205.78315734863281 -0.375
v 44.186759948730469 -209.60441589355469 -0.375
v 48.008018493652344 -213.42567443847656 -0.375
v 41.722049713134766 -215.73313903808594 -0.375
v 40.5291748046875 -216.92601013183594 -0.375
v 37.903045654296875 -214.29988098144531 -0.375
v 33.439723968505859 -212.70893859863281 -0.375
v 36.902614593505859 -209.24604797363281 -0.375
v 44.024333953857422 -217.88111877441406 -0.375
v 32.72796630859375 -220.10397338867188 -0.375
v 29.756780624389648 -216.84791564941406 -0.375
v 40.365505218505859 -205.78315734863281 -0.375
v 48.008018493652344 -213.42567443847656 -0.375
v 40.365505218505859 -205.78315734863281 10.095000267028809
v 48.008018493652344 -213.42567443847656 10.095000267028809
v 44.186759948730469 -209.60441589355469 -0.375
v 40.365505218505859 -205.78315734863281 4.8600001335144043
v 44.186759948730469 -209.60441589355469 10.095000267028809
v 48.008018493652344 -213.42567443847656 4.8600001335144043
v 48.008018493652344 -213.42567443847656 -0.375
v 44.024333953857422 -217.88111877441406 -0.375
v 48.008018493652344 -213.42567443847656 10.095000267028809
v 44.024333953857422 -217.88111877441406 10.095000267028809
v 48.008018493652344 -213.42567443847656 4.8600001335144043
v 44.024333953857422 -217.88111877441406 4.8600001335144043
v 44.024333953857422 -217.88111877441406 -0.375
v 41.722049713134766 -215.73313903808594 -0.375
v 44.024333953857422 -217.88111877441406 10.095000267028809
v 41.722049713134766 -215.73313903808594 10.095000267028809
v 44.024333953857422 -217.88111877441406 4.8600001335144043
v 41.722049713134766 -215.73313903808594 7.4774999618530273
v 41.722049713134766 -215.73313903808594 4.8600001335144043
v 41.722049713134766 -215.73313903808594 2.2425000667572021
v 41.722049713134766 -215.73313903808594 -0.375
v 40.5291748046875 -216.92601013183594 -0.375
v 41.722049713134766 -215.73313903808594 10.095000267028809
v 40.5291748046875 -216.92601013183594 10.095000267028809
v 41.722049713134766 -215.73313903808594 2.2425000667572021
v 41.722049713134766 -215.73313903808594 4.8600001335144043
v 41.722049713134766 -215.73313903808594 7.4774999618530273
v 40.5291748046875 -216.92601013183594 7.4774999618530273
v 40.5291748046875 -216.92601013183594 4.8600001335144043
v 40.5291748046875 -216.92601013183594 2.2425000667572021
v 40.5291748046875 -216.92601013183594 -0.375
v 37.903045654296875 -214.29988098144531 -0.375
v 40.5291748046875 -216.92601013183594 10.095000267028809
v 37.903045654296875 -214.29988098144531 10.095000267028809
v 40.5291748046875 -216.92601013183594 2.2425000667572021
v 40.5291748046875 -216.92601013183594 4.8600001335144043
v 40.5291748046875 -216.92601013183594 7.4774999618530273
v 37.903045654296875 -214.29988098144531 4.8600001335144043
v 37.903045654296875 -214.29988098144531 -0.375
v 32.72796630859375 -220.10397338867188 -0.375
v 37.903045654296875 -214.29988098144531 10.095000267028809
v 32.72796630859375 -220.10397338867188 10.095000267028809
v 37.903045654296875 -214.29988098144531 4.8600001335144043
v 32.72796630859375 -220.10397338867188 4.8600001335144043
v 32.72796630859375 -220.10397338867188 -0.375
v 29.756780624389648 -216.84791564941406 -0.375
v 32.72796630859375 -220.10397338867188 10.095000267028809
v 29.756780624389648 -216.84791564941406 10.095000267028809
v 32.72796630859375 -220.10397338867188 4.8600001335144043
v 29.756780624389648 -216.84791564941406 4.8600001335144043
v 29.756780624389648 -216.84791564941406 -0.375
v 33.439723968505859 -212.70893859863281 -0.375
v 29.756780624389648 -216.84791564941406 10.095000267028809
v 33.439723968505859 -212.70893859863281 10.095000267028809
v 29.756780624389648 -216.84791564941406 4.8600001335144043
v 33.439723968505859 -212.70893859863281 4.8600001335144043
v 33.439723968505859 -212.70893859863281 -0.375
v 40.365505218505859 -205.78315734863281 -0.375
v 33.439723968505859 -212.70893859863281 10.095000267028809
v 40.365505218505859 -205.78315734863281 10.095000267028809
v 36.902614593505859 -209.24604797363281 -0.375
v 40.365505218505859 -205.78315734863281 4.8600001335144043
v 33.439723968505859 -212.70893859863281 4.8600001335144043
v 36.902614593505859 -209.24604797363281 10.095000267028809
v 40.365505218505859 -205.78315734863281 10.095000267028809
v 44.186759948730469 -209.60441589355469 10.095000267028809
v 48.008018493652344 -213.42567443847656 10.095000267028809
v 44.024333953857422 -217.88111877441406 10.095000267028809
v 41.722049713134766 -215.73313903808594 10.095000267028809
v 40.5291748046875 -216.92601013183594 10.095000267028809
v 37.903045654296875 -214.29988098144531 10.095000267028809
v 32.72796630859375 -220.10397338867188 10.095000267028809
v 29.756780624389648 -216.84791564941406 10.095000267028809
v 33.439723968505859 -212.70893859863281 10.095000267028809
v 36.902614593505859 -209.24604797363281 10.095000267028809
vt 0.0042074928060173988 0.74724221229553223
vt 0.0042074928060173988 0.60030227899551392
vt 0.0042074928060173988 0.45336237549781799
vt 0.1688683032989502 0.52985578775405884
vt 0.21458213031291962 0.52985578775405884
vt 0.21458213031291962 0.63083922863006592
vt 0.26962068676948547 0.74724221229553223
vt 0.13691408932209015 0.74724221229553223
vt 0.16591167449951172 0.44429200887680054
vt 0.42495676875114441 0.61874538660049438
vt 0.41949841380119324 0.73847419023513794
vt 0.43062910437583923 0.56937086582183838
vt 0.43062910437583923 0.863250732421875
vt 0.71384972333908081 0.56937086582183838
vt 0.71384972333908081 0.863250732421875
vt 0.43062910437583923 0.71631079912185669
vt 0.57223939895629883 0.56937086582183838
vt 0.71384972333908081 0.71631079912185669
vt 0.57223939895629883 0.863250732421875
vt 0.71531456708908081 0.72001558542251587
vt 0.71531456708908081 0.88106018304824829
vt 0.99853515625 0.72001558542251587
vt 0.99853515625 0.88106018304824829
vt 0.85692483186721802 0.72001558542251587
vt 0.85692483186721802 0.88106018304824829
vt 0.59240394830703735 0
vt 0.50678879022598267 0
vt 0.59240394830703735 0.28322058916091919
vt 0.50678879022598267 0.28322058916091919
vt 0.59240394830703735 0.14161029458045959
vt 0.50678879022598267 0.21241545677185059
vt 0.50678879022598267 0.14161029458045959
vt 0.50678879022598267 0.070805147290229797
vt 0.47649899125099182 0
vt 0.43062910437583923 0
vt 0.47649899125099182 0.28322058916091919
vt 0.43062910437583923 0.28322058916091919
vt 0.47649899125099182 0.070805147290229797
vt 0.47649899125099182 0.14161029458045959
vt 0.47649899125099182 0.21241545677185059
vt 0.43062910437583923 0.21241545677185059
vt 0.43062910437583923 0.14161029458045959
vt 0.43062910437583923 0.070805147290229797
vt 0.53161251544952393 0.28468543291091919
vt 0.43062910437583923 0.28468543291091919
vt 0.53161251544952393 0.56790602207183838
vt 0.43062910437583923 0.56790602207183838
vt 0.53161251544952393 0.35549059510231018
vt 0.53161251544952393 0.42629575729370117
vt 0.53161251544952393 0.49710088968276978
vt 0.43062910437583923 0.42629575729370117
vt 0.86037808656692505 0
vt 0.64893925189971924 0
vt 0.86037808656692505 0.28322058916091919
vt 0.64893925189971924 0.28322058916091919
vt 0.86037808656692505 0.14161029458045959
vt 0.64893925189971924 0.14161029458045959
vt 0.66850888729095459 0.28468543291091919
vt 0.54865485429763794 0.28468543291091919
vt 0.66850888729095459 0.56790602207183838
vt 0.54865485429763794 0.56790602207183838
vt 0.66850888729095459 0.42629575729370117
vt 0.54865485429763794 0.42629575729370117
vt 0.71531456708908081 0.56937086582183838
vt 0.71531456708908081 0.71855074167251587
vt 0.99853515625 0.56937086582183838
vt 0.99853515625 0.71855074167251587
vt 0.85692483186721802 0.56937086582183838
vt 0.85692483186721802 0.71855074167251587
vt 0.95505499839782715 0.28468543291091919
vt 0.68873590230941772 0.28468543291091919
vt 0.95505499839782715 0.56790602207183838
vt 0.68873590230941772 0.56790602207183838
vt 0.82189542055130005 0.28468543291091919
vt 0.68873590230941772 0.42629575729370117
vt 0.95505499839782715 0.42629575729370117
vt 0.82189542055130005 0.56790602207183838
vt 0.0042074928060173988 0.30597972869873047
vt 0.0042074928060173988 0.15903979539871216
vt 0.0042074928060173988 0.01209986861795187
vt 0.16591167449951172 0.0030295024625957012
vt 0.1688683032989502 0.088593289256095886
vt 0.21458213031291962 0.088593289256095886
vt 0.21458213031291962 0.18957670032978058
vt 0.42495676875114441 0.17748287320137024
vt 0.41949841380119324 0.29721170663833618
vt 0.26962068676948547 0.30597972869873047
vt 0.13691408932209015 0.30597972869873047
vn 0 0 -1
vn 0 0 -1
vn 0 0 -1
vn 0 0 -1
vn 0 0 -1
vn 0 0 -1
vn 0 0 -1
vn 0 0 -1
vn 0 0 -1
vn 0 0 -1
vn 0 0 -1
vn 0.70710676908493042 0.70710676908493042 0
vn 0.70710676908493042 0.70710676908493042 0
vn 0.70710676908493042 0.70710676908493042 0
vn 0.70710676908493042 0.70710676908493042 0
vn 0.70710676908493042 0.70710676908493042 0
vn 0.70710676908493042 0.70710676908493042 0
vn 0.70710676908493042 0.70710676908493042 0
vn 0.70710676908493042 0.70710676908493042 0
vn 0.74547123908996582 -0.66653776168823242 0
vn 0.74547123908996582 -0.66653776168823242 0
vn 0.74547123908996582 -0.66653776168823242 0
vn 0.74547123908996582 -0.66653776168823242 0
vn 0.74547123908996582 -0.66653776168823242 0
vn 0.74547123908996582 -0.66653776168823242 0
vn -0.68217968940734863 -0.73118454217910767 0
vn -0.68217968940734863 -0.73118454217910767 0
vn -0.68217968940734863 -0.73118454217910767 0
vn -0.68217968940734863 -0.73118454217910767 0
vn -0.68217968940734863 -0.73118454217910767 0
vn -0.68217968940734863 -0.73118454217910767 0
vn -0.68217968940734863 -0.73118454217910767 0
vn -0.68217968940734863 -0.73118454217910767 0
vn 0.70710676908493042 -0.70710676908493042 0
vn 0.70710676908493042 -0.70710676908493042 0
vn 0.70710676908493042 -0.70710676908493042 0
vn 0.70710676908493042 -0.70710676908493042 0
vn 0.70710676908493042 -0.70710676908493042 0
vn 0.70710676908493042 -0.70710676908493042 0
vn 0.70710676908493042 -0.70710676908493042 0
vn 0.70710676908493042 -0.70710676908493042 0
vn 0.70710676908493042 -0.70710676908493042 0
vn 0.70710676908493042 -0.70710676908493042 0
vn -0.70710676908493042 -0.70710676908493042 0
vn -0.70710676908493042 -0.70710676908493042 0
vn -0.70710676908493042 -0.70710676908493042 0
vn -0.70710676908493042 -0.70710676908493042 0
vn -0.70710676908493042 -0.70710676908493042 0
vn -0.70710676908493042 -0.70710676908493042 0
vn -0.70710676908493042 -0.70710676908493042 0
vn -0.70710676908493042 -0.70710676908493042 0
vn 0.74639403820037842 -0.66550427675247192 0
vn 0.74639403820037842 -0.66550427675247192 0
vn 0.74639403820037842 -0.66550427675247192 0
vn 0.74639403820037842 -0.66550427675247192 0
vn 0.74639403820037842 -0.66550427675247192 0
vn 0.74639403820037842 -0.66550427675247192 0
vn -0.73868089914321899 -0.67405527830123901 0
vn -0.73868089914321899 -0.67405527830123901 0
vn -0.73868089914321899 -0.67405527830123901 0
vn -0.73868089914321899 -0.67405527830123901 0
vn -0.73868089914321899 -0.67405527830123901 0
vn -0.73868089914321899 -0.67405527830123901 0
vn -0.74706399440765381 0.66475206613540649 0
vn -0.74706399440765381 0.66475206613540649 0
vn -0.74706399440765381 0.66475206613540649 0
vn -0.74706399440765381 0.66475206613540649 0
vn -0.74706399440765381 0.66475206613540649 0
vn -0.74706399440765381 0.66475206613540649 0
vn -0.70710676908493042 0.70710676908493042 0
vn -0.70710676908493042 0.70710676908493042 0
vn -0.70710676908493042 0.70710676908493042 0
vn -0.70710676908493042 0.70710676908493042 0
vn -0.70710676908493042 0.70710676908493042 0
vn -0.70710676908493042 0.70710676908493042 0
vn -0.70710676908493042 0.70710676908493042 0
vn -0.70710676908493042 0.70710676908493042 0
vn 0 0 1
vn 0 0 1
vn 0 0 1
vn 0 0 1
vn 0 0 1
vn 0 0 1
vn 0 0 1
vn 0 0 1
vn 0 0 1
vn 0 0 1
vn 0 0 1
f 946/946/946 944/944/944 945/945/945
f 943/943/943 944/944/944 950/950/950
f 944/944/944 946/946/946 950/950/950
f 951/951/951 946/946/946 945/945/945
f 947/947/947 948/948/948 946/946/946
f 948/948/948 952/952/952 949/949/949
f 953/953/953 949/949/949 952/952/952
f 950/950/950 948/948/948 949/949/949
f 950/950/950 946/946/946 948/948/948
f 958/958/958 954/954/954 959/959/959
f 958/958/958 961/961/961 955/955/955
f 960/960/960 958/958/958 959/959/959
f 958/958/958 960/960/960 961/961/961
f 960/960/960 957/957/957 961/961/961
f 956/956/956 960/960/960 959/959/959
f 963/963/963 962/962/962 966/966/966 967/967/967
f 964/964/964 965/965/965 967/967/967 966/966/966
f 968/968/968 972/972/972 974/974/974 975/975/975
f 968/968/968 975/975/975 969/969/969
f 974/974/974 972/972/972 973/973/973
f 970/970/970 973/973/973 972/972/972
f 970/970/970 971/971/971 973/973/973
f 976/976/976 980/980/980 985/985/985 977/977/977
f 984/984/984 985/985/985 980/980/980 981/981/981
f 978/978/978 979/979/979 983/983/983 982/982/982
f 982/982/982 983/983/983 984/984/984 981/981/981
f 987/987/987 986/986/986 990/990/990
f 991/991/991 993/993/993 990/990/990
f 987/987/987 990/990/990 993/993/993
f 989/989/989 992/992/992 988/988/988
f 989/989/989 993/993/993 991/991/991 992/992/992
f 995/995/995 994/994/994 998/998/998 999/999/999
f 996/996/996 997/997/997 999/999/999 998/998/998
f 1001/1001/1001 1000/1000/1000 1004/1004/1004 1005/1005/1005
f 1002/1002/1002 1003/1003/1003 1005/1005/1005 1004/1004/1004
f 1007/1007/1007 1006/1006/1006 1010/1010/1010 1011/1011/1011
f 1008/1008/1008 1009/1009/1009 1011/1011/1011 1010/1010/1010
f 1016/1016/1016 1012/1012/1012 1018/1018/1018
f 1016/1016/1016 1017/1017/1017 1013/1013/1013
f 1019/1019/1019 1016/1016/1016 1018/1018/1018
f 1016/1016/1016 1019/1019/1019 1017/1017/1017
f 1019/1019/1019 1015/1015/1015 1017/1017/1017
f 1014/1014/1014 1019/1019/1019 1018/1018/1018
f 1024/1024/1024 1022/1022/1022 1021/1021/1021
f 1020/1020/1020 1030/1030/1030 1021/1021/1021
f 1021/1021/1021 1030/1030/1030 1024/1024/1024
f 1023/1023/1023 1022/1022/1022 1024/1024/1024
f 1025/1025/1025 1024/1024/1024 1026/1026/1026
f 1026/1026/1026 1029/1029/1029 1027/1027/1027
f 1028/1028/1028 1027/1027/1027 1029/1029/1029
f 1030/1030/1030 1029/1029/1029 1026/1026/1026
f 1030/1030/1030 1026/1026/1026 1024/1024/1024
usemtl diffuse_0
v 18.177204132080078 -207.07249450683594 -0.375
v 23.916093826293945 -206.27134704589844 -0.375
v 33.439723968505859 -212.70893859863281 -0.375
v 29.756780624389648 -216.84791564941406 -0.375
v 28.272504806518555 -218.52090454101563 -0.375
v 25.470623016357422 -212.48318481445313 -0.375
v 25.919574737548828 -215.69923400878906 -0.375
v 29.441410064697266 -211.92887878417969 -0.375
v 29.890361785888672 -215.14491271972656 -0.375
v 24.052148818969727 -214.94148254394531 -0.375
v 21.0072021484375 -218.12796020507813 -0.375
v 18.493320465087891 -213.69123840332031 -0.375
v 17.442285537719727 -211.83308410644531 -0.375
v 21.499835968017578 -213.03750610351563 -0.375
v 25.021671295166016 -209.26715087890625 -0.375
v 21.050884246826172 -209.82145690917969 -0.375
v 18.797260284423828 -211.75187683105469 -0.375
v 26.838031768798828 -206.41586303710938 -0.375
v 29.542821884155273 -208.49156188964844 -0.375
v 33.439723968505859 -212.70893859863281 -0.375
v 29.756780624389648 -216.84791564941406 -0.375
v 33.439723968505859 -212.70893859863281 15.755000114440918
v 29.756780624389648 -216.84791564941406 15.755000114440918
v 33.439723968505859 -212.70893859863281 7.690000057220459
v 29.756780624389648 -216.84791564941406 10.37833309173584
v 29.756780624389648 -216.84791564941406 5.0016665458679199
v 29.756780624389648 -216.84791564941406 -0.375
v 28.272504806518555 -218.52090454101563 -0.375
v 29.756780624389648 -216.84791564941406 15.755000114440918
v 28.272504806518555 -218.52090454101563 15.755000114440918
v 29.756780624389648 -216.84791564941406 5.0016665458679199
v 29.756780624389648 -216.84791564941406 10.37833309173584
v 28.272504806518555 -218.52090454101563 10.37833309173584
v 28.272504806518555 -218.52090454101563 5.0016665458679199
v 28.272504806518555 -218.52090454101563 -0.375
v 24.052148818969727 -214.94148254394531 -0.375
v 28.272504806518555 -218.52090454101563 15.755000114440918
v 24.052148818969727 -214.94148254394531 15.755000114440918
v 28.272504806518555 -218.52090454101563 5.0016665458679199
v 28.272504806518555 -218.52090454101563 10.37833309173584
v 24.052148818969727 -214.94148254394531 7.690000057220459
v 24.052148818969727 -214.94148254394531 -0.375
v 21.0072021484375 -218.12796020507813 -0.375
v 24.052148818969727 -214.94148254394531 15.755000114440918
v 21.0072021484375 -218.12796020507813 15.755000114440918
v 24.052148818969727 -214.94148254394531 7.690000057220459
v 21.0072021484375 -218.12796020507813 7.690000057220459
v 21.0072021484375 -218.12796020507813 -0.375
v 18.493320465087891 -213.69123840332031 -0.375
v 21.0072021484375 -218.12796020507813 15.755000114440918
v 18.493320465087891 -213.69123840332031 15.755000114440918
v 21.0072021484375 -218.12796020507813 7.690000057220459
v 18.493320465087891 -213.69123840332031 10.37833309173584
v 18.493320465087891 -213.69123840332031 5.0016665458679199
v 18.493320465087891 -213.69123840332031 -0.375
v 17.442285537719727 -211.83308410644531 -0.375
v 17.442285537719727 -211.83308410644531 7.690000057220459
v 18.493320465087891 -213.69123840332031 15.755000114440918
v 17.442285537719727 -211.83308410644531 15.755000114440918
v 18.493320465087891 -213.69123840332031 5.0016665458679199
v 18.493320465087891 -213.69123840332031 10.37833309173584
v 17.442285537719727 -211.83308410644531 13.066666603088379
v 17.442285537719727 -211.83308410644531 10.37833309173584
v 17.442285537719727 -211.83308410644531 5.0016665458679199
v 17.442285537719727 -211.83308410644531 2.31333327293396
v 17.442285537719727 -211.83308410644531 -0.375
v 18.797260284423828 -211.75187683105469 -0.375
v 17.442285537719727 -211.83308410644531 7.690000057220459
v 18.797260284423828 -211.75187683105469 7.690000057220459
v 17.442285537719727 -211.83308410644531 15.755000114440918
v 18.797260284423828 -211.75187683105469 15.755000114440918
v 17.442285537719727 -211.83308410644531 2.31333327293396
v 17.442285537719727 -211.83308410644531 5.0016665458679199
v 17.442285537719727 -211.83308410644531 10.37833309173584
v 17.442285537719727 -211.83308410644531 13.066666603088379
v 18.797260284423828 -211.75187683105469 13.066666603088379
v 18.797260284423828 -211.75187683105469 10.37833309173584
v 18.797260284423828 -211.75187683105469 5.0016665458679199
v 18.797260284423828 -211.75187683105469 2.31333327293396
v 18.797260284423828 -211.75187683105469 -0.375
v 18.177204132080078 -207.07249450683594 -0.375
v 18.797260284423828 -211.75187683105469 15.755000114440918
v 18.177204132080078 -207.07249450683594 15.755000114440918
v 18.797260284423828 -211.75187683105469 2.31333327293396
v 18.797260284423828 -211.75187683105469 5.0016665458679199
v 18.797260284423828 -211.75187683105469 7.690000057220459
v 18.797260284423828 -211.75187683105469 10.37833309173584
v 18.797260284423828 -211.75187683105469 13.066666603088379
v 18.177204132080078 -207.07249450683594 7.690000057220459
v 18.177204132080078 -207.07249450683594 -0.375
v 23.916093826293945 -206.27134704589844 -0.375
v 18.177204132080078 -207.07249450683594 15.755000114440918
v 23.916093826293945 -206.27134704589844 15.755000114440918
v 18.177204132080078 -207.07249450683594 7.690000057220459
v 23.916093826293945 -206.27134704589844 7.690000057220459
v 23.916093826293945 -206.27134704589844 -0.375
v 26.838031768798828 -206.41586303710938 -0.375
v 23.916093826293945 -206.27134704589844 15.755000114440918
v 26.838031768798828 -206.41586303710938 15.755000114440918
v 23.916093826293945 -206.27134704589844 7.690000057220459
v 26.838031768798828 -206.41586303710938 7.690000057220459
v 26.838031768798828 -206.41586303710938 -0.375
v 29.542821884155273 -208.49156188964844 -0.375
v 26.838031768798828 -206.41586303710938 15.755000114440918
v 29.542821884155273 -208.49156188964844 15.755000114440918
v 26.838031768798828 -206.41586303710938 7.690000057220459
v 29.542821884155273 -208.49156188964844 7.690000057220459
v 29.542821884155273 -208.49156188964844 -0.375
v 33.439723968505859 -212.70893859863281 -0.375
v 29.542821884155273 -208.49156188964844 15.755000114440918
v 33.439723968505859 -212.70893859863281 15.755000114440918
v 33.439723968505859 -212.70893859863281 7.690000057220459
v 29.542821884155273 -208.49156188964844 7.690000057220459
v 33.439723968505859 -212.70893859863281 15.755000114440918
v 29.756780624389648 -216.84791564941406 15.755000114440918
v 28.272504806518555 -218.52090454101563 15.755000114440918
v 25.470623016357422 -212.48318481445313 15.755000114440918
v 25.919574737548828 -215.69923400878906 15.755000114440918
v 29.441410064697266 -211.92887878417969 15.755000114440918
v 29.890361785888672 -215.14491271972656 15.755000114440918
v 24.052148818969727 -214.94148254394531 15.755000114440918
v 21.0072021484375 -218.12796020507813 15.755000114440918
v 18.493320465087891 -213.69123840332031 15.755000114440918
v 17.442285537719727 -211.83308410644531 15.755000114440918
v 21.499835968017578 -213.03750610351563 15.755000114440918
v 25.021671295166016 -209.26715087890625 15.755000114440918
v 21.050884246826172 -209.82145690917969 15.755000114440918
v 18.797260284423828 -211.75187683105469 15.755000114440918
v 18.177204132080078 -207.07249450683594 15.755000114440918
v 23.916093826293945 -206.27134704589844 15.755000114440918
v 26.838031768798828 -206.41586303710938 15.755000114440918
v 29.542821884155273 -208.49156188964844 15.755000114440918
vt 0.6682201623916626 0.41315695643424988
vt 0.80027741193771362 0.41315695643424988
vt 0.99495196342468262 0.58917063474655151
vt 0.89878261089324951 0.67131525278091431
vt 0.86000955104827881 0.70453208684921265
vt 0.81579208374023438 0.55884450674057007
vt 0.81579208374023438 0.63314515352249146
vt 0.90716361999511719 0.55884450674057007
vt 0.90716361999511719 0.63314515352249146
vt 0.77602982521057129 0.6100659966468811
vt 0.69726192951202393 0.67264378070831299
vt 0.65450042486190796 0.56414824724197388
vt 0.63663220405578613 0.51871466636657715
vt 0.72442054748535156 0.55884450674057007
vt 0.81579208374023438 0.48454385995864868
vt 0.72442054748535156 0.48454385995864868
vt 0.66747134923934937 0.5211605429649353
vt 0.86577337980270386 0.42567518353462219
vt 0.92028307914733887 0.48127061128616333
vt 0.26397386193275452 0.69371670484542847
vt 0.26397386193275452 0.81902158260345459
vt 0.63158416748046875 0.69371670484542847
vt 0.63158416748046875 0.81902158260345459
vt 0.44777902960777283 0.69371670484542847
vt 0.50904744863510132 0.81902158260345459
vt 0.38651064038276672 0.81902158260345459
vt 0.26397386193275452 0.44898149371147156
vt 0.26397386193275452 0.49869063496589661
vt 0.63158416748046875 0.44898149371147156
vt 0.63158416748046875 0.49869063496589661
vt 0.38651064038276672 0.44898149371147156
vt 0.50904744863510132 0.44898149371147156
vt 0.50904744863510132 0.49869063496589661
vt 0.38651064038276672 0.49869063496589661
vt 0.26397386193275452 0.56709486246109009
vt 0.26397386193275452 0.69225186109542847
vt 0.63158416748046875 0.56709486246109009
vt 0.63158416748046875 0.69225186109542847
vt 0.38651064038276672 0.56709486246109009
vt 0.50904744863510132 0.56709486246109009
vt 0.44777902960777283 0.69225186109542847
vt 0.22322706878185272 0
vt 0.12237969040870667 0
vt 0.22322706878185272 0.36761030554771423
vt 0.12237969040870667 0.36761030554771423
vt 0.22322706878185272 0.18380515277385712
vt 0.12237969040870667 0.18380515277385712
vt 0.56669139862060547 0
vt 0.45001012086868286 0
vt 0.56669139862060547 0.36761030554771423
vt 0.45001012086868286 0.36761030554771423
vt 0.56669139862060547 0.18380515277385712
vt 0.45001012086868286 0.24507354199886322
vt 0.45001012086868286 0.12253677099943161
vt 0.26397386193275452 0.40013435482978821
vt 0.26397386193275452 0.44751664996147156
vt 0.44777902960777283 0.44751664996147156
vt 0.63158416748046875 0.40013435482978821
vt 0.63158416748046875 0.44751664996147156
vt 0.38651064038276672 0.40013435482978821
vt 0.50904744863510132 0.40013435482978821
vt 0.57031577825546265 0.44751664996147156
vt 0.50904744863510132 0.44751664996147156
vt 0.38651064038276672 0.44751664996147156
vt 0.32524225115776062 0.44751664996147156
vt 0.26397386193275452 0.36907514929771423
vt 0.26397386193275452 0.39866951107978821
vt 0.44777902960777283 0.36907514929771423
vt 0.44777902960777283 0.39866951107978821
vt 0.63158416748046875 0.36907514929771423
vt 0.63158416748046875 0.39866951107978821
vt 0.32524225115776062 0.36907514929771423
vt 0.38651064038276672 0.36907514929771423
vt 0.50904744863510132 0.36907514929771423
vt 0.57031577825546265 0.36907514929771423
vt 0.57031577825546265 0.39866951107978821
vt 0.50904744863510132 0.39866951107978821
vt 0.38651064038276672 0.39866951107978821
vt 0.32524225115776062 0.39866951107978821
vt 0.38858604431152344 0
vt 0.28057986497879028 0
vt 0.38858604431152344 0.36761030554771423
vt 0.28057986497879028 0.36761030554771423
vt 0.38858604431152344 0.061268385499715805
vt 0.38858604431152344 0.12253677099943161
vt 0.38858604431152344 0.18380515277385712
vt 0.38858604431152344 0.24507354199886322
vt 0.38858604431152344 0.30634191632270813
vt 0.28057986497879028 0.18380515277385712
vt 0.26250901818275452 0.36907514929771423
vt 0.13138735294342041 0.36907514929771423
vt 0.26250901818275452 0.73815029859542847
vt 0.13138735294342041 0.73815029859542847
vt 0.26250901818275452 0.55361270904541016
vt 0.13138735294342041 0.55361270904541016
vt 0.26397386193275452 0.50015550851821899
vt 0.26397386193275452 0.56563001871109009
vt 0.63158416748046875 0.50015550851821899
vt 0.63158416748046875 0.56563001871109009
vt 0.44777902960777283 0.50015550851821899
vt 0.44777902960777283 0.56563001871109009
vt 0.078013010323047638 0
vt 0 0
vt 0.078013010323047638 0.36761030554771423
vt 0 0.36761030554771423
vt 0.078013010323047638 0.18380515277385712
vt 0 0.18380515277385712
vt 0.12992250919342041 0.36907514929771423
vt 0 0.36907514929771423
vt 0.12992250919342041 0.73815029859542847
vt 0 0.73815029859542847
vt 0 0.55361270904541016
vt 0.12992250919342041 0.55361270904541016
vt 0.99495196342468262 0.17892743647098541
vt 0.89878261089324951 0.2610720694065094
vt 0.86000955104827881 0.29428884387016296
vt 0.81579208374023438 0.14860130846500397
vt 0.81579208374023438 0.22290195524692535
vt 0.90716361999511719 0.14860130846500397
vt 0.90716361999511719 0.22290195524692535
vt 0.77602982521057129 0.1998228132724762
vt 0.69726192951202393 0.26240056753158569
vt 0.65450042486190796 0.15390501916408539
vt 0.63663220405578613 0.10847146809101105
vt 0.72442054748535156 0.14860130846500397
vt 0.81579208374023438 0.074300654232501984
vt 0.72442054748535156 0.074300654232501984
vt 0.66747134923934937 0.11091732978820801
vt 0.6682201623916626 0.0029137511737644672
vt 0.80027741193771362 0.0029137511737644672
vt 0.86577337980270386 0.015431958250701427
vt 0.92028307914733887 0.071027405560016632
vn 0 0 -1
vn 0 0 -1
vn 0 0 -1
vn 0 0 -1
vn 0 0 -1
vn 0 0 -1
vn 0 0 -1
vn 0 0 -1
vn 0 0 -1
vn 0 0 -1
vn 0 0 -1
vn 0 0 -1
vn 0 0 -1
vn 0 0 -1
vn 0 0 -1
vn 0 0 -1
vn 0 0 -1
vn 0 0 -1
vn 0 0 -1
vn 0.74706399440765381 -0.66475206613540649 0
vn 0.74706399440765381 -0.66475206613540649 0
vn 0.74706399440765381 -0.66475206613540649 0
vn 0.74706399440765381 -0.66475206613540649 0
vn 0.74706399440765381 -0.66475206613540649 0
vn 0.74706399440765381 -0.66475206613540649 0
vn 0.74706399440765381 -0.66475206613540649 0
vn 0.74803453683853149 -0.66365981101989746 0
vn 0.74803453683853149 -0.66365981101989746 0
vn 0.74803453683853149 -0.66365981101989746 0
vn 0.74803453683853149 -0.66365981101989746 0
vn 0.74803453683853149 -0.66365981101989746 0
vn 0.74803453683853149 -0.66365981101989746 0
vn 0.74803453683853149 -0.66365981101989746 0
vn 0.74803453683853149 -0.66365981101989746 0
vn -0.64682000875473022 -0.76264268159866333 0
vn -0.64682000875473022 -0.76264268159866333 0
vn -0.64682000875473022 -0.76264268159866333 0
vn -0.64682000875473022 -0.76264268159866333 0
vn -0.64682000875473022 -0.76264268159866333 0
vn -0.64682000875473022 -0.76264268159866333 0
vn -0.64682000875473022 -0.76264268159866333 0
vn 0.72298014163970947 -0.6908687949180603 0
vn 0.72298014163970947 -0.6908687949180603 0
vn 0.72298014163970947 -0.6908687949180603 0
vn 0.72298014163970947 -0.6908687949180603 0
vn 0.72298014163970947 -0.6908687949180603 0
vn 0.72298014163970947 -0.6908687949180603 0
vn -0.87004411220550537 -0.49297386407852173 0
vn -0.87004411220550537 -0.49297386407852173 0
vn -0.87004411220550537 -0.49297386407852173 0
vn -0.87004411220550537 -0.49297386407852173 0
vn -0.87004411220550537 -0.49297386407852173 0
vn -0.87004411220550537 -0.49297386407852173 0
vn -0.87004411220550537 -0.49297386407852173 0
vn -0.8704073429107666 -0.49233230948448181 0
vn -0.8704073429107666 -0.49233230948448181 0
vn -0.8704073429107666 -0.49233230948448181 0
vn -0.8704073429107666 -0.49233230948448181 0
vn -0.8704073429107666 -0.49233230948448181 0
vn -0.8704073429107666 -0.49233230948448181 0
vn -0.8704073429107666 -0.49233230948448181 0
vn -0.8704073429107666 -0.49233230948448181 0
vn -0.8704073429107666 -0.49233230948448181 0
vn -0.8704073429107666 -0.49233230948448181 0
vn -0.8704073429107666 -0.49233230948448181 0
vn -0.059835541993379593 0.99820822477340698 0
vn -0.059835541993379593 0.99820822477340698 0
vn -0.059835541993379593 0.99820822477340698 0
vn -0.059835541993379593 0.99820822477340698 0
vn -0.059835541993379593 0.99820822477340698 0
vn -0.059835541993379593 0.99820822477340698 0
vn -0.059835541993379593 0.99820822477340698 0
vn -0.059835541993379593 0.99820822477340698 0
vn -0.059835541993379593 0.99820822477340698 0
vn -0.059835541993379593 0.99820822477340698 0
vn -0.059835541993379593 0.99820822477340698 0
vn -0.059835541993379593 0.99820822477340698 0
vn -0.059835541993379593 0.99820822477340698 0
vn -0.059835541993379593 0.99820822477340698 0
vn -0.99133473634719849 -0.13135986030101776 0
vn -0.99133473634719849 -0.13135986030101776 0
vn -0.99133473634719849 -0.13135986030101776 0
vn -0.99133473634719849 -0.13135986030101776 0
vn -0.99133473634719849 -0.13135986030101776 0
vn -0.99133473634719849 -0.13135986030101776 0
vn -0.99133473634719849 -0.13135986030101776 0
vn -0.99133473634719849 -0.13135986030101776 0
vn -0.99133473634719849 -0.13135986030101776 0
vn -0.99133473634719849 -0.13135986030101776 0
vn -0.13825692236423492 0.99039638042449951 0
vn -0.13825692236423492 0.99039638042449951 0
vn -0.13825692236423492 0.99039638042449951 0
vn -0.13825692236423492 0.99039638042449951 0
vn -0.13825692236423492 0.99039638042449951 0
vn -0.13825692236423492 0.99039638042449951 0
vn 0.049394279718399048 0.99877935647964478 0
vn 0.049394279718399048 0.99877935647964478 0
vn 0.049394279718399048 0.99877935647964478 0
vn 0.049394279718399048 0.99877935647964478 0
vn 0.049394279718399048 0.99877935647964478 0
vn 0.049394279718399048 0.99877935647964478 0
vn 0.60880845785140991 0.79331725835800171 0
vn 0.60880845785140991 0.79331725835800171 0
vn 0.60880845785140991 0.79331725835800171 0
vn 0.60880845785140991 0.79331725835800171 0
vn 0.60880845785140991 0.79331725835800171 0
vn 0.60880845785140991 0.79331725835800171 0
vn 0.73446136713027954 0.67865049839019775 0
vn 0.73446136713027954 0.67865049839019775 0
vn 0.73446136713027954 0.67865049839019775 0
vn 0.73446136713027954 0.67865049839019775 0
vn 0.73446136713027954 0.67865049839019775 0
vn 0.73446136713027954 0.67865049839019775 0
vn 0 0 1
vn 0 0 1
vn 0 0 1
vn 0 0 1
vn 0 0 1
vn 0 0 1
vn 0 0 1
vn 0 0 1
vn 0 0 1
vn 0 0 1
vn 0 0 1
vn 0 0 1
vn 0 0 1
vn 0 0 1
vn 0 0 1
vn 0 0 1
vn 0 0 1
vn 0 0 1
vn 0 0 1
f 1039/1039/1039 1037/1037/1037 1036/1036/1036 1038/1038/1038
f 1036/1036/1036 1044/1044/1044 1046/1046/1046 1045/1045/1045
f 1031/1031/1031 1032/1032/1032 1045/1045/1045 1046/1046/1046
f 1046/1046/1046 1047/1047/1047 1031/1031/1031
f 1044/1044/1044 1042/1042/1042 1047/1047/1047
f 1043/1043/1043 1047/1047/1047 1042/1042/1042
f 1040/1040/1040 1041/1041/1041 1044/1044/1044
f 1042/1042/1042 1044/1044/1044 1041/1041/1041
f 1044/1044/1044 1036/1036/1036 1040/1040/1040
f 1035/1035/1035 1040/1040/1040 1037/1037/1037
f 1044/1044/1044 1047/1047/1047 1046/1046/1046
f 1038/1038/1038 1036/1036/1036 1045/1045/1045
f 1045/1045/1045 1049/1049/1049 1038/1038/1038
f 1033/1033/1033 1038/1038/1038 1049/1049/1049
f 1048/1048/1048 1049/1049/1049 1045/1045/1045
f 1048/1048/1048 1045/1045/1045 1032/1032/1032
f 1034/1034/1034 1035/1035/1035 1037/1037/1037
f 1033/1033/1033 1034/1034/1034 1039/1039/1039
f 1037/1037/1037 1039/1039/1039 1034/1034/1034
f 1039/1039/1039 1038/1038/1038 1033/1033/1033
f 1040/1040/1040 1036/1036/1036 1037/1037/1037
f 1056/1056/1056 1051/1051/1051 1050/1050/1050 1054/1054/1054
f 1054/1054/1054 1052/1052/1052 1053/1053/1053 1055/1055/1055
f 1056/1056/1056 1054/1054/1054 1055/1055/1055
f 1061/1061/1061 1064/1064/1064 1058/1058/1058 1057/1057/1057
f 1064/1064/1064 1061/1061/1061 1062/1062/1062 1063/1063/1063
f 1059/1059/1059 1060/1060/1060 1063/1063/1063 1062/1062/1062
f 1065/1065/1065 1069/1069/1069 1071/1071/1071 1066/1066/1066
f 1068/1068/1068 1070/1070/1070 1067/1067/1067
f 1070/1070/1070 1068/1068/1068 1071/1071/1071
f 1069/1069/1069 1070/1070/1070 1071/1071/1071
f 1073/1073/1073 1072/1072/1072 1076/1076/1076 1077/1077/1077
f 1074/1074/1074 1075/1075/1075 1077/1077/1077 1076/1076/1076
f 1084/1084/1084 1079/1079/1079 1078/1078/1078 1082/1082/1082
f 1082/1082/1082 1080/1080/1080 1081/1081/1081 1083/1083/1083
f 1084/1084/1084 1082/1082/1082 1083/1083/1083
f 1085/1085/1085 1090/1090/1090 1095/1095/1095 1086/1086/1086
f 1090/1090/1090 1094/1094/1094 1095/1095/1095
f 1094/1094/1094 1090/1090/1090 1087/1087/1087
f 1091/1091/1091 1093/1093/1093 1087/1087/1087
f 1090/1090/1090 1091/1091/1091 1087/1087/1087
f 1088/1088/1088 1092/1092/1092 1091/1091/1091
f 1091/1091/1091 1092/1092/1092 1093/1093/1093
f 1088/1088/1088 1089/1089/1089 1092/1092/1092
f 1096/1096/1096 1102/1102/1102 1109/1109/1109 1097/1097/1097
f 1102/1102/1102 1103/1103/1103 1108/1108/1108 1109/1109/1109
f 1098/1098/1098 1099/1099/1099 1108/1108/1108 1103/1103/1103
f 1105/1105/1105 1106/1106/1106 1107/1107/1107 1104/1104/1104
f 1100/1100/1100 1101/1101/1101 1106/1106/1106 1105/1105/1105
f 1104/1104/1104 1107/1107/1107 1099/1099/1099 1098/1098/1098
f 1111/1111/1111 1110/1110/1110 1114/1114/1114
f 1114/1114/1114 1115/1115/1115 1119/1119/1119
f 1111/1111/1111 1114/1114/1114 1119/1119/1119
f 1116/1116/1116 1119/1119/1119 1115/1115/1115
f 1113/1113/1113 1117/1117/1117 1118/1118/1118
f 1119/1119/1119 1117/1117/1117 1113/1113/1113
f 1112/1112/1112 1113/1113/1113 1118/1118/1118
f 1116/1116/1116 1117/1117/1117 1119/1119/1119
f 1121/1121/1121 1120/1120/1120 1124/1124/1124 1125/1125/1125
f 1122/1122/1122 1123/1123/1123 1125/1125/1125 1124/1124/1124
f 1127/1127/1127 1126/1126/1126 1130/1130/1130 1131/1131/1131
f 1128/1128/1128 1129/1129/1129 1131/1131/1131 1130/1130/1130
f 1133/1133/1133 1132/1132/1132 1136/1136/1136 1137/1137/1137
f 1134/1134/1134 1135/1135/1135 1137/1137/1137 1136/1136/1136
f 1139/1139/1139 1138/1138/1138 1143/1143/1143 1142/1142/1142
f 1140/1140/1140 1141/1141/1141 1142/1142/1142 1143/1143/1143
f 1150/1150/1150 1149/1149/1149 1147/1147/1147 1148/1148/1148
f 1147/1147/1147 1156/1156/1156 1157/1157/1157 1155/1155/1155
f 1159/1159/1159 1157/1157/1157 1156/1156/1156 1160/1160/1160
f 1157/1157/1157 1159/1159/1159 1158/1158/1158
f 1155/1155/1155 1158/1158/1158 1153/1153/1153
f 1154/1154/1154 1153/1153/1153 1158/1158/1158
f 1151/1151/1151 1155/1155/1155 1152/1152/1152
f 1153/1153/1153 1152/1152/1152 1155/1155/1155
f 1155/1155/1155 1151/1151/1151 1147/1147/1147
f 1146/1146/1146 1148/1148/1148 1151/1151/1151
f 1155/1155/1155 1157/1157/1157 1158/1158/1158
f 1149/1149/1149 1156/1156/1156 1147/1147/1147
f 1156/1156/1156 1149/1149/1149 1162/1162/1162
f 1144/1144/1144 1162/1162/1162 1149/1149/1149
f 1161/1161/1161 1156/1156/1156 1162/1162/1162
f 1161/1161/1161 1160/1160/1160 1156/1156/1156
f 1145/1145/1145 1148/1148/1148 1146/1146/1146
f 1144/1144/1144 1150/1150/1150 1145/1145/1145
f 1148/1148/1148 1145/1145/1145 1150/1150/1150
f 1150/1150/1150 1144/1144/1144 1149/1149/1149
f 1151/1151/1151 1148/1148/1148 1147/1147/1147
usemtl diffuse_0
v 17.442285537719727 -211.83308410644531 -0.375
v 14.525116920471191 -212.25517272949219 -0.375
v 11.607948303222656 -212.67726135253906 -0.375
v 8.6907787322998047 -213.09933471679688 -0.375
v 18.177204132080078 -207.07249450683594 -0.375
v 18.487232208251953 -209.41218566894531 -0.375
v 18.797260284423828 -211.75187683105469 -0.375
v 8.4574661254882813 -210.50994873046875 -0.375
v 8.2241525650024414 -207.92056274414063 -0.375
v 9.8810415267944336 -207.7733154296875 -0.375
v 13.511344909667969 -207.46891784667969 -0.375
v 17.141647338867188 -207.16452026367188 -0.375
v 18.177204132080078 -207.07249450683594 -0.375
v 18.797260284423828 -211.75187683105469 -0.375
v 18.177204132080078 -207.07249450683594 21.024999618530273
v 18.797260284423828 -211.75187683105469 21.024999618530273
v 18.177204132080078 -207.07249450683594 3.1916666030883789
v 18.177204132080078 -207.07249450683594 6.7583332061767578
v 18.177204132080078 -207.07249450683594 10.324999809265137
v 18.177204132080078 -207.07249450683594 13.891666412353516
v 18.177204132080078 -207.07249450683594 17.458333969116211
v 18.797260284423828 -211.75187683105469 10.324999809265137
v 18.487232208251953 -209.41218566894531 10.324999809265137
v 18.487232208251953 -209.41218566894531 21.024999618530273
v 18.487232208251953 -209.41218566894531 15.675000190734863
v 18.332218170166016 -208.24234008789063 10.324999809265137
v 18.332218170166016 -208.24234008789063 15.675000190734863
v 18.797260284423828 -211.75187683105469 15.675000190734863
v 18.642246246337891 -210.58203125 10.324999809265137
v 18.642246246337891 -210.58203125 15.675000190734863
v 18.797260284423828 -211.75187683105469 18.350000381469727
v 18.797260284423828 -211.75187683105469 13
v 18.797260284423828 -211.75187683105469 7.6500000953674316
v 18.797260284423828 -211.75187683105469 4.9749999046325684
v 18.797260284423828 -211.75187683105469 2.2999999523162842
v 18.487232208251953 -209.41218566894531 -0.375
v 18.487232208251953 -209.41218566894531 4.9749999046325684
v 18.642246246337891 -210.58203125 4.9749999046325684
v 18.332218170166016 -208.24234008789063 4.9749999046325684
v 18.797260284423828 -211.75187683105469 -0.375
v 17.442285537719727 -211.83308410644531 -0.375
v 18.797260284423828 -211.75187683105469 10.324999809265137
v 17.442285537719727 -211.83308410644531 10.324999809265137
v 18.797260284423828 -211.75187683105469 21.024999618530273
v 17.442285537719727 -211.83308410644531 21.024999618530273
v 18.797260284423828 -211.75187683105469 2.2999999523162842
v 18.797260284423828 -211.75187683105469 4.9749999046325684
v 18.797260284423828 -211.75187683105469 7.6500000953674316
v 18.797260284423828 -211.75187683105469 13
v 18.797260284423828 -211.75187683105469 15.675000190734863
v 18.797260284423828 -211.75187683105469 18.350000381469727
v 17.442285537719727 -211.83308410644531 18.350000381469727
v 17.442285537719727 -211.83308410644531 15.675000190734863
v 17.442285537719727 -211.83308410644531 13
v 17.442285537719727 -211.83308410644531 7.6500000953674316
v 17.442285537719727 -211.83308410644531 4.9749999046325684
v 17.442285537719727 -211.83308410644531 2.2999999523162842
v 18.119773864746094 -211.79248046875 3.1916666030883789
v 18.119773864746094 -211.79248046875 10.324999809265137
v 18.119773864746094 -211.79248046875 13.891666412353516
v 18.119773864746094 -211.79248046875 17.458333969116211
v 17.442285537719727 -211.83308410644531 -0.375
v 8.6907787322998047 -213.09933471679688 -0.375
v 17.442285537719727 -211.83308410644531 21.024999618530273
v 8.6907787322998047 -213.09933471679688 21.024999618530273
v 11.607948303222656 -212.67726135253906 -0.375
v 14.525116920471191 -212.25517272949219 -0.375
v 17.442285537719727 -211.83308410644531 10.324999809265137
v 13.066533088684082 -212.46621704101563 10.324999809265137
v 17.442285537719727 -211.83308410644531 2.2999999523162842
v 17.442285537719727 -211.83308410644531 4.9749999046325684
v 17.442285537719727 -211.83308410644531 7.6500000953674316
v 17.442285537719727 -211.83308410644531 13
v 17.442285537719727 -211.83308410644531 15.675000190734863
v 17.442285537719727 -211.83308410644531 18.350000381469727
v 15.254409790039063 -212.149658203125 10.324999809265137
v 13.066533088684082 -212.46621704101563 4.9749999046325684
v 15.254409790039063 -212.149658203125 4.9749999046325684
v 13.066533088684082 -212.46621704101563 15.675000190734863
v 15.254409790039063 -212.149658203125 15.675000190734863
v 14.525116920471191 -212.25517272949219 21.024999618530273
v 11.607948303222656 -212.67726135253906 21.024999618530273
v 8.6907787322998047 -213.09933471679688 13.891666412353516
v 8.6907787322998047 -213.09933471679688 6.7583332061767578
v 8.6907787322998047 -213.09933471679688 -0.375
v 8.2241525650024414 -207.92056274414063 -0.375
v 8.2241525650024414 -207.92056274414063 10.324999809265137
v 8.6907787322998047 -213.09933471679688 21.024999618530273
v 8.2241525650024414 -207.92056274414063 21.024999618530273
v 8.6907787322998047 -213.09933471679688 6.7583332061767578
v 8.6907787322998047 -213.09933471679688 13.891666412353516
v 8.4574661254882813 -210.50994873046875 21.024999618530273
v 8.2241525650024414 -207.92056274414063 15.675000190734863
v 8.2241525650024414 -207.92056274414063 4.9749999046325684
v 8.4574661254882813 -210.50994873046875 -0.375
v 8.2241525650024414 -207.92056274414063 -0.375
v 9.8810415267944336 -207.7733154296875 -0.375
v 8.2241525650024414 -207.92056274414063 21.024999618530273
v 9.8810415267944336 -207.7733154296875 21.024999618530273
v 8.2241525650024414 -207.92056274414063 4.9749999046325684
v 8.2241525650024414 -207.92056274414063 10.324999809265137
v 8.2241525650024414 -207.92056274414063 15.675000190734863
v 9.8810415267944336 -207.7733154296875 15.675000190734863
v 9.8810415267944336 -207.7733154296875 10.324999809265137
v 9.8810415267944336 -207.7733154296875 4.9749999046325684
v 9.8810415267944336 -207.7733154296875 -0.375
v 17.141647338867188 -207.16452026367188 -0.375
v 9.8810415267944336 -207.7733154296875 21.024999618530273
v 17.141647338867188 -207.16452026367188 21.024999618530273
v 9.8810415267944336 -207.7733154296875 4.9749999046325684
v 9.8810415267944336 -207.7733154296875 10.324999809265137
v 9.8810415267944336 -207.7733154296875 15.675000190734863
v 13.511344909667969 -207.46891784667969 21.024999618530273
v 17.141647338867188 -207.16452026367188 10.324999809265137
v 17.141647338867188 -207.16452026367188 17.458333969116211
v 17.141647338867188 -207.16452026367188 13.891666412353516
v 17.141647338867188 -207.16452026367188 6.7583332061767578
v 17.141647338867188 -207.16452026367188 3.1916666030883789
v 13.511344909667969 -207.46891784667969 -0.375
v 17.141647338867188 -207.16452026367188 -0.375
v 18.177204132080078 -207.07249450683594 -0.375
v 17.141647338867188 -207.16452026367188 10.324999809265137
v 18.177204132080078 -207.07249450683594 10.324999809265137
v 17.141647338867188 -207.16452026367188 21.024999618530273
v 18.177204132080078 -207.07249450683594 21.024999618530273
v 18.177204132080078 -207.07249450683594 17.458333969116211
v 18.177204132080078 -207.07249450683594 13.891666412353516
v 18.177204132080078 -207.07249450683594 6.7583332061767578
v 18.177204132080078 -207.07249450683594 3.1916666030883789
v 17.141647338867188 -207.16452026367188 3.1916666030883789
v 17.141647338867188 -207.16452026367188 6.7583332061767578
v 17.141647338867188 -207.16452026367188 13.891666412353516
v 17.141647338867188 -207.16452026367188 17.458333969116211
v 18.177204132080078 -207.07249450683594 21.024999618530273
v 18.487232208251953 -209.41218566894531 21.024999618530273
v 18.797260284423828 -211.75187683105469 21.024999618530273
v 17.442285537719727 -211.83308410644531 21.024999618530273
v 14.525116920471191 -212.25517272949219 21.024999618530273
v 11.607948303222656 -212.67726135253906 21.024999618530273
v 8.6907787322998047 -213.09933471679688 21.024999618530273
v 8.4574661254882813 -210.50994873046875 21.024999618530273
v 8.2241525650024414 -207.92056274414063 21.024999618530273
v 9.8810415267944336 -207.7733154296875 21.024999618530273
v 13.511344909667969 -207.46891784667969 21.024999618530273
v 17.141647338867188 -207.16452026367188 21.024999618530273
vt 0.31462356448173523 0.56928986310958862
vt 0.31462356448173523 0.66276699304580688
vt 0.31462356448173523 0.75624418258666992
vt 0.31462356448173523 0.84972131252288818
vt 0.16978815197944641 0.52460384368896484
vt 0.24399252235889435 0.52549833059310913
vt 0.31819692254066467 0.52639287710189819
vt 0.2329944372177124 0.84528505802154541
vt 0.15136530995368958 0.84084880352020264
vt 0.15424308180809021 0.78817576169967651
vt 0.16111631691455841 0.67285013198852539
vt 0.16798953711986542 0.55752450227737427
vt 0.14823214709758759 0
vt 0 0
vt 0.14823214709758759 0.67866992950439453
vt 0 0.67866992950439453
vt 0.14823214709758759 0.11311165988445282
vt 0.14823214709758759 0.22622331976890564
vt 0.14823214709758759 0.33933496475219727
vt 0.14823214709758759 0.45244663953781128
vt 0.14823214709758759 0.56555825471878052
vt 0 0.33933496475219727
vt 0.074116073548793793 0.33933496475219727
vt 0.074116073548793793 0.67866992950439453
vt 0.074116073548793793 0.5090024471282959
vt 0.11117410659790039 0.33933496475219727
vt 0.11117410659790039 0.5090024471282959
vt 0 0.5090024471282959
vt 0.037058036774396896 0.33933496475219727
vt 0.037058036774396896 0.5090024471282959
vt 0 0.59383618831634521
vt 0 0.42416870594024658
vt 0 0.25450122356414795
vt 0 0.16966748237609863
vt 0 0.084833741188049316
vt 0.074116073548793793 0
vt 0.074116073548793793 0.16966748237609863
vt 0.037058036774396896 0.16966748237609863
vt 0.11117410659790039 0.16966748237609863
vt 0.14969699084758759 0.31340202689170837
vt 0.14969699084758759 0.35498532652854919
vt 0.48903197050094604 0.31340202689170837
vt 0.48903197050094604 0.35498532652854919
vt 0.82836693525314331 0.31340202689170837
vt 0.82836693525314331 0.35498532652854919
vt 0.2345307320356369 0.31340202689170837
vt 0.31936445832252502 0.31340202689170837
vt 0.40419819951057434 0.31340202689170837
vt 0.57386571168899536 0.31340202689170837
vt 0.65869945287704468 0.31340202689170837
vt 0.74353319406509399 0.31340202689170837
vt 0.74353319406509399 0.35498532652854919
vt 0.65869945287704468 0.35498532652854919
vt 0.57386571168899536 0.35498532652854919
vt 0.40419819951057434 0.35498532652854919
vt 0.31936445832252502 0.35498532652854919
vt 0.2345307320356369 0.35498532652854919
vt 0.26280865073204041 0.33419367671012878
vt 0.48903197050094604 0.33419367671012878
vt 0.60214364528656006 0.33419367671012878
vt 0.7152552604675293 0.33419367671012878
vt 0.14969699084758759 0
vt 0.14969699084758759 0.27896660566329956
vt 0.82836693525314331 0
vt 0.82836693525314331 0.27896660566329956
vt 0.14969699084758759 0.1859777420759201
vt 0.14969699084758759 0.092988871037960052
vt 0.48903197050094604 0
vt 0.48903197050094604 0.13948330283164978
vt 0.2345307320356369 0
vt 0.31936445832252502 0
vt 0.40419819951057434 0
vt 0.57386571168899536 0
vt 0.65869945287704468 0
vt 0.74353319406509399 0
vt 0.48903197050094604 0.06974165141582489
vt 0.31936445832252502 0.13948330283164978
vt 0.31936445832252502 0.06974165141582489
vt 0.65869945287704468 0.13948330283164978
vt 0.65869945287704468 0.06974165141582489
vt 0.82836693525314331 0.092988871037960052
vt 0.82836693525314331 0.1859777420759201
vt 0.60214364528656006 0.27896660566329956
vt 0.37592029571533203 0.27896660566329956
vt 0.14969699084758759 0.35645017027854919
vt 0.14969699084758759 0.51988780498504639
vt 0.48903197050094604 0.51988780498504639
vt 0.82836693525314331 0.35645017027854919
vt 0.82836693525314331 0.51988780498504639
vt 0.37592029571533203 0.35645017027854919
vt 0.60214364528656006 0.35645017027854919
vt 0.82836693525314331 0.43816900253295898
vt 0.65869945287704468 0.51988780498504639
vt 0.31936445832252502 0.51988780498504639
vt 0.14969699084758759 0.43816900253295898
vt 0.32133007049560547 0.75242030620574951
vt 0.32133007049560547 0.80370837450027466
vt 0.99853515625 0.75242030620574951
vt 0.99853515625 0.80370837450027466
vt 0.4906313419342041 0.75242030620574951
vt 0.65993261337280273 0.75242030620574951
vt 0.82923388481140137 0.75242030620574951
vt 0.82923388481140137 0.80370837450027466
vt 0.65993261337280273 0.80370837450027466
vt 0.4906313419342041 0.80370837450027466
vt 0.32133007049560547 0.52135264873504639
vt 0.32133007049560547 0.75095546245574951
vt 0.99853515625 0.52135264873504639
vt 0.99853515625 0.75095546245574951
vt 0.4906313419342041 0.52135264873504639
vt 0.65993261337280273 0.52135264873504639
vt 0.82923388481140137 0.52135264873504639
vt 0.99853515625 0.63615405559539795
vt 0.65993261337280273 0.75095546245574951
vt 0.88566762208938599 0.75095546245574951
vt 0.77280014753341675 0.75095546245574951
vt 0.54706507921218872 0.75095546245574951
vt 0.43419757485389709 0.75095546245574951
vt 0.32133007049560547 0.63615405559539795
vt 0.14969699084758759 0.28043144941329956
vt 0.14969699084758759 0.31193718314170837
vt 0.48903197050094604 0.28043144941329956
vt 0.48903197050094604 0.31193718314170837
vt 0.82836693525314331 0.28043144941329956
vt 0.82836693525314331 0.31193718314170837
vt 0.7152552604675293 0.31193718314170837
vt 0.60214364528656006 0.31193718314170837
vt 0.37592029571533203 0.31193718314170837
vt 0.26280865073204041 0.31193718314170837
vt 0.26280865073204041 0.28043144941329956
vt 0.37592029571533203 0.28043144941329956
vt 0.60214364528656006 0.28043144941329956
vt 0.7152552604675293 0.28043144941329956
vt 0.32458123564720154 0.9552503228187561
vt 0.32547575235366821 0.88104593753814697
vt 0.3263702392578125 0.80684155225753784
vt 0.36926725506782532 0.81041485071182251
vt 0.46274441480636597 0.81041485071182251
vt 0.55622154474258423 0.81041485071182251
vt 0.64969867467880249 0.81041485071182251
vt 0.64526247978210449 0.89204400777816772
vt 0.64082622528076172 0.97367316484451294
vt 0.5881531834602356 0.9707953929901123
vt 0.47282752394676208 0.96392214298248291
vt 0.35750189423561096 0.95704889297485352
vn 0 0 -1
vn 0 0 -1
vn 0 0 -1
vn 0 0 -1
vn 0 0 -1
vn 0 0 -1
vn 0 0 -1
vn 0 0 -1
vn 0 0 -1
vn 0 0 -1
vn 0 0 -1
vn 0 0 -1
vn 0.99133473634719849 0.13135986030101776 0
vn 0.99133473634719849 0.13135986030101776 0
vn 0.99133473634719849 0.13135986030101776 0
vn 0.99133473634719849 0.13135986030101776 0
vn 0.99133473634719849 0.13135986030101776 0
vn 0.99133473634719849 0.13135986030101776 0
vn 0.99133473634719849 0.13135986030101776 0
vn 0.99133473634719849 0.13135986030101776 0
vn 0.99133473634719849 0.13135986030101776 0
vn 0.99133473634719849 0.13135986030101776 0
vn 0.99133473634719849 0.13135986030101776 0
vn 0.99133473634719849 0.13135986030101776 0
vn 0.99133473634719849 0.13135986030101776 0
vn 0.99133473634719849 0.13135986030101776 0
vn 0.99133473634719849 0.13135986030101776 0
vn 0.99133473634719849 0.13135986030101776 0
vn 0.99133473634719849 0.13135986030101776 0
vn 0.99133473634719849 0.13135986030101776 0
vn 0.99133473634719849 0.13135986030101776 0
vn 0.99133473634719849 0.13135986030101776 0
vn 0.99133473634719849 0.13135986030101776 0
vn 0.99133473634719849 0.13135986030101776 0
vn 0.99133473634719849 0.13135986030101776 0
vn 0.99133473634719849 0.13135986030101776 0
vn 0.99133473634719849 0.13135986030101776 0
vn 0.99133473634719849 0.13135986030101776 0
vn 0.99133473634719849 0.13135986030101776 0
vn 0.059835541993379593 -0.99820822477340698 0
vn 0.059835541993379593 -0.99820822477340698 0
vn 0.059835541993379593 -0.99820822477340698 0
vn 0.059835541993379593 -0.99820822477340698 0
vn 0.059835541993379593 -0.99820822477340698 0
vn 0.059835541993379593 -0.99820822477340698 0
vn 0.059835541993379593 -0.99820822477340698 0
vn 0.059835541993379593 -0.99820822477340698 0
vn 0.059835541993379593 -0.99820822477340698 0
vn 0.059835541993379593 -0.99820822477340698 0
vn 0.059835541993379593 -0.99820822477340698 0
vn 0.059835541993379593 -0.99820822477340698 0
vn 0.059835541993379593 -0.99820822477340698 0
vn 0.059835541993379593 -0.99820822477340698 0
vn 0.059835541993379593 -0.99820822477340698 0
vn 0.059835541993379593 -0.99820822477340698 0
vn 0.059835541993379593 -0.99820822477340698 0
vn 0.059835541993379593 -0.99820822477340698 0
vn 0.059835541993379593 -0.99820822477340698 0
vn 0.059835541993379593 -0.99820822477340698 0
vn 0.059835541993379593 -0.99820822477340698 0
vn 0.059835541993379593 -0.99820822477340698 0
vn 0.14319780468940735 -0.98969405889511108 0
vn 0.14319780468940735 -0.98969405889511108 0
vn 0.14319780468940735 -0.98969405889511108 0
vn 0.14319780468940735 -0.98969405889511108 0
vn 0.14319780468940735 -0.98969405889511108 0
vn 0.14319780468940735 -0.98969405889511108 0
vn 0.14319780468940735 -0.98969405889511108 0
vn 0.14319780468940735 -0.98969405889511108 0
vn 0.14319780468940735 -0.98969405889511108 0
vn 0.14319780468940735 -0.98969405889511108 0
vn 0.14319780468940735 -0.98969405889511108 0
vn 0.14319780468940735 -0.98969405889511108 0
vn 0.14319780468940735 -0.98969405889511108 0
vn 0.14319780468940735 -0.98969405889511108 0
vn 0.14319780468940735 -0.98969405889511108 0
vn 0.14319780468940735 -0.98969405889511108 0
vn 0.14319780468940735 -0.98969405889511108 0
vn 0.14319780468940735 -0.98969405889511108 0
vn 0.14319780468940735 -0.98969405889511108 0
vn 0.14319780468940735 -0.98969405889511108 0
vn 0.14319780468940735 -0.98969405889511108 0
vn 0.14319780468940735 -0.98969405889511108 0
vn 0.14319780468940735 -0.98969405889511108 0
vn -0.99596518278121948 -0.089740268886089325 0
vn -0.99596518278121948 -0.089740268886089325 0
vn -0.99596518278121948 -0.089740268886089325 0
vn -0.99596518278121948 -0.089740268886089325 0
vn -0.99596518278121948 -0.089740268886089325 0
vn -0.99596518278121948 -0.089740268886089325 0
vn -0.99596518278121948 -0.089740268886089325 0
vn -0.99596518278121948 -0.089740268886089325 0
vn -0.99596518278121948 -0.089740268886089325 0
vn -0.99596518278121948 -0.089740268886089325 0
vn -0.99596518278121948 -0.089740268886089325 0
vn -0.088526308536529541 0.99607384204864502 0
vn -0.088526308536529541 0.99607384204864502 0
vn -0.088526308536529541 0.99607384204864502 0
vn -0.088526308536529541 0.99607384204864502 0
vn -0.088526308536529541 0.99607384204864502 0
vn -0.088526308536529541 0.99607384204864502 0
vn -0.088526308536529541 0.99607384204864502 0
vn -0.088526308536529541 0.99607384204864502 0
vn -0.088526308536529541 0.99607384204864502 0
vn -0.088526308536529541 0.99607384204864502 0
vn -0.083555072546005249 0.99650317430496216 0
vn -0.083555072546005249 0.99650317430496216 0
vn -0.083555072546005249 0.99650317430496216 0
vn -0.083555072546005249 0.99650317430496216 0
vn -0.083555072546005249 0.99650317430496216 0
vn -0.083555072546005249 0.99650317430496216 0
vn -0.083555072546005249 0.99650317430496216 0
vn -0.083555072546005249 0.99650317430496216 0
vn -0.083555072546005249 0.99650317430496216 0
vn -0.083555072546005249 0.99650317430496216 0
vn -0.083555072546005249 0.99650317430496216 0
vn -0.083555072546005249 0.99650317430496216 0
vn -0.083555072546005249 0.99650317430496216 0
vn -0.083555072546005249 0.99650317430496216 0
vn -0.088526308536529541 0.99607384204864502 0
vn -0.088526308536529541 0.99607384204864502 0
vn -0.088526308536529541 0.99607384204864502 0
vn -0.088526308536529541 0.99607384204864502 0
vn -0.088526308536529541 0.99607384204864502 0
vn -0.088526308536529541 0.99607384204864502 0
vn -0.088526308536529541 0.99607384204864502 0
vn -0.088526308536529541 0.99607384204864502 0
vn -0.088526308536529541 0.99607384204864502 0
vn -0.088526308536529541 0.99607384204864502 0
vn -0.088526308536529541 0.99607384204864502 0
vn -0.088526308536529541 0.99607384204864502 0
vn -0.088526308536529541 0.99607384204864502 0
vn -0.088526308536529541 0.99607384204864502 0
vn 0 0 1
vn 0 0 1
vn 0 0 1
vn 0 0 1
vn 0 0 1
vn 0 0 1
vn 0 0 1
vn 0 0 1
vn 0 0 1
vn 0 0 1
vn 0 0 1
vn 0 0 1
f 1168/1168/1168 1163/1163/1163 1164/1164/1164
f 1168/1168/1168 1169/1169/1169 1163/1163/1163
f 1174/1174/1174 1167/1167/1167 1168/1168/1168
f 1164/1164/1164 1174/1174/1174 1168/1168/1168
f 1174/1174/1174 1164/1164/1164 1173/1173/1173
f 1170/1170/1170 1165/1165/1165 1166/1166/1166
f 1172/1172/1172 1165/1165/1165 1170/1170/1170
f 1173/1173/1173 1165/1165/1165 1172/1172/1172
f 1171/1171/1171 1172/1172/1172 1170/1170/1170
f 1164/1164/1164 1165/1165/1165 1173/1173/1173
f 1192/1192/1192 1191/1191/1191 1185/1185/1185 1187/1187/1187
f 1191/1191/1191 1200/1200/1200 1199/1199/1199 1185/1185/1185
f 1185/1185/1185 1199/1199/1199 1201/1201/1201 1188/1188/1188
f 1187/1187/1187 1185/1185/1185 1188/1188/1188 1189/1189/1189
f 1201/1201/1201 1175/1175/1175 1179/1179/1179
f 1180/1180/1180 1201/1201/1201 1179/1179/1179
f 1198/1198/1198 1175/1175/1175 1201/1201/1201
f 1188/1188/1188 1180/1180/1180 1181/1181/1181
f 1181/1181/1181 1182/1182/1182 1189/1189/1189 1188/1188/1188
f 1201/1201/1201 1180/1180/1180 1188/1188/1188
f 1197/1197/1197 1176/1176/1176 1200/1200/1200
f 1176/1176/1176 1198/1198/1198 1199/1199/1199 1200/1200/1200
f 1197/1197/1197 1200/1200/1200 1196/1196/1196
f 1200/1200/1200 1195/1195/1195 1196/1196/1196
f 1195/1195/1195 1200/1200/1200 1191/1191/1191
f 1199/1199/1199 1198/1198/1198 1201/1201/1201
f 1183/1183/1183 1189/1189/1189 1182/1182/1182
f 1186/1186/1186 1187/1187/1187 1189/1189/1189
f 1189/1189/1189 1177/1177/1177 1186/1186/1186
f 1183/1183/1183 1177/1177/1177 1189/1189/1189
f 1192/1192/1192 1187/1187/1187 1186/1186/1186
f 1184/1184/1184 1191/1191/1191 1194/1194/1194
f 1192/1192/1192 1194/1194/1194 1191/1191/1191
f 1195/1195/1195 1191/1191/1191 1184/1184/1184
f 1194/1194/1194 1192/1192/1192 1190/1190/1190
f 1193/1193/1193 1190/1190/1190 1192/1192/1192
f 1192/1192/1192 1178/1178/1178 1193/1193/1193
f 1178/1178/1178 1192/1192/1192 1186/1186/1186
f 1220/1220/1220 1202/1202/1202 1208/1208/1208
f 1220/1220/1220 1209/1209/1209 1210/1210/1210
f 1221/1221/1221 1210/1210/1210 1204/1204/1204
f 1220/1220/1220 1208/1208/1208 1209/1209/1209
f 1219/1219/1219 1203/1203/1203 1220/1220/1220
f 1202/1202/1202 1220/1220/1220 1203/1203/1203
f 1218/1218/1218 1219/1219/1219 1220/1220/1220
f 1218/1218/1218 1220/1220/1220 1217/1217/1217
f 1221/1221/1221 1217/1217/1217 1220/1220/1220
f 1205/1205/1205 1217/1217/1217 1221/1221/1221
f 1221/1221/1221 1220/1220/1220 1210/1210/1210
f 1204/1204/1204 1211/1211/1211 1222/1222/1222 1221/1221/1221
f 1221/1221/1221 1222/1222/1222 1216/1216/1216 1205/1205/1205
f 1212/1212/1212 1222/1222/1222 1211/1211/1211
f 1223/1223/1223 1222/1222/1222 1212/1212/1212
f 1213/1213/1213 1223/1223/1223 1212/1212/1212
f 1206/1206/1206 1223/1223/1223 1213/1213/1213
f 1215/1215/1215 1216/1216/1216 1222/1222/1222
f 1214/1214/1214 1223/1223/1223 1207/1207/1207
f 1206/1206/1206 1207/1207/1207 1223/1223/1223
f 1215/1215/1215 1223/1223/1223 1214/1214/1214
f 1222/1222/1222 1223/1223/1223 1215/1215/1215
f 1231/1231/1231 1239/1239/1239 1240/1240/1240 1238/1238/1238
f 1241/1241/1241 1231/1231/1231 1238/1238/1238 1242/1242/1242
f 1229/1229/1229 1224/1224/1224 1232/1232/1232
f 1240/1240/1240 1233/1233/1233 1234/1234/1234
f 1238/1238/1238 1240/1240/1240 1234/1234/1234
f 1240/1240/1240 1232/1232/1232 1233/1233/1233
f 1239/1239/1239 1228/1228/1228 1229/1229/1229
f 1246/1246/1246 1225/1225/1225 1228/1228/1228
f 1231/1231/1231 1246/1246/1246 1239/1239/1239
f 1228/1228/1228 1239/1239/1239 1246/1246/1246
f 1229/1229/1229 1240/1240/1240 1239/1239/1239
f 1240/1240/1240 1229/1229/1229 1232/1232/1232
f 1234/1234/1234 1230/1230/1230 1238/1238/1238
f 1242/1242/1242 1238/1238/1238 1230/1230/1230 1235/1235/1235
f 1236/1236/1236 1242/1242/1242 1235/1235/1235
f 1237/1237/1237 1243/1243/1243 1242/1242/1242
f 1236/1236/1236 1237/1237/1237 1242/1242/1242
f 1226/1226/1226 1243/1243/1243 1237/1237/1237
f 1245/1245/1245 1231/1231/1231 1241/1241/1241
f 1244/1244/1244 1245/1245/1245 1241/1241/1241
f 1246/1246/1246 1231/1231/1231 1245/1245/1245
f 1241/1241/1241 1243/1243/1243 1244/1244/1244
f 1245/1245/1245 1244/1244/1244 1227/1227/1227
f 1241/1241/1241 1242/1242/1242 1243/1243/1243
f 1257/1257/1257 1247/1247/1247 1252/1252/1252
f 1248/1248/1248 1257/1257/1257 1256/1256/1256
f 1257/1257/1257 1249/1249/1249 1256/1256/1256
f 1254/1254/1254 1257/1257/1257 1252/1252/1252
f 1254/1254/1254 1253/1253/1253 1250/1250/1250
f 1257/1257/1257 1254/1254/1254 1249/1249/1249
f 1254/1254/1254 1255/1255/1255 1249/1249/1249
f 1254/1254/1254 1251/1251/1251 1255/1255/1255
f 1253/1253/1253 1254/1254/1254 1252/1252/1252
f 1258/1258/1258 1262/1262/1262 1267/1267/1267 1259/1259/1259
f 1266/1266/1266 1267/1267/1267 1262/1262/1262 1263/1263/1263
f 1260/1260/1260 1261/1261/1261 1265/1265/1265 1264/1264/1264
f 1264/1264/1264 1265/1265/1265 1266/1266/1266 1263/1263/1263
f 1281/1281/1281 1268/1268/1268 1272/1272/1272
f 1281/1281/1281 1272/1272/1272 1273/1273/1273
f 1280/1280/1280 1269/1269/1269 1281/1281/1281
f 1281/1281/1281 1279/1279/1279 1280/1280/1280
f 1276/1276/1276 1279/1279/1279 1281/1281/1281
f 1276/1276/1276 1281/1281/1281 1273/1273/1273
f 1275/1275/1275 1274/1274/1274 1270/1270/1270
f 1273/1273/1273 1275/1275/1275 1276/1276/1276
f 1275/1275/1275 1278/1278/1278 1276/1276/1276
f 1275/1275/1275 1271/1271/1271 1277/1277/1277
f 1277/1277/1277 1278/1278/1278 1275/1275/1275
f 1274/1274/1274 1275/1275/1275 1273/1273/1273
f 1282/1282/1282 1292/1292/1292 1291/1291/1291 1283/1283/1283
f 1292/1292/1292 1293/1293/1293 1290/1290/1290 1291/1291/1291
f 1284/1284/1284 1285/1285/1285 1290/1290/1290 1293/1293/1293
f 1295/1295/1295 1288/1288/1288 1289/1289/1289 1294/1294/1294
f 1286/1286/1286 1287/1287/1287 1288/1288/1288 1295/1295/1295
f 1294/1294/1294 1289/1289/1289 1285/1285/1285 1284/1284/1284
f 1297/1297/1297 1300/1300/1300 1299/1299/1299
f 1297/1297/1297 1299/1299/1299 1298/1298/1298
f 1307/1307/1307 1297/1297/1297 1296/1296/1296
f 1300/1300/1300 1297/1297/1297 1307/1307/1307
f 1307/1307/1307 1306/1306/1306 1300/1300/1300
f 1303/1303/1303 1302/1302/1302 1301/1301/1301
f 1305/1305/1305 1303/1303/1303 1301/1301/1301
f 1306/1306/1306 1305/1305/1305 1301/1301/1301
f 1304/1304/1304 1303/1303/1303 1305/1305/1305
f 1300/1300/1300 1306/1306/1306 1301/1301/1301
usemtl diffuse_0
v 35.671039581298828 -201.23112487792969 -0.375
v 29.542821884155273 -208.49156188964844 -0.375
v 40.365505218505859 -205.78315734863281 -0.375
v 33.439723968505859 -212.70893859863281 -0.375
v 36.902614593505859 -209.24604797363281 -0.375
v 32.606929779052734 -204.86134338378906 -0.375
v 35.671039581298828 -201.23112487792969 -0.375
v 40.365505218505859 -205.78315734863281 -0.375
v 35.671039581298828 -201.23112487792969 32.595001220703125
v 40.365505218505859 -205.78315734863281 32.595001220703125
v 35.671039581298828 -201.23112487792969 10.614999771118164
v 35.671039581298828 -201.23112487792969 21.604999542236328
v 40.365505218505859 -205.78315734863281 21.604999542236328
v 40.365505218505859 -205.78315734863281 10.614999771118164
v 40.365505218505859 -205.78315734863281 -0.375
v 33.439723968505859 -212.70893859863281 -0.375
v 40.365505218505859 -205.78315734863281 32.595001220703125
v 33.439723968505859 -212.70893859863281 32.595001220703125
v 36.902614593505859 -209.24604797363281 -0.375
v 33.439723968505859 -212.70893859863281 16.110000610351563
v 40.365505218505859 -205.78315734863281 10.614999771118164
v 40.365505218505859 -205.78315734863281 21.604999542236328
v 36.902614593505859 -209.24604797363281 32.595001220703125
v 33.439723968505859 -212.70893859863281 -0.375
v 29.542821884155273 -208.49156188964844 -0.375
v 33.439723968505859 -212.70893859863281 32.595001220703125
v 29.542821884155273 -208.49156188964844 32.595001220703125
v 29.542821884155273 -208.49156188964844 16.110000610351563
v 33.439723968505859 -212.70893859863281 16.110000610351563
v 29.542821884155273 -208.49156188964844 -0.375
v 35.671039581298828 -201.23112487792969 -0.375
v 29.542821884155273 -208.49156188964844 32.595001220703125
v 35.671039581298828 -201.23112487792969 32.595001220703125
v 32.606929779052734 -204.86134338378906 -0.375
v 32.606929779052734 -204.86134338378906 32.595001220703125
v 29.542821884155273 -208.49156188964844 16.110000610351563
v 35.671039581298828 -201.23112487792969 21.604999542236328
v 35.671039581298828 -201.23112487792969 10.614999771118164
v 35.671039581298828 -201.23112487792969 32.595001220703125
v 29.542821884155273 -208.49156188964844 32.595001220703125
v 40.365505218505859 -205.78315734863281 32.595001220703125
v 33.439723968505859 -212.70893859863281 32.595001220703125
v 36.902614593505859 -209.24604797363281 32.595001220703125
v 32.606929779052734 -204.86134338378906 32.595001220703125
vt 0.23528257012367249 0.39846524596214294
vt 0 0.39846524596214294
vt 0.23528257012367249 0.55652284622192383
vt 0 0.55652284622192383
vt 0.11764128506183624 0.55652284622192383
vt 0.11764128506183624 0.39846524596214294
vt 0.99853515625 0
vt 0.8419424295425415 0
vt 0.99853515625 0.79546564817428589
vt 0.8419424295425415 0.79546564817428589
vt 0.99853515625 0.26515522599220276
vt 0.99853515625 0.53031045198440552
vt 0.8419424295425415 0.53031045198440552
vt 0.8419424295425415 0.26515522599220276
vt 0.70168232917785645 0
vt 0.46639975905418396 0
vt 0.70168232917785645 0.79546564817428589
vt 0.46639975905418396 0.79546564817428589
vt 0.5840410590171814 0
vt 0.46639975905418396 0.39773282408714294
vt 0.70168232917785645 0.26515522599220276
vt 0.70168232917785645 0.53031045198440552
vt 0.5840410590171814 0.79546564817428589
vt 0.8404775857925415 0
vt 0.70314717292785645 0
vt 0.8404775857925415 0.79546564817428589
vt 0.70314717292785645 0.79546564817428589
vt 0.70314717292785645 0.39773282408714294
vt 0.8404775857925415 0.39773282408714294
vt 0.46493491530418396 0
vt 0.23674741387367249 0
vt 0.46493491530418396 0.79546564817428589
vt 0.23674741387367249 0.79546564817428589
vt 0.35084116458892822 0
vt 0.35084116458892822 0.79546564817428589
vt 0.46493491530418396 0.39773282408714294
vt 0.23674741387367249 0.53031045198440552
vt 0.23674741387367249 0.26515522599220276
vt 0.23528257012367249 0
vt 0 0
vt 0.23528257012367249 0.1580575704574585
vt 0 0.1580575704574585
vt 0.11764128506183624 0.1580575704574585
vt 0.11764128506183624 0
vn 0 0 -1
vn 0 0 -1
vn 0 0 -1
vn 0 0 -1
vn 0 0 -1
vn 0 0 -1
vn 0.69613194465637207 0.71791386604309082 0
vn 0.69613194465637207 0.71791386604309082 0
vn 0.69613194465637207 0.71791386604309082 0
vn 0.69613194465637207 0.71791386604309082 0
vn 0.69613194465637207 0.71791386604309082 0
vn 0.69613194465637207 0.71791386604309082 0
vn 0.69613194465637207 0.71791386604309082 0
vn 0.69613194465637207 0.71791386604309082 0
vn 0.70710676908493042 -0.70710676908493042 0
vn 0.70710676908493042 -0.70710676908493042 0
vn 0.70710676908493042 -0.70710676908493042 0
vn 0.70710676908493042 -0.70710676908493042 0
vn 0.70710676908493042 -0.70710676908493042 0
vn 0.70710676908493042 -0.70710676908493042 0
vn 0.70710676908493042 -0.70710676908493042 0
vn 0.70710676908493042 -0.70710676908493042 0
vn 0.70710676908493042 -0.70710676908493042 0
vn -0.73446136713027954 -0.67865049839019775 0
vn -0.73446136713027954 -0.67865049839019775 0
vn -0.73446136713027954 -0.67865049839019775 0
vn -0.73446136713027954 -0.67865049839019775 0
vn -0.73446136713027954 -0.67865049839019775 0
vn -0.73446136713027954 -0.67865049839019775 0
vn -0.76417630910873413 0.64500737190246582 0
vn -0.76417630910873413 0.64500737190246582 0
vn -0.76417630910873413 0.64500737190246582 0
vn -0.76417630910873413 0.64500737190246582 0
vn -0.76417630910873413 0.64500737190246582 0
vn -0.76417630910873413 0.64500737190246582 0
vn -0.76417630910873413 0.64500737190246582 0
vn -0.76417630910873413 0.64500737190246582 0
vn -0.76417630910873413 0.64500737190246582 0
vn 0 0 1
vn 0 0 1
vn 0 0 1
vn 0 0 1
vn 0 0 1
vn 0 0 1
f 1313/1313/1313 1308/1308/1308 1310/1310/1310 1312/1312/1312
f 1309/1309/1309 1313/1313/1313 1312/1312/1312 1311/1311/1311
f 1318/1318/1318 1321/1321/1321 1315/1315/1315 1314/1314/1314
f 1318/1318/1318 1319/1319/1319 1320/1320/1320 1321/1321/1321
f 1319/1319/1319 1316/1316/1316 1317/1317/1317 1320/1320/1320
f 1326/1326/1326 1322/1322/1322 1328/1328/1328
f 1326/1326/1326 1327/1327/1327 1323/1323/1323
f 1329/1329/1329 1326/1326/1326 1328/1328/1328
f 1330/1330/1330 1329/1329/1329 1324/1324/1324
f 1325/1325/1325 1327/1327/1327 1330/1330/1330
f 1330/1330/1330 1327/1327/1327 1326/1326/1326
f 1329/1329/1329 1330/1330/1330 1326/1326/1326
f 1332/1332/1332 1331/1331/1331 1336/1336/1336 1335/1335/1335
f 1333/1333/1333 1334/1334/1334 1335/1335/1335 1336/1336/1336
f 1344/1344/1344 1345/1345/1345 1341/1341/1341
f 1341/1341/1341 1345/1345/1345 1338/1338/1338
f 1343/1343/1343 1341/1341/1341 1337/1337/1337
f 1342/1342/1342 1343/1343/1343 1339/1339/1339
f 1340/1340/1340 1344/1344/1344 1342/1342/1342
f 1342/1342/1342 1344/1344/1344 1341/1341/1341
f 1343/1343/1343 1342/1342/1342 1341/1341/1341
f 1351/1351/1351 1350/1350/1350 1348/1348/1348 1346/1346/1346
f 1347/1347/1347 1349/1349/1349 1350/1350/1350 1351/1351/1351
usemtl diffuse_0
v 65.196304321289063 -191.45689392089844 -0.375
v 71.969009399414063 -198.5382080078125 -0.375
v 61.297210693359375 -195.35597229003906 -0.375
v 68.541709899902344 -202.27999877929688 -0.375
v 64.919464111328125 -198.8179931640625 -0.375
v 68.582656860351563 -194.99754333496094 -0.375
v 65.196304321289063 -191.45689392089844 -0.375
v 61.297210693359375 -195.35597229003906 -0.375
v 65.196304321289063 -191.45689392089844 26.295000076293945
v 61.297210693359375 -195.35597229003906 26.295000076293945
v 65.196304321289063 -191.45689392089844 8.5150003433227539
v 65.196304321289063 -191.45689392089844 17.405000686645508
v 61.297210693359375 -195.35597229003906 17.405000686645508
v 61.297210693359375 -195.35597229003906 8.5150003433227539
v 61.297210693359375 -195.35597229003906 -0.375
v 68.541709899902344 -202.27999877929688 -0.375
v 61.297210693359375 -195.35597229003906 26.295000076293945
v 68.541709899902344 -202.27999877929688 26.295000076293945
v 64.919464111328125 -198.8179931640625 -0.375
v 64.919464111328125 -198.8179931640625 26.295000076293945
v 61.297210693359375 -195.35597229003906 8.5150003433227539
v 61.297210693359375 -195.35597229003906 17.405000686645508
v 68.541709899902344 -202.27999877929688 12.960000038146973
v 68.541709899902344 -202.27999877929688 -0.375
v 71.969009399414063 -198.5382080078125 -0.375
v 68.541709899902344 -202.27999877929688 26.295000076293945
v 71.969009399414063 -198.5382080078125 26.295000076293945
v 68.541709899902344 -202.27999877929688 12.960000038146973
v 71.969009399414063 -198.5382080078125 12.960000038146973
v 71.969009399414063 -198.5382080078125 -0.375
v 65.196304321289063 -191.45689392089844 -0.375
v 71.969009399414063 -198.5382080078125 26.295000076293945
v 65.196304321289063 -191.45689392089844 26.295000076293945
v 68.582656860351563 -194.99754333496094 -0.375
v 65.196304321289063 -191.45689392089844 17.405000686645508
v 65.196304321289063 -191.45689392089844 8.5150003433227539
v 71.969009399414063 -198.5382080078125 12.960000038146973
v 68.582656860351563 -194.99754333496094 26.295000076293945
v 65.196304321289063 -191.45689392089844 26.295000076293945
v 71.969009399414063 -198.5382080078125 26.295000076293945
v 61.297210693359375 -195.35597229003906 26.295000076293945
v 68.541709899902344 -202.27999877929688 26.295000076293945
v 64.919464111328125 -198.8179931640625 26.295000076293945
v 68.582656860351563 -194.99754333496094 26.295000076293945
vt 0.63434398174285889 0
vt 0.63434398174285889 0.27332490682601929
vt 0.78554612398147583 0
vt 0.78554612398147583 0.27332490682601929
vt 0.78554612398147583 0.13666245341300964
vt 0.63434398174285889 0.13666245341300964
vt 0.26868799328804016 0.41392815113067627
vt 0.26868799328804016 0.56366544961929321
vt 0.99853515625 0.41392815113067627
vt 0.99853515625 0.56366544961929321
vt 0.5119704008102417 0.41392815113067627
vt 0.75525277853012085 0.41392815113067627
vt 0.75525277853012085 0.56366544961929321
vt 0.5119704008102417 0.56366544961929321
vt 0.26868799328804016 0.56513029336929321
vt 0.26868799328804016 0.8384552001953125
vt 0.99853515625 0.56513029336929321
vt 0.99853515625 0.8384552001953125
vt 0.26868799328804016 0.70179271697998047
vt 0.99853515625 0.70179271697998047
vt 0.5119704008102417 0.56513029336929321
vt 0.75525277853012085 0.56513029336929321
vt 0.63361155986785889 0.8384552001953125
vt 0.26868799328804016 0.27478975057601929
vt 0.26868799328804016 0.41246330738067627
vt 0.99853515625 0.27478975057601929
vt 0.99853515625 0.41246330738067627
vt 0.63361155986785889 0.27478975057601929
vt 0.63361155986785889 0.41246330738067627
vt 0.26722314953804016 0
vt 0 0
vt 0.26722314953804016 0.73131197690963745
vt 0 0.73131197690963745
vt 0.13361157476902008 0
vt 0 0.48754134774208069
vt 0 0.24377067387104034
vt 0.26722314953804016 0.36565598845481873
vt 0.13361157476902008 0.73131197690963745
vt 0.26868799328804016 0
vt 0.26868799328804016 0.27332490682601929
vt 0.4198901355266571 0
vt 0.4198901355266571 0.27332490682601929
vt 0.4198901355266571 0.13666245341300964
vt 0.26868799328804016 0.13666245341300964
vn 0 0 -1
vn 0 0 -1
vn 0 0 -1
vn 0 0 -1
vn 0 0 -1
vn 0 0 -1
vn -0.70710676908493042 0.70710676908493042 0
vn -0.70710676908493042 0.70710676908493042 0
vn -0.70710676908493042 0.70710676908493042 0
vn -0.70710676908493042 0.70710676908493042 0
vn -0.70710676908493042 0.70710676908493042 0
vn -0.70710676908493042 0.70710676908493042 0
vn -0.70710676908493042 0.70710676908493042 0
vn -0.70710676908493042 0.70710676908493042 0
vn -0.69093626737594604 -0.72291570901870728 0
vn -0.69093626737594604 -0.72291570901870728 0
vn -0.69093626737594604 -0.72291570901870728 0
vn -0.69093626737594604 -0.72291570901870728 0
vn -0.69093626737594604 -0.72291570901870728 0
vn -0.69093626737594604 -0.72291570901870728 0
vn -0.69093626737594604 -0.72291570901870728 0
vn -0.69093626737594604 -0.72291570901870728 0
vn -0.69093626737594604 -0.72291570901870728 0
vn 0.73741811513900757 -0.67543655633926392 0
vn 0.73741811513900757 -0.67543655633926392 0
vn 0.73741811513900757 -0.67543655633926392 0
vn 0.73741811513900757 -0.67543655633926392 0
vn 0.73741811513900757 -0.67543655633926392 0
vn 0.73741811513900757 -0.67543655633926392 0
vn 0.72267860174179077 0.69118422269821167 0
vn 0.72267860174179077 0.69118422269821167 0
vn 0.72267860174179077 0.69118422269821167 0
vn 0.72267860174179077 0.69118422269821167 0
vn 0.72267860174179077 0.69118422269821167 0
vn 0.72267860174179077 0.69118422269821167 0
vn 0.72267860174179077 0.69118422269821167 0
vn 0.72267860174179077 0.69118422269821167 0
vn 0.72267860174179077 0.69118422269821167 0
vn 0 0 1
vn 0 0 1
vn 0 0 1
vn 0 0 1
vn 0 0 1
vn 0 0 1
f 1357/1357/1357 1356/1356/1356 1354/1354/1354 1352/1352/1352
f 1353/1353/1353 1355/1355/1355 1356/1356/1356 1357/1357/1357
f 1358/1358/1358 1359/1359/1359 1365/1365/1365 1362/1362/1362
f 1362/1362/1362 1365/1365/1365 1364/1364/1364 1363/1363/1363
f 1363/1363/1363 1364/1364/1364 1361/1361/1361 1360/1360/1360
f 1370/1370/1370 1372/1372/1372 1366/1366/1366
f 1370/1370/1370 1367/1367/1367 1374/1374/1374
f 1371/1371/1371 1373/1373/1373 1372/1372/1372 1370/1370/1370
f 1371/1371/1371 1368/1368/1368 1373/1373/1373
f 1369/1369/1369 1371/1371/1371 1374/1374/1374
f 1371/1371/1371 1370/1370/1370 1374/1374/1374
f 1376/1376/1376 1380/1380/1380 1379/1379/1379 1375/1375/1375
f 1377/1377/1377 1379/1379/1379 1380/1380/1380 1378/1378/1378
f 1389/1389/1389 1385/1385/1385 1387/1387/1387
f 1385/1385/1385 1382/1382/1382 1387/1387/1387
f 1388/1388/1388 1381/1381/1381 1385/1385/1385
f 1389/1389/1389 1383/1383/1383 1388/1388/1388
f 1384/1384/1384 1389/1389/1389 1386/1386/1386
f 1389/1389/1389 1387/1387/1387 1386/1386/1386
f 1388/1388/1388 1385/1385/1385 1389/1389/1389
f 1395/1395/1395 1390/1390/1390 1392/1392/1392 1394/1394/1394
f 1391/1391/1391 1395/1395/1395 1394/1394/1394 1393/1393/1393
usemtl diffuse_0
v 58.109172821044922 -197.03437805175781 -0.375
v 54.622982025146484 -200.69355773925781 -0.375
v 66.86553955078125 -205.38719177246094 -0.375
v 63.373409271240234 -209.05229187011719 -0.375
v 62.487354278564453 -201.21078491210938 -0.375
v 58.998195648193359 -204.8729248046875 -0.375
v 58.109172821044922 -197.03437805175781 -0.375
v 66.86553955078125 -205.38719177246094 -0.375
v 58.109172821044922 -197.03437805175781 11.085000038146973
v 66.86553955078125 -205.38719177246094 11.085000038146973
v 62.487354278564453 -201.21078491210938 -0.375
v 58.109172821044922 -197.03437805175781 5.3550000190734863
v 62.487354278564453 -201.21078491210938 11.085000038146973
v 66.86553955078125 -205.38719177246094 5.3550000190734863
v 66.86553955078125 -205.38719177246094 -0.375
v 63.373409271240234 -209.05229187011719 -0.375
v 66.86553955078125 -205.38719177246094 11.085000038146973
v 63.373409271240234 -209.05229187011719 11.085000038146973
v 66.86553955078125 -205.38719177246094 5.3550000190734863
v 63.373409271240234 -209.05229187011719 5.3550000190734863
v 63.373409271240234 -209.05229187011719 -0.375
v 54.622982025146484 -200.69355773925781 -0.375
v 63.373409271240234 -209.05229187011719 11.085000038146973
v 54.622982025146484 -200.69355773925781 11.085000038146973
v 58.998195648193359 -204.8729248046875 -0.375
v 63.373409271240234 -209.05229187011719 5.3550000190734863
v 58.998195648193359 -204.8729248046875 11.085000038146973
v 54.622982025146484 -200.69355773925781 5.3550000190734863
v 54.622982025146484 -200.69355773925781 -0.375
v 58.109172821044922 -197.03437805175781 -0.375
v 54.622982025146484 -200.69355773925781 11.085000038146973
v 58.109172821044922 -197.03437805175781 11.085000038146973
v 58.109172821044922 -197.03437805175781 5.3550000190734863
v 54.622982025146484 -200.69355773925781 5.3550000190734863
v 58.109172821044922 -197.03437805175781 11.085000038146973
v 54.622982025146484 -200.69355773925781 11.085000038146973
v 66.86553955078125 -205.38719177246094 11.085000038146973
v 63.373409271240234 -209.05229187011719 11.085000038146973
v 62.487354278564453 -201.21078491210938 11.085000038146973
v 58.998195648193359 -204.8729248046875 11.085000038146973
vt 0 0.71015185117721558
vt 0 0.91931843757629395
vt 0.49853515625 0.71015185117721558
vt 0.49853515625 0.91931843757629395
vt 0.249267578125 0.71015185117721558
vt 0.249267578125 0.91931843757629395
vt 0.99853515625 0.47349998354911804
vt 0.5 0.47349998354911804
vt 0.99853515625 0.94553512334823608
vt 0.5 0.94553512334823608
vt 0.749267578125 0.47349998354911804
vt 0.99853515625 0.70951753854751587
vt 0.749267578125 0.94553512334823608
vt 0.5 0.70951753854751587
vt 0 0.23645557463169098
vt 0 0.44562220573425293
vt 0.47349998354911804 0.23645557463169098
vt 0.47349998354911804 0.44562220573425293
vt 0.23674999177455902 0.23645557463169098
vt 0.23674999177455902 0.44562220573425293
vt 0.99853515625 0
vt 0.5 0
vt 0.99853515625 0.47203513979911804
vt 0.5 0.47203513979911804
vt 0.749267578125 0
vt 0.99853515625 0.23601756989955902
vt 0.749267578125 0.47203513979911804
vt 0.5 0.23601756989955902
vt 0 0
vt 0 0.20881994068622589
vt 0.47349998354911804 0
vt 0.47349998354911804 0.20881994068622589
vt 0.23674999177455902 0.20881994068622589
vt 0.23674999177455902 0
vt 0 0.47330370545387268
vt 0 0.68247032165527344
vt 0.49853515625 0.47330370545387268
vt 0.49853515625 0.68247032165527344
vt 0.249267578125 0.47330370545387268
vt 0.249267578125 0.68247032165527344
vn 0 0 -1
vn 0 0 -1
vn 0 0 -1
vn 0 0 -1
vn 0 0 -1
vn 0 0 -1
vn 0.69023609161376953 0.72358423471450806 0
vn 0.69023609161376953 0.72358423471450806 0
vn 0.69023609161376953 0.72358423471450806 0
vn 0.69023609161376953 0.72358423471450806 0
vn 0.69023609161376953 0.72358423471450806 0
vn 0.69023609161376953 0.72358423471450806 0
vn 0.69023609161376953 0.72358423471450806 0
vn 0.69023609161376953 0.72358423471450806 0
vn 0.72398501634597778 -0.6898157000541687 0
vn 0.72398501634597778 -0.6898157000541687 0
vn 0.72398501634597778 -0.6898157000541687 0
vn 0.72398501634597778 -0.6898157000541687 0
vn 0.72398501634597778 -0.6898157000541687 0
vn 0.72398501634597778 -0.6898157000541687 0
vn -0.69073760509490967 -0.72310549020767212 0
vn -0.69073760509490967 -0.72310549020767212 0
vn -0.69073760509490967 -0.72310549020767212 0
vn -0.69073760509490967 -0.72310549020767212 0
vn -0.69073760509490967 -0.72310549020767212 0
vn -0.69073760509490967 -0.72310549020767212 0
vn -0.69073760509490967 -0.72310549020767212 0
vn -0.69073760509490967 -0.72310549020767212 0
vn -0.72401267290115356 0.68978667259216309 0
vn -0.72401267290115356 0.68978667259216309 0
vn -0.72401267290115356 0.68978667259216309 0
vn -0.72401267290115356 0.68978667259216309 0
vn -0.72401267290115356 0.68978667259216309 0
vn -0.72401267290115356 0.68978667259216309 0
vn 0 0 1
vn 0 0 1
vn 0 0 1
vn 0 0 1
vn 0 0 1
vn 0 0 1
f 1401/1401/1401 1397/1397/1397 1396/1396/1396 1400/1400/1400
f 1400/1400/1400 1398/1398/1398 1399/1399/1399 1401/1401/1401
f 1406/1406/1406 1402/1402/1402 1407/1407/1407
f 1406/1406/1406 1409/1409/1409 1403/1403/1403
f 1408/1408/1408 1406/1406/1406 1407/1407/1407
f 1406/1406/1406 1408/1408/1408 1409/1409/1409
f 1408/1408/1408 1405/1405/1405 1409/1409/1409
f 1404/1404/1404 1408/1408/1408 1407/1407/1407
f 1411/1411/1411 1410/1410/1410 1414/1414/1414 1415/1415/1415
f 1412/1412/1412 1413/1413/1413 1415/1415/1415 1414/1414/1414
f 1420/1420/1420 1416/1416/1416 1421/1421/1421
f 1420/1420/1420 1423/1423/1423 1417/1417/1417
f 1422/1422/1422 1420/1420/1420 1421/1421/1421
f 1420/1420/1420 1422/1422/1422 1423/1423/1423
f 1422/1422/1422 1419/1419/1419 1423/1423/1423
f 1418/1418/1418 1422/1422/1422 1421/1421/1421
f 1425/1425/1425 1424/1424/1424 1429/1429/1429 1428/1428/1428
f 1426/1426/1426 1427/1427/1427 1428/1428/1428 1429/1429/1429
f 1435/1435/1435 1434/1434/1434 1430/1430/1430 1431/1431/1431
f 1434/1434/1434 1435/1435/1435 1433/1433/1433 1432/1432/1432
usemtl diffuse_0
v 56.84588623046875 -202.99954223632813 -0.375
v 62.969429016113281 -208.96878051757813 -0.375
v 52.307327270507813 -207.69535827636719 -0.375
v 58.197940826416016 -213.74028015136719 -0.375
v 55.333034515380859 -204.5648193359375 -0.375
v 53.820178985595703 -206.13009643554688 -0.375
v 54.270862579345703 -209.7103271484375 -0.375
v 56.234401702880859 -211.72531127929688 -0.375
v 59.788436889648438 -212.1497802734375 -0.375
v 61.378932952880859 -210.55928039550781 -0.375
v 60.928249359130859 -206.97903442382813 -0.375
v 58.887065887451172 -204.98928833007813 -0.375
v 56.84588623046875 -202.99954223632813 -0.375
v 52.307327270507813 -207.69535827636719 -0.375
v 56.84588623046875 -202.99954223632813 13.885000228881836
v 52.307327270507813 -207.69535827636719 13.885000228881836
v 53.820178985595703 -206.13009643554688 -0.375
v 55.333034515380859 -204.5648193359375 -0.375
v 52.307327270507813 -207.69535827636719 6.755000114440918
v 56.84588623046875 -202.99954223632813 6.755000114440918
v 55.333034515380859 -204.5648193359375 13.885000228881836
v 53.820178985595703 -206.13009643554688 13.885000228881836
v 52.307327270507813 -207.69535827636719 -0.375
v 58.197940826416016 -213.74028015136719 -0.375
v 52.307327270507813 -207.69535827636719 13.885000228881836
v 58.197940826416016 -213.74028015136719 13.885000228881836
v 56.234401702880859 -211.72531127929688 -0.375
v 54.270862579345703 -209.7103271484375 -0.375
v 52.307327270507813 -207.69535827636719 6.755000114440918
v 54.270862579345703 -209.7103271484375 13.885000228881836
v 56.234401702880859 -211.72531127929688 13.885000228881836
v 58.197940826416016 -213.74028015136719 6.755000114440918
v 58.197940826416016 -213.74028015136719 -0.375
v 62.969429016113281 -208.96878051757813 -0.375
v 58.197940826416016 -213.74028015136719 13.885000228881836
v 62.969429016113281 -208.96878051757813 13.885000228881836
v 61.378932952880859 -210.55928039550781 -0.375
v 59.788436889648438 -212.1497802734375 -0.375
v 62.969429016113281 -208.96878051757813 6.755000114440918
v 58.197940826416016 -213.74028015136719 6.755000114440918
v 59.788436889648438 -212.1497802734375 13.885000228881836
v 61.378932952880859 -210.55928039550781 13.885000228881836
v 62.969429016113281 -208.96878051757813 -0.375
v 56.84588623046875 -202.99954223632813 -0.375
v 62.969429016113281 -208.96878051757813 13.885000228881836
v 56.84588623046875 -202.99954223632813 13.885000228881836
v 58.887065887451172 -204.98928833007813 -0.375
v 60.928249359130859 -206.97903442382813 -0.375
v 56.84588623046875 -202.99954223632813 6.755000114440918
v 62.969429016113281 -208.96878051757813 6.755000114440918
v 60.928249359130859 -206.97903442382813 13.885000228881836
v 58.887065887451172 -204.98928833007813 13.885000228881836
v 56.84588623046875 -202.99954223632813 13.885000228881836
v 62.969429016113281 -208.96878051757813 13.885000228881836
v 52.307327270507813 -207.69535827636719 13.885000228881836
v 58.197940826416016 -213.74028015136719 13.885000228881836
v 55.333034515380859 -204.5648193359375 13.885000228881836
v 53.820178985595703 -206.13009643554688 13.885000228881836
v 54.270862579345703 -209.7103271484375 13.885000228881836
v 56.234401702880859 -211.72531127929688 13.885000228881836
v 59.788436889648438 -212.1497802734375 13.885000228881836
v 61.378932952880859 -210.55928039550781 13.885000228881836
v 60.928249359130859 -206.97903442382813 13.885000228881836
v 58.887065887451172 -204.98928833007813 13.885000228881836
vt 0.30906671285629272 0.74109011888504028
vt 0 0.74109011888504028
vt 0.30906671285629272 0.98612505197525024
vt 0 0.98612505197525024
vt 0.30906671285629272 0.8227684497833252
vt 0.30906671285629272 0.90444678068161011
vt 0.20604448020458221 0.98612505197525024
vt 0.10302223265171051 0.98612505197525024
vt 0 0.90444678068161011
vt 0 0.8227684497833252
vt 0.10302223265171051 0.74109011888504028
vt 0.20604448020458221 0.74109011888504028
vt 0 0
vt 0 0.23568046092987061
vt 0.51781976222991943 0
vt 0.51781976222991943 0.23568046092987061
vt 0 0.15712031722068787
vt 0 0.078560158610343933
vt 0.25890988111495972 0.23568046092987061
vt 0.25890988111495972 0
vt 0.51781976222991943 0.078560158610343933
vt 0.51781976222991943 0.15712031722068787
vt 0.92609238624572754 0
vt 0.62106311321258545 0
vt 0.92609238624572754 0.51781976222991943
vt 0.62106311321258545 0.51781976222991943
vt 0.72273951768875122 0
vt 0.82441598176956177 0
vt 0.92609238624572754 0.25890988111495972
vt 0.82441598176956177 0.51781976222991943
vt 0.72273951768875122 0.51781976222991943
vt 0.62106311321258545 0.25890988111495972
vt 0 0.23714530467987061
vt 0 0.48071542382240295
vt 0.51781976222991943 0.23714530467987061
vt 0.51781976222991943 0.48071542382240295
vt 0 0.39952537417411804
vt 0 0.31833535432815552
vt 0.25890988111495972 0.48071542382240295
vt 0.25890988111495972 0.23714530467987061
vt 0.51781976222991943 0.31833535432815552
vt 0.51781976222991943 0.39952537417411804
vt 0.61959826946258545 0.48218026757240295
vt 0.31053155660629272 0.48218026757240295
vt 0.61959826946258545 0.99853515625
vt 0.31053155660629272 0.99853515625
vt 0.41355380415916443 0.48218026757240295
vt 0.51657605171203613 0.48218026757240295
vt 0.31053155660629272 0.74035769701004028
vt 0.61959826946258545 0.74035769701004028
vt 0.51657605171203613 0.99853515625
vt 0.41355380415916443 0.99853515625
vt 0.30906671285629272 0.48218026757240295
vt 0 0.48218026757240295
vt 0.30906671285629272 0.7272152304649353
vt 0 0.7272152304649353
vt 0.30906671285629272 0.56385856866836548
vt 0.30906671285629272 0.64553689956665039
vt 0.20604448020458221 0.7272152304649353
vt 0.10302223265171051 0.7272152304649353
vt 0 0.64553689956665039
vt 0 0.56385856866836548
vt 0.10302223265171051 0.48218026757240295
vt 0.20604448020458221 0.48218026757240295
vn 0 0 -1
vn 0 0 -1
vn 0 0 -1
vn 0 0 -1
vn 0 0 -1
vn 0 0 -1
vn 0 0 -1
vn 0 0 -1
vn 0 0 -1
vn 0 0 -1
vn 0 0 -1
vn 0 0 -1
vn -0.71904397010803223 0.69496458768844604 0
vn -0.71904397010803223 0.69496458768844604 0
vn -0.71904397010803223 0.69496458768844604 0
vn -0.71904397010803223 0.69496458768844604 0
vn -0.71904397010803223 0.69496458768844604 0
vn -0.71904397010803223 0.69496458768844604 0
vn -0.71904397010803223 0.69496458768844604 0
vn -0.71904397010803223 0.69496458768844604 0
vn -0.71904397010803223 0.69496458768844604 0
vn -0.71904397010803223 0.69496458768844604 0
vn -0.71618837118148804 -0.69790703058242798 0
vn -0.71618837118148804 -0.69790703058242798 0
vn -0.71618837118148804 -0.69790703058242798 0
vn -0.71618837118148804 -0.69790703058242798 0
vn -0.71618837118148804 -0.69790703058242798 0
vn -0.71618837118148804 -0.69790703058242798 0
vn -0.71618837118148804 -0.69790703058242798 0
vn -0.71618837118148804 -0.69790703058242798 0
vn -0.71618837118148804 -0.69790703058242798 0
vn -0.71618837118148804 -0.69790703058242798 0
vn 0.70710676908493042 -0.70710676908493042 0
vn 0.70710676908493042 -0.70710676908493042 0
vn 0.70710676908493042 -0.70710676908493042 0
vn 0.70710676908493042 -0.70710676908493042 0
vn 0.70710676908493042 -0.70710676908493042 0
vn 0.70710676908493042 -0.70710676908493042 0
vn 0.70710676908493042 -0.70710676908493042 0
vn 0.70710676908493042 -0.70710676908493042 0
vn 0.70710676908493042 -0.70710676908493042 0
vn 0.70710676908493042 -0.70710676908493042 0
vn 0.69802737236022949 0.71607106924057007 0
vn 0.69802737236022949 0.71607106924057007 0
vn 0.69802737236022949 0.71607106924057007 0
vn 0.69802737236022949 0.71607106924057007 0
vn 0.69802737236022949 0.71607106924057007 0
vn 0.69802737236022949 0.71607106924057007 0
vn 0.69802737236022949 0.71607106924057007 0
vn 0.69802737236022949 0.71607106924057007 0
vn 0.69802737236022949 0.71607106924057007 0
vn 0.69802737236022949 0.71607106924057007 0
vn 0 0 1
vn 0 0 1
vn 0 0 1
vn 0 0 1
vn 0 0 1
vn 0 0 1
vn 0 0 1
vn 0 0 1
vn 0 0 1
vn 0 0 1
vn 0 0 1
vn 0 0 1
f 1447/1447/1447 1440/1440/1440 1436/1436/1436
f 1447/1447/1447 1446/1446/1446 1443/1443/1443
f 1437/1437/1437 1445/1445/1445 1446/1446/1446
f 1446/1446/1446 1445/1445/1445 1443/1443/1443
f 1443/1443/1443 1440/1440/1440 1447/1447/1447
f 1442/1442/1442 1438/1438/1438 1441/1441/1441
f 1443/1443/1443 1442/1442/1442 1441/1441/1441
f 1439/1439/1439 1443/1443/1443 1444/1444/1444
f 1443/1443/1443 1445/1445/1445 1444/1444/1444
f 1441/1441/1441 1440/1440/1440 1443/1443/1443
f 1453/1453/1453 1455/1455/1455 1448/1448/1448
f 1452/1452/1452 1457/1457/1457 1456/1456/1456 1453/1453/1453
f 1452/1452/1452 1449/1449/1449 1454/1454/1454
f 1455/1455/1455 1453/1453/1453 1456/1456/1456
f 1451/1451/1451 1457/1457/1457 1454/1454/1454
f 1457/1457/1457 1452/1452/1452 1454/1454/1454
f 1450/1450/1450 1455/1455/1455 1456/1456/1456
f 1463/1463/1463 1464/1464/1464 1458/1458/1458
f 1464/1464/1464 1463/1463/1463 1462/1462/1462
f 1462/1462/1462 1459/1459/1459 1467/1467/1467
f 1467/1467/1467 1464/1464/1464 1462/1462/1462
f 1465/1465/1465 1464/1464/1464 1466/1466/1466
f 1461/1461/1461 1466/1466/1466 1467/1467/1467
f 1466/1466/1466 1464/1464/1464 1467/1467/1467
f 1460/1460/1460 1464/1464/1464 1465/1465/1465
f 1473/1473/1473 1472/1472/1472 1475/1475/1475
f 1469/1469/1469 1474/1474/1474 1472/1472/1472
f 1472/1472/1472 1474/1474/1474 1475/1475/1475
f 1475/1475/1475 1468/1468/1468 1473/1473/1473
f 1476/1476/1476 1470/1470/1470 1475/1475/1475
f 1475/1475/1475 1477/1477/1477 1476/1476/1476
f 1477/1477/1477 1474/1474/1474 1471/1471/1471
f 1475/1475/1475 1474/1474/1474 1477/1477/1477
f 1483/1483/1483 1485/1485/1485 1478/1478/1478
f 1485/1485/1485 1483/1483/1483 1482/1482/1482
f 1482/1482/1482 1479/1479/1479 1484/1484/1484
f 1484/1484/1484 1485/1485/1485 1482/1482/1482
f 1486/1486/1486 1485/1485/1485 1487/1487/1487
f 1481/1481/1481 1487/1487/1487 1484/1484/1484
f 1487/1487/1487 1485/1485/1485 1484/1484/1484
f 1480/1480/1480 1485/1485/1485 1486/1486/1486
f 1499/1499/1499 1488/1488/1488 1492/1492/1492
f 1499/1499/1499 1495/1495/1495 1498/1498/1498
f 1489/1489/1489 1498/1498/1498 1497/1497/1497
f 1498/1498/1498 1495/1495/1495 1497/1497/1497
f 1495/1495/1495 1499/1499/1499 1492/1492/1492
f 1494/1494/1494 1493/1493/1493 1490/1490/1490
f 1495/1495/1495 1493/1493/1493 1494/1494/1494
f 1491/1491/1491 1496/1496/1496 1495/1495/1495
f 1495/1495/1495 1496/1496/1496 1497/1497/1497
f 1493/1493/1493 1495/1495/1495 1492/1492/1492
usemtl diffuse_0
v 23.916093826293945 -206.27134704589844 -0.375
v 23.189395904541016 -201.02241516113281 -0.375
v 22.462697982788086 -195.77349853515625 -0.375
v 15.694036483764648 -196.70805358886719 -0.375
v 16.417842864990234 -201.93629455566406 -0.375
v 17.141647338867188 -207.16452026367188 -0.375
v 18.177204132080078 -207.07249450683594 -0.375
v 18.079553604125977 -201.73190307617188 -0.375
v 17.216587066650391 -201.85137939453125 -0.375
v 18.450485229492188 -204.4111328125 -0.375
v 17.587518692016602 -204.53060913085938 -0.375
v 22.462697982788086 -195.77349853515625 -0.375
v 15.694036483764648 -196.70805358886719 -0.375
v 22.462697982788086 -195.77349853515625 27.815000534057617
v 15.694036483764648 -196.70805358886719 27.815000534057617
v 22.462697982788086 -195.77349853515625 13.720000267028809
v 15.694036483764648 -196.70805358886719 13.720000267028809
v 15.694036483764648 -196.70805358886719 -0.375
v 17.141647338867188 -207.16452026367188 -0.375
v 15.694036483764648 -196.70805358886719 27.815000534057617
v 17.141647338867188 -207.16452026367188 27.815000534057617
v 15.694036483764648 -196.70805358886719 13.720000267028809
v 16.417842864990234 -201.93629455566406 27.815000534057617
v 17.141647338867188 -207.16452026367188 23.787857055664063
v 17.141647338867188 -207.16452026367188 19.760713577270508
v 17.141647338867188 -207.16452026367188 15.73357105255127
v 17.141647338867188 -207.16452026367188 11.706428527832031
v 17.141647338867188 -207.16452026367188 7.6792855262756348
v 17.141647338867188 -207.16452026367188 3.6521427631378174
v 16.417842864990234 -201.93629455566406 -0.375
v 17.141647338867188 -207.16452026367188 -0.375
v 18.177204132080078 -207.07249450683594 -0.375
v 17.141647338867188 -207.16452026367188 27.815000534057617
v 18.177204132080078 -207.07249450683594 27.815000534057617
v 17.141647338867188 -207.16452026367188 3.6521427631378174
v 17.141647338867188 -207.16452026367188 7.6792855262756348
v 17.141647338867188 -207.16452026367188 11.706428527832031
v 17.141647338867188 -207.16452026367188 15.73357105255127
v 17.141647338867188 -207.16452026367188 19.760713577270508
v 17.141647338867188 -207.16452026367188 23.787857055664063
v 18.177204132080078 -207.07249450683594 23.787857055664063
v 18.177204132080078 -207.07249450683594 19.760713577270508
v 18.177204132080078 -207.07249450683594 15.73357105255127
v 18.177204132080078 -207.07249450683594 11.706428527832031
v 18.177204132080078 -207.07249450683594 7.6792855262756348
v 18.177204132080078 -207.07249450683594 3.6521427631378174
v 18.177204132080078 -207.07249450683594 -0.375
v 23.916093826293945 -206.27134704589844 -0.375
v 18.177204132080078 -207.07249450683594 27.815000534057617
v 23.916093826293945 -206.27134704589844 27.815000534057617
v 18.177204132080078 -207.07249450683594 3.6521427631378174
v 18.177204132080078 -207.07249450683594 7.6792855262756348
v 18.177204132080078 -207.07249450683594 11.706428527832031
v 18.177204132080078 -207.07249450683594 15.73357105255127
v 18.177204132080078 -207.07249450683594 19.760713577270508
v 18.177204132080078 -207.07249450683594 23.787857055664063
v 23.916093826293945 -206.27134704589844 13.720000267028809
v 23.916093826293945 -206.27134704589844 -0.375
v 22.462697982788086 -195.77349853515625 -0.375
v 23.916093826293945 -206.27134704589844 27.815000534057617
v 22.462697982788086 -195.77349853515625 27.815000534057617
v 23.189395904541016 -201.02241516113281 -0.375
v 23.189395904541016 -201.02241516113281 27.815000534057617
v 22.462697982788086 -195.77349853515625 13.720000267028809
v 23.916093826293945 -206.27134704589844 13.720000267028809
v 22.462697982788086 -195.77349853515625 27.815000534057617
v 15.694036483764648 -196.70805358886719 27.815000534057617
v 16.417842864990234 -201.93629455566406 27.815000534057617
v 17.141647338867188 -207.16452026367188 27.815000534057617
v 18.177204132080078 -207.07249450683594 27.815000534057617
v 18.079553604125977 -201.73190307617188 27.815000534057617
v 17.216587066650391 -201.85137939453125 27.815000534057617
v 18.450485229492188 -204.4111328125 27.815000534057617
v 17.587518692016602 -204.53060913085938 27.815000534057617
v 23.916093826293945 -206.27134704589844 27.815000534057617
v 23.189395904541016 -201.02241516113281 27.815000534057617
vt 0.2753511369228363 0.38480868935585022
vt 0.41211283206939697 0.38480868935585022
vt 0.54887455701828003 0.38480868935585022
vt 0.54893940687179565 0.5597221851348877
vt 0.41271704435348511 0.55972284078598022
vt 0.27649468183517456 0.55972349643707275
vt 0.27518230676651001 0.53314191102981567
vt 0.41206085681915283 0.51686942577362061
vt 0.41206085681915283 0.53917104005813599
vt 0.34225279092788696 0.51686942577362061
vt 0.34225279092788696 0.53917104005813599
vt 0.27244475483894348 0
vt 0.27244475483894348 0.17488475143909454
vt 0.99853515625 0
vt 0.99853515625 0.17488475143909454
vt 0.63548994064331055 0
vt 0.63548994064331055 0.17488475143909454
vt 0.27097991108894348 0
vt 0 0
vt 0.27097991108894348 0.72755527496337891
vt 0 0.72755527496337891
vt 0.27097991108894348 0.36377763748168945
vt 0.13548995554447174 0.72755527496337891
vt 0 0.62361878156661987
vt 0 0.51968234777450562
vt 0 0.41574588418006897
vt 0 0.31180939078330994
vt 0 0.20787294209003448
vt 0 0.10393647104501724
vt 0.13548995554447174 0
vt 0.27244475483894348 0.17634959518909454
vt 0.27244475483894348 0.20171673595905304
vt 0.99853515625 0.17634959518909454
vt 0.99853515625 0.20171673595905304
vt 0.37617194652557373 0.17634959518909454
vt 0.47989916801452637 0.17634959518909454
vt 0.58362632989883423 0.17634959518909454
vt 0.68735355138778687 0.17634959518909454
vt 0.7910807728767395 0.17634959518909454
vt 0.89480793476104736 0.17634959518909454
vt 0.89480793476104736 0.20171673595905304
vt 0.7910807728767395 0.20171673595905304
vt 0.68735355138778687 0.20171673595905304
vt 0.58362632989883423 0.20171673595905304
vt 0.47989916801452637 0.20171673595905304
vt 0.37617194652557373 0.20171673595905304
vt 0.27244475483894348 0.56293749809265137
vt 0.27244475483894348 0.71102386713027954
vt 0.99853515625 0.56293749809265137
vt 0.99853515625 0.71102386713027954
vt 0.37617194652557373 0.56293749809265137
vt 0.47989916801452637 0.56293749809265137
vt 0.58362632989883423 0.56293749809265137
vt 0.68735355138778687 0.56293749809265137
vt 0.7910807728767395 0.56293749809265137
vt 0.89480793476104736 0.56293749809265137
vt 0.63548994064331055 0.71102386713027954
vt 0.27244475483894348 0.71248871088027954
vt 0.27244475483894348 0.98454725742340088
vt 0.99853515625 0.71248871088027954
vt 0.99853515625 0.98454725742340088
vt 0.27244475483894348 0.84851795434951782
vt 0.99853515625 0.84851795434951782
vt 0.63548994064331055 0.98454725742340088
vt 0.63548994064331055 0.71248871088027954
vt 0.54887455701828003 0.20493072271347046
vt 0.54893940687179565 0.37984421849250793
vt 0.41271704435348511 0.37984487414360046
vt 0.27649468183517456 0.37984555959701538
vt 0.27518230676651001 0.35326394438743591
vt 0.41206085681915283 0.33699142932891846
vt 0.41206085681915283 0.35929307341575623
vt 0.34225279092788696 0.33699142932891846
vt 0.34225279092788696 0.35929307341575623
vt 0.2753511369228363 0.20493072271347046
vt 0.41211283206939697 0.20493072271347046
vn 0 0 -1
vn 0 0 -1
vn 0 0 -1
vn 0 0 -1
vn 0 0 -1
vn 0 0 -1
vn 0 0 -1
vn 0 0 -1
vn 0 0 -1
vn 0 0 -1
vn 0 0 -1
vn -0.13677439093589783 0.99060219526290894 0
vn -0.13677439093589783 0.99060219526290894 0
vn -0.13677439093589783 0.99060219526290894 0
vn -0.13677439093589783 0.99060219526290894 0
vn -0.13677439093589783 0.99060219526290894 0
vn -0.13677439093589783 0.99060219526290894 0
vn -0.99055254459381104 -0.13713383674621582 0
vn -0.99055254459381104 -0.13713383674621582 0
vn -0.99055254459381104 -0.13713383674621582 0
vn -0.99055254459381104 -0.13713383674621582 0
vn -0.99055254459381104 -0.13713383674621582 0
vn -0.99055254459381104 -0.13713383674621582 0
vn -0.99055254459381104 -0.13713383674621582 0
vn -0.99055254459381104 -0.13713383674621582 0
vn -0.99055254459381104 -0.13713383674621582 0
vn -0.99055254459381104 -0.13713383674621582 0
vn -0.99055254459381104 -0.13713383674621582 0
vn -0.99055254459381104 -0.13713383674621582 0
vn -0.99055254459381104 -0.13713383674621582 0
vn 0.088526308536529541 -0.99607384204864502 0
vn 0.088526308536529541 -0.99607384204864502 0
vn 0.088526308536529541 -0.99607384204864502 0
vn 0.088526308536529541 -0.99607384204864502 0
vn 0.088526308536529541 -0.99607384204864502 0
vn 0.088526308536529541 -0.99607384204864502 0
vn 0.088526308536529541 -0.99607384204864502 0
vn 0.088526308536529541 -0.99607384204864502 0
vn 0.088526308536529541 -0.99607384204864502 0
vn 0.088526308536529541 -0.99607384204864502 0
vn 0.088526308536529541 -0.99607384204864502 0
vn 0.088526308536529541 -0.99607384204864502 0
vn 0.088526308536529541 -0.99607384204864502 0
vn 0.088526308536529541 -0.99607384204864502 0
vn 0.088526308536529541 -0.99607384204864502 0
vn 0.088526308536529541 -0.99607384204864502 0
vn 0.13825692236423492 -0.99039638042449951 0
vn 0.13825692236423492 -0.99039638042449951 0
vn 0.13825692236423492 -0.99039638042449951 0
vn 0.13825692236423492 -0.99039638042449951 0
vn 0.13825692236423492 -0.99039638042449951 0
vn 0.13825692236423492 -0.99039638042449951 0
vn 0.13825692236423492 -0.99039638042449951 0
vn 0.13825692236423492 -0.99039638042449951 0
vn 0.13825692236423492 -0.99039638042449951 0
vn 0.13825692236423492 -0.99039638042449951 0
vn 0.13825692236423492 -0.99039638042449951 0
vn 0.99055182933807373 0.13713879883289337 0
vn 0.99055182933807373 0.13713879883289337 0
vn 0.99055182933807373 0.13713879883289337 0
vn 0.99055182933807373 0.13713879883289337 0
vn 0.99055182933807373 0.13713879883289337 0
vn 0.99055182933807373 0.13713879883289337 0
vn 0.99055182933807373 0.13713879883289337 0
vn 0.99055182933807373 0.13713879883289337 0
vn 0 0 1
vn 0 0 1
vn 0 0 1
vn 0 0 1
vn 0 0 1
vn 0 0 1
vn 0 0 1
vn 0 0 1
vn 0 0 1
vn 0 0 1
vn 0 0 1
f 1508/1508/1508 1507/1507/1507 1509/1509/1509 1510/1510/1510
f 1506/1506/1506 1509/1509/1509 1500/1500/1500
f 1500/1500/1500 1509/1509/1509 1507/1507/1507 1501/1501/1501
f 1505/1505/1505 1510/1510/1510 1506/1506/1506
f 1509/1509/1509 1506/1506/1506 1510/1510/1510
f 1504/1504/1504 1510/1510/1510 1505/1505/1505
f 1502/1502/1502 1501/1501/1501 1507/1507/1507
f 1503/1503/1503 1502/1502/1502 1507/1507/1507
f 1504/1504/1504 1503/1503/1503 1508/1508/1508
f 1507/1507/1507 1508/1508/1508 1503/1503/1503
f 1510/1510/1510 1504/1504/1504 1508/1508/1508
f 1512/1512/1512 1516/1516/1516 1515/1515/1515 1511/1511/1511
f 1513/1513/1513 1515/1515/1515 1516/1516/1516 1514/1514/1514
f 1525/1525/1525 1529/1529/1529 1526/1526/1526
f 1528/1528/1528 1529/1529/1529 1518/1518/1518
f 1529/1529/1529 1528/1528/1528 1527/1527/1527
f 1529/1529/1529 1527/1527/1527 1526/1526/1526
f 1521/1521/1521 1517/1517/1517 1529/1529/1529
f 1522/1522/1522 1519/1519/1519 1521/1521/1521
f 1529/1529/1529 1525/1525/1525 1522/1522/1522
f 1522/1522/1522 1525/1525/1525 1524/1524/1524
f 1522/1522/1522 1523/1523/1523 1520/1520/1520
f 1523/1523/1523 1522/1522/1522 1524/1524/1524
f 1521/1521/1521 1529/1529/1529 1522/1522/1522
f 1530/1530/1530 1531/1531/1531 1545/1545/1545 1534/1534/1534
f 1536/1536/1536 1535/1535/1535 1544/1544/1544 1543/1543/1543
f 1534/1534/1534 1545/1545/1545 1544/1544/1544 1535/1535/1535
f 1543/1543/1543 1542/1542/1542 1537/1537/1537 1536/1536/1536
f 1538/1538/1538 1537/1537/1537 1542/1542/1542 1541/1541/1541
f 1532/1532/1532 1539/1539/1539 1540/1540/1540 1533/1533/1533
f 1539/1539/1539 1538/1538/1538 1541/1541/1541 1540/1540/1540
f 1547/1547/1547 1550/1550/1550 1546/1546/1546
f 1556/1556/1556 1551/1551/1551 1550/1550/1550 1547/1547/1547
f 1552/1552/1552 1551/1551/1551 1556/1556/1556
f 1556/1556/1556 1554/1554/1554 1553/1553/1553
f 1549/1549/1549 1555/1555/1555 1554/1554/1554
f 1556/1556/1556 1549/1549/1549 1554/1554/1554
f 1548/1548/1548 1555/1555/1555 1549/1549/1549
f 1552/1552/1552 1556/1556/1556 1553/1553/1553
f 1561/1561/1561 1564/1564/1564 1557/1557/1557
f 1561/1561/1561 1558/1558/1558 1563/1563/1563
f 1563/1563/1563 1564/1564/1564 1561/1561/1561
f 1564/1564/1564 1563/1563/1563 1562/1562/1562
f 1562/1562/1562 1563/1563/1563 1560/1560/1560
f 1559/1559/1559 1564/1564/1564 1562/1562/1562
f 1571/1571/1571 1573/1573/1573 1572/1572/1572 1570/1570/1570
f 1569/1569/1569 1574/1574/1574 1572/1572/1572
f 1574/1574/1574 1575/1575/1575 1570/1570/1570 1572/1572/1572
f 1568/1568/1568 1569/1569/1569 1573/1573/1573
f 1572/1572/1572 1573/1573/1573 1569/1569/1569
f 1567/1567/1567 1568/1568/1568 1573/1573/1573
f 1565/1565/1565 1570/1570/1570 1575/1575/1575
f 1566/1566/1566 1570/1570/1570 1565/1565/1565
f 1567/1567/1567 1571/1571/1571 1566/1566/1566
f 1570/1570/1570 1566/1566/1566 1571/1571/1571
f 1573/1573/1573 1571/1571/1571 1567/1567/1567
usemtl diffuse_0
v 15.694036483764648 -196.70805358886719 -0.375
v 17.141647338867188 -207.16452026367188 -0.375
v 8.5319385528564453 -197.34413146972656 -0.375
v 9.8810415267944336 -207.7733154296875 -0.375
v 12.112987518310547 -197.02609252929688 -0.375
v 8.9816398620605469 -200.82052612304688 -0.375
v 9.431340217590332 -204.29692077636719 -0.375
v 13.511344909667969 -207.46891784667969 -0.375
v 16.659111022949219 -203.67903137207031 -0.375
v 16.176572799682617 -200.19354248046875 -0.375
v 15.694036483764648 -196.70805358886719 -0.375
v 8.5319385528564453 -197.34413146972656 -0.375
v 15.694036483764648 -196.70805358886719 36.814998626708984
v 8.5319385528564453 -197.34413146972656 36.814998626708984
v 12.112987518310547 -197.02609252929688 -0.375
v 15.694036483764648 -196.70805358886719 18.219999313354492
v 12.112987518310547 -197.02609252929688 18.219999313354492
v 10.322463035583496 -197.18511962890625 18.219999313354492
v 12.112987518310547 -197.02609252929688 8.9224996566772461
v 10.322463035583496 -197.18511962890625 8.9224996566772461
v 13.903512001037598 -196.86708068847656 18.219999313354492
v 13.903512001037598 -196.86708068847656 8.9224996566772461
v 12.112987518310547 -197.02609252929688 36.814998626708984
v 12.112987518310547 -197.02609252929688 27.517499923706055
v 13.903512001037598 -196.86708068847656 27.517499923706055
v 10.322463035583496 -197.18511962890625 27.517499923706055
v 8.5319385528564453 -197.34413146972656 24.418333053588867
v 8.5319385528564453 -197.34413146972656 12.021666526794434
v 8.5319385528564453 -197.34413146972656 -0.375
v 9.8810415267944336 -207.7733154296875 -0.375
v 9.2064895629882813 -202.55873107910156 18.219999313354492
v 8.5319385528564453 -197.34413146972656 36.814998626708984
v 9.8810415267944336 -207.7733154296875 36.814998626708984
v 9.431340217590332 -204.29692077636719 -0.375
v 8.9816398620605469 -200.82052612304688 -0.375
v 9.5437650680541992 -205.166015625 18.219999313354492
v 9.2064895629882813 -202.55873107910156 8.9224996566772461
v 9.5437650680541992 -205.166015625 8.9224996566772461
v 8.8692140579223633 -199.95143127441406 18.219999313354492
v 8.8692140579223633 -199.95143127441406 8.9224996566772461
v 8.5319385528564453 -197.34413146972656 12.021666526794434
v 8.5319385528564453 -197.34413146972656 24.418333053588867
v 8.9816398620605469 -200.82052612304688 36.814998626708984
v 9.431340217590332 -204.29692077636719 36.814998626708984
v 9.2064895629882813 -202.55873107910156 27.517499923706055
v 8.8692140579223633 -199.95143127441406 27.517499923706055
v 9.5437650680541992 -205.166015625 27.517499923706055
v 9.8810415267944336 -207.7733154296875 24.418333053588867
v 9.8810415267944336 -207.7733154296875 12.021666526794434
v 9.8810415267944336 -207.7733154296875 -0.375
v 17.141647338867188 -207.16452026367188 -0.375
v 9.8810415267944336 -207.7733154296875 36.814998626708984
v 17.141647338867188 -207.16452026367188 36.814998626708984
v 13.511344909667969 -207.46891784667969 -0.375
v 17.141647338867188 -207.16452026367188 18.219999313354492
v 13.511344909667969 -207.46891784667969 18.219999313354492
v 15.326496124267578 -207.31672668457031 18.219999313354492
v 13.511344909667969 -207.46891784667969 8.9224996566772461
v 15.326496124267578 -207.31672668457031 8.9224996566772461
v 11.696192741394043 -207.62110900878906 18.219999313354492
v 11.696192741394043 -207.62110900878906 8.9224996566772461
v 9.8810415267944336 -207.7733154296875 12.021666526794434
v 9.8810415267944336 -207.7733154296875 24.418333053588867
v 13.511344909667969 -207.46891784667969 36.814998626708984
v 13.511344909667969 -207.46891784667969 27.517499923706055
v 11.696192741394043 -207.62110900878906 27.517499923706055
v 15.326496124267578 -207.31672668457031 27.517499923706055
v 17.141647338867188 -207.16452026367188 -0.375
v 15.694036483764648 -196.70805358886719 -0.375
v 17.141647338867188 -207.16452026367188 36.814998626708984
v 15.694036483764648 -196.70805358886719 36.814998626708984
v 16.176572799682617 -200.19354248046875 -0.375
v 16.659111022949219 -203.67903137207031 -0.375
v 15.694036483764648 -196.70805358886719 18.219999313354492
v 17.141647338867188 -207.16452026367188 18.219999313354492
v 16.417842864990234 -201.93629455566406 18.219999313354492
v 16.055938720703125 -199.32217407226563 18.219999313354492
v 16.417842864990234 -201.93629455566406 8.9224996566772461
v 16.055938720703125 -199.32217407226563 8.9224996566772461
v 16.779745101928711 -204.55039978027344 18.219999313354492
v 16.779745101928711 -204.55039978027344 8.9224996566772461
v 16.659111022949219 -203.67903137207031 36.814998626708984
v 16.176572799682617 -200.19354248046875 36.814998626708984
v 16.417842864990234 -201.93629455566406 27.517499923706055
v 16.779745101928711 -204.55039978027344 27.517499923706055
v 16.055938720703125 -199.32217407226563 27.517499923706055
v 15.694036483764648 -196.70805358886719 36.814998626708984
v 17.141647338867188 -207.16452026367188 36.814998626708984
v 8.5319385528564453 -197.34413146972656 36.814998626708984
v 9.8810415267944336 -207.7733154296875 36.814998626708984
v 12.112987518310547 -197.02609252929688 36.814998626708984
v 8.9816398620605469 -200.82052612304688 36.814998626708984
v 9.431340217590332 -204.29692077636719 36.814998626708984
v 13.511344909667969 -207.46891784667969 36.814998626708984
v 16.659111022949219 -203.67903137207031 36.814998626708984
v 16.176572799682617 -200.19354248046875 36.814998626708984
vt 0.22749587893486023 0.40331989526748657
vt 0 0.40331989526748657
vt 0.22749587893486023 0.56135284900665283
vt 0 0.56135284900665283
vt 0.22749587893486023 0.48233640193939209
vt 0.15166391432285309 0.56135284900665283
vt 0.075831957161426544 0.56135284900665283
vt 0 0.48233640193939209
vt 0.075831957161426544 0.40331989526748657
vt 0.15166391432285309 0.40331989526748657
vt 0.84050220251083374 0
vt 0.68601185083389282 0
vt 0.84050220251083374 0.80517494678497314
vt 0.68601185083389282 0.80517494678497314
vt 0.76325702667236328 0
vt 0.84050220251083374 0.40258747339248657
vt 0.76325702667236328 0.40258747339248657
vt 0.72463440895080566 0.40258747339248657
vt 0.76325702667236328 0.20129373669624329
vt 0.72463440895080566 0.20129373669624329
vt 0.80187958478927612 0.40258747339248657
vt 0.80187958478927612 0.20129373669624329
vt 0.76325702667236328 0.80517494678497314
vt 0.76325702667236328 0.60388123989105225
vt 0.80187958478927612 0.60388123989105225
vt 0.72463440895080566 0.60388123989105225
vt 0.68601185083389282 0.53678333759307861
vt 0.68601185083389282 0.26839166879653931
vt 0.45558628439903259 0
vt 0.22896072268486023 0
vt 0.34227350354194641 0.40258747339248657
vt 0.45558628439903259 0.80517494678497314
vt 0.22896072268486023 0.80517494678497314
vt 0.30450257658958435 0
vt 0.38004443049430847 0
vt 0.28561711311340332 0.40258747339248657
vt 0.34227350354194641 0.20129373669624329
vt 0.28561711311340332 0.20129373669624329
vt 0.3989298939704895 0.40258747339248657
vt 0.3989298939704895 0.20129373669624329
vt 0.45558628439903259 0.26839166879653931
vt 0.45558628439903259 0.53678333759307861
vt 0.38004443049430847 0.80517494678497314
vt 0.30450257658958435 0.80517494678497314
vt 0.34227350354194641 0.60388123989105225
vt 0.3989298939704895 0.60388123989105225
vt 0.28561711311340332 0.60388123989105225
vt 0.22896072268486023 0.53678333759307861
vt 0.22896072268486023 0.26839166879653931
vt 0.99853515625 0
vt 0.84196704626083374 0
vt 0.99853515625 0.80517494678497314
vt 0.84196704626083374 0.80517494678497314
vt 0.92025107145309448 0
vt 0.84196704626083374 0.40258747339248657
vt 0.92025107145309448 0.40258747339248657
vt 0.88110905885696411 0.40258747339248657
vt 0.92025107145309448 0.20129373669624329
vt 0.88110905885696411 0.20129373669624329
vt 0.95939314365386963 0.40258747339248657
vt 0.95939314365386963 0.20129373669624329
vt 0.99853515625 0.26839166879653931
vt 0.99853515625 0.53678333759307861
vt 0.92025107145309448 0.80517494678497314
vt 0.92025107145309448 0.60388123989105225
vt 0.95939314365386963 0.60388123989105225
vt 0.88110905885696411 0.60388123989105225
vt 0.68454700708389282 0
vt 0.45705112814903259 0
vt 0.68454700708389282 0.80517494678497314
vt 0.45705112814903259 0.80517494678497314
vt 0.53288310766220093 0
vt 0.60871505737304688 0
vt 0.45705112814903259 0.40258747339248657
vt 0.68454700708389282 0.40258747339248657
vt 0.57079905271530151 0.40258747339248657
vt 0.51392507553100586 0.40258747339248657
vt 0.57079905271530151 0.20129373669624329
vt 0.51392507553100586 0.20129373669624329
vt 0.62767302989959717 0.40258747339248657
vt 0.62767302989959717 0.20129373669624329
vt 0.60871505737304688 0.80517494678497314
vt 0.53288310766220093 0.80517494678497314
vt 0.57079905271530151 0.60388123989105225
vt 0.62767302989959717 0.60388123989105225
vt 0.51392507553100586 0.60388123989105225
vt 0.22749587893486023 0
vt 0 0
vt 0.22749587893486023 0.15803298354148865
vt 0 0.15803298354148865
vt 0.22749587893486023 0.079016491770744324
vt 0.15166391432285309 0.15803298354148865
vt 0.075831957161426544 0.15803298354148865
vt 0 0.079016491770744324
vt 0.075831957161426544 0
vt 0.15166391432285309 0
vn 0 0 -1
vn 0 0 -1
vn 0 0 -1
vn 0 0 -1
vn 0 0 -1
vn 0 0 -1
vn 0 0 -1
vn 0 0 -1
vn 0 0 -1
vn 0 0 -1
vn -0.088464133441448212 0.99607938528060913 0
vn -0.088464133441448212 0.99607938528060913 0
vn -0.088464133441448212 0.99607938528060913 0
vn -0.088464133441448212 0.99607938528060913 0
vn -0.088464133441448212 0.99607938528060913 0
vn -0.088464133441448212 0.99607938528060913 0
vn -0.088464133441448212 0.99607938528060913 0
vn -0.088464133441448212 0.99607938528060913 0
vn -0.088464133441448212 0.99607938528060913 0
vn -0.088464133441448212 0.99607938528060913 0
vn -0.088464133441448212 0.99607938528060913 0
vn -0.088464133441448212 0.99607938528060913 0
vn -0.088464133441448212 0.99607938528060913 0
vn -0.088464133441448212 0.99607938528060913 0
vn -0.088464133441448212 0.99607938528060913 0
vn -0.088464133441448212 0.99607938528060913 0
vn -0.088464133441448212 0.99607938528060913 0
vn -0.088464133441448212 0.99607938528060913 0
vn -0.9917367696762085 -0.12828958034515381 0
vn -0.9917367696762085 -0.12828958034515381 0
vn -0.9917367696762085 -0.12828958034515381 0
vn -0.9917367696762085 -0.12828958034515381 0
vn -0.9917367696762085 -0.12828958034515381 0
vn -0.9917367696762085 -0.12828958034515381 0
vn -0.9917367696762085 -0.12828958034515381 0
vn -0.9917367696762085 -0.12828958034515381 0
vn -0.9917367696762085 -0.12828958034515381 0
vn -0.9917367696762085 -0.12828958034515381 0
vn -0.9917367696762085 -0.12828958034515381 0
vn -0.9917367696762085 -0.12828958034515381 0
vn -0.9917367696762085 -0.12828958034515381 0
vn -0.9917367696762085 -0.12828958034515381 0
vn -0.9917367696762085 -0.12828958034515381 0
vn -0.9917367696762085 -0.12828958034515381 0
vn -0.9917367696762085 -0.12828958034515381 0
vn -0.9917367696762085 -0.12828958034515381 0
vn -0.9917367696762085 -0.12828958034515381 0
vn -0.9917367696762085 -0.12828958034515381 0
vn -0.9917367696762085 -0.12828958034515381 0
vn 0.083555072546005249 -0.99650317430496216 0
vn 0.083555072546005249 -0.99650317430496216 0
vn 0.083555072546005249 -0.99650317430496216 0
vn 0.083555072546005249 -0.99650317430496216 0
vn 0.083555072546005249 -0.99650317430496216 0
vn 0.083555072546005249 -0.99650317430496216 0
vn 0.083555072546005249 -0.99650317430496216 0
vn 0.083555072546005249 -0.99650317430496216 0
vn 0.083555072546005249 -0.99650317430496216 0
vn 0.083555072546005249 -0.99650317430496216 0
vn 0.083555072546005249 -0.99650317430496216 0
vn 0.083555072546005249 -0.99650317430496216 0
vn 0.083555072546005249 -0.99650317430496216 0
vn 0.083555072546005249 -0.99650317430496216 0
vn 0.083555072546005249 -0.99650317430496216 0
vn 0.083555072546005249 -0.99650317430496216 0
vn 0.083555072546005249 -0.99650317430496216 0
vn 0.083555072546005249 -0.99650317430496216 0
vn 0.99055254459381104 0.13713383674621582 0
vn 0.99055254459381104 0.13713383674621582 0
vn 0.99055254459381104 0.13713383674621582 0
vn 0.99055254459381104 0.13713383674621582 0
vn 0.99055254459381104 0.13713383674621582 0
vn 0.99055254459381104 0.13713383674621582 0
vn 0.99055254459381104 0.13713383674621582 0
vn 0.99055254459381104 0.13713383674621582 0
vn 0.99055254459381104 0.13713383674621582 0
vn 0.99055254459381104 0.13713383674621582 0
vn 0.99055254459381104 0.13713383674621582 0
vn 0.99055254459381104 0.13713383674621582 0
vn 0.99055254459381104 0.13713383674621582 0
vn 0.99055254459381104 0.13713383674621582 0
vn 0.99055254459381104 0.13713383674621582 0
vn 0.99055254459381104 0.13713383674621582 0
vn 0.99055254459381104 0.13713383674621582 0
vn 0.99055254459381104 0.13713383674621582 0
vn 0.99055254459381104 0.13713383674621582 0
vn 0 0 1
vn 0 0 1
vn 0 0 1
vn 0 0 1
vn 0 0 1
vn 0 0 1
vn 0 0 1
vn 0 0 1
vn 0 0 1
vn 0 0 1
f 1585/1585/1585 1580/1580/1580 1576/1576/1576
f 1585/1585/1585 1584/1584/1584 1583/1583/1583
f 1584/1584/1584 1577/1577/1577 1583/1583/1583
f 1580/1580/1580 1585/1585/1585 1583/1583/1583
f 1581/1581/1581 1580/1580/1580 1582/1582/1582
f 1579/1579/1579 1582/1582/1582 1583/1583/1583
f 1582/1582/1582 1580/1580/1580 1583/1583/1583
f 1578/1578/1578 1580/1580/1580 1581/1581/1581
f 1601/1601/1601 1599/1599/1599 1592/1592/1592 1593/1593/1593
f 1593/1593/1593 1592/1592/1592 1594/1594/1594 1595/1595/1595
f 1592/1592/1592 1596/1596/1596 1597/1597/1597 1594/1594/1594
f 1599/1599/1599 1600/1600/1600 1596/1596/1596 1592/1592/1592
f 1597/1597/1597 1586/1586/1586 1590/1590/1590
f 1586/1586/1586 1597/1597/1597 1591/1591/1591
f 1594/1594/1594 1597/1597/1597 1590/1590/1590
f 1587/1587/1587 1595/1595/1595 1590/1590/1590
f 1594/1594/1594 1590/1590/1590 1595/1595/1595
f 1587/1587/1587 1603/1603/1603 1595/1595/1595
f 1595/1595/1595 1603/1603/1603 1593/1593/1593
f 1591/1591/1591 1597/1597/1597 1596/1596/1596
f 1600/1600/1600 1591/1591/1591 1596/1596/1596
f 1600/1600/1600 1598/1598/1598 1588/1588/1588
f 1600/1600/1600 1588/1588/1588 1591/1591/1591
f 1598/1598/1598 1600/1600/1600 1599/1599/1599
f 1603/1603/1603 1602/1602/1602 1593/1593/1593
f 1601/1601/1601 1593/1593/1593 1602/1602/1602
f 1599/1599/1599 1601/1601/1601 1598/1598/1598
f 1589/1589/1589 1598/1598/1598 1601/1601/1601
f 1602/1602/1602 1589/1589/1589 1601/1601/1601
f 1606/1606/1606 1614/1614/1614 1615/1615/1615 1612/1612/1612
f 1611/1611/1611 1606/1606/1606 1612/1612/1612 1613/1613/1613
f 1620/1620/1620 1621/1621/1621 1614/1614/1614 1606/1606/1606
f 1622/1622/1622 1620/1620/1620 1606/1606/1606 1611/1611/1611
f 1615/1615/1615 1604/1604/1604 1610/1610/1610
f 1614/1614/1614 1616/1616/1616 1615/1615/1615
f 1604/1604/1604 1615/1615/1615 1616/1616/1616
f 1617/1617/1617 1616/1616/1616 1614/1614/1614
f 1612/1612/1612 1615/1615/1615 1610/1610/1610
f 1613/1613/1613 1609/1609/1609 1605/1605/1605
f 1611/1611/1611 1613/1613/1613 1624/1624/1624
f 1605/1605/1605 1624/1624/1624 1613/1613/1613
f 1609/1609/1609 1613/1613/1613 1612/1612/1612
f 1612/1612/1612 1610/1610/1610 1609/1609/1609
f 1607/1607/1607 1617/1617/1617 1621/1621/1621
f 1620/1620/1620 1618/1618/1618 1621/1621/1621
f 1607/1607/1607 1621/1621/1621 1618/1618/1618
f 1619/1619/1619 1618/1618/1618 1620/1620/1620
f 1624/1624/1624 1623/1623/1623 1611/1611/1611
f 1622/1622/1622 1611/1611/1611 1623/1623/1623
f 1608/1608/1608 1619/1619/1619 1622/1622/1622
f 1623/1623/1623 1608/1608/1608 1622/1622/1622
f 1622/1622/1622 1619/1619/1619 1620/1620/1620
f 1617/1617/1617 1614/1614/1614 1621/1621/1621
f 1642/1642/1642 1640/1640/1640 1631/1631/1631 1632/1632/1632
f 1632/1632/1632 1631/1631/1631 1633/1633/1633 1634/1634/1634
f 1631/1631/1631 1635/1635/1635 1636/1636/1636 1633/1633/1633
f 1640/1640/1640 1641/1641/1641 1635/1635/1635 1631/1631/1631
f 1629/1629/1629 1636/1636/1636 1625/1625/1625
f 1637/1637/1637 1625/1625/1625 1636/1636/1636
f 1636/1636/1636 1635/1635/1635 1637/1637/1637
f 1638/1638/1638 1637/1637/1637 1635/1635/1635
f 1634/1634/1634 1629/1629/1629 1626/1626/1626
f 1629/1629/1629 1634/1634/1634 1633/1633/1633
f 1633/1633/1633 1636/1636/1636 1629/1629/1629
f 1630/1630/1630 1634/1634/1634 1626/1626/1626
f 1627/1627/1627 1638/1638/1638 1641/1641/1641
f 1627/1627/1627 1641/1641/1641 1639/1639/1639
f 1640/1640/1640 1639/1639/1639 1641/1641/1641
f 1634/1634/1634 1630/1630/1630 1632/1632/1632
f 1642/1642/1642 1632/1632/1632 1630/1630/1630
f 1628/1628/1628 1639/1639/1639 1642/1642/1642
f 1630/1630/1630 1628/1628/1628 1642/1642/1642
f 1642/1642/1642 1639/1639/1639 1640/1640/1640
f 1638/1638/1638 1635/1635/1635 1641/1641/1641
f 1661/1661/1661 1659/1659/1659 1651/1651/1651 1652/1652/1652
f 1652/1652/1652 1651/1651/1651 1653/1653/1653 1654/1654/1654
f 1651/1651/1651 1655/1655/1655 1656/1656/1656 1653/1653/1653
f 1659/1659/1659 1660/1660/1660 1655/1655/1655 1651/1651/1651
f 1648/1648/1648 1656/1656/1656 1643/1643/1643
f 1650/1650/1650 1643/1643/1643 1656/1656/1656
f 1656/1656/1656 1655/1655/1655 1650/1650/1650
f 1660/1660/1660 1650/1650/1650 1655/1655/1655
f 1653/1653/1653 1648/1648/1648 1647/1647/1647
f 1644/1644/1644 1654/1654/1654 1647/1647/1647
f 1653/1653/1653 1647/1647/1647 1654/1654/1654
f 1649/1649/1649 1654/1654/1654 1644/1644/1644
f 1653/1653/1653 1656/1656/1656 1648/1648/1648
f 1657/1657/1657 1660/1660/1660 1659/1659/1659
f 1660/1660/1660 1657/1657/1657 1645/1645/1645
f 1645/1645/1645 1650/1650/1650 1660/1660/1660
f 1657/1657/1657 1659/1659/1659 1661/1661/1661 1658/1658/1658
f 1654/1654/1654 1649/1649/1649 1652/1652/1652
f 1661/1661/1661 1652/1652/1652 1649/1649/1649
f 1646/1646/1646 1658/1658/1658 1661/1661/1661
f 1649/1649/1649 1646/1646/1646 1661/1661/1661
f 1671/1671/1671 1662/1662/1662 1666/1666/1666
f 1666/1666/1666 1670/1670/1670 1671/1671/1671
f 1670/1670/1670 1669/1669/1669 1663/1663/1663
f 1669/1669/1669 1670/1670/1670 1666/1666/1666
f 1667/1667/1667 1668/1668/1668 1666/1666/1666
f 1665/1665/1665 1669/1669/1669 1668/1668/1668
f 1668/1668/1668 1669/1669/1669 1666/1666/1666
f 1664/1664/1664 1667/1667/1667 1666/1666/1666
usemtl diffuse_0
v 31.215951919555664 -195.19741821289063 -0.375
v 33.841346740722656 -197.74565124511719 -0.375
v 36.466739654541016 -200.29389953613281 -0.375
v 35.671039581298828 -201.23112487792969 -0.375
v 32.606929779052734 -204.86134338378906 -0.375
v 29.542821884155273 -208.49156188964844 -0.375
v 26.838031768798828 -206.41586303710938 -0.375
v 29.02699089050293 -200.806640625 -0.375
v 31.215951919555664 -195.19741821289063 -0.375
v 36.466739654541016 -200.29389953613281 -0.375
v 31.215951919555664 -195.19741821289063 26.305000305175781
v 36.466739654541016 -200.29389953613281 26.305000305175781
v 31.215951919555664 -195.19741821289063 12.965000152587891
v 33.841346740722656 -197.74565124511719 26.305000305175781
v 36.466739654541016 -200.29389953613281 12.965000152587891
v 33.841346740722656 -197.74565124511719 -0.375
v 36.466739654541016 -200.29389953613281 21.858333587646484
v 36.466739654541016 -200.29389953613281 17.411666870117188
v 36.466739654541016 -200.29389953613281 8.5183334350585938
v 36.466739654541016 -200.29389953613281 4.0716667175292969
v 36.466739654541016 -200.29389953613281 -0.375
v 35.671039581298828 -201.23112487792969 -0.375
v 36.466739654541016 -200.29389953613281 12.965000152587891
v 35.671039581298828 -201.23112487792969 12.965000152587891
v 36.466739654541016 -200.29389953613281 26.305000305175781
v 35.671039581298828 -201.23112487792969 26.305000305175781
v 36.466739654541016 -200.29389953613281 4.0716667175292969
v 36.466739654541016 -200.29389953613281 8.5183334350585938
v 36.466739654541016 -200.29389953613281 17.411666870117188
v 36.466739654541016 -200.29389953613281 21.858333587646484
v 35.671039581298828 -201.23112487792969 21.858333587646484
v 35.671039581298828 -201.23112487792969 17.411666870117188
v 35.671039581298828 -201.23112487792969 8.5183334350585938
v 35.671039581298828 -201.23112487792969 4.0716667175292969
v 35.671039581298828 -201.23112487792969 -0.375
v 29.542821884155273 -208.49156188964844 -0.375
v 35.671039581298828 -201.23112487792969 26.305000305175781
v 29.542821884155273 -208.49156188964844 26.305000305175781
v 35.671039581298828 -201.23112487792969 4.0716667175292969
v 35.671039581298828 -201.23112487792969 8.5183334350585938
v 35.671039581298828 -201.23112487792969 12.965000152587891
v 35.671039581298828 -201.23112487792969 17.411666870117188
v 35.671039581298828 -201.23112487792969 21.858333587646484
v 32.606929779052734 -204.86134338378906 26.305000305175781
v 29.542821884155273 -208.49156188964844 17.411666870117188
v 29.542821884155273 -208.49156188964844 8.5183334350585938
v 32.606929779052734 -204.86134338378906 -0.375
v 29.542821884155273 -208.49156188964844 -0.375
v 26.838031768798828 -206.41586303710938 -0.375
v 29.542821884155273 -208.49156188964844 26.305000305175781
v 26.838031768798828 -206.41586303710938 26.305000305175781
v 29.542821884155273 -208.49156188964844 8.5183334350585938
v 29.542821884155273 -208.49156188964844 17.411666870117188
v 26.838031768798828 -206.41586303710938 17.411666870117188
v 26.838031768798828 -206.41586303710938 8.5183334350585938
v 26.838031768798828 -206.41586303710938 -0.375
v 31.215951919555664 -195.19741821289063 -0.375
v 26.838031768798828 -206.41586303710938 26.305000305175781
v 31.215951919555664 -195.19741821289063 26.305000305175781
v 31.215951919555664 -195.19741821289063 12.965000152587891
v 26.838031768798828 -206.41586303710938 8.5183334350585938
v 26.838031768798828 -206.41586303710938 17.411666870117188
v 29.02699089050293 -200.806640625 26.305000305175781
v 29.02699089050293 -200.806640625 -0.375
v 31.215951919555664 -195.19741821289063 26.305000305175781
v 33.841346740722656 -197.74565124511719 26.305000305175781
v 36.466739654541016 -200.29389953613281 26.305000305175781
v 35.671039581298828 -201.23112487792969 26.305000305175781
v 32.606929779052734 -204.86134338378906 26.305000305175781
v 29.542821884155273 -208.49156188964844 26.305000305175781
v 26.838031768798828 -206.41586303710938 26.305000305175781
v 29.02699089050293 -200.806640625 26.305000305175781
vt 0.13427950441837311 0.86068594455718994
vt 0.13277873396873474 0.7595745325088501
vt 0.13127794861793518 0.65846306085586548
vt 0.16498760879039764 0.65569710731506348
vt 0.29520845413208008 0.64463323354721069
vt 0.42542931437492371 0.63356935977935791
vt 0.43766635656356812 0.72699755430221558
vt 0.28597292304039001 0.79384177923202515
vt 0.97581350803375244 0
vt 0.77503299713134766 0
vt 0.97581350803375244 0.73740357160568237
vt 0.77503299713134766 0.73740357160568237
vt 0.97581350803375244 0.36870178580284119
vt 0.87542325258255005 0.73740357160568237
vt 0.77503299713134766 0.36870178580284119
vt 0.87542325258255005 0
vt 0.77503299713134766 0.61450296640396118
vt 0.77503299713134766 0.49160239100456238
vt 0.77503299713134766 0.24580119550228119
vt 0.77503299713134766 0.12290059775114059
vt 0.032515574246644974 0.26259642839431763
vt 0 0.26259642839431763
vt 0.032515574246644974 0.63056576251983643
vt 0 0.63056576251983643
vt 0.032515574246644974 0.99853515625
vt 0 0.99853515625
vt 0.032515574246644974 0.38525286316871643
vt 0.032515574246644974 0.50790935754776001
vt 0.032515574246644974 0.75322228670120239
vt 0.032515574246644974 0.87587869167327881
vt 0 0.87587869167327881
vt 0 0.75322228670120239
vt 0 0.50790935754776001
vt 0 0.38525286316871643
vt 0 0
vt 0 0.26113158464431763
vt 0.73740357160568237 0
vt 0.73740357160568237 0.26113158464431763
vt 0.12290059775114059 0
vt 0.24580119550228119 0
vt 0.36870178580284119 0
vt 0.49160239100456238 0
vt 0.61450296640396118 0
vt 0.73740357160568237 0.13056579232215881
vt 0.49160239100456238 0.26113158464431763
vt 0.24580119550228119 0.26113158464431763
vt 0 0.13056579232215881
vt 0.12674923241138458 0.26259642839431763
vt 0.033980417996644974 0.26259642839431763
vt 0.12674923241138458 0.99853515625
vt 0.033980417996644974 0.99853515625
vt 0.12674923241138458 0.50790935754776001
vt 0.12674923241138458 0.75322228670120239
vt 0.033980417996644974 0.75322228670120239
vt 0.033980417996644974 0.50790935754776001
vt 0.77356815338134766 0.26259642839431763
vt 0.44219508767127991 0.26259642839431763
vt 0.77356815338134766 0.99853515625
vt 0.44219508767127991 0.99853515625
vt 0.44219508767127991 0.63056576251983643
vt 0.77356815338134766 0.50790935754776001
vt 0.77356815338134766 0.75322228670120239
vt 0.60788160562515259 0.99853515625
vt 0.60788160562515259 0.26259642839431763
vt 0.13427950441837311 0.49198415875434875
vt 0.13277873396873474 0.39087271690368652
vt 0.13127794861793518 0.28976127505302429
vt 0.16498760879039764 0.28699532151222229
vt 0.29520845413208008 0.27593144774436951
vt 0.42542931437492371 0.26486757397651672
vt 0.43766635656356812 0.35829576849937439
vt 0.28597292304039001 0.42513996362686157
vn 0 0 -1
vn 0 0 -1
vn 0 0 -1
vn 0 0 -1
vn 0 0 -1
vn 0 0 -1
vn 0 0 -1
vn 0 0 -1
vn 0.69648474454879761 0.71757161617279053 0
vn 0.69648474454879761 0.71757161617279053 0
vn 0.69648474454879761 0.71757161617279053 0
vn 0.69648474454879761 0.71757161617279053 0
vn 0.69648474454879761 0.71757161617279053 0
vn 0.69648474454879761 0.71757161617279053 0
vn 0.69648474454879761 0.71757161617279053 0
vn 0.69648474454879761 0.71757161617279053 0
vn 0.69648474454879761 0.71757161617279053 0
vn 0.69648474454879761 0.71757161617279053 0
vn 0.69648474454879761 0.71757161617279053 0
vn 0.69648474454879761 0.71757161617279053 0
vn 0.76231801509857178 -0.64720267057418823 0
vn 0.76231801509857178 -0.64720267057418823 0
vn 0.76231801509857178 -0.64720267057418823 0
vn 0.76231801509857178 -0.64720267057418823 0
vn 0.76231801509857178 -0.64720267057418823 0
vn 0.76231801509857178 -0.64720267057418823 0
vn 0.76231801509857178 -0.64720267057418823 0
vn 0.76231801509857178 -0.64720267057418823 0
vn 0.76231801509857178 -0.64720267057418823 0
vn 0.76231801509857178 -0.64720267057418823 0
vn 0.76231801509857178 -0.64720267057418823 0
vn 0.76231801509857178 -0.64720267057418823 0
vn 0.76231801509857178 -0.64720267057418823 0
vn 0.76231801509857178 -0.64720267057418823 0
vn 0.76417630910873413 -0.64500737190246582 0
vn 0.76417630910873413 -0.64500737190246582 0
vn 0.76417630910873413 -0.64500737190246582 0
vn 0.76417630910873413 -0.64500737190246582 0
vn 0.76417630910873413 -0.64500737190246582 0
vn 0.76417630910873413 -0.64500737190246582 0
vn 0.76417630910873413 -0.64500737190246582 0
vn 0.76417630910873413 -0.64500737190246582 0
vn 0.76417630910873413 -0.64500737190246582 0
vn 0.76417630910873413 -0.64500737190246582 0
vn 0.76417630910873413 -0.64500737190246582 0
vn 0.76417630910873413 -0.64500737190246582 0
vn 0.76417630910873413 -0.64500737190246582 0
vn -0.60880845785140991 -0.79331725835800171 0
vn -0.60880845785140991 -0.79331725835800171 0
vn -0.60880845785140991 -0.79331725835800171 0
vn -0.60880845785140991 -0.79331725835800171 0
vn -0.60880845785140991 -0.79331725835800171 0
vn -0.60880845785140991 -0.79331725835800171 0
vn -0.60880845785140991 -0.79331725835800171 0
vn -0.60880845785140991 -0.79331725835800171 0
vn -0.93157786130905151 0.36354184150695801 0
vn -0.93157786130905151 0.36354184150695801 0
vn -0.93157786130905151 0.36354184150695801 0
vn -0.93157786130905151 0.36354184150695801 0
vn -0.93157786130905151 0.36354184150695801 0
vn -0.93157786130905151 0.36354184150695801 0
vn -0.93157786130905151 0.36354184150695801 0
vn -0.93157786130905151 0.36354184150695801 0
vn -0.93157786130905151 0.36354184150695801 0
vn 0 0 1
vn 0 0 1
vn 0 0 1
vn 0 0 1
vn 0 0 1
vn 0 0 1
vn 0 0 1
vn 0 0 1
f 1673/1673/1673 1674/1674/1674 1675/1675/1675
f 1673/1673/1673 1679/1679/1679 1672/1672/1672
f 1679/1679/1679 1673/1673/1673 1675/1675/1675
f 1678/1678/1678 1676/1676/1676 1677/1677/1677
f 1676/1676/1676 1678/1678/1678 1679/1679/1679
f 1675/1675/1675 1676/1676/1676 1679/1679/1679
f 1687/1687/1687 1680/1680/1680 1684/1684/1684
f 1686/1686/1686 1690/1690/1690 1687/1687/1687
f 1687/1687/1687 1691/1691/1691 1681/1681/1681
f 1687/1687/1687 1690/1690/1690 1691/1691/1691
f 1685/1685/1685 1687/1687/1687 1684/1684/1684
f 1686/1686/1686 1687/1687/1687 1685/1685/1685
f 1682/1682/1682 1685/1685/1685 1684/1684/1684
f 1689/1689/1689 1686/1686/1686 1685/1685/1685
f 1685/1685/1685 1688/1688/1688 1689/1689/1689
f 1685/1685/1685 1683/1683/1683 1688/1688/1688
f 1698/1698/1698 1705/1705/1705 1693/1693/1693 1692/1692/1692
f 1699/1699/1699 1704/1704/1704 1705/1705/1705 1698/1698/1698
f 1694/1694/1694 1695/1695/1695 1704/1704/1704 1699/1699/1699
f 1700/1700/1700 1701/1701/1701 1702/1702/1702 1703/1703/1703
f 1701/1701/1701 1696/1696/1696 1697/1697/1697 1702/1702/1702
f 1703/1703/1703 1695/1695/1695 1694/1694/1694 1700/1700/1700
f 1718/1718/1718 1706/1706/1706 1710/1710/1710
f 1718/1718/1718 1710/1710/1710 1711/1711/1711
f 1707/1707/1707 1718/1718/1718 1717/1717/1717
f 1718/1718/1718 1715/1715/1715 1716/1716/1716 1717/1717/1717
f 1712/1712/1712 1718/1718/1718 1711/1711/1711
f 1715/1715/1715 1712/1712/1712 1713/1713/1713
f 1715/1715/1715 1713/1713/1713 1714/1714/1714
f 1708/1708/1708 1715/1715/1715 1714/1714/1714
f 1716/1716/1716 1715/1715/1715 1709/1709/1709
f 1712/1712/1712 1715/1715/1715 1718/1718/1718
f 1723/1723/1723 1726/1726/1726 1720/1720/1720 1719/1719/1719
f 1725/1725/1725 1726/1726/1726 1723/1723/1723 1724/1724/1724
f 1724/1724/1724 1721/1721/1721 1722/1722/1722 1725/1725/1725
f 1735/1735/1735 1727/1727/1727 1732/1732/1732
f 1735/1735/1735 1731/1731/1731 1728/1728/1728
f 1733/1733/1733 1735/1735/1735 1732/1732/1732
f 1734/1734/1734 1733/1733/1733 1729/1729/1729
f 1730/1730/1730 1731/1731/1731 1734/1734/1734
f 1734/1734/1734 1731/1731/1731 1735/1735/1735
f 1733/1733/1733 1734/1734/1734 1735/1735/1735
f 1737/1737/1737 1739/1739/1739 1738/1738/1738
f 1737/1737/1737 1736/1736/1736 1743/1743/1743
f 1743/1743/1743 1739/1739/1739 1737/1737/1737
f 1742/1742/1742 1741/1741/1741 1740/1740/1740
f 1740/1740/1740 1743/1743/1743 1742/1742/1742
f 1739/1739/1739 1743/1743/1743 1740/1740/1740
usemtl diffuse_0
v 31.215951919555664 -195.19741821289063 -0.375
v 26.838031768798828 -206.41586303710938 -0.375
v 22.462697982788086 -195.77349853515625 -0.375
v 23.916093826293945 -206.27134704589844 -0.375
v 26.839324951171875 -195.48545837402344 -0.375
v 23.189395904541016 -201.02241516113281 -0.375
v 29.02699089050293 -200.806640625 -0.375
v 31.215951919555664 -195.19741821289063 -0.375
v 22.462697982788086 -195.77349853515625 -0.375
v 31.215951919555664 -195.19741821289063 25.985000610351563
v 22.462697982788086 -195.77349853515625 25.985000610351563
v 26.839324951171875 -195.48545837402344 -0.375
v 26.839324951171875 -195.48545837402344 25.985000610351563
v 22.462697982788086 -195.77349853515625 12.805000305175781
v 31.215951919555664 -195.19741821289063 12.805000305175781
v 22.462697982788086 -195.77349853515625 -0.375
v 23.916093826293945 -206.27134704589844 -0.375
v 22.462697982788086 -195.77349853515625 25.985000610351563
v 23.916093826293945 -206.27134704589844 25.985000610351563
v 23.189395904541016 -201.02241516113281 -0.375
v 22.462697982788086 -195.77349853515625 12.805000305175781
v 23.189395904541016 -201.02241516113281 25.985000610351563
v 23.916093826293945 -206.27134704589844 17.198333740234375
v 23.916093826293945 -206.27134704589844 8.4116668701171875
v 23.916093826293945 -206.27134704589844 -0.375
v 26.838031768798828 -206.41586303710938 -0.375
v 23.916093826293945 -206.27134704589844 25.985000610351563
v 26.838031768798828 -206.41586303710938 25.985000610351563
v 23.916093826293945 -206.27134704589844 8.4116668701171875
v 23.916093826293945 -206.27134704589844 17.198333740234375
v 26.838031768798828 -206.41586303710938 17.198333740234375
v 26.838031768798828 -206.41586303710938 8.4116668701171875
v 26.838031768798828 -206.41586303710938 -0.375
v 31.215951919555664 -195.19741821289063 -0.375
v 26.838031768798828 -206.41586303710938 25.985000610351563
v 31.215951919555664 -195.19741821289063 25.985000610351563
v 29.02699089050293 -200.806640625 -0.375
v 31.215951919555664 -195.19741821289063 12.805000305175781
v 26.838031768798828 -206.41586303710938 8.4116668701171875
v 26.838031768798828 -206.41586303710938 17.198333740234375
v 29.02699089050293 -200.806640625 25.985000610351563
v 31.215951919555664 -195.19741821289063 25.985000610351563
v 26.838031768798828 -206.41586303710938 25.985000610351563
v 22.462697982788086 -195.77349853515625 25.985000610351563
v 23.916093826293945 -206.27134704589844 25.985000610351563
v 26.839324951171875 -195.48545837402344 25.985000610351563
v 23.189395904541016 -201.02241516113281 25.985000610351563
v 29.02699089050293 -200.806640625 25.985000610351563
vt 0 0.30226877331733704
vt 0 0.60453754663467407
vt 0.21872024238109589 0.30226877331733704
vt 0.21872024238109589 0.60453754663467407
vt 0.10936012119054794 0.30226877331733704
vt 0.21872024238109589 0.45340317487716675
vt 0 0.45340317487716675
vt 0.43890532851219177 0.30226877331733704
vt 0.22018508613109589 0.30226877331733704
vt 0.43890532851219177 0.96244943141937256
vt 0.22018508613109589 0.96244943141937256
vt 0.32954522967338562 0.30226877331733704
vt 0.32954522967338562 0.96244943141937256
vt 0.22018508613109589 0.6323590874671936
vt 0.43890532851219177 0.6323590874671936
vt 0.99853515625 0
vt 0.73398661613464355 0
vt 0.99853515625 0.66164547204971313
vt 0.73398661613464355 0.66164547204971313
vt 0.86626088619232178 0
vt 0.99853515625 0.33082273602485657
vt 0.86626088619232178 0.66164547204971313
vt 0.73398661613464355 0.44109699130058289
vt 0.73398661613464355 0.22054849565029144
vt 0.51233667135238647 0.30226877331733704
vt 0.44037017226219177 0.30226877331733704
vt 0.51233667135238647 0.96244943141937256
vt 0.44037017226219177 0.96244943141937256
vt 0.51233667135238647 0.52232897281646729
vt 0.51233667135238647 0.74238920211791992
vt 0.44037017226219177 0.74238920211791992
vt 0.44037017226219177 0.52232897281646729
vt 0 0
vt 0 0.30080392956733704
vt 0.66164547204971313 0
vt 0.66164547204971313 0.30080392956733704
vt 0 0.15040196478366852
vt 0.33082273602485657 0.30080392956733704
vt 0.22054849565029144 0
vt 0.44109699130058289 0
vt 0.66164547204971313 0.15040196478366852
vt 0.51380151510238647 0.30226877331733704
vt 0.51380151510238647 0.60453754663467407
vt 0.73252177238464355 0.30226877331733704
vt 0.73252177238464355 0.60453754663467407
vt 0.62316161394119263 0.30226877331733704
vt 0.73252177238464355 0.45340317487716675
vt 0.51380151510238647 0.45340317487716675
vn 0 0 -1
vn 0 0 -1
vn 0 0 -1
vn 0 0 -1
vn 0 0 -1
vn 0 0 -1
vn 0 0 -1
vn -0.065670855343341827 0.99784135818481445 0
vn -0.065670855343341827 0.99784135818481445 0
vn -0.065670855343341827 0.99784135818481445 0
vn -0.065670855343341827 0.99784135818481445 0
vn -0.065670855343341827 0.99784135818481445 0
vn -0.065670855343341827 0.99784135818481445 0
vn -0.065670855343341827 0.99784135818481445 0
vn -0.065670855343341827 0.99784135818481445 0
vn -0.99055182933807373 -0.13713879883289337 0
vn -0.99055182933807373 -0.13713879883289337 0
vn -0.99055182933807373 -0.13713879883289337 0
vn -0.99055182933807373 -0.13713879883289337 0
vn -0.99055182933807373 -0.13713879883289337 0
vn -0.99055182933807373 -0.13713879883289337 0
vn -0.99055182933807373 -0.13713879883289337 0
vn -0.99055182933807373 -0.13713879883289337 0
vn -0.99055182933807373 -0.13713879883289337 0
vn -0.049394279718399048 -0.99877935647964478 0
vn -0.049394279718399048 -0.99877935647964478 0
vn -0.049394279718399048 -0.99877935647964478 0
vn -0.049394279718399048 -0.99877935647964478 0
vn -0.049394279718399048 -0.99877935647964478 0
vn -0.049394279718399048 -0.99877935647964478 0
vn -0.049394279718399048 -0.99877935647964478 0
vn -0.049394279718399048 -0.99877935647964478 0
vn 0.93157786130905151 -0.36354184150695801 0
vn 0.93157786130905151 -0.36354184150695801 0
vn 0.93157786130905151 -0.36354184150695801 0
vn 0.93157786130905151 -0.36354184150695801 0
vn 0.93157786130905151 -0.36354184150695801 0
vn 0.93157786130905151 -0.36354184150695801 0
vn 0.93157786130905151 -0.36354184150695801 0
vn 0.93157786130905151 -0.36354184150695801 0
vn 0.93157786130905151 -0.36354184150695801 0
vn 0 0 1
vn 0 0 1
vn 0 0 1
vn 0 0 1
vn 0 0 1
vn 0 0 1
vn 0 0 1
f 1748/1748/1748 1744/1744/1744 1750/1750/1750
f 1745/1745/1745 1747/1747/1747 1749/1749/1749 1750/1750/1750
f 1749/1749/1749 1746/1746/1746 1748/1748/1748
f 1748/1748/1748 1750/1750/1750 1749/1749/1749
f 1755/1755/1755 1758/1758/1758 1751/1751/1751
f 1755/1755/1755 1752/1752/1752 1757/1757/1757
f 1757/1757/1757 1758/1758/1758 1755/1755/1755
f 1758/1758/1758 1757/1757/1757 1756/1756/1756
f 1756/1756/1756 1757/1757/1757 1754/1754/1754
f 1753/1753/1753 1758/1758/1758 1756/1756/1756
f 1765/1765/1765 1763/1763/1763 1767/1767/1767
f 1763/1763/1763 1760/1760/1760 1767/1767/1767
f 1764/1764/1764 1759/1759/1759 1763/1763/1763
f 1765/1765/1765 1761/1761/1761 1764/1764/1764
f 1762/1762/1762 1765/1765/1765 1766/1766/1766
f 1765/1765/1765 1767/1767/1767 1766/1766/1766
f 1764/1764/1764 1763/1763/1763 1765/1765/1765
f 1772/1772/1772 1768/1768/1768 1769/1769/1769 1775/1775/1775
f 1775/1775/1775 1774/1774/1774 1773/1773/1773 1772/1772/1772
f 1770/1770/1770 1773/1773/1773 1774/1774/1774 1771/1771/1771
f 1780/1780/1780 1782/1782/1782 1776/1776/1776
f 1780/1780/1780 1777/1777/1777 1781/1781/1781
f 1784/1784/1784 1783/1783/1783 1782/1782/1782 1780/1780/1780
f 1784/1784/1784 1778/1778/1778 1783/1783/1783
f 1779/1779/1779 1784/1784/1784 1781/1781/1781
f 1784/1784/1784 1780/1780/1780 1781/1781/1781
f 1789/1789/1789 1791/1791/1791 1785/1785/1785
f 1786/1786/1786 1791/1791/1791 1790/1790/1790 1788/1788/1788
f 1790/1790/1790 1789/1789/1789 1787/1787/1787
f 1789/1789/1789 1790/1790/1790 1791/1791/1791
usemtl diffuse_0
v 8.1337442398071289 -220.82713317871094 -0.375
v 12.395806312561035 -225.55209350585938 -0.375
v 16.657869338989258 -230.27706909179688 -0.375
v 23.300830841064453 -224.23165893554688 -0.375
v 24.210163116455078 -223.52676391601563 -0.375
v 19.223293304443359 -223.81080627441406 -0.375
v 21.584857940673828 -221.68060302734375 -0.375
v 20.314056396484375 -225.02003479003906 -0.375
v 22.675622940063477 -222.88984680175781 -0.375
v 21.0072021484375 -218.12796020507813 -0.375
v 18.493320465087891 -213.69123840332031 -0.375
v 13.313532829284668 -217.25918579101563 -0.375
v 8.1337442398071289 -220.82713317871094 -0.375
v 16.657869338989258 -230.27706909179688 -0.375
v 8.1337442398071289 -220.82713317871094 19.584999084472656
v 16.657869338989258 -230.27706909179688 19.584999084472656
v 12.395806312561035 -225.55209350585938 -0.375
v 8.1337442398071289 -220.82713317871094 9.6049995422363281
v 12.395806312561035 -225.55209350585938 19.584999084472656
v 16.657869338989258 -230.27706909179688 9.6049995422363281
v 16.657869338989258 -230.27706909179688 -0.375
v 23.300830841064453 -224.23165893554688 -0.375
v 16.657869338989258 -230.27706909179688 19.584999084472656
v 23.300830841064453 -224.23165893554688 19.584999084472656
v 16.657869338989258 -230.27706909179688 9.6049995422363281
v 23.300830841064453 -224.23165893554688 14.595000267028809
v 23.300830841064453 -224.23165893554688 9.6049995422363281
v 23.300830841064453 -224.23165893554688 4.6149997711181641
v 23.300830841064453 -224.23165893554688 -0.375
v 24.210163116455078 -223.52676391601563 -0.375
v 23.300830841064453 -224.23165893554688 19.584999084472656
v 24.210163116455078 -223.52676391601563 19.584999084472656
v 23.300830841064453 -224.23165893554688 4.6149997711181641
v 23.300830841064453 -224.23165893554688 9.6049995422363281
v 23.300830841064453 -224.23165893554688 14.595000267028809
v 24.210163116455078 -223.52676391601563 14.595000267028809
v 24.210163116455078 -223.52676391601563 9.6049995422363281
v 24.210163116455078 -223.52676391601563 4.6149997711181641
v 24.210163116455078 -223.52676391601563 -0.375
v 21.0072021484375 -218.12796020507813 -0.375
v 24.210163116455078 -223.52676391601563 19.584999084472656
v 21.0072021484375 -218.12796020507813 19.584999084472656
v 24.210163116455078 -223.52676391601563 4.6149997711181641
v 24.210163116455078 -223.52676391601563 9.6049995422363281
v 24.210163116455078 -223.52676391601563 14.595000267028809
v 21.0072021484375 -218.12796020507813 9.6049995422363281
v 21.0072021484375 -218.12796020507813 -0.375
v 18.493320465087891 -213.69123840332031 -0.375
v 21.0072021484375 -218.12796020507813 19.584999084472656
v 18.493320465087891 -213.69123840332031 19.584999084472656
v 21.0072021484375 -218.12796020507813 9.6049995422363281
v 18.493320465087891 -213.69123840332031 9.6049995422363281
v 18.493320465087891 -213.69123840332031 -0.375
v 8.1337442398071289 -220.82713317871094 -0.375
v 18.493320465087891 -213.69123840332031 19.584999084472656
v 8.1337442398071289 -220.82713317871094 19.584999084472656
v 8.1337442398071289 -220.82713317871094 9.6049995422363281
v 18.493320465087891 -213.69123840332031 9.6049995422363281
v 13.313532829284668 -217.25918579101563 19.584999084472656
v 13.313532829284668 -217.25918579101563 -0.375
v 8.1337442398071289 -220.82713317871094 19.584999084472656
v 12.395806312561035 -225.55209350585938 19.584999084472656
v 16.657869338989258 -230.27706909179688 19.584999084472656
v 23.300830841064453 -224.23165893554688 19.584999084472656
v 24.210163116455078 -223.52676391601563 19.584999084472656
v 19.223293304443359 -223.81080627441406 19.584999084472656
v 21.584857940673828 -221.68060302734375 19.584999084472656
v 20.314056396484375 -225.02003479003906 19.584999084472656
v 22.675622940063477 -222.88984680175781 19.584999084472656
v 21.0072021484375 -218.12796020507813 19.584999084472656
v 18.493320465087891 -213.69123840332031 19.584999084472656
v 13.313532829284668 -217.25918579101563 19.584999084472656
vt 0.77997201681137085 0.45500579476356506
vt 0.77997201681137085 0.60773473978042603
vt 0.77997201681137085 0.7604636549949646
vt 0.56542438268661499 0.75951462984085083
vt 0.53801769018173218 0.76157033443450928
vt 0.63101410865783691 0.68646204471588135
vt 0.55504554510116577 0.68646204471588135
vt 0.63101410865783691 0.72554898262023926
vt 0.55504554510116577 0.72554898262023926
vt 0.50845175981521606 0.61385858058929443
vt 0.4820561408996582 0.49437138438224792
vt 0.63101410865783691 0.47468858957290649
vt 0 0
vt 0 0.30545786023139954
vt 0.47761213779449463 0
vt 0.47761213779449463 0.30545786023139954
vt 0 0.15272893011569977
vt 0.23880606889724731 0
vt 0.47761213779449463 0.15272893011569977
vt 0.23880606889724731 0.30545786023139954
vt 0.99853515625 0.4519401490688324
vt 0.78441601991653442 0.4519401490688324
vt 0.99853515625 0.92955231666564941
vt 0.78441601991653442 0.92955231666564941
vt 0.99853515625 0.6907462477684021
vt 0.78441601991653442 0.81014925241470337
vt 0.78441601991653442 0.6907462477684021
vt 0.78441601991653442 0.57134318351745605
vt 0.47907698154449463 0
vt 0.47907698154449463 0.026150571182370186
vt 0.95815396308898926 0
vt 0.95815396308898926 0.026150571182370186
vt 0.5988461971282959 0
vt 0.71861547231674194 0
vt 0.83838468790054321 0
vt 0.83838468790054321 0.026150571182370186
vt 0.71861547231674194 0.026150571182370186
vt 0.5988461971282959 0.026150571182370186
vt 0 0.37347209453582764
vt 0 0.52414172887802124
vt 0.47761213779449463 0.37347209453582764
vt 0.47761213779449463 0.52414172887802124
vt 0.11940303444862366 0.37347209453582764
vt 0.23880606889724731 0.37347209453582764
vt 0.35820910334587097 0.37347209453582764
vt 0.23880606889724731 0.52414172887802124
vt 0.47907698154449463 0.027615414932370186
vt 0.47907698154449463 0.14854605495929718
vt 0.95815396308898926 0.027615414932370186
vt 0.95815396308898926 0.14854605495929718
vt 0.71861547231674194 0.027615414932370186
vt 0.71861547231674194 0.14854605495929718
vt 0.47907698154449463 0.15001089870929718
vt 0.47907698154449463 0.4504753053188324
vt 0.95815396308898926 0.15001089870929718
vt 0.95815396308898926 0.4504753053188324
vt 0.71861547231674194 0.4504753053188324
vt 0.71861547231674194 0.15001089870929718
vt 0.95815396308898926 0.30024310946464539
vt 0.47907698154449463 0.30024310946464539
vt 0.0030656452290713787 0.56068384647369385
vt 0.15579459071159363 0.56068384647369385
vt 0.3085235059261322 0.56068384647369385
vt 0.30757448077201843 0.77626574039459229
vt 0.30963015556335449 0.80380451679229736
vt 0.23452185094356537 0.71035987138748169
vt 0.23452185094356537 0.78669464588165283
vt 0.27360883355140686 0.71035987138748169
vt 0.27360883355140686 0.78669464588165283
vt 0.16191843152046204 0.83351302146911621
vt 0.042431224137544632 0.86003583669662476
vt 0.022748434916138649 0.71035987138748169
vn 0 0 -1
vn 0 0 -1
vn 0 0 -1
vn 0 0 -1
vn 0 0 -1
vn 0 0 -1
vn 0 0 -1
vn 0 0 -1
vn 0 0 -1
vn 0 0 -1
vn 0 0 -1
vn 0 0 -1
vn -0.74254423379898071 -0.66979706287384033 0
vn -0.74254423379898071 -0.66979706287384033 0
vn -0.74254423379898071 -0.66979706287384033 0
vn -0.74254423379898071 -0.66979706287384033 0
vn -0.74254423379898071 -0.66979706287384033 0
vn -0.74254423379898071 -0.66979706287384033 0
vn -0.74254423379898071 -0.66979706287384033 0
vn -0.74254423379898071 -0.66979706287384033 0
vn 0.67305934429168701 -0.73958849906921387 0
vn 0.67305934429168701 -0.73958849906921387 0
vn 0.67305934429168701 -0.73958849906921387 0
vn 0.67305934429168701 -0.73958849906921387 0
vn 0.67305934429168701 -0.73958849906921387 0
vn 0.67305934429168701 -0.73958849906921387 0
vn 0.67305934429168701 -0.73958849906921387 0
vn 0.67305934429168701 -0.73958849906921387 0
vn 0.61266416311264038 -0.79034334421157837 0
vn 0.61266416311264038 -0.79034334421157837 0
vn 0.61266416311264038 -0.79034334421157837 0
vn 0.61266416311264038 -0.79034334421157837 0
vn 0.61266416311264038 -0.79034334421157837 0
vn 0.61266416311264038 -0.79034334421157837 0
vn 0.61266416311264038 -0.79034334421157837 0
vn 0.61266416311264038 -0.79034334421157837 0
vn 0.61266416311264038 -0.79034334421157837 0
vn 0.61266416311264038 -0.79034334421157837 0
vn 0.86003464460372925 0.51023566722869873 0
vn 0.86003464460372925 0.51023566722869873 0
vn 0.86003464460372925 0.51023566722869873 0
vn 0.86003464460372925 0.51023566722869873 0
vn 0.86003464460372925 0.51023566722869873 0
vn 0.86003464460372925 0.51023566722869873 0
vn 0.86003464460372925 0.51023566722869873 0
vn 0.86003464460372925 0.51023566722869873 0
vn 0.87004411220550537 0.49297386407852173 0
vn 0.87004411220550537 0.49297386407852173 0
vn 0.87004411220550537 0.49297386407852173 0
vn 0.87004411220550537 0.49297386407852173 0
vn 0.87004411220550537 0.49297386407852173 0
vn 0.87004411220550537 0.49297386407852173 0
vn -0.56726670265197754 0.82353413105010986 0
vn -0.56726670265197754 0.82353413105010986 0
vn -0.56726670265197754 0.82353413105010986 0
vn -0.56726670265197754 0.82353413105010986 0
vn -0.56726670265197754 0.82353413105010986 0
vn -0.56726670265197754 0.82353413105010986 0
vn -0.56726670265197754 0.82353413105010986 0
vn -0.56726670265197754 0.82353413105010986 0
vn 0 0 1
vn 0 0 1
vn 0 0 1
vn 0 0 1
vn 0 0 1
vn 0 0 1
vn 0 0 1
vn 0 0 1
vn 0 0 1
vn 0 0 1
vn 0 0 1
vn 0 0 1
f 1800/1800/1800 1799/1799/1799 1797/1797/1797 1798/1798/1798
f 1793/1793/1793 1792/1792/1792 1803/1803/1803
f 1794/1794/1794 1793/1793/1793 1797/1797/1797
f 1797/1797/1797 1793/1793/1793 1801/1801/1801
f 1802/1802/1802 1801/1801/1801 1803/1803/1803
f 1793/1793/1793 1803/1803/1803 1801/1801/1801
f 1801/1801/1801 1798/1798/1798 1797/1797/1797
f 1795/1795/1795 1794/1794/1794 1799/1799/1799
f 1800/1800/1800 1795/1795/1795 1799/1799/1799
f 1796/1796/1796 1800/1800/1800 1798/1798/1798
f 1795/1795/1795 1800/1800/1800 1796/1796/1796
f 1801/1801/1801 1796/1796/1796 1798/1798/1798
f 1794/1794/1794 1797/1797/1797 1799/1799/1799
f 1808/1808/1808 1809/1809/1809 1804/1804/1804
f 1808/1808/1808 1805/1805/1805 1811/1811/1811
f 1810/1810/1810 1806/1806/1806 1809/1809/1809 1808/1808/1808
f 1808/1808/1808 1811/1811/1811 1807/1807/1807 1810/1810/1810
f 1819/1819/1819 1816/1816/1816 1812/1812/1812
f 1812/1812/1812 1813/1813/1813 1819/1819/1819
f 1819/1819/1819 1818/1818/1818 1816/1816/1816
f 1818/1818/1818 1817/1817/1817 1816/1816/1816
f 1814/1814/1814 1816/1816/1816 1817/1817/1817
f 1814/1814/1814 1817/1817/1817 1815/1815/1815
f 1824/1824/1824 1820/1820/1820 1821/1821/1821 1829/1829/1829
f 1829/1829/1829 1828/1828/1828 1825/1825/1825 1824/1824/1824
f 1822/1822/1822 1826/1826/1826 1827/1827/1827 1823/1823/1823
f 1826/1826/1826 1825/1825/1825 1828/1828/1828 1827/1827/1827
f 1831/1831/1831 1834/1834/1834 1830/1830/1830
f 1835/1835/1835 1834/1834/1834 1837/1837/1837
f 1831/1831/1831 1837/1837/1837 1834/1834/1834
f 1833/1833/1833 1832/1832/1832 1836/1836/1836
f 1833/1833/1833 1836/1836/1836 1835/1835/1835 1837/1837/1837
f 1839/1839/1839 1843/1843/1843 1842/1842/1842 1838/1838/1838
f 1840/1840/1840 1842/1842/1842 1843/1843/1843 1841/1841/1841
f 1851/1851/1851 1849/1849/1849 1844/1844/1844
f 1851/1851/1851 1845/1845/1845 1848/1848/1848
f 1850/1850/1850 1846/1846/1846 1849/1849/1849 1851/1851/1851
f 1851/1851/1851 1848/1848/1848 1847/1847/1847 1850/1850/1850
f 1860/1860/1860 1858/1858/1858 1857/1857/1857 1859/1859/1859
f 1853/1853/1853 1863/1863/1863 1852/1852/1852
f 1854/1854/1854 1857/1857/1857 1853/1853/1853
f 1857/1857/1857 1861/1861/1861 1853/1853/1853
f 1862/1862/1862 1863/1863/1863 1861/1861/1861
f 1853/1853/1853 1861/1861/1861 1863/1863/1863
f 1861/1861/1861 1857/1857/1857 1858/1858/1858
f 1855/1855/1855 1859/1859/1859 1854/1854/1854
f 1860/1860/1860 1859/1859/1859 1855/1855/1855
f 1856/1856/1856 1858/1858/1858 1860/1860/1860
f 1855/1855/1855 1856/1856/1856 1860/1860/1860
f 1861/1861/1861 1858/1858/1858 1856/1856/1856
f 1854/1854/1854 1859/1859/1859 1857/1857/1857
usemtl diffuse_0
v 8.1337442398071289 -220.82713317871094 -0.375
v 13.313532829284668 -217.25918579101563 -0.375
v 18.493320465087891 -213.69123840332031 -0.375
v 17.442285537719727 -211.83308410644531 -0.375
v 8.6907787322998047 -213.09933471679688 -0.375
v 4.5528573989868164 -216.45098876953125 -0.375
v 17.442285537719727 -211.83308410644531 -0.375
v 8.6907787322998047 -213.09933471679688 -0.375
v 17.442285537719727 -211.83308410644531 27.815000534057617
v 8.6907787322998047 -213.09933471679688 27.815000534057617
v 17.442285537719727 -211.83308410644531 6.6725001335144043
v 17.442285537719727 -211.83308410644531 13.720000267028809
v 17.442285537719727 -211.83308410644531 20.767499923706055
v 8.6907787322998047 -213.09933471679688 13.720000267028809
v 8.6907787322998047 -213.09933471679688 -0.375
v 4.5528573989868164 -216.45098876953125 -0.375
v 8.6907787322998047 -213.09933471679688 27.815000534057617
v 4.5528573989868164 -216.45098876953125 27.815000534057617
v 8.6907787322998047 -213.09933471679688 13.720000267028809
v 4.5528573989868164 -216.45098876953125 18.418333053588867
v 4.5528573989868164 -216.45098876953125 9.0216665267944336
v 4.5528573989868164 -216.45098876953125 -0.375
v 8.1337442398071289 -220.82713317871094 -0.375
v 4.5528573989868164 -216.45098876953125 27.815000534057617
v 8.1337442398071289 -220.82713317871094 27.815000534057617
v 4.5528573989868164 -216.45098876953125 9.0216665267944336
v 4.5528573989868164 -216.45098876953125 18.418333053588867
v 8.1337442398071289 -220.82713317871094 18.418333053588867
v 8.1337442398071289 -220.82713317871094 9.0216665267944336
v 8.1337442398071289 -220.82713317871094 -0.375
v 18.493320465087891 -213.69123840332031 -0.375
v 8.1337442398071289 -220.82713317871094 27.815000534057617
v 18.493320465087891 -213.69123840332031 27.815000534057617
v 13.313532829284668 -217.25918579101563 -0.375
v 13.313532829284668 -217.25918579101563 27.815000534057617
v 18.493320465087891 -213.69123840332031 13.720000267028809
v 8.1337442398071289 -220.82713317871094 9.0216665267944336
v 8.1337442398071289 -220.82713317871094 18.418333053588867
v 18.493320465087891 -213.69123840332031 20.767499923706055
v 18.493320465087891 -213.69123840332031 6.6725001335144043
v 18.493320465087891 -213.69123840332031 -0.375
v 17.442285537719727 -211.83308410644531 -0.375
v 18.493320465087891 -213.69123840332031 27.815000534057617
v 17.442285537719727 -211.83308410644531 27.815000534057617
v 17.442285537719727 -211.83308410644531 20.767499923706055
v 17.442285537719727 -211.83308410644531 13.720000267028809
v 17.442285537719727 -211.83308410644531 6.6725001335144043
v 18.493320465087891 -213.69123840332031 6.6725001335144043
v 18.493320465087891 -213.69123840332031 13.720000267028809
v 18.493320465087891 -213.69123840332031 20.767499923706055
v 17.442285537719727 -211.83308410644531 27.815000534057617
v 8.6907787322998047 -213.09933471679688 27.815000534057617
v 4.5528573989868164 -216.45098876953125 27.815000534057617
v 8.1337442398071289 -220.82713317871094 27.815000534057617
v 13.313532829284668 -217.25918579101563 27.815000534057617
v 18.493320465087891 -213.69123840332031 27.815000534057617
vt 0.24825294315814972 0.69935309886932373
vt 0.41363275051116943 0.69935309886932373
vt 0.57901251316070557 0.69935309886932373
vt 0.58396899700164795 0.75476092100143433
vt 0.37557908892631531 0.85694432258605957
vt 0.23598569631576538 0.84618574380874634
vt 0.23104101419448853 0
vt 0 0
vt 0.23104101419448853 0.74121993780136108
vt 0 0.74121993780136108
vt 0.23104101419448853 0.18530498445034027
vt 0.23104101419448853 0.37060996890068054
vt 0.23104101419448853 0.55591493844985962
vt 0 0.37060996890068054
vt 0.23250585794448853 0.85998505353927612
vt 0.23250585794448853 0.99853515625
vt 0.97226095199584961 0.85998505353927612
vt 0.97226095199584961 0.99853515625
vt 0.60238343477249146 0.85998505353927612
vt 0.72567594051361084 0.99853515625
vt 0.47909089922904968 0.99853515625
vt 0.23250585794448853 0
vt 0.23250585794448853 0.14721283316612244
vt 0.97226095199584961 0
vt 0.97226095199584961 0.14721283316612244
vt 0.47909089922904968 0
vt 0.72567594051361084 0
vt 0.72567594051361084 0.14721283316612244
vt 0.47909089922904968 0.14721283316612244
vt 0.23250585794448853 0.36701759696006775
vt 0.23250585794448853 0.69631236791610718
vt 0.97226095199584961 0.36701759696006775
vt 0.97226095199584961 0.69631236791610718
vt 0.23250585794448853 0.53166496753692627
vt 0.97226095199584961 0.53166496753692627
vt 0.60238343477249146 0.69631236791610718
vt 0.47909089922904968 0.36701759696006775
vt 0.72567594051361084 0.36701759696006775
vt 0.78732216358184814 0.69631236791610718
vt 0.41744464635848999 0.69631236791610718
vt 0.23250585794448853 0.14867767691612244
vt 0.23250585794448853 0.20334486663341522
vt 0.97226095199584961 0.14867767691612244
vt 0.97226095199584961 0.20334486663341522
vt 0.78732216358184814 0.20334486663341522
vt 0.60238343477249146 0.20334486663341522
vt 0.41744464635848999 0.20334486663341522
vt 0.41744464635848999 0.14867767691612244
vt 0.60238343477249146 0.14867767691612244
vt 0.78732216358184814 0.14867767691612244
vt 0.58396899700164795 0.26179349422454834
vt 0.37557908892631531 0.36397683620452881
vt 0.23598569631576538 0.35321828722953796
vt 0.24825294315814972 0.20638562738895416
vt 0.41363275051116943 0.20638562738895416
vt 0.57901251316070557 0.20638562738895416
vn 0 0 -1
vn 0 0 -1
vn 0 0 -1
vn 0 0 -1
vn 0 0 -1
vn 0 0 -1
vn -0.14319780468940735 0.98969405889511108 0
vn -0.14319780468940735 0.98969405889511108 0
vn -0.14319780468940735 0.98969405889511108 0
vn -0.14319780468940735 0.98969405889511108 0
vn -0.14319780468940735 0.98969405889511108 0
vn -0.14319780468940735 0.98969405889511108 0
vn -0.14319780468940735 0.98969405889511108 0
vn -0.14319780468940735 0.98969405889511108 0
vn -0.62941473722457886 0.7770695686340332 0
vn -0.62941473722457886 0.7770695686340332 0
vn -0.62941473722457886 0.7770695686340332 0
vn -0.62941473722457886 0.7770695686340332 0
vn -0.62941473722457886 0.7770695686340332 0
vn -0.62941473722457886 0.7770695686340332 0
vn -0.62941473722457886 0.7770695686340332 0
vn -0.77392154932022095 -0.63328146934509277 0
vn -0.77392154932022095 -0.63328146934509277 0
vn -0.77392154932022095 -0.63328146934509277 0
vn -0.77392154932022095 -0.63328146934509277 0
vn -0.77392154932022095 -0.63328146934509277 0
vn -0.77392154932022095 -0.63328146934509277 0
vn -0.77392154932022095 -0.63328146934509277 0
vn -0.77392154932022095 -0.63328146934509277 0
vn 0.56726670265197754 -0.82353413105010986 0
vn 0.56726670265197754 -0.82353413105010986 0
vn 0.56726670265197754 -0.82353413105010986 0
vn 0.56726670265197754 -0.82353413105010986 0
vn 0.56726670265197754 -0.82353413105010986 0
vn 0.56726670265197754 -0.82353413105010986 0
vn 0.56726670265197754 -0.82353413105010986 0
vn 0.56726670265197754 -0.82353413105010986 0
vn 0.56726670265197754 -0.82353413105010986 0
vn 0.56726670265197754 -0.82353413105010986 0
vn 0.56726670265197754 -0.82353413105010986 0
vn 0.8704073429107666 0.49233230948448181 0
vn 0.8704073429107666 0.49233230948448181 0
vn 0.8704073429107666 0.49233230948448181 0
vn 0.8704073429107666 0.49233230948448181 0
vn 0.8704073429107666 0.49233230948448181 0
vn 0.8704073429107666 0.49233230948448181 0
vn 0.8704073429107666 0.49233230948448181 0
vn 0.8704073429107666 0.49233230948448181 0
vn 0.8704073429107666 0.49233230948448181 0
vn 0.8704073429107666 0.49233230948448181 0
vn 0 0 1
vn 0 0 1
vn 0 0 1
vn 0 0 1
vn 0 0 1
vn 0 0 1
f 1867/1867/1867 1869/1869/1869 1868/1868/1868
f 1864/1864/1864 1869/1869/1869 1867/1867/1867
f 1867/1867/1867 1866/1866/1866 1865/1865/1865
f 1864/1864/1864 1867/1867/1867 1865/1865/1865
f 1871/1871/1871 1874/1874/1874 1870/1870/1870
f 1875/1875/1875 1874/1874/1874 1877/1877/1877
f 1871/1871/1871 1877/1877/1877 1874/1874/1874
f 1873/1873/1873 1872/1872/1872 1876/1876/1876
f 1876/1876/1876 1877/1877/1877 1873/1873/1873
f 1875/1875/1875 1877/1877/1877 1876/1876/1876
f 1884/1884/1884 1882/1882/1882 1878/1878/1878 1879/1879/1879
f 1882/1882/1882 1883/1883/1883 1881/1881/1881 1880/1880/1880
f 1884/1884/1884 1883/1883/1883 1882/1882/1882
f 1889/1889/1889 1885/1885/1885 1886/1886/1886 1892/1892/1892
f 1892/1892/1892 1891/1891/1891 1890/1890/1890 1889/1889/1889
f 1887/1887/1887 1890/1890/1890 1891/1891/1891 1888/1888/1888
f 1897/1897/1897 1900/1900/1900 1893/1893/1893
f 1894/1894/1894 1903/1903/1903 1897/1897/1897
f 1897/1897/1897 1903/1903/1903 1899/1899/1899
f 1898/1898/1898 1901/1901/1901 1900/1900/1900 1897/1897/1897
f 1898/1898/1898 1895/1895/1895 1901/1901/1901
f 1897/1897/1897 1899/1899/1899 1898/1898/1898
f 1898/1898/1898 1899/1899/1899 1902/1902/1902
f 1898/1898/1898 1902/1902/1902 1896/1896/1896
f 1904/1904/1904 1905/1905/1905 1910/1910/1910 1911/1911/1911
f 1909/1909/1909 1912/1912/1912 1911/1911/1911 1910/1910/1910
f 1906/1906/1906 1913/1913/1913 1908/1908/1908 1907/1907/1907
f 1913/1913/1913 1912/1912/1912 1909/1909/1909 1908/1908/1908
f 1914/1914/1914 1915/1915/1915 1916/1916/1916
f 1917/1917/1917 1914/1914/1914 1916/1916/1916
f 1914/1914/1914 1918/1918/1918 1919/1919/1919
f 1917/1917/1917 1918/1918/1918 1914/1914/1914
usemtl diffuse_0
v 8.5319385528564453 -197.34413146972656 -0.375
v 9.8810415267944336 -207.7733154296875 -0.375
v 5.5883255004882813 -197.50436401367188 -0.375
v 2.644711971282959 -197.66459655761719 -0.375
v 1.8510349988937378 -208.49104309082031 -0.375
v 2.3801531791687012 -201.27340698242188 -0.375
v 2.1155941486358643 -204.88221740722656 -0.375
v 5.8660378456115723 -208.13217163085938 -0.375
v 9.431340217590332 -204.29692077636719 -0.375
v 8.9816398620605469 -200.82052612304688 -0.375
v 8.5319385528564453 -197.34413146972656 -0.375
v 5.5883255004882813 -197.50436401367188 -0.375
v 2.644711971282959 -197.66459655761719 -0.375
v 5.5883255004882813 -197.50436401367188 11.97166633605957
v 5.5883255004882813 -197.50436401367188 24.318332672119141
v 8.5319385528564453 -197.34413146972656 36.665000915527344
v 5.5883255004882813 -197.50436401367188 36.665000915527344
v 2.644711971282959 -197.66459655761719 36.665000915527344
v 4.116518497467041 -197.58447265625 11.97166633605957
v 5.5883255004882813 -197.50436401367188 5.7983331680297852
v 4.116518497467041 -197.58447265625 5.7983331680297852
v 7.0601320266723633 -197.42425537109375 11.97166633605957
v 7.0601320266723633 -197.42425537109375 5.7983331680297852
v 8.5319385528564453 -197.34413146972656 8.8850002288818359
v 8.5319385528564453 -197.34413146972656 18.145000457763672
v 8.5319385528564453 -197.34413146972656 27.405000686645508
v 5.5883255004882813 -197.50436401367188 30.491666793823242
v 7.0601320266723633 -197.42425537109375 24.318332672119141
v 7.0601320266723633 -197.42425537109375 30.491666793823242
v 4.116518497467041 -197.58447265625 24.318332672119141
v 4.116518497467041 -197.58447265625 30.491666793823242
v 2.644711971282959 -197.66459655761719 27.405000686645508
v 2.644711971282959 -197.66459655761719 18.145000457763672
v 2.644711971282959 -197.66459655761719 8.8850002288818359
v 2.644711971282959 -197.66459655761719 -0.375
v 1.8510349988937378 -208.49104309082031 -0.375
v 2.644711971282959 -197.66459655761719 36.665000915527344
v 1.8510349988937378 -208.49104309082031 36.665000915527344
v 2.1155941486358643 -204.88221740722656 -0.375
v 2.3801531791687012 -201.27340698242188 -0.375
v 1.8510349988937378 -208.49104309082031 18.145000457763672
v 2.644711971282959 -197.66459655761719 18.145000457763672
v 2.2478735446929932 -203.07781982421875 18.145000457763672
v 2.0494542121887207 -205.784423828125 18.145000457763672
v 2.2478735446929932 -203.07781982421875 8.8850002288818359
v 2.0494542121887207 -205.784423828125 8.8850002288818359
v 2.4462928771972656 -200.37120056152344 18.145000457763672
v 2.4462928771972656 -200.37120056152344 8.8850002288818359
v 2.644711971282959 -197.66459655761719 8.8850002288818359
v 2.644711971282959 -197.66459655761719 27.405000686645508
v 2.3801531791687012 -201.27340698242188 36.665000915527344
v 2.1155941486358643 -204.88221740722656 36.665000915527344
v 2.2478735446929932 -203.07781982421875 27.405000686645508
v 2.4462928771972656 -200.37120056152344 27.405000686645508
v 2.0494542121887207 -205.784423828125 27.405000686645508
v 1.8510349988937378 -208.49104309082031 -0.375
v 9.8810415267944336 -207.7733154296875 -0.375
v 1.8510349988937378 -208.49104309082031 36.665000915527344
v 9.8810415267944336 -207.7733154296875 36.665000915527344
v 5.8660378456115723 -208.13217163085938 -0.375
v 5.8660378456115723 -208.13217163085938 36.665000915527344
v 1.8510349988937378 -208.49104309082031 18.145000457763672
v 5.8660378456115723 -208.13217163085938 18.145000457763672
v 7.8735394477844238 -207.95274353027344 18.145000457763672
v 5.8660378456115723 -208.13217163085938 8.8850002288818359
v 7.8735394477844238 -207.95274353027344 8.8850002288818359
v 3.8585364818572998 -208.31159973144531 18.145000457763672
v 3.8585364818572998 -208.31159973144531 8.8850002288818359
v 5.8660378456115723 -208.13217163085938 27.405000686645508
v 3.8585364818572998 -208.31159973144531 27.405000686645508
v 7.8735394477844238 -207.95274353027344 27.405000686645508
v 9.8810415267944336 -207.7733154296875 24.318332672119141
v 9.8810415267944336 -207.7733154296875 11.97166633605957
v 9.8810415267944336 -207.7733154296875 -0.375
v 8.5319385528564453 -197.34413146972656 -0.375
v 9.2064895629882813 -202.55873107910156 18.145000457763672
v 8.5319385528564453 -197.34413146972656 18.145000457763672
v 9.8810415267944336 -207.7733154296875 36.665000915527344
v 8.5319385528564453 -197.34413146972656 36.665000915527344
v 8.9816398620605469 -200.82052612304688 -0.375
v 9.431340217590332 -204.29692077636719 -0.375
v 8.8692140579223633 -199.95143127441406 18.145000457763672
v 9.2064895629882813 -202.55873107910156 8.8850002288818359
v 8.8692140579223633 -199.95143127441406 8.8850002288818359
v 9.5437650680541992 -205.166015625 18.145000457763672
v 9.5437650680541992 -205.166015625 8.8850002288818359
v 8.5319385528564453 -197.34413146972656 27.405000686645508
v 8.5319385528564453 -197.34413146972656 8.8850002288818359
v 9.8810415267944336 -207.7733154296875 11.97166633605957
v 9.8810415267944336 -207.7733154296875 24.318332672119141
v 9.431340217590332 -204.29692077636719 36.665000915527344
v 8.9816398620605469 -200.82052612304688 36.665000915527344
v 9.2064895629882813 -202.55873107910156 27.405000686645508
v 9.5437650680541992 -205.166015625 27.405000686645508
v 8.8692140579223633 -199.95143127441406 27.405000686645508
v 8.5319385528564453 -197.34413146972656 36.665000915527344
v 9.8810415267944336 -207.7733154296875 36.665000915527344
v 5.5883255004882813 -197.50436401367188 36.665000915527344
v 2.644711971282959 -197.66459655761719 36.665000915527344
v 1.8510349988937378 -208.49104309082031 36.665000915527344
v 2.3801531791687012 -201.27340698242188 36.665000915527344
v 2.1155941486358643 -204.88221740722656 36.665000915527344
v 5.8660378456115723 -208.13217163085938 36.665000915527344
v 9.431340217590332 -204.29692077636719 36.665000915527344
v 8.9816398620605469 -200.82052612304688 36.665000915527344
vt 0.23357878625392914 0.40099582076072693
vt 0 0.40099582076072693
vt 0.23357878625392914 0.48827537894248962
vt 0.23357878625392914 0.57555496692657471
vt 0 0.57555496692657471
vt 0.15571919083595276 0.57555496692657471
vt 0.077859587967395782 0.57555496692657471
vt 0 0.48827537894248962
vt 0.077859587967395782 0.40099582076072693
vt 0.15571919083595276 0.40099582076072693
vt 0.82397603988647461 0
vt 0.76087886095046997 0
vt 0.69778168201446533 0
vt 0.76087886095046997 0.26684227585792542
vt 0.76087886095046997 0.53368455171585083
vt 0.82397603988647461 0.80052679777145386
vt 0.76087886095046997 0.80052679777145386
vt 0.69778168201446533 0.80052679777145386
vt 0.72933030128479004 0.26684227585792542
vt 0.76087886095046997 0.13342113792896271
vt 0.72933030128479004 0.13342113792896271
vt 0.7924274206161499 0.26684227585792542
vt 0.7924274206161499 0.13342113792896271
vt 0.82397603988647461 0.20013169944286346
vt 0.82397603988647461 0.40026339888572693
vt 0.82397603988647461 0.6003950834274292
vt 0.76087886095046997 0.66710561513900757
vt 0.7924274206161499 0.53368455171585083
vt 0.7924274206161499 0.66710561513900757
vt 0.72933030128479004 0.53368455171585083
vt 0.72933030128479004 0.66710561513900757
vt 0.69778168201446533 0.6003950834274292
vt 0.69778168201446533 0.40026339888572693
vt 0.69778168201446533 0.20013169944286346
vt 0.69631683826446533 0
vt 0.46273806691169739 0
vt 0.69631683826446533 0.80052679777145386
vt 0.46273806691169739 0.80052679777145386
vt 0.54059767723083496 0
vt 0.61845725774765015 0
vt 0.46273806691169739 0.40026339888572693
vt 0.69631683826446533 0.40026339888572693
vt 0.57952743768692017 0.40026339888572693
vt 0.52113276720046997 0.40026339888572693
vt 0.57952743768692017 0.20013169944286346
vt 0.52113276720046997 0.20013169944286346
vt 0.63792216777801514 0.40026339888572693
vt 0.63792216777801514 0.20013169944286346
vt 0.69631683826446533 0.20013169944286346
vt 0.69631683826446533 0.6003950834274292
vt 0.61845725774765015 0.80052679777145386
vt 0.54059767723083496 0.80052679777145386
vt 0.57952743768692017 0.6003950834274292
vt 0.63792216777801514 0.6003950834274292
vt 0.52113276720046997 0.6003950834274292
vt 0.99853515625 0
vt 0.82544088363647461 0
vt 0.99853515625 0.80052679777145386
vt 0.82544088363647461 0.80052679777145386
vt 0.9119880199432373 0
vt 0.9119880199432373 0.80052679777145386
vt 0.99853515625 0.40026339888572693
vt 0.9119880199432373 0.40026339888572693
vt 0.86871445178985596 0.40026339888572693
vt 0.9119880199432373 0.20013169944286346
vt 0.86871445178985596 0.20013169944286346
vt 0.95526158809661865 0.40026339888572693
vt 0.95526158809661865 0.20013169944286346
vt 0.9119880199432373 0.6003950834274292
vt 0.95526158809661865 0.6003950834274292
vt 0.86871445178985596 0.6003950834274292
vt 0.82544088363647461 0.53368455171585083
vt 0.82544088363647461 0.26684227585792542
vt 0.46127322316169739 0
vt 0.23504363000392914 0
vt 0.34815841913223267 0.40026339888572693
vt 0.23504363000392914 0.40026339888572693
vt 0.46127322316169739 0.80052679777145386
vt 0.23504363000392914 0.80052679777145386
vt 0.31045347452163696 0
vt 0.38586336374282837 0
vt 0.2916010320186615 0.40026339888572693
vt 0.34815841913223267 0.20013169944286346
vt 0.2916010320186615 0.20013169944286346
vt 0.40471580624580383 0.40026339888572693
vt 0.40471580624580383 0.20013169944286346
vt 0.23504363000392914 0.6003950834274292
vt 0.23504363000392914 0.20013169944286346
vt 0.46127322316169739 0.26684227585792542
vt 0.46127322316169739 0.53368455171585083
vt 0.38586336374282837 0.80052679777145386
vt 0.31045347452163696 0.80052679777145386
vt 0.34815841913223267 0.6003950834274292
vt 0.40471580624580383 0.6003950834274292
vt 0.2916010320186615 0.6003950834274292
vt 0.23357878625392914 0
vt 0 0
vt 0.23357878625392914 0.087279565632343292
vt 0.23357878625392914 0.17455913126468658
vt 0 0.17455913126468658
vt 0.15571919083595276 0.17455913126468658
vt 0.077859587967395782 0.17455913126468658
vt 0 0.087279565632343292
vt 0.077859587967395782 0
vt 0.15571919083595276 0
vn 0 0 -1
vn 0 0 -1
vn 0 0 -1
vn 0 0 -1
vn 0 0 -1
vn 0 0 -1
vn 0 0 -1
vn 0 0 -1
vn 0 0 -1
vn 0 0 -1
vn -0.054352160543203354 0.99852180480957031 0
vn -0.054352160543203354 0.99852180480957031 0
vn -0.054352160543203354 0.99852180480957031 0
vn -0.054352160543203354 0.99852180480957031 0
vn -0.054352160543203354 0.99852180480957031 0
vn -0.054352160543203354 0.99852180480957031 0
vn -0.054352160543203354 0.99852180480957031 0
vn -0.054352160543203354 0.99852180480957031 0
vn -0.054352160543203354 0.99852180480957031 0
vn -0.054352160543203354 0.99852180480957031 0
vn -0.054352160543203354 0.99852180480957031 0
vn -0.054352160543203354 0.99852180480957031 0
vn -0.054352160543203354 0.99852180480957031 0
vn -0.054352160543203354 0.99852180480957031 0
vn -0.054352160543203354 0.99852180480957031 0
vn -0.054352160543203354 0.99852180480957031 0
vn -0.054352160543203354 0.99852180480957031 0
vn -0.054352160543203354 0.99852180480957031 0
vn -0.054352160543203354 0.99852180480957031 0
vn -0.054352160543203354 0.99852180480957031 0
vn -0.054352160543203354 0.99852180480957031 0
vn -0.054352160543203354 0.99852180480957031 0
vn -0.054352160543203354 0.99852180480957031 0
vn -0.054352160543203354 0.99852180480957031 0
vn -0.99732369184494019 0.073112927377223969 0
vn -0.99732369184494019 0.073112927377223969 0
vn -0.99732369184494019 0.073112927377223969 0
vn -0.99732369184494019 0.073112927377223969 0
vn -0.99732369184494019 0.073112927377223969 0
vn -0.99732369184494019 0.073112927377223969 0
vn -0.99732369184494019 0.073112927377223969 0
vn -0.99732369184494019 0.073112927377223969 0
vn -0.99732369184494019 0.073112927377223969 0
vn -0.99732369184494019 0.073112927377223969 0
vn -0.99732369184494019 0.073112927377223969 0
vn -0.99732369184494019 0.073112927377223969 0
vn -0.99732369184494019 0.073112927377223969 0
vn -0.99732369184494019 0.073112927377223969 0
vn -0.99732369184494019 0.073112927377223969 0
vn -0.99732369184494019 0.073112927377223969 0
vn -0.99732369184494019 0.073112927377223969 0
vn -0.99732369184494019 0.073112927377223969 0
vn -0.99732369184494019 0.073112927377223969 0
vn -0.99732369184494019 0.073112927377223969 0
vn -0.99732369184494019 0.073112927377223969 0
vn 0.089025385677814484 -0.99602937698364258 0
vn 0.089025385677814484 -0.99602937698364258 0
vn 0.089025385677814484 -0.99602937698364258 0
vn 0.089025385677814484 -0.99602937698364258 0
vn 0.089025385677814484 -0.99602937698364258 0
vn 0.089025385677814484 -0.99602937698364258 0
vn 0.089025385677814484 -0.99602937698364258 0
vn 0.089025385677814484 -0.99602937698364258 0
vn 0.089025385677814484 -0.99602937698364258 0
vn 0.089025385677814484 -0.99602937698364258 0
vn 0.089025385677814484 -0.99602937698364258 0
vn 0.089025385677814484 -0.99602937698364258 0
vn 0.089025385677814484 -0.99602937698364258 0
vn 0.089025385677814484 -0.99602937698364258 0
vn 0.089025385677814484 -0.99602937698364258 0
vn 0.089025385677814484 -0.99602937698364258 0
vn 0.089025385677814484 -0.99602937698364258 0
vn 0.089025385677814484 -0.99602937698364258 0
vn 0.9917367696762085 0.12828958034515381 0
vn 0.9917367696762085 0.12828958034515381 0
vn 0.9917367696762085 0.12828958034515381 0
vn 0.9917367696762085 0.12828958034515381 0
vn 0.9917367696762085 0.12828958034515381 0
vn 0.9917367696762085 0.12828958034515381 0
vn 0.9917367696762085 0.12828958034515381 0
vn 0.9917367696762085 0.12828958034515381 0
vn 0.9917367696762085 0.12828958034515381 0
vn 0.9917367696762085 0.12828958034515381 0
vn 0.9917367696762085 0.12828958034515381 0
vn 0.9917367696762085 0.12828958034515381 0
vn 0.9917367696762085 0.12828958034515381 0
vn 0.9917367696762085 0.12828958034515381 0
vn 0.9917367696762085 0.12828958034515381 0
vn 0.9917367696762085 0.12828958034515381 0
vn 0.9917367696762085 0.12828958034515381 0
vn 0.9917367696762085 0.12828958034515381 0
vn 0.9917367696762085 0.12828958034515381 0
vn 0.9917367696762085 0.12828958034515381 0
vn 0.9917367696762085 0.12828958034515381 0
vn 0.9917367696762085 0.12828958034515381 0
vn 0 0 1
vn 0 0 1
vn 0 0 1
vn 0 0 1
vn 0 0 1
vn 0 0 1
vn 0 0 1
vn 0 0 1
vn 0 0 1
vn 0 0 1
f 1929/1929/1929 1928/1928/1928 1922/1922/1922
f 1921/1921/1921 1927/1927/1927 1928/1928/1928
f 1928/1928/1928 1927/1927/1927 1922/1922/1922
f 1922/1922/1922 1920/1920/1920 1929/1929/1929
f 1925/1925/1925 1923/1923/1923 1922/1922/1922
f 1922/1922/1922 1926/1926/1926 1925/1925/1925
f 1926/1926/1926 1927/1927/1927 1924/1924/1924
f 1922/1922/1922 1927/1927/1927 1926/1926/1926
f 1933/1933/1933 1941/1941/1941 1942/1942/1942 1939/1939/1939
f 1938/1938/1938 1933/1933/1933 1939/1939/1939 1940/1940/1940
f 1946/1946/1946 1948/1948/1948 1947/1947/1947 1934/1934/1934
f 1950/1950/1950 1946/1946/1946 1934/1934/1934 1949/1949/1949
f 1931/1931/1931 1942/1942/1942 1930/1930/1930
f 1943/1943/1943 1930/1930/1930 1942/1942/1942
f 1942/1942/1942 1931/1931/1931 1939/1939/1939
f 1941/1941/1941 1944/1944/1944 1943/1943/1943
f 1933/1933/1933 1934/1934/1934 1947/1947/1947 1941/1941/1941
f 1942/1942/1942 1941/1941/1941 1943/1943/1943
f 1932/1932/1932 1940/1940/1940 1931/1931/1931
f 1939/1939/1939 1931/1931/1931 1940/1940/1940
f 1953/1953/1953 1940/1940/1940 1932/1932/1932
f 1953/1953/1953 1938/1938/1938 1940/1940/1940
f 1938/1938/1938 1949/1949/1949 1934/1934/1934 1933/1933/1933
f 1952/1952/1952 1938/1938/1938 1953/1953/1953
f 1944/1944/1944 1941/1941/1941 1947/1947/1947
f 1944/1944/1944 1947/1947/1947 1945/1945/1945
f 1945/1945/1945 1947/1947/1947 1948/1948/1948
f 1936/1936/1936 1948/1948/1948 1946/1946/1946
f 1945/1945/1945 1948/1948/1948 1935/1935/1935
f 1935/1935/1935 1948/1948/1948 1936/1936/1936
f 1951/1951/1951 1949/1949/1949 1952/1952/1952
f 1949/1949/1949 1938/1938/1938 1952/1952/1952
f 1950/1950/1950 1949/1949/1949 1951/1951/1951
f 1937/1937/1937 1936/1936/1936 1950/1950/1950
f 1951/1951/1951 1937/1937/1937 1950/1950/1950
f 1950/1950/1950 1936/1936/1936 1946/1946/1946
f 1974/1974/1974 1972/1972/1972 1962/1962/1962 1963/1963/1963
f 1963/1963/1963 1962/1962/1962 1964/1964/1964 1965/1965/1965
f 1962/1962/1962 1966/1966/1966 1967/1967/1967 1964/1964/1964
f 1972/1972/1972 1973/1973/1973 1966/1966/1966 1962/1962/1962
f 1959/1959/1959 1967/1967/1967 1954/1954/1954
f 1968/1968/1968 1954/1954/1954 1967/1967/1967
f 1968/1968/1968 1967/1967/1967 1966/1966/1966 1961/1961/1961
f 1966/1966/1966 1973/1973/1973 1969/1969/1969 1961/1961/1961
f 1958/1958/1958 1964/1964/1964 1967/1967/1967 1959/1959/1959
f 1955/1955/1955 1965/1965/1965 1958/1958/1958
f 1964/1964/1964 1958/1958/1958 1965/1965/1965
f 1960/1960/1960 1965/1965/1965 1955/1955/1955
f 1973/1973/1973 1970/1970/1970 1956/1956/1956 1969/1969/1969
f 1972/1972/1972 1970/1970/1970 1973/1973/1973
f 1971/1971/1971 1970/1970/1970 1972/1972/1972
f 1965/1965/1965 1960/1960/1960 1963/1963/1963
f 1974/1974/1974 1963/1963/1963 1960/1960/1960
f 1957/1957/1957 1971/1971/1971 1974/1974/1974
f 1960/1960/1960 1957/1957/1957 1974/1974/1974
f 1974/1974/1974 1971/1971/1971 1972/1972/1972
f 1990/1990/1990 1988/1988/1988 1982/1982/1982 1983/1983/1983
f 1983/1983/1983 1982/1982/1982 1984/1984/1984 1985/1985/1985
f 1982/1982/1982 1986/1986/1986 1987/1987/1987 1984/1984/1984
f 1988/1988/1988 1989/1989/1989 1986/1986/1986 1982/1982/1982
f 1987/1987/1987 1975/1975/1975 1979/1979/1979
f 1975/1975/1975 1987/1987/1987 1981/1981/1981
f 1984/1984/1984 1987/1987/1987 1979/1979/1979
f 1976/1976/1976 1985/1985/1985 1979/1979/1979
f 1984/1984/1984 1979/1979/1979 1985/1985/1985
f 1976/1976/1976 1992/1992/1992 1985/1985/1985
f 1985/1985/1985 1992/1992/1992 1983/1983/1983
f 1981/1981/1981 1987/1987/1987 1986/1986/1986
f 1989/1989/1989 1981/1981/1981 1986/1986/1986
f 1977/1977/1977 1989/1989/1989 1980/1980/1980
f 1988/1988/1988 1980/1980/1980 1989/1989/1989
f 1989/1989/1989 1977/1977/1977 1981/1981/1981
f 1991/1991/1991 1990/1990/1990 1983/1983/1983 1992/1992/1992
f 1978/1978/1978 1980/1980/1980 1990/1990/1990
f 1991/1991/1991 1978/1978/1978 1990/1990/1990
f 1990/1990/1990 1980/1980/1980 1988/1988/1988
f 1995/1995/1995 2004/2004/2004 2005/2005/2005 2002/2002/2002
f 2001/2001/2001 1995/1995/1995 2002/2002/2002 2003/2003/2003
f 2012/2012/2012 2013/2013/2013 2004/2004/2004 1995/1995/1995
f 2014/2014/2014 2012/2012/2012 1995/1995/1995 2001/2001/2001
f 2005/2005/2005 1993/1993/1993 2000/2000/2000
f 2004/2004/2004 2008/2008/2008 2005/2005/2005
f 1993/1993/1993 2005/2005/2005 2008/2008/2008
f 2008/2008/2008 2004/2004/2004 2013/2013/2013 2009/2009/2009
f 2002/2002/2002 2005/2005/2005 2000/2000/2000
f 2003/2003/2003 1999/1999/1999 1994/1994/1994
f 2007/2007/2007 2003/2003/2003 1994/1994/1994
f 2002/2002/2002 1999/1999/1999 2003/2003/2003
f 1996/1996/1996 2001/2001/2001 2003/2003/2003 2007/2007/2007
f 2002/2002/2002 2000/2000/2000 1999/1999/1999
f 1997/1997/1997 2009/2009/2009 2013/2013/2013
f 2012/2012/2012 2010/2010/2010 2013/2013/2013
f 1997/1997/1997 2013/2013/2013 2010/2010/2010
f 2010/2010/2010 2012/2012/2012 2014/2014/2014 2011/2011/2011
f 1996/1996/1996 2006/2006/2006 2014/2014/2014 2001/2001/2001
f 2006/2006/2006 1998/1998/1998 2011/2011/2011 2014/2014/2014
f 2024/2024/2024 2017/2017/2017 2023/2023/2023
f 2016/2016/2016 2023/2023/2023 2022/2022/2022
f 2023/2023/2023 2017/2017/2017 2022/2022/2022
f 2017/2017/2017 2024/2024/2024 2015/2015/2015
f 2020/2020/2020 2017/2017/2017 2018/2018/2018
f 2017/2017/2017 2020/2020/2020 2021/2021/2021
f 2021/2021/2021 2019/2019/2019 2022/2022/2022
f 2017/2017/2017 2021/2021/2021 2022/2022/2022
usemtl diffuse_0
v 1.8510349988937378 -208.49104309082031 -0.375
v 5.0375938415527344 -208.20579528808594 -0.375
v 8.2241525650024414 -207.92056274414063 -0.375
v 8.6907787322998047 -213.09933471679688 -0.375
v 4.5528573989868164 -216.45098876953125 -0.375
v 1.6919331550598145 -212.62864685058594 -0.375
v 8.2241525650024414 -207.92056274414063 -0.375
v 8.6907787322998047 -213.09933471679688 -0.375
v 8.2241525650024414 -207.92056274414063 34.784999847412109
v 8.6907787322998047 -213.09933471679688 34.784999847412109
v 8.2241525650024414 -207.92056274414063 8.4149999618530273
v 8.2241525650024414 -207.92056274414063 17.204999923706055
v 8.2241525650024414 -207.92056274414063 25.995000839233398
v 8.6907787322998047 -213.09933471679688 25.995000839233398
v 8.6907787322998047 -213.09933471679688 17.204999923706055
v 8.6907787322998047 -213.09933471679688 8.4149999618530273
v 8.6907787322998047 -213.09933471679688 -0.375
v 4.5528573989868164 -216.45098876953125 -0.375
v 8.6907787322998047 -213.09933471679688 17.204999923706055
v 8.6907787322998047 -213.09933471679688 34.784999847412109
v 4.5528573989868164 -216.45098876953125 34.784999847412109
v 8.6907787322998047 -213.09933471679688 8.4149999618530273
v 8.6907787322998047 -213.09933471679688 25.995000839233398
v 4.5528573989868164 -216.45098876953125 23.065000534057617
v 4.5528573989868164 -216.45098876953125 11.345000267028809
v 4.5528573989868164 -216.45098876953125 -0.375
v 1.6919331550598145 -212.62864685058594 -0.375
v 4.5528573989868164 -216.45098876953125 34.784999847412109
v 1.6919331550598145 -212.62864685058594 34.784999847412109
v 4.5528573989868164 -216.45098876953125 11.345000267028809
v 4.5528573989868164 -216.45098876953125 23.065000534057617
v 1.6919331550598145 -212.62864685058594 23.065000534057617
v 1.6919331550598145 -212.62864685058594 11.345000267028809
v 1.6919331550598145 -212.62864685058594 -0.375
v 1.8510349988937378 -208.49104309082031 -0.375
v 1.6919331550598145 -212.62864685058594 34.784999847412109
v 1.8510349988937378 -208.49104309082031 34.784999847412109
v 1.6919331550598145 -212.62864685058594 11.345000267028809
v 1.6919331550598145 -212.62864685058594 23.065000534057617
v 1.8510349988937378 -208.49104309082031 23.065000534057617
v 1.8510349988937378 -208.49104309082031 11.345000267028809
v 1.8510349988937378 -208.49104309082031 -0.375
v 8.2241525650024414 -207.92056274414063 -0.375
v 1.8510349988937378 -208.49104309082031 34.784999847412109
v 8.2241525650024414 -207.92056274414063 34.784999847412109
v 5.0375938415527344 -208.20579528808594 -0.375
v 5.0375938415527344 -208.20579528808594 34.784999847412109
v 8.2241525650024414 -207.92056274414063 17.204999923706055
v 5.0375938415527344 -208.20579528808594 17.204999923706055
v 6.6308732032775879 -208.06318664550781 17.204999923706055
v 8.2241525650024414 -207.92056274414063 8.4149999618530273
v 5.0375938415527344 -208.20579528808594 8.4149999618530273
v 6.6308732032775879 -208.06318664550781 8.4149999618530273
v 3.4443144798278809 -208.34841918945313 17.204999923706055
v 3.4443144798278809 -208.34841918945313 8.4149999618530273
v 8.2241525650024414 -207.92056274414063 25.995000839233398
v 1.8510349988937378 -208.49104309082031 11.345000267028809
v 1.8510349988937378 -208.49104309082031 23.065000534057617
v 5.0375938415527344 -208.20579528808594 25.995000839233398
v 3.4443144798278809 -208.34841918945313 25.995000839233398
v 6.6308732032775879 -208.06318664550781 25.995000839233398
v 8.2241525650024414 -207.92056274414063 34.784999847412109
v 8.6907787322998047 -213.09933471679688 34.784999847412109
v 4.5528573989868164 -216.45098876953125 34.784999847412109
v 1.6919331550598145 -212.62864685058594 34.784999847412109
v 1.8510349988937378 -208.49104309082031 34.784999847412109
v 5.0375938415527344 -208.20579528808594 34.784999847412109
vt 0.23321476578712463 0.51696950197219849
vt 0.23321476578712463 0.60796207189559937
vt 0.23321476578712463 0.69895464181900024
vt 0.086240708827972412 0.69904154539108276
vt 0.0023090641479939222 0.57332307100296021
vt 0.11712930351495743 0.50197070837020874
vt 0.81895524263381958 0
vt 0.67253190279006958 0
vt 0.81895524263381958 0.99853515625
vt 0.67253190279006958 0.99853515625
vt 0.81895524263381958 0.2496337890625
vt 0.81895524263381958 0.499267578125
vt 0.81895524263381958 0.7489013671875
vt 0.67253190279006958 0.7489013671875
vt 0.67253190279006958 0.499267578125
vt 0.67253190279006958 0.2496337890625
vt 0.97040677070617676 0
vt 0.82042008638381958 0
vt 0.97040677070617676 0.499267578125
vt 0.97040677070617676 0.99853515625
vt 0.82042008638381958 0.99853515625
vt 0.97040677070617676 0.2496337890625
vt 0.97040677070617676 0.7489013671875
vt 0.82042008638381958 0.66569012403488159
vt 0.82042008638381958 0.3328450620174408
vt 0.67106705904006958 0
vt 0.53674030303955078 0
vt 0.67106705904006958 0.99853515625
vt 0.53674030303955078 0.99853515625
vt 0.67106705904006958 0.3328450620174408
vt 0.67106705904006958 0.66569012403488159
vt 0.53674030303955078 0.66569012403488159
vt 0.53674030303955078 0.3328450620174408
vt 0.53527545928955078 0
vt 0.41897383332252502 0
vt 0.53527545928955078 0.99853515625
vt 0.41897383332252502 0.99853515625
vt 0.53527545928955078 0.3328450620174408
vt 0.53527545928955078 0.66569012403488159
vt 0.41897383332252502 0.66569012403488159
vt 0.41897383332252502 0.3328450620174408
vt 0.41750898957252502 0
vt 0.23698867857456207 0
vt 0.41750898957252502 0.99853515625
vt 0.23698867857456207 0.99853515625
vt 0.32724884152412415 0
vt 0.32724884152412415 0.99853515625
vt 0.23698867857456207 0.499267578125
vt 0.32724884152412415 0.499267578125
vt 0.28211873769760132 0.499267578125
vt 0.23698867857456207 0.2496337890625
vt 0.32724884152412415 0.2496337890625
vt 0.28211873769760132 0.2496337890625
vt 0.37237891554832458 0.499267578125
vt 0.37237891554832458 0.2496337890625
vt 0.23698867857456207 0.7489013671875
vt 0.41750898957252502 0.3328450620174408
vt 0.41750898957252502 0.66569012403488159
vt 0.32724884152412415 0.7489013671875
vt 0.37237891554832458 0.7489013671875
vt 0.28211873769760132 0.7489013671875
vt 0.23321476578712463 0.19895465672016144
vt 0.086240708827972412 0.19904154539108276
vt 0.0023090641479939222 0.073323093354701996
vt 0.11712930351495743 0.0019707083702087402
vt 0.23321476578712463 0.016969503834843636
vt 0.23321476578712463 0.10796207934617996
vn 0 0 -1
vn 0 0 -1
vn 0 0 -1
vn 0 0 -1
vn 0 0 -1
vn 0 0 -1
vn 0.99596518278121948 0.089740268886089325 0
vn 0.99596518278121948 0.089740268886089325 0
vn 0.99596518278121948 0.089740268886089325 0
vn 0.99596518278121948 0.089740268886089325 0
vn 0.99596518278121948 0.089740268886089325 0
vn 0.99596518278121948 0.089740268886089325 0
vn 0.99596518278121948 0.089740268886089325 0
vn 0.99596518278121948 0.089740268886089325 0
vn 0.99596518278121948 0.089740268886089325 0
vn 0.99596518278121948 0.089740268886089325 0
vn 0.62941473722457886 -0.7770695686340332 0
vn 0.62941473722457886 -0.7770695686340332 0
vn 0.62941473722457886 -0.7770695686340332 0
vn 0.62941473722457886 -0.7770695686340332 0
vn 0.62941473722457886 -0.7770695686340332 0
vn 0.62941473722457886 -0.7770695686340332 0
vn 0.62941473722457886 -0.7770695686340332 0
vn 0.62941473722457886 -0.7770695686340332 0
vn 0.62941473722457886 -0.7770695686340332 0
vn -0.80058610439300537 -0.59921777248382568 0
vn -0.80058610439300537 -0.59921777248382568 0
vn -0.80058610439300537 -0.59921777248382568 0
vn -0.80058610439300537 -0.59921777248382568 0
vn -0.80058610439300537 -0.59921777248382568 0
vn -0.80058610439300537 -0.59921777248382568 0
vn -0.80058610439300537 -0.59921777248382568 0
vn -0.80058610439300537 -0.59921777248382568 0
vn -0.99926149845123291 0.038424193859100342 0
vn -0.99926149845123291 0.038424193859100342 0
vn -0.99926149845123291 0.038424193859100342 0
vn -0.99926149845123291 0.038424193859100342 0
vn -0.99926149845123291 0.038424193859100342 0
vn -0.99926149845123291 0.038424193859100342 0
vn -0.99926149845123291 0.038424193859100342 0
vn -0.99926149845123291 0.038424193859100342 0
vn -0.089155122637748718 0.99601775407791138 0
vn -0.089155122637748718 0.99601775407791138 0
vn -0.089155122637748718 0.99601775407791138 0
vn -0.089155122637748718 0.99601775407791138 0
vn -0.089155122637748718 0.99601775407791138 0
vn -0.089155122637748718 0.99601775407791138 0
vn -0.089155122637748718 0.99601775407791138 0
vn -0.089155122637748718 0.99601775407791138 0
vn -0.089155122637748718 0.99601775407791138 0
vn -0.089155122637748718 0.99601775407791138 0
vn -0.089155122637748718 0.99601775407791138 0
vn -0.089155122637748718 0.99601775407791138 0
vn -0.089155122637748718 0.99601775407791138 0
vn -0.089155122637748718 0.99601775407791138 0
vn -0.089155122637748718 0.99601775407791138 0
vn -0.089155122637748718 0.99601775407791138 0
vn -0.089155122637748718 0.99601775407791138 0
vn -0.089155122637748718 0.99601775407791138 0
vn -0.089155122637748718 0.99601775407791138 0
vn -0.089155122637748718 0.99601775407791138 0
vn 0 0 1
vn 0 0 1
vn 0 0 1
vn 0 0 1
vn 0 0 1
vn 0 0 1
f 2029/2029/2029 2030/2030/2030 2025/2025/2025
f 2026/2026/2026 2029/2029/2029 2025/2025/2025
f 2028/2028/2028 2026/2026/2026 2027/2027/2027
f 2029/2029/2029 2026/2026/2026 2028/2028/2028
f 2035/2035/2035 2040/2040/2040 2032/2032/2032 2031/2031/2031
f 2040/2040/2040 2035/2035/2035 2036/2036/2036 2039/2039/2039
f 2033/2033/2033 2034/2034/2034 2038/2038/2038 2037/2037/2037
f 2037/2037/2037 2038/2038/2038 2039/2039/2039 2036/2036/2036
f 2041/2041/2041 2046/2046/2046 2049/2049/2049 2042/2042/2042
f 2049/2049/2049 2046/2046/2046 2043/2043/2043
f 2048/2048/2048 2043/2043/2043 2047/2047/2047
f 2045/2045/2045 2048/2048/2048 2047/2047/2047 2044/2044/2044
f 2049/2049/2049 2043/2043/2043 2048/2048/2048
f 2050/2050/2050 2054/2054/2054 2057/2057/2057 2051/2051/2051
f 2054/2054/2054 2055/2055/2055 2056/2056/2056 2057/2057/2057
f 2055/2055/2055 2052/2052/2052 2053/2053/2053 2056/2056/2056
f 2058/2058/2058 2062/2062/2062 2065/2065/2065 2059/2059/2059
f 2062/2062/2062 2063/2063/2063 2064/2064/2064 2065/2065/2065
f 2063/2063/2063 2060/2060/2060 2061/2061/2061 2064/2064/2064
f 2085/2085/2085 2074/2074/2074 2073/2073/2073 2083/2083/2083
f 2074/2074/2074 2077/2077/2077 2076/2076/2076 2073/2073/2073
f 2073/2073/2073 2076/2076/2076 2079/2079/2079 2078/2078/2078
f 2083/2083/2083 2073/2073/2073 2078/2078/2078 2084/2084/2084
f 2070/2070/2070 2066/2066/2066 2079/2079/2079 2076/2076/2076
f 2081/2081/2081 2079/2079/2079 2066/2066/2066
f 2079/2079/2079 2081/2081/2081 2078/2078/2078
f 2081/2081/2081 2082/2082/2082 2084/2084/2084 2078/2078/2078
f 2067/2067/2067 2070/2070/2070 2077/2077/2077 2075/2075/2075
f 2070/2070/2070 2076/2076/2076 2077/2077/2077
f 2075/2075/2075 2077/2077/2077 2074/2074/2074 2072/2072/2072
f 2068/2068/2068 2084/2084/2084 2082/2082/2082
f 2083/2083/2083 2084/2084/2084 2071/2071/2071
f 2068/2068/2068 2071/2071/2071 2084/2084/2084
f 2085/2085/2085 2083/2083/2083 2071/2071/2071
f 2072/2072/2072 2074/2074/2074 2085/2085/2085 2080/2080/2080
f 2080/2080/2080 2085/2085/2085 2069/2069/2069
f 2071/2071/2071 2069/2069/2069 2085/2085/2085
f 2088/2088/2088 2090/2090/2090 2089/2089/2089
f 2091/2091/2091 2090/2090/2090 2088/2088/2088
f 2087/2087/2087 2086/2086/2086 2091/2091/2091
f 2088/2088/2088 2087/2087/2087 2091/2091/2091
usemtl diffuse_0
v 58.233970642089844 -249.47938537597656 -0.375
v 54.687557220458984 -252.85282897949219 -0.375
v 48.721649169921875 -239.49229431152344 -0.375
v 45.175235748291016 -242.86572265625 -0.375
v 53.477809906005859 -244.48583984375 -0.375
v 49.931396484375 -247.85928344726563 -0.375
v 58.233970642089844 -249.47938537597656 -0.375
v 48.721649169921875 -239.49229431152344 -0.375
v 58.233970642089844 -249.47938537597656 23.485000610351563
v 48.721649169921875 -239.49229431152344 23.485000610351563
v 53.477809906005859 -244.48583984375 -0.375
v 58.233970642089844 -249.47938537597656 11.555000305175781
v 53.477809906005859 -244.48583984375 23.485000610351563
v 48.721649169921875 -239.49229431152344 11.555000305175781
v 48.721649169921875 -239.49229431152344 -0.375
v 45.175235748291016 -242.86572265625 -0.375
v 48.721649169921875 -239.49229431152344 23.485000610351563
v 45.175235748291016 -242.86572265625 23.485000610351563
v 45.175235748291016 -242.86572265625 11.555000305175781
v 48.721649169921875 -239.49229431152344 11.555000305175781
v 45.175235748291016 -242.86572265625 -0.375
v 54.687557220458984 -252.85282897949219 -0.375
v 45.175235748291016 -242.86572265625 23.485000610351563
v 54.687557220458984 -252.85282897949219 23.485000610351563
v 49.931396484375 -247.85928344726563 -0.375
v 45.175235748291016 -242.86572265625 11.555000305175781
v 49.931396484375 -247.85928344726563 23.485000610351563
v 54.687557220458984 -252.85282897949219 11.555000305175781
v 54.687557220458984 -252.85282897949219 -0.375
v 58.233970642089844 -249.47938537597656 -0.375
v 54.687557220458984 -252.85282897949219 23.485000610351563
v 58.233970642089844 -249.47938537597656 23.485000610351563
v 58.233970642089844 -249.47938537597656 11.555000305175781
v 54.687557220458984 -252.85282897949219 11.555000305175781
v 58.233970642089844 -249.47938537597656 23.485000610351563
v 54.687557220458984 -252.85282897949219 23.485000610351563
v 48.721649169921875 -239.49229431152344 23.485000610351563
v 45.175235748291016 -242.86572265625 23.485000610351563
v 53.477809906005859 -244.48583984375 23.485000610351563
v 49.931396484375 -247.85928344726563 23.485000610351563
vt 0 0.13096368312835693
vt 0 0.26046252250671387
vt 0.36757147312164307 0.13096368312835693
vt 0.36757147312164307 0.26046252250671387
vt 0.18378573656082153 0.13096368312835693
vt 0.18378573656082153 0.26046252250671387
vt 0.73660778999328613 0
vt 0.36903631687164307 0
vt 0.73660778999328613 0.63841664791107178
vt 0.36903631687164307 0.63841664791107178
vt 0.5528220534324646 0
vt 0.73660778999328613 0.31920832395553589
vt 0.5528220534324646 0.63841664791107178
vt 0.36903631687164307 0.31920832395553589
vt 0.86757147312164307 0
vt 0.73807263374328613 0
vt 0.86757147312164307 0.63841664791107178
vt 0.73807263374328613 0.63841664791107178
vt 0.73807263374328613 0.31920832395553589
vt 0.86757147312164307 0.31920832395553589
vt 0.36757147312164307 0.26192736625671387
vt 0 0.26192736625671387
vt 0.36757147312164307 0.89887917041778564
vt 0 0.89887917041778564
vt 0.18378573656082153 0.26192736625671387
vt 0.36757147312164307 0.58040326833724976
vt 0.18378573656082153 0.89887917041778564
vt 0 0.58040326833724976
vt 0.99853515625 0
vt 0.86903631687164307 0
vt 0.99853515625 0.63841664791107178
vt 0.86903631687164307 0.63841664791107178
vt 0.86903631687164307 0.31920832395553589
vt 0.99853515625 0.31920832395553589
vt 0 0
vt 0 0.12949883937835693
vt 0.36757147312164307 0
vt 0.36757147312164307 0.12949883937835693
vt 0.18378573656082153 0
vt 0.18378573656082153 0.12949883937835693
vn 0 0 -1
vn 0 0 -1
vn 0 0 -1
vn 0 0 -1
vn 0 0 -1
vn 0 0 -1
vn 0.72410893440246582 0.6896856427192688 0
vn 0.72410893440246582 0.6896856427192688 0
vn 0.72410893440246582 0.6896856427192688 0
vn 0.72410893440246582 0.6896856427192688 0
vn 0.72410893440246582 0.6896856427192688 0
vn 0.72410893440246582 0.6896856427192688 0
vn 0.72410893440246582 0.6896856427192688 0
vn 0.72410893440246582 0.6896856427192688 0
vn -0.68921560049057007 0.7245563268661499 0
vn -0.68921560049057007 0.7245563268661499 0
vn -0.68921560049057007 0.7245563268661499 0
vn -0.68921560049057007 0.7245563268661499 0
vn -0.68921560049057007 0.7245563268661499 0
vn -0.68921560049057007 0.7245563268661499 0
vn -0.72410893440246582 -0.6896856427192688 0
vn -0.72410893440246582 -0.6896856427192688 0
vn -0.72410893440246582 -0.6896856427192688 0
vn -0.72410893440246582 -0.6896856427192688 0
vn -0.72410893440246582 -0.6896856427192688 0
vn -0.72410893440246582 -0.6896856427192688 0
vn -0.72410893440246582 -0.6896856427192688 0
vn -0.72410893440246582 -0.6896856427192688 0
vn 0.68921560049057007 -0.7245563268661499 0
vn 0.68921560049057007 -0.7245563268661499 0
vn 0.68921560049057007 -0.7245563268661499 0
vn 0.68921560049057007 -0.7245563268661499 0
vn 0.68921560049057007 -0.7245563268661499 0
vn 0.68921560049057007 -0.7245563268661499 0
vn 0 0 1
vn 0 0 1
vn 0 0 1
vn 0 0 1
vn 0 0 1
vn 0 0 1
f 2093/2093/2093 2097/2097/2097 2096/2096/2096 2092/2092/2092
f 2094/2094/2094 2096/2096/2096 2097/2097/2097 2095/2095/2095
f 2102/2102/2102 2103/2103/2103 2098/2098/2098
f 2102/2102/2102 2099/2099/2099 2105/2105/2105
f 2104/2104/2104 2103/2103/2103 2102/2102/2102
f 2102/2102/2102 2105/2105/2105 2104/2104/2104
f 2104/2104/2104 2105/2105/2105 2101/2101/2101
f 2100/2100/2100 2103/2103/2103 2104/2104/2104
f 2107/2107/2107 2110/2110/2110 2111/2111/2111 2106/2106/2106
f 2108/2108/2108 2111/2111/2111 2110/2110/2110 2109/2109/2109
f 2116/2116/2116 2117/2117/2117 2112/2112/2112
f 2116/2116/2116 2113/2113/2113 2119/2119/2119
f 2119/2119/2119 2117/2117/2117 2116/2116/2116
f 2117/2117/2117 2119/2119/2119 2118/2118/2118
f 2118/2118/2118 2119/2119/2119 2115/2115/2115
f 2114/2114/2114 2117/2117/2117 2118/2118/2118
f 2121/2121/2121 2124/2124/2124 2125/2125/2125 2120/2120/2120
f 2122/2122/2122 2125/2125/2125 2124/2124/2124 2123/2123/2123
f 2127/2127/2127 2126/2126/2126 2130/2130/2130 2131/2131/2131
f 2128/2128/2128 2129/2129/2129 2131/2131/2131 2130/2130/2130
usemtl diffuse_0
v 70.849105834960938 -244.30233764648438 -0.375
v 68.175651550292969 -241.67636108398438 -0.375
v 70.834541320800781 -238.97029113769531 -0.375
v 67.021591186523438 -235.22459411621094 -0.375
v 63.208637237548828 -231.47889709472656 -0.375
v 59.395683288574219 -227.73321533203125 -0.375
v 55.830715179443359 -231.361083984375 -0.375
v 52.265743255615234 -234.98895263671875 -0.375
v 56.976425170898438 -239.608642578125 -0.375
v 61.687110900878906 -244.22831726074219 -0.375
v 66.397789001464844 -248.84800720214844 -0.375
v 70.849105834960938 -244.30233764648438 -0.375
v 68.175651550292969 -241.67636108398438 -0.375
v 70.849105834960938 -244.30233764648438 32.784999847412109
v 68.175651550292969 -241.67636108398438 32.784999847412109
v 70.849105834960938 -244.30233764648438 10.678333282470703
v 70.849105834960938 -244.30233764648438 21.731666564941406
v 68.175651550292969 -241.67636108398438 21.731666564941406
v 68.175651550292969 -241.67636108398438 10.678333282470703
v 68.175651550292969 -241.67636108398438 -0.375
v 70.834541320800781 -238.97029113769531 -0.375
v 68.175651550292969 -241.67636108398438 32.784999847412109
v 70.834541320800781 -238.97029113769531 32.784999847412109
v 68.175651550292969 -241.67636108398438 10.678333282470703
v 68.175651550292969 -241.67636108398438 21.731666564941406
v 70.834541320800781 -238.97029113769531 21.731666564941406
v 70.834541320800781 -238.97029113769531 10.678333282470703
v 70.834541320800781 -238.97029113769531 -0.375
v 59.395683288574219 -227.73321533203125 -0.375
v 70.834541320800781 -238.97029113769531 32.784999847412109
v 59.395683288574219 -227.73321533203125 32.784999847412109
v 70.834541320800781 -238.97029113769531 10.678333282470703
v 70.834541320800781 -238.97029113769531 21.731666564941406
v 67.021591186523438 -235.22459411621094 32.784999847412109
v 63.208637237548828 -231.47889709472656 32.784999847412109
v 59.395683288574219 -227.73321533203125 16.204999923706055
v 63.208637237548828 -231.47889709472656 -0.375
v 67.021591186523438 -235.22459411621094 -0.375
v 59.395683288574219 -227.73321533203125 -0.375
v 52.265743255615234 -234.98895263671875 -0.375
v 59.395683288574219 -227.73321533203125 32.784999847412109
v 52.265743255615234 -234.98895263671875 32.784999847412109
v 59.395683288574219 -227.73321533203125 16.204999923706055
v 55.830715179443359 -231.361083984375 32.784999847412109
v 52.265743255615234 -234.98895263671875 16.204999923706055
v 55.830715179443359 -231.361083984375 -0.375
v 52.265743255615234 -234.98895263671875 -0.375
v 66.397789001464844 -248.84800720214844 -0.375
v 52.265743255615234 -234.98895263671875 32.784999847412109
v 66.397789001464844 -248.84800720214844 32.784999847412109
v 52.265743255615234 -234.98895263671875 16.204999923706055
v 56.976425170898438 -239.608642578125 32.784999847412109
v 61.687110900878906 -244.22831726074219 32.784999847412109
v 66.397789001464844 -248.84800720214844 16.204999923706055
v 61.687110900878906 -244.22831726074219 -0.375
v 56.976425170898438 -239.608642578125 -0.375
v 66.397789001464844 -248.84800720214844 -0.375
v 70.849105834960938 -244.30233764648438 -0.375
v 66.397789001464844 -248.84800720214844 32.784999847412109
v 70.849105834960938 -244.30233764648438 32.784999847412109
v 70.849105834960938 -244.30233764648438 21.731666564941406
v 70.849105834960938 -244.30233764648438 10.678333282470703
v 66.397789001464844 -248.84800720214844 16.204999923706055
v 70.849105834960938 -244.30233764648438 32.784999847412109
v 68.175651550292969 -241.67636108398438 32.784999847412109
v 70.834541320800781 -238.97029113769531 32.784999847412109
v 67.021591186523438 -235.22459411621094 32.784999847412109
v 63.208637237548828 -231.47889709472656 32.784999847412109
v 59.395683288574219 -227.73321533203125 32.784999847412109
v 55.830715179443359 -231.361083984375 32.784999847412109
v 52.265743255615234 -234.98895263671875 32.784999847412109
v 56.976425170898438 -239.608642578125 32.784999847412109
v 61.687110900878906 -244.22831726074219 32.784999847412109
v 66.397789001464844 -248.84800720214844 32.784999847412109
vt 0.066799096763134003 0.75979167222976685
vt 0.067379586398601532 0.69447499513626099
vt 0.0017835731850937009 0.69389355182647705
vt 0.002605942077934742 0.60073173046112061
vt 0.0034283110871911049 0.50756984949111938
vt 0.0042506800964474678 0.41440805792808533
vt 0.092195779085159302 0.41518333554267883
vt 0.18014088273048401 0.41595858335494995
vt 0.17902827262878418 0.53095722198486328
vt 0.17791564762592316 0.64595592021942139
vt 0.17680303752422333 0.76095455884933472
vt 0 0
vt 0 0.063854426145553589
vt 0.57799428701400757 0
vt 0.57799428701400757 0.063854426145553589
vt 0.19266477227210999 0
vt 0.38532954454421997 0
vt 0.38532954454421997 0.063854426145553589
vt 0.19266477227210999 0.063854426145553589
vt 0 0.065319269895553589
vt 0 0.12998117506504059
vt 0.57799428701400757 0.065319269895553589
vt 0.57799428701400757 0.12998117506504059
vt 0.19266477227210999 0.065319269895553589
vt 0.38532954454421997 0.065319269895553589
vt 0.38532954454421997 0.12998117506504059
vt 0.19266477227210999 0.12998117506504059
vt 0 0.13144601881504059
vt 0 0.40947774052619934
vt 0.57799428701400757 0.13144601881504059
vt 0.57799428701400757 0.40947774052619934
vt 0.19266477227210999 0.13144601881504059
vt 0.38532954454421997 0.13144601881504059
vt 0.57799428701400757 0.2241232693195343
vt 0.57799428701400757 0.31680050492286682
vt 0.28899714350700378 0.40947774052619934
vt 0 0.31680050492286682
vt 0 0.2241232693195343
vt 0.35923770070075989 0.41094258427619934
vt 0.18338930606842041 0.41094258427619934
vt 0.35923770070075989 0.9874720573425293
vt 0.18338930606842041 0.9874720573425293
vt 0.35923770070075989 0.69920730590820313
vt 0.27131348848342896 0.9874720573425293
vt 0.18338930606842041 0.69920730590820313
vt 0.27131348848342896 0.41094258427619934
vt 0.70425009727478027 0.41094258427619934
vt 0.36070254445075989 0.41094258427619934
vt 0.70425009727478027 0.9874720573425293
vt 0.36070254445075989 0.9874720573425293
vt 0.70425009727478027 0.69920730590820313
vt 0.58973419666290283 0.9874720573425293
vt 0.47521838545799255 0.9874720573425293
vt 0.36070254445075989 0.69920730590820313
vt 0.47521838545799255 0.41094258427619934
vt 0.58973419666290283 0.41094258427619934
vt 0.81514585018157959 0
vt 0.70571494102478027 0
vt 0.81514585018157959 0.57799428701400757
vt 0.70571494102478027 0.57799428701400757
vt 0.70571494102478027 0.38532954454421997
vt 0.70571494102478027 0.19266477227210999
vt 0.81514585018157959 0.28899714350700378
vt 0.88340979814529419 0.34884905815124512
vt 0.88399028778076172 0.28353241086006165
vt 0.8183942437171936 0.28295096755027771
vt 0.81921666860580444 0.18978913128376007
vt 0.82003903388977051 0.096627295017242432
vt 0.82086139917373657 0.0034654652699828148
vt 0.90880650281906128 0.0042407368309795856
vt 0.99675160646438599 0.0050160088576376438
vt 0.99563896656036377 0.12001466751098633
vt 0.99452632665634155 0.23501330614089966
vt 0.99341374635696411 0.35001197457313538
vn 0 0 -1
vn 0 0 -1
vn 0 0 -1
vn 0 0 -1
vn 0 0 -1
vn 0 0 -1
vn 0 0 -1
vn 0 0 -1
vn 0 0 -1
vn 0 0 -1
vn 0 0 -1
vn 0.70074373483657837 0.71341311931610107 0
vn 0.70074373483657837 0.71341311931610107 0
vn 0.70074373483657837 0.71341311931610107 0
vn 0.70074373483657837 0.71341311931610107 0
vn 0.70074373483657837 0.71341311931610107 0
vn 0.70074373483657837 0.71341311931610107 0
vn 0.70074373483657837 0.71341311931610107 0
vn 0.70074373483657837 0.71341311931610107 0
vn 0.71329706907272339 -0.70086181163787842 0
vn 0.71329706907272339 -0.70086181163787842 0
vn 0.71329706907272339 -0.70086181163787842 0
vn 0.71329706907272339 -0.70086181163787842 0
vn 0.71329706907272339 -0.70086181163787842 0
vn 0.71329706907272339 -0.70086181163787842 0
vn 0.71329706907272339 -0.70086181163787842 0
vn 0.71329706907272339 -0.70086181163787842 0
vn 0.70078694820404053 0.713370680809021 0
vn 0.70078694820404053 0.713370680809021 0
vn 0.70078694820404053 0.713370680809021 0
vn 0.70078694820404053 0.713370680809021 0
vn 0.70078694820404053 0.713370680809021 0
vn 0.70078694820404053 0.713370680809021 0
vn 0.70078694820404053 0.713370680809021 0
vn 0.70078694820404053 0.713370680809021 0
vn 0.70078694820404053 0.713370680809021 0
vn 0.70078694820404053 0.713370680809021 0
vn 0.70078694820404053 0.713370680809021 0
vn -0.71326315402984619 0.70089632272720337 0
vn -0.71326315402984619 0.70089632272720337 0
vn -0.71326315402984619 0.70089632272720337 0
vn -0.71326315402984619 0.70089632272720337 0
vn -0.71326315402984619 0.70089632272720337 0
vn -0.71326315402984619 0.70089632272720337 0
vn -0.71326315402984619 0.70089632272720337 0
vn -0.71326315402984619 0.70089632272720337 0
vn -0.70017713308334351 -0.71396917104721069 0
vn -0.70017713308334351 -0.71396917104721069 0
vn -0.70017713308334351 -0.71396917104721069 0
vn -0.70017713308334351 -0.71396917104721069 0
vn -0.70017713308334351 -0.71396917104721069 0
vn -0.70017713308334351 -0.71396917104721069 0
vn -0.70017713308334351 -0.71396917104721069 0
vn -0.70017713308334351 -0.71396917104721069 0
vn -0.70017713308334351 -0.71396917104721069 0
vn -0.70017713308334351 -0.71396917104721069 0
vn 0.71448296308517456 -0.69965285062789917 0
vn 0.71448296308517456 -0.69965285062789917 0
vn 0.71448296308517456 -0.69965285062789917 0
vn 0.71448296308517456 -0.69965285062789917 0
vn 0.71448296308517456 -0.69965285062789917 0
vn 0.71448296308517456 -0.69965285062789917 0
vn 0.71448296308517456 -0.69965285062789917 0
vn 0 0 1
vn 0 0 1
vn 0 0 1
vn 0 0 1
vn 0 0 1
vn 0 0 1
vn 0 0 1
vn 0 0 1
vn 0 0 1
vn 0 0 1
vn 0 0 1
f 2136/2136/2136 2135/2135/2135 2140/2140/2140
f 2134/2134/2134 2133/2133/2133 2135/2135/2135
f 2138/2138/2138 2137/2137/2137 2136/2136/2136
f 2140/2140/2140 2139/2139/2139 2138/2138/2138
f 2140/2140/2140 2135/2135/2135 2141/2141/2141
f 2142/2142/2142 2141/2141/2141 2133/2133/2133
f 2141/2141/2141 2135/2135/2135 2133/2133/2133
f 2132/2132/2132 2142/2142/2142 2133/2133/2133
f 2138/2138/2138 2136/2136/2136 2140/2140/2140
f 2143/2143/2143 2144/2144/2144 2150/2150/2150 2147/2147/2147
f 2147/2147/2147 2150/2150/2150 2149/2149/2149 2148/2148/2148
f 2148/2148/2148 2149/2149/2149 2146/2146/2146 2145/2145/2145
f 2151/2151/2151 2152/2152/2152 2158/2158/2158 2155/2155/2155
f 2155/2155/2155 2158/2158/2158 2157/2157/2157 2156/2156/2156
f 2153/2153/2153 2156/2156/2156 2157/2157/2157 2154/2154/2154
f 2169/2169/2169 2163/2163/2163 2159/2159/2159
f 2168/2168/2168 2166/2166/2166 2165/2165/2165 2169/2169/2169
f 2168/2168/2168 2160/2160/2160 2167/2167/2167
f 2163/2163/2163 2169/2169/2169 2164/2164/2164
f 2165/2165/2165 2161/2161/2161 2164/2164/2164
f 2162/2162/2162 2166/2166/2166 2167/2167/2167
f 2166/2166/2166 2168/2168/2168 2167/2167/2167
f 2164/2164/2164 2169/2169/2169 2165/2165/2165
f 2177/2177/2177 2174/2174/2174 2170/2170/2170
f 2177/2177/2177 2171/2171/2171 2176/2176/2176
f 2176/2176/2176 2174/2174/2174 2177/2177/2177
f 2176/2176/2176 2173/2173/2173 2175/2175/2175 2174/2174/2174
f 2172/2172/2172 2174/2174/2174 2175/2175/2175
f 2187/2187/2187 2182/2182/2182 2178/2178/2178
f 2182/2182/2182 2187/2187/2187 2186/2186/2186
f 2186/2186/2186 2179/2179/2179 2185/2185/2185
f 2185/2185/2185 2182/2182/2182 2186/2186/2186
f 2183/2183/2183 2182/2182/2182 2184/2184/2184
f 2181/2181/2181 2184/2184/2184 2185/2185/2185
f 2184/2184/2184 2182/2182/2182 2185/2185/2185
f 2180/2180/2180 2182/2182/2182 2183/2183/2183
f 2193/2193/2193 2194/2194/2194 2188/2188/2188 2189/2189/2189
f 2194/2194/2194 2192/2192/2192 2191/2191/2191 2190/2190/2190
f 2193/2193/2193 2192/2192/2192 2194/2194/2194
f 2199/2199/2199 2203/2203/2203 2198/2198/2198
f 2197/2197/2197 2198/2198/2198 2196/2196/2196
f 2201/2201/2201 2199/2199/2199 2200/2200/2200
f 2203/2203/2203 2201/2201/2201 2202/2202/2202
f 2203/2203/2203 2204/2204/2204 2198/2198/2198
f 2205/2205/2205 2196/2196/2196 2204/2204/2204
f 2204/2204/2204 2196/2196/2196 2198/2198/2198
f 2195/2195/2195 2196/2196/2196 2205/2205/2205
f 2201/2201/2201 2203/2203/2203 2199/2199/2199
usemtl diffuse_0
v 51.325733184814453 -264.51763916015625 -0.375
v 48.162391662597656 -267.7281494140625 -0.375
v 37.828632354736328 -251.28166198730469 -0.375
v 34.665290832519531 -254.49217224121094 -0.375
v 46.826698303222656 -260.10565185546875 -0.375
v 42.327663421630859 -255.69364929199219 -0.375
v 39.164325714111328 -258.9041748046875 -0.375
v 43.663356781005859 -263.316162109375 -0.375
v 51.325733184814453 -264.51763916015625 -0.375
v 37.828632354736328 -251.28166198730469 -0.375
v 51.325733184814453 -264.51763916015625 14.465000152587891
v 37.828632354736328 -251.28166198730469 14.465000152587891
v 42.327663421630859 -255.69364929199219 -0.375
v 46.826698303222656 -260.10565185546875 -0.375
v 51.325733184814453 -264.51763916015625 7.0450000762939453
v 46.826698303222656 -260.10565185546875 14.465000152587891
v 42.327663421630859 -255.69364929199219 14.465000152587891
v 37.828632354736328 -251.28166198730469 9.5183334350585938
v 37.828632354736328 -251.28166198730469 4.5716667175292969
v 37.828632354736328 -251.28166198730469 -0.375
v 34.665290832519531 -254.49217224121094 -0.375
v 37.828632354736328 -251.28166198730469 14.465000152587891
v 34.665290832519531 -254.49217224121094 14.465000152587891
v 37.828632354736328 -251.28166198730469 4.5716667175292969
v 37.828632354736328 -251.28166198730469 9.5183334350585938
v 34.665290832519531 -254.49217224121094 9.5183334350585938
v 34.665290832519531 -254.49217224121094 4.5716667175292969
v 34.665290832519531 -254.49217224121094 -0.375
v 48.162391662597656 -267.7281494140625 -0.375
v 34.665290832519531 -254.49217224121094 14.465000152587891
v 48.162391662597656 -267.7281494140625 14.465000152587891
v 43.663356781005859 -263.316162109375 -0.375
v 39.164325714111328 -258.9041748046875 -0.375
v 34.665290832519531 -254.49217224121094 4.5716667175292969
v 34.665290832519531 -254.49217224121094 9.5183334350585938
v 39.164325714111328 -258.9041748046875 14.465000152587891
v 43.663356781005859 -263.316162109375 14.465000152587891
v 48.162391662597656 -267.7281494140625 7.0450000762939453
v 48.162391662597656 -267.7281494140625 -0.375
v 51.325733184814453 -264.51763916015625 -0.375
v 48.162391662597656 -267.7281494140625 14.465000152587891
v 51.325733184814453 -264.51763916015625 14.465000152587891
v 51.325733184814453 -264.51763916015625 7.0450000762939453
v 48.162391662597656 -267.7281494140625 7.0450000762939453
v 51.325733184814453 -264.51763916015625 14.465000152587891
v 48.162391662597656 -267.7281494140625 14.465000152587891
v 37.828632354736328 -251.28166198730469 14.465000152587891
v 34.665290832519531 -254.49217224121094 14.465000152587891
v 46.826698303222656 -260.10565185546875 14.465000152587891
v 42.327663421630859 -255.69364929199219 14.465000152587891
v 39.164325714111328 -258.9041748046875 14.465000152587891
v 43.663356781005859 -263.316162109375 14.465000152587891
vt 0.97258800268173218 0
vt 0.84048497676849365 0
vt 0.97258800268173218 0.56021863222122192
vt 0.84048497676849365 0.56021863222122192
vt 0.97258800268173218 0.18673954904079437
vt 0.97258800268173218 0.37347909808158875
vt 0.84048497676849365 0.37347909808158875
vt 0.84048497676849365 0.18673954904079437
vt 0.26713573932647705 0.43978136777877808
vt 0.26713573932647705 0.99853515625
vt 0.70545226335525513 0.43978136777877808
vt 0.70545226335525513 0.99853515625
vt 0.26713573932647705 0.81228393316268921
vt 0.26713573932647705 0.62603265047073364
vt 0.48629400134086609 0.43978136777877808
vt 0.70545226335525513 0.62603265047073364
vt 0.70545226335525513 0.81228393316268921
vt 0.55934679508209229 0.99853515625
vt 0.41324126720428467 0.99853515625
vt 0.13210302591323853 0.43978136777877808
vt 0 0.43978136777877808
vt 0.13210302591323853 0.87956273555755615
vt 0 0.87956273555755615
vt 0.13210302591323853 0.58637517690658569
vt 0.13210302591323853 0.73296898603439331
vt 0 0.73296898603439331
vt 0 0.58637517690658569
vt 0.56021863222122192 0
vt 0 0
vt 0.56021863222122192 0.43831652402877808
vt 0 0.43831652402877808
vt 0.18673953413963318 0
vt 0.37347906827926636 0
vt 0.56021863222122192 0.14610551297664642
vt 0.56021863222122192 0.29221102595329285
vt 0.37347906827926636 0.43831652402877808
vt 0.18673953413963318 0.43831652402877808
vt 0 0.21915826201438904
vt 0.26567089557647705 0.43978136777877808
vt 0.13356786966323853 0.43978136777877808
vt 0.26567089557647705 0.87956273555755615
vt 0.13356786966323853 0.87956273555755615
vt 0.13356786966323853 0.6596720814704895
vt 0.26567089557647705 0.6596720814704895
vt 0.83902013301849365 0
vt 0.70691710710525513 0
vt 0.83902013301849365 0.56021863222122192
vt 0.70691710710525513 0.56021863222122192
vt 0.83902013301849365 0.18673954904079437
vt 0.83902013301849365 0.37347909808158875
vt 0.70691710710525513 0.37347909808158875
vt 0.70691710710525513 0.18673954904079437
vn 0 0 -1
vn 0 0 -1
vn 0 0 -1
vn 0 0 -1
vn 0 0 -1
vn 0 0 -1
vn 0 0 -1
vn 0 0 -1
vn 0.70016640424728394 0.71397966146469116 0
vn 0.70016640424728394 0.71397966146469116 0
vn 0.70016640424728394 0.71397966146469116 0
vn 0.70016640424728394 0.71397966146469116 0
vn 0.70016640424728394 0.71397966146469116 0
vn 0.70016640424728394 0.71397966146469116 0
vn 0.70016640424728394 0.71397966146469116 0
vn 0.70016640424728394 0.71397966146469116 0
vn 0.70016640424728394 0.71397966146469116 0
vn 0.70016640424728394 0.71397966146469116 0
vn 0.70016640424728394 0.71397966146469116 0
vn -0.71232092380523682 0.70185393095016479 0
vn -0.71232092380523682 0.70185393095016479 0
vn -0.71232092380523682 0.70185393095016479 0
vn -0.71232092380523682 0.70185393095016479 0
vn -0.71232092380523682 0.70185393095016479 0
vn -0.71232092380523682 0.70185393095016479 0
vn -0.71232092380523682 0.70185393095016479 0
vn -0.71232092380523682 0.70185393095016479 0
vn -0.70016640424728394 -0.71397966146469116 0
vn -0.70016640424728394 -0.71397966146469116 0
vn -0.70016640424728394 -0.71397966146469116 0
vn -0.70016640424728394 -0.71397966146469116 0
vn -0.70016640424728394 -0.71397966146469116 0
vn -0.70016640424728394 -0.71397966146469116 0
vn -0.70016640424728394 -0.71397966146469116 0
vn -0.70016640424728394 -0.71397966146469116 0
vn -0.70016640424728394 -0.71397966146469116 0
vn -0.70016640424728394 -0.71397966146469116 0
vn -0.70016640424728394 -0.71397966146469116 0
vn 0.71232092380523682 -0.70185393095016479 0
vn 0.71232092380523682 -0.70185393095016479 0
vn 0.71232092380523682 -0.70185393095016479 0
vn 0.71232092380523682 -0.70185393095016479 0
vn 0.71232092380523682 -0.70185393095016479 0
vn 0.71232092380523682 -0.70185393095016479 0
vn 0 0 1
vn 0 0 1
vn 0 0 1
vn 0 0 1
vn 0 0 1
vn 0 0 1
vn 0 0 1
vn 0 0 1
f 2206/2206/2206 2207/2207/2207 2213/2213/2213 2210/2210/2210
f 2210/2210/2210 2213/2213/2213 2212/2212/2212 2211/2211/2211
f 2211/2211/2211 2212/2212/2212 2209/2209/2209 2208/2208/2208
f 2219/2219/2219 2218/2218/2218 2220/2220/2220
f 2215/2215/2215 2224/2224/2224 2218/2218/2218
f 2218/2218/2218 2224/2224/2224 2220/2220/2220
f 2220/2220/2220 2214/2214/2214 2219/2219/2219
f 2221/2221/2221 2216/2216/2216 2220/2220/2220
f 2222/2222/2222 2221/2221/2221 2220/2220/2220
f 2217/2217/2217 2222/2222/2222 2223/2223/2223
f 2220/2220/2220 2223/2223/2223 2222/2222/2222
f 2224/2224/2224 2223/2223/2223 2220/2220/2220
f 2225/2225/2225 2226/2226/2226 2232/2232/2232 2229/2229/2229
f 2229/2229/2229 2232/2232/2232 2231/2231/2231 2230/2230/2230
f 2227/2227/2227 2230/2230/2230 2231/2231/2231 2228/2228/2228
f 2238/2238/2238 2239/2239/2239 2233/2233/2233
f 2238/2238/2238 2237/2237/2237 2243/2243/2243
f 2237/2237/2237 2234/2234/2234 2243/2243/2243
f 2239/2239/2239 2238/2238/2238 2243/2243/2243
f 2241/2241/2241 2235/2235/2235 2240/2240/2240
f 2243/2243/2243 2241/2241/2241 2240/2240/2240
f 2236/2236/2236 2242/2242/2242 2243/2243/2243
f 2241/2241/2241 2243/2243/2243 2242/2242/2242
f 2239/2239/2239 2243/2243/2243 2240/2240/2240
f 2245/2245/2245 2248/2248/2248 2249/2249/2249 2244/2244/2244
f 2246/2246/2246 2249/2249/2249 2248/2248/2248 2247/2247/2247
f 2250/2250/2250 2254/2254/2254 2257/2257/2257 2251/2251/2251
f 2254/2254/2254 2255/2255/2255 2256/2256/2256 2257/2257/2257
f 2255/2255/2255 2252/2252/2252 2253/2253/2253 2256/2256/2256
usemtl diffuse_0
v -0.62097609043121338 -241.67463684082031 -0.375
v -8.9077768325805664 -233.24539184570313 -0.375
v -3.5705161094665527 -244.62417602539063 -0.375
v -11.928532600402832 -236.26615905761719 -0.375
v -7.7495245933532715 -240.44515991210938 -0.375
v -4.764376163482666 -237.46002197265625 -0.375
v -0.62097609043121338 -241.67463684082031 -0.375
v -3.5705161094665527 -244.62417602539063 -0.375
v -0.62097609043121338 -241.67463684082031 18.465000152587891
v -3.5705161094665527 -244.62417602539063 18.465000152587891
v -0.62097609043121338 -241.67463684082031 9.0450000762939453
v -3.5705161094665527 -244.62417602539063 9.0450000762939453
v -3.5705161094665527 -244.62417602539063 -0.375
v -11.928532600402832 -236.26615905761719 -0.375
v -3.5705161094665527 -244.62417602539063 18.465000152587891
v -11.928532600402832 -236.26615905761719 18.465000152587891
v -7.7495245933532715 -240.44515991210938 -0.375
v -3.5705161094665527 -244.62417602539063 9.0450000762939453
v -7.7495245933532715 -240.44515991210938 18.465000152587891
v -11.928532600402832 -236.26615905761719 9.0450000762939453
v -11.928532600402832 -236.26615905761719 -0.375
v -8.9077768325805664 -233.24539184570313 -0.375
v -11.928532600402832 -236.26615905761719 18.465000152587891
v -8.9077768325805664 -233.24539184570313 18.465000152587891
v -8.9077768325805664 -233.24539184570313 9.0450000762939453
v -11.928532600402832 -236.26615905761719 9.0450000762939453
v -8.9077768325805664 -233.24539184570313 -0.375
v -0.62097609043121338 -241.67463684082031 -0.375
v -8.9077768325805664 -233.24539184570313 18.465000152587891
v -0.62097609043121338 -241.67463684082031 18.465000152587891
v -4.764376163482666 -237.46002197265625 -0.375
v -0.62097609043121338 -241.67463684082031 9.0450000762939453
v -8.9077768325805664 -233.24539184570313 9.0450000762939453
v -4.764376163482666 -237.46002197265625 18.465000152587891
v -0.62097609043121338 -241.67463684082031 18.465000152587891
v -8.9077768325805664 -233.24539184570313 18.465000152587891
v -3.5705161094665527 -244.62417602539063 18.465000152587891
v -11.928532600402832 -236.26615905761719 18.465000152587891
v -7.7495245933532715 -240.44515991210938 18.465000152587891
v -4.764376163482666 -237.46002197265625 18.465000152587891
vt 0.13933436572551727 0.38551899790763855
vt 0.13933436572551727 0.77105200290679932
vt 0.27720388770103455 0.38551899790763855
vt 0.27720388770103455 0.77105200290679932
vt 0.27720388770103455 0.57828551530838013
vt 0.13933436572551727 0.57828551530838013
vt 0.79878634214401245 0
vt 0.66420173645019531 0
vt 0.79878634214401245 0.61448097229003906
vt 0.66420173645019531 0.61448097229003906
vt 0.79878634214401245 0.30724048614501953
vt 0.66420173645019531 0.30724048614501953
vt 0 0
vt 0 0.38405415415763855
vt 0.61448097229003906 0
vt 0.61448097229003906 0.38405415415763855
vt 0 0.19202707707881927
vt 0.30724048614501953 0
vt 0.61448097229003906 0.19202707707881927
vt 0.30724048614501953 0.38405415415763855
vt 0.93812072277069092 0
vt 0.80025118589401245 0
vt 0.93812072277069092 0.61448097229003906
vt 0.80025118589401245 0.61448097229003906
vt 0.80025118589401245 0.30724048614501953
vt 0.93812072277069092 0.30724048614501953
vt 0.66273689270019531 0.38551899790763855
vt 0.27866873145103455 0.38551899790763855
vt 0.66273689270019531 0.99853515625
vt 0.27866873145103455 0.99853515625
vt 0.47070279717445374 0.38551899790763855
vt 0.27866873145103455 0.69202709197998047
vt 0.66273689270019531 0.69202709197998047
vt 0.47070279717445374 0.99853515625
vt 0 0.38551899790763855
vt 0 0.77105200290679932
vt 0.13786952197551727 0.38551899790763855
vt 0.13786952197551727 0.77105200290679932
vt 0.13786952197551727 0.57828551530838013
vt 0 0.57828551530838013
vn 0 0 -1
vn 0 0 -1
vn 0 0 -1
vn 0 0 -1
vn 0 0 -1
vn 0 0 -1
vn 0.70710676908493042 -0.70710676908493042 0
vn 0.70710676908493042 -0.70710676908493042 0
vn 0.70710676908493042 -0.70710676908493042 0
vn 0.70710676908493042 -0.70710676908493042 0
vn 0.70710676908493042 -0.70710676908493042 0
vn 0.70710676908493042 -0.70710676908493042 0
vn -0.70710676908493042 -0.70710676908493042 0
vn -0.70710676908493042 -0.70710676908493042 0
vn -0.70710676908493042 -0.70710676908493042 0
vn -0.70710676908493042 -0.70710676908493042 0
vn -0.70710676908493042 -0.70710676908493042 0
vn -0.70710676908493042 -0.70710676908493042 0
vn -0.70710676908493042 -0.70710676908493042 0
vn -0.70710676908493042 -0.70710676908493042 0
vn -0.70710676908493042 0.70710676908493042 0
vn -0.70710676908493042 0.70710676908493042 0
vn -0.70710676908493042 0.70710676908493042 0
vn -0.70710676908493042 0.70710676908493042 0
vn -0.70710676908493042 0.70710676908493042 0
vn -0.70710676908493042 0.70710676908493042 0
vn 0.71310597658157349 0.70105630159378052 0
vn 0.71310597658157349 0.70105630159378052 0
vn 0.71310597658157349 0.70105630159378052 0
vn 0.71310597658157349 0.70105630159378052 0
vn 0.71310597658157349 0.70105630159378052 0
vn 0.71310597658157349 0.70105630159378052 0
vn 0.71310597658157349 0.70105630159378052 0
vn 0.71310597658157349 0.70105630159378052 0
vn 0 0 1
vn 0 0 1
vn 0 0 1
vn 0 0 1
vn 0 0 1
vn 0 0 1
f 2263/2263/2263 2258/2258/2258 2260/2260/2260 2262/2262/2262
f 2259/2259/2259 2263/2263/2263 2262/2262/2262 2261/2261/2261
f 2269/2269/2269 2265/2265/2265 2264/2264/2264 2268/2268/2268
f 2268/2268/2268 2266/2266/2266 2267/2267/2267 2269/2269/2269
f 2274/2274/2274 2270/2270/2270 2275/2275/2275
f 2274/2274/2274 2277/2277/2277 2271/2271/2271
f 2277/2277/2277 2274/2274/2274 2275/2275/2275
f 2275/2275/2275 2276/2276/2276 2277/2277/2277
f 2276/2276/2276 2273/2273/2273 2277/2277/2277
f 2272/2272/2272 2276/2276/2276 2275/2275/2275
f 2279/2279/2279 2278/2278/2278 2283/2283/2283 2282/2282/2282
f 2280/2280/2280 2281/2281/2281 2282/2282/2282 2283/2283/2283
f 2288/2288/2288 2284/2284/2284 2290/2290/2290
f 2288/2288/2288 2289/2289/2289 2285/2285/2285
f 2289/2289/2289 2288/2288/2288 2290/2290/2290
f 2289/2289/2289 2290/2290/2290 2286/2286/2286 2291/2291/2291
f 2291/2291/2291 2287/2287/2287 2289/2289/2289
f 2297/2297/2297 2296/2296/2296 2294/2294/2294 2292/2292/2292
f 2293/2293/2293 2295/2295/2295 2296/2296/2296 2297/2297/2297
usemtl diffuse_0
v -6.1966471672058105 -241.998046875 -0.375
v -8.1847677230834961 -243.98616027832031 -0.375
v -3.1684169769287109 -249.631591796875 -0.375
v -10.168334007263184 -255.68798828125 -0.375
v -15.500909805297852 -249.95777893066406 -0.375
v -20.833484649658203 -244.22758483886719 -0.375
v -12.721186637878418 -235.6278076171875 -0.375
v -6.1966471672058105 -241.998046875 -0.375
v -8.1847677230834961 -243.98616027832031 -0.375
v -6.1966471672058105 -241.998046875 30.754999160766602
v -8.1847677230834961 -243.98616027832031 30.754999160766602
v -6.1966471672058105 -241.998046875 4.8133335113525391
v -6.1966471672058105 -241.998046875 10.001667022705078
v -6.1966471672058105 -241.998046875 15.189999580383301
v -6.1966471672058105 -241.998046875 20.378334045410156
v -6.1966471672058105 -241.998046875 25.566667556762695
v -8.1847677230834961 -243.98616027832031 25.566667556762695
v -8.1847677230834961 -243.98616027832031 20.378334045410156
v -8.1847677230834961 -243.98616027832031 15.189999580383301
v -8.1847677230834961 -243.98616027832031 10.001667022705078
v -8.1847677230834961 -243.98616027832031 4.8133335113525391
v -8.1847677230834961 -243.98616027832031 -0.375
v -3.1684169769287109 -249.631591796875 -0.375
v -8.1847677230834961 -243.98616027832031 30.754999160766602
v -3.1684169769287109 -249.631591796875 30.754999160766602
v -8.1847677230834961 -243.98616027832031 4.8133335113525391
v -8.1847677230834961 -243.98616027832031 10.001667022705078
v -8.1847677230834961 -243.98616027832031 15.189999580383301
v -8.1847677230834961 -243.98616027832031 20.378334045410156
v -8.1847677230834961 -243.98616027832031 25.566667556762695
v -3.1684169769287109 -249.631591796875 15.189999580383301
v -3.1684169769287109 -249.631591796875 -0.375
v -10.168334007263184 -255.68798828125 -0.375
v -3.1684169769287109 -249.631591796875 30.754999160766602
v -10.168334007263184 -255.68798828125 30.754999160766602
v -3.1684169769287109 -249.631591796875 15.189999580383301
v -10.168334007263184 -255.68798828125 15.189999580383301
v -10.168334007263184 -255.68798828125 -0.375
v -20.833484649658203 -244.22758483886719 -0.375
v -10.168334007263184 -255.68798828125 30.754999160766602
v -20.833484649658203 -244.22758483886719 30.754999160766602
v -10.168334007263184 -255.68798828125 15.189999580383301
v -15.500909805297852 -249.95777893066406 30.754999160766602
v -15.500909805297852 -249.95777893066406 -0.375
v -20.833484649658203 -244.22758483886719 15.189999580383301
v -20.833484649658203 -244.22758483886719 -0.375
v -12.721186637878418 -235.6278076171875 -0.375
v -20.833484649658203 -244.22758483886719 30.754999160766602
v -12.721186637878418 -235.6278076171875 30.754999160766602
v -20.833484649658203 -244.22758483886719 15.189999580383301
v -12.721186637878418 -235.6278076171875 15.189999580383301
v -12.721186637878418 -235.6278076171875 -0.375
v -6.1966471672058105 -241.998046875 -0.375
v -12.721186637878418 -235.6278076171875 30.754999160766602
v -6.1966471672058105 -241.998046875 30.754999160766602
v -6.1966471672058105 -241.998046875 25.566667556762695
v -6.1966471672058105 -241.998046875 20.378334045410156
v -6.1966471672058105 -241.998046875 15.189999580383301
v -6.1966471672058105 -241.998046875 10.001667022705078
v -6.1966471672058105 -241.998046875 4.8133335113525391
v -12.721186637878418 -235.6278076171875 15.189999580383301
v -6.1966471672058105 -241.998046875 30.754999160766602
v -8.1847677230834961 -243.98616027832031 30.754999160766602
v -3.1684169769287109 -249.631591796875 30.754999160766602
v -10.168334007263184 -255.68798828125 30.754999160766602
v -15.500909805297852 -249.95777893066406 30.754999160766602
v -20.833484649658203 -244.22758483886719 30.754999160766602
v -12.721186637878418 -235.6278076171875 30.754999160766602
vt 0.0021203681826591492 0.5995984673500061
vt 0.049857147037982941 0.5995984673500061
vt 0.057409532368183136 0.47073152661323547
vt 0.21415716409683228 0.48213568329811096
vt 0.20938348770141602 0.61584943532943726
vt 0.20460981130599976 0.74956315755844116
vt 0.003972840029746294 0.75545531511306763
vt 0 0.20208179950714111
vt 0 0.24867706000804901
vt 0.53211569786071777 0.20208179950714111
vt 0.53211569786071777 0.24867706000804901
vt 0.088685952126979828 0.20208179950714111
vt 0.17737190425395966 0.20208179950714111
vt 0.26605784893035889 0.20208179950714111
vt 0.35474380850791931 0.20208179950714111
vt 0.44342976808547974 0.20208179950714111
vt 0.44342976808547974 0.24867706000804901
vt 0.35474380850791931 0.24867706000804901
vt 0.26605784893035889 0.24867706000804901
vt 0.17737190425395966 0.24867706000804901
vt 0.088685952126979828 0.24867706000804901
vt 0.34536862373352051 0.46788427233695984
vt 0.21774238348007202 0.46788427233695984
vt 0.34536862373352051 0.99853515625
vt 0.21774238348007202 0.99853515625
vt 0.34536862373352051 0.55632609128952026
vt 0.34536862373352051 0.64476794004440308
vt 0.34536862373352051 0.73320972919464111
vt 0.34536862373352051 0.82165151834487915
vt 0.34536862373352051 0.91009330749511719
vt 0.21774238348007202 0.73320972919464111
vt 0.65945738554000854 0.46788427233695984
vt 0.50270146131515503 0.46788427233695984
vt 0.65945738554000854 0.99853515625
vt 0.50270146131515503 0.99853515625
vt 0.65945738554000854 0.73320972919464111
vt 0.50270146131515503 0.73320972919464111
vt 0.92705756425857544 0
vt 0.66092222929000854 0
vt 0.92705756425857544 0.53211569786071777
vt 0.66092222929000854 0.53211569786071777
vt 0.92705756425857544 0.26605784893035889
vt 0.79398989677429199 0.53211569786071777
vt 0.79398989677429199 0
vt 0.66092222929000854 0.26605784893035889
vt 0 0
vt 0 0.20061695575714111
vt 0.53211569786071777 0
vt 0.53211569786071777 0.20061695575714111
vt 0.26605784893035889 0
vt 0.26605784893035889 0.20061695575714111
vt 0.50123661756515503 0.46788427233695984
vt 0.34683346748352051 0.46788427233695984
vt 0.50123661756515503 0.99853515625
vt 0.34683346748352051 0.99853515625
vt 0.34683346748352051 0.91009330749511719
vt 0.34683346748352051 0.82165151834487915
vt 0.34683346748352051 0.73320972919464111
vt 0.34683346748352051 0.64476794004440308
vt 0.34683346748352051 0.55632609128952026
vt 0.50123661756515503 0.73320972919464111
vt 0.15870405733585358 0.25226226449012756
vt 0.15870405733585358 0.29999905824661255
vt 0.2875710129737854 0.30755144357681274
vt 0.27616685628890991 0.46429905295372009
vt 0.14245313405990601 0.45952540636062622
vt 0.0087393876165151596 0.45475170016288757
vt 0.0028472463600337505 0.25411474704742432
vn 0 0 -1
vn 0 0 -1
vn 0 0 -1
vn 0 0 -1
vn 0 0 -1
vn 0 0 -1
vn 0 0 -1
vn 0.70710676908493042 -0.70710676908493042 0
vn 0.70710676908493042 -0.70710676908493042 0
vn 0.70710676908493042 -0.70710676908493042 0
vn 0.70710676908493042 -0.70710676908493042 0
vn 0.70710676908493042 -0.70710676908493042 0
vn 0.70710676908493042 -0.70710676908493042 0
vn 0.70710676908493042 -0.70710676908493042 0
vn 0.70710676908493042 -0.70710676908493042 0
vn 0.70710676908493042 -0.70710676908493042 0
vn 0.70710676908493042 -0.70710676908493042 0
vn 0.70710676908493042 -0.70710676908493042 0
vn 0.70710676908493042 -0.70710676908493042 0
vn 0.70710676908493042 -0.70710676908493042 0
vn 0.70710676908493042 -0.70710676908493042 0
vn 0.74752813577651978 0.66423016786575317 0
vn 0.74752813577651978 0.66423016786575317 0
vn 0.74752813577651978 0.66423016786575317 0
vn 0.74752813577651978 0.66423016786575317 0
vn 0.74752813577651978 0.66423016786575317 0
vn 0.74752813577651978 0.66423016786575317 0
vn 0.74752813577651978 0.66423016786575317 0
vn 0.74752813577651978 0.66423016786575317 0
vn 0.74752813577651978 0.66423016786575317 0
vn 0.74752813577651978 0.66423016786575317 0
vn 0.65430116653442383 -0.75623410940170288 0
vn 0.65430116653442383 -0.75623410940170288 0
vn 0.65430116653442383 -0.75623410940170288 0
vn 0.65430116653442383 -0.75623410940170288 0
vn 0.65430116653442383 -0.75623410940170288 0
vn 0.65430116653442383 -0.75623410940170288 0
vn -0.73204928636550903 -0.6812516450881958 0
vn -0.73204928636550903 -0.6812516450881958 0
vn -0.73204928636550903 -0.6812516450881958 0
vn -0.73204928636550903 -0.6812516450881958 0
vn -0.73204928636550903 -0.6812516450881958 0
vn -0.73204928636550903 -0.6812516450881958 0
vn -0.73204928636550903 -0.6812516450881958 0
vn -0.73204928636550903 -0.6812516450881958 0
vn -0.72742342948913574 0.68618887662887573 0
vn -0.72742342948913574 0.68618887662887573 0
vn -0.72742342948913574 0.68618887662887573 0
vn -0.72742342948913574 0.68618887662887573 0
vn -0.72742342948913574 0.68618887662887573 0
vn -0.72742342948913574 0.68618887662887573 0
vn 0.69859534502029419 0.71551698446273804 0
vn 0.69859534502029419 0.71551698446273804 0
vn 0.69859534502029419 0.71551698446273804 0
vn 0.69859534502029419 0.71551698446273804 0
vn 0.69859534502029419 0.71551698446273804 0
vn 0.69859534502029419 0.71551698446273804 0
vn 0.69859534502029419 0.71551698446273804 0
vn 0.69859534502029419 0.71551698446273804 0
vn 0.69859534502029419 0.71551698446273804 0
vn 0.69859534502029419 0.71551698446273804 0
vn 0 0 1
vn 0 0 1
vn 0 0 1
vn 0 0 1
vn 0 0 1
vn 0 0 1
vn 0 0 1
f 2304/2304/2304 2298/2298/2298 2299/2299/2299
f 2303/2303/2303 2304/2304/2304 2299/2299/2299
f 2299/2299/2299 2301/2301/2301 2302/2302/2302
f 2302/2302/2302 2303/2303/2303 2299/2299/2299
f 2301/2301/2301 2299/2299/2299 2300/2300/2300
f 2305/2305/2305 2309/2309/2309 2318/2318/2318 2306/2306/2306
f 2309/2309/2309 2310/2310/2310 2317/2317/2317 2318/2318/2318
f 2316/2316/2316 2317/2317/2317 2310/2310/2310 2311/2311/2311
f 2312/2312/2312 2313/2313/2313 2314/2314/2314 2315/2315/2315
f 2313/2313/2313 2307/2307/2307 2308/2308/2308 2314/2314/2314
f 2315/2315/2315 2316/2316/2316 2311/2311/2311 2312/2312/2312
f 2320/2320/2320 2319/2319/2319 2323/2323/2323
f 2328/2328/2328 2320/2320/2320 2323/2323/2323 2324/2324/2324
f 2325/2325/2325 2328/2328/2328 2324/2324/2324
f 2328/2328/2328 2326/2326/2326 2327/2327/2327
f 2328/2328/2328 2327/2327/2327 2322/2322/2322
f 2321/2321/2321 2322/2322/2322 2327/2327/2327
f 2325/2325/2325 2326/2326/2326 2328/2328/2328
f 2330/2330/2330 2329/2329/2329 2333/2333/2333 2334/2334/2334
f 2331/2331/2331 2332/2332/2332 2334/2334/2334 2333/2333/2333
f 2341/2341/2341 2335/2335/2335 2339/2339/2339
f 2341/2341/2341 2342/2342/2342 2336/2336/2336
f 2340/2340/2340 2341/2341/2341 2339/2339/2339 2337/2337/2337
f 2341/2341/2341 2340/2340/2340 2338/2338/2338 2342/2342/2342
f 2344/2344/2344 2343/2343/2343 2347/2347/2347 2348/2348/2348
f 2345/2345/2345 2346/2346/2346 2348/2348/2348 2347/2347/2347
f 2349/2349/2349 2358/2358/2358 2356/2356/2356 2357/2357/2357
f 2349/2349/2349 2357/2357/2357 2350/2350/2350
f 2356/2356/2356 2358/2358/2358 2355/2355/2355
f 2355/2355/2355 2358/2358/2358 2354/2354/2354
f 2358/2358/2358 2351/2351/2351 2353/2353/2353 2354/2354/2354
f 2351/2351/2351 2352/2352/2352 2353/2353/2353
f 2365/2365/2365 2360/2360/2360 2359/2359/2359
f 2364/2364/2364 2360/2360/2360 2365/2365/2365
f 2360/2360/2360 2363/2363/2363 2362/2362/2362
f 2363/2363/2363 2360/2360/2360 2364/2364/2364
f 2362/2362/2362 2361/2361/2361 2360/2360/2360
usemtl diffuse_0
v -0.78206992149353027 -223.53143310546875 -0.375
v -5.239020824432373 -227.98838806152344 -0.375
v -9.6959714889526367 -232.44532775878906 -0.375
v 8.3670930862426758 -233.00106811523438 -0.375
v 3.7925117015838623 -228.26625061035156 -0.375
v -8.9077768325805664 -233.24539184570313 -0.375
v -0.62289631366729736 -232.68165588378906 -0.375
v -2.9156146049499512 -234.97438049316406 -0.375
v -2.996793270111084 -230.30775451660156 -0.375
v -5.2895116806030273 -232.60047912597656 -0.375
v -4.764376163482666 -237.46002197265625 -0.375
v -0.62097609043121338 -241.67463684082031 -0.375
v 3.873058557510376 -237.33784484863281 -0.375
v 8.3670930862426758 -233.00106811523438 -0.375
v -0.78206992149353027 -223.53143310546875 -0.375
v 8.3670930862426758 -233.00106811523438 37.654998779296875
v -0.78206992149353027 -223.53143310546875 37.654998779296875
v 8.3670930862426758 -233.00106811523438 18.639999389648438
v 3.7925117015838623 -228.26625061035156 37.654998779296875
v -0.78206992149353027 -223.53143310546875 18.639999389648438
v 3.7925117015838623 -228.26625061035156 -0.375
v -0.78206992149353027 -223.53143310546875 -0.375
v -9.6959714889526367 -232.44532775878906 -0.375
v -0.78206992149353027 -223.53143310546875 37.654998779296875
v -9.6959714889526367 -232.44532775878906 37.654998779296875
v -5.239020824432373 -227.98838806152344 -0.375
v -9.6959714889526367 -232.44532775878906 18.639999389648438
v -0.78206992149353027 -223.53143310546875 18.639999389648438
v -5.239020824432373 -227.98838806152344 18.639999389648438
v -5.239020824432373 -227.98838806152344 37.654998779296875
v -9.6959714889526367 -232.44532775878906 35.278125762939453
v -9.6959714889526367 -232.44532775878906 32.901248931884766
v -9.6959714889526367 -232.44532775878906 30.524375915527344
v -9.6959714889526367 -232.44532775878906 28.147499084472656
v -9.6959714889526367 -232.44532775878906 25.770624160766602
v -9.6959714889526367 -232.44532775878906 23.393749237060547
v -9.6959714889526367 -232.44532775878906 21.016874313354492
v -9.6959714889526367 -232.44532775878906 16.263124465942383
v -9.6959714889526367 -232.44532775878906 13.886249542236328
v -9.6959714889526367 -232.44532775878906 11.509374618530273
v -9.6959714889526367 -232.44532775878906 9.1324996948242188
v -9.6959714889526367 -232.44532775878906 6.7556247711181641
v -9.6959714889526367 -232.44532775878906 4.3787498474121094
v -9.6959714889526367 -232.44532775878906 2.0018749237060547
v -7.4674959182739258 -230.21685791015625 18.639999389648438
v -5.239020824432373 -227.98838806152344 28.147499084472656
v -7.4674959182739258 -230.21685791015625 28.147499084472656
v -5.239020824432373 -227.98838806152344 9.1324996948242188
v -7.4674959182739258 -230.21685791015625 9.1324996948242188
v -9.6959714889526367 -232.44532775878906 -0.375
v -8.9077768325805664 -233.24539184570313 -0.375
v -9.6959714889526367 -232.44532775878906 9.1324996948242188
v -8.9077768325805664 -233.24539184570313 9.1324996948242188
v -9.6959714889526367 -232.44532775878906 18.639999389648438
v -8.9077768325805664 -233.24539184570313 18.639999389648438
v -9.6959714889526367 -232.44532775878906 28.147499084472656
v -8.9077768325805664 -233.24539184570313 28.147499084472656
v -9.6959714889526367 -232.44532775878906 37.654998779296875
v -8.9077768325805664 -233.24539184570313 37.654998779296875
v -9.6959714889526367 -232.44532775878906 2.0018749237060547
v -9.6959714889526367 -232.44532775878906 4.3787498474121094
v -9.6959714889526367 -232.44532775878906 6.7556247711181641
v -9.6959714889526367 -232.44532775878906 11.509374618530273
v -9.6959714889526367 -232.44532775878906 13.886249542236328
v -9.6959714889526367 -232.44532775878906 16.263124465942383
v -9.6959714889526367 -232.44532775878906 21.016874313354492
v -9.6959714889526367 -232.44532775878906 23.393749237060547
v -9.6959714889526367 -232.44532775878906 25.770624160766602
v -9.6959714889526367 -232.44532775878906 30.524375915527344
v -9.6959714889526367 -232.44532775878906 32.901248931884766
v -9.6959714889526367 -232.44532775878906 35.278125762939453
v -8.9077768325805664 -233.24539184570313 35.278125762939453
v -8.9077768325805664 -233.24539184570313 32.901248931884766
v -8.9077768325805664 -233.24539184570313 30.524375915527344
v -8.9077768325805664 -233.24539184570313 25.770624160766602
v -8.9077768325805664 -233.24539184570313 23.393749237060547
v -8.9077768325805664 -233.24539184570313 21.016874313354492
v -8.9077768325805664 -233.24539184570313 16.263124465942383
v -8.9077768325805664 -233.24539184570313 13.886249542236328
v -8.9077768325805664 -233.24539184570313 11.509374618530273
v -8.9077768325805664 -233.24539184570313 6.7556247711181641
v -8.9077768325805664 -233.24539184570313 4.3787498474121094
v -8.9077768325805664 -233.24539184570313 2.0018749237060547
v -9.3018741607666016 -232.84536743164063 2.7941665649414063
v -9.3018741607666016 -232.84536743164063 9.1324996948242188
v -9.3018741607666016 -232.84536743164063 12.301666259765625
v -9.3018741607666016 -232.84536743164063 15.470833778381348
v -9.3018741607666016 -232.84536743164063 18.639999389648438
v -9.3018741607666016 -232.84536743164063 21.809165954589844
v -9.3018741607666016 -232.84536743164063 24.97833251953125
v -9.3018741607666016 -232.84536743164063 28.147499084472656
v -9.3018741607666016 -232.84536743164063 31.316667556762695
v -9.3018741607666016 -232.84536743164063 34.485832214355469
v -8.9077768325805664 -233.24539184570313 -0.375
v -0.62097609043121338 -241.67463684082031 -0.375
v -8.9077768325805664 -233.24539184570313 37.654998779296875
v -0.62097609043121338 -241.67463684082031 37.654998779296875
v -8.9077768325805664 -233.24539184570313 2.0018749237060547
v -8.9077768325805664 -233.24539184570313 4.3787498474121094
v -8.9077768325805664 -233.24539184570313 6.7556247711181641
v -8.9077768325805664 -233.24539184570313 9.1324996948242188
v -8.9077768325805664 -233.24539184570313 11.509374618530273
v -8.9077768325805664 -233.24539184570313 13.886249542236328
v -8.9077768325805664 -233.24539184570313 16.263124465942383
v -8.9077768325805664 -233.24539184570313 18.639999389648438
v -8.9077768325805664 -233.24539184570313 21.016874313354492
v -8.9077768325805664 -233.24539184570313 23.393749237060547
v -8.9077768325805664 -233.24539184570313 25.770624160766602
v -8.9077768325805664 -233.24539184570313 28.147499084472656
v -8.9077768325805664 -233.24539184570313 30.524375915527344
v -8.9077768325805664 -233.24539184570313 32.901248931884766
v -8.9077768325805664 -233.24539184570313 35.278125762939453
v -4.764376163482666 -237.46002197265625 37.654998779296875
v -0.62097609043121338 -241.67463684082031 18.639999389648438
v -4.764376163482666 -237.46002197265625 18.639999389648438
v -6.8360762596130371 -235.35270690917969 18.639999389648438
v -4.764376163482666 -237.46002197265625 9.1324996948242188
v -6.8360762596130371 -235.35270690917969 9.1324996948242188
v -4.764376163482666 -237.46002197265625 28.147499084472656
v -6.8360762596130371 -235.35270690917969 28.147499084472656
v -4.764376163482666 -237.46002197265625 -0.375
v -0.62097609043121338 -241.67463684082031 -0.375
v 8.3670930862426758 -233.00106811523438 -0.375
v -0.62097609043121338 -241.67463684082031 37.654998779296875
v 8.3670930862426758 -233.00106811523438 37.654998779296875
v 8.3670930862426758 -233.00106811523438 18.639999389648438
v -0.62097609043121338 -241.67463684082031 18.639999389648438
v 3.873058557510376 -237.33784484863281 37.654998779296875
v 3.873058557510376 -237.33784484863281 -0.375
v 8.3670930862426758 -233.00106811523438 37.654998779296875
v 3.7925117015838623 -228.26625061035156 37.654998779296875
v -0.78206992149353027 -223.53143310546875 37.654998779296875
v -5.239020824432373 -227.98838806152344 37.654998779296875
v -9.6959714889526367 -232.44532775878906 37.654998779296875
v -8.9077768325805664 -233.24539184570313 37.654998779296875
v -0.62289631366729736 -232.68165588378906 37.654998779296875
v -2.9156146049499512 -234.97438049316406 37.654998779296875
v -2.996793270111084 -230.30775451660156 37.654998779296875
v -5.2895116806030273 -232.60047912597656 37.654998779296875
v -4.764376163482666 -237.46002197265625 37.654998779296875
v -0.62097609043121338 -241.67463684082031 37.654998779296875
v 3.873058557510376 -237.33784484863281 37.654998779296875
vt 0.21167030930519104 0.0020097177475690842
vt 0.21167030930519104 0.10163334757089615
vt 0.21167030930519104 0.20125697553157806
vt 0.0020957519300282001 0.0055913925170898438
vt 0.10688302665948868 0.0038005553651601076
vt 0.19379276037216187 0.2013896256685257
vt 0.10688302665948868 0.10249560326337814
vt 0.10688302665948868 0.15374340116977692
vt 0.16032454371452332 0.10249560326337814
vt 0.16032454371452332 0.15374340116977692
vt 0.099714308977127075 0.20218555629253387
vt 0.0056358617730438709 0.20298147201538086
vt 0.0038658068515360355 0.10428644716739655
vt 0.83197808265686035 0
vt 0.62383729219436646 0
vt 0.83197808265686035 0.60538023710250854
vt 0.62383729219436646 0.60538023710250854
vt 0.83197808265686035 0.30269011855125427
vt 0.72790765762329102 0.60538023710250854
vt 0.62383729219436646 0.30269011855125427
vt 0.72790765762329102 0
vt 0.3980383574962616 0.39461976289749146
vt 0.19883213937282562 0.39461976289749146
vt 0.3980383574962616 0.99853515625
vt 0.19883213937282562 0.99853515625
vt 0.29843524098396301 0.39461976289749146
vt 0.19883213937282562 0.69657748937606812
vt 0.3980383574962616 0.69657748937606812
vt 0.29843524098396301 0.69657748937606812
vt 0.29843524098396301 0.99853515625
vt 0.19883213937282562 0.96079045534133911
vt 0.19883213937282562 0.92304575443267822
vt 0.19883213937282562 0.88530099391937256
vt 0.19883213937282562 0.84755629301071167
vt 0.19883213937282562 0.80981159210205078
vt 0.19883213937282562 0.77206689119338989
vt 0.19883213937282562 0.734322190284729
vt 0.19883213937282562 0.65883272886276245
vt 0.19883213937282562 0.62108802795410156
vt 0.19883213937282562 0.58334332704544067
vt 0.19883213937282562 0.54559862613677979
vt 0.19883213937282562 0.5078539252281189
vt 0.19883213937282562 0.47010919451713562
vt 0.19883213937282562 0.43236449360847473
vt 0.24863368272781372 0.69657748937606812
vt 0.29843524098396301 0.84755629301071167
vt 0.24863368272781372 0.84755629301071167
vt 0.29843524098396301 0.54559862613677979
vt 0.24863368272781372 0.54559862613677979
vt 0.41591641306877136 0.39461976289749146
vt 0.3995032012462616 0.39461976289749146
vt 0.41591641306877136 0.54559862613677979
vt 0.3995032012462616 0.54559862613677979
vt 0.41591641306877136 0.69657748937606812
vt 0.3995032012462616 0.69657748937606812
vt 0.41591641306877136 0.84755629301071167
vt 0.3995032012462616 0.84755629301071167
vt 0.41591641306877136 0.99853515625
vt 0.3995032012462616 0.99853515625
vt 0.41591641306877136 0.43236449360847473
vt 0.41591641306877136 0.47010919451713562
vt 0.41591641306877136 0.5078539252281189
vt 0.41591641306877136 0.58334332704544067
vt 0.41591641306877136 0.62108802795410156
vt 0.41591641306877136 0.65883272886276245
vt 0.41591641306877136 0.734322190284729
vt 0.41591641306877136 0.77206689119338989
vt 0.41591641306877136 0.80981159210205078
vt 0.41591641306877136 0.88530099391937256
vt 0.41591641306877136 0.92304575443267822
vt 0.41591641306877136 0.96079045534133911
vt 0.3995032012462616 0.96079045534133911
vt 0.3995032012462616 0.92304575443267822
vt 0.3995032012462616 0.88530099391937256
vt 0.3995032012462616 0.80981159210205078
vt 0.3995032012462616 0.77206689119338989
vt 0.3995032012462616 0.734322190284729
vt 0.3995032012462616 0.65883272886276245
vt 0.3995032012462616 0.62108802795410156
vt 0.3995032012462616 0.58334332704544067
vt 0.3995032012462616 0.5078539252281189
vt 0.3995032012462616 0.47010919451713562
vt 0.3995032012462616 0.43236449360847473
vt 0.40770980715751648 0.4449460506439209
vt 0.40770980715751648 0.54559862613677979
vt 0.40770980715751648 0.59592491388320923
vt 0.40770980715751648 0.64625120162963867
vt 0.40770980715751648 0.69657748937606812
vt 0.40770980715751648 0.74690371751785278
vt 0.40770980715751648 0.797230064868927
vt 0.40770980715751648 0.84755629301071167
vt 0.40770980715751648 0.89788258075714111
vt 0.40770980715751648 0.94820886850357056
vt 0 0.20645605027675629
vt 0 0.39315491914749146
vt 0.60538023710250854 0.20645605027675629
vt 0.60538023710250854 0.39315491914749146
vt 0.037836264818906784 0.20645605027675629
vt 0.075672529637813568 0.20645605027675629
vt 0.11350879073143005 0.20645605027675629
vt 0.15134505927562714 0.20645605027675629
vt 0.18918132781982422 0.20645605027675629
vt 0.22701758146286011 0.20645605027675629
vt 0.264853835105896 0.20645605027675629
vt 0.30269011855125427 0.20645605027675629
vt 0.34052637219429016 0.20645605027675629
vt 0.37836265563964844 0.20645605027675629
vt 0.41619890928268433 0.20645605027675629
vt 0.45403516292572021 0.20645605027675629
vt 0.49187144637107849 0.20645605027675629
vt 0.52970767021179199 0.20645605027675629
vt 0.56754398345947266 0.20645605027675629
vt 0.60538023710250854 0.29980549216270447
vt 0.30269011855125427 0.39315491914749146
vt 0.30269011855125427 0.29980549216270447
vt 0.30269011855125427 0.25313076376914978
vt 0.15134505927562714 0.29980549216270447
vt 0.15134505927562714 0.25313076376914978
vt 0.45403516292572021 0.29980549216270447
vt 0.45403516292572021 0.25313076376914978
vt 0 0.29980549216270447
vt 0.19736729562282562 0.39461976289749146
vt 0 0.39461976289749146
vt 0.19736729562282562 0.99853515625
vt 0 0.99853515625
vt 0 0.69657748937606812
vt 0.19736729562282562 0.69657748937606812
vt 0.098683647811412811 0.99853515625
vt 0.098683647811412811 0.39461976289749146
vt 0.42297264933586121 0.60629010200500488
vt 0.42118179798126221 0.50150281190872192
vt 0.4193909764289856 0.39671552181243896
vt 0.51901459693908691 0.39671552181243896
vt 0.61863821744918823 0.39671552181243896
vt 0.61877089738845825 0.41459307074546814
vt 0.51987683773040771 0.50150281190872192
vt 0.57112467288970947 0.50150281190872192
vt 0.51987683773040771 0.44806128740310669
vt 0.57112467288970947 0.44806128740310669
vt 0.61956679821014404 0.50867152214050293
vt 0.62036275863647461 0.60274994373321533
vt 0.5216677188873291 0.60452002286911011
vn 0 0 -1
vn 0 0 -1
vn 0 0 -1
vn 0 0 -1
vn 0 0 -1
vn 0 0 -1
vn 0 0 -1
vn 0 0 -1
vn 0 0 -1
vn 0 0 -1
vn 0 0 -1
vn 0 0 -1
vn 0 0 -1
vn 0.71917122602462769 0.69483292102813721 0
vn 0.71917122602462769 0.69483292102813721 0
vn 0.71917122602462769 0.69483292102813721 0
vn 0.71917122602462769 0.69483292102813721 0
vn 0.71917122602462769 0.69483292102813721 0
vn 0.71917122602462769 0.69483292102813721 0
vn 0.71917122602462769 0.69483292102813721 0
vn 0.71917122602462769 0.69483292102813721 0
vn -0.70710676908493042 0.70710676908493042 0
vn -0.70710676908493042 0.70710676908493042 0
vn -0.70710676908493042 0.70710676908493042 0
vn -0.70710676908493042 0.70710676908493042 0
vn -0.70710676908493042 0.70710676908493042 0
vn -0.70710676908493042 0.70710676908493042 0
vn -0.70710676908493042 0.70710676908493042 0
vn -0.70710676908493042 0.70710676908493042 0
vn -0.70710676908493042 0.70710676908493042 0
vn -0.70710676908493042 0.70710676908493042 0
vn -0.70710676908493042 0.70710676908493042 0
vn -0.70710676908493042 0.70710676908493042 0
vn -0.70710676908493042 0.70710676908493042 0
vn -0.70710676908493042 0.70710676908493042 0
vn -0.70710676908493042 0.70710676908493042 0
vn -0.70710676908493042 0.70710676908493042 0
vn -0.70710676908493042 0.70710676908493042 0
vn -0.70710676908493042 0.70710676908493042 0
vn -0.70710676908493042 0.70710676908493042 0
vn -0.70710676908493042 0.70710676908493042 0
vn -0.70710676908493042 0.70710676908493042 0
vn -0.70710676908493042 0.70710676908493042 0
vn -0.70710676908493042 0.70710676908493042 0
vn -0.70710676908493042 0.70710676908493042 0
vn -0.70710676908493042 0.70710676908493042 0
vn -0.70710676908493042 0.70710676908493042 0
vn -0.70710676908493042 0.70710676908493042 0
vn -0.70710676908493042 0.70710676908493042 0
vn -0.71237123012542725 -0.70180284976959229 0
vn -0.71237123012542725 -0.70180284976959229 0
vn -0.71237123012542725 -0.70180284976959229 0
vn -0.71237123012542725 -0.70180284976959229 0
vn -0.71237123012542725 -0.70180284976959229 0
vn -0.71237123012542725 -0.70180284976959229 0
vn -0.71237123012542725 -0.70180284976959229 0
vn -0.71237123012542725 -0.70180284976959229 0
vn -0.71237123012542725 -0.70180284976959229 0
vn -0.71237123012542725 -0.70180284976959229 0
vn -0.71237123012542725 -0.70180284976959229 0
vn -0.71237123012542725 -0.70180284976959229 0
vn -0.71237123012542725 -0.70180284976959229 0
vn -0.71237123012542725 -0.70180284976959229 0
vn -0.71237123012542725 -0.70180284976959229 0
vn -0.71237123012542725 -0.70180284976959229 0
vn -0.71237123012542725 -0.70180284976959229 0
vn -0.71237123012542725 -0.70180284976959229 0
vn -0.71237123012542725 -0.70180284976959229 0
vn -0.71237123012542725 -0.70180284976959229 0
vn -0.71237123012542725 -0.70180284976959229 0
vn -0.71237123012542725 -0.70180284976959229 0
vn -0.71237123012542725 -0.70180284976959229 0
vn -0.71237123012542725 -0.70180284976959229 0
vn -0.71237123012542725 -0.70180284976959229 0
vn -0.71237123012542725 -0.70180284976959229 0
vn -0.71237123012542725 -0.70180284976959229 0
vn -0.71237123012542725 -0.70180284976959229 0
vn -0.71237123012542725 -0.70180284976959229 0
vn -0.71237123012542725 -0.70180284976959229 0
vn -0.71237123012542725 -0.70180284976959229 0
vn -0.71237123012542725 -0.70180284976959229 0
vn -0.71237123012542725 -0.70180284976959229 0
vn -0.71237123012542725 -0.70180284976959229 0
vn -0.71237123012542725 -0.70180284976959229 0
vn -0.71237123012542725 -0.70180284976959229 0
vn -0.71237123012542725 -0.70180284976959229 0
vn -0.71237123012542725 -0.70180284976959229 0
vn -0.71237123012542725 -0.70180284976959229 0
vn -0.71237123012542725 -0.70180284976959229 0
vn -0.71237123012542725 -0.70180284976959229 0
vn -0.71237123012542725 -0.70180284976959229 0
vn -0.71237123012542725 -0.70180284976959229 0
vn -0.71237123012542725 -0.70180284976959229 0
vn -0.71310597658157349 -0.70105630159378052 0
vn -0.71310597658157349 -0.70105630159378052 0
vn -0.71310597658157349 -0.70105630159378052 0
vn -0.71310597658157349 -0.70105630159378052 0
vn -0.71310597658157349 -0.70105630159378052 0
vn -0.71310597658157349 -0.70105630159378052 0
vn -0.71310597658157349 -0.70105630159378052 0
vn -0.71310597658157349 -0.70105630159378052 0
vn -0.71310597658157349 -0.70105630159378052 0
vn -0.71310597658157349 -0.70105630159378052 0
vn -0.71310597658157349 -0.70105630159378052 0
vn -0.71310597658157349 -0.70105630159378052 0
vn -0.71310597658157349 -0.70105630159378052 0
vn -0.71310597658157349 -0.70105630159378052 0
vn -0.71310597658157349 -0.70105630159378052 0
vn -0.71310597658157349 -0.70105630159378052 0
vn -0.71310597658157349 -0.70105630159378052 0
vn -0.71310597658157349 -0.70105630159378052 0
vn -0.71310597658157349 -0.70105630159378052 0
vn -0.71310597658157349 -0.70105630159378052 0
vn -0.71310597658157349 -0.70105630159378052 0
vn -0.71310597658157349 -0.70105630159378052 0
vn -0.71310597658157349 -0.70105630159378052 0
vn -0.71310597658157349 -0.70105630159378052 0
vn -0.71310597658157349 -0.70105630159378052 0
vn -0.71310597658157349 -0.70105630159378052 0
vn -0.71310597658157349 -0.70105630159378052 0
vn -0.71310597658157349 -0.70105630159378052 0
vn 0.69440501928329468 -0.71958440542221069 0
vn 0.69440501928329468 -0.71958440542221069 0
vn 0.69440501928329468 -0.71958440542221069 0
vn 0.69440501928329468 -0.71958440542221069 0
vn 0.69440501928329468 -0.71958440542221069 0
vn 0.69440501928329468 -0.71958440542221069 0
vn 0.69440501928329468 -0.71958440542221069 0
vn 0.69440501928329468 -0.71958440542221069 0
vn 0 0 1
vn 0 0 1
vn 0 0 1
vn 0 0 1
vn 0 0 1
vn 0 0 1
vn 0 0 1
vn 0 0 1
vn 0 0 1
vn 0 0 1
vn 0 0 1
vn 0 0 1
vn 0 0 1
f 2373/2373/2373 2375/2375/2375 2374/2374/2374 2372/2372/2372
f 2374/2374/2374 2367/2367/2367 2366/2366/2366
f 2375/2375/2375 2367/2367/2367 2374/2374/2374
f 2370/2370/2370 2374/2374/2374 2366/2366/2366
f 2369/2369/2369 2372/2372/2372 2370/2370/2370
f 2374/2374/2374 2370/2370/2370 2372/2372/2372
f 2378/2378/2378 2372/2372/2372 2369/2369/2369
f 2371/2371/2371 2368/2368/2368 2375/2375/2375
f 2367/2367/2367 2375/2375/2375 2368/2368/2368
f 2376/2376/2376 2371/2371/2371 2375/2375/2375
f 2377/2377/2377 2373/2373/2373 2378/2378/2378
f 2373/2373/2373 2372/2372/2372 2378/2378/2378
f 2373/2373/2373 2377/2377/2377 2376/2376/2376
f 2376/2376/2376 2375/2375/2375 2373/2373/2373
f 2386/2386/2386 2383/2383/2383 2379/2379/2379
f 2386/2386/2386 2380/2380/2380 2385/2385/2385
f 2384/2384/2384 2383/2383/2383 2386/2386/2386
f 2386/2386/2386 2385/2385/2385 2384/2384/2384
f 2384/2384/2384 2385/2385/2385 2382/2382/2382
f 2381/2381/2381 2383/2383/2383 2384/2384/2384
f 2412/2412/2412 2411/2411/2411 2394/2394/2394 2410/2410/2410
f 2410/2410/2410 2394/2394/2394 2413/2413/2413 2414/2414/2414
f 2413/2413/2413 2387/2387/2387 2391/2391/2391
f 2388/2388/2388 2414/2414/2414 2413/2413/2413 2391/2391/2391
f 2394/2394/2394 2393/2393/2393 2413/2413/2413
f 2387/2387/2387 2413/2413/2413 2393/2393/2393
f 2409/2409/2409 2414/2414/2414 2388/2388/2388
f 2394/2394/2394 2411/2411/2411 2393/2393/2393
f 2404/2404/2404 2410/2410/2410 2414/2414/2414
f 2414/2414/2414 2409/2409/2409 2408/2408/2408
f 2414/2414/2414 2408/2408/2408 2407/2407/2407
f 2414/2414/2414 2406/2406/2406 2405/2405/2405
f 2404/2404/2404 2403/2403/2403 2410/2410/2410
f 2404/2404/2404 2414/2414/2414 2405/2405/2405
f 2406/2406/2406 2414/2414/2414 2407/2407/2407
f 2392/2392/2392 2402/2402/2402 2410/2410/2410
f 2410/2410/2410 2402/2402/2402 2401/2401/2401
f 2403/2403/2403 2392/2392/2392 2410/2410/2410
f 2411/2411/2411 2395/2395/2395 2389/2389/2389
f 2395/2395/2395 2411/2411/2411 2412/2412/2412
f 2401/2401/2401 2412/2412/2412 2410/2410/2410
f 2411/2411/2411 2389/2389/2389 2393/2393/2393
f 2395/2395/2395 2412/2412/2412 2390/2390/2390
f 2412/2412/2412 2401/2401/2401 2400/2400/2400
f 2412/2412/2412 2400/2400/2400 2399/2399/2399
f 2412/2412/2412 2398/2398/2398 2397/2397/2397
f 2412/2412/2412 2396/2396/2396 2390/2390/2390
f 2396/2396/2396 2412/2412/2412 2397/2397/2397
f 2398/2398/2398 2412/2412/2412 2399/2399/2399
f 2449/2449/2449 2425/2425/2425 2415/2415/2415
f 2427/2427/2427 2426/2426/2426 2449/2449/2449
f 2425/2425/2425 2449/2449/2449 2426/2426/2426
f 2450/2450/2450 2427/2427/2427 2449/2449/2449
f 2416/2416/2416 2449/2449/2449 2415/2415/2415
f 2417/2417/2417 2450/2450/2450 2451/2451/2451 2428/2428/2428
f 2429/2429/2429 2452/2452/2452 2430/2430/2430
f 2451/2451/2451 2429/2429/2429 2428/2428/2428
f 2430/2430/2430 2452/2452/2452 2453/2453/2453 2419/2419/2419
f 2427/2427/2427 2450/2450/2450 2417/2417/2417
f 2449/2449/2449 2447/2447/2447 2446/2446/2446 2450/2450/2450
f 2448/2448/2448 2449/2449/2449 2416/2416/2416
f 2418/2418/2418 2450/2450/2450 2446/2446/2446
f 2448/2448/2448 2447/2447/2447 2449/2449/2449
f 2444/2444/2444 2452/2452/2452 2451/2451/2451
f 2429/2429/2429 2451/2451/2451 2452/2452/2452
f 2452/2452/2452 2443/2443/2443 2420/2420/2420 2453/2453/2453
f 2451/2451/2451 2445/2445/2445 2444/2444/2444
f 2452/2452/2452 2444/2444/2444 2443/2443/2443
f 2445/2445/2445 2451/2451/2451 2450/2450/2450 2418/2418/2418
f 2419/2419/2419 2453/2453/2453 2454/2454/2454 2431/2431/2431
f 2454/2454/2454 2432/2432/2432 2431/2431/2431
f 2454/2454/2454 2455/2455/2455 2432/2432/2432
f 2433/2433/2433 2432/2432/2432 2455/2455/2455
f 2456/2456/2456 2421/2421/2421 2433/2433/2433 2455/2455/2455
f 2454/2454/2454 2442/2442/2442 2441/2441/2441 2455/2455/2455
f 2453/2453/2453 2420/2420/2420 2442/2442/2442 2454/2454/2454
f 2421/2421/2421 2456/2456/2456 2457/2457/2457 2434/2434/2434
f 2435/2435/2435 2458/2458/2458 2436/2436/2436
f 2457/2457/2457 2435/2435/2435 2434/2434/2434
f 2423/2423/2423 2436/2436/2436 2458/2458/2458
f 2455/2455/2455 2440/2440/2440 2422/2422/2422 2456/2456/2456
f 2440/2440/2440 2455/2455/2455 2441/2441/2441
f 2457/2457/2457 2439/2439/2439 2438/2438/2438
f 2439/2439/2439 2457/2457/2457 2456/2456/2456 2422/2422/2422
f 2435/2435/2435 2457/2457/2457 2458/2458/2458
f 2458/2458/2458 2457/2457/2457 2438/2438/2438
f 2458/2458/2458 2438/2438/2438 2437/2437/2437
f 2458/2458/2458 2437/2437/2437 2424/2424/2424
f 2424/2424/2424 2423/2423/2423 2458/2458/2458
f 2480/2480/2480 2481/2481/2481 2483/2483/2483 2482/2482/2482
f 2484/2484/2484 2485/2485/2485 2481/2481/2481 2480/2480/2480
f 2483/2483/2483 2463/2463/2463 2459/2459/2459
f 2483/2483/2483 2464/2464/2464 2463/2463/2463
f 2483/2483/2483 2466/2466/2466 2465/2465/2465
f 2483/2483/2483 2468/2468/2468 2467/2467/2467
f 2483/2483/2483 2467/2467/2467 2466/2466/2466
f 2483/2483/2483 2465/2465/2465 2464/2464/2464
f 2482/2482/2482 2486/2486/2486 2460/2460/2460
f 2486/2486/2486 2482/2482/2482 2483/2483/2483 2459/2459/2459
f 2481/2481/2481 2470/2470/2470 2469/2469/2469
f 2479/2479/2479 2482/2482/2482 2460/2460/2460
f 2481/2481/2481 2471/2471/2471 2470/2470/2470
f 2481/2481/2481 2468/2468/2468 2483/2483/2483
f 2468/2468/2468 2481/2481/2481 2469/2469/2469
f 2481/2481/2481 2485/2485/2485 2472/2472/2472
f 2485/2485/2485 2473/2473/2473 2472/2472/2472
f 2485/2485/2485 2475/2475/2475 2474/2474/2474
f 2485/2485/2485 2477/2477/2477 2476/2476/2476
f 2485/2485/2485 2476/2476/2476 2475/2475/2475
f 2485/2485/2485 2474/2474/2474 2473/2473/2473
f 2484/2484/2484 2480/2480/2480 2479/2479/2479
f 2482/2482/2482 2479/2479/2479 2480/2480/2480
f 2484/2484/2484 2478/2478/2478 2485/2485/2485
f 2461/2461/2461 2485/2485/2485 2478/2478/2478
f 2484/2484/2484 2462/2462/2462 2478/2478/2478
f 2479/2479/2479 2462/2462/2462 2484/2484/2484
f 2461/2461/2461 2477/2477/2477 2485/2485/2485
f 2472/2472/2472 2471/2471/2471 2481/2481/2481
f 2494/2494/2494 2492/2492/2492 2487/2487/2487
f 2494/2494/2494 2488/2488/2488 2491/2491/2491
f 2491/2491/2491 2492/2492/2492 2494/2494/2494
f 2491/2491/2491 2490/2490/2490 2493/2493/2493 2492/2492/2492
f 2489/2489/2489 2492/2492/2492 2493/2493/2493
f 2502/2502/2502 2501/2501/2501 2503/2503/2503 2504/2504/2504
f 2503/2503/2503 2497/2497/2497 2498/2498/2498
f 2504/2504/2504 2503/2503/2503 2498/2498/2498
f 2496/2496/2496 2497/2497/2497 2503/2503/2503
f 2495/2495/2495 2496/2496/2496 2501/2501/2501
f 2503/2503/2503 2501/2501/2501 2496/2496/2496
f 2507/2507/2507 2495/2495/2495 2501/2501/2501
f 2500/2500/2500 2504/2504/2504 2499/2499/2499
f 2498/2498/2498 2499/2499/2499 2504/2504/2504
f 2505/2505/2505 2504/2504/2504 2500/2500/2500
f 2506/2506/2506 2507/2507/2507 2502/2502/2502
f 2502/2502/2502 2507/2507/2507 2501/2501/2501
f 2502/2502/2502 2505/2505/2505 2506/2506/2506
f 2505/2505/2505 2502/2502/2502 2504/2504/2504
usemtl diffuse_0
v 13.458699226379395 -261.45159912109375 -0.375
v 9.6416397094726563 -265.59890747070313 -0.375
v 5.3559613227844238 -254.04916381835938 -0.375
v 1.5329669713973999 -258.202392578125 -0.375
v 9.4073305130004883 -257.75039672851563 -0.375
v 5.5873031616210938 -261.900634765625 -0.375
v 13.458699226379395 -261.45159912109375 -0.375
v 5.3559613227844238 -254.04916381835938 -0.375
v 13.458699226379395 -261.45159912109375 30.514999389648438
v 5.3559613227844238 -254.04916381835938 30.514999389648438
v 9.4073305130004883 -257.75039672851563 -0.375
v 9.4073305130004883 -257.75039672851563 30.514999389648438
v 13.458699226379395 -261.45159912109375 15.069999694824219
v 5.3559613227844238 -254.04916381835938 15.069999694824219
v 5.3559613227844238 -254.04916381835938 -0.375
v 1.5329669713973999 -258.202392578125 -0.375
v 5.3559613227844238 -254.04916381835938 30.514999389648438
v 1.5329669713973999 -258.202392578125 30.514999389648438
v 5.3559613227844238 -254.04916381835938 15.069999694824219
v 1.5329669713973999 -258.202392578125 15.069999694824219
v 1.5329669713973999 -258.202392578125 -0.375
v 9.6416397094726563 -265.59890747070313 -0.375
v 1.5329669713973999 -258.202392578125 30.514999389648438
v 9.6416397094726563 -265.59890747070313 30.514999389648438
v 5.5873031616210938 -261.900634765625 -0.375
v 1.5329669713973999 -258.202392578125 15.069999694824219
v 5.5873031616210938 -261.900634765625 30.514999389648438
v 9.6416397094726563 -265.59890747070313 15.069999694824219
v 9.6416397094726563 -265.59890747070313 -0.375
v 13.458699226379395 -261.45159912109375 -0.375
v 9.6416397094726563 -265.59890747070313 30.514999389648438
v 13.458699226379395 -261.45159912109375 30.514999389648438
v 13.458699226379395 -261.45159912109375 15.069999694824219
v 9.6416397094726563 -265.59890747070313 15.069999694824219
v 13.458699226379395 -261.45159912109375 30.514999389648438
v 9.6416397094726563 -265.59890747070313 30.514999389648438
v 5.3559613227844238 -254.04916381835938 30.514999389648438
v 1.5329669713973999 -258.202392578125 30.514999389648438
v 9.4073305130004883 -257.75039672851563 30.514999389648438
v 5.5873031616210938 -261.900634765625 30.514999389648438
vt 0.76591116189956665 0
vt 0.63107603788375854 0
vt 0.76591116189956665 0.26069638133049011
vt 0.63107603788375854 0.26069638133049011
vt 0.76591116189956665 0.13034819066524506
vt 0.63107603788375854 0.13034819066524506
vt 0.26068726181983948 0
vt 0 0
vt 0.26068726181983948 0.73784792423248291
vt 0 0.73784792423248291
vt 0.13034363090991974 0
vt 0.13034363090991974 0.73784792423248291
vt 0.26068726181983948 0.36892396211624146
vt 0 0.36892396211624146
vt 0.26215210556983948 0.39679601788520813
vt 0.26215210556983948 0.53016632795333862
vt 0.99853515625 0.39679601788520813
vt 0.99853515625 0.53016632795333862
vt 0.63034361600875854 0.39679601788520813
vt 0.63034361600875854 0.53016632795333862
vt 0.26215210556983948 0.53163117170333862
vt 0.26215210556983948 0.79232752323150635
vt 0.99853515625 0.53163117170333862
vt 0.99853515625 0.79232752323150635
vt 0.26215210556983948 0.6619793176651001
vt 0.63034361600875854 0.53163117170333862
vt 0.99853515625 0.6619793176651001
vt 0.63034361600875854 0.79232752323150635
vt 0.26215210556983948 0.26216122508049011
vt 0.26215210556983948 0.39533117413520813
vt 0.99853515625 0.26216122508049011
vt 0.99853515625 0.39533117413520813
vt 0.63034361600875854 0.39533117413520813
vt 0.63034361600875854 0.26216122508049011
vt 0.3969871997833252 0
vt 0.26215210556983948 0
vt 0.3969871997833252 0.26069638133049011
vt 0.26215210556983948 0.26069638133049011
vt 0.3969871997833252 0.13034819066524506
vt 0.26215210556983948 0.13034819066524506
vn 0 0 -1
vn 0 0 -1
vn 0 0 -1
vn 0 0 -1
vn 0 0 -1
vn 0 0 -1
vn 0.67448264360427856 0.73829072713851929 0
vn 0.67448264360427856 0.73829072713851929 0
vn 0.67448264360427856 0.73829072713851929 0
vn 0.67448264360427856 0.73829072713851929 0
vn 0.67448264360427856 0.73829072713851929 0
vn 0.67448264360427856 0.73829072713851929 0
vn 0.67448264360427856 0.73829072713851929 0
vn 0.67448264360427856 0.73829072713851929 0
vn -0.7357521653175354 0.67725092172622681 0
vn -0.7357521653175354 0.67725092172622681 0
vn -0.7357521653175354 0.67725092172622681 0
vn -0.7357521653175354 0.67725092172622681 0
vn -0.7357521653175354 0.67725092172622681 0
vn -0.7357521653175354 0.67725092172622681 0
vn -0.67391842603683472 -0.73880571126937866 0
vn -0.67391842603683472 -0.73880571126937866 0
vn -0.67391842603683472 -0.73880571126937866 0
vn -0.67391842603683472 -0.73880571126937866 0
vn -0.67391842603683472 -0.73880571126937866 0
vn -0.67391842603683472 -0.73880571126937866 0
vn -0.67391842603683472 -0.73880571126937866 0
vn -0.67391842603683472 -0.73880571126937866 0
vn 0.73579388856887817 -0.67720556259155273 0
vn 0.73579388856887817 -0.67720556259155273 0
vn 0.73579388856887817 -0.67720556259155273 0
vn 0.73579388856887817 -0.67720556259155273 0
vn 0.73579388856887817 -0.67720556259155273 0
vn 0.73579388856887817 -0.67720556259155273 0
vn 0 0 1
vn 0 0 1
vn 0 0 1
vn 0 0 1
vn 0 0 1
vn 0 0 1
f 2508/2508/2508 2509/2509/2509 2513/2513/2513 2512/2512/2512
f 2511/2511/2511 2510/2510/2510 2512/2512/2512 2513/2513/2513
f 2518/2518/2518 2520/2520/2520 2514/2514/2514
f 2518/2518/2518 2515/2515/2515 2521/2521/2521
f 2519/2519/2519 2516/2516/2516 2520/2520/2520 2518/2518/2518
f 2518/2518/2518 2521/2521/2521 2517/2517/2517 2519/2519/2519
f 2523/2523/2523 2527/2527/2527 2526/2526/2526 2522/2522/2522
f 2524/2524/2524 2526/2526/2526 2527/2527/2527 2525/2525/2525
f 2532/2532/2532 2533/2533/2533 2528/2528/2528
f 2532/2532/2532 2529/2529/2529 2535/2535/2535
f 2535/2535/2535 2533/2533/2533 2532/2532/2532
f 2535/2535/2535 2531/2531/2531 2534/2534/2534 2533/2533/2533
f 2530/2530/2530 2533/2533/2533 2534/2534/2534
f 2537/2537/2537 2540/2540/2540 2541/2541/2541 2536/2536/2536
f 2538/2538/2538 2541/2541/2541 2540/2540/2540 2539/2539/2539
f 2542/2542/2542 2546/2546/2546 2547/2547/2547 2543/2543/2543
f 2545/2545/2545 2547/2547/2547 2546/2546/2546 2544/2544/2544
usemtl diffuse_0
v 9.3978652954101563 -265.98419189453125 -0.375
v 6.6532821655273438 -268.9725341796875 -0.375
v 3.9086992740631104 -271.96084594726563 -0.375
v -0.53835028409957886 -256.59396362304688 -0.375
v -2.8875386714935303 -259.26553344726563 -0.375
v -5.236727237701416 -261.93710327148438 -0.375
v 6.0857934951782227 -262.8541259765625 -0.375
v 2.77372145652771 -259.72406005859375 -0.375
v -2.1882514953613281 -265.27835083007813 -0.375
v 0.86022377014160156 -268.61959838867188 -0.375
v 9.3978652954101563 -265.98419189453125 -0.375
v -0.53835028409957886 -256.59396362304688 -0.375
v 9.3978652954101563 -265.98419189453125 11.965000152587891
v -0.53835028409957886 -256.59396362304688 11.965000152587891
v 2.77372145652771 -259.72406005859375 -0.375
v 6.0857934951782227 -262.8541259765625 -0.375
v 9.3978652954101563 -265.98419189453125 5.7950000762939453
v 6.0857934951782227 -262.8541259765625 11.965000152587891
v 2.77372145652771 -259.72406005859375 11.965000152587891
v -0.53835028409957886 -256.59396362304688 5.7950000762939453
v -0.53835028409957886 -256.59396362304688 -0.375
v -5.236727237701416 -261.93710327148438 -0.375
v -0.53835028409957886 -256.59396362304688 11.965000152587891
v -5.236727237701416 -261.93710327148438 11.965000152587891
v -2.8875386714935303 -259.26553344726563 -0.375
v -0.53835028409957886 -256.59396362304688 5.7950000762939453
v -2.8875386714935303 -259.26553344726563 11.965000152587891
v -5.236727237701416 -261.93710327148438 5.7950000762939453
v -5.236727237701416 -261.93710327148438 -0.375
v 3.9086992740631104 -271.96084594726563 -0.375
v -5.236727237701416 -261.93710327148438 11.965000152587891
v 3.9086992740631104 -271.96084594726563 11.965000152587891
v 0.86022377014160156 -268.61959838867188 -0.375
v -2.1882514953613281 -265.27835083007813 -0.375
v -5.236727237701416 -261.93710327148438 5.7950000762939453
v -2.1882514953613281 -265.27835083007813 11.965000152587891
v 0.86022377014160156 -268.61959838867188 11.965000152587891
v 3.9086992740631104 -271.96084594726563 5.7950000762939453
v 3.9086992740631104 -271.96084594726563 -0.375
v 6.6532821655273438 -268.9725341796875 -0.375
v 9.3978652954101563 -265.98419189453125 -0.375
v 3.9086992740631104 -271.96084594726563 11.965000152587891
v 6.6532821655273438 -268.9725341796875 11.965000152587891
v 9.3978652954101563 -265.98419189453125 11.965000152587891
v 9.3978652954101563 -265.98419189453125 5.7950000762939453
v 3.9086992740631104 -271.96084594726563 5.7950000762939453
v 9.3978652954101563 -265.98419189453125 11.965000152587891
v 6.6532821655273438 -268.9725341796875 11.965000152587891
v 3.9086992740631104 -271.96084594726563 11.965000152587891
v -0.53835028409957886 -256.59396362304688 11.965000152587891
v -2.8875386714935303 -259.26553344726563 11.965000152587891
v -5.236727237701416 -261.93710327148438 11.965000152587891
v 6.0857934951782227 -262.8541259765625 11.965000152587891
v 2.77372145652771 -259.72406005859375 11.965000152587891
v -2.1882514953613281 -265.27835083007813 11.965000152587891
v 0.86022377014160156 -268.61959838867188 11.965000152587891
vt 0.99853515625 0.41269421577453613
vt 0.86357206106185913 0.41269421577453613
vt 0.72860902547836304 0.41269421577453613
vt 0.99853515625 0.86844742298126221
vt 0.86357206106185913 0.86844742298126221
vt 0.72860902547836304 0.86844742298126221
vt 0.99853515625 0.56461197137832642
vt 0.99853515625 0.71652966737747192
vt 0.72860902547836304 0.71652966737747192
vt 0.72860902547836304 0.56461197137832642
vt 0.45575317740440369 0.4349561333656311
vt 0 0.4349561333656311
vt 0.45575317740440369 0.84765034914016724
vt 0 0.84765034914016724
vt 0.1519177109003067 0.4349561333656311
vt 0.30383545160293579 0.4349561333656311
vt 0.45575317740440369 0.64130324125289917
vt 0.30383545160293579 0.84765034914016724
vt 0.1519177109003067 0.84765034914016724
vt 0 0.64130324125289917
vt 0.69517028331756592 0
vt 0.45721802115440369 0
vt 0.69517028331756592 0.41122937202453613
vt 0.45721802115440369 0.41122937202453613
vt 0.576194167137146 0
vt 0.69517028331756592 0.20561468601226807
vt 0.576194167137146 0.41122937202453613
vt 0.45721802115440369 0.20561468601226807
vt 0.4537925124168396 0
vt 0 0
vt 0.4537925124168396 0.41269421577453613
vt 0 0.41269421577453613
vt 0.15126416087150574 0
vt 0.30252835154533386 0
vt 0.4537925124168396 0.20634710788726807
vt 0.30252835154533386 0.41269421577453613
vt 0.15126416087150574 0.41269421577453613
vt 0 0.20634710788726807
vt 0.98218297958374023 0
vt 0.84648752212524414 0
vt 0.71079200506210327 0
vt 0.98218297958374023 0.41122937202453613
vt 0.84648752212524414 0.41122937202453613
vt 0.71079200506210327 0.41122937202453613
vt 0.71079200506210327 0.20561468601226807
vt 0.98218297958374023 0.20561468601226807
vt 0.72714418172836304 0.41269421577453613
vt 0.59218108654022217 0.41269421577453613
vt 0.45721802115440369 0.41269421577453613
vt 0.72714418172836304 0.86844742298126221
vt 0.59218108654022217 0.86844742298126221
vt 0.45721802115440369 0.86844742298126221
vt 0.72714418172836304 0.56461197137832642
vt 0.72714418172836304 0.71652966737747192
vt 0.45721802115440369 0.71652966737747192
vt 0.45721802115440369 0.56461197137832642
vn 0 0 -1
vn 0 0 -1
vn 0 0 -1
vn 0 0 -1
vn 0 0 -1
vn 0 0 -1
vn 0 0 -1
vn 0 0 -1
vn 0 0 -1
vn 0 0 -1
vn 0.68685626983642578 0.72679328918457031 0
vn 0.68685626983642578 0.72679328918457031 0
vn 0.68685626983642578 0.72679328918457031 0
vn 0.68685626983642578 0.72679328918457031 0
vn 0.68685626983642578 0.72679328918457031 0
vn 0.68685626983642578 0.72679328918457031 0
vn 0.68685626983642578 0.72679328918457031 0
vn 0.68685626983642578 0.72679328918457031 0
vn 0.68685626983642578 0.72679328918457031 0
vn 0.68685626983642578 0.72679328918457031 0
vn -0.75096195936203003 0.66034549474716187 0
vn -0.75096195936203003 0.66034549474716187 0
vn -0.75096195936203003 0.66034549474716187 0
vn -0.75096195936203003 0.66034549474716187 0
vn -0.75096195936203003 0.66034549474716187 0
vn -0.75096195936203003 0.66034549474716187 0
vn -0.75096195936203003 0.66034549474716187 0
vn -0.75096195936203003 0.66034549474716187 0
vn -0.73873138427734375 -0.67399990558624268 0
vn -0.73873138427734375 -0.67399990558624268 0
vn -0.73873138427734375 -0.67399990558624268 0
vn -0.73873138427734375 -0.67399990558624268 0
vn -0.73873138427734375 -0.67399990558624268 0
vn -0.73873138427734375 -0.67399990558624268 0
vn -0.73873138427734375 -0.67399990558624268 0
vn -0.73873138427734375 -0.67399990558624268 0
vn -0.73873138427734375 -0.67399990558624268 0
vn -0.73873138427734375 -0.67399990558624268 0
vn 0.73650503158569336 -0.67643201351165771 0
vn 0.73650503158569336 -0.67643201351165771 0
vn 0.73650503158569336 -0.67643201351165771 0
vn 0.73650503158569336 -0.67643201351165771 0
vn 0.73650503158569336 -0.67643201351165771 0
vn 0.73650503158569336 -0.67643201351165771 0
vn 0.73650503158569336 -0.67643201351165771 0
vn 0.73650503158569336 -0.67643201351165771 0
vn 0 0 1
vn 0 0 1
vn 0 0 1
vn 0 0 1
vn 0 0 1
vn 0 0 1
vn 0 0 1
vn 0 0 1
vn 0 0 1
vn 0 0 1
f 2549/2549/2549 2554/2554/2554 2548/2548/2548
f 2550/2550/2550 2557/2557/2557 2549/2549/2549
f 2549/2549/2549 2557/2557/2557 2556/2556/2556 2552/2552/2552
f 2555/2555/2555 2554/2554/2554 2549/2549/2549
f 2552/2552/2552 2551/2551/2551 2555/2555/2555
f 2553/2553/2553 2552/2552/2552 2556/2556/2556
f 2555/2555/2555 2549/2549/2549 2552/2552/2552
f 2563/2563/2563 2562/2562/2562 2564/2564/2564
f 2559/2559/2559 2567/2567/2567 2562/2562/2562
f 2562/2562/2562 2567/2567/2567 2564/2564/2564
f 2564/2564/2564 2558/2558/2558 2563/2563/2563
f 2565/2565/2565 2560/2560/2560 2564/2564/2564
f 2564/2564/2564 2566/2566/2566 2565/2565/2565
f 2566/2566/2566 2567/2567/2567 2561/2561/2561
f 2564/2564/2564 2567/2567/2567 2566/2566/2566
f 2572/2572/2572 2573/2573/2573 2568/2568/2568
f 2572/2572/2572 2569/2569/2569 2575/2575/2575
f 2574/2574/2574 2570/2570/2570 2573/2573/2573 2572/2572/2572
f 2572/2572/2572 2575/2575/2575 2571/2571/2571 2574/2574/2574
f 2581/2581/2581 2582/2582/2582 2576/2576/2576
f 2580/2580/2580 2584/2584/2584 2583/2583/2583 2581/2581/2581
f 2580/2580/2580 2577/2577/2577 2585/2585/2585
f 2583/2583/2583 2578/2578/2578 2582/2582/2582 2581/2581/2581
f 2579/2579/2579 2584/2584/2584 2585/2585/2585
f 2584/2584/2584 2580/2580/2580 2585/2585/2585
f 2587/2587/2587 2593/2593/2593 2586/2586/2586
f 2587/2587/2587 2588/2588/2588 2592/2592/2592
f 2590/2590/2590 2589/2589/2589 2593/2593/2593 2587/2587/2587
f 2587/2587/2587 2592/2592/2592 2591/2591/2591 2590/2590/2590
f 2595/2595/2595 2594/2594/2594 2600/2600/2600
f 2596/2596/2596 2595/2595/2595 2603/2603/2603
f 2595/2595/2595 2598/2598/2598 2602/2602/2602 2603/2603/2603
f 2601/2601/2601 2595/2595/2595 2600/2600/2600
f 2598/2598/2598 2601/2601/2601 2597/2597/2597
f 2599/2599/2599 2602/2602/2602 2598/2598/2598
f 2601/2601/2601 2598/2598/2598 2595/2595/2595
usemtl diffuse_0
v 11.237356185913086 -236.987060546875 -0.375
v 7.732081413269043 -233.63607788085938 -0.375
v 2.4836909770965576 -245.74072265625 -0.375
v -1.2619223594665527 -242.31558227539063 -0.375
v 6.8605237007141113 -241.3638916015625 -0.375
v 3.2350795269012451 -237.975830078125 -0.375
v 11.237356185913086 -236.987060546875 -0.375
v 2.4836909770965576 -245.74072265625 -0.375
v 11.237356185913086 -236.987060546875 38.575000762939453
v 2.4836909770965576 -245.74072265625 38.575000762939453
v 6.8605237007141113 -241.3638916015625 -0.375
v 11.237356185913086 -236.987060546875 19.100000381469727
v 11.237356185913086 -236.987060546875 9.3625001907348633
v 11.237356185913086 -236.987060546875 28.837499618530273
v 6.8605237007141113 -241.3638916015625 38.575000762939453
v 2.4836909770965576 -245.74072265625 25.591667175292969
v 2.4836909770965576 -245.74072265625 12.608333587646484
v 2.4836909770965576 -245.74072265625 -0.375
v -1.2619223594665527 -242.31558227539063 -0.375
v 2.4836909770965576 -245.74072265625 38.575000762939453
v -1.2619223594665527 -242.31558227539063 38.575000762939453
v 2.4836909770965576 -245.74072265625 12.608333587646484
v 2.4836909770965576 -245.74072265625 25.591667175292969
v -1.2619223594665527 -242.31558227539063 25.591667175292969
v -1.2619223594665527 -242.31558227539063 12.608333587646484
v -1.2619223594665527 -242.31558227539063 -0.375
v 7.732081413269043 -233.63607788085938 -0.375
v -1.2619223594665527 -242.31558227539063 38.575000762939453
v 7.732081413269043 -233.63607788085938 38.575000762939453
v 3.2350795269012451 -237.975830078125 -0.375
v 3.2350795269012451 -237.975830078125 38.575000762939453
v 7.732081413269043 -233.63607788085938 19.100000381469727
v -1.2619223594665527 -242.31558227539063 12.608333587646484
v -1.2619223594665527 -242.31558227539063 25.591667175292969
v 7.732081413269043 -233.63607788085938 28.837499618530273
v 7.732081413269043 -233.63607788085938 9.3625001907348633
v 7.732081413269043 -233.63607788085938 -0.375
v 11.237356185913086 -236.987060546875 -0.375
v 7.732081413269043 -233.63607788085938 38.575000762939453
v 11.237356185913086 -236.987060546875 38.575000762939453
v 11.237356185913086 -236.987060546875 28.837499618530273
v 11.237356185913086 -236.987060546875 19.100000381469727
v 11.237356185913086 -236.987060546875 9.3625001907348633
v 7.732081413269043 -233.63607788085938 9.3625001907348633
v 7.732081413269043 -233.63607788085938 19.100000381469727
v 7.732081413269043 -233.63607788085938 28.837499618530273
v 11.237356185913086 -236.987060546875 38.575000762939453
v 7.732081413269043 -233.63607788085938 38.575000762939453
v 2.4836909770965576 -245.74072265625 38.575000762939453
v -1.2619223594665527 -242.31558227539063 38.575000762939453
v 6.8605237007141113 -241.3638916015625 38.575000762939453
v 3.2350795269012451 -237.975830078125 38.575000762939453
vt 0.22434316575527191 0
vt 0.11290400475263596 0
vt 0.22434316575527191 0.27803701162338257
vt 0.11290400475263596 0.27803701162338257
vt 0.22434316575527191 0.13901850581169128
vt 0.11290400475263596 0.13901850581169128
vt 0.72049814462661743 0
vt 0.44658377766609192 0
vt 0.72049814462661743 0.86496561765670776
vt 0.44658377766609192 0.86496561765670776
vt 0.58354097604751587 0
vt 0.72049814462661743 0.43248280882835388
vt 0.72049814462661743 0.21624140441417694
vt 0.72049814462661743 0.64872419834136963
vt 0.58354097604751587 0.86496561765670776
vt 0.44658377766609192 0.57664376497268677
vt 0.44658377766609192 0.28832188248634338
vt 0.44511893391609192 0
vt 0.33367976546287537 0
vt 0.44511893391609192 0.86496561765670776
vt 0.33367976546287537 0.86496561765670776
vt 0.44511893391609192 0.28832188248634338
vt 0.44511893391609192 0.57664376497268677
vt 0.33367976546287537 0.57664376497268677
vt 0.33367976546287537 0.28832188248634338
vt 0.99853515625 0
vt 0.72196298837661743 0
vt 0.99853515625 0.86496561765670776
vt 0.72196298837661743 0.86496561765670776
vt 0.8602491021156311 0
vt 0.8602491021156311 0.86496561765670776
vt 0.72196298837661743 0.43248280882835388
vt 0.99853515625 0.28832188248634338
vt 0.99853515625 0.57664376497268677
vt 0.72196298837661743 0.64872419834136963
vt 0.72196298837661743 0.21624140441417694
vt 0.33221492171287537 0
vt 0.22580800950527191 0
vt 0.33221492171287537 0.86496561765670776
vt 0.22580800950527191 0.86496561765670776
vt 0.22580800950527191 0.64872419834136963
vt 0.22580800950527191 0.43248280882835388
vt 0.22580800950527191 0.21624140441417694
vt 0.33221492171287537 0.21624140441417694
vt 0.33221492171287537 0.43248280882835388
vt 0.33221492171287537 0.64872419834136963
vt 0.11143916100263596 0
vt 0 0
vt 0.11143916100263596 0.27803701162338257
vt 0 0.27803701162338257
vt 0.11143916100263596 0.13901850581169128
vt 0 0.13901850581169128
vn 0 0 -1
vn 0 0 -1
vn 0 0 -1
vn 0 0 -1
vn 0 0 -1
vn 0 0 -1
vn 0.70710676908493042 -0.70710676908493042 0
vn 0.70710676908493042 -0.70710676908493042 0
vn 0.70710676908493042 -0.70710676908493042 0
vn 0.70710676908493042 -0.70710676908493042 0
vn 0.70710676908493042 -0.70710676908493042 0
vn 0.70710676908493042 -0.70710676908493042 0
vn 0.70710676908493042 -0.70710676908493042 0
vn 0.70710676908493042 -0.70710676908493042 0
vn 0.70710676908493042 -0.70710676908493042 0
vn 0.70710676908493042 -0.70710676908493042 0
vn 0.70710676908493042 -0.70710676908493042 0
vn -0.67483139038085938 -0.7379719614982605 0
vn -0.67483139038085938 -0.7379719614982605 0
vn -0.67483139038085938 -0.7379719614982605 0
vn -0.67483139038085938 -0.7379719614982605 0
vn -0.67483139038085938 -0.7379719614982605 0
vn -0.67483139038085938 -0.7379719614982605 0
vn -0.67483139038085938 -0.7379719614982605 0
vn -0.67483139038085938 -0.7379719614982605 0
vn -0.69441360235214233 0.71957612037658691 0
vn -0.69441360235214233 0.71957612037658691 0
vn -0.69441360235214233 0.71957612037658691 0
vn -0.69441360235214233 0.71957612037658691 0
vn -0.69441360235214233 0.71957612037658691 0
vn -0.69441360235214233 0.71957612037658691 0
vn -0.69441360235214233 0.71957612037658691 0
vn -0.69441360235214233 0.71957612037658691 0
vn -0.69441360235214233 0.71957612037658691 0
vn -0.69441360235214233 0.71957612037658691 0
vn -0.69441360235214233 0.71957612037658691 0
vn 0.69101816415786743 0.72283738851547241 0
vn 0.69101816415786743 0.72283738851547241 0
vn 0.69101816415786743 0.72283738851547241 0
vn 0.69101816415786743 0.72283738851547241 0
vn 0.69101816415786743 0.72283738851547241 0
vn 0.69101816415786743 0.72283738851547241 0
vn 0.69101816415786743 0.72283738851547241 0
vn 0.69101816415786743 0.72283738851547241 0
vn 0.69101816415786743 0.72283738851547241 0
vn 0.69101816415786743 0.72283738851547241 0
vn 0 0 1
vn 0 0 1
vn 0 0 1
vn 0 0 1
vn 0 0 1
vn 0 0 1
f 2609/2609/2609 2605/2605/2605 2604/2604/2604 2608/2608/2608
f 2608/2608/2608 2606/2606/2606 2607/2607/2607 2609/2609/2609
f 2614/2614/2614 2610/2610/2610 2616/2616/2616
f 2611/2611/2611 2614/2614/2614 2620/2620/2620
f 2614/2614/2614 2618/2618/2618 2619/2619/2619 2620/2620/2620
f 2615/2615/2615 2614/2614/2614 2616/2616/2616
f 2618/2618/2618 2615/2615/2615 2617/2617/2617
f 2618/2618/2618 2617/2617/2617 2612/2612/2612
f 2613/2613/2613 2619/2619/2619 2618/2618/2618
f 2615/2615/2615 2618/2618/2618 2614/2614/2614
f 2621/2621/2621 2625/2625/2625 2628/2628/2628 2622/2622/2622
f 2625/2625/2625 2626/2626/2626 2627/2627/2627 2628/2628/2628
f 2623/2623/2623 2624/2624/2624 2627/2627/2627 2626/2626/2626
f 2633/2633/2633 2629/2629/2629 2636/2636/2636
f 2630/2630/2630 2633/2633/2633 2639/2639/2639
f 2633/2633/2633 2635/2635/2635 2639/2639/2639
f 2634/2634/2634 2633/2633/2633 2636/2636/2636 2637/2637/2637
f 2634/2634/2634 2637/2637/2637 2631/2631/2631
f 2633/2633/2633 2634/2634/2634 2635/2635/2635
f 2634/2634/2634 2638/2638/2638 2635/2635/2635
f 2634/2634/2634 2632/2632/2632 2638/2638/2638
f 2647/2647/2647 2646/2646/2646 2641/2641/2641 2640/2640/2640
f 2646/2646/2646 2647/2647/2647 2648/2648/2648 2645/2645/2645
f 2642/2642/2642 2643/2643/2643 2644/2644/2644 2649/2649/2649
f 2649/2649/2649 2644/2644/2644 2645/2645/2645 2648/2648/2648
f 2655/2655/2655 2654/2654/2654 2650/2650/2650 2651/2651/2651
f 2654/2654/2654 2655/2655/2655 2653/2653/2653 2652/2652/2652
usemtl diffuse_0
v 19.747604370117188 -253.88894653320313 -0.375
v 15.930544853210449 -258.0362548828125 -0.375
v 11.644865989685059 -246.48651123046875 -0.375
v 7.8218717575073242 -250.63972473144531 -0.375
v 15.696234703063965 -250.18772888183594 -0.375
v 11.876208305358887 -254.33798217773438 -0.375
v 19.747604370117188 -253.88894653320313 -0.375
v 11.644865989685059 -246.48651123046875 -0.375
v 19.747604370117188 -253.88894653320313 24.184999465942383
v 11.644865989685059 -246.48651123046875 24.184999465942383
v 15.696234703063965 -250.18772888183594 -0.375
v 11.644865989685059 -246.48651123046875 11.904999732971191
v 19.747604370117188 -253.88894653320313 11.904999732971191
v 15.696234703063965 -250.18772888183594 24.184999465942383
v 11.644865989685059 -246.48651123046875 -0.375
v 7.8218717575073242 -250.63972473144531 -0.375
v 11.644865989685059 -246.48651123046875 24.184999465942383
v 7.8218717575073242 -250.63972473144531 24.184999465942383
v 7.8218717575073242 -250.63972473144531 11.904999732971191
v 11.644865989685059 -246.48651123046875 11.904999732971191
v 7.8218717575073242 -250.63972473144531 -0.375
v 15.930544853210449 -258.0362548828125 -0.375
v 7.8218717575073242 -250.63972473144531 24.184999465942383
v 15.930544853210449 -258.0362548828125 24.184999465942383
v 11.876208305358887 -254.33798217773438 -0.375
v 11.876208305358887 -254.33798217773438 24.184999465942383
v 15.930544853210449 -258.0362548828125 11.904999732971191
v 7.8218717575073242 -250.63972473144531 11.904999732971191
v 15.930544853210449 -258.0362548828125 -0.375
v 19.747604370117188 -253.88894653320313 -0.375
v 15.930544853210449 -258.0362548828125 24.184999465942383
v 19.747604370117188 -253.88894653320313 24.184999465942383
v 19.747604370117188 -253.88894653320313 11.904999732971191
v 15.930544853210449 -258.0362548828125 11.904999732971191
v 19.747604370117188 -253.88894653320313 24.184999465942383
v 15.930544853210449 -258.0362548828125 24.184999465942383
v 11.644865989685059 -246.48651123046875 24.184999465942383
v 7.8218717575073242 -250.63972473144531 24.184999465942383
v 15.696234703063965 -250.18772888183594 24.184999465942383
v 11.876208305358887 -254.33798217773438 24.184999465942383
vt 0.81327903270721436 0
vt 0.65442520380020142 0
vt 0.81327903270721436 0.30739626288414001
vt 0.65442520380020142 0.30739626288414001
vt 0.81327903270721436 0.15369813144207001
vt 0.65442520380020142 0.15369813144207001
vt 0.30738550424575806 0
vt 0 0
vt 0.30738550424575806 0.69114965200424194
vt 0 0.69114965200424194
vt 0.15369275212287903 0
vt 0 0.34557482600212097
vt 0.30738550424575806 0.34557482600212097
vt 0.15369275212287903 0.69114965200424194
vt 0.30885034799575806 0.46747899055480957
vt 0.30885034799575806 0.62486803531646729
vt 0.99853515625 0.46747899055480957
vt 0.99853515625 0.62486803531646729
vt 0.65369278192520142 0.62486803531646729
vt 0.65369278192520142 0.46747899055480957
vt 0.30885034799575806 0.62633287906646729
vt 0.30885034799575806 0.93372911214828491
vt 0.99853515625 0.62633287906646729
vt 0.99853515625 0.93372911214828491
vt 0.30885034799575806 0.78003096580505371
vt 0.99853515625 0.78003096580505371
vt 0.65369278192520142 0.93372911214828491
vt 0.65369278192520142 0.62633287906646729
vt 0.30885034799575806 0.30886110663414001
vt 0.30885034799575806 0.46601414680480957
vt 0.99853515625 0.30886110663414001
vt 0.99853515625 0.46601414680480957
vt 0.65369278192520142 0.46601414680480957
vt 0.65369278192520142 0.30886110663414001
vt 0.46770423650741577 0
vt 0.30885034799575806 0
vt 0.46770423650741577 0.30739626288414001
vt 0.30885034799575806 0.30739626288414001
vt 0.46770423650741577 0.15369813144207001
vt 0.30885034799575806 0.15369813144207001
vn 0 0 -1
vn 0 0 -1
vn 0 0 -1
vn 0 0 -1
vn 0 0 -1
vn 0 0 -1
vn 0.67448264360427856 0.73829072713851929 0
vn 0.67448264360427856 0.73829072713851929 0
vn 0.67448264360427856 0.73829072713851929 0
vn 0.67448264360427856 0.73829072713851929 0
vn 0.67448264360427856 0.73829072713851929 0
vn 0.67448264360427856 0.73829072713851929 0
vn 0.67448264360427856 0.73829072713851929 0
vn 0.67448264360427856 0.73829072713851929 0
vn -0.7357521653175354 0.67725092172622681 0
vn -0.7357521653175354 0.67725092172622681 0
vn -0.7357521653175354 0.67725092172622681 0
vn -0.7357521653175354 0.67725092172622681 0
vn -0.7357521653175354 0.67725092172622681 0
vn -0.7357521653175354 0.67725092172622681 0
vn -0.67391842603683472 -0.73880571126937866 0
vn -0.67391842603683472 -0.73880571126937866 0
vn -0.67391842603683472 -0.73880571126937866 0
vn -0.67391842603683472 -0.73880571126937866 0
vn -0.67391842603683472 -0.73880571126937866 0
vn -0.67391842603683472 -0.73880571126937866 0
vn -0.67391842603683472 -0.73880571126937866 0
vn -0.67391842603683472 -0.73880571126937866 0
vn 0.73579388856887817 -0.67720556259155273 0
vn 0.73579388856887817 -0.67720556259155273 0
vn 0.73579388856887817 -0.67720556259155273 0
vn 0.73579388856887817 -0.67720556259155273 0
vn 0.73579388856887817 -0.67720556259155273 0
vn 0.73579388856887817 -0.67720556259155273 0
vn 0 0 1
vn 0 0 1
vn 0 0 1
vn 0 0 1
vn 0 0 1
vn 0 0 1
f 2661/2661/2661 2660/2660/2660 2656/2656/2656 2657/2657/2657
f 2660/2660/2660 2661/2661/2661 2659/2659/2659 2658/2658/2658
f 2666/2666/2666 2668/2668/2668 2662/2662/2662
f 2666/2666/2666 2663/2663/2663 2667/2667/2667
f 2667/2667/2667 2668/2668/2668 2666/2666/2666
f 2667/2667/2667 2669/2669/2669 2664/2664/2664 2668/2668/2668
f 2669/2669/2669 2667/2667/2667 2665/2665/2665
f 2671/2671/2671 2674/2674/2674 2675/2675/2675 2670/2670/2670
f 2672/2672/2672 2675/2675/2675 2674/2674/2674 2673/2673/2673
f 2680/2680/2680 2683/2683/2683 2676/2676/2676
f 2680/2680/2680 2677/2677/2677 2682/2682/2682
f 2682/2682/2682 2683/2683/2683 2680/2680/2680
f 2683/2683/2683 2682/2682/2682 2681/2681/2681
f 2681/2681/2681 2682/2682/2682 2679/2679/2679
f 2678/2678/2678 2683/2683/2683 2681/2681/2681
f 2685/2685/2685 2688/2688/2688 2689/2689/2689 2684/2684/2684
f 2686/2686/2686 2689/2689/2689 2688/2688/2688 2687/2687/2687
f 2695/2695/2695 2691/2691/2691 2690/2690/2690 2694/2694/2694
f 2694/2694/2694 2692/2692/2692 2693/2693/2693 2695/2695/2695
usemtl diffuse_0
v 24.678361892700195 -250.49928283691406 -0.375
v 20.861301422119141 -254.64656066894531 -0.375
v 15.781494140625 -242.30270385742188 -0.375
v 11.958499908447266 -246.4559326171875 -0.375
v 20.229928970336914 -246.40098571777344 -0.375
v 16.409900665283203 -250.55125427246094 -0.375
v 24.678361892700195 -250.49928283691406 -0.375
v 15.781494140625 -242.30270385742188 -0.375
v 24.678361892700195 -250.49928283691406 30.655000686645508
v 15.781494140625 -242.30270385742188 30.655000686645508
v 20.229928970336914 -246.40098571777344 -0.375
v 24.678361892700195 -250.49928283691406 9.9683332443237305
v 24.678361892700195 -250.49928283691406 20.311666488647461
v 20.229928970336914 -246.40098571777344 30.655000686645508
v 15.781494140625 -242.30270385742188 15.140000343322754
v 15.781494140625 -242.30270385742188 -0.375
v 11.958499908447266 -246.4559326171875 -0.375
v 15.781494140625 -242.30270385742188 30.655000686645508
v 11.958499908447266 -246.4559326171875 30.655000686645508
v 15.781494140625 -242.30270385742188 15.140000343322754
v 11.958499908447266 -246.4559326171875 15.140000343322754
v 11.958499908447266 -246.4559326171875 -0.375
v 20.861301422119141 -254.64656066894531 -0.375
v 11.958499908447266 -246.4559326171875 30.655000686645508
v 20.861301422119141 -254.64656066894531 30.655000686645508
v 16.409900665283203 -250.55125427246094 -0.375
v 16.409900665283203 -250.55125427246094 30.655000686645508
v 11.958499908447266 -246.4559326171875 15.140000343322754
v 20.861301422119141 -254.64656066894531 20.311666488647461
v 20.861301422119141 -254.64656066894531 9.9683332443237305
v 20.861301422119141 -254.64656066894531 -0.375
v 24.678361892700195 -250.49928283691406 -0.375
v 20.861301422119141 -254.64656066894531 30.655000686645508
v 24.678361892700195 -250.49928283691406 30.655000686645508
v 24.678361892700195 -250.49928283691406 20.311666488647461
v 24.678361892700195 -250.49928283691406 9.9683332443237305
v 20.861301422119141 -254.64656066894531 9.9683332443237305
v 20.861301422119141 -254.64656066894531 20.311666488647461
v 24.678361892700195 -250.49928283691406 30.655000686645508
v 20.861301422119141 -254.64656066894531 30.655000686645508
v 15.781494140625 -242.30270385742188 30.655000686645508
v 11.958499908447266 -246.4559326171875 30.655000686645508
v 20.229928970336914 -246.40098571777344 30.655000686645508
v 16.409900665283203 -250.55125427246094 30.655000686645508
vt 0.26662716269493103 0.1334126740694046
vt 0.26662716269493103 0.2653605043888092
vt 0.5525403618812561 0.1334126740694046
vt 0.5525403618812561 0.2653605043888092
vt 0.40958374738693237 0.1334126740694046
vt 0.40958374738693237 0.2653605043888092
vt 0.26662716269493103 0.55273854732513428
vt 0.26662716269493103 0.83717864751815796
vt 0.99853515625 0.55273854732513428
vt 0.99853515625 0.83717864751815796
vt 0.26662716269493103 0.69495856761932373
vt 0.51059651374816895 0.55273854732513428
vt 0.75456583499908447 0.55273854732513428
vt 0.99853515625 0.69495856761932373
vt 0.63258117437362671 0.83717864751815796
vt 0.26516231894493103 0
vt 0.13321448862552643 0
vt 0.26516231894493103 0.73337280750274658
vt 0.13321448862552643 0.73337280750274658
vt 0.26516231894493103 0.36668640375137329
vt 0.13321448862552643 0.36668640375137329
vt 0.26662716269493103 0.2668253481388092
vt 0.26662716269493103 0.55127370357513428
vt 0.99853515625 0.2668253481388092
vt 0.99853515625 0.55127370357513428
vt 0.26662716269493103 0.40904951095581055
vt 0.99853515625 0.40904951095581055
vt 0.63258117437362671 0.2668253481388092
vt 0.75456583499908447 0.55127370357513428
vt 0.51059651374816895 0.55127370357513428
vt 0.13174964487552643 0
vt 0 0
vt 0.13174964487552643 0.73337280750274658
vt 0 0.73337280750274658
vt 0 0.48891523480415344
vt 0 0.24445761740207672
vt 0.13174964487552643 0.24445761740207672
vt 0.13174964487552643 0.48891523480415344
vt 0.26662716269493103 0
vt 0.26662716269493103 0.1319478303194046
vt 0.5525403618812561 0
vt 0.5525403618812561 0.1319478303194046
vt 0.40958374738693237 0
vt 0.40958374738693237 0.1319478303194046
vn 0 0 -1
vn 0 0 -1
vn 0 0 -1
vn 0 0 -1
vn 0 0 -1
vn 0 0 -1
vn 0.67756927013397217 0.73545897006988525 0
vn 0.67756927013397217 0.73545897006988525 0
vn 0.67756927013397217 0.73545897006988525 0
vn 0.67756927013397217 0.73545897006988525 0
vn 0.67756927013397217 0.73545897006988525 0
vn 0.67756927013397217 0.73545897006988525 0
vn 0.67756927013397217 0.73545897006988525 0
vn 0.67756927013397217 0.73545897006988525 0
vn 0.67756927013397217 0.73545897006988525 0
vn -0.7357521653175354 0.67725092172622681 0
vn -0.7357521653175354 0.67725092172622681 0
vn -0.7357521653175354 0.67725092172622681 0
vn -0.7357521653175354 0.67725092172622681 0
vn -0.7357521653175354 0.67725092172622681 0
vn -0.7357521653175354 0.67725092172622681 0
vn -0.67705929279327393 -0.73592847585678101 0
vn -0.67705929279327393 -0.73592847585678101 0
vn -0.67705929279327393 -0.73592847585678101 0
vn -0.67705929279327393 -0.73592847585678101 0
vn -0.67705929279327393 -0.73592847585678101 0
vn -0.67705929279327393 -0.73592847585678101 0
vn -0.67705929279327393 -0.73592847585678101 0
vn -0.67705929279327393 -0.73592847585678101 0
vn -0.67705929279327393 -0.73592847585678101 0
vn 0.73579388856887817 -0.67720556259155273 0
vn 0.73579388856887817 -0.67720556259155273 0
vn 0.73579388856887817 -0.67720556259155273 0
vn 0.73579388856887817 -0.67720556259155273 0
vn 0.73579388856887817 -0.67720556259155273 0
vn 0.73579388856887817 -0.67720556259155273 0
vn 0.73579388856887817 -0.67720556259155273 0
vn 0.73579388856887817 -0.67720556259155273 0
vn 0 0 1
vn 0 0 1
vn 0 0 1
vn 0 0 1
vn 0 0 1
vn 0 0 1
f 2701/2701/2701 2700/2700/2700 2696/2696/2696 2697/2697/2697
f 2700/2700/2700 2701/2701/2701 2699/2699/2699 2698/2698/2698
f 2706/2706/2706 2707/2707/2707 2702/2702/2702
f 2706/2706/2706 2703/2703/2703 2710/2710/2710
f 2709/2709/2709 2707/2707/2707 2706/2706/2706
f 2709/2709/2709 2704/2704/2704 2708/2708/2708
f 2705/2705/2705 2709/2709/2709 2710/2710/2710
f 2709/2709/2709 2706/2706/2706 2710/2710/2710
f 2708/2708/2708 2707/2707/2707 2709/2709/2709
f 2712/2712/2712 2716/2716/2716 2715/2715/2715 2711/2711/2711
f 2713/2713/2713 2715/2715/2715 2716/2716/2716 2714/2714/2714
f 2721/2721/2721 2725/2725/2725 2724/2724/2724 2722/2722/2722
f 2721/2721/2721 2718/2718/2718 2725/2725/2725
f 2723/2723/2723 2717/2717/2717 2721/2721/2721
f 2722/2722/2722 2719/2719/2719 2723/2723/2723
f 2720/2720/2720 2722/2722/2722 2724/2724/2724
f 2723/2723/2723 2721/2721/2721 2722/2722/2722
f 2726/2726/2726 2727/2727/2727 2731/2731/2731 2732/2732/2732
f 2730/2730/2730 2733/2733/2733 2732/2732/2732 2731/2731/2731
f 2733/2733/2733 2730/2730/2730 2729/2729/2729 2728/2728/2728
f 2739/2739/2739 2735/2735/2735 2734/2734/2734 2738/2738/2738
f 2738/2738/2738 2736/2736/2736 2737/2737/2737 2739/2739/2739
usemtl diffuse_0
v -12.940286408449879 -167.67231607755653 13.625
p 2740
