# Rhino

mtllib mass.mtl
o object_1
usemtl diffuse_Black
v 0.20755518972873688 7.4888687133789063 15
v 0.20755518972873688 7.4888687133789063 10
v 0.20859278738498688 8.203155517578125 14.285714149475098
v 0.20859278738498688 8.203155517578125 13.571428298950195
v 0.20963038504123688 8.9174385070800781 14.285714149475098
v 0.20963038504123688 8.9174385070800781 13.571428298950195
v 0.21060694754123688 9.6317253112792969 14.285714149475098
v 0.21060694754123688 9.6317253112792969 13.571428298950195
v 0.21164454519748688 10.34600830078125 14.285714149475098
v 0.21164454519748688 10.34600830078125 13.571428298950195
v 0.21262110769748688 11.060295104980469 14.285714149475098
v 0.21262110769748688 11.060295104980469 13.571428298950195
v 0.21365870535373688 11.774578094482422 14.285714149475098
v 0.21365870535373688 11.774578094482422 13.571428298950195
v 0.21463526785373688 12.488864898681641 15
v 0.21463526785373688 12.488864898681641 10
v 0.21396388113498688 11.988864898681641 10
v 0.21323145925998688 11.488864898681641 10
v 0.21249903738498688 10.988864898681641 10
v 0.21182765066623688 10.488864898681641 10
v 0.21109522879123688 9.9888648986816406 10
v 0.21042384207248688 9.4888687133789063 10
v 0.20969142019748688 8.9888687133789063 10
v 0.20902003347873688 8.4888687133789063 10
v 0.20828761160373688 7.9888687133789063 10
v 0.20828761160373688 7.9888687133789063 15
v 0.20902003347873688 8.4888687133789063 15
v 0.20969142019748688 8.9888687133789063 15
v 0.21042384207248688 9.4888687133789063 15
v 0.21109522879123688 9.9888648986816406 15
v 0.21182765066623688 10.488864898681641 15
v 0.21249903738498688 10.988864898681641 15
v 0.21323145925998688 11.488864898681641 15
v 0.21396388113498688 11.988864898681641 15
v 0.21463526785373688 12.488864898681641 14.5
v 0.21463526785373688 12.488864898681641 14
v 0.21463526785373688 12.488864898681641 13.5
v 0.21463526785373688 12.488864898681641 13
v 0.21463526785373688 12.488864898681641 12.5
v 0.21463526785373688 12.488864898681641 12
v 0.21463526785373688 12.488864898681641 11.5
v 0.21463526785373688 12.488864898681641 11
v 0.21463526785373688 12.488864898681641 10.5
v 0.20755518972873688 7.4888687133789063 10.5
v 0.20755518972873688 7.4888687133789063 11
v 0.20755518972873688 7.4888687133789063 11.5
v 0.20755518972873688 7.4888687133789063 12
v 0.20755518972873688 7.4888687133789063 12.5
v 0.20755518972873688 7.4888687133789063 13
v 0.20755518972873688 7.4888687133789063 13.5
v 0.20755518972873688 7.4888687133789063 14
v 0.20755518972873688 7.4888687133789063 14.5
v 0.21274317800998688 11.1513671875 13
v 0.21207179129123688 10.686367034912109 13
v 0.21146143972873688 10.221366882324219 13
v 0.21079005300998688 9.7563667297363281 13
v 0.21011866629123688 9.2913665771484375 13
v 0.20944727957248688 8.8263664245605469 13
v 0.20944727957248688 8.8263664245605469 12.5
v 0.20944727957248688 8.8263664245605469 12
v 0.20944727957248688 8.8263664245605469 11.5
v 0.20944727957248688 8.8263664245605469 11
v 0.21011866629123688 9.2913665771484375 11
v 0.21079005300998688 9.7563667297363281 11
v 0.21146143972873688 10.221366882324219 11
v 0.21207179129123688 10.686367034912109 11
v 0.21274317800998688 11.1513671875 11
v 0.21274317800998688 11.1513671875 11.5
v 0.21274317800998688 11.1513671875 12
v 0.21274317800998688 11.1513671875 12.5
v 0.20859278738498688 8.203155517578125 12.142857551574707
v 0.20859278738498688 8.203155517578125 11.428571701049805
v 0.20859278738498688 8.203155517578125 10.714285850524902
v 0.21060694754123688 9.6317253112792969 10.714285850524902
v 0.21164454519748688 10.34600830078125 10.714285850524902
v 0.21365870535373688 11.774578094482422 12.142857551574707
v 0.21365870535373688 11.774578094482422 11.428571701049805
v 0.21262110769748688 11.060295104980469 10.714285850524902
v 0.21365870535373688 11.774578094482422 10.714285850524902
v 0.20755518972873688 7.4888687133789063 10
v 6.3227286338806152 7.4802284240722656 10
v 0.21463526785373688 12.488864898681641 10
v 6.3297781944274902 12.480224609375 10
v 3.2722220420837402 12.484542846679688 10
v 6.3262686729431152 9.9802284240722656 10
v 5.6432547569274902 7.4811897277832031 10
v 4.9638113975524902 7.4821510314941406 10
v 4.2843375205993652 7.4831085205078125 10
v 3.6048941612243652 7.48406982421875 10
v 2.9254508018493652 7.4850311279296875 10
v 2.2459464073181152 7.4859886169433594 10
v 1.5665029287338257 7.4869499206542969 10
v 0.88705956935882568 7.4879074096679688 10
v 3.2686820030212402 9.9845466613769531 10
v 4.7974600791931152 9.9823875427246094 10
v 3.2669119834899902 8.7345466613769531 10
v 4.7957205772399902 8.7323875427246094 10
v 1.7399038076400757 9.9867057800292969 10
v 1.7381337881088257 8.7367095947265625 10
v 0.20828761160373688 7.9888687133789063 10
v 0.20902003347873688 8.4888687133789063 10
v 0.20969142019748688 8.9888687133789063 10
v 0.21042384207248688 9.4888687133789063 10
v 0.21109522879123688 9.9888648986816406 10
v 0.21182765066623688 10.488864898681641 10
v 0.21249903738498688 10.988864898681641 10
v 0.21323145925998688 11.488864898681641 10
v 0.21396388113498688 11.988864898681641 10
v 3.2704520225524902 11.234546661376953 10
v 1.7416738271713257 11.236705780029297 10
v 0.21463526785373688 12.488864898681641 10
v 6.3297781944274902 12.480224609375 16.358922958374023
v 6.3297781944274902 12.480224609375 10
v 3.2722220420837402 12.484542846679688 10
v 6.3297781944274902 12.480224609375 13.179461479187012
v 0.21463526785373688 12.488864898681641 10.5
v 0.21463526785373688 12.488864898681641 11
v 0.21463526785373688 12.488864898681641 11.5
v 0.21463526785373688 12.488864898681641 12
v 0.21463526785373688 12.488864898681641 12.5
v 0.21463526785373688 12.488864898681641 13
v 0.21463526785373688 12.488864898681641 13.5
v 0.21463526785373688 12.488864898681641 14
v 0.21463526785373688 12.488864898681641 14.5
v 0.21463526785373688 12.488864898681641 15
v 3.2722220420837402 12.484542846679688 13.179461479187012
v 3.2722220420837402 12.484542846679688 11.589730262756348
v 1.7434438467025757 12.486705780029297 13.179461479187012
v 1.7434438467025757 12.486705780029297 11.589730262756348
v 1.7434438467025757 12.486705780029297 10.794865608215332
v 0.97903954982757568 12.487785339355469 11.589730262756348
v 0.97903954982757568 12.487785339355469 10.794865608215332
v 1.7434438467025757 12.486705780029297 12.38459587097168
v 0.97903954982757568 12.487785339355469 13.179461479187012
v 0.97903954982757568 12.487785339355469 12.38459587097168
v 3.2722220420837402 12.484542846679688 14.769191741943359
v 1.7434438467025757 12.486705780029297 14.769191741943359
v 1.7434438467025757 12.486705780029297 13.974326133728027
v 0.97903954982757568 12.487785339355469 14.769191741943359
v 0.97903954982757568 12.487785339355469 13.974326133728027
v 3.2722220420837402 12.484542846679688 15.679461479187012
v 6.3297781944274902 12.480224609375 10
v 6.3227286338806152 7.4802284240722656 16.358922958374023
v 6.3227286338806152 7.4802284240722656 10
v 6.3262686729431152 9.9802284240722656 10
v 6.3297781944274902 12.480224609375 16.358922958374023
v 6.3262686729431152 9.9802284240722656 16.358922958374023
v 6.3297781944274902 12.480224609375 13.179461479187012
v 6.3227286338806152 7.4802284240722656 15.723030090332031
v 6.3227286338806152 7.4802284240722656 15.087138175964355
v 6.3227286338806152 7.4802284240722656 14.451245307922363
v 6.3227286338806152 7.4802284240722656 13.815353393554688
v 6.3227286338806152 7.4802284240722656 13.179461479187012
v 6.3227286338806152 7.4802284240722656 12.54356861114502
v 6.3227286338806152 7.4802284240722656 11.907676696777344
v 6.3227286338806152 7.4802284240722656 11.271784782409668
v 6.3227286338806152 7.4802284240722656 10.635891914367676
v 6.3262686729431152 9.9802284240722656 13.179461479187012
v 6.3244986534118652 8.7302284240722656 13.179461479187012
v 6.3262686729431152 9.9802284240722656 14.769191741943359
v 6.3244986534118652 8.7302284240722656 14.769191741943359
v 6.3262686729431152 9.9802284240722656 11.589730262756348
v 6.3244986534118652 8.7302284240722656 11.589730262756348
v 6.3227286338806152 7.4802284240722656 16.358922958374023
v 6.3227286338806152 7.4802284240722656 10
v 0.20755518972873688 7.4888687133789063 10
v 0.88705956935882568 7.4879074096679688 10
v 1.5665029287338257 7.4869499206542969 10
v 2.2459464073181152 7.4859886169433594 10
v 2.9254508018493652 7.4850311279296875 10
v 3.6048941612243652 7.48406982421875 10
v 4.2843375205993652 7.4831085205078125 10
v 4.9638113975524902 7.4821510314941406 10
v 5.6432547569274902 7.4811897277832031 10
v 6.3227286338806152 7.4802284240722656 10.635891914367676
v 6.3227286338806152 7.4802284240722656 11.271784782409668
v 6.3227286338806152 7.4802284240722656 11.907676696777344
v 6.3227286338806152 7.4802284240722656 12.54356861114502
v 6.3227286338806152 7.4802284240722656 13.179461479187012
v 6.3227286338806152 7.4802284240722656 13.815353393554688
v 6.3227286338806152 7.4802284240722656 14.451245307922363
v 6.3227286338806152 7.4802284240722656 15.087138175964355
v 6.3227286338806152 7.4802284240722656 15.723030090332031
v 0.20755518972873688 7.4888687133789063 15
v 0.20755518972873688 7.4888687133789063 14.5
v 0.20755518972873688 7.4888687133789063 14
v 0.20755518972873688 7.4888687133789063 13.5
v 0.20755518972873688 7.4888687133789063 13
v 0.20755518972873688 7.4888687133789063 12.5
v 0.20755518972873688 7.4888687133789063 12
v 0.20755518972873688 7.4888687133789063 11.5
v 0.20755518972873688 7.4888687133789063 11
v 0.20755518972873688 7.4888687133789063 10.5
v 5.7112174034118652 7.4810943603515625 16.223030090332031
v 5.0997061729431152 7.4819564819335938 16.087137222290039
v 4.4881949424743652 7.4828224182128906 15.951245307922363
v 3.8766837120056152 7.4836845397949219 15.815353393554688
v 3.2651419639587402 7.4845504760742188 15.679461479187012
v 2.6536612510681152 7.48541259765625 15.54356861114502
v 2.0421500205993652 7.4862785339355469 15.407676696777344
v 1.4306386709213257 7.4871406555175781 15.271784782409668
v 0.81912744045257568 7.488006591796875 15.135891914367676
v 1.2075551748275757 7.487457275390625 14.5
v 1.7909291982650757 7.48663330078125 14.5
v 2.3742423057556152 7.485809326171875 14.5
v 2.9575858116149902 7.4849853515625 14.5
v 3.5408987998962402 7.484161376953125 14.5
v 4.1242423057556152 7.48333740234375 14.5
v 4.7075858116149902 7.4825096130371094 14.5
v 4.7075858116149902 7.4825096130371094 13.833333015441895
v 4.7075858116149902 7.4825096130371094 13.166666984558105
v 4.7075858116149902 7.4825096130371094 12.5
v 4.7075858116149902 7.4825096130371094 11.833333015441895
v 4.7075858116149902 7.4825096130371094 11.166666984558105
v 4.7075858116149902 7.4825096130371094 10.5
v 4.1242423057556152 7.48333740234375 10.5
v 3.5408987998962402 7.484161376953125 10.5
v 2.9575858116149902 7.4849853515625 10.5
v 2.3742423057556152 7.485809326171875 10.5
v 1.7909291982650757 7.48663330078125 10.5
v 1.2075551748275757 7.487457275390625 10.5
v 1.2075551748275757 7.487457275390625 11.166666984558105
v 1.2075551748275757 7.487457275390625 11.833333015441895
v 1.2075551748275757 7.487457275390625 12.5
v 1.2075551748275757 7.487457275390625 13.166666984558105
v 1.2075551748275757 7.487457275390625 13.833333015441895
v 5.4491324424743652 7.4814643859863281 15.450505256652832
v 5.4491324424743652 7.4814643859863281 14.542087554931641
v 5.4491324424743652 7.4814643859863281 13.633669853210449
v 3.7019400596618652 7.4839324951171875 15.450505256652832
v 3.7019400596618652 7.4839324951171875 14.542087554931641
v 2.8283438682556152 7.4851646423339844 15.450505256652832
v 2.8283438682556152 7.4851646423339844 14.542087554931641
v 5.4491324424743652 7.4814643859863281 12.725252151489258
v 5.4491324424743652 7.4814643859863281 11.816835403442383
v 5.4491324424743652 7.4814643859863281 10.908417701721191
v 1.9547475576400757 7.4864006042480469 14.542087554931641
v 1.0811513662338257 7.4876365661621094 14.542087554931641
v 1.0811513662338257 7.4876365661621094 12.725252151489258
v 1.0811513662338257 7.4876365661621094 11.816835403442383
v 1.0811513662338257 7.4876365661621094 10.908417701721191
v 0.20755518972873688 7.4888687133789063 15
v 0.21463526785373688 12.488864898681641 15
v 6.3227286338806152 7.4802284240722656 16.358922958374023
v 6.3262686729431152 9.9802284240722656 16.358922958374023
v 0.21396388113498688 11.988864898681641 15
v 0.21323145925998688 11.488864898681641 15
v 0.21249903738498688 10.988864898681641 15
v 0.21182765066623688 10.488864898681641 15
v 0.21109522879123688 9.9888648986816406 15
v 0.21042384207248688 9.4888687133789063 15
v 0.20969142019748688 8.9888687133789063 15
v 0.20902003347873688 8.4888687133789063 15
v 0.20828761160373688 7.9888687133789063 15
v 3.2686820030212402 9.9845466613769531 15.679461479187012
v 1.7399038076400757 9.9867057800292969 15.339730262756348
v 1.7416738271713257 11.236705780029297 15.339730262756348
v 0.97549951076507568 9.9877853393554688 15.169865608215332
v 0.97726953029632568 11.237785339355469 15.169865608215332
v 1.7381337881088257 8.7367095947265625 15.339730262756348
v 0.97372949123382568 8.7377891540527344 15.169865608215332
v 0.81912744045257568 7.488006591796875 15.135891914367676
v 1.4306386709213257 7.4871406555175781 15.271784782409668
v 2.0421500205993652 7.4862785339355469 15.407676696777344
v 2.6536612510681152 7.48541259765625 15.54356861114502
v 3.2651419639587402 7.4845504760742188 15.679461479187012
v 3.8766837120056152 7.4836845397949219 15.815353393554688
v 4.4881949424743652 7.4828224182128906 15.951245307922363
v 5.0997061729431152 7.4819564819335938 16.087137222290039
v 5.7112174034118652 7.4810943603515625 16.223030090332031
v 3.2669119834899902 8.7345466613769531 15.679461479187012
v 2.5043082237243652 9.985626220703125 15.50959587097168
v 2.5025382041931152 8.735626220703125 15.50959587097168
v 4.7974600791931152 9.9823875427246094 16.019191741943359
v 4.7957205772399902 8.7323875427246094 16.019191741943359
v 4.0330862998962402 9.9834671020507813 15.849326133728027
v 4.0313162803649902 8.7334671020507813 15.849326133728027
v 5.5618643760681152 9.9813079833984375 16.189056396484375
v 5.5600943565368652 8.7313079833984375 16.189056396484375
v 6.3297781944274902 12.480224609375 16.358922958374023
v 3.2722220420837402 12.484542846679688 15.679461479187012
vt 0.32896214723587036 0.32896214723587036
vt 0.32896214723587036 0.59647029638290405
vt 0.36738684773445129 0.36717760562896729
vt 0.36738684773445129 0.40539306402206421
vt 0.40581157803535461 0.36717760562896729
vt 0.40581157803535461 0.40539306402206421
vt 0.44423627853393555 0.36717760562896729
vt 0.44423627853393555 0.40539306402206421
vt 0.48266100883483887 0.36717760562896729
vt 0.48266100883483887 0.40539306402206421
vt 0.52108573913574219 0.36717760562896729
vt 0.52108573913574219 0.40539306402206421
vt 0.55951046943664551 0.36717760562896729
vt 0.55951046943664551 0.40539306402206421
vt 0.59793514013290405 0.32896214723587036
vt 0.59793514013290405 0.59647029638290405
vt 0.57103782892227173 0.59647029638290405
vt 0.54414057731628418 0.59647029638290405
vt 0.51724326610565186 0.59647029638290405
vt 0.49034595489501953 0.59647029638290405
vt 0.46344864368438721 0.59647029638290405
vt 0.43655136227607727 0.59647029638290405
vt 0.40965405106544495 0.59647029638290405
vt 0.38275673985481262 0.59647029638290405
vt 0.3558594286441803 0.59647029638290405
vt 0.3558594286441803 0.32896214723587036
vt 0.38275673985481262 0.32896214723587036
vt 0.40965405106544495 0.32896214723587036
vt 0.43655136227607727 0.32896214723587036
vt 0.46344864368438721 0.32896214723587036
vt 0.49034595489501953 0.32896214723587036
vt 0.51724326610565186 0.32896214723587036
vt 0.54414057731628418 0.32896214723587036
vt 0.57103782892227173 0.32896214723587036
vt 0.59793514013290405 0.35571295022964478
vt 0.59793514013290405 0.38246378302574158
vt 0.59793514013290405 0.40921458601951599
vt 0.59793514013290405 0.43596541881561279
vt 0.59793514013290405 0.46271622180938721
vt 0.59793514013290405 0.48946705460548401
vt 0.59793514013290405 0.51621788740158081
vt 0.59793514013290405 0.54296869039535522
vt 0.59793514013290405 0.56971949338912964
vt 0.32896214723587036 0.56971949338912964
vt 0.32896214723587036 0.54296869039535522
vt 0.32896214723587036 0.51621788740158081
vt 0.32896214723587036 0.48946705460548401
vt 0.32896214723587036 0.46271622180938721
vt 0.32896214723587036 0.43596541881561279
vt 0.32896214723587036 0.40921458601951599
vt 0.32896214723587036 0.38246378302574158
vt 0.32896214723587036 0.35571295022964478
vt 0.5259850025177002 0.43596541881561279
vt 0.50097048282623291 0.43596541881561279
vt 0.47595593333244324 0.43596541881561279
vt 0.45094138383865356 0.43596541881561279
vt 0.42592683434486389 0.43596541881561279
vt 0.40091228485107422 0.43596541881561279
vt 0.40091228485107422 0.46271622180938721
vt 0.40091228485107422 0.48946705460548401
vt 0.40091228485107422 0.51621788740158081
vt 0.40091228485107422 0.54296869039535522
vt 0.42592683434486389 0.54296869039535522
vt 0.45094138383865356 0.54296869039535522
vt 0.47595593333244324 0.54296869039535522
vt 0.50097048282623291 0.54296869039535522
vt 0.5259850025177002 0.54296869039535522
vt 0.5259850025177002 0.51621788740158081
vt 0.5259850025177002 0.48946705460548401
vt 0.5259850025177002 0.46271622180938721
vt 0.36738684773445129 0.48182395100593567
vt 0.36738684773445129 0.52003943920135498
vt 0.36738684773445129 0.5582548975944519
vt 0.44423627853393555 0.5582548975944519
vt 0.48266100883483887 0.5582548975944519
vt 0.55951046943664551 0.48182395100593567
vt 0.55951046943664551 0.52003943920135498
vt 0.52108573913574219 0.5582548975944519
vt 0.55951046943664551 0.5582548975944519
vt 0.65645945072174072 0.59793514013290405
vt 0.32896214723587036 0.59793514013290405
vt 0.65645945072174072 0.86544334888458252
vt 0.32896214723587036 0.86544334888458252
vt 0.49271076917648315 0.86544334888458252
vt 0.32896214723587036 0.73168927431106567
vt 0.36535072326660156 0.59793514013290405
vt 0.40173929929733276 0.59793514013290405
vt 0.43812790513038635 0.59793514013290405
vt 0.47451648116111755 0.59793514013290405
vt 0.51090508699417114 0.59793514013290405
vt 0.54729366302490234 0.59793514013290405
vt 0.58368223905563354 0.59793514013290405
vt 0.62007081508636475 0.59793514013290405
vt 0.49271076917648315 0.73168927431106567
vt 0.41083645820617676 0.73168927431106567
vt 0.49271076917648315 0.66481220722198486
vt 0.41083645820617676 0.66481220722198486
vt 0.57458508014678955 0.73168927431106567
vt 0.57458508014678955 0.66481220722198486
vt 0.65645945072174072 0.62468600273132324
vt 0.65645945072174072 0.65143680572509766
vt 0.65645945072174072 0.67818760871887207
vt 0.65645945072174072 0.70493847131729126
vt 0.65645945072174072 0.73168927431106567
vt 0.65645945072174072 0.75844007730484009
vt 0.65645945072174072 0.7851908802986145
vt 0.65645945072174072 0.81194174289703369
vt 0.65645945072174072 0.83869254589080811
vt 0.49271076917648315 0.79856628179550171
vt 0.57458508014678955 0.79856628179550171
vt 0 0
vt 0.34207573533058167 0.32749730348587036
vt 0 0.32749730348587036
vt 0 0.16374865174293518
vt 0.17103786766529083 0.32749730348587036
vt 0.026897301897406578 0
vt 0.053794603794813156 0
vt 0.080691911280155182 0
vt 0.10758920758962631 0
vt 0.13448651134967804 0
vt 0.16138382256031036 0
vt 0.18828111886978149 0
vt 0.21517843008041382 0
vt 0.24207572638988495 0
vt 0.26897302269935608 0
vt 0.17103786766529083 0.16374865174293518
vt 0.085518933832645416 0.16374865174293518
vt 0.17103786766529083 0.08187432587146759
vt 0.085518933832645416 0.08187432587146759
vt 0.042759466916322708 0.08187432587146759
vt 0.085518933832645416 0.040937162935733795
vt 0.042759466916322708 0.040937162935733795
vt 0.12827840447425842 0.08187432587146759
vt 0.17103786766529083 0.040937162935733795
vt 0.12827840447425842 0.040937162935733795
vt 0.25655680894851685 0.16374865174293518
vt 0.25655680894851685 0.08187432587146759
vt 0.21379733085632324 0.08187432587146759
vt 0.25655680894851685 0.040937162935733795
vt 0.21379733085632324 0.040937162935733795
vt 0.30552437901496887 0.16374865174293518
vt 0.65792429447174072 0.43345409631729126
vt 0.99853515625 0.70242714881896973
vt 0.65792429447174072 0.70242714881896973
vt 0.65792429447174072 0.56794059276580811
vt 0.99853515625 0.43345409631729126
vt 0.99853515625 0.56794059276580811
vt 0.82822972536087036 0.43345409631729126
vt 0.96447408199310303 0.70242714881896973
vt 0.93041300773620605 0.70242714881896973
vt 0.89635187387466431 0.70242714881896973
vt 0.86229079961776733 0.70242714881896973
vt 0.82822972536087036 0.70242714881896973
vt 0.79416859149932861 0.70242714881896973
vt 0.76010751724243164 0.70242714881896973
vt 0.72604644298553467 0.70242714881896973
vt 0.6919853687286377 0.70242714881896973
vt 0.82822972536087036 0.56794059276580811
vt 0.82822972536087036 0.63518387079238892
vt 0.91338241100311279 0.56794059276580811
vt 0.91338241100311279 0.63518387079238892
vt 0.74307698011398315 0.56794059276580811
vt 0.74307698011398315 0.63518387079238892
vt 0 0.32896214723587036
vt 0 0.67103785276412964
vt 0.32749730348587036 0.67103785276412964
vt 0.29110869765281677 0.67103785276412964
vt 0.25472012162208557 0.67103785276412964
vt 0.21833153069019318 0.67103785276412964
vt 0.18194295465946198 0.67103785276412964
vt 0.14555434882640839 0.67103785276412964
vt 0.10916576534509659 0.67103785276412964
vt 0.072777174413204193 0.67103785276412964
vt 0.036388587206602097 0.67103785276412964
vt 0 0.63683027029037476
vt 0 0.60262274742126465
vt 0 0.56841516494750977
vt 0 0.53420758247375488
vt 0 0.5
vt 0 0.46579241752624512
vt 0 0.43158486485481262
vt 0 0.39737728238105774
vt 0 0.36316969990730286
vt 0.32749730348587036 0.40206483006477356
vt 0.32749730348587036 0.42896214127540588
vt 0.32749730348587036 0.45585942268371582
vt 0.32749730348587036 0.48275673389434814
vt 0.32749730348587036 0.50965404510498047
vt 0.32749730348587036 0.53655135631561279
vt 0.32749730348587036 0.56344866752624512
vt 0.32749730348587036 0.59034597873687744
vt 0.32749730348587036 0.61724323034286499
vt 0.32749730348587036 0.64414054155349731
vt 0.032749731093645096 0.33627241849899292
vt 0.065499462187290192 0.34358265995979309
vt 0.098249189555644989 0.35089293122291565
vt 0.13099892437458038 0.35820320248603821
vt 0.16374865174293518 0.36551347374916077
vt 0.19649837911128998 0.37282374501228333
vt 0.22924810647964478 0.38013401627540588
vt 0.26199784874916077 0.38744428753852844
vt 0.29474756121635437 0.394754558801651
vt 0.27394223213195801 0.42896214127540588
vt 0.24270176887512207 0.42896214127540588
vt 0.21146132051944733 0.42896214127540588
vt 0.18022085726261139 0.42896214127540588
vt 0.14898040890693665 0.42896214127540588
vt 0.1177399605512619 0.42896214127540588
vt 0.086499504745006561 0.42896214127540588
vt 0.086499504745006561 0.46482521295547485
vt 0.086499504745006561 0.50068825483322144
vt 0.086499504745006561 0.53655135631561279
vt 0.086499504745006561 0.57241439819335938
vt 0.086499504745006561 0.60827749967575073
vt 0.086499504745006561 0.64414054155349731
vt 0.1177399605512619 0.64414054155349731
vt 0.14898040890693665 0.64414054155349731
vt 0.18022085726261139 0.64414054155349731
vt 0.21146132051944733 0.64414054155349731
vt 0.24270176887512207 0.64414054155349731
vt 0.27394223213195801 0.64414054155349731
vt 0.27394223213195801 0.60827749967575073
vt 0.27394223213195801 0.57241439819335938
vt 0.27394223213195801 0.53655135631561279
vt 0.27394223213195801 0.50068825483322144
vt 0.27394223213195801 0.46482521295547485
vt 0.046785328537225723 0.37783008813858032
vt 0.046785328537225723 0.42669805884361267
vt 0.046785328537225723 0.47556602954864502
vt 0.14035598933696747 0.37783008813858032
vt 0.14035598933696747 0.42669805884361267
vt 0.18714131414890289 0.37783008813858032
vt 0.18714131414890289 0.42669805884361267
vt 0.046785328537225723 0.52443397045135498
vt 0.046785328537225723 0.57330197095870972
vt 0.046785328537225723 0.62216991186141968
vt 0.23392663896083832 0.42669805884361267
vt 0.28071197867393494 0.42669805884361267
vt 0.28071197867393494 0.52443397045135498
vt 0.28071197867393494 0.57330197095870972
vt 0.28071197867393494 0.62216991186141968
vt 0.65792429447174072 0
vt 0.65792429447174072 0.26897302269935608
vt 0.9949110746383667 0
vt 0.9949110746383667 0.13448651134967804
vt 0.65792429447174072 0.24207572638988495
vt 0.65792429447174072 0.21517843008041382
vt 0.65792429447174072 0.18828111886978149
vt 0.65792429447174072 0.16138382256031036
vt 0.65792429447174072 0.13448651134967804
vt 0.65792429447174072 0.10758921504020691
vt 0.65792429447174072 0.080691911280155182
vt 0.65792429447174072 0.053794607520103455
vt 0.65792429447174072 0.026897303760051727
vt 0.82641768455505371 0.13448651134967804
vt 0.74217098951339722 0.13448651134967804
vt 0.74217098951339722 0.20172977447509766
vt 0.70004761219024658 0.13448651134967804
vt 0.70004761219024658 0.20172977447509766
vt 0.74217098951339722 0.06724325567483902
vt 0.70004761219024658 0.06724325567483902
vt 0.69162297248840332 0
vt 0.72532165050506592 0
vt 0.75902032852172852 0
vt 0.79271900653839111 0
vt 0.82641768455505371 0
vt 0.86011636257171631 0
vt 0.89381504058837891 0
vt 0.9275137186050415 0
vt 0.96121233701705933 0
vt 0.82641768455505371 0.06724325567483902
vt 0.78429430723190308 0.13448651134967804
vt 0.78429430723190308 0.06724325567483902
vt 0.91066437959671021 0.13448651134967804
vt 0.91066437959671021 0.06724325567483902
vt 0.86854100227355957 0.13448651134967804
vt 0.86854100227355957 0.06724325567483902
vt 0.95278769731521606 0.13448651134967804
vt 0.95278769731521606 0.06724325567483902
vt 0.9949110746383667 0.26897302269935608
vt 0.82641768455505371 0.26897302269935608
vn -0.99999898672103882 0.0014127603499218822 0
vn -0.99999898672103882 0.0014127603499218822 0
vn -0.99999898672103882 0.0014127603499218822 0
vn -0.99999898672103882 0.0014127603499218822 0
vn -0.99999898672103882 0.0014127603499218822 0
vn -0.99999898672103882 0.0014127603499218822 0
vn -0.99999898672103882 0.0014127603499218822 0
vn -0.99999898672103882 0.0014127603499218822 0
vn -0.99999898672103882 0.0014127603499218822 0
vn -0.99999898672103882 0.0014127603499218822 0
vn -0.99999898672103882 0.0014127603499218822 0
vn -0.99999898672103882 0.0014127603499218822 0
vn -0.99999898672103882 0.0014127603499218822 0
vn -0.99999898672103882 0.0014127603499218822 0
vn -0.99999898672103882 0.0014127603499218822 0
vn -0.99999898672103882 0.0014127603499218822 0
vn -0.99999898672103882 0.0014127603499218822 0
vn -0.99999898672103882 0.0014127603499218822 0
vn -0.99999898672103882 0.0014127603499218822 0
vn -0.99999898672103882 0.0014127603499218822 0
vn -0.99999898672103882 0.0014127603499218822 0
vn -0.99999898672103882 0.0014127603499218822 0
vn -0.99999898672103882 0.0014127603499218822 0
vn -0.99999898672103882 0.0014127603499218822 0
vn -0.99999898672103882 0.0014127603499218822 0
vn -0.99999898672103882 0.0014127603499218822 0
vn -0.99999898672103882 0.0014127603499218822 0
vn -0.99999898672103882 0.0014127603499218822 0
vn -0.99999898672103882 0.0014127603499218822 0
vn -0.99999898672103882 0.0014127603499218822 0
vn -0.99999898672103882 0.0014127603499218822 0
vn -0.99999898672103882 0.0014127603499218822 0
vn -0.99999898672103882 0.0014127603499218822 0
vn -0.99999898672103882 0.0014127603499218822 0
vn -0.99999898672103882 0.0014127603499218822 0
vn -0.99999898672103882 0.0014127603499218822 0
vn -0.99999898672103882 0.0014127603499218822 0
vn -0.99999898672103882 0.0014127603499218822 0
vn -0.99999898672103882 0.0014127603499218822 0
vn -0.99999898672103882 0.0014127603499218822 0
vn -0.99999898672103882 0.0014127603499218822 0
vn -0.99999898672103882 0.0014127603499218822 0
vn -0.99999898672103882 0.0014127603499218822 0
vn -0.99999898672103882 0.0014127603499218822 0
vn -0.99999898672103882 0.0014127603499218822 0
vn -0.99999898672103882 0.0014127603499218822 0
vn -0.99999898672103882 0.0014127603499218822 0
vn -0.99999898672103882 0.0014127603499218822 0
vn -0.99999898672103882 0.0014127603499218822 0
vn -0.99999898672103882 0.0014127603499218822 0
vn -0.99999898672103882 0.0014127603499218822 0
vn -0.99999898672103882 0.0014127603499218822 0
vn -0.99999898672103882 0.0014127603499218822 0
vn -0.99999898672103882 0.0014127603499218822 0
vn -0.99999898672103882 0.0014127603499218822 0
vn -0.99999898672103882 0.0014127603499218822 0
vn -0.99999898672103882 0.0014127603499218822 0
vn -0.99999898672103882 0.0014127603499218822 0
vn -0.99999898672103882 0.0014127603499218822 0
vn -0.99999898672103882 0.0014127603499218822 0
vn -0.99999898672103882 0.0014127603499218822 0
vn -0.99999898672103882 0.0014127603499218822 0
vn -0.99999898672103882 0.0014127603499218822 0
vn -0.99999898672103882 0.0014127603499218822 0
vn -0.99999898672103882 0.0014127603499218822 0
vn -0.99999898672103882 0.0014127603499218822 0
vn -0.99999898672103882 0.0014127603499218822 0
vn -0.99999898672103882 0.0014127603499218822 0
vn -0.99999898672103882 0.0014127603499218822 0
vn -0.99999898672103882 0.0014127603499218822 0
vn -0.99999898672103882 0.0014127603499218822 0
vn -0.99999898672103882 0.0014127603499218822 0
vn -0.99999898672103882 0.0014127603499218822 0
vn -0.99999898672103882 0.0014127603499218822 0
vn -0.99999898672103882 0.0014127603499218822 0
vn -0.99999898672103882 0.0014127603499218822 0
vn -0.99999898672103882 0.0014127603499218822 0
vn -0.99999898672103882 0.0014127603499218822 0
vn -0.99999898672103882 0.0014127603499218822 0
vn 0 0 -1
vn 0 0 -1
vn 0 0 -1
vn 0 0 -1
vn 0 0 -1
vn 0 0 -1
vn 0 0 -1
vn 0 0 -1
vn 0 0 -1
vn 0 0 -1
vn 0 0 -1
vn 0 0 -1
vn 0 0 -1
vn 0 0 -1
vn 0 0 -1
vn 0 0 -1
vn 0 0 -1
vn 0 0 -1
vn 0 0 -1
vn 0 0 -1
vn 0 0 -1
vn 0 0 -1
vn 0 0 -1
vn 0 0 -1
vn 0 0 -1
vn 0 0 -1
vn 0 0 -1
vn 0 0 -1
vn 0 0 -1
vn 0 0 -1
vn 0 0 -1
vn 0.0014127603499218822 0.99999898672103882 0
vn 0.0014127603499218822 0.99999898672103882 0
vn 0.0014127603499218822 0.99999898672103882 0
vn 0.0014127603499218822 0.99999898672103882 0
vn 0.0014127603499218822 0.99999898672103882 0
vn 0.0014127603499218822 0.99999898672103882 0
vn 0.0014127603499218822 0.99999898672103882 0
vn 0.0014127603499218822 0.99999898672103882 0
vn 0.0014127603499218822 0.99999898672103882 0
vn 0.0014127603499218822 0.99999898672103882 0
vn 0.0014127603499218822 0.99999898672103882 0
vn 0.0014127603499218822 0.99999898672103882 0
vn 0.0014127603499218822 0.99999898672103882 0
vn 0.0014127603499218822 0.99999898672103882 0
vn 0.0014127603499218822 0.99999898672103882 0
vn 0.0014127603499218822 0.99999898672103882 0
vn 0.0014127603499218822 0.99999898672103882 0
vn 0.0014127603499218822 0.99999898672103882 0
vn 0.0014127603499218822 0.99999898672103882 0
vn 0.0014127603499218822 0.99999898672103882 0
vn 0.0014127603499218822 0.99999898672103882 0
vn 0.0014127603499218822 0.99999898672103882 0
vn 0.0014127603499218822 0.99999898672103882 0
vn 0.0014127603499218822 0.99999898672103882 0
vn 0.0014127603499218822 0.99999898672103882 0
vn 0.0014127603499218822 0.99999898672103882 0
vn 0.0014127603499218822 0.99999898672103882 0
vn 0.0014127603499218822 0.99999898672103882 0
vn 0.0014127603499218822 0.99999898672103882 0
vn 0.0014127603499218822 0.99999898672103882 0
vn 0.0014127603499218822 0.99999898672103882 0
vn 0.99999898672103882 -0.0014127603499218822 0
vn 0.99999898672103882 -0.0014127603499218822 0
vn 0.99999898672103882 -0.0014127603499218822 0
vn 0.99999898672103882 -0.0014127603499218822 0
vn 0.99999898672103882 -0.0014127603499218822 0
vn 0.99999898672103882 -0.0014127603499218822 0
vn 0.99999898672103882 -0.0014127603499218822 0
vn 0.99999898672103882 -0.0014127603499218822 0
vn 0.99999898672103882 -0.0014127603499218822 0
vn 0.99999898672103882 -0.0014127603499218822 0
vn 0.99999898672103882 -0.0014127603499218822 0
vn 0.99999898672103882 -0.0014127603499218822 0
vn 0.99999898672103882 -0.0014127603499218822 0
vn 0.99999898672103882 -0.0014127603499218822 0
vn 0.99999898672103882 -0.0014127603499218822 0
vn 0.99999898672103882 -0.0014127603499218822 0
vn 0.99999898672103882 -0.0014127603499218822 0
vn 0.99999898672103882 -0.0014127603499218822 0
vn 0.99999898672103882 -0.0014127603499218822 0
vn 0.99999898672103882 -0.0014127603499218822 0
vn 0.99999898672103882 -0.0014127603499218822 0
vn 0.99999898672103882 -0.0014127603499218822 0
vn -0.0014127603499218822 -0.99999898672103882 0
vn -0.0014127603499218822 -0.99999898672103882 0
vn -0.0014127603499218822 -0.99999898672103882 0
vn -0.0014127603499218822 -0.99999898672103882 0
vn -0.0014127603499218822 -0.99999898672103882 0
vn -0.0014127603499218822 -0.99999898672103882 0
vn -0.0014127603499218822 -0.99999898672103882 0
vn -0.0014127603499218822 -0.99999898672103882 0
vn -0.0014127603499218822 -0.99999898672103882 0
vn -0.0014127603499218822 -0.99999898672103882 0
vn -0.0014127603499218822 -0.99999898672103882 0
vn -0.0014127603499218822 -0.99999898672103882 0
vn -0.0014127603499218822 -0.99999898672103882 0
vn -0.0014127603499218822 -0.99999898672103882 0
vn -0.0014127603499218822 -0.99999898672103882 0
vn -0.0014127603499218822 -0.99999898672103882 0
vn -0.0014127603499218822 -0.99999898672103882 0
vn -0.0014127603499218822 -0.99999898672103882 0
vn -0.0014127603499218822 -0.99999898672103882 0
vn -0.0014127603499218822 -0.99999898672103882 0
vn -0.0014127603499218822 -0.99999898672103882 0
vn -0.0014127603499218822 -0.99999898672103882 0
vn -0.0014127603499218822 -0.99999898672103882 0
vn -0.0014127603499218822 -0.99999898672103882 0
vn -0.0014127603499218822 -0.99999898672103882 0
vn -0.0014127603499218822 -0.99999898672103882 0
vn -0.0014127603499218822 -0.99999898672103882 0
vn -0.0014127603499218822 -0.99999898672103882 0
vn -0.0014127603499218822 -0.99999898672103882 0
vn -0.0014127603499218822 -0.99999898672103882 0
vn -0.0014127603499218822 -0.99999898672103882 0
vn -0.0014127603499218822 -0.99999898672103882 0
vn -0.0014127603499218822 -0.99999898672103882 0
vn -0.0014127603499218822 -0.99999898672103882 0
vn -0.0014127603499218822 -0.99999898672103882 0
vn -0.0014127603499218822 -0.99999898672103882 0
vn -0.0014127603499218822 -0.99999898672103882 0
vn -0.0014127603499218822 -0.99999898672103882 0
vn -0.0014127603499218822 -0.99999898672103882 0
vn -0.0014127603499218822 -0.99999898672103882 0
vn -0.0014127603499218822 -0.99999898672103882 0
vn -0.0014127603499218822 -0.99999898672103882 0
vn -0.0014127603499218822 -0.99999898672103882 0
vn -0.0014127603499218822 -0.99999898672103882 0
vn -0.0014127603499218822 -0.99999898672103882 0
vn -0.0014127603499218822 -0.99999898672103882 0
vn -0.0014127603499218822 -0.99999898672103882 0
vn -0.0014127603499218822 -0.99999898672103882 0
vn -0.0014127603499218822 -0.99999898672103882 0
vn -0.0014127603499218822 -0.99999898672103882 0
vn -0.0014127603499218822 -0.99999898672103882 0
vn -0.0014127603499218822 -0.99999898672103882 0
vn -0.0014127603499218822 -0.99999898672103882 0
vn -0.0014127603499218822 -0.99999898672103882 0
vn -0.0014127603499218822 -0.99999898672103882 0
vn -0.0014127603499218822 -0.99999898672103882 0
vn -0.0014127603499218822 -0.99999898672103882 0
vn -0.0014127603499218822 -0.99999898672103882 0
vn -0.0014127603499218822 -0.99999898672103882 0
vn -0.0014127603499218822 -0.99999898672103882 0
vn -0.0014127603499218822 -0.99999898672103882 0
vn -0.0014127603499218822 -0.99999898672103882 0
vn -0.0014127603499218822 -0.99999898672103882 0
vn -0.0014127603499218822 -0.99999898672103882 0
vn -0.0014127603499218822 -0.99999898672103882 0
vn -0.0014127603499218822 -0.99999898672103882 0
vn -0.0014127603499218822 -0.99999898672103882 0
vn -0.0014127603499218822 -0.99999898672103882 0
vn -0.0014127603499218822 -0.99999898672103882 0
vn -0.0014127603499218822 -0.99999898672103882 0
vn -0.0014127603499218822 -0.99999898672103882 0
vn -0.0014127603499218822 -0.99999898672103882 0
vn -0.0014127603499218822 -0.99999898672103882 0
vn -0.0014127603499218822 -0.99999898672103882 0
vn -0.0014127603499218822 -0.99999898672103882 0
vn -0.0014127603499218822 -0.99999898672103882 0
vn -0.0014127603499218822 -0.99999898672103882 0
vn -0.0014127603499218822 -0.99999898672103882 0
vn -0.21693024039268494 0.00030647075618617237 0.97618705034255981
vn -0.21693024039268494 0.00030647075618617237 0.97618705034255981
vn -0.21693024039268494 0.00030647075618617237 0.97618705034255981
vn -0.21693024039268494 0.00030647075618617237 0.97618705034255981
vn -0.21693024039268494 0.00030647075618617237 0.97618705034255981
vn -0.21693024039268494 0.00030647075618617237 0.97618705034255981
vn -0.21693024039268494 0.00030647075618617237 0.97618705034255981
vn -0.21693024039268494 0.00030647075618617237 0.97618705034255981
vn -0.21693024039268494 0.00030647075618617237 0.97618705034255981
vn -0.21693024039268494 0.00030647075618617237 0.97618705034255981
vn -0.21693024039268494 0.00030647075618617237 0.97618705034255981
vn -0.21693024039268494 0.00030647075618617237 0.97618705034255981
vn -0.21693024039268494 0.00030647075618617237 0.97618705034255981
vn -0.21693024039268494 0.00030647075618617237 0.97618705034255981
vn -0.21693024039268494 0.00030647075618617237 0.97618705034255981
vn -0.21693024039268494 0.00030647075618617237 0.97618705034255981
vn -0.21693024039268494 0.00030647075618617237 0.97618705034255981
vn -0.21693024039268494 0.00030647075618617237 0.97618705034255981
vn -0.21693024039268494 0.00030647075618617237 0.97618705034255981
vn -0.21693024039268494 0.00030647075618617237 0.97618705034255981
vn -0.21693024039268494 0.00030647075618617237 0.97618705034255981
vn -0.21693024039268494 0.00030647075618617237 0.97618705034255981
vn -0.21693024039268494 0.00030647075618617237 0.97618705034255981
vn -0.21693024039268494 0.00030647075618617237 0.97618705034255981
vn -0.21693024039268494 0.00030647075618617237 0.97618705034255981
vn -0.21693024039268494 0.00030647075618617237 0.97618705034255981
vn -0.21693024039268494 0.00030647075618617237 0.97618705034255981
vn -0.21693024039268494 0.00030647075618617237 0.97618705034255981
vn -0.21693024039268494 0.00030647075618617237 0.97618705034255981
vn -0.21693024039268494 0.00030647075618617237 0.97618705034255981
vn -0.21693024039268494 0.00030647075618617237 0.97618705034255981
vn -0.21693024039268494 0.00030647075618617237 0.97618705034255981
vn -0.21693024039268494 0.00030647075618617237 0.97618705034255981
vn -0.21693024039268494 0.00030647075618617237 0.97618705034255981
vn -0.21693024039268494 0.00030647075618617237 0.97618705034255981
vn -0.21693024039268494 0.00030647075618617237 0.97618705034255981
vn -0.21693024039268494 0.00030647075618617237 0.97618705034255981
vn -0.21693024039268494 0.00030647075618617237 0.97618705034255981
vn -0.21693024039268494 0.00030647075618617237 0.97618705034255981
vn -0.21693024039268494 0.00030647075618617237 0.97618705034255981
f 83/83/83 85/85/85 81/81/81 86/86/86 87/87/87 88/88/88 89/89/89 90/90/90 91/91/91 92/92/92 93/93/93 80/80/80 100/100/100 101/101/101 102/102/102 103/103/103 104/104/104 105/105/105 106/106/106 107/107/107 108/108/108 82/82/82 84/84/84
f 117/117/117 118/118/118 119/119/119 120/120/120 121/121/121 122/122/122 123/123/123 124/124/124 125/125/125 141/141/141 112/112/112 115/115/115 113/113/113 114/114/114 111/111/111 116/116/116
f 154/154/154 155/155/155 156/156/156 157/157/157 144/144/144 145/145/145 142/142/142 148/148/148 146/146/146 147/147/147 143/143/143 149/149/149 150/150/150 151/151/151 152/152/152 153/153/153
f 281/281/281 243/243/243 246/246/246 247/247/247 248/248/248 249/249/249 250/250/250 251/251/251 252/252/252 253/253/253 254/254/254 242/242/242 262/262/262 263/263/263 264/264/264 265/265/265 266/266/266 267/267/267 268/268/268 269/269/269 270/270/270 244/244/244 245/245/245 280/280/280
f 6/6/6 4/4/4 3/3/3 5/5/5
f 8/8/8 6/6/6 5/5/5 7/7/7
f 10/10/10 8/8/8 7/7/7 9/9/9
f 12/12/12 10/10/10 9/9/9 11/11/11
f 14/14/14 12/12/12 11/11/11 13/13/13
f 26/26/26 52/52/52 1/1/1
f 3/3/3 52/52/52 26/26/26
f 27/27/27 3/3/3 26/26/26
f 4/4/4 50/50/50 51/51/51
f 49/49/49 50/50/50 4/4/4
f 3/3/3 4/4/4 51/51/51
f 71/71/71 4/4/4 58/58/58 59/59/59
f 3/3/3 51/51/51 52/52/52
f 5/5/5 3/3/3 27/27/27 28/28/28
f 28/28/28 29/29/29 7/7/7 5/5/5
f 7/7/7 29/29/29 30/30/30
f 57/57/57 58/58/58 6/6/6
f 6/6/6 58/58/58 4/4/4
f 56/56/56 57/57/57 8/8/8
f 6/6/6 8/8/8 57/57/57
f 8/8/8 10/10/10 55/55/55 56/56/56
f 4/4/4 71/71/71 48/48/48 49/49/49
f 71/71/71 47/47/47 48/48/48
f 46/46/46 47/47/47 71/71/71 72/72/72
f 72/72/72 71/71/71 60/60/60 61/61/61
f 45/45/45 46/46/46 72/72/72
f 73/73/73 44/44/44 45/45/45
f 2/2/2 44/44/44 25/25/25
f 73/73/73 25/25/25 44/44/44
f 24/24/24 25/25/25 73/73/73
f 73/73/73 45/45/45 72/72/72
f 73/73/73 72/72/72 61/61/61 62/62/62
f 74/74/74 73/73/73 62/62/62 63/63/63
f 24/24/24 73/73/73 23/23/23
f 74/74/74 21/21/21 22/22/22
f 23/23/23 74/74/74 22/22/22
f 23/23/23 73/73/73 74/74/74
f 75/75/75 74/74/74 64/64/64 65/65/65
f 74/74/74 63/63/63 64/64/64
f 59/59/59 60/60/60 71/71/71
f 7/7/7 30/30/30 9/9/9
f 31/31/31 32/32/32 11/11/11 9/9/9
f 33/33/33 11/11/11 32/32/32
f 31/31/31 9/9/9 30/30/30
f 54/54/54 55/55/55 10/10/10
f 12/12/12 14/14/14 53/53/53
f 53/53/53 76/76/76 70/70/70
f 12/12/12 53/53/53 54/54/54
f 54/54/54 10/10/10 12/12/12
f 34/34/34 13/13/13 33/33/33
f 35/35/35 34/34/34 15/15/15
f 13/13/13 34/34/34 35/35/35
f 36/36/36 13/13/13 35/35/35
f 37/37/37 14/14/14 36/36/36
f 13/13/13 36/36/36 14/14/14
f 14/14/14 37/37/37 38/38/38
f 14/14/14 76/76/76 53/53/53
f 76/76/76 14/14/14 38/38/38 39/39/39
f 33/33/33 13/13/13 11/11/11
f 75/75/75 65/65/65 66/66/66
f 68/68/68 69/69/69 76/76/76 77/77/77
f 77/77/77 67/67/67 68/68/68
f 78/78/78 66/66/66 67/67/67
f 20/20/20 21/21/21 75/75/75
f 75/75/75 21/21/21 74/74/74
f 19/19/19 20/20/20 75/75/75 78/78/78
f 78/78/78 18/18/18 19/19/19
f 78/78/78 75/75/75 66/66/66
f 79/79/79 78/78/78 67/67/67
f 77/77/77 79/79/79 67/67/67
f 77/77/77 76/76/76 40/40/40 41/41/41
f 77/77/77 41/41/41 42/42/42
f 40/40/40 76/76/76 39/39/39
f 79/79/79 77/77/77 42/42/42
f 17/17/17 18/18/18 79/79/79
f 79/79/79 18/18/18 78/78/78
f 16/16/16 17/17/17 43/43/43
f 79/79/79 43/43/43 17/17/17
f 43/43/43 79/79/79 42/42/42
f 76/76/76 69/69/69 70/70/70
f 194/194/194 183/183/183 164/164/164
f 183/183/183 194/194/194 227/227/227
f 195/195/195 227/227/227 194/194/194
f 182/182/182 183/183/183 227/227/227
f 228/228/228 181/181/181 182/182/182
f 228/228/228 229/229/229 180/180/180 181/181/181
f 210/210/210 229/229/229 228/228/228
f 179/179/179 180/180/180 229/229/229
f 228/228/228 182/182/182 227/227/227
f 230/230/230 227/227/227 196/196/196
f 230/230/230 231/231/231 228/228/228 227/227/227
f 230/230/230 197/197/197 198/198/198
f 232/232/232 233/233/233 231/231/231 230/230/230
f 196/196/196 197/197/197 230/230/230
f 209/209/209 210/210/210 228/228/228
f 207/207/207 208/208/208 231/231/231
f 228/228/228 231/231/231 208/208/208 209/209/209
f 196/196/196 227/227/227 195/195/195
f 211/211/211 229/229/229 210/210/210
f 234/234/234 178/178/178 179/179/179
f 177/177/177 178/178/178 234/234/234 235/235/235
f 212/212/212 235/235/235 234/234/234
f 176/176/176 177/177/177 235/235/235
f 179/179/179 229/229/229 234/234/234
f 236/236/236 175/175/175 176/176/176
f 165/165/165 175/175/175 174/174/174
f 236/236/236 174/174/174 175/175/175
f 173/173/173 174/174/174 236/236/236
f 236/236/236 176/176/176 235/235/235
f 236/236/236 235/235/235 214/214/214
f 236/236/236 215/215/215 173/173/173
f 214/214/214 235/235/235 213/213/213
f 212/212/212 213/213/213 235/235/235
f 236/236/236 214/214/214 215/215/215
f 172/172/172 173/173/173 215/215/215 216/216/216
f 216/216/216 217/217/217 171/171/171 172/172/172
f 170/170/170 171/171/171 217/217/217 218/218/218
f 211/211/211 212/212/212 234/234/234
f 234/234/234 229/229/229 211/211/211
f 198/198/198 232/232/232 230/230/230
f 233/233/233 199/199/199 200/200/200
f 198/198/198 199/199/199 232/232/232
f 233/233/233 200/200/200 237/237/237
f 201/201/201 237/237/237 200/200/200
f 205/205/205 206/206/206 233/233/233
f 206/206/206 207/207/207 231/231/231 233/233/233
f 204/204/204 205/205/205 237/237/237
f 199/199/199 233/233/233 232/232/232
f 237/237/237 201/201/201 238/238/238
f 233/233/233 237/237/237 205/205/205
f 237/237/237 238/238/238 203/203/203 204/204/204
f 238/238/238 226/226/226 203/203/203
f 185/185/185 202/202/202 184/184/184
f 238/238/238 202/202/202 185/185/185
f 238/238/238 201/201/201 202/202/202
f 185/185/185 186/186/186 238/238/238
f 238/238/238 239/239/239 225/225/225 226/226/226
f 239/239/239 187/187/187 188/188/188
f 239/239/239 238/238/238 186/186/186 187/187/187
f 218/218/218 219/219/219 169/169/169 170/170/170
f 223/223/223 224/224/224 239/239/239 240/240/240
f 222/222/222 223/223/223 240/240/240 241/241/241
f 168/168/168 220/220/220 221/221/221
f 167/167/167 168/168/168 221/221/221
f 168/168/168 169/169/169 219/219/219 220/220/220
f 221/221/221 222/222/222 241/241/241
f 189/189/189 190/190/190 240/240/240 239/239/239
f 240/240/240 190/190/190 191/191/191
f 189/189/189 239/239/239 188/188/188
f 241/241/241 193/193/193 221/221/221
f 167/167/167 221/221/221 193/193/193
f 241/241/241 192/192/192 193/193/193
f 167/167/167 193/193/193 166/166/166
f 192/192/192 241/241/241 191/191/191
f 191/191/191 241/241/241 240/240/240
f 224/224/224 225/225/225 239/239/239
o object_2
usemtl diffuse_Black
v 0.23581446707248688 27.488849639892578 10
v 2.8566031455993652 27.485145568847656 14.542087554931641
v 3.7301993370056152 27.483913421630859 15.450505256652832
v 3.7301993370056152 27.483913421630859 14.542087554931641
v 4.6037955284118652 27.482677459716797 15.450505256652832
v 4.6037955284118652 27.482677459716797 14.542087554931641
v 5.4773917198181152 27.4814453125 15.450505256652832
v 5.4773917198181152 27.4814453125 14.542087554931641
v 6.3509879112243652 27.480209350585938 16.358922958374023
v 6.3509879112243652 27.480209350585938 10
v 5.6715140342712402 27.481170654296875 10
v 4.9920706748962402 27.482128143310547 10
v 4.3125967979431152 27.483089447021484 10
v 3.6331534385681152 27.484050750732422 10
v 2.9536795616149902 27.485008239746094 10
v 2.2742056846618652 27.485969543457031 10
v 1.5947622060775757 27.486930847167969 10
v 0.91531884670257568 27.487888336181641 10
v 6.3509879112243652 27.480209350585938 15.723030090332031
v 6.3509879112243652 27.480209350585938 15.087138175964355
v 6.3509879112243652 27.480209350585938 14.451245307922363
v 6.3509879112243652 27.480209350585938 13.815353393554688
v 6.3509879112243652 27.480209350585938 13.179461479187012
v 6.3509879112243652 27.480209350585938 12.54356861114502
v 6.3509879112243652 27.480209350585938 11.907676696777344
v 6.3509879112243652 27.480209350585938 11.271784782409668
v 6.3509879112243652 27.480209350585938 10.635891914367676
v 0.23581446707248688 27.488849639892578 10.625
v 0.23581446707248688 27.488849639892578 11.25
v 0.23581446707248688 27.488849639892578 11.875
v 0.23581446707248688 27.488849639892578 12.5
v 0.23581446707248688 27.488849639892578 13.125
v 0.23581446707248688 27.488849639892578 13.75
v 0.23581446707248688 27.488849639892578 14.375
v 0.23581446707248688 27.488849639892578 15
v 0.84732568264007568 27.487983703613281 15.135891914367676
v 1.4588369131088257 27.48712158203125 15.271784782409668
v 2.0704092979431152 27.486255645751953 15.407676696777344
v 2.6819205284118652 27.485393524169922 15.54356861114502
v 3.2934012413024902 27.484527587890625 15.679461479187012
v 3.9049124717712402 27.483665466308594 15.815353393554688
v 4.5164542198181152 27.482803344726563 15.951245307922363
v 5.1279654502868652 27.481937408447266 16.087137222290039
v 5.7394766807556152 27.481075286865234 16.223030090332031
v 1.0454457998275757 27.487705230712891 11
v 1.6877187490463257 27.486797332763672 11
v 2.3299918174743652 27.485889434814453 11
v 2.9722647666931152 27.484981536865234 11
v 3.6145377159118652 27.484077453613281 11
v 4.2568106651306152 27.483169555664063 11
v 4.8990836143493652 27.482261657714844 11
v 5.5413565635681152 27.481353759765625 11
v 5.5413565635681152 27.481353759765625 11.600000381469727
v 5.5413565635681152 27.481353759765625 12.199999809265137
v 5.5413565635681152 27.481353759765625 12.800000190734863
v 5.5413565635681152 27.481353759765625 13.399999618530273
v 5.5413565635681152 27.481353759765625 14
v 4.8990836143493652 27.482261657714844 14
v 4.2568106651306152 27.483169555664063 14
v 3.6145377159118652 27.484077453613281 14
v 2.9722647666931152 27.484981536865234 14
v 2.3299918174743652 27.485889434814453 14
v 1.6877187490463257 27.486797332763672 14
v 1.0454457998275757 27.487705230712891 14
v 1.0454457998275757 27.487705230712891 13.399999618530273
v 1.0454457998275757 27.487705230712891 12.800000190734863
v 1.0454457998275757 27.487705230712891 12.199999809265137
v 1.0454457998275757 27.487705230712891 11.600000381469727
v 1.1094106435775757 27.487613677978516 14.542087554931641
v 1.1094106435775757 27.487613677978516 10.908417701721191
v 2.8566031455993652 27.485145568847656 10.908417701721191
v 3.7301993370056152 27.483913421630859 10.908417701721191
v 4.6037955284118652 27.482677459716797 10.908417701721191
v 5.4773917198181152 27.4814453125 10.908417701721191
v 0.21463526785373688 12.488864898681641 15
v 0.21463526785373688 12.488864898681641 10
v 0.21768702566623688 14.631717681884766 14.285714149475098
v 0.21768702566623688 14.631717681884766 13.571428298950195
v 0.22067774832248688 16.774574279785156 14.285714149475098
v 0.22067774832248688 16.774574279785156 13.571428298950195
v 0.22372950613498688 18.917427062988281 14.285714149475098
v 0.22372950613498688 18.917427062988281 13.571428298950195
v 0.22678126394748688 21.060283660888672 14.285714149475098
v 0.22678126394748688 21.060283660888672 13.571428298950195
v 0.22977198660373688 23.203140258789063 14.285714149475098
v 0.22977198660373688 23.203140258789063 13.571428298950195
v 0.23282374441623688 25.345993041992188 14.285714149475098
v 0.23282374441623688 25.345993041992188 13.571428298950195
v 0.23581446707248688 27.488849639892578 15
v 0.23581446707248688 27.488849639892578 10
v 0.23373927175998688 25.988849639892578 10
v 0.23160304129123688 24.488853454589844 10
v 0.22946681082248688 22.988853454589844 10
v 0.22739161550998688 21.488853454589844 10
v 0.22525538504123688 19.988857269287109 10
v 0.22311915457248688 18.488857269287109 10
v 0.22098292410373688 16.988861083984375 10
v 0.21890772879123688 15.488861083984375 10
v 0.21677149832248688 13.988861083984375 10
v 0.21677149832248688 13.988861083984375 15
v 0.21890772879123688 15.488861083984375 15
v 0.22098292410373688 16.988861083984375 15
v 0.22311915457248688 18.488857269287109 15
v 0.22525538504123688 19.988857269287109 15
v 0.22739161550998688 21.488853454589844 15
v 0.22946681082248688 22.988853454589844 15
v 0.23160304129123688 24.488853454589844 15
v 0.23373927175998688 25.988849639892578 15
v 0.23581446707248688 27.488849639892578 14.375
v 0.23581446707248688 27.488849639892578 13.75
v 0.23581446707248688 27.488849639892578 13.125
v 0.23581446707248688 27.488849639892578 12.5
v 0.23581446707248688 27.488849639892578 11.875
v 0.23581446707248688 27.488849639892578 11.25
v 0.23581446707248688 27.488849639892578 10.625
v 0.21463526785373688 12.488864898681641 11.25
v 0.21463526785373688 12.488864898681641 12.5
v 0.21463526785373688 12.488864898681641 13.75
v 0.23233546316623688 24.988849639892578 13
v 0.23026026785373688 23.560279846191406 13
v 0.22824610769748688 22.131710052490234 13
v 0.22623194754123688 20.703140258789063 13
v 0.22421778738498688 19.274570465087891 13
v 0.22220362722873688 17.846000671386719 13
v 0.22018946707248688 16.417430877685547 13
v 0.21817530691623688 14.988861083984375 13
v 0.21817530691623688 14.988861083984375 12
v 0.21817530691623688 14.988861083984375 11
v 0.22018946707248688 16.417430877685547 11
v 0.22220362722873688 17.846000671386719 11
v 0.22421778738498688 19.274570465087891 11
v 0.22623194754123688 20.703140258789063 11
v 0.22824610769748688 22.131710052490234 11
v 0.23026026785373688 23.560279846191406 11
v 0.23233546316623688 24.988849639892578 11
v 0.23233546316623688 24.988849639892578 12
v 0.21768702566623688 14.631717681884766 12.142857551574707
v 0.21768702566623688 14.631717681884766 11.428571701049805
v 0.21768702566623688 14.631717681884766 10.714285850524902
v 0.22372950613498688 18.917427062988281 10.714285850524902
v 0.22678126394748688 21.060283660888672 10.714285850524902
v 0.23282374441623688 25.345993041992188 12.142857551574707
v 0.23282374441623688 25.345993041992188 10.714285850524902
v 0.22977198660373688 23.203140258789063 10.714285850524902
v 0.23282374441623688 25.345993041992188 11.428571701049805
v 0.21463526785373688 12.488864898681641 10
v 6.3297781944274902 12.480224609375 10
v 0.23581446707248688 27.488849639892578 10
v 6.3509879112243652 27.480209350585938 10
v 0.91531884670257568 27.487888336181641 10
v 1.5947622060775757 27.486930847167969 10
v 2.2742056846618652 27.485969543457031 10
v 2.9536795616149902 27.485008239746094 10
v 3.6331534385681152 27.484050750732422 10
v 4.3125967979431152 27.483089447021484 10
v 4.9920706748962402 27.482128143310547 10
v 5.6715140342712402 27.481170654296875 10
v 3.2828116416931152 19.984535217285156 10
v 3.2881217002868652 23.734531402587891 10
v 1.7540029287338257 19.986698150634766 10
v 1.7593129873275757 23.7366943359375 10
v 1.7619985342025757 25.611690521240234 10
v 0.99490869045257568 23.737773895263672 10
v 0.99759423732757568 25.612770080566406 10
v 3.2907767295837402 25.609531402587891 10
v 2.5237174034118652 23.735614776611328 10
v 2.5263419151306152 25.610610961914063 10
v 4.8115897178649902 19.982376098632813 10
v 4.8168997764587402 23.732372283935547 10
v 4.8195548057556152 25.607372283935547 10
v 4.0524954795837402 23.733451843261719 10
v 4.0551505088806152 25.608451843261719 10
v 5.5813040733337402 23.731292724609375 10
v 5.5839285850524902 25.606292724609375 10
v 6.3403983116149902 19.980216979980469 10
v 3.2722220420837402 12.484542846679688 10
v 0.21677149832248688 13.988861083984375 10
v 0.21890772879123688 15.488861083984375 10
v 0.22098292410373688 16.988861083984375 10
v 0.22311915457248688 18.488857269287109 10
v 0.22525538504123688 19.988857269287109 10
v 0.22739161550998688 21.488853454589844 10
v 0.22946681082248688 22.988853454589844 10
v 0.23160304129123688 24.488853454589844 10
v 0.23373927175998688 25.988849639892578 10
v 3.2775321006774902 16.234539031982422 10
v 1.7487539052963257 16.236701965332031 10
v 6.3509879112243652 27.480209350585938 16.358922958374023
v 6.3509879112243652 27.480209350585938 10
v 6.3297781944274902 12.480224609375 10
v 6.3403983116149902 19.980216979980469 10
v 6.3509879112243652 27.480209350585938 10.635891914367676
v 6.3509879112243652 27.480209350585938 11.271784782409668
v 6.3509879112243652 27.480209350585938 11.907676696777344
v 6.3509879112243652 27.480209350585938 12.54356861114502
v 6.3509879112243652 27.480209350585938 13.179461479187012
v 6.3509879112243652 27.480209350585938 13.815353393554688
v 6.3509879112243652 27.480209350585938 14.451245307922363
v 6.3509879112243652 27.480209350585938 15.087138175964355
v 6.3509879112243652 27.480209350585938 15.723030090332031
v 6.3403983116149902 19.980216979980469 13.179461479187012
v 6.3403983116149902 19.980216979980469 11.589730262756348
v 6.3456778526306152 23.730213165283203 13.179461479187012
v 6.3456778526306152 23.730213165283203 11.589730262756348
v 6.3456778526306152 23.730213165283203 10.794865608215332
v 6.3483328819274902 25.605213165283203 11.589730262756348
v 6.3483328819274902 25.605213165283203 10.794865608215332
v 6.3456778526306152 23.730213165283203 12.38459587097168
v 6.3483328819274902 25.605213165283203 13.179461479187012
v 6.3483328819274902 25.605213165283203 12.38459587097168
v 6.3403983116149902 19.980216979980469 14.769191741943359
v 6.3456778526306152 23.730213165283203 14.769191741943359
v 6.3456778526306152 23.730213165283203 13.974326133728027
v 6.3483328819274902 25.605213165283203 14.769191741943359
v 6.3483328819274902 25.605213165283203 13.974326133728027
v 6.3456778526306152 23.730213165283203 15.564057350158691
v 6.3483328819274902 25.605213165283203 15.564057350158691
v 6.3297781944274902 12.480224609375 16.358922958374023
v 6.3297781944274902 12.480224609375 13.179461479187012
v 6.3396658897399902 19.476516723632813 16.358922958374023
v 6.3297781944274902 12.480224609375 16.358922958374023
v 6.3297781944274902 12.480224609375 10
v 0.21463526785373688 12.488864898681641 10
v 3.2722220420837402 12.484542846679688 10
v 6.3297781944274902 12.480224609375 13.179461479187012
v 0.21463526785373688 12.488864898681641 15
v 0.21463526785373688 12.488864898681641 13.75
v 0.21463526785373688 12.488864898681641 12.5
v 0.21463526785373688 12.488864898681641 11.25
v 3.2722220420837402 12.484542846679688 15.679461479187012
v 0.21463526785373688 12.488864898681641 15
v 0.23581446707248688 27.488849639892578 15
v 6.3509879112243652 27.480209350585938 16.358922958374023
v 0.23373927175998688 25.988849639892578 15
v 0.23160304129123688 24.488853454589844 15
v 0.22946681082248688 22.988853454589844 15
v 0.22739161550998688 21.488853454589844 15
v 0.22525538504123688 19.988857269287109 15
v 0.22311915457248688 18.488857269287109 15
v 0.22098292410373688 16.988861083984375 15
v 0.21890772879123688 15.488861083984375 15
v 0.21677149832248688 13.988861083984375 15
v 3.2828116416931152 19.984535217285156 15.679461479187012
v 1.7540029287338257 19.986698150634766 15.339730262756348
v 1.7593129873275757 23.7366943359375 15.339730262756348
v 0.98965966701507568 19.987777709960938 15.169865608215332
v 0.99490869045257568 23.737773895263672 15.169865608215332
v 1.7487539052963257 16.236701965332031 15.339730262756348
v 0.98434960842132568 16.237781524658203 15.169865608215332
v 5.7394766807556152 27.481075286865234 16.223030090332031
v 5.1279654502868652 27.481937408447266 16.087137222290039
v 4.5164542198181152 27.482803344726563 15.951245307922363
v 3.9049124717712402 27.483665466308594 15.815353393554688
v 3.2934012413024902 27.484527587890625 15.679461479187012
v 2.6819205284118652 27.485393524169922 15.54356861114502
v 2.0704092979431152 27.486255645751953 15.407676696777344
v 1.4588369131088257 27.48712158203125 15.271784782409668
v 0.84732568264007568 27.487983703613281 15.135891914367676
v 4.8115897178649902 19.982376098632813 16.019191741943359
v 4.8168997764587402 23.732372283935547 16.019191741943359
v 5.5759940147399902 19.981296539306641 16.189056396484375
v 5.5813040733337402 23.731292724609375 16.189056396484375
v 5.5839285850524902 25.606292724609375 16.189056396484375
v 5.9634757041931152 23.730754852294922 16.273990631103516
v 5.9661307334899902 25.605751037597656 16.273990631103516
v 4.8195548057556152 25.607372283935547 16.019191741943359
v 5.1991019248962402 23.731834411621094 16.104124069213867
v 5.2017569541931152 25.606830596923828 16.104124069213867
v 3.2881217002868652 23.734531402587891 15.679461479187012
v 4.0472159385681152 19.983455657958984 15.849326133728027
v 4.0524954795837402 23.733451843261719 15.849326133728027
v 4.0551505088806152 25.608451843261719 15.849326133728027
v 4.4346976280212402 23.732913970947266 15.934259414672852
v 4.4373526573181152 25.60791015625 15.934259414672852
v 3.2907767295837402 25.609531402587891 15.679461479187012
v 3.6703238487243652 23.733993530273438 15.76439380645752
v 3.6729483604431152 25.608989715576172 15.76439380645752
v 2.5184073448181152 19.985618591308594 15.50959587097168
v 2.5237174034118652 23.735614776611328 15.50959587097168
v 2.5263419151306152 25.610610961914063 15.50959587097168
v 2.9059195518493652 23.735073089599609 15.594528198242188
v 2.9085440635681152 25.610069274902344 15.594528198242188
v 1.7619985342025757 25.611690521240234 15.339730262756348
v 2.1415152549743652 23.736152648925781 15.424663543701172
v 2.1442008018493652 25.611152648925781 15.424663543701172
v 0.99759423732757568 25.612770080566406 15.169865608215332
v 1.3771108388900757 23.737232208251953 15.25479793548584
v 1.3797963857650757 25.612232208251953 15.25479793548584
v 0.61270654201507568 23.738311767578125 15.084932327270508
v 0.61539208889007568 25.613311767578125 15.084932327270508
v 3.2722220420837402 12.484542846679688 15.679461479187012
v 6.3297781944274902 12.480224609375 16.358922958374023
v 6.3396658897399902 19.476516723632813 16.358922958374023
vt 0.58381879329681396 0.26641014218330383
vt 0.6942213773727417 0.076117187738418579
vt 0.7310221791267395 0.03805859386920929
vt 0.7310221791267395 0.076117187738418579
vt 0.76782304048538208 0.03805859386920929
vt 0.76782304048538208 0.076117187738418579
vt 0.80462390184402466 0.03805859386920929
vt 0.80462390184402466 0.076117187738418579
vt 0.84142470359802246 0
vt 0.84142470359802246 0.26641014218330383
vt 0.81280183792114258 0.26641014218330383
vt 0.7841789722442627 0.26641014218330383
vt 0.75555610656738281 0.26641014218330383
vt 0.72693324089050293 0.26641014218330383
vt 0.69831031560897827 0.26641014218330383
vt 0.66968744993209839 0.26641014218330383
vt 0.64106458425521851 0.26641014218330383
vt 0.61244171857833862 0.26641014218330383
vt 0.84142470359802246 0.026641014963388443
vt 0.84142470359802246 0.053282029926776886
vt 0.84142470359802246 0.079923041164875031
vt 0.84142470359802246 0.10656405985355377
vt 0.84142470359802246 0.13320507109165192
vt 0.84142470359802246 0.15984608232975006
vt 0.84142470359802246 0.18648709356784821
vt 0.84142470359802246 0.21312811970710754
vt 0.84142470359802246 0.23976911604404449
vt 0.58381879329681396 0.24022544920444489
vt 0.58381879329681396 0.21404077112674713
vt 0.58381879329681396 0.18785610795021057
vt 0.58381879329681396 0.16167142987251282
vt 0.58381879329681396 0.13548675179481506
vt 0.58381879329681396 0.10930207371711731
vt 0.58381879329681396 0.083117395639419556
vt 0.58381879329681396 0.056932713836431503
vt 0.60957938432693481 0.051239442080259323
vt 0.63533997535705566 0.045546170324087143
vt 0.66110056638717651 0.039852898567914963
vt 0.68686115741729736 0.034159630537033081
vt 0.71262174844741821 0.028466356918215752
vt 0.73838233947753906 0.022773085162043571
vt 0.76414293050765991 0.017079815268516541
vt 0.78990352153778076 0.011386542581021786
vt 0.81566411256790161 0.0056932712905108929
vt 0.61792463064193726 0.22451464831829071
vt 0.64498096704483032 0.22451464831829071
vt 0.67203730344772339 0.22451464831829071
vt 0.69909358024597168 0.22451464831829071
vt 0.72614991664886475 0.22451464831829071
vt 0.75320625305175781 0.22451464831829071
vt 0.78026258945465088 0.22451464831829071
vt 0.80731892585754395 0.22451464831829071
vt 0.80731892585754395 0.19937735795974731
vt 0.80731892585754395 0.17424006760120392
vt 0.80731892585754395 0.14910279214382172
vt 0.80731892585754395 0.12396548688411713
vt 0.80731892585754395 0.09882819652557373
vt 0.78026258945465088 0.09882819652557373
vt 0.75320625305175781 0.09882819652557373
vt 0.72614991664886475 0.09882819652557373
vt 0.69909358024597168 0.09882819652557373
vt 0.67203730344772339 0.09882819652557373
vt 0.64498096704483032 0.09882819652557373
vt 0.61792463064193726 0.09882819652557373
vt 0.61792463064193726 0.12396548688411713
vt 0.61792463064193726 0.14910279214382172
vt 0.61792463064193726 0.17424006760120392
vt 0.61792463064193726 0.19937735795974731
vt 0.62061965465545654 0.076117187738418579
vt 0.62061965465545654 0.22835154831409454
vt 0.6942213773727417 0.22835154831409454
vt 0.7310221791267395 0.22835154831409454
vt 0.76782304048538208 0.22835154831409454
vt 0.80462390184402466 0.22835154831409454
vt 0.26787498593330383 0.53176486492156982
vt 0.26787498593330383 0.7409292459487915
vt 0.35793539881706238 0.5616455078125
vt 0.35793539881706238 0.59152615070343018
vt 0.44799581170082092 0.5616455078125
vt 0.44799581170082092 0.59152615070343018
vt 0.53805619478225708 0.5616455078125
vt 0.53805619478225708 0.59152615070343018
vt 0.62811660766601563 0.5616455078125
vt 0.62811660766601563 0.59152615070343018
vt 0.71817702054977417 0.5616455078125
vt 0.71817702054977417 0.59152615070343018
vt 0.80823743343353271 0.5616455078125
vt 0.80823743343353271 0.59152615070343018
vt 0.89829778671264648 0.53176486492156982
vt 0.89829778671264648 0.7409292459487915
vt 0.83525550365447998 0.7409292459487915
vt 0.77221328020095825 0.7409292459487915
vt 0.70917093753814697 0.7409292459487915
vt 0.64612871408462524 0.7409292459487915
vt 0.58308637142181396 0.7409292459487915
vt 0.52004408836364746 0.7409292459487915
vt 0.45700183510780334 0.7409292459487915
vt 0.39395955204963684 0.7409292459487915
vt 0.33091726899147034 0.7409292459487915
vt 0.33091726899147034 0.53176486492156982
vt 0.39395955204963684 0.53176486492156982
vt 0.45700183510780334 0.53176486492156982
vt 0.52004408836364746 0.53176486492156982
vt 0.58308637142181396 0.53176486492156982
vt 0.64612871408462524 0.53176486492156982
vt 0.70917093753814697 0.53176486492156982
vt 0.77221328020095825 0.53176486492156982
vt 0.83525550365447998 0.53176486492156982
vt 0.89829778671264648 0.55791044235229492
vt 0.89829778671264648 0.58405596017837524
vt 0.89829778671264648 0.61020153760910034
vt 0.89829778671264648 0.63634705543518066
vt 0.89829778671264648 0.66249263286590576
vt 0.89829778671264648 0.68863815069198608
vt 0.89829778671264648 0.71478372812271118
vt 0.26787498593330383 0.68863815069198608
vt 0.26787498593330383 0.63634705543518066
vt 0.26787498593330383 0.58405596017837524
vt 0.79322731494903564 0.61543065309524536
vt 0.73318707942962646 0.61543065309524536
vt 0.67314678430557251 0.61543065309524536
vt 0.61310654878616333 0.61543065309524536
vt 0.55306625366210938 0.61543065309524536
vt 0.49302598834037781 0.61543065309524536
vt 0.43298572301864624 0.61543065309524536
vt 0.37294545769691467 0.61543065309524536
vt 0.37294545769691467 0.65726351737976074
vt 0.37294545769691467 0.69909638166427612
vt 0.43298572301864624 0.69909638166427612
vt 0.49302598834037781 0.69909638166427612
vt 0.55306625366210938 0.69909638166427612
vt 0.61310654878616333 0.69909638166427612
vt 0.67314678430557251 0.69909638166427612
vt 0.73318707942962646 0.69909638166427612
vt 0.79322731494903564 0.69909638166427612
vt 0.79322731494903564 0.65726351737976074
vt 0.35793539881706238 0.65128737688064575
vt 0.35793539881706238 0.68116801977157593
vt 0.35793539881706238 0.71104860305786133
vt 0.53805619478225708 0.71104860305786133
vt 0.62811660766601563 0.71104860305786133
vt 0.80823743343353271 0.65128737688064575
vt 0.80823743343353271 0.71104860305786133
vt 0.71817702054977417 0.71104860305786133
vt 0.80823743343353271 0.68116801977157593
vt 0.26787498593330383 0.7423940896987915
vt 0.26787498593330383 0.99853515625
vt 0.89829778671264648 0.7423940896987915
vt 0.89829778671264648 0.99853515625
vt 0.89829778671264648 0.77085423469543457
vt 0.89829778671264648 0.79931432008743286
vt 0.89829778671264648 0.82777446508407593
vt 0.89829778671264648 0.85623455047607422
vt 0.89829778671264648 0.88469469547271729
vt 0.89829778671264648 0.91315478086471558
vt 0.89829778671264648 0.94161492586135864
vt 0.89829778671264648 0.97007501125335693
vt 0.58308637142181396 0.87046462297439575
vt 0.74069207906723022 0.87046462297439575
vt 0.58308637142181396 0.80642938613891602
vt 0.74069207906723022 0.80642938613891602
vt 0.81949496269226074 0.80642938613891602
vt 0.74069207906723022 0.77441173791885376
vt 0.81949496269226074 0.77441173791885376
vt 0.81949496269226074 0.87046462297439575
vt 0.74069207906723022 0.8384469747543335
vt 0.81949496269226074 0.8384469747543335
vt 0.58308637142181396 0.93449991941452026
vt 0.74069207906723022 0.93449991941452026
vt 0.81949496269226074 0.93449991941452026
vt 0.74069207906723022 0.90248227119445801
vt 0.81949496269226074 0.90248227119445801
vt 0.74069207906723022 0.96651750802993774
vt 0.81949496269226074 0.96651750802993774
vt 0.58308637142181396 0.99853515625
vt 0.26787498593330383 0.87046462297439575
vt 0.33091726899147034 0.7423940896987915
vt 0.39395955204963684 0.7423940896987915
vt 0.45700183510780334 0.7423940896987915
vt 0.52004408836364746 0.7423940896987915
vt 0.58308637142181396 0.7423940896987915
vt 0.64612871408462524 0.7423940896987915
vt 0.70917093753814697 0.7423940896987915
vt 0.77221328020095825 0.7423940896987915
vt 0.83525550365447998 0.7423940896987915
vt 0.42548069357872009 0.87046462297439575
vt 0.42548069357872009 0.80642938613891602
vt 0.26641014218330383 0
vt 0 0
vt 0 0.63188767433166504
vt 0 0.31594383716583252
vt 0.026641020551323891 0
vt 0.053282022476196289 0
vt 0.079923041164875031 0
vt 0.10656404495239258 0
vt 0.13320507109165192 0
vt 0.15984608232975006 0
vt 0.18648709356784821 0
vt 0.21312810480594635 0
vt 0.23976911604404449 0
vt 0.13320507109165192 0.31594383716583252
vt 0.066602535545825958 0.31594383716583252
vt 0.13320507109165192 0.15797191858291626
vt 0.066602535545825958 0.15797191858291626
vt 0.033301267772912979 0.15797191858291626
vt 0.066602535545825958 0.07898595929145813
vt 0.033301267772912979 0.07898595929145813
vt 0.099903799593448639 0.15797191858291626
vt 0.13320507109165192 0.07898595929145813
vt 0.099903799593448639 0.07898595929145813
vt 0.19980759918689728 0.31594383716583252
vt 0.19980759918689728 0.15797191858291626
vt 0.1665063351392746 0.15797191858291626
vt 0.19980759918689728 0.07898595929145813
vt 0.1665063351392746 0.07898595929145813
vt 0.23310886323451996 0.15797191858291626
vt 0.23310886323451996 0.07898595929145813
vt 0.26641014218330383 0.63188767433166504
vt 0.13320507109165192 0.63188767433166504
vt 0.26641014218330383 0.33716267347335815
vt 0.26787498593330383 0
vt 0.26787498593330383 0.26641014218330383
vt 0.52548086643218994 0.26641014218330383
vt 0.39667794108390808 0.26641014218330383
vt 0.26787498593330383 0.13320507109165192
vt 0.52548086643218994 0.056932713836431503
vt 0.52548086643218994 0.10930207371711731
vt 0.52548086643218994 0.16167142987251282
vt 0.52548086643218994 0.21404077112674713
vt 0.39667794108390808 0.028466356918215752
vt 0.89829778671264648 0.26787498593330383
vt 0.26787498593330383 0.26787498593330383
vt 0.26787498593330383 0.53030002117156982
vt 0.33091726899147034 0.26787498593330383
vt 0.39395955204963684 0.26787498593330383
vt 0.45700183510780334 0.26787498593330383
vt 0.52004408836364746 0.26787498593330383
vt 0.58308637142181396 0.26787498593330383
vt 0.64612865447998047 0.26787498593330383
vt 0.70917093753814697 0.26787498593330383
vt 0.77221322059631348 0.26787498593330383
vt 0.83525550365447998 0.26787498593330383
vt 0.58308637142181396 0.39908751845359802
vt 0.58308637142181396 0.33348125219345093
vt 0.42548069357872009 0.33348125219345093
vt 0.58308637142181396 0.30067810416221619
vt 0.42548069357872009 0.30067810416221619
vt 0.74069207906723022 0.33348125219345093
vt 0.74069207906723022 0.30067810416221619
vt 0.26787498593330383 0.50405752658843994
vt 0.26787498593330383 0.47781503200531006
vt 0.26787498593330383 0.45157250761985779
vt 0.26787498593330383 0.42533001303672791
vt 0.26787498593330383 0.39908751845359802
vt 0.26787498593330383 0.37284499406814575
vt 0.26787498593330383 0.34660249948501587
vt 0.26787498593330383 0.32036000490188599
vt 0.26787498593330383 0.29411748051643372
vt 0.58308637142181396 0.46469375491142273
vt 0.42548069357872009 0.46469375491142273
vt 0.58308637142181396 0.49749690294265747
vt 0.42548069357872009 0.49749690294265747
vt 0.34667783975601196 0.49749690294265747
vt 0.42548069357872009 0.51389849185943604
vt 0.34667783975601196 0.51389849185943604
vt 0.34667783975601196 0.46469375491142273
vt 0.42548069357872009 0.48109534382820129
vt 0.34667783975601196 0.48109534382820129
vt 0.42548069357872009 0.39908751845359802
vt 0.58308637142181396 0.43189063668251038
vt 0.42548069357872009 0.43189063668251038
vt 0.34667783975601196 0.43189063668251038
vt 0.42548069357872009 0.44829219579696655
vt 0.34667783975601196 0.44829219579696655
vt 0.34667783975601196 0.39908751845359802
vt 0.42548069357872009 0.4154890775680542
vt 0.34667783975601196 0.4154890775680542
vt 0.58308637142181396 0.36628437042236328
vt 0.42548069357872009 0.36628437042236328
vt 0.34667783975601196 0.36628437042236328
vt 0.42548069357872009 0.38268592953681946
vt 0.34667783975601196 0.38268592953681946
vt 0.34667783975601196 0.33348125219345093
vt 0.42548069357872009 0.3498828113079071
vt 0.34667783975601196 0.3498828113079071
vt 0.34667783975601196 0.30067810416221619
vt 0.42548069357872009 0.31707966327667236
vt 0.34667783975601196 0.31707966327667236
vt 0.42548069357872009 0.28427654504776001
vt 0.34667783975601196 0.28427654504776001
vt 0.89829778671264648 0.39908751845359802
vt 0.89829778671264648 0.53030002117156982
vt 0.6042560338973999 0.53030002117156982
vn 0.0014127603499218822 0.99999898672103882 0
vn 0.0014127603499218822 0.99999898672103882 0
vn 0.0014127603499218822 0.99999898672103882 0
vn 0.0014127603499218822 0.99999898672103882 0
vn 0.0014127603499218822 0.99999898672103882 0
vn 0.0014127603499218822 0.99999898672103882 0
vn 0.0014127603499218822 0.99999898672103882 0
vn 0.0014127603499218822 0.99999898672103882 0
vn 0.0014127603499218822 0.99999898672103882 0
vn 0.0014127603499218822 0.99999898672103882 0
vn 0.0014127603499218822 0.99999898672103882 0
vn 0.0014127603499218822 0.99999898672103882 0
vn 0.0014127603499218822 0.99999898672103882 0
vn 0.0014127603499218822 0.99999898672103882 0
vn 0.0014127603499218822 0.99999898672103882 0
vn 0.0014127603499218822 0.99999898672103882 0
vn 0.0014127603499218822 0.99999898672103882 0
vn 0.0014127603499218822 0.99999898672103882 0
vn 0.0014127603499218822 0.99999898672103882 0
vn 0.0014127603499218822 0.99999898672103882 0
vn 0.0014127603499218822 0.99999898672103882 0
vn 0.0014127603499218822 0.99999898672103882 0
vn 0.0014127603499218822 0.99999898672103882 0
vn 0.0014127603499218822 0.99999898672103882 0
vn 0.0014127603499218822 0.99999898672103882 0
vn 0.0014127603499218822 0.99999898672103882 0
vn 0.0014127603499218822 0.99999898672103882 0
vn 0.0014127603499218822 0.99999898672103882 0
vn 0.0014127603499218822 0.99999898672103882 0
vn 0.0014127603499218822 0.99999898672103882 0
vn 0.0014127603499218822 0.99999898672103882 0
vn 0.0014127603499218822 0.99999898672103882 0
vn 0.0014127603499218822 0.99999898672103882 0
vn 0.0014127603499218822 0.99999898672103882 0
vn 0.0014127603499218822 0.99999898672103882 0
vn 0.0014127603499218822 0.99999898672103882 0
vn 0.0014127603499218822 0.99999898672103882 0
vn 0.0014127603499218822 0.99999898672103882 0
vn 0.0014127603499218822 0.99999898672103882 0
vn 0.0014127603499218822 0.99999898672103882 0
vn 0.0014127603499218822 0.99999898672103882 0
vn 0.0014127603499218822 0.99999898672103882 0
vn 0.0014127603499218822 0.99999898672103882 0
vn 0.0014127603499218822 0.99999898672103882 0
vn 0.0014127603499218822 0.99999898672103882 0
vn 0.0014127603499218822 0.99999898672103882 0
vn 0.0014127603499218822 0.99999898672103882 0
vn 0.0014127603499218822 0.99999898672103882 0
vn 0.0014127603499218822 0.99999898672103882 0
vn 0.0014127603499218822 0.99999898672103882 0
vn 0.0014127603499218822 0.99999898672103882 0
vn 0.0014127603499218822 0.99999898672103882 0
vn 0.0014127603499218822 0.99999898672103882 0
vn 0.0014127603499218822 0.99999898672103882 0
vn 0.0014127603499218822 0.99999898672103882 0
vn 0.0014127603499218822 0.99999898672103882 0
vn 0.0014127603499218822 0.99999898672103882 0
vn 0.0014127603499218822 0.99999898672103882 0
vn 0.0014127603499218822 0.99999898672103882 0
vn 0.0014127603499218822 0.99999898672103882 0
vn 0.0014127603499218822 0.99999898672103882 0
vn 0.0014127603499218822 0.99999898672103882 0
vn 0.0014127603499218822 0.99999898672103882 0
vn 0.0014127603499218822 0.99999898672103882 0
vn 0.0014127603499218822 0.99999898672103882 0
vn 0.0014127603499218822 0.99999898672103882 0
vn 0.0014127603499218822 0.99999898672103882 0
vn 0.0014127603499218822 0.99999898672103882 0
vn 0.0014127603499218822 0.99999898672103882 0
vn 0.0014127603499218822 0.99999898672103882 0
vn 0.0014127603499218822 0.99999898672103882 0
vn 0.0014127603499218822 0.99999898672103882 0
vn 0.0014127603499218822 0.99999898672103882 0
vn 0.0014127603499218822 0.99999898672103882 0
vn -0.99999898672103882 0.0014127603499218822 0
vn -0.99999898672103882 0.0014127603499218822 0
vn -0.99999898672103882 0.0014127603499218822 0
vn -0.99999898672103882 0.0014127603499218822 0
vn -0.99999898672103882 0.0014127603499218822 0
vn -0.99999898672103882 0.0014127603499218822 0
vn -0.99999898672103882 0.0014127603499218822 0
vn -0.99999898672103882 0.0014127603499218822 0
vn -0.99999898672103882 0.0014127603499218822 0
vn -0.99999898672103882 0.0014127603499218822 0
vn -0.99999898672103882 0.0014127603499218822 0
vn -0.99999898672103882 0.0014127603499218822 0
vn -0.99999898672103882 0.0014127603499218822 0
vn -0.99999898672103882 0.0014127603499218822 0
vn -0.99999898672103882 0.0014127603499218822 0
vn -0.99999898672103882 0.0014127603499218822 0
vn -0.99999898672103882 0.0014127603499218822 0
vn -0.99999898672103882 0.0014127603499218822 0
vn -0.99999898672103882 0.0014127603499218822 0
vn -0.99999898672103882 0.0014127603499218822 0
vn -0.99999898672103882 0.0014127603499218822 0
vn -0.99999898672103882 0.0014127603499218822 0
vn -0.99999898672103882 0.0014127603499218822 0
vn -0.99999898672103882 0.0014127603499218822 0
vn -0.99999898672103882 0.0014127603499218822 0
vn -0.99999898672103882 0.0014127603499218822 0
vn -0.99999898672103882 0.0014127603499218822 0
vn -0.99999898672103882 0.0014127603499218822 0
vn -0.99999898672103882 0.0014127603499218822 0
vn -0.99999898672103882 0.0014127603499218822 0
vn -0.99999898672103882 0.0014127603499218822 0
vn -0.99999898672103882 0.0014127603499218822 0
vn -0.99999898672103882 0.0014127603499218822 0
vn -0.99999898672103882 0.0014127603499218822 0
vn -0.99999898672103882 0.0014127603499218822 0
vn -0.99999898672103882 0.0014127603499218822 0
vn -0.99999898672103882 0.0014127603499218822 0
vn -0.99999898672103882 0.0014127603499218822 0
vn -0.99999898672103882 0.0014127603499218822 0
vn -0.99999898672103882 0.0014127603499218822 0
vn -0.99999898672103882 0.0014127603499218822 0
vn -0.99999898672103882 0.0014127603499218822 0
vn -0.99999898672103882 0.0014127603499218822 0
vn -0.99999898672103882 0.0014127603499218822 0
vn -0.99999898672103882 0.0014127603499218822 0
vn -0.99999898672103882 0.0014127603499218822 0
vn -0.99999898672103882 0.0014127603499218822 0
vn -0.99999898672103882 0.0014127603499218822 0
vn -0.99999898672103882 0.0014127603499218822 0
vn -0.99999898672103882 0.0014127603499218822 0
vn -0.99999898672103882 0.0014127603499218822 0
vn -0.99999898672103882 0.0014127603499218822 0
vn -0.99999898672103882 0.0014127603499218822 0
vn -0.99999898672103882 0.0014127603499218822 0
vn -0.99999898672103882 0.0014127603499218822 0
vn -0.99999898672103882 0.0014127603499218822 0
vn -0.99999898672103882 0.0014127603499218822 0
vn -0.99999898672103882 0.0014127603499218822 0
vn -0.99999898672103882 0.0014127603499218822 0
vn -0.99999898672103882 0.0014127603499218822 0
vn -0.99999898672103882 0.0014127603499218822 0
vn -0.99999898672103882 0.0014127603499218822 0
vn -0.99999898672103882 0.0014127603499218822 0
vn -0.99999898672103882 0.0014127603499218822 0
vn -0.99999898672103882 0.0014127603499218822 0
vn -0.99999898672103882 0.0014127603499218822 0
vn -0.99999898672103882 0.0014127603499218822 0
vn -0.99999898672103882 0.0014127603499218822 0
vn -0.99999898672103882 0.0014127603499218822 0
vn -0.99999898672103882 0.0014127603499218822 0
vn -0.99999898672103882 0.0014127603499218822 0
vn 0 0 -1
vn 0 0 -1
vn 0 0 -1
vn 0 0 -1
vn 0 0 -1
vn 0 0 -1
vn 0 0 -1
vn 0 0 -1
vn 0 0 -1
vn 0 0 -1
vn 0 0 -1
vn 0 0 -1
vn 0 0 -1
vn 0 0 -1
vn 0 0 -1
vn 0 0 -1
vn 0 0 -1
vn 0 0 -1
vn 0 0 -1
vn 0 0 -1
vn 0 0 -1
vn 0 0 -1
vn 0 0 -1
vn 0 0 -1
vn 0 0 -1
vn 0 0 -1
vn 0 0 -1
vn 0 0 -1
vn 0 0 -1
vn 0 0 -1
vn 0 0 -1
vn 0 0 -1
vn 0 0 -1
vn 0 0 -1
vn 0 0 -1
vn 0 0 -1
vn 0 0 -1
vn 0 0 -1
vn 0 0 -1
vn 0 0 -1
vn 0 0 -1
vn 0 0 -1
vn 0.99999898672103882 -0.0014127603499218822 0
vn 0.99999898672103882 -0.0014127603499218822 0
vn 0.99999898672103882 -0.0014127603499218822 0
vn 0.99999898672103882 -0.0014127603499218822 0
vn 0.99999898672103882 -0.0014127603499218822 0
vn 0.99999898672103882 -0.0014127603499218822 0
vn 0.99999898672103882 -0.0014127603499218822 0
vn 0.99999898672103882 -0.0014127603499218822 0
vn 0.99999898672103882 -0.0014127603499218822 0
vn 0.99999898672103882 -0.0014127603499218822 0
vn 0.99999898672103882 -0.0014127603499218822 0
vn 0.99999898672103882 -0.0014127603499218822 0
vn 0.99999898672103882 -0.0014127603499218822 0
vn 0.99999898672103882 -0.0014127603499218822 0
vn 0.99999898672103882 -0.0014127603499218822 0
vn 0.99999898672103882 -0.0014127603499218822 0
vn 0.99999898672103882 -0.0014127603499218822 0
vn 0.99999898672103882 -0.0014127603499218822 0
vn 0.99999898672103882 -0.0014127603499218822 0
vn 0.99999898672103882 -0.0014127603499218822 0
vn 0.99999898672103882 -0.0014127603499218822 0
vn 0.99999898672103882 -0.0014127603499218822 0
vn 0.99999898672103882 -0.0014127603499218822 0
vn 0.99999898672103882 -0.0014127603499218822 0
vn 0.99999898672103882 -0.0014127603499218822 0
vn 0.99999898672103882 -0.0014127603499218822 0
vn 0.99999898672103882 -0.0014127603499218822 0
vn 0.99999898672103882 -0.0014127603499218822 0
vn 0.99999898672103882 -0.0014127603499218822 0
vn 0.99999898672103882 -0.0014127603499218822 0
vn 0.99999898672103882 -0.0014127603499218822 0
vn 0.99999898672103882 -0.0014127603499218822 0
vn 0.99999898672103882 -0.0014127603499218822 0
vn -0.0014127603499218822 -0.99999898672103882 0
vn -0.0014127603499218822 -0.99999898672103882 0
vn -0.0014127603499218822 -0.99999898672103882 0
vn -0.0014127603499218822 -0.99999898672103882 0
vn -0.0014127603499218822 -0.99999898672103882 0
vn -0.0014127603499218822 -0.99999898672103882 0
vn -0.0014127603499218822 -0.99999898672103882 0
vn -0.0014127603499218822 -0.99999898672103882 0
vn -0.0014127603499218822 -0.99999898672103882 0
vn -0.0014127603499218822 -0.99999898672103882 0
vn -0.21693024039268494 0.00030647075618617237 0.97618705034255981
vn -0.21693024039268494 0.00030647075618617237 0.97618705034255981
vn -0.21693024039268494 0.00030647075618617237 0.97618705034255981
vn -0.21693024039268494 0.00030647075618617237 0.97618705034255981
vn -0.21693024039268494 0.00030647075618617237 0.97618705034255981
vn -0.21693024039268494 0.00030647075618617237 0.97618705034255981
vn -0.21693024039268494 0.00030647075618617237 0.97618705034255981
vn -0.21693024039268494 0.00030647075618617237 0.97618705034255981
vn -0.21693024039268494 0.00030647075618617237 0.97618705034255981
vn -0.21693024039268494 0.00030647075618617237 0.97618705034255981
vn -0.21693024039268494 0.00030647075618617237 0.97618705034255981
vn -0.21693024039268494 0.00030647075618617237 0.97618705034255981
vn -0.21693024039268494 0.00030647075618617237 0.97618705034255981
vn -0.21693024039268494 0.00030647075618617237 0.97618705034255981
vn -0.21693024039268494 0.00030647075618617237 0.97618705034255981
vn -0.21693024039268494 0.00030647075618617237 0.97618705034255981
vn -0.21693024039268494 0.00030647075618617237 0.97618705034255981
vn -0.21693024039268494 0.00030647075618617237 0.97618705034255981
vn -0.21693024039268494 0.00030647075618617237 0.97618705034255981
vn -0.21693024039268494 0.00030647075618617237 0.97618705034255981
vn -0.21693024039268494 0.00030647075618617237 0.97618705034255981
vn -0.21693024039268494 0.00030647075618617237 0.97618705034255981
vn -0.21693024039268494 0.00030647075618617237 0.97618705034255981
vn -0.21693024039268494 0.00030647075618617237 0.97618705034255981
vn -0.21693024039268494 0.00030647075618617237 0.97618705034255981
vn -0.21693024039268494 0.00030647075618617237 0.97618705034255981
vn -0.21693024039268494 0.00030647075618617237 0.97618705034255981
vn -0.21693024039268494 0.00030647075618617237 0.97618705034255981
vn -0.21693024039268494 0.00030647075618617237 0.97618705034255981
vn -0.21693024039268494 0.00030647075618617237 0.97618705034255981
vn -0.21693024039268494 0.00030647075618617237 0.97618705034255981
vn -0.21693024039268494 0.00030647075618617237 0.97618705034255981
vn -0.21693024039268494 0.00030647075618617237 0.97618705034255981
vn -0.21693024039268494 0.00030647075618617237 0.97618705034255981
vn -0.21693024039268494 0.00030647075618617237 0.97618705034255981
vn -0.21693024039268494 0.00030647075618617237 0.97618705034255981
vn -0.21693024039268494 0.00030647075618617237 0.97618705034255981
vn -0.21693024039268494 0.00030647075618617237 0.97618705034255981
vn -0.21693024039268494 0.00030647075618617237 0.97618705034255981
vn -0.21693024039268494 0.00030647075618617237 0.97618705034255981
vn -0.21693024039268494 0.00030647075618617237 0.97618705034255981
vn -0.21693024039268494 0.00030647075618617237 0.97618705034255981
vn -0.21693024039268494 0.00030647075618617237 0.97618705034255981
vn -0.21693024039268494 0.00030647075618617237 0.97618705034255981
vn -0.21693024039268494 0.00030647075618617237 0.97618705034255981
vn -0.21693024039268494 0.00030647075618617237 0.97618705034255981
vn -0.21693024039268494 0.00030647075618617237 0.97618705034255981
vn -0.21693024039268494 0.00030647075618617237 0.97618705034255981
vn -0.21693024039268494 0.00030647075618617237 0.97618705034255981
vn -0.21693024039268494 0.00030647075618617237 0.97618705034255981
vn -0.21693024039268494 0.00030647075618617237 0.97618705034255981
vn -0.21693024039268494 0.00030647075618617237 0.97618705034255981
vn -0.21693024039268494 0.00030647075618617237 0.97618705034255981
vn -0.21693024039268494 0.00030647075618617237 0.97618705034255981
vn -0.21693024039268494 0.00030647075618617237 0.97618705034255981
vn -0.21693024039268494 0.00030647075618617237 0.97618705034255981
vn -0.21693024039268494 0.00030647075618617237 0.97618705034255981
vn -0.21693024039268494 0.00030647075618617237 0.97618705034255981
vn -0.21693024039268494 0.00030647075618617237 0.97618705034255981
vn -0.21693024039268494 0.00030647075618617237 0.97618705034255981
vn -0.21693024039268494 0.00030647075618617237 0.97618705034255981
vn -0.21693024039268494 0.00030647075618617237 0.97618705034255981
vn -0.21693024039268494 0.00030647075618617237 0.97618705034255981
f 437/437/437 438/438/438 430/430/430 456/456/456 428/428/428 457/457/457 427/427/427 458/458/458 459/459/459 460/460/460 461/461/461 462/462/462 463/463/463 464/464/464 465/465/465 466/466/466 429/429/429 431/431/431 432/432/432 433/433/433 434/434/434 435/435/435 436/436/436
f 473/473/473 474/474/474 475/475/475 476/476/476 477/477/477 478/478/478 479/479/479 480/480/480 481/481/481 469/469/469 501/501/501 499/499/499 500/500/500 471/471/471 472/472/472 470/470/470
f 506/506/506 502/502/502 511/511/511 507/507/507 508/508/508 509/509/509 510/510/510 504/504/504 505/505/505 503/503/503
f 536/536/536 537/537/537 538/538/538 539/539/539 513/513/513 515/515/515 516/516/516 517/517/517 518/518/518 519/519/519 520/520/520 521/521/521 522/522/522 523/523/523 512/512/512 572/572/572 573/573/573 574/574/574 514/514/514 531/531/531 532/532/532 533/533/533 534/534/534 535/535/535
f 284/284/284 285/285/285 283/283/283
f 287/287/287 285/285/285 284/284/284 286/286/286
f 289/289/289 287/287/287 286/286/286 288/288/288
f 317/317/317 315/315/315 316/316/316
f 315/315/315 317/317/317 350/350/350
f 318/318/318 350/350/350 317/317/317
f 345/345/345 315/315/315 350/350/350
f 313/313/313 314/314/314 345/345/345 346/346/346
f 313/313/313 346/346/346 347/347/347
f 345/345/345 314/314/314 315/315/315
f 312/312/312 313/313/313 347/347/347
f 350/350/350 344/344/344 345/345/345
f 283/283/283 350/350/350 319/319/319
f 283/283/283 320/320/320 321/321/321
f 283/283/283 319/319/319 320/320/320
f 350/350/350 283/283/283 343/343/343 344/344/344
f 341/341/341 342/342/342 283/283/283 285/285/285
f 343/343/343 283/283/283 342/342/342
f 284/284/284 283/283/283 321/321/321
f 318/318/318 319/319/319 350/350/350
f 311/311/311 312/312/312 348/348/348 349/349/349
f 348/348/348 312/312/312 347/347/347
f 310/310/310 311/311/311 349/349/349 326/326/326
f 326/326/326 309/309/309 310/310/310
f 282/282/282 309/309/309 299/299/299
f 309/309/309 351/351/351 299/299/299
f 326/326/326 351/351/351 309/309/309
f 327/327/327 328/328/328 352/352/352
f 326/326/326 327/327/327 351/351/351
f 327/327/327 352/352/352 351/351/351
f 329/329/329 352/352/352 328/328/328
f 353/353/353 352/352/352 329/329/329 330/330/330
f 298/298/298 351/351/351 297/297/297
f 295/295/295 296/296/296 352/352/352 353/353/353
f 297/297/297 352/352/352 296/296/296
f 351/351/351 352/352/352 297/297/297
f 299/299/299 351/351/351 298/298/298
f 322/322/322 286/286/286 284/284/284
f 321/321/321 322/322/322 284/284/284
f 323/323/323 286/286/286 322/322/322
f 324/324/324 286/286/286 323/323/323
f 285/285/285 287/287/287 340/340/340 341/341/341
f 287/287/287 289/289/289 338/338/338 339/339/339
f 340/340/340 287/287/287 339/339/339
f 324/324/324 288/288/288 286/286/286
f 300/300/300 288/288/288 325/325/325
f 324/324/324 325/325/325 288/288/288
f 325/325/325 290/290/290 300/300/300
f 301/301/301 288/288/288 300/300/300
f 302/302/302 338/338/338 289/289/289
f 289/289/289 301/301/301 302/302/302
f 338/338/338 302/302/302 303/303/303
f 301/301/301 289/289/289 288/288/288
f 337/337/337 338/338/338 303/303/303 304/304/304
f 354/354/354 331/331/331 332/332/332
f 336/336/336 337/337/337 304/304/304 305/305/305
f 331/331/331 353/353/353 330/330/330
f 332/332/332 333/333/333 355/355/355 354/354/354
f 294/294/294 295/295/295 353/353/353 354/354/354
f 353/353/353 331/331/331 354/354/354
f 354/354/354 355/355/355 292/292/292 293/293/293
f 294/294/294 354/354/354 293/293/293
f 306/306/306 334/334/334 335/335/335
f 335/335/335 336/336/336 305/305/305 306/306/306
f 306/306/306 307/307/307 333/333/333 334/334/334
f 333/333/333 308/308/308 355/355/355
f 292/292/292 355/355/355 308/308/308
f 333/333/333 307/307/307 308/308/308
f 292/292/292 308/308/308 291/291/291
f 361/361/361 359/359/359 358/358/358 360/360/360
f 363/363/363 361/361/361 360/360/360 362/362/362
f 365/365/365 363/363/363 362/362/362 364/364/364
f 367/367/367 365/365/365 364/364/364 366/366/366
f 369/369/369 367/367/367 366/366/366 368/368/368
f 358/358/358 356/356/356 381/381/381
f 381/381/381 382/382/382 358/358/358
f 399/399/399 356/356/356 358/358/358
f 418/418/418 359/359/359 407/407/407 408/408/408
f 358/358/358 359/359/359 399/399/399
f 406/406/406 407/407/407 359/359/359 361/361/361
f 398/398/398 399/399/399 359/359/359 418/418/418
f 360/360/360 358/358/358 382/382/382 383/383/383
f 383/383/383 384/384/384 362/362/362 360/360/360
f 385/385/385 362/362/362 384/384/384
f 406/406/406 361/361/361 405/405/405
f 363/363/363 405/405/405 361/361/361
f 363/363/363 365/365/365 403/403/403 404/404/404
f 405/405/405 363/363/363 404/404/404
f 397/397/397 398/398/398 418/418/418 419/419/419
f 408/408/408 409/409/409 419/419/419 418/418/418
f 420/420/420 357/357/357 397/397/397
f 420/420/420 379/379/379 380/380/380
f 357/357/357 420/420/420 380/380/380
f 419/419/419 420/420/420 397/397/397
f 409/409/409 410/410/410 420/420/420
f 420/420/420 419/419/419 409/409/409
f 421/421/421 420/420/420 410/410/410 411/411/411
f 422/422/422 421/421/421 412/412/412 413/413/413
f 421/421/421 411/411/411 412/412/412
f 379/379/379 420/420/420 378/378/378
f 376/376/376 377/377/377 421/421/421
f 378/378/378 421/421/421 377/377/377
f 421/421/421 422/422/422 375/375/375 376/376/376
f 420/420/420 421/421/421 378/378/378
f 364/364/364 362/362/362 385/385/385 386/386/386
f 366/366/366 364/364/364 386/386/386 387/387/387
f 388/388/388 366/366/366 387/387/387
f 365/365/365 367/367/367 402/402/402 403/403/403
f 367/367/367 369/369/369 400/400/400 401/401/401
f 402/402/402 367/367/367 401/401/401
f 388/388/388 368/368/368 366/366/366
f 390/390/390 368/368/368 389/389/389
f 388/388/388 389/389/389 368/368/368
f 389/389/389 370/370/370 390/390/390
f 390/390/390 391/391/391 369/369/369 368/368/368
f 423/423/423 392/392/392 393/393/393
f 369/369/369 391/391/391 392/392/392
f 423/423/423 369/369/369 392/392/392
f 417/417/417 400/400/400 423/423/423
f 369/369/369 423/423/423 400/400/400
f 422/422/422 413/413/413 414/414/414
f 424/424/424 425/425/425 415/415/415 416/416/416
f 425/425/425 414/414/414 415/415/415
f 422/422/422 425/425/425 374/374/374 375/375/375
f 373/373/373 374/374/374 425/425/425
f 425/425/425 424/424/424 373/373/373
f 425/425/425 422/422/422 414/414/414
f 416/416/416 417/417/417 423/423/423 426/426/426
f 394/394/394 395/395/395 426/426/426 423/423/423
f 394/394/394 423/423/423 393/393/393
f 424/424/424 426/426/426 395/395/395 396/396/396
f 373/373/373 424/424/424 372/372/372
f 416/416/416 426/426/426 424/424/424
f 371/371/371 372/372/372 396/396/396
f 424/424/424 396/396/396 372/372/372
o object_3
usemtl diffuse_Black
v 6.3509879112243652 27.480209350585938 10
v 7.3509879112243652 27.478797912597656 16
v 7.3509879112243652 27.478797912597656 15
v 8.350987434387207 27.477382659912109 16
v 8.350987434387207 27.477382659912109 15
v 9.350987434387207 27.475971221923828 16
v 9.350987434387207 27.475971221923828 15
v 10.350987434387207 27.474559783935547 16
v 10.350987434387207 27.474559783935547 15
v 11.350987434387207 27.47314453125 16
v 11.350987434387207 27.47314453125 15
v 12.350987434387207 27.471733093261719 16
v 12.350987434387207 27.471733093261719 15
v 13.350987434387207 27.470321655273438 10
v 12.650975227355957 27.471309661865234 10
v 11.950963020324707 27.472297668457031 10
v 11.250981330871582 27.473285675048828 10
v 10.550969123840332 27.474277496337891 10
v 9.850987434387207 27.475265502929688 10
v 9.150975227355957 27.476253509521484 10
v 8.450993537902832 27.477241516113281 10
v 7.7509818077087402 27.478233337402344 10
v 7.0509696006774902 27.479221343994141 10
v 13.350987434387207 27.470321655273438 16.085521697998047
v 13.350987434387207 27.470321655273438 15.409353256225586
v 13.350987434387207 27.470321655273438 14.733183860778809
v 13.350987434387207 27.470321655273438 14.057014465332031
v 13.350987434387207 27.470321655273438 13.38084602355957
v 13.350987434387207 27.470321655273438 12.704676628112793
v 13.350987434387207 27.470321655273438 12.028507232666016
v 13.350987434387207 27.470321655273438 11.352337837219238
v 13.350987434387207 27.470321655273438 10.676169395446777
v 6.3509879112243652 27.480209350585938 10.706546783447266
v 6.3509879112243652 27.480209350585938 11.413093566894531
v 6.3509879112243652 27.480209350585938 12.119640350341797
v 6.3509879112243652 27.480209350585938 12.826188087463379
v 6.3509879112243652 27.480209350585938 13.532734870910645
v 6.3509879112243652 27.480209350585938 14.23928165435791
v 6.3509879112243652 27.480209350585938 14.945828437805176
v 6.3509879112243652 27.480209350585938 15.652375221252441
v 6.3509879112243652 27.480209350585938 16.358922958374023
v 9.235814094543457 27.47613525390625 17
v 9.921696662902832 27.475166320800781 16.847587585449219
v 10.607548713684082 27.474197387695313 16.695173263549805
v 11.293400764465332 27.473228454589844 16.542760848999023
v 11.979252815246582 27.472259521484375 16.390348434448242
v 12.665104866027832 27.471290588378906 16.237934112548828
v 7.0721793174743652 27.479190826416016 16.519191741943359
v 7.7934012413024902 27.478172302246094 16.679460525512695
v 8.514622688293457 27.477153778076172 16.839731216430664
v 7.6030325889587402 27.478439331054688 11
v 8.352330207824707 27.477382659912109 11
v 9.101658821105957 27.476322174072266 11
v 9.850987434387207 27.475265502929688 11
v 10.600285530090332 27.474205017089844 11
v 11.349614143371582 27.473148345947266 11
v 12.098942756652832 27.472087860107422 11
v 12.098942756652832 27.472087860107422 11.75
v 12.098942756652832 27.472087860107422 12.5
v 12.098942756652832 27.472087860107422 13.25
v 12.098942756652832 27.472087860107422 14
v 11.349614143371582 27.473148345947266 14
v 10.600285530090332 27.474205017089844 14
v 9.850987434387207 27.475265502929688 14
v 9.101658821105957 27.476322174072266 14
v 8.352330207824707 27.477382659912109 14
v 7.6030325889587402 27.478439331054688 14
v 7.6030325889587402 27.478439331054688 13.25
v 7.6030325889587402 27.478439331054688 12.5
v 7.6030325889587402 27.478439331054688 11.75
v 7.3509879112243652 27.478797912597656 13
v 7.3509879112243652 27.478797912597656 12
v 7.3509879112243652 27.478797912597656 11
v 9.350987434387207 27.475971221923828 11
v 10.350987434387207 27.474559783935547 11
v 12.350987434387207 27.471733093261719 13
v 11.350987434387207 27.47314453125 11
v 12.350987434387207 27.471733093261719 12
v 12.350987434387207 27.471733093261719 11
v 6.3396658897399902 19.476516723632813 10
v 13.339665412902832 19.466625213623047 10
v 6.3509879112243652 27.480209350585938 10
v 13.350987434387207 27.470321655273438 10
v 7.0509696006774902 27.479221343994141 10
v 7.7509818077087402 27.478233337402344 10
v 8.450993537902832 27.477241516113281 10
v 9.150975227355957 27.476253509521484 10
v 9.850987434387207 27.475265502929688 10
v 10.550969123840332 27.474277496337891 10
v 11.250981330871582 27.473285675048828 10
v 11.950963020324707 27.472297668457031 10
v 12.650975227355957 27.471309661865234 10
v 9.845311164855957 23.473419189453125 10
v 9.848149299621582 25.474342346191406 10
v 8.095341682434082 23.47589111328125 10
v 8.098149299621582 25.476814270019531 10
v 11.595311164855957 23.470947265625 10
v 11.598149299621582 25.471870422363281 10
v 13.345311164855957 23.468475341796875 10
v 9.839665412902832 19.471572875976563 10
v 6.3453421592712402 23.478363037109375 10
v 13.350987434387207 27.470321655273438 16.085521697998047
v 13.350987434387207 27.470321655273438 10
v 13.339665412902832 19.466625213623047 10
v 13.345311164855957 23.468475341796875 10
v 13.350987434387207 27.470321655273438 10.676169395446777
v 13.350987434387207 27.470321655273438 11.352337837219238
v 13.350987434387207 27.470321655273438 12.028507232666016
v 13.350987434387207 27.470321655273438 12.704676628112793
v 13.350987434387207 27.470321655273438 13.38084602355957
v 13.350987434387207 27.470321655273438 14.057014465332031
v 13.350987434387207 27.470321655273438 14.733183860778809
v 13.350987434387207 27.470321655273438 15.409353256225586
v 13.345311164855957 23.468475341796875 13.042760848999023
v 13.345311164855957 23.468475341796875 11.521380424499512
v 13.348149299621582 25.469398498535156 13.042760848999023
v 13.348149299621582 25.469398498535156 11.521380424499512
v 13.345311164855957 23.468475341796875 14.564141273498535
v 13.348149299621582 25.469398498535156 14.564141273498535
v 13.339665412902832 19.466625213623047 16.085521697998047
v 13.339665412902832 19.466625213623047 13.042760848999023
v 13.344609260559082 22.970325469970703 16.085521697998047
v 13.339665412902832 19.466625213623047 10
v 6.3396658897399902 19.476516723632813 10
v 9.839665412902832 19.471572875976563 10
v 13.339665412902832 19.466625213623047 13.042760848999023
v 13.339665412902832 19.466625213623047 16.085521697998047
v 6.3396658897399902 19.476516723632813 16.358922958374023
v 6.3396658897399902 19.476516723632813 13.179461479187012
v 9.224522590637207 19.472442626953125 17
v 6.3396658897399902 19.476516723632813 10
v 6.3509879112243652 27.480209350585938 16.358922958374023
v 6.3509879112243652 27.480209350585938 10
v 6.3453421592712402 23.478363037109375 10
v 6.3396658897399902 19.476516723632813 16.358922958374023
v 6.3453421592712402 23.478363037109375 16.358922958374023
v 6.3509879112243652 27.480209350585938 15.652375221252441
v 6.3509879112243652 27.480209350585938 14.945828437805176
v 6.3509879112243652 27.480209350585938 14.23928165435791
v 6.3509879112243652 27.480209350585938 13.532734870910645
v 6.3509879112243652 27.480209350585938 12.826188087463379
v 6.3509879112243652 27.480209350585938 12.119640350341797
v 6.3509879112243652 27.480209350585938 11.413093566894531
v 6.3509879112243652 27.480209350585938 10.706546783447266
v 6.3453421592712402 23.478363037109375 13.179461479187012
v 6.3481497764587402 25.479286193847656 13.179461479187012
v 6.3453421592712402 23.478363037109375 14.769191741943359
v 6.3481497764587402 25.479286193847656 14.769191741943359
v 6.3453421592712402 23.478363037109375 11.589730262756348
v 6.3481497764587402 25.479286193847656 11.589730262756348
v 6.3396658897399902 19.476516723632813 13.179461479187012
v 6.3396658897399902 19.476516723632813 16.358922958374023
v 9.235814094543457 27.47613525390625 17
v 6.3509879112243652 27.480209350585938 16.358922958374023
v 6.3453421592712402 23.478363037109375 16.358922958374023
v 9.224522590637207 19.472442626953125 17
v 9.230168342590332 23.474288940429688 17
v 8.514622688293457 27.477153778076172 16.839731216430664
v 7.7934012413024902 27.478172302246094 16.679460525512695
v 7.0721793174743652 27.479190826416016 16.519191741943359
v 7.7877554893493652 23.476325988769531 16.679460525512695
v 8.508976936340332 23.475307464599609 16.839731216430664
v 8.511784553527832 25.476230621337891 16.839731216430664
v 8.869572639465332 23.474796295166016 16.919864654541016
v 8.872410774230957 25.475719451904297 16.919864654541016
v 7.7905936241149902 25.477249145507813 16.679460525512695
v 8.148350715637207 23.475814819335938 16.75959587097168
v 8.151188850402832 25.476737976074219 16.75959587097168
v 7.0665335655212402 23.477344512939453 16.519191741943359
v 7.0693717002868652 25.478267669677734 16.519191741943359
v 7.4271597862243652 23.476833343505859 16.599327087402344
v 7.4299674034118652 25.477756500244141 16.599327087402344
v 6.7059378623962402 23.477851867675781 16.439056396484375
v 6.7087759971618652 25.478775024414063 16.439056396484375
v 9.235814094543457 27.47613525390625 17
v 13.350987434387207 27.470321655273438 16.085521697998047
v 12.665104866027832 27.471290588378906 16.237934112548828
v 11.979252815246582 27.472259521484375 16.390348434448242
v 11.293400764465332 27.473228454589844 16.542760848999023
v 10.607548713684082 27.474197387695313 16.695173263549805
v 9.921696662902832 27.475166320800781 16.847587585449219
v 11.287755012512207 23.471382141113281 16.542760848999023
v 12.316533088684082 23.469928741455078 16.314142227172852
v 12.319371223449707 25.470851898193359 16.314142227172852
v 12.830937385559082 23.469200134277344 16.199831008911133
v 12.833745002746582 25.470123291015625 16.199831008911133
v 11.290562629699707 25.472305297851563 16.542760848999023
v 11.802128791809082 23.470653533935547 16.428451538085938
v 11.804966926574707 25.471576690673828 16.428451538085938
v 10.258976936340332 23.472835540771484 16.771381378173828
v 10.261784553527832 25.473758697509766 16.771381378173828
v 10.773350715637207 23.47210693359375 16.657070159912109
v 10.776188850402832 25.473030090332031 16.657070159912109
v 9.744572639465332 23.473560333251953 16.885690689086914
v 9.747380256652832 25.474483489990234 16.885690689086914
v 9.224522590637207 19.472442626953125 17
v 9.230168342590332 23.474288940429688 17
v 13.339665412902832 19.466625213623047 16.085521697998047
v 13.344609260559082 22.970325469970703 16.085521697998047
vt 0.65212494134902954 0.30424991250038147
vt 0.69558924436569214 0.04346427321434021
vt 0.69558924436569214 0.08692854642868042
vt 0.73905348777770996 0.04346427321434021
vt 0.73905348777770996 0.08692854642868042
vt 0.78251779079437256 0.04346427321434021
vt 0.78251779079437256 0.08692854642868042
vt 0.82598203420639038 0.04346427321434021
vt 0.82598203420639038 0.08692854642868042
vt 0.86944633722305298 0.04346427321434021
vt 0.86944633722305298 0.08692854642868042
vt 0.9129105806350708 0.04346427321434021
vt 0.9129105806350708 0.08692854642868042
vt 0.95637482404708862 0.30424991250038147
vt 0.92594987154006958 0.30424991250038147
vt 0.89552485942840576 0.30424991250038147
vt 0.86509990692138672 0.30424991250038147
vt 0.8346748948097229 0.30424991250038147
vt 0.80424988269805908 0.30424991250038147
vt 0.77382493019104004 0.30424991250038147
vt 0.74339991807937622 0.30424991250038147
vt 0.7129749059677124 0.30424991250038147
vt 0.68254995346069336 0.30424991250038147
vt 0.95637482404708862 0.039747122675180435
vt 0.95637482404708862 0.069136321544647217
vt 0.95637482404708862 0.098525509238243103
vt 0.95637482404708862 0.12791471183300018
vt 0.95637482404708862 0.15730391442775726
vt 0.95637482404708862 0.18669311702251434
vt 0.95637482404708862 0.21608230471611023
vt 0.95637482404708862 0.24547150731086731
vt 0.95637482404708862 0.27486070990562439
vt 0.65212494134902954 0.27354034781455994
vt 0.65212494134902954 0.2428307980298996
vt 0.65212494134902954 0.21212124824523926
vt 0.65212494134902954 0.18141169846057892
vt 0.65212494134902954 0.15070216357707977
vt 0.65212494134902954 0.11999261379241943
vt 0.65212494134902954 0.089283064007759094
vt 0.65212494134902954 0.058573517948389053
vt 0.65212494134902954 0.027863971889019012
vt 0.77751278877258301 0
vt 0.807323157787323 0.0066245198249816895
vt 0.83713346719741821 0.013249039649963379
vt 0.8669438362121582 0.019873561337590218
vt 0.89675414562225342 0.026498079299926758
vt 0.92656451463699341 0.033122599124908447
vt 0.6834719181060791 0.02089797705411911
vt 0.71481889486312866 0.013931985944509506
vt 0.74616587162017822 0.0069659929722547531
vt 0.70654404163360596 0.26078563928604126
vt 0.73911267518997192 0.26078563928604126
vt 0.77168124914169312 0.26078563928604126
vt 0.80424988269805908 0.26078563928604126
vt 0.83681851625442505 0.26078563928604126
vt 0.86938714981079102 0.26078563928604126
vt 0.90195578336715698 0.26078563928604126
vt 0.90195578336715698 0.22818742692470551
vt 0.90195578336715698 0.19558921456336975
vt 0.90195578336715698 0.16299101710319519
vt 0.90195578336715698 0.13039281964302063
vt 0.86938714981079102 0.13039281964302063
vt 0.83681851625442505 0.13039281964302063
vt 0.80424988269805908 0.13039281964302063
vt 0.77168124914169312 0.13039281964302063
vt 0.73911267518997192 0.13039281964302063
vt 0.70654404163360596 0.13039281964302063
vt 0.70654404163360596 0.16299101710319519
vt 0.70654404163360596 0.19558921456336975
vt 0.70654404163360596 0.22818742692470551
vt 0.69558924436569214 0.17385709285736084
vt 0.69558924436569214 0.21732136607170105
vt 0.69558924436569214 0.26078563928604126
vt 0.78251779079437256 0.26078563928604126
vt 0.82598203420639038 0.26078563928604126
vt 0.9129105806350708 0.17385709285736084
vt 0.86944633722305298 0.26078563928604126
vt 0.9129105806350708 0.21732136607170105
vt 0.9129105806350708 0.26078563928604126
vt 0.30278506875038147 0.31167173385620117
vt 0 0.31167173385620117
vt 0.30278506875038147 0.65954679250717163
vt 0 0.65954679250717163
vt 0.27250656485557556 0.65954679250717163
vt 0.24222804605960846 0.65954679250717163
vt 0.21194954216480255 0.65954679250717163
vt 0.18167103826999664 0.65954679250717163
vt 0.15139253437519073 0.65954679250717163
vt 0.12111401557922363 0.65954679250717163
vt 0.090835519134998322 0.65954679250717163
vt 0.060557007789611816 0.65954679250717163
vt 0.030278513208031654 0.65954679250717163
vt 0.15139253437519073 0.48560923337936401
vt 0.15139253437519073 0.57257801294326782
vt 0.22708879411220551 0.48560923337936401
vt 0.22708879411220551 0.57257801294326782
vt 0.075696267187595367 0.48560923337936401
vt 0.075696267187595367 0.57257801294326782
vt 0 0.48560923337936401
vt 0.15139253437519073 0.31167173385620117
vt 0.30278506875038147 0.48560923337936401
vt 0.30424991250038147 0.31167173385620117
vt 0.30424991250038147 0.57470965385437012
vt 0.65066009759902954 0.57470965385437012
vt 0.47745499014854431 0.57470965385437012
vt 0.30424991250038147 0.54548323154449463
vt 0.30424991250038147 0.51625680923461914
vt 0.30424991250038147 0.48703035712242126
vt 0.30424991250038147 0.45780390501022339
vt 0.30424991250038147 0.4285774827003479
vt 0.30424991250038147 0.39935103058815002
vt 0.30424991250038147 0.37012460827827454
vt 0.30424991250038147 0.34089815616607666
vt 0.47745499014854431 0.44319069385528564
vt 0.47745499014854431 0.50895017385482788
vt 0.39085245132446289 0.44319069385528564
vt 0.39085245132446289 0.50895017385482788
vt 0.47745499014854431 0.37743121385574341
vt 0.39085245132446289 0.37743121385574341
vt 0.65066009759902954 0.31167173385620117
vt 0.65066009759902954 0.44319069385528564
vt 0.49901553988456726 0.31167173385620117
vt 0.30424991250038147 0.8789595365524292
vt 0.60849982500076294 0.8789595365524292
vt 0.45637485384941101 0.8789595365524292
vt 0.30424991250038147 0.74734491109848022
vt 0.30424991250038147 0.61573028564453125
vt 0.60849982500076294 0.60390430688858032
vt 0.60849982500076294 0.74143195152282715
vt 0.48311194777488708 0.57617449760437012
vt 0.65212494134902954 0.73772335052490234
vt 0.99853515625 0.46133741736412048
vt 0.99853515625 0.73772335052490234
vt 0.82533007860183716 0.73772335052490234
vt 0.65212494134902954 0.46133741736412048
vt 0.82533007860183716 0.46133741736412048
vt 0.99853515625 0.49204698204994202
vt 0.99853515625 0.52275651693344116
vt 0.99853515625 0.5534660816192627
vt 0.99853515625 0.58417558670043945
vt 0.99853515625 0.61488515138626099
vt 0.99853515625 0.64559471607208252
vt 0.99853515625 0.67630428075790405
vt 0.99853515625 0.70701378583908081
vt 0.82533007860183716 0.59953039884567261
vt 0.91193258762359619 0.59953039884567261
vt 0.82533007860183716 0.53043389320373535
vt 0.91193258762359619 0.53043389320373535
vt 0.82533007860183716 0.66862684488296509
vt 0.91193258762359619 0.66862684488296509
vt 0.65212494134902954 0.59953039884567261
vt 0.34787505865097046 0
vt 0 0.1269817054271698
vt 0 0
vt 0.17393752932548523 0
vt 0.34787505865097046 0.1269817054271698
vt 0.17393752932548523 0.1269817054271698
vt 0 0.095236286520957947
vt 0 0.0634908527135849
vt 0 0.03174542635679245
vt 0.17393752932548523 0.0634908527135849
vt 0.17393752932548523 0.095236286520957947
vt 0.086968764662742615 0.095236286520957947
vt 0.17393752932548523 0.11110899597406387
vt 0.086968764662742615 0.11110899597406387
vt 0.086968764662742615 0.0634908527135849
vt 0.17393752932548523 0.079363569617271423
vt 0.086968764662742615 0.079363569617271423
vt 0.17393752932548523 0.03174542635679245
vt 0.086968764662742615 0.03174542635679245
vt 0.17393752932548523 0.047618143260478973
vt 0.086968764662742615 0.047618143260478973
vt 0.17393752932548523 0.015872713178396225
vt 0.086968764662742615 0.015872713178396225
vt 0 0.1284465491771698
vt 0 0.31020689010620117
vt 0 0.27991348505020142
vt 0 0.24962010979652405
vt 0 0.21932671964168549
vt 0 0.18903332948684692
vt 0 0.15873993933200836
vt 0.17393752932548523 0.21932671964168549
vt 0.17393752932548523 0.26476678252220154
vt 0.086968764662742615 0.26476678252220154
vt 0.17393752932548523 0.28748685121536255
vt 0.086968764662742615 0.28748685121536255
vt 0.086968764662742615 0.21932671964168549
vt 0.17393752932548523 0.24204675853252411
vt 0.086968764662742615 0.24204675853252411
vt 0.17393752932548523 0.17388664186000824
vt 0.086968764662742615 0.17388664186000824
vt 0.17393752932548523 0.19660668075084686
vt 0.086968764662742615 0.19660668075084686
vt 0.17393752932548523 0.15116658806800842
vt 0.086968764662742615 0.15116658806800842
vt 0.34787505865097046 0.1284465491771698
vt 0.17393752932548523 0.1284465491771698
vt 0.34787505865097046 0.31020689010620117
vt 0.19558921456336975 0.31020689010620117
vn 0.0014127603499218822 0.99999898672103882 0
vn 0.0014127603499218822 0.99999898672103882 0
vn 0.0014127603499218822 0.99999898672103882 0
vn 0.0014127603499218822 0.99999898672103882 0
vn 0.0014127603499218822 0.99999898672103882 0
vn 0.0014127603499218822 0.99999898672103882 0
vn 0.0014127603499218822 0.99999898672103882 0
vn 0.0014127603499218822 0.99999898672103882 0
vn 0.0014127603499218822 0.99999898672103882 0
vn 0.0014127603499218822 0.99999898672103882 0
vn 0.0014127603499218822 0.99999898672103882 0
vn 0.0014127603499218822 0.99999898672103882 0
vn 0.0014127603499218822 0.99999898672103882 0
vn 0.0014127603499218822 0.99999898672103882 0
vn 0.0014127603499218822 0.99999898672103882 0
vn 0.0014127603499218822 0.99999898672103882 0
vn 0.0014127603499218822 0.99999898672103882 0
vn 0.0014127603499218822 0.99999898672103882 0
vn 0.0014127603499218822 0.99999898672103882 0
vn 0.0014127603499218822 0.99999898672103882 0
vn 0.0014127603499218822 0.99999898672103882 0
vn 0.0014127603499218822 0.99999898672103882 0
vn 0.0014127603499218822 0.99999898672103882 0
vn 0.0014127603499218822 0.99999898672103882 0
vn 0.0014127603499218822 0.99999898672103882 0
vn 0.0014127603499218822 0.99999898672103882 0
vn 0.0014127603499218822 0.99999898672103882 0
vn 0.0014127603499218822 0.99999898672103882 0
vn 0.0014127603499218822 0.99999898672103882 0
vn 0.0014127603499218822 0.99999898672103882 0
vn 0.0014127603499218822 0.99999898672103882 0
vn 0.0014127603499218822 0.99999898672103882 0
vn 0.0014127603499218822 0.99999898672103882 0
vn 0.0014127603499218822 0.99999898672103882 0
vn 0.0014127603499218822 0.99999898672103882 0
vn 0.0014127603499218822 0.99999898672103882 0
vn 0.0014127603499218822 0.99999898672103882 0
vn 0.0014127603499218822 0.99999898672103882 0
vn 0.0014127603499218822 0.99999898672103882 0
vn 0.0014127603499218822 0.99999898672103882 0
vn 0.0014127603499218822 0.99999898672103882 0
vn 0.0014127603499218822 0.99999898672103882 0
vn 0.0014127603499218822 0.99999898672103882 0
vn 0.0014127603499218822 0.99999898672103882 0
vn 0.0014127603499218822 0.99999898672103882 0
vn 0.0014127603499218822 0.99999898672103882 0
vn 0.0014127603499218822 0.99999898672103882 0
vn 0.0014127603499218822 0.99999898672103882 0
vn 0.0014127603499218822 0.99999898672103882 0
vn 0.0014127603499218822 0.99999898672103882 0
vn 0.0014127603499218822 0.99999898672103882 0
vn 0.0014127603499218822 0.99999898672103882 0
vn 0.0014127603499218822 0.99999898672103882 0
vn 0.0014127603499218822 0.99999898672103882 0
vn 0.0014127603499218822 0.99999898672103882 0
vn 0.0014127603499218822 0.99999898672103882 0
vn 0.0014127603499218822 0.99999898672103882 0
vn 0.0014127603499218822 0.99999898672103882 0
vn 0.0014127603499218822 0.99999898672103882 0
vn 0.0014127603499218822 0.99999898672103882 0
vn 0.0014127603499218822 0.99999898672103882 0
vn 0.0014127603499218822 0.99999898672103882 0
vn 0.0014127603499218822 0.99999898672103882 0
vn 0.0014127603499218822 0.99999898672103882 0
vn 0.0014127603499218822 0.99999898672103882 0
vn 0.0014127603499218822 0.99999898672103882 0
vn 0.0014127603499218822 0.99999898672103882 0
vn 0.0014127603499218822 0.99999898672103882 0
vn 0.0014127603499218822 0.99999898672103882 0
vn 0.0014127603499218822 0.99999898672103882 0
vn 0.0014127603499218822 0.99999898672103882 0
vn 0.0014127603499218822 0.99999898672103882 0
vn 0.0014127603499218822 0.99999898672103882 0
vn 0.0014127603499218822 0.99999898672103882 0
vn 0.0014127603499218822 0.99999898672103882 0
vn 0.0014127603499218822 0.99999898672103882 0
vn 0.0014127603499218822 0.99999898672103882 0
vn 0.0014127603499218822 0.99999898672103882 0
vn 0.0014127603499218822 0.99999898672103882 0
vn 0 0 -1
vn 0 0 -1
vn 0 0 -1
vn 0 0 -1
vn 0 0 -1
vn 0 0 -1
vn 0 0 -1
vn 0 0 -1
vn 0 0 -1
vn 0 0 -1
vn 0 0 -1
vn 0 0 -1
vn 0 0 -1
vn 0 0 -1
vn 0 0 -1
vn 0 0 -1
vn 0 0 -1
vn 0 0 -1
vn 0 0 -1
vn 0 0 -1
vn 0 0 -1
vn 0 0 -1
vn 0.99999898672103882 -0.0014127603499218822 0
vn 0.99999898672103882 -0.0014127603499218822 0
vn 0.99999898672103882 -0.0014127603499218822 0
vn 0.99999898672103882 -0.0014127603499218822 0
vn 0.99999898672103882 -0.0014127603499218822 0
vn 0.99999898672103882 -0.0014127603499218822 0
vn 0.99999898672103882 -0.0014127603499218822 0
vn 0.99999898672103882 -0.0014127603499218822 0
vn 0.99999898672103882 -0.0014127603499218822 0
vn 0.99999898672103882 -0.0014127603499218822 0
vn 0.99999898672103882 -0.0014127603499218822 0
vn 0.99999898672103882 -0.0014127603499218822 0
vn 0.99999898672103882 -0.0014127603499218822 0
vn 0.99999898672103882 -0.0014127603499218822 0
vn 0.99999898672103882 -0.0014127603499218822 0
vn 0.99999898672103882 -0.0014127603499218822 0
vn 0.99999898672103882 -0.0014127603499218822 0
vn 0.99999898672103882 -0.0014127603499218822 0
vn 0.99999898672103882 -0.0014127603499218822 0
vn 0.99999898672103882 -0.0014127603499218822 0
vn 0.99999898672103882 -0.0014127603499218822 0
vn -0.0014127603499218822 -0.99999898672103882 0
vn -0.0014127603499218822 -0.99999898672103882 0
vn -0.0014127603499218822 -0.99999898672103882 0
vn -0.0014127603499218822 -0.99999898672103882 0
vn -0.0014127603499218822 -0.99999898672103882 0
vn -0.0014127603499218822 -0.99999898672103882 0
vn -0.0014127603499218822 -0.99999898672103882 0
vn -0.0014127603499218822 -0.99999898672103882 0
vn -0.99999898672103882 0.0014127603499218822 0
vn -0.99999898672103882 0.0014127603499218822 0
vn -0.99999898672103882 0.0014127603499218822 0
vn -0.99999898672103882 0.0014127603499218822 0
vn -0.99999898672103882 0.0014127603499218822 0
vn -0.99999898672103882 0.0014127603499218822 0
vn -0.99999898672103882 0.0014127603499218822 0
vn -0.99999898672103882 0.0014127603499218822 0
vn -0.99999898672103882 0.0014127603499218822 0
vn -0.99999898672103882 0.0014127603499218822 0
vn -0.99999898672103882 0.0014127603499218822 0
vn -0.99999898672103882 0.0014127603499218822 0
vn -0.99999898672103882 0.0014127603499218822 0
vn -0.99999898672103882 0.0014127603499218822 0
vn -0.99999898672103882 0.0014127603499218822 0
vn -0.99999898672103882 0.0014127603499218822 0
vn -0.99999898672103882 0.0014127603499218822 0
vn -0.99999898672103882 0.0014127603499218822 0
vn -0.99999898672103882 0.0014127603499218822 0
vn -0.99999898672103882 0.0014127603499218822 0
vn -0.99999898672103882 0.0014127603499218822 0
vn -0.21693024039268494 0.00030647075618617237 0.97618705034255981
vn -0.21693024039268494 0.00030647075618617237 0.97618705034255981
vn -0.21693024039268494 0.00030647075618617237 0.97618705034255981
vn -0.21693024039268494 0.00030647075618617237 0.97618705034255981
vn -0.21693024039268494 0.00030647075618617237 0.97618705034255981
vn -0.21693024039268494 0.00030647075618617237 0.97618705034255981
vn -0.21693024039268494 0.00030647075618617237 0.97618705034255981
vn -0.21693024039268494 0.00030647075618617237 0.97618705034255981
vn -0.21693024039268494 0.00030647075618617237 0.97618705034255981
vn -0.21693024039268494 0.00030647075618617237 0.97618705034255981
vn -0.21693024039268494 0.00030647075618617237 0.97618705034255981
vn -0.21693024039268494 0.00030647075618617237 0.97618705034255981
vn -0.21693024039268494 0.00030647075618617237 0.97618705034255981
vn -0.21693024039268494 0.00030647075618617237 0.97618705034255981
vn -0.21693024039268494 0.00030647075618617237 0.97618705034255981
vn -0.21693024039268494 0.00030647075618617237 0.97618705034255981
vn -0.21693024039268494 0.00030647075618617237 0.97618705034255981
vn -0.21693024039268494 0.00030647075618617237 0.97618705034255981
vn -0.21693024039268494 0.00030647075618617237 0.97618705034255981
vn -0.21693024039268494 0.00030647075618617237 0.97618705034255981
vn -0.21693024039268494 0.00030647075618617237 0.97618705034255981
vn -0.21693024039268494 0.00030647075618617237 0.97618705034255981
vn -0.21693024039268494 0.00030647075618617237 0.97618705034255981
vn 0.21693024039268494 -0.00030647075618617237 0.97618705034255981
vn 0.21693024039268494 -0.00030647075618617237 0.97618705034255981
vn 0.21693024039268494 -0.00030647075618617237 0.97618705034255981
vn 0.21693024039268494 -0.00030647075618617237 0.97618705034255981
vn 0.21693024039268494 -0.00030647075618617237 0.97618705034255981
vn 0.21693024039268494 -0.00030647075618617237 0.97618705034255981
vn 0.21693024039268494 -0.00030647075618617237 0.97618705034255981
vn 0.21693024039268494 -0.00030647075618617237 0.97618705034255981
vn 0.21693024039268494 -0.00030647075618617237 0.97618705034255981
vn 0.21693024039268494 -0.00030647075618617237 0.97618705034255981
vn 0.21693024039268494 -0.00030647075618617237 0.97618705034255981
vn 0.21693024039268494 -0.00030647075618617237 0.97618705034255981
vn 0.21693024039268494 -0.00030647075618617237 0.97618705034255981
vn 0.21693024039268494 -0.00030647075618617237 0.97618705034255981
vn 0.21693024039268494 -0.00030647075618617237 0.97618705034255981
vn 0.21693024039268494 -0.00030647075618617237 0.97618705034255981
vn 0.21693024039268494 -0.00030647075618617237 0.97618705034255981
vn 0.21693024039268494 -0.00030647075618617237 0.97618705034255981
vn 0.21693024039268494 -0.00030647075618617237 0.97618705034255981
vn 0.21693024039268494 -0.00030647075618617237 0.97618705034255981
vn 0.21693024039268494 -0.00030647075618617237 0.97618705034255981
vn 0.21693024039268494 -0.00030647075618617237 0.97618705034255981
vn 0.21693024039268494 -0.00030647075618617237 0.97618705034255981
vn 0.21693024039268494 -0.00030647075618617237 0.97618705034255981
vn 0.21693024039268494 -0.00030647075618617237 0.97618705034255981
f 663/663/663 664/664/664 665/665/665 666/666/666 657/657/657 673/673/673 655/655/655 674/674/674 654/654/654 675/675/675 656/656/656 658/658/658 659/659/659 660/660/660 661/661/661 662/662/662
f 678/678/678 679/679/679 677/677/677 680/680/680 681/681/681 682/682/682 683/683/683 684/684/684 685/685/685 686/686/686 687/687/687 676/676/676 696/696/696 694/694/694 695/695/695
f 703/703/703 698/698/698 699/699/699 697/697/697 700/700/700 701/701/701 704/704/704 702/702/702
f 715/715/715 716/716/716 717/717/717 718/718/718 707/707/707 708/708/708 705/705/705 725/725/725 709/709/709 710/710/710 706/706/706 711/711/711 712/712/712 713/713/713 714/714/714
f 733/733/733 734/734/734 728/728/728 729/729/729 726/726/726 730/730/730 731/731/731 727/727/727 732/732/732
f 753/753/753 754/754/754 755/755/755 749/749/749 771/771/771 770/770/770 772/772/772 773/773/773 750/750/750 751/751/751 752/752/752
f 579/579/579 577/577/577 576/576/576 578/578/578
f 581/581/581 579/579/579 578/578/578 580/580/580
f 583/583/583 581/581/581 580/580/580 582/582/582
f 585/585/585 583/583/583 582/582/582 584/584/584
f 587/587/587 585/585/585 584/584/584 586/586/586
f 576/576/576 614/614/614 615/615/615
f 615/615/615 622/622/622 576/576/576
f 623/623/623 576/576/576 622/622/622
f 576/576/576 577/577/577 613/613/613 614/614/614
f 577/577/577 612/612/612 613/613/613
f 577/577/577 645/645/645 611/611/611 612/612/612
f 645/645/645 641/641/641 642/642/642
f 577/577/577 579/579/579 640/640/640 641/641/641
f 577/577/577 641/641/641 645/645/645
f 624/624/624 578/578/578 623/623/623
f 580/580/580 624/624/624 616/616/616
f 578/578/578 624/624/624 580/580/580
f 639/639/639 640/640/640 579/579/579 581/581/581
f 638/638/638 639/639/639 581/581/581
f 581/581/581 583/583/583 637/637/637 638/638/638
f 617/617/617 580/580/580 616/616/616
f 578/578/578 576/576/576 623/623/623
f 609/609/609 610/610/610 645/645/645 646/646/646
f 646/646/646 645/645/645 643/643/643 644/644/644
f 611/611/611 645/645/645 610/610/610
f 647/647/647 646/646/646 644/644/644 625/625/625
f 608/608/608 609/609/609 646/646/646
f 647/647/647 607/607/607 608/608/608
f 575/575/575 607/607/607 597/597/597
f 647/647/647 597/597/597 607/607/607
f 596/596/596 597/597/597 647/647/647
f 647/647/647 608/608/608 646/646/646
f 642/642/642 643/643/643 645/645/645
f 648/648/648 626/626/626 627/627/627
f 648/648/648 647/647/647 625/625/625 626/626/626
f 596/596/596 647/647/647 595/595/595
f 648/648/648 593/593/593 594/594/594
f 595/595/595 647/647/647 648/648/648
f 649/649/649 648/648/648 628/628/628 629/629/629
f 594/594/594 595/595/595 648/648/648
f 627/627/627 628/628/628 648/648/648
f 618/618/618 582/582/582 617/617/617
f 619/619/619 584/584/584 618/618/618
f 584/584/584 582/582/582 618/618/618
f 620/620/620 584/584/584 619/619/619
f 583/583/583 585/585/585 636/636/636 637/637/637
f 635/635/635 636/636/636 585/585/585 587/587/587
f 620/620/620 586/586/586 584/584/584
f 599/599/599 587/587/587 586/586/586
f 599/599/599 621/621/621 598/598/598
f 586/586/586 621/621/621 599/599/599
f 621/621/621 586/586/586 620/620/620
f 600/600/600 587/587/587 599/599/599
f 587/587/587 650/650/650 634/634/634 635/635/635
f 602/602/602 650/650/650 601/601/601
f 587/587/587 601/601/601 650/650/650
f 601/601/601 587/587/587 600/600/600
f 629/629/629 630/630/630 651/651/651 649/649/649
f 652/652/652 632/632/632 633/633/633
f 592/592/592 593/593/593 649/649/649
f 590/590/590 591/591/591 651/651/651
f 649/649/649 651/651/651 591/591/591 592/592/592
f 653/653/653 651/651/651 630/630/630 631/631/631
f 593/593/593 648/648/648 649/649/649
f 652/652/652 653/653/653 631/631/631 632/632/632
f 652/652/652 650/650/650 603/603/603 604/604/604
f 652/652/652 604/604/604 605/605/605
f 603/603/603 650/650/650 602/602/602
f 653/653/653 652/652/652 605/605/605
f 590/590/590 653/653/653 589/589/589
f 588/588/588 589/589/589 606/606/606
f 653/653/653 606/606/606 589/589/589
f 606/606/606 653/653/653 605/605/605
f 653/653/653 590/590/590 651/651/651
f 650/650/650 652/652/652 633/633/633
f 633/633/633 634/634/634 650/650/650
f 582/582/582 580/580/580 617/617/617
o object_4
usemtl diffuse_Black
v 6.3227286338806152 7.4802284240722656 10
v 18.207555770874023 7.46343994140625 10
v 18.229467391967773 22.963424682617188 10
v 18.227270126342773 21.413425445556641 10
v 18.225072860717773 19.863426208496094 10
v 18.222906112670898 18.313426971435547 10
v 18.220708847045898 16.763431549072266 10
v 18.218511581420898 15.213432312011719 10
v 18.216314315795898 13.663433074951172 10
v 18.214147567749023 12.113433837890625 10
v 18.211950302124023 10.563434600830078 10
v 18.209753036499023 9.0134391784667969 10
v 12.276097297668457 15.221828460693359 10
v 15.247319221496582 15.217628479003906 10
v 12.270634651184082 11.346832275390625 10
v 15.241826057434082 11.342632293701172 10
v 17.547307968139648 7.4643707275390625 10
v 16.887029647827148 7.4653053283691406 10
v 16.226751327514648 7.4662361145019531 10
v 15.566502571105957 7.4671707153320313 10
v 14.906224250793457 7.4681015014648438 10
v 14.245945930480957 7.4690361022949219 10
v 13.585698127746582 7.469970703125 10
v 12.925419807434082 7.4709014892578125 10
v 12.265141487121582 7.4718360900878906 10
v 11.604863166809082 7.4727668762207031 10
v 10.944615364074707 7.4737014770507813 10
v 10.284337043762207 7.4746322631835938 10
v 9.624058723449707 7.4755668640136719 10
v 8.963810920715332 7.4764976501464844 10
v 8.303532600402832 7.4774322509765625 10
v 7.6432547569274902 7.478363037109375 10
v 6.9830069541931152 7.4792976379394531 10
v 16.727422714233398 11.340534210205078 10
v 15.239079475402832 9.4051361083984375 10
v 16.724706649780273 9.4030342102050781 10
v 13.756230354309082 11.344730377197266 10
v 12.267888069152832 9.409332275390625 10
v 13.753483772277832 9.4072341918945313 10
v 9.304875373840332 15.226024627685547 10
v 9.299412727355957 11.351028442382813 10
v 10.785008430480957 11.348930358886719 10
v 9.296666145324707 9.4135284423828125 10
v 10.782292366027832 9.4114303588867188 10
v 7.8138175010681152 11.353126525878906 10
v 7.8110709190368652 9.4156303405761719 10
v 6.3312125205993652 13.478374481201172 10
v 6.3396658897399902 19.476516723632813 10
v 9.839665412902832 19.471572875976563 10
v 13.339665412902832 19.466625213623047 10
v 13.344609260559082 22.970325469970703 10
v 15.787053108215332 22.966873168945313 10
v 18.229467391967773 22.963424682617188 10
v 18.226324081420898 20.749141693115234 14.285714149475098
v 18.226324081420898 20.749141693115234 13.571428298950195
v 18.223211288452148 18.534854888916016 14.285714149475098
v 18.223211288452148 18.534854888916016 13.571428298950195
v 18.220067977905273 16.320571899414063 14.285714149475098
v 18.220067977905273 16.320571899414063 13.571428298950195
v 18.216955184936523 14.106288909912109 14.285714149475098
v 18.216955184936523 14.106288909912109 13.571428298950195
v 18.213811874389648 11.892005920410156 14.285714149475098
v 18.213811874389648 11.892005920410156 13.571428298950195
v 18.210699081420898 9.6777229309082031 14.285714149475098
v 18.210699081420898 9.6777229309082031 13.571428298950195
v 18.207555770874023 7.46343994140625 15
v 18.207555770874023 7.46343994140625 10
v 18.209753036499023 9.0134391784667969 10
v 18.211950302124023 10.563434600830078 10
v 18.214147567749023 12.113433837890625 10
v 18.216314315795898 13.663433074951172 10
v 18.218511581420898 15.213432312011719 10
v 18.220708847045898 16.763431549072266 10
v 18.222906112670898 18.313426971435547 10
v 18.225072860717773 19.863426208496094 10
v 18.227270126342773 21.413425445556641 10
v 18.229467391967773 22.963424682617188 15
v 18.227270126342773 21.413425445556641 15
v 18.225072860717773 19.863426208496094 15
v 18.222906112670898 18.313426971435547 15
v 18.220708847045898 16.763431549072266 15
v 18.218511581420898 15.213432312011719 15
v 18.216314315795898 13.663433074951172 15
v 18.214147567749023 12.113433837890625 15
v 18.211950302124023 10.563434600830078 15
v 18.209753036499023 9.0134391784667969 15
v 18.207555770874023 7.46343994140625 14.375
v 18.207555770874023 7.46343994140625 13.75
v 18.207555770874023 7.46343994140625 13.125
v 18.207555770874023 7.46343994140625 12.5
v 18.207555770874023 7.46343994140625 11.875
v 18.207555770874023 7.46343994140625 11.25
v 18.207555770874023 7.46343994140625 10.625
v 18.229467391967773 22.963424682617188 11.25
v 18.229467391967773 22.963424682617188 12.5
v 18.229467391967773 22.963424682617188 13.75
v 18.213567733764648 11.713436126708984 11.340679168701172
v 18.213567733764648 11.713436126708984 12.340679168701172
v 18.213567733764648 11.713436126708984 13.340679168701172
v 18.227697372436523 21.713424682617188 11.340679168701172
v 18.225683212280273 20.284854888916016 11.340679168701172
v 18.223669052124023 18.856285095214844 11.340679168701172
v 18.221654891967773 17.427715301513672 11.340679168701172
v 18.219610214233398 15.9991455078125 11.340679168701172
v 18.217596054077148 14.570575714111328 11.340679168701172
v 18.215581893920898 13.142005920410156 11.340679168701172
v 18.227697372436523 21.713424682617188 13.340679168701172
v 18.227697372436523 21.713424682617188 12.340679168701172
v 18.215581893920898 13.142005920410156 13.340679168701172
v 18.217596054077148 14.570575714111328 13.340679168701172
v 18.219610214233398 15.9991455078125 13.340679168701172
v 18.221654891967773 17.427715301513672 13.340679168701172
v 18.223669052124023 18.856285095214844 13.340679168701172
v 18.225683212280273 20.284854888916016 13.340679168701172
v 18.226324081420898 20.749141693115234 10.714285850524902
v 18.220067977905273 16.320571899414063 10.714285850524902
v 18.216955184936523 14.106288909912109 10.714285850524902
v 18.210699081420898 9.6777229309082031 12.142857551574707
v 18.210699081420898 9.6777229309082031 10.714285850524902
v 18.213811874389648 11.892005920410156 10.714285850524902
v 18.210699081420898 9.6777229309082031 11.428571701049805
v 18.207555770874023 7.46343994140625 10
v 11.808049201965332 7.4724807739257813 16.125
v 11.808049201965332 7.4724807739257813 15.25
v 10.893803596496582 7.4737701416015625 16.125
v 10.893803596496582 7.4737701416015625 15.25
v 9.979588508605957 7.4750633239746094 16.125
v 9.979588508605957 7.4750633239746094 15.25
v 9.065373420715332 7.4763565063476563 16.125
v 9.065373420715332 7.4763565063476563 15.25
v 8.151158332824707 7.4776458740234375 16.125
v 8.151158332824707 7.4776458740234375 15.25
v 8.151158332824707 7.4776458740234375 14.375
v 8.151158332824707 7.4776458740234375 13.5
v 8.151158332824707 7.4776458740234375 12.625
v 8.151158332824707 7.4776458740234375 11.75
v 8.151158332824707 7.4776458740234375 10.875
v 7.2369437217712402 7.4789390563964844 16.125
v 7.2369437217712402 7.4789390563964844 15.25
v 7.2369437217712402 7.4789390563964844 14.375
v 7.2369437217712402 7.4789390563964844 13.5
v 7.2369437217712402 7.4789390563964844 12.625
v 7.2369437217712402 7.4789390563964844 11.75
v 7.2369437217712402 7.4789390563964844 10.875
v 6.3227286338806152 7.4802284240722656 10
v 6.9830069541931152 7.4792976379394531 10
v 7.6432547569274902 7.478363037109375 10
v 8.303532600402832 7.4774322509765625 10
v 8.963810920715332 7.4764976501464844 10
v 9.624058723449707 7.4755668640136719 10
v 10.284337043762207 7.4746322631835938 10
v 10.944615364074707 7.4737014770507813 10
v 11.604863166809082 7.4727668762207031 10
v 12.265141487121582 7.4718360900878906 10
v 12.925419807434082 7.4709014892578125 10
v 13.585698127746582 7.469970703125 10
v 14.245945930480957 7.4690361022949219 10
v 14.906224250793457 7.4681015014648438 10
v 15.566502571105957 7.4671707153320313 10
v 16.226751327514648 7.4662361145019531 10
v 16.887029647827148 7.4653053283691406 10
v 17.547307968139648 7.4643707275390625 10
v 18.207555770874023 7.46343994140625 10.625
v 18.207555770874023 7.46343994140625 11.25
v 18.207555770874023 7.46343994140625 11.875
v 18.207555770874023 7.46343994140625 12.5
v 18.207555770874023 7.46343994140625 13.125
v 18.207555770874023 7.46343994140625 13.75
v 18.207555770874023 7.46343994140625 14.375
v 18.207555770874023 7.46343994140625 15
v 6.3227286338806152 7.4802284240722656 16.358922958374023
v 6.3227286338806152 7.4802284240722656 15.723030090332031
v 6.3227286338806152 7.4802284240722656 15.087138175964355
v 6.3227286338806152 7.4802284240722656 14.451245307922363
v 6.3227286338806152 7.4802284240722656 13.815353393554688
v 6.3227286338806152 7.4802284240722656 13.179461479187012
v 6.3227286338806152 7.4802284240722656 12.54356861114502
v 6.3227286338806152 7.4802284240722656 11.907676696777344
v 6.3227286338806152 7.4802284240722656 11.271784782409668
v 6.3227286338806152 7.4802284240722656 10.635891914367676
v 17.564702987670898 7.4643478393554688 15.142857551574707
v 16.921850204467773 7.4652557373046875 15.285714149475098
v 16.278997421264648 7.4661636352539063 15.428571701049805
v 15.636143684387207 7.467071533203125 15.571428298950195
v 14.993290901184082 7.4679794311523438 15.714285850524902
v 14.350438117980957 7.4688873291015625 15.857142448425293
v 13.707554817199707 7.4697952270507813 16
v 13.064702033996582 7.470703125 16.142856597900391
v 12.421849250793457 7.4716148376464844 16.285715103149414
v 11.778996467590332 7.4725227355957031 16.428571701049805
v 11.136143684387207 7.4734306335449219 16.571428298950195
v 10.493290901184082 7.4743385314941406 16.714284896850586
v 9.850438117980957 7.4752464294433594 16.857143402099609
v 9.207585334777832 7.4761543273925781 17
v 8.630589485168457 7.4769706726074219 16.871784210205078
v 8.053624153137207 7.477783203125 16.743568420410156
v 7.4766592979431152 7.4785995483398438 16.615352630615234
v 6.8996939659118652 7.4794158935546875 16.487138748168945
v 8.707585334777832 7.4768600463867188 14.5
v 9.290898323059082 7.4760360717773438 14.5
v 9.874241828918457 7.4752120971679688 14.5
v 10.457585334777832 7.4743881225585938 14.5
v 11.040898323059082 7.4735641479492188 14.5
v 11.624241828918457 7.4727401733398438 14.5
v 12.207585334777832 7.4719161987304688 14.5
v 12.207585334777832 7.4719161987304688 13.833333015441895
v 12.207585334777832 7.4719161987304688 13.166666984558105
v 12.207585334777832 7.4719161987304688 12.5
v 12.207585334777832 7.4719161987304688 11.833333015441895
v 12.207585334777832 7.4719161987304688 11.166666984558105
v 12.207585334777832 7.4719161987304688 10.5
v 11.624241828918457 7.4727401733398438 10.5
v 11.040898323059082 7.4735641479492188 10.5
v 10.457585334777832 7.4743881225585938 10.5
v 9.874241828918457 7.4752120971679688 10.5
v 9.290898323059082 7.4760360717773438 10.5
v 8.707585334777832 7.4768600463867188 10.5
v 8.707585334777832 7.4768600463867188 11.166666984558105
v 8.707585334777832 7.4768600463867188 11.833333015441895
v 8.707585334777832 7.4768600463867188 12.5
v 8.707585334777832 7.4768600463867188 13.166666984558105
v 8.707585334777832 7.4768600463867188 13.833333015441895
v 13.707554817199707 7.4697952270507813 14.5
v 14.290898323059082 7.4689712524414063 14.5
v 14.874241828918457 7.4681472778320313 14.5
v 15.457554817199707 7.4673233032226563 14.5
v 16.040899276733398 7.4664993286132813 14.5
v 16.624242782592773 7.4656753540039063 14.5
v 17.207555770874023 7.4648513793945313 14.5
v 17.207555770874023 7.4648513793945313 13.833333015441895
v 17.207555770874023 7.4648513793945313 13.166666984558105
v 17.207555770874023 7.4648513793945313 12.5
v 17.207555770874023 7.4648513793945313 11.833333015441895
v 17.207555770874023 7.4648513793945313 11.166666984558105
v 17.207555770874023 7.4648513793945313 10.5
v 16.624242782592773 7.4656753540039063 10.5
v 16.040899276733398 7.4664993286132813 10.5
v 15.457554817199707 7.4673233032226563 10.5
v 14.874241828918457 7.4681472778320313 10.5
v 14.290898323059082 7.4689712524414063 10.5
v 13.707554817199707 7.4697952270507813 10.5
v 13.707554817199707 7.4697952270507813 11.166666984558105
v 13.707554817199707 7.4697952270507813 11.833333015441895
v 13.707554817199707 7.4697952270507813 12.5
v 13.707554817199707 7.4697952270507813 13.166666984558105
v 13.707554817199707 7.4697952270507813 13.833333015441895
v 17.293340682983398 7.4647293090820313 14.375
v 16.379125595092773 7.4660224914550781 15.25
v 14.550694465637207 7.4686050415039063 15.25
v 17.293340682983398 7.4647293090820313 12.625
v 17.293340682983398 7.4647293090820313 11.75
v 13.636479377746582 7.4698982238769531 15.25
v 12.722264289855957 7.4711875915527344 15.25
v 12.722264289855957 7.4711875915527344 13.5
v 13.636479377746582 7.4698982238769531 13.5
v 12.722264289855957 7.4711875915527344 12.625
v 13.636479377746582 7.4698982238769531 12.625
v 12.722264289855957 7.4711875915527344 11.75
v 13.636479377746582 7.4698982238769531 11.75
v 17.293340682983398 7.4647293090820313 10.875
v 12.722264289855957 7.4711875915527344 10.875
v 13.636479377746582 7.4698982238769531 10.875
v 6.3227286338806152 7.4802284240722656 16.358922958374023
v 6.3227286338806152 7.4802284240722656 10
v 6.3396658897399902 19.476516723632813 10
v 6.3312125205993652 13.478374481201172 10
v 6.3227286338806152 7.4802284240722656 10.635891914367676
v 6.3227286338806152 7.4802284240722656 11.271784782409668
v 6.3227286338806152 7.4802284240722656 11.907676696777344
v 6.3227286338806152 7.4802284240722656 12.54356861114502
v 6.3227286338806152 7.4802284240722656 13.179461479187012
v 6.3227286338806152 7.4802284240722656 13.815353393554688
v 6.3227286338806152 7.4802284240722656 14.451245307922363
v 6.3227286338806152 7.4802284240722656 15.087138175964355
v 6.3227286338806152 7.4802284240722656 15.723030090332031
v 6.3312125205993652 13.478374481201172 13.179461479187012
v 6.3312125205993652 13.478374481201172 11.589730262756348
v 6.3269705772399902 10.479301452636719 13.179461479187012
v 6.3269705772399902 10.479301452636719 11.589730262756348
v 6.3269705772399902 10.479301452636719 10.794865608215332
v 6.3248343467712402 8.979766845703125 11.589730262756348
v 6.3248343467712402 8.979766845703125 10.794865608215332
v 6.3269705772399902 10.479301452636719 12.38459587097168
v 6.3248343467712402 8.979766845703125 13.179461479187012
v 6.3248343467712402 8.979766845703125 12.38459587097168
v 6.3312125205993652 13.478374481201172 14.769191741943359
v 6.3269705772399902 10.479301452636719 14.769191741943359
v 6.3269705772399902 10.479301452636719 13.974326133728027
v 6.3248343467712402 8.979766845703125 14.769191741943359
v 6.3248343467712402 8.979766845703125 13.974326133728027
v 6.3269705772399902 10.479301452636719 15.564057350158691
v 6.3248343467712402 8.979766845703125 15.564057350158691
v 6.3396658897399902 19.476516723632813 16.358922958374023
v 6.3396658897399902 19.476516723632813 13.179461479187012
v 6.3262686729431152 9.9802284240722656 16.358922958374023
v 6.3297781944274902 12.480224609375 16.358922958374023
v 6.3347220420837402 15.978370666503906 16.358922958374023
v 6.3396658897399902 19.476516723632813 10
v 13.339665412902832 19.466625213623047 10
v 9.839665412902832 19.471572875976563 10
v 6.3396658897399902 19.476516723632813 13.179461479187012
v 6.3396658897399902 19.476516723632813 16.358922958374023
v 13.339665412902832 19.466625213623047 16.085521697998047
v 13.339665412902832 19.466625213623047 13.042760848999023
v 9.224522590637207 19.472442626953125 17
v 13.339665412902832 19.466625213623047 16.085521697998047
v 13.339665412902832 19.466625213623047 10
v 13.344609260559082 22.970325469970703 10
v 13.339665412902832 19.466625213623047 13.042760848999023
v 13.344609260559082 22.970325469970703 16.085521697998047
v 13.344609260559082 22.970325469970703 13.042760848999023
v 13.344609260559082 22.970325469970703 16.085521697998047
v 13.344609260559082 22.970325469970703 10
v 18.229467391967773 22.963424682617188 10
v 15.787053108215332 22.966873168945313 10
v 18.229467391967773 22.963424682617188 15
v 18.229467391967773 22.963424682617188 13.75
v 18.229467391967773 22.963424682617188 12.5
v 18.229467391967773 22.963424682617188 11.25
v 13.344609260559082 22.970325469970703 13.042760848999023
v 15.787053108215332 22.966873168945313 15.542760848999023
v 7.7736258506774902 13.476333618164063 16.679460525512695
v 9.207585334777832 7.4761543273925781 17
v 9.224522590637207 19.472442626953125 17
v 9.213231086730957 11.47491455078125 17
v 9.218876838684082 15.473678588867188 17
v 6.3227286338806152 7.4802284240722656 16.358922958374023
v 6.8996939659118652 7.4794158935546875 16.487138748168945
v 7.4766592979431152 7.4785995483398438 16.615352630615234
v 8.053624153137207 7.477783203125 16.743568420410156
v 8.630589485168457 7.4769706726074219 16.871784210205078
v 7.7693839073181152 10.477264404296875 16.679460525512695
v 7.0524039268493652 13.47735595703125 16.519191741943359
v 7.0481619834899902 10.478282928466797 16.519191741943359
v 7.0460562705993652 8.9787483215332031 16.519191741943359
v 6.6875662803649902 10.478790283203125 16.439056396484375
v 6.6854605674743652 8.9792556762695313 16.439056396484375
v 7.7672781944274902 8.9777259826660156 16.679460525512695
v 7.4087882041931152 10.477771759033203 16.599327087402344
v 7.4066519737243652 8.9782371520996094 16.599327087402344
v 8.494847297668457 13.475315093994141 16.839731216430664
v 8.490605354309082 10.476245880126953 16.839731216430664
v 8.488469123840332 8.9767074584960938 16.839731216430664
v 8.129979133605957 10.476753234863281 16.75959587097168
v 8.127873420715332 8.9772186279296875 16.75959587097168
v 8.851201057434082 10.475734710693359 16.919864654541016
v 8.849095344543457 8.9762001037597656 16.919864654541016
v 6.3396658897399902 19.476516723632813 16.358922958374023
v 6.3347220420837402 15.978370666503906 16.358922958374023
v 6.3297781944274902 12.480224609375 16.358922958374023
v 6.3262686729431152 9.9802284240722656 16.358922958374023
v 9.207585334777832 7.4761543273925781 17
v 18.207555770874023 7.46343994140625 15
v 18.229467391967773 22.963424682617188 15
v 18.209753036499023 9.0134391784667969 15
v 18.211950302124023 10.563434600830078 15
v 18.214147567749023 12.113433837890625 15
v 18.216314315795898 13.663433074951172 15
v 18.218511581420898 15.213432312011719 15
v 18.220708847045898 16.763431549072266 15
v 18.222906112670898 18.313426971435547 15
v 18.225072860717773 19.863426208496094 15
v 18.227270126342773 21.413425445556641 15
v 13.718510627746582 15.21978759765625 16
v 15.968510627746582 15.216609954833984 15.5
v 13.713047981262207 11.344791412353516 16
v 15.963047981262207 11.34161376953125 15.5
v 15.974003791809082 19.091606140136719 15.5
v 13.344609260559082 22.970325469970703 16.085521697998047
v 13.339665412902832 19.466625213623047 16.085521697998047
v 9.224522590637207 19.472442626953125 17
v 9.218876838684082 15.473678588867188 17
v 9.213231086730957 11.47491455078125 17
v 9.850438117980957 7.4752464294433594 16.857143402099609
v 10.493290901184082 7.4743385314941406 16.714284896850586
v 11.136143684387207 7.4734306335449219 16.571428298950195
v 11.778996467590332 7.4725227355957031 16.428571701049805
v 12.421849250793457 7.4716148376464844 16.285715103149414
v 13.064702033996582 7.470703125 16.142856597900391
v 13.707554817199707 7.4697952270507813 16
v 14.350438117980957 7.4688873291015625 15.857142448425293
v 14.993290901184082 7.4679794311523438 15.714285850524902
v 15.636143684387207 7.467071533203125 15.571428298950195
v 16.278997421264648 7.4661636352539063 15.428571701049805
v 16.921850204467773 7.4652557373046875 15.285714149475098
v 17.564702987670898 7.4643478393554688 15.142857551574707
v 11.468510627746582 15.222969055175781 16.5
v 11.463047981262207 11.347972869873047 16.5
v 11.460301399230957 9.4104728698730469 16.5
v 10.338047981262207 11.349559783935547 16.75
v 10.335301399230957 9.4120635986328125 16.75
v 13.710301399230957 9.4072952270507813 16
v 12.588047981262207 11.346382141113281 16.25
v 12.585301399230957 9.4088821411132813 16.25
v 15.960301399230957 9.4041175842285156 15.5
v 14.838047981262207 11.343204498291016 15.75
v 14.835301399230957 9.4057044982910156 15.75
v 17.088048934936523 11.340023040771484 15.25
v 17.085302352905273 9.40252685546875 15.25
v 15.787053108215332 22.966873168945313 15.542760848999023
vt 0.99853515625 0
vt 0.66167616844177246 0
vt 0.66167616844177246 0.44123566150665283
vt 0.66167616844177246 0.39711207151412964
vt 0.66167616844177246 0.35298854112625122
vt 0.66167616844177246 0.30886495113372803
vt 0.66167616844177246 0.26474139094352722
vt 0.66167616844177246 0.22061783075332642
vt 0.66167616844177246 0.17649427056312561
vt 0.66167616844177246 0.13237069547176361
vt 0.66167616844177246 0.088247135281562805
vt 0.66167616844177246 0.044123567640781403
vt 0.83010566234588623 0.22061783075332642
vt 0.74589091539382935 0.22061783075332642
vt 0.83010566234588623 0.11030891537666321
vt 0.74589091539382935 0.11030891537666321
vt 0.68039059638977051 0
vt 0.69910496473312378 0
vt 0.71781933307647705 0
vt 0.73653370141983032 0
vt 0.75524812936782837 0
vt 0.77396249771118164 0
vt 0.79267686605453491 0
vt 0.81139129400253296 0
vt 0.83010566234588623 0
vt 0.8488200306892395 0
vt 0.86753445863723755 0
vt 0.88624882698059082 0
vt 0.90496319532394409 0
vt 0.92367762327194214 0
vt 0.94239199161529541 0
vt 0.96110635995864868 0
vt 0.97982078790664673 0
vt 0.70378357172012329 0.11030891537666321
vt 0.74589091539382935 0.055154457688331604
vt 0.70378357172012329 0.055154457688331604
vt 0.78799831867218018 0.11030891537666321
vt 0.83010566234588623 0.055154457688331604
vt 0.78799831867218018 0.055154457688331604
vt 0.91432040929794312 0.22061783075332642
vt 0.91432040929794312 0.11030891537666321
vt 0.87221306562423706 0.11030891537666321
vt 0.91432040929794312 0.055154457688331604
vt 0.87221306562423706 0.055154457688331604
vt 0.95642781257629395 0.11030891537666321
vt 0.95642781257629395 0.055154457688331604
vt 0.99853515625 0.17074821889400482
vt 0.99853515625 0.34149643778800964
vt 0.89933270215988159 0.34149643778800964
vt 0.80013018846511841 0.34149643778800964
vt 0.80013018846511841 0.44123566150665283
vt 0.73090320825576782 0.44123566150665283
vt 0.51934212446212769 0.44123566150665283
vt 0.64008718729019165 0.50406008958816528
vt 0.61996299028396606 0.50406008958816528
vt 0.64008718729019165 0.56688445806503296
vt 0.61996299028396606 0.56688445806503296
vt 0.64008718729019165 0.62970888614654541
vt 0.61996299028396606 0.62970888614654541
vt 0.64008718729019165 0.69253325462341309
vt 0.61996299028396606 0.69253325462341309
vt 0.64008718729019165 0.75535768270492554
vt 0.61996299028396606 0.75535768270492554
vt 0.64008718729019165 0.81818205118179321
vt 0.61996299028396606 0.81818205118179321
vt 0.66021132469177246 0.88100647926330566
vt 0.51934212446212769 0.88100647926330566
vt 0.51934212446212769 0.83702939748764038
vt 0.51934212446212769 0.7930523157119751
vt 0.51934212446212769 0.74907523393630981
vt 0.51934212446212769 0.70509815216064453
vt 0.51934212446212769 0.66112107038497925
vt 0.51934212446212769 0.61714398860931396
vt 0.51934212446212769 0.57316690683364868
vt 0.51934212446212769 0.5291898250579834
vt 0.51934212446212769 0.48521274328231812
vt 0.66021132469177246 0.44123566150665283
vt 0.66021132469177246 0.48521274328231812
vt 0.66021132469177246 0.5291898250579834
vt 0.66021132469177246 0.57316690683364868
vt 0.66021132469177246 0.61714398860931396
vt 0.66021132469177246 0.66112107038497925
vt 0.66021132469177246 0.70509815216064453
vt 0.66021132469177246 0.74907523393630981
vt 0.66021132469177246 0.7930523157119751
vt 0.66021132469177246 0.83702939748764038
vt 0.64260268211364746 0.88100647926330566
vt 0.62499403953552246 0.88100647926330566
vt 0.60738539695739746 0.88100647926330566
vt 0.58977669477462769 0.88100647926330566
vt 0.57216805219650269 0.88100647926330566
vt 0.55455940961837769 0.88100647926330566
vt 0.53695076704025269 0.88100647926330566
vt 0.55455940961837769 0.44123566150665283
vt 0.58977669477462769 0.44123566150665283
vt 0.62499403953552246 0.44123566150665283
vt 0.55711418390274048 0.76042413711547852
vt 0.58528804779052734 0.76042413711547852
vt 0.61346191167831421 0.76042413711547852
vt 0.55711418390274048 0.4767010509967804
vt 0.55711418390274048 0.51723289489746094
vt 0.55711418390274048 0.55776476860046387
vt 0.55711418390274048 0.5982966423034668
vt 0.55711418390274048 0.63882851600646973
vt 0.55711418390274048 0.67936038970947266
vt 0.55711418390274048 0.71989226341247559
vt 0.61346191167831421 0.4767010509967804
vt 0.58528804779052734 0.4767010509967804
vt 0.61346191167831421 0.71989226341247559
vt 0.61346191167831421 0.67936038970947266
vt 0.61346191167831421 0.63882851600646973
vt 0.61346191167831421 0.5982966423034668
vt 0.61346191167831421 0.55776476860046387
vt 0.61346191167831421 0.51723289489746094
vt 0.5394662618637085 0.50406008958816528
vt 0.5394662618637085 0.62970888614654541
vt 0.5394662618637085 0.69253325462341309
vt 0.57971459627151489 0.81818205118179321
vt 0.5394662618637085 0.81818205118179321
vt 0.5394662618637085 0.75535768270492554
vt 0.55959045886993408 0.81818205118179321
vt 0 0.8457033634185791
vt 0.18138560652732849 0.67134416103363037
vt 0.18138560652732849 0.69625258445739746
vt 0.20729783177375793 0.67134416103363037
vt 0.20729783177375793 0.69625258445739746
vt 0.23321007192134857 0.67134416103363037
vt 0.23321007192134857 0.69625258445739746
vt 0.25912228226661682 0.67134416103363037
vt 0.25912228226661682 0.69625258445739746
vt 0.28503450751304626 0.67134416103363037
vt 0.28503450751304626 0.69625258445739746
vt 0.28503450751304626 0.72116106748580933
vt 0.28503450751304626 0.74606955051422119
vt 0.28503450751304626 0.77097797393798828
vt 0.28503450751304626 0.79588645696640015
vt 0.28503450751304626 0.82079493999481201
vt 0.3109467625617981 0.67134416103363037
vt 0.3109467625617981 0.69625258445739746
vt 0.3109467625617981 0.72116106748580933
vt 0.3109467625617981 0.74606955051422119
vt 0.3109467625617981 0.77097797393798828
vt 0.3109467625617981 0.79588645696640015
vt 0.3109467625617981 0.82079493999481201
vt 0.33685898780822754 0.8457033634185791
vt 0.31814458966255188 0.8457033634185791
vt 0.29943019151687622 0.8457033634185791
vt 0.28071579337120056 0.8457033634185791
vt 0.26200142502784729 0.8457033634185791
vt 0.24328702688217163 0.8457033634185791
vt 0.22457265853881836 0.8457033634185791
vt 0.2058582603931427 0.8457033634185791
vt 0.18714387714862823 0.8457033634185791
vt 0.16842949390411377 0.8457033634185791
vt 0.14971509575843811 0.8457033634185791
vt 0.13100071251392365 0.8457033634185791
vt 0.11228632926940918 0.8457033634185791
vt 0.093571938574314117 0.8457033634185791
vt 0.074857547879219055 0.8457033634185791
vt 0.05614316463470459 0.8457033634185791
vt 0.037428773939609528 0.8457033634185791
vt 0.018714386969804764 0.8457033634185791
vt 0 0.8279116153717041
vt 0 0.8101198673248291
vt 0 0.7923281192779541
vt 0 0.7745363712310791
vt 0 0.75674456357955933
vt 0 0.73895281553268433
vt 0 0.72116106748580933
vt 0 0.70336931943893433
vt 0.33685898780822754 0.66468513011932373
vt 0.33685898780822754 0.68278694152832031
vt 0.33685898780822754 0.70088875293731689
vt 0.33685898780822754 0.71899056434631348
vt 0.33685898780822754 0.73709243535995483
vt 0.33685898780822754 0.75519424676895142
vt 0.33685898780822754 0.773296058177948
vt 0.33685898780822754 0.79139792919158936
vt 0.33685898780822754 0.80949974060058594
vt 0.33685898780822754 0.82760155200958252
vt 0.018220862373709679 0.69930261373519897
vt 0.036441724747419357 0.69523590803146362
vt 0.054662585258483887 0.69116926193237305
vt 0.072883449494838715 0.6871025562286377
vt 0.091104313731193542 0.68303585052490234
vt 0.10932517051696777 0.67896920442581177
vt 0.127546027302742 0.67490249872207642
vt 0.14576689898967743 0.67083579301834106
vt 0.16398775577545166 0.66676908731460571
vt 0.18220862746238708 0.66270244121551514
vt 0.20042949914932251 0.65863573551177979
vt 0.21865034103393555 0.65456902980804443
vt 0.23687121272087097 0.65050238370895386
vt 0.25509205460548401 0.64643567800521851
vt 0.27144545316696167 0.65008556842803955
vt 0.28779882192611694 0.6537354588508606
vt 0.3041522204875946 0.65738534927368164
vt 0.32050558924674988 0.66103523969650269
vt 0.2692638635635376 0.71760272979736328
vt 0.2527301013469696 0.71760272979736328
vt 0.23619635403156281 0.71760272979736328
vt 0.2196626216173172 0.71760272979736328
vt 0.2031288743019104 0.71760272979736328
vt 0.1865951269865036 0.71760272979736328
vt 0.1700613796710968 0.71760272979736328
vt 0.1700613796710968 0.73658061027526855
vt 0.1700613796710968 0.75555849075317383
vt 0.1700613796710968 0.7745363712310791
vt 0.1700613796710968 0.7935141921043396
vt 0.1700613796710968 0.81249207258224487
vt 0.1700613796710968 0.83146995306015015
vt 0.1865951269865036 0.83146995306015015
vt 0.2031288743019104 0.83146995306015015
vt 0.2196626216173172 0.83146995306015015
vt 0.23619635403156281 0.83146995306015015
vt 0.2527301013469696 0.83146995306015015
vt 0.2692638635635376 0.83146995306015015
vt 0.2692638635635376 0.81249207258224487
vt 0.2692638635635376 0.7935141921043396
vt 0.2692638635635376 0.7745363712310791
vt 0.2692638635635376 0.75555849075317383
vt 0.2692638635635376 0.73658061027526855
vt 0.127546027302742 0.71760272979736328
vt 0.1110122874379158 0.71760272979736328
vt 0.094478540122509003 0.71760272979736328
vt 0.0779448002576828 0.71760272979736328
vt 0.061411052942276001 0.71760272979736328
vt 0.044877305626869202 0.71760272979736328
vt 0.02834356389939785 0.71760272979736328
vt 0.02834356389939785 0.73658061027526855
vt 0.02834356389939785 0.75555849075317383
vt 0.02834356389939785 0.7745363712310791
vt 0.02834356389939785 0.7935141921043396
vt 0.02834356389939785 0.81249207258224487
vt 0.02834356389939785 0.83146995306015015
vt 0.044877305626869202 0.83146995306015015
vt 0.061411052942276001 0.83146995306015015
vt 0.0779448002576828 0.83146995306015015
vt 0.094478540122509003 0.83146995306015015
vt 0.1110122874379158 0.83146995306015015
vt 0.127546027302742 0.83146995306015015
vt 0.127546027302742 0.81249207258224487
vt 0.127546027302742 0.7935141921043396
vt 0.127546027302742 0.7745363712310791
vt 0.127546027302742 0.75555849075317383
vt 0.127546027302742 0.73658061027526855
vt 0.025912228971719742 0.72116106748580933
vt 0.051824457943439484 0.69625258445739746
vt 0.10364891588687897 0.69625258445739746
vt 0.025912228971719742 0.77097797393798828
vt 0.025912228971719742 0.79588645696640015
vt 0.12956114113330841 0.69625258445739746
vt 0.15547338128089905 0.69625258445739746
vt 0.15547338128089905 0.74606955051422119
vt 0.12956114113330841 0.74606955051422119
vt 0.15547338128089905 0.77097797393798828
vt 0.12956114113330841 0.77097797393798828
vt 0.15547338128089905 0.79588645696640015
vt 0.12956114113330841 0.79588645696640015
vt 0.025912228971719742 0.82079493999481201
vt 0.15547338128089905 0.82079493999481201
vt 0.12956114113330841 0.82079493999481201
vt 0.51787728071212769 0.44123566150665283
vt 0.33832383155822754 0.44123566150665283
vt 0.33832383155822754 0.78273206949234009
vt 0.33832383155822754 0.61198389530181885
vt 0.3562791645526886 0.44123566150665283
vt 0.37423449754714966 0.44123566150665283
vt 0.39218986034393311 0.44123566150665283
vt 0.41014519333839417 0.44123566150665283
vt 0.42810052633285522 0.44123566150665283
vt 0.44605588912963867 0.44123566150665283
vt 0.46401122212409973 0.44123566150665283
vt 0.48196655511856079 0.44123566150665283
vt 0.49992191791534424 0.44123566150665283
vt 0.42810052633285522 0.61198389530181885
vt 0.38321217894554138 0.61198389530181885
vt 0.42810052633285522 0.52660977840423584
vt 0.38321217894554138 0.52660977840423584
vt 0.36076799035072327 0.52660977840423584
vt 0.38321217894554138 0.48392271995544434
vt 0.36076799035072327 0.48392271995544434
vt 0.4056563675403595 0.52660977840423584
vt 0.42810052633285522 0.48392271995544434
vt 0.4056563675403595 0.48392271995544434
vt 0.47298890352249146 0.61198389530181885
vt 0.47298890352249146 0.52660977840423584
vt 0.45054471492767334 0.52660977840423584
vt 0.47298890352249146 0.48392271995544434
vt 0.45054471492767334 0.48392271995544434
vt 0.49543306231498718 0.52660977840423584
vt 0.49543306231498718 0.48392271995544434
vt 0.51787728071212769 0.78273206949234009
vt 0.42810052633285522 0.78273206949234009
vt 0.51787728071212769 0.51240271329879761
vt 0.51787728071212769 0.58356976509094238
vt 0.51787728071212769 0.68315094709396362
vt 0.10197776556015015 0
vt 0.10197776556015015 0.19926771521568298
vt 0.10197776556015015 0.099633857607841492
vt 0.19248689711093903 0
vt 0.28299602866172791 0
vt 0.27521321177482605 0.19926771521568298
vt 0.1885954886674881 0.19926771521568298
vt 0.30124548077583313 0.082122467458248138
vt 0 0.44123566150665283
vt 0 0.61447107791900635
vt 0.099739223718643188 0.61447107791900635
vt 0 0.52785336971282959
vt 0.099739223718643188 0.44123566150665283
vt 0.099739223718643188 0.52785336971282959
vt 0.1413099467754364 0.44123566150665283
vt 0.1413099467754364 0.61447107791900635
vt 0.28036606311798096 0.61447107791900635
vt 0.21083800494670868 0.61447107791900635
vt 0.28036606311798096 0.47213700413703918
vt 0.28036606311798096 0.50772053003311157
vt 0.28036606311798096 0.54330402612686157
vt 0.28036606311798096 0.57888758182525635
vt 0.1413099467754364 0.52785336971282959
vt 0.21083800494670868 0.4566863477230072
vt 0.042062874883413315 0.17074821889400482
vt 0.08412574976682663 0
vt 0.08412574976682663 0.34149643778800964
vt 0.08412574976682663 0.11383214592933655
vt 0.08412574976682663 0.2276642918586731
vt 0 0
vt 0.016825150698423386 0
vt 0.033650301396846771 0
vt 0.050475452095270157 0
vt 0.067300602793693542 0
vt 0.042062874883413315 0.085374109447002411
vt 0.021031437441706657 0.17074821889400482
vt 0.021031437441706657 0.085374109447002411
vt 0.021031437441706657 0.042687054723501205
vt 0.010515718720853329 0.085374109447002411
vt 0.010515718720853329 0.042687054723501205
vt 0.042062874883413315 0.042687054723501205
vt 0.031547155231237411 0.085374109447002411
vt 0.031547155231237411 0.042687054723501205
vt 0.063094310462474823 0.17074821889400482
vt 0.063094310462474823 0.085374109447002411
vt 0.063094310462474823 0.042687054723501205
vt 0.052578594535589218 0.085374109447002411
vt 0.052578594535589218 0.042687054723501205
vt 0.073610030114650726 0.085374109447002411
vt 0.073610030114650726 0.042687054723501205
vt 0 0.34149643778800964
vt 0 0.2419152706861496
vt 0 0.14233408868312836
vt 0 0.071167044341564178
vt 0.34353134036064148 0
vt 0.60598242282867432 0
vt 0.60598242282867432 0.43977081775665283
vt 0.60598242282867432 0.043977081775665283
vt 0.60598242282867432 0.087954163551330566
vt 0.60598242282867432 0.13193124532699585
vt 0.60598242282867432 0.17590832710266113
vt 0.60598242282867432 0.21988540887832642
vt 0.60598242282867432 0.2638624906539917
vt 0.60598242282867432 0.30783957242965698
vt 0.60598242282867432 0.35181665420532227
vt 0.60598242282867432 0.39579373598098755
vt 0.4747568666934967 0.21988540887832642
vt 0.54036962985992432 0.21988540887832642
vt 0.4747568666934967 0.10994270443916321
vt 0.54036962985992432 0.10994270443916321
vt 0.54036962985992432 0.32982811331748962
vt 0.46353420615196228 0.43977081775665283
vt 0.46353420615196228 0.34036269783973694
vt 0.34353134036064148 0.34036269783973694
vt 0.34353134036064148 0.22690846025943756
vt 0.34353134036064148 0.11345423012971878
vt 0.36227783560752869 0
vt 0.38102436065673828 0
vt 0.39977085590362549 0
vt 0.4185173511505127 0
vt 0.43726387619972229 0
vt 0.4560103714466095 0
vt 0.4747568666934967 0
vt 0.4935033917427063 0
vt 0.51224988698959351 0
vt 0.53099638223648071 0
vt 0.54974287748336792 0
vt 0.5684894323348999 0
vt 0.58723592758178711 0
vt 0.40914410352706909 0.21988540887832642
vt 0.40914410352706909 0.10994270443916321
vt 0.40914410352706909 0.054971352219581604
vt 0.37633770704269409 0.10994270443916321
vt 0.37633770704269409 0.054971352219581604
vt 0.4747568666934967 0.054971352219581604
vt 0.44195050001144409 0.10994270443916321
vt 0.44195050001144409 0.054971352219581604
vt 0.54036962985992432 0.054971352219581604
vt 0.50756323337554932 0.10994270443916321
vt 0.50756323337554932 0.054971352219581604
vt 0.57317602634429932 0.10994270443916321
vt 0.57317602634429932 0.054971352219581604
vt 0.53475832939147949 0.43977081775665283
vn 0 0 -1
vn 0 0 -1
vn 0 0 -1
vn 0 0 -1
vn 0 0 -1
vn 0 0 -1
vn 0 0 -1
vn 0 0 -1
vn 0 0 -1
vn 0 0 -1
vn 0 0 -1
vn 0 0 -1
vn 0 0 -1
vn 0 0 -1
vn 0 0 -1
vn 0 0 -1
vn 0 0 -1
vn 0 0 -1
vn 0 0 -1
vn 0 0 -1
vn 0 0 -1
vn 0 0 -1
vn 0 0 -1
vn 0 0 -1
vn 0 0 -1
vn 0 0 -1
vn 0 0 -1
vn 0 0 -1
vn 0 0 -1
vn 0 0 -1
vn 0 0 -1
vn 0 0 -1
vn 0 0 -1
vn 0 0 -1
vn 0 0 -1
vn 0 0 -1
vn 0 0 -1
vn 0 0 -1
vn 0 0 -1
vn 0 0 -1
vn 0 0 -1
vn 0 0 -1
vn 0 0 -1
vn 0 0 -1
vn 0 0 -1
vn 0 0 -1
vn 0 0 -1
vn 0 0 -1
vn 0 0 -1
vn 0 0 -1
vn 0 0 -1
vn 0 0 -1
vn 0.99999898672103882 -0.0014127603499218822 0
vn 0.99999898672103882 -0.0014127603499218822 0
vn 0.99999898672103882 -0.0014127603499218822 0
vn 0.99999898672103882 -0.0014127603499218822 0
vn 0.99999898672103882 -0.0014127603499218822 0
vn 0.99999898672103882 -0.0014127603499218822 0
vn 0.99999898672103882 -0.0014127603499218822 0
vn 0.99999898672103882 -0.0014127603499218822 0
vn 0.99999898672103882 -0.0014127603499218822 0
vn 0.99999898672103882 -0.0014127603499218822 0
vn 0.99999898672103882 -0.0014127603499218822 0
vn 0.99999898672103882 -0.0014127603499218822 0
vn 0.99999898672103882 -0.0014127603499218822 0
vn 0.99999898672103882 -0.0014127603499218822 0
vn 0.99999898672103882 -0.0014127603499218822 0
vn 0.99999898672103882 -0.0014127603499218822 0
vn 0.99999898672103882 -0.0014127603499218822 0
vn 0.99999898672103882 -0.0014127603499218822 0
vn 0.99999898672103882 -0.0014127603499218822 0
vn 0.99999898672103882 -0.0014127603499218822 0
vn 0.99999898672103882 -0.0014127603499218822 0
vn 0.99999898672103882 -0.0014127603499218822 0
vn 0.99999898672103882 -0.0014127603499218822 0
vn 0.99999898672103882 -0.0014127603499218822 0
vn 0.99999898672103882 -0.0014127603499218822 0
vn 0.99999898672103882 -0.0014127603499218822 0
vn 0.99999898672103882 -0.0014127603499218822 0
vn 0.99999898672103882 -0.0014127603499218822 0
vn 0.99999898672103882 -0.0014127603499218822 0
vn 0.99999898672103882 -0.0014127603499218822 0
vn 0.99999898672103882 -0.0014127603499218822 0
vn 0.99999898672103882 -0.0014127603499218822 0
vn 0.99999898672103882 -0.0014127603499218822 0
vn 0.99999898672103882 -0.0014127603499218822 0
vn 0.99999898672103882 -0.0014127603499218822 0
vn 0.99999898672103882 -0.0014127603499218822 0
vn 0.99999898672103882 -0.0014127603499218822 0
vn 0.99999898672103882 -0.0014127603499218822 0
vn 0.99999898672103882 -0.0014127603499218822 0
vn 0.99999898672103882 -0.0014127603499218822 0
vn 0.99999898672103882 -0.0014127603499218822 0
vn 0.99999898672103882 -0.0014127603499218822 0
vn 0.99999898672103882 -0.0014127603499218822 0
vn 0.99999898672103882 -0.0014127603499218822 0
vn 0.99999898672103882 -0.0014127603499218822 0
vn 0.99999898672103882 -0.0014127603499218822 0
vn 0.99999898672103882 -0.0014127603499218822 0
vn 0.99999898672103882 -0.0014127603499218822 0
vn 0.99999898672103882 -0.0014127603499218822 0
vn 0.99999898672103882 -0.0014127603499218822 0
vn 0.99999898672103882 -0.0014127603499218822 0
vn 0.99999898672103882 -0.0014127603499218822 0
vn 0.99999898672103882 -0.0014127603499218822 0
vn 0.99999898672103882 -0.0014127603499218822 0
vn 0.99999898672103882 -0.0014127603499218822 0
vn 0.99999898672103882 -0.0014127603499218822 0
vn 0.99999898672103882 -0.0014127603499218822 0
vn 0.99999898672103882 -0.0014127603499218822 0
vn 0.99999898672103882 -0.0014127603499218822 0
vn 0.99999898672103882 -0.0014127603499218822 0
vn 0.99999898672103882 -0.0014127603499218822 0
vn 0.99999898672103882 -0.0014127603499218822 0
vn 0.99999898672103882 -0.0014127603499218822 0
vn 0.99999898672103882 -0.0014127603499218822 0
vn 0.99999898672103882 -0.0014127603499218822 0
vn 0.99999898672103882 -0.0014127603499218822 0
vn 0.99999898672103882 -0.0014127603499218822 0
vn 0.99999898672103882 -0.0014127603499218822 0
vn 0.99999898672103882 -0.0014127603499218822 0
vn -0.0014127603499218822 -0.99999898672103882 0
vn -0.0014127603499218822 -0.99999898672103882 0
vn -0.0014127603499218822 -0.99999898672103882 0
vn -0.0014127603499218822 -0.99999898672103882 0
vn -0.0014127603499218822 -0.99999898672103882 0
vn -0.0014127603499218822 -0.99999898672103882 0
vn -0.0014127603499218822 -0.99999898672103882 0
vn -0.0014127603499218822 -0.99999898672103882 0
vn -0.0014127603499218822 -0.99999898672103882 0
vn -0.0014127603499218822 -0.99999898672103882 0
vn -0.0014127603499218822 -0.99999898672103882 0
vn -0.0014127603499218822 -0.99999898672103882 0
vn -0.0014127603499218822 -0.99999898672103882 0
vn -0.0014127603499218822 -0.99999898672103882 0
vn -0.0014127603499218822 -0.99999898672103882 0
vn -0.0014127603499218822 -0.99999898672103882 0
vn -0.0014127603499218822 -0.99999898672103882 0
vn -0.0014127603499218822 -0.99999898672103882 0
vn -0.0014127603499218822 -0.99999898672103882 0
vn -0.0014127603499218822 -0.99999898672103882 0
vn -0.0014127603499218822 -0.99999898672103882 0
vn -0.0014127603499218822 -0.99999898672103882 0
vn -0.0014127603499218822 -0.99999898672103882 0
vn -0.0014127603499218822 -0.99999898672103882 0
vn -0.0014127603499218822 -0.99999898672103882 0
vn -0.0014127603499218822 -0.99999898672103882 0
vn -0.0014127603499218822 -0.99999898672103882 0
vn -0.0014127603499218822 -0.99999898672103882 0
vn -0.0014127603499218822 -0.99999898672103882 0
vn -0.0014127603499218822 -0.99999898672103882 0
vn -0.0014127603499218822 -0.99999898672103882 0
vn -0.0014127603499218822 -0.99999898672103882 0
vn -0.0014127603499218822 -0.99999898672103882 0
vn -0.0014127603499218822 -0.99999898672103882 0
vn -0.0014127603499218822 -0.99999898672103882 0
vn -0.0014127603499218822 -0.99999898672103882 0
vn -0.0014127603499218822 -0.99999898672103882 0
vn -0.0014127603499218822 -0.99999898672103882 0
vn -0.0014127603499218822 -0.99999898672103882 0
vn -0.0014127603499218822 -0.99999898672103882 0
vn -0.0014127603499218822 -0.99999898672103882 0
vn -0.0014127603499218822 -0.99999898672103882 0
vn -0.0014127603499218822 -0.99999898672103882 0
vn -0.0014127603499218822 -0.99999898672103882 0
vn -0.0014127603499218822 -0.99999898672103882 0
vn -0.0014127603499218822 -0.99999898672103882 0
vn -0.0014127603499218822 -0.99999898672103882 0
vn -0.0014127603499218822 -0.99999898672103882 0
vn -0.0014127603499218822 -0.99999898672103882 0
vn -0.0014127603499218822 -0.99999898672103882 0
vn -0.0014127603499218822 -0.99999898672103882 0
vn -0.0014127603499218822 -0.99999898672103882 0
vn -0.0014127603499218822 -0.99999898672103882 0
vn -0.0014127603499218822 -0.99999898672103882 0
vn -0.0014127603499218822 -0.99999898672103882 0
vn -0.0014127603499218822 -0.99999898672103882 0
vn -0.0014127603499218822 -0.99999898672103882 0
vn -0.0014127603499218822 -0.99999898672103882 0
vn -0.0014127603499218822 -0.99999898672103882 0
vn -0.0014127603499218822 -0.99999898672103882 0
vn -0.0014127603499218822 -0.99999898672103882 0
vn -0.0014127603499218822 -0.99999898672103882 0
vn -0.0014127603499218822 -0.99999898672103882 0
vn -0.0014127603499218822 -0.99999898672103882 0
vn -0.0014127603499218822 -0.99999898672103882 0
vn -0.0014127603499218822 -0.99999898672103882 0
vn -0.0014127603499218822 -0.99999898672103882 0
vn -0.0014127603499218822 -0.99999898672103882 0
vn -0.0014127603499218822 -0.99999898672103882 0
vn -0.0014127603499218822 -0.99999898672103882 0
vn -0.0014127603499218822 -0.99999898672103882 0
vn -0.0014127603499218822 -0.99999898672103882 0
vn -0.0014127603499218822 -0.99999898672103882 0
vn -0.0014127603499218822 -0.99999898672103882 0
vn -0.0014127603499218822 -0.99999898672103882 0
vn -0.0014127603499218822 -0.99999898672103882 0
vn -0.0014127603499218822 -0.99999898672103882 0
vn -0.0014127603499218822 -0.99999898672103882 0
vn -0.0014127603499218822 -0.99999898672103882 0
vn -0.0014127603499218822 -0.99999898672103882 0
vn -0.0014127603499218822 -0.99999898672103882 0
vn -0.0014127603499218822 -0.99999898672103882 0
vn -0.0014127603499218822 -0.99999898672103882 0
vn -0.0014127603499218822 -0.99999898672103882 0
vn -0.0014127603499218822 -0.99999898672103882 0
vn -0.0014127603499218822 -0.99999898672103882 0
vn -0.0014127603499218822 -0.99999898672103882 0
vn -0.0014127603499218822 -0.99999898672103882 0
vn -0.0014127603499218822 -0.99999898672103882 0
vn -0.0014127603499218822 -0.99999898672103882 0
vn -0.0014127603499218822 -0.99999898672103882 0
vn -0.0014127603499218822 -0.99999898672103882 0
vn -0.0014127603499218822 -0.99999898672103882 0
vn -0.0014127603499218822 -0.99999898672103882 0
vn -0.0014127603499218822 -0.99999898672103882 0
vn -0.0014127603499218822 -0.99999898672103882 0
vn -0.0014127603499218822 -0.99999898672103882 0
vn -0.0014127603499218822 -0.99999898672103882 0
vn -0.0014127603499218822 -0.99999898672103882 0
vn -0.0014127603499218822 -0.99999898672103882 0
vn -0.0014127603499218822 -0.99999898672103882 0
vn -0.0014127603499218822 -0.99999898672103882 0
vn -0.0014127603499218822 -0.99999898672103882 0
vn -0.0014127603499218822 -0.99999898672103882 0
vn -0.0014127603499218822 -0.99999898672103882 0
vn -0.0014127603499218822 -0.99999898672103882 0
vn -0.0014127603499218822 -0.99999898672103882 0
vn -0.0014127603499218822 -0.99999898672103882 0
vn -0.0014127603499218822 -0.99999898672103882 0
vn -0.0014127603499218822 -0.99999898672103882 0
vn -0.0014127603499218822 -0.99999898672103882 0
vn -0.0014127603499218822 -0.99999898672103882 0
vn -0.0014127603499218822 -0.99999898672103882 0
vn -0.0014127603499218822 -0.99999898672103882 0
vn -0.0014127603499218822 -0.99999898672103882 0
vn -0.0014127603499218822 -0.99999898672103882 0
vn -0.0014127603499218822 -0.99999898672103882 0
vn -0.0014127603499218822 -0.99999898672103882 0
vn -0.0014127603499218822 -0.99999898672103882 0
vn -0.0014127603499218822 -0.99999898672103882 0
vn -0.0014127603499218822 -0.99999898672103882 0
vn -0.0014127603499218822 -0.99999898672103882 0
vn -0.0014127603499218822 -0.99999898672103882 0
vn -0.0014127603499218822 -0.99999898672103882 0
vn -0.0014127603499218822 -0.99999898672103882 0
vn -0.0014127603499218822 -0.99999898672103882 0
vn -0.0014127603499218822 -0.99999898672103882 0
vn -0.0014127603499218822 -0.99999898672103882 0
vn -0.0014127603499218822 -0.99999898672103882 0
vn -0.0014127603499218822 -0.99999898672103882 0
vn -0.0014127603499218822 -0.99999898672103882 0
vn -0.0014127603499218822 -0.99999898672103882 0
vn -0.0014127603499218822 -0.99999898672103882 0
vn -0.0014127603499218822 -0.99999898672103882 0
vn -0.0014127603499218822 -0.99999898672103882 0
vn -0.0014127603499218822 -0.99999898672103882 0
vn -0.0014127603499218822 -0.99999898672103882 0
vn -0.0014127603499218822 -0.99999898672103882 0
vn -0.0014127603499218822 -0.99999898672103882 0
vn -0.0014127603499218822 -0.99999898672103882 0
vn -0.0014127603499218822 -0.99999898672103882 0
vn -0.99999898672103882 0.0014127603499218822 0
vn -0.99999898672103882 0.0014127603499218822 0
vn -0.99999898672103882 0.0014127603499218822 0
vn -0.99999898672103882 0.0014127603499218822 0
vn -0.99999898672103882 0.0014127603499218822 0
vn -0.99999898672103882 0.0014127603499218822 0
vn -0.99999898672103882 0.0014127603499218822 0
vn -0.99999898672103882 0.0014127603499218822 0
vn -0.99999898672103882 0.0014127603499218822 0
vn -0.99999898672103882 0.0014127603499218822 0
vn -0.99999898672103882 0.0014127603499218822 0
vn -0.99999898672103882 0.0014127603499218822 0
vn -0.99999898672103882 0.0014127603499218822 0
vn -0.99999898672103882 0.0014127603499218822 0
vn -0.99999898672103882 0.0014127603499218822 0
vn -0.99999898672103882 0.0014127603499218822 0
vn -0.99999898672103882 0.0014127603499218822 0
vn -0.99999898672103882 0.0014127603499218822 0
vn -0.99999898672103882 0.0014127603499218822 0
vn -0.99999898672103882 0.0014127603499218822 0
vn -0.99999898672103882 0.0014127603499218822 0
vn -0.99999898672103882 0.0014127603499218822 0
vn -0.99999898672103882 0.0014127603499218822 0
vn -0.99999898672103882 0.0014127603499218822 0
vn -0.99999898672103882 0.0014127603499218822 0
vn -0.99999898672103882 0.0014127603499218822 0
vn -0.99999898672103882 0.0014127603499218822 0
vn -0.99999898672103882 0.0014127603499218822 0
vn -0.99999898672103882 0.0014127603499218822 0
vn -0.99999898672103882 0.0014127603499218822 0
vn -0.99999898672103882 0.0014127603499218822 0
vn -0.99999898672103882 0.0014127603499218822 0
vn -0.99999898672103882 0.0014127603499218822 0
vn -0.99999898672103882 0.0014127603499218822 0
vn -0.99999898672103882 0.0014127603499218822 0
vn 0.0014127603499218822 0.99999898672103882 0
vn 0.0014127603499218822 0.99999898672103882 0
vn 0.0014127603499218822 0.99999898672103882 0
vn 0.0014127603499218822 0.99999898672103882 0
vn 0.0014127603499218822 0.99999898672103882 0
vn 0.0014127603499218822 0.99999898672103882 0
vn 0.0014127603499218822 0.99999898672103882 0
vn 0.0014127603499218822 0.99999898672103882 0
vn -0.99999898672103882 0.0014127603499218822 0
vn -0.99999898672103882 0.0014127603499218822 0
vn -0.99999898672103882 0.0014127603499218822 0
vn -0.99999898672103882 0.0014127603499218822 0
vn -0.99999898672103882 0.0014127603499218822 0
vn -0.99999898672103882 0.0014127603499218822 0
vn 0.0014127603499218822 0.99999898672103882 0
vn 0.0014127603499218822 0.99999898672103882 0
vn 0.0014127603499218822 0.99999898672103882 0
vn 0.0014127603499218822 0.99999898672103882 0
vn 0.0014127603499218822 0.99999898672103882 0
vn 0.0014127603499218822 0.99999898672103882 0
vn 0.0014127603499218822 0.99999898672103882 0
vn 0.0014127603499218822 0.99999898672103882 0
vn 0.0014127603499218822 0.99999898672103882 0
vn 0.0014127603499218822 0.99999898672103882 0
vn -0.21693024039268494 0.00030647075618617237 0.97618705034255981
vn -0.21693024039268494 0.00030647075618617237 0.97618705034255981
vn -0.21693024039268494 0.00030647075618617237 0.97618705034255981
vn -0.21693024039268494 0.00030647075618617237 0.97618705034255981
vn -0.21693024039268494 0.00030647075618617237 0.97618705034255981
vn -0.21693024039268494 0.00030647075618617237 0.97618705034255981
vn -0.21693024039268494 0.00030647075618617237 0.97618705034255981
vn -0.21693024039268494 0.00030647075618617237 0.97618705034255981
vn -0.21693024039268494 0.00030647075618617237 0.97618705034255981
vn -0.21693024039268494 0.00030647075618617237 0.97618705034255981
vn -0.21693024039268494 0.00030647075618617237 0.97618705034255981
vn -0.21693024039268494 0.00030647075618617237 0.97618705034255981
vn -0.21693024039268494 0.00030647075618617237 0.97618705034255981
vn -0.21693024039268494 0.00030647075618617237 0.97618705034255981
vn -0.21693024039268494 0.00030647075618617237 0.97618705034255981
vn -0.21693024039268494 0.00030647075618617237 0.97618705034255981
vn -0.21693024039268494 0.00030647075618617237 0.97618705034255981
vn -0.21693024039268494 0.00030647075618617237 0.97618705034255981
vn -0.21693024039268494 0.00030647075618617237 0.97618705034255981
vn -0.21693024039268494 0.00030647075618617237 0.97618705034255981
vn -0.21693024039268494 0.00030647075618617237 0.97618705034255981
vn -0.21693024039268494 0.00030647075618617237 0.97618705034255981
vn -0.21693024039268494 0.00030647075618617237 0.97618705034255981
vn -0.21693024039268494 0.00030647075618617237 0.97618705034255981
vn -0.21693024039268494 0.00030647075618617237 0.97618705034255981
vn -0.21693024039268494 0.00030647075618617237 0.97618705034255981
vn -0.21693024039268494 0.00030647075618617237 0.97618705034255981
vn -0.21693024039268494 0.00030647075618617237 0.97618705034255981
vn -0.21693024039268494 0.00030647075618617237 0.97618705034255981
vn -0.21693024039268494 0.00030647075618617237 0.97618705034255981
vn 0.21693024039268494 -0.00030647075618617237 0.97618705034255981
vn 0.21693024039268494 -0.00030647075618617237 0.97618705034255981
vn 0.21693024039268494 -0.00030647075618617237 0.97618705034255981
vn 0.21693024039268494 -0.00030647075618617237 0.97618705034255981
vn 0.21693024039268494 -0.00030647075618617237 0.97618705034255981
vn 0.21693024039268494 -0.00030647075618617237 0.97618705034255981
vn 0.21693024039268494 -0.00030647075618617237 0.97618705034255981
vn 0.21693024039268494 -0.00030647075618617237 0.97618705034255981
vn 0.21693024039268494 -0.00030647075618617237 0.97618705034255981
vn 0.21693024039268494 -0.00030647075618617237 0.97618705034255981
vn 0.21693024039268494 -0.00030647075618617237 0.97618705034255981
vn 0.21693024039268494 -0.00030647075618617237 0.97618705034255981
vn 0.21693024039268494 -0.00030647075618617237 0.97618705034255981
vn 0.21693024039268494 -0.00030647075618617237 0.97618705034255981
vn 0.21693024039268494 -0.00030647075618617237 0.97618705034255981
vn 0.21693024039268494 -0.00030647075618617237 0.97618705034255981
vn 0.21693024039268494 -0.00030647075618617237 0.97618705034255981
vn 0.21693024039268494 -0.00030647075618617237 0.97618705034255981
vn 0.21693024039268494 -0.00030647075618617237 0.97618705034255981
vn 0.21693024039268494 -0.00030647075618617237 0.97618705034255981
vn 0.21693024039268494 -0.00030647075618617237 0.97618705034255981
vn 0.21693024039268494 -0.00030647075618617237 0.97618705034255981
vn 0.21693024039268494 -0.00030647075618617237 0.97618705034255981
vn 0.21693024039268494 -0.00030647075618617237 0.97618705034255981
vn 0.21693024039268494 -0.00030647075618617237 0.97618705034255981
vn 0.21693024039268494 -0.00030647075618617237 0.97618705034255981
vn 0.21693024039268494 -0.00030647075618617237 0.97618705034255981
vn 0.21693024039268494 -0.00030647075618617237 0.97618705034255981
vn 0.21693024039268494 -0.00030647075618617237 0.97618705034255981
vn 0.21693024039268494 -0.00030647075618617237 0.97618705034255981
vn 0.21693024039268494 -0.00030647075618617237 0.97618705034255981
vn 0.21693024039268494 -0.00030647075618617237 0.97618705034255981
vn 0.21693024039268494 -0.00030647075618617237 0.97618705034255981
vn 0.21693024039268494 -0.00030647075618617237 0.97618705034255981
vn 0.21693024039268494 -0.00030647075618617237 0.97618705034255981
vn 0.21693024039268494 -0.00030647075618617237 0.97618705034255981
vn 0.21693024039268494 -0.00030647075618617237 0.97618705034255981
vn 0.21693024039268494 -0.00030647075618617237 0.97618705034255981
vn 0.21693024039268494 -0.00030647075618617237 0.97618705034255981
vn 0.21693024039268494 -0.00030647075618617237 0.97618705034255981
vn 0.21693024039268494 -0.00030647075618617237 0.97618705034255981
vn 0.21693024039268494 -0.00030647075618617237 0.97618705034255981
vn 0.21693024039268494 -0.00030647075618617237 0.97618705034255981
vn 0.21693024039268494 -0.00030647075618617237 0.97618705034255981
vn 0.21693024039268494 -0.00030647075618617237 0.97618705034255981
vn 0.21693024039268494 -0.00030647075618617237 0.97618705034255981
vn 0.21693024039268494 -0.00030647075618617237 0.97618705034255981
vn 0.21693024039268494 -0.00030647075618617237 0.97618705034255981
vn 0.21693024039268494 -0.00030647075618617237 0.97618705034255981
f 784/784/784 785/785/785 775/775/775 790/790/790 791/791/791 792/792/792 793/793/793 794/794/794 795/795/795 796/796/796 797/797/797 798/798/798 799/799/799 800/800/800 801/801/801 802/802/802 803/803/803 804/804/804 805/805/805 806/806/806 774/774/774 820/820/820 821/821/821 822/822/822 823/823/823 824/824/824 825/825/825 776/776/776 777/777/777 778/778/778 779/779/779 780/780/780 781/781/781 782/782/782 783/783/783
f 1040/1040/1040 1041/1041/1041 1042/1042/1042 1043/1043/1043 1044/1044/1044 1045/1045/1045 1046/1046/1046 1047/1047/1047 1048/1048/1048 1036/1036/1036 1068/1068/1068 1069/1069/1069 1070/1070/1070 1066/1066/1066 1067/1067/1067 1038/1038/1038 1039/1039/1039 1037/1037/1037
f 1074/1074/1074 1075/1075/1075 1078/1078/1078 1076/1076/1076 1077/1077/1077 1072/1072/1072 1073/1073/1073 1071/1071/1071
f 1082/1082/1082 1079/1079/1079 1083/1083/1083 1084/1084/1084 1081/1081/1081 1080/1080/1080
f 1093/1093/1093 1085/1085/1085 1094/1094/1094 1089/1089/1089 1090/1090/1090 1091/1091/1091 1092/1092/1092 1087/1087/1087 1088/1088/1088 1086/1086/1086
f 1101/1101/1101 1102/1102/1102 1103/1103/1103 1104/1104/1104 1096/1096/1096 1098/1098/1098 1099/1099/1099 1097/1097/1097 1121/1121/1121 1122/1122/1122 1123/1123/1123 1124/1124/1124 1100/1100/1100
f 1133/1133/1133 1134/1134/1134 1135/1135/1135 1136/1136/1136 1127/1127/1127 1173/1173/1173 1142/1142/1142 1143/1143/1143 1144/1144/1144 1145/1145/1145 1146/1146/1146 1125/1125/1125 1147/1147/1147 1148/1148/1148 1149/1149/1149 1150/1150/1150 1151/1151/1151 1152/1152/1152 1153/1153/1153 1154/1154/1154 1155/1155/1155 1156/1156/1156 1157/1157/1157 1158/1158/1158 1159/1159/1159 1126/1126/1126 1128/1128/1128 1129/1129/1129 1130/1130/1130 1131/1131/1131 1132/1132/1132
f 830/830/830 828/828/828 827/827/827 829/829/829
f 832/832/832 830/830/830 829/829/829 831/831/831
f 834/834/834 832/832/832 831/831/831 833/833/833
f 836/836/836 834/834/834 833/833/833 835/835/835
f 838/838/838 836/836/836 835/835/835 837/837/837
f 827/827/827 850/850/850 851/851/851
f 851/851/851 852/852/852 827/827/827
f 869/869/869 850/850/850 827/827/827
f 828/828/828 880/880/880 869/869/869
f 827/827/827 828/828/828 869/869/869
f 887/887/887 830/830/830 886/886/886
f 828/828/828 830/830/830 887/887/887
f 887/887/887 880/880/880 828/828/828
f 829/829/829 827/827/827 852/852/852 853/853/853
f 853/853/853 854/854/854 831/831/831 829/829/829
f 855/855/855 831/831/831 854/854/854
f 886/886/886 830/830/830 885/885/885
f 832/832/832 885/885/885 830/830/830
f 884/884/884 832/832/832 883/883/883
f 885/885/885 832/832/832 884/884/884
f 880/880/880 881/881/881 868/868/868 869/869/869
f 867/867/867 868/868/868 881/881/881 873/873/873
f 874/874/874 888/888/888 873/873/873
f 888/888/888 826/826/826 867/867/867
f 848/848/848 849/849/849 888/888/888
f 826/826/826 888/888/888 849/849/849
f 888/888/888 867/867/867 873/873/873
f 889/889/889 888/888/888 875/875/875
f 889/889/889 875/875/875 876/876/876
f 877/877/877 889/889/889 876/876/876
f 848/848/848 888/888/888 847/847/847
f 845/845/845 846/846/846 889/889/889
f 847/847/847 889/889/889 846/846/846
f 889/889/889 890/890/890 845/845/845
f 888/888/888 889/889/889 847/847/847
f 877/877/877 878/878/878 889/889/889
f 874/874/874 875/875/875 888/888/888
f 855/855/855 833/833/833 831/831/831
f 835/835/835 833/833/833 856/856/856 857/857/857
f 855/855/855 856/856/856 833/833/833
f 858/858/858 835/835/835 857/857/857
f 882/882/882 883/883/883 834/834/834
f 834/834/834 883/883/883 832/832/832
f 872/872/872 882/882/882 836/836/836
f 834/834/834 836/836/836 882/882/882
f 859/859/859 837/837/837 858/858/858
f 859/859/859 839/839/839 860/860/860
f 860/860/860 837/837/837 859/859/859
f 872/872/872 836/836/836 838/838/838
f 862/862/862 838/838/838 861/861/861
f 838/838/838 837/837/837 860/860/860 861/861/861
f 838/838/838 891/891/891 871/871/871 872/872/872
f 858/858/858 837/837/837 835/835/835
f 891/891/891 838/838/838 862/862/862 863/863/863
f 890/890/890 878/878/878 879/879/879
f 870/870/870 892/892/892 893/893/893
f 893/893/893 879/879/879 870/870/870
f 890/890/890 844/844/844 845/845/845
f 890/890/890 893/893/893 843/843/843 844/844/844
f 842/842/842 843/843/843 893/893/893
f 893/893/893 892/892/892 842/842/842
f 893/893/893 890/890/890 879/879/879
f 870/870/870 871/871/871 891/891/891 894/894/894
f 878/878/878 890/890/890 889/889/889
f 894/894/894 891/891/891 864/864/864 865/865/865
f 891/891/891 863/863/863 864/864/864
f 842/842/842 892/892/892 841/841/841
f 866/866/866 841/841/841 892/892/892
f 865/865/865 866/866/866 892/892/892 894/894/894
f 841/841/841 866/866/866 840/840/840
f 870/870/870 894/894/894 892/892/892
f 899/899/899 897/897/897 896/896/896 898/898/898
f 901/901/901 899/899/899 898/898/898 900/900/900
f 903/903/903 901/901/901 900/900/900 902/902/902
f 905/905/905 903/903/903 902/902/902 904/904/904
f 912/912/912 905/905/905 904/904/904 911/911/911
f 913/913/913 906/906/906 905/905/905 912/912/912
f 914/914/914 907/907/907 906/906/906 913/913/913
f 915/915/915 908/908/908 907/907/907 914/914/914
f 916/916/916 909/909/909 908/908/908 915/915/915
f 917/917/917 910/910/910 909/909/909 916/916/916
f 1002/1002/1002 954/954/954 955/955/955
f 1002/1002/1002 1020/1020/1020 954/954/954
f 943/943/943 954/954/954 942/942/942
f 1002/1002/1002 955/955/955 1001/1001/1001
f 1021/1021/1021 956/956/956 957/957/957
f 1021/1021/1021 1000/1000/1000 1001/1001/1001
f 955/955/955 1021/1021/1021 1001/1001/1001
f 957/957/957 1022/1022/1022 1021/1021/1021
f 955/955/955 956/956/956 1021/1021/1021
f 941/941/941 942/942/942 1020/1020/1020
f 1020/1020/1020 942/942/942 954/954/954
f 1020/1020/1020 1023/1023/1023 940/940/940 941/941/941
f 1004/1004/1004 1020/1020/1020 1003/1003/1003
f 1003/1003/1003 1020/1020/1020 1002/1002/1002
f 1005/1005/1005 1023/1023/1023 1004/1004/1004
f 939/939/939 940/940/940 1023/1023/1023
f 1020/1020/1020 1004/1004/1004 1023/1023/1023
f 1023/1023/1023 1005/1005/1005 1024/1024/1024
f 1021/1021/1021 999/999/999 1000/1000/1000
f 1022/1022/1022 958/958/958 959/959/959
f 1022/1022/1022 998/998/998 999/999/999
f 999/999/999 1021/1021/1021 1022/1022/1022
f 1022/1022/1022 959/959/959 1025/1025/1025
f 958/958/958 1022/1022/1022 957/957/957
f 1026/1026/1026 961/961/961 962/962/962
f 960/960/960 961/961/961 1025/1025/1025
f 1026/1026/1026 1025/1025/1025 961/961/961
f 1022/1022/1022 1025/1025/1025 996/996/996 997/997/997
f 959/959/959 960/960/960 1025/1025/1025
f 1026/1026/1026 1027/1027/1027 1028/1028/1028 1025/1025/1025
f 1026/1026/1026 978/978/978 1027/1027/1027
f 1022/1022/1022 997/997/997 998/998/998
f 1025/1025/1025 1028/1028/1028 1019/1019/1019 996/996/996
f 1027/1027/1027 1029/1029/1029 1030/1030/1030 1028/1028/1028
f 1028/1028/1028 1030/1030/1030 1017/1017/1017 1018/1018/1018
f 1029/1029/1029 981/981/981 1031/1031/1031
f 1019/1019/1019 1028/1028/1028 1018/1018/1018
f 1027/1027/1027 980/980/980 1029/1029/1029
f 1029/1029/1029 1031/1031/1031 1032/1032/1032 1030/1030/1030
f 938/938/938 939/939/939 1023/1023/1023 1024/1024/1024
f 1033/1033/1033 936/936/936 937/937/937
f 937/937/937 938/938/938 1024/1024/1024
f 1007/1007/1007 1024/1024/1024 1006/1006/1006
f 1033/1033/1033 937/937/937 1024/1024/1024
f 1007/1007/1007 1033/1033/1033 1024/1024/1024
f 1005/1005/1005 1006/1006/1006 1024/1024/1024
f 1008/1008/1008 936/936/936 1033/1033/1033
f 895/895/895 936/936/936 935/935/935
f 1008/1008/1008 935/935/935 936/936/936
f 1008/1008/1008 934/934/934 935/935/935
f 934/934/934 1008/1008/1008 1009/1009/1009
f 1009/1009/1009 1010/1010/1010 933/933/933 934/934/934
f 932/932/932 933/933/933 1010/1010/1010 1011/1011/1011
f 931/931/931 932/932/932 1011/1011/1011 1012/1012/1012
f 1008/1008/1008 1033/1033/1033 1007/1007/1007
f 1016/1016/1016 1017/1017/1017 1030/1030/1030 1032/1032/1032
f 1031/1031/1031 1034/1034/1034 1035/1035/1035 1032/1032/1032
f 1015/1015/1015 1016/1016/1016 1032/1032/1032 1035/1035/1035
f 983/983/983 1031/1031/1031 982/982/982
f 983/983/983 1034/1034/1034 1031/1031/1031
f 984/984/984 1034/1034/1034 983/983/983
f 1014/1014/1014 1035/1035/1035 1034/1034/1034
f 982/982/982 1031/1031/1031 981/981/981
f 1015/1015/1015 1035/1035/1035 1014/1014/1014
f 1012/1012/1012 1013/1013/1013 930/930/930 931/931/931
f 1013/1013/1013 1014/1014/1014 929/929/929 930/930/930
f 1014/1014/1014 1034/1034/1034 928/928/928
f 984/984/984 928/928/928 1034/1034/1034
f 1014/1014/1014 928/928/928 929/929/929
f 984/984/984 927/927/927 928/928/928
f 926/926/926 927/927/927 984/984/984 985/985/985
f 962/962/962 897/897/897 1026/1026/1026
f 896/896/896 963/963/963 964/964/964
f 1026/1026/1026 897/897/897 978/978/978
f 898/898/898 896/896/896 964/964/964
f 896/896/896 897/897/897 962/962/962
f 900/900/900 965/965/965 966/966/966
f 965/965/965 900/900/900 898/898/898
f 964/964/964 965/965/965 898/898/898
f 977/977/977 978/978/978 897/897/897
f 976/976/976 977/977/977 897/897/897 899/899/899
f 1027/1027/1027 979/979/979 980/980/980
f 899/899/899 901/901/901 974/974/974 975/975/975
f 973/973/973 974/974/974 901/901/901 903/903/903
f 976/976/976 899/899/899 975/975/975
f 902/902/902 900/900/900 966/966/966
f 963/963/963 896/896/896 962/962/962
f 902/902/902 967/967/967 968/968/968
f 968/968/968 904/904/904 902/902/902
f 904/904/904 968/968/968 969/969/969
f 904/904/904 970/970/970 911/911/911
f 971/971/971 945/945/945 911/911/911
f 970/970/970 971/971/971 911/911/911
f 944/944/944 945/945/945 971/971/971
f 969/969/969 970/970/970 904/904/904
f 972/972/972 903/903/903 905/905/905
f 905/905/905 906/906/906 972/972/972
f 973/973/973 903/903/903 972/972/972
f 946/946/946 912/912/912 945/945/945
f 946/946/946 947/947/947 913/913/913 912/912/912
f 911/911/911 945/945/945 912/912/912
f 972/972/972 906/906/906 995/995/995
f 967/967/967 902/902/902 966/966/966
f 947/947/947 948/948/948 914/914/914 913/913/913
f 1029/1029/1029 980/980/980 981/981/981
f 985/985/985 986/986/986 925/925/925 926/926/926
f 907/907/907 994/994/994 995/995/995
f 992/992/992 993/993/993 908/908/908 909/909/909
f 991/991/991 992/992/992 909/909/909 910/910/910
f 993/993/993 994/994/994 907/907/907 908/908/908
f 986/986/986 987/987/987 924/924/924 925/925/925
f 987/987/987 988/988/988 923/923/923 924/924/924
f 923/923/923 988/988/988 989/989/989
f 923/923/923 989/989/989 922/922/922
f 990/990/990 922/922/922 989/989/989
f 921/921/921 922/922/922 990/990/990
f 990/990/990 991/991/991 910/910/910
f 907/907/907 995/995/995 906/906/906
f 915/915/915 914/914/914 949/949/949 950/950/950
f 950/950/950 951/951/951 916/916/916 915/915/915
f 948/948/948 949/949/949 914/914/914
f 910/910/910 917/917/917 920/920/920 921/921/921
f 910/910/910 921/921/921 990/990/990
f 953/953/953 917/917/917 952/952/952
f 917/917/917 916/916/916 951/951/951 952/952/952
f 918/918/918 919/919/919 953/953/953
f 917/917/917 953/953/953 919/919/919
f 920/920/920 917/917/917 919/919/919
f 978/978/978 979/979/979 1027/1027/1027
o object_5
usemtl diffuse_Black
v 18.229467391967773 22.963424682617188 10
v 18.229467391967773 22.963424682617188 5
v 18.207555770874023 7.46343994140625 10
v 18.207555770874023 7.46343994140625 5
v 18.218511581420898 15.213432312011719 10
v 18.207555770874023 7.46343994140625 9.375
v 18.207555770874023 7.46343994140625 8.75
v 18.207555770874023 7.46343994140625 8.125
v 18.207555770874023 7.46343994140625 7.5
v 18.207555770874023 7.46343994140625 6.875
v 18.207555770874023 7.46343994140625 6.25
v 18.207555770874023 7.46343994140625 5.625
v 18.218511581420898 15.213432312011719 5
v 18.218511581420898 15.213432312011719 7.5
v 18.213048934936523 11.338436126708984 7.5
v 18.218511581420898 15.213432312011719 8.75
v 18.213048934936523 11.338436126708984 8.75
v 18.210302352905273 9.4009361267089844 8.75
v 18.213048934936523 11.338436126708984 9.375
v 18.210302352905273 9.4009361267089844 9.375
v 18.210302352905273 9.4009361267089844 7.5
v 18.213048934936523 11.338436126708984 8.125
v 18.210302352905273 9.4009361267089844 8.125
v 18.218511581420898 15.213432312011719 6.25
v 18.213048934936523 11.338436126708984 6.25
v 18.210302352905273 9.4009361267089844 6.25
v 18.213048934936523 11.338436126708984 6.875
v 18.210302352905273 9.4009361267089844 6.875
v 18.213048934936523 11.338436126708984 5.625
v 18.210302352905273 9.4009361267089844 5.625
v 18.229467391967773 22.963424682617188 7.5
v 18.207555770874023 7.46343994140625 10
v 18.207555770874023 7.46343994140625 8.75
v 18.207555770874023 7.46343994140625 6.25
v 18.207555770874023 7.46343994140625 5.625
v 18.207555770874023 7.46343994140625 5
v 8.151158332824707 7.4776458740234375 9.375
v 8.151158332824707 7.4776458740234375 8.75
v 8.151158332824707 7.4776458740234375 8.125
v 8.151158332824707 7.4776458740234375 7.5
v 8.151158332824707 7.4776458740234375 6.875
v 8.151158332824707 7.4776458740234375 6.25
v 8.151158332824707 7.4776458740234375 5.625
v 7.2369437217712402 7.4789390563964844 9.375
v 7.2369437217712402 7.4789390563964844 8.75
v 7.2369437217712402 7.4789390563964844 8.125
v 7.2369437217712402 7.4789390563964844 7.5
v 7.2369437217712402 7.4789390563964844 6.875
v 7.2369437217712402 7.4789390563964844 6.25
v 7.2369437217712402 7.4789390563964844 5.625
v 6.3227286338806152 7.4802284240722656 10
v 6.3227286338806152 7.4802284240722656 9.375
v 6.3227286338806152 7.4802284240722656 8.125
v 6.3227286338806152 7.4802284240722656 6.25
v 6.3227286338806152 7.4802284240722656 5.625
v 6.3227286338806152 7.4802284240722656 5
v 18.207555770874023 7.46343994140625 6.875
v 18.207555770874023 7.46343994140625 7.5
v 18.207555770874023 7.46343994140625 8.125
v 18.207555770874023 7.46343994140625 9.375
v 17.547307968139648 7.4643707275390625 10
v 16.887029647827148 7.4653053283691406 10
v 16.226751327514648 7.4662361145019531 10
v 15.566502571105957 7.4671707153320313 10
v 14.906224250793457 7.4681015014648438 10
v 14.245945930480957 7.4690361022949219 10
v 13.585698127746582 7.469970703125 10
v 12.925419807434082 7.4709014892578125 10
v 12.265141487121582 7.4718360900878906 10
v 11.604863166809082 7.4727668762207031 10
v 10.944615364074707 7.4737014770507813 10
v 10.284337043762207 7.4746322631835938 10
v 9.624058723449707 7.4755668640136719 10
v 8.963810920715332 7.4764976501464844 10
v 8.303532600402832 7.4774322509765625 10
v 7.6432547569274902 7.478363037109375 10
v 6.9830069541931152 7.4792976379394531 10
v 6.3227286338806152 7.4802284240722656 8.75
v 6.3227286338806152 7.4802284240722656 7.5
v 6.3227286338806152 7.4802284240722656 6.875
v 6.9830069541931152 7.4792976379394531 5
v 7.6432547569274902 7.478363037109375 5
v 8.303532600402832 7.4774322509765625 5
v 8.963810920715332 7.4764976501464844 5
v 9.624058723449707 7.4755668640136719 5
v 10.284337043762207 7.4746322631835938 5
v 10.944615364074707 7.4737014770507813 5
v 11.604863166809082 7.4727668762207031 5
v 12.265141487121582 7.4718360900878906 5
v 12.925419807434082 7.4709014892578125 5
v 13.585698127746582 7.469970703125 5
v 14.245945930480957 7.4690361022949219 5
v 14.906224250793457 7.4681015014648438 5
v 15.566502571105957 7.4671707153320313 5
v 16.226751327514648 7.4662361145019531 5
v 16.887029647827148 7.4653053283691406 5
v 17.547307968139648 7.4643707275390625 5
v 13.707554817199707 7.4697952270507813 9.5
v 14.290898323059082 7.4689712524414063 9.5
v 14.874241828918457 7.4681472778320313 9.5
v 15.457554817199707 7.4673233032226563 9.5
v 16.040899276733398 7.4664993286132813 9.5
v 16.624242782592773 7.4656753540039063 9.5
v 17.207555770874023 7.4648513793945313 9.5
v 17.207555770874023 7.4648513793945313 8.8333330154418945
v 17.207555770874023 7.4648513793945313 8.1666669845581055
v 17.207555770874023 7.4648513793945313 7.5
v 17.207555770874023 7.4648513793945313 6.8333334922790527
v 17.207555770874023 7.4648513793945313 6.1666665077209473
v 17.207555770874023 7.4648513793945313 5.5
v 16.624242782592773 7.4656753540039063 5.5
v 16.040899276733398 7.4664993286132813 5.5
v 15.457554817199707 7.4673233032226563 5.5
v 14.874241828918457 7.4681472778320313 5.5
v 14.290898323059082 7.4689712524414063 5.5
v 13.707554817199707 7.4697952270507813 5.5
v 13.707554817199707 7.4697952270507813 6.1666665077209473
v 13.707554817199707 7.4697952270507813 6.8333334922790527
v 13.707554817199707 7.4697952270507813 7.5
v 13.707554817199707 7.4697952270507813 8.1666669845581055
v 13.707554817199707 7.4697952270507813 8.8333330154418945
v 8.707585334777832 7.4768600463867188 9.5
v 9.290898323059082 7.4760360717773438 9.5
v 9.874241828918457 7.4752120971679688 9.5
v 10.457585334777832 7.4743881225585938 9.5
v 11.040898323059082 7.4735641479492188 9.5
v 11.624241828918457 7.4727401733398438 9.5
v 12.207585334777832 7.4719161987304688 9.5
v 12.207585334777832 7.4719161987304688 8.8333330154418945
v 12.207585334777832 7.4719161987304688 8.1666669845581055
v 12.207585334777832 7.4719161987304688 7.5
v 12.207585334777832 7.4719161987304688 6.8333334922790527
v 12.207585334777832 7.4719161987304688 6.1666665077209473
v 12.207585334777832 7.4719161987304688 5.5
v 11.624241828918457 7.4727401733398438 5.5
v 11.040898323059082 7.4735641479492188 5.5
v 10.457585334777832 7.4743881225585938 5.5
v 9.874241828918457 7.4752120971679688 5.5
v 9.290898323059082 7.4760360717773438 5.5
v 8.707585334777832 7.4768600463867188 5.5
v 8.707585334777832 7.4768600463867188 6.1666665077209473
v 8.707585334777832 7.4768600463867188 6.8333334922790527
v 8.707585334777832 7.4768600463867188 7.5
v 8.707585334777832 7.4768600463867188 8.1666669845581055
v 8.707585334777832 7.4768600463867188 8.8333330154418945
v 17.293340682983398 7.4647293090820313 9.375
v 17.293340682983398 7.4647293090820313 8.125
v 17.293340682983398 7.4647293090820313 7.5
v 17.293340682983398 7.4647293090820313 6.875
v 13.636479377746582 7.4698982238769531 8.125
v 13.636479377746582 7.4698982238769531 9.375
v 12.722264289855957 7.4711875915527344 9.375
v 12.722264289855957 7.4711875915527344 8.125
v 13.636479377746582 7.4698982238769531 7.5
v 12.722264289855957 7.4711875915527344 7.5
v 17.293340682983398 7.4647293090820313 6.25
v 17.293340682983398 7.4647293090820313 5.625
v 13.636479377746582 7.4698982238769531 6.875
v 12.722264289855957 7.4711875915527344 6.875
v 13.636479377746582 7.4698982238769531 6.25
v 12.722264289855957 7.4711875915527344 6.25
v 12.722264289855957 7.4711875915527344 5.625
v 13.636479377746582 7.4698982238769531 5.625
v 6.3227286338806152 7.4802284240722656 10
v 6.3227286338806152 7.4802284240722656 5
v 6.3396658897399902 19.476516723632813 10
v 6.3396658897399902 19.476516723632813 5
v 6.3227286338806152 7.4802284240722656 5.625
v 6.3227286338806152 7.4802284240722656 6.25
v 6.3227286338806152 7.4802284240722656 6.875
v 6.3227286338806152 7.4802284240722656 7.5
v 6.3227286338806152 7.4802284240722656 8.125
v 6.3227286338806152 7.4802284240722656 8.75
v 6.3227286338806152 7.4802284240722656 9.375
v 6.3312125205993652 13.478374481201172 5
v 6.3312125205993652 13.478374481201172 10
v 6.3312125205993652 13.478374481201172 7.5
v 6.3312125205993652 13.478374481201172 6.25
v 6.3269705772399902 10.479301452636719 7.5
v 6.3269705772399902 10.479301452636719 6.25
v 6.3269705772399902 10.479301452636719 5.625
v 6.3248343467712402 8.979766845703125 6.25
v 6.3248343467712402 8.979766845703125 5.625
v 6.3269705772399902 10.479301452636719 6.875
v 6.3248343467712402 8.979766845703125 7.5
v 6.3248343467712402 8.979766845703125 6.875
v 6.3312125205993652 13.478374481201172 8.75
v 6.3269705772399902 10.479301452636719 8.75
v 6.3269705772399902 10.479301452636719 8.125
v 6.3248343467712402 8.979766845703125 8.75
v 6.3248343467712402 8.979766845703125 8.125
v 6.3269705772399902 10.479301452636719 9.375
v 6.3248343467712402 8.979766845703125 9.375
v 6.3396658897399902 19.476516723632813 10
v 6.3396658897399902 19.476516723632813 5
v 13.339665412902832 19.466625213623047 10
v 13.339665412902832 19.466625213623047 5
v 9.839665412902832 19.471572875976563 10
v 13.339665412902832 19.466625213623047 7.5
v 9.839665412902832 19.471572875976563 5
v 13.339665412902832 19.466625213623047 10
v 13.339665412902832 19.466625213623047 5
v 13.344609260559082 22.970325469970703 10
v 13.344609260559082 22.970325469970703 5
v 13.339665412902832 19.466625213623047 7.5
v 13.344609260559082 22.970325469970703 7.5
v 13.344609260559082 22.970325469970703 10
v 13.344609260559082 22.970325469970703 5
v 18.229467391967773 22.963424682617188 10
v 18.229467391967773 22.963424682617188 5
v 18.229467391967773 22.963424682617188 7.5
v 13.344609260559082 22.970325469970703 7.5
v 15.787053108215332 22.966873168945313 10
v 15.787053108215332 22.966873168945313 5
v 18.229467391967773 22.963424682617188 10
v 18.207555770874023 7.46343994140625 10
v 6.3227286338806152 7.4802284240722656 10
v 18.218511581420898 15.213432312011719 10
v 17.547307968139648 7.4643707275390625 10
v 16.887029647827148 7.4653053283691406 10
v 16.226751327514648 7.4662361145019531 10
v 15.566502571105957 7.4671707153320313 10
v 14.906224250793457 7.4681015014648438 10
v 14.245945930480957 7.4690361022949219 10
v 13.585698127746582 7.469970703125 10
v 12.925419807434082 7.4709014892578125 10
v 12.265141487121582 7.4718360900878906 10
v 11.604863166809082 7.4727668762207031 10
v 10.944615364074707 7.4737014770507813 10
v 10.284337043762207 7.4746322631835938 10
v 9.624058723449707 7.4755668640136719 10
v 8.963810920715332 7.4764976501464844 10
v 8.303532600402832 7.4774322509765625 10
v 7.6432547569274902 7.478363037109375 10
v 6.9830069541931152 7.4792976379394531 10
v 12.276097297668457 15.221828460693359 10
v 12.270634651184082 11.346832275390625 10
v 15.247319221496582 15.217628479003906 10
v 15.241826057434082 11.342632293701172 10
v 15.239079475402832 9.4051361083984375 10
v 16.727422714233398 11.340534210205078 10
v 16.724706649780273 9.4030342102050781 10
v 12.267888069152832 9.409332275390625 10
v 13.756230354309082 11.344730377197266 10
v 13.753483772277832 9.4072341918945313 10
v 9.304875373840332 15.226024627685547 10
v 9.299412727355957 11.351028442382813 10
v 9.296666145324707 9.4135284423828125 10
v 10.785008430480957 11.348930358886719 10
v 10.782292366027832 9.4114303588867188 10
v 7.8138175010681152 11.353126525878906 10
v 7.8110709190368652 9.4156303405761719 10
v 6.3312125205993652 13.478374481201172 10
v 6.3396658897399902 19.476516723632813 10
v 9.839665412902832 19.471572875976563 10
v 13.339665412902832 19.466625213623047 10
v 13.344609260559082 22.970325469970703 10
v 15.787053108215332 22.966873168945313 10
v 18.229467391967773 22.963424682617188 5
v 18.207555770874023 7.46343994140625 5
v 6.3227286338806152 7.4802284240722656 5
v 18.218511581420898 15.213432312011719 5
v 17.547307968139648 7.4643707275390625 5
v 16.887029647827148 7.4653053283691406 5
v 16.226751327514648 7.4662361145019531 5
v 15.566502571105957 7.4671707153320313 5
v 14.906224250793457 7.4681015014648438 5
v 14.245945930480957 7.4690361022949219 5
v 13.585698127746582 7.469970703125 5
v 12.925419807434082 7.4709014892578125 5
v 12.265141487121582 7.4718360900878906 5
v 11.604863166809082 7.4727668762207031 5
v 10.944615364074707 7.4737014770507813 5
v 10.284337043762207 7.4746322631835938 5
v 9.624058723449707 7.4755668640136719 5
v 8.963810920715332 7.4764976501464844 5
v 8.303532600402832 7.4774322509765625 5
v 7.6432547569274902 7.478363037109375 5
v 6.9830069541931152 7.4792976379394531 5
v 12.276097297668457 15.221828460693359 5
v 12.270634651184082 11.346832275390625 5
v 15.247319221496582 15.217628479003906 5
v 15.241826057434082 11.342632293701172 5
v 15.239079475402832 9.4051361083984375 5
v 16.727422714233398 11.340534210205078 5
v 16.724706649780273 9.4030342102050781 5
v 12.267888069152832 9.409332275390625 5
v 13.756230354309082 11.344730377197266 5
v 13.753483772277832 9.4072341918945313 5
v 9.304875373840332 15.226024627685547 5
v 9.299412727355957 11.351028442382813 5
v 9.296666145324707 9.4135284423828125 5
v 10.785008430480957 11.348930358886719 5
v 10.782292366027832 9.4114303588867188 5
v 7.8138175010681152 11.353126525878906 5
v 7.8110709190368652 9.4156303405761719 5
v 6.3312125205993652 13.478374481201172 5
v 6.3396658897399902 19.476516723632813 5
v 9.839665412902832 19.471572875976563 5
v 13.339665412902832 19.466625213623047 5
v 13.344609260559082 22.970325469970703 5
v 15.787053108215332 22.966873168945313 5
vt 0.99853515625 0
vt 0.85193824768066406 0
vt 0.99853515625 0.45899137854576111
vt 0.85193824768066406 0.45899137854576111
vt 0.99853515625 0.22949568927288055
vt 0.98021054267883301 0.45899137854576111
vt 0.96188592910766602 0.45899137854576111
vt 0.94356131553649902 0.45899137854576111
vt 0.92523670196533203 0.45899137854576111
vt 0.90691208839416504 0.45899137854576111
vt 0.88858747482299805 0.45899137854576111
vt 0.87026286125183105 0.45899137854576111
vt 0.85193824768066406 0.22949568927288055
vt 0.92523670196533203 0.22949568927288055
vt 0.92523670196533203 0.34424352645874023
vt 0.96188592910766602 0.22949568927288055
vt 0.96188592910766602 0.34424352645874023
vt 0.96188592910766602 0.40161743760108948
vt 0.98021054267883301 0.34424352645874023
vt 0.98021054267883301 0.40161743760108948
vt 0.92523670196533203 0.40161743760108948
vt 0.94356131553649902 0.34424352645874023
vt 0.94356131553649902 0.40161743760108948
vt 0.88858747482299805 0.22949568927288055
vt 0.88858747482299805 0.34424352645874023
vt 0.88858747482299805 0.40161743760108948
vt 0.90691208839416504 0.34424352645874023
vt 0.90691208839416504 0.40161743760108948
vt 0.87026286125183105 0.34424352645874023
vt 0.87026286125183105 0.40161743760108948
vt 0.92523670196533203 0
vt 0 0.65793251991271973
vt 0 0.69494795799255371
vt 0 0.76897883415222168
vt 0 0.78748655319213867
vt 0 0.80599427223205566
vt 0.29655444622039795 0.67644023895263672
vt 0.29655444622039795 0.69494795799255371
vt 0.29655444622039795 0.7134556770324707
vt 0.29655444622039795 0.7319633960723877
vt 0.29655444622039795 0.75047111511230469
vt 0.29655444622039795 0.76897883415222168
vt 0.29655444622039795 0.78748655319213867
vt 0.32351392507553101 0.67644023895263672
vt 0.32351392507553101 0.69494795799255371
vt 0.32351392507553101 0.7134556770324707
vt 0.32351392507553101 0.7319633960723877
vt 0.32351392507553101 0.75047111511230469
vt 0.32351392507553101 0.76897883415222168
vt 0.32351392507553101 0.78748655319213867
vt 0.35047343373298645 0.65793251991271973
vt 0.35047343373298645 0.67644023895263672
vt 0.35047343373298645 0.7134556770324707
vt 0.35047343373298645 0.76897883415222168
vt 0.35047343373298645 0.78748655319213867
vt 0.35047343373298645 0.80599427223205566
vt 0 0.75047111511230469
vt 0 0.7319633960723877
vt 0 0.7134556770324707
vt 0 0.67644023895263672
vt 0.019470745697617531 0.65793251991271973
vt 0.038941491395235062 0.65793251991271973
vt 0.058412238955497742 0.65793251991271973
vt 0.077882982790470123 0.65793251991271973
vt 0.097353734076023102 0.65793251991271973
vt 0.11682447791099548 0.65793251991271973
vt 0.13629522919654846 0.65793251991271973
vt 0.15576596558094025 0.65793251991271973
vt 0.17523671686649323 0.65793251991271973
vt 0.1947074681520462 0.65793251991271973
vt 0.21417820453643799 0.65793251991271973
vt 0.23364895582199097 0.65793251991271973
vt 0.25311967730522156 0.65793251991271973
vt 0.27259045839309692 0.65793251991271973
vt 0.29206117987632751 0.65793251991271973
vt 0.31153193116188049 0.65793251991271973
vt 0.33100268244743347 0.65793251991271973
vt 0.35047343373298645 0.69494795799255371
vt 0.35047343373298645 0.7319633960723877
vt 0.35047343373298645 0.75047111511230469
vt 0.33100268244743347 0.80599427223205566
vt 0.31153193116188049 0.80599427223205566
vt 0.29206117987632751 0.80599427223205566
vt 0.27259045839309692 0.80599427223205566
vt 0.25311967730522156 0.80599427223205566
vt 0.23364895582199097 0.80599427223205566
vt 0.21417820453643799 0.80599427223205566
vt 0.1947074681520462 0.80599427223205566
vt 0.17523671686649323 0.80599427223205566
vt 0.15576596558094025 0.80599427223205566
vt 0.13629522919654846 0.80599427223205566
vt 0.11682447791099548 0.80599427223205566
vt 0.097353734076023102 0.80599427223205566
vt 0.077882982790470123 0.80599427223205566
vt 0.058412238955497742 0.80599427223205566
vt 0.038941491395235062 0.80599427223205566
vt 0.019470745697617531 0.80599427223205566
vt 0.13270092010498047 0.67273867130279541
vt 0.11549894511699677 0.67273867130279541
vt 0.098296970129013062 0.67273867130279541
vt 0.081095002591609955 0.67273867130279541
vt 0.063893035054206848 0.67273867130279541
vt 0.046691063791513443 0.67273867130279541
vt 0.029489092528820038 0.67273867130279541
vt 0.029489092528820038 0.69248026609420776
vt 0.029489092528820038 0.71222180128097534
vt 0.029489092528820038 0.7319633960723877
vt 0.029489092528820038 0.75170493125915527
vt 0.029489092528820038 0.77144652605056763
vt 0.029489092528820038 0.79118806123733521
vt 0.046691063791513443 0.79118806123733521
vt 0.063893035054206848 0.79118806123733521
vt 0.081095002591609955 0.79118806123733521
vt 0.098296970129013062 0.79118806123733521
vt 0.11549894511699677 0.79118806123733521
vt 0.13270092010498047 0.79118806123733521
vt 0.13270092010498047 0.77144652605056763
vt 0.13270092010498047 0.75170493125915527
vt 0.13270092010498047 0.7319633960723877
vt 0.13270092010498047 0.71222180128097534
vt 0.13270092010498047 0.69248026609420776
vt 0.28014639019966125 0.67273867130279541
vt 0.26294440031051636 0.67273867130279541
vt 0.24574244022369385 0.67273867130279541
vt 0.22854046523571014 0.67273867130279541
vt 0.21133850514888763 0.67273867130279541
vt 0.19413653016090393 0.67273867130279541
vt 0.17693455517292023 0.67273867130279541
vt 0.17693455517292023 0.69248026609420776
vt 0.17693455517292023 0.71222180128097534
vt 0.17693455517292023 0.7319633960723877
vt 0.17693455517292023 0.75170493125915527
vt 0.17693455517292023 0.77144652605056763
vt 0.17693455517292023 0.79118806123733521
vt 0.19413653016090393 0.79118806123733521
vt 0.21133850514888763 0.79118806123733521
vt 0.22854046523571014 0.79118806123733521
vt 0.24574244022369385 0.79118806123733521
vt 0.26294440031051636 0.79118806123733521
vt 0.28014639019966125 0.79118806123733521
vt 0.28014639019966125 0.77144652605056763
vt 0.28014639019966125 0.75170493125915527
vt 0.28014639019966125 0.7319633960723877
vt 0.28014639019966125 0.71222180128097534
vt 0.28014639019966125 0.69248026609420776
vt 0.0269594956189394 0.67644023895263672
vt 0.0269594956189394 0.7134556770324707
vt 0.0269594956189394 0.7319633960723877
vt 0.0269594956189394 0.75047111511230469
vt 0.13479746878147125 0.7134556770324707
vt 0.13479746878147125 0.67644023895263672
vt 0.1617569625377655 0.67644023895263672
vt 0.1617569625377655 0.7134556770324707
vt 0.13479746878147125 0.7319633960723877
vt 0.1617569625377655 0.7319633960723877
vt 0.0269594956189394 0.76897883415222168
vt 0.0269594956189394 0.78748655319213867
vt 0.13479746878147125 0.75047111511230469
vt 0.1617569625377655 0.75047111511230469
vt 0.13479746878147125 0.76897883415222168
vt 0.1617569625377655 0.76897883415222168
vt 0.1617569625377655 0.78748655319213867
vt 0.13479746878147125 0.78748655319213867
vt 0.85047340393066406 0
vt 0.7038765549659729 0
vt 0.85047340393066406 0.35523855686187744
vt 0.7038765549659729 0.35523855686187744
vt 0.72220116853713989 0
vt 0.74052578210830688 0
vt 0.75885039567947388 0
vt 0.77717500925064087 0
vt 0.79549956321716309 0
vt 0.81382417678833008 0
vt 0.83214879035949707 0
vt 0.7038765549659729 0.17761927843093872
vt 0.85047340393066406 0.17761927843093872
vt 0.77717500925064087 0.17761927843093872
vt 0.74052578210830688 0.17761927843093872
vt 0.77717500925064087 0.08880963921546936
vt 0.74052578210830688 0.08880963921546936
vt 0.72220116853713989 0.08880963921546936
vt 0.74052578210830688 0.04440481960773468
vt 0.72220116853713989 0.04440481960773468
vt 0.75885039567947388 0.08880963921546936
vt 0.77717500925064087 0.04440481960773468
vt 0.75885039567947388 0.04440481960773468
vt 0.81382417678833008 0.17761927843093872
vt 0.81382417678833008 0.08880963921546936
vt 0.79549956321716309 0.08880963921546936
vt 0.81382417678833008 0.04440481960773468
vt 0.79549956321716309 0.04440481960773468
vt 0.83214879035949707 0.08880963921546936
vt 0.83214879035949707 0.04440481960773468
vt 0 0.50493538379669189
vt 0 0.65299713611602783
vt 0.20728641748428345 0.50493538379669189
vt 0.20728641748428345 0.65299713611602783
vt 0.10364320874214172 0.50493538379669189
vt 0.20728641748428345 0.57896625995635986
vt 0.10364320874214172 0.65299713611602783
vt 0 0.35193827748298645
vt 0 0.5
vt 0.10375281423330307 0.35193827748298645
vt 0.10375281423330307 0.5
vt 0 0.42596912384033203
vt 0.10375281423330307 0.42596912384033203
vt 0.14699637889862061 0.35193827748298645
vt 0.14699637889862061 0.5
vt 0.29164823889732361 0.35193827748298645
vt 0.29164823889732361 0.5
vt 0.29164823889732361 0.42596912384033203
vt 0.14699637889862061 0.42596912384033203
vt 0.21932230889797211 0.35193827748298645
vt 0.21932230889797211 0.5
vt 0.7024117112159729 0.35193827748298645
vt 0.7024117112159729 0.80946481227874756
vt 0.35193827748298645 0.80946481227874756
vt 0.7024117112159729 0.58070152997970581
vt 0.68294095993041992 0.80946481227874756
vt 0.66347020864486694 0.80946481227874756
vt 0.64399945735931396 0.80946481227874756
vt 0.62452870607376099 0.80946481227874756
vt 0.60505795478820801 0.80946481227874756
vt 0.58558720350265503 0.80946481227874756
vt 0.56611645221710205 0.80946481227874756
vt 0.54664570093154907 0.80946481227874756
vt 0.52717500925064087 0.80946481227874756
vt 0.50770419836044312 0.80946481227874756
vt 0.48823347687721252 0.80946481227874756
vt 0.46876272559165955 0.80946481227874756
vt 0.44929200410842896 0.80946481227874756
vt 0.42982125282287598 0.80946481227874756
vt 0.410350501537323 0.80946481227874756
vt 0.39087975025177002 0.80946481227874756
vt 0.37140902876853943 0.80946481227874756
vt 0.52717500925064087 0.58070152997970581
vt 0.52717500925064087 0.6950831413269043
vt 0.61479336023330688 0.58070152997970581
vt 0.61479336023330688 0.6950831413269043
vt 0.61479336023330688 0.75227397680282593
vt 0.65860253572463989 0.6950831413269043
vt 0.65860253572463989 0.75227397680282593
vt 0.52717500925064087 0.75227397680282593
vt 0.57098418474197388 0.6950831413269043
vt 0.57098418474197388 0.75227397680282593
vt 0.43955662846565247 0.58070152997970581
vt 0.43955662846565247 0.6950831413269043
vt 0.43955662846565247 0.75227397680282593
vt 0.48336580395698547 0.6950831413269043
vt 0.48336580395698547 0.75227397680282593
vt 0.39574745297431946 0.6950831413269043
vt 0.39574745297431946 0.75227397680282593
vt 0.35193827748298645 0.6324123740196228
vt 0.35193827748298645 0.45535996556282043
vt 0.45515009760856628 0.45535996556282043
vt 0.55836194753646851 0.45535996556282043
vt 0.55836194753646851 0.35193827748298645
vt 0.6303868293762207 0.35193827748298645
vt 0 0
vt 0.45899137854576111 0
vt 0.45899137854576111 0.35047343373298645
vt 0.22949568927288055 0
vt 0.45899137854576111 0.019470745697617531
vt 0.45899137854576111 0.038941491395235062
vt 0.45899137854576111 0.058412238955497742
vt 0.45899137854576111 0.077882982790470123
vt 0.45899137854576111 0.097353734076023102
vt 0.45899137854576111 0.11682447791099548
vt 0.45899137854576111 0.13629522919654846
vt 0.45899137854576111 0.15576596558094025
vt 0.45899137854576111 0.17523671686649323
vt 0.45899137854576111 0.1947074681520462
vt 0.45899137854576111 0.21417820453643799
vt 0.45899137854576111 0.23364895582199097
vt 0.45899137854576111 0.25311967730522156
vt 0.45899137854576111 0.27259045839309692
vt 0.45899137854576111 0.29206117987632751
vt 0.45899137854576111 0.31153193116188049
vt 0.45899137854576111 0.33100268244743347
vt 0.22949568927288055 0.17523671686649323
vt 0.34424352645874023 0.17523671686649323
vt 0.22949568927288055 0.087618358433246613
vt 0.34424352645874023 0.087618358433246613
vt 0.40161743760108948 0.087618358433246613
vt 0.34424352645874023 0.043809179216623306
vt 0.40161743760108948 0.043809179216623306
vt 0.40161743760108948 0.17523671686649323
vt 0.34424352645874023 0.13142754137516022
vt 0.40161743760108948 0.13142754137516022
vt 0.22949568927288055 0.26285508275032043
vt 0.34424352645874023 0.26285508275032043
vt 0.40161743760108948 0.26285508275032043
vt 0.34424352645874023 0.21904589235782623
vt 0.40161743760108948 0.21904589235782623
vt 0.34424352645874023 0.30666425824165344
vt 0.40161743760108948 0.30666425824165344
vt 0.28137210011482239 0.35047343373298645
vt 0.10375282168388367 0.35047343373298645
vt 0.10375282168388367 0.24726159870624542
vt 0.10375282168388367 0.14404977858066559
vt 0 0.14404977858066559
vt 0 0.072024889290332794
vn 0.99999898672103882 -0.0014127603499218822 0
vn 0.99999898672103882 -0.0014127603499218822 0
vn 0.99999898672103882 -0.0014127603499218822 0
vn 0.99999898672103882 -0.0014127603499218822 0
vn 0.99999898672103882 -0.0014127603499218822 0
vn 0.99999898672103882 -0.0014127603499218822 0
vn 0.99999898672103882 -0.0014127603499218822 0
vn 0.99999898672103882 -0.0014127603499218822 0
vn 0.99999898672103882 -0.0014127603499218822 0
vn 0.99999898672103882 -0.0014127603499218822 0
vn 0.99999898672103882 -0.0014127603499218822 0
vn 0.99999898672103882 -0.0014127603499218822 0
vn 0.99999898672103882 -0.0014127603499218822 0
vn 0.99999898672103882 -0.0014127603499218822 0
vn 0.99999898672103882 -0.0014127603499218822 0
vn 0.99999898672103882 -0.0014127603499218822 0
vn 0.99999898672103882 -0.0014127603499218822 0
vn 0.99999898672103882 -0.0014127603499218822 0
vn 0.99999898672103882 -0.0014127603499218822 0
vn 0.99999898672103882 -0.0014127603499218822 0
vn 0.99999898672103882 -0.0014127603499218822 0
vn 0.99999898672103882 -0.0014127603499218822 0
vn 0.99999898672103882 -0.0014127603499218822 0
vn 0.99999898672103882 -0.0014127603499218822 0
vn 0.99999898672103882 -0.0014127603499218822 0
vn 0.99999898672103882 -0.0014127603499218822 0
vn 0.99999898672103882 -0.0014127603499218822 0
vn 0.99999898672103882 -0.0014127603499218822 0
vn 0.99999898672103882 -0.0014127603499218822 0
vn 0.99999898672103882 -0.0014127603499218822 0
vn 0.99999898672103882 -0.0014127603499218822 0
vn -0.0014127603499218822 -0.99999898672103882 0
vn -0.0014127603499218822 -0.99999898672103882 0
vn -0.0014127603499218822 -0.99999898672103882 0
vn -0.0014127603499218822 -0.99999898672103882 0
vn -0.0014127603499218822 -0.99999898672103882 0
vn -0.0014127603499218822 -0.99999898672103882 0
vn -0.0014127603499218822 -0.99999898672103882 0
vn -0.0014127603499218822 -0.99999898672103882 0
vn -0.0014127603499218822 -0.99999898672103882 0
vn -0.0014127603499218822 -0.99999898672103882 0
vn -0.0014127603499218822 -0.99999898672103882 0
vn -0.0014127603499218822 -0.99999898672103882 0
vn -0.0014127603499218822 -0.99999898672103882 0
vn -0.0014127603499218822 -0.99999898672103882 0
vn -0.0014127603499218822 -0.99999898672103882 0
vn -0.0014127603499218822 -0.99999898672103882 0
vn -0.0014127603499218822 -0.99999898672103882 0
vn -0.0014127603499218822 -0.99999898672103882 0
vn -0.0014127603499218822 -0.99999898672103882 0
vn -0.0014127603499218822 -0.99999898672103882 0
vn -0.0014127603499218822 -0.99999898672103882 0
vn -0.0014127603499218822 -0.99999898672103882 0
vn -0.0014127603499218822 -0.99999898672103882 0
vn -0.0014127603499218822 -0.99999898672103882 0
vn -0.0014127603499218822 -0.99999898672103882 0
vn -0.0014127603499218822 -0.99999898672103882 0
vn -0.0014127603499218822 -0.99999898672103882 0
vn -0.0014127603499218822 -0.99999898672103882 0
vn -0.0014127603499218822 -0.99999898672103882 0
vn -0.0014127603499218822 -0.99999898672103882 0
vn -0.0014127603499218822 -0.99999898672103882 0
vn -0.0014127603499218822 -0.99999898672103882 0
vn -0.0014127603499218822 -0.99999898672103882 0
vn -0.0014127603499218822 -0.99999898672103882 0
vn -0.0014127603499218822 -0.99999898672103882 0
vn -0.0014127603499218822 -0.99999898672103882 0
vn -0.0014127603499218822 -0.99999898672103882 0
vn -0.0014127603499218822 -0.99999898672103882 0
vn -0.0014127603499218822 -0.99999898672103882 0
vn -0.0014127603499218822 -0.99999898672103882 0
vn -0.0014127603499218822 -0.99999898672103882 0
vn -0.0014127603499218822 -0.99999898672103882 0
vn -0.0014127603499218822 -0.99999898672103882 0
vn -0.0014127603499218822 -0.99999898672103882 0
vn -0.0014127603499218822 -0.99999898672103882 0
vn -0.0014127603499218822 -0.99999898672103882 0
vn -0.0014127603499218822 -0.99999898672103882 0
vn -0.0014127603499218822 -0.99999898672103882 0
vn -0.0014127603499218822 -0.99999898672103882 0
vn -0.0014127603499218822 -0.99999898672103882 0
vn -0.0014127603499218822 -0.99999898672103882 0
vn -0.0014127603499218822 -0.99999898672103882 0
vn -0.0014127603499218822 -0.99999898672103882 0
vn -0.0014127603499218822 -0.99999898672103882 0
vn -0.0014127603499218822 -0.99999898672103882 0
vn -0.0014127603499218822 -0.99999898672103882 0
vn -0.0014127603499218822 -0.99999898672103882 0
vn -0.0014127603499218822 -0.99999898672103882 0
vn -0.0014127603499218822 -0.99999898672103882 0
vn -0.0014127603499218822 -0.99999898672103882 0
vn -0.0014127603499218822 -0.99999898672103882 0
vn -0.0014127603499218822 -0.99999898672103882 0
vn -0.0014127603499218822 -0.99999898672103882 0
vn -0.0014127603499218822 -0.99999898672103882 0
vn -0.0014127603499218822 -0.99999898672103882 0
vn -0.0014127603499218822 -0.99999898672103882 0
vn -0.0014127603499218822 -0.99999898672103882 0
vn -0.0014127603499218822 -0.99999898672103882 0
vn -0.0014127603499218822 -0.99999898672103882 0
vn -0.0014127603499218822 -0.99999898672103882 0
vn -0.0014127603499218822 -0.99999898672103882 0
vn -0.0014127603499218822 -0.99999898672103882 0
vn -0.0014127603499218822 -0.99999898672103882 0
vn -0.0014127603499218822 -0.99999898672103882 0
vn -0.0014127603499218822 -0.99999898672103882 0
vn -0.0014127603499218822 -0.99999898672103882 0
vn -0.0014127603499218822 -0.99999898672103882 0
vn -0.0014127603499218822 -0.99999898672103882 0
vn -0.0014127603499218822 -0.99999898672103882 0
vn -0.0014127603499218822 -0.99999898672103882 0
vn -0.0014127603499218822 -0.99999898672103882 0
vn -0.0014127603499218822 -0.99999898672103882 0
vn -0.0014127603499218822 -0.99999898672103882 0
vn -0.0014127603499218822 -0.99999898672103882 0
vn -0.0014127603499218822 -0.99999898672103882 0
vn -0.0014127603499218822 -0.99999898672103882 0
vn -0.0014127603499218822 -0.99999898672103882 0
vn -0.0014127603499218822 -0.99999898672103882 0
vn -0.0014127603499218822 -0.99999898672103882 0
vn -0.0014127603499218822 -0.99999898672103882 0
vn -0.0014127603499218822 -0.99999898672103882 0
vn -0.0014127603499218822 -0.99999898672103882 0
vn -0.0014127603499218822 -0.99999898672103882 0
vn -0.0014127603499218822 -0.99999898672103882 0
vn -0.0014127603499218822 -0.99999898672103882 0
vn -0.0014127603499218822 -0.99999898672103882 0
vn -0.0014127603499218822 -0.99999898672103882 0
vn -0.0014127603499218822 -0.99999898672103882 0
vn -0.0014127603499218822 -0.99999898672103882 0
vn -0.0014127603499218822 -0.99999898672103882 0
vn -0.0014127603499218822 -0.99999898672103882 0
vn -0.0014127603499218822 -0.99999898672103882 0
vn -0.0014127603499218822 -0.99999898672103882 0
vn -0.0014127603499218822 -0.99999898672103882 0
vn -0.0014127603499218822 -0.99999898672103882 0
vn -0.0014127603499218822 -0.99999898672103882 0
vn -0.0014127603499218822 -0.99999898672103882 0
vn -0.0014127603499218822 -0.99999898672103882 0
vn -0.0014127603499218822 -0.99999898672103882 0
vn -0.0014127603499218822 -0.99999898672103882 0
vn -0.0014127603499218822 -0.99999898672103882 0
vn -0.0014127603499218822 -0.99999898672103882 0
vn -0.0014127603499218822 -0.99999898672103882 0
vn -0.0014127603499218822 -0.99999898672103882 0
vn -0.0014127603499218822 -0.99999898672103882 0
vn -0.0014127603499218822 -0.99999898672103882 0
vn -0.0014127603499218822 -0.99999898672103882 0
vn -0.0014127603499218822 -0.99999898672103882 0
vn -0.0014127603499218822 -0.99999898672103882 0
vn -0.0014127603499218822 -0.99999898672103882 0
vn -0.0014127603499218822 -0.99999898672103882 0
vn -0.0014127603499218822 -0.99999898672103882 0
vn -0.0014127603499218822 -0.99999898672103882 0
vn -0.0014127603499218822 -0.99999898672103882 0
vn -0.0014127603499218822 -0.99999898672103882 0
vn -0.0014127603499218822 -0.99999898672103882 0
vn -0.0014127603499218822 -0.99999898672103882 0
vn -0.0014127603499218822 -0.99999898672103882 0
vn -0.0014127603499218822 -0.99999898672103882 0
vn -0.0014127603499218822 -0.99999898672103882 0
vn -0.0014127603499218822 -0.99999898672103882 0
vn -0.0014127603499218822 -0.99999898672103882 0
vn -0.99999898672103882 0.0014127603499218822 0
vn -0.99999898672103882 0.0014127603499218822 0
vn -0.99999898672103882 0.0014127603499218822 0
vn -0.99999898672103882 0.0014127603499218822 0
vn -0.99999898672103882 0.0014127603499218822 0
vn -0.99999898672103882 0.0014127603499218822 0
vn -0.99999898672103882 0.0014127603499218822 0
vn -0.99999898672103882 0.0014127603499218822 0
vn -0.99999898672103882 0.0014127603499218822 0
vn -0.99999898672103882 0.0014127603499218822 0
vn -0.99999898672103882 0.0014127603499218822 0
vn -0.99999898672103882 0.0014127603499218822 0
vn -0.99999898672103882 0.0014127603499218822 0
vn -0.99999898672103882 0.0014127603499218822 0
vn -0.99999898672103882 0.0014127603499218822 0
vn -0.99999898672103882 0.0014127603499218822 0
vn -0.99999898672103882 0.0014127603499218822 0
vn -0.99999898672103882 0.0014127603499218822 0
vn -0.99999898672103882 0.0014127603499218822 0
vn -0.99999898672103882 0.0014127603499218822 0
vn -0.99999898672103882 0.0014127603499218822 0
vn -0.99999898672103882 0.0014127603499218822 0
vn -0.99999898672103882 0.0014127603499218822 0
vn -0.99999898672103882 0.0014127603499218822 0
vn -0.99999898672103882 0.0014127603499218822 0
vn -0.99999898672103882 0.0014127603499218822 0
vn -0.99999898672103882 0.0014127603499218822 0
vn -0.99999898672103882 0.0014127603499218822 0
vn -0.99999898672103882 0.0014127603499218822 0
vn -0.99999898672103882 0.0014127603499218822 0
vn 0.0014127603499218822 0.99999898672103882 0
vn 0.0014127603499218822 0.99999898672103882 0
vn 0.0014127603499218822 0.99999898672103882 0
vn 0.0014127603499218822 0.99999898672103882 0
vn 0.0014127603499218822 0.99999898672103882 0
vn 0.0014127603499218822 0.99999898672103882 0
vn 0.0014127603499218822 0.99999898672103882 0
vn -0.99999898672103882 0.0014127603499218822 0
vn -0.99999898672103882 0.0014127603499218822 0
vn -0.99999898672103882 0.0014127603499218822 0
vn -0.99999898672103882 0.0014127603499218822 0
vn -0.99999898672103882 0.0014127603499218822 0
vn -0.99999898672103882 0.0014127603499218822 0
vn 0.0014127603499218822 0.99999898672103882 0
vn 0.0014127603499218822 0.99999898672103882 0
vn 0.0014127603499218822 0.99999898672103882 0
vn 0.0014127603499218822 0.99999898672103882 0
vn 0.0014127603499218822 0.99999898672103882 0
vn 0.0014127603499218822 0.99999898672103882 0
vn 0.0014127603499218822 0.99999898672103882 0
vn 0.0014127603499218822 0.99999898672103882 0
vn 0 0 1
vn 0 0 1
vn 0 0 1
vn 0 0 1
vn 0 0 1
vn 0 0 1
vn 0 0 1
vn 0 0 1
vn 0 0 1
vn 0 0 1
vn 0 0 1
vn 0 0 1
vn 0 0 1
vn 0 0 1
vn 0 0 1
vn 0 0 1
vn 0 0 1
vn 0 0 1
vn 0 0 1
vn 0 0 1
vn 0 0 1
vn 0 0 1
vn 0 0 1
vn 0 0 1
vn 0 0 1
vn 0 0 1
vn 0 0 1
vn 0 0 1
vn 0 0 1
vn 0 0 1
vn 0 0 1
vn 0 0 1
vn 0 0 1
vn 0 0 1
vn 0 0 1
vn 0 0 1
vn 0 0 1
vn 0 0 1
vn 0 0 1
vn 0 0 1
vn 0 0 1
vn 0 0 1
vn 0 0 1
vn 0 0 1
vn 0 0 -1
vn 0 0 -1
vn 0 0 -1
vn 0 0 -1
vn 0 0 -1
vn 0 0 -1
vn 0 0 -1
vn 0 0 -1
vn 0 0 -1
vn 0 0 -1
vn 0 0 -1
vn 0 0 -1
vn 0 0 -1
vn 0 0 -1
vn 0 0 -1
vn 0 0 -1
vn 0 0 -1
vn 0 0 -1
vn 0 0 -1
vn 0 0 -1
vn 0 0 -1
vn 0 0 -1
vn 0 0 -1
vn 0 0 -1
vn 0 0 -1
vn 0 0 -1
vn 0 0 -1
vn 0 0 -1
vn 0 0 -1
vn 0 0 -1
vn 0 0 -1
vn 0 0 -1
vn 0 0 -1
vn 0 0 -1
vn 0 0 -1
vn 0 0 -1
vn 0 0 -1
vn 0 0 -1
vn 0 0 -1
vn 0 0 -1
vn 0 0 -1
vn 0 0 -1
vn 0 0 -1
vn 0 0 -1
f 1184/1184/1184 1185/1185/1185 1177/1177/1177 1186/1186/1186 1175/1175/1175 1204/1204/1204 1174/1174/1174 1178/1178/1178 1176/1176/1176 1179/1179/1179 1180/1180/1180 1181/1181/1181 1182/1182/1182 1183/1183/1183
f 1341/1341/1341 1342/1342/1342 1343/1343/1343 1344/1344/1344 1345/1345/1345 1346/1346/1346 1347/1347/1347 1337/1337/1337 1349/1349/1349 1339/1339/1339 1340/1340/1340 1348/1348/1348 1338/1338/1338
f 1368/1368/1368 1367/1367/1367 1371/1371/1371 1369/1369/1369 1372/1372/1372 1370/1370/1370 1373/1373/1373
f 1378/1378/1378 1374/1374/1374 1376/1376/1376 1379/1379/1379 1377/1377/1377 1375/1375/1375
f 1385/1385/1385 1380/1380/1380 1386/1386/1386 1382/1382/1382 1384/1384/1384 1383/1383/1383 1387/1387/1387 1381/1381/1381
f 1406/1406/1406 1405/1405/1405 1404/1404/1404 1403/1403/1403 1402/1402/1402 1401/1401/1401 1400/1400/1400 1399/1399/1399 1398/1398/1398 1397/1397/1397 1396/1396/1396 1395/1395/1395 1394/1394/1394 1393/1393/1393 1392/1392/1392 1389/1389/1389 1391/1391/1391 1388/1388/1388 1431/1431/1431 1430/1430/1430 1429/1429/1429 1428/1428/1428 1427/1427/1427 1426/1426/1426 1390/1390/1390 1408/1408/1408 1407/1407/1407
f 1434/1434/1434 1470/1470/1470 1471/1471/1471 1472/1472/1472 1473/1473/1473 1474/1474/1474 1475/1475/1475 1432/1432/1432 1435/1435/1435 1433/1433/1433 1436/1436/1436 1437/1437/1437 1438/1438/1438 1439/1439/1439 1440/1440/1440 1441/1441/1441 1442/1442/1442 1443/1443/1443 1444/1444/1444 1445/1445/1445 1446/1446/1446 1447/1447/1447 1448/1448/1448 1449/1449/1449 1450/1450/1450 1451/1451/1451 1452/1452/1452
f 1218/1218/1218 1211/1211/1211 1210/1210/1210 1217/1217/1217
f 1219/1219/1219 1212/1212/1212 1211/1211/1211 1218/1218/1218
f 1220/1220/1220 1213/1213/1213 1212/1212/1212 1219/1219/1219
f 1221/1221/1221 1214/1214/1214 1213/1213/1213 1220/1220/1220
f 1222/1222/1222 1215/1215/1215 1214/1214/1214 1221/1221/1221
f 1223/1223/1223 1216/1216/1216 1215/1215/1215 1222/1222/1222
f 1233/1233/1233 1205/1205/1205 1234/1234/1234
f 1319/1319/1319 1278/1278/1278 1320/1320/1320
f 1233/1233/1233 1277/1277/1277 1319/1319/1319
f 1277/1277/1277 1233/1233/1233 1234/1234/1234
f 1235/1235/1235 1236/1236/1236 1275/1275/1275 1276/1276/1276
f 1235/1235/1235 1276/1276/1276 1277/1277/1277
f 1234/1234/1234 1235/1235/1235 1277/1277/1277
f 1319/1319/1319 1277/1277/1277 1278/1278/1278
f 1232/1232/1232 1206/1206/1206 1320/1320/1320
f 1320/1320/1320 1206/1206/1206 1319/1319/1319
f 1231/1231/1231 1232/1232/1232 1320/1320/1320 1321/1321/1321
f 1279/1279/1279 1280/1280/1280 1320/1320/1320
f 1280/1280/1280 1322/1322/1322 1321/1321/1321
f 1280/1280/1280 1321/1321/1321 1320/1320/1320
f 1278/1278/1278 1279/1279/1279 1320/1320/1320
f 1206/1206/1206 1233/1233/1233 1319/1319/1319
f 1230/1230/1230 1231/1231/1231 1321/1321/1321 1322/1322/1322
f 1237/1237/1237 1238/1238/1238 1273/1273/1273 1274/1274/1274
f 1274/1274/1274 1275/1275/1275 1236/1236/1236 1237/1237/1237
f 1238/1238/1238 1239/1239/1239 1272/1272/1272 1273/1273/1273
f 1241/1241/1241 1271/1271/1271 1240/1240/1240
f 1239/1239/1239 1240/1240/1240 1271/1271/1271 1272/1272/1272
f 1323/1323/1323 1293/1293/1293 1294/1294/1294
f 1294/1294/1294 1271/1271/1271 1324/1324/1324
f 1323/1323/1323 1324/1324/1324 1325/1325/1325 1326/1326/1326
f 1271/1271/1271 1325/1325/1325 1324/1324/1324
f 1323/1323/1323 1327/1327/1327 1292/1292/1292 1293/1293/1293
f 1323/1323/1323 1294/1294/1294 1324/1324/1324
f 1326/1326/1326 1328/1328/1328 1327/1327/1327 1323/1323/1323
f 1302/1302/1302 1326/1326/1326 1325/1325/1325
f 1325/1325/1325 1271/1271/1271 1241/1241/1241
f 1325/1325/1325 1241/1241/1241 1301/1301/1301
f 1207/1207/1207 1230/1230/1230 1322/1322/1322 1329/1329/1329
f 1208/1208/1208 1207/1207/1207 1329/1329/1329 1330/1330/1330
f 1282/1282/1282 1329/1329/1329 1281/1281/1281
f 1322/1322/1322 1281/1281/1281 1329/1329/1329
f 1330/1330/1330 1329/1329/1329 1282/1282/1282
f 1322/1322/1322 1280/1280/1280 1281/1281/1281
f 1283/1283/1283 1208/1208/1208 1330/1330/1330
f 1209/1209/1209 1208/1208/1208 1270/1270/1270
f 1283/1283/1283 1270/1270/1270 1208/1208/1208
f 1283/1283/1283 1269/1269/1269 1270/1270/1270
f 1269/1269/1269 1283/1283/1283 1284/1284/1284
f 1284/1284/1284 1285/1285/1285 1268/1268/1268 1269/1269/1269
f 1267/1267/1267 1268/1268/1268 1285/1285/1285 1286/1286/1286
f 1283/1283/1283 1330/1330/1330 1282/1282/1282
f 1291/1291/1291 1292/1292/1292 1327/1327/1327 1331/1331/1331
f 1331/1331/1331 1327/1327/1327 1328/1328/1328 1332/1332/1332
f 1290/1290/1290 1291/1291/1291 1331/1331/1331 1333/1333/1333
f 1333/1333/1333 1331/1331/1331 1332/1332/1332 1334/1334/1334
f 1304/1304/1304 1332/1332/1332 1328/1328/1328
f 1334/1334/1334 1335/1335/1335 1336/1336/1336 1333/1333/1333
f 1334/1334/1334 1332/1332/1332 1305/1305/1305
f 1333/1333/1333 1336/1336/1336 1289/1289/1289 1290/1290/1290
f 1286/1286/1286 1287/1287/1287 1266/1266/1266 1267/1267/1267
f 1265/1265/1265 1266/1266/1266 1287/1287/1287 1288/1288/1288
f 1335/1335/1335 1263/1263/1263 1289/1289/1289
f 1288/1288/1288 1289/1289/1289 1264/1264/1264 1265/1265/1265
f 1289/1289/1289 1263/1263/1263 1264/1264/1264
f 1336/1336/1336 1335/1335/1335 1289/1289/1289
f 1328/1328/1328 1326/1326/1326 1304/1304/1304
f 1242/1242/1242 1243/1243/1243 1300/1300/1300 1301/1301/1301
f 1299/1299/1299 1300/1300/1300 1243/1243/1243 1244/1244/1244
f 1325/1325/1325 1301/1301/1301 1302/1302/1302
f 1245/1245/1245 1246/1246/1246 1297/1297/1297 1298/1298/1298
f 1244/1244/1244 1245/1245/1245 1298/1298/1298 1299/1299/1299
f 1246/1246/1246 1247/1247/1247 1296/1296/1296 1297/1297/1297
f 1326/1326/1326 1303/1303/1303 1304/1304/1304
f 1302/1302/1302 1303/1303/1303 1326/1326/1326
f 1247/1247/1247 1295/1295/1295 1296/1296/1296
f 1295/1295/1295 1247/1247/1247 1248/1248/1248
f 1332/1332/1332 1304/1304/1304 1305/1305/1305
f 1210/1210/1210 1248/1248/1248 1249/1249/1249
f 1210/1210/1210 1211/1211/1211 1318/1318/1318 1295/1295/1295
f 1210/1210/1210 1249/1249/1249 1217/1217/1217
f 1248/1248/1248 1210/1210/1210 1295/1295/1295
f 1250/1250/1250 1224/1224/1224 1225/1225/1225 1217/1217/1217
f 1249/1249/1249 1250/1250/1250 1217/1217/1217
f 1225/1225/1225 1251/1251/1251 1218/1218/1218 1217/1217/1217
f 1211/1211/1211 1212/1212/1212 1317/1317/1317 1318/1318/1318
f 1212/1212/1212 1213/1213/1213 1316/1316/1316 1317/1317/1317
f 1251/1251/1251 1226/1226/1226 1219/1219/1219 1218/1218/1218
f 1226/1226/1226 1252/1252/1252 1220/1220/1220 1219/1219/1219
f 1334/1334/1334 1306/1306/1306 1335/1335/1335
f 1263/1263/1263 1307/1307/1307 1262/1262/1262
f 1306/1306/1306 1307/1307/1307 1335/1335/1335
f 1306/1306/1306 1334/1334/1334 1305/1305/1305
f 1309/1309/1309 1310/1310/1310 1259/1259/1259 1260/1260/1260
f 1308/1308/1308 1309/1309/1309 1260/1260/1260 1261/1261/1261
f 1307/1307/1307 1308/1308/1308 1261/1261/1261 1262/1262/1262
f 1258/1258/1258 1311/1311/1311 1312/1312/1312
f 1312/1312/1312 1257/1257/1257 1258/1258/1258
f 1313/1313/1313 1257/1257/1257 1312/1312/1312
f 1258/1258/1258 1259/1259/1259 1310/1310/1310 1311/1311/1311
f 1335/1335/1335 1307/1307/1307 1263/1263/1263
f 1314/1314/1314 1315/1315/1315 1214/1214/1214 1215/1215/1215
f 1253/1253/1253 1227/1227/1227 1222/1222/1222 1221/1221/1221
f 1221/1221/1221 1220/1220/1220 1252/1252/1252 1253/1253/1253
f 1227/1227/1227 1228/1228/1228 1223/1223/1223 1222/1222/1222
f 1313/1313/1313 1314/1314/1314 1215/1215/1215 1216/1216/1216
f 1257/1257/1257 1313/1313/1313 1256/1256/1256
f 1216/1216/1216 1256/1256/1256 1313/1313/1313
f 1256/1256/1256 1216/1216/1216 1255/1255/1255
f 1223/1223/1223 1228/1228/1228 1229/1229/1229 1254/1254/1254
f 1223/1223/1223 1254/1254/1254 1255/1255/1255
f 1216/1216/1216 1223/1223/1223 1255/1255/1255
f 1315/1315/1315 1316/1316/1316 1213/1213/1213 1214/1214/1214
f 1301/1301/1301 1241/1241/1241 1242/1242/1242
o object_6
usemtl diffuse_Black
v 6.3509879112243652 27.480209350585938 5
v 6.3509879112243652 27.480209350585938 3.5714285373687744
v 6.3509879112243652 27.480209350585938 2.8571429252624512
v 6.3509879112243652 27.480209350585938 2.1428570747375488
v 6.3509879112243652 27.480209350585938 1.4285714626312256
v 6.3509879112243652 27.480209350585938 0.71428573131561279
v 6.3509879112243652 27.480209350585938 0
v 13.350987434387207 27.470321655273438 5
v 13.350987434387207 27.470321655273438 4.2857141494750977
v 13.350987434387207 27.470321655273438 3.5714285373687744
v 13.350987434387207 27.470321655273438 2.8571429252624512
v 13.350987434387207 27.470321655273438 2.1428570747375488
v 13.350987434387207 27.470321655273438 1.4285714626312256
v 13.350987434387207 27.470321655273438 0
v 7.0509696006774902 27.479221343994141 5
v 7.7509818077087402 27.478233337402344 5
v 8.450993537902832 27.477241516113281 5
v 9.150975227355957 27.476253509521484 5
v 9.850987434387207 27.475265502929688 5
v 10.550969123840332 27.474277496337891 5
v 11.250981330871582 27.473285675048828 5
v 11.950963020324707 27.472297668457031 5
v 12.650975227355957 27.471309661865234 5
v 13.350987434387207 27.470321655273438 0.71428573131561279
v 12.650975227355957 27.471309661865234 0
v 11.950963020324707 27.472297668457031 0
v 11.250981330871582 27.473285675048828 0
v 10.550969123840332 27.474277496337891 0
v 9.850987434387207 27.475265502929688 0
v 9.150975227355957 27.476253509521484 0
v 8.450993537902832 27.477241516113281 0
v 7.7509818077087402 27.478233337402344 0
v 7.0509696006774902 27.479221343994141 0
v 6.3509879112243652 27.480209350585938 4.2857141494750977
v 7.6030325889587402 27.478439331054688 1
v 8.352330207824707 27.477382659912109 1
v 9.101658821105957 27.476322174072266 1
v 9.850987434387207 27.475265502929688 1
v 10.600285530090332 27.474205017089844 1
v 11.349614143371582 27.473148345947266 1
v 12.098942756652832 27.472087860107422 1
v 12.098942756652832 27.472087860107422 1.75
v 12.098942756652832 27.472087860107422 2.5
v 12.098942756652832 27.472087860107422 3.25
v 12.098942756652832 27.472087860107422 4
v 11.349614143371582 27.473148345947266 4
v 10.600285530090332 27.474205017089844 4
v 9.850987434387207 27.475265502929688 4
v 9.101658821105957 27.476322174072266 4
v 8.352330207824707 27.477382659912109 4
v 7.6030325889587402 27.478439331054688 4
v 7.6030325889587402 27.478439331054688 3.25
v 7.6030325889587402 27.478439331054688 2.5
v 7.6030325889587402 27.478439331054688 1.75
v 7.3509879112243652 27.478797912597656 4.2857141494750977
v 7.3509879112243652 27.478797912597656 2.8571429252624512
v 7.3509879112243652 27.478797912597656 2.1428570747375488
v 9.350987434387207 27.475971221923828 4.2857141494750977
v 10.350987434387207 27.474559783935547 4.2857141494750977
v 7.3509879112243652 27.478797912597656 1.4285714626312256
v 7.3509879112243652 27.478797912597656 0.71428573131561279
v 8.350987434387207 27.477382659912109 0.71428573131561279
v 9.350987434387207 27.475971221923828 0.71428573131561279
v 10.350987434387207 27.474559783935547 0.71428573131561279
v 11.350987434387207 27.47314453125 4.2857141494750977
v 12.350987434387207 27.471733093261719 4.2857141494750977
v 12.350987434387207 27.471733093261719 2.8571429252624512
v 12.350987434387207 27.471733093261719 2.1428570747375488
v 11.350987434387207 27.47314453125 0.71428573131561279
v 12.350987434387207 27.471733093261719 0.71428573131561279
v 12.350987434387207 27.471733093261719 1.4285714626312256
v 13.350987434387207 27.470321655273438 5
v 13.350987434387207 27.470321655273438 0
v 13.332615852355957 14.466632843017578 5
v 13.332615852355957 14.466632843017578 0
v 13.350987434387207 27.470321655273438 0.71428573131561279
v 13.350987434387207 27.470321655273438 1.4285714626312256
v 13.350987434387207 27.470321655273438 2.1428570747375488
v 13.350987434387207 27.470321655273438 2.8571429252624512
v 13.350987434387207 27.470321655273438 3.5714285373687744
v 13.350987434387207 27.470321655273438 4.2857141494750977
v 13.341801643371582 20.968475341796875 0
v 13.341801643371582 20.968475341796875 5
v 13.341801643371582 20.968475341796875 2.5
v 13.341801643371582 20.968475341796875 1.25
v 13.346379280090332 24.219398498535156 2.5
v 13.346379280090332 24.219398498535156 1.25
v 13.346379280090332 24.219398498535156 0.625
v 13.348668098449707 25.844860076904297 1.25
v 13.348668098449707 25.844860076904297 0.625
v 13.346379280090332 24.219398498535156 1.875
v 13.348668098449707 25.844860076904297 2.5
v 13.348668098449707 25.844860076904297 1.875
v 13.341801643371582 20.968475341796875 3.75
v 13.346379280090332 24.219398498535156 3.75
v 13.346379280090332 24.219398498535156 3.125
v 13.348668098449707 25.844860076904297 3.75
v 13.348668098449707 25.844860076904297 3.125
v 13.346379280090332 24.219398498535156 4.375
v 13.348668098449707 25.844860076904297 4.375
v 13.332615852355957 14.466632843017578 5
v 13.332615852355957 14.466632843017578 0
v 6.3326163291931152 14.476520538330078 5
v 6.3326163291931152 14.476520538330078 0
v 9.832615852355957 14.471576690673828 5
v 9.832615852355957 14.471576690673828 0
v 6.3326163291931152 14.476520538330078 5
v 6.3326163291931152 14.476520538330078 0
v 6.3509879112243652 27.480209350585938 5
v 6.3509879112243652 27.480209350585938 0
v 6.3509879112243652 27.480209350585938 4.2857141494750977
v 6.3509879112243652 27.480209350585938 3.5714285373687744
v 6.3509879112243652 27.480209350585938 2.8571429252624512
v 6.3509879112243652 27.480209350585938 2.1428570747375488
v 6.3509879112243652 27.480209350585938 1.4285714626312256
v 6.3509879112243652 27.480209350585938 0.71428573131561279
v 6.3418021202087402 20.978366851806641 0
v 6.3418021202087402 20.978366851806641 5
v 6.3418021202087402 20.978366851806641 2.5
v 6.3463797569274902 24.229286193847656 2.5
v 6.3418021202087402 20.978366851806641 3.75
v 6.3463797569274902 24.229286193847656 3.75
v 6.3486990928649902 25.854747772216797 3.75
v 6.3463797569274902 24.229286193847656 4.375
v 6.3486990928649902 25.854747772216797 4.375
v 6.3486990928649902 25.854747772216797 2.5
v 6.3463797569274902 24.229286193847656 3.125
v 6.3486990928649902 25.854747772216797 3.125
v 6.3418021202087402 20.978366851806641 1.25
v 6.3463797569274902 24.229286193847656 1.25
v 6.3486990928649902 25.854747772216797 1.25
v 6.3463797569274902 24.229286193847656 1.875
v 6.3486990928649902 25.854747772216797 1.875
v 6.3463797569274902 24.229286193847656 0.625
v 6.3486990928649902 25.854747772216797 0.625
v 6.3326163291931152 14.476520538330078 5
v 13.332615852355957 14.466632843017578 5
v 6.3509879112243652 27.480209350585938 5
v 13.350987434387207 27.470321655273438 5
v 7.0509696006774902 27.479221343994141 5
v 7.7509818077087402 27.478233337402344 5
v 8.450993537902832 27.477241516113281 5
v 9.150975227355957 27.476253509521484 5
v 9.850987434387207 27.475265502929688 5
v 10.550969123840332 27.474277496337891 5
v 11.250981330871582 27.473285675048828 5
v 11.950963020324707 27.472297668457031 5
v 12.650975227355957 27.471309661865234 5
v 13.341801643371582 20.968475341796875 5
v 6.3418021202087402 20.978366851806641 5
v 9.841801643371582 20.973419189453125 5
v 9.846379280090332 24.224342346191406 5
v 8.091801643371582 20.975894927978516 5
v 8.096379280090332 24.226814270019531 5
v 8.098698616027832 25.852275848388672 5
v 7.2213797569274902 24.228050231933594 5
v 7.2236990928649902 25.853511810302734 5
v 9.848668098449707 25.849803924560547 5
v 8.971379280090332 24.225578308105469 5
v 8.973698616027832 25.851039886474609 5
v 11.591801643371582 20.970947265625 5
v 11.596379280090332 24.221870422363281 5
v 11.598668098449707 25.847332000732422 5
v 10.721379280090332 24.223106384277344 5
v 10.723668098449707 25.848567962646484 5
v 12.471379280090332 24.220634460449219 5
v 12.473668098449707 25.846096038818359 5
v 9.832615852355957 14.471576690673828 5
v 6.3326163291931152 14.476520538330078 0
v 13.332615852355957 14.466632843017578 0
v 6.3509879112243652 27.480209350585938 0
v 13.350987434387207 27.470321655273438 0
v 7.0509696006774902 27.479221343994141 0
v 7.7509818077087402 27.478233337402344 0
v 8.450993537902832 27.477241516113281 0
v 9.150975227355957 27.476253509521484 0
v 9.850987434387207 27.475265502929688 0
v 10.550969123840332 27.474277496337891 0
v 11.250981330871582 27.473285675048828 0
v 11.950963020324707 27.472297668457031 0
v 12.650975227355957 27.471309661865234 0
v 13.341801643371582 20.968475341796875 0
v 6.3418021202087402 20.978366851806641 0
v 9.841801643371582 20.973419189453125 0
v 9.846379280090332 24.224342346191406 0
v 8.091801643371582 20.975894927978516 0
v 8.096379280090332 24.226814270019531 0
v 8.098698616027832 25.852275848388672 0
v 7.2213797569274902 24.228050231933594 0
v 7.2236990928649902 25.853511810302734 0
v 9.848668098449707 25.849803924560547 0
v 8.971379280090332 24.225578308105469 0
v 8.973698616027832 25.851039886474609 0
v 11.591801643371582 20.970947265625 0
v 11.596379280090332 24.221870422363281 0
v 11.598668098449707 25.847332000732422 0
v 10.721379280090332 24.223106384277344 0
v 10.723668098449707 25.848567962646484 0
v 12.471379280090332 24.220634460449219 0
v 12.473668098449707 25.846096038818359 0
v 9.832615852355957 14.471576690673828 0
vt 0 0.71735632419586182
vt 0 0.77945816516876221
vt 0 0.81050902605056763
vt 0 0.84155994653701782
vt 0 0.87261086702346802
vt 0 0.90366172790527344
vt 0 0.93471264839172363
vt 0.30283400416374207 0.71735632419586182
vt 0.30283400416374207 0.74840724468231201
vt 0.30283400416374207 0.77945816516876221
vt 0.30283400416374207 0.81050902605056763
vt 0.30283400416374207 0.84155994653701782
vt 0.30283400416374207 0.87261086702346802
vt 0.30283400416374207 0.93471264839172363
vt 0.030283400788903236 0.71735632419586182
vt 0.060566801577806473 0.71735632419586182
vt 0.090850204229354858 0.71735632419586182
vt 0.12113360315561295 0.71735632419586182
vt 0.15141700208187103 0.71735632419586182
vt 0.18170040845870972 0.71735632419586182
vt 0.21198379993438721 0.71735632419586182
vt 0.24226720631122589 0.71735632419586182
vt 0.27255061268806458 0.71735632419586182
vt 0.30283400416374207 0.90366172790527344
vt 0.27255061268806458 0.93471264839172363
vt 0.24226720631122589 0.93471264839172363
vt 0.21198379993438721 0.93471264839172363
vt 0.18170040845870972 0.93471264839172363
vt 0.15141700208187103 0.93471264839172363
vt 0.12113360315561295 0.93471264839172363
vt 0.090850204229354858 0.93471264839172363
vt 0.060566801577806473 0.93471264839172363
vt 0.030283400788903236 0.93471264839172363
vt 0 0.74840724468231201
vt 0.054165828973054886 0.89124137163162231
vt 0.086582884192466736 0.89124137163162231
vt 0.11899994313716888 0.89124137163162231
vt 0.15141700208187103 0.89124137163162231
vt 0.18383407592773438 0.89124137163162231
vt 0.21625113487243652 0.89124137163162231
vt 0.24866817891597748 0.89124137163162231
vt 0.24866817891597748 0.85863792896270752
vt 0.24866817891597748 0.82603448629379272
vt 0.24866817891597748 0.79343104362487793
vt 0.24866817891597748 0.76082760095596313
vt 0.21625113487243652 0.76082760095596313
vt 0.18383407592773438 0.76082760095596313
vt 0.15141700208187103 0.76082760095596313
vt 0.11899994313716888 0.76082760095596313
vt 0.086582884192466736 0.76082760095596313
vt 0.054165828973054886 0.76082760095596313
vt 0.054165828973054886 0.79343104362487793
vt 0.054165828973054886 0.82603448629379272
vt 0.054165828973054886 0.85863792896270752
vt 0.043262004852294922 0.74840724468231201
vt 0.043262004852294922 0.81050902605056763
vt 0.043262004852294922 0.84155994653701782
vt 0.12978599965572357 0.74840724468231201
vt 0.17304801940917969 0.74840724468231201
vt 0.043262004852294922 0.87261086702346802
vt 0.043262004852294922 0.90366172790527344
vt 0.086524009704589844 0.90366172790527344
vt 0.12978599965572357 0.90366172790527344
vt 0.17304801940917969 0.90366172790527344
vt 0.21631000936031342 0.74840724468231201
vt 0.25957199931144714 0.74840724468231201
vt 0.25957199931144714 0.81050902605056763
vt 0.25957199931144714 0.84155994653701782
vt 0.21631000936031342 0.90366172790527344
vt 0.25957199931144714 0.90366172790527344
vt 0.25957199931144714 0.87261086702346802
vt 0 0.21735632419586182
vt 0 0.43324780464172363
vt 0.56528735160827637 0.21735632419586182
vt 0.56528735160827637 0.43324780464172363
vt 0 0.40240615606307983
vt 0 0.37156453728675842
vt 0 0.34072288870811462
vt 0 0.30988124012947083
vt 0 0.27903962135314941
vt 0 0.24819797277450562
vt 0.28264367580413818 0.43324780464172363
vt 0.28264367580413818 0.21735632419586182
vt 0.28264367580413818 0.32530206441879272
vt 0.28264367580413818 0.37927493453025818
vt 0.14132183790206909 0.32530206441879272
vt 0.14132183790206909 0.37927493453025818
vt 0.14132183790206909 0.4062613844871521
vt 0.070660918951034546 0.37927493453025818
vt 0.070660918951034546 0.4062613844871521
vt 0.14132183790206909 0.35228851437568665
vt 0.070660918951034546 0.32530206441879272
vt 0.070660918951034546 0.35228851437568665
vt 0.28264367580413818 0.27132919430732727
vt 0.14132183790206909 0.27132919430732727
vt 0.14132183790206909 0.29831564426422119
vt 0.070660918951034546 0.27132919430732727
vt 0.070660918951034546 0.29831564426422119
vt 0.14132183790206909 0.24434275925159454
vt 0.070660918951034546 0.24434275925159454
vt 0 0.43471264839172363
vt 0 0.65206897258758545
vt 0.30283400416374207 0.43471264839172363
vt 0.30283400416374207 0.65206897258758545
vt 0.15141700208187103 0.43471264839172363
vt 0.15141700208187103 0.65206897258758545
vt 0 0
vt 0 0.21589148044586182
vt 0.56528735160827637 0
vt 0.56528735160827637 0.21589148044586182
vt 0.56528735160827637 0.030841641128063202
vt 0.56528735160827637 0.061683282256126404
vt 0.56528735160827637 0.092524923384189606
vt 0.56528735160827637 0.12336656451225281
vt 0.56528735160827637 0.15420819818973541
vt 0.56528735160827637 0.18504984676837921
vt 0.28264367580413818 0.21589148044586182
vt 0.28264367580413818 0
vt 0.28264367580413818 0.10794574022293091
vt 0.42396551370620728 0.10794574022293091
vt 0.28264367580413818 0.053972870111465454
vt 0.42396551370620728 0.053972870111465454
vt 0.49462643265724182 0.053972870111465454
vt 0.42396551370620728 0.026986435055732727
vt 0.49462643265724182 0.026986435055732727
vt 0.49462643265724182 0.10794574022293091
vt 0.42396551370620728 0.080959305167198181
vt 0.49462643265724182 0.080959305167198181
vt 0.28264367580413818 0.16191861033439636
vt 0.42396551370620728 0.16191861033439636
vt 0.49462643265724182 0.16191861033439636
vt 0.42396551370620728 0.13493217527866364
vt 0.49462643265724182 0.13493217527866364
vt 0.42396551370620728 0.18890504539012909
vt 0.49462643265724182 0.18890504539012909
vt 0.91143172979354858 0
vt 0.60859769582748413 0
vt 0.91143172979354858 0.56528735160827637
vt 0.60859769582748413 0.56528735160827637
vt 0.88114833831787109 0.56528735160827637
vt 0.8508649468421936 0.56528735160827637
vt 0.82058149576187134 0.56528735160827637
vt 0.79029810428619385 0.56528735160827637
vt 0.76001471281051636 0.56528735160827637
vt 0.72973132133483887 0.56528735160827637
vt 0.69944792985916138 0.56528735160827637
vt 0.66916453838348389 0.56528735160827637
vt 0.6388811469078064 0.56528735160827637
vt 0.60859769582748413 0.28264367580413818
vt 0.91143172979354858 0.28264367580413818
vt 0.76001471281051636 0.28264367580413818
vt 0.76001471281051636 0.42396551370620728
vt 0.83572322130203247 0.28264367580413818
vt 0.83572322130203247 0.42396551370620728
vt 0.83572322130203247 0.49462643265724182
vt 0.87357747554779053 0.42396551370620728
vt 0.87357747554779053 0.49462643265724182
vt 0.76001471281051636 0.49462643265724182
vt 0.79786896705627441 0.42396551370620728
vt 0.79786896705627441 0.49462643265724182
vt 0.68430620431900024 0.28264367580413818
vt 0.68430620431900024 0.42396551370620728
vt 0.68430620431900024 0.49462643265724182
vt 0.7221604585647583 0.42396551370620728
vt 0.7221604585647583 0.49462643265724182
vt 0.64645195007324219 0.42396551370620728
vt 0.64645195007324219 0.49462643265724182
vt 0.76001471281051636 0
vt 0.60713285207748413 0.43471264839172363
vt 0.30429884791374207 0.43471264839172363
vt 0.60713285207748413 0.99853515625
vt 0.30429884791374207 0.99853515625
vt 0.57684946060180664 0.99853515625
vt 0.54656606912612915 0.99853515625
vt 0.51628267765045166 0.99853515625
vt 0.48599925637245178 0.99853515625
vt 0.45571586489677429 0.99853515625
vt 0.42543244361877441 0.99853515625
vt 0.39514905214309692 0.99853515625
vt 0.36486566066741943 0.99853515625
vt 0.33458226919174194 0.99853515625
vt 0.30429884791374207 0.71662390232086182
vt 0.60713285207748413 0.71662390232086182
vt 0.45571586489677429 0.71662390232086182
vt 0.45571586489677429 0.85757952928543091
vt 0.53142434358596802 0.71662390232086182
vt 0.53142434358596802 0.85757952928543091
vt 0.53142434358596802 0.92805737257003784
vt 0.56927859783172607 0.85757952928543091
vt 0.56927859783172607 0.92805737257003784
vt 0.45571586489677429 0.92805737257003784
vt 0.49357011914253235 0.85757952928543091
vt 0.49357011914253235 0.92805737257003784
vt 0.38000735640525818 0.71662390232086182
vt 0.38000735640525818 0.85757952928543091
vt 0.38000735640525818 0.92805737257003784
vt 0.41786161065101624 0.85757952928543091
vt 0.41786161065101624 0.92805737257003784
vt 0.34215310215950012 0.85757952928543091
vt 0.34215310215950012 0.92805737257003784
vt 0.45571586489677429 0.43471264839172363
vn 0.0014127603499218822 0.99999898672103882 0
vn 0.0014127603499218822 0.99999898672103882 0
vn 0.0014127603499218822 0.99999898672103882 0
vn 0.0014127603499218822 0.99999898672103882 0
vn 0.0014127603499218822 0.99999898672103882 0
vn 0.0014127603499218822 0.99999898672103882 0
vn 0.0014127603499218822 0.99999898672103882 0
vn 0.0014127603499218822 0.99999898672103882 0
vn 0.0014127603499218822 0.99999898672103882 0
vn 0.0014127603499218822 0.99999898672103882 0
vn 0.0014127603499218822 0.99999898672103882 0
vn 0.0014127603499218822 0.99999898672103882 0
vn 0.0014127603499218822 0.99999898672103882 0
vn 0.0014127603499218822 0.99999898672103882 0
vn 0.0014127603499218822 0.99999898672103882 0
vn 0.0014127603499218822 0.99999898672103882 0
vn 0.0014127603499218822 0.99999898672103882 0
vn 0.0014127603499218822 0.99999898672103882 0
vn 0.0014127603499218822 0.99999898672103882 0
vn 0.0014127603499218822 0.99999898672103882 0
vn 0.0014127603499218822 0.99999898672103882 0
vn 0.0014127603499218822 0.99999898672103882 0
vn 0.0014127603499218822 0.99999898672103882 0
vn 0.0014127603499218822 0.99999898672103882 0
vn 0.0014127603499218822 0.99999898672103882 0
vn 0.0014127603499218822 0.99999898672103882 0
vn 0.0014127603499218822 0.99999898672103882 0
vn 0.0014127603499218822 0.99999898672103882 0
vn 0.0014127603499218822 0.99999898672103882 0
vn 0.0014127603499218822 0.99999898672103882 0
vn 0.0014127603499218822 0.99999898672103882 0
vn 0.0014127603499218822 0.99999898672103882 0
vn 0.0014127603499218822 0.99999898672103882 0
vn 0.0014127603499218822 0.99999898672103882 0
vn 0.0014127603499218822 0.99999898672103882 0
vn 0.0014127603499218822 0.99999898672103882 0
vn 0.0014127603499218822 0.99999898672103882 0
vn 0.0014127603499218822 0.99999898672103882 0
vn 0.0014127603499218822 0.99999898672103882 0
vn 0.0014127603499218822 0.99999898672103882 0
vn 0.0014127603499218822 0.99999898672103882 0
vn 0.0014127603499218822 0.99999898672103882 0
vn 0.0014127603499218822 0.99999898672103882 0
vn 0.0014127603499218822 0.99999898672103882 0
vn 0.0014127603499218822 0.99999898672103882 0
vn 0.0014127603499218822 0.99999898672103882 0
vn 0.0014127603499218822 0.99999898672103882 0
vn 0.0014127603499218822 0.99999898672103882 0
vn 0.0014127603499218822 0.99999898672103882 0
vn 0.0014127603499218822 0.99999898672103882 0
vn 0.0014127603499218822 0.99999898672103882 0
vn 0.0014127603499218822 0.99999898672103882 0
vn 0.0014127603499218822 0.99999898672103882 0
vn 0.0014127603499218822 0.99999898672103882 0
vn 0.0014127603499218822 0.99999898672103882 0
vn 0.0014127603499218822 0.99999898672103882 0
vn 0.0014127603499218822 0.99999898672103882 0
vn 0.0014127603499218822 0.99999898672103882 0
vn 0.0014127603499218822 0.99999898672103882 0
vn 0.0014127603499218822 0.99999898672103882 0
vn 0.0014127603499218822 0.99999898672103882 0
vn 0.0014127603499218822 0.99999898672103882 0
vn 0.0014127603499218822 0.99999898672103882 0
vn 0.0014127603499218822 0.99999898672103882 0
vn 0.0014127603499218822 0.99999898672103882 0
vn 0.0014127603499218822 0.99999898672103882 0
vn 0.0014127603499218822 0.99999898672103882 0
vn 0.0014127603499218822 0.99999898672103882 0
vn 0.0014127603499218822 0.99999898672103882 0
vn 0.0014127603499218822 0.99999898672103882 0
vn 0.0014127603499218822 0.99999898672103882 0
vn 0.99999898672103882 -0.0014127603499218822 0
vn 0.99999898672103882 -0.0014127603499218822 0
vn 0.99999898672103882 -0.0014127603499218822 0
vn 0.99999898672103882 -0.0014127603499218822 0
vn 0.99999898672103882 -0.0014127603499218822 0
vn 0.99999898672103882 -0.0014127603499218822 0
vn 0.99999898672103882 -0.0014127603499218822 0
vn 0.99999898672103882 -0.0014127603499218822 0
vn 0.99999898672103882 -0.0014127603499218822 0
vn 0.99999898672103882 -0.0014127603499218822 0
vn 0.99999898672103882 -0.0014127603499218822 0
vn 0.99999898672103882 -0.0014127603499218822 0
vn 0.99999898672103882 -0.0014127603499218822 0
vn 0.99999898672103882 -0.0014127603499218822 0
vn 0.99999898672103882 -0.0014127603499218822 0
vn 0.99999898672103882 -0.0014127603499218822 0
vn 0.99999898672103882 -0.0014127603499218822 0
vn 0.99999898672103882 -0.0014127603499218822 0
vn 0.99999898672103882 -0.0014127603499218822 0
vn 0.99999898672103882 -0.0014127603499218822 0
vn 0.99999898672103882 -0.0014127603499218822 0
vn 0.99999898672103882 -0.0014127603499218822 0
vn 0.99999898672103882 -0.0014127603499218822 0
vn 0.99999898672103882 -0.0014127603499218822 0
vn 0.99999898672103882 -0.0014127603499218822 0
vn 0.99999898672103882 -0.0014127603499218822 0
vn 0.99999898672103882 -0.0014127603499218822 0
vn 0.99999898672103882 -0.0014127603499218822 0
vn 0.99999898672103882 -0.0014127603499218822 0
vn -0.0014127603499218822 -0.99999898672103882 0
vn -0.0014127603499218822 -0.99999898672103882 0
vn -0.0014127603499218822 -0.99999898672103882 0
vn -0.0014127603499218822 -0.99999898672103882 0
vn -0.0014127603499218822 -0.99999898672103882 0
vn -0.0014127603499218822 -0.99999898672103882 0
vn -0.99999898672103882 0.0014127603499218822 0
vn -0.99999898672103882 0.0014127603499218822 0
vn -0.99999898672103882 0.0014127603499218822 0
vn -0.99999898672103882 0.0014127603499218822 0
vn -0.99999898672103882 0.0014127603499218822 0
vn -0.99999898672103882 0.0014127603499218822 0
vn -0.99999898672103882 0.0014127603499218822 0
vn -0.99999898672103882 0.0014127603499218822 0
vn -0.99999898672103882 0.0014127603499218822 0
vn -0.99999898672103882 0.0014127603499218822 0
vn -0.99999898672103882 0.0014127603499218822 0
vn -0.99999898672103882 0.0014127603499218822 0
vn -0.99999898672103882 0.0014127603499218822 0
vn -0.99999898672103882 0.0014127603499218822 0
vn -0.99999898672103882 0.0014127603499218822 0
vn -0.99999898672103882 0.0014127603499218822 0
vn -0.99999898672103882 0.0014127603499218822 0
vn -0.99999898672103882 0.0014127603499218822 0
vn -0.99999898672103882 0.0014127603499218822 0
vn -0.99999898672103882 0.0014127603499218822 0
vn -0.99999898672103882 0.0014127603499218822 0
vn -0.99999898672103882 0.0014127603499218822 0
vn -0.99999898672103882 0.0014127603499218822 0
vn -0.99999898672103882 0.0014127603499218822 0
vn -0.99999898672103882 0.0014127603499218822 0
vn -0.99999898672103882 0.0014127603499218822 0
vn -0.99999898672103882 0.0014127603499218822 0
vn -0.99999898672103882 0.0014127603499218822 0
vn -0.99999898672103882 0.0014127603499218822 0
vn 0 0 1
vn 0 0 1
vn 0 0 1
vn 0 0 1
vn 0 0 1
vn 0 0 1
vn 0 0 1
vn 0 0 1
vn 0 0 1
vn 0 0 1
vn 0 0 1
vn 0 0 1
vn 0 0 1
vn 0 0 1
vn 0 0 1
vn 0 0 1
vn 0 0 1
vn 0 0 1
vn 0 0 1
vn 0 0 1
vn 0 0 1
vn 0 0 1
vn 0 0 1
vn 0 0 1
vn 0 0 1
vn 0 0 1
vn 0 0 1
vn 0 0 1
vn 0 0 1
vn 0 0 1
vn 0 0 1
vn 0 0 1
vn 0 0 1
vn 0 0 -1
vn 0 0 -1
vn 0 0 -1
vn 0 0 -1
vn 0 0 -1
vn 0 0 -1
vn 0 0 -1
vn 0 0 -1
vn 0 0 -1
vn 0 0 -1
vn 0 0 -1
vn 0 0 -1
vn 0 0 -1
vn 0 0 -1
vn 0 0 -1
vn 0 0 -1
vn 0 0 -1
vn 0 0 -1
vn 0 0 -1
vn 0 0 -1
vn 0 0 -1
vn 0 0 -1
vn 0 0 -1
vn 0 0 -1
vn 0 0 -1
vn 0 0 -1
vn 0 0 -1
vn 0 0 -1
vn 0 0 -1
vn 0 0 -1
vn 0 0 -1
vn 0 0 -1
vn 0 0 -1
f 1551/1551/1551 1552/1552/1552 1553/1553/1553 1554/1554/1554 1555/1555/1555 1556/1556/1556 1547/1547/1547 1558/1558/1558 1549/1549/1549 1550/1550/1550 1557/1557/1557 1548/1548/1548
f 1577/1577/1577 1576/1576/1576 1580/1580/1580 1578/1578/1578 1579/1579/1579 1581/1581/1581
f 1590/1590/1590 1591/1591/1591 1585/1585/1585 1592/1592/1592 1583/1583/1583 1582/1582/1582 1593/1593/1593 1584/1584/1584 1586/1586/1586 1587/1587/1587 1588/1588/1588 1589/1589/1589
f 1623/1623/1623 1622/1622/1622 1621/1621/1621 1620/1620/1620 1619/1619/1619 1618/1618/1618 1617/1617/1617 1616/1616/1616 1615/1615/1615 1613/1613/1613 1625/1625/1625 1611/1611/1611 1643/1643/1643 1612/1612/1612 1624/1624/1624 1614/1614/1614
f 1655/1655/1655 1656/1656/1656 1647/1647/1647 1657/1657/1657 1645/1645/1645 1676/1676/1676 1644/1644/1644 1658/1658/1658 1646/1646/1646 1648/1648/1648 1649/1649/1649 1650/1650/1650 1651/1651/1651 1652/1652/1652 1653/1653/1653 1654/1654/1654
f 1490/1490/1490 1509/1509/1509 1476/1476/1476
f 1509/1509/1509 1490/1490/1490 1530/1530/1530
f 1525/1525/1525 1526/1526/1526 1530/1530/1530
f 1477/1477/1477 1509/1509/1509 1530/1530/1530
f 1531/1531/1531 1478/1478/1478 1477/1477/1477
f 1531/1531/1531 1530/1530/1530 1526/1526/1526 1527/1527/1527
f 1477/1477/1477 1530/1530/1530 1531/1531/1531
f 1531/1531/1531 1532/1532/1532 1479/1479/1479 1478/1478/1478
f 1491/1491/1491 1530/1530/1530 1490/1490/1490
f 1533/1533/1533 1530/1530/1530 1491/1491/1491 1492/1492/1492
f 1492/1492/1492 1493/1493/1493 1533/1533/1533
f 1533/1533/1533 1534/1534/1534 1522/1522/1522 1523/1523/1523
f 1525/1525/1525 1530/1530/1530 1533/1533/1533
f 1531/1531/1531 1527/1527/1527 1528/1528/1528
f 1533/1533/1533 1524/1524/1524 1525/1525/1525
f 1533/1533/1533 1523/1523/1523 1524/1524/1524
f 1494/1494/1494 1533/1533/1533 1493/1493/1493
f 1528/1528/1528 1532/1532/1532 1531/1531/1531
f 1480/1480/1480 1479/1479/1479 1532/1532/1532 1535/1535/1535
f 1528/1528/1528 1529/1529/1529 1535/1535/1535 1532/1532/1532
f 1508/1508/1508 1482/1482/1482 1481/1481/1481 1536/1536/1536
f 1535/1535/1535 1536/1536/1536 1481/1481/1481 1480/1480/1480
f 1536/1536/1536 1535/1535/1535 1529/1529/1529 1510/1510/1510
f 1507/1507/1507 1508/1508/1508 1536/1536/1536
f 1510/1510/1510 1511/1511/1511 1537/1537/1537 1536/1536/1536
f 1538/1538/1538 1512/1512/1512 1513/1513/1513
f 1511/1511/1511 1512/1512/1512 1538/1538/1538 1537/1537/1537
f 1506/1506/1506 1507/1507/1507 1537/1537/1537
f 1537/1537/1537 1507/1507/1507 1536/1536/1536
f 1505/1505/1505 1506/1506/1506 1537/1537/1537 1538/1538/1538
f 1538/1538/1538 1504/1504/1504 1505/1505/1505
f 1539/1539/1539 1538/1538/1538 1513/1513/1513 1514/1514/1514
f 1534/1534/1534 1494/1494/1494 1495/1495/1495
f 1540/1540/1540 1496/1496/1496 1497/1497/1497
f 1495/1495/1495 1496/1496/1496 1540/1540/1540 1534/1534/1534
f 1534/1534/1534 1540/1540/1540 1521/1521/1521 1522/1522/1522
f 1520/1520/1520 1521/1521/1521 1540/1540/1540 1541/1541/1541
f 1541/1541/1541 1540/1540/1540 1497/1497/1497
f 1484/1484/1484 1541/1541/1541 1498/1498/1498 1483/1483/1483
f 1497/1497/1497 1498/1498/1498 1541/1541/1541
f 1485/1485/1485 1541/1541/1541 1484/1484/1484
f 1542/1542/1542 1518/1518/1518 1519/1519/1519
f 1486/1486/1486 1542/1542/1542 1485/1485/1485
f 1541/1541/1541 1542/1542/1542 1519/1519/1519 1520/1520/1520
f 1543/1543/1543 1518/1518/1518 1542/1542/1542
f 1486/1486/1486 1487/1487/1487 1543/1543/1543 1542/1542/1542
f 1542/1542/1542 1541/1541/1541 1485/1485/1485
f 1544/1544/1544 1539/1539/1539 1514/1514/1514 1515/1515/1515
f 1515/1515/1515 1516/1516/1516 1545/1545/1545 1544/1544/1544
f 1503/1503/1503 1504/1504/1504 1539/1539/1539
f 1501/1501/1501 1502/1502/1502 1544/1544/1544
f 1502/1502/1502 1503/1503/1503 1539/1539/1539 1544/1544/1544
f 1544/1544/1544 1545/1545/1545 1501/1501/1501
f 1516/1516/1516 1517/1517/1517 1546/1546/1546 1545/1545/1545
f 1539/1539/1539 1504/1504/1504 1538/1538/1538
f 1546/1546/1546 1543/1543/1543 1487/1487/1487 1488/1488/1488
f 1488/1488/1488 1499/1499/1499 1545/1545/1545 1546/1546/1546
f 1501/1501/1501 1545/1545/1545 1500/1500/1500
f 1489/1489/1489 1500/1500/1500 1499/1499/1499
f 1545/1545/1545 1499/1499/1499 1500/1500/1500
f 1543/1543/1543 1546/1546/1546 1517/1517/1517
f 1517/1517/1517 1518/1518/1518 1543/1543/1543
f 1534/1534/1534 1533/1533/1533 1494/1494/1494
o object_7
usemtl diffuse_Black
v 8.327977180480957 12.477401733398438 5
v 8.327977180480957 12.477401733398438 0
v 18.214635848999023 12.463432312011719 5
v 18.214635848999023 12.463432312011719 0
v 13.271306037902832 12.470417022705078 5
v 18.214635848999023 12.463432312011719 2.5
v 13.271306037902832 12.470417022705078 0
v 8.327977180480957 12.477401733398438 2.5
v 18.214635848999023 12.463432312011719 5
v 18.214635848999023 12.463432312011719 0
v 18.207555770874023 7.46343994140625 5
v 18.207555770874023 7.46343994140625 0
v 18.214635848999023 12.463432312011719 2.5
v 18.211095809936523 9.9634361267089844 5
v 18.207555770874023 7.46343994140625 4
v 18.207555770874023 7.46343994140625 3
v 18.207555770874023 7.46343994140625 2
v 18.207555770874023 7.46343994140625 1
v 18.211095809936523 9.9634361267089844 0
v 18.207555770874023 7.46343994140625 5
v 18.207555770874023 7.46343994140625 0
v 8.320897102355957 7.4774055480957031 5
v 8.320897102355957 7.4774055480957031 0
v 18.207555770874023 7.46343994140625 1
v 18.207555770874023 7.46343994140625 2
v 18.207555770874023 7.46343994140625 3
v 18.207555770874023 7.46343994140625 4
v 17.218908309936523 7.4648361206054688 5
v 16.230230331420898 7.4662322998046875 5
v 15.241581916809082 7.4676284790039063 5
v 14.252903938293457 7.469024658203125 5
v 13.264225959777832 7.4704246520996094 5
v 12.275578498840332 7.4718208312988281 5
v 11.286900520324707 7.4732170104980469 5
v 10.298253059387207 7.4746131896972656 5
v 9.309575080871582 7.4760093688964844 5
v 8.320897102355957 7.4774055480957031 4
v 8.320897102355957 7.4774055480957031 3
v 8.320897102355957 7.4774055480957031 2
v 8.320897102355957 7.4774055480957031 1
v 9.309575080871582 7.4760093688964844 0
v 10.298253059387207 7.4746131896972656 0
v 11.286900520324707 7.4732170104980469 0
v 12.275578498840332 7.4718208312988281 0
v 13.264225959777832 7.4704246520996094 0
v 14.252903938293457 7.469024658203125 0
v 15.241581916809082 7.4676284790039063 0
v 16.230230331420898 7.4662322998046875 0
v 17.218908309936523 7.4648361206054688 0
v 16.957555770874023 7.4652061462402344 4
v 16.957555770874023 7.4652061462402344 3
v 16.957555770874023 7.4652061462402344 2
v 16.957555770874023 7.4652061462402344 1
v 9.957585334777832 7.4750938415527344 4
v 10.957585334777832 7.4736824035644531 4
v 11.957585334777832 7.4722671508789063 4
v 12.957554817199707 7.470855712890625 4
v 13.957554817199707 7.4694442749023438 4
v 14.957554817199707 7.4680290222167969 4
v 15.957554817199707 7.4666175842285156 4
v 9.957585334777832 7.4750938415527344 1
v 9.957585334777832 7.4750938415527344 2
v 9.957585334777832 7.4750938415527344 3
v 15.957554817199707 7.4666175842285156 1
v 14.957554817199707 7.4680290222167969 1
v 13.957554817199707 7.4694442749023438 1
v 12.957554817199707 7.470855712890625 1
v 11.957585334777832 7.4722671508789063 1
v 10.957585334777832 7.4736824035644531 1
v 16.795171737670898 7.4654350280761719 4.2857141494750977
v 13.970433235168457 7.4694252014160156 4.2857141494750977
v 12.558049201965332 7.4714202880859375 4.2857141494750977
v 16.795171737670898 7.4654350280761719 0.71428573131561279
v 13.970433235168457 7.4694252014160156 0.71428573131561279
v 12.558049201965332 7.4714202880859375 0.71428573131561279
v 11.145665168762207 7.4734153747558594 4.2857141494750977
v 9.733281135559082 7.4754104614257813 4.2857141494750977
v 9.733281135559082 7.4754104614257813 2.8571429252624512
v 9.733281135559082 7.4754104614257813 2.1428570747375488
v 11.145665168762207 7.4734153747558594 0.71428573131561279
v 9.733281135559082 7.4754104614257813 0.71428573131561279
v 9.733281135559082 7.4754104614257813 1.4285714626312256
v 8.320897102355957 7.4774055480957031 5
v 8.320897102355957 7.4774055480957031 0
v 8.327977180480957 12.477401733398438 5
v 8.327977180480957 12.477401733398438 0
v 8.327977180480957 12.477401733398438 2.5
v 8.320897102355957 7.4774055480957031 1
v 8.320897102355957 7.4774055480957031 2
v 8.320897102355957 7.4774055480957031 3
v 8.320897102355957 7.4774055480957031 4
v 8.324437141418457 9.9774055480957031 5
v 8.324437141418457 9.9774055480957031 0
v 8.320897102355957 7.4774055480957031 5
v 18.207555770874023 7.46343994140625 5
v 8.327977180480957 12.477401733398438 5
v 18.214635848999023 12.463432312011719 5
v 13.271306037902832 12.470417022705078 5
v 18.211095809936523 9.9634361267089844 5
v 13.267765998840332 9.9704208374023438 5
v 17.218908309936523 7.4648361206054688 5
v 16.230230331420898 7.4662322998046875 5
v 15.241581916809082 7.4676284790039063 5
v 14.252903938293457 7.469024658203125 5
v 13.264225959777832 7.4704246520996094 5
v 12.275578498840332 7.4718208312988281 5
v 11.286900520324707 7.4732170104980469 5
v 10.298253059387207 7.4746131896972656 5
v 9.309575080871582 7.4760093688964844 5
v 15.739445686340332 9.9669303894042969 5
v 13.265995979309082 8.7204208374023438 5
v 15.737675666809082 8.7169303894042969 5
v 10.796116828918457 9.9739112854003906 5
v 10.794346809387207 8.7239151000976563 5
v 8.324437141418457 9.9774055480957031 5
v 8.320897102355957 7.4774055480957031 0
v 18.207555770874023 7.46343994140625 0
v 8.327977180480957 12.477401733398438 0
v 18.214635848999023 12.463432312011719 0
v 13.271306037902832 12.470417022705078 0
v 18.211095809936523 9.9634361267089844 0
v 13.267765998840332 9.9704208374023438 0
v 17.218908309936523 7.4648361206054688 0
v 16.230230331420898 7.4662322998046875 0
v 15.241581916809082 7.4676284790039063 0
v 14.252903938293457 7.469024658203125 0
v 13.264225959777832 7.4704246520996094 0
v 12.275578498840332 7.4718208312988281 0
v 11.286900520324707 7.4732170104980469 0
v 10.298253059387207 7.4746131896972656 0
v 9.309575080871582 7.4760093688964844 0
v 15.739445686340332 9.9669303894042969 0
v 13.265995979309082 8.7204208374023438 0
v 15.737675666809082 8.7169303894042969 0
v 10.796116828918457 9.9739112854003906 0
v 10.794346809387207 8.7239151000976563 0
v 8.324437141418457 9.9774055480957031 0
vt 0.50426679849624634 0
vt 0.25286582112312317 0
vt 0.50426679849624634 0.49853515625
vt 0.25286582112312317 0.49853515625
vt 0.50426679849624634 0.249267578125
vt 0.37856632471084595 0.49853515625
vt 0.25286582112312317 0.249267578125
vt 0.37856632471084595 0
vt 0.50573164224624634 0.5
vt 0.50573164224624634 0.75286585092544556
vt 0.75713264942169189 0.5
vt 0.75713264942169189 0.75286585092544556
vt 0.50573164224624634 0.62643289566040039
vt 0.6314321756362915 0.5
vt 0.75713264942169189 0.55057317018508911
vt 0.75713264942169189 0.60114634037017822
vt 0.75713264942169189 0.65171951055526733
vt 0.75713264942169189 0.70229268074035645
vt 0.6314321756362915 0.75286585092544556
vt 0.25140097737312317 0
vt 0 0
vt 0.25140097737312317 0.49853515625
vt 0 0.49853515625
vt 0.050280194729566574 0
vt 0.10056038945913315 0
vt 0.15084059536457062 0
vt 0.20112079381942749 0
vt 0.25140097737312317 0.04985351487994194
vt 0.25140097737312317 0.099707029759883881
vt 0.25140097737312317 0.14956055581569672
vt 0.25140097737312317 0.19941405951976776
vt 0.25140097737312317 0.249267578125
vt 0.25140097737312317 0.29912111163139343
vt 0.25140097737312317 0.34897461533546448
vt 0.25140097737312317 0.39882811903953552
vt 0.25140097737312317 0.44868162274360657
vt 0.20112079381942749 0.49853515625
vt 0.15084059536457062 0.49853515625
vt 0.10056038945913315 0.49853515625
vt 0.050280194729566574 0.49853515625
vt 0 0.44868162274360657
vt 0 0.39882811903953552
vt 0 0.34897461533546448
vt 0 0.29912111163139343
vt 0 0.249267578125
vt 0 0.19941405951976776
vt 0 0.14956055581569672
vt 0 0.099707029759883881
vt 0 0.04985351487994194
vt 0.20112079381942749 0.06303124874830246
vt 0.15084059536457062 0.06303124874830246
vt 0.10056038945913315 0.06303124874830246
vt 0.050280194729566574 0.06303124874830246
vt 0.20112079381942749 0.41600629687309265
vt 0.20112079381942749 0.36558127403259277
vt 0.20112079381942749 0.31515628099441528
vt 0.20112079381942749 0.26473125815391541
vt 0.20112079381942749 0.21430626511573792
vt 0.20112079381942749 0.16388125717639923
vt 0.20112079381942749 0.11345625668764114
vt 0.050280194729566574 0.41600629687309265
vt 0.10056038945913315 0.41600629687309265
vt 0.15084059536457062 0.41600629687309265
vt 0.050280194729566574 0.11345625668764114
vt 0.050280194729566574 0.16388125717639923
vt 0.050280194729566574 0.21430626511573792
vt 0.050280194729566574 0.26473125815391541
vt 0.050280194729566574 0.31515628099441528
vt 0.050280194729566574 0.36558127403259277
vt 0.2154865562915802 0.071219310164451599
vt 0.2154865562915802 0.2136579304933548
vt 0.2154865562915802 0.2848772406578064
vt 0.035914424806833267 0.071219310164451599
vt 0.035914424806833267 0.2136579304933548
vt 0.035914424806833267 0.2848772406578064
vt 0.2154865562915802 0.3560965359210968
vt 0.2154865562915802 0.42731586098670959
vt 0.14365771412849426 0.42731586098670959
vt 0.1077432781457901 0.42731586098670959
vt 0.035914424806833267 0.3560965359210968
vt 0.035914424806833267 0.42731586098670959
vt 0.071828849613666534 0.42731586098670959
vt 0.50573164224624634 0
vt 0.50573164224624634 0.25286582112312317
vt 0.75713264942169189 0
vt 0.75713264942169189 0.25286582112312317
vt 0.75713264942169189 0.12643291056156158
vt 0.50573164224624634 0.20229266583919525
vt 0.50573164224624634 0.15171951055526733
vt 0.50573164224624634 0.10114633291959763
vt 0.50573164224624634 0.050573166459798813
vt 0.6314321756362915 0
vt 0.6314321756362915 0.25286582112312317
vt 0.25286582112312317 0.5
vt 0.25286582112312317 0.99853515625
vt 0.50426679849624634 0.5
vt 0.50426679849624634 0.99853515625
vt 0.50426679849624634 0.749267578125
vt 0.37856632471084595 0.99853515625
vt 0.37856632471084595 0.749267578125
vt 0.25286582112312317 0.94868165254592896
vt 0.25286582112312317 0.89882814884185791
vt 0.25286582112312317 0.84897458553314209
vt 0.25286582112312317 0.79912108182907104
vt 0.25286582112312317 0.749267578125
vt 0.25286582112312317 0.69941407442092896
vt 0.25286582112312317 0.64956057071685791
vt 0.25286582112312317 0.59970700740814209
vt 0.25286582112312317 0.54985350370407104
vt 0.37856632471084595 0.8739013671875
vt 0.31571608781814575 0.749267578125
vt 0.31571608781814575 0.8739013671875
vt 0.37856632471084595 0.6246337890625
vt 0.31571608781814575 0.6246337890625
vt 0.37856632471084595 0.5
vt 0 0.5
vt 0 0.99853515625
vt 0.25140097737312317 0.5
vt 0.25140097737312317 0.99853515625
vt 0.25140097737312317 0.749267578125
vt 0.12570048868656158 0.99853515625
vt 0.12570048868656158 0.749267578125
vt 0 0.94868165254592896
vt 0 0.89882814884185791
vt 0 0.84897458553314209
vt 0 0.79912108182907104
vt 0 0.749267578125
vt 0 0.69941407442092896
vt 0 0.64956057071685791
vt 0 0.59970700740814209
vt 0 0.54985350370407104
vt 0.12570048868656158 0.8739013671875
vt 0.062850244343280792 0.749267578125
vt 0.062850244343280792 0.8739013671875
vt 0.12570048868656158 0.6246337890625
vt 0.062850244343280792 0.6246337890625
vt 0.12570048868656158 0.5
vn 0.0014127603499218822 0.99999898672103882 0
vn 0.0014127603499218822 0.99999898672103882 0
vn 0.0014127603499218822 0.99999898672103882 0
vn 0.0014127603499218822 0.99999898672103882 0
vn 0.0014127603499218822 0.99999898672103882 0
vn 0.0014127603499218822 0.99999898672103882 0
vn 0.0014127603499218822 0.99999898672103882 0
vn 0.0014127603499218822 0.99999898672103882 0
vn 0.99999898672103882 -0.0014127603499218822 0
vn 0.99999898672103882 -0.0014127603499218822 0
vn 0.99999898672103882 -0.0014127603499218822 0
vn 0.99999898672103882 -0.0014127603499218822 0
vn 0.99999898672103882 -0.0014127603499218822 0
vn 0.99999898672103882 -0.0014127603499218822 0
vn 0.99999898672103882 -0.0014127603499218822 0
vn 0.99999898672103882 -0.0014127603499218822 0
vn 0.99999898672103882 -0.0014127603499218822 0
vn 0.99999898672103882 -0.0014127603499218822 0
vn 0.99999898672103882 -0.0014127603499218822 0
vn -0.0014127603499218822 -0.99999898672103882 0
vn -0.0014127603499218822 -0.99999898672103882 0
vn -0.0014127603499218822 -0.99999898672103882 0
vn -0.0014127603499218822 -0.99999898672103882 0
vn -0.0014127603499218822 -0.99999898672103882 0
vn -0.0014127603499218822 -0.99999898672103882 0
vn -0.0014127603499218822 -0.99999898672103882 0
vn -0.0014127603499218822 -0.99999898672103882 0
vn -0.0014127603499218822 -0.99999898672103882 0
vn -0.0014127603499218822 -0.99999898672103882 0
vn -0.0014127603499218822 -0.99999898672103882 0
vn -0.0014127603499218822 -0.99999898672103882 0
vn -0.0014127603499218822 -0.99999898672103882 0
vn -0.0014127603499218822 -0.99999898672103882 0
vn -0.0014127603499218822 -0.99999898672103882 0
vn -0.0014127603499218822 -0.99999898672103882 0
vn -0.0014127603499218822 -0.99999898672103882 0
vn -0.0014127603499218822 -0.99999898672103882 0
vn -0.0014127603499218822 -0.99999898672103882 0
vn -0.0014127603499218822 -0.99999898672103882 0
vn -0.0014127603499218822 -0.99999898672103882 0
vn -0.0014127603499218822 -0.99999898672103882 0
vn -0.0014127603499218822 -0.99999898672103882 0
vn -0.0014127603499218822 -0.99999898672103882 0
vn -0.0014127603499218822 -0.99999898672103882 0
vn -0.0014127603499218822 -0.99999898672103882 0
vn -0.0014127603499218822 -0.99999898672103882 0
vn -0.0014127603499218822 -0.99999898672103882 0
vn -0.0014127603499218822 -0.99999898672103882 0
vn -0.0014127603499218822 -0.99999898672103882 0
vn -0.0014127603499218822 -0.99999898672103882 0
vn -0.0014127603499218822 -0.99999898672103882 0
vn -0.0014127603499218822 -0.99999898672103882 0
vn -0.0014127603499218822 -0.99999898672103882 0
vn -0.0014127603499218822 -0.99999898672103882 0
vn -0.0014127603499218822 -0.99999898672103882 0
vn -0.0014127603499218822 -0.99999898672103882 0
vn -0.0014127603499218822 -0.99999898672103882 0
vn -0.0014127603499218822 -0.99999898672103882 0
vn -0.0014127603499218822 -0.99999898672103882 0
vn -0.0014127603499218822 -0.99999898672103882 0
vn -0.0014127603499218822 -0.99999898672103882 0
vn -0.0014127603499218822 -0.99999898672103882 0
vn -0.0014127603499218822 -0.99999898672103882 0
vn -0.0014127603499218822 -0.99999898672103882 0
vn -0.0014127603499218822 -0.99999898672103882 0
vn -0.0014127603499218822 -0.99999898672103882 0
vn -0.0014127603499218822 -0.99999898672103882 0
vn -0.0014127603499218822 -0.99999898672103882 0
vn -0.0014127603499218822 -0.99999898672103882 0
vn -0.0014127603499218822 -0.99999898672103882 0
vn -0.0014127603499218822 -0.99999898672103882 0
vn -0.0014127603499218822 -0.99999898672103882 0
vn -0.0014127603499218822 -0.99999898672103882 0
vn -0.0014127603499218822 -0.99999898672103882 0
vn -0.0014127603499218822 -0.99999898672103882 0
vn -0.0014127603499218822 -0.99999898672103882 0
vn -0.0014127603499218822 -0.99999898672103882 0
vn -0.0014127603499218822 -0.99999898672103882 0
vn -0.0014127603499218822 -0.99999898672103882 0
vn -0.0014127603499218822 -0.99999898672103882 0
vn -0.0014127603499218822 -0.99999898672103882 0
vn -0.0014127603499218822 -0.99999898672103882 0
vn -0.99999898672103882 0.0014127603499218822 0
vn -0.99999898672103882 0.0014127603499218822 0
vn -0.99999898672103882 0.0014127603499218822 0
vn -0.99999898672103882 0.0014127603499218822 0
vn -0.99999898672103882 0.0014127603499218822 0
vn -0.99999898672103882 0.0014127603499218822 0
vn -0.99999898672103882 0.0014127603499218822 0
vn -0.99999898672103882 0.0014127603499218822 0
vn -0.99999898672103882 0.0014127603499218822 0
vn -0.99999898672103882 0.0014127603499218822 0
vn -0.99999898672103882 0.0014127603499218822 0
vn 0 0 1
vn 0 0 1
vn 0 0 1
vn 0 0 1
vn 0 0 1
vn 0 0 1
vn 0 0 1
vn 0 0 1
vn 0 0 1
vn 0 0 1
vn 0 0 1
vn 0 0 1
vn 0 0 1
vn 0 0 1
vn 0 0 1
vn 0 0 1
vn 0 0 1
vn 0 0 1
vn 0 0 1
vn 0 0 1
vn 0 0 1
vn 0 0 1
vn 0 0 -1
vn 0 0 -1
vn 0 0 -1
vn 0 0 -1
vn 0 0 -1
vn 0 0 -1
vn 0 0 -1
vn 0 0 -1
vn 0 0 -1
vn 0 0 -1
vn 0 0 -1
vn 0 0 -1
vn 0 0 -1
vn 0 0 -1
vn 0 0 -1
vn 0 0 -1
vn 0 0 -1
vn 0 0 -1
vn 0 0 -1
vn 0 0 -1
vn 0 0 -1
vn 0 0 -1
f 1684/1684/1684 1677/1677/1677 1681/1681/1681 1679/1679/1679 1682/1682/1682 1680/1680/1680 1683/1683/1683 1678/1678/1678
f 1689/1689/1689 1685/1685/1685 1690/1690/1690 1687/1687/1687 1691/1691/1691 1692/1692/1692 1693/1693/1693 1694/1694/1694 1688/1688/1688 1695/1695/1695 1686/1686/1686
f 1767/1767/1767 1759/1759/1759 1768/1768/1768 1761/1761/1761 1763/1763/1763 1762/1762/1762 1769/1769/1769 1760/1760/1760 1764/1764/1764 1765/1765/1765 1766/1766/1766
f 1773/1773/1773 1774/1774/1774 1772/1772/1772 1791/1791/1791 1770/1770/1770 1785/1785/1785 1784/1784/1784 1783/1783/1783 1782/1782/1782 1781/1781/1781 1780/1780/1780 1779/1779/1779 1778/1778/1778 1777/1777/1777 1771/1771/1771 1775/1775/1775
f 1795/1795/1795 1797/1797/1797 1793/1793/1793 1799/1799/1799 1800/1800/1800 1801/1801/1801 1802/1802/1802 1803/1803/1803 1804/1804/1804 1805/1805/1805 1806/1806/1806 1807/1807/1807 1792/1792/1792 1813/1813/1813 1794/1794/1794 1796/1796/1796
f 1746/1746/1746 1696/1696/1696 1704/1704/1704
f 1746/1746/1746 1704/1704/1704 1705/1705/1705
f 1726/1726/1726 1727/1727/1727 1702/1702/1702 1703/1703/1703
f 1746/1746/1746 1726/1726/1726 1703/1703/1703
f 1726/1726/1726 1746/1746/1746 1736/1736/1736
f 1746/1746/1746 1703/1703/1703 1696/1696/1696
f 1746/1746/1746 1705/1705/1705 1706/1706/1706
f 1747/1747/1747 1706/1706/1706 1707/1707/1707
f 1747/1747/1747 1748/1748/1748 1733/1733/1733 1734/1734/1734
f 1707/1707/1707 1708/1708/1708 1747/1747/1747
f 1746/1746/1746 1747/1747/1747 1735/1735/1735 1736/1736/1736
f 1734/1734/1734 1735/1735/1735 1747/1747/1747
f 1748/1748/1748 1747/1747/1747 1708/1708/1708 1709/1709/1709
f 1746/1746/1746 1706/1706/1706 1747/1747/1747
f 1701/1701/1701 1702/1702/1702 1727/1727/1727 1728/1728/1728
f 1728/1728/1728 1729/1729/1729 1700/1700/1700 1701/1701/1701
f 1740/1740/1740 1749/1749/1749 1729/1729/1729
f 1749/1749/1749 1697/1697/1697 1700/1700/1700
f 1724/1724/1724 1725/1725/1725 1749/1749/1749
f 1697/1697/1697 1749/1749/1749 1725/1725/1725
f 1749/1749/1749 1700/1700/1700 1729/1729/1729
f 1750/1750/1750 1749/1749/1749 1740/1740/1740 1741/1741/1741
f 1750/1750/1750 1751/1751/1751 1720/1720/1720 1721/1721/1721
f 1741/1741/1741 1742/1742/1742 1750/1750/1750
f 1749/1749/1749 1750/1750/1750 1723/1723/1723 1724/1724/1724
f 1750/1750/1750 1721/1721/1721 1722/1722/1722
f 1722/1722/1722 1723/1723/1723 1750/1750/1750
f 1742/1742/1742 1743/1743/1743 1751/1751/1751 1750/1750/1750
f 1752/1752/1752 1748/1748/1748 1709/1709/1709 1710/1710/1710
f 1711/1711/1711 1752/1752/1752 1710/1710/1710
f 1731/1731/1731 1732/1732/1732 1752/1752/1752
f 1748/1748/1748 1752/1752/1752 1732/1732/1732
f 1730/1730/1730 1731/1731/1731 1752/1752/1752 1753/1753/1753
f 1753/1753/1753 1752/1752/1752 1711/1711/1711
f 1698/1698/1698 1753/1753/1753 1712/1712/1712
f 1711/1711/1711 1712/1712/1712 1753/1753/1753
f 1753/1753/1753 1698/1698/1698 1713/1713/1713
f 1753/1753/1753 1754/1754/1754 1739/1739/1739 1730/1730/1730
f 1738/1738/1738 1739/1739/1739 1754/1754/1754 1755/1755/1755
f 1714/1714/1714 1715/1715/1715 1755/1755/1755 1754/1754/1754
f 1754/1754/1754 1753/1753/1753 1713/1713/1713 1714/1714/1714
f 1744/1744/1744 1751/1751/1751 1743/1743/1743
f 1756/1756/1756 1751/1751/1751 1744/1744/1744 1745/1745/1745
f 1719/1719/1719 1720/1720/1720 1751/1751/1751 1756/1756/1756
f 1719/1719/1719 1756/1756/1756 1718/1718/1718
f 1756/1756/1756 1757/1757/1757 1718/1718/1718
f 1745/1745/1745 1737/1737/1737 1757/1757/1757 1756/1756/1756
f 1737/1737/1737 1738/1738/1738 1755/1755/1755 1758/1758/1758
f 1757/1757/1757 1758/1758/1758 1716/1716/1716
f 1758/1758/1758 1755/1755/1755 1715/1715/1715
f 1715/1715/1715 1716/1716/1716 1758/1758/1758
f 1757/1757/1757 1717/1717/1717 1718/1718/1718
f 1699/1699/1699 1717/1717/1717 1757/1757/1757
f 1757/1757/1757 1716/1716/1716 1699/1699/1699
f 1757/1757/1757 1737/1737/1737 1758/1758/1758
f 1748/1748/1748 1732/1732/1732 1733/1733/1733
o object_8
usemtl diffuse_Black
v 0.21463526785373688 12.488864898681641 5
v 0.21463526785373688 12.488864898681641 0
v 8.327977180480957 12.477401733398438 5
v 8.327977180480957 12.477401733398438 0
v 4.2713065147399902 12.483131408691406 5
v 8.327977180480957 12.477401733398438 2.5
v 4.2713065147399902 12.483131408691406 0
v 0.21463526785373688 12.488864898681641 0.5
v 0.21463526785373688 12.488864898681641 1
v 0.21463526785373688 12.488864898681641 1.5
v 0.21463526785373688 12.488864898681641 2
v 0.21463526785373688 12.488864898681641 2.5
v 0.21463526785373688 12.488864898681641 3
v 0.21463526785373688 12.488864898681641 3.5
v 0.21463526785373688 12.488864898681641 4
v 0.21463526785373688 12.488864898681641 4.5
v 4.2713065147399902 12.483131408691406 2.5
v 4.2713065147399902 12.483131408691406 1.25
v 2.2429556846618652 12.486000061035156 2.5
v 2.2429556846618652 12.486000061035156 1.25
v 2.2429556846618652 12.486000061035156 0.625
v 1.2287954092025757 12.487430572509766 1.25
v 1.2287954092025757 12.487430572509766 0.625
v 2.2429556846618652 12.486000061035156 1.875
v 1.2287954092025757 12.487430572509766 2.5
v 1.2287954092025757 12.487430572509766 1.875
v 4.2713065147399902 12.483131408691406 3.75
v 2.2429556846618652 12.486000061035156 3.75
v 2.2429556846618652 12.486000061035156 3.125
v 1.2287954092025757 12.487430572509766 3.75
v 1.2287954092025757 12.487430572509766 3.125
v 2.2429556846618652 12.486000061035156 4.375
v 1.2287954092025757 12.487430572509766 4.375
v 8.327977180480957 12.477401733398438 5
v 8.327977180480957 12.477401733398438 0
v 8.320897102355957 7.4774055480957031 5
v 8.320897102355957 7.4774055480957031 0
v 8.327977180480957 12.477401733398438 2.5
v 8.324437141418457 9.9774055480957031 5
v 8.320897102355957 7.4774055480957031 4.1666665077209473
v 8.320897102355957 7.4774055480957031 3.3333332538604736
v 8.320897102355957 7.4774055480957031 2.5
v 8.320897102355957 7.4774055480957031 1.6666666269302368
v 8.320897102355957 7.4774055480957031 0.83333331346511841
v 8.324437141418457 9.9774055480957031 2.5
v 8.322667121887207 8.7274055480957031 2.5
v 8.324437141418457 9.9774055480957031 3.75
v 8.322667121887207 8.7274055480957031 3.75
v 8.324437141418457 9.9774055480957031 1.25
v 8.322667121887207 8.7274055480957031 1.25
v 8.324437141418457 9.9774055480957031 0
v 8.320897102355957 7.4774055480957031 5
v 8.320897102355957 7.4774055480957031 0
v 3.6847281455993652 7.4839553833007813 4.2857141494750977
v 3.6847281455993652 7.4839553833007813 3.5714285373687744
v 3.6847281455993652 7.4839553833007813 2.8571429252624512
v 3.6847281455993652 7.4839553833007813 2.1428570747375488
v 3.6847281455993652 7.4839553833007813 1.4285714626312256
v 3.6847281455993652 7.4839553833007813 0.71428573131561279
v 2.5256705284118652 7.485595703125 4.2857141494750977
v 2.5256705284118652 7.485595703125 3.5714285373687744
v 2.5256705284118652 7.485595703125 2.8571429252624512
v 2.5256705284118652 7.485595703125 2.1428570747375488
v 2.5256705284118652 7.485595703125 1.4285714626312256
v 2.5256705284118652 7.485595703125 0.71428573131561279
v 1.3666127920150757 7.4872322082519531 4.2857141494750977
v 1.3666127920150757 7.4872322082519531 3.5714285373687744
v 1.3666127920150757 7.4872322082519531 2.8571429252624512
v 1.3666127920150757 7.4872322082519531 2.1428570747375488
v 1.3666127920150757 7.4872322082519531 1.4285714626312256
v 1.3666127920150757 7.4872322082519531 0.71428573131561279
v 0.20755518972873688 7.4888687133789063 5
v 0.20755518972873688 7.4888687133789063 0
v 8.320897102355957 7.4774055480957031 0.83333331346511841
v 8.320897102355957 7.4774055480957031 1.6666666269302368
v 8.320897102355957 7.4774055480957031 2.5
v 8.320897102355957 7.4774055480957031 3.3333332538604736
v 8.320897102355957 7.4774055480957031 4.1666665077209473
v 7.5095877647399902 7.4785537719726563 5
v 6.6982474327087402 7.4796981811523438 5
v 5.8869071006774902 7.4808464050292969 5
v 5.0755667686462402 7.4819908142089844 5
v 4.2642569541931152 7.4831390380859375 5
v 3.4529166221618652 7.484283447265625 5
v 2.6415762901306152 7.4854316711425781 5
v 1.8302358388900757 7.4865760803222656 5
v 1.0188955068588257 7.4877243041992188 5
v 0.20755518972873688 7.4888687133789063 4.5
v 0.20755518972873688 7.4888687133789063 4
v 0.20755518972873688 7.4888687133789063 3.5
v 0.20755518972873688 7.4888687133789063 3
v 0.20755518972873688 7.4888687133789063 2.5
v 0.20755518972873688 7.4888687133789063 2
v 0.20755518972873688 7.4888687133789063 1.5
v 0.20755518972873688 7.4888687133789063 1
v 0.20755518972873688 7.4888687133789063 0.5
v 1.0188955068588257 7.4877243041992188 0
v 1.8302358388900757 7.4865760803222656 0
v 2.6415762901306152 7.4854316711425781 0
v 3.4529166221618652 7.484283447265625 0
v 4.2642569541931152 7.4831390380859375 0
v 5.0755667686462402 7.4819908142089844 0
v 5.8869071006774902 7.4808464050292969 0
v 6.6982474327087402 7.4796981811523438 0
v 7.5095877647399902 7.4785537719726563 0
v 7.9075675010681152 7.4779891967773438 1
v 7.1075797080993652 7.4791221618652344 1
v 6.3075919151306152 7.4802513122558594 1
v 5.5075736045837402 7.4813804626464844 1
v 4.7075858116149902 7.4825096130371094 1
v 7.9075675010681152 7.4779891967773438 4
v 7.9075675010681152 7.4779891967773438 3.25
v 7.9075675010681152 7.4779891967773438 2.5
v 7.9075675010681152 7.4779891967773438 1.75
v 4.7075858116149902 7.4825096130371094 4
v 5.5075736045837402 7.4813804626464844 4
v 6.3075919151306152 7.4802513122558594 4
v 7.1075797080993652 7.4791221618652344 4
v 4.7075858116149902 7.4825096130371094 1.75
v 4.7075858116149902 7.4825096130371094 2.5
v 4.7075858116149902 7.4825096130371094 3.25
v 7.1618704795837402 7.4790458679199219 4.2857141494750977
v 4.8437552452087402 7.4823188781738281 4.2857141494750977
v 7.1618704795837402 7.4790458679199219 0.71428573131561279
v 4.8437552452087402 7.4823188781738281 0.71428573131561279
v 0.20755518972873688 7.4888687133789063 5
v 0.20755518972873688 7.4888687133789063 0
v 0.20859278738498688 8.203155517578125 4.2857141494750977
v 0.20859278738498688 8.203155517578125 3.5714285373687744
v 0.20963038504123688 8.9174385070800781 4.2857141494750977
v 0.20963038504123688 8.9174385070800781 3.5714285373687744
v 0.21060694754123688 9.6317253112792969 4.2857141494750977
v 0.21060694754123688 9.6317253112792969 3.5714285373687744
v 0.21164454519748688 10.34600830078125 4.2857141494750977
v 0.21164454519748688 10.34600830078125 3.5714285373687744
v 0.21262110769748688 11.060295104980469 4.2857141494750977
v 0.21262110769748688 11.060295104980469 3.5714285373687744
v 0.21365870535373688 11.774578094482422 4.2857141494750977
v 0.21365870535373688 11.774578094482422 3.5714285373687744
v 0.21463526785373688 12.488864898681641 5
v 0.21463526785373688 12.488864898681641 0
v 0.21463526785373688 12.488864898681641 4.5
v 0.21463526785373688 12.488864898681641 4
v 0.21463526785373688 12.488864898681641 3.5
v 0.21463526785373688 12.488864898681641 3
v 0.21463526785373688 12.488864898681641 2.5
v 0.21463526785373688 12.488864898681641 2
v 0.21463526785373688 12.488864898681641 1.5
v 0.21463526785373688 12.488864898681641 1
v 0.21463526785373688 12.488864898681641 0.5
v 0.20755518972873688 7.4888687133789063 0.5
v 0.20755518972873688 7.4888687133789063 1
v 0.20755518972873688 7.4888687133789063 1.5
v 0.20755518972873688 7.4888687133789063 2
v 0.20755518972873688 7.4888687133789063 2.5
v 0.20755518972873688 7.4888687133789063 3
v 0.20755518972873688 7.4888687133789063 3.5
v 0.20755518972873688 7.4888687133789063 4
v 0.20755518972873688 7.4888687133789063 4.5
v 0.20828761160373688 7.9888687133789063 5
v 0.20902003347873688 8.4888687133789063 5
v 0.20969142019748688 8.9888687133789063 5
v 0.21042384207248688 9.4888687133789063 5
v 0.21109522879123688 9.9888648986816406 5
v 0.21182765066623688 10.488864898681641 5
v 0.21249903738498688 10.988864898681641 5
v 0.21323145925998688 11.488864898681641 5
v 0.21396388113498688 11.988864898681641 5
v 0.21396388113498688 11.988864898681641 0
v 0.21323145925998688 11.488864898681641 0
v 0.21249903738498688 10.988864898681641 0
v 0.21182765066623688 10.488864898681641 0
v 0.21109522879123688 9.9888648986816406 0
v 0.21042384207248688 9.4888687133789063 0
v 0.20969142019748688 8.9888687133789063 0
v 0.20902003347873688 8.4888687133789063 0
v 0.20828761160373688 7.9888687133789063 0
v 0.21274317800998688 11.1513671875 3
v 0.21207179129123688 10.686367034912109 3
v 0.21146143972873688 10.221366882324219 3
v 0.21079005300998688 9.7563667297363281 3
v 0.21011866629123688 9.2913665771484375 3
v 0.20944727957248688 8.8263664245605469 3
v 0.20944727957248688 8.8263664245605469 2.5
v 0.20944727957248688 8.8263664245605469 2
v 0.20944727957248688 8.8263664245605469 1.5
v 0.20944727957248688 8.8263664245605469 1
v 0.21011866629123688 9.2913665771484375 1
v 0.21079005300998688 9.7563667297363281 1
v 0.21146143972873688 10.221366882324219 1
v 0.21207179129123688 10.686367034912109 1
v 0.21274317800998688 11.1513671875 1
v 0.21274317800998688 11.1513671875 1.5
v 0.21274317800998688 11.1513671875 2
v 0.21274317800998688 11.1513671875 2.5
v 0.20859278738498688 8.203155517578125 2.1428570747375488
v 0.20859278738498688 8.203155517578125 1.4285714626312256
v 0.20859278738498688 8.203155517578125 0.71428573131561279
v 0.21060694754123688 9.6317253112792969 0.71428573131561279
v 0.21164454519748688 10.34600830078125 0.71428573131561279
v 0.21365870535373688 11.774578094482422 2.1428570747375488
v 0.21365870535373688 11.774578094482422 1.4285714626312256
v 0.21262110769748688 11.060295104980469 0.71428573131561279
v 0.21365870535373688 11.774578094482422 0.71428573131561279
v 0.20755518972873688 7.4888687133789063 5
v 8.320897102355957 7.4774055480957031 5
v 0.21463526785373688 12.488864898681641 5
v 8.327977180480957 12.477401733398438 5
v 4.2713065147399902 12.483131408691406 5
v 8.324437141418457 9.9774055480957031 5
v 7.5095877647399902 7.4785537719726563 5
v 6.6982474327087402 7.4796981811523438 5
v 5.8869071006774902 7.4808464050292969 5
v 5.0755667686462402 7.4819908142089844 5
v 4.2642569541931152 7.4831390380859375 5
v 3.4529166221618652 7.484283447265625 5
v 2.6415762901306152 7.4854316711425781 5
v 1.8302358388900757 7.4865760803222656 5
v 1.0188955068588257 7.4877243041992188 5
v 4.2677664756774902 9.9831352233886719 5
v 6.2961173057556152 9.9802703857421875 5
v 4.2660269737243652 8.7331352233886719 5
v 6.2943472862243652 8.7302703857421875 5
v 2.2394766807556152 9.9860000610351563 5
v 2.2377066612243652 8.7360038757324219 5
v 0.20828761160373688 7.9888687133789063 5
v 0.20902003347873688 8.4888687133789063 5
v 0.20969142019748688 8.9888687133789063 5
v 0.21042384207248688 9.4888687133789063 5
v 0.21109522879123688 9.9888648986816406 5
v 0.21182765066623688 10.488864898681641 5
v 0.21249903738498688 10.988864898681641 5
v 0.21323145925998688 11.488864898681641 5
v 0.21396388113498688 11.988864898681641 5
v 1.2234853506088257 8.7374343872070313 5
v 2.2367911338806152 8.1110038757324219 5
v 1.2226308584213257 8.1124343872070313 5
v 1.2252553701400757 9.9874343872070313 5
v 2.2385611534118652 9.3610000610351563 5
v 1.2244008779525757 9.3624343872070313 5
v 4.2695364952087402 11.233135223388672 5
v 2.2411856651306152 11.236000061035156 5
v 1.2270253896713257 11.237430572509766 5
v 2.2403311729431152 10.611000061035156 5
v 1.2261708974838257 10.612434387207031 5
v 2.2421011924743652 11.861000061035156 5
v 1.2279409170150757 11.862430572509766 5
v 0.20755518972873688 7.4888687133789063 0
v 8.320897102355957 7.4774055480957031 0
v 0.21463526785373688 12.488864898681641 0
v 8.327977180480957 12.477401733398438 0
v 4.2713065147399902 12.483131408691406 0
v 8.324437141418457 9.9774055480957031 0
v 7.5095877647399902 7.4785537719726563 0
v 6.6982474327087402 7.4796981811523438 0
v 5.8869071006774902 7.4808464050292969 0
v 5.0755667686462402 7.4819908142089844 0
v 4.2642569541931152 7.4831390380859375 0
v 3.4529166221618652 7.484283447265625 0
v 2.6415762901306152 7.4854316711425781 0
v 1.8302358388900757 7.4865760803222656 0
v 1.0188955068588257 7.4877243041992188 0
v 4.2677664756774902 9.9831352233886719 0
v 6.2961173057556152 9.9802703857421875 0
v 4.2660269737243652 8.7331352233886719 0
v 6.2943472862243652 8.7302703857421875 0
v 2.2394766807556152 9.9860000610351563 0
v 2.2377066612243652 8.7360038757324219 0
v 0.20828761160373688 7.9888687133789063 0
v 0.20902003347873688 8.4888687133789063 0
v 0.20969142019748688 8.9888687133789063 0
v 0.21042384207248688 9.4888687133789063 0
v 0.21109522879123688 9.9888648986816406 0
v 0.21182765066623688 10.488864898681641 0
v 0.21249903738498688 10.988864898681641 0
v 0.21323145925998688 11.488864898681641 0
v 0.21396388113498688 11.988864898681641 0
v 1.2234853506088257 8.7374343872070313 0
v 2.2367911338806152 8.1110038757324219 0
v 1.2226308584213257 8.1124343872070313 0
v 1.2252553701400757 9.9874343872070313 0
v 2.2385611534118652 9.3610000610351563 0
v 1.2244008779525757 9.3624343872070313 0
v 4.2695364952087402 11.233135223388672 0
v 2.2411856651306152 11.236000061035156 0
v 1.2270253896713257 11.237430572509766 0
v 2.2403311729431152 10.611000061035156 0
v 1.2261708974838257 10.612434387207031 0
v 2.2421011924743652 11.861000061035156 0
v 1.2279409170150757 11.862430572509766 0
vt 0.61480462551116943 0
vt 0.30813473463058472 0
vt 0.61480462551116943 0.49853515625
vt 0.30813473463058472 0.49853515625
vt 0.61480462551116943 0.249267578125
vt 0.46146968007087708 0.49853515625
vt 0.30813473463058472 0.249267578125
vt 0.33880171179771423 0
vt 0.36946868896484375 0
vt 0.40013569593429565 0
vt 0.43080267310142517 0
vt 0.46146968007087708 0
vt 0.49213665723800659 0
vt 0.5228036642074585 0
vt 0.55347061157226563 0
vt 0.58413761854171753 0
vt 0.46146968007087708 0.249267578125
vt 0.3848021924495697 0.249267578125
vt 0.46146968007087708 0.1246337890625
vt 0.3848021924495697 0.1246337890625
vt 0.34646844863891602 0.1246337890625
vt 0.3848021924495697 0.06231689453125
vt 0.34646844863891602 0.06231689453125
vt 0.42313593626022339 0.1246337890625
vt 0.46146968007087708 0.06231689453125
vt 0.42313593626022339 0.06231689453125
vt 0.53813713788986206 0.249267578125
vt 0.53813713788986206 0.1246337890625
vt 0.49980339407920837 0.1246337890625
vt 0.53813713788986206 0.06231689453125
vt 0.49980339407920837 0.06231689453125
vt 0.57647085189819336 0.1246337890625
vt 0.57647085189819336 0.06231689453125
vt 0.61626946926116943 0
vt 0.61626946926116943 0.30813473463058472
vt 0.92293936014175415 0
vt 0.92293936014175415 0.30813473463058472
vt 0.61626946926116943 0.15406736731529236
vt 0.7696043848991394 0
vt 0.92293936014175415 0.051355790346860886
vt 0.92293936014175415 0.10271158069372177
vt 0.92293936014175415 0.15406736731529236
vt 0.92293936014175415 0.20542316138744354
vt 0.92293936014175415 0.25677892565727234
vt 0.7696043848991394 0.15406736731529236
vt 0.84627187252044678 0.15406736731529236
vt 0.7696043848991394 0.077033683657646179
vt 0.84627187252044678 0.077033683657646179
vt 0.7696043848991394 0.23110105097293854
vt 0.84627187252044678 0.23110105097293854
vt 0.7696043848991394 0.30813473463058472
vt 0.30666989088058472 0
vt 0 0
vt 0.26285991072654724 0.2848772406578064
vt 0.21904991567134857 0.2848772406578064
vt 0.1752399355173111 0.2848772406578064
vt 0.13142994046211243 0.2848772406578064
vt 0.087619960308074951 0.2848772406578064
vt 0.043809980154037476 0.2848772406578064
vt 0.26285991072654724 0.3560965359210968
vt 0.21904991567134857 0.3560965359210968
vt 0.1752399355173111 0.3560965359210968
vt 0.13142994046211243 0.3560965359210968
vt 0.087619960308074951 0.3560965359210968
vt 0.043809980154037476 0.3560965359210968
vt 0.26285991072654724 0.42731586098670959
vt 0.21904991567134857 0.42731586098670959
vt 0.1752399355173111 0.42731586098670959
vt 0.13142994046211243 0.42731586098670959
vt 0.087619960308074951 0.42731586098670959
vt 0.043809980154037476 0.42731586098670959
vt 0.30666989088058472 0.49853515625
vt 0 0.49853515625
vt 0.051111653447151184 0
vt 0.10222329199314117 0
vt 0.15333494544029236 0
vt 0.20444658398628235 0
vt 0.25555822253227234 0
vt 0.30666989088058472 0.04985351487994194
vt 0.30666989088058472 0.099707029759883881
vt 0.30666989088058472 0.14956055581569672
vt 0.30666989088058472 0.19941405951976776
vt 0.30666989088058472 0.249267578125
vt 0.30666989088058472 0.29912111163139343
vt 0.30666989088058472 0.34897461533546448
vt 0.30666989088058472 0.39882811903953552
vt 0.30666989088058472 0.44868162274360657
vt 0.27600288391113281 0.49853515625
vt 0.2453359067440033 0.49853515625
vt 0.21466891467571259 0.49853515625
vt 0.18400192260742188 0.49853515625
vt 0.15333494544029236 0.49853515625
vt 0.12266794592142105 0.49853515625
vt 0.092000968754291534 0.49853515625
vt 0.061333972960710526 0.49853515625
vt 0.030666995793581009 0.49853515625
vt 0 0.44868162274360657
vt 0 0.39882811903953552
vt 0 0.34897461533546448
vt 0 0.29912111163139343
vt 0 0.249267578125
vt 0 0.19941405951976776
vt 0 0.14956055581569672
vt 0 0.099707029759883881
vt 0 0.04985351487994194
vt 0.061333972960710526 0.025397893041372299
vt 0.061333972960710526 0.074555017054080963
vt 0.061333972960710526 0.12371212989091873
vt 0.061333972960710526 0.1728692501783371
vt 0.061333972960710526 0.22202637791633606
vt 0.2453359067440033 0.025397893041372299
vt 0.19933542609214783 0.025397893041372299
vt 0.15333494544029236 0.025397893041372299
vt 0.10733446478843689 0.025397893041372299
vt 0.2453359067440033 0.22202637791633606
vt 0.2453359067440033 0.1728692501783371
vt 0.2453359067440033 0.12371212989091873
vt 0.2453359067440033 0.074555017054080963
vt 0.10733446478843689 0.22202637791633606
vt 0.15333494544029236 0.22202637791633606
vt 0.19933542609214783 0.22202637791633606
vt 0.26285991072654724 0.071219310164451599
vt 0.26285991072654724 0.2136579304933548
vt 0.043809980154037476 0.071219310164451599
vt 0.043809980154037476 0.2136579304933548
vt 0.61626946926116943 0.5
vt 0.61626946926116943 0.80813473463058472
vt 0.66007941961288452 0.54401922225952148
vt 0.66007941961288452 0.58803850412368774
vt 0.70388942956924438 0.54401922225952148
vt 0.70388942956924438 0.58803850412368774
vt 0.74769937992095947 0.54401922225952148
vt 0.74769937992095947 0.58803850412368774
vt 0.79150938987731934 0.54401922225952148
vt 0.79150938987731934 0.58803850412368774
vt 0.8353193998336792 0.54401922225952148
vt 0.8353193998336792 0.58803850412368774
vt 0.87912935018539429 0.54401922225952148
vt 0.87912935018539429 0.58803850412368774
vt 0.92293936014175415 0.5
vt 0.92293936014175415 0.80813473463058472
vt 0.92293936014175415 0.53081345558166504
vt 0.92293936014175415 0.56162697076797485
vt 0.92293936014175415 0.59244042634963989
vt 0.92293936014175415 0.62325388193130493
vt 0.92293936014175415 0.65406733751296997
vt 0.92293936014175415 0.68488085269927979
vt 0.92293936014175415 0.71569430828094482
vt 0.92293936014175415 0.74650776386260986
vt 0.92293936014175415 0.7773212194442749
vt 0.61626946926116943 0.7773212194442749
vt 0.61626946926116943 0.74650776386260986
vt 0.61626946926116943 0.71569430828094482
vt 0.61626946926116943 0.68488085269927979
vt 0.61626946926116943 0.65406733751296997
vt 0.61626946926116943 0.62325388193130493
vt 0.61626946926116943 0.59244042634963989
vt 0.61626946926116943 0.56162697076797485
vt 0.61626946926116943 0.53081345558166504
vt 0.64693641662597656 0.5
vt 0.67760342359542847 0.5
vt 0.70827043056488037 0.5
vt 0.73893743753433228 0.5
vt 0.7696043848991394 0.5
vt 0.80027139186859131 0.5
vt 0.83093833923339844 0.5
vt 0.86160534620285034 0.5
vt 0.89227235317230225 0.5
vt 0.89227235317230225 0.80813473463058472
vt 0.86160534620285034 0.80813473463058472
vt 0.83093833923339844 0.80813473463058472
vt 0.80027139186859131 0.80813473463058472
vt 0.7696043848991394 0.80813473463058472
vt 0.73893743753433228 0.80813473463058472
vt 0.70827043056488037 0.80813473463058472
vt 0.67760342359542847 0.80813473463058472
vt 0.64693641662597656 0.80813473463058472
vt 0.84090530872344971 0.62325388193130493
vt 0.8123849630355835 0.62325388193130493
vt 0.78386455774307251 0.62325388193130493
vt 0.7553442120552063 0.62325388193130493
vt 0.72682386636734009 0.62325388193130493
vt 0.6983034610748291 0.62325388193130493
vt 0.6983034610748291 0.65406733751296997
vt 0.6983034610748291 0.68488085269927979
vt 0.6983034610748291 0.71569430828094482
vt 0.6983034610748291 0.74650776386260986
vt 0.72682386636734009 0.74650776386260986
vt 0.7553442120552063 0.74650776386260986
vt 0.78386455774307251 0.74650776386260986
vt 0.8123849630355835 0.74650776386260986
vt 0.84090530872344971 0.74650776386260986
vt 0.84090530872344971 0.71569430828094482
vt 0.84090530872344971 0.68488085269927979
vt 0.84090530872344971 0.65406733751296997
vt 0.66007941961288452 0.67607700824737549
vt 0.66007941961288452 0.72009623050689697
vt 0.66007941961288452 0.76411551237106323
vt 0.74769937992095947 0.76411551237106323
vt 0.79150938987731934 0.76411551237106323
vt 0.87912935018539429 0.67607700824737549
vt 0.87912935018539429 0.72009623050689697
vt 0.8353193998336792 0.76411551237106323
vt 0.87912935018539429 0.76411551237106323
vt 0.30813473463058472 0.5
vt 0.30813473463058472 0.99853515625
vt 0.61480462551116943 0.5
vt 0.61480462551116943 0.99853515625
vt 0.61480462551116943 0.749267578125
vt 0.46146968007087708 0.99853515625
vt 0.30813473463058472 0.94868165254592896
vt 0.30813473463058472 0.89882814884185791
vt 0.30813473463058472 0.84897458553314209
vt 0.30813473463058472 0.79912108182907104
vt 0.30813473463058472 0.749267578125
vt 0.30813473463058472 0.69941407442092896
vt 0.30813473463058472 0.64956057071685791
vt 0.30813473463058472 0.59970700740814209
vt 0.30813473463058472 0.54985350370407104
vt 0.46146968007087708 0.749267578125
vt 0.46146968007087708 0.8739013671875
vt 0.3848021924495697 0.749267578125
vt 0.3848021924495697 0.8739013671875
vt 0.46146968007087708 0.6246337890625
vt 0.3848021924495697 0.6246337890625
vt 0.33880171179771423 0.5
vt 0.36946871876716614 0.5
vt 0.40013569593429565 0.5
vt 0.43080267310142517 0.5
vt 0.46146968007087708 0.5
vt 0.49213665723800659 0.5
vt 0.5228036642074585 0.5
vt 0.55347061157226563 0.5
vt 0.58413761854171753 0.5
vt 0.3848021924495697 0.56231689453125
vt 0.34646844863891602 0.6246337890625
vt 0.34646844863891602 0.56231689453125
vt 0.46146968007087708 0.56231689453125
vt 0.42313593626022339 0.6246337890625
vt 0.42313593626022339 0.56231689453125
vt 0.53813713788986206 0.749267578125
vt 0.53813713788986206 0.6246337890625
vt 0.53813713788986206 0.56231689453125
vt 0.49980339407920837 0.6246337890625
vt 0.49980339407920837 0.56231689453125
vt 0.57647085189819336 0.6246337890625
vt 0.57647085189819336 0.56231689453125
vt 0 0.5
vt 0 0.99853515625
vt 0.30666989088058472 0.5
vt 0.30666989088058472 0.99853515625
vt 0.30666989088058472 0.749267578125
vt 0.15333494544029236 0.99853515625
vt 0 0.94868165254592896
vt 0 0.89882814884185791
vt 0 0.84897458553314209
vt 0 0.79912108182907104
vt 0 0.749267578125
vt 0 0.69941407442092896
vt 0 0.64956057071685791
vt 0 0.59970700740814209
vt 0 0.54985350370407104
vt 0.15333494544029236 0.749267578125
vt 0.15333494544029236 0.8739013671875
vt 0.076667472720146179 0.749267578125
vt 0.076667472720146179 0.8739013671875
vt 0.15333494544029236 0.6246337890625
vt 0.076667472720146179 0.6246337890625
vt 0.030666988343000412 0.5
vt 0.061333976686000824 0.5
vt 0.092000968754291534 0.5
vt 0.12266795337200165 0.5
vt 0.15333494544029236 0.5
vt 0.18400193750858307 0.5
vt 0.21466891467571259 0.5
vt 0.2453359067440033 0.5
vt 0.27600288391113281 0.5
vt 0.076667472720146179 0.56231689453125
vt 0.03833373636007309 0.6246337890625
vt 0.03833373636007309 0.56231689453125
vt 0.15333494544029236 0.56231689453125
vt 0.11500120908021927 0.6246337890625
vt 0.11500120908021927 0.56231689453125
vt 0.23000241816043854 0.749267578125
vt 0.23000241816043854 0.6246337890625
vt 0.23000241816043854 0.56231689453125
vt 0.19166867434978485 0.6246337890625
vt 0.19166867434978485 0.56231689453125
vt 0.26833614706993103 0.6246337890625
vt 0.26833614706993103 0.56231689453125
vn 0.0014127603499218822 0.99999898672103882 0
vn 0.0014127603499218822 0.99999898672103882 0
vn 0.0014127603499218822 0.99999898672103882 0
vn 0.0014127603499218822 0.99999898672103882 0
vn 0.0014127603499218822 0.99999898672103882 0
vn 0.0014127603499218822 0.99999898672103882 0
vn 0.0014127603499218822 0.99999898672103882 0
vn 0.0014127603499218822 0.99999898672103882 0
vn 0.0014127603499218822 0.99999898672103882 0
vn 0.0014127603499218822 0.99999898672103882 0
vn 0.0014127603499218822 0.99999898672103882 0
vn 0.0014127603499218822 0.99999898672103882 0
vn 0.0014127603499218822 0.99999898672103882 0
vn 0.0014127603499218822 0.99999898672103882 0
vn 0.0014127603499218822 0.99999898672103882 0
vn 0.0014127603499218822 0.99999898672103882 0
vn 0.0014127603499218822 0.99999898672103882 0
vn 0.0014127603499218822 0.99999898672103882 0
vn 0.0014127603499218822 0.99999898672103882 0
vn 0.0014127603499218822 0.99999898672103882 0
vn 0.0014127603499218822 0.99999898672103882 0
vn 0.0014127603499218822 0.99999898672103882 0
vn 0.0014127603499218822 0.99999898672103882 0
vn 0.0014127603499218822 0.99999898672103882 0
vn 0.0014127603499218822 0.99999898672103882 0
vn 0.0014127603499218822 0.99999898672103882 0
vn 0.0014127603499218822 0.99999898672103882 0
vn 0.0014127603499218822 0.99999898672103882 0
vn 0.0014127603499218822 0.99999898672103882 0
vn 0.0014127603499218822 0.99999898672103882 0
vn 0.0014127603499218822 0.99999898672103882 0
vn 0.0014127603499218822 0.99999898672103882 0
vn 0.0014127603499218822 0.99999898672103882 0
vn 0.99999898672103882 -0.0014127603499218822 0
vn 0.99999898672103882 -0.0014127603499218822 0
vn 0.99999898672103882 -0.0014127603499218822 0
vn 0.99999898672103882 -0.0014127603499218822 0
vn 0.99999898672103882 -0.0014127603499218822 0
vn 0.99999898672103882 -0.0014127603499218822 0
vn 0.99999898672103882 -0.0014127603499218822 0
vn 0.99999898672103882 -0.0014127603499218822 0
vn 0.99999898672103882 -0.0014127603499218822 0
vn 0.99999898672103882 -0.0014127603499218822 0
vn 0.99999898672103882 -0.0014127603499218822 0
vn 0.99999898672103882 -0.0014127603499218822 0
vn 0.99999898672103882 -0.0014127603499218822 0
vn 0.99999898672103882 -0.0014127603499218822 0
vn 0.99999898672103882 -0.0014127603499218822 0
vn 0.99999898672103882 -0.0014127603499218822 0
vn 0.99999898672103882 -0.0014127603499218822 0
vn 0.99999898672103882 -0.0014127603499218822 0
vn -0.0014127603499218822 -0.99999898672103882 0
vn -0.0014127603499218822 -0.99999898672103882 0
vn -0.0014127603499218822 -0.99999898672103882 0
vn -0.0014127603499218822 -0.99999898672103882 0
vn -0.0014127603499218822 -0.99999898672103882 0
vn -0.0014127603499218822 -0.99999898672103882 0
vn -0.0014127603499218822 -0.99999898672103882 0
vn -0.0014127603499218822 -0.99999898672103882 0
vn -0.0014127603499218822 -0.99999898672103882 0
vn -0.0014127603499218822 -0.99999898672103882 0
vn -0.0014127603499218822 -0.99999898672103882 0
vn -0.0014127603499218822 -0.99999898672103882 0
vn -0.0014127603499218822 -0.99999898672103882 0
vn -0.0014127603499218822 -0.99999898672103882 0
vn -0.0014127603499218822 -0.99999898672103882 0
vn -0.0014127603499218822 -0.99999898672103882 0
vn -0.0014127603499218822 -0.99999898672103882 0
vn -0.0014127603499218822 -0.99999898672103882 0
vn -0.0014127603499218822 -0.99999898672103882 0
vn -0.0014127603499218822 -0.99999898672103882 0
vn -0.0014127603499218822 -0.99999898672103882 0
vn -0.0014127603499218822 -0.99999898672103882 0
vn -0.0014127603499218822 -0.99999898672103882 0
vn -0.0014127603499218822 -0.99999898672103882 0
vn -0.0014127603499218822 -0.99999898672103882 0
vn -0.0014127603499218822 -0.99999898672103882 0
vn -0.0014127603499218822 -0.99999898672103882 0
vn -0.0014127603499218822 -0.99999898672103882 0
vn -0.0014127603499218822 -0.99999898672103882 0
vn -0.0014127603499218822 -0.99999898672103882 0
vn -0.0014127603499218822 -0.99999898672103882 0
vn -0.0014127603499218822 -0.99999898672103882 0
vn -0.0014127603499218822 -0.99999898672103882 0
vn -0.0014127603499218822 -0.99999898672103882 0
vn -0.0014127603499218822 -0.99999898672103882 0
vn -0.0014127603499218822 -0.99999898672103882 0
vn -0.0014127603499218822 -0.99999898672103882 0
vn -0.0014127603499218822 -0.99999898672103882 0
vn -0.0014127603499218822 -0.99999898672103882 0
vn -0.0014127603499218822 -0.99999898672103882 0
vn -0.0014127603499218822 -0.99999898672103882 0
vn -0.0014127603499218822 -0.99999898672103882 0
vn -0.0014127603499218822 -0.99999898672103882 0
vn -0.0014127603499218822 -0.99999898672103882 0
vn -0.0014127603499218822 -0.99999898672103882 0
vn -0.0014127603499218822 -0.99999898672103882 0
vn -0.0014127603499218822 -0.99999898672103882 0
vn -0.0014127603499218822 -0.99999898672103882 0
vn -0.0014127603499218822 -0.99999898672103882 0
vn -0.0014127603499218822 -0.99999898672103882 0
vn -0.0014127603499218822 -0.99999898672103882 0
vn -0.0014127603499218822 -0.99999898672103882 0
vn -0.0014127603499218822 -0.99999898672103882 0
vn -0.0014127603499218822 -0.99999898672103882 0
vn -0.0014127603499218822 -0.99999898672103882 0
vn -0.0014127603499218822 -0.99999898672103882 0
vn -0.0014127603499218822 -0.99999898672103882 0
vn -0.0014127603499218822 -0.99999898672103882 0
vn -0.0014127603499218822 -0.99999898672103882 0
vn -0.0014127603499218822 -0.99999898672103882 0
vn -0.0014127603499218822 -0.99999898672103882 0
vn -0.0014127603499218822 -0.99999898672103882 0
vn -0.0014127603499218822 -0.99999898672103882 0
vn -0.0014127603499218822 -0.99999898672103882 0
vn -0.0014127603499218822 -0.99999898672103882 0
vn -0.0014127603499218822 -0.99999898672103882 0
vn -0.0014127603499218822 -0.99999898672103882 0
vn -0.0014127603499218822 -0.99999898672103882 0
vn -0.0014127603499218822 -0.99999898672103882 0
vn -0.0014127603499218822 -0.99999898672103882 0
vn -0.0014127603499218822 -0.99999898672103882 0
vn -0.0014127603499218822 -0.99999898672103882 0
vn -0.0014127603499218822 -0.99999898672103882 0
vn -0.0014127603499218822 -0.99999898672103882 0
vn -0.99999898672103882 0.0014127603499218822 0
vn -0.99999898672103882 0.0014127603499218822 0
vn -0.99999898672103882 0.0014127603499218822 0
vn -0.99999898672103882 0.0014127603499218822 0
vn -0.99999898672103882 0.0014127603499218822 0
vn -0.99999898672103882 0.0014127603499218822 0
vn -0.99999898672103882 0.0014127603499218822 0
vn -0.99999898672103882 0.0014127603499218822 0
vn -0.99999898672103882 0.0014127603499218822 0
vn -0.99999898672103882 0.0014127603499218822 0
vn -0.99999898672103882 0.0014127603499218822 0
vn -0.99999898672103882 0.0014127603499218822 0
vn -0.99999898672103882 0.0014127603499218822 0
vn -0.99999898672103882 0.0014127603499218822 0
vn -0.99999898672103882 0.0014127603499218822 0
vn -0.99999898672103882 0.0014127603499218822 0
vn -0.99999898672103882 0.0014127603499218822 0
vn -0.99999898672103882 0.0014127603499218822 0
vn -0.99999898672103882 0.0014127603499218822 0
vn -0.99999898672103882 0.0014127603499218822 0
vn -0.99999898672103882 0.0014127603499218822 0
vn -0.99999898672103882 0.0014127603499218822 0
vn -0.99999898672103882 0.0014127603499218822 0
vn -0.99999898672103882 0.0014127603499218822 0
vn -0.99999898672103882 0.0014127603499218822 0
vn -0.99999898672103882 0.0014127603499218822 0
vn -0.99999898672103882 0.0014127603499218822 0
vn -0.99999898672103882 0.0014127603499218822 0
vn -0.99999898672103882 0.0014127603499218822 0
vn -0.99999898672103882 0.0014127603499218822 0
vn -0.99999898672103882 0.0014127603499218822 0
vn -0.99999898672103882 0.0014127603499218822 0
vn -0.99999898672103882 0.0014127603499218822 0
vn -0.99999898672103882 0.0014127603499218822 0
vn -0.99999898672103882 0.0014127603499218822 0
vn -0.99999898672103882 0.0014127603499218822 0
vn -0.99999898672103882 0.0014127603499218822 0
vn -0.99999898672103882 0.0014127603499218822 0
vn -0.99999898672103882 0.0014127603499218822 0
vn -0.99999898672103882 0.0014127603499218822 0
vn -0.99999898672103882 0.0014127603499218822 0
vn -0.99999898672103882 0.0014127603499218822 0
vn -0.99999898672103882 0.0014127603499218822 0
vn -0.99999898672103882 0.0014127603499218822 0
vn -0.99999898672103882 0.0014127603499218822 0
vn -0.99999898672103882 0.0014127603499218822 0
vn -0.99999898672103882 0.0014127603499218822 0
vn -0.99999898672103882 0.0014127603499218822 0
vn -0.99999898672103882 0.0014127603499218822 0
vn -0.99999898672103882 0.0014127603499218822 0
vn -0.99999898672103882 0.0014127603499218822 0
vn -0.99999898672103882 0.0014127603499218822 0
vn -0.99999898672103882 0.0014127603499218822 0
vn -0.99999898672103882 0.0014127603499218822 0
vn -0.99999898672103882 0.0014127603499218822 0
vn -0.99999898672103882 0.0014127603499218822 0
vn -0.99999898672103882 0.0014127603499218822 0
vn -0.99999898672103882 0.0014127603499218822 0
vn -0.99999898672103882 0.0014127603499218822 0
vn -0.99999898672103882 0.0014127603499218822 0
vn -0.99999898672103882 0.0014127603499218822 0
vn -0.99999898672103882 0.0014127603499218822 0
vn -0.99999898672103882 0.0014127603499218822 0
vn -0.99999898672103882 0.0014127603499218822 0
vn -0.99999898672103882 0.0014127603499218822 0
vn -0.99999898672103882 0.0014127603499218822 0
vn -0.99999898672103882 0.0014127603499218822 0
vn -0.99999898672103882 0.0014127603499218822 0
vn -0.99999898672103882 0.0014127603499218822 0
vn -0.99999898672103882 0.0014127603499218822 0
vn -0.99999898672103882 0.0014127603499218822 0
vn -0.99999898672103882 0.0014127603499218822 0
vn -0.99999898672103882 0.0014127603499218822 0
vn -0.99999898672103882 0.0014127603499218822 0
vn -0.99999898672103882 0.0014127603499218822 0
vn -0.99999898672103882 0.0014127603499218822 0
vn -0.99999898672103882 0.0014127603499218822 0
vn -0.99999898672103882 0.0014127603499218822 0
vn -0.99999898672103882 0.0014127603499218822 0
vn 0 0 1
vn 0 0 1
vn 0 0 1
vn 0 0 1
vn 0 0 1
vn 0 0 1
vn 0 0 1
vn 0 0 1
vn 0 0 1
vn 0 0 1
vn 0 0 1
vn 0 0 1
vn 0 0 1
vn 0 0 1
vn 0 0 1
vn 0 0 1
vn 0 0 1
vn 0 0 1
vn 0 0 1
vn 0 0 1
vn 0 0 1
vn 0 0 1
vn 0 0 1
vn 0 0 1
vn 0 0 1
vn 0 0 1
vn 0 0 1
vn 0 0 1
vn 0 0 1
vn 0 0 1
vn 0 0 1
vn 0 0 1
vn 0 0 1
vn 0 0 1
vn 0 0 1
vn 0 0 1
vn 0 0 1
vn 0 0 1
vn 0 0 1
vn 0 0 1
vn 0 0 1
vn 0 0 1
vn 0 0 1
vn 0 0 -1
vn 0 0 -1
vn 0 0 -1
vn 0 0 -1
vn 0 0 -1
vn 0 0 -1
vn 0 0 -1
vn 0 0 -1
vn 0 0 -1
vn 0 0 -1
vn 0 0 -1
vn 0 0 -1
vn 0 0 -1
vn 0 0 -1
vn 0 0 -1
vn 0 0 -1
vn 0 0 -1
vn 0 0 -1
vn 0 0 -1
vn 0 0 -1
vn 0 0 -1
vn 0 0 -1
vn 0 0 -1
vn 0 0 -1
vn 0 0 -1
vn 0 0 -1
vn 0 0 -1
vn 0 0 -1
vn 0 0 -1
vn 0 0 -1
vn 0 0 -1
vn 0 0 -1
vn 0 0 -1
vn 0 0 -1
vn 0 0 -1
vn 0 0 -1
vn 0 0 -1
vn 0 0 -1
vn 0 0 -1
vn 0 0 -1
vn 0 0 -1
vn 0 0 -1
vn 0 0 -1
f 1820/1820/1820 1815/1815/1815 1821/1821/1821 1822/1822/1822 1823/1823/1823 1824/1824/1824 1825/1825/1825 1826/1826/1826 1827/1827/1827 1828/1828/1828 1829/1829/1829 1814/1814/1814 1818/1818/1818 1816/1816/1816 1819/1819/1819 1817/1817/1817
f 1855/1855/1855 1856/1856/1856 1857/1857/1857 1850/1850/1850 1864/1864/1864 1848/1848/1848 1851/1851/1851 1847/1847/1847 1852/1852/1852 1849/1849/1849 1853/1853/1853 1854/1854/1854
f 2028/2028/2028 2027/2027/2027 2026/2026/2026 2025/2025/2025 2024/2024/2024 2019/2019/2019 2023/2023/2023 2021/2021/2021 2022/2022/2022 2020/2020/2020 2047/2047/2047 2046/2046/2046 2045/2045/2045 2044/2044/2044 2043/2043/2043 2042/2042/2042 2041/2041/2041 2040/2040/2040 2039/2039/2039 2018/2018/2018 2032/2032/2032 2031/2031/2031 2030/2030/2030 2029/2029/2029
f 2064/2064/2064 2066/2066/2066 2062/2062/2062 2067/2067/2067 2068/2068/2068 2069/2069/2069 2070/2070/2070 2071/2071/2071 2072/2072/2072 2073/2073/2073 2074/2074/2074 2075/2075/2075 2061/2061/2061 2082/2082/2082 2083/2083/2083 2084/2084/2084 2085/2085/2085 2086/2086/2086 2087/2087/2087 2088/2088/2088 2089/2089/2089 2090/2090/2090 2063/2063/2063 2065/2065/2065
f 1874/1874/1874 1868/1868/1868 1867/1867/1867 1873/1873/1873
f 1875/1875/1875 1869/1869/1869 1868/1868/1868 1874/1874/1874
f 1876/1876/1876 1870/1870/1870 1869/1869/1869 1875/1875/1875
f 1877/1877/1877 1871/1871/1871 1870/1870/1870 1876/1876/1876
f 1878/1878/1878 1872/1872/1872 1871/1871/1871 1877/1877/1877
f 1880/1880/1880 1874/1874/1874 1873/1873/1873 1879/1879/1879
f 1881/1881/1881 1875/1875/1875 1874/1874/1874 1880/1880/1880
f 1882/1882/1882 1876/1876/1876 1875/1875/1875 1881/1881/1881
f 1883/1883/1883 1877/1877/1877 1876/1876/1876 1882/1882/1882
f 1884/1884/1884 1878/1878/1878 1877/1877/1877 1883/1883/1883
f 1892/1892/1892 1891/1891/1891 1865/1865/1865
f 1891/1891/1891 1892/1892/1892 1935/1935/1935
f 1893/1893/1893 1935/1935/1935 1892/1892/1892
f 1924/1924/1924 1891/1891/1891 1935/1935/1935
f 1889/1889/1889 1890/1890/1890 1925/1925/1925 1926/1926/1926
f 1924/1924/1924 1925/1925/1925 1890/1890/1890 1891/1891/1891
f 1935/1935/1935 1931/1931/1931 1924/1924/1924
f 1936/1936/1936 1935/1935/1935 1893/1893/1893 1894/1894/1894
f 1894/1894/1894 1895/1895/1895 1936/1936/1936
f 1867/1867/1867 1928/1928/1928 1936/1936/1936
f 1930/1930/1930 1936/1936/1936 1929/1929/1929
f 1930/1930/1930 1931/1931/1931 1935/1935/1935
f 1936/1936/1936 1928/1928/1928 1929/1929/1929
f 1934/1934/1934 1928/1928/1928 1867/1867/1867 1868/1868/1868
f 1935/1935/1935 1936/1936/1936 1930/1930/1930
f 1896/1896/1896 1936/1936/1936 1895/1895/1895
f 1888/1888/1888 1889/1889/1889 1926/1926/1926 1927/1927/1927
f 1927/1927/1927 1919/1919/1919 1887/1887/1887 1888/1888/1888
f 1918/1918/1918 1866/1866/1866 1887/1887/1887
f 1918/1918/1918 1887/1887/1887 1937/1937/1937
f 1937/1937/1937 1887/1887/1887 1919/1919/1919
f 1921/1921/1921 1937/1937/1937 1920/1920/1920
f 1917/1917/1917 1918/1918/1918 1937/1937/1937
f 1937/1937/1937 1919/1919/1919 1920/1920/1920
f 1938/1938/1938 1937/1937/1937 1921/1921/1921 1922/1922/1922
f 1932/1932/1932 1933/1933/1933 1870/1870/1870 1871/1871/1871
f 1917/1917/1917 1937/1937/1937 1916/1916/1916
f 1938/1938/1938 1914/1914/1914 1915/1915/1915
f 1916/1916/1916 1938/1938/1938 1915/1915/1915
f 1916/1916/1916 1937/1937/1937 1938/1938/1938
f 1923/1923/1923 1872/1872/1872 1938/1938/1938
f 1938/1938/1938 1922/1922/1922 1923/1923/1923
f 1923/1923/1923 1932/1932/1932 1871/1871/1871 1872/1872/1872
f 1933/1933/1933 1934/1934/1934 1868/1868/1868 1869/1869/1869
f 1867/1867/1867 1896/1896/1896 1897/1897/1897
f 1873/1873/1873 1898/1898/1898 1899/1899/1899
f 1897/1897/1897 1898/1898/1898 1873/1873/1873 1867/1867/1867
f 1879/1879/1879 1873/1873/1873 1899/1899/1899
f 1933/1933/1933 1869/1869/1869 1870/1870/1870
f 1901/1901/1901 1879/1879/1879 1900/1900/1900
f 1899/1899/1899 1900/1900/1900 1879/1879/1879
f 1900/1900/1900 1885/1885/1885 1901/1901/1901
f 1902/1902/1902 1879/1879/1879 1901/1901/1901
f 1881/1881/1881 1880/1880/1880 1903/1903/1903 1904/1904/1904
f 1880/1880/1880 1902/1902/1902 1903/1903/1903
f 1902/1902/1902 1880/1880/1880 1879/1879/1879
f 1905/1905/1905 1881/1881/1881 1904/1904/1904
f 1938/1938/1938 1872/1872/1872 1914/1914/1914
f 1913/1913/1913 1914/1914/1914 1872/1872/1872
f 1911/1911/1911 1912/1912/1912 1878/1878/1878
f 1912/1912/1912 1913/1913/1913 1872/1872/1872 1878/1878/1878
f 1878/1878/1878 1884/1884/1884 1911/1911/1911
f 1883/1883/1883 1882/1882/1882 1906/1906/1906 1907/1907/1907
f 1905/1905/1905 1906/1906/1906 1882/1882/1882
f 1908/1908/1908 1883/1883/1883 1907/1907/1907
f 1911/1911/1911 1884/1884/1884 1910/1910/1910
f 1909/1909/1909 1910/1910/1910 1884/1884/1884
f 1884/1884/1884 1908/1908/1908 1909/1909/1909
f 1910/1910/1910 1909/1909/1909 1886/1886/1886
f 1908/1908/1908 1884/1884/1884 1883/1883/1883
f 1882/1882/1882 1881/1881/1881 1905/1905/1905
f 1896/1896/1896 1867/1867/1867 1936/1936/1936
f 1944/1944/1944 1942/1942/1942 1941/1941/1941 1943/1943/1943
f 1946/1946/1946 1944/1944/1944 1943/1943/1943 1945/1945/1945
f 1948/1948/1948 1946/1946/1946 1945/1945/1945 1947/1947/1947
f 1950/1950/1950 1948/1948/1948 1947/1947/1947 1949/1949/1949
f 1952/1952/1952 1950/1950/1950 1949/1949/1949 1951/1951/1951
f 1973/1973/1973 1972/1972/1972 1939/1939/1939
f 1972/1972/1972 1973/1973/1973 1941/1941/1941
f 1974/1974/1974 1941/1941/1941 1973/1973/1973
f 1971/1971/1971 1972/1972/1972 1941/1941/1941
f 1942/1942/1942 1970/1970/1970 1971/1971/1971
f 1969/1969/1969 2009/2009/2009 1968/1968/1968
f 1970/1970/1970 1942/1942/1942 1969/1969/1969
f 2009/2009/2009 1942/1942/1942 1996/1996/1996 1997/1997/1997
f 1942/1942/1942 1971/1971/1971 1941/1941/1941
f 1975/1975/1975 1943/1943/1943 1974/1974/1974
f 1945/1945/1945 1943/1943/1943 1975/1975/1975 1976/1976/1976
f 1977/1977/1977 1945/1945/1945 1976/1976/1976
f 1995/1995/1995 1996/1996/1996 1944/1944/1944
f 1944/1944/1944 1996/1996/1996 1942/1942/1942
f 1994/1994/1994 1995/1995/1995 1946/1946/1946
f 1944/1944/1944 1946/1946/1946 1995/1995/1995
f 1946/1946/1946 1948/1948/1948 1993/1993/1993 1994/1994/1994
f 2009/2009/2009 1969/1969/1969 1942/1942/1942
f 1943/1943/1943 1941/1941/1941 1974/1974/1974
f 1966/1966/1966 1967/1967/1967 2009/2009/2009 2010/2010/2010
f 1965/1965/1965 1966/1966/1966 2010/2010/2010
f 2011/2011/2011 2010/2010/2010 1999/1999/1999 2000/2000/2000
f 2011/2011/2011 1965/1965/1965 2010/2010/2010
f 1967/1967/1967 1968/1968/1968 2009/2009/2009
f 1990/1990/1990 1940/1940/1940 1964/1964/1964
f 1989/1989/1989 1990/1990/1990 2011/2011/2011
f 1964/1964/1964 2011/2011/2011 1990/1990/1990
f 2012/2012/2012 2000/2000/2000 2001/2001/2001
f 2011/2011/2011 1964/1964/1964 1965/1965/1965
f 2010/2010/2010 2009/2009/2009 1998/1998/1998 1999/1999/1999
f 2009/2009/2009 1997/1997/1997 1998/1998/1998
f 2012/2012/2012 2011/2011/2011 2000/2000/2000
f 2012/2012/2012 1987/1987/1987 1988/1988/1988
f 2013/2013/2013 1986/1986/1986 2012/2012/2012
f 2011/2011/2011 2012/2012/2012 1988/1988/1988 1989/1989/1989
f 2013/2013/2013 2012/2012/2012 2002/2002/2002 2003/2003/2003
f 1987/1987/1987 2012/2012/2012 1986/1986/1986
f 2012/2012/2012 2001/2001/2001 2002/2002/2002
f 1978/1978/1978 1947/1947/1947 1977/1977/1977
f 1978/1978/1978 1979/1979/1979 1949/1949/1949 1947/1947/1947
f 1980/1980/1980 1949/1949/1949 1979/1979/1979
f 1992/1992/1992 1993/1993/1993 1948/1948/1948
f 1991/1991/1991 1992/1992/1992 1950/1950/1950
f 1948/1948/1948 1950/1950/1950 1992/1992/1992
f 1950/1950/1950 1952/1952/1952 1991/1991/1991
f 1981/1981/1981 1951/1951/1951 1980/1980/1980
f 1955/1955/1955 1981/1981/1981 1953/1953/1953
f 1951/1951/1951 1981/1981/1981 1955/1955/1955
f 1956/1956/1956 1951/1951/1951 1955/1955/1955
f 1957/1957/1957 1952/1952/1952 1956/1956/1956
f 1951/1951/1951 1956/1956/1956 1952/1952/1952
f 1952/1952/1952 1957/1957/1957 1958/1958/1958
f 1952/1952/1952 2014/2014/2014 2008/2008/2008 1991/1991/1991
f 2014/2014/2014 1952/1952/1952 1958/1958/1958 1959/1959/1959
f 1980/1980/1980 1951/1951/1951 1949/1949/1949
f 2013/2013/2013 2003/2003/2003 2004/2004/2004
f 2014/2014/2014 2007/2007/2007 2008/2008/2008
f 2006/2006/2006 2007/2007/2007 2014/2014/2014 2015/2015/2015
f 2013/2013/2013 1985/1985/1985 1986/1986/1986
f 2013/2013/2013 2016/2016/2016 1984/1984/1984 1985/1985/1985
f 2016/2016/2016 1983/1983/1983 1984/1984/1984
f 2016/2016/2016 2013/2013/2013 2004/2004/2004 2005/2005/2005
f 2005/2005/2005 2017/2017/2017 2016/2016/2016
f 2005/2005/2005 2006/2006/2006 2015/2015/2015
f 2015/2015/2015 2017/2017/2017 2005/2005/2005
f 2015/2015/2015 2014/2014/2014 1960/1960/1960 1961/1961/1961
f 2015/2015/2015 1961/1961/1961 1962/1962/1962
f 2017/2017/2017 2015/2015/2015 1962/1962/1962
f 1982/1982/1982 1983/1983/1983 2017/2017/2017
f 2017/2017/2017 1983/1983/1983 2016/2016/2016
f 1954/1954/1954 1982/1982/1982 1963/1963/1963
f 2017/2017/2017 1963/1963/1963 1982/1982/1982
f 1963/1963/1963 2017/2017/2017 1962/1962/1962
f 2014/2014/2014 1959/1959/1959 1960/1960/1960
f 1945/1945/1945 1977/1977/1977 1947/1947/1947
o object_9
usemtl diffuse_Black
v 0.23581446707248688 27.488849639892578 5
v 0.23581446707248688 27.488849639892578 0
v 6.3509879112243652 27.480209350585938 5
v 6.3509879112243652 27.480209350585938 0
v 0.84732568264007568 27.487983703613281 5
v 1.4588369131088257 27.48712158203125 5
v 2.0704092979431152 27.486255645751953 5
v 2.6819205284118652 27.485393524169922 5
v 3.2934012413024902 27.484527587890625 5
v 3.9049124717712402 27.483665466308594 5
v 4.5164542198181152 27.482803344726563 5
v 5.1279654502868652 27.481937408447266 5
v 5.7394766807556152 27.481075286865234 5
v 6.3509879112243652 27.480209350585938 4.375
v 6.3509879112243652 27.480209350585938 3.75
v 6.3509879112243652 27.480209350585938 3.125
v 6.3509879112243652 27.480209350585938 2.5
v 6.3509879112243652 27.480209350585938 1.875
v 6.3509879112243652 27.480209350585938 1.25
v 6.3509879112243652 27.480209350585938 0.625
v 5.7394766807556152 27.481075286865234 0
v 5.1279654502868652 27.481937408447266 0
v 4.5164542198181152 27.482803344726563 0
v 3.9049124717712402 27.483665466308594 0
v 3.2934012413024902 27.484527587890625 0
v 2.6819205284118652 27.485393524169922 0
v 2.0704092979431152 27.486255645751953 0
v 1.4588369131088257 27.48712158203125 0
v 0.84732568264007568 27.487983703613281 0
v 0.23581446707248688 27.488849639892578 0.625
v 0.23581446707248688 27.488849639892578 1.25
v 0.23581446707248688 27.488849639892578 1.875
v 0.23581446707248688 27.488849639892578 2.5
v 0.23581446707248688 27.488849639892578 3.125
v 0.23581446707248688 27.488849639892578 3.75
v 0.23581446707248688 27.488849639892578 4.375
v 1.0454457998275757 27.487705230712891 1
v 1.6877187490463257 27.486797332763672 1
v 2.3299918174743652 27.485889434814453 1
v 2.9722647666931152 27.484981536865234 1
v 3.6145377159118652 27.484077453613281 1
v 4.2568106651306152 27.483169555664063 1
v 4.8990836143493652 27.482261657714844 1
v 5.5413565635681152 27.481353759765625 1
v 5.5413565635681152 27.481353759765625 1.6000000238418579
v 5.5413565635681152 27.481353759765625 2.2000000476837158
v 5.5413565635681152 27.481353759765625 2.7999999523162842
v 5.5413565635681152 27.481353759765625 3.4000000953674316
v 5.5413565635681152 27.481353759765625 4
v 4.8990836143493652 27.482261657714844 4
v 4.2568106651306152 27.483169555664063 4
v 3.6145377159118652 27.484077453613281 4
v 2.9722647666931152 27.484981536865234 4
v 2.3299918174743652 27.485889434814453 4
v 1.6877187490463257 27.486797332763672 4
v 1.0454457998275757 27.487705230712891 4
v 1.0454457998275757 27.487705230712891 3.4000000953674316
v 1.0454457998275757 27.487705230712891 2.7999999523162842
v 1.0454457998275757 27.487705230712891 2.2000000476837158
v 1.0454457998275757 27.487705230712891 1.6000000238418579
v 1.1094106435775757 27.487613677978516 4.2857141494750977
v 2.8566031455993652 27.485145568847656 4.2857141494750977
v 3.7301993370056152 27.483913421630859 4.2857141494750977
v 1.1094106435775757 27.487613677978516 0.71428573131561279
v 2.8566031455993652 27.485145568847656 0.71428573131561279
v 3.7301993370056152 27.483913421630859 0.71428573131561279
v 4.6037955284118652 27.482677459716797 4.2857141494750977
v 5.4773917198181152 27.4814453125 4.2857141494750977
v 4.6037955284118652 27.482677459716797 0.71428573131561279
v 5.4773917198181152 27.4814453125 0.71428573131561279
v 6.3509879112243652 27.480209350585938 5
v 6.3509879112243652 27.480209350585938 0
v 6.3326163291931152 14.476520538330078 5
v 6.3326163291931152 14.476520538330078 0
v 6.3509879112243652 27.480209350585938 0.625
v 6.3509879112243652 27.480209350585938 1.25
v 6.3509879112243652 27.480209350585938 1.875
v 6.3509879112243652 27.480209350585938 2.5
v 6.3509879112243652 27.480209350585938 3.125
v 6.3509879112243652 27.480209350585938 3.75
v 6.3509879112243652 27.480209350585938 4.375
v 6.3326163291931152 14.476520538330078 2.5
v 6.3418021202087402 20.978366851806641 2.5
v 6.3418021202087402 20.978366851806641 1.25
v 6.3463797569274902 24.229286193847656 2.5
v 6.3463797569274902 24.229286193847656 1.25
v 6.3463797569274902 24.229286193847656 0.625
v 6.3486990928649902 25.854747772216797 1.25
v 6.3486990928649902 25.854747772216797 0.625
v 6.3463797569274902 24.229286193847656 1.875
v 6.3486990928649902 25.854747772216797 2.5
v 6.3486990928649902 25.854747772216797 1.875
v 6.3418021202087402 20.978366851806641 3.75
v 6.3463797569274902 24.229286193847656 3.75
v 6.3463797569274902 24.229286193847656 3.125
v 6.3486990928649902 25.854747772216797 3.75
v 6.3486990928649902 25.854747772216797 3.125
v 6.3463797569274902 24.229286193847656 4.375
v 6.3486990928649902 25.854747772216797 4.375
v 6.3418021202087402 20.978366851806641 5
v 6.3418021202087402 20.978366851806641 0
v 6.3326163291931152 14.476520538330078 5
v 6.3326163291931152 14.476520538330078 0
v 8.330784797668457 14.473697662353516 5
v 8.330784797668457 14.473697662353516 0
v 6.3326163291931152 14.476520538330078 2.5
v 8.330784797668457 14.473697662353516 2.5
v 8.330784797668457 14.473697662353516 5
v 8.330784797668457 14.473697662353516 0
v 8.327977180480957 12.477401733398438 5
v 8.327977180480957 12.477401733398438 0
v 8.330784797668457 14.473697662353516 2.5
v 8.327977180480957 12.477401733398438 2.5
v 8.327977180480957 12.477401733398438 5
v 8.327977180480957 12.477401733398438 0
v 0.21463526785373688 12.488864898681641 5
v 0.21463526785373688 12.488864898681641 0
v 8.327977180480957 12.477401733398438 2.5
v 4.2713065147399902 12.483131408691406 5
v 0.21463526785373688 12.488864898681641 3.75
v 0.21463526785373688 12.488864898681641 2.5
v 0.21463526785373688 12.488864898681641 1.25
v 4.2713065147399902 12.483131408691406 0
v 0.21463526785373688 12.488864898681641 5
v 0.21463526785373688 12.488864898681641 0
v 0.21768702566623688 14.631717681884766 4.2857141494750977
v 0.21768702566623688 14.631717681884766 3.5714285373687744
v 0.22067774832248688 16.774574279785156 4.2857141494750977
v 0.22067774832248688 16.774574279785156 3.5714285373687744
v 0.22372950613498688 18.917427062988281 4.2857141494750977
v 0.22372950613498688 18.917427062988281 3.5714285373687744
v 0.22678126394748688 21.060283660888672 4.2857141494750977
v 0.22678126394748688 21.060283660888672 3.5714285373687744
v 0.22977198660373688 23.203140258789063 4.2857141494750977
v 0.22977198660373688 23.203140258789063 3.5714285373687744
v 0.23282374441623688 25.345993041992188 4.2857141494750977
v 0.23282374441623688 25.345993041992188 3.5714285373687744
v 0.23581446707248688 27.488849639892578 5
v 0.23581446707248688 27.488849639892578 0
v 0.23581446707248688 27.488849639892578 4.375
v 0.23581446707248688 27.488849639892578 3.75
v 0.23581446707248688 27.488849639892578 3.125
v 0.23581446707248688 27.488849639892578 2.5
v 0.23581446707248688 27.488849639892578 1.875
v 0.23581446707248688 27.488849639892578 1.25
v 0.23581446707248688 27.488849639892578 0.625
v 0.21463526785373688 12.488864898681641 1.25
v 0.21463526785373688 12.488864898681641 2.5
v 0.21463526785373688 12.488864898681641 3.75
v 0.21677149832248688 13.988861083984375 5
v 0.21890772879123688 15.488861083984375 5
v 0.22098292410373688 16.988861083984375 5
v 0.22311915457248688 18.488857269287109 5
v 0.22525538504123688 19.988857269287109 5
v 0.22739161550998688 21.488853454589844 5
v 0.22946681082248688 22.988853454589844 5
v 0.23160304129123688 24.488853454589844 5
v 0.23373927175998688 25.988849639892578 5
v 0.23373927175998688 25.988849639892578 0
v 0.23160304129123688 24.488853454589844 0
v 0.22946681082248688 22.988853454589844 0
v 0.22739161550998688 21.488853454589844 0
v 0.22525538504123688 19.988857269287109 0
v 0.22311915457248688 18.488857269287109 0
v 0.22098292410373688 16.988861083984375 0
v 0.21890772879123688 15.488861083984375 0
v 0.21677149832248688 13.988861083984375 0
v 0.23233546316623688 24.988849639892578 3
v 0.23026026785373688 23.560279846191406 3
v 0.22824610769748688 22.131710052490234 3
v 0.22623194754123688 20.703140258789063 3
v 0.22421778738498688 19.274570465087891 3
v 0.22220362722873688 17.846000671386719 3
v 0.22018946707248688 16.417430877685547 3
v 0.21817530691623688 14.988861083984375 3
v 0.21817530691623688 14.988861083984375 2
v 0.21817530691623688 14.988861083984375 1
v 0.22018946707248688 16.417430877685547 1
v 0.22220362722873688 17.846000671386719 1
v 0.22421778738498688 19.274570465087891 1
v 0.22623194754123688 20.703140258789063 1
v 0.22824610769748688 22.131710052490234 1
v 0.23026026785373688 23.560279846191406 1
v 0.23233546316623688 24.988849639892578 1
v 0.23233546316623688 24.988849639892578 2
v 0.21768702566623688 14.631717681884766 2.1428570747375488
v 0.21768702566623688 14.631717681884766 1.4285714626312256
v 0.21768702566623688 14.631717681884766 0.71428573131561279
v 0.22372950613498688 18.917427062988281 0.71428573131561279
v 0.22678126394748688 21.060283660888672 0.71428573131561279
v 0.23282374441623688 25.345993041992188 2.1428570747375488
v 0.23282374441623688 25.345993041992188 0.71428573131561279
v 0.22977198660373688 23.203140258789063 0.71428573131561279
v 0.23282374441623688 25.345993041992188 1.4285714626312256
v 0.21463526785373688 12.488864898681641 5
v 8.327977180480957 12.477401733398438 5
v 0.23581446707248688 27.488849639892578 5
v 0.84732568264007568 27.487983703613281 5
v 1.4588369131088257 27.48712158203125 5
v 2.0704092979431152 27.486255645751953 5
v 2.6819205284118652 27.485393524169922 5
v 3.2934012413024902 27.484527587890625 5
v 3.9049124717712402 27.483665466308594 5
v 4.5164542198181152 27.482803344726563 5
v 5.1279654502868652 27.481937408447266 5
v 5.7394766807556152 27.481075286865234 5
v 6.3509879112243652 27.480209350585938 5
v 4.2818961143493652 19.983123779296875 5
v 4.2872061729431152 23.733119964599609 5
v 2.2535758018493652 19.985992431640625 5
v 2.2588858604431152 23.735988616943359 5
v 2.2615103721618652 25.610984802246094 5
v 1.2447255849838257 23.737419128417969 5
v 1.2473500967025757 25.612419128417969 5
v 4.2898612022399902 25.608119964599609 5
v 3.2730460166931152 23.734554290771484 5
v 3.2757010459899902 25.609554290771484 5
v 5.3013663291931152 23.731689453125 5
v 5.3040213584899902 25.606685638427734 5
v 6.3418021202087402 20.978366851806641 5
v 6.3326163291931152 14.476520538330078 5
v 8.330784797668457 14.473697662353516 5
v 4.2766165733337402 16.233127593994141 5
v 4.2713065147399902 12.483131408691406 5
v 0.21677149832248688 13.988861083984375 5
v 0.21890772879123688 15.488861083984375 5
v 0.22098292410373688 16.988861083984375 5
v 0.22311915457248688 18.488857269287109 5
v 0.22525538504123688 19.988857269287109 5
v 0.22739161550998688 21.488853454589844 5
v 0.22946681082248688 22.988853454589844 5
v 0.23160304129123688 24.488853454589844 5
v 0.23373927175998688 25.988849639892578 5
v 2.2482657432556152 16.235996246337891 5
v 0.21463526785373688 12.488864898681641 0
v 8.327977180480957 12.477401733398438 0
v 0.23581446707248688 27.488849639892578 0
v 0.84732568264007568 27.487983703613281 0
v 1.4588369131088257 27.48712158203125 0
v 2.0704092979431152 27.486255645751953 0
v 2.6819205284118652 27.485393524169922 0
v 3.2934012413024902 27.484527587890625 0
v 3.9049124717712402 27.483665466308594 0
v 4.5164542198181152 27.482803344726563 0
v 5.1279654502868652 27.481937408447266 0
v 5.7394766807556152 27.481075286865234 0
v 6.3509879112243652 27.480209350585938 0
v 4.2818961143493652 19.983123779296875 0
v 4.2872061729431152 23.733119964599609 0
v 2.2535758018493652 19.985992431640625 0
v 2.2588858604431152 23.735988616943359 0
v 2.2615103721618652 25.610984802246094 0
v 1.2447255849838257 23.737419128417969 0
v 1.2473500967025757 25.612419128417969 0
v 4.2898612022399902 25.608119964599609 0
v 3.2730460166931152 23.734554290771484 0
v 3.2757010459899902 25.609554290771484 0
v 5.3013663291931152 23.731689453125 0
v 5.3040213584899902 25.606685638427734 0
v 6.3418021202087402 20.978366851806641 0
v 6.3326163291931152 14.476520538330078 0
v 8.330784797668457 14.473697662353516 0
v 4.2766165733337402 16.233127593994141 0
v 4.2713065147399902 12.483131408691406 0
v 0.21677149832248688 13.988861083984375 0
v 0.21890772879123688 15.488861083984375 0
v 0.22098292410373688 16.988861083984375 0
v 0.22311915457248688 18.488857269287109 0
v 0.22525538504123688 19.988857269287109 0
v 0.22739161550998688 21.488853454589844 0
v 0.22946681082248688 22.988853454589844 0
v 0.23160304129123688 24.488853454589844 0
v 0.23373927175998688 25.988849639892578 0
v 2.2482657432556152 16.235996246337891 0
vt 0.22785046696662903 0
vt 0.22785046696662903 0.18918079137802124
vt 0.46101585030555725 0
vt 0.46101585030555725 0.18918079137802124
vt 0.25116699934005737 0
vt 0.27448353171348572 0
vt 0.29780009388923645 0
vt 0.32111662626266479 0
vt 0.34443315863609314 0
vt 0.36774969100952148 0
vt 0.39106622338294983 0
vt 0.41438275575637817 0
vt 0.43769928812980652 0
vt 0.46101585030555725 0.023647598922252655
vt 0.46101585030555725 0.04729519784450531
vt 0.46101585030555725 0.070942796766757965
vt 0.46101585030555725 0.09459039568901062
vt 0.46101585030555725 0.11823800206184387
vt 0.46101585030555725 0.14188559353351593
vt 0.46101585030555725 0.16553319990634918
vt 0.43769928812980652 0.18918079137802124
vt 0.41438275575637817 0.18918079137802124
vt 0.39106622338294983 0.18918079137802124
vt 0.36774969100952148 0.18918079137802124
vt 0.34443315863609314 0.18918079137802124
vt 0.32111662626266479 0.18918079137802124
vt 0.29780009388923645 0.18918079137802124
vt 0.27448353171348572 0.18918079137802124
vt 0.25116699934005737 0.18918079137802124
vt 0.22785046696662903 0.16553319990634918
vt 0.22785046696662903 0.14188559353351593
vt 0.22785046696662903 0.11823800206184387
vt 0.22785046696662903 0.09459039568901062
vt 0.22785046696662903 0.070942796766757965
vt 0.22785046696662903 0.04729519784450531
vt 0.22785046696662903 0.023647598922252655
vt 0.25872045755386353 0.15134464204311371
vt 0.28320980072021484 0.15134464204311371
vt 0.30769914388656616 0.15134464204311371
vt 0.33218848705291748 0.15134464204311371
vt 0.3566778302192688 0.15134464204311371
vt 0.38116717338562012 0.15134464204311371
vt 0.40565648674964905 0.15134464204311371
vt 0.43014585971832275 0.15134464204311371
vt 0.43014585971832275 0.12864294648170471
vt 0.43014585971832275 0.10594125092029572
vt 0.43014585971832275 0.083239547908306122
vt 0.43014585971832275 0.060537852346897125
vt 0.43014585971832275 0.037836160510778427
vt 0.40565648674964905 0.037836160510778427
vt 0.38116717338562012 0.037836160510778427
vt 0.3566778302192688 0.037836160510778427
vt 0.33218848705291748 0.037836160510778427
vt 0.30769914388656616 0.037836160510778427
vt 0.28320980072021484 0.037836160510778427
vt 0.25872045755386353 0.037836160510778427
vt 0.25872045755386353 0.060537852346897125
vt 0.25872045755386353 0.083239547908306122
vt 0.25872045755386353 0.10594125092029572
vt 0.25872045755386353 0.12864294648170471
vt 0.26115980744361877 0.027025830000638962
vt 0.32777848839759827 0.027025830000638962
vt 0.36108782887458801 0.027025830000638962
vt 0.26115980744361877 0.16215497255325317
vt 0.32777848839759827 0.16215497255325317
vt 0.36108782887458801 0.16215497255325317
vt 0.39439716935157776 0.027025830000638962
vt 0.4277065098285675 0.027025830000638962
vt 0.39439716935157776 0.16215497255325317
vt 0.4277065098285675 0.16215497255325317
vt 0.18918079137802124 0.38129127025604248
vt 0 0.38129127025604248
vt 0.18918079137802124 0.87711107730865479
vt 0 0.87711107730865479
vt 0.023647598922252655 0.38129127025604248
vt 0.04729519784450531 0.38129127025604248
vt 0.070942796766757965 0.38129127025604248
vt 0.09459039568901062 0.38129127025604248
vt 0.11823800206184387 0.38129127025604248
vt 0.14188559353351593 0.38129127025604248
vt 0.16553319990634918 0.38129127025604248
vt 0.09459039568901062 0.87711107730865479
vt 0.09459039568901062 0.62920117378234863
vt 0.04729519784450531 0.62920117378234863
vt 0.09459039568901062 0.50524622201919556
vt 0.04729519784450531 0.50524622201919556
vt 0.023647598922252655 0.50524622201919556
vt 0.04729519784450531 0.44326874613761902
vt 0.023647598922252655 0.44326874613761902
vt 0.070942796766757965 0.50524622201919556
vt 0.09459039568901062 0.44326874613761902
vt 0.070942796766757965 0.44326874613761902
vt 0.14188559353351593 0.62920117378234863
vt 0.14188559353351593 0.50524622201919556
vt 0.11823800206184387 0.50524622201919556
vt 0.14188559353351593 0.44326874613761902
vt 0.11823800206184387 0.44326874613761902
vt 0.16553319990634918 0.50524622201919556
vt 0.16553319990634918 0.44326874613761902
vt 0.18918079137802124 0.62920117378234863
vt 0 0.62920117378234863
vt 0.11387148499488831 0
vt 0.11387148499488831 0.19064563512802124
vt 0.19006046652793884 0
vt 0.19006046652793884 0.19064563512802124
vt 0.11387148499488831 0.09532281756401062
vt 0.19006046652793884 0.09532281756401062
vt 0 0
vt 0 0.19064563512802124
vt 0.076117128133773804 0
vt 0.076117128133773804 0.19064563512802124
vt 0 0.09532281756401062
vt 0.076117128133773804 0.09532281756401062
vt 0.22785046696662903 0.19064563512802124
vt 0.22785046696662903 0.37982642650604248
vt 0.5372048020362854 0.19064563512802124
vt 0.5372048020362854 0.37982642650604248
vt 0.22785046696662903 0.28523603081703186
vt 0.38252764940261841 0.19064563512802124
vt 0.5372048020362854 0.23794084787368774
vt 0.5372048020362854 0.28523603081703186
vt 0.5372048020362854 0.33253124356269836
vt 0.38252764940261841 0.37982642650604248
vt 0.37982642650604248 0.38129127025604248
vt 0.19064563512802124 0.38129127025604248
vt 0.35280060768127441 0.46278730034828186
vt 0.32577478885650635 0.46278730034828186
vt 0.35280060768127441 0.54428333044052124
vt 0.32577478885650635 0.54428333044052124
vt 0.35280060768127441 0.62577933073043823
vt 0.32577478885650635 0.62577933073043823
vt 0.35280060768127441 0.70727533102035522
vt 0.32577478885650635 0.70727533102035522
vt 0.35280060768127441 0.78877133131027222
vt 0.32577478885650635 0.78877133131027222
vt 0.35280060768127441 0.87026733160018921
vt 0.32577478885650635 0.87026733160018921
vt 0.37982642650604248 0.95176339149475098
vt 0.19064563512802124 0.95176339149475098
vt 0.35617884993553162 0.95176339149475098
vt 0.33253124356269836 0.95176339149475098
vt 0.30888363718986511 0.95176339149475098
vt 0.28523603081703186 0.95176339149475098
vt 0.261588454246521 0.95176339149475098
vt 0.23794084787368774 0.95176339149475098
vt 0.21429324150085449 0.95176339149475098
vt 0.23794084787368774 0.38129127025604248
vt 0.28523603081703186 0.38129127025604248
vt 0.33253124356269836 0.38129127025604248
vt 0.37982642650604248 0.43833848834037781
vt 0.37982642650604248 0.49538570642471313
vt 0.37982642650604248 0.55243289470672607
vt 0.37982642650604248 0.60948014259338379
vt 0.37982642650604248 0.66652733087539673
vt 0.37982642650604248 0.72357451915740967
vt 0.37982642650604248 0.78062170743942261
vt 0.37982642650604248 0.83766895532608032
vt 0.37982642650604248 0.89471614360809326
vt 0.19064563512802124 0.89471614360809326
vt 0.19064563512802124 0.83766895532608032
vt 0.19064563512802124 0.78062170743942261
vt 0.19064563512802124 0.72357451915740967
vt 0.19064563512802124 0.66652733087539673
vt 0.19064563512802124 0.60948014259338379
vt 0.19064563512802124 0.55243289470672607
vt 0.19064563512802124 0.49538570642471313
vt 0.19064563512802124 0.43833848834037781
vt 0.30415412783622742 0.85668468475341797
vt 0.30415412783622742 0.80235397815704346
vt 0.30415412783622742 0.74802333116531372
vt 0.30415412783622742 0.69369268417358398
vt 0.30415412783622742 0.63936197757720947
vt 0.30415412783622742 0.58503133058547974
vt 0.30415412783622742 0.53070062398910522
vt 0.30415412783622742 0.47636997699737549
vt 0.26631796360015869 0.47636997699737549
vt 0.22848179936408997 0.47636997699737549
vt 0.22848179936408997 0.53070062398910522
vt 0.22848179936408997 0.58503133058547974
vt 0.22848179936408997 0.63936197757720947
vt 0.22848179936408997 0.69369268417358398
vt 0.22848179936408997 0.74802333116531372
vt 0.22848179936408997 0.80235397815704346
vt 0.22848179936408997 0.85668468475341797
vt 0.26631796360015869 0.85668468475341797
vt 0.27172312140464783 0.46278730034828186
vt 0.24469728767871857 0.46278730034828186
vt 0.2176714688539505 0.46278730034828186
vt 0.2176714688539505 0.62577933073043823
vt 0.2176714688539505 0.70727533102035522
vt 0.27172312140464783 0.87026733160018921
vt 0.2176714688539505 0.87026733160018921
vt 0.2176714688539505 0.78877133131027222
vt 0.24469728767871857 0.87026733160018921
vt 0.99853515625 0
vt 0.69064563512802124 0
vt 0.99853515625 0.57193690538406372
vt 0.97532904148101807 0.57193690538406372
vt 0.95212286710739136 0.57193690538406372
vt 0.92891675233840942 0.57193690538406372
vt 0.90571063756942749 0.57193690538406372
vt 0.88250452280044556 0.57193690538406372
vt 0.85929840803146362 0.57193690538406372
vt 0.83609223365783691 0.57193690538406372
vt 0.81288611888885498 0.57193690538406372
vt 0.78968000411987305 0.57193690538406372
vt 0.76647382974624634 0.57193690538406372
vt 0.84459042549133301 0.28596845269203186
vt 0.84459042549133301 0.42895269393920898
vt 0.9215627908706665 0.28596845269203186
vt 0.9215627908706665 0.42895269393920898
vt 0.9215627908706665 0.50044482946395874
vt 0.96004897356033325 0.42895269393920898
vt 0.96004897356033325 0.50044482946395874
vt 0.84459042549133301 0.50044482946395874
vt 0.88307660818099976 0.42895269393920898
vt 0.88307660818099976 0.50044482946395874
vt 0.80610418319702148 0.42895269393920898
vt 0.80610418319702148 0.50044482946395874
vt 0.76647382974624634 0.32402703166007996
vt 0.76647382974624634 0.076117128133773804
vt 0.69064563512802124 0.076117128133773804
vt 0.84459042549133301 0.14298422634601593
vt 0.84459042549133301 0
vt 0.99853515625 0.057193692773580551
vt 0.99853515625 0.1143873855471611
vt 0.99853515625 0.17158108949661255
vt 0.99853515625 0.2287747710943222
vt 0.99853515625 0.28596845269203186
vt 0.99853515625 0.3431621789932251
vt 0.99853515625 0.40035584568977356
vt 0.99853515625 0.45754954218864441
vt 0.99853515625 0.51474320888519287
vt 0.9215627908706665 0.14298422634601593
vt 0.68918079137802124 0.38129127025604248
vt 0.38129127025604248 0.38129127025604248
vt 0.68918079137802124 0.95176339149475098
vt 0.66597467660903931 0.95176339149475098
vt 0.64276856184005737 0.95176339149475098
vt 0.61956238746643066 0.95176339149475098
vt 0.59635627269744873 0.95176339149475098
vt 0.5731501579284668 0.95176339149475098
vt 0.54994404315948486 0.95176339149475098
vt 0.52673786878585815 0.95176339149475098
vt 0.50353175401687622 0.95176339149475098
vt 0.4803256094455719 0.95176339149475098
vt 0.45711949467658997 0.95176339149475098
vt 0.53523606061935425 0.66652733087539673
vt 0.53523606061935425 0.80914533138275146
vt 0.61220842599868774 0.66652733087539673
vt 0.61220842599868774 0.80914533138275146
vt 0.61220842599868774 0.88045436143875122
vt 0.65069460868835449 0.80914533138275146
vt 0.65069460868835449 0.88045436143875122
vt 0.53523606061935425 0.88045436143875122
vt 0.573722243309021 0.80914533138275146
vt 0.573722243309021 0.88045436143875122
vt 0.49674984812736511 0.80914533138275146
vt 0.49674984812736511 0.88045436143875122
vt 0.45711949467658997 0.70448839664459229
vt 0.45711949467658997 0.45721346139907837
vt 0.38129127025604248 0.45721346139907837
vt 0.53523606061935425 0.52390933036804199
vt 0.53523606061935425 0.38129127025604248
vt 0.68918079137802124 0.43833848834037781
vt 0.68918079137802124 0.49538570642471313
vt 0.68918079137802124 0.55243289470672607
vt 0.68918079137802124 0.60948014259338379
vt 0.68918079137802124 0.66652733087539673
vt 0.68918079137802124 0.72357451915740967
vt 0.68918079137802124 0.78062170743942261
vt 0.68918079137802124 0.83766895532608032
vt 0.68918079137802124 0.89471614360809326
vt 0.61220842599868774 0.52390933036804199
vn 0.0014127603499218822 0.99999898672103882 0
vn 0.0014127603499218822 0.99999898672103882 0
vn 0.0014127603499218822 0.99999898672103882 0
vn 0.0014127603499218822 0.99999898672103882 0
vn 0.0014127603499218822 0.99999898672103882 0
vn 0.0014127603499218822 0.99999898672103882 0
vn 0.0014127603499218822 0.99999898672103882 0
vn 0.0014127603499218822 0.99999898672103882 0
vn 0.0014127603499218822 0.99999898672103882 0
vn 0.0014127603499218822 0.99999898672103882 0
vn 0.0014127603499218822 0.99999898672103882 0
vn 0.0014127603499218822 0.99999898672103882 0
vn 0.0014127603499218822 0.99999898672103882 0
vn 0.0014127603499218822 0.99999898672103882 0
vn 0.0014127603499218822 0.99999898672103882 0
vn 0.0014127603499218822 0.99999898672103882 0
vn 0.0014127603499218822 0.99999898672103882 0
vn 0.0014127603499218822 0.99999898672103882 0
vn 0.0014127603499218822 0.99999898672103882 0
vn 0.0014127603499218822 0.99999898672103882 0
vn 0.0014127603499218822 0.99999898672103882 0
vn 0.0014127603499218822 0.99999898672103882 0
vn 0.0014127603499218822 0.99999898672103882 0
vn 0.0014127603499218822 0.99999898672103882 0
vn 0.0014127603499218822 0.99999898672103882 0
vn 0.0014127603499218822 0.99999898672103882 0
vn 0.0014127603499218822 0.99999898672103882 0
vn 0.0014127603499218822 0.99999898672103882 0
vn 0.0014127603499218822 0.99999898672103882 0
vn 0.0014127603499218822 0.99999898672103882 0
vn 0.0014127603499218822 0.99999898672103882 0
vn 0.0014127603499218822 0.99999898672103882 0
vn 0.0014127603499218822 0.99999898672103882 0
vn 0.0014127603499218822 0.99999898672103882 0
vn 0.0014127603499218822 0.99999898672103882 0
vn 0.0014127603499218822 0.99999898672103882 0
vn 0.0014127603499218822 0.99999898672103882 0
vn 0.0014127603499218822 0.99999898672103882 0
vn 0.0014127603499218822 0.99999898672103882 0
vn 0.0014127603499218822 0.99999898672103882 0
vn 0.0014127603499218822 0.99999898672103882 0
vn 0.0014127603499218822 0.99999898672103882 0
vn 0.0014127603499218822 0.99999898672103882 0
vn 0.0014127603499218822 0.99999898672103882 0
vn 0.0014127603499218822 0.99999898672103882 0
vn 0.0014127603499218822 0.99999898672103882 0
vn 0.0014127603499218822 0.99999898672103882 0
vn 0.0014127603499218822 0.99999898672103882 0
vn 0.0014127603499218822 0.99999898672103882 0
vn 0.0014127603499218822 0.99999898672103882 0
vn 0.0014127603499218822 0.99999898672103882 0
vn 0.0014127603499218822 0.99999898672103882 0
vn 0.0014127603499218822 0.99999898672103882 0
vn 0.0014127603499218822 0.99999898672103882 0
vn 0.0014127603499218822 0.99999898672103882 0
vn 0.0014127603499218822 0.99999898672103882 0
vn 0.0014127603499218822 0.99999898672103882 0
vn 0.0014127603499218822 0.99999898672103882 0
vn 0.0014127603499218822 0.99999898672103882 0
vn 0.0014127603499218822 0.99999898672103882 0
vn 0.0014127603499218822 0.99999898672103882 0
vn 0.0014127603499218822 0.99999898672103882 0
vn 0.0014127603499218822 0.99999898672103882 0
vn 0.0014127603499218822 0.99999898672103882 0
vn 0.0014127603499218822 0.99999898672103882 0
vn 0.0014127603499218822 0.99999898672103882 0
vn 0.0014127603499218822 0.99999898672103882 0
vn 0.0014127603499218822 0.99999898672103882 0
vn 0.0014127603499218822 0.99999898672103882 0
vn 0.0014127603499218822 0.99999898672103882 0
vn 0.99999898672103882 -0.0014127603499218822 0
vn 0.99999898672103882 -0.0014127603499218822 0
vn 0.99999898672103882 -0.0014127603499218822 0
vn 0.99999898672103882 -0.0014127603499218822 0
vn 0.99999898672103882 -0.0014127603499218822 0
vn 0.99999898672103882 -0.0014127603499218822 0
vn 0.99999898672103882 -0.0014127603499218822 0
vn 0.99999898672103882 -0.0014127603499218822 0
vn 0.99999898672103882 -0.0014127603499218822 0
vn 0.99999898672103882 -0.0014127603499218822 0
vn 0.99999898672103882 -0.0014127603499218822 0
vn 0.99999898672103882 -0.0014127603499218822 0
vn 0.99999898672103882 -0.0014127603499218822 0
vn 0.99999898672103882 -0.0014127603499218822 0
vn 0.99999898672103882 -0.0014127603499218822 0
vn 0.99999898672103882 -0.0014127603499218822 0
vn 0.99999898672103882 -0.0014127603499218822 0
vn 0.99999898672103882 -0.0014127603499218822 0
vn 0.99999898672103882 -0.0014127603499218822 0
vn 0.99999898672103882 -0.0014127603499218822 0
vn 0.99999898672103882 -0.0014127603499218822 0
vn 0.99999898672103882 -0.0014127603499218822 0
vn 0.99999898672103882 -0.0014127603499218822 0
vn 0.99999898672103882 -0.0014127603499218822 0
vn 0.99999898672103882 -0.0014127603499218822 0
vn 0.99999898672103882 -0.0014127603499218822 0
vn 0.99999898672103882 -0.0014127603499218822 0
vn 0.99999898672103882 -0.0014127603499218822 0
vn 0.99999898672103882 -0.0014127603499218822 0
vn 0.99999898672103882 -0.0014127603499218822 0
vn 0.99999898672103882 -0.0014127603499218822 0
vn 0.0014127603499218822 0.99999898672103882 0
vn 0.0014127603499218822 0.99999898672103882 0
vn 0.0014127603499218822 0.99999898672103882 0
vn 0.0014127603499218822 0.99999898672103882 0
vn 0.0014127603499218822 0.99999898672103882 0
vn 0.0014127603499218822 0.99999898672103882 0
vn 0.99999898672103882 -0.0014127603499218822 0
vn 0.99999898672103882 -0.0014127603499218822 0
vn 0.99999898672103882 -0.0014127603499218822 0
vn 0.99999898672103882 -0.0014127603499218822 0
vn 0.99999898672103882 -0.0014127603499218822 0
vn 0.99999898672103882 -0.0014127603499218822 0
vn -0.0014127603499218822 -0.99999898672103882 0
vn -0.0014127603499218822 -0.99999898672103882 0
vn -0.0014127603499218822 -0.99999898672103882 0
vn -0.0014127603499218822 -0.99999898672103882 0
vn -0.0014127603499218822 -0.99999898672103882 0
vn -0.0014127603499218822 -0.99999898672103882 0
vn -0.0014127603499218822 -0.99999898672103882 0
vn -0.0014127603499218822 -0.99999898672103882 0
vn -0.0014127603499218822 -0.99999898672103882 0
vn -0.0014127603499218822 -0.99999898672103882 0
vn -0.99999898672103882 0.0014127603499218822 0
vn -0.99999898672103882 0.0014127603499218822 0
vn -0.99999898672103882 0.0014127603499218822 0
vn -0.99999898672103882 0.0014127603499218822 0
vn -0.99999898672103882 0.0014127603499218822 0
vn -0.99999898672103882 0.0014127603499218822 0
vn -0.99999898672103882 0.0014127603499218822 0
vn -0.99999898672103882 0.0014127603499218822 0
vn -0.99999898672103882 0.0014127603499218822 0
vn -0.99999898672103882 0.0014127603499218822 0
vn -0.99999898672103882 0.0014127603499218822 0
vn -0.99999898672103882 0.0014127603499218822 0
vn -0.99999898672103882 0.0014127603499218822 0
vn -0.99999898672103882 0.0014127603499218822 0
vn -0.99999898672103882 0.0014127603499218822 0
vn -0.99999898672103882 0.0014127603499218822 0
vn -0.99999898672103882 0.0014127603499218822 0
vn -0.99999898672103882 0.0014127603499218822 0
vn -0.99999898672103882 0.0014127603499218822 0
vn -0.99999898672103882 0.0014127603499218822 0
vn -0.99999898672103882 0.0014127603499218822 0
vn -0.99999898672103882 0.0014127603499218822 0
vn -0.99999898672103882 0.0014127603499218822 0
vn -0.99999898672103882 0.0014127603499218822 0
vn -0.99999898672103882 0.0014127603499218822 0
vn -0.99999898672103882 0.0014127603499218822 0
vn -0.99999898672103882 0.0014127603499218822 0
vn -0.99999898672103882 0.0014127603499218822 0
vn -0.99999898672103882 0.0014127603499218822 0
vn -0.99999898672103882 0.0014127603499218822 0
vn -0.99999898672103882 0.0014127603499218822 0
vn -0.99999898672103882 0.0014127603499218822 0
vn -0.99999898672103882 0.0014127603499218822 0
vn -0.99999898672103882 0.0014127603499218822 0
vn -0.99999898672103882 0.0014127603499218822 0
vn -0.99999898672103882 0.0014127603499218822 0
vn -0.99999898672103882 0.0014127603499218822 0
vn -0.99999898672103882 0.0014127603499218822 0
vn -0.99999898672103882 0.0014127603499218822 0
vn -0.99999898672103882 0.0014127603499218822 0
vn -0.99999898672103882 0.0014127603499218822 0
vn -0.99999898672103882 0.0014127603499218822 0
vn -0.99999898672103882 0.0014127603499218822 0
vn -0.99999898672103882 0.0014127603499218822 0
vn -0.99999898672103882 0.0014127603499218822 0
vn -0.99999898672103882 0.0014127603499218822 0
vn -0.99999898672103882 0.0014127603499218822 0
vn -0.99999898672103882 0.0014127603499218822 0
vn -0.99999898672103882 0.0014127603499218822 0
vn -0.99999898672103882 0.0014127603499218822 0
vn -0.99999898672103882 0.0014127603499218822 0
vn -0.99999898672103882 0.0014127603499218822 0
vn -0.99999898672103882 0.0014127603499218822 0
vn -0.99999898672103882 0.0014127603499218822 0
vn -0.99999898672103882 0.0014127603499218822 0
vn -0.99999898672103882 0.0014127603499218822 0
vn -0.99999898672103882 0.0014127603499218822 0
vn -0.99999898672103882 0.0014127603499218822 0
vn -0.99999898672103882 0.0014127603499218822 0
vn -0.99999898672103882 0.0014127603499218822 0
vn -0.99999898672103882 0.0014127603499218822 0
vn -0.99999898672103882 0.0014127603499218822 0
vn -0.99999898672103882 0.0014127603499218822 0
vn -0.99999898672103882 0.0014127603499218822 0
vn -0.99999898672103882 0.0014127603499218822 0
vn -0.99999898672103882 0.0014127603499218822 0
vn -0.99999898672103882 0.0014127603499218822 0
vn -0.99999898672103882 0.0014127603499218822 0
vn -0.99999898672103882 0.0014127603499218822 0
vn -0.99999898672103882 0.0014127603499218822 0
vn -0.99999898672103882 0.0014127603499218822 0
vn 0 0 1
vn 0 0 1
vn 0 0 1
vn 0 0 1
vn 0 0 1
vn 0 0 1
vn 0 0 1
vn 0 0 1
vn 0 0 1
vn 0 0 1
vn 0 0 1
vn 0 0 1
vn 0 0 1
vn 0 0 1
vn 0 0 1
vn 0 0 1
vn 0 0 1
vn 0 0 1
vn 0 0 1
vn 0 0 1
vn 0 0 1
vn 0 0 1
vn 0 0 1
vn 0 0 1
vn 0 0 1
vn 0 0 1
vn 0 0 1
vn 0 0 1
vn 0 0 1
vn 0 0 1
vn 0 0 1
vn 0 0 1
vn 0 0 1
vn 0 0 1
vn 0 0 1
vn 0 0 1
vn 0 0 1
vn 0 0 1
vn 0 0 1
vn 0 0 1
vn 0 0 -1
vn 0 0 -1
vn 0 0 -1
vn 0 0 -1
vn 0 0 -1
vn 0 0 -1
vn 0 0 -1
vn 0 0 -1
vn 0 0 -1
vn 0 0 -1
vn 0 0 -1
vn 0 0 -1
vn 0 0 -1
vn 0 0 -1
vn 0 0 -1
vn 0 0 -1
vn 0 0 -1
vn 0 0 -1
vn 0 0 -1
vn 0 0 -1
vn 0 0 -1
vn 0 0 -1
vn 0 0 -1
vn 0 0 -1
vn 0 0 -1
vn 0 0 -1
vn 0 0 -1
vn 0 0 -1
vn 0 0 -1
vn 0 0 -1
vn 0 0 -1
vn 0 0 -1
vn 0 0 -1
vn 0 0 -1
vn 0 0 -1
vn 0 0 -1
vn 0 0 -1
vn 0 0 -1
vn 0 0 -1
vn 0 0 -1
f 2204/2204/2204 2175/2175/2175 2178/2178/2178 2179/2179/2179 2180/2180/2180 2181/2181/2181 2182/2182/2182 2183/2183/2183 2184/2184/2184 2174/2174/2174 2203/2203/2203 2176/2176/2176 2185/2185/2185 2177/2177/2177
f 2209/2209/2209 2205/2205/2205 2207/2207/2207 2210/2210/2210 2208/2208/2208 2206/2206/2206
f 2215/2215/2215 2211/2211/2211 2213/2213/2213 2216/2216/2216 2214/2214/2214 2212/2212/2212
f 2221/2221/2221 2217/2217/2217 2222/2222/2222 2219/2219/2219 2223/2223/2223 2224/2224/2224 2225/2225/2225 2220/2220/2220 2226/2226/2226 2218/2218/2218
f 2308/2308/2308 2307/2307/2307 2306/2306/2306 2305/2305/2305 2304/2304/2304 2303/2303/2303 2302/2302/2302 2301/2301/2301 2300/2300/2300 2336/2336/2336 2335/2335/2335 2334/2334/2334 2333/2333/2333 2332/2332/2332 2331/2331/2331 2330/2330/2330 2329/2329/2329 2328/2328/2328 2298/2298/2298 2327/2327/2327 2299/2299/2299 2325/2325/2325 2324/2324/2324 2323/2323/2323 2310/2310/2310 2309/2309/2309
f 2347/2347/2347 2348/2348/2348 2349/2349/2349 2350/2350/2350 2363/2363/2363 2364/2364/2364 2365/2365/2365 2339/2339/2339 2367/2367/2367 2338/2338/2338 2368/2368/2368 2369/2369/2369 2370/2370/2370 2371/2371/2371 2372/2372/2372 2373/2373/2373 2374/2374/2374 2375/2375/2375 2376/2376/2376 2340/2340/2340 2341/2341/2341 2342/2342/2342 2343/2343/2343 2344/2344/2344 2345/2345/2345 2346/2346/2346
f 2108/2108/2108 2139/2139/2139 2104/2104/2104
f 2159/2159/2159 2139/2139/2139 2164/2164/2164
f 2108/2108/2108 2164/2164/2164 2139/2139/2139
f 2138/2138/2138 2139/2139/2139 2159/2159/2159
f 2137/2137/2137 2138/2138/2138 2159/2159/2159 2160/2160/2160
f 2137/2137/2137 2160/2160/2160 2161/2161/2161
f 2136/2136/2136 2137/2137/2137 2161/2161/2161
f 2165/2165/2165 2164/2164/2164 2109/2109/2109 2110/2110/2110
f 2165/2165/2165 2111/2111/2111 2112/2112/2112
f 2165/2165/2165 2110/2110/2110 2111/2111/2111
f 2159/2159/2159 2164/2164/2164 2158/2158/2158
f 2156/2156/2156 2157/2157/2157 2165/2165/2165
f 2164/2164/2164 2165/2165/2165 2157/2157/2157 2158/2158/2158
f 2155/2155/2155 2156/2156/2156 2165/2165/2165 2166/2166/2166
f 2108/2108/2108 2109/2109/2109 2164/2164/2164
f 2135/2135/2135 2136/2136/2136 2162/2162/2162 2163/2163/2163
f 2162/2162/2162 2136/2136/2136 2161/2161/2161
f 2134/2134/2134 2135/2135/2135 2163/2163/2163 2140/2140/2140
f 2140/2140/2140 2133/2133/2133 2134/2134/2134
f 2105/2105/2105 2133/2133/2133 2132/2132/2132
f 2133/2133/2133 2167/2167/2167 2132/2132/2132
f 2140/2140/2140 2167/2167/2167 2133/2133/2133
f 2141/2141/2141 2142/2142/2142 2168/2168/2168
f 2140/2140/2140 2141/2141/2141 2167/2167/2167
f 2141/2141/2141 2168/2168/2168 2167/2167/2167
f 2143/2143/2143 2168/2168/2168 2142/2142/2142
f 2131/2131/2131 2167/2167/2167 2130/2130/2130
f 2128/2128/2128 2129/2129/2129 2168/2168/2168
f 2130/2130/2130 2168/2168/2168 2129/2129/2129
f 2168/2168/2168 2169/2169/2169 2128/2128/2128
f 2167/2167/2167 2168/2168/2168 2130/2130/2130
f 2143/2143/2143 2144/2144/2144 2169/2169/2169 2168/2168/2168
f 2132/2132/2132 2167/2167/2167 2131/2131/2131
f 2166/2166/2166 2165/2165/2165 2112/2112/2112 2113/2113/2113
f 2170/2170/2170 2166/2166/2166 2113/2113/2113 2114/2114/2114
f 2115/2115/2115 2170/2170/2170 2114/2114/2114
f 2154/2154/2154 2155/2155/2155 2166/2166/2166
f 2154/2154/2154 2170/2170/2170 2153/2153/2153
f 2170/2170/2170 2171/2171/2171 2152/2152/2152 2153/2153/2153
f 2154/2154/2154 2166/2166/2166 2170/2170/2170
f 2171/2171/2171 2170/2170/2170 2115/2115/2115
f 2117/2117/2117 2171/2171/2171 2116/2116/2116
f 2115/2115/2115 2116/2116/2116 2171/2171/2171
f 2116/2116/2116 2106/2106/2106 2117/2117/2117
f 2152/2152/2152 2171/2171/2171 2117/2117/2117
f 2151/2151/2151 2152/2152/2152 2118/2118/2118 2119/2119/2119
f 2150/2150/2150 2151/2151/2151 2119/2119/2119
f 2120/2120/2120 2150/2150/2150 2119/2119/2119
f 2118/2118/2118 2152/2152/2152 2117/2117/2117
f 2128/2128/2128 2169/2169/2169 2127/2127/2127
f 2145/2145/2145 2169/2169/2169 2144/2144/2144
f 2172/2172/2172 2169/2169/2169 2145/2145/2145
f 2146/2146/2146 2172/2172/2172 2145/2145/2145
f 2126/2126/2126 2127/2127/2127 2169/2169/2169 2172/2172/2172
f 2172/2172/2172 2173/2173/2173 2125/2125/2125 2126/2126/2126
f 2173/2173/2173 2172/2172/2172 2146/2146/2146 2147/2147/2147
f 2124/2124/2124 2125/2125/2125 2173/2173/2173
f 2148/2148/2148 2149/2149/2149 2120/2120/2120 2121/2121/2121
f 2120/2120/2120 2149/2149/2149 2150/2150/2150
f 2121/2121/2121 2122/2122/2122 2147/2147/2147 2148/2148/2148
f 2147/2147/2147 2123/2123/2123 2173/2173/2173
f 2124/2124/2124 2173/2173/2173 2123/2123/2123
f 2147/2147/2147 2122/2122/2122 2123/2123/2123
f 2124/2124/2124 2123/2123/2123 2107/2107/2107
f 2232/2232/2232 2230/2230/2230 2229/2229/2229 2231/2231/2231
f 2234/2234/2234 2232/2232/2232 2231/2231/2231 2233/2233/2233
f 2236/2236/2236 2234/2234/2234 2233/2233/2233 2235/2235/2235
f 2238/2238/2238 2236/2236/2236 2235/2235/2235 2237/2237/2237
f 2240/2240/2240 2238/2238/2238 2237/2237/2237 2239/2239/2239
f 2229/2229/2229 2227/2227/2227 2253/2253/2253
f 2253/2253/2253 2254/2254/2254 2229/2229/2229
f 2252/2252/2252 2227/2227/2227 2229/2229/2229
f 2289/2289/2289 2230/2230/2230 2278/2278/2278 2279/2279/2279
f 2229/2229/2229 2230/2230/2230 2252/2252/2252
f 2277/2277/2277 2278/2278/2278 2230/2230/2230 2232/2232/2232
f 2251/2251/2251 2252/2252/2252 2230/2230/2230 2289/2289/2289
f 2231/2231/2231 2229/2229/2229 2254/2254/2254 2255/2255/2255
f 2255/2255/2255 2256/2256/2256 2233/2233/2233 2231/2231/2231
f 2257/2257/2257 2233/2233/2233 2256/2256/2256
f 2277/2277/2277 2232/2232/2232 2276/2276/2276
f 2234/2234/2234 2276/2276/2276 2232/2232/2232
f 2234/2234/2234 2236/2236/2236 2274/2274/2274 2275/2275/2275
f 2276/2276/2276 2234/2234/2234 2275/2275/2275
f 2250/2250/2250 2251/2251/2251 2289/2289/2289 2290/2290/2290
f 2279/2279/2279 2280/2280/2280 2290/2290/2290 2289/2289/2289
f 2291/2291/2291 2228/2228/2228 2250/2250/2250
f 2291/2291/2291 2269/2269/2269 2270/2270/2270
f 2228/2228/2228 2291/2291/2291 2270/2270/2270
f 2290/2290/2290 2291/2291/2291 2250/2250/2250
f 2280/2280/2280 2281/2281/2281 2291/2291/2291
f 2291/2291/2291 2290/2290/2290 2280/2280/2280
f 2292/2292/2292 2291/2291/2291 2281/2281/2281 2282/2282/2282
f 2293/2293/2293 2292/2292/2292 2283/2283/2283 2284/2284/2284
f 2292/2292/2292 2282/2282/2282 2283/2283/2283
f 2269/2269/2269 2291/2291/2291 2268/2268/2268
f 2266/2266/2266 2267/2267/2267 2292/2292/2292
f 2268/2268/2268 2292/2292/2292 2267/2267/2267
f 2292/2292/2292 2293/2293/2293 2265/2265/2265 2266/2266/2266
f 2291/2291/2291 2292/2292/2292 2268/2268/2268
f 2235/2235/2235 2233/2233/2233 2257/2257/2257 2258/2258/2258
f 2237/2237/2237 2235/2235/2235 2258/2258/2258 2259/2259/2259
f 2260/2260/2260 2237/2237/2237 2259/2259/2259
f 2238/2238/2238 2273/2273/2273 2236/2236/2236
f 2238/2238/2238 2240/2240/2240 2271/2271/2271 2272/2272/2272
f 2273/2273/2273 2238/2238/2238 2272/2272/2272
f 2260/2260/2260 2239/2239/2239 2237/2237/2237
f 2236/2236/2236 2273/2273/2273 2274/2274/2274
f 2243/2243/2243 2239/2239/2239 2261/2261/2261
f 2260/2260/2260 2261/2261/2261 2239/2239/2239
f 2261/2261/2261 2241/2241/2241 2243/2243/2243
f 2243/2243/2243 2244/2244/2244 2240/2240/2240 2239/2239/2239
f 2294/2294/2294 2245/2245/2245 2246/2246/2246
f 2240/2240/2240 2244/2244/2244 2245/2245/2245
f 2294/2294/2294 2240/2240/2240 2245/2245/2245
f 2288/2288/2288 2271/2271/2271 2294/2294/2294
f 2240/2240/2240 2294/2294/2294 2271/2271/2271
f 2293/2293/2293 2284/2284/2284 2285/2285/2285
f 2295/2295/2295 2296/2296/2296 2286/2286/2286 2287/2287/2287
f 2296/2296/2296 2285/2285/2285 2286/2286/2286
f 2293/2293/2293 2296/2296/2296 2264/2264/2264 2265/2265/2265
f 2263/2263/2263 2264/2264/2264 2296/2296/2296
f 2296/2296/2296 2295/2295/2295 2263/2263/2263
f 2296/2296/2296 2293/2293/2293 2285/2285/2285
f 2287/2287/2287 2288/2288/2288 2294/2294/2294 2297/2297/2297
f 2247/2247/2247 2248/2248/2248 2297/2297/2297 2294/2294/2294
f 2247/2247/2247 2294/2294/2294 2246/2246/2246
f 2295/2295/2295 2297/2297/2297 2248/2248/2248 2249/2249/2249
f 2263/2263/2263 2295/2295/2295 2262/2262/2262
f 2287/2287/2287 2297/2297/2297 2295/2295/2295
f 2242/2242/2242 2262/2262/2262 2249/2249/2249
f 2295/2295/2295 2249/2249/2249 2262/2262/2262
o object_10
usemtl diffuse_Black
v 6.3509879112243652 27.480209350585938 10
v 6.3509879112243652 27.480209350585938 8.5714282989501953
v 6.3509879112243652 27.480209350585938 7.8571429252624512
v 6.3509879112243652 27.480209350585938 6.4285712242126465
v 6.3509879112243652 27.480209350585938 5.7142858505249023
v 6.3509879112243652 27.480209350585938 5
v 13.350987434387207 27.470321655273438 10
v 13.350987434387207 27.470321655273438 8.5714282989501953
v 13.350987434387207 27.470321655273438 7.8571429252624512
v 13.350987434387207 27.470321655273438 7.1428570747375488
v 13.350987434387207 27.470321655273438 6.4285712242126465
v 13.350987434387207 27.470321655273438 5.7142858505249023
v 13.350987434387207 27.470321655273438 5
v 7.0509696006774902 27.479221343994141 10
v 7.7509818077087402 27.478233337402344 10
v 8.450993537902832 27.477241516113281 10
v 9.150975227355957 27.476253509521484 10
v 9.850987434387207 27.475265502929688 10
v 10.550969123840332 27.474277496337891 10
v 11.250981330871582 27.473285675048828 10
v 11.950963020324707 27.472297668457031 10
v 12.650975227355957 27.471309661865234 10
v 13.350987434387207 27.470321655273438 9.2857141494750977
v 12.650975227355957 27.471309661865234 5
v 11.950963020324707 27.472297668457031 5
v 11.250981330871582 27.473285675048828 5
v 10.550969123840332 27.474277496337891 5
v 9.850987434387207 27.475265502929688 5
v 9.150975227355957 27.476253509521484 5
v 8.450993537902832 27.477241516113281 5
v 7.7509818077087402 27.478233337402344 5
v 7.0509696006774902 27.479221343994141 5
v 6.3509879112243652 27.480209350585938 7.1428570747375488
v 6.3509879112243652 27.480209350585938 9.2857141494750977
v 7.6030325889587402 27.478439331054688 6
v 8.352330207824707 27.477382659912109 6
v 9.101658821105957 27.476322174072266 6
v 9.850987434387207 27.475265502929688 6
v 10.600285530090332 27.474205017089844 6
v 11.349614143371582 27.473148345947266 6
v 12.098942756652832 27.472087860107422 6
v 12.098942756652832 27.472087860107422 6.75
v 12.098942756652832 27.472087860107422 7.5
v 12.098942756652832 27.472087860107422 8.25
v 12.098942756652832 27.472087860107422 9
v 11.349614143371582 27.473148345947266 9
v 10.600285530090332 27.474205017089844 9
v 9.850987434387207 27.475265502929688 9
v 9.101658821105957 27.476322174072266 9
v 8.352330207824707 27.477382659912109 9
v 7.6030325889587402 27.478439331054688 9
v 7.6030325889587402 27.478439331054688 8.25
v 7.6030325889587402 27.478439331054688 7.5
v 7.6030325889587402 27.478439331054688 6.75
v 7.3509879112243652 27.478797912597656 9.2857141494750977
v 8.350987434387207 27.477382659912109 9.2857141494750977
v 7.3509879112243652 27.478797912597656 7.8571429252624512
v 7.3509879112243652 27.478797912597656 7.1428570747375488
v 9.350987434387207 27.475971221923828 9.2857141494750977
v 10.350987434387207 27.474559783935547 9.2857141494750977
v 7.3509879112243652 27.478797912597656 6.4285712242126465
v 7.3509879112243652 27.478797912597656 5.7142858505249023
v 8.350987434387207 27.477382659912109 5.7142858505249023
v 9.350987434387207 27.475971221923828 5.7142858505249023
v 10.350987434387207 27.474559783935547 5.7142858505249023
v 11.350987434387207 27.47314453125 9.2857141494750977
v 12.350987434387207 27.471733093261719 9.2857141494750977
v 12.350987434387207 27.471733093261719 7.8571429252624512
v 12.350987434387207 27.471733093261719 7.1428570747375488
v 11.350987434387207 27.47314453125 5.7142858505249023
v 12.350987434387207 27.471733093261719 5.7142858505249023
v 12.350987434387207 27.471733093261719 6.4285712242126465
v 13.350987434387207 27.470321655273438 10
v 13.350987434387207 27.470321655273438 5
v 13.339665412902832 19.466625213623047 10
v 13.339665412902832 19.466625213623047 5
v 13.350987434387207 27.470321655273438 5.7142858505249023
v 13.350987434387207 27.470321655273438 6.4285712242126465
v 13.350987434387207 27.470321655273438 7.1428570747375488
v 13.350987434387207 27.470321655273438 7.8571429252624512
v 13.350987434387207 27.470321655273438 8.5714282989501953
v 13.350987434387207 27.470321655273438 9.2857141494750977
v 13.345311164855957 23.468475341796875 7.5
v 13.345311164855957 23.468475341796875 6.25
v 13.348149299621582 25.469398498535156 7.5
v 13.348149299621582 25.469398498535156 6.25
v 13.345311164855957 23.468475341796875 8.75
v 13.348149299621582 25.469398498535156 8.75
v 13.345311164855957 23.468475341796875 10
v 13.345311164855957 23.468475341796875 5
v 13.339665412902832 19.466625213623047 10
v 13.339665412902832 19.466625213623047 5
v 6.3396658897399902 19.476516723632813 10
v 6.3396658897399902 19.476516723632813 5
v 9.839665412902832 19.471572875976563 10
v 9.839665412902832 19.471572875976563 5
v 6.3396658897399902 19.476516723632813 10
v 6.3396658897399902 19.476516723632813 5
v 6.3509879112243652 27.480209350585938 10
v 6.3509879112243652 27.480209350585938 5
v 6.3509879112243652 27.480209350585938 9.2857141494750977
v 6.3509879112243652 27.480209350585938 8.5714282989501953
v 6.3509879112243652 27.480209350585938 7.8571429252624512
v 6.3509879112243652 27.480209350585938 7.1428570747375488
v 6.3509879112243652 27.480209350585938 6.4285712242126465
v 6.3509879112243652 27.480209350585938 5.7142858505249023
v 6.3453421592712402 23.478363037109375 7.5
v 6.3481497764587402 25.479286193847656 7.5
v 6.3453421592712402 23.478363037109375 8.75
v 6.3481497764587402 25.479286193847656 8.75
v 6.3453421592712402 23.478363037109375 6.25
v 6.3481497764587402 25.479286193847656 6.25
v 6.3453421592712402 23.478363037109375 10
v 6.3453421592712402 23.478363037109375 5
v 6.3396658897399902 19.476516723632813 10
v 13.339665412902832 19.466625213623047 10
v 6.3509879112243652 27.480209350585938 10
v 13.350987434387207 27.470321655273438 10
v 7.0509696006774902 27.479221343994141 10
v 7.7509818077087402 27.478233337402344 10
v 8.450993537902832 27.477241516113281 10
v 9.150975227355957 27.476253509521484 10
v 9.850987434387207 27.475265502929688 10
v 10.550969123840332 27.474277496337891 10
v 11.250981330871582 27.473285675048828 10
v 11.950963020324707 27.472297668457031 10
v 12.650975227355957 27.471309661865234 10
v 9.845311164855957 23.473419189453125 10
v 9.848149299621582 25.474342346191406 10
v 8.095341682434082 23.47589111328125 10
v 8.098149299621582 25.476814270019531 10
v 11.595311164855957 23.470947265625 10
v 11.598149299621582 25.471870422363281 10
v 13.345311164855957 23.468475341796875 10
v 9.839665412902832 19.471572875976563 10
v 6.3453421592712402 23.478363037109375 10
v 6.3396658897399902 19.476516723632813 5
v 13.339665412902832 19.466625213623047 5
v 6.3509879112243652 27.480209350585938 5
v 13.350987434387207 27.470321655273438 5
v 7.0509696006774902 27.479221343994141 5
v 7.7509818077087402 27.478233337402344 5
v 8.450993537902832 27.477241516113281 5
v 9.150975227355957 27.476253509521484 5
v 9.850987434387207 27.475265502929688 5
v 10.550969123840332 27.474277496337891 5
v 11.250981330871582 27.473285675048828 5
v 11.950963020324707 27.472297668457031 5
v 12.650975227355957 27.471309661865234 5
v 9.845311164855957 23.473419189453125 5
v 9.848149299621582 25.474342346191406 5
v 8.095341682434082 23.47589111328125 5
v 8.098149299621582 25.476814270019531 5
v 11.595311164855957 23.470947265625 5
v 11.598149299621582 25.471870422363281 5
v 13.345311164855957 23.468475341796875 5
v 9.839665412902832 19.471572875976563 5
v 6.3453421592712402 23.478363037109375 5
vt 0.99853515625 0
vt 0.91960489749908447 0
vt 0.88013982772827148 0
vt 0.80120956897735596 0
vt 0.76174443960189819 0
vt 0.72227931022644043 0
vt 0.99853515625 0.38734409213066101
vt 0.91960489749908447 0.38734409213066101
vt 0.88013982772827148 0.38734409213066101
vt 0.84067469835281372 0.38734409213066101
vt 0.80120956897735596 0.38734409213066101
vt 0.76174443960189819 0.38734409213066101
vt 0.72227931022644043 0.38734409213066101
vt 0.99853515625 0.038734409958124161
vt 0.99853515625 0.077468819916248322
vt 0.99853515625 0.11620323359966278
vt 0.99853515625 0.15493763983249664
vt 0.99853515625 0.19367204606533051
vt 0.99853515625 0.23240646719932556
vt 0.99853515625 0.27114087343215942
vt 0.99853515625 0.30987527966499329
vt 0.99853515625 0.34860968589782715
vt 0.95907002687454224 0.38734409213066101
vt 0.72227931022644043 0.34860968589782715
vt 0.72227931022644043 0.30987527966499329
vt 0.72227931022644043 0.27114087343215942
vt 0.72227931022644043 0.23240646719932556
vt 0.72227931022644043 0.19367204606533051
vt 0.72227931022644043 0.15493763983249664
vt 0.72227931022644043 0.11620323359966278
vt 0.72227931022644043 0.077468819916248322
vt 0.72227931022644043 0.038734409958124161
vt 0.84067469835281372 0
vt 0.95907002687454224 0
vt 0.7775304913520813 0.06928156316280365
vt 0.7775304913520813 0.11074505746364594
vt 0.7775304913520813 0.15220855176448822
vt 0.7775304913520813 0.19367204606533051
vt 0.7775304913520813 0.23513555526733398
vt 0.7775304913520813 0.27659904956817627
vt 0.7775304913520813 0.31806251406669617
vt 0.81896889209747314 0.31806251406669617
vt 0.86040723323822021 0.31806251406669617
vt 0.90184563398361206 0.31806251406669617
vt 0.94328397512435913 0.31806251406669617
vt 0.94328397512435913 0.27659904956817627
vt 0.94328397512435913 0.23513555526733398
vt 0.94328397512435913 0.19367204606533051
vt 0.94328397512435913 0.15220855176448822
vt 0.94328397512435913 0.11074505746364594
vt 0.94328397512435913 0.06928156316280365
vt 0.90184563398361206 0.06928156316280365
vt 0.86040723323822021 0.06928156316280365
vt 0.81896889209747314 0.06928156316280365
vt 0.95907002687454224 0.055334873497486115
vt 0.95907002687454224 0.11066974699497223
vt 0.88013982772827148 0.055334873497486115
vt 0.84067469835281372 0.055334873497486115
vt 0.95907002687454224 0.16600461304187775
vt 0.95907002687454224 0.22133949398994446
vt 0.80120956897735596 0.055334873497486115
vt 0.76174443960189819 0.055334873497486115
vt 0.76174443960189819 0.11066974699497223
vt 0.76174443960189819 0.16600461304187775
vt 0.76174443960189819 0.22133949398994446
vt 0.95907002687454224 0.27667436003684998
vt 0.95907002687454224 0.33200922608375549
vt 0.88013982772827148 0.33200922608375549
vt 0.84067469835281372 0.33200922608375549
vt 0.76174443960189819 0.27667436003684998
vt 0.76174443960189819 0.33200922608375549
vt 0.80120956897735596 0.33200922608375549
vt 0.99853515625 0.38880893588066101
vt 0.72227931022644043 0.38880893588066101
vt 0.99853515625 0.83190274238586426
vt 0.72227931022644043 0.83190274238586426
vt 0.76174443960189819 0.38880893588066101
vt 0.80120956897735596 0.38880893588066101
vt 0.84067469835281372 0.38880893588066101
vt 0.88013982772827148 0.38880893588066101
vt 0.91960489749908447 0.38880893588066101
vt 0.95907002687454224 0.38880893588066101
vt 0.86040723323822021 0.61035585403442383
vt 0.79134327173233032 0.61035585403442383
vt 0.86040723323822021 0.49958238005638123
vt 0.79134327173233032 0.49958238005638123
vt 0.92947119474411011 0.61035585403442383
vt 0.92947119474411011 0.49958238005638123
vt 0.99853515625 0.61035585403442383
vt 0.72227931022644043 0.61035585403442383
vt 0.72081446647644043 0
vt 0.44455865025520325 0
vt 0.72081446647644043 0.38734409213066101
vt 0.44455865025520325 0.38734409213066101
vt 0.72081446647644043 0.19367204606533051
vt 0.44455865025520325 0.19367204606533051
vt 0.72081446647644043 0.38880893588066101
vt 0.44455865025520325 0.38880893588066101
vt 0.72081446647644043 0.83190274238586426
vt 0.44455865025520325 0.83190274238586426
vt 0.68134933710098267 0.83190274238586426
vt 0.64188426733016968 0.83190274238586426
vt 0.60241913795471191 0.83190274238586426
vt 0.56295400857925415 0.83190274238586426
vt 0.52348887920379639 0.83190274238586426
vt 0.48402377963066101 0.83190274238586426
vt 0.58268654346466064 0.61035585403442383
vt 0.58268654346466064 0.72112929821014404
vt 0.65175050497055054 0.61035585403442383
vt 0.65175050497055054 0.72112929821014404
vt 0.51362264156341553 0.61035585403442383
vt 0.51362264156341553 0.72112929821014404
vt 0.72081446647644043 0.61035585403442383
vt 0.44455865025520325 0.61035585403442383
vt 0 0.41668379306793213
vt 0 0.80549275875091553
vt 0.44309380650520325 0.41668379306793213
vt 0.44309380650520325 0.80549275875091553
vt 0.44309380650520325 0.4555647075176239
vt 0.44309380650520325 0.49444559216499329
vt 0.44309380650520325 0.53332650661468506
vt 0.44309380650520325 0.57220739126205444
vt 0.44309380650520325 0.61108827590942383
vt 0.44309380650520325 0.64996916055679321
vt 0.44309380650520325 0.6888500452041626
vt 0.44309380650520325 0.72773092985153198
vt 0.44309380650520325 0.76661181449890137
vt 0.22154690325260162 0.61108827590942383
vt 0.33232036232948303 0.61108827590942383
vt 0.22154690325260162 0.51388603448867798
vt 0.33232036232948303 0.51388603448867798
vt 0.22154690325260162 0.70829051733016968
vt 0.33232036232948303 0.70829051733016968
vt 0.22154690325260162 0.80549275875091553
vt 0 0.61108827590942383
vt 0.22154690325260162 0.41668379306793213
vt 0 0
vt 0 0.38880893588066101
vt 0.44309380650520325 0
vt 0.44309380650520325 0.38880893588066101
vt 0.44309380650520325 0.03888089582324028
vt 0.44309380650520325 0.07776179164648056
vt 0.44309380650520325 0.11664268374443054
vt 0.44309380650520325 0.15552358329296112
vt 0.44309380650520325 0.19440446794033051
vt 0.44309380650520325 0.23328536748886108
vt 0.44309380650520325 0.27216625213623047
vt 0.44309380650520325 0.31104716658592224
vt 0.44309380650520325 0.34992802143096924
vt 0.22154690325260162 0.19440446794033051
vt 0.33232036232948303 0.19440446794033051
vt 0.22154690325260162 0.097202233970165253
vt 0.33232036232948303 0.097202233970165253
vt 0.22154690325260162 0.29160669445991516
vt 0.33232036232948303 0.29160669445991516
vt 0.22154690325260162 0.38880893588066101
vt 0 0.19440446794033051
vt 0.22154690325260162 0
vn 0.0014127603499218822 0.99999898672103882 0
vn 0.0014127603499218822 0.99999898672103882 0
vn 0.0014127603499218822 0.99999898672103882 0
vn 0.0014127603499218822 0.99999898672103882 0
vn 0.0014127603499218822 0.99999898672103882 0
vn 0.0014127603499218822 0.99999898672103882 0
vn 0.0014127603499218822 0.99999898672103882 0
vn 0.0014127603499218822 0.99999898672103882 0
vn 0.0014127603499218822 0.99999898672103882 0
vn 0.0014127603499218822 0.99999898672103882 0
vn 0.0014127603499218822 0.99999898672103882 0
vn 0.0014127603499218822 0.99999898672103882 0
vn 0.0014127603499218822 0.99999898672103882 0
vn 0.0014127603499218822 0.99999898672103882 0
vn 0.0014127603499218822 0.99999898672103882 0
vn 0.0014127603499218822 0.99999898672103882 0
vn 0.0014127603499218822 0.99999898672103882 0
vn 0.0014127603499218822 0.99999898672103882 0
vn 0.0014127603499218822 0.99999898672103882 0
vn 0.0014127603499218822 0.99999898672103882 0
vn 0.0014127603499218822 0.99999898672103882 0
vn 0.0014127603499218822 0.99999898672103882 0
vn 0.0014127603499218822 0.99999898672103882 0
vn 0.0014127603499218822 0.99999898672103882 0
vn 0.0014127603499218822 0.99999898672103882 0
vn 0.0014127603499218822 0.99999898672103882 0
vn 0.0014127603499218822 0.99999898672103882 0
vn 0.0014127603499218822 0.99999898672103882 0
vn 0.0014127603499218822 0.99999898672103882 0
vn 0.0014127603499218822 0.99999898672103882 0
vn 0.0014127603499218822 0.99999898672103882 0
vn 0.0014127603499218822 0.99999898672103882 0
vn 0.0014127603499218822 0.99999898672103882 0
vn 0.0014127603499218822 0.99999898672103882 0
vn 0.0014127603499218822 0.99999898672103882 0
vn 0.0014127603499218822 0.99999898672103882 0
vn 0.0014127603499218822 0.99999898672103882 0
vn 0.0014127603499218822 0.99999898672103882 0
vn 0.0014127603499218822 0.99999898672103882 0
vn 0.0014127603499218822 0.99999898672103882 0
vn 0.0014127603499218822 0.99999898672103882 0
vn 0.0014127603499218822 0.99999898672103882 0
vn 0.0014127603499218822 0.99999898672103882 0
vn 0.0014127603499218822 0.99999898672103882 0
vn 0.0014127603499218822 0.99999898672103882 0
vn 0.0014127603499218822 0.99999898672103882 0
vn 0.0014127603499218822 0.99999898672103882 0
vn 0.0014127603499218822 0.99999898672103882 0
vn 0.0014127603499218822 0.99999898672103882 0
vn 0.0014127603499218822 0.99999898672103882 0
vn 0.0014127603499218822 0.99999898672103882 0
vn 0.0014127603499218822 0.99999898672103882 0
vn 0.0014127603499218822 0.99999898672103882 0
vn 0.0014127603499218822 0.99999898672103882 0
vn 0.0014127603499218822 0.99999898672103882 0
vn 0.0014127603499218822 0.99999898672103882 0
vn 0.0014127603499218822 0.99999898672103882 0
vn 0.0014127603499218822 0.99999898672103882 0
vn 0.0014127603499218822 0.99999898672103882 0
vn 0.0014127603499218822 0.99999898672103882 0
vn 0.0014127603499218822 0.99999898672103882 0
vn 0.0014127603499218822 0.99999898672103882 0
vn 0.0014127603499218822 0.99999898672103882 0
vn 0.0014127603499218822 0.99999898672103882 0
vn 0.0014127603499218822 0.99999898672103882 0
vn 0.0014127603499218822 0.99999898672103882 0
vn 0.0014127603499218822 0.99999898672103882 0
vn 0.0014127603499218822 0.99999898672103882 0
vn 0.0014127603499218822 0.99999898672103882 0
vn 0.0014127603499218822 0.99999898672103882 0
vn 0.0014127603499218822 0.99999898672103882 0
vn 0.0014127603499218822 0.99999898672103882 0
vn 0.99999898672103882 -0.0014127603499218822 0
vn 0.99999898672103882 -0.0014127603499218822 0
vn 0.99999898672103882 -0.0014127603499218822 0
vn 0.99999898672103882 -0.0014127603499218822 0
vn 0.99999898672103882 -0.0014127603499218822 0
vn 0.99999898672103882 -0.0014127603499218822 0
vn 0.99999898672103882 -0.0014127603499218822 0
vn 0.99999898672103882 -0.0014127603499218822 0
vn 0.99999898672103882 -0.0014127603499218822 0
vn 0.99999898672103882 -0.0014127603499218822 0
vn 0.99999898672103882 -0.0014127603499218822 0
vn 0.99999898672103882 -0.0014127603499218822 0
vn 0.99999898672103882 -0.0014127603499218822 0
vn 0.99999898672103882 -0.0014127603499218822 0
vn 0.99999898672103882 -0.0014127603499218822 0
vn 0.99999898672103882 -0.0014127603499218822 0
vn 0.99999898672103882 -0.0014127603499218822 0
vn 0.99999898672103882 -0.0014127603499218822 0
vn -0.0014127603499218822 -0.99999898672103882 0
vn -0.0014127603499218822 -0.99999898672103882 0
vn -0.0014127603499218822 -0.99999898672103882 0
vn -0.0014127603499218822 -0.99999898672103882 0
vn -0.0014127603499218822 -0.99999898672103882 0
vn -0.0014127603499218822 -0.99999898672103882 0
vn -0.99999898672103882 0.0014127603499218822 0
vn -0.99999898672103882 0.0014127603499218822 0
vn -0.99999898672103882 0.0014127603499218822 0
vn -0.99999898672103882 0.0014127603499218822 0
vn -0.99999898672103882 0.0014127603499218822 0
vn -0.99999898672103882 0.0014127603499218822 0
vn -0.99999898672103882 0.0014127603499218822 0
vn -0.99999898672103882 0.0014127603499218822 0
vn -0.99999898672103882 0.0014127603499218822 0
vn -0.99999898672103882 0.0014127603499218822 0
vn -0.99999898672103882 0.0014127603499218822 0
vn -0.99999898672103882 0.0014127603499218822 0
vn -0.99999898672103882 0.0014127603499218822 0
vn -0.99999898672103882 0.0014127603499218822 0
vn -0.99999898672103882 0.0014127603499218822 0
vn -0.99999898672103882 0.0014127603499218822 0
vn -0.99999898672103882 0.0014127603499218822 0
vn -0.99999898672103882 0.0014127603499218822 0
vn 0 0 1
vn 0 0 1
vn 0 0 1
vn 0 0 1
vn 0 0 1
vn 0 0 1
vn 0 0 1
vn 0 0 1
vn 0 0 1
vn 0 0 1
vn 0 0 1
vn 0 0 1
vn 0 0 1
vn 0 0 1
vn 0 0 1
vn 0 0 1
vn 0 0 1
vn 0 0 1
vn 0 0 1
vn 0 0 1
vn 0 0 1
vn 0 0 1
vn 0 0 -1
vn 0 0 -1
vn 0 0 -1
vn 0 0 -1
vn 0 0 -1
vn 0 0 -1
vn 0 0 -1
vn 0 0 -1
vn 0 0 -1
vn 0 0 -1
vn 0 0 -1
vn 0 0 -1
vn 0 0 -1
vn 0 0 -1
vn 0 0 -1
vn 0 0 -1
vn 0 0 -1
vn 0 0 -1
vn 0 0 -1
vn 0 0 -1
vn 0 0 -1
vn 0 0 -1
f 2455/2455/2455 2456/2456/2456 2457/2457/2457 2458/2458/2458 2459/2459/2459 2450/2450/2450 2466/2466/2466 2452/2452/2452 2453/2453/2453 2467/2467/2467 2451/2451/2451 2454/2454/2454
f 2469/2469/2469 2468/2468/2468 2472/2472/2472 2470/2470/2470 2471/2471/2471 2473/2473/2473
f 2481/2481/2481 2482/2482/2482 2483/2483/2483 2477/2477/2477 2491/2491/2491 2475/2475/2475 2474/2474/2474 2490/2490/2490 2476/2476/2476 2478/2478/2478 2479/2479/2479 2480/2480/2480
f 2502/2502/2502 2501/2501/2501 2500/2500/2500 2499/2499/2499 2498/2498/2498 2497/2497/2497 2496/2496/2496 2494/2494/2494 2513/2513/2513 2492/2492/2492 2512/2512/2512 2493/2493/2493 2511/2511/2511 2495/2495/2495 2504/2504/2504 2503/2503/2503
f 2515/2515/2515 2534/2534/2534 2514/2514/2514 2535/2535/2535 2516/2516/2516 2518/2518/2518 2519/2519/2519 2520/2520/2520 2521/2521/2521 2522/2522/2522 2523/2523/2523 2524/2524/2524 2525/2525/2525 2526/2526/2526 2517/2517/2517 2533/2533/2533
f 2378/2378/2378 2391/2391/2391 2432/2432/2432 2411/2411/2411
f 2432/2432/2432 2433/2433/2433 2427/2427/2427 2428/2428/2428
f 2379/2379/2379 2411/2411/2411 2432/2432/2432
f 2434/2434/2434 2380/2380/2380 2379/2379/2379
f 2379/2379/2379 2432/2432/2432 2434/2434/2434
f 2434/2434/2434 2432/2432/2432 2428/2428/2428 2429/2429/2429
f 2430/2430/2430 2434/2434/2434 2429/2429/2429
f 2434/2434/2434 2435/2435/2435 2410/2410/2410 2380/2380/2380
f 2392/2392/2392 2432/2432/2432 2391/2391/2391
f 2393/2393/2393 2433/2433/2433 2392/2392/2392
f 2393/2393/2393 2394/2394/2394 2436/2436/2436 2433/2433/2433
f 2425/2425/2425 2426/2426/2426 2436/2436/2436
f 2426/2426/2426 2427/2427/2427 2433/2433/2433 2436/2436/2436
f 2436/2436/2436 2437/2437/2437 2424/2424/2424 2425/2425/2425
f 2395/2395/2395 2436/2436/2436 2394/2394/2394
f 2433/2433/2433 2432/2432/2432 2392/2392/2392
f 2430/2430/2430 2435/2435/2435 2434/2434/2434
f 2381/2381/2381 2410/2410/2410 2435/2435/2435 2438/2438/2438
f 2430/2430/2430 2431/2431/2431 2438/2438/2438 2435/2435/2435
f 2409/2409/2409 2383/2383/2383 2382/2382/2382 2439/2439/2439
f 2438/2438/2438 2439/2439/2439 2382/2382/2382 2381/2381/2381
f 2439/2439/2439 2438/2438/2438 2431/2431/2431 2412/2412/2412
f 2408/2408/2408 2409/2409/2409 2439/2439/2439
f 2412/2412/2412 2413/2413/2413 2440/2440/2440 2439/2439/2439
f 2441/2441/2441 2414/2414/2414 2415/2415/2415
f 2413/2413/2413 2414/2414/2414 2441/2441/2441 2440/2440/2440
f 2407/2407/2407 2408/2408/2408 2440/2440/2440
f 2440/2440/2440 2408/2408/2408 2439/2439/2439
f 2406/2406/2406 2407/2407/2407 2440/2440/2440 2441/2441/2441
f 2441/2441/2441 2405/2405/2405 2406/2406/2406
f 2442/2442/2442 2441/2441/2441 2415/2415/2415 2416/2416/2416
f 2437/2437/2437 2395/2395/2395 2396/2396/2396
f 2443/2443/2443 2397/2397/2397 2398/2398/2398
f 2396/2396/2396 2397/2397/2397 2443/2443/2443 2437/2437/2437
f 2437/2437/2437 2443/2443/2443 2423/2423/2423 2424/2424/2424
f 2422/2422/2422 2423/2423/2423 2443/2443/2443 2444/2444/2444
f 2444/2444/2444 2443/2443/2443 2398/2398/2398
f 2400/2400/2400 2444/2444/2444 2399/2399/2399
f 2398/2398/2398 2399/2399/2399 2444/2444/2444
f 2399/2399/2399 2384/2384/2384 2400/2400/2400
f 2385/2385/2385 2444/2444/2444 2400/2400/2400
f 2445/2445/2445 2420/2420/2420 2421/2421/2421
f 2386/2386/2386 2445/2445/2445 2385/2385/2385
f 2444/2444/2444 2445/2445/2445 2421/2421/2421 2422/2422/2422
f 2446/2446/2446 2420/2420/2420 2445/2445/2445
f 2386/2386/2386 2387/2387/2387 2446/2446/2446 2445/2445/2445
f 2445/2445/2445 2444/2444/2444 2385/2385/2385
f 2447/2447/2447 2442/2442/2442 2416/2416/2416 2417/2417/2417
f 2417/2417/2417 2418/2418/2418 2448/2448/2448 2447/2447/2447
f 2404/2404/2404 2405/2405/2405 2442/2442/2442
f 2402/2402/2402 2403/2403/2403 2447/2447/2447
f 2403/2403/2403 2404/2404/2404 2442/2442/2442 2447/2447/2447
f 2447/2447/2447 2448/2448/2448 2402/2402/2402
f 2418/2418/2418 2419/2419/2419 2449/2449/2449 2448/2448/2448
f 2442/2442/2442 2405/2405/2405 2441/2441/2441
f 2449/2449/2449 2446/2446/2446 2387/2387/2387 2388/2388/2388
f 2388/2388/2388 2389/2389/2389 2448/2448/2448 2449/2449/2449
f 2402/2402/2402 2448/2448/2448 2401/2401/2401
f 2390/2390/2390 2401/2401/2401 2448/2448/2448 2389/2389/2389
f 2446/2446/2446 2449/2449/2449 2419/2419/2419
f 2419/2419/2419 2420/2420/2420 2446/2446/2446
f 2437/2437/2437 2436/2436/2436 2395/2395/2395
o object_11
usemtl diffuse_Black
v 0.23581446707248688 27.488849639892578 10
v 0.23581446707248688 27.488849639892578 5
v 6.3509879112243652 27.480209350585938 10
v 6.3509879112243652 27.480209350585938 5
v 0.84732568264007568 27.487983703613281 10
v 1.4588369131088257 27.48712158203125 10
v 2.0704092979431152 27.486255645751953 10
v 2.6819205284118652 27.485393524169922 10
v 3.2934012413024902 27.484527587890625 10
v 3.9049124717712402 27.483665466308594 10
v 4.5164542198181152 27.482803344726563 10
v 5.1279654502868652 27.481937408447266 10
v 5.7394766807556152 27.481075286865234 10
v 6.3509879112243652 27.480209350585938 9.375
v 6.3509879112243652 27.480209350585938 8.75
v 6.3509879112243652 27.480209350585938 8.125
v 6.3509879112243652 27.480209350585938 7.5
v 6.3509879112243652 27.480209350585938 6.875
v 6.3509879112243652 27.480209350585938 6.25
v 6.3509879112243652 27.480209350585938 5.625
v 5.7394766807556152 27.481075286865234 5
v 5.1279654502868652 27.481937408447266 5
v 4.5164542198181152 27.482803344726563 5
v 3.9049124717712402 27.483665466308594 5
v 3.2934012413024902 27.484527587890625 5
v 2.6819205284118652 27.485393524169922 5
v 2.0704092979431152 27.486255645751953 5
v 1.4588369131088257 27.48712158203125 5
v 0.84732568264007568 27.487983703613281 5
v 0.23581446707248688 27.488849639892578 5.625
v 0.23581446707248688 27.488849639892578 6.25
v 0.23581446707248688 27.488849639892578 6.875
v 0.23581446707248688 27.488849639892578 7.5
v 0.23581446707248688 27.488849639892578 8.125
v 0.23581446707248688 27.488849639892578 8.75
v 0.23581446707248688 27.488849639892578 9.375
v 1.0454457998275757 27.487705230712891 6
v 1.6877187490463257 27.486797332763672 6
v 2.3299918174743652 27.485889434814453 6
v 2.9722647666931152 27.484981536865234 6
v 3.6145377159118652 27.484077453613281 6
v 4.2568106651306152 27.483169555664063 6
v 4.8990836143493652 27.482261657714844 6
v 5.5413565635681152 27.481353759765625 6
v 5.5413565635681152 27.481353759765625 6.5999999046325684
v 5.5413565635681152 27.481353759765625 7.1999998092651367
v 5.5413565635681152 27.481353759765625 7.8000001907348633
v 5.5413565635681152 27.481353759765625 8.3999996185302734
v 5.5413565635681152 27.481353759765625 9
v 4.8990836143493652 27.482261657714844 9
v 4.2568106651306152 27.483169555664063 9
v 3.6145377159118652 27.484077453613281 9
v 2.9722647666931152 27.484981536865234 9
v 2.3299918174743652 27.485889434814453 9
v 1.6877187490463257 27.486797332763672 9
v 1.0454457998275757 27.487705230712891 9
v 1.0454457998275757 27.487705230712891 8.3999996185302734
v 1.0454457998275757 27.487705230712891 7.8000001907348633
v 1.0454457998275757 27.487705230712891 7.1999998092651367
v 1.0454457998275757 27.487705230712891 6.5999999046325684
v 1.1094106435775757 27.487613677978516 9.2857141494750977
v 2.8566031455993652 27.485145568847656 9.2857141494750977
v 3.7301993370056152 27.483913421630859 9.2857141494750977
v 1.1094106435775757 27.487613677978516 5.7142858505249023
v 2.8566031455993652 27.485145568847656 5.7142858505249023
v 3.7301993370056152 27.483913421630859 5.7142858505249023
v 4.6037955284118652 27.482677459716797 9.2857141494750977
v 5.4773917198181152 27.4814453125 9.2857141494750977
v 4.6037955284118652 27.482677459716797 5.7142858505249023
v 5.4773917198181152 27.4814453125 5.7142858505249023
v 6.3509879112243652 27.480209350585938 10
v 6.3509879112243652 27.480209350585938 5
v 6.3227286338806152 7.4802284240722656 10
v 6.3227286338806152 7.4802284240722656 5
v 6.3509879112243652 27.480209350585938 5.625
v 6.3509879112243652 27.480209350585938 6.25
v 6.3509879112243652 27.480209350585938 6.875
v 6.3509879112243652 27.480209350585938 7.5
v 6.3509879112243652 27.480209350585938 8.125
v 6.3509879112243652 27.480209350585938 8.75
v 6.3509879112243652 27.480209350585938 9.375
v 6.3227286338806152 7.4802284240722656 7.5
v 6.3368582725524902 17.480220794677734 5
v 6.3368582725524902 17.480220794677734 10
v 6.3368582725524902 17.480220794677734 7.5
v 6.3368582725524902 17.480220794677734 6.25
v 6.3439078330993652 22.480213165283203 7.5
v 6.3439078330993652 22.480213165283203 6.25
v 6.3439078330993652 22.480213165283203 5.625
v 6.3474478721618652 24.980213165283203 6.25
v 6.3474478721618652 24.980213165283203 5.625
v 6.3439078330993652 22.480213165283203 6.875
v 6.3474478721618652 24.980213165283203 7.5
v 6.3474478721618652 24.980213165283203 6.875
v 6.3368582725524902 17.480220794677734 8.75
v 6.3439078330993652 22.480213165283203 8.75
v 6.3439078330993652 22.480213165283203 8.125
v 6.3474478721618652 24.980213165283203 8.75
v 6.3474478721618652 24.980213165283203 8.125
v 6.3439078330993652 22.480213165283203 9.375
v 6.3474478721618652 24.980213165283203 9.375
v 6.3227286338806152 7.4802284240722656 9.375
v 6.3227286338806152 7.4802284240722656 8.75
v 6.3227286338806152 7.4802284240722656 8.125
v 6.3227286338806152 7.4802284240722656 6.875
v 6.3227286338806152 7.4802284240722656 6.25
v 6.3227286338806152 7.4802284240722656 5.625
v 6.3297781944274902 12.480224609375 7.5
v 6.3297781944274902 12.480224609375 8.75
v 6.3262686729431152 9.9802284240722656 8.75
v 6.3297781944274902 12.480224609375 9.375
v 6.3262686729431152 9.9802284240722656 9.375
v 6.3262686729431152 9.9802284240722656 7.5
v 6.3297781944274902 12.480224609375 8.125
v 6.3262686729431152 9.9802284240722656 8.125
v 6.3297781944274902 12.480224609375 6.25
v 6.3262686729431152 9.9802284240722656 6.25
v 6.3297781944274902 12.480224609375 6.875
v 6.3262686729431152 9.9802284240722656 6.875
v 6.3297781944274902 12.480224609375 5.625
v 6.3262686729431152 9.9802284240722656 5.625
v 6.3227286338806152 7.4802284240722656 10
v 6.3227286338806152 7.4802284240722656 5
v 0.20755518972873688 7.4888687133789063 10
v 0.20755518972873688 7.4888687133789063 5
v 6.3227286338806152 7.4802284240722656 5.625
v 6.3227286338806152 7.4802284240722656 6.25
v 6.3227286338806152 7.4802284240722656 6.875
v 6.3227286338806152 7.4802284240722656 7.5
v 6.3227286338806152 7.4802284240722656 8.125
v 6.3227286338806152 7.4802284240722656 8.75
v 6.3227286338806152 7.4802284240722656 9.375
v 5.7112174034118652 7.4810943603515625 10
v 5.0997061729431152 7.4819564819335938 10
v 4.4881949424743652 7.4828224182128906 10
v 3.8766837120056152 7.4836845397949219 10
v 3.2651419639587402 7.4845504760742188 10
v 2.6536612510681152 7.48541259765625 10
v 2.0421500205993652 7.4862785339355469 10
v 1.4306386709213257 7.4871406555175781 10
v 0.81912744045257568 7.488006591796875 10
v 0.20755518972873688 7.4888687133789063 9.375
v 0.20755518972873688 7.4888687133789063 8.75
v 0.20755518972873688 7.4888687133789063 8.125
v 0.20755518972873688 7.4888687133789063 7.5
v 0.20755518972873688 7.4888687133789063 6.875
v 0.20755518972873688 7.4888687133789063 6.25
v 0.20755518972873688 7.4888687133789063 5.625
v 0.81912744045257568 7.488006591796875 5
v 1.4306386709213257 7.4871406555175781 5
v 2.0421500205993652 7.4862785339355469 5
v 2.6536612510681152 7.48541259765625 5
v 3.2651419639587402 7.4845504760742188 5
v 3.8766837120056152 7.4836845397949219 5
v 4.4881949424743652 7.4828224182128906 5
v 5.0997061729431152 7.4819564819335938 5
v 5.7112174034118652 7.4810943603515625 5
v 1.2075551748275757 7.487457275390625 9.5
v 1.7909291982650757 7.48663330078125 9.5
v 2.3742423057556152 7.485809326171875 9.5
v 2.9575858116149902 7.4849853515625 9.5
v 3.5408987998962402 7.484161376953125 9.5
v 4.1242423057556152 7.48333740234375 9.5
v 4.7075858116149902 7.4825096130371094 9.5
v 4.7075858116149902 7.4825096130371094 8.9285717010498047
v 4.7075858116149902 7.4825096130371094 8.357142448425293
v 4.7075858116149902 7.4825096130371094 7.7857141494750977
v 4.7075858116149902 7.4825096130371094 7.2142858505249023
v 4.7075858116149902 7.4825096130371094 6.6428570747375488
v 4.7075858116149902 7.4825096130371094 6.0714287757873535
v 4.7075858116149902 7.4825096130371094 5.5
v 4.1242423057556152 7.48333740234375 5.5
v 3.5408987998962402 7.484161376953125 5.5
v 2.9575858116149902 7.4849853515625 5.5
v 2.3742423057556152 7.485809326171875 5.5
v 1.7909291982650757 7.48663330078125 5.5
v 1.2075551748275757 7.487457275390625 5.5
v 1.2075551748275757 7.487457275390625 6.0714287757873535
v 1.2075551748275757 7.487457275390625 6.6428570747375488
v 1.2075551748275757 7.487457275390625 7.2142858505249023
v 1.2075551748275757 7.487457275390625 7.7857141494750977
v 1.2075551748275757 7.487457275390625 8.357142448425293
v 1.2075551748275757 7.487457275390625 8.9285717010498047
v 5.4491324424743652 7.4814643859863281 9.2857141494750977
v 5.4491324424743652 7.4814643859863281 7.8571429252624512
v 5.4491324424743652 7.4814643859863281 7.1428570747375488
v 5.4491324424743652 7.4814643859863281 6.4285712242126465
v 5.4491324424743652 7.4814643859863281 5.7142858505249023
v 1.0811513662338257 7.4876365661621094 9.2857141494750977
v 1.0811513662338257 7.4876365661621094 7.8571429252624512
v 1.0811513662338257 7.4876365661621094 7.1428570747375488
v 1.0811513662338257 7.4876365661621094 6.4285712242126465
v 1.0811513662338257 7.4876365661621094 5.7142858505249023
v 0.20755518972873688 7.4888687133789063 10
v 0.20755518972873688 7.4888687133789063 8.75
v 0.20755518972873688 7.4888687133789063 6.875
v 0.20755518972873688 7.4888687133789063 6.25
v 0.20755518972873688 7.4888687133789063 5.625
v 0.20755518972873688 7.4888687133789063 5
v 0.20975245535373688 9.0273284912109375 9.375
v 0.20975245535373688 9.0273284912109375 8.75
v 0.21194972097873688 10.565788269042969 9.375
v 0.21194972097873688 10.565788269042969 8.75
v 0.21408595144748688 12.104248046875 9.375
v 0.21408595144748688 12.104248046875 8.75
v 0.21408595144748688 12.104248046875 8.125
v 0.21408595144748688 12.104248046875 7.5
v 0.21408595144748688 12.104248046875 6.875
v 0.21408595144748688 12.104248046875 6.25
v 0.21408595144748688 12.104248046875 5.625
v 0.21628321707248688 13.642707824707031 9.375
v 0.21628321707248688 13.642707824707031 8.75
v 0.21628321707248688 13.642707824707031 8.125
v 0.21628321707248688 13.642707824707031 7.5
v 0.21628321707248688 13.642707824707031 6.875
v 0.21628321707248688 13.642707824707031 6.25
v 0.21628321707248688 13.642707824707031 5.625
v 0.21848048269748688 15.181167602539063 9.375
v 0.21848048269748688 15.181167602539063 8.75
v 0.22061671316623688 16.719627380371094 9.375
v 0.22061671316623688 16.719627380371094 8.75
v 0.22281397879123688 18.258087158203125 9.375
v 0.22281397879123688 18.258087158203125 8.75
v 0.22495020925998688 19.796550750732422 9.375
v 0.22495020925998688 19.796550750732422 8.75
v 0.22714747488498688 21.335010528564453 9.375
v 0.22714747488498688 21.335010528564453 8.75
v 0.22934474050998688 22.873470306396484 9.375
v 0.22934474050998688 22.873470306396484 8.75
v 0.23148097097873688 24.411930084228516 9.375
v 0.23148097097873688 24.411930084228516 8.75
v 0.23367823660373688 25.950389862060547 9.375
v 0.23367823660373688 25.950389862060547 8.75
v 0.23581446707248688 27.488849639892578 10
v 0.23581446707248688 27.488849639892578 8.75
v 0.23581446707248688 27.488849639892578 6.875
v 0.23581446707248688 27.488849639892578 6.25
v 0.23581446707248688 27.488849639892578 5.625
v 0.23581446707248688 27.488849639892578 5
v 0.23581446707248688 27.488849639892578 9.375
v 0.23581446707248688 27.488849639892578 8.125
v 0.23581446707248688 27.488849639892578 7.5
v 0.20755518972873688 7.4888687133789063 7.5
v 0.20755518972873688 7.4888687133789063 8.125
v 0.20755518972873688 7.4888687133789063 9.375
v 0.20914210379123688 8.5999794006347656 10
v 0.21072901785373688 9.711090087890625 10
v 0.21231593191623688 10.822200775146484 10
v 0.21384181082248688 11.933307647705078 10
v 0.21542872488498688 13.044418334960938 10
v 0.21701563894748688 14.155529022216797 10
v 0.21854151785373688 15.266639709472656 10
v 0.22012843191623688 16.377750396728516 10
v 0.22171534597873688 17.488857269287109 10
v 0.22330226004123688 18.599967956542969 10
v 0.22482813894748688 19.711078643798828 10
v 0.22641505300998688 20.822189331054688 10
v 0.22800196707248688 21.933300018310547 10
v 0.22958888113498688 23.044410705566406 10
v 0.23111476004123688 24.155517578125 10
v 0.23270167410373688 25.266628265380859 10
v 0.23428858816623688 26.377738952636719 10
v 0.23428858816623688 26.377738952636719 5
v 0.23270167410373688 25.266628265380859 5
v 0.23111476004123688 24.155517578125 5
v 0.22958888113498688 23.044410705566406 5
v 0.22800196707248688 21.933300018310547 5
v 0.22641505300998688 20.822189331054688 5
v 0.22482813894748688 19.711078643798828 5
v 0.22330226004123688 18.599967956542969 5
v 0.22171534597873688 17.488857269287109 5
v 0.22012843191623688 16.377750396728516 5
v 0.21854151785373688 15.266639709472656 5
v 0.21701563894748688 14.155529022216797 5
v 0.21542872488498688 13.044418334960938 5
v 0.21384181082248688 11.933307647705078 5
v 0.21231593191623688 10.822200775146484 5
v 0.21072901785373688 9.711090087890625 5
v 0.20914210379123688 8.5999794006347656 5
v 0.23233546316623688 24.988849639892578 8
v 0.23074854910373688 23.877742767333984 8
v 0.22916163504123688 22.766632080078125 8
v 0.22757472097873688 21.655521392822266 8
v 0.22604884207248688 20.544410705566406 8
v 0.22446192800998688 19.433300018310547 8
v 0.22287501394748688 18.322193145751953 8
v 0.22128809988498688 17.211082458496094 8
v 0.21976222097873688 16.099971771240234 8
v 0.21817530691623688 14.988861083984375 8
v 0.21817530691623688 14.988861083984375 7
v 0.21817530691623688 14.988861083984375 6
v 0.21976222097873688 16.099971771240234 6
v 0.22128809988498688 17.211082458496094 6
v 0.22287501394748688 18.322193145751953 6
v 0.22446192800998688 19.433300018310547 6
v 0.22604884207248688 20.544410705566406 6
v 0.22757472097873688 21.655521392822266 6
v 0.22916163504123688 22.766632080078125 6
v 0.23074854910373688 23.877742767333984 6
v 0.23233546316623688 24.988849639892578 6
v 0.23233546316623688 24.988849639892578 7
v 0.21274317800998688 11.1513671875 8
v 0.21164454519748688 10.376365661621094 8
v 0.21054591238498688 9.6013641357421875 8
v 0.20944727957248688 8.8263664245605469 8
v 0.20944727957248688 8.8263664245605469 7
v 0.20944727957248688 8.8263664245605469 6
v 0.21054591238498688 9.6013641357421875 6
v 0.21164454519748688 10.376365661621094 6
v 0.21274317800998688 11.1513671875 6
v 0.21274317800998688 11.1513671875 7
v 0.20975245535373688 9.0273284912109375 8.125
v 0.22061671316623688 16.719627380371094 8.125
v 0.22281397879123688 18.258087158203125 8.125
v 0.21194972097873688 10.565788269042969 5.625
v 0.22061671316623688 16.719627380371094 5.625
v 0.22281397879123688 18.258087158203125 5.625
v 0.22495020925998688 19.796550750732422 8.125
v 0.22714747488498688 21.335010528564453 8.125
v 0.22934474050998688 22.873470306396484 8.125
v 0.23148097097873688 24.411930084228516 8.125
v 0.23367823660373688 25.950389862060547 8.125
v 0.23367823660373688 25.950389862060547 7.5
v 0.22495020925998688 19.796550750732422 5.625
v 0.22714747488498688 21.335010528564453 5.625
v 0.23148097097873688 24.411930084228516 5.625
v 0.22934474050998688 22.873470306396484 5.625
v 0.23367823660373688 25.950389862060547 6.875
v 0.23367823660373688 25.950389862060547 6.25
v 0.23367823660373688 25.950389862060547 5.625
v 0.20755518972873688 7.4888687133789063 10
v 6.3227286338806152 7.4802284240722656 10
v 0.23581446707248688 27.488849639892578 10
v 6.3509879112243652 27.480209350585938 10
v 0.84732568264007568 27.487983703613281 10
v 1.4588369131088257 27.48712158203125 10
v 2.0704092979431152 27.486255645751953 10
v 2.6819205284118652 27.485393524169922 10
v 3.2934012413024902 27.484527587890625 10
v 3.9049124717712402 27.483665466308594 10
v 4.5164542198181152 27.482803344726563 10
v 5.1279654502868652 27.481937408447266 10
v 5.7394766807556152 27.481075286865234 10
v 3.2792716026306152 17.484539031982422 10
v 3.2863516807556152 22.484535217285156 10
v 1.7505239248275757 17.486698150634766 10
v 1.7575429677963257 22.4866943359375 10
v 1.7610830068588257 24.986690521240234 10
v 0.99313867092132568 22.487773895263672 10
v 0.99667870998382568 24.987770080566406 10
v 0.99844872951507568 26.237770080566406 10
v 0.61447656154632568 24.988311767578125 10
v 0.61624658107757568 26.238311767578125 10
v 1.7628530263900757 26.236690521240234 10
v 1.3788808584213257 24.987232208251953 10
v 1.3806508779525757 26.237232208251953 10
v 3.2898917198181152 24.984531402587891 10
v 2.5219473838806152 22.485614776611328 10
v 2.5254874229431152 24.985610961914063 10
v 4.8080801963806152 17.482379913330078 10
v 4.8151297569274902 22.482376098632813 10
v 2.5272574424743652 26.235610961914063 10
v 2.1432852745056152 24.986152648925781 10
v 2.1450552940368652 26.236148834228516 10
v 3.2916312217712402 26.234531402587891 10
v 2.9076895713806152 24.985073089599609 10
v 2.9094595909118652 26.235069274902344 10
v 4.8186697959899902 24.982372283935547 10
v 4.0507254600524902 22.483455657958984 10
v 4.0542654991149902 24.983451843261719 10
v 4.0560355186462402 26.233451843261719 10
v 3.6720633506774902 24.983993530273438 10
v 3.6738333702087402 26.233989715576172 10
v 4.8204398155212402 26.232372283935547 10
v 4.4364676475524902 24.98291015625 10
v 4.4382376670837402 26.23291015625 10
v 5.5795340538024902 22.481292724609375 10
v 5.5830435752868652 24.981292724609375 10
v 5.5848135948181152 26.231292724609375 10
v 5.2008719444274902 24.981830596923828 10
v 5.2026419639587402 26.231830596923828 10
v 5.9652457237243652 24.980751037597656 10
v 5.9670157432556152 26.230751037597656 10
v 6.3368582725524902 17.480220794677734 10
v 5.7112174034118652 7.4810943603515625 10
v 5.0997061729431152 7.4819564819335938 10
v 4.4881949424743652 7.4828224182128906 10
v 3.8766837120056152 7.4836845397949219 10
v 3.2651419639587402 7.4845504760742188 10
v 2.6536612510681152 7.48541259765625 10
v 2.0421500205993652 7.4862785339355469 10
v 1.4306386709213257 7.4871406555175781 10
v 0.81912744045257568 7.488006591796875 10
v 3.2722220420837402 12.484542846679688 10
v 4.8010001182556152 12.482383728027344 10
v 5.5654044151306152 12.481304168701172 10
v 4.7974600791931152 9.9823875427246094 10
v 5.5618643760681152 9.9813079833984375 10
v 5.9440665245056152 9.9807662963867188 10
v 5.5600943565368652 8.7313079833984375 10
v 5.9422965049743652 8.7307701110839844 10
v 5.1796622276306152 9.9818458557128906 10
v 4.7957205772399902 8.7323875427246094 10
v 5.1778922080993652 8.7318496704101563 10
v 4.0366263389587402 12.483463287353516 10
v 3.2686820030212402 9.9845466613769531 10
v 4.0330862998962402 9.9834671020507813 10
v 1.7434438467025757 12.486705780029297 10
v 4.4152884483337402 9.9829254150390625 10
v 4.0313162803649902 8.7334671020507813 10
v 4.4135184288024902 8.7329292297363281 10
v 3.6508841514587402 9.9840049743652344 10
v 3.2669119834899902 8.7345466613769531 10
v 3.6491141319274902 8.7340087890625 10
v 2.5078482627868652 12.485622406005859 10
v 1.7399038076400757 9.9867057800292969 10
v 2.5043082237243652 9.985626220703125 10
v 2.8865103721618652 9.9850883483886719 10
v 2.5025382041931152 8.735626220703125 10
v 2.8847403526306152 8.7350883483886719 10
v 2.1221060752868652 9.9861679077148438 10
v 1.7381337881088257 8.7367095947265625 10
v 2.1203360557556152 8.7361679077148438 10
v 0.97903954982757568 12.487785339355469 10
v 0.97549951076507568 9.9877853393554688 10
v 1.3577016592025757 9.9872474670410156 10
v 0.97372949123382568 8.7377891540527344 10
v 1.3559316396713257 8.7372474670410156 10
v 0.59329736232757568 9.9883270263671875 10
v 0.59152734279632568 8.7383270263671875 10
v 0.20914210379123688 8.5999794006347656 10
v 0.21072901785373688 9.711090087890625 10
v 0.21231593191623688 10.822200775146484 10
v 0.21384181082248688 11.933307647705078 10
v 0.21542872488498688 13.044418334960938 10
v 0.21701563894748688 14.155529022216797 10
v 0.21854151785373688 15.266639709472656 10
v 0.22012843191623688 16.377750396728516 10
v 0.22171534597873688 17.488857269287109 10
v 0.22330226004123688 18.599967956542969 10
v 0.22482813894748688 19.711078643798828 10
v 0.22641505300998688 20.822189331054688 10
v 0.22800196707248688 21.933300018310547 10
v 0.22958888113498688 23.044410705566406 10
v 0.23111476004123688 24.155517578125 10
v 0.23270167410373688 25.266628265380859 10
v 0.23428858816623688 26.377738952636719 10
v 0.98611962795257568 17.487777709960938 10
v 1.7469838857650757 14.986701965332031 10
v 0.98257958889007568 14.987781524658203 10
v 1.7540029287338257 19.986698150634766 10
v 0.98965966701507568 19.987777709960938 10
v 0.20755518972873688 7.4888687133789063 5
v 6.3227286338806152 7.4802284240722656 5
v 0.23581446707248688 27.488849639892578 5
v 6.3509879112243652 27.480209350585938 5
v 0.84732568264007568 27.487983703613281 5
v 1.4588369131088257 27.48712158203125 5
v 2.0704092979431152 27.486255645751953 5
v 2.6819205284118652 27.485393524169922 5
v 3.2934012413024902 27.484527587890625 5
v 3.9049124717712402 27.483665466308594 5
v 4.5164542198181152 27.482803344726563 5
v 5.1279654502868652 27.481937408447266 5
v 5.7394766807556152 27.481075286865234 5
v 3.2792716026306152 17.484539031982422 5
v 3.2863516807556152 22.484535217285156 5
v 1.7505239248275757 17.486698150634766 5
v 1.7575429677963257 22.4866943359375 5
v 1.7610830068588257 24.986690521240234 5
v 0.99313867092132568 22.487773895263672 5
v 0.99667870998382568 24.987770080566406 5
v 0.99844872951507568 26.237770080566406 5
v 0.61447656154632568 24.988311767578125 5
v 0.61624658107757568 26.238311767578125 5
v 1.7628530263900757 26.236690521240234 5
v 1.3788808584213257 24.987232208251953 5
v 1.3806508779525757 26.237232208251953 5
v 3.2898917198181152 24.984531402587891 5
v 2.5219473838806152 22.485614776611328 5
v 2.5254874229431152 24.985610961914063 5
v 4.8080801963806152 17.482379913330078 5
v 4.8151297569274902 22.482376098632813 5
v 2.5272574424743652 26.235610961914063 5
v 2.1432852745056152 24.986152648925781 5
v 2.1450552940368652 26.236148834228516 5
v 3.2916312217712402 26.234531402587891 5
v 2.9076895713806152 24.985073089599609 5
v 2.9094595909118652 26.235069274902344 5
v 4.8186697959899902 24.982372283935547 5
v 4.0507254600524902 22.483455657958984 5
v 4.0542654991149902 24.983451843261719 5
v 4.0560355186462402 26.233451843261719 5
v 3.6720633506774902 24.983993530273438 5
v 3.6738333702087402 26.233989715576172 5
v 4.8204398155212402 26.232372283935547 5
v 4.4364676475524902 24.98291015625 5
v 4.4382376670837402 26.23291015625 5
v 5.5795340538024902 22.481292724609375 5
v 5.5830435752868652 24.981292724609375 5
v 5.5848135948181152 26.231292724609375 5
v 5.2008719444274902 24.981830596923828 5
v 5.2026419639587402 26.231830596923828 5
v 5.9652457237243652 24.980751037597656 5
v 5.9670157432556152 26.230751037597656 5
v 6.3368582725524902 17.480220794677734 5
v 5.7112174034118652 7.4810943603515625 5
v 5.0997061729431152 7.4819564819335938 5
v 4.4881949424743652 7.4828224182128906 5
v 3.8766837120056152 7.4836845397949219 5
v 3.2651419639587402 7.4845504760742188 5
v 2.6536612510681152 7.48541259765625 5
v 2.0421500205993652 7.4862785339355469 5
v 1.4306386709213257 7.4871406555175781 5
v 0.81912744045257568 7.488006591796875 5
v 3.2722220420837402 12.484542846679688 5
v 4.8010001182556152 12.482383728027344 5
v 5.5654044151306152 12.481304168701172 5
v 4.7974600791931152 9.9823875427246094 5
v 5.5618643760681152 9.9813079833984375 5
v 5.9440665245056152 9.9807662963867188 5
v 5.5600943565368652 8.7313079833984375 5
v 5.9422965049743652 8.7307701110839844 5
v 5.1796622276306152 9.9818458557128906 5
v 4.7957205772399902 8.7323875427246094 5
v 5.1778922080993652 8.7318496704101563 5
v 4.0366263389587402 12.483463287353516 5
v 3.2686820030212402 9.9845466613769531 5
v 4.0330862998962402 9.9834671020507813 5
v 1.7434438467025757 12.486705780029297 5
v 4.4152884483337402 9.9829254150390625 5
v 4.0313162803649902 8.7334671020507813 5
v 4.4135184288024902 8.7329292297363281 5
v 3.6508841514587402 9.9840049743652344 5
v 3.2669119834899902 8.7345466613769531 5
v 3.6491141319274902 8.7340087890625 5
v 2.5078482627868652 12.485622406005859 5
v 1.7399038076400757 9.9867057800292969 5
v 2.5043082237243652 9.985626220703125 5
v 2.8865103721618652 9.9850883483886719 5
v 2.5025382041931152 8.735626220703125 5
v 2.8847403526306152 8.7350883483886719 5
v 2.1221060752868652 9.9861679077148438 5
v 1.7381337881088257 8.7367095947265625 5
v 2.1203360557556152 8.7361679077148438 5
v 0.97903954982757568 12.487785339355469 5
v 0.97549951076507568 9.9877853393554688 5
v 1.3577016592025757 9.9872474670410156 5
v 0.97372949123382568 8.7377891540527344 5
v 1.3559316396713257 8.7372474670410156 5
v 0.59329736232757568 9.9883270263671875 5
v 0.59152734279632568 8.7383270263671875 5
v 0.20914210379123688 8.5999794006347656 5
v 0.21072901785373688 9.711090087890625 5
v 0.21231593191623688 10.822200775146484 5
v 0.21384181082248688 11.933307647705078 5
v 0.21542872488498688 13.044418334960938 5
v 0.21701563894748688 14.155529022216797 5
v 0.21854151785373688 15.266639709472656 5
v 0.22012843191623688 16.377750396728516 5
v 0.22171534597873688 17.488857269287109 5
v 0.22330226004123688 18.599967956542969 5
v 0.22482813894748688 19.711078643798828 5
v 0.22641505300998688 20.822189331054688 5
v 0.22800196707248688 21.933300018310547 5
v 0.22958888113498688 23.044410705566406 5
v 0.23111476004123688 24.155517578125 5
v 0.23270167410373688 25.266628265380859 5
v 0.23428858816623688 26.377738952636719 5
v 0.98611962795257568 17.487777709960938 5
v 1.7469838857650757 14.986701965332031 5
v 0.98257958889007568 14.987781524658203 5
v 1.7540029287338257 19.986698150634766 5
v 0.98965966701507568 19.987777709960938 5
vt 0.42562079429626465 0
vt 0.23416103422641754 0
vt 0.42562079429626465 0.23269619047641754
vt 0.23416103422641754 0.23269619047641754
vt 0.42562079429626465 0.023269619792699814
vt 0.42562079429626465 0.046539239585399628
vt 0.42562079429626465 0.06980886310338974
vt 0.42562079429626465 0.093078479170799255
vt 0.42562079429626465 0.11634809523820877
vt 0.42562079429626465 0.13961772620677948
vt 0.42562079429626465 0.1628873348236084
vt 0.42562079429626465 0.18615695834159851
vt 0.42562079429626465 0.20942656695842743
vt 0.40168830752372742 0.23269619047641754
vt 0.37775585055351257 0.23269619047641754
vt 0.35382336378097534 0.23269619047641754
vt 0.3298909068107605 0.23269619047641754
vt 0.30595844984054565 0.23269619047641754
vt 0.28202596306800842 0.23269619047641754
vt 0.25809350609779358 0.23269619047641754
vt 0.23416103422641754 0.20942656695842743
vt 0.23416103422641754 0.18615695834159851
vt 0.23416103422641754 0.1628873348236084
vt 0.23416103422641754 0.13961772620677948
vt 0.23416103422641754 0.11634809523820877
vt 0.23416103422641754 0.093078479170799255
vt 0.23416103422641754 0.06980886310338974
vt 0.23416103422641754 0.046539239585399628
vt 0.23416103422641754 0.023269619792699814
vt 0.25809350609779358 0
vt 0.28202596306800842 0
vt 0.30595844984054565 0
vt 0.3298909068107605 0
vt 0.35382336378097534 0
vt 0.37775585055351257 0
vt 0.40168830752372742 0
vt 0.27245298027992249 0.030807875096797943
vt 0.27245298027992249 0.055247940123081207
vt 0.27245298027992249 0.079688005149364471
vt 0.27245298027992249 0.10412806272506714
vt 0.27245298027992249 0.1285681277513504
vt 0.27245298027992249 0.15300819277763367
vt 0.27245298027992249 0.17744825780391693
vt 0.27245298027992249 0.2018883228302002
vt 0.29542815685272217 0.2018883228302002
vt 0.31840333342552185 0.2018883228302002
vt 0.34137848019599915 0.2018883228302002
vt 0.36435365676879883 0.2018883228302002
vt 0.38732883334159851 0.2018883228302002
vt 0.38732883334159851 0.17744825780391693
vt 0.38732883334159851 0.15300819277763367
vt 0.38732883334159851 0.1285681277513504
vt 0.38732883334159851 0.10412806272506714
vt 0.38732883334159851 0.079688005149364471
vt 0.38732883334159851 0.055247940123081207
vt 0.38732883334159851 0.030807875096797943
vt 0.36435365676879883 0.030807875096797943
vt 0.34137848019599915 0.030807875096797943
vt 0.31840333342552185 0.030807875096797943
vt 0.29542815685272217 0.030807875096797943
vt 0.39826938509941101 0.033242315053939819
vt 0.39826938509941101 0.099726945161819458
vt 0.39826938509941101 0.13296926021575928
vt 0.26151242852210999 0.033242315053939819
vt 0.26151242852210999 0.099726945161819458
vt 0.26151242852210999 0.13296926021575928
vt 0.39826938509941101 0.1662115752696991
vt 0.39826938509941101 0.19945389032363892
vt 0.26151242852210999 0.1662115752696991
vt 0.26151242852210999 0.19945389032363892
vt 0.23416103422641754 0.23416103422641754
vt 0.23416103422641754 0.42415595054626465
vt 0.99853515625 0.23416103422641754
vt 0.99853515625 0.42415595054626465
vt 0.23416103422641754 0.40040656924247742
vt 0.23416103422641754 0.37665721774101257
vt 0.23416103422641754 0.35290783643722534
vt 0.23416103422641754 0.3291584849357605
vt 0.23416103422641754 0.30540913343429565
vt 0.23416103422641754 0.28165975213050842
vt 0.23416103422641754 0.25791040062904358
vt 0.99853515625 0.3291584849357605
vt 0.61634808778762817 0.42415595054626465
vt 0.61634808778762817 0.23416103422641754
vt 0.61634808778762817 0.3291584849357605
vt 0.61634808778762817 0.37665721774101257
vt 0.42525458335876465 0.3291584849357605
vt 0.42525458335876465 0.37665721774101257
vt 0.42525458335876465 0.40040656924247742
vt 0.3297078013420105 0.37665721774101257
vt 0.3297078013420105 0.40040656924247742
vt 0.42525458335876465 0.35290783643722534
vt 0.3297078013420105 0.3291584849357605
vt 0.3297078013420105 0.35290783643722534
vt 0.61634808778762817 0.28165975213050842
vt 0.42525458335876465 0.28165975213050842
vt 0.42525458335876465 0.30540913343429565
vt 0.3297078013420105 0.28165975213050842
vt 0.3297078013420105 0.30540913343429565
vt 0.42525458335876465 0.25791040062904358
vt 0.3297078013420105 0.25791040062904358
vt 0.99853515625 0.25791040062904358
vt 0.99853515625 0.28165975213050842
vt 0.99853515625 0.30540913343429565
vt 0.99853515625 0.35290783643722534
vt 0.99853515625 0.37665721774101257
vt 0.99853515625 0.40040656924247742
vt 0.80744165182113647 0.3291584849357605
vt 0.80744165182113647 0.28165975213050842
vt 0.90298837423324585 0.28165975213050842
vt 0.80744165182113647 0.25791040062904358
vt 0.90298837423324585 0.25791040062904358
vt 0.90298837423324585 0.3291584849357605
vt 0.80744165182113647 0.30540913343429565
vt 0.90298837423324585 0.30540913343429565
vt 0.80744165182113647 0.37665721774101257
vt 0.90298837423324585 0.37665721774101257
vt 0.80744165182113647 0.35290783643722534
vt 0.90298837423324585 0.35290783643722534
vt 0.80744165182113647 0.40040656924247742
vt 0.90298837423324585 0.40040656924247742
vt 0.80854028463363647 0
vt 0.61708050966262817 0
vt 0.80854028463363647 0.23269619047641754
vt 0.61708050966262817 0.23269619047641754
vt 0.64101296663284302 0
vt 0.66494548320770264 0
vt 0.68887794017791748 0
vt 0.71281039714813232 0
vt 0.73674285411834717 0
vt 0.76067531108856201 0
vt 0.78460776805877686 0
vt 0.80854028463363647 0.023269619792699814
vt 0.80854028463363647 0.046539239585399628
vt 0.80854028463363647 0.06980886310338974
vt 0.80854028463363647 0.093078479170799255
vt 0.80854028463363647 0.11634809523820877
vt 0.80854028463363647 0.13961772620677948
vt 0.80854028463363647 0.1628873348236084
vt 0.80854028463363647 0.18615695834159851
vt 0.80854028463363647 0.20942656695842743
vt 0.78460776805877686 0.23269619047641754
vt 0.76067531108856201 0.23269619047641754
vt 0.73674285411834717 0.23269619047641754
vt 0.71281039714813232 0.23269619047641754
vt 0.68887794017791748 0.23269619047641754
vt 0.66494548320770264 0.23269619047641754
vt 0.64101296663284302 0.23269619047641754
vt 0.61708050966262817 0.20942656695842743
vt 0.61708050966262817 0.18615695834159851
vt 0.61708050966262817 0.1628873348236084
vt 0.61708050966262817 0.13961772620677948
vt 0.61708050966262817 0.11634809523820877
vt 0.61708050966262817 0.093078479170799255
vt 0.61708050966262817 0.06980886310338974
vt 0.61708050966262817 0.046539239585399628
vt 0.61708050966262817 0.023269619792699814
vt 0.78939425945281982 0.19464379549026489
vt 0.78939425945281982 0.17244654893875122
vt 0.78939425945281982 0.15024931728839874
vt 0.78939425945281982 0.12805208563804626
vt 0.78939425945281982 0.10585484653711319
vt 0.78939425945281982 0.083657607436180115
vt 0.78939425945281982 0.061460375785827637
vt 0.76751315593719482 0.061460375785827637
vt 0.74563205242156982 0.061460375785827637
vt 0.72375094890594482 0.061460375785827637
vt 0.70186984539031982 0.061460375785827637
vt 0.67998874187469482 0.061460375785827637
vt 0.65810763835906982 0.061460375785827637
vt 0.63622647523880005 0.061460375785827637
vt 0.63622647523880005 0.083657607436180115
vt 0.63622647523880005 0.10585484653711319
vt 0.63622647523880005 0.12805208563804626
vt 0.63622647523880005 0.15024931728839874
vt 0.63622647523880005 0.17244654893875122
vt 0.63622647523880005 0.19464379549026489
vt 0.65810763835906982 0.19464379549026489
vt 0.67998874187469482 0.19464379549026489
vt 0.70186984539031982 0.19464379549026489
vt 0.72375094890594482 0.19464379549026489
vt 0.74563205242156982 0.19464379549026489
vt 0.76751315593719482 0.19464379549026489
vt 0.78118884563446045 0.033242315053939819
vt 0.72648608684539795 0.033242315053939819
vt 0.6991347074508667 0.033242315053939819
vt 0.67178332805633545 0.033242315053939819
vt 0.64443188905715942 0.033242315053939819
vt 0.78118884563446045 0.19945389032363892
vt 0.72648608684539795 0.19945389032363892
vt 0.6991347074508667 0.19945389032363892
vt 0.67178332805633545 0.19945389032363892
vt 0.64443188905715942 0.19945389032363892
vt 0.23416103422641754 0.42562079429626465
vt 0.23416103422641754 0.47311949729919434
vt 0.23416103422641754 0.54436761140823364
vt 0.23416103422641754 0.56811696290969849
vt 0.23416103422641754 0.59186631441116333
vt 0.23416103422641754 0.61561566591262817
vt 0.292959064245224 0.44937014579772949
vt 0.292959064245224 0.47311949729919434
vt 0.35175704956054688 0.44937014579772949
vt 0.35175704956054688 0.47311949729919434
vt 0.41055506467819214 0.44937014579772949
vt 0.41055506467819214 0.47311949729919434
vt 0.41055506467819214 0.49686887860298157
vt 0.41055506467819214 0.52061820030212402
vt 0.41055506467819214 0.54436761140823364
vt 0.41055506467819214 0.56811696290969849
vt 0.41055506467819214 0.59186631441116333
vt 0.4693530797958374 0.44937014579772949
vt 0.4693530797958374 0.47311949729919434
vt 0.4693530797958374 0.49686887860298157
vt 0.4693530797958374 0.52061820030212402
vt 0.4693530797958374 0.54436761140823364
vt 0.4693530797958374 0.56811696290969849
vt 0.4693530797958374 0.59186631441116333
vt 0.52815109491348267 0.44937014579772949
vt 0.52815109491348267 0.47311949729919434
vt 0.58694911003112793 0.44937014579772949
vt 0.58694911003112793 0.47311949729919434
vt 0.64574712514877319 0.44937014579772949
vt 0.64574712514877319 0.47311949729919434
vt 0.70454514026641846 0.44937014579772949
vt 0.70454514026641846 0.47311949729919434
vt 0.76334315538406372 0.44937014579772949
vt 0.76334315538406372 0.47311949729919434
vt 0.82214111089706421 0.44937014579772949
vt 0.82214111089706421 0.47311949729919434
vt 0.88093912601470947 0.44937014579772949
vt 0.88093912601470947 0.47311949729919434
vt 0.93973714113235474 0.44937014579772949
vt 0.93973714113235474 0.47311949729919434
vt 0.99853515625 0.42562079429626465
vt 0.99853515625 0.47311949729919434
vt 0.99853515625 0.54436761140823364
vt 0.99853515625 0.56811696290969849
vt 0.99853515625 0.59186631441116333
vt 0.99853515625 0.61561566591262817
vt 0.99853515625 0.44937014579772949
vt 0.99853515625 0.49686887860298157
vt 0.99853515625 0.52061820030212402
vt 0.23416103422641754 0.52061820030212402
vt 0.23416103422641754 0.49686887860298157
vt 0.23416103422641754 0.44937014579772949
vt 0.27662625908851624 0.42562079429626465
vt 0.31909149885177612 0.42562079429626465
vt 0.36155673861503601 0.42562079429626465
vt 0.40402194857597351 0.42562079429626465
vt 0.4464871883392334 0.42562079429626465
vt 0.48895242810249329 0.42562079429626465
vt 0.53141766786575317 0.42562079429626465
vt 0.57388287782669067 0.42562079429626465
vt 0.61634808778762817 0.42562079429626465
vt 0.65881335735321045 0.42562079429626465
vt 0.70127856731414795 0.42562079429626465
vt 0.74374377727508545 0.42562079429626465
vt 0.78620898723602295 0.42562079429626465
vt 0.82867425680160522 0.42562079429626465
vt 0.87113946676254272 0.42562079429626465
vt 0.91360467672348022 0.42562079429626465
vt 0.95606988668441772 0.42562079429626465
vt 0.95606988668441772 0.61561566591262817
vt 0.91360467672348022 0.61561566591262817
vt 0.87113946676254272 0.61561566591262817
vt 0.82867425680160522 0.61561566591262817
vt 0.78620898723602295 0.61561566591262817
vt 0.74374377727508545 0.61561566591262817
vt 0.70127856731414795 0.61561566591262817
vt 0.65881335735321045 0.61561566591262817
vt 0.61634808778762817 0.61561566591262817
vt 0.57388287782669067 0.61561566591262817
vt 0.53141766786575317 0.61561566591262817
vt 0.48895242810249329 0.61561566591262817
vt 0.4464871883392334 0.61561566591262817
vt 0.40402194857597351 0.61561566591262817
vt 0.36155673861503601 0.61561566591262817
vt 0.31909149885177612 0.61561566591262817
vt 0.27662625908851624 0.61561566591262817
vt 0.90298837423324585 0.50161874294281006
vt 0.86052316427230835 0.50161874294281006
vt 0.81805795431137085 0.50161874294281006
vt 0.77559268474578857 0.50161874294281006
vt 0.73312747478485107 0.50161874294281006
vt 0.69066226482391357 0.50161874294281006
vt 0.64819705486297607 0.50161874294281006
vt 0.6057317852973938 0.50161874294281006
vt 0.5632665753364563 0.50161874294281006
vt 0.52080130577087402 0.50161874294281006
vt 0.52080130577087402 0.53961771726608276
vt 0.52080130577087402 0.57761669158935547
vt 0.5632665753364563 0.57761669158935547
vt 0.6057317852973938 0.57761669158935547
vt 0.64819705486297607 0.57761669158935547
vt 0.69066226482391357 0.57761669158935547
vt 0.73312747478485107 0.57761669158935547
vt 0.77559268474578857 0.57761669158935547
vt 0.81805795431137085 0.57761669158935547
vt 0.86052316427230835 0.57761669158935547
vt 0.90298837423324585 0.57761669158935547
vt 0.90298837423324585 0.53961771726608276
vt 0.37413716316223145 0.50161874294281006
vt 0.34451758861541748 0.50161874294281006
vt 0.31489801406860352 0.50161874294281006
vt 0.28527843952178955 0.50161874294281006
vt 0.28527843952178955 0.53961771726608276
vt 0.28527843952178955 0.57761669158935547
vt 0.31489801406860352 0.57761669158935547
vt 0.34451758861541748 0.57761669158935547
vt 0.37413716316223145 0.57761669158935547
vt 0.37413716316223145 0.53961771726608276
vt 0.292959064245224 0.49686887860298157
vt 0.58694911003112793 0.49686887860298157
vt 0.64574712514877319 0.49686887860298157
vt 0.35175704956054688 0.59186631441116333
vt 0.58694911003112793 0.59186631441116333
vt 0.64574712514877319 0.59186631441116333
vt 0.70454514026641846 0.49686887860298157
vt 0.76334315538406372 0.49686887860298157
vt 0.82214111089706421 0.49686887860298157
vt 0.88093912601470947 0.49686887860298157
vt 0.93973714113235474 0.49686887860298157
vt 0.93973714113235474 0.52061820030212402
vt 0.70454514026641846 0.59186631441116333
vt 0.76334315538406372 0.59186631441116333
vt 0.88093912601470947 0.59186631441116333
vt 0.82214111089706421 0.59186631441116333
vt 0.93973714113235474 0.54436761140823364
vt 0.93973714113235474 0.56811696290969849
vt 0.93973714113235474 0.59186631441116333
vt 0.23416103422641754 0.61708050966262817
vt 0.23416103422641754 0.8497767448425293
vt 0.99853515625 0.61708050966262817
vt 0.99853515625 0.8497767448425293
vt 0.99853515625 0.64035016298294067
vt 0.99853515625 0.6636197566986084
vt 0.99853515625 0.6868894100189209
vt 0.99853515625 0.71015900373458862
vt 0.99853515625 0.73342859745025635
vt 0.99853515625 0.75669825077056885
vt 0.99853515625 0.77996784448623657
vt 0.99853515625 0.80323749780654907
vt 0.99853515625 0.8265070915222168
vt 0.61634808778762817 0.73342859745025635
vt 0.80744165182113647 0.73342859745025635
vt 0.61634808778762817 0.67525458335876465
vt 0.80744165182113647 0.67525458335876465
vt 0.90298837423324585 0.67525458335876465
vt 0.80744165182113647 0.64616751670837402
vt 0.90298837423324585 0.64616751670837402
vt 0.95076179504394531 0.64616751670837402
vt 0.90298837423324585 0.63162404298782349
vt 0.95076179504394531 0.63162404298782349
vt 0.95076179504394531 0.67525458335876465
vt 0.90298837423324585 0.66071105003356934
vt 0.95076179504394531 0.66071105003356934
vt 0.90298837423324585 0.73342859745025635
vt 0.80744165182113647 0.7043415904045105
vt 0.90298837423324585 0.7043415904045105
vt 0.61634808778762817 0.79160267114639282
vt 0.80744165182113647 0.79160267114639282
vt 0.95076179504394531 0.7043415904045105
vt 0.90298837423324585 0.68979805707931519
vt 0.95076179504394531 0.68979805707931519
vt 0.95076179504394531 0.73342859745025635
vt 0.90298837423324585 0.71888512372970581
vt 0.95076179504394531 0.71888512372970581
vt 0.90298837423324585 0.79160267114639282
vt 0.80744165182113647 0.76251566410064697
vt 0.90298837423324585 0.76251566410064697
vt 0.95076179504394531 0.76251566410064697
vt 0.90298837423324585 0.74797213077545166
vt 0.95076179504394531 0.74797213077545166
vt 0.95076179504394531 0.79160267114639282
vt 0.90298837423324585 0.77705913782119751
vt 0.95076179504394531 0.77705913782119751
vt 0.80744165182113647 0.82068967819213867
vt 0.90298837423324585 0.82068967819213867
vt 0.95076179504394531 0.82068967819213867
vt 0.90298837423324585 0.80614620447158813
vt 0.95076179504394531 0.80614620447158813
vt 0.90298837423324585 0.83523321151733398
vt 0.95076179504394531 0.83523321151733398
vt 0.61634808778762817 0.8497767448425293
vt 0.23416103422641754 0.8265070915222168
vt 0.23416103422641754 0.80323749780654907
vt 0.23416103422641754 0.77996784448623657
vt 0.23416103422641754 0.75669825077056885
vt 0.23416103422641754 0.73342859745025635
vt 0.23416103422641754 0.71015900373458862
vt 0.23416103422641754 0.6868894100189209
vt 0.23416103422641754 0.6636197566986084
vt 0.23416103422641754 0.64035016298294067
vt 0.42525458335876465 0.73342859745025635
vt 0.42525458335876465 0.79160267114639282
vt 0.42525458335876465 0.82068967819213867
vt 0.3297078013420105 0.79160267114639282
vt 0.3297078013420105 0.82068967819213867
vt 0.3297078013420105 0.83523321151733398
vt 0.28193441033363342 0.82068967819213867
vt 0.28193441033363342 0.83523321151733398
vt 0.3297078013420105 0.80614620447158813
vt 0.28193441033363342 0.79160267114639282
vt 0.28193441033363342 0.80614620447158813
vt 0.42525458335876465 0.76251566410064697
vt 0.3297078013420105 0.73342859745025635
vt 0.3297078013420105 0.76251566410064697
vt 0.42525458335876465 0.67525458335876465
vt 0.3297078013420105 0.77705913782119751
vt 0.28193441033363342 0.76251566410064697
vt 0.28193441033363342 0.77705913782119751
vt 0.3297078013420105 0.74797213077545166
vt 0.28193441033363342 0.73342859745025635
vt 0.28193441033363342 0.74797213077545166
vt 0.42525458335876465 0.7043415904045105
vt 0.3297078013420105 0.67525458335876465
vt 0.3297078013420105 0.7043415904045105
vt 0.3297078013420105 0.71888512372970581
vt 0.28193441033363342 0.7043415904045105
vt 0.28193441033363342 0.71888512372970581
vt 0.3297078013420105 0.68979805707931519
vt 0.28193441033363342 0.67525458335876465
vt 0.28193441033363342 0.68979805707931519
vt 0.42525458335876465 0.64616751670837402
vt 0.3297078013420105 0.64616751670837402
vt 0.3297078013420105 0.66071105003356934
vt 0.28193441033363342 0.64616751670837402
vt 0.28193441033363342 0.66071105003356934
vt 0.3297078013420105 0.63162404298782349
vt 0.28193441033363342 0.63162404298782349
vt 0.27662625908851624 0.61708050966262817
vt 0.31909149885177612 0.61708050966262817
vt 0.36155673861503601 0.61708050966262817
vt 0.40402194857597351 0.61708050966262817
vt 0.4464871883392334 0.61708050966262817
vt 0.48895242810249329 0.61708050966262817
vt 0.53141766786575317 0.61708050966262817
vt 0.57388287782669067 0.61708050966262817
vt 0.61634808778762817 0.61708050966262817
vt 0.65881335735321045 0.61708050966262817
vt 0.70127856731414795 0.61708050966262817
vt 0.74374377727508545 0.61708050966262817
vt 0.78620898723602295 0.61708050966262817
vt 0.82867425680160522 0.61708050966262817
vt 0.87113946676254272 0.61708050966262817
vt 0.91360467672348022 0.61708050966262817
vt 0.95606988668441772 0.61708050966262817
vt 0.61634808778762817 0.64616751670837402
vt 0.52080130577087402 0.67525458335876465
vt 0.52080130577087402 0.64616751670837402
vt 0.71189486980438232 0.67525458335876465
vt 0.71189486980438232 0.64616751670837402
vt 0.23269619047641754 0
vt 0 0
vt 0.23269619047641754 0.76583898067474365
vt 0 0.76583898067474365
vt 0.20942658185958862 0.76583898067474365
vt 0.18615695834159851 0.76583898067474365
vt 0.1628873348236084 0.76583898067474365
vt 0.13961771130561829 0.76583898067474365
vt 0.11634809523820877 0.76583898067474365
vt 0.093078471720218658 0.76583898067474365
vt 0.06980886310338974 0.76583898067474365
vt 0.046539235860109329 0.76583898067474365
vt 0.023269625380635262 0.76583898067474365
vt 0.11634809523820877 0.38291949033737183
vt 0.11634809523820877 0.57437920570373535
vt 0.17452214658260345 0.38291949033737183
vt 0.17452214658260345 0.57437920570373535
vt 0.17452214658260345 0.6701090931892395
vt 0.2036091685295105 0.57437920570373535
vt 0.2036091685295105 0.6701090931892395
vt 0.2036091685295105 0.71797400712966919
vt 0.21815268695354462 0.6701090931892395
vt 0.21815268695354462 0.71797400712966919
vt 0.17452214658260345 0.71797400712966919
vt 0.18906566500663757 0.6701090931892395
vt 0.18906566500663757 0.71797400712966919
vt 0.11634809523820877 0.6701090931892395
vt 0.14543512463569641 0.57437920570373535
vt 0.14543512463569641 0.6701090931892395
vt 0.058174047619104385 0.38291949033737183
vt 0.058174047619104385 0.57437920570373535
vt 0.14543512463569641 0.71797400712966919
vt 0.15997862815856934 0.6701090931892395
vt 0.15997862815856934 0.71797400712966919
vt 0.11634809523820877 0.71797400712966919
vt 0.13089160621166229 0.6701090931892395
vt 0.13089160621166229 0.71797400712966919
vt 0.058174047619104385 0.6701090931892395
vt 0.087261073291301727 0.57437920570373535
vt 0.087261073291301727 0.6701090931892395
vt 0.087261073291301727 0.71797400712966919
vt 0.10180458426475525 0.6701090931892395
vt 0.10180458426475525 0.71797400712966919
vt 0.058174047619104385 0.71797400712966919
vt 0.072717562317848206 0.6701090931892395
vt 0.072717562317848206 0.71797400712966919
vt 0.029087023809552193 0.57437920570373535
vt 0.029087023809552193 0.6701090931892395
vt 0.029087023809552193 0.71797400712966919
vt 0.043630536645650864 0.6701090931892395
vt 0.043630536645650864 0.71797400712966919
vt 0.014543511904776096 0.6701090931892395
vt 0.014543511904776096 0.71797400712966919
vt 0 0.38291949033737183
vt 0.023269625380635262 0
vt 0.046539235860109329 0
vt 0.06980886310338974 0
vt 0.093078471720218658 0
vt 0.11634809523820877 0
vt 0.13961771130561829 0
vt 0.1628873348236084 0
vt 0.18615695834159851 0
vt 0.20942658185958862 0
vt 0.11634809523820877 0.19145974516868591
vt 0.058174047619104385 0.19145974516868591
vt 0.029087023809552193 0.19145974516868591
vt 0.058174047619104385 0.095729872584342957
vt 0.029087023809552193 0.095729872584342957
vt 0.014543511904776096 0.095729872584342957
vt 0.029087023809552193 0.047864936292171478
vt 0.014543511904776096 0.047864936292171478
vt 0.043630536645650864 0.095729872584342957
vt 0.058174047619104385 0.047864936292171478
vt 0.043630536645650864 0.047864936292171478
vt 0.087261073291301727 0.19145974516868591
vt 0.11634809523820877 0.095729872584342957
vt 0.087261073291301727 0.095729872584342957
vt 0.17452214658260345 0.19145974516868591
vt 0.072717562317848206 0.095729872584342957
vt 0.087261073291301727 0.047864936292171478
vt 0.072717562317848206 0.047864936292171478
vt 0.10180458426475525 0.095729872584342957
vt 0.11634809523820877 0.047864936292171478
vt 0.10180458426475525 0.047864936292171478
vt 0.14543512463569641 0.19145974516868591
vt 0.17452214658260345 0.095729872584342957
vt 0.14543512463569641 0.095729872584342957
vt 0.13089160621166229 0.095729872584342957
vt 0.14543512463569641 0.047864936292171478
vt 0.13089160621166229 0.047864936292171478
vt 0.15997862815856934 0.095729872584342957
vt 0.17452214658260345 0.047864936292171478
vt 0.15997862815856934 0.047864936292171478
vt 0.2036091685295105 0.19145974516868591
vt 0.2036091685295105 0.095729872584342957
vt 0.18906566500663757 0.095729872584342957
vt 0.2036091685295105 0.047864936292171478
vt 0.18906566500663757 0.047864936292171478
vt 0.21815268695354462 0.095729872584342957
vt 0.21815268695354462 0.047864936292171478
vt 0.23269619047641754 0.042546607553958893
vt 0.23269619047641754 0.085093215107917786
vt 0.23269619047641754 0.12763983011245728
vt 0.23269619047641754 0.17018643021583557
vt 0.23269619047641754 0.21273306012153625
vt 0.23269619047641754 0.25527966022491455
vt 0.23269619047641754 0.29782626032829285
vt 0.23269619047641754 0.34037286043167114
vt 0.23269619047641754 0.38291949033737183
vt 0.23269619047641754 0.42546612024307251
vt 0.23269619047641754 0.46801269054412842
vt 0.23269619047641754 0.5105593204498291
vt 0.23269619047641754 0.55310589075088501
vt 0.23269619047641754 0.59565252065658569
vt 0.23269619047641754 0.6381990909576416
vt 0.23269619047641754 0.68074572086334229
vt 0.23269619047641754 0.72329235076904297
vt 0.2036091685295105 0.38291949033737183
vt 0.17452214658260345 0.28718960285186768
vt 0.2036091685295105 0.28718960285186768
vt 0.17452214658260345 0.47864934802055359
vt 0.2036091685295105 0.47864934802055359
vn 0.0014127603499218822 0.99999898672103882 0
vn 0.0014127603499218822 0.99999898672103882 0
vn 0.0014127603499218822 0.99999898672103882 0
vn 0.0014127603499218822 0.99999898672103882 0
vn 0.0014127603499218822 0.99999898672103882 0
vn 0.0014127603499218822 0.99999898672103882 0
vn 0.0014127603499218822 0.99999898672103882 0
vn 0.0014127603499218822 0.99999898672103882 0
vn 0.0014127603499218822 0.99999898672103882 0
vn 0.0014127603499218822 0.99999898672103882 0
vn 0.0014127603499218822 0.99999898672103882 0
vn 0.0014127603499218822 0.99999898672103882 0
vn 0.0014127603499218822 0.99999898672103882 0
vn 0.0014127603499218822 0.99999898672103882 0
vn 0.0014127603499218822 0.99999898672103882 0
vn 0.0014127603499218822 0.99999898672103882 0
vn 0.0014127603499218822 0.99999898672103882 0
vn 0.0014127603499218822 0.99999898672103882 0
vn 0.0014127603499218822 0.99999898672103882 0
vn 0.0014127603499218822 0.99999898672103882 0
vn 0.0014127603499218822 0.99999898672103882 0
vn 0.0014127603499218822 0.99999898672103882 0
vn 0.0014127603499218822 0.99999898672103882 0
vn 0.0014127603499218822 0.99999898672103882 0
vn 0.0014127603499218822 0.99999898672103882 0
vn 0.0014127603499218822 0.99999898672103882 0
vn 0.0014127603499218822 0.99999898672103882 0
vn 0.0014127603499218822 0.99999898672103882 0
vn 0.0014127603499218822 0.99999898672103882 0
vn 0.0014127603499218822 0.99999898672103882 0
vn 0.0014127603499218822 0.99999898672103882 0
vn 0.0014127603499218822 0.99999898672103882 0
vn 0.0014127603499218822 0.99999898672103882 0
vn 0.0014127603499218822 0.99999898672103882 0
vn 0.0014127603499218822 0.99999898672103882 0
vn 0.0014127603499218822 0.99999898672103882 0
vn 0.0014127603499218822 0.99999898672103882 0
vn 0.0014127603499218822 0.99999898672103882 0
vn 0.0014127603499218822 0.99999898672103882 0
vn 0.0014127603499218822 0.99999898672103882 0
vn 0.0014127603499218822 0.99999898672103882 0
vn 0.0014127603499218822 0.99999898672103882 0
vn 0.0014127603499218822 0.99999898672103882 0
vn 0.0014127603499218822 0.99999898672103882 0
vn 0.0014127603499218822 0.99999898672103882 0
vn 0.0014127603499218822 0.99999898672103882 0
vn 0.0014127603499218822 0.99999898672103882 0
vn 0.0014127603499218822 0.99999898672103882 0
vn 0.0014127603499218822 0.99999898672103882 0
vn 0.0014127603499218822 0.99999898672103882 0
vn 0.0014127603499218822 0.99999898672103882 0
vn 0.0014127603499218822 0.99999898672103882 0
vn 0.0014127603499218822 0.99999898672103882 0
vn 0.0014127603499218822 0.99999898672103882 0
vn 0.0014127603499218822 0.99999898672103882 0
vn 0.0014127603499218822 0.99999898672103882 0
vn 0.0014127603499218822 0.99999898672103882 0
vn 0.0014127603499218822 0.99999898672103882 0
vn 0.0014127603499218822 0.99999898672103882 0
vn 0.0014127603499218822 0.99999898672103882 0
vn 0.0014127603499218822 0.99999898672103882 0
vn 0.0014127603499218822 0.99999898672103882 0
vn 0.0014127603499218822 0.99999898672103882 0
vn 0.0014127603499218822 0.99999898672103882 0
vn 0.0014127603499218822 0.99999898672103882 0
vn 0.0014127603499218822 0.99999898672103882 0
vn 0.0014127603499218822 0.99999898672103882 0
vn 0.0014127603499218822 0.99999898672103882 0
vn 0.0014127603499218822 0.99999898672103882 0
vn 0.0014127603499218822 0.99999898672103882 0
vn 0.99999898672103882 -0.0014127603499218822 0
vn 0.99999898672103882 -0.0014127603499218822 0
vn 0.99999898672103882 -0.0014127603499218822 0
vn 0.99999898672103882 -0.0014127603499218822 0
vn 0.99999898672103882 -0.0014127603499218822 0
vn 0.99999898672103882 -0.0014127603499218822 0
vn 0.99999898672103882 -0.0014127603499218822 0
vn 0.99999898672103882 -0.0014127603499218822 0
vn 0.99999898672103882 -0.0014127603499218822 0
vn 0.99999898672103882 -0.0014127603499218822 0
vn 0.99999898672103882 -0.0014127603499218822 0
vn 0.99999898672103882 -0.0014127603499218822 0
vn 0.99999898672103882 -0.0014127603499218822 0
vn 0.99999898672103882 -0.0014127603499218822 0
vn 0.99999898672103882 -0.0014127603499218822 0
vn 0.99999898672103882 -0.0014127603499218822 0
vn 0.99999898672103882 -0.0014127603499218822 0
vn 0.99999898672103882 -0.0014127603499218822 0
vn 0.99999898672103882 -0.0014127603499218822 0
vn 0.99999898672103882 -0.0014127603499218822 0
vn 0.99999898672103882 -0.0014127603499218822 0
vn 0.99999898672103882 -0.0014127603499218822 0
vn 0.99999898672103882 -0.0014127603499218822 0
vn 0.99999898672103882 -0.0014127603499218822 0
vn 0.99999898672103882 -0.0014127603499218822 0
vn 0.99999898672103882 -0.0014127603499218822 0
vn 0.99999898672103882 -0.0014127603499218822 0
vn 0.99999898672103882 -0.0014127603499218822 0
vn 0.99999898672103882 -0.0014127603499218822 0
vn 0.99999898672103882 -0.0014127603499218822 0
vn 0.99999898672103882 -0.0014127603499218822 0
vn 0.99999898672103882 -0.0014127603499218822 0
vn 0.99999898672103882 -0.0014127603499218822 0
vn 0.99999898672103882 -0.0014127603499218822 0
vn 0.99999898672103882 -0.0014127603499218822 0
vn 0.99999898672103882 -0.0014127603499218822 0
vn 0.99999898672103882 -0.0014127603499218822 0
vn 0.99999898672103882 -0.0014127603499218822 0
vn 0.99999898672103882 -0.0014127603499218822 0
vn 0.99999898672103882 -0.0014127603499218822 0
vn 0.99999898672103882 -0.0014127603499218822 0
vn 0.99999898672103882 -0.0014127603499218822 0
vn 0.99999898672103882 -0.0014127603499218822 0
vn 0.99999898672103882 -0.0014127603499218822 0
vn 0.99999898672103882 -0.0014127603499218822 0
vn 0.99999898672103882 -0.0014127603499218822 0
vn 0.99999898672103882 -0.0014127603499218822 0
vn 0.99999898672103882 -0.0014127603499218822 0
vn 0.99999898672103882 -0.0014127603499218822 0
vn 0.99999898672103882 -0.0014127603499218822 0
vn 0.99999898672103882 -0.0014127603499218822 0
vn -0.0014127603499218822 -0.99999898672103882 0
vn -0.0014127603499218822 -0.99999898672103882 0
vn -0.0014127603499218822 -0.99999898672103882 0
vn -0.0014127603499218822 -0.99999898672103882 0
vn -0.0014127603499218822 -0.99999898672103882 0
vn -0.0014127603499218822 -0.99999898672103882 0
vn -0.0014127603499218822 -0.99999898672103882 0
vn -0.0014127603499218822 -0.99999898672103882 0
vn -0.0014127603499218822 -0.99999898672103882 0
vn -0.0014127603499218822 -0.99999898672103882 0
vn -0.0014127603499218822 -0.99999898672103882 0
vn -0.0014127603499218822 -0.99999898672103882 0
vn -0.0014127603499218822 -0.99999898672103882 0
vn -0.0014127603499218822 -0.99999898672103882 0
vn -0.0014127603499218822 -0.99999898672103882 0
vn -0.0014127603499218822 -0.99999898672103882 0
vn -0.0014127603499218822 -0.99999898672103882 0
vn -0.0014127603499218822 -0.99999898672103882 0
vn -0.0014127603499218822 -0.99999898672103882 0
vn -0.0014127603499218822 -0.99999898672103882 0
vn -0.0014127603499218822 -0.99999898672103882 0
vn -0.0014127603499218822 -0.99999898672103882 0
vn -0.0014127603499218822 -0.99999898672103882 0
vn -0.0014127603499218822 -0.99999898672103882 0
vn -0.0014127603499218822 -0.99999898672103882 0
vn -0.0014127603499218822 -0.99999898672103882 0
vn -0.0014127603499218822 -0.99999898672103882 0
vn -0.0014127603499218822 -0.99999898672103882 0
vn -0.0014127603499218822 -0.99999898672103882 0
vn -0.0014127603499218822 -0.99999898672103882 0
vn -0.0014127603499218822 -0.99999898672103882 0
vn -0.0014127603499218822 -0.99999898672103882 0
vn -0.0014127603499218822 -0.99999898672103882 0
vn -0.0014127603499218822 -0.99999898672103882 0
vn -0.0014127603499218822 -0.99999898672103882 0
vn -0.0014127603499218822 -0.99999898672103882 0
vn -0.0014127603499218822 -0.99999898672103882 0
vn -0.0014127603499218822 -0.99999898672103882 0
vn -0.0014127603499218822 -0.99999898672103882 0
vn -0.0014127603499218822 -0.99999898672103882 0
vn -0.0014127603499218822 -0.99999898672103882 0
vn -0.0014127603499218822 -0.99999898672103882 0
vn -0.0014127603499218822 -0.99999898672103882 0
vn -0.0014127603499218822 -0.99999898672103882 0
vn -0.0014127603499218822 -0.99999898672103882 0
vn -0.0014127603499218822 -0.99999898672103882 0
vn -0.0014127603499218822 -0.99999898672103882 0
vn -0.0014127603499218822 -0.99999898672103882 0
vn -0.0014127603499218822 -0.99999898672103882 0
vn -0.0014127603499218822 -0.99999898672103882 0
vn -0.0014127603499218822 -0.99999898672103882 0
vn -0.0014127603499218822 -0.99999898672103882 0
vn -0.0014127603499218822 -0.99999898672103882 0
vn -0.0014127603499218822 -0.99999898672103882 0
vn -0.0014127603499218822 -0.99999898672103882 0
vn -0.0014127603499218822 -0.99999898672103882 0
vn -0.0014127603499218822 -0.99999898672103882 0
vn -0.0014127603499218822 -0.99999898672103882 0
vn -0.0014127603499218822 -0.99999898672103882 0
vn -0.0014127603499218822 -0.99999898672103882 0
vn -0.0014127603499218822 -0.99999898672103882 0
vn -0.0014127603499218822 -0.99999898672103882 0
vn -0.0014127603499218822 -0.99999898672103882 0
vn -0.0014127603499218822 -0.99999898672103882 0
vn -0.0014127603499218822 -0.99999898672103882 0
vn -0.0014127603499218822 -0.99999898672103882 0
vn -0.0014127603499218822 -0.99999898672103882 0
vn -0.0014127603499218822 -0.99999898672103882 0
vn -0.0014127603499218822 -0.99999898672103882 0
vn -0.0014127603499218822 -0.99999898672103882 0
vn -0.0014127603499218822 -0.99999898672103882 0
vn -0.0014127603499218822 -0.99999898672103882 0
vn -0.99999898672103882 0.0014127603499218822 0
vn -0.99999898672103882 0.0014127603499218822 0
vn -0.99999898672103882 0.0014127603499218822 0
vn -0.99999898672103882 0.0014127603499218822 0
vn -0.99999898672103882 0.0014127603499218822 0
vn -0.99999898672103882 0.0014127603499218822 0
vn -0.99999898672103882 0.0014127603499218822 0
vn -0.99999898672103882 0.0014127603499218822 0
vn -0.99999898672103882 0.0014127603499218822 0
vn -0.99999898672103882 0.0014127603499218822 0
vn -0.99999898672103882 0.0014127603499218822 0
vn -0.99999898672103882 0.0014127603499218822 0
vn -0.99999898672103882 0.0014127603499218822 0
vn -0.99999898672103882 0.0014127603499218822 0
vn -0.99999898672103882 0.0014127603499218822 0
vn -0.99999898672103882 0.0014127603499218822 0
vn -0.99999898672103882 0.0014127603499218822 0
vn -0.99999898672103882 0.0014127603499218822 0
vn -0.99999898672103882 0.0014127603499218822 0
vn -0.99999898672103882 0.0014127603499218822 0
vn -0.99999898672103882 0.0014127603499218822 0
vn -0.99999898672103882 0.0014127603499218822 0
vn -0.99999898672103882 0.0014127603499218822 0
vn -0.99999898672103882 0.0014127603499218822 0
vn -0.99999898672103882 0.0014127603499218822 0
vn -0.99999898672103882 0.0014127603499218822 0
vn -0.99999898672103882 0.0014127603499218822 0
vn -0.99999898672103882 0.0014127603499218822 0
vn -0.99999898672103882 0.0014127603499218822 0
vn -0.99999898672103882 0.0014127603499218822 0
vn -0.99999898672103882 0.0014127603499218822 0
vn -0.99999898672103882 0.0014127603499218822 0
vn -0.99999898672103882 0.0014127603499218822 0
vn -0.99999898672103882 0.0014127603499218822 0
vn -0.99999898672103882 0.0014127603499218822 0
vn -0.99999898672103882 0.0014127603499218822 0
vn -0.99999898672103882 0.0014127603499218822 0
vn -0.99999898672103882 0.0014127603499218822 0
vn -0.99999898672103882 0.0014127603499218822 0
vn -0.99999898672103882 0.0014127603499218822 0
vn -0.99999898672103882 0.0014127603499218822 0
vn -0.99999898672103882 0.0014127603499218822 0
vn -0.99999898672103882 0.0014127603499218822 0
vn -0.99999898672103882 0.0014127603499218822 0
vn -0.99999898672103882 0.0014127603499218822 0
vn -0.99999898672103882 0.0014127603499218822 0
vn -0.99999898672103882 0.0014127603499218822 0
vn -0.99999898672103882 0.0014127603499218822 0
vn -0.99999898672103882 0.0014127603499218822 0
vn -0.99999898672103882 0.0014127603499218822 0
vn -0.99999898672103882 0.0014127603499218822 0
vn -0.99999898672103882 0.0014127603499218822 0
vn -0.99999898672103882 0.0014127603499218822 0
vn -0.99999898672103882 0.0014127603499218822 0
vn -0.99999898672103882 0.0014127603499218822 0
vn -0.99999898672103882 0.0014127603499218822 0
vn -0.99999898672103882 0.0014127603499218822 0
vn -0.99999898672103882 0.0014127603499218822 0
vn -0.99999898672103882 0.0014127603499218822 0
vn -0.99999898672103882 0.0014127603499218822 0
vn -0.99999898672103882 0.0014127603499218822 0
vn -0.99999898672103882 0.0014127603499218822 0
vn -0.99999898672103882 0.0014127603499218822 0
vn -0.99999898672103882 0.0014127603499218822 0
vn -0.99999898672103882 0.0014127603499218822 0
vn -0.99999898672103882 0.0014127603499218822 0
vn -0.99999898672103882 0.0014127603499218822 0
vn -0.99999898672103882 0.0014127603499218822 0
vn -0.99999898672103882 0.0014127603499218822 0
vn -0.99999898672103882 0.0014127603499218822 0
vn -0.99999898672103882 0.0014127603499218822 0
vn -0.99999898672103882 0.0014127603499218822 0
vn -0.99999898672103882 0.0014127603499218822 0
vn -0.99999898672103882 0.0014127603499218822 0
vn -0.99999898672103882 0.0014127603499218822 0
vn -0.99999898672103882 0.0014127603499218822 0
vn -0.99999898672103882 0.0014127603499218822 0
vn -0.99999898672103882 0.0014127603499218822 0
vn -0.99999898672103882 0.0014127603499218822 0
vn -0.99999898672103882 0.0014127603499218822 0
vn -0.99999898672103882 0.0014127603499218822 0
vn -0.99999898672103882 0.0014127603499218822 0
vn -0.99999898672103882 0.0014127603499218822 0
vn -0.99999898672103882 0.0014127603499218822 0
vn -0.99999898672103882 0.0014127603499218822 0
vn -0.99999898672103882 0.0014127603499218822 0
vn -0.99999898672103882 0.0014127603499218822 0
vn -0.99999898672103882 0.0014127603499218822 0
vn -0.99999898672103882 0.0014127603499218822 0
vn -0.99999898672103882 0.0014127603499218822 0
vn -0.99999898672103882 0.0014127603499218822 0
vn -0.99999898672103882 0.0014127603499218822 0
vn -0.99999898672103882 0.0014127603499218822 0
vn -0.99999898672103882 0.0014127603499218822 0
vn -0.99999898672103882 0.0014127603499218822 0
vn -0.99999898672103882 0.0014127603499218822 0
vn -0.99999898672103882 0.0014127603499218822 0
vn -0.99999898672103882 0.0014127603499218822 0
vn -0.99999898672103882 0.0014127603499218822 0
vn -0.99999898672103882 0.0014127603499218822 0
vn -0.99999898672103882 0.0014127603499218822 0
vn -0.99999898672103882 0.0014127603499218822 0
vn -0.99999898672103882 0.0014127603499218822 0
vn -0.99999898672103882 0.0014127603499218822 0
vn -0.99999898672103882 0.0014127603499218822 0
vn -0.99999898672103882 0.0014127603499218822 0
vn -0.99999898672103882 0.0014127603499218822 0
vn -0.99999898672103882 0.0014127603499218822 0
vn -0.99999898672103882 0.0014127603499218822 0
vn -0.99999898672103882 0.0014127603499218822 0
vn -0.99999898672103882 0.0014127603499218822 0
vn -0.99999898672103882 0.0014127603499218822 0
vn -0.99999898672103882 0.0014127603499218822 0
vn -0.99999898672103882 0.0014127603499218822 0
vn -0.99999898672103882 0.0014127603499218822 0
vn -0.99999898672103882 0.0014127603499218822 0
vn -0.99999898672103882 0.0014127603499218822 0
vn -0.99999898672103882 0.0014127603499218822 0
vn -0.99999898672103882 0.0014127603499218822 0
vn -0.99999898672103882 0.0014127603499218822 0
vn -0.99999898672103882 0.0014127603499218822 0
vn -0.99999898672103882 0.0014127603499218822 0
vn -0.99999898672103882 0.0014127603499218822 0
vn -0.99999898672103882 0.0014127603499218822 0
vn -0.99999898672103882 0.0014127603499218822 0
vn -0.99999898672103882 0.0014127603499218822 0
vn -0.99999898672103882 0.0014127603499218822 0
vn -0.99999898672103882 0.0014127603499218822 0
vn -0.99999898672103882 0.0014127603499218822 0
vn -0.99999898672103882 0.0014127603499218822 0
vn -0.99999898672103882 0.0014127603499218822 0
vn -0.99999898672103882 0.0014127603499218822 0
vn -0.99999898672103882 0.0014127603499218822 0
vn -0.99999898672103882 0.0014127603499218822 0
vn -0.99999898672103882 0.0014127603499218822 0
vn -0.99999898672103882 0.0014127603499218822 0
vn -0.99999898672103882 0.0014127603499218822 0
vn 0 0 1
vn 0 0 1
vn 0 0 1
vn 0 0 1
vn 0 0 1
vn 0 0 1
vn 0 0 1
vn 0 0 1
vn 0 0 1
vn 0 0 1
vn 0 0 1
vn 0 0 1
vn 0 0 1
vn 0 0 1
vn 0 0 1
vn 0 0 1
vn 0 0 1
vn 0 0 1
vn 0 0 1
vn 0 0 1
vn 0 0 1
vn 0 0 1
vn 0 0 1
vn 0 0 1
vn 0 0 1
vn 0 0 1
vn 0 0 1
vn 0 0 1
vn 0 0 1
vn 0 0 1
vn 0 0 1
vn 0 0 1
vn 0 0 1
vn 0 0 1
vn 0 0 1
vn 0 0 1
vn 0 0 1
vn 0 0 1
vn 0 0 1
vn 0 0 1
vn 0 0 1
vn 0 0 1
vn 0 0 1
vn 0 0 1
vn 0 0 1
vn 0 0 1
vn 0 0 1
vn 0 0 1
vn 0 0 1
vn 0 0 1
vn 0 0 1
vn 0 0 1
vn 0 0 1
vn 0 0 1
vn 0 0 1
vn 0 0 1
vn 0 0 1
vn 0 0 1
vn 0 0 1
vn 0 0 1
vn 0 0 1
vn 0 0 1
vn 0 0 1
vn 0 0 1
vn 0 0 1
vn 0 0 1
vn 0 0 1
vn 0 0 1
vn 0 0 1
vn 0 0 1
vn 0 0 1
vn 0 0 1
vn 0 0 1
vn 0 0 1
vn 0 0 1
vn 0 0 1
vn 0 0 1
vn 0 0 1
vn 0 0 1
vn 0 0 1
vn 0 0 1
vn 0 0 1
vn 0 0 1
vn 0 0 1
vn 0 0 1
vn 0 0 1
vn 0 0 1
vn 0 0 1
vn 0 0 1
vn 0 0 1
vn 0 0 1
vn 0 0 1
vn 0 0 1
vn 0 0 1
vn 0 0 1
vn 0 0 1
vn 0 0 1
vn 0 0 1
vn 0 0 1
vn 0 0 1
vn 0 0 1
vn 0 0 1
vn 0 0 1
vn 0 0 1
vn 0 0 1
vn 0 0 1
vn 0 0 1
vn 0 0 1
vn 0 0 1
vn 0 0 1
vn 0 0 1
vn 0 0 1
vn 0 0 1
vn 0 0 1
vn 0 0 1
vn 0 0 1
vn 0 0 1
vn 0 0 1
vn 0 0 1
vn 0 0 1
vn 0 0 1
vn 0 0 1
vn 0 0 -1
vn 0 0 -1
vn 0 0 -1
vn 0 0 -1
vn 0 0 -1
vn 0 0 -1
vn 0 0 -1
vn 0 0 -1
vn 0 0 -1
vn 0 0 -1
vn 0 0 -1
vn 0 0 -1
vn 0 0 -1
vn 0 0 -1
vn 0 0 -1
vn 0 0 -1
vn 0 0 -1
vn 0 0 -1
vn 0 0 -1
vn 0 0 -1
vn 0 0 -1
vn 0 0 -1
vn 0 0 -1
vn 0 0 -1
vn 0 0 -1
vn 0 0 -1
vn 0 0 -1
vn 0 0 -1
vn 0 0 -1
vn 0 0 -1
vn 0 0 -1
vn 0 0 -1
vn 0 0 -1
vn 0 0 -1
vn 0 0 -1
vn 0 0 -1
vn 0 0 -1
vn 0 0 -1
vn 0 0 -1
vn 0 0 -1
vn 0 0 -1
vn 0 0 -1
vn 0 0 -1
vn 0 0 -1
vn 0 0 -1
vn 0 0 -1
vn 0 0 -1
vn 0 0 -1
vn 0 0 -1
vn 0 0 -1
vn 0 0 -1
vn 0 0 -1
vn 0 0 -1
vn 0 0 -1
vn 0 0 -1
vn 0 0 -1
vn 0 0 -1
vn 0 0 -1
vn 0 0 -1
vn 0 0 -1
vn 0 0 -1
vn 0 0 -1
vn 0 0 -1
vn 0 0 -1
vn 0 0 -1
vn 0 0 -1
vn 0 0 -1
vn 0 0 -1
vn 0 0 -1
vn 0 0 -1
vn 0 0 -1
vn 0 0 -1
vn 0 0 -1
vn 0 0 -1
vn 0 0 -1
vn 0 0 -1
vn 0 0 -1
vn 0 0 -1
vn 0 0 -1
vn 0 0 -1
vn 0 0 -1
vn 0 0 -1
vn 0 0 -1
vn 0 0 -1
vn 0 0 -1
vn 0 0 -1
vn 0 0 -1
vn 0 0 -1
vn 0 0 -1
vn 0 0 -1
vn 0 0 -1
vn 0 0 -1
vn 0 0 -1
vn 0 0 -1
vn 0 0 -1
vn 0 0 -1
vn 0 0 -1
vn 0 0 -1
vn 0 0 -1
vn 0 0 -1
vn 0 0 -1
vn 0 0 -1
vn 0 0 -1
vn 0 0 -1
vn 0 0 -1
vn 0 0 -1
vn 0 0 -1
vn 0 0 -1
vn 0 0 -1
vn 0 0 -1
vn 0 0 -1
vn 0 0 -1
vn 0 0 -1
vn 0 0 -1
vn 0 0 -1
vn 0 0 -1
vn 0 0 -1
vn 0 0 -1
vn 0 0 -1
vn 0 0 -1
vn 0 0 -1
vn 0 0 -1
f 2641/2641/2641 2642/2642/2642 2609/2609/2609 2618/2618/2618 2607/2607/2607 2610/2610/2610 2611/2611/2611 2612/2612/2612 2613/2613/2613 2614/2614/2614 2615/2615/2615 2616/2616/2616 2606/2606/2606 2619/2619/2619 2608/2608/2608 2637/2637/2637 2638/2638/2638 2639/2639/2639 2617/2617/2617 2640/2640/2640
f 2878/2878/2878 2877/2877/2877 2876/2876/2876 2875/2875/2875 2874/2874/2874 2873/2873/2873 2872/2872/2872 2871/2871/2871 2870/2870/2870 2868/2868/2868 2982/2982/2982 2981/2981/2981 2980/2980/2980 2979/2979/2979 2978/2978/2978 2977/2977/2977 2976/2976/2976 2975/2975/2975 2974/2974/2974 2973/2973/2973 2972/2972/2972 2971/2971/2971 2970/2970/2970 2969/2969/2969 2968/2968/2968 2967/2967/2967 2966/2966/2966 2866/2866/2866 2928/2928/2928 2927/2927/2927 2926/2926/2926 2925/2925/2925 2924/2924/2924 2923/2923/2923 2922/2922/2922 2921/2921/2921 2920/2920/2920 2867/2867/2867 2919/2919/2919 2869/2869/2869
f 3000/3000/3000 2991/2991/2991 3041/3041/3041 2989/2989/2989 3042/3042/3042 3043/3043/3043 3044/3044/3044 3045/3045/3045 3046/3046/3046 3047/3047/3047 3048/3048/3048 3049/3049/3049 3050/3050/3050 2988/2988/2988 3088/3088/3088 3089/3089/3089 3090/3090/3090 3091/3091/3091 3092/3092/3092 3093/3093/3093 3094/3094/3094 3095/3095/3095 3096/3096/3096 3097/3097/3097 3098/3098/3098 3099/3099/3099 3100/3100/3100 3101/3101/3101 3102/3102/3102 3103/3103/3103 3104/3104/3104 2990/2990/2990 2992/2992/2992 2993/2993/2993 2994/2994/2994 2995/2995/2995 2996/2996/2996 2997/2997/2997 2998/2998/2998 2999/2999/2999
f 2540/2540/2540 2571/2571/2571 2536/2536/2536
f 2591/2591/2591 2571/2571/2571 2596/2596/2596
f 2540/2540/2540 2596/2596/2596 2571/2571/2571
f 2570/2570/2570 2571/2571/2571 2591/2591/2591
f 2569/2569/2569 2570/2570/2570 2591/2591/2591 2592/2592/2592
f 2569/2569/2569 2592/2592/2592 2593/2593/2593
f 2568/2568/2568 2569/2569/2569 2593/2593/2593
f 2597/2597/2597 2596/2596/2596 2541/2541/2541 2542/2542/2542
f 2597/2597/2597 2543/2543/2543 2544/2544/2544
f 2597/2597/2597 2542/2542/2542 2543/2543/2543
f 2591/2591/2591 2596/2596/2596 2590/2590/2590
f 2588/2588/2588 2589/2589/2589 2597/2597/2597
f 2596/2596/2596 2597/2597/2597 2589/2589/2589 2590/2590/2590
f 2597/2597/2597 2598/2598/2598 2587/2587/2587 2588/2588/2588
f 2540/2540/2540 2541/2541/2541 2596/2596/2596
f 2567/2567/2567 2568/2568/2568 2594/2594/2594 2595/2595/2595
f 2594/2594/2594 2568/2568/2568 2593/2593/2593
f 2566/2566/2566 2567/2567/2567 2595/2595/2595 2572/2572/2572
f 2572/2572/2572 2565/2565/2565 2566/2566/2566
f 2537/2537/2537 2565/2565/2565 2564/2564/2564
f 2565/2565/2565 2599/2599/2599 2564/2564/2564
f 2572/2572/2572 2599/2599/2599 2565/2565/2565
f 2573/2573/2573 2574/2574/2574 2600/2600/2600
f 2572/2572/2572 2573/2573/2573 2599/2599/2599
f 2573/2573/2573 2600/2600/2600 2599/2599/2599
f 2575/2575/2575 2600/2600/2600 2574/2574/2574
f 2563/2563/2563 2599/2599/2599 2562/2562/2562
f 2560/2560/2560 2561/2561/2561 2600/2600/2600
f 2562/2562/2562 2600/2600/2600 2561/2561/2561
f 2600/2600/2600 2601/2601/2601 2560/2560/2560
f 2599/2599/2599 2600/2600/2600 2562/2562/2562
f 2601/2601/2601 2600/2600/2600 2575/2575/2575 2576/2576/2576
f 2564/2564/2564 2599/2599/2599 2563/2563/2563
f 2597/2597/2597 2544/2544/2544 2598/2598/2598
f 2602/2602/2602 2598/2598/2598 2545/2545/2545 2546/2546/2546
f 2547/2547/2547 2602/2602/2602 2546/2546/2546
f 2586/2586/2586 2587/2587/2587 2598/2598/2598
f 2586/2586/2586 2602/2602/2602 2585/2585/2585
f 2602/2602/2602 2603/2603/2603 2584/2584/2584 2585/2585/2585
f 2586/2586/2586 2598/2598/2598 2602/2602/2602
f 2603/2603/2603 2602/2602/2602 2547/2547/2547
f 2545/2545/2545 2598/2598/2598 2544/2544/2544
f 2549/2549/2549 2603/2603/2603 2548/2548/2548
f 2547/2547/2547 2548/2548/2548 2603/2603/2603
f 2548/2548/2548 2538/2538/2538 2549/2549/2549
f 2584/2584/2584 2603/2603/2603 2549/2549/2549
f 2583/2583/2583 2584/2584/2584 2550/2550/2550 2551/2551/2551
f 2582/2582/2582 2583/2583/2583 2551/2551/2551
f 2552/2552/2552 2582/2582/2582 2551/2551/2551
f 2550/2550/2550 2584/2584/2584 2549/2549/2549
f 2560/2560/2560 2601/2601/2601 2559/2559/2559
f 2577/2577/2577 2601/2601/2601 2576/2576/2576
f 2604/2604/2604 2601/2601/2601 2577/2577/2577
f 2578/2578/2578 2604/2604/2604 2577/2577/2577
f 2558/2558/2558 2559/2559/2559 2601/2601/2601 2604/2604/2604
f 2604/2604/2604 2605/2605/2605 2557/2557/2557 2558/2558/2558
f 2605/2605/2605 2604/2604/2604 2578/2578/2578 2579/2579/2579
f 2556/2556/2556 2557/2557/2557 2605/2605/2605
f 2580/2580/2580 2581/2581/2581 2552/2552/2552 2553/2553/2553
f 2552/2552/2552 2581/2581/2581 2582/2582/2582
f 2553/2553/2553 2554/2554/2554 2579/2579/2579 2580/2580/2580
f 2579/2579/2579 2555/2555/2555 2605/2605/2605
f 2556/2556/2556 2605/2605/2605 2555/2555/2555
f 2579/2579/2579 2554/2554/2554 2555/2555/2555
f 2556/2556/2556 2555/2555/2555 2539/2539/2539
f 2668/2668/2668 2667/2667/2667 2657/2657/2657
f 2719/2719/2719 2667/2667/2667 2668/2668/2668
f 2669/2669/2669 2719/2719/2719 2668/2668/2668
f 2720/2720/2720 2665/2665/2665 2666/2666/2666
f 2664/2664/2664 2665/2665/2665 2720/2720/2720
f 2719/2719/2719 2720/2720/2720 2666/2666/2666
f 2719/2719/2719 2701/2701/2701 2720/2720/2720
f 2720/2720/2720 2721/2721/2721 2664/2664/2664
f 2719/2719/2719 2666/2666/2666 2667/2667/2667
f 2699/2699/2699 2719/2719/2719 2669/2669/2669
f 2698/2698/2698 2699/2699/2699 2670/2670/2670 2671/2671/2671
f 2669/2669/2669 2670/2670/2670 2699/2699/2699
f 2671/2671/2671 2672/2672/2672 2697/2697/2697 2698/2698/2698
f 2720/2720/2720 2701/2701/2701 2702/2702/2702
f 2701/2701/2701 2719/2719/2719 2700/2700/2700
f 2699/2699/2699 2700/2700/2700 2719/2719/2719
f 2702/2702/2702 2703/2703/2703 2720/2720/2720
f 2662/2662/2662 2663/2663/2663 2721/2721/2721 2722/2722/2722
f 2722/2722/2722 2705/2705/2705 2723/2723/2723
f 2721/2721/2721 2663/2663/2663 2664/2664/2664
f 2722/2722/2722 2723/2723/2723 2661/2661/2661 2662/2662/2662
f 2692/2692/2692 2658/2658/2658 2661/2661/2661
f 2691/2691/2691 2692/2692/2692 2723/2723/2723
f 2661/2661/2661 2723/2723/2723 2692/2692/2692
f 2723/2723/2723 2706/2706/2706 2691/2691/2691
f 2704/2704/2704 2722/2722/2722 2721/2721/2721
f 2723/2723/2723 2705/2705/2705 2706/2706/2706
f 2721/2721/2721 2703/2703/2703 2704/2704/2704
f 2704/2704/2704 2705/2705/2705 2722/2722/2722
f 2689/2689/2689 2690/2690/2690 2706/2706/2706 2707/2707/2707
f 2688/2688/2688 2689/2689/2689 2707/2707/2707 2708/2708/2708
f 2708/2708/2708 2709/2709/2709 2688/2688/2688
f 2691/2691/2691 2706/2706/2706 2690/2690/2690
f 2703/2703/2703 2721/2721/2721 2720/2720/2720
f 2696/2696/2696 2697/2697/2697 2672/2672/2672
f 2673/2673/2673 2695/2695/2695 2696/2696/2696
f 2672/2672/2672 2673/2673/2673 2696/2696/2696
f 2673/2673/2673 2674/2674/2674 2694/2694/2694 2695/2695/2695
f 2674/2674/2674 2675/2675/2675 2693/2693/2693 2694/2694/2694
f 2724/2724/2724 2718/2718/2718 2693/2693/2693
f 2717/2717/2717 2718/2718/2718 2724/2724/2724
f 2693/2693/2693 2675/2675/2675 2676/2676/2676
f 2724/2724/2724 2693/2693/2693 2677/2677/2677
f 2676/2676/2676 2677/2677/2677 2693/2693/2693
f 2676/2676/2676 2659/2659/2659 2677/2677/2677
f 2678/2678/2678 2724/2724/2724 2677/2677/2677
f 2715/2715/2715 2716/2716/2716 2725/2725/2725 2726/2726/2726
f 2716/2716/2716 2717/2717/2717 2725/2725/2725
f 2724/2724/2724 2725/2725/2725 2717/2717/2717
f 2725/2725/2725 2679/2679/2679 2680/2680/2680
f 2725/2725/2725 2724/2724/2724 2678/2678/2678 2679/2679/2679
f 2680/2680/2680 2726/2726/2726 2725/2725/2725
f 2727/2727/2727 2713/2713/2713 2714/2714/2714
f 2714/2714/2714 2715/2715/2715 2726/2726/2726 2727/2727/2727
f 2686/2686/2686 2687/2687/2687 2710/2710/2710 2711/2711/2711
f 2709/2709/2709 2710/2710/2710 2687/2687/2687
f 2685/2685/2685 2686/2686/2686 2711/2711/2711 2712/2712/2712
f 2712/2712/2712 2713/2713/2713 2728/2728/2728
f 2688/2688/2688 2709/2709/2709 2687/2687/2687
f 2728/2728/2728 2727/2727/2727 2682/2682/2682 2683/2683/2683
f 2681/2681/2681 2682/2682/2682 2727/2727/2727 2726/2726/2726
f 2727/2727/2727 2728/2728/2728 2713/2713/2713
f 2683/2683/2683 2712/2712/2712 2728/2728/2728
f 2660/2660/2660 2684/2684/2684 2683/2683/2683
f 2712/2712/2712 2683/2683/2683 2684/2684/2684
f 2685/2685/2685 2712/2712/2712 2684/2684/2684
f 2726/2726/2726 2680/2680/2680 2681/2681/2681
f 2738/2738/2738 2736/2736/2736 2735/2735/2735 2737/2737/2737
f 2740/2740/2740 2738/2738/2738 2737/2737/2737 2739/2739/2739
f 2747/2747/2747 2740/2740/2740 2739/2739/2739 2746/2746/2746
f 2748/2748/2748 2741/2741/2741 2740/2740/2740 2747/2747/2747
f 2749/2749/2749 2742/2742/2742 2741/2741/2741 2748/2748/2748
f 2750/2750/2750 2743/2743/2743 2742/2742/2742 2749/2749/2749
f 2751/2751/2751 2744/2744/2744 2743/2743/2743 2750/2750/2750
f 2752/2752/2752 2745/2745/2745 2744/2744/2744 2751/2751/2751
f 2754/2754/2754 2747/2747/2747 2746/2746/2746 2753/2753/2753
f 2748/2748/2748 2747/2747/2747 2754/2754/2754
f 2756/2756/2756 2754/2754/2754 2753/2753/2753 2755/2755/2755
f 2758/2758/2758 2756/2756/2756 2755/2755/2755 2757/2757/2757
f 2760/2760/2760 2758/2758/2758 2757/2757/2757 2759/2759/2759
f 2762/2762/2762 2760/2760/2760 2759/2759/2759 2761/2761/2761
f 2764/2764/2764 2762/2762/2762 2761/2761/2761 2763/2763/2763
f 2766/2766/2766 2764/2764/2764 2763/2763/2763 2765/2765/2765
f 2768/2768/2768 2766/2766/2766 2765/2765/2765 2767/2767/2767
f 2780/2780/2780 2729/2729/2729 2781/2781/2781
f 2730/2730/2730 2780/2780/2780 2735/2735/2735 2736/2736/2736
f 2781/2781/2781 2735/2735/2735 2780/2780/2780
f 2735/2735/2735 2781/2781/2781 2782/2782/2782
f 2737/2737/2737 2782/2782/2782 2783/2783/2783
f 2739/2739/2739 2737/2737/2737 2783/2783/2783 2784/2784/2784
f 2735/2735/2735 2782/2782/2782 2737/2737/2737
f 2779/2779/2779 2730/2730/2730 2736/2736/2736 2847/2847/2847
f 2778/2778/2778 2779/2779/2779 2840/2840/2840
f 2779/2779/2779 2847/2847/2847 2840/2840/2840
f 2741/2741/2741 2847/2847/2847 2738/2738/2738
f 2736/2736/2736 2738/2738/2738 2847/2847/2847
f 2838/2838/2838 2839/2839/2839 2847/2847/2847
f 2847/2847/2847 2741/2741/2741 2837/2837/2837 2838/2838/2838
f 2840/2840/2840 2847/2847/2847 2839/2839/2839
f 2746/2746/2746 2785/2785/2785 2786/2786/2786
f 2746/2746/2746 2739/2739/2739 2784/2784/2784 2785/2785/2785
f 2753/2753/2753 2746/2746/2746 2786/2786/2786 2787/2787/2787
f 2787/2787/2787 2788/2788/2788 2755/2755/2755 2753/2753/2753
f 2755/2755/2755 2788/2788/2788 2789/2789/2789
f 2738/2738/2738 2740/2740/2740 2741/2741/2741
f 2848/2848/2848 2754/2754/2754 2756/2756/2756
f 2837/2837/2837 2741/2741/2741 2742/2742/2742
f 2848/2848/2848 2748/2748/2748 2754/2754/2754
f 2822/2822/2822 2823/2823/2823 2848/2848/2848
f 2823/2823/2823 2824/2824/2824 2848/2848/2848
f 2848/2848/2848 2849/2849/2849 2821/2821/2821 2822/2822/2822
f 2848/2848/2848 2756/2756/2756 2758/2758/2758 2849/2849/2849
f 2848/2848/2848 2824/2824/2824 2748/2748/2748
f 2824/2824/2824 2749/2749/2749 2748/2748/2748
f 2731/2731/2731 2778/2778/2778 2841/2841/2841
f 2841/2841/2841 2778/2778/2778 2840/2840/2840
f 2732/2732/2732 2731/2731/2731 2841/2841/2841 2842/2842/2842
f 2842/2842/2842 2843/2843/2843 2813/2813/2813 2814/2814/2814
f 2845/2845/2845 2846/2846/2846 2743/2743/2743 2744/2744/2744
f 2846/2846/2846 2837/2837/2837 2742/2742/2742 2743/2743/2743
f 2733/2733/2733 2732/2732/2732 2842/2842/2842
f 2814/2814/2814 2734/2734/2734 2733/2733/2733
f 2814/2814/2814 2733/2733/2733 2842/2842/2842
f 2850/2850/2850 2844/2844/2844 2845/2845/2845
f 2811/2811/2811 2812/2812/2812 2850/2850/2850 2745/2745/2745
f 2850/2850/2850 2812/2812/2812 2813/2813/2813
f 2845/2845/2845 2745/2745/2745 2850/2850/2850
f 2843/2843/2843 2850/2850/2850 2813/2813/2813
f 2850/2850/2850 2843/2843/2843 2844/2844/2844
f 2750/2750/2750 2749/2749/2749 2825/2825/2825
f 2825/2825/2825 2826/2826/2826 2751/2751/2751 2750/2750/2750
f 2851/2851/2851 2826/2826/2826 2827/2827/2827
f 2825/2825/2825 2749/2749/2749 2824/2824/2824
f 2826/2826/2826 2752/2752/2752 2751/2751/2751
f 2745/2745/2745 2752/2752/2752 2810/2810/2810 2811/2811/2811
f 2752/2752/2752 2809/2809/2809 2810/2810/2810
f 2809/2809/2809 2752/2752/2752 2808/2808/2808
f 2851/2851/2851 2852/2852/2852 2805/2805/2805 2806/2806/2806
f 2851/2851/2851 2752/2752/2752 2826/2826/2826
f 2851/2851/2851 2807/2807/2807 2808/2808/2808
f 2851/2851/2851 2806/2806/2806 2807/2807/2807
f 2852/2852/2852 2851/2851/2851 2828/2828/2828 2829/2829/2829
f 2752/2752/2752 2851/2851/2851 2808/2808/2808
f 2827/2827/2827 2828/2828/2828 2851/2851/2851
f 2845/2845/2845 2744/2744/2744 2745/2745/2745
f 2757/2757/2757 2789/2789/2789 2790/2790/2790
f 2790/2790/2790 2791/2791/2791 2759/2759/2759 2757/2757/2757
f 2761/2761/2761 2792/2792/2792 2793/2793/2793
f 2761/2761/2761 2759/2759/2759 2791/2791/2791 2792/2792/2792
f 2849/2849/2849 2853/2853/2853 2820/2820/2820 2821/2821/2821
f 2849/2849/2849 2758/2758/2758 2760/2760/2760 2853/2853/2853
f 2762/2762/2762 2854/2854/2854 2853/2853/2853 2760/2760/2760
f 2853/2853/2853 2854/2854/2854 2818/2818/2818 2819/2819/2819
f 2820/2820/2820 2853/2853/2853 2819/2819/2819
f 2854/2854/2854 2762/2762/2762 2764/2764/2764 2855/2855/2855
f 2763/2763/2763 2761/2761/2761 2793/2793/2793 2794/2794/2794
f 2794/2794/2794 2795/2795/2795 2765/2765/2765 2763/2763/2763
f 2765/2765/2765 2795/2795/2795 2796/2796/2796
f 2797/2797/2797 2767/2767/2767 2796/2796/2796
f 2797/2797/2797 2769/2769/2769 2775/2775/2775
f 2765/2765/2765 2796/2796/2796 2767/2767/2767
f 2775/2775/2775 2767/2767/2767 2797/2797/2797
f 2766/2766/2766 2856/2856/2856 2855/2855/2855 2764/2764/2764
f 2855/2855/2855 2856/2856/2856 2816/2816/2816 2817/2817/2817
f 2856/2856/2856 2766/2766/2766 2768/2768/2768 2857/2857/2857
f 2768/2768/2768 2767/2767/2767 2775/2775/2775 2770/2770/2770
f 2770/2770/2770 2776/2776/2776 2857/2857/2857 2768/2768/2768
f 2815/2815/2815 2856/2856/2856 2857/2857/2857
f 2854/2854/2854 2855/2855/2855 2817/2817/2817 2818/2818/2818
f 2858/2858/2858 2857/2857/2857 2776/2776/2776 2777/2777/2777
f 2829/2829/2829 2830/2830/2830 2859/2859/2859 2852/2852/2852
f 2860/2860/2860 2831/2831/2831 2832/2832/2832
f 2859/2859/2859 2830/2830/2830 2831/2831/2831
f 2833/2833/2833 2834/2834/2834 2861/2861/2861 2862/2862/2862
f 2832/2832/2832 2833/2833/2833 2862/2862/2862 2860/2860/2860
f 2852/2852/2852 2859/2859/2859 2804/2804/2804 2805/2805/2805
f 2803/2803/2803 2804/2804/2804 2859/2859/2859 2860/2860/2860
f 2860/2860/2860 2862/2862/2862 2801/2801/2801 2802/2802/2802
f 2860/2860/2860 2802/2802/2802 2803/2803/2803
f 2800/2800/2800 2801/2801/2801 2862/2862/2862 2861/2861/2861
f 2860/2860/2860 2859/2859/2859 2831/2831/2831
f 2836/2836/2836 2815/2815/2815 2858/2858/2858 2863/2863/2863
f 2858/2858/2858 2815/2815/2815 2857/2857/2857
f 2863/2863/2863 2864/2864/2864 2835/2835/2835 2836/2836/2836
f 2863/2863/2863 2858/2858/2858 2777/2777/2777 2771/2771/2771
f 2864/2864/2864 2863/2863/2863 2771/2771/2771 2772/2772/2772
f 2772/2772/2772 2773/2773/2773 2865/2865/2865 2864/2864/2864
f 2861/2861/2861 2834/2834/2834 2835/2835/2835
f 2861/2861/2861 2799/2799/2799 2800/2800/2800
f 2865/2865/2865 2861/2861/2861 2835/2835/2835
f 2865/2865/2865 2773/2773/2773 2774/2774/2774 2798/2798/2798
f 2864/2864/2864 2865/2865/2865 2835/2835/2835
f 2865/2865/2865 2798/2798/2798 2799/2799/2799
f 2861/2861/2861 2865/2865/2865 2799/2799/2799
f 2815/2815/2815 2816/2816/2816 2856/2856/2856
f 2789/2789/2789 2757/2757/2757 2755/2755/2755
o object_12
usemtl diffuse_Black
v -32.746486663818359 -14.887491226196289 0.40000000596046448
v -32.746486663818359 -14.887491226196289 3.785520076751709
v -32.734035491943359 -18.02813720703125 6.180717945098877
v -32.734035491943359 -18.02813720703125 18.107906341552734
v -32.705043792724609 -25.312534332275391 18.107906341552734
v -32.675319671630859 -32.788825988769531 9.6171998977661133
v -32.675319671630859 -32.788825988769531 0.40000000596046448
v -32.710903167724609 -23.838157653808594 0.40000000596046448
v -75.165977478027344 -15.056221008300781 0.40000000596046448
v -75.165977478027344 -15.056221008300781 3.785520076751709
v -75.153465270996094 -18.196866989135742 6.180717945098877
v -75.153465270996094 -18.196866989135742 18.107906341552734
v -75.124473571777344 -25.481264114379883 18.107906341552734
v -75.094749450683594 -32.957557678222656 9.6171998977661133
v -75.094749450683594 -32.957557678222656 0.40000000596046448
v -75.130332946777344 -24.006887435913086 0.40000000596046448
v -75.165977478027344 -15.056221008300781 3.785520076751709
v -32.746486663818359 -14.887491226196289 3.785520076751709
v -75.165977478027344 -15.056221008300781 0.40000000596046448
v -32.746486663818359 -14.887491226196289 0.40000000596046448
v -64.561119079589844 -15.0140380859375 0.40000000596046448
v -53.956264495849609 -14.971855163574219 0.40000000596046448
v -43.351345062255859 -14.92967414855957 0.40000000596046448
v -43.351345062255859 -14.92967414855957 3.785520076751709
v -53.956264495849609 -14.971855163574219 3.785520076751709
v -64.561119079589844 -15.0140380859375 3.785520076751709
v -75.153465270996094 -18.196866989135742 6.180717945098877
v -32.734035491943359 -18.02813720703125 6.180717945098877
v -75.165977478027344 -15.056221008300781 3.785520076751709
v -32.746486663818359 -14.887491226196289 3.785520076751709
v -64.561119079589844 -15.0140380859375 3.785520076751709
v -53.956264495849609 -14.971855163574219 3.785520076751709
v -43.351345062255859 -14.92967414855957 3.785520076751709
v -46.873805999755859 -18.084381103515625 6.180717945098877
v -61.013637542724609 -18.140625 6.180717945098877
v -75.153465270996094 -18.196866989135742 18.107906341552734
v -32.734035491943359 -18.02813720703125 18.107906341552734
v -75.153465270996094 -18.196866989135742 6.180717945098877
v -32.734035491943359 -18.02813720703125 6.180717945098877
v -61.013637542724609 -18.140625 6.180717945098877
v -46.873805999755859 -18.084381103515625 6.180717945098877
v -53.943752288818359 -18.112503051757813 18.107906341552734
v -75.124473571777344 -25.481264114379883 18.107906341552734
v -32.705043792724609 -25.312534332275391 18.107906341552734
v -75.153465270996094 -18.196866989135742 18.107906341552734
v -32.734035491943359 -18.02813720703125 18.107906341552734
v -53.943752288818359 -18.112503051757813 18.107906341552734
v -53.914760589599609 -25.39689826965332 18.107906341552734
v -75.094749450683594 -32.957557678222656 9.6171998977661133
v -32.675319671630859 -32.788825988769531 9.6171998977661133
v -75.124473571777344 -25.481264114379883 18.107906341552734
v -32.705043792724609 -25.312534332275391 18.107906341552734
v -53.914760589599609 -25.39689826965332 18.107906341552734
v -53.885036468505859 -32.873191833496094 9.6171998977661133
v -75.094749450683594 -32.957557678222656 0.40000000596046448
v -32.675319671630859 -32.788825988769531 0.40000000596046448
v -75.094749450683594 -32.957557678222656 9.6171998977661133
v -32.675319671630859 -32.788825988769531 9.6171998977661133
v -53.885036468505859 -32.873191833496094 9.6171998977661133
v -53.885036468505859 -32.873191833496094 0.40000000596046448
v -75.165977478027344 -15.056221008300781 0.40000000596046448
v -32.746486663818359 -14.887491226196289 0.40000000596046448
v -75.094749450683594 -32.957557678222656 0.40000000596046448
v -32.675319671630859 -32.788825988769531 0.40000000596046448
v -32.710903167724609 -23.838157653808594 0.40000000596046448
v -75.130332946777344 -24.006887435913086 0.40000000596046448
v -43.351345062255859 -14.92967414855957 0.40000000596046448
v -53.956264495849609 -14.971855163574219 0.40000000596046448
v -64.561119079589844 -15.0140380859375 0.40000000596046448
v -53.885036468505859 -32.873191833496094 0.40000000596046448
vt 0.0027263835072517395 0.27093666791915894
vt 0.0027263835072517395 0.21964998543262482
vt 0.050558615475893021 0.18336553871631622
vt 0.050558615475893021 0.0026825412642210722
vt 0.16150036454200745 0.0026825412642210722
vt 0.27536469697952271 0.13130682706832886
vt 0.27536469697952271 0.27093666791915894
vt 0.13904555141925812 0.27093666791915894
vt 0.35667559504508972 0.27238714694976807
vt 0.35667559504508972 0.22082589566707611
vt 0.40450781583786011 0.18434719741344452
vt 0.40450781583786011 0.0026969024911522865
vt 0.51544958353042603 0.0026969024911522865
vt 0.6293138861656189 0.13200978934764862
vt 0.6293138861656189 0.27238714694976807
vt 0.4929947555065155 0.27238714694976807
vt 0.99853515625 0.42019516229629517
vt 0.35394918918609619 0.42019516229629517
vt 0.99853515625 0.47087907791137695
vt 0.35394918918609619 0.47087907791137695
vt 0.83738869428634644 0.47087907791137695
vt 0.6762421727180481 0.47087907791137695
vt 0.51509571075439453 0.47087907791137695
vt 0.51509571075439453 0.42019516229629517
vt 0.6762421727180481 0.42019516229629517
vt 0.83738869428634644 0.42019516229629517
vt 0.99853515625 0.47234392166137695
vt 0.35394918918609619 0.47234392166137695
vt 0.99853515625 0.53171944618225098
vt 0.35394918918609619 0.53171944618225098
vt 0.83738869428634644 0.53171944618225098
vt 0.6762421727180481 0.53171944618225098
vt 0.51509571075439453 0.53171944618225098
vt 0.56881117820739746 0.47234392166137695
vt 0.78367316722869873 0.47234392166137695
vt 0 0.27508404850959778
vt 0 0.9196699857711792
vt 0.18018543720245361 0.27508404850959778
vt 0.18018543720245361 0.9196699857711792
vt 0.18018543720245361 0.48994603753089905
vt 0.18018543720245361 0.70480805635452271
vt 0 0.59737700223922729
vt 0.99853515625 0.80892902612686157
vt 0.35394918918609619 0.80892902612686157
vt 0.99853515625 0.9196699857711792
vt 0.35394918918609619 0.9196699857711792
vt 0.6762421727180481 0.9196699857711792
vt 0.6762421727180481 0.80892902612686157
vt 0.18165028095245361 0.27508404850959778
vt 0.18165028095245361 0.9196699857711792
vt 0.35248434543609619 0.27508404850959778
vt 0.35248434543609619 0.9196699857711792
vt 0.35248434543609619 0.59737700223922729
vt 0.18165028095245361 0.59737700223922729
vt 0.99853515625 0.27821835875511169
vt 0.35394918918609619 0.27821835875511169
vt 0.99853515625 0.41859570145606995
vt 0.35394918918609619 0.41859570145606995
vt 0.6762421727180481 0.41859570145606995
vt 0.6762421727180481 0.27821835875511169
vt 0.99853515625 0.53318428993225098
vt 0.35394918918609619 0.53318428993225098
vt 0.99853515625 0.80582261085510254
vt 0.35394918918609619 0.80582261085510254
vt 0.35394918918609619 0.66950345039367676
vt 0.99853515625 0.66950345039367676
vt 0.51509571075439453 0.53318428993225098
vt 0.6762421727180481 0.53318428993225098
vt 0.83738869428634644 0.53318428993225098
vt 0.6762421727180481 0.80582261085510254
vn 0.99999207258224487 0.0039776097983121872 0
vn 0.99999207258224487 0.0039776097983121872 0
vn 0.99999207258224487 0.0039776097983121872 0
vn 0.99999207258224487 0.0039776097983121872 0
vn 0.99999207258224487 0.0039776097983121872 0
vn 0.99999207258224487 0.0039776097983121872 0
vn 0.99999207258224487 0.0039776097983121872 0
vn 0.99999207258224487 0.0039776097983121872 0
vn -0.99999207258224487 -0.0039776097983121872 0
vn -0.99999207258224487 -0.0039776097983121872 0
vn -0.99999207258224487 -0.0039776097983121872 0
vn -0.99999207258224487 -0.0039776097983121872 0
vn -0.99999207258224487 -0.0039776097983121872 0
vn -0.99999207258224487 -0.0039776097983121872 0
vn -0.99999207258224487 -0.0039776097983121872 0
vn -0.99999207258224487 -0.0039776097983121872 0
vn -0.0039776097983121872 0.99999207258224487 0
vn -0.0039776097983121872 0.99999207258224487 0
vn -0.0039776097983121872 0.99999207258224487 0
vn -0.0039776097983121872 0.99999207258224487 0
vn -0.0039776097983121872 0.99999207258224487 0
vn -0.0039776097983121872 0.99999207258224487 0
vn -0.0039776097983121872 0.99999207258224487 0
vn -0.0039776097983121872 0.99999207258224487 0
vn -0.0039776097983121872 0.99999207258224487 0
vn -0.0039776097983121872 0.99999207258224487 0
vn -0.0024120716843754053 0.60640758275985718 0.79515033960342407
vn -0.0024120716843754053 0.60640758275985718 0.79515033960342407
vn -0.0024120716843754053 0.60640758275985718 0.79515033960342407
vn -0.0024120716843754053 0.60640758275985718 0.79515033960342407
vn -0.0024120716843754053 0.60640758275985718 0.79515033960342407
vn -0.0024120716843754053 0.60640758275985718 0.79515033960342407
vn -0.0024120716843754053 0.60640758275985718 0.79515033960342407
vn -0.0024120716843754053 0.60640758275985718 0.79515033960342407
vn -0.0024120716843754053 0.60640758275985718 0.79515033960342407
vn -0.0039776097983121872 0.99999207258224487 0
vn -0.0039776097983121872 0.99999207258224487 0
vn -0.0039776097983121872 0.99999207258224487 0
vn -0.0039776097983121872 0.99999207258224487 0
vn -0.0039776097983121872 0.99999207258224487 0
vn -0.0039776097983121872 0.99999207258224487 0
vn -0.0039776097983121872 0.99999207258224487 0
vn 0 0 1
vn 0 0 1
vn 0 0 1
vn 0 0 1
vn 0 0 1
vn 0 0 1
vn 0.0029852553270757198 -0.75050890445709229 0.66085356473922729
vn 0.0029852553270757198 -0.75050890445709229 0.66085356473922729
vn 0.0029852553270757198 -0.75050890445709229 0.66085356473922729
vn 0.0029852553270757198 -0.75050890445709229 0.66085356473922729
vn 0.0029852553270757198 -0.75050890445709229 0.66085356473922729
vn 0.0029852553270757198 -0.75050890445709229 0.66085356473922729
vn 0.0039776097983121872 -0.99999207258224487 0
vn 0.0039776097983121872 -0.99999207258224487 0
vn 0.0039776097983121872 -0.99999207258224487 0
vn 0.0039776097983121872 -0.99999207258224487 0
vn 0.0039776097983121872 -0.99999207258224487 0
vn 0.0039776097983121872 -0.99999207258224487 0
vn 0 0 -1
vn 0 0 -1
vn 0 0 -1
vn 0 0 -1
vn 0 0 -1
vn 0 0 -1
vn 0 0 -1
vn 0 0 -1
vn 0 0 -1
vn 0 0 -1
f 3112/3112/3112 3113/3113/3113 3114/3114/3114 3115/3115/3115 3116/3116/3116 3117/3117/3117 3110/3110/3110 3111/3111/3111
f 3122/3122/3122 3121/3121/3121 3120/3120/3120 3119/3119/3119 3118/3118/3118 3125/3125/3125 3124/3124/3124 3123/3123/3123
f 3130/3130/3130 3128/3128/3128 3126/3126/3126 3135/3135/3135 3134/3134/3134 3133/3133/3133 3127/3127/3127 3129/3129/3129 3132/3132/3132 3131/3131/3131
f 3140/3140/3140 3138/3138/3138 3136/3136/3136 3144/3144/3144 3143/3143/3143 3137/3137/3137 3139/3139/3139 3142/3142/3142 3141/3141/3141
f 3149/3149/3149 3147/3147/3147 3145/3145/3145 3151/3151/3151 3146/3146/3146 3148/3148/3148 3150/3150/3150
f 3156/3156/3156 3154/3154/3154 3152/3152/3152 3157/3157/3157 3153/3153/3153 3155/3155/3155
f 3162/3162/3162 3160/3160/3160 3158/3158/3158 3163/3163/3163 3159/3159/3159 3161/3161/3161
f 3168/3168/3168 3166/3166/3166 3164/3164/3164 3169/3169/3169 3165/3165/3165 3167/3167/3167
f 3175/3175/3175 3170/3170/3170 3178/3178/3178 3177/3177/3177 3176/3176/3176 3171/3171/3171 3174/3174/3174 3173/3173/3173 3179/3179/3179 3172/3172/3172
o object_13
usemtl diffuse_Black
v 22.026311874389648 -25.87260627746582 0.53244304656982422
v 22.026311874389648 -25.87260627746582 120.53244018554688
v 21.958044052124023 -74.205337524414063 0.53244304656982422
v 21.958044052124023 -74.205337524414063 120.53244018554688
v 21.992162704467773 -50.038970947265625 0.53244304656982422
v 21.958044052124023 -74.205337524414063 60.532444000244141
v 22.026311874389648 -25.87260627746582 60.532444000244141
v 21.992162704467773 -50.038970947265625 120.53244018554688
v 21.958044052124023 -74.205337524414063 0.53244304656982422
v 21.958044052124023 -74.205337524414063 120.53244018554688
v 48.400760650634766 -74.242698669433594 0.53244304656982422
v 48.400760650634766 -74.242698669433594 120.53244018554688
v 21.958044052124023 -74.205337524414063 60.532444000244141
v 48.400760650634766 -74.242698669433594 60.532444000244141
v 48.400760650634766 -74.242698669433594 0.53244304656982422
v 48.400760650634766 -74.242698669433594 120.53244018554688
v 48.469058990478516 -25.909963607788086 0.53244304656982422
v 48.469058990478516 -25.909963607788086 120.53244018554688
v 48.400760650634766 -74.242698669433594 60.532444000244141
v 48.434909820556641 -50.076328277587891 0.53244304656982422
v 48.469058990478516 -25.909963607788086 60.532444000244141
v 48.434909820556641 -50.076328277587891 120.53244018554688
v 48.469058990478516 -25.909963607788086 0.53244304656982422
v 48.469058990478516 -25.909963607788086 120.53244018554688
v 22.026311874389648 -25.87260627746582 0.53244304656982422
v 22.026311874389648 -25.87260627746582 120.53244018554688
v 22.026311874389648 -25.87260627746582 60.532444000244141
v 48.469058990478516 -25.909963607788086 60.532444000244141
v 22.026311874389648 -25.87260627746582 0.53244304656982422
v 48.469058990478516 -25.909963607788086 0.53244304656982422
v 21.958044052124023 -74.205337524414063 0.53244304656982422
v 48.400760650634766 -74.242698669433594 0.53244304656982422
v 21.992162704467773 -50.038970947265625 0.53244304656982422
v 48.434909820556641 -50.076328277587891 0.53244304656982422
v 22.026311874389648 -25.87260627746582 120.53244018554688
v 48.469058990478516 -25.909963607788086 120.53244018554688
v 21.958044052124023 -74.205337524414063 120.53244018554688
v 48.400760650634766 -74.242698669433594 120.53244018554688
v 21.992162704467773 -50.038970947265625 120.53244018554688
v 48.434909820556641 -50.076328277587891 120.53244018554688
vt 0.99853515625 0.60129886865615845
vt 0.28712639212608337 0.60129886865615845
vt 0.99853515625 0.88696038722991943
vt 0.28712639212608337 0.88696038722991943
vt 0.99853515625 0.74412959814071655
vt 0.64283078908920288 0.88696038722991943
vt 0.64283078908920288 0.60129886865615845
vt 0.28712639212608337 0.74412959814071655
vt 0.99853515625 0.28712639212608337
vt 0.28712639212608337 0.28712639212608337
vt 0.99853515625 0.44274777173995972
vt 0.28712639212608337 0.44274777173995972
vt 0.64283078908920288 0.28712639212608337
vt 0.64283078908920288 0.44274777173995972
vt 0 0
vt 0 0.71287363767623901
vt 0.28566154837608337 0
vt 0.28566154837608337 0.71287363767623901
vt 0 0.35643681883811951
vt 0.14283077418804169 0
vt 0.28566154837608337 0.35643681883811951
vt 0.14283077418804169 0.71287363767623901
vt 0.99853515625 0.44421261548995972
vt 0.28712639212608337 0.44421261548995972
vt 0.99853515625 0.59983402490615845
vt 0.28712639212608337 0.59983402490615845
vt 0.64283078908920288 0.59983402490615845
vt 0.64283078908920288 0.44421261548995972
vt 0.80064940452575684 0
vt 0.64356321096420288 0
vt 0.80064940452575684 0.28566154837608337
vt 0.64356321096420288 0.28566154837608337
vt 0.80064940452575684 0.14283077418804169
vt 0.64356321096420288 0.14283077418804169
vt 0.44421261548995972 0
vt 0.28712639212608337 0
vt 0.44421261548995972 0.28566154837608337
vt 0.28712639212608337 0.28566154837608337
vt 0.44421261548995972 0.14283077418804169
vt 0.28712639212608337 0.14283077418804169
vn -0.99999898672103882 0.0014127603499218822 0
vn -0.99999898672103882 0.0014127603499218822 0
vn -0.99999898672103882 0.0014127603499218822 0
vn -0.99999898672103882 0.0014127603499218822 0
vn -0.99999898672103882 0.0014127603499218822 0
vn -0.99999898672103882 0.0014127603499218822 0
vn -0.99999898672103882 0.0014127603499218822 0
vn -0.99999898672103882 0.0014127603499218822 0
vn -0.0014127603499218822 -0.99999898672103882 0
vn -0.0014127603499218822 -0.99999898672103882 0
vn -0.0014127603499218822 -0.99999898672103882 0
vn -0.0014127603499218822 -0.99999898672103882 0
vn -0.0014127603499218822 -0.99999898672103882 0
vn -0.0014127603499218822 -0.99999898672103882 0
vn 0.99999898672103882 -0.0014127603499218822 0
vn 0.99999898672103882 -0.0014127603499218822 0
vn 0.99999898672103882 -0.0014127603499218822 0
vn 0.99999898672103882 -0.0014127603499218822 0
vn 0.99999898672103882 -0.0014127603499218822 0
vn 0.99999898672103882 -0.0014127603499218822 0
vn 0.99999898672103882 -0.0014127603499218822 0
vn 0.99999898672103882 -0.0014127603499218822 0
vn 0.0014127603499218822 0.99999898672103882 0
vn 0.0014127603499218822 0.99999898672103882 0
vn 0.0014127603499218822 0.99999898672103882 0
vn 0.0014127603499218822 0.99999898672103882 0
vn 0.0014127603499218822 0.99999898672103882 0
vn 0.0014127603499218822 0.99999898672103882 0
vn 0 0 -1
vn 0 0 -1
vn 0 0 -1
vn 0 0 -1
vn 0 0 -1
vn 0 0 -1
vn 0 0 1
vn 0 0 1
vn 0 0 1
vn 0 0 1
vn 0 0 1
vn 0 0 1
f 3186/3186/3186 3180/3180/3180 3184/3184/3184 3182/3182/3182 3185/3185/3185 3183/3183/3183 3187/3187/3187 3181/3181/3181
f 3192/3192/3192 3188/3188/3188 3190/3190/3190 3193/3193/3193 3191/3191/3191 3189/3189/3189
f 3198/3198/3198 3194/3194/3194 3199/3199/3199 3196/3196/3196 3200/3200/3200 3197/3197/3197 3201/3201/3201 3195/3195/3195
f 3207/3207/3207 3202/3202/3202 3204/3204/3204 3206/3206/3206 3205/3205/3205 3203/3203/3203
f 3212/3212/3212 3208/3208/3208 3209/3209/3209 3213/3213/3213 3211/3211/3211 3210/3210/3210
f 3219/3219/3219 3215/3215/3215 3214/3214/3214 3218/3218/3218 3216/3216/3216 3217/3217/3217
o object_14
usemtl diffuse_Black
v 74.720161437988281 77.932395935058594 15
v 68.265205383300781 78.08551025390625 15
v 68.155372619628906 71.143959045410156 15
v 61.470920562744141 70.818809509277344 15
v 54.786472320556641 70.493659973144531 15
v 54.348423004150391 77.986587524414063 15
v 48.595401763916016 77.899421691894531 15
v 48.709506988525391 64.885490417480469 15
v 48.823612213134766 51.871562957763672 15
v 48.937686920166016 38.857631683349609 15
v 62.107364654541016 39.663860321044922 15
v 75.277015686035156 40.470088958740234 15
v 74.998573303222656 59.201236724853516 15
v 74.720161437988281 77.932395935058594 0
v 68.265205383300781 78.08551025390625 0
v 68.155372619628906 71.143959045410156 0
v 61.470920562744141 70.818809509277344 0
v 54.786472320556641 70.493659973144531 0
v 54.348423004150391 77.986587524414063 0
v 48.595401763916016 77.899421691894531 0
v 48.709506988525391 64.885490417480469 0
v 48.823612213134766 51.871562957763672 0
v 48.937686920166016 38.857631683349609 0
v 62.107364654541016 39.663860321044922 0
v 75.277015686035156 40.470088958740234 0
v 74.998573303222656 59.201236724853516 0
v 74.720161437988281 77.932395935058594 0
v 74.720161437988281 77.932395935058594 15
v 68.265205383300781 78.08551025390625 0
v 68.265205383300781 78.08551025390625 15
v 68.265205383300781 78.08551025390625 7.5
v 74.720161437988281 77.932395935058594 7.5
v 68.265205383300781 78.08551025390625 0
v 68.265205383300781 78.08551025390625 15
v 68.155372619628906 71.143959045410156 0
v 68.155372619628906 71.143959045410156 15
v 68.265205383300781 78.08551025390625 7.5
v 68.155372619628906 71.143959045410156 7.5
v 68.155372619628906 71.143959045410156 0
v 68.155372619628906 71.143959045410156 15
v 54.786472320556641 70.493659973144531 0
v 54.786472320556641 70.493659973144531 15
v 68.155372619628906 71.143959045410156 7.5
v 61.470920562744141 70.818809509277344 0
v 54.786472320556641 70.493659973144531 7.5
v 61.470920562744141 70.818809509277344 15
v 54.786472320556641 70.493659973144531 0
v 54.786472320556641 70.493659973144531 15
v 54.348423004150391 77.986587524414063 0
v 54.348423004150391 77.986587524414063 15
v 54.786472320556641 70.493659973144531 7.5
v 54.348423004150391 77.986587524414063 7.5
v 54.348423004150391 77.986587524414063 0
v 54.348423004150391 77.986587524414063 15
v 48.595401763916016 77.899421691894531 0
v 48.595401763916016 77.899421691894531 15
v 54.348423004150391 77.986587524414063 7.5
v 48.595401763916016 77.899421691894531 7.5
v 48.595401763916016 77.899421691894531 0
v 48.595401763916016 77.899421691894531 15
v 48.937686920166016 38.857631683349609 0
v 48.937686920166016 38.857631683349609 15
v 48.595401763916016 77.899421691894531 7.5
v 48.709506988525391 64.885490417480469 0
v 48.823612213134766 51.871562957763672 0
v 48.937686920166016 38.857631683349609 7.5
v 48.823612213134766 51.871562957763672 15
v 48.709506988525391 64.885490417480469 15
v 48.937686920166016 38.857631683349609 0
v 48.937686920166016 38.857631683349609 15
v 75.277015686035156 40.470088958740234 0
v 75.277015686035156 40.470088958740234 15
v 48.937686920166016 38.857631683349609 7.5
v 62.107364654541016 39.663860321044922 0
v 62.107364654541016 39.663860321044922 15
v 75.277015686035156 40.470088958740234 0
v 75.277015686035156 40.470088958740234 15
v 74.720161437988281 77.932395935058594 0
v 74.720161437988281 77.932395935058594 15
v 74.720161437988281 77.932395935058594 7.5
v 74.998573303222656 59.201236724853516 15
v 74.998573303222656 59.201236724853516 0
vt 0.33937948942184448 0.36823233962059021
vt 0.41687816381454468 0.36650106310844421
vt 0.41807901859283447 0.44995975494384766
vt 0.49832466244697571 0.45398247241973877
vt 0.57857030630111694 0.45800518989562988
vt 0.58395648002624512 0.36792683601379395
vt 0.65302354097366333 0.36907252669334412
vt 0.65143299102783203 0.52553427219390869
vt 0.64984250068664551 0.68199598789215088
vt 0.64825195074081421 0.83845770359039307
vt 0.49015533924102783 0.82854092121124268
vt 0.33205866813659668 0.81862419843673706
vt 0.33571907877922058 0.59342825412750244
vt 0.01053046528249979 0.36823233962059021
vt 0.088029146194458008 0.36650106310844421
vt 0.089229993522167206 0.44995975494384766
vt 0.16947564482688904 0.45398247241973877
vt 0.24972127377986908 0.45800518989562988
vt 0.25510746240615845 0.36792683601379395
vt 0.32417452335357666 0.36907252669334412
vt 0.32258400321006775 0.52553427219390869
vt 0.32099348306655884 0.68199598789215088
vt 0.31940296292304993 0.83845770359039307
vt 0.16130630671977997 0.82854092121124268
vt 0.0032096581999212503 0.81862419843673706
vt 0.0068700616247951984 0.59342825412750244
vt 0.73157626390457153 0
vt 0.73157626390457153 0.18089073896408081
vt 0.80944108963012695 0
vt 0.80944108963012695 0.18089073896408081
vt 0.80944108963012695 0.090445369482040405
vt 0.73157626390457153 0.090445369482040405
vt 0.81448274850845337 0
vt 0.81448274850845337 0.18089073896408081
vt 0.89820408821105957 0
vt 0.89820408821105957 0.18089073896408081
vt 0.81448274850845337 0.090445369482040405
vt 0.89820408821105957 0.090445369482040405
vt 0.65769803524017334 0.30611386895179749
vt 0.65769803524017334 0.4870046079158783
vt 0.81764441728591919 0.30611386895179749
vt 0.81764441728591919 0.4870046079158783
vt 0.65769803524017334 0.39655923843383789
vt 0.73767119646072388 0.30611386895179749
vt 0.81764441728591919 0.39655923843383789
vt 0.73767119646072388 0.4870046079158783
vt 0.9036250114440918 0
vt 0.9036250114440918 0.18089073896408081
vt 0.99413931369781494 0
vt 0.99413931369781494 0.18089073896408081
vt 0.9036250114440918 0.090445369482040405
vt 0.99413931369781494 0.090445369482040405
vt 0.65769803524017334 0
vt 0.65769803524017334 0.18089073896408081
vt 0.72708362340927124 0
vt 0.72708362340927124 0.18089073896408081
vt 0.65769803524017334 0.090445369482040405
vt 0.72708362340927124 0.090445369482040405
vt 0 0.18089073896408081
vt 0 0.36031663417816162
vt 0.47083786129951477 0.18089073896408081
vt 0.47083786129951477 0.36031663417816162
vt 0 0.27060368657112122
vt 0.15694595873355865 0.18089073896408081
vt 0.31389191746711731 0.18089073896408081
vt 0.47083786129951477 0.27060368657112122
vt 0.31389191746711731 0.36031663417816162
vt 0.15694595873355865 0.36031663417816162
vt 0.99853515625 0.30611386895179749
vt 0.81910926103591919 0.30611386895179749
vt 0.99853515625 0.62434440851211548
vt 0.81910926103591919 0.62434440851211548
vt 0.90882217884063721 0.30611386895179749
vt 0.99853515625 0.46522912383079529
vt 0.81910926103591919 0.46522912383079529
vt 0 0
vt 0 0.17942589521408081
vt 0.45182216167449951 0
vt 0.45182216167449951 0.17942589521408081
vt 0.45182216167449951 0.089712947607040405
vt 0.22591108083724976 0.17942589521408081
vt 0.22591108083724976 0
vn 0 0 1
vn 0 0 1
vn 0 0 1
vn 0 0 1
vn 0 0 1
vn 0 0 1
vn 0 0 1
vn 0 0 1
vn 0 0 1
vn 0 0 1
vn 0 0 1
vn 0 0 1
vn 0 0 1
vn 0 0 -1
vn 0 0 -1
vn 0 0 -1
vn 0 0 -1
vn 0 0 -1
vn 0 0 -1
vn 0 0 -1
vn 0 0 -1
vn 0 0 -1
vn 0 0 -1
vn 0 0 -1
vn 0 0 -1
vn 0 0 -1
vn 0.023714696988463402 0.99971878528594971 0
vn 0.023714696988463402 0.99971878528594971 0
vn 0.023714696988463402 0.99971878528594971 0
vn 0.023714696988463402 0.99971878528594971 0
vn 0.023714696988463402 0.99971878528594971 0
vn 0.023714696988463402 0.99971878528594971 0
vn -0.99987483024597168 0.015820300206542015 0
vn -0.99987483024597168 0.015820300206542015 0
vn -0.99987483024597168 0.015820300206542015 0
vn -0.99987483024597168 0.015820300206542015 0
vn -0.99987483024597168 0.015820300206542015 0
vn -0.99987483024597168 0.015820300206542015 0
vn -0.048584986478090286 0.99881905317306519 0
vn -0.048584986478090286 0.99881905317306519 0
vn -0.048584986478090286 0.99881905317306519 0
vn -0.048584986478090286 0.99881905317306519 0
vn -0.048584986478090286 0.99881905317306519 0
vn -0.048584986478090286 0.99881905317306519 0
vn -0.048584986478090286 0.99881905317306519 0
vn -0.048584986478090286 0.99881905317306519 0
vn 0.99829542636871338 0.05836264044046402 0
vn 0.99829542636871338 0.05836264044046402 0
vn 0.99829542636871338 0.05836264044046402 0
vn 0.99829542636871338 0.05836264044046402 0
vn 0.99829542636871338 0.05836264044046402 0
vn 0.99829542636871338 0.05836264044046402 0
vn -0.015149896033108234 0.99988526105880737 0
vn -0.015149896033108234 0.99988526105880737 0
vn -0.015149896033108234 0.99988526105880737 0
vn -0.015149896033108234 0.99988526105880737 0
vn -0.015149896033108234 0.99988526105880737 0
vn -0.015149896033108234 0.99988526105880737 0
vn -0.99996155500411987 -0.0087668346241116524 0
vn -0.99996155500411987 -0.0087668346241116524 0
vn -0.99996155500411987 -0.0087668346241116524 0
vn -0.99996155500411987 -0.0087668346241116524 0
vn -0.99996155500411987 -0.0087668346241116524 0
vn -0.99996155500411987 -0.0087668346241116524 0
vn -0.99996155500411987 -0.0087668346241116524 0
vn -0.99996155500411987 -0.0087668346241116524 0
vn -0.99996155500411987 -0.0087668346241116524 0
vn -0.99996155500411987 -0.0087668346241116524 0
vn 0.06110401451587677 -0.9981313943862915 0
vn 0.06110401451587677 -0.9981313943862915 0
vn 0.06110401451587677 -0.9981313943862915 0
vn 0.06110401451587677 -0.9981313943862915 0
vn 0.06110401451587677 -0.9981313943862915 0
vn 0.06110401451587677 -0.9981313943862915 0
vn 0.06110401451587677 -0.9981313943862915 0
vn 0.9998895525932312 0.014862764626741409 0
vn 0.9998895525932312 0.014862764626741409 0
vn 0.9998895525932312 0.014862764626741409 0
vn 0.9998895525932312 0.014862764626741409 0
vn 0.9998895525932312 0.014862764626741409 0
vn 0.9998895525932312 0.014862764626741409 0
vn 0.9998895525932312 0.014862764626741409 0
f 3224/3224/3224 3225/3225/3225 3226/3226/3226 3227/3227/3227 3228/3228/3228 3229/3229/3229 3230/3230/3230 3231/3231/3231 3232/3232/3232 3220/3220/3220 3221/3221/3221 3222/3222/3222 3223/3223/3223
f 3239/3239/3239 3238/3238/3238 3237/3237/3237 3236/3236/3236 3235/3235/3235 3234/3234/3234 3233/3233/3233 3245/3245/3245 3244/3244/3244 3243/3243/3243 3242/3242/3242 3241/3241/3241 3240/3240/3240
f 3251/3251/3251 3246/3246/3246 3248/3248/3248 3250/3250/3250 3249/3249/3249 3247/3247/3247
f 3256/3256/3256 3252/3252/3252 3254/3254/3254 3257/3257/3257 3255/3255/3255 3253/3253/3253
f 3262/3262/3262 3258/3258/3258 3263/3263/3263 3260/3260/3260 3264/3264/3264 3261/3261/3261 3265/3265/3265 3259/3259/3259
f 3270/3270/3270 3266/3266/3266 3268/3268/3268 3271/3271/3271 3269/3269/3269 3267/3267/3267
f 3276/3276/3276 3272/3272/3272 3274/3274/3274 3277/3277/3277 3275/3275/3275 3273/3273/3273
f 3282/3282/3282 3278/3278/3278 3283/3283/3283 3284/3284/3284 3280/3280/3280 3285/3285/3285 3281/3281/3281 3286/3286/3286 3287/3287/3287 3279/3279/3279
f 3292/3292/3292 3288/3288/3288 3293/3293/3293 3290/3290/3290 3291/3291/3291 3294/3294/3294 3289/3289/3289
f 3296/3296/3296 3295/3295/3295 3301/3301/3301 3297/3297/3297 3299/3299/3299 3298/3298/3298 3300/3300/3300
o object_15
usemtl diffuse_Black
v 47.230655670166016 24.186233520507813 0
v 47.230655670166016 24.186233520507813 16.241153717041016
v 47.205204010009766 6.1790809631347656 0
v 47.205204010009766 6.1790809631347656 16.241153717041016
v 47.217929840087891 15.182655334472656 0
v 47.205204010009766 6.1790809631347656 8.1205768585205078
v 47.217929840087891 15.182655334472656 16.241153717041016
v 47.230655670166016 24.186233520507813 8.1205768585205078
v 47.205204010009766 6.1790809631347656 0
v 47.205204010009766 6.1790809631347656 16.241153717041016
v 76.205177307128906 6.1381111145019531 0
v 76.205177307128906 6.1381111145019531 16.241153717041016
v 47.205204010009766 6.1790809631347656 8.1205768585205078
v 61.705204010009766 6.1585960388183594 0
v 61.705204010009766 6.1585960388183594 16.241153717041016
v 76.230628967285156 24.145263671875 0
v 76.230628967285156 24.145263671875 16.241153717041016
v 47.230655670166016 24.186233520507813 0
v 47.230655670166016 24.186233520507813 16.241153717041016
v 47.230655670166016 24.186233520507813 8.1205768585205078
v 61.730625152587891 24.165748596191406 0
v 61.730625152587891 24.165748596191406 16.241153717041016
v 47.230655670166016 24.186233520507813 0
v 76.230628967285156 24.145263671875 0
v 76.217903137207031 15.141685485839844 0
v 47.205204010009766 6.1790809631347656 0
v 76.205177307128906 6.1381111145019531 0
v 47.217929840087891 15.182655334472656 0
v 61.705204010009766 6.1585960388183594 0
v 61.730625152587891 24.165748596191406 0
v 47.230655670166016 24.186233520507813 16.241153717041016
v 76.230628967285156 24.145263671875 16.241153717041016
v 76.217903137207031 15.141685485839844 16.241153717041016
v 47.205204010009766 6.1790809631347656 16.241153717041016
v 76.205177307128906 6.1381111145019531 16.241153717041016
v 47.217929840087891 15.182655334472656 16.241153717041016
v 61.705204010009766 6.1585960388183594 16.241153717041016
v 61.730625152587891 24.165748596191406 16.241153717041016
vt 0.28001990914344788 0
vt 0 0
vt 0.28001990914344788 0.3104684054851532
vt 0 0.3104684054851532
vt 0.28001990914344788 0.1552342027425766
vt 0.14000995457172394 0.3104684054851532
vt 0 0.1552342027425766
vt 0.14000995457172394 0
vt 0.89949184656143188 0
vt 0.6209368109703064 0
vt 0.89949184656143188 0.5
vt 0.6209368109703064 0.5
vt 0.76021432876586914 0
vt 0.89949184656143188 0.25
vt 0.6209368109703064 0.25
vt 0.59048831462860107 0
vt 0.3104684054851532 0
vt 0.59048831462860107 0.49853515625
vt 0.3104684054851532 0.49853515625
vt 0.45047834515571594 0.49853515625
vt 0.59048831462860107 0.249267578125
vt 0.3104684054851532 0.249267578125
vt 0.3104684054851532 0.5
vt 0.3104684054851532 0.99853515625
vt 0.46497020125389099 0.99853515625
vt 0.6194719672203064 0.5
vt 0.6194719672203064 0.99853515625
vt 0.46497020125389099 0.5
vt 0.6194719672203064 0.749267578125
vt 0.3104684054851532 0.749267578125
vt 0 0.5
vt 0 0.99853515625
vt 0.1545017808675766 0.99853515625
vt 0.3090035617351532 0.5
vt 0.3090035617351532 0.99853515625
vt 0.1545017808675766 0.5
vt 0.3090035617351532 0.749267578125
vt 0 0.749267578125
vn -0.99999898672103882 0.0014127603499218822 0
vn -0.99999898672103882 0.0014127603499218822 0
vn -0.99999898672103882 0.0014127603499218822 0
vn -0.99999898672103882 0.0014127603499218822 0
vn -0.99999898672103882 0.0014127603499218822 0
vn -0.99999898672103882 0.0014127603499218822 0
vn -0.99999898672103882 0.0014127603499218822 0
vn -0.99999898672103882 0.0014127603499218822 0
vn -0.0014127603499218822 -0.99999898672103882 0
vn -0.0014127603499218822 -0.99999898672103882 0
vn -0.0014127603499218822 -0.99999898672103882 0
vn -0.0014127603499218822 -0.99999898672103882 0
vn -0.0014127603499218822 -0.99999898672103882 0
vn -0.0014127603499218822 -0.99999898672103882 0
vn -0.0014127603499218822 -0.99999898672103882 0
vn 0.0014127603499218822 0.99999898672103882 0
vn 0.0014127603499218822 0.99999898672103882 0
vn 0.0014127603499218822 0.99999898672103882 0
vn 0.0014127603499218822 0.99999898672103882 0
vn 0.0014127603499218822 0.99999898672103882 0
vn 0.0014127603499218822 0.99999898672103882 0
vn 0.0014127603499218822 0.99999898672103882 0
vn 0 0 -1
vn 0 0 -1
vn 0 0 -1
vn 0 0 -1
vn 0 0 -1
vn 0 0 -1
vn 0 0 -1
vn 0 0 -1
vn 0 0 1
vn 0 0 1
vn 0 0 1
vn 0 0 1
vn 0 0 1
vn 0 0 1
vn 0 0 1
vn 0 0 1
f 3309/3309/3309 3302/3302/3302 3306/3306/3306 3304/3304/3304 3307/3307/3307 3305/3305/3305 3308/3308/3308 3303/3303/3303
f 3314/3314/3314 3310/3310/3310 3315/3315/3315 3312/3312/3312 3313/3313/3313 3316/3316/3316 3311/3311/3311
f 3318/3318/3318 3317/3317/3317 3322/3322/3322 3319/3319/3319 3321/3321/3321 3320/3320/3320 3323/3323/3323
f 3329/3329/3329 3324/3324/3324 3331/3331/3331 3325/3325/3325 3326/3326/3326 3328/3328/3328 3330/3330/3330 3327/3327/3327
f 3334/3334/3334 3333/3333/3333 3339/3339/3339 3332/3332/3332 3337/3337/3337 3335/3335/3335 3338/3338/3338 3336/3336/3336
o object_16
usemtl diffuse_Black
v 47.209903717041016 9.5066490173339844 16.241153717041016
v 47.209903717041016 9.5066490173339844 22.124584197998047
v 47.205204010009766 6.1790809631347656 16.241153717041016
v 47.205204010009766 6.1790809631347656 22.124584197998047
v 47.205204010009766 6.1790809631347656 19.182868957519531
v 47.209903717041016 9.5066490173339844 19.182868957519531
v 47.205204010009766 6.1790809631347656 16.241153717041016
v 47.205204010009766 6.1790809631347656 22.124584197998047
v 76.205177307128906 6.1381111145019531 16.241153717041016
v 76.205177307128906 6.1381111145019531 22.124584197998047
v 47.205204010009766 6.1790809631347656 19.182868957519531
v 61.705204010009766 6.1585960388183594 19.182868957519531
v 61.705204010009766 6.1585960388183594 20.653726577758789
v 54.455204010009766 6.1688385009765625 19.182868957519531
v 54.455204010009766 6.1688385009765625 20.653726577758789
v 61.705204010009766 6.1585960388183594 17.712011337280273
v 54.455204010009766 6.1688385009765625 17.712011337280273
v 56.871860504150391 6.1654243469238281 16.241153717041016
v 66.538520812988281 6.1517677307128906 16.241153717041016
v 76.205177307128906 6.1381111145019531 19.182868957519531
v 68.955177307128906 6.1483535766601563 19.182868957519531
v 68.955177307128906 6.1483535766601563 17.712011337280273
v 68.955177307128906 6.1483535766601563 20.653726577758789
v 66.538520812988281 6.1517677307128906 22.124584197998047
v 56.871860504150391 6.1654243469238281 22.124584197998047
v 76.209877014160156 9.4656791687011719 16.241153717041016
v 76.209877014160156 9.4656791687011719 22.124584197998047
v 47.209903717041016 9.5066490173339844 16.241153717041016
v 47.209903717041016 9.5066490173339844 22.124584197998047
v 47.209903717041016 9.5066490173339844 19.182868957519531
v 61.709903717041016 9.4861640930175781 19.182868957519531
v 54.459903717041016 9.4964065551757813 19.182868957519531
v 61.709903717041016 9.4861640930175781 17.712011337280273
v 54.459903717041016 9.4964065551757813 17.712011337280273
v 61.709903717041016 9.4861640930175781 20.653726577758789
v 54.459903717041016 9.4964065551757813 20.653726577758789
v 76.209877014160156 9.4656791687011719 19.182868957519531
v 68.959877014160156 9.475921630859375 19.182868957519531
v 68.959877014160156 9.475921630859375 20.653726577758789
v 68.959877014160156 9.475921630859375 17.712011337280273
v 66.543220520019531 9.4793357849121094 16.241153717041016
v 56.876560211181641 9.4929924011230469 16.241153717041016
v 56.876560211181641 9.4929924011230469 22.124584197998047
v 66.543220520019531 9.4793357849121094 22.124584197998047
v 47.209903717041016 9.5066490173339844 16.241153717041016
v 76.209877014160156 9.4656791687011719 16.241153717041016
v 47.205204010009766 6.1790809631347656 16.241153717041016
v 76.205177307128906 6.1381111145019531 16.241153717041016
v 56.871860504150391 6.1654243469238281 16.241153717041016
v 66.538520812988281 6.1517677307128906 16.241153717041016
v 66.543220520019531 9.4793357849121094 16.241153717041016
v 56.876560211181641 9.4929924011230469 16.241153717041016
v 47.209903717041016 9.5066490173339844 22.124584197998047
v 76.209877014160156 9.4656791687011719 22.124584197998047
v 47.205204010009766 6.1790809631347656 22.124584197998047
v 76.205177307128906 6.1381111145019531 22.124584197998047
v 56.871860504150391 6.1654243469238281 22.124584197998047
v 66.538520812988281 6.1517677307128906 22.124584197998047
v 66.543220520019531 9.4793357849121094 22.124584197998047
v 56.876560211181641 9.4929924011230469 22.124584197998047
v 76.205177307128906 6.1381111145019531 16.241153717041016
v 76.205177307128906 6.1381111145019531 22.124584197998047
v 76.209877014160156 9.4656791687011719 16.241153717041016
v 76.209877014160156 9.4656791687011719 22.124584197998047
v 76.205177307128906 6.1381111145019531 19.182868957519531
v 76.209877014160156 9.4656791687011719 19.182868957519531
vt 0.20141202211380005 0
vt 0 0
vt 0.20141202211380005 0.11474383622407913
vt 0 0.11474383622407913
vt 0.10070601105690002 0.11474383622407913
vt 0.10070601105690002 0
vt 0.60716575384140015 0
vt 0.4057537317276001 0
vt 0.60716575384140015 0.99853515625
vt 0.4057537317276001 0.99853515625
vt 0.50645971298217773 0
vt 0.50645971298217773 0.499267578125
vt 0.45610672235488892 0.499267578125
vt 0.50645971298217773 0.2496337890625
vt 0.45610672235488892 0.2496337890625
vt 0.55681276321411133 0.499267578125
vt 0.55681276321411133 0.2496337890625
vt 0.60716575384140015 0.3328450620174408
vt 0.60716575384140015 0.66569012403488159
vt 0.50645971298217773 0.99853515625
vt 0.50645971298217773 0.7489013671875
vt 0.55681276321411133 0.7489013671875
vt 0.45610672235488892 0.7489013671875
vt 0.4057537317276001 0.66569012403488159
vt 0.4057537317276001 0.3328450620174408
vt 0.4042888879776001 0
vt 0.20287686586380005 0
vt 0.4042888879776001 0.99853515625
vt 0.20287686586380005 0.99853515625
vt 0.30358287692070007 0.99853515625
vt 0.30358287692070007 0.499267578125
vt 0.30358287692070007 0.7489013671875
vt 0.35393586754798889 0.499267578125
vt 0.35393586754798889 0.7489013671875
vt 0.25322985649108887 0.499267578125
vt 0.25322985649108887 0.7489013671875
vt 0.30358287692070007 0
vt 0.30358287692070007 0.2496337890625
vt 0.25322985649108887 0.2496337890625
vt 0.35393586754798889 0.2496337890625
vt 0.4042888879776001 0.3328450620174408
vt 0.4042888879776001 0.66569012403488159
vt 0.20287686586380005 0.66569012403488159
vt 0.20287686586380005 0.3328450620174408
vt 0.72337442636489868 0
vt 0.72337442636489868 0.99853515625
vt 0.83665341138839722 0
vt 0.83665341138839722 0.99853515625
vt 0.83665341138839722 0.3328450620174408
vt 0.83665341138839722 0.66569012403488159
vt 0.72337442636489868 0.66569012403488159
vt 0.72337442636489868 0.3328450620174408
vt 0.60863059759140015 0
vt 0.60863059759140015 0.99853515625
vt 0.72190958261489868 0
vt 0.72190958261489868 0.99853515625
vt 0.72190958261489868 0.3328450620174408
vt 0.72190958261489868 0.66569012403488159
vt 0.60863059759140015 0.66569012403488159
vt 0.60863059759140015 0.3328450620174408
vt 0.20141202211380005 0.5
vt 0 0.5
vt 0.20141202211380005 0.61474382877349854
vt 0 0.61474382877349854
vt 0.10070601105690002 0.5
vt 0.10070601105690002 0.61474382877349854
vn -0.99999898672103882 0.0014127603499218822 0
vn -0.99999898672103882 0.0014127603499218822 0
vn -0.99999898672103882 0.0014127603499218822 0
vn -0.99999898672103882 0.0014127603499218822 0
vn -0.99999898672103882 0.0014127603499218822 0
vn -0.99999898672103882 0.0014127603499218822 0
vn -0.0014127603499218822 -0.99999898672103882 0
vn -0.0014127603499218822 -0.99999898672103882 0
vn -0.0014127603499218822 -0.99999898672103882 0
vn -0.0014127603499218822 -0.99999898672103882 0
vn -0.0014127603499218822 -0.99999898672103882 0
vn -0.0014127603499218822 -0.99999898672103882 0
vn -0.0014127603499218822 -0.99999898672103882 0
vn -0.0014127603499218822 -0.99999898672103882 0
vn -0.0014127603499218822 -0.99999898672103882 0
vn -0.0014127603499218822 -0.99999898672103882 0
vn -0.0014127603499218822 -0.99999898672103882 0
vn -0.0014127603499218822 -0.99999898672103882 0
vn -0.0014127603499218822 -0.99999898672103882 0
vn -0.0014127603499218822 -0.99999898672103882 0
vn -0.0014127603499218822 -0.99999898672103882 0
vn -0.0014127603499218822 -0.99999898672103882 0
vn -0.0014127603499218822 -0.99999898672103882 0
vn -0.0014127603499218822 -0.99999898672103882 0
vn -0.0014127603499218822 -0.99999898672103882 0
vn 0.0014127603499218822 0.99999898672103882 0
vn 0.0014127603499218822 0.99999898672103882 0
vn 0.0014127603499218822 0.99999898672103882 0
vn 0.0014127603499218822 0.99999898672103882 0
vn 0.0014127603499218822 0.99999898672103882 0
vn 0.0014127603499218822 0.99999898672103882 0
vn 0.0014127603499218822 0.99999898672103882 0
vn 0.0014127603499218822 0.99999898672103882 0
vn 0.0014127603499218822 0.99999898672103882 0
vn 0.0014127603499218822 0.99999898672103882 0
vn 0.0014127603499218822 0.99999898672103882 0
vn 0.0014127603499218822 0.99999898672103882 0
vn 0.0014127603499218822 0.99999898672103882 0
vn 0.0014127603499218822 0.99999898672103882 0
vn 0.0014127603499218822 0.99999898672103882 0
vn 0.0014127603499218822 0.99999898672103882 0
vn 0.0014127603499218822 0.99999898672103882 0
vn 0.0014127603499218822 0.99999898672103882 0
vn 0.0014127603499218822 0.99999898672103882 0
vn 0 0 -1
vn 0 0 -1
vn 0 0 -1
vn 0 0 -1
vn 0 0 -1
vn 0 0 -1
vn 0 0 -1
vn 0 0 -1
vn 0 0 1
vn 0 0 1
vn 0 0 1
vn 0 0 1
vn 0 0 1
vn 0 0 1
vn 0 0 1
vn 0 0 1
vn 0.99999898672103882 -0.0014127603499218822 0
vn 0.99999898672103882 -0.0014127603499218822 0
vn 0.99999898672103882 -0.0014127603499218822 0
vn 0.99999898672103882 -0.0014127603499218822 0
vn 0.99999898672103882 -0.0014127603499218822 0
vn 0.99999898672103882 -0.0014127603499218822 0
f 3345/3345/3345 3340/3340/3340 3342/3342/3342 3344/3344/3344 3343/3343/3343 3341/3341/3341
f 3349/3349/3349 3363/3363/3363 3364/3364/3364 3347/3347/3347 3350/3350/3350 3346/3346/3346 3357/3357/3357 3358/3358/3358 3348/3348/3348 3359/3359/3359
f 3368/3368/3368 3382/3382/3382 3383/3383/3383 3366/3366/3366 3376/3376/3376 3365/3365/3365 3380/3380/3380 3381/3381/3381 3367/3367/3367 3369/3369/3369
f 3388/3388/3388 3386/3386/3386 3384/3384/3384 3391/3391/3391 3390/3390/3390 3385/3385/3385 3387/3387/3387 3389/3389/3389
f 3399/3399/3399 3392/3392/3392 3394/3394/3394 3396/3396/3396 3397/3397/3397 3395/3395/3395 3393/3393/3393 3398/3398/3398
f 3404/3404/3404 3400/3400/3400 3402/3402/3402 3405/3405/3405 3403/3403/3403 3401/3401/3401
o object_17
usemtl diffuse_Black
v 10.643589973449707 -34.452610015869141 0
v 10.643589973449707 -34.452610015869141 22.718120574951172
v 10.673863410949707 -13.029325485229492 0
v 10.673863410949707 -13.029325485229492 22.718120574951172
v 10.643589973449707 -34.452610015869141 11.359060287475586
v 10.658726692199707 -23.740968704223633 0
v 10.673863410949707 -13.029325485229492 11.359060287475586
v 10.658726692199707 -23.740968704223633 22.718120574951172
v 10.673863410949707 -13.029325485229492 0
v 10.673863410949707 -13.029325485229492 22.718120574951172
v -23.326196670532227 -12.981292724609375 0
v -23.326196670532227 -12.981292724609375 8.6021080017089844
v -23.326196670532227 -12.981292724609375 17.204216003417969
v 10.673863410949707 -13.029325485229492 11.359060287475586
v -6.3261361122131348 -13.00531005859375 0
v -8.967066764831543 -13.001577377319336 22.718120574951172
v 0.85342919826507568 -13.015451431274414 22.718120574951172
v -8.967066764831543 -13.001577377319336 17.204216003417969
v -23.326196670532227 -12.981292724609375 0
v 10.673863410949707 -13.029325485229492 0
v -23.356470108032227 -34.404575347900391 0
v 10.643589973449707 -34.452610015869141 0
v -23.341333389282227 -23.692934036254883 0
v -6.3564095497131348 -34.428592681884766 0
v 10.658726692199707 -23.740968704223633 0
v -6.3261361122131348 -13.00531005859375 0
v -8.997279167175293 -34.424861907958984 17.204216003417969
v -8.997279167175293 -34.424861907958984 22.718120574951172
v -8.967066764831543 -13.001577377319336 17.204216003417969
v -8.967066764831543 -13.001577377319336 22.718120574951172
v -8.982142448425293 -23.713220596313477 17.204216003417969
v -8.982142448425293 -23.713220596313477 22.718120574951172
v -23.326196670532227 -12.981292724609375 17.204216003417969
v -8.967066764831543 -13.001577377319336 17.204216003417969
v -23.356470108032227 -34.404575347900391 17.204216003417969
v -8.997279167175293 -34.424861907958984 17.204216003417969
v -8.982142448425293 -23.713220596313477 17.204216003417969
v -23.341333389282227 -23.692934036254883 17.204216003417969
v -23.326196670532227 -12.981292724609375 0
v -23.356470108032227 -34.404575347900391 0
v -23.356470108032227 -34.404575347900391 17.204216003417969
v -23.341333389282227 -23.692934036254883 0
v -23.356470108032227 -34.404575347900391 8.6021080017089844
v -23.326196670532227 -12.981292724609375 17.204216003417969
v -23.326196670532227 -12.981292724609375 8.6021080017089844
v -23.341333389282227 -23.692934036254883 17.204216003417969
v -23.356470108032227 -34.404575347900391 0
v 10.643589973449707 -34.452610015869141 0
v 10.643589973449707 -34.452610015869141 22.718120574951172
v -23.356470108032227 -34.404575347900391 17.204216003417969
v -23.356470108032227 -34.404575347900391 8.6021080017089844
v 10.643589973449707 -34.452610015869141 11.359060287475586
v -6.3564095497131348 -34.428592681884766 0
v -8.997279167175293 -34.424861907958984 17.204216003417969
v -8.997279167175293 -34.424861907958984 22.718120574951172
v 0.82315576076507568 -34.438735961914063 22.718120574951172
v -8.967066764831543 -13.001577377319336 22.718120574951172
v 10.673863410949707 -13.029325485229492 22.718120574951172
v -8.997279167175293 -34.424861907958984 22.718120574951172
v 10.643589973449707 -34.452610015869141 22.718120574951172
v 10.658726692199707 -23.740968704223633 22.718120574951172
v 0.85342919826507568 -13.015451431274414 22.718120574951172
v -8.982142448425293 -23.713220596313477 22.718120574951172
v 0.82315576076507568 -34.438735961914063 22.718120574951172
vt 0.85562145709991455 0
vt 0.56489092111587524 0
vt 0.85562145709991455 0.27416038513183594
vt 0.56489092111587524 0.27416038513183594
vt 0.71025615930557251 0
vt 0.85562145709991455 0.13708019256591797
vt 0.71025615930557251 0.27416038513183594
vt 0.56489092111587524 0.13708019256591797
vt 0.28926569223403931 0.43510907888412476
vt 0 0.43510907888412476
vt 0.28926569223403931 0.87021815776824951
vt 0.17973661422729492 0.87021815776824951
vt 0.070207551121711731 0.87021815776824951
vt 0.14463284611701965 0.43510907888412476
vt 0.28926569223403931 0.65266358852386475
vt 0 0.68645972013473511
vt 0 0.56078439950942993
vt 0.070207551121711731 0.68645972013473511
vt 0.99853515625 0.45331355929374695
vt 0.56489092111587524 0.45331355929374695
vt 0.99853515625 0.72747397422790527
vt 0.56489092111587524 0.72747397422790527
vt 0.99853515625 0.5903937816619873
vt 0.78171306848526001 0.72747397422790527
vt 0.56489092111587524 0.5903937816619873
vt 0.78171306848526001 0.45331355929374695
vt 0.070563077926635742 0
vt 0 0
vt 0.070563077926635742 0.27416038513183594
vt 0 0.27416038513183594
vt 0.070563077926635742 0.13708019256591797
vt 0 0.13708019256591797
vt 0.25688990950584412 0
vt 0.073131442070007324 0
vt 0.25688990950584412 0.27416038513183594
vt 0.073131442070007324 0.27416038513183594
vt 0.073131442070007324 0.13708019256591797
vt 0.25688990950584412 0.13708019256591797
vt 0.29073053598403931 0.43510907888412476
vt 0.56342607736587524 0.43510907888412476
vt 0.56342607736587524 0.65381169319152832
vt 0.42707830667495728 0.43510907888412476
vt 0.56342607736587524 0.54446035623550415
vt 0.29073053598403931 0.65381169319152832
vt 0.29073053598403931 0.54446035623550415
vt 0.42707830667495728 0.65381169319152832
vt 0.55430889129638672 0
vt 0.55430889129638672 0.43364423513412476
vt 0.26357835531234741 0.43364423513412476
vt 0.33414143323898315 0
vt 0.44422516226768494 0
vt 0.40894362330436707 0.43364423513412476
vt 0.55430889129638672 0.21682211756706238
vt 0.33414143323898315 0.18313981592655182
vt 0.26357835531234741 0.18313981592655182
vt 0.26357835531234741 0.30839204788208008
vt 0.29073053598403931 0.65527653694152832
vt 0.29073053598403931 0.9051622748374939
vt 0.56342607736587524 0.65527653694152832
vt 0.56342607736587524 0.9051622748374939
vt 0.42707830667495728 0.9051622748374939
vt 0.29073053598403931 0.7802194356918335
vt 0.42707830667495728 0.65527653694152832
vt 0.56342607736587524 0.7802194356918335
vn 0.99999898672103882 -0.0014127603499218822 0
vn 0.99999898672103882 -0.0014127603499218822 0
vn 0.99999898672103882 -0.0014127603499218822 0
vn 0.99999898672103882 -0.0014127603499218822 0
vn 0.99999898672103882 -0.0014127603499218822 0
vn 0.99999898672103882 -0.0014127603499218822 0
vn 0.99999898672103882 -0.0014127603499218822 0
vn 0.99999898672103882 -0.0014127603499218822 0
vn 0.0014127603499218822 0.99999898672103882 0
vn 0.0014127603499218822 0.99999898672103882 0
vn 0.0014127603499218822 0.99999898672103882 0
vn 0.0014127603499218822 0.99999898672103882 0
vn 0.0014127603499218822 0.99999898672103882 0
vn 0.0014127603499218822 0.99999898672103882 0
vn 0.0014127603499218822 0.99999898672103882 0
vn 0.0014127603499218822 0.99999898672103882 0
vn 0.0014127603499218822 0.99999898672103882 0
vn 0.0014127603499218822 0.99999898672103882 0
vn 0 0 -1
vn 0 0 -1
vn 0 0 -1
vn 0 0 -1
vn 0 0 -1
vn 0 0 -1
vn 0 0 -1
vn 0 0 -1
vn -0.99999898672103882 0.0014127603499218822 0
vn -0.99999898672103882 0.0014127603499218822 0
vn -0.99999898672103882 0.0014127603499218822 0
vn -0.99999898672103882 0.0014127603499218822 0
vn -0.99999898672103882 0.0014127603499218822 0
vn -0.99999898672103882 0.0014127603499218822 0
vn 0 0 1
vn 0 0 1
vn 0 0 1
vn 0 0 1
vn 0 0 1
vn 0 0 1
vn -0.99999898672103882 0.0014127603499218822 0
vn -0.99999898672103882 0.0014127603499218822 0
vn -0.99999898672103882 0.0014127603499218822 0
vn -0.99999898672103882 0.0014127603499218822 0
vn -0.99999898672103882 0.0014127603499218822 0
vn -0.99999898672103882 0.0014127603499218822 0
vn -0.99999898672103882 0.0014127603499218822 0
vn -0.99999898672103882 0.0014127603499218822 0
vn -0.0014127603499218822 -0.99999898672103882 0
vn -0.0014127603499218822 -0.99999898672103882 0
vn -0.0014127603499218822 -0.99999898672103882 0
vn -0.0014127603499218822 -0.99999898672103882 0
vn -0.0014127603499218822 -0.99999898672103882 0
vn -0.0014127603499218822 -0.99999898672103882 0
vn -0.0014127603499218822 -0.99999898672103882 0
vn -0.0014127603499218822 -0.99999898672103882 0
vn -0.0014127603499218822 -0.99999898672103882 0
vn -0.0014127603499218822 -0.99999898672103882 0
vn 0 0 1
vn 0 0 1
vn 0 0 1
vn 0 0 1
vn 0 0 1
vn 0 0 1
vn 0 0 1
vn 0 0 1
f 3410/3410/3410 3406/3406/3406 3411/3411/3411 3408/3408/3408 3412/3412/3412 3409/3409/3409 3413/3413/3413 3407/3407/3407
f 3419/3419/3419 3414/3414/3414 3420/3420/3420 3416/3416/3416 3417/3417/3417 3418/3418/3418 3423/3423/3423 3421/3421/3421 3422/3422/3422 3415/3415/3415
f 3428/3428/3428 3424/3424/3424 3431/3431/3431 3425/3425/3425 3430/3430/3430 3427/3427/3427 3429/3429/3429 3426/3426/3426
f 3433/3433/3433 3437/3437/3437 3435/3435/3435 3434/3434/3434 3436/3436/3436 3432/3432/3432
f 3442/3442/3442 3439/3439/3439 3438/3438/3438 3443/3443/3443 3440/3440/3440 3441/3441/3441
f 3450/3450/3450 3444/3444/3444 3447/3447/3447 3445/3445/3445 3448/3448/3448 3446/3446/3446 3451/3451/3451 3449/3449/3449
f 3459/3459/3459 3455/3455/3455 3456/3456/3456 3452/3452/3452 3458/3458/3458 3453/3453/3453 3457/3457/3457 3454/3454/3454 3461/3461/3461 3460/3460/3460
f 3466/3466/3466 3463/3463/3463 3467/3467/3467 3462/3462/3462 3468/3468/3468 3464/3464/3464 3469/3469/3469 3465/3465/3465
o object_18
usemtl diffuse_Black
v -76.070213317871094 90.618408203125 0
v -76.325950622558594 -90.403106689453125 0
v -61.016567230224609 -41.055133819580078 0
v -61.039821624755859 -57.511631011962891 0
v -61.063076019287109 -73.968132019042969 0
v -45.707241058349609 8.2928390502929688 0
v -45.730495452880859 -8.1636600494384766 0
v -45.777004241943359 -41.076663970947266 0
v -45.800197601318359 -57.533161163330078 0
v -45.823451995849609 -73.989662170410156 0
v -30.467615127563477 8.2713088989257813 0
v -30.490869522094727 -8.1851902008056641 0
v -15.158228874206543 57.619281768798828 0
v -15.181483268737793 41.162784576416016 0
v -15.227992057800293 8.2497787475585938 0
v -15.251246452331543 -8.2067203521728516 0
v 0.058141130954027176 41.141254425048828 0
v -0.011622052639722824 -8.2282505035400391 0
v 15.228001594543457 -8.2497806549072266 0
v 15.204747200012207 -24.706281661987305 0
v 30.537359237670898 41.098194122314453 0
v 30.514104843139648 24.641693115234375 0
v 30.490850448608398 8.1851921081542969 0
v 30.467596054077148 -8.2713108062744141 0
v 30.444372177124023 -24.727811813354492 0
v 30.421117782592773 -41.184310913085938 0
v 30.397863388061523 -57.640811920166016 0
v 30.374608993530273 -74.097312927246094 0
v 45.707218170166016 -8.2928409576416016 0
v 45.683963775634766 -24.749340057373047 0
v 45.660739898681641 -41.205841064453125 0
v 45.637485504150391 -57.662342071533203 0
v 45.614231109619141 -74.118843078613281 0
v 60.946842193603516 -8.3143711090087891 0
v 60.923587799072266 -24.770870208740234 0
v 60.900333404541016 -41.227371215820313 0
v 60.877109527587891 -57.683872222900391 0
v 60.853855133056641 -74.140373229980469 0
v 76.325965881347656 90.403106689453125 0
v 76.070228576660156 -90.618400573730469 0
v 76.232337951660156 24.145259857177734 0
v 66.565132141113281 24.158916473388672 0
v 56.897891998291016 24.172573089599609 0
v 47.230655670166016 24.186233520507813 0
v 47.217929840087891 15.182655334472656 0
v 47.205204010009766 6.1790809631347656 0
v 56.872440338134766 6.1654243469238281 0
v 66.539680480957031 6.1517677307128906 0
v 76.206916809082031 6.1381111145019531 0
v 76.189826965332031 -5.9564552307128906 0
v 76.172737121582031 -18.051017761230469 0
v 76.155647277832031 -30.14558219909668 0
v 76.138557434082031 -42.240146636962891 0
v 76.121467590332031 -54.334709167480469 0
v 76.104377746582031 -66.429275512695313 0
v 76.087318420410156 -78.523841857910156 0
v 64.347450256347656 -90.601844787597656 0
v 52.624637603759766 -90.585281372070313 0
v 40.901859283447266 -90.568717956542969 0
v 29.179082870483398 -90.552154541015625 0
v 17.456304550170898 -90.535598754882813 0
v 5.7335257530212402 -90.519035339355469 0
v -5.9892830848693848 -90.502471923828125 0
v -17.712060928344727 -90.485908508300781 0
v -29.434839248657227 -90.469352722167969 0
v -41.157619476318359 -90.452789306640625 0
v -52.880397796630859 -90.436225891113281 0
v -64.603172302246094 -90.419662475585938 0
v -76.309349060058594 -78.634048461914063 0
v -76.292686462402344 -66.864997863769531 0
v -76.276084899902344 -55.095951080322266 0
v -76.259422302246094 -43.326900482177734 0
v -76.242820739746094 -31.557849884033203 0
v -76.226219177246094 -19.788797378540039 0
v -76.209556579589844 -8.0197467803955078 0
v -76.192955017089844 3.7493021488189697 0
v -76.176292419433594 15.518356323242188 0
v -76.159690856933594 27.287406921386719 0
v -76.143028259277344 39.056453704833984 0
v -65.970176696777344 39.042087554931641 0
v -55.797328948974609 39.027713775634766 0
v -45.624416351318359 39.013339996337891 0
v -35.451564788818359 38.998966217041016 0
v -25.278711318969727 38.984600067138672 0
v -25.264673233032227 48.884586334228516 0
v -34.290065765380859 48.897335052490234 0
v -43.315456390380859 48.910091400146484 0
v -43.320583343505859 45.310092926025391 0
v -47.423000335693359 45.315891265869141 0
v -47.417934417724609 48.915882110595703 0
v -56.853542327880859 48.929218292236328 0
v -66.289146423339844 48.942546844482422 0
v -66.277732849121094 57.042537689208984 0
v -76.117637634277344 57.056438446044922 0
v -76.101829528808594 68.243766784667969 0
v -76.086021423339844 79.431083679199219 0
v -64.347434997558594 90.601844787597656 0
v -52.624660491943359 90.585289001464844 0
v -40.901882171630859 90.5687255859375 0
v -29.179101943969727 90.552162170410156 0
v -17.456323623657227 90.535598754882813 0
v -5.7335457801818848 90.51904296875 0
v 5.9892630577087402 90.502479553222656 0
v 17.712041854858398 90.485916137695313 0
v 29.434820175170898 90.469352722167969 0
v 41.157596588134766 90.452796936035156 0
v 52.880374908447266 90.436233520507813 0
v 64.603187561035156 90.419670104980469 0
v 76.310371398925781 79.360137939453125 0
v 76.294746398925781 68.317161560058594 0
v 76.279151916503906 57.274181365966797 0
v 76.263557434082031 46.231204986572266 0
v 76.247962951660156 35.188236236572266 0
v 15.771977424621582 49.623104095458984 0
v 10.788212776184082 49.220607757568359 0
v 22.917547225952148 41.108959197998047 0
v 10.387516975402832 55.619167327880859 0
v 1.2206166982650757 56.705837249755859 0
v 1.6744741201400757 47.969333648681641 0
v 2.1283926963806152 39.232837677001953 0
v 8.943760871887207 39.895244598388672 0
v 15.759160041809082 40.557651519775391 0
v 22.949743270874023 44.606021881103516 0
v 32.557407379150391 45.539813995361328 0
v 32.573307037353516 56.789806365966797 0
v 32.589206695556641 68.039794921875 0
v 21.917608261108398 69.554878234863281 0
v 11.246037483215332 71.069953918457031 0
v 0.57443749904632568 72.585029602050781 0
v 1.0423330068588257 63.578067779541016 0
v 12.007664680480957 62.315723419189453 0
v 22.972967147827148 61.053371429443359 0
v 22.961370468139648 52.829692840576172 0
v -39.084194183349609 -70.385147094726563 0
v -39.094814300537109 -77.885139465332031 0
v -39.105373382568359 -85.3851318359375 0
v -28.545923233032227 -85.400054931640625 0
v -17.986413955688477 -85.414970397949219 0
v -7.4269051551818848 -85.429893493652344 0
v 3.1326041221618652 -85.444808959960938 0
v 13.692082405090332 -85.459724426269531 0
v 13.702672004699707 -77.959732055664063 0
v 13.713261604309082 -70.459739685058594 0
v 13.725438117980957 -61.855785369873047 0
v 13.737584114074707 -53.2518310546875 0
v 13.749730110168457 -44.647876739501953 0
v 3.1902518272399902 -44.632957458496094 0
v -7.3692269325256348 -44.6180419921875 0
v -17.928735733032227 -44.603122711181641 0
v -28.488245010375977 -44.588203430175781 0
v -39.047756195068359 -44.573287963867188 0
v -39.059902191162109 -53.177242279052734 0
v -39.072048187255859 -61.781196594238281 0
v -23.689966201782227 79.962303161621094 0
v -30.034265518188477 79.971267700195313 0
v -41.136684417724609 79.986946105957031 0
v -52.239101409912109 80.002632141113281 0
v -63.341579437255859 80.018318176269531 0
v -74.443992614746094 80.034004211425781 0
v -74.453514099121094 73.284011840820313 0
v -74.463035583496094 66.534019470214844 0
v -62.680873870849609 66.517372131347656 0
v -50.898708343505859 66.500724792480469 0
v -39.116542816162109 66.484085083007813 0
v -39.131374359130859 55.984088897705078 0
v -31.427637100219727 55.973201751708984 0
v -23.723901748657227 55.962322235107422 0
v -23.706933975219727 67.962310791015625 0
v -63.240810394287109 22.45062255859375 0
v -73.885520935058594 22.465663909912109 0
v -73.898948669433594 12.965671539306641 0
v -73.912315368652344 3.4656832218170166 0
v -65.912376403808594 3.4543802738189697 0
v -57.912380218505859 3.4430773258209229 0
v -57.901149749755859 11.376617431640625 0
v -57.889919281005859 19.310157775878906 0
v -48.057094573974609 19.2962646484375 0
v -38.224269866943359 19.282375335693359 0
v -28.391443252563477 19.268482208251953 0
v -28.375513076782227 30.534278869628906 0
v -39.993495941162109 30.550693511962891 0
v -51.611415863037109 30.567108154296875 0
v -63.229335784912109 30.583518981933594 0
v 75.277015686035156 40.470088958740234 0
v 75.137794494628906 49.835659027099609 0
v 74.998573303222656 59.201236724853516 0
v 74.859382629394531 68.566818237304688 0
v 74.720161437988281 77.932395935058594 0
v 68.265205383300781 78.08551025390625 0
v 68.155372619628906 71.143959045410156 0
v 61.470920562744141 70.818809509277344 0
v 54.786472320556641 70.493659973144531 0
v 54.348423004150391 77.986587524414063 0
v 48.595401763916016 77.899421691894531 0
v 48.680973052978516 68.13897705078125 0
v 48.766544342041016 58.378520965576172 0
v 48.852115631103516 48.618076324462891 0
v 48.937686920166016 38.857631683349609 0
v 57.717472076416016 39.395114898681641 0
v 66.497230529785156 39.932598114013672 0
v -32.675319671630859 -32.788825988769531 0
v -32.710903167724609 -23.838157653808594 0
v -32.746486663818359 -14.887491226196289 0
v -43.351345062255859 -14.92967414855957 0
v -53.956264495849609 -14.971855163574219 0
v -64.561119079589844 -15.0140380859375 0
v -75.165977478027344 -15.056221008300781 0
v -75.130332946777344 -24.006887435913086 0
v -75.094749450683594 -32.957557678222656 0
v -64.489891052246094 -32.915374755859375 0
v -53.885036468505859 -32.873191833496094 0
v -43.280178070068359 -32.831008911132813 0
v 18.229467391967773 22.963424682617188 0
v 18.235815048217773 27.463420867919922 0
v 30.502477645874023 16.413440704345703 0
v 22.871038436889648 8.1959571838378906 0
v 22.894292831420898 24.652454376220703 0
v 22.882665634155273 16.424205780029297 0
v 30.525732040405273 32.869937896728516 0
v 22.905920028686523 32.880702972412109 0
v 13.350987434387207 27.470321655273438 0
v 6.3509879112243652 27.480209350585938 0
v 0.23581446707248688 27.488849639892578 0
v 0.22525538504123688 19.988857269287109 0
v 0.21463526785373688 12.488864898681641 0
v 0.20755518972873688 7.4888687133789063 0
v 15.239628791809082 -0.021529976278543472 0
v 7.6081900596618652 -8.2390155792236328 0
v -2.5372564778081141E-05 1.7469986346441146E-07 0
v 7.6198172569274902 -0.010764900594949722 0
v 8.320897102355957 7.4774055480957031 0
v 18.207555770874023 7.46343994140625 0
v 18.214635848999023 12.463432312011719 0
v 30.479223251342773 -0.043060127645730972 0
v 22.847814559936523 -8.2605457305908203 0
v 22.859411239624023 -0.032295051962137222 0
v 10.643589973449707 -34.452610015869141 0
v 10.658726692199707 -23.740968704223633 0
v 10.673863410949707 -13.029325485229492 0
v -0.65951025485992432 -13.013315200805664 0
v -11.992823600769043 -12.997303009033203 0
v -23.326196670532227 -12.981292724609375 0
v -23.341333389282227 -23.692934036254883 0
v -23.356470108032227 -34.404575347900391 0
v -12.023097038269043 -34.420589447021484 0
v -0.68978369235992432 -34.436599731445313 0
v -15.134974479675293 74.075790405273438 0
v -30.514123916625977 -24.641691207885742 0
v -15.297755241394043 -41.119720458984375 0
v -0.058130841702222824 -41.141250610351563 0
v 15.181492805480957 -41.16278076171875 0
v 15.344243049621582 74.032730102539063 0
v 30.583868026733398 74.011199951171875 0
v 45.823459625244141 73.989669799804688 0
v 45.753726959228516 24.620162963867188 0
v 45.776981353759766 41.076663970947266 0
v 60.993350982666016 24.5986328125 0
v 45.730472564697266 8.1636619567871094 0
v 15.158238410949707 -57.619281768798828 0
v 15.134984016418457 -74.075782775878906 0
vt 0 0
vt 0 1
vt 0.10000000149011612 0.72727274894714355
vt 0.10000000149011612 0.81818181276321411
vt 0.10000000149011612 0.90909093618392944
vt 0.20000000298023224 0.45454546809196472
vt 0.20000000298023224 0.54545456171035767
vt 0.20000000298023224 0.72727274894714355
vt 0.20000000298023224 0.81818181276321411
vt 0.20000000298023224 0.90909093618392944
vt 0.30000001192092896 0.45454546809196472
vt 0.30000001192092896 0.54545456171035767
vt 0.40000000596046448 0.18181818723678589
vt 0.40000000596046448 0.27272728085517883
vt 0.40000000596046448 0.45454546809196472
vt 0.40000000596046448 0.54545456171035767
vt 0.5 0.27272728085517883
vt 0.5 0.54545456171035767
vt 0.60000002384185791 0.54545456171035767
vt 0.60000002384185791 0.63636362552642822
vt 0.69999998807907104 0.27272728085517883
vt 0.69999998807907104 0.36363637447357178
vt 0.69999998807907104 0.45454546809196472
vt 0.69999998807907104 0.54545456171035767
vt 0.69999998807907104 0.63636362552642822
vt 0.69999998807907104 0.72727274894714355
vt 0.69999998807907104 0.81818181276321411
vt 0.69999998807907104 0.90909093618392944
vt 0.80000001192092896 0.54545456171035767
vt 0.80000001192092896 0.63636362552642822
vt 0.80000001192092896 0.72727274894714355
vt 0.80000001192092896 0.81818181276321411
vt 0.80000001192092896 0.90909093618392944
vt 0.89999997615814209 0.54545456171035767
vt 0.89999997615814209 0.63636362552642822
vt 0.89999997615814209 0.72727274894714355
vt 0.89999997615814209 0.81818181276321411
vt 0.89999997615814209 0.90909093618392944
vt 1 0
vt 1 1
vt 1 0.36602196097373962
vt 0.936565101146698 0.36602196097373962
vt 0.873130202293396 0.36602196097373962
vt 0.80969530344009399 0.36602196097373962
vt 0.80969530344009399 0.41575953364372253
vt 0.80969530344009399 0.46549713611602783
vt 0.873130202293396 0.46549713611602783
vt 0.936565101146698 0.46549713611602783
vt 1 0.46549713611602783
vt 1 0.53231000900268555
vt 1 0.59912288188934326
vt 1 0.6659356951713562
vt 1 0.73274856805801392
vt 1 0.79956144094467163
vt 1 0.86637431383132935
vt 1 0.93318712711334229
vt 0.92307692766189575 1
vt 0.8461538553237915 1
vt 0.76923078298568726 1
vt 0.69230771064758301 1
vt 0.61538463830947876 1
vt 0.53846156597137451 1
vt 0.46153846383094788 1
vt 0.38461539149284363 1
vt 0.30769231915473938 1
vt 0.23076923191547394 1
vt 0.15384615957736969 1
vt 0.076923079788684845 1
vt 0 0.93498533964157104
vt 0 0.86997067928314209
vt 0 0.80495601892471313
vt 0 0.73994135856628418
vt 0 0.67492669820785522
vt 0 0.60991203784942627
vt 0 0.54489743709564209
vt 0 0.47988274693489075
vt 0 0.41486808657646179
vt 0 0.34985345602035522
vt 0 0.28483879566192627
vt 0.066752821207046509 0.28483879566192627
vt 0.13350564241409302 0.28483879566192627
vt 0.20025847852230072 0.28483879566192627
vt 0.26701128482818604 0.28483879566192627
vt 0.33376413583755493 0.28483879566192627
vt 0.33376413583755493 0.23014920949935913
vt 0.27454096078872681 0.23014920949935913
vt 0.21531778573989868 0.23014920949935913
vt 0.21531778573989868 0.2500363290309906
vt 0.18839816749095917 0.2500363290309906
vt 0.18839816749095917 0.23014920949935913
vt 0.12648303806781769 0.23014920949935913
vt 0.064567901194095612 0.23014920949935913
vt 0.064567901194095612 0.18540318310260773
vt 0 0.18540318310260773
vt 0 0.12360212951898575
vt 0 0.061801064759492874
vt 0.076923079788684845 0
vt 0.15384615957736969 0
vt 0.23076923191547394 0
vt 0.30769231915473938 0
vt 0.38461539149284363 0
vt 0.46153846383094788 0
vt 0.53846156597137451 0
vt 0.61538463830947876 0
vt 0.69230771064758301 0
vt 0.76923078298568726 0
vt 0.8461538553237915 0
vt 0.92307692766189575 0
vt 1 0.061003658920526505
vt 1 0.12200731784105301
vt 1 0.18301098048686981
vt 1 0.24401463568210602
vt 1 0.30501827597618103
vt 0.60303306579589844 0.22574923932552338
vt 0.57033407688140869 0.22801157832145691
vt 0.64999997615814209 0.27272728085517883
vt 0.56764543056488037 0.19266782701015472
vt 0.50748378038406372 0.18673641979694366
vt 0.51054304838180542 0.23499500751495361
vt 0.51360231637954712 0.28325358033180237
vt 0.55831766128540039 0.27954113483428955
vt 0.60303306579589844 0.27582865953445435
vt 0.65017884969711304 0.25340855121612549
vt 0.71321409940719604 0.24817511439323425
vt 0.71321409940719604 0.18602786958217621
vt 0.71321409940719604 0.12388061732053757
vt 0.64317488670349121 0.11559431254863739
vt 0.57313567399978638 0.10730801522731781
vt 0.50309646129608154 0.09902171790599823
vt 0.50625038146972656 0.14877426624298096
vt 0.57821458578109741 0.15566213428974152
vt 0.65017884969711304 0.16255001723766327
vt 0.65017884969711304 0.20797929167747498
vt 0.24418854713439941 0.88912630081176758
vt 0.24418854713439941 0.93055778741836548
vt 0.24418854713439941 0.97198927402496338
vt 0.31347832083702087 0.97198927402496338
vt 0.38276809453964233 0.97198927402496338
vt 0.45205786824226379 0.97198927402496338
vt 0.52134764194488525 0.97198927402496338
vt 0.59063738584518433 0.97198927402496338
vt 0.59063738584518433 0.93055778741836548
vt 0.59063738584518433 0.88912630081176758
vt 0.59063738584518433 0.84159624576568604
vt 0.59063738584518433 0.79406625032424927
vt 0.59063738584518433 0.7465362548828125
vt 0.52134764194488525 0.7465362548828125
vt 0.45205786824226379 0.7465362548828125
vt 0.38276809453964233 0.7465362548828125
vt 0.31347832083702087 0.7465362548828125
vt 0.24418854713439941 0.7465362548828125
vt 0.24418854713439941 0.79406625032424927
vt 0.24418854713439941 0.84159624576568604
vt 0.34380897879600525 0.058457609266042709
vt 0.30217897891998291 0.058457609266042709
vt 0.229326531291008 0.058457609266042709
vt 0.15647408366203308 0.058457609266042709
vt 0.083621621131896973 0.058457609266042709
vt 0.010769166052341461 0.058457609266042709
vt 0.010769166052341461 0.095745958387851715
vt 0.010769166052341461 0.13303430378437042
vt 0.088081978261470795 0.13303430378437042
vt 0.16539478302001953 0.13303430378437042
vt 0.24270759522914886 0.13303430378437042
vt 0.24270759522914886 0.19103839993476868
vt 0.29325827956199646 0.19103839993476868
vt 0.34380897879600525 0.19103839993476868
vt 0.34380897879600525 0.12474800646305084
vt 0.08481617271900177 0.37647193670272827
vt 0.014967510476708412 0.37647193670272827
vt 0.014967510476708412 0.42895182967185974
vt 0.014967510476708412 0.4814317524433136
vt 0.067462213337421417 0.4814317524433136
vt 0.11995691806077957 0.4814317524433136
vt 0.11995691806077957 0.43760523200035095
vt 0.11995691806077957 0.39377874135971069
vt 0.18447841703891754 0.39377874135971069
vt 0.24899990856647491 0.39377874135971069
vt 0.31352141499519348 0.39377874135971069
vt 0.31352141499519348 0.33154416084289551
vt 0.23728632926940918 0.33154416084289551
vt 0.16105124354362488 0.33154416084289551
vt 0.08481617271900177 0.33154416084289551
vt 0.99357986450195313 0.27584788203239441
vt 0.99257957935333252 0.22411172091960907
vt 0.99157923460006714 0.17237554490566254
vt 0.99057894945144653 0.12063936144113541
vt 0.98957860469818115 0.068903185427188873
vt 0.94722080230712891 0.068107694387435913
vt 0.9465644359588623 0.10645505040884018
vt 0.90270525217056274 0.10830339789390564
vt 0.85884606838226318 0.1101517453789711
vt 0.85590213537216187 0.068762809038162231
vt 0.81815272569656372 0.069289237260818481
vt 0.81880474090576172 0.12320716679096222
vt 0.81945669651031494 0.17712509632110596
vt 0.82010871171951294 0.2310430109500885
vt 0.82076072692871094 0.28496095538139343
vt 0.87836712598800659 0.28192326426506042
vt 0.93597352504730225 0.27888557314872742
vt 0.28589418530464172 0.68138688802719116
vt 0.28557759523391724 0.63194191455841064
vt 0.28526097536087036 0.58249694108963013
vt 0.21567402780056 0.58281272649765015
vt 0.14608708024024963 0.58312851190567017
vt 0.076500117778778076 0.58344429731369019
vt 0.0069131618365645409 0.58376008272171021
vt 0.0072297551669180393 0.63320505619049072
vt 0.0075463484972715378 0.68265002965927124
vt 0.077133305370807648 0.68233424425125122
vt 0.14672026038169861 0.6820184588432312
vt 0.21630722284317017 0.68170267343521118
vt 0.61940580606460571 0.37300330400466919
vt 0.61940580606460571 0.34814441204071045
vt 0.69999998807907104 0.40909090638160706
vt 0.64999997615814209 0.45454546809196472
vt 0.64999997615814209 0.36363637447357178
vt 0.64999997615814209 0.40909090638160706
vt 0.69999998807907104 0.31818181276321411
vt 0.64999997615814209 0.31818181276321411
vt 0.5873522162437439 0.34814441204071045
vt 0.54141932725906372 0.34814441204071045
vt 0.50129270553588867 0.34814441204071045
vt 0.50129270553588867 0.38957589864730835
vt 0.50129270553588867 0.43100741505622864
vt 0.50129270553588867 0.45862841606140137
vt 0.60000002384185791 0.5
vt 0.55000001192092896 0.54545456171035767
vt 0.5 0.5
vt 0.55000001192092896 0.5
vt 0.55453109741210938 0.45862841606140137
vt 0.61940580606460571 0.45862841606140137
vt 0.61940580606460571 0.43100741505622864
vt 0.69999998807907104 0.5
vt 0.64999997615814209 0.54545456171035767
vt 0.64999997615814209 0.5
vt 0.57016086578369141 0.69023984670639038
vt 0.57016086578369141 0.63106656074523926
vt 0.57016086578369141 0.57189321517944336
vt 0.49579319357872009 0.57189321517944336
vt 0.42142552137374878 0.57189321517944336
vt 0.34705784916877747 0.57189321517944336
vt 0.34705784916877747 0.63106656074523926
vt 0.34705784916877747 0.69023984670639038
vt 0.42142552137374878 0.69023984670639038
vt 0.49579319357872009 0.69023984670639038
vt 0.40000000596046448 0.090909093618392944
vt 0.30000001192092896 0.63636362552642822
vt 0.40000000596046448 0.72727274894714355
vt 0.5 0.72727274894714355
vt 0.60000002384185791 0.72727274894714355
vt 0.60000002384185791 0.090909093618392944
vt 0.69999998807907104 0.090909093618392944
vt 0.80000001192092896 0.090909093618392944
vt 0.80000001192092896 0.36363637447357178
vt 0.80000001192092896 0.27272728085517883
vt 0.89999997615814209 0.36363637447357178
vt 0.80000001192092896 0.45454546809196472
vt 0.60000002384185791 0.81818181276321411
vt 0.60000002384185791 0.90909093618392944
vn 0 0 1
vn 0 0 1
vn 0 0 1
vn 0 0 1
vn 0 0 1
vn 0 0 1
vn 0 0 1
vn 0 0 1
vn 0 0 1
vn 0 0 1
vn 0 0 1
vn 0 0 1
vn 0 0 1
vn 0 0 1
vn 0 0 1
vn 0 0 1
vn 0 0 1
vn 0 0 1
vn 0 0 1
vn 0 0 1
vn 0 0 1
vn 0 0 1
vn 0 0 1
vn 0 0 1
vn 0 0 1
vn 0 0 1
vn 0 0 1
vn 0 0 1
vn 0 0 1
vn 0 0 1
vn 0 0 1
vn 0 0 1
vn 0 0 1
vn 0 0 1
vn 0 0 1
vn 0 0 1
vn 0 0 1
vn 0 0 1
vn 0 0 1
vn 0 0 1
vn 0 0 1
vn 0 0 1
vn 0 0 1
vn 0 0 1
vn 0 0 1
vn 0 0 1
vn 0 0 1
vn 0 0 1
vn 0 0 1
vn 0 0 1
vn 0 0 1
vn 0 0 1
vn 0 0 1
vn 0 0 1
vn 0 0 1
vn 0 0 1
vn 0 0 1
vn 0 0 1
vn 0 0 1
vn 0 0 1
vn 0 0 1
vn 0 0 1
vn 0 0 1
vn 0 0 1
vn 0 0 1
vn 0 0 1
vn 0 0 1
vn 0 0 1
vn 0 0 1
vn 0 0 1
vn 0 0 1
vn 0 0 1
vn 0 0 1
vn 0 0 1
vn 0 0 1
vn 0 0 1
vn 0 0 1
vn 0 0 1
vn 0 0 1
vn 0 0 1
vn 0 0 1
vn 0 0 1
vn 0 0 1
vn 0 0 1
vn 0 0 1
vn 0 0 1
vn 0 0 1
vn 0 0 1
vn 0 0 1
vn 0 0 1
vn 0 0 1
vn 0 0 1
vn 0 0 1
vn 0 0 1
vn 0 0 1
vn 0 0 1
vn 0 0 1
vn 0 0 1
vn 0 0 1
vn 0 0 1
vn 0 0 1
vn 0 0 1
vn 0 0 1
vn 0 0 1
vn 0 0 1
vn 0 0 1
vn 0 0 1
vn 0 0 1
vn 0 0 1
vn 0 0 1
vn 0 0 1
vn 0 0 1
vn 0 0 1
vn 0 0 1
vn 0 0 1
vn 0 0 1
vn 0 0 1
vn 0 0 1
vn 0 0 1
vn 0 0 1
vn 0 0 1
vn 0 0 1
vn 0 0 1
vn 0 0 1
vn 0 0 1
vn 0 0 1
vn 0 0 1
vn 0 0 1
vn 0 0 1
vn 0 0 1
vn 0 0 1
vn 0 0 1
vn 0 0 1
vn 0 0 1
vn 0 0 1
vn 0 0 1
vn 0 0 1
vn 0 0 1
vn 0 0 1
vn 0 0 1
vn 0 0 1
vn 0 0 1
vn 0 0 1
vn 0 0 1
vn 0 0 1
vn 0 0 1
vn 0 0 1
vn 0 0 1
vn 0 0 1
vn 0 0 1
vn 0 0 1
vn 0 0 1
vn 0 0 1
vn 0 0 1
vn 0 0 1
vn 0 0 1
vn 0 0 1
vn 0 0 1
vn 0 0 1
vn 0 0 1
vn 0 0 1
vn 0 0 1
vn 0 0 1
vn 0 0 1
vn 0 0 1
vn 0 0 1
vn 0 0 1
vn 0 0 1
vn 0 0 1
vn 0 0 1
vn 0 0 1
vn 0 0 1
vn 0 0 1
vn 0 0 1
vn 0 0 1
vn 0 0 1
vn 0 0 1
vn 0 0 1
vn 0 0 1
vn 0 0 1
vn 0 0 1
vn 0 0 1
vn 0 0 1
vn 0 0 1
vn 0 0 1
vn 0 0 1
vn 0 0 1
vn 0 0 1
vn 0 0 1
vn 0 0 1
vn 0 0 1
vn 0 0 1
vn 0 0 1
vn 0 0 1
vn 0 0 1
vn 0 0 1
vn 0 0 1
vn 0 0 1
vn 0 0 1
vn 0 0 1
vn 0 0 1
vn 0 0 1
vn 0 0 1
vn 0 0 1
vn 0 0 1
vn 0 0 1
vn 0 0 1
vn 0 0 1
vn 0 0 1
vn 0 0 1
vn 0 0 1
vn 0 0 1
vn 0 0 1
vn 0 0 1
vn 0 0 1
vn 0 0 1
vn 0 0 1
vn 0 0 1
vn 0 0 1
vn 0 0 1
vn 0 0 1
vn 0 0 1
vn 0 0 1
vn 0 0 1
vn 0 0 1
vn 0 0 1
vn 0 0 1
vn 0 0 1
vn 0 0 1
vn 0 0 1
vn 0 0 1
vn 0 0 1
vn 0 0 1
vn 0 0 1
vn 0 0 1
vn 0 0 1
vn 0 0 1
vn 0 0 1
vn 0 0 1
vn 0 0 1
vn 0 0 1
vn 0 0 1
vn 0 0 1
vn 0 0 1
vn 0 0 1
vn 0 0 1
vn 0 0 1
vn 0 0 1
vn 0 0 1
vn 0 0 1
vn 0 0 1
vn 0 0 1
vn 0 0 1
vn 0 0 1
vn 0 0 1
vn 0 0 1
vn 0 0 1
vn 0 0 1
vn 0 0 1
vn 0 0 1
f 3478/3478/3478 3477/3477/3477 3472/3472/3472 3473/3473/3473
f 3479/3479/3479 3478/3478/3478 3473/3473/3473 3474/3474/3474
f 3481/3481/3481 3480/3480/3480 3475/3475/3475 3476/3476/3476
f 3485/3485/3485 3484/3484/3484 3480/3480/3480 3481/3481/3481
f 3486/3486/3486 3482/3482/3482 3483/3483/3483
f 3488/3488/3488 3696/3696/3696 3699/3699/3699 3697/3697/3697
f 3697/3697/3697 3699/3699/3699 3698/3698/3698 3487/3487/3487
f 3491/3491/3491 3688/3688/3688 3689/3689/3689 3686/3686/3686
f 3688/3688/3688 3490/3490/3490 3585/3585/3585 3689/3689/3689
f 3492/3492/3492 3684/3684/3684 3687/3687/3687 3685/3685/3685
f 3684/3684/3684 3491/3491/3491 3686/3686/3686 3687/3687/3687
f 3493/3493/3493 3703/3703/3703 3705/3705/3705 3704/3704/3704
f 3704/3704/3704 3705/3705/3705 3696/3696/3696 3488/3488/3488
f 3703/3703/3703 3492/3492/3492 3685/3685/3685 3705/3705/3705
f 3704/3704/3704 3494/3494/3494 3493/3493/3493
f 3489/3489/3489 3704/3704/3704 3488/3488/3488
f 3494/3494/3494 3704/3704/3704 3489/3489/3489
f 3489/3489/3489 3495/3495/3495 3494/3494/3494
f 3499/3499/3499 3498/3498/3498 3493/3493/3493 3494/3494/3494
f 3500/3500/3500 3499/3499/3499 3494/3494/3494 3495/3495/3495
f 3501/3501/3501 3500/3500/3500 3495/3495/3495 3496/3496/3496
f 3502/3502/3502 3501/3501/3501 3496/3496/3496 3497/3497/3497
f 3504/3504/3504 3503/3503/3503 3498/3498/3498 3499/3499/3499
f 3505/3505/3505 3504/3504/3504 3499/3499/3499 3500/3500/3500
f 3506/3506/3506 3505/3505/3505 3500/3500/3500 3501/3501/3501
f 3507/3507/3507 3506/3506/3506 3501/3501/3501 3502/3502/3502
f 3565/3565/3565 3628/3628/3628 3470/3470/3470
f 3470/3470/3470 3628/3628/3628 3627/3627/3627 3566/3566/3566
f 3629/3629/3629 3628/3628/3628 3565/3565/3565
f 3630/3630/3630 3564/3564/3564 3563/3563/3563
f 3564/3564/3564 3630/3630/3630 3629/3629/3629
f 3629/3629/3629 3565/3565/3565 3564/3564/3564
f 3562/3562/3562 3630/3630/3630 3563/3563/3563
f 3566/3566/3566 3627/3627/3627 3626/3626/3626 3567/3567/3567
f 3631/3631/3631 3562/3562/3562 3560/3560/3560
f 3631/3631/3631 3630/3630/3630 3562/3562/3562
f 3632/3632/3632 3631/3631/3631 3560/3560/3560
f 3632/3632/3632 3559/3559/3559 3634/3634/3634
f 3567/3567/3567 3626/3626/3626 3625/3625/3625 3568/3568/3568
f 3632/3632/3632 3560/3560/3560 3559/3559/3559
f 3547/3547/3547 3549/3549/3549 3548/3548/3548
f 3549/3549/3549 3652/3652/3652 3550/3550/3550
f 3652/3652/3652 3549/3549/3549 3547/3547/3547
f 3546/3546/3546 3640/3640/3640 3639/3639/3639 3547/3547/3547
f 3639/3639/3639 3652/3652/3652 3547/3547/3547
f 3545/3545/3545 3641/3641/3641 3640/3640/3640 3546/3546/3546
f 3638/3638/3638 3652/3652/3652 3639/3639/3639
f 3550/3550/3550 3652/3652/3652 3651/3651/3651
f 3651/3651/3651 3551/3551/3551 3550/3550/3550
f 3475/3475/3475 3646/3646/3646 3644/3644/3644
f 3645/3645/3645 3644/3644/3644 3646/3646/3646
f 3560/3560/3560 3562/3562/3562 3561/3561/3561
f 3557/3557/3557 3556/3556/3556 3559/3559/3559 3558/3558/3558
f 3624/3624/3624 3569/3569/3569 3568/3568/3568 3625/3625/3625
f 3633/3633/3633 3632/3632/3632 3634/3634/3634
f 3554/3554/3554 3636/3636/3636 3635/3635/3635 3555/3555/3555
f 3634/3634/3634 3555/3555/3555 3635/3635/3635
f 3556/3556/3556 3555/3555/3555 3634/3634/3634
f 3623/3623/3623 3569/3569/3569 3624/3624/3624
f 3556/3556/3556 3634/3634/3634 3559/3559/3559
f 3716/3716/3716 3570/3570/3570 3623/3623/3623
f 3569/3569/3569 3623/3623/3623 3570/3570/3570
f 3588/3588/3588 3482/3482/3482 3486/3486/3486
f 3570/3570/3570 3716/3716/3716 3571/3571/3571
f 3637/3637/3637 3716/3716/3716 3623/3623/3623
f 3554/3554/3554 3482/3482/3482 3636/3636/3636
f 3637/3637/3637 3636/3636/3636 3482/3482/3482
f 3482/3482/3482 3716/3716/3716 3637/3637/3637
f 3483/3483/3483 3482/3482/3482 3554/3554/3554
f 3716/3716/3716 3482/3482/3482 3599/3599/3599
f 3650/3650/3650 3552/3552/3552 3551/3551/3551
f 3475/3475/3475 3647/3647/3647 3646/3646/3646
f 3480/3480/3480 3648/3648/3648 3647/3647/3647 3475/3475/3475
f 3552/3552/3552 3650/3650/3650 3649/3649/3649
f 3551/3551/3551 3651/3651/3651 3650/3650/3650
f 3483/3483/3483 3553/3553/3553 3649/3649/3649
f 3552/3552/3552 3649/3649/3649 3553/3553/3553
f 3484/3484/3484 3693/3693/3693 3692/3692/3692 3483/3483/3483
f 3483/3483/3483 3554/3554/3554 3553/3553/3553
f 3486/3486/3486 3483/3483/3483 3692/3692/3692
f 3484/3484/3484 3483/3483/3483 3648/3648/3648
f 3483/3483/3483 3649/3649/3649 3648/3648/3648
f 3484/3484/3484 3648/3648/3648 3480/3480/3480
f 3692/3692/3692 3589/3589/3589 3486/3486/3486
f 3693/3693/3693 3484/3484/3484 3694/3694/3694
f 3716/3716/3716 3572/3572/3572 3571/3571/3571
f 3475/3475/3475 3644/3644/3644 3643/3643/3643
f 3641/3641/3641 3545/3545/3545 3544/3544/3544
f 3544/3544/3544 3642/3642/3642 3641/3641/3641
f 3675/3675/3675 3544/3544/3544 3676/3676/3676
f 3677/3677/3677 3543/3543/3543 3542/3542/3542
f 3543/3543/3543 3677/3677/3677 3676/3676/3676
f 3676/3676/3676 3544/3544/3544 3543/3543/3543
f 3542/3542/3542 3678/3678/3678 3677/3677/3677
f 3544/3544/3544 3675/3675/3675 3642/3642/3642
f 3675/3675/3675 3674/3674/3674 3643/3643/3643
f 3476/3476/3476 3643/3643/3643 3674/3674/3674
f 3674/3674/3674 3673/3673/3673 3476/3476/3476
f 3481/3481/3481 3476/3476/3476 3673/3673/3673
f 3643/3643/3643 3476/3476/3476 3475/3475/3475
f 3472/3472/3472 3680/3680/3680 3679/3679/3679
f 3681/3681/3681 3680/3680/3680 3477/3477/3477
f 3713/3713/3713 3670/3670/3670 3477/3477/3477
f 3642/3642/3642 3675/3675/3675 3643/3643/3643
f 3540/3540/3540 3473/3473/3473 3472/3472/3472 3541/3541/3541
f 3678/3678/3678 3541/3541/3541 3679/3679/3679
f 3541/3541/3541 3472/3472/3472 3679/3679/3679
f 3678/3678/3678 3542/3542/3542 3541/3541/3541
f 3473/3473/3473 3540/3540/3540 3539/3539/3539
f 3474/3474/3474 3538/3538/3538 3537/3537/3537
f 3538/3538/3538 3471/3471/3471 3537/3537/3537
f 3539/3539/3539 3538/3538/3538 3474/3474/3474
f 3479/3479/3479 3603/3603/3603 3622/3622/3622 3478/3478/3478
f 3478/3478/3478 3621/3621/3621 3620/3620/3620 3477/3477/3477
f 3477/3477/3477 3670/3670/3670 3681/3681/3681
f 3537/3537/3537 3536/3536/3536 3474/3474/3474
f 3479/3479/3479 3474/3474/3474 3536/3536/3536
f 3535/3535/3535 3605/3605/3605 3536/3536/3536
f 3536/3536/3536 3605/3605/3605 3479/3479/3479
f 3539/3539/3539 3474/3474/3474 3473/3473/3473
f 3472/3472/3472 3477/3477/3477 3680/3680/3680
f 3711/3711/3711 3481/3481/3481 3717/3717/3717 3712/3712/3712
f 3673/3673/3673 3672/3672/3672 3481/3481/3481
f 3481/3481/3481 3711/3711/3711 3710/3710/3710 3485/3485/3485
f 3672/3672/3672 3717/3717/3717 3481/3481/3481
f 3619/3619/3619 3477/3477/3477 3620/3620/3620
f 3717/3717/3717 3671/3671/3671 3670/3670/3670
f 3670/3670/3670 3713/3713/3713 3717/3717/3717
f 3712/3712/3712 3717/3717/3717 3713/3713/3713
f 3717/3717/3717 3672/3672/3672 3671/3671/3671
f 3718/3718/3718 3713/3713/3713 3477/3477/3477
f 3698/3698/3698 3484/3484/3484 3485/3485/3485
f 3485/3485/3485 3487/3487/3487 3698/3698/3698
f 3695/3695/3695 3484/3484/3484 3698/3698/3698
f 3485/3485/3485 3710/3710/3710 3709/3709/3709 3487/3487/3487
f 3719/3719/3719 3715/3715/3715 3714/3714/3714 3718/3718/3718
f 3715/3715/3715 3719/3719/3719 3720/3720/3720 3706/3706/3706
f 3718/3718/3718 3714/3714/3714 3713/3713/3713
f 3478/3478/3478 3622/3622/3622 3621/3621/3621
f 3479/3479/3479 3605/3605/3605 3604/3604/3604
f 3533/3533/3533 3607/3607/3607 3606/3606/3606 3534/3534/3534
f 3605/3605/3605 3535/3535/3535 3534/3534/3534 3606/3606/3606
f 3479/3479/3479 3604/3604/3604 3603/3603/3603
f 3617/3617/3617 3718/3718/3718 3618/3618/3618
f 3619/3619/3619 3718/3718/3718 3477/3477/3477
f 3718/3718/3718 3617/3617/3617 3719/3719/3719
f 3607/3607/3607 3533/3533/3533 3532/3532/3532 3608/3608/3608
f 3608/3608/3608 3532/3532/3532 3531/3531/3531 3609/3609/3609
f 3719/3719/3719 3617/3617/3617 3616/3616/3616
f 3718/3718/3718 3619/3619/3619 3618/3618/3618
f 3487/3487/3487 3709/3709/3709 3708/3708/3708 3697/3697/3697
f 3484/3484/3484 3695/3695/3695 3694/3694/3694
f 3716/3716/3716 3598/3598/3598 3721/3721/3721
f 3716/3716/3716 3721/3721/3721 3572/3572/3572
f 3597/3597/3597 3721/3721/3721 3598/3598/3598
f 3721/3721/3721 3573/3573/3573 3572/3572/3572
f 3599/3599/3599 3482/3482/3482 3587/3587/3587
f 3586/3586/3586 3599/3599/3599 3587/3587/3587
f 3600/3600/3600 3586/3586/3586 3601/3601/3601
f 3599/3599/3599 3586/3586/3586 3600/3600/3600
f 3721/3721/3721 3597/3597/3597 3596/3596/3596
f 3587/3587/3587 3482/3482/3482 3588/3588/3588
f 3596/3596/3596 3722/3722/3722 3721/3721/3721
f 3573/3573/3573 3721/3721/3721 3722/3722/3722 3574/3574/3574
f 3723/3723/3723 3722/3722/3722 3595/3595/3595
f 3595/3595/3595 3722/3722/3722 3596/3596/3596
f 3601/3601/3601 3586/3586/3586 3602/3602/3602
f 3594/3594/3594 3723/3723/3723 3595/3595/3595
f 3574/3574/3574 3722/3722/3722 3723/3723/3723 3575/3575/3575
f 3602/3602/3602 3586/3586/3586 3583/3583/3583
f 3591/3591/3591 3592/3592/3592 3602/3602/3602 3583/3583/3583
f 3583/3583/3583 3586/3586/3586 3584/3584/3584
f 3590/3590/3590 3589/3589/3589 3691/3691/3691
f 3691/3691/3691 3690/3690/3690 3590/3590/3590
f 3591/3591/3591 3590/3590/3590 3690/3690/3690
f 3690/3690/3690 3683/3683/3683 3591/3591/3591
f 3588/3588/3588 3486/3486/3486 3589/3589/3589
f 3591/3591/3591 3683/3683/3683 3689/3689/3689
f 3585/3585/3585 3490/3490/3490 3592/3592/3592
f 3689/3689/3689 3585/3585/3585 3591/3591/3591
f 3686/3686/3686 3689/3689/3689 3683/3683/3683
f 3688/3688/3688 3491/3491/3491 3724/3724/3724
f 3725/3725/3725 3490/3490/3490 3688/3688/3688
f 3592/3592/3592 3591/3591/3591 3585/3585/3585
f 3490/3490/3490 3593/3593/3593 3592/3592/3592
f 3683/3683/3683 3682/3682/3682 3686/3686/3686
f 3692/3692/3692 3691/3691/3691 3589/3589/3589
f 3723/3723/3723 3663/3663/3663 3575/3575/3575
f 3576/3576/3576 3575/3575/3575 3663/3663/3663
f 3663/3663/3663 3662/3662/3662 3576/3576/3576
f 3658/3658/3658 3662/3662/3662 3660/3660/3660
f 3725/3725/3725 3666/3666/3666 3665/3665/3665
f 3664/3664/3664 3663/3663/3663 3723/3723/3723
f 3661/3661/3661 3660/3660/3660 3662/3662/3662
f 3577/3577/3577 3576/3576/3576 3662/3662/3662
f 3665/3665/3665 3664/3664/3664 3723/3723/3723
f 3660/3660/3660 3659/3659/3659 3658/3658/3658
f 3508/3508/3508 3577/3577/3577 3658/3658/3658
f 3658/3658/3658 3578/3578/3578 3508/3508/3508
f 3657/3657/3657 3578/3578/3578 3658/3658/3658
f 3657/3657/3657 3656/3656/3656 3579/3579/3579
f 3579/3579/3579 3578/3578/3578 3657/3657/3657
f 3577/3577/3577 3662/3662/3662 3658/3658/3658
f 3579/3579/3579 3656/3656/3656 3655/3655/3655
f 3688/3688/3688 3724/3724/3724 3725/3725/3725
f 3593/3593/3593 3725/3725/3725 3594/3594/3594
f 3725/3725/3725 3723/3723/3723 3594/3594/3594
f 3723/3723/3723 3725/3725/3725 3665/3665/3665
f 3667/3667/3667 3666/3666/3666 3725/3725/3725
f 3684/3684/3684 3724/3724/3724 3491/3491/3491
f 3667/3667/3667 3726/3726/3726 3668/3668/3668
f 3512/3512/3512 3726/3726/3726 3724/3724/3724 3513/3513/3513
f 3667/3667/3667 3725/3725/3725 3724/3724/3724
f 3724/3724/3724 3726/3726/3726 3667/3667/3667
f 3593/3593/3593 3490/3490/3490 3725/3725/3725
f 3580/3580/3580 3655/3655/3655 3654/3654/3654
f 3654/3654/3654 3581/3581/3581 3580/3580/3580
f 3580/3580/3580 3579/3579/3579 3655/3655/3655
f 3654/3654/3654 3653/3653/3653 3581/3581/3581
f 3669/3669/3669 3726/3726/3726 3511/3511/3511
f 3668/3668/3668 3726/3726/3726 3669/3669/3669
f 3669/3669/3669 3582/3582/3582 3653/3653/3653
f 3581/3581/3581 3653/3653/3653 3582/3582/3582
f 3582/3582/3582 3669/3669/3669 3511/3511/3511
f 3724/3724/3724 3514/3514/3514 3513/3513/3513
f 3695/3695/3695 3698/3698/3698 3699/3699/3699 3700/3700/3700
f 3696/3696/3696 3701/3701/3701 3700/3700/3700 3699/3699/3699
f 3488/3488/3488 3697/3697/3697 3708/3708/3708
f 3488/3488/3488 3708/3708/3708 3707/3707/3707 3489/3489/3489
f 3687/3687/3687 3682/3682/3682 3702/3702/3702
f 3687/3687/3687 3702/3702/3702 3701/3701/3701 3685/3685/3685
f 3686/3686/3686 3682/3682/3682 3687/3687/3687
f 3705/3705/3705 3685/3685/3685 3701/3701/3701
f 3696/3696/3696 3705/3705/3705 3701/3701/3701
f 3492/3492/3492 3727/3727/3727 3684/3684/3684
f 3719/3719/3719 3616/3616/3616 3615/3615/3615 3720/3720/3720
f 3728/3728/3728 3614/3614/3614 3613/3613/3613
f 3609/3609/3609 3531/3531/3531 3530/3530/3530 3610/3610/3610
f 3612/3612/3612 3729/3729/3729 3728/3728/3728 3613/3613/3613
f 3720/3720/3720 3615/3615/3615 3614/3614/3614
f 3720/3720/3720 3614/3614/3614 3728/3728/3728
f 3495/3495/3495 3489/3489/3489 3720/3720/3720
f 3612/3612/3612 3611/3611/3611 3729/3729/3729
f 3729/3729/3729 3611/3611/3611 3497/3497/3497
f 3496/3496/3496 3728/3728/3728 3729/3729/3729 3497/3497/3497
f 3530/3530/3530 3611/3611/3611 3610/3610/3610
f 3530/3530/3530 3529/3529/3529 3497/3497/3497
f 3611/3611/3611 3530/3530/3530 3497/3497/3497
f 3495/3495/3495 3720/3720/3720 3728/3728/3728 3496/3496/3496
f 3489/3489/3489 3707/3707/3707 3706/3706/3706 3720/3720/3720
f 3515/3515/3515 3514/3514/3514 3727/3727/3727
f 3492/3492/3492 3703/3703/3703 3727/3727/3727
f 3684/3684/3684 3727/3727/3727 3724/3724/3724
f 3727/3727/3727 3498/3498/3498 3515/3515/3515
f 3498/3498/3498 3703/3703/3703 3493/3493/3493
f 3503/3503/3503 3516/3516/3516 3515/3515/3515 3498/3498/3498
f 3498/3498/3498 3727/3727/3727 3703/3703/3703
f 3726/3726/3726 3512/3512/3512 3511/3511/3511
f 3727/3727/3727 3514/3514/3514 3724/3724/3724
f 3516/3516/3516 3503/3503/3503 3517/3517/3517
f 3510/3510/3510 3582/3582/3582 3511/3511/3511
f 3519/3519/3519 3518/3518/3518 3517/3517/3517
f 3504/3504/3504 3520/3520/3520 3519/3519/3519 3503/3503/3503
f 3519/3519/3519 3517/3517/3517 3503/3503/3503
f 3521/3521/3521 3520/3520/3520 3504/3504/3504
f 3506/3506/3506 3523/3523/3523 3522/3522/3522 3505/3505/3505
f 3528/3528/3528 3502/3502/3502 3497/3497/3497 3529/3529/3529
f 3528/3528/3528 3527/3527/3527 3502/3502/3502
f 3502/3502/3502 3527/3527/3527 3526/3526/3526 3507/3507/3507
f 3507/3507/3507 3524/3524/3524 3523/3523/3523 3506/3506/3506
f 3525/3525/3525 3507/3507/3507 3526/3526/3526
f 3526/3526/3526 3509/3509/3509 3525/3525/3525
f 3525/3525/3525 3524/3524/3524 3507/3507/3507
f 3521/3521/3521 3504/3504/3504 3505/3505/3505 3522/3522/3522
f 3599/3599/3599 3598/3598/3598 3716/3716/3716
o object_19
usemtl diffuse_Black
v -39.084194183349609 -70.385147094726563 12
v -39.084194183349609 -70.385147094726563 0
v -26.339990615844727 -70.403152465820313 12
v -26.339990615844727 -70.403152465820313 0
v -32.712123870849609 -70.394149780273438 12
v -26.339990615844727 -70.403152465820313 6
v -32.712123870849609 -70.394149780273438 0
v -39.084194183349609 -70.385147094726563 6
v -26.339990615844727 -70.403152465820313 0
v -32.712123870849609 -70.394149780273438 0
v -39.047756195068359 -44.573287963867188 0
v -12.649012565612793 -44.610580444335938 0
v 13.749730110168457 -44.647876739501953 0
v 13.731511116027832 -57.553810119628906 0
v 13.713261604309082 -70.459739685058594 0
v 6.4308524131774902 -70.449455261230469 0
v -0.85152685642242432 -70.439163208007813 0
v -0.83999121189117432 -62.265407562255859 0
v -0.82845556735992432 -54.091651916503906 0
v -13.572657585144043 -54.073646545410156 0
v -26.316858291625977 -54.055641174316406 0
v -26.328454971313477 -62.229396820068359 0
v -39.084194183349609 -70.385147094726563 0
v -39.065944671630859 -57.479217529296875 0
v -39.047756195068359 -44.573287963867188 0
v -39.047756195068359 -44.573287963867188 12
v -39.084194183349609 -70.385147094726563 12
v -39.084194183349609 -70.385147094726563 0
v -39.084194183349609 -70.385147094726563 6
v -39.061122894287109 -54.037635803222656 12
v -39.065944671630859 -57.479217529296875 0
v -39.072658538818359 -62.211395263671875 12
v 13.749730110168457 -44.647876739501953 0
v 13.749730110168457 -44.647876739501953 12
v -39.047756195068359 -44.573287963867188 0
v -39.047756195068359 -44.573287963867188 12
v -12.649012565612793 -44.610580444335938 0
v -28.124109268188477 -44.588718414306641 12
v -0.81508886814117432 -44.627300262451172 12
v 13.713261604309082 -70.459739685058594 0
v 13.749730110168457 -44.647876739501953 0
v 13.749730110168457 -44.647876739501953 12
v 13.731511116027832 -57.553810119628906 0
v 13.736363410949707 -54.112228393554688 12
v 13.721776008605957 -64.436973571777344 12
v 13.721776008605957 -64.436973571777344 6.8571429252624512
v 13.713261604309082 -70.459739685058594 6.8571429252624512
v -0.85152685642242432 -70.439163208007813 0
v -0.85152685642242432 -70.439163208007813 6.8571429252624512
v 13.713261604309082 -70.459739685058594 0
v 13.713261604309082 -70.459739685058594 6.8571429252624512
v 6.4308524131774902 -70.449455261230469 0
v 6.4308524131774902 -70.449455261230469 6.8571429252624512
v -0.82845556735992432 -54.091651916503906 0
v -0.82845556735992432 -54.091651916503906 12
v -0.85152685642242432 -70.439163208007813 0
v -0.83999121189117432 -62.265407562255859 0
v -0.85152685642242432 -70.439163208007813 6.8571429252624512
v -0.84304296970367432 -64.416397094726563 6.8571429252624512
v -0.84304296970367432 -64.416397094726563 12
v -26.316858291625977 -54.055641174316406 0
v -26.316858291625977 -54.055641174316406 12
v -0.82845556735992432 -54.091651916503906 0
v -0.82845556735992432 -54.091651916503906 12
v -13.572657585144043 -54.073646545410156 0
v -13.572657585144043 -54.073646545410156 12
v -26.339990615844727 -70.403152465820313 12
v -26.316858291625977 -54.055641174316406 0
v -26.316858291625977 -54.055641174316406 12
v -26.339990615844727 -70.403152465820313 6
v -26.339990615844727 -70.403152465820313 0
v -26.328454971313477 -62.229396820068359 0
v -26.328454971313477 -62.229396820068359 12
v -0.84304296970367432 -64.416397094726563 6.8571429252624512
v -0.84304296970367432 -64.416397094726563 12
v 13.721776008605957 -64.436973571777344 6.8571429252624512
v 13.721776008605957 -64.436973571777344 12
v 6.4393668174743652 -64.426681518554688 6.8571429252624512
v 6.4393668174743652 -64.426681518554688 12
v -0.85152685642242432 -70.439163208007813 6.8571429252624512
v 13.713261604309082 -70.459739685058594 6.8571429252624512
v -0.84304296970367432 -64.416397094726563 6.8571429252624512
v 13.721776008605957 -64.436973571777344 6.8571429252624512
v 6.4393668174743652 -64.426681518554688 6.8571429252624512
v 6.4308524131774902 -70.449455261230469 6.8571429252624512
v -0.84304296970367432 -64.416397094726563 12
v -0.82845556735992432 -54.091651916503906 12
v 13.721776008605957 -64.436973571777344 12
v 6.4393668174743652 -64.426681518554688 12
v 6.4539542198181152 -54.101940155029297 12
v 13.736363410949707 -54.112228393554688 12
v -26.339990615844727 -70.403152465820313 12
v -32.712123870849609 -70.394149780273438 12
v -26.316858291625977 -54.055641174316406 12
v -26.328454971313477 -62.229396820068359 12
v -39.061122894287109 -54.037635803222656 12
v -32.688991546630859 -54.046638488769531 12
v -39.084194183349609 -70.385147094726563 12
v -39.072658538818359 -62.211395263671875 12
v -39.061122894287109 -54.037635803222656 12
v 13.736363410949707 -54.112228393554688 12
v -39.047756195068359 -44.573287963867188 12
v 13.749730110168457 -44.647876739501953 12
v -0.82845556735992432 -54.091651916503906 12
v -13.572657585144043 -54.073646545410156 12
v -26.316858291625977 -54.055641174316406 12
v 6.4539542198181152 -54.101940155029297 12
v -32.688991546630859 -54.046638488769531 12
v -28.124109268188477 -44.588718414306641 12
v -0.81508886814117432 -44.627300262451172 12
vt 0.12524046003818512 0.38604527711868286
vt 0.12524046003818512 0.52021992206573486
vt 0.2677365243434906 0.38604527711868286
vt 0.2677365243434906 0.52021992206573486
vt 0.19648849964141846 0.38604527711868286
vt 0.2677365243434906 0.45313259959220886
vt 0.19648849964141846 0.52021992206573486
vt 0.12524046003818512 0.45313259959220886
vt 0.4537481963634491 0
vt 0.52499622106552124 0
vt 0.59624427556991577 0.28715860843658447
vt 0.30107381939888 0.28715860843658447
vt 0.0059034260921180248 0.28715860843658447
vt 0.0059034260921180248 0.14357930421829224
vt 0.0059034260921180248 0
vt 0.087329737842082977 0
vt 0.16875605285167694 0
vt 0.16875605285167694 0.090933553874492645
vt 0.16875605285167694 0.18186710774898529
vt 0.31125211715698242 0.18186710774898529
vt 0.4537481963634491 0.18186710774898529
vt 0.4537481963634491 0.090933553874492645
vt 0.59624427556991577 0
vt 0.59624427556991577 0.14357930421829224
vt 0 0.71663612127304077
vt 0 0.85081076622009277
vt 0.28714361786842346 0.85081076622009277
vt 0.28714361786842346 0.71663612127304077
vt 0.28714361786842346 0.78372347354888916
vt 0.10528599470853806 0.85081076622009277
vt 0.14357180893421173 0.71663612127304077
vt 0.19621479511260986 0.85081076622009277
vt 0.42131826281547546 0.29159075021743774
vt 0.28860846161842346 0.29159075021743774
vt 0.42131826281547546 0.8804667592048645
vt 0.28860846161842346 0.8804667592048645
vt 0.42131826281547546 0.58602875471115112
vt 0.28860846161842346 0.75863033533096313
vt 0.28860846161842346 0.45403927564620972
vt 0.42278310656547546 0.29159075021743774
vt 0.70992672443389893 0.29159075021743774
vt 0.70992672443389893 0.42576539516448975
vt 0.56635493040084839 0.29159075021743774
vt 0.60464072227478027 0.42576539516448975
vt 0.48978328704833984 0.42576539516448975
vt 0.48978328704833984 0.36826196312904358
vt 0.42278310656547546 0.36826196312904358
vt 0.12524046003818512 0.29159075021743774
vt 0.12524046003818512 0.36826196312904358
vt 0.28714361786842346 0.29159075021743774
vt 0.28714361786842346 0.36826196312904358
vt 0.20619203150272369 0.29159075021743774
vt 0.20619203150272369 0.36826196312904358
vt 0.71139156818389893 0
vt 0.71139156818389893 0.134174644947052
vt 0.8927120566368103 0
vt 0.80205178260803223 0
vt 0.8927120566368103 0.076671227812767029
vt 0.82590973377227783 0.076671227812767029
vt 0.82590973377227783 0.134174644947052
vt 0 0.55134069919586182
vt 0 0.68551534414291382
vt 0.28499212861061096 0.55134069919586182
vt 0.28499212861061096 0.68551534414291382
vt 0.14249606430530548 0.55134069919586182
vt 0.14249606430530548 0.68551534414291382
vt 0.55625879764556885 0.54149222373962402
vt 0.69043344259262085 0.7242775559425354
vt 0.55625879764556885 0.7242775559425354
vt 0.62334609031677246 0.54149222373962402
vt 0.69043344259262085 0.54149222373962402
vt 0.69043344259262085 0.6328849196434021
vt 0.55625879764556885 0.6328849196434021
vt 0.056220542639493942 0.29159075021743774
vt 0 0.29159075021743774
vt 0.056220542639493942 0.45444339513778687
vt 0 0.45444339513778687
vt 0.056220542639493942 0.3730170726776123
vt 0 0.3730170726776123
vt 0.057685386389493942 0.29159075021743774
vt 0.057685386389493942 0.45444339513778687
vt 0.12377561628818512 0.29159075021743774
vt 0.12377561628818512 0.45444339513778687
vt 0.12377561628818512 0.3730170726776123
vt 0.057685386389493942 0.3730170726776123
vt 0.42278310656547546 0.54149222373962402
vt 0.53822648525238037 0.54149222373962402
vt 0.42278310656547546 0.70434486865997314
vt 0.42278310656547546 0.62291854619979858
vt 0.53822648525238037 0.62291854619979858
vt 0.53822648525238037 0.70434486865997314
vt 0.71139156818389893 0.56716698408126831
vt 0.71139156818389893 0.49591892957687378
vt 0.8927120566368103 0.56716698408126831
vt 0.80205178260803223 0.56716698408126831
vt 0.8927120566368103 0.42467090487480164
vt 0.8927120566368103 0.49591892957687378
vt 0.71139156818389893 0.42467090487480164
vt 0.80205178260803223 0.42467090487480164
vt 0.8941769003868103 0
vt 0.8941769003868103 0.59034085273742676
vt 0.99853515625 0
vt 0.99853515625 0.59034085273742676
vt 0.8941769003868103 0.42748817801475525
vt 0.8941769003868103 0.28499212861061096
vt 0.8941769003868103 0.14249606430530548
vt 0.8941769003868103 0.5089145302772522
vt 0.8941769003868103 0.07124803215265274
vt 0.99853515625 0.12213949114084244
vt 0.99853515625 0.42748817801475525
vn -0.0014127603499218822 -0.99999898672103882 0
vn -0.0014127603499218822 -0.99999898672103882 0
vn -0.0014127603499218822 -0.99999898672103882 0
vn -0.0014127603499218822 -0.99999898672103882 0
vn -0.0014127603499218822 -0.99999898672103882 0
vn -0.0014127603499218822 -0.99999898672103882 0
vn -0.0014127603499218822 -0.99999898672103882 0
vn -0.0014127603499218822 -0.99999898672103882 0
vn 0 0 -1
vn 0 0 -1
vn 0 0 -1
vn 0 0 -1
vn 0 0 -1
vn 0 0 -1
vn 0 0 -1
vn 0 0 -1
vn 0 0 -1
vn 0 0 -1
vn 0 0 -1
vn 0 0 -1
vn 0 0 -1
vn 0 0 -1
vn 0 0 -1
vn 0 0 -1
vn -0.99999898672103882 0.0014127603499218822 0
vn -0.99999898672103882 0.0014127603499218822 0
vn -0.99999898672103882 0.0014127603499218822 0
vn -0.99999898672103882 0.0014127603499218822 0
vn -0.99999898672103882 0.0014127603499218822 0
vn -0.99999898672103882 0.0014127603499218822 0
vn -0.99999898672103882 0.0014127603499218822 0
vn -0.99999898672103882 0.0014127603499218822 0
vn 0.0014127603499218822 0.99999898672103882 0
vn 0.0014127603499218822 0.99999898672103882 0
vn 0.0014127603499218822 0.99999898672103882 0
vn 0.0014127603499218822 0.99999898672103882 0
vn 0.0014127603499218822 0.99999898672103882 0
vn 0.0014127603499218822 0.99999898672103882 0
vn 0.0014127603499218822 0.99999898672103882 0
vn 0.99999898672103882 -0.0014127603499218822 0
vn 0.99999898672103882 -0.0014127603499218822 0
vn 0.99999898672103882 -0.0014127603499218822 0
vn 0.99999898672103882 -0.0014127603499218822 0
vn 0.99999898672103882 -0.0014127603499218822 0
vn 0.99999898672103882 -0.0014127603499218822 0
vn 0.99999898672103882 -0.0014127603499218822 0
vn 0.99999898672103882 -0.0014127603499218822 0
vn -0.0014127603499218822 -0.99999898672103882 0
vn -0.0014127603499218822 -0.99999898672103882 0
vn -0.0014127603499218822 -0.99999898672103882 0
vn -0.0014127603499218822 -0.99999898672103882 0
vn -0.0014127603499218822 -0.99999898672103882 0
vn -0.0014127603499218822 -0.99999898672103882 0
vn -0.99999898672103882 0.0014127603499218822 0
vn -0.99999898672103882 0.0014127603499218822 0
vn -0.99999898672103882 0.0014127603499218822 0
vn -0.99999898672103882 0.0014127603499218822 0
vn -0.99999898672103882 0.0014127603499218822 0
vn -0.99999898672103882 0.0014127603499218822 0
vn -0.99999898672103882 0.0014127603499218822 0
vn -0.0014127603499218822 -0.99999898672103882 0
vn -0.0014127603499218822 -0.99999898672103882 0
vn -0.0014127603499218822 -0.99999898672103882 0
vn -0.0014127603499218822 -0.99999898672103882 0
vn -0.0014127603499218822 -0.99999898672103882 0
vn -0.0014127603499218822 -0.99999898672103882 0
vn 0.99999898672103882 -0.0014127603499218822 0
vn 0.99999898672103882 -0.0014127603499218822 0
vn 0.99999898672103882 -0.0014127603499218822 0
vn 0.99999898672103882 -0.0014127603499218822 0
vn 0.99999898672103882 -0.0014127603499218822 0
vn 0.99999898672103882 -0.0014127603499218822 0
vn 0.99999898672103882 -0.0014127603499218822 0
vn -0.0014127603499218822 -0.99999898672103882 0
vn -0.0014127603499218822 -0.99999898672103882 0
vn -0.0014127603499218822 -0.99999898672103882 0
vn -0.0014127603499218822 -0.99999898672103882 0
vn -0.0014127603499218822 -0.99999898672103882 0
vn -0.0014127603499218822 -0.99999898672103882 0
vn 0 0 1
vn 0 0 1
vn 0 0 1
vn 0 0 1
vn 0 0 1
vn 0 0 1
vn 0 0 1
vn 0 0 1
vn 0 0 1
vn 0 0 1
vn 0 0 1
vn 0 0 1
vn 0 0 1
vn 0 0 1
vn 0 0 1
vn 0 0 1
vn 0 0 1
vn 0 0 1
vn 0 0 1
vn 0 0 1
vn 0 0 1
vn 0 0 1
vn 0 0 1
vn 0 0 1
vn 0 0 1
vn 0 0 1
vn 0 0 1
vn 0 0 1
vn 0 0 1
vn 0 0 1
vn 0 0 1
f 3734/3734/3734 3730/3730/3730 3737/3737/3737 3731/3731/3731 3736/3736/3736 3733/3733/3733 3735/3735/3735 3732/3732/3732
f 3739/3739/3739 3752/3752/3752 3753/3753/3753 3740/3740/3740 3741/3741/3741 3742/3742/3742 3743/3743/3743 3744/3744/3744 3745/3745/3745 3746/3746/3746 3747/3747/3747 3748/3748/3748 3749/3749/3749 3750/3750/3750 3751/3751/3751 3738/3738/3738
f 3754/3754/3754 3760/3760/3760 3757/3757/3757 3758/3758/3758 3756/3756/3756 3761/3761/3761 3759/3759/3759 3755/3755/3755
f 3763/3763/3763 3762/3762/3762 3766/3766/3766 3764/3764/3764 3765/3765/3765 3767/3767/3767 3768/3768/3768
f 3775/3775/3775 3776/3776/3776 3769/3769/3769 3772/3772/3772 3770/3770/3770 3771/3771/3771 3773/3773/3773 3774/3774/3774
f 3778/3778/3778 3777/3777/3777 3781/3781/3781 3779/3779/3779 3780/3780/3780 3782/3782/3782
f 3784/3784/3784 3783/3783/3783 3786/3786/3786 3785/3785/3785 3787/3787/3787 3788/3788/3788 3789/3789/3789
f 3791/3791/3791 3790/3790/3790 3794/3794/3794 3792/3792/3792 3793/3793/3793 3795/3795/3795
f 3799/3799/3799 3800/3800/3800 3801/3801/3801 3797/3797/3797 3798/3798/3798 3802/3802/3802 3796/3796/3796
f 3804/3804/3804 3803/3803/3803 3807/3807/3807 3805/3805/3805 3806/3806/3806 3808/3808/3808
f 3813/3813/3813 3811/3811/3811 3809/3809/3809 3814/3814/3814 3810/3810/3810 3812/3812/3812
f 3819/3819/3819 3816/3816/3816 3815/3815/3815 3818/3818/3818 3817/3817/3817 3820/3820/3820
f 3828/3828/3828 3827/3827/3827 3822/3822/3822 3821/3821/3821 3824/3824/3824 3823/3823/3823 3826/3826/3826 3825/3825/3825
f 3831/3831/3831 3829/3829/3829 3837/3837/3837 3835/3835/3835 3834/3834/3834 3833/3833/3833 3836/3836/3836 3830/3830/3830 3832/3832/3832 3839/3839/3839 3838/3838/3838
o object_20
usemtl diffuse_Black
v -39.084194183349609 -70.385147094726563 0
v -39.084194183349609 -70.385147094726563 7
v -39.105373382568359 -85.3851318359375 0
v -39.105373382568359 -85.3851318359375 7
v -39.094814300537109 -77.885139465332031 0
v -39.094814300537109 -77.885139465332031 7
v -39.105373382568359 -85.3851318359375 0
v -39.105373382568359 -85.3851318359375 7
v 13.692082405090332 -85.459724426269531 0
v 13.692082405090332 -85.459724426269531 7
v -21.506250381469727 -85.409996032714844 0
v -3.9070687294006348 -85.434860229492188 0
v -3.9070687294006348 -85.434860229492188 7
v -21.506250381469727 -85.409996032714844 7
v 13.692082405090332 -85.459724426269531 0
v 13.692082405090332 -85.459724426269531 7
v 13.713261604309082 -70.459739685058594 0
v 13.713261604309082 -70.459739685058594 7
v 13.702672004699707 -77.959732055664063 0
v 13.702672004699707 -77.959732055664063 7
v 13.713261604309082 -70.459739685058594 0
v 13.713261604309082 -70.459739685058594 7
v -39.084194183349609 -70.385147094726563 0
v -39.084194183349609 -70.385147094726563 7
v -3.8858895301818848 -70.43487548828125 0
v -21.485071182250977 -70.410011291503906 0
v -21.485071182250977 -70.410011291503906 7
v -3.8858895301818848 -70.43487548828125 7
v -39.084194183349609 -70.385147094726563 0
v 13.713261604309082 -70.459739685058594 0
v -39.105373382568359 -85.3851318359375 0
v 13.692082405090332 -85.459724426269531 0
v -39.094814300537109 -77.885139465332031 0
v 13.702672004699707 -77.959732055664063 0
v -21.506250381469727 -85.409996032714844 0
v -3.9070687294006348 -85.434860229492188 0
v -3.8858895301818848 -70.43487548828125 0
v -21.485071182250977 -70.410011291503906 0
v -39.084194183349609 -70.385147094726563 7
v 13.713261604309082 -70.459739685058594 7
v -39.105373382568359 -85.3851318359375 7
v 13.692082405090332 -85.459724426269531 7
v -39.094814300537109 -77.885139465332031 7
v 13.702672004699707 -77.959732055664063 7
v -21.506250381469727 -85.409996032714844 7
v -3.9070687294006348 -85.434860229492188 7
v -3.8858895301818848 -70.43487548828125 7
v -21.485071182250977 -70.410011291503906 7
vt 0.23991446197032928 0
vt 0.12068965286016464 0
vt 0.23991446197032928 0.25862067937850952
vt 0.12068965286016464 0.25862067937850952
vt 0.23991446197032928 0.12931033968925476
vt 0.12068965286016464 0.12931033968925476
vt 0.48129376769065857 0
vt 0.36206895112991333 0
vt 0.48129376769065857 0.90883743762969971
vt 0.36206895112991333 0.90883743762969971
vt 0.48129376769065857 0.3029458224773407
vt 0.48129376769065857 0.6058916449546814
vt 0.36206895112991333 0.6058916449546814
vt 0.36206895112991333 0.3029458224773407
vt 0.11922480911016464 0
vt 0 0
vt 0.11922480911016464 0.25862067937850952
vt 0 0.25862067937850952
vt 0.11922480911016464 0.12931033968925476
vt 0 0.12931033968925476
vt 0.36060410737991333 0
vt 0.24137930572032928 0
vt 0.36060410737991333 0.90883743762969971
vt 0.24137930572032928 0.90883743762969971
vt 0.36060410737991333 0.3029458224773407
vt 0.36060410737991333 0.6058916449546814
vt 0.24137930572032928 0.6058916449546814
vt 0.24137930572032928 0.3029458224773407
vt 0.74137932062149048 0
vt 0.74137932062149048 0.90883743762969971
vt 0.99853515625 0
vt 0.99853515625 0.90883743762969971
vt 0.86995720863342285 0
vt 0.86995720863342285 0.90883743762969971
vt 0.99853515625 0.3029458224773407
vt 0.99853515625 0.6058916449546814
vt 0.74137932062149048 0.6058916449546814
vt 0.74137932062149048 0.3029458224773407
vt 0.48275861144065857 0
vt 0.48275861144065857 0.90883743762969971
vt 0.73991447687149048 0
vt 0.73991447687149048 0.90883743762969971
vt 0.61133652925491333 0
vt 0.61133652925491333 0.90883743762969971
vt 0.73991447687149048 0.3029458224773407
vt 0.73991447687149048 0.6058916449546814
vt 0.48275861144065857 0.6058916449546814
vt 0.48275861144065857 0.3029458224773407
vn -0.99999898672103882 0.0014127603499218822 0
vn -0.99999898672103882 0.0014127603499218822 0
vn -0.99999898672103882 0.0014127603499218822 0
vn -0.99999898672103882 0.0014127603499218822 0
vn -0.99999898672103882 0.0014127603499218822 0
vn -0.99999898672103882 0.0014127603499218822 0
vn -0.0014127603499218822 -0.99999898672103882 0
vn -0.0014127603499218822 -0.99999898672103882 0
vn -0.0014127603499218822 -0.99999898672103882 0
vn -0.0014127603499218822 -0.99999898672103882 0
vn -0.0014127603499218822 -0.99999898672103882 0
vn -0.0014127603499218822 -0.99999898672103882 0
vn -0.0014127603499218822 -0.99999898672103882 0
vn -0.0014127603499218822 -0.99999898672103882 0
vn 0.99999898672103882 -0.0014127603499218822 0
vn 0.99999898672103882 -0.0014127603499218822 0
vn 0.99999898672103882 -0.0014127603499218822 0
vn 0.99999898672103882 -0.0014127603499218822 0
vn 0.99999898672103882 -0.0014127603499218822 0
vn 0.99999898672103882 -0.0014127603499218822 0
vn 0.0014127603499218822 0.99999898672103882 0
vn 0.0014127603499218822 0.99999898672103882 0
vn 0.0014127603499218822 0.99999898672103882 0
vn 0.0014127603499218822 0.99999898672103882 0
vn 0.0014127603499218822 0.99999898672103882 0
vn 0.0014127603499218822 0.99999898672103882 0
vn 0.0014127603499218822 0.99999898672103882 0
vn 0.0014127603499218822 0.99999898672103882 0
vn 0 0 -1
vn 0 0 -1
vn 0 0 -1
vn 0 0 -1
vn 0 0 -1
vn 0 0 -1
vn 0 0 -1
vn 0 0 -1
vn 0 0 -1
vn 0 0 -1
vn 0 0 1
vn 0 0 1
vn 0 0 1
vn 0 0 1
vn 0 0 1
vn 0 0 1
vn 0 0 1
vn 0 0 1
vn 0 0 1
vn 0 0 1
f 3841/3841/3841 3840/3840/3840 3844/3844/3844 3842/3842/3842 3843/3843/3843 3845/3845/3845
f 3846/3846/3846 3850/3850/3850 3851/3851/3851 3848/3848/3848 3849/3849/3849 3852/3852/3852 3853/3853/3853 3847/3847/3847
f 3855/3855/3855 3854/3854/3854 3858/3858/3858 3856/3856/3856 3857/3857/3857 3859/3859/3859
f 3867/3867/3867 3861/3861/3861 3860/3860/3860 3864/3864/3864 3865/3865/3865 3862/3862/3862 3863/3863/3863 3866/3866/3866
f 3872/3872/3872 3868/3868/3868 3877/3877/3877 3876/3876/3876 3869/3869/3869 3873/3873/3873 3871/3871/3871 3875/3875/3875 3874/3874/3874 3870/3870/3870
f 3887/3887/3887 3878/3878/3878 3882/3882/3882 3880/3880/3880 3884/3884/3884 3885/3885/3885 3881/3881/3881 3883/3883/3883 3879/3879/3879 3886/3886/3886
o object_21
usemtl diffuse_Black
v -30.034265518188477 79.971267700195313 0
v -52.239101409912109 80.002632141113281 0
v -74.443992614746094 80.034004211425781 0
v -74.453514099121094 73.284011840820313 0
v -74.463035583496094 66.534019470214844 0
v -49.083950042724609 67.9981689453125 0
v -56.789821624755859 66.509048461914063 0
v -39.116542816162109 66.484085083007813 0
v -39.123928070068359 61.234081268310547 0
v -39.131374359130859 55.984088897705078 0
v -31.427637100219727 55.973201751708984 0
v -23.723901748657227 55.962322235107422 0
v -23.706933975219727 67.962310791015625 0
v -23.689966201782227 79.962303161621094 0
v -49.075283050537109 74.118156433105469 0
v -36.133022308349609 74.099876403808594 0
v -65.581077575683594 66.521469116210938 13
v -51.623744964599609 66.501754760742188 13
v -51.614223480224609 73.251747131347656 13
v -51.604701995849609 80.001739501953125 13
v -58.583339691162109 80.0115966796875 13
v -65.562034606933594 80.021453857421875 13
v -65.571556091308594 73.271461486816406 13
v -58.602443695068359 66.511611938476563 13
v -74.443992614746094 80.034004211425781 0
v -74.443992614746094 80.034004211425781 10
v -74.463035583496094 66.534019470214844 0
v -74.453514099121094 73.284011840820313 0
v -74.463035583496094 66.534019470214844 10
v -74.453514099121094 73.284011840820313 10
v -74.463035583496094 66.534019470214844 0
v -39.116542816162109 66.484085083007813 0
v -39.116542816162109 66.484085083007813 13
v -56.789821624755859 66.509048461914063 0
v -74.463035583496094 66.534019470214844 10
v -39.116542816162109 66.484085083007813 6.5
v -42.741786956787109 66.489204406738281 13
v -42.741786956787109 66.489204406738281 10
v -51.623744964599609 66.501754760742188 10
v -51.623744964599609 66.501754760742188 13
v -65.581077575683594 66.521469116210938 13
v -65.581077575683594 66.521469116210938 10
v -58.602443695068359 66.511611938476563 13
v -39.116542816162109 66.484085083007813 0
v -39.116542816162109 66.484085083007813 13
v -39.131374359130859 55.984088897705078 0
v -39.131374359130859 55.984088897705078 13
v -39.123928070068359 61.234081268310547 0
v -39.123928070068359 61.234081268310547 13
v -39.116542816162109 66.484085083007813 6.5
v -39.131374359130859 55.984088897705078 6.5
v -39.131374359130859 55.984088897705078 0
v -39.131374359130859 55.984088897705078 13
v -23.723901748657227 55.962322235107422 0
v -23.723901748657227 55.962322235107422 13
v -31.427637100219727 55.973201751708984 0
v -31.427637100219727 55.973201751708984 13
v -39.131374359130859 55.984088897705078 6.5
v -23.723901748657227 55.962322235107422 6.5
v -23.723901748657227 55.962322235107422 0
v -23.723901748657227 55.962322235107422 13
v -23.689966201782227 79.962303161621094 0
v -23.689966201782227 79.962303161621094 13
v -23.706933975219727 67.962310791015625 0
v -23.706933975219727 67.962310791015625 13
v -23.723901748657227 55.962322235107422 6.5
v -23.689966201782227 79.962303161621094 6.5
v -23.689966201782227 79.962303161621094 0
v -23.689966201782227 79.962303161621094 13
v -30.034265518188477 79.971267700195313 0
v -30.034265518188477 79.971267700195313 13
v -30.034265518188477 79.971267700195313 6.5
v -23.689966201782227 79.962303161621094 6.5
v -42.722743988037109 79.989189147949219 13
v -42.722743988037109 79.989189147949219 10
v -42.741786956787109 66.489204406738281 13
v -42.741786956787109 66.489204406738281 10
v -42.732265472412109 73.23919677734375 10
v -42.732265472412109 73.23919677734375 13
v -51.623744964599609 66.501754760742188 13
v -51.623744964599609 66.501754760742188 10
v -51.604701995849609 80.001739501953125 13
v -51.604701995849609 80.001739501953125 10
v -51.614223480224609 73.251747131347656 10
v -51.614223480224609 73.251747131347656 13
v -51.604701995849609 80.001739501953125 10
v -51.623744964599609 66.501754760742188 10
v -42.722743988037109 79.989189147949219 10
v -42.741786956787109 66.489204406738281 10
v -42.732265472412109 73.23919677734375 10
v -51.614223480224609 73.251747131347656 10
v -30.034265518188477 79.971267700195313 13
v -42.722743988037109 79.989189147949219 13
v -39.116542816162109 66.484085083007813 13
v -39.123928070068359 61.234081268310547 13
v -39.131374359130859 55.984088897705078 13
v -32.969570159912109 67.97540283203125 13
v -31.427637100219727 55.973201751708984 13
v -23.723901748657227 55.962322235107422 13
v -23.706933975219727 67.962310791015625 13
v -23.689966201782227 79.962303161621094 13
v -42.732265472412109 73.23919677734375 13
v -42.741786956787109 66.489204406738281 13
v -32.978176116943359 61.855403900146484 13
v -37.854640960693359 67.9822998046875 13
v -37.863246917724609 61.862300872802734 13
v -65.562034606933594 80.021453857421875 13
v -65.562034606933594 80.021453857421875 10
v -65.581077575683594 66.521469116210938 13
v -65.581077575683594 66.521469116210938 10
v -65.571556091308594 73.271461486816406 10
v -65.571556091308594 73.271461486816406 13
v -74.443992614746094 80.034004211425781 10
v -74.463035583496094 66.534019470214844 10
v -65.562034606933594 80.021453857421875 10
v -65.581077575683594 66.521469116210938 10
v -65.571556091308594 73.271461486816406 10
v -74.453514099121094 73.284011840820313 10
v -30.034265518188477 79.971267700195313 0
v -30.034265518188477 79.971267700195313 13
v -74.443992614746094 80.034004211425781 0
v -52.239101409912109 80.002632141113281 0
v -42.722743988037109 79.989189147949219 13
v -74.443992614746094 80.034004211425781 10
v -30.034265518188477 79.971267700195313 6.5
v -42.722743988037109 79.989189147949219 10
v -51.604701995849609 80.001739501953125 10
v -51.604701995849609 80.001739501953125 13
v -65.562034606933594 80.021453857421875 13
v -58.583339691162109 80.0115966796875 13
v -65.562034606933594 80.021453857421875 10
vt 0.0029883494134992361 0.56197386980056763
vt 0.0029883494134992361 0.28416195511817932
vt 0.0029883494134992361 0.0063499878160655499
vt 0.087035670876502991 0.0063499878160655499
vt 0.171083003282547 0.0063499878160655499
vt 0.15240581333637238 0.32384935021400452
vt 0.171083003282547 0.22746561467647552
vt 0.171083003282547 0.44858124852180481
vt 0.23645314574241638 0.44858124852180481
vt 0.30182328820228577 0.44858124852180481
vt 0.30182328820228577 0.54496496915817261
vt 0.30182328820228577 0.64134871959686279
vt 0.15240581333637238 0.64134871959686279
vt 0.0029883494134992361 0.64134871959686279
vt 0.076202906668186188 0.32384935021400452
vt 0.076202906668186188 0.48577404022216797
vt 0.72537565231323242 0.79746991395950317
vt 0.5507509708404541 0.79746991395950317
vt 0.5507509708404541 0.71301865577697754
vt 0.5507509708404541 0.6285673975944519
vt 0.63806331157684326 0.6285673975944519
vt 0.72537565231323242 0.6285673975944519
vt 0.72537565231323242 0.71301865577697754
vt 0.63806331157684326 0.79746991395950317
vt 0.86716657876968384 0.79446715116500854
vt 0.74351847171783447 0.79446715116500854
vt 0.86716657876968384 0.96190482378005981
vt 0.86716657876968384 0.87818598747253418
vt 0.74351847171783447 0.96190482378005981
vt 0.74351847171783447 0.87818598747253418
vt 0.30627647042274475 0
vt 0.74850773811340332 0
vt 0.74850773811340332 0.1611819863319397
vt 0.52739208936691284 0
vt 0.30627647042274475 0.1239861398935318
vt 0.74850773811340332 0.080590993165969849
vt 0.70315068960189819 0.1611819863319397
vt 0.70315068960189819 0.1239861398935318
vt 0.59202593564987183 0.1239861398935318
vt 0.59202593564987183 0.1611819863319397
vt 0.41740125417709351 0.1611819863319397
vt 0.41740125417709351 0.1239861398935318
vt 0.50471359491348267 0.1611819863319397
vt 0.86863142251968384 0.79446715116500854
vt 0.86863142251968384 0.95711398124694824
vt 0.99853515625 0.79446715116500854
vt 0.99853515625 0.95711398124694824
vt 0.93358325958251953 0.79446715116500854
vt 0.93358325958251953 0.95711398124694824
vt 0.86863142251968384 0.87579059600830078
vt 0.99853515625 0.87579059600830078
vt 0.5507509708404541 0.79914134740829468
vt 0.5507509708404541 0.96178817749023438
vt 0.74205362796783447 0.79914134740829468
vt 0.74205362796783447 0.96178817749023438
vt 0.64640229940414429 0.79914134740829468
vt 0.64640229940414429 0.96178817749023438
vt 0.5507509708404541 0.88046479225158691
vt 0.74205362796783447 0.88046479225158691
vt 0.82232964038848877 0.32529366016387939
vt 0.65968281030654907 0.32529366016387939
vt 0.82232964038848877 0.62409985065460205
vt 0.65968281030654907 0.62409985065460205
vt 0.82232964038848877 0.47469675540924072
vt 0.65968281030654907 0.47469675540924072
vt 0.74100619554519653 0.32529366016387939
vt 0.74100619554519653 0.62409985065460205
vt 0.46892330050468445 0.50141423940658569
vt 0.30627647042274475 0.50141423940658569
vt 0.46892330050468445 0.58078908920288086
vt 0.30627647042274475 0.58078908920288086
vt 0.3875998854637146 0.58078908920288086
vt 0.3875998854637146 0.50141423940658569
vt 0.30627647042274475 0.44270738959312439
vt 0.30627647042274475 0.48024126887321472
vt 0.47517895698547363 0.44270738959312439
vt 0.47517895698547363 0.48024126887321472
vt 0.39072772860527039 0.48024126887321472
vt 0.39072772860527039 0.44270738959312439
vt 0.30627647042274475 0.3840005099773407
vt 0.30627647042274475 0.42153438925743103
vt 0.47517895698547363 0.3840005099773407
vt 0.47517895698547363 0.42153438925743103
vt 0.39072772860527039 0.42153438925743103
vt 0.39072772860527039 0.3840005099773407
vt 0.87175923585891724 0.62556469440460205
vt 0.87175923585891724 0.79300230741500854
vt 0.9828839898109436 0.62556469440460205
vt 0.9828839898109436 0.79300230741500854
vt 0.9828839898109436 0.70928353071212769
vt 0.87175923585891724 0.70928353071212769
vt 0.39148765802383423 0.6285673975944519
vt 0.5492861270904541 0.6285673975944519
vt 0.50420087575912476 0.79746991395950317
vt 0.50420087575912476 0.86315417289733887
vt 0.50420087575912476 0.92883849143981934
vt 0.42778131365776062 0.77870297431945801
vt 0.40839463472366333 0.92883849143981934
vt 0.31258842349052429 0.92883849143981934
vt 0.31258842349052429 0.77870297431945801
vt 0.31258842349052429 0.6285673975944519
vt 0.5492861270904541 0.71301865577697754
vt 0.5492861270904541 0.79746991395950317
vt 0.42778131365776062 0.85527205467224121
vt 0.48853373527526855 0.77870297431945801
vt 0.48853373527526855 0.85527205467224121
vt 0.30627647042274475 0.32529366016387939
vt 0.30627647042274475 0.36282753944396973
vt 0.47517895698547363 0.32529366016387939
vt 0.47517895698547363 0.36282753944396973
vt 0.39072772860527039 0.36282753944396973
vt 0.39072772860527039 0.32529366016387939
vt 0.74351847171783447 0.62556469440460205
vt 0.74351847171783447 0.79300230741500854
vt 0.85464322566986084 0.62556469440460205
vt 0.85464322566986084 0.79300230741500854
vt 0.85464322566986084 0.70928353071212769
vt 0.74351847171783447 0.70928353071212769
vt 0.30627647042274475 0.1626468300819397
vt 0.30627647042274475 0.32382881641387939
vt 0.86190038919448853 0.1626468300819397
vt 0.58408844470977783 0.1626468300819397
vt 0.46502617001533508 0.32382881641387939
vt 0.86190038919448853 0.2866329550743103
vt 0.30627647042274475 0.24323780834674835
vt 0.46502617001533508 0.2866329550743103
vt 0.57615095376968384 0.2866329550743103
vt 0.57615095376968384 0.32382881641387939
vt 0.75077563524246216 0.32382881641387939
vt 0.663463294506073 0.32382881641387939
vt 0.75077563524246216 0.2866329550743103
vn 0 0 -1
vn 0 0 -1
vn 0 0 -1
vn 0 0 -1
vn 0 0 -1
vn 0 0 -1
vn 0 0 -1
vn 0 0 -1
vn 0 0 -1
vn 0 0 -1
vn 0 0 -1
vn 0 0 -1
vn 0 0 -1
vn 0 0 -1
vn 0 0 -1
vn 0 0 -1
vn 0 0 1
vn 0 0 1
vn 0 0 1
vn 0 0 1
vn 0 0 1
vn 0 0 1
vn 0 0 1
vn 0 0 1
vn -0.99999898672103882 0.0014127603499218822 0
vn -0.99999898672103882 0.0014127603499218822 0
vn -0.99999898672103882 0.0014127603499218822 0
vn -0.99999898672103882 0.0014127603499218822 0
vn -0.99999898672103882 0.0014127603499218822 0
vn -0.99999898672103882 0.0014127603499218822 0
vn -0.0014127603499218822 -0.99999898672103882 0
vn -0.0014127603499218822 -0.99999898672103882 0
vn -0.0014127603499218822 -0.99999898672103882 0
vn -0.0014127603499218822 -0.99999898672103882 0
vn -0.0014127603499218822 -0.99999898672103882 0
vn -0.0014127603499218822 -0.99999898672103882 0
vn -0.0014127603499218822 -0.99999898672103882 0
vn -0.0014127603499218822 -0.99999898672103882 0
vn -0.0014127603499218822 -0.99999898672103882 0
vn -0.0014127603499218822 -0.99999898672103882 0
vn -0.0014127603499218822 -0.99999898672103882 0
vn -0.0014127603499218822 -0.99999898672103882 0
vn -0.0014127603499218822 -0.99999898672103882 0
vn -0.99999898672103882 0.0014127603499218822 0
vn -0.99999898672103882 0.0014127603499218822 0
vn -0.99999898672103882 0.0014127603499218822 0
vn -0.99999898672103882 0.0014127603499218822 0
vn -0.99999898672103882 0.0014127603499218822 0
vn -0.99999898672103882 0.0014127603499218822 0
vn -0.99999898672103882 0.0014127603499218822 0
vn -0.99999898672103882 0.0014127603499218822 0
vn -0.0014127603499218822 -0.99999898672103882 0
vn -0.0014127603499218822 -0.99999898672103882 0
vn -0.0014127603499218822 -0.99999898672103882 0
vn -0.0014127603499218822 -0.99999898672103882 0
vn -0.0014127603499218822 -0.99999898672103882 0
vn -0.0014127603499218822 -0.99999898672103882 0
vn -0.0014127603499218822 -0.99999898672103882 0
vn -0.0014127603499218822 -0.99999898672103882 0
vn 0.99999898672103882 -0.0014127603499218822 0
vn 0.99999898672103882 -0.0014127603499218822 0
vn 0.99999898672103882 -0.0014127603499218822 0
vn 0.99999898672103882 -0.0014127603499218822 0
vn 0.99999898672103882 -0.0014127603499218822 0
vn 0.99999898672103882 -0.0014127603499218822 0
vn 0.99999898672103882 -0.0014127603499218822 0
vn 0.99999898672103882 -0.0014127603499218822 0
vn 0.0014127603499218822 0.99999898672103882 0
vn 0.0014127603499218822 0.99999898672103882 0
vn 0.0014127603499218822 0.99999898672103882 0
vn 0.0014127603499218822 0.99999898672103882 0
vn 0.0014127603499218822 0.99999898672103882 0
vn 0.0014127603499218822 0.99999898672103882 0
vn -0.99999898672103882 0.0014127603499218822 0
vn -0.99999898672103882 0.0014127603499218822 0
vn -0.99999898672103882 0.0014127603499218822 0
vn -0.99999898672103882 0.0014127603499218822 0
vn -0.99999898672103882 0.0014127603499218822 0
vn -0.99999898672103882 0.0014127603499218822 0
vn 0.99999898672103882 -0.0014127603499218822 0
vn 0.99999898672103882 -0.0014127603499218822 0
vn 0.99999898672103882 -0.0014127603499218822 0
vn 0.99999898672103882 -0.0014127603499218822 0
vn 0.99999898672103882 -0.0014127603499218822 0
vn 0.99999898672103882 -0.0014127603499218822 0
vn 0 0 1
vn 0 0 1
vn 0 0 1
vn 0 0 1
vn 0 0 1
vn 0 0 1
vn 0 0 1
vn 0 0 1
vn 0 0 1
vn 0 0 1
vn 0 0 1
vn 0 0 1
vn 0 0 1
vn 0 0 1
vn 0 0 1
vn 0 0 1
vn 0 0 1
vn 0 0 1
vn 0 0 1
vn 0 0 1
vn 0 0 1
vn -0.99999898672103882 0.0014127603499218822 0
vn -0.99999898672103882 0.0014127603499218822 0
vn -0.99999898672103882 0.0014127603499218822 0
vn -0.99999898672103882 0.0014127603499218822 0
vn -0.99999898672103882 0.0014127603499218822 0
vn -0.99999898672103882 0.0014127603499218822 0
vn 0 0 1
vn 0 0 1
vn 0 0 1
vn 0 0 1
vn 0 0 1
vn 0 0 1
vn 0.0014127603499218822 0.99999898672103882 0
vn 0.0014127603499218822 0.99999898672103882 0
vn 0.0014127603499218822 0.99999898672103882 0
vn 0.0014127603499218822 0.99999898672103882 0
vn 0.0014127603499218822 0.99999898672103882 0
vn 0.0014127603499218822 0.99999898672103882 0
vn 0.0014127603499218822 0.99999898672103882 0
vn 0.0014127603499218822 0.99999898672103882 0
vn 0.0014127603499218822 0.99999898672103882 0
vn 0.0014127603499218822 0.99999898672103882 0
vn 0.0014127603499218822 0.99999898672103882 0
vn 0.0014127603499218822 0.99999898672103882 0
vn 0.0014127603499218822 0.99999898672103882 0
f 3889/3889/3889 3888/3888/3888 3901/3901/3901 3900/3900/3900 3899/3899/3899 3898/3898/3898 3897/3897/3897 3896/3896/3896 3895/3895/3895 3894/3894/3894 3892/3892/3892 3891/3891/3891 3890/3890/3890
f 3911/3911/3911 3905/3905/3905 3906/3906/3906 3907/3907/3907 3908/3908/3908 3909/3909/3909 3910/3910/3910 3904/3904/3904
f 3913/3913/3913 3912/3912/3912 3915/3915/3915 3914/3914/3914 3916/3916/3916 3917/3917/3917
f 3929/3929/3929 3922/3922/3922 3918/3918/3918 3921/3921/3921 3919/3919/3919 3923/3923/3923 3920/3920/3920 3924/3924/3924 3925/3925/3925 3926/3926/3926 3927/3927/3927 3930/3930/3930 3928/3928/3928
f 3937/3937/3937 3931/3931/3931 3935/3935/3935 3933/3933/3933 3938/3938/3938 3934/3934/3934 3936/3936/3936 3932/3932/3932
f 3945/3945/3945 3939/3939/3939 3943/3943/3943 3941/3941/3941 3946/3946/3946 3942/3942/3942 3944/3944/3944 3940/3940/3940
f 3953/3953/3953 3947/3947/3947 3951/3951/3951 3949/3949/3949 3954/3954/3954 3950/3950/3950 3952/3952/3952 3948/3948/3948
f 3960/3960/3960 3955/3955/3955 3957/3957/3957 3959/3959/3959 3958/3958/3958 3956/3956/3956
f 3962/3962/3962 3965/3965/3965 3964/3964/3964 3963/3963/3963 3966/3966/3966 3961/3961/3961
f 3968/3968/3968 3971/3971/3971 3970/3970/3970 3969/3969/3969 3972/3972/3972 3967/3967/3967
f 3977/3977/3977 3975/3975/3975 3973/3973/3973 3978/3978/3978 3974/3974/3974 3976/3976/3976
f 3981/3981/3981 3982/3982/3982 3983/3983/3983 3985/3985/3985 3986/3986/3986 3987/3987/3987 3988/3988/3988 3979/3979/3979 3980/3980/3980 3989/3989/3989 3990/3990/3990
f 3995/3995/3995 3998/3998/3998 3997/3997/3997 3996/3996/3996 3999/3999/3999 3994/3994/3994
f 4004/4004/4004 4002/4002/4002 4000/4000/4000 4005/4005/4005 4001/4001/4001 4003/4003/4003
f 4007/4007/4007 4012/4012/4012 4006/4006/4006 4009/4009/4009 4008/4008/4008 4011/4011/4011 4018/4018/4018 4016/4016/4016 4017/4017/4017 4015/4015/4015 4014/4014/4014 4013/4013/4013 4010/4010/4010
o object_22
usemtl diffuse_Black
v -49.719387054443359 30.564434051513672 10
v -49.719387054443359 30.564434051513672 13
v -49.730678558349609 22.575469970703125 10
v -49.730678558349609 22.575469970703125 13
v -49.725002288818359 26.569953918457031 10
v -49.725002288818359 26.569953918457031 13
v -49.730678558349609 22.575469970703125 10
v -49.730678558349609 22.575469970703125 13
v -39.675014495849609 22.561264038085938 10
v -39.675014495849609 22.561264038085938 13
v -44.702846527099609 22.568367004394531 10
v -44.702846527099609 22.568367004394531 13
v -39.675014495849609 22.561264038085938 10
v -39.675014495849609 22.561264038085938 13
v -39.663722991943359 30.550228118896484 10
v -39.663722991943359 30.550228118896484 13
v -39.669399261474609 26.555747985839844 10
v -39.669399261474609 26.555747985839844 13
v -39.663722991943359 30.550228118896484 10
v -39.663722991943359 30.550228118896484 13
v -49.719387054443359 30.564434051513672 10
v -49.719387054443359 30.564434051513672 13
v -44.691555023193359 30.557331085205078 10
v -44.691555023193359 30.557331085205078 13
v -49.719387054443359 30.564434051513672 13
v -39.663722991943359 30.550228118896484 13
v -49.730678558349609 22.575469970703125 13
v -39.675014495849609 22.561264038085938 13
v -49.725002288818359 26.569953918457031 13
v -44.702846527099609 22.568367004394531 13
v -39.669399261474609 26.555747985839844 13
v -44.691555023193359 30.557331085205078 13
v -63.229335784912109 30.583518981933594 0
v -63.229335784912109 30.583518981933594 10
v -63.245265960693359 19.317722320556641 0
v -63.245265960693359 19.317722320556641 10
v -63.237331390380859 24.95062255859375 0
v -63.245265960693359 19.317722320556641 5
v -63.237331390380859 24.95062255859375 10
v -63.229335784912109 30.583518981933594 5
v -63.245265960693359 19.317722320556641 0
v -63.245265960693359 19.317722320556641 10
v -28.391443252563477 19.268482208251953 0
v -28.391443252563477 19.268482208251953 10
v -63.245265960693359 19.317722320556641 5
v -28.391443252563477 19.268482208251953 5
v -45.818386077880859 19.293102264404297 0
v -45.818386077880859 19.293102264404297 10
v -28.391443252563477 19.268482208251953 0
v -28.391443252563477 19.268482208251953 10
v -28.375513076782227 30.534278869628906 0
v -28.375513076782227 30.534278869628906 10
v -28.391443252563477 19.268482208251953 5
v -28.383508682250977 24.901382446289063 0
v -28.375513076782227 30.534278869628906 5
v -28.383508682250977 24.901382446289063 10
v -28.375513076782227 30.534278869628906 0
v -28.375513076782227 30.534278869628906 10
v -63.229335784912109 30.583518981933594 0
v -63.229335784912109 30.583518981933594 10
v -49.719387054443359 30.564434051513672 10
v -44.691555023193359 30.557331085205078 10
v -39.663722991943359 30.550228118896484 10
v -63.229335784912109 30.583518981933594 5
v -28.375513076782227 30.534278869628906 5
v -45.802455902099609 30.55889892578125 0
v -63.229335784912109 30.583518981933594 0
v -28.375513076782227 30.534278869628906 0
v -63.245265960693359 19.317722320556641 0
v -28.391443252563477 19.268482208251953 0
v -63.237331390380859 24.95062255859375 0
v -45.818386077880859 19.293102264404297 0
v -28.383508682250977 24.901382446289063 0
v -45.802455902099609 30.55889892578125 0
v -63.229335784912109 30.583518981933594 10
v -28.375513076782227 30.534278869628906 10
v -63.245265960693359 19.317722320556641 10
v -28.391443252563477 19.268482208251953 10
v -49.730678558349609 22.575469970703125 10
v -49.725002288818359 26.569953918457031 10
v -49.719387054443359 30.564434051513672 10
v -45.818386077880859 19.293102264404297 10
v -28.383508682250977 24.901382446289063 10
v -39.675014495849609 22.561264038085938 10
v -44.702846527099609 22.568367004394531 10
v -39.663722991943359 30.550228118896484 10
v -39.669399261474609 26.555747985839844 10
v -63.237331390380859 24.95062255859375 10
vt 0.057108465582132339 0.2144576758146286
vt 0 0.2144576758146286
vt 0.057108465582132339 0.366536945104599
vt 0 0.366536945104599
vt 0.057108465582132339 0.2904973030090332
vt 0 0.2904973030090332
vt 0.3607228696346283 0.2144576758146286
vt 0.30361440777778625 0.2144576758146286
vt 0.3607228696346283 0.40587863326072693
vt 0.30361440777778625 0.40587863326072693
vt 0.3607228696346283 0.31016814708709717
vt 0.30361440777778625 0.31016814708709717
vt 0.15831327438354492 0.2144576758146286
vt 0.10120480507612228 0.2144576758146286
vt 0.15831327438354492 0.366536945104599
vt 0.10120480507612228 0.366536945104599
vt 0.15831327438354492 0.2904973030090332
vt 0.10120480507612228 0.2904973030090332
vt 0.2595180869102478 0.2144576758146286
vt 0.20240961015224457 0.2144576758146286
vt 0.2595180869102478 0.40587863326072693
vt 0.20240961015224457 0.40587863326072693
vt 0.2595180869102478 0.31016814708709717
vt 0.20240961015224457 0.31016814708709717
vt 0.38178250193595886 0.45235550403594971
vt 0.19036154448986053 0.45235550403594971
vt 0.38178250193595886 0.6044347882270813
vt 0.19036154448986053 0.6044347882270813
vt 0.38178250193595886 0.52839511632919312
vt 0.2860720157623291 0.6044347882270813
vt 0.19036154448986053 0.52839511632919312
vt 0.2860720157623291 0.45235550403594971
vt 0.18889670073986053 0.45235550403594971
vt 0 0.45235550403594971
vt 0.18889670073986053 0.6668131947517395
vt 0 0.6668131947517395
vt 0.18889670073986053 0.55958431959152222
vt 0.094448350369930267 0.6668131947517395
vt 0 0.55958431959152222
vt 0.094448350369930267 0.45235550403594971
vt 0.78407746553421021 0.2144576758146286
vt 0.59518074989318848 0.2144576758146286
vt 0.78407746553421021 0.87647587060928345
vt 0.59518074989318848 0.87647587060928345
vt 0.68962913751602173 0.2144576758146286
vt 0.68962913751602173 0.87647587060928345
vt 0.78407746553421021 0.54546678066253662
vt 0.59518074989318848 0.54546678066253662
vt 0.19036154448986053 0.64135950803756714
vt 0.19036154448986053 0.83172106742858887
vt 0.40335437655448914 0.64135950803756714
vt 0.40335437655448914 0.83172106742858887
vt 0.19036154448986053 0.73654025793075562
vt 0.29685795307159424 0.64135950803756714
vt 0.40335437655448914 0.73654025793075562
vt 0.29685795307159424 0.83172106742858887
vt 0.59371590614318848 0.2144576758146286
vt 0.40481922030448914 0.2144576758146286
vt 0.59371590614318848 0.87647587060928345
vt 0.40481922030448914 0.87647587060928345
vt 0.40481922030448914 0.61986541748046875
vt 0.40481922030448914 0.52436625957489014
vt 0.40481922030448914 0.42886710166931152
vt 0.499267578125 0.87647587060928345
vt 0.499267578125 0.2144576758146286
vt 0.59371590614318848 0.54546678066253662
vt 0.78554230928421021 0
vt 0.78554230928421021 0.66348302364349365
vt 0.99853515625 0
vt 0.99853515625 0.66348302364349365
vt 0.89203876256942749 0
vt 0.99853515625 0.33174151182174683
vt 0.89203876256942749 0.66348302364349365
vt 0.78554230928421021 0.33174151182174683
vt 0.66348302364349365 0
vt 0 0
vt 0.66348302364349365 0.2129928320646286
vt 0 0.2129928320646286
vt 0.40630480647087097 0.15104050934314728
vt 0.40630480647087097 0.075520254671573639
vt 0.40630480647087097 0
vt 0.33174151182174683 0.2129928320646286
vt 0 0.1064964160323143
vt 0.21488383412361145 0.15104050934314728
vt 0.31059432029724121 0.15104050934314728
vt 0.21488383412361145 0
vt 0.21488383412361145 0.075520254671573639
vt 0.66348302364349365 0.1064964160323143
vn -0.99999898672103882 0.0014127603499218822 0
vn -0.99999898672103882 0.0014127603499218822 0
vn -0.99999898672103882 0.0014127603499218822 0
vn -0.99999898672103882 0.0014127603499218822 0
vn -0.99999898672103882 0.0014127603499218822 0
vn -0.99999898672103882 0.0014127603499218822 0
vn -0.0014127603499218822 -0.99999898672103882 0
vn -0.0014127603499218822 -0.99999898672103882 0
vn -0.0014127603499218822 -0.99999898672103882 0
vn -0.0014127603499218822 -0.99999898672103882 0
vn -0.0014127603499218822 -0.99999898672103882 0
vn -0.0014127603499218822 -0.99999898672103882 0
vn 0.99999898672103882 -0.0014127603499218822 0
vn 0.99999898672103882 -0.0014127603499218822 0
vn 0.99999898672103882 -0.0014127603499218822 0
vn 0.99999898672103882 -0.0014127603499218822 0
vn 0.99999898672103882 -0.0014127603499218822 0
vn 0.99999898672103882 -0.0014127603499218822 0
vn 0.0014127603499218822 0.99999898672103882 0
vn 0.0014127603499218822 0.99999898672103882 0
vn 0.0014127603499218822 0.99999898672103882 0
vn 0.0014127603499218822 0.99999898672103882 0
vn 0.0014127603499218822 0.99999898672103882 0
vn 0.0014127603499218822 0.99999898672103882 0
vn 0 0 1
vn 0 0 1
vn 0 0 1
vn 0 0 1
vn 0 0 1
vn 0 0 1
vn 0 0 1
vn 0 0 1
vn -0.99999898672103882 0.0014127603499218822 0
vn -0.99999898672103882 0.0014127603499218822 0
vn -0.99999898672103882 0.0014127603499218822 0
vn -0.99999898672103882 0.0014127603499218822 0
vn -0.99999898672103882 0.0014127603499218822 0
vn -0.99999898672103882 0.0014127603499218822 0
vn -0.99999898672103882 0.0014127603499218822 0
vn -0.99999898672103882 0.0014127603499218822 0
vn -0.0014127603499218822 -0.99999898672103882 0
vn -0.0014127603499218822 -0.99999898672103882 0
vn -0.0014127603499218822 -0.99999898672103882 0
vn -0.0014127603499218822 -0.99999898672103882 0
vn -0.0014127603499218822 -0.99999898672103882 0
vn -0.0014127603499218822 -0.99999898672103882 0
vn -0.0014127603499218822 -0.99999898672103882 0
vn -0.0014127603499218822 -0.99999898672103882 0
vn 0.99999898672103882 -0.0014127603499218822 0
vn 0.99999898672103882 -0.0014127603499218822 0
vn 0.99999898672103882 -0.0014127603499218822 0
vn 0.99999898672103882 -0.0014127603499218822 0
vn 0.99999898672103882 -0.0014127603499218822 0
vn 0.99999898672103882 -0.0014127603499218822 0
vn 0.99999898672103882 -0.0014127603499218822 0
vn 0.99999898672103882 -0.0014127603499218822 0
vn 0.0014127603499218822 0.99999898672103882 0
vn 0.0014127603499218822 0.99999898672103882 0
vn 0.0014127603499218822 0.99999898672103882 0
vn 0.0014127603499218822 0.99999898672103882 0
vn 0.0014127603499218822 0.99999898672103882 0
vn 0.0014127603499218822 0.99999898672103882 0
vn 0.0014127603499218822 0.99999898672103882 0
vn 0.0014127603499218822 0.99999898672103882 0
vn 0.0014127603499218822 0.99999898672103882 0
vn 0.0014127603499218822 0.99999898672103882 0
vn 0 0 -1
vn 0 0 -1
vn 0 0 -1
vn 0 0 -1
vn 0 0 -1
vn 0 0 -1
vn 0 0 -1
vn 0 0 -1
vn 0 0 1
vn 0 0 1
vn 0 0 1
vn 0 0 1
vn 0 0 1
vn 0 0 1
vn 0 0 1
vn 0 0 1
vn 0 0 1
vn 0 0 1
vn 0 0 1
vn 0 0 1
vn 0 0 1
vn 0 0 1
f 4020/4020/4020 4019/4019/4019 4023/4023/4023 4021/4021/4021 4022/4022/4022 4024/4024/4024
f 4026/4026/4026 4025/4025/4025 4029/4029/4029 4027/4027/4027 4028/4028/4028 4030/4030/4030
f 4032/4032/4032 4031/4031/4031 4035/4035/4035 4033/4033/4033 4034/4034/4034 4036/4036/4036
f 4038/4038/4038 4037/4037/4037 4041/4041/4041 4039/4039/4039 4040/4040/4040 4042/4042/4042
f 4048/4048/4048 4046/4046/4046 4049/4049/4049 4044/4044/4044 4050/4050/4050 4043/4043/4043 4047/4047/4047 4045/4045/4045
f 4058/4058/4058 4051/4051/4051 4055/4055/4055 4053/4053/4053 4056/4056/4056 4054/4054/4054 4057/4057/4057 4052/4052/4052
f 4063/4063/4063 4059/4059/4059 4065/4065/4065 4061/4061/4061 4064/4064/4064 4062/4062/4062 4066/4066/4066 4060/4060/4060
f 4071/4071/4071 4067/4067/4067 4072/4072/4072 4069/4069/4069 4073/4073/4073 4070/4070/4070 4074/4074/4074 4068/4068/4068
f 4079/4079/4079 4080/4080/4080 4081/4081/4081 4076/4076/4076 4083/4083/4083 4075/4075/4075 4084/4084/4084 4077/4077/4077 4082/4082/4082 4078/4078/4078
f 4092/4092/4092 4086/4086/4086 4091/4091/4091 4088/4088/4088 4090/4090/4090 4087/4087/4087 4089/4089/4089 4085/4085/4085
f 4098/4098/4098 4099/4099/4099 4093/4093/4093 4106/4106/4106 4095/4095/4095 4100/4100/4100 4096/4096/4096 4101/4101/4101 4094/4094/4094 4104/4104/4104 4105/4105/4105 4102/4102/4102 4103/4103/4103 4097/4097/4097
o object_23
usemtl diffuse_Black
v -73.885520935058594 22.465663909912109 0
v -73.885520935058594 22.465663909912109 16
v -73.912315368652344 3.4656832218170166 0
v -73.912315368652344 3.4656832218170166 16
v -73.898948669433594 12.965671539306641 0
v -73.912315368652344 3.4656832218170166 8
v -73.898948669433594 12.965671539306641 16
v -73.885520935058594 22.465663909912109 8
v -73.912315368652344 3.4656832218170166 0
v -73.912315368652344 3.4656832218170166 16
v -57.912380218505859 3.4430773258209229 0
v -57.912380218505859 3.4430773258209229 16
v -73.912315368652344 3.4656832218170166 8
v -65.912376403808594 3.4543802738189697 0
v -57.912380218505859 3.4430773258209229 8
v -65.912376403808594 3.4543802738189697 16
v -57.912380218505859 3.4430773258209229 0
v -57.912380218505859 3.4430773258209229 16
v -57.885524749755859 22.443058013916016 0
v -57.885524749755859 22.443058013916016 16
v -57.912380218505859 3.4430773258209229 8
v -57.898952484130859 12.943069458007813 0
v -57.885524749755859 22.443058013916016 8
v -57.898952484130859 12.943069458007813 16
v -57.885524749755859 22.443058013916016 0
v -57.885524749755859 22.443058013916016 16
v -73.885520935058594 22.465663909912109 0
v -73.885520935058594 22.465663909912109 16
v -73.885520935058594 22.465663909912109 8
v -57.885524749755859 22.443058013916016 8
v -65.885520935058594 22.454360961914063 0
v -65.885520935058594 22.454360961914063 16
v -73.885520935058594 22.465663909912109 0
v -57.885524749755859 22.443058013916016 0
v -73.912315368652344 3.4656832218170166 0
v -57.912380218505859 3.4430773258209229 0
v -73.898948669433594 12.965671539306641 0
v -65.912376403808594 3.4543802738189697 0
v -57.898952484130859 12.943069458007813 0
v -65.885520935058594 22.454360961914063 0
v -73.885520935058594 22.465663909912109 16
v -57.885524749755859 22.443058013916016 16
v -73.912315368652344 3.4656832218170166 16
v -57.912380218505859 3.4430773258209229 16
v -73.898948669433594 12.965671539306641 16
v -65.912376403808594 3.4543802738189697 16
v -57.898952484130859 12.943069458007813 16
v -65.885520935058594 22.454360961914063 16
vt 0.31226065754890442 0.31372550129890442
vt 0 0.31372550129890442
vt 0.31226065754890442 0.68627452850341797
vt 0 0.68627452850341797
vt 0.31226065754890442 0.5
vt 0.15613032877445221 0.68627452850341797
vt 0 0.5
vt 0.15613032877445221 0.31372550129890442
vt 0.68627452850341797 0.47058823704719543
vt 0.68627452850341797 0.78431373834609985
vt 0.99853515625 0.47058823704719543
vt 0.99853515625 0.78431373834609985
vt 0.68627452850341797 0.62745100259780884
vt 0.84240484237670898 0.47058823704719543
vt 0.99853515625 0.62745100259780884
vt 0.84240484237670898 0.78431373834609985
vt 0 0
vt 0 0.31226065754890442
vt 0.37254902720451355 0
vt 0.37254902720451355 0.31226065754890442
vt 0 0.15613032877445221
vt 0.18627451360225677 0
vt 0.37254902720451355 0.15613032877445221
vt 0.18627451360225677 0.31226065754890442
vt 0.99853515625 0
vt 0.68627452850341797 0
vt 0.99853515625 0.31372550129890442
vt 0.68627452850341797 0.31372550129890442
vt 0.84240484237670898 0.31372550129890442
vt 0.84240484237670898 0
vt 0.99853515625 0.15686275064945221
vt 0.68627452850341797 0.15686275064945221
vt 0.31372550129890442 0.62745100259780884
vt 0.31372550129890442 0.93971163034439087
vt 0.68480968475341797 0.62745100259780884
vt 0.68480968475341797 0.93971163034439087
vt 0.499267578125 0.62745100259780884
vt 0.68480968475341797 0.78358131647109985
vt 0.499267578125 0.93971163034439087
vt 0.31372550129890442 0.78358131647109985
vt 0.31372550129890442 0.31372550129890442
vt 0.31372550129890442 0.62598615884780884
vt 0.68480968475341797 0.31372550129890442
vt 0.68480968475341797 0.62598615884780884
vt 0.499267578125 0.31372550129890442
vt 0.68480968475341797 0.46985581517219543
vt 0.499267578125 0.62598615884780884
vt 0.31372550129890442 0.46985581517219543
vn -0.99999898672103882 0.0014127603499218822 0
vn -0.99999898672103882 0.0014127603499218822 0
vn -0.99999898672103882 0.0014127603499218822 0
vn -0.99999898672103882 0.0014127603499218822 0
vn -0.99999898672103882 0.0014127603499218822 0
vn -0.99999898672103882 0.0014127603499218822 0
vn -0.99999898672103882 0.0014127603499218822 0
vn -0.99999898672103882 0.0014127603499218822 0
vn -0.0014127603499218822 -0.99999898672103882 0
vn -0.0014127603499218822 -0.99999898672103882 0
vn -0.0014127603499218822 -0.99999898672103882 0
vn -0.0014127603499218822 -0.99999898672103882 0
vn -0.0014127603499218822 -0.99999898672103882 0
vn -0.0014127603499218822 -0.99999898672103882 0
vn -0.0014127603499218822 -0.99999898672103882 0
vn -0.0014127603499218822 -0.99999898672103882 0
vn 0.99999898672103882 -0.0014127603499218822 0
vn 0.99999898672103882 -0.0014127603499218822 0
vn 0.99999898672103882 -0.0014127603499218822 0
vn 0.99999898672103882 -0.0014127603499218822 0
vn 0.99999898672103882 -0.0014127603499218822 0
vn 0.99999898672103882 -0.0014127603499218822 0
vn 0.99999898672103882 -0.0014127603499218822 0
vn 0.99999898672103882 -0.0014127603499218822 0
vn 0.0014127603499218822 0.99999898672103882 0
vn 0.0014127603499218822 0.99999898672103882 0
vn 0.0014127603499218822 0.99999898672103882 0
vn 0.0014127603499218822 0.99999898672103882 0
vn 0.0014127603499218822 0.99999898672103882 0
vn 0.0014127603499218822 0.99999898672103882 0
vn 0.0014127603499218822 0.99999898672103882 0
vn 0.0014127603499218822 0.99999898672103882 0
vn 0 0 -1
vn 0 0 -1
vn 0 0 -1
vn 0 0 -1
vn 0 0 -1
vn 0 0 -1
vn 0 0 -1
vn 0 0 -1
vn 0 0 1
vn 0 0 1
vn 0 0 1
vn 0 0 1
vn 0 0 1
vn 0 0 1
vn 0 0 1
vn 0 0 1
f 4114/4114/4114 4107/4107/4107 4111/4111/4111 4109/4109/4109 4112/4112/4112 4110/4110/4110 4113/4113/4113 4108/4108/4108
f 4121/4121/4121 4118/4118/4118 4122/4122/4122 4116/4116/4116 4119/4119/4119 4115/4115/4115 4120/4120/4120 4117/4117/4117
f 4127/4127/4127 4123/4123/4123 4128/4128/4128 4125/4125/4125 4129/4129/4129 4126/4126/4126 4130/4130/4130 4124/4124/4124
f 4136/4136/4136 4131/4131/4131 4137/4137/4137 4133/4133/4133 4135/4135/4135 4134/4134/4134 4138/4138/4138 4132/4132/4132
f 4143/4143/4143 4139/4139/4139 4146/4146/4146 4140/4140/4140 4145/4145/4145 4142/4142/4142 4144/4144/4144 4141/4141/4141
f 4154/4154/4154 4147/4147/4147 4151/4151/4151 4149/4149/4149 4152/4152/4152 4150/4150/4150 4153/4153/4153 4148/4148/4148
o object_24
usemtl diffuse_Black
v -25.278711318969727 38.984600067138672 13.955659866333008
v -25.264673233032227 48.884586334228516 13.955659866333008
v -34.290065765380859 48.897335052490234 13.955659866333008
v -43.315456390380859 48.910091400146484 13.955659866333008
v -43.320583343505859 45.310092926025391 13.955659866333008
v -47.423000335693359 45.315891265869141 13.955659866333008
v -47.417934417724609 48.915882110595703 13.955659866333008
v -56.853542327880859 48.929218292236328 13.955659866333008
v -66.289146423339844 48.942546844482422 13.955659866333008
v -66.277732849121094 57.042537689208984 13.955659866333008
v -76.123619079589844 57.056446075439453 13.955659866333008
v -76.149009704589844 39.056468963623047 13.955659866333008
v -50.713832855224609 39.020534515380859 13.955659866333008
v -25.278711318969727 38.984600067138672 0
v -25.264673233032227 48.884586334228516 0
v -34.290065765380859 48.897335052490234 0
v -43.315456390380859 48.910091400146484 0
v -43.320583343505859 45.310092926025391 0
v -47.423000335693359 45.315891265869141 0
v -47.417934417724609 48.915882110595703 0
v -56.853542327880859 48.929218292236328 0
v -66.289146423339844 48.942546844482422 0
v -66.277732849121094 57.042537689208984 0
v -76.123619079589844 57.056446075439453 0
v -76.149009704589844 39.056468963623047 0
v -50.713832855224609 39.020534515380859 0
v -25.278711318969727 38.984600067138672 0
v -25.278711318969727 38.984600067138672 13.955659866333008
v -25.264673233032227 48.884586334228516 0
v -25.264673233032227 48.884586334228516 13.955659866333008
v -25.264673233032227 48.884586334228516 6.9778299331665039
v -25.278711318969727 38.984600067138672 6.9778299331665039
v -25.264673233032227 48.884586334228516 0
v -25.264673233032227 48.884586334228516 13.955659866333008
v -43.315456390380859 48.910091400146484 0
v -43.315456390380859 48.910091400146484 13.955659866333008
v -34.290065765380859 48.897335052490234 13.955659866333008
v -34.290065765380859 48.897335052490234 0
v -25.264673233032227 48.884586334228516 6.9778299331665039
v -43.315456390380859 48.910091400146484 6.9778299331665039
v -43.315456390380859 48.910091400146484 0
v -43.315456390380859 48.910091400146484 13.955659866333008
v -43.320583343505859 45.310092926025391 0
v -43.320583343505859 45.310092926025391 13.955659866333008
v -43.315456390380859 48.910091400146484 6.9778299331665039
v -43.320583343505859 45.310092926025391 6.9778299331665039
v -43.320583343505859 45.310092926025391 0
v -43.320583343505859 45.310092926025391 13.955659866333008
v -47.423000335693359 45.315891265869141 0
v -47.423000335693359 45.315891265869141 13.955659866333008
v -43.320583343505859 45.310092926025391 6.9778299331665039
v -47.423000335693359 45.315891265869141 6.9778299331665039
v -47.423000335693359 45.315891265869141 0
v -47.423000335693359 45.315891265869141 13.955659866333008
v -47.417934417724609 48.915882110595703 0
v -47.417934417724609 48.915882110595703 13.955659866333008
v -47.423000335693359 45.315891265869141 6.9778299331665039
v -47.417934417724609 48.915882110595703 6.9778299331665039
v -47.417934417724609 48.915882110595703 0
v -47.417934417724609 48.915882110595703 13.955659866333008
v -66.289146423339844 48.942546844482422 0
v -66.289146423339844 48.942546844482422 13.955659866333008
v -56.853542327880859 48.929218292236328 13.955659866333008
v -56.853542327880859 48.929218292236328 0
v -47.417934417724609 48.915882110595703 6.9778299331665039
v -66.289146423339844 48.942546844482422 6.9778299331665039
v -66.289146423339844 48.942546844482422 0
v -66.289146423339844 48.942546844482422 13.955659866333008
v -66.277732849121094 57.042537689208984 0
v -66.277732849121094 57.042537689208984 13.955659866333008
v -66.289146423339844 48.942546844482422 6.9778299331665039
v -66.277732849121094 57.042537689208984 6.9778299331665039
v -66.277732849121094 57.042537689208984 0
v -66.277732849121094 57.042537689208984 13.955659866333008
v -76.123619079589844 57.056446075439453 0
v -76.123619079589844 57.056446075439453 13.955659866333008
v -66.277732849121094 57.042537689208984 6.9778299331665039
v -76.149009704589844 39.056468963623047 0
v -76.149009704589844 39.056468963623047 13.955659866333008
v -25.278711318969727 38.984600067138672 0
v -25.278711318969727 38.984600067138672 13.955659866333008
v -50.713832855224609 39.020534515380859 13.955659866333008
v -50.713832855224609 39.020534515380859 0
v -25.278711318969727 38.984600067138672 6.9778299331665039
v -76.149009704589844 39.056468963623047 6.9778299331665039
vt 0.99612307548522949 0.69260275363922119
vt 0.86345851421356201 0.69260275363922119
vt 0.86345851421356201 0.57093828916549683
vt 0.86345851421356201 0.44927379488945007
vt 0.91170018911361694 0.44927379488945007
vt 0.91170018911361694 0.39397174119949341
vt 0.86345851421356201 0.39397174119949341
vt 0.86345851421356201 0.26677703857421875
vt 0.86345851421356201 0.13958235085010529
vt 0.75491482019424438 0.13958235085010529
vt 0.75491482019424438 0.0068574533797800541
vt 0.99612307548522949 0.0068574533797800541
vt 0.99612307548522949 0.34973010420799255
vt 0.69260275363922119 0.002412082627415657
vt 0.69260275363922119 0.13507662713527679
vt 0.57093828916549683 0.13507662713527679
vt 0.44927379488945007 0.13507662713527679
vt 0.44927379488945007 0.086834974586963654
vt 0.39397174119949341 0.086834974586963654
vt 0.39397174119949341 0.13507662713527679
vt 0.26677703857421875 0.13507662713527679
vt 0.13958235085010529 0.13507662713527679
vt 0.13958235085010529 0.24362033605575562
vt 0.0068574533797800541 0.24362033605575562
vt 0.0068574533797800541 0.002412082627415657
vt 0.34973010420799255 0.002412082627415657
vt 0.5629122257232666 0.58943021297454834
vt 0.37625136971473694 0.58943021297454834
vt 0.5629122257232666 0.7228846549987793
vt 0.37625136971473694 0.7228846549987793
vt 0.46958178281784058 0.7228846549987793
vt 0.46958178281784058 0.58943021297454834
vt 0.18666084110736847 0.53902703523635864
vt 0 0.53902703523635864
vt 0.18666084110736847 0.78235602378845215
vt 0 0.78235602378845215
vt 0 0.66069149971008301
vt 0.18666084110736847 0.66069149971008301
vt 0.093330420553684235 0.53902703523635864
vt 0.093330420553684235 0.78235602378845215
vt 0.069811016321182251 0.24749726057052612
vt 0.069811016321182251 0.43562296032905579
vt 0.1183398962020874 0.24749726057052612
vt 0.1183398962020874 0.43562296032905579
vt 0.069811016321182251 0.34156009554862976
vt 0.1183398962020874 0.34156009554862976
vt 0.1396220326423645 0.24749726057052612
vt 0.1396220326423645 0.43562296032905579
vt 0.19492408633232117 0.24749726057052612
vt 0.19492408633232117 0.43562296032905579
vt 0.1396220326423645 0.34156009554862976
vt 0.19492408633232117 0.34156009554862976
vt 0 0.24749726057052612
vt 0 0.43562296032905579
vt 0.048528876155614853 0.24749726057052612
vt 0.048528876155614853 0.43562296032905579
vt 0 0.34156009554862976
vt 0.048528876155614853 0.34156009554862976
vt 0.37478652596473694 0.53902703523635864
vt 0.18812568485736847 0.53902703523635864
vt 0.37478652596473694 0.79341638088226318
vt 0.18812568485736847 0.79341638088226318
vt 0.18812568485736847 0.66622167825698853
vt 0.37478652596473694 0.66622167825698853
vt 0.2814561128616333 0.53902703523635864
vt 0.2814561128616333 0.79341638088226318
vt 0.21917657554149628 0.24749726057052612
vt 0.21917657554149628 0.43562296032905579
vt 0.32836654782295227 0.24749726057052612
vt 0.32836654782295227 0.43562296032905579
vt 0.21917657554149628 0.34156009554862976
vt 0.32836654782295227 0.34156009554862976
vt 0.5629122257232666 0.24749726057052612
vt 0.37625136971473694 0.24749726057052612
vt 0.5629122257232666 0.38022217154502869
vt 0.37625136971473694 0.38022217154502869
vt 0.46958178281784058 0.24749726057052612
vt 0.75103789567947388 0.24749726057052612
vt 0.5643770694732666 0.24749726057052612
vt 0.75103789567947388 0.93177777528762817
vt 0.5643770694732666 0.93177777528762817
vt 0.5643770694732666 0.58963751792907715
vt 0.75103789567947388 0.58963751792907715
vt 0.65770745277404785 0.93177777528762817
vt 0.65770745277404785 0.24749726057052612
vn 0 0 1
vn 0 0 1
vn 0 0 1
vn 0 0 1
vn 0 0 1
vn 0 0 1
vn 0 0 1
vn 0 0 1
vn 0 0 1
vn 0 0 1
vn 0 0 1
vn 0 0 1
vn 0 0 1
vn 0 0 -1
vn 0 0 -1
vn 0 0 -1
vn 0 0 -1
vn 0 0 -1
vn 0 0 -1
vn 0 0 -1
vn 0 0 -1
vn 0 0 -1
vn 0 0 -1
vn 0 0 -1
vn 0 0 -1
vn 0 0 -1
vn 0.99999898672103882 -0.0014127603499218822 0
vn 0.99999898672103882 -0.0014127603499218822 0
vn 0.99999898672103882 -0.0014127603499218822 0
vn 0.99999898672103882 -0.0014127603499218822 0
vn 0.99999898672103882 -0.0014127603499218822 0
vn 0.99999898672103882 -0.0014127603499218822 0
vn 0.0014127603499218822 0.99999898672103882 0
vn 0.0014127603499218822 0.99999898672103882 0
vn 0.0014127603499218822 0.99999898672103882 0
vn 0.0014127603499218822 0.99999898672103882 0
vn 0.0014127603499218822 0.99999898672103882 0
vn 0.0014127603499218822 0.99999898672103882 0
vn 0.0014127603499218822 0.99999898672103882 0
vn 0.0014127603499218822 0.99999898672103882 0
vn -0.99999898672103882 0.0014127603499218822 0
vn -0.99999898672103882 0.0014127603499218822 0
vn -0.99999898672103882 0.0014127603499218822 0
vn -0.99999898672103882 0.0014127603499218822 0
vn -0.99999898672103882 0.0014127603499218822 0
vn -0.99999898672103882 0.0014127603499218822 0
vn 0.0014127603499218822 0.99999898672103882 0
vn 0.0014127603499218822 0.99999898672103882 0
vn 0.0014127603499218822 0.99999898672103882 0
vn 0.0014127603499218822 0.99999898672103882 0
vn 0.0014127603499218822 0.99999898672103882 0
vn 0.0014127603499218822 0.99999898672103882 0
vn 0.99999898672103882 -0.0014127603499218822 0
vn 0.99999898672103882 -0.0014127603499218822 0
vn 0.99999898672103882 -0.0014127603499218822 0
vn 0.99999898672103882 -0.0014127603499218822 0
vn 0.99999898672103882 -0.0014127603499218822 0
vn 0.99999898672103882 -0.0014127603499218822 0
vn 0.0014127603499218822 0.99999898672103882 0
vn 0.0014127603499218822 0.99999898672103882 0
vn 0.0014127603499218822 0.99999898672103882 0
vn 0.0014127603499218822 0.99999898672103882 0
vn 0.0014127603499218822 0.99999898672103882 0
vn 0.0014127603499218822 0.99999898672103882 0
vn 0.0014127603499218822 0.99999898672103882 0
vn 0.0014127603499218822 0.99999898672103882 0
vn 0.99999898672103882 -0.0014127603499218822 0
vn 0.99999898672103882 -0.0014127603499218822 0
vn 0.99999898672103882 -0.0014127603499218822 0
vn 0.99999898672103882 -0.0014127603499218822 0
vn 0.99999898672103882 -0.0014127603499218822 0
vn 0.99999898672103882 -0.0014127603499218822 0
vn 0.0014127603499218822 0.99999898672103882 0
vn 0.0014127603499218822 0.99999898672103882 0
vn 0.0014127603499218822 0.99999898672103882 0
vn 0.0014127603499218822 0.99999898672103882 0
vn 0.0014127603499218822 0.99999898672103882 0
vn -0.0014127603499218822 -0.99999898672103882 0
vn -0.0014127603499218822 -0.99999898672103882 0
vn -0.0014127603499218822 -0.99999898672103882 0
vn -0.0014127603499218822 -0.99999898672103882 0
vn -0.0014127603499218822 -0.99999898672103882 0
vn -0.0014127603499218822 -0.99999898672103882 0
vn -0.0014127603499218822 -0.99999898672103882 0
vn -0.0014127603499218822 -0.99999898672103882 0
f 4166/4166/4166 4167/4167/4167 4155/4155/4155 4156/4156/4156 4157/4157/4157 4158/4158/4158 4159/4159/4159 4160/4160/4160 4161/4161/4161 4162/4162/4162 4163/4163/4163 4164/4164/4164 4165/4165/4165
f 4180/4180/4180 4179/4179/4179 4178/4178/4178 4177/4177/4177 4176/4176/4176 4175/4175/4175 4174/4174/4174 4173/4173/4173 4172/4172/4172 4171/4171/4171 4170/4170/4170 4169/4169/4169 4168/4168/4168
f 4186/4186/4186 4181/4181/4181 4183/4183/4183 4185/4185/4185 4184/4184/4184 4182/4182/4182
f 4193/4193/4193 4187/4187/4187 4192/4192/4192 4189/4189/4189 4194/4194/4194 4190/4190/4190 4191/4191/4191 4188/4188/4188
f 4199/4199/4199 4195/4195/4195 4197/4197/4197 4200/4200/4200 4198/4198/4198 4196/4196/4196
f 4205/4205/4205 4201/4201/4201 4203/4203/4203 4206/4206/4206 4204/4204/4204 4202/4202/4202
f 4211/4211/4211 4207/4207/4207 4209/4209/4209 4212/4212/4212 4210/4210/4210 4208/4208/4208
f 4219/4219/4219 4213/4213/4213 4218/4218/4218 4215/4215/4215 4220/4220/4220 4216/4216/4216 4217/4217/4217 4214/4214/4214
f 4225/4225/4225 4221/4221/4221 4223/4223/4223 4226/4226/4226 4224/4224/4224 4222/4222/4222
f 4231/4231/4231 4227/4227/4227 4229/4229/4229 4230/4230/4230 4228/4228/4228
f 4239/4239/4239 4232/4232/4232 4237/4237/4237 4234/4234/4234 4238/4238/4238 4235/4235/4235 4236/4236/4236 4233/4233/4233
o object_25
usemtl diffuse_Black
v 2.1283926963806152 39.232837677001953 6
v 1.2206166982650757 56.705837249755859 6
v 15.771977424621582 49.623104095458984 6
v 15.765568733215332 45.090373992919922 6
v 15.759160041809082 40.557651519775391 6
v 1.6744741201400757 47.969333648681641 6
v 10.387516975402832 55.619167327880859 6
v 10.587864875793457 52.419887542724609 6
v 10.788212776184082 49.220607757568359 6
v 5.8040518760681152 56.162502288818359 6
v 13.280095100402832 49.421855926513672 6
v 8.943760871887207 39.895244598388672 6
v 15.759160041809082 40.557651519775391 6
v 15.759160041809082 40.557651519775391 0
v 15.771977424621582 49.623104095458984 6
v 15.771977424621582 49.623104095458984 0
v 15.765568733215332 45.090373992919922 6
v 15.771977424621582 49.623104095458984 3
v 15.765568733215332 45.090373992919922 0
v 2.1283926963806152 39.232837677001953 6
v 2.1283926963806152 39.232837677001953 0
v 15.759160041809082 40.557651519775391 6
v 15.759160041809082 40.557651519775391 0
v 8.943760871887207 39.895244598388672 6
v 8.943760871887207 39.895244598388672 0
v 1.2206166982650757 56.705837249755859 6
v 1.2206166982650757 56.705837249755859 0
v 2.1283926963806152 39.232837677001953 6
v 2.1283926963806152 39.232837677001953 0
v 1.6744741201400757 47.969333648681641 6
v 1.6744741201400757 47.969333648681641 0
v 10.387516975402832 55.619167327880859 6
v 10.387516975402832 55.619167327880859 0
v 1.2206166982650757 56.705837249755859 6
v 1.2206166982650757 56.705837249755859 0
v 5.8040518760681152 56.162502288818359 6
v 5.8040518760681152 56.162502288818359 0
v 10.387516975402832 55.619167327880859 3
v 10.788212776184082 49.220607757568359 6
v 10.788212776184082 49.220607757568359 0
v 10.387516975402832 55.619167327880859 6
v 10.387516975402832 55.619167327880859 0
v 10.587864875793457 52.419887542724609 6
v 10.387516975402832 55.619167327880859 3
v 10.587864875793457 52.419887542724609 0
v 10.788212776184082 49.220607757568359 3
v 15.771977424621582 49.623104095458984 6
v 15.771977424621582 49.623104095458984 0
v 13.280095100402832 49.421855926513672 6
v 13.280095100402832 49.421855926513672 0
v 10.788212776184082 49.220607757568359 6
v 10.788212776184082 49.220607757568359 0
v 15.771977424621582 49.623104095458984 3
v 10.788212776184082 49.220607757568359 3
v 2.1283926963806152 39.232837677001953 0
v 1.2206166982650757 56.705837249755859 0
v 15.771977424621582 49.623104095458984 0
v 15.765568733215332 45.090373992919922 0
v 15.759160041809082 40.557651519775391 0
v 8.943760871887207 39.895244598388672 0
v 1.6744741201400757 47.969333648681641 0
v 5.8040518760681152 56.162502288818359 0
v 10.387516975402832 55.619167327880859 0
v 10.587864875793457 52.419887542724609 0
v 10.788212776184082 49.220607757568359 0
v 13.280095100402832 49.421855926513672 0
vt 0 0
vt 0.4560590386390686 0
vt 0.26635050773620605 0.37295985221862793
vt 0.1329922080039978 0.36903443932533264
vt 0 0.36504995822906494
vt 0.2280295193195343 0
vt 0.43705752491950989 0.23755674064159393
vt 0.34701204299926758 0.23950526118278503
vt 0.25684994459152222 0.241472527384758
vt 0.44691565632820129 0.11872099339962006
vt 0.26149424910545349 0.30723327398300171
vt 0 0.18252497911453247
vt 0.15492898225784302 0.56134492158889771
vt 0 0.56134492158889771
vt 0.15492898225784302 0.79764199256896973
vt 0 0.79764199256896973
vt 0.15492898225784302 0.67949342727661133
vt 0.077464491128921509 0.79764199256896973
vt 0 0.67949342727661133
vt 0.84214133024215698 0
vt 0.68721234798431396 0
vt 0.84214133024215698 0.3569696843624115
vt 0.68721234798431396 0.3569696843624115
vt 0.84214133024215698 0.17848484218120575
vt 0.68721234798431396 0.17848484218120575
vt 0.99853515625 0
vt 0.84360617399215698 0
vt 0.99853515625 0.4560590386390686
vt 0.84360617399215698 0.4560590386390686
vt 0.99853515625 0.2280295193195343
vt 0.84360617399215698 0.2280295193195343
vt 0.31132280826568604 0.56134492158889771
vt 0.15639382600784302 0.56134492158889771
vt 0.31132280826568604 0.80195862054824829
vt 0.15639382600784302 0.80195862054824829
vt 0.31132280826568604 0.681651771068573
vt 0.15639382600784302 0.681651771068573
vt 0.23385831713676453 0.56134492158889771
vt 0.29857003688812256 0.37442469596862793
vt 0.14217621088027954 0.37442469596862793
vt 0.29857003688812256 0.54153388738632202
vt 0.14217621088027954 0.54153388738632202
vt 0.29857003688812256 0.45797929167747498
vt 0.22037312388420105 0.54153388738632202
vt 0.14217621088027954 0.45797929167747498
vt 0.22037312388420105 0.37442469596862793
vt 0 0.37442469596862793
vt 0 0.53081852197647095
vt 0.065164096653461456 0.37442469596862793
vt 0.065164096653461456 0.53081852197647095
vt 0.13032819330692291 0.37442469596862793
vt 0.13032819330692291 0.53081852197647095
vt 0 0.45262160897254944
vt 0.13032819330692291 0.45262160897254944
vt 0.68574750423431396 0.37442469596862793
vt 0.68574750423431396 0.82901889085769653
vt 0.31278765201568604 0.6399196982383728
vt 0.31671306490898132 0.50698971748352051
vt 0.32069754600524902 0.37442469596862793
vt 0.50322252511978149 0.37442469596862793
vt 0.68574750423431396 0.60172182321548462
vt 0.56702649593353271 0.8199048638343811
vt 0.44819077849388123 0.81007838249206543
vt 0.44624224305152893 0.7203221321105957
vt 0.44427496194839478 0.63044965267181396
vt 0.37851423025131226 0.635079026222229
vn 0 0 1
vn 0 0 1
vn 0 0 1
vn 0 0 1
vn 0 0 1
vn 0 0 1
vn 0 0 1
vn 0 0 1
vn 0 0 1
vn 0 0 1
vn 0 0 1
vn 0 0 1
vn 0.99999898672103882 -0.0014127603499218822 0
vn 0.99999898672103882 -0.0014127603499218822 0
vn 0.99999898672103882 -0.0014127603499218822 0
vn 0.99999898672103882 -0.0014127603499218822 0
vn 0.99999898672103882 -0.0014127603499218822 0
vn 0.99999898672103882 -0.0014127603499218822 0
vn 0.99999898672103882 -0.0014127603499218822 0
vn 0.0967368483543396 -0.99531000852584839 0
vn 0.0967368483543396 -0.99531000852584839 0
vn 0.0967368483543396 -0.99531000852584839 0
vn 0.0967368483543396 -0.99531000852584839 0
vn 0.0967368483543396 -0.99531000852584839 0
vn 0.0967368483543396 -0.99531000852584839 0
vn -0.99865323305130005 -0.051881957799196243 0
vn -0.99865323305130005 -0.051881957799196243 0
vn -0.99865323305130005 -0.051881957799196243 0
vn -0.99865323305130005 -0.051881957799196243 0
vn -0.99865323305130005 -0.051881957799196243 0
vn -0.99865323305130005 -0.051881957799196243 0
vn 0.11771820485591888 0.99304705858230591 0
vn 0.11771820485591888 0.99304705858230591 0
vn 0.11771820485591888 0.99304705858230591 0
vn 0.11771820485591888 0.99304705858230591 0
vn 0.11771820485591888 0.99304705858230591 0
vn 0.11771820485591888 0.99304705858230591 0
vn 0.11771820485591888 0.99304705858230591 0
vn 0.99804484844207764 0.062501460313796997 0
vn 0.99804484844207764 0.062501460313796997 0
vn 0.99804484844207764 0.062501460313796997 0
vn 0.99804484844207764 0.062501460313796997 0
vn 0.99804484844207764 0.062501460313796997 0
vn 0.99804484844207764 0.062501460313796997 0
vn 0.99804484844207764 0.062501460313796997 0
vn 0.99804484844207764 0.062501460313796997 0
vn -0.080498263239860535 0.99675476551055908 0
vn -0.080498263239860535 0.99675476551055908 0
vn -0.080498263239860535 0.99675476551055908 0
vn -0.080498263239860535 0.99675476551055908 0
vn -0.080498263239860535 0.99675476551055908 0
vn -0.080498263239860535 0.99675476551055908 0
vn -0.080498263239860535 0.99675476551055908 0
vn -0.080498263239860535 0.99675476551055908 0
vn 0 0 -1
vn 0 0 -1
vn 0 0 -1
vn 0 0 -1
vn 0 0 -1
vn 0 0 -1
vn 0 0 -1
vn 0 0 -1
vn 0 0 -1
vn 0 0 -1
vn 0 0 -1
vn 0 0 -1
f 4245/4245/4245 4240/4240/4240 4251/4251/4251 4244/4244/4244 4243/4243/4243 4242/4242/4242 4250/4250/4250 4248/4248/4248 4247/4247/4247 4246/4246/4246 4249/4249/4249 4241/4241/4241
f 4256/4256/4256 4252/4252/4252 4253/4253/4253 4258/4258/4258 4255/4255/4255 4257/4257/4257 4254/4254/4254
f 4260/4260/4260 4264/4264/4264 4262/4262/4262 4261/4261/4261 4263/4263/4263 4259/4259/4259
f 4266/4266/4266 4270/4270/4270 4268/4268/4268 4267/4267/4267 4269/4269/4269 4265/4265/4265
f 4275/4275/4275 4271/4271/4271 4277/4277/4277 4272/4272/4272 4276/4276/4276 4274/4274/4274 4273/4273/4273
f 4282/4282/4282 4278/4278/4278 4285/4285/4285 4279/4279/4279 4284/4284/4284 4281/4281/4281 4283/4283/4283 4280/4280/4280
f 4288/4288/4288 4286/4286/4286 4292/4292/4292 4287/4287/4287 4289/4289/4289 4291/4291/4291 4293/4293/4293 4290/4290/4290
f 4299/4299/4299 4294/4294/4294 4300/4300/4300 4295/4295/4295 4301/4301/4301 4302/4302/4302 4303/4303/4303 4304/4304/4304 4305/4305/4305 4296/4296/4296 4297/4297/4297 4298/4298/4298
o object_26
usemtl diffuse_Black
v 32.557407379150391 45.539813995361328 10
v 32.573307037353516 56.789806365966797 10
v 32.589206695556641 68.039794921875 10
v 16.581823348999023 70.312416076660156 10
v 0.57443749904632568 72.585029602050781 10
v 0.80838525295257568 68.081550598144531 10
v 1.0423330068588257 63.578067779541016 10
v 12.007664680480957 62.315723419189453 10
v 22.972967147827148 61.053371429443359 10
v 22.961370468139648 52.829692840576172 10
v 22.949743270874023 44.606021881103516 10
v 27.753576278686523 45.072917938232422 10
v 32.589206695556641 68.039794921875 10
v 32.589206695556641 68.039794921875 0
v 32.557407379150391 45.539813995361328 10
v 32.557407379150391 45.539813995361328 0
v 32.573307037353516 56.789806365966797 10
v 32.557407379150391 45.539813995361328 5
v 32.573307037353516 56.789806365966797 0
v 0.57443749904632568 72.585029602050781 10
v 0.57443749904632568 72.585029602050781 0
v 32.589206695556641 68.039794921875 10
v 32.589206695556641 68.039794921875 0
v 16.581823348999023 70.312416076660156 10
v 16.581823348999023 70.312416076660156 0
v 0.57443749904632568 72.585029602050781 5
v 1.0423330068588257 63.578067779541016 10
v 1.0423330068588257 63.578067779541016 0
v 0.57443749904632568 72.585029602050781 10
v 0.57443749904632568 72.585029602050781 0
v 0.80838525295257568 68.081550598144531 10
v 0.57443749904632568 72.585029602050781 5
v 0.80838525295257568 68.081550598144531 0
v 1.0423330068588257 63.578067779541016 5
v 22.972967147827148 61.053371429443359 10
v 22.972967147827148 61.053371429443359 0
v 1.0423330068588257 63.578067779541016 10
v 1.0423330068588257 63.578067779541016 0
v 12.007664680480957 62.315723419189453 10
v 1.0423330068588257 63.578067779541016 5
v 12.007664680480957 62.315723419189453 0
v 22.949743270874023 44.606021881103516 10
v 22.949743270874023 44.606021881103516 0
v 22.972967147827148 61.053371429443359 10
v 22.972967147827148 61.053371429443359 0
v 22.961370468139648 52.829692840576172 10
v 22.961370468139648 52.829692840576172 0
v 22.949743270874023 44.606021881103516 5
v 32.557407379150391 45.539813995361328 10
v 32.557407379150391 45.539813995361328 0
v 22.949743270874023 44.606021881103516 10
v 22.949743270874023 44.606021881103516 0
v 27.753576278686523 45.072917938232422 10
v 32.557407379150391 45.539813995361328 5
v 22.949743270874023 44.606021881103516 5
v 27.753576278686523 45.072917938232422 0
v 32.557407379150391 45.539813995361328 0
v 32.573307037353516 56.789806365966797 0
v 32.589206695556641 68.039794921875 0
v 16.581823348999023 70.312416076660156 0
v 0.57443749904632568 72.585029602050781 0
v 0.80838525295257568 68.081550598144531 0
v 1.0423330068588257 63.578067779541016 0
v 12.007664680480957 62.315723419189453 0
v 22.972967147827148 61.053371429443359 0
v 22.961370468139648 52.829692840576172 0
v 22.949743270874023 44.606021881103516 0
v 27.753576278686523 45.072917938232422 0
vt 0.98121637105941772 0.45821139216423035
vt 0.82240486145019531 0.45821139216423035
vt 0.66359341144561768 0.45821139216423035
vt 0.63183110952377319 0.23137407004833221
vt 0.60006880760192871 0.0045367465354502201
vt 0.66363775730133057 0.007941683754324913
vt 0.7272067666053772 0.011346621438860893
vt 0.74480807781219482 0.16672781109809875
vt 0.76240938901901245 0.32210898399353027
vt 0.87849968671798706 0.32210898399353027
vt 0.99458992481231689 0.32210898399353027
vt 0.9879031777381897 0.3901602029800415
vt 0.45297911763191223 0.40387642383575439
vt 0.31276431679725647 0.40387642383575439
vt 0.45297911763191223 0.72265559434890747
vt 0.31276431679725647 0.72265559434890747
vt 0.45297911763191223 0.56326597929000854
vt 0.38287171721458435 0.72265559434890747
vt 0.31276431679725647 0.56326597929000854
vt 0.59465873241424561 0.40387642383575439
vt 0.45444396138191223 0.40387642383575439
vt 0.59465873241424561 0.86054420471191406
vt 0.45444396138191223 0.86054420471191406
vt 0.59465873241424561 0.63221031427383423
vt 0.45444396138191223 0.63221031427383423
vt 0.52455133199691772 0.40387642383575439
vt 0 0.40387642383575439
vt 0 0.54555606842041016
vt 0.12778235971927643 0.40387642383575439
vt 0.12778235971927643 0.54555606842041016
vt 0.063891179859638214 0.40387642383575439
vt 0.12778235971927643 0.47471624612808228
vt 0.063891179859638214 0.54555606842041016
vt 0 0.47471624612808228
vt 0 0.70929819345474243
vt 0 0.85097777843475342
vt 0.31129947304725647 0.70929819345474243
vt 0.31129947304725647 0.85097777843475342
vt 0.15564973652362823 0.70929819345474243
vt 0.31129947304725647 0.78013795614242554
vt 0.15564973652362823 0.85097777843475342
vt 0 0.55658727884292603
vt 0 0.69826692342758179
vt 0.23302569985389709 0.55658727884292603
vt 0.23302569985389709 0.69826692342758179
vt 0.11651284992694855 0.55658727884292603
vt 0.11651284992694855 0.69826692342758179
vt 0 0.62742710113525391
vt 0.15107358992099762 0.40387642383575439
vt 0.15107358992099762 0.54555606842041016
vt 0.2878362238407135 0.40387642383575439
vt 0.2878362238407135 0.54555606842041016
vt 0.21945491433143616 0.40387642383575439
vt 0.15107358992099762 0.47471624612808228
vt 0.2878362238407135 0.47471624612808228
vt 0.21945491433143616 0.54555606842041016
vt 0.004536760039627552 0.38509276509284973
vt 0.004536760039627552 0.2262813001871109
vt 0.004536760039627552 0.067469805479049683
vt 0.23137407004833221 0.035707507282495499
vt 0.45821139216423035 0.0039452118799090385
vt 0.45480644702911377 0.067514196038246155
vt 0.45140153169631958 0.1310831755399704
vt 0.29602032899856567 0.14868451654911041
vt 0.14063914120197296 0.16628584265708923
vt 0.14063914120197296 0.28237611055374146
vt 0.14063914120197296 0.39846634864807129
vt 0.072587937116622925 0.3917795717716217
vn 0 0 1
vn 0 0 1
vn 0 0 1
vn 0 0 1
vn 0 0 1
vn 0 0 1
vn 0 0 1
vn 0 0 1
vn 0 0 1
vn 0 0 1
vn 0 0 1
vn 0 0 1
vn 0.99999898672103882 -0.0014127603499218822 0
vn 0.99999898672103882 -0.0014127603499218822 0
vn 0.99999898672103882 -0.0014127603499218822 0
vn 0.99999898672103882 -0.0014127603499218822 0
vn 0.99999898672103882 -0.0014127603499218822 0
vn 0.99999898672103882 -0.0014127603499218822 0
vn 0.99999898672103882 -0.0014127603499218822 0
vn 0.14056345820426941 0.99007165431976318 0
vn 0.14056345820426941 0.99007165431976318 0
vn 0.14056345820426941 0.99007165431976318 0
vn 0.14056345820426941 0.99007165431976318 0
vn 0.14056345820426941 0.99007165431976318 0
vn 0.14056345820426941 0.99007165431976318 0
vn 0.14056345820426941 0.99007165431976318 0
vn -0.99865323305130005 -0.051881957799196243 0
vn -0.99865323305130005 -0.051881957799196243 0
vn -0.99865323305130005 -0.051881957799196243 0
vn -0.99865323305130005 -0.051881957799196243 0
vn -0.99865323305130005 -0.051881957799196243 0
vn -0.99865323305130005 -0.051881957799196243 0
vn -0.99865323305130005 -0.051881957799196243 0
vn -0.99865323305130005 -0.051881957799196243 0
vn -0.11436662077903748 -0.99343860149383545 0
vn -0.11436662077903748 -0.99343860149383545 0
vn -0.11436662077903748 -0.99343860149383545 0
vn -0.11436662077903748 -0.99343860149383545 0
vn -0.11436662077903748 -0.99343860149383545 0
vn -0.11436662077903748 -0.99343860149383545 0
vn -0.11436662077903748 -0.99343860149383545 0
vn -0.99999898672103882 0.0014127603499218822 0
vn -0.99999898672103882 0.0014127603499218822 0
vn -0.99999898672103882 0.0014127603499218822 0
vn -0.99999898672103882 0.0014127603499218822 0
vn -0.99999898672103882 0.0014127603499218822 0
vn -0.99999898672103882 0.0014127603499218822 0
vn -0.99999898672103882 0.0014127603499218822 0
vn 0.0967368483543396 -0.99531000852584839 0
vn 0.0967368483543396 -0.99531000852584839 0
vn 0.0967368483543396 -0.99531000852584839 0
vn 0.0967368483543396 -0.99531000852584839 0
vn 0.0967368483543396 -0.99531000852584839 0
vn 0.0967368483543396 -0.99531000852584839 0
vn 0.0967368483543396 -0.99531000852584839 0
vn 0.0967368483543396 -0.99531000852584839 0
vn 0 0 -1
vn 0 0 -1
vn 0 0 -1
vn 0 0 -1
vn 0 0 -1
vn 0 0 -1
vn 0 0 -1
vn 0 0 -1
vn 0 0 -1
vn 0 0 -1
vn 0 0 -1
vn 0 0 -1
f 4309/4309/4309 4310/4310/4310 4311/4311/4311 4312/4312/4312 4313/4313/4313 4314/4314/4314 4315/4315/4315 4316/4316/4316 4317/4317/4317 4306/4306/4306 4307/4307/4307 4308/4308/4308
f 4319/4319/4319 4318/4318/4318 4322/4322/4322 4320/4320/4320 4323/4323/4323 4321/4321/4321 4324/4324/4324
f 4331/4331/4331 4325/4325/4325 4329/4329/4329 4327/4327/4327 4328/4328/4328 4330/4330/4330 4326/4326/4326
f 4339/4339/4339 4332/4332/4332 4336/4336/4336 4334/4334/4334 4337/4337/4337 4335/4335/4335 4338/4338/4338 4333/4333/4333
f 4341/4341/4341 4340/4340/4340 4344/4344/4344 4342/4342/4342 4345/4345/4345 4343/4343/4343 4346/4346/4346
f 4353/4353/4353 4347/4347/4347 4351/4351/4351 4349/4349/4349 4350/4350/4350 4352/4352/4352 4348/4348/4348
f 4359/4359/4359 4354/4354/4354 4358/4358/4358 4356/4356/4356 4360/4360/4360 4357/4357/4357 4361/4361/4361 4355/4355/4355
f 4367/4367/4367 4366/4366/4366 4365/4365/4365 4364/4364/4364 4363/4363/4363 4362/4362/4362 4373/4373/4373 4372/4372/4372 4371/4371/4371 4370/4370/4370 4369/4369/4369 4368/4368/4368
o object_27
usemtl diffuse_Black
v 13.350987434387207 27.470321655273438 16.085521697998047
v 13.350987434387207 27.470321655273438 10
v 18.235815048217773 27.463420867919922 10
v 15.793400764465332 27.466869354248047 10
v 18.235815048217773 27.463420867919922 15
v 18.235815048217773 27.463420867919922 12.5
v 13.350987434387207 27.470321655273438 13.042760848999023
v 15.793400764465332 27.466869354248047 15.542760848999023
v 13.344609260559082 22.970325469970703 10
v 18.229467391967773 22.963424682617188 10
v 13.350987434387207 27.470321655273438 10
v 18.235815048217773 27.463420867919922 10
v 15.793400764465332 27.466869354248047 10
v 18.232641220092773 25.213420867919922 10
v 15.787053108215332 22.966873168945313 10
v 13.347783088684082 25.220321655273438 10
v 18.235815048217773 27.463420867919922 10
v 18.229467391967773 22.963424682617188 15
v 18.229467391967773 22.963424682617188 10
v 18.232641220092773 25.213420867919922 10
v 18.235815048217773 27.463420867919922 15
v 18.232641220092773 25.213420867919922 15
v 18.235815048217773 27.463420867919922 12.5
v 18.229467391967773 22.963424682617188 12.5
v 18.229467391967773 22.963424682617188 10
v 13.344609260559082 22.970325469970703 16.085521697998047
v 13.344609260559082 22.970325469970703 10
v 15.787053108215332 22.966873168945313 10
v 18.229467391967773 22.963424682617188 12.5
v 18.229467391967773 22.963424682617188 15
v 13.344609260559082 22.970325469970703 13.042760848999023
v 15.787053108215332 22.966873168945313 15.542760848999023
v 13.344609260559082 22.970325469970703 10
v 13.350987434387207 27.470321655273438 16.085521697998047
v 13.350987434387207 27.470321655273438 10
v 13.347783088684082 25.220321655273438 10
v 13.344609260559082 22.970325469970703 16.085521697998047
v 13.347783088684082 25.220321655273438 16.085521697998047
v 13.350987434387207 27.470321655273438 13.042760848999023
v 13.344609260559082 22.970325469970703 13.042760848999023
v 13.344609260559082 22.970325469970703 16.085521697998047
v 18.229467391967773 22.963424682617188 15
v 18.235815048217773 27.463420867919922 15
v 18.232641220092773 25.213420867919922 15
v 13.350987434387207 27.470321655273438 16.085521697998047
v 13.347783088684082 25.220321655273438 16.085521697998047
v 15.787053108215332 22.966873168945313 15.542760848999023
v 15.793400764465332 27.466869354248047 15.542760848999023
vt 0 0.30586948990821838
vt 0 0.68692022562026978
vt 0.30440464615821838 0.68692022562026978
vt 0.15220232307910919 0.68692022562026978
vt 0.30440464615821838 0.37384048104286194
vt 0.30440464615821838 0.53038036823272705
vt 0 0.49639487266540527
vt 0.15220232307910919 0.33985498547554016
vt 0.99278974533081055 0
vt 0.68692022562026978 0
vt 0.99278974533081055 0.28177177906036377
vt 0.68692022562026978 0.28177177906036377
vt 0.83985495567321777 0.28177177906036377
vt 0.68692022562026978 0.14088588953018188
vt 0.83985495567321777 0
vt 0.99278974533081055 0.14088588953018188
vt 0.68692022562026978 0.43470653891563416
vt 0.99853515625 0.71647828817367554
vt 0.68692022562026978 0.71647828817367554
vt 0.68692022562026978 0.57559239864349365
vt 0.99853515625 0.43470653891563416
vt 0.99853515625 0.57559239864349365
vt 0.84272772073745728 0.43470653891563416
vt 0.84272772073745728 0.71647828817367554
vt 0 0
vt 0.38105076551437378 0.30440464615821838
vt 0 0.30440464615821838
vt 0 0.15220232307910919
vt 0.15653988718986511 0
vt 0.31307977437973022 0
vt 0.19052538275718689 0.30440464615821838
vt 0.347065269947052 0.15220232307910919
vt 0.30586948990821838 0.58764123916625977
vt 0.68545538187026978 0.86794823408126831
vt 0.30586948990821838 0.86794823408126831
vt 0.30586948990821838 0.72779476642608643
vt 0.68545538187026978 0.58764123916625977
vt 0.68545538187026978 0.72779476642608643
vt 0.49566245079040527 0.86794823408126831
vt 0.49566245079040527 0.58764123916625977
vt 0.30586948990821838 0.30586948990821838
vt 0.61920028924942017 0.30586948990821838
vt 0.61920028924942017 0.58617639541625977
vt 0.61920028924942017 0.44602295756340027
vt 0.30586948990821838 0.58617639541625977
vt 0.30586948990821838 0.44602295756340027
vt 0.46253487467765808 0.30586948990821838
vt 0.46253487467765808 0.58617639541625977
vn 0.0014127603499218822 0.99999898672103882 0
vn 0.0014127603499218822 0.99999898672103882 0
vn 0.0014127603499218822 0.99999898672103882 0
vn 0.0014127603499218822 0.99999898672103882 0
vn 0.0014127603499218822 0.99999898672103882 0
vn 0.0014127603499218822 0.99999898672103882 0
vn 0.0014127603499218822 0.99999898672103882 0
vn 0.0014127603499218822 0.99999898672103882 0
vn 0 0 -1
vn 0 0 -1
vn 0 0 -1
vn 0 0 -1
vn 0 0 -1
vn 0 0 -1
vn 0 0 -1
vn 0 0 -1
vn 0.99999898672103882 -0.0014127603499218822 0
vn 0.99999898672103882 -0.0014127603499218822 0
vn 0.99999898672103882 -0.0014127603499218822 0
vn 0.99999898672103882 -0.0014127603499218822 0
vn 0.99999898672103882 -0.0014127603499218822 0
vn 0.99999898672103882 -0.0014127603499218822 0
vn 0.99999898672103882 -0.0014127603499218822 0
vn 0.99999898672103882 -0.0014127603499218822 0
vn -0.0014127603499218822 -0.99999898672103882 0
vn -0.0014127603499218822 -0.99999898672103882 0
vn -0.0014127603499218822 -0.99999898672103882 0
vn -0.0014127603499218822 -0.99999898672103882 0
vn -0.0014127603499218822 -0.99999898672103882 0
vn -0.0014127603499218822 -0.99999898672103882 0
vn -0.0014127603499218822 -0.99999898672103882 0
vn -0.0014127603499218822 -0.99999898672103882 0
vn -0.99999898672103882 0.0014127603499218822 0
vn -0.99999898672103882 0.0014127603499218822 0
vn -0.99999898672103882 0.0014127603499218822 0
vn -0.99999898672103882 0.0014127603499218822 0
vn -0.99999898672103882 0.0014127603499218822 0
vn -0.99999898672103882 0.0014127603499218822 0
vn -0.99999898672103882 0.0014127603499218822 0
vn -0.99999898672103882 0.0014127603499218822 0
vn 0.21693024039268494 -0.00030647075618617237 0.97618705034255981
vn 0.21693024039268494 -0.00030647075618617237 0.97618705034255981
vn 0.21693024039268494 -0.00030647075618617237 0.97618705034255981
vn 0.21693024039268494 -0.00030647075618617237 0.97618705034255981
vn 0.21693024039268494 -0.00030647075618617237 0.97618705034255981
vn 0.21693024039268494 -0.00030647075618617237 0.97618705034255981
vn 0.21693024039268494 -0.00030647075618617237 0.97618705034255981
vn 0.21693024039268494 -0.00030647075618617237 0.97618705034255981
f 4380/4380/4380 4374/4374/4374 4381/4381/4381 4378/4378/4378 4379/4379/4379 4376/4376/4376 4377/4377/4377 4375/4375/4375
f 4388/4388/4388 4382/4382/4382 4389/4389/4389 4384/4384/4384 4386/4386/4386 4385/4385/4385 4387/4387/4387 4383/4383/4383
f 4396/4396/4396 4394/4394/4394 4395/4395/4395 4391/4391/4391 4397/4397/4397 4392/4392/4392 4393/4393/4393 4390/4390/4390
f 4401/4401/4401 4398/4398/4398 4402/4402/4402 4403/4403/4403 4405/4405/4405 4399/4399/4399 4404/4404/4404 4400/4400/4400
f 4413/4413/4413 4410/4410/4410 4411/4411/4411 4407/4407/4407 4412/4412/4412 4408/4408/4408 4409/4409/4409 4406/4406/4406
f 4417/4417/4417 4416/4416/4416 4421/4421/4421 4418/4418/4418 4419/4419/4419 4414/4414/4414 4420/4420/4420 4415/4415/4415
o object_28
usemtl diffuse_Black
v 13.350987434387207 27.470321655273438 10
v 13.350987434387207 27.470321655273438 5
v 18.235815048217773 27.463420867919922 10
v 18.235815048217773 27.463420867919922 5
v 15.793400764465332 27.466869354248047 10
v 18.235815048217773 27.463420867919922 7.5
v 15.793400764465332 27.466869354248047 5
v 13.350987434387207 27.470321655273438 7.5
v 18.235815048217773 27.463420867919922 10
v 18.235815048217773 27.463420867919922 5
v 18.229467391967773 22.963424682617188 10
v 18.229467391967773 22.963424682617188 5
v 18.235815048217773 27.463420867919922 7.5
v 18.232641220092773 25.213420867919922 10
v 18.229467391967773 22.963424682617188 7.5
v 18.232641220092773 25.213420867919922 5
v 18.229467391967773 22.963424682617188 10
v 18.229467391967773 22.963424682617188 5
v 13.344609260559082 22.970325469970703 10
v 13.344609260559082 22.970325469970703 5
v 18.229467391967773 22.963424682617188 7.5
v 15.787053108215332 22.966873168945313 10
v 13.344609260559082 22.970325469970703 7.5
v 15.787053108215332 22.966873168945313 5
v 13.344609260559082 22.970325469970703 10
v 13.344609260559082 22.970325469970703 5
v 13.350987434387207 27.470321655273438 10
v 13.350987434387207 27.470321655273438 5
v 13.350987434387207 27.470321655273438 7.5
v 13.344609260559082 22.970325469970703 7.5
v 13.347783088684082 25.220321655273438 10
v 13.347783088684082 25.220321655273438 5
v 13.344609260559082 22.970325469970703 10
v 18.229467391967773 22.963424682617188 10
v 13.350987434387207 27.470321655273438 10
v 18.235815048217773 27.463420867919922 10
v 15.793400764465332 27.466869354248047 10
v 18.232641220092773 25.213420867919922 10
v 15.787053108215332 22.966873168945313 10
v 13.347783088684082 25.220321655273438 10
v 13.344609260559082 22.970325469970703 5
v 18.229467391967773 22.963424682617188 5
v 13.350987434387207 27.470321655273438 5
v 18.235815048217773 27.463420867919922 5
v 15.793400764465332 27.466869354248047 5
v 18.232641220092773 25.213420867919922 5
v 15.787053108215332 22.966873168945313 5
v 13.347783088684082 25.220321655273438 5
vt 0 0.33073452115058899
vt 0 0.66926544904708862
vt 0.32926967740058899 0.33073452115058899
vt 0.32926967740058899 0.66926544904708862
vt 0.16463483870029449 0.33073452115058899
vt 0.32926967740058899 0.5
vt 0.16463483870029449 0.66926544904708862
vt 0 0.5
vt 0.66780060529708862 0.63541239500045776
vt 0.33073452115058899 0.63541239500045776
vt 0.66780060529708862 0.93862539529800415
vt 0.33073452115058899 0.93862539529800415
vt 0.499267578125 0.63541239500045776
vt 0.66780060529708862 0.78701889514923096
vt 0.499267578125 0.93862539529800415
vt 0.33073452115058899 0.78701889514923096
vt 0.33853095769882202 0
vt 0 0
vt 0.33853095769882202 0.32926967740058899
vt 0 0.32926967740058899
vt 0.16926547884941101 0
vt 0.33853095769882202 0.16463483870029449
vt 0.16926547884941101 0.32926967740058899
vt 0 0.16463483870029449
vt 0.66780060529708862 0.33073452115058899
vt 0.33073452115058899 0.33073452115058899
vt 0.66780060529708862 0.63394755125045776
vt 0.33073452115058899 0.63394755125045776
vt 0.499267578125 0.63394755125045776
vt 0.499267578125 0.33073452115058899
vt 0.66780060529708862 0.48234102129936218
vt 0.33073452115058899 0.48234102129936218
vt 0.99853515625 0.47004511952400208
vt 0.66926544904708862 0.47004511952400208
vt 0.99853515625 0.77472299337387085
vt 0.66926544904708862 0.77472299337387085
vt 0.8339003324508667 0.77472299337387085
vt 0.66926544904708862 0.62238407135009766
vt 0.8339003324508667 0.47004511952400208
vt 0.99853515625 0.62238407135009766
vt 0.99853515625 0
vt 0.66926544904708862 0
vt 0.99853515625 0.30467784404754639
vt 0.66926544904708862 0.30467784404754639
vt 0.8339003324508667 0.30467784404754639
vt 0.66926544904708862 0.15233892202377319
vt 0.8339003324508667 0
vt 0.99853515625 0.15233892202377319
vn 0.0014127603499218822 0.99999898672103882 0
vn 0.0014127603499218822 0.99999898672103882 0
vn 0.0014127603499218822 0.99999898672103882 0
vn 0.0014127603499218822 0.99999898672103882 0
vn 0.0014127603499218822 0.99999898672103882 0
vn 0.0014127603499218822 0.99999898672103882 0
vn 0.0014127603499218822 0.99999898672103882 0
vn 0.0014127603499218822 0.99999898672103882 0
vn 0.99999898672103882 -0.0014127603499218822 0
vn 0.99999898672103882 -0.0014127603499218822 0
vn 0.99999898672103882 -0.0014127603499218822 0
vn 0.99999898672103882 -0.0014127603499218822 0
vn 0.99999898672103882 -0.0014127603499218822 0
vn 0.99999898672103882 -0.0014127603499218822 0
vn 0.99999898672103882 -0.0014127603499218822 0
vn 0.99999898672103882 -0.0014127603499218822 0
vn -0.0014127603499218822 -0.99999898672103882 0
vn -0.0014127603499218822 -0.99999898672103882 0
vn -0.0014127603499218822 -0.99999898672103882 0
vn -0.0014127603499218822 -0.99999898672103882 0
vn -0.0014127603499218822 -0.99999898672103882 0
vn -0.0014127603499218822 -0.99999898672103882 0
vn -0.0014127603499218822 -0.99999898672103882 0
vn -0.0014127603499218822 -0.99999898672103882 0
vn -0.99999898672103882 0.0014127603499218822 0
vn -0.99999898672103882 0.0014127603499218822 0
vn -0.99999898672103882 0.0014127603499218822 0
vn -0.99999898672103882 0.0014127603499218822 0
vn -0.99999898672103882 0.0014127603499218822 0
vn -0.99999898672103882 0.0014127603499218822 0
vn -0.99999898672103882 0.0014127603499218822 0
vn -0.99999898672103882 0.0014127603499218822 0
vn 0 0 1
vn 0 0 1
vn 0 0 1
vn 0 0 1
vn 0 0 1
vn 0 0 1
vn 0 0 1
vn 0 0 1
vn 0 0 -1
vn 0 0 -1
vn 0 0 -1
vn 0 0 -1
vn 0 0 -1
vn 0 0 -1
vn 0 0 -1
vn 0 0 -1
f 4429/4429/4429 4422/4422/4422 4426/4426/4426 4424/4424/4424 4427/4427/4427 4425/4425/4425 4428/4428/4428 4423/4423/4423
f 4434/4434/4434 4430/4430/4430 4435/4435/4435 4432/4432/4432 4436/4436/4436 4433/4433/4433 4437/4437/4437 4431/4431/4431
f 4445/4445/4445 4439/4439/4439 4442/4442/4442 4438/4438/4438 4443/4443/4443 4440/4440/4440 4444/4444/4444 4441/4441/4441
f 4451/4451/4451 4446/4446/4446 4452/4452/4452 4448/4448/4448 4450/4450/4450 4449/4449/4449 4453/4453/4453 4447/4447/4447
f 4461/4461/4461 4454/4454/4454 4460/4460/4460 4455/4455/4455 4459/4459/4459 4457/4457/4457 4458/4458/4458 4456/4456/4456
f 4467/4467/4467 4463/4463/4463 4468/4468/4468 4462/4462/4462 4469/4469/4469 4464/4464/4464 4466/4466/4466 4465/4465/4465
o object_29
usemtl diffuse_Black
v 13.350987434387207 27.470321655273438 5
v 13.350987434387207 27.470321655273438 0
v 18.235815048217773 27.463420867919922 5
v 18.235815048217773 27.463420867919922 0
v 15.793400764465332 27.466869354248047 5
v 18.235815048217773 27.463420867919922 2.5
v 15.793400764465332 27.466869354248047 0
v 13.350987434387207 27.470321655273438 2.5
v 18.235815048217773 27.463420867919922 5
v 18.235815048217773 27.463420867919922 0
v 18.229467391967773 22.963424682617188 5
v 18.229467391967773 22.963424682617188 0
v 18.235815048217773 27.463420867919922 2.5
v 18.232641220092773 25.213420867919922 5
v 18.229467391967773 22.963424682617188 2.5
v 18.232641220092773 25.213420867919922 0
v 18.229467391967773 22.963424682617188 5
v 18.229467391967773 22.963424682617188 0
v 13.344609260559082 22.970325469970703 5
v 13.344609260559082 22.970325469970703 0
v 18.229467391967773 22.963424682617188 2.5
v 15.787053108215332 22.966873168945313 5
v 13.344609260559082 22.970325469970703 2.5
v 15.787053108215332 22.966873168945313 0
v 13.344609260559082 22.970325469970703 5
v 13.344609260559082 22.970325469970703 0
v 13.350987434387207 27.470321655273438 5
v 13.350987434387207 27.470321655273438 0
v 13.350987434387207 27.470321655273438 2.5
v 13.344609260559082 22.970325469970703 2.5
v 13.347783088684082 25.220321655273438 5
v 13.347783088684082 25.220321655273438 0
v 13.344609260559082 22.970325469970703 5
v 18.229467391967773 22.963424682617188 5
v 13.350987434387207 27.470321655273438 5
v 18.235815048217773 27.463420867919922 5
v 15.793400764465332 27.466869354248047 5
v 18.232641220092773 25.213420867919922 5
v 15.787053108215332 22.966873168945313 5
v 13.347783088684082 25.220321655273438 5
v 13.344609260559082 22.970325469970703 0
v 18.229467391967773 22.963424682617188 0
v 13.350987434387207 27.470321655273438 0
v 18.235815048217773 27.463420867919922 0
v 15.793400764465332 27.466869354248047 0
v 18.232641220092773 25.213420867919922 0
v 15.787053108215332 22.966873168945313 0
v 13.347783088684082 25.220321655273438 0
vt 0 0.33073452115058899
vt 0 0.66926544904708862
vt 0.32926967740058899 0.33073452115058899
vt 0.32926967740058899 0.66926544904708862
vt 0.16463483870029449 0.33073452115058899
vt 0.32926967740058899 0.5
vt 0.16463483870029449 0.66926544904708862
vt 0 0.5
vt 0.66780060529708862 0.33073452115058899
vt 0.33073452115058899 0.33073452115058899
vt 0.66780060529708862 0.63394755125045776
vt 0.33073452115058899 0.63394755125045776
vt 0.499267578125 0.33073452115058899
vt 0.66780060529708862 0.48234102129936218
vt 0.499267578125 0.63394755125045776
vt 0.33073452115058899 0.48234102129936218
vt 0.33853095769882202 0
vt 0 0
vt 0.33853095769882202 0.32926967740058899
vt 0 0.32926967740058899
vt 0.16926547884941101 0
vt 0.33853095769882202 0.16463483870029449
vt 0.16926547884941101 0.32926967740058899
vt 0 0.16463483870029449
vt 0.66780060529708862 0.63541239500045776
vt 0.33073452115058899 0.63541239500045776
vt 0.66780060529708862 0.93862539529800415
vt 0.33073452115058899 0.93862539529800415
vt 0.499267578125 0.93862539529800415
vt 0.499267578125 0.63541239500045776
vt 0.66780060529708862 0.78701889514923096
vt 0.33073452115058899 0.78701889514923096
vt 0.99853515625 0.47004511952400208
vt 0.66926544904708862 0.47004511952400208
vt 0.99853515625 0.77472299337387085
vt 0.66926544904708862 0.77472299337387085
vt 0.8339003324508667 0.77472299337387085
vt 0.66926544904708862 0.62238407135009766
vt 0.8339003324508667 0.47004511952400208
vt 0.99853515625 0.62238407135009766
vt 0.99853515625 0
vt 0.66926544904708862 0
vt 0.99853515625 0.30467784404754639
vt 0.66926544904708862 0.30467784404754639
vt 0.8339003324508667 0.30467784404754639
vt 0.66926544904708862 0.15233892202377319
vt 0.8339003324508667 0
vt 0.99853515625 0.15233892202377319
vn 0.0014127603499218822 0.99999898672103882 0
vn 0.0014127603499218822 0.99999898672103882 0
vn 0.0014127603499218822 0.99999898672103882 0
vn 0.0014127603499218822 0.99999898672103882 0
vn 0.0014127603499218822 0.99999898672103882 0
vn 0.0014127603499218822 0.99999898672103882 0
vn 0.0014127603499218822 0.99999898672103882 0
vn 0.0014127603499218822 0.99999898672103882 0
vn 0.99999898672103882 -0.0014127603499218822 0
vn 0.99999898672103882 -0.0014127603499218822 0
vn 0.99999898672103882 -0.0014127603499218822 0
vn 0.99999898672103882 -0.0014127603499218822 0
vn 0.99999898672103882 -0.0014127603499218822 0
vn 0.99999898672103882 -0.0014127603499218822 0
vn 0.99999898672103882 -0.0014127603499218822 0
vn 0.99999898672103882 -0.0014127603499218822 0
vn -0.0014127603499218822 -0.99999898672103882 0
vn -0.0014127603499218822 -0.99999898672103882 0
vn -0.0014127603499218822 -0.99999898672103882 0
vn -0.0014127603499218822 -0.99999898672103882 0
vn -0.0014127603499218822 -0.99999898672103882 0
vn -0.0014127603499218822 -0.99999898672103882 0
vn -0.0014127603499218822 -0.99999898672103882 0
vn -0.0014127603499218822 -0.99999898672103882 0
vn -0.99999898672103882 0.0014127603499218822 0
vn -0.99999898672103882 0.0014127603499218822 0
vn -0.99999898672103882 0.0014127603499218822 0
vn -0.99999898672103882 0.0014127603499218822 0
vn -0.99999898672103882 0.0014127603499218822 0
vn -0.99999898672103882 0.0014127603499218822 0
vn -0.99999898672103882 0.0014127603499218822 0
vn -0.99999898672103882 0.0014127603499218822 0
vn 0 0 1
vn 0 0 1
vn 0 0 1
vn 0 0 1
vn 0 0 1
vn 0 0 1
vn 0 0 1
vn 0 0 1
vn 0 0 -1
vn 0 0 -1
vn 0 0 -1
vn 0 0 -1
vn 0 0 -1
vn 0 0 -1
vn 0 0 -1
vn 0 0 -1
f 4477/4477/4477 4470/4470/4470 4474/4474/4474 4472/4472/4472 4475/4475/4475 4473/4473/4473 4476/4476/4476 4471/4471/4471
f 4482/4482/4482 4478/4478/4478 4483/4483/4483 4480/4480/4480 4484/4484/4484 4481/4481/4481 4485/4485/4485 4479/4479/4479
f 4490/4490/4490 4486/4486/4486 4491/4491/4491 4488/4488/4488 4492/4492/4492 4489/4489/4489 4493/4493/4493 4487/4487/4487
f 4499/4499/4499 4494/4494/4494 4500/4500/4500 4496/4496/4496 4498/4498/4498 4497/4497/4497 4501/4501/4501 4495/4495/4495
f 4509/4509/4509 4502/4502/4502 4508/4508/4508 4503/4503/4503 4507/4507/4507 4505/4505/4505 4506/4506/4506 4504/4504/4504
f 4516/4516/4516 4510/4510/4510 4517/4517/4517 4512/4512/4512 4514/4514/4514 4513/4513/4513 4515/4515/4515 4511/4511/4511
o object_30
usemtl diffuse_Black
v 18.229467391967773 22.963424682617188 5
v 18.229467391967773 22.963424682617188 0
v 18.214635848999023 12.463432312011719 5
v 18.214635848999023 12.463432312011719 0
v 18.222051620483398 17.713428497314453 5
v 18.222051620483398 17.713428497314453 0
v 18.229467391967773 22.963424682617188 2.5
v 18.214635848999023 12.463432312011719 5
v 18.214635848999023 12.463432312011719 0
v 8.327977180480957 12.477401733398438 5
v 8.327977180480957 12.477401733398438 0
v 13.271306037902832 12.470417022705078 5
v 8.327977180480957 12.477401733398438 2.5
v 13.271306037902832 12.470417022705078 0
v 8.327977180480957 12.477401733398438 5
v 8.327977180480957 12.477401733398438 0
v 8.330784797668457 14.473697662353516 5
v 8.330784797668457 14.473697662353516 0
v 8.327977180480957 12.477401733398438 2.5
v 8.330784797668457 14.473697662353516 2.5
v 8.330784797668457 14.473697662353516 5
v 8.330784797668457 14.473697662353516 0
v 13.332615852355957 14.466632843017578 5
v 13.332615852355957 14.466632843017578 0
v 8.330784797668457 14.473697662353516 2.5
v 10.831700325012207 14.470165252685547 5
v 13.332615852355957 14.466632843017578 2.5
v 10.831700325012207 14.470165252685547 0
v 13.332615852355957 14.466632843017578 5
v 13.332615852355957 14.466632843017578 0
v 13.344609260559082 22.970325469970703 5
v 13.344609260559082 22.970325469970703 0
v 13.332615852355957 14.466632843017578 2.5
v 13.338597297668457 18.718479156494141 5
v 13.344609260559082 22.970325469970703 2.5
v 13.338597297668457 18.718479156494141 0
v 13.344609260559082 22.970325469970703 5
v 13.344609260559082 22.970325469970703 0
v 18.229467391967773 22.963424682617188 5
v 18.229467391967773 22.963424682617188 0
v 18.229467391967773 22.963424682617188 2.5
v 13.344609260559082 22.970325469970703 2.5
v 15.787053108215332 22.966873168945313 5
v 15.787053108215332 22.966873168945313 0
v 8.327977180480957 12.477401733398438 5
v 18.214635848999023 12.463432312011719 5
v 18.229467391967773 22.963424682617188 5
v 18.222051620483398 17.713428497314453 5
v 13.271306037902832 12.470417022705078 5
v 8.330784797668457 14.473697662353516 5
v 10.831700325012207 14.470165252685547 5
v 13.332615852355957 14.466632843017578 5
v 13.338597297668457 18.718479156494141 5
v 13.344609260559082 22.970325469970703 5
v 15.787053108215332 22.966873168945313 5
v 8.327977180480957 12.477401733398438 0
v 18.214635848999023 12.463432312011719 0
v 18.229467391967773 22.963424682617188 0
v 18.222051620483398 17.713428497314453 0
v 13.271306037902832 12.470417022705078 0
v 8.330784797668457 14.473697662353516 0
v 10.831700325012207 14.470165252685547 0
v 13.332615852355957 14.466632843017578 0
v 13.338597297668457 18.718479156494141 0
v 13.344609260559082 22.970325469970703 0
v 15.787053108215332 22.966873168945313 0
vt 0.43743252754211426 0.20830120146274567
vt 0.43743252754211426 0.41513755917549133
vt 0.87486505508422852 0.20830120146274567
vt 0.87486505508422852 0.41513755917549133
vt 0.65614879131317139 0.20830120146274567
vt 0.65614879131317139 0.41513755917549133
vt 0.43743252754211426 0.3117193877696991
vt 0.43743252754211426 0
vt 0.43743252754211426 0.20683635771274567
vt 0.84931343793869019 0
vt 0.84931343793869019 0.20683635771274567
vt 0.64337301254272461 0
vt 0.84931343793869019 0.10341817885637283
vt 0.64337301254272461 0.20683635771274567
vt 0.64426892995834351 0.41660240292549133
vt 0.43743252754211426 0.41660240292549133
vt 0.64426892995834351 0.4997687041759491
vt 0.43743252754211426 0.4997687041759491
vt 0.54085069894790649 0.41660240292549133
vt 0.54085069894790649 0.4997687041759491
vt 0.64573377370834351 0.41660240292549133
vt 0.64573377370834351 0.62343877553939819
vt 0.85411065816879272 0.41660240292549133
vt 0.85411065816879272 0.62343877553939819
vt 0.64573377370834351 0.52002060413360596
vt 0.74992221593856812 0.41660240292549133
vt 0.85411065816879272 0.52002060413360596
vt 0.74992221593856812 0.62343877553939819
vt 0.64573377370834351 0.62490361928939819
vt 0.64573377370834351 0.83173996210098267
vt 0.99853515625 0.62490361928939819
vt 0.99853515625 0.83173996210098267
vt 0.64573377370834351 0.72832179069519043
vt 0.82213443517684937 0.62490361928939819
vt 0.99853515625 0.72832179069519043
vt 0.82213443517684937 0.83173996210098267
vt 0.64426892995834351 0.5374634861946106
vt 0.43743252754211426 0.5374634861946106
vt 0.64426892995834351 0.74096745252609253
vt 0.43743252754211426 0.74096745252609253
vt 0.54085069894790649 0.74096745252609253
vt 0.54085069894790649 0.5374634861946106
vt 0.64426892995834351 0.63921546936035156
vt 0.43743252754211426 0.63921546936035156
vt 0 0.41660240292549133
vt 0 0.82848328351974487
vt 0.43596768379211426 0.82848328351974487
vt 0.21798384189605713 0.82848328351974487
vt 0 0.6225428581237793
vt 0.082887783646583557 0.41660240292549133
vt 0.082887783646583557 0.52079087495803833
vt 0.082887783646583557 0.62497931718826294
vt 0.25942772626876831 0.62497931718826294
vt 0.43596768379211426 0.62497931718826294
vt 0.43596768379211426 0.72673130035400391
vt 0 0
vt 0 0.41188088059425354
vt 0.43596768379211426 0.41188088059425354
vt 0.21798384189605713 0.41188088059425354
vt 0 0.20594044029712677
vt 0.082887783646583557 0
vt 0.082887783646583557 0.10418844223022461
vt 0.082887783646583557 0.20837688446044922
vt 0.25942772626876831 0.20837688446044922
vt 0.43596768379211426 0.20837688446044922
vt 0.43596768379211426 0.31012889742851257
vn 0.99999898672103882 -0.0014127603499218822 0
vn 0.99999898672103882 -0.0014127603499218822 0
vn 0.99999898672103882 -0.0014127603499218822 0
vn 0.99999898672103882 -0.0014127603499218822 0
vn 0.99999898672103882 -0.0014127603499218822 0
vn 0.99999898672103882 -0.0014127603499218822 0
vn 0.99999898672103882 -0.0014127603499218822 0
vn -0.0014127603499218822 -0.99999898672103882 0
vn -0.0014127603499218822 -0.99999898672103882 0
vn -0.0014127603499218822 -0.99999898672103882 0
vn -0.0014127603499218822 -0.99999898672103882 0
vn -0.0014127603499218822 -0.99999898672103882 0
vn -0.0014127603499218822 -0.99999898672103882 0
vn -0.0014127603499218822 -0.99999898672103882 0
vn -0.99999898672103882 0.0014127603499218822 0
vn -0.99999898672103882 0.0014127603499218822 0
vn -0.99999898672103882 0.0014127603499218822 0
vn -0.99999898672103882 0.0014127603499218822 0
vn -0.99999898672103882 0.0014127603499218822 0
vn -0.99999898672103882 0.0014127603499218822 0
vn 0.0014127603499218822 0.99999898672103882 0
vn 0.0014127603499218822 0.99999898672103882 0
vn 0.0014127603499218822 0.99999898672103882 0
vn 0.0014127603499218822 0.99999898672103882 0
vn 0.0014127603499218822 0.99999898672103882 0
vn 0.0014127603499218822 0.99999898672103882 0
vn 0.0014127603499218822 0.99999898672103882 0
vn 0.0014127603499218822 0.99999898672103882 0
vn -0.99999898672103882 0.0014127603499218822 0
vn -0.99999898672103882 0.0014127603499218822 0
vn -0.99999898672103882 0.0014127603499218822 0
vn -0.99999898672103882 0.0014127603499218822 0
vn -0.99999898672103882 0.0014127603499218822 0
vn -0.99999898672103882 0.0014127603499218822 0
vn -0.99999898672103882 0.0014127603499218822 0
vn -0.99999898672103882 0.0014127603499218822 0
vn 0.0014127603499218822 0.99999898672103882 0
vn 0.0014127603499218822 0.99999898672103882 0
vn 0.0014127603499218822 0.99999898672103882 0
vn 0.0014127603499218822 0.99999898672103882 0
vn 0.0014127603499218822 0.99999898672103882 0
vn 0.0014127603499218822 0.99999898672103882 0
vn 0.0014127603499218822 0.99999898672103882 0
vn 0.0014127603499218822 0.99999898672103882 0
vn 0 0 1
vn 0 0 1
vn 0 0 1
vn 0 0 1
vn 0 0 1
vn 0 0 1
vn 0 0 1
vn 0 0 1
vn 0 0 1
vn 0 0 1
vn 0 0 1
vn 0 0 -1
vn 0 0 -1
vn 0 0 -1
vn 0 0 -1
vn 0 0 -1
vn 0 0 -1
vn 0 0 -1
vn 0 0 -1
vn 0 0 -1
vn 0 0 -1
vn 0 0 -1
f 4524/4524/4524 4518/4518/4518 4522/4522/4522 4520/4520/4520 4521/4521/4521 4523/4523/4523 4519/4519/4519
f 4525/4525/4525 4529/4529/4529 4527/4527/4527 4530/4530/4530 4528/4528/4528 4531/4531/4531 4526/4526/4526
f 4536/4536/4536 4532/4532/4532 4534/4534/4534 4537/4537/4537 4535/4535/4535 4533/4533/4533
f 4542/4542/4542 4538/4538/4538 4543/4543/4543 4540/4540/4540 4544/4544/4544 4541/4541/4541 4545/4545/4545 4539/4539/4539
f 4550/4550/4550 4546/4546/4546 4551/4551/4551 4548/4548/4548 4552/4552/4552 4549/4549/4549 4553/4553/4553 4547/4547/4547
f 4558/4558/4558 4557/4557/4557 4561/4561/4561 4555/4555/4555 4559/4559/4559 4554/4554/4554 4560/4560/4560 4556/4556/4556
f 4568/4568/4568 4567/4567/4567 4562/4562/4562 4566/4566/4566 4563/4563/4563 4565/4565/4565 4564/4564/4564 4572/4572/4572 4571/4571/4571 4570/4570/4570 4569/4569/4569
f 4573/4573/4573 4578/4578/4578 4579/4579/4579 4580/4580/4580 4581/4581/4581 4582/4582/4582 4583/4583/4583 4575/4575/4575 4576/4576/4576 4574/4574/4574 4577/4577/4577
