# Rhino

mtllib ortho.mtl
o object_1
usemtl diffuse_Black
v -99.939082701909314 -3.4899496702501231 0 117 149 204
v -99.695636119368189 -3.4814483282576512 0 117 149 204
v -99.695636119368189 3.4814483282575992 0 117 149 204
v -99.939082701909314 3.4899496702500712 0 117 149 204
v -99.939082701909314 3.4899496702500712 0 117 149 204
v -99.695636119368189 3.4814483282575992 0 117 149 204
v -99.209929001564916 10.427383718471541 0 117 149 204
v -99.452189536827063 10.45284632676532 0 117 149 204
v -99.452189536827063 10.45284632676532 0 117 149 204
v -99.209929001564916 10.427383718471541 0 117 149 204
v -98.240881082213221 17.322517943366037 0 117 149 204
v -98.480775301220518 17.364817766693008 0 117 149 204
v -98.480775301220518 17.364817766693008 0 118 150 204
v -98.240881082213221 17.322517943366037 0 118 150 204
v -96.793213465367828 24.133258602093864 0 118 150 204
v -97.029572627599379 24.192189559966742 0 118 150 204
v -97.029572627599379 24.192189559966742 0 118 150 204
v -96.793213465367828 24.133258602093864 0 118 150 204
v -94.873979042138927 30.826424450778962 0 118 150 204
v -95.10565162951508 30.90169943749471 0 118 150 204
v -95.10565162951508 30.90169943749471 0 118 150 204
v -94.873979042138927 30.826424450778962 0 118 150 204
v -92.492528129715765 37.369407058201219 0 118 150 204
v -92.718385456678462 37.460659341591168 0 118 150 204
v -92.718385456678462 37.460659341591168 0 119 151 205
v -92.492528129715765 37.369407058201219 0 119 151 205
v -89.66046291756102 43.730329670795577 0 119 151 205
v -89.879404629916408 43.837114678907703 0 119 151 205
v -89.879404629916408 43.837114678907703 0 119 151 205
v -89.66046291756102 43.730329670795577 0 119 151 205
v -86.391580942710149 49.87820251299118 0 119 151 205
v -86.602540378443564 49.999999999999957 0 119 151 205
v -86.602540378443564 49.999999999999957 0 119 151 205
v -86.391580942710149 49.87820251299118 0 119 151 205
v -82.70180786955774 55.783073766282875 0 119 151 205
v -82.903757255503862 55.919290347074636 0 119 151 205
v -82.903757255503862 55.919290347074636 0 121 153 207
v -82.70180786955774 55.783073766282875 0 121 153 207
v -78.609119901621497 61.41617549148021 0 121 153 207
v -78.801075360671888 61.566147532565772 0 121 153 207
v -78.801075360671888 61.566147532565772 0 121 153 207
v -78.609119901621497 61.41617549148021 0 121 153 207
v -74.133456203285675 66.750063783215424 0 121 153 207
v -74.314482547739132 66.91306063588577 0 121 153 207
v -74.314482547739132 66.91306063588577 0 121 153 207
v -74.133456203285675 66.750063783215424 0 121 153 207
v -69.296621758196395 71.758752473891761 0 121 153 207
v -69.465837045899448 71.933980033865055 0 121 153 207
v -69.465837045899448 71.933980033865055 0 125 156 210
v -69.296621758196395 71.758752473891761 0 125 156 210
v -64.122181137573222 76.417839735679863 0 125 156 210
v -64.278760968653657 76.604444311897737 0 125 156 210
v -64.278760968653657 76.604444311897737 0 125 156 210
v -64.122181137573222 76.417839735679863 0 125 156 210
v -58.635343695986919 80.704626963770139 0 125 156 210
v -58.778525229247037 80.901699437494685 0 125 156 210
v -58.778525229247037 80.901699437494685 0 125 156 210
v -58.635343695986919 80.704626963770139 0 125 156 210
v -52.862840753917894 84.59822936169364 0 125 156 210
v -52.991926423320216 84.804809615642526 0 125 156 210
v -52.991926423320216 84.804809615642526 0 133 164 217
v -52.862840753917894 84.59822936169364 0 133 164 217
v -46.832795365449961 88.079677689951268 0 133 164 217
v -46.947156278588793 88.294759285892624 0 133 164 217
v -46.947156278588793 88.294759285892624 0 133 164 217
v -46.832795365449961 88.079677689951268 0 133 164 217
v -40.574585305577678 91.132010682241685 0 133 164 217
v -40.673664307579742 91.35454576426001 0 133 164 217
v -40.673664307579742 91.35454576426001 0 133 164 217
v -40.574585305577678 91.132010682241685 0 133 164 217
v -34.11869994463968 93.7403576790459 0 133 164 217
v -34.202014332566598 93.969262078590759 0 133 164 217
v -34.202014332566598 93.969262078590759 0 154 184 234
v -34.11869994463968 93.7403576790459 0 154 184 234
v -27.49659170717112 95.892011075985607 0 154 184 234
v -27.563735581699657 96.12616959383179 0 154 184 234
v -27.563735581699657 96.12616959383179 0 154 184 234
v -27.49659170717112 95.892011075985607 0 154 184 234
v -20.740522838852954 97.576488233994382 0 154 184 234
v -20.791169081775678 97.814760073380469 0 154 184 234
v -20.791169081775678 97.814760073380469 0 154 184 234
v -20.740522838852954 97.576488233994382 0 154 184 234
v -13.883408228093959 98.785582549681394 0 154 184 234
v -13.917310096006299 99.026806874156946 0 154 184 234
v -13.917310096006299 99.026806874156946 0 169 199 246
v -13.883408228093959 98.785582549681394 0 169 199 246
v -6.9586550480030045 99.513403437078409 0 169 199 246
v -6.9756473744122882 99.756405025982318 0 169 199 246
v -6.9756473744122882 99.756405025982318 0 169 199 246
v -6.9586550480030045 99.513403437078409 0 169 199 246
v 0 99.756405025982318 0 169 199 246
v 0 99.999999999999886 0 169 199 246
v 0 99.999999999999886 0 169 199 246
v 0 99.756405025982318 0 169 199 246
v 6.9586550480035241 99.513403437078395 0 169 199 246
v 6.9756473744127572 99.756405025982318 0 169 199 246
v 6.9756473744127572 99.756405025982318 0 162 192 240
v 6.9586550480035241 99.513403437078395 0 162 192 240
v 13.883408228094472 98.785582549681379 0 162 192 240
v 13.917310096006762 99.026806874156918 0 162 192 240
v 13.917310096006762 99.026806874156918 0 162 192 240
v 13.883408228094472 98.785582549681379 0 162 192 240
v 20.740522838853465 97.57648823399434 0 162 192 240
v 20.791169081776143 97.814760073380455 0 162 192 240
v 20.791169081776143 97.814760073380455 0 162 192 240
v 20.740522838853465 97.57648823399434 0 162 192 240
v 27.496591707171625 95.892011075985579 0 162 192 240
v 27.563735581700115 96.12616959383179 0 162 192 240
v 27.563735581700115 96.12616959383179 0 171 200 246
v 27.496591707171625 95.892011075985579 0 171 200 246
v 34.118699944640184 93.740357679045871 0 171 200 246
v 34.202014332567067 93.969262078590731 0 171 200 246
v 34.202014332567067 93.969262078590731 0 171 200 246
v 34.118699944640184 93.740357679045871 0 171 200 246
v 40.574585305578182 91.132010682241642 0 171 200 246
v 40.673664307580204 91.354545764259967 0 171 200 246
v 40.673664307580204 91.354545764259967 0 171 200 246
v 40.574585305578182 91.132010682241642 0 171 200 246
v 46.832795365450451 88.079677689951211 0 171 200 246
v 46.947156278589254 88.294759285892567 0 171 200 246
v 46.947156278589254 88.294759285892567 0 173 202 241
v 46.832795365450451 88.079677689951211 0 173 202 241
v 52.86284075391837 84.598229361693583 0 173 202 241
v 52.991926423320656 84.804809615642469 0 173 202 241
v 52.991926423320656 84.804809615642469 0 173 202 241
v 52.86284075391837 84.598229361693583 0 173 202 241
v 58.635343695987373 80.704626963770068 0 173 202 241
v 58.778525229247457 80.901699437494614 0 173 202 241
v 58.778525229247457 80.901699437494614 0 173 202 241
v 58.635343695987373 80.704626963770068 0 173 202 241
v 64.122181137573676 76.417839735679806 0 173 202 241
v 64.278760968654069 76.60444431189768 0 173 202 241
v 64.278760968654069 76.60444431189768 0 179 205 232
v 64.122181137573676 76.417839735679806 0 179 205 232
v 69.296621758196807 71.75875247389169 0 179 205 232
v 69.465837045899846 71.933980033864998 0 179 205 232
v 69.465837045899846 71.933980033864998 0 179 205 232
v 69.296621758196807 71.75875247389169 0 179 205 232
v 74.133456203286073 66.750063783215353 0 179 205 232
v 74.31448254773953 66.913060635885714 0 179 205 232
v 74.31448254773953 66.913060635885714 0 179 205 232
v 74.133456203286073 66.750063783215353 0 179 205 232
v 78.609119901621909 61.416175491480132 0 179 205 232
v 78.801075360672314 61.566147532565722 0 179 205 232
v 78.801075360672314 61.566147532565722 0 165 195 243
v 78.609119901621909 61.416175491480132 0 165 195 243
v 82.701807869558138 55.783073766282797 0 165 195 243
v 82.90375725550426 55.919290347074579 0 165 195 243
v 82.90375725550426 55.919290347074579 0 165 195 243
v 82.701807869558138 55.783073766282797 0 165 195 243
v 86.391580942710533 49.878202512991102 0 165 195 243
v 86.602540378443948 49.999999999999908 0 165 195 243
v 86.602540378443948 49.999999999999908 0 165 195 243
v 86.391580942710533 49.878202512991102 0 165 195 243
v 89.660462917561389 43.730329670795498 0 165 195 243
v 89.879404629916763 43.83711467890766 0 165 195 243
v 89.879404629916763 43.83711467890766 0 153 184 233
v 89.660462917561389 43.730329670795498 0 153 184 233
v 92.492528129716092 37.369407058201148 0 153 184 233
v 92.718385456678789 37.460659341591132 0 153 184 233
v 92.718385456678789 37.460659341591132 0 153 184 233
v 92.492528129716092 37.369407058201148 0 153 184 233
v 94.873979042139254 30.826424450778912 0 153 184 233
v 95.105651629515393 30.901699437494685 0 153 184 233
v 95.105651629515393 30.901699437494685 0 153 184 233
v 94.873979042139254 30.826424450778912 0 153 184 233
v 96.793213465368126 24.133258602093825 0 153 184 233
v 97.029572627599677 24.192189559966724 0 153 184 233
v 97.029572627599677 24.192189559966724 0 153 183 233
v 96.793213465368126 24.133258602093825 0 153 183 233
v 98.240881082213534 17.322517943366005 0 153 183 233
v 98.480775301220831 17.364817766693005 0 153 183 233
v 98.480775301220831 17.364817766693005 0 153 183 233
v 98.240881082213534 17.322517943366005 0 153 183 233
v 99.209929001565229 10.427383718471527 0 153 183 233
v 99.452189536827348 10.45284632676533 0 153 183 233
v 99.452189536827348 10.45284632676533 0 153 183 233
v 99.209929001565229 10.427383718471527 0 153 183 233
v 99.695636119368487 3.4814483282576014 0 153 183 233
v 99.93908270190957 3.4899496702500965 0 153 183 233
v 99.93908270190957 3.4899496702500965 0 153 183 233
v 99.695636119368487 3.4814483282576014 0 153 183 233
v 99.695636119368473 -3.4814483282576321 0 153 183 233
v 99.93908270190957 -3.4899496702500801 0 153 183 233
v 99.93908270190957 -3.4899496702500801 0 153 183 233
v 99.695636119368473 -3.4814483282576321 0 153 183 233
v 99.2099290015652 -10.427383718471557 0 153 183 233
v 99.452189536827319 -10.452846326765313 0 153 183 233
v 99.452189536827319 -10.452846326765313 0 153 183 233
v 99.2099290015652 -10.427383718471557 0 153 183 233
v 98.240881082213491 -17.322517943366034 0 153 183 233
v 98.480775301220774 -17.36481776669298 0 153 183 233
v 98.480775301220774 -17.36481776669298 0 153 184 233
v 98.240881082213491 -17.322517943366034 0 153 184 233
v 96.793213465368098 -24.133258602093843 0 153 184 233
v 97.029572627599634 -24.192189559966696 0 153 184 233
v 97.029572627599634 -24.192189559966696 0 153 184 233
v 96.793213465368098 -24.133258602093843 0 153 184 233
v 94.873979042139197 -30.826424450778923 0 153 184 233
v 95.105651629515336 -30.901699437494646 0 153 184 233
v 95.105651629515336 -30.901699437494646 0 153 184 233
v 94.873979042139197 -30.826424450778923 0 153 184 233
v 92.492528129716021 -37.369407058201162 0 153 184 233
v 92.718385456678718 -37.460659341591089 0 153 184 233
v 92.718385456678718 -37.460659341591089 0 154 185 234
v 92.492528129716021 -37.369407058201162 0 154 185 234
v 89.660462917561304 -43.730329670795498 0 154 185 234
v 89.879404629916692 -43.837114678907604 0 154 185 234
v 89.879404629916692 -43.837114678907604 0 154 185 234
v 89.660462917561304 -43.730329670795498 0 154 185 234
v 86.391580942710434 -49.878202512991088 0 154 185 234
v 86.602540378443848 -49.999999999999844 0 154 185 234
v 86.602540378443848 -49.999999999999844 0 154 185 234
v 86.391580942710434 -49.878202512991088 0 154 185 234
v 82.701807869558039 -55.783073766282776 0 154 185 234
v 82.903757255504161 -55.919290347074501 0 154 185 234
v 82.903757255504161 -55.919290347074501 0 169 199 246
v 82.701807869558039 -55.783073766282776 0 169 199 246
v 78.60911990162181 -61.416175491480082 0 169 199 246
v 78.801075360672186 -61.56614753256563 0 169 199 246
v 78.801075360672186 -61.56614753256563 0 169 199 246
v 78.60911990162181 -61.416175491480082 0 169 199 246
v 74.133456203285988 -66.750063783215268 0 169 199 246
v 74.314482547739431 -66.913060635885586 0 169 199 246
v 74.314482547739431 -66.913060635885586 0 169 199 246
v 74.133456203285988 -66.750063783215268 0 169 199 246
v 69.296621758196721 -71.75875247389159 0 169 199 246
v 69.465837045899761 -71.93398003386487 0 169 199 246
v 69.465837045899761 -71.93398003386487 0 181 206 229
v 69.296621758196721 -71.75875247389159 0 181 206 229
v 64.122181137573563 -76.417839735679678 0 181 206 229
v 64.27876096865397 -76.604444311897538 0 181 206 229
v 64.27876096865397 -76.604444311897538 0 181 206 229
v 64.122181137573563 -76.417839735679678 0 181 206 229
v 58.635343695987252 -80.704626963769954 0 181 206 229
v 58.778525229247357 -80.901699437494472 0 181 206 229
v 58.778525229247357 -80.901699437494472 0 181 206 229
v 58.635343695987252 -80.704626963769954 0 181 206 229
v 52.862840753918242 -84.598229361693441 0 181 206 229
v 52.991926423320542 -84.804809615642313 0 181 206 229
v 52.991926423320542 -84.804809615642313 0 175 203 238
v 52.862840753918242 -84.598229361693441 0 175 203 238
v 46.832795365450316 -88.079677689951041 0 175 203 238
v 46.947156278589141 -88.294759285892383 0 175 203 238
v 46.947156278589141 -88.294759285892383 0 175 203 238
v 46.832795365450316 -88.079677689951041 0 175 203 238
v 40.574585305578047 -91.132010682241457 0 175 203 238
v 40.673664307580104 -91.354545764259754 0 175 203 238
v 40.673664307580104 -91.354545764259754 0 175 203 238
v 40.574585305578047 -91.132010682241457 0 175 203 238
v 34.118699944640063 -93.740357679045658 0 175 203 238
v 34.202014332566975 -93.969262078590489 0 175 203 238
v 34.202014332566975 -93.969262078590489 0 171 201 245
v 34.118699944640063 -93.740357679045658 0 171 201 245
v 27.496591707171518 -95.892011075985351 0 171 201 245
v 27.563735581700048 -96.126169593831534 0 171 201 245
v 27.563735581700048 -96.126169593831534 0 171 201 245
v 27.496591707171518 -95.892011075985351 0 171 201 245
v 20.740522838853369 -97.576488233994112 0 171 201 245
v 20.791169081776086 -97.814760073380214 0 171 201 245
v 20.791169081776086 -97.814760073380214 0 171 201 245
v 20.740522838853369 -97.576488233994112 0 171 201 245
v 13.883408228094391 -98.785582549681138 0 171 201 245
v 13.917310096006723 -99.026806874156662 0 171 201 245
v 13.917310096006723 -99.026806874156662 0 171 200 246
v 13.883408228094391 -98.785582549681138 0 171 200 246
v 6.9586550480034521 -99.513403437078139 0 171 200 246
v 6.9756473744127314 -99.756405025982048 0 171 200 246
v 6.9756473744127314 -99.756405025982048 0 171 200 246
v 6.9586550480034521 -99.513403437078139 0 171 200 246
v 0 -99.756405025982033 0 171 200 246
v 0 -99.999999999999616 0 171 200 246
v 0 -99.999999999999616 0 171 200 246
v 0 -99.756405025982033 0 171 200 246
v -6.9586550480030418 -99.513403437078125 0 171 200 246
v -6.9756473744122793 -99.756405025982033 0 171 200 246
v -6.9756473744122793 -99.756405025982033 0 169 199 246
v -6.9586550480030418 -99.513403437078125 0 169 199 246
v -13.883408228093975 -98.785582549681109 0 169 199 246
v -13.917310096006267 -99.026806874156648 0 169 199 246
v -13.917310096006267 -99.026806874156648 0 169 199 246
v -13.883408228093975 -98.785582549681109 0 169 199 246
v -20.74052283885295 -97.576488233994056 0 169 199 246
v -20.791169081775632 -97.814760073380171 0 169 199 246
v -20.791169081775632 -97.814760073380171 0 169 199 246
v -20.74052283885295 -97.576488233994056 0 169 199 246
v -27.496591707171095 -95.892011075985309 0 169 199 246
v -27.563735581699593 -96.126169593831506 0 169 199 246
v -27.563735581699593 -96.126169593831506 0 160 190 239
v -27.496591707171095 -95.892011075985309 0 160 190 239
v -34.118699944639637 -93.740357679045587 0 160 190 239
v -34.20201433256652 -93.969262078590461 0 160 190 239
v -34.20201433256652 -93.969262078590461 0 160 190 239
v -34.118699944639637 -93.740357679045587 0 160 190 239
v -40.574585305577614 -91.132010682241372 0 160 190 239
v -40.673664307579642 -91.354545764259726 0 160 190 239
v -40.673664307579642 -91.354545764259726 0 160 190 239
v -40.574585305577614 -91.132010682241372 0 160 190 239
v -46.832795365449869 -88.079677689950955 0 160 190 239
v -46.947156278588679 -88.294759285892326 0 160 190 239
v -46.947156278588679 -88.294759285892326 0 137 168 220
v -46.832795365449869 -88.079677689950955 0 137 168 220
v -52.862840753917773 -84.598229361693328 0 137 168 220
v -52.991926423320066 -84.804809615642242 0 137 168 220
v -52.991926423320066 -84.804809615642242 0 137 168 220
v -52.862840753917773 -84.598229361693328 0 137 168 220
v -58.635343695986762 -80.704626963769826 0 137 168 220
v -58.77852522924686 -80.901699437494386 0 137 168 220
v -58.77852522924686 -80.901699437494386 0 137 168 220
v -58.635343695986762 -80.704626963769826 0 137 168 220
v -64.122181137573037 -76.417839735679564 0 137 168 220
v -64.278760968653444 -76.604444311897467 0 137 168 220
v -64.278760968653444 -76.604444311897467 0 125 156 210
v -64.122181137573037 -76.417839735679564 0 125 156 210
v -69.296621758196153 -71.758752473891448 0 125 156 210
v -69.465837045899207 -71.933980033864799 0 125 156 210
v -69.465837045899207 -71.933980033864799 0 125 156 210
v -69.296621758196153 -71.758752473891448 0 125 156 210
v -74.133456203285419 -66.75006378321514 0 125 156 210
v -74.314482547738891 -66.913060635885529 0 125 156 210
v -74.314482547738891 -66.913060635885529 0 125 156 210
v -74.133456203285419 -66.75006378321514 0 125 156 210
v -78.609119901621241 -61.41617549147994 0 125 156 210
v -78.801075360671661 -61.566147532565559 0 125 156 210
v -78.801075360671661 -61.566147532565559 0 121 153 207
v -78.609119901621241 -61.41617549147994 0 121 153 207
v -82.701807869557442 -55.783073766282619 0 121 153 207
v -82.903757255503606 -55.919290347074437 0 121 153 207
v -82.903757255503606 -55.919290347074437 0 121 153 207
v -82.701807869557442 -55.783073766282619 0 121 153 207
v -86.391580942709822 -49.878202512990946 0 121 153 207
v -86.60254037844328 -49.999999999999773 0 121 153 207
v -86.60254037844328 -49.999999999999773 0 121 153 207
v -86.391580942709822 -49.878202512990946 0 121 153 207
v -89.660462917560665 -43.730329670795349 0 121 153 207
v -89.879404629916095 -43.837114678907533 0 121 153 207
v -89.879404629916095 -43.837114678907533 0 119 151 205
v -89.660462917560665 -43.730329670795349 0 119 151 205
v -92.492528129715367 -37.369407058201013 0 119 151 205
v -92.718385456678106 -37.460659341591018 0 119 151 205
v -92.718385456678106 -37.460659341591018 0 119 151 205
v -92.492528129715367 -37.369407058201013 0 119 151 205
v -94.873979042138515 -30.826424450778791 0 119 151 205
v -95.105651629514711 -30.901699437494582 0 119 151 205
v -95.105651629514711 -30.901699437494582 0 119 151 205
v -94.873979042138515 -30.826424450778791 0 119 151 205
v -96.793213465367373 -24.133258602093719 0 119 151 205
v -97.029572627598981 -24.192189559966636 0 119 151 205
v -97.029572627598981 -24.192189559966636 0 118 150 204
v -96.793213465367373 -24.133258602093719 0 118 150 204
v -98.240881082212766 -17.32251794336592 0 118 150 204
v -98.480775301220135 -17.364817766692923 0 118 150 204
v -98.480775301220135 -17.364817766692923 0 118 150 204
v -98.240881082212766 -17.32251794336592 0 118 150 204
v -99.209929001564461 -10.427383718471459 0 118 150 204
v -99.452189536826651 -10.452846326765265 0 118 150 204
v -99.452189536826651 -10.452846326765265 0 118 150 204
v -99.209929001564461 -10.427383718471459 0 118 150 204
v -99.69563611936772 -3.4814483282575508 0 118 150 204
v -99.939082701908873 -3.4899496702500445 0 118 150 204
v -99.695636119368189 -3.4814483282576512 0 117 149 204
v -98.966482419023819 -3.4559857199638695 0 117 149 204
v -98.966482419023819 3.455985719963818 0 117 149 204
v -99.695636119368189 3.4814483282575992 0 117 149 204
v -99.695636119368189 3.4814483282575992 0 117 149 204
v -98.966482419023819 3.455985719963818 0 117 149 204
v -98.484327664754346 10.351119944858311 0 117 149 204
v -99.209929001564916 10.427383718471541 0 117 149 204
v -99.209929001564916 10.427383718471541 0 117 149 204
v -98.484327664754346 10.351119944858311 0 117 149 204
v -97.522367165712197 17.195824553872395 0 117 149 204
v -98.240881082213221 17.322517943366037 0 117 149 204
v -98.240881082213221 17.322517943366037 0 118 150 204
v -97.522367165712197 17.195824553872395 0 118 150 204
v -96.085287496752784 23.956752834178246 0 118 150 204
v -96.793213465367828 24.133258602093864 0 118 150 204
v -96.793213465367828 24.133258602093864 0 118 150 204
v -96.085287496752784 23.956752834178246 0 118 150 204
v -94.180089965568499 30.600966222800359 0 118 150 204
v -94.873979042138927 30.826424450778962 0 118 150 204
v -94.873979042138927 30.826424450778962 0 118 150 204
v -94.180089965568499 30.600966222800359 0 118 150 204
v -91.8160565030215 37.09609477998336 0 118 150 204
v -92.492528129715765 37.369407058201219 0 118 150 204
v -92.492528129715765 37.369407058201219 0 119 151 205
v -91.8160565030215 37.09609477998336 0 119 151 205
v -89.004704442509492 43.410494892284682 0 119 151 205
v -89.66046291756102 43.730329670795577 0 119 151 205
v -89.66046291756102 43.730329670795577 0 119 151 205
v -89.004704442509492 43.410494892284682 0 119 151 205
v -85.75973040867521 49.51340343707848 0 119 151 205
v -86.391580942710149 49.87820251299118 0 119 151 205
v -86.391580942710149 49.87820251299118 0 119 151 205
v -85.75973040867521 49.51340343707848 0 119 151 205
v -82.096943588827799 55.37508765739674 0 119 151 205
v -82.70180786955774 55.783073766282875 0 119 151 205
v -82.70180786955774 55.783073766282875 0 121 153 207
v -82.096943588827799 55.37508765739674 0 121 153 207
v -78.034188712171542 60.966990016932513 0 121 153 207
v -78.609119901621497 61.41617549148021 0 121 153 207
v -78.609119901621497 61.41617549148021 0 121 153 207
v -78.034188712171542 60.966990016932513 0 121 153 207
v -73.591259112078802 66.261867329486194 0 121 153 207
v -74.133456203285675 66.750063783215424 0 121 153 207
v -74.133456203285675 66.750063783215424 0 121 153 207
v -73.591259112078802 66.261867329486194 0 121 153 207
v -68.789800294959505 71.233923485030232 0 121 153 207
v -69.296621758196395 71.758752473891761 0 121 153 207
v -69.296621758196395 71.758752473891761 0 125 156 210
v -68.789800294959505 71.233923485030232 0 125 156 210
v -63.653204485529713 75.858935125764162 0 125 156 210
v -64.122181137573222 76.417839735679863 0 125 156 210
v -64.122181137573222 76.417839735679863 0 125 156 210
v -63.653204485529713 75.858935125764162 0 125 156 210
v -58.20649666224417 80.114369659878847 0 125 156 210
v -58.635343695986919 80.704626963770139 0 125 156 210
v -58.635343695986919 80.704626963770139 0 125 156 210
v -58.20649666224417 80.114369659878847 0 125 156 210
v -52.476212638116749 83.97949503807888 0 125 156 210
v -52.862840753917894 84.59822936169364 0 125 156 210
v -52.862840753917894 84.59822936169364 0 133 164 217
v -52.476212638116749 83.97949503807888 0 133 164 217
v -46.490269780906864 87.435480758042715 0 133 164 217
v -46.832795365449961 88.079677689951268 0 133 164 217
v -46.832795365449961 88.079677689951268 0 133 164 217
v -46.490269780906864 87.435480758042715 0 133 164 217
v -40.277831002509977 90.465489604737172 0 133 164 217
v -40.574585305577678 91.132010682241685 0 133 164 217
v -40.574585305577678 91.132010682241685 0 133 164 217
v -40.277831002509977 90.465489604737172 0 133 164 217
v -33.869162680182285 93.054759679636561 0 133 164 217
v -34.11869994463968 93.7403576790459 0 133 164 217
v -34.11869994463968 93.7403576790459 0 154 184 234
v -33.869162680182285 93.054759679636561 0 154 184 234
v -27.295487201793073 95.190676319208492 0 154 184 234
v -27.49659170717112 95.892011075985607 0 154 184 234
v -27.49659170717112 95.892011075985607 0 154 184 234
v -27.295487201793073 95.190676319208492 0 154 184 234
v -20.588830853489497 96.862833552286574 0 154 184 234
v -20.740522838852954 97.576488233994382 0 154 184 234
v -20.740522838852954 97.576488233994382 0 154 184 234
v -20.588830853489497 96.862833552286574 0 154 184 234
v -13.781867790849761 98.063084796915874 0 154 184 234
v -13.883408228093959 98.785582549681394 0 154 184 234
v -13.883408228093959 98.785582549681394 0 169 199 246
v -13.781867790849761 98.063084796915874 0 169 199 246
v -6.9077608536815083 98.785582549681422 0 169 199 246
v -6.9586550480030045 99.513403437078409 0 169 199 246
v -6.9586550480030045 99.513403437078409 0 169 199 246
v -6.9077608536815083 98.785582549681422 0 169 199 246
v 0 99.026806874156946 0 169 199 246
v 0 99.756405025982318 0 169 199 246
v 0 99.756405025982318 0 169 199 246
v 0 99.026806874156946 0 169 199 246
v 6.9077608536818831 98.785582549681408 0 169 199 246
v 6.9586550480035241 99.513403437078395 0 169 199 246
v 6.9586550480035241 99.513403437078395 0 162 192 240
v 6.9077608536818831 98.785582549681408 0 162 192 240
v 13.781867790850134 98.063084796915845 0 162 192 240
v 13.883408228094472 98.785582549681379 0 162 192 240
v 13.883408228094472 98.785582549681379 0 162 192 240
v 13.781867790850134 98.063084796915845 0 162 192 240
v 20.588830853489871 96.862833552286531 0 162 192 240
v 20.740522838853465 97.57648823399434 0 162 192 240
v 20.740522838853465 97.57648823399434 0 162 192 240
v 20.588830853489871 96.862833552286531 0 162 192 240
v 27.295487201793446 95.190676319208478 0 162 192 240
v 27.496591707171625 95.892011075985579 0 162 192 240
v 27.496591707171625 95.892011075985579 0 171 200 246
v 27.295487201793446 95.190676319208478 0 171 200 246
v 33.869162680182662 93.054759679636547 0 171 200 246
v 34.118699944640184 93.740357679045871 0 171 200 246
v 34.118699944640184 93.740357679045871 0 171 200 246
v 33.869162680182662 93.054759679636547 0 171 200 246
v 40.277831002510354 90.465489604737158 0 171 200 246
v 40.574585305578182 91.132010682241642 0 171 200 246
v 40.574585305578182 91.132010682241642 0 171 200 246
v 40.277831002510354 90.465489604737158 0 171 200 246
v 46.490269780907234 87.435480758042715 0 171 200 246
v 46.832795365450451 88.079677689951211 0 171 200 246
v 46.832795365450451 88.079677689951211 0 173 202 241
v 46.490269780907234 87.435480758042715 0 173 202 241
v 52.476212638117104 83.979495038078866 0 173 202 241
v 52.86284075391837 84.598229361693583 0 173 202 241
v 52.86284075391837 84.598229361693583 0 173 202 241
v 52.476212638117104 83.979495038078866 0 173 202 241
v 58.206496662244511 80.114369659878832 0 173 202 241
v 58.635343695987373 80.704626963770068 0 173 202 241
v 58.635343695987373 80.704626963770068 0 173 202 241
v 58.206496662244511 80.114369659878832 0 173 202 241
v 63.653204485530054 75.858935125764134 0 173 202 241
v 64.122181137573676 76.417839735679806 0 173 202 241
v 64.122181137573676 76.417839735679806 0 179 205 232
v 63.653204485530054 75.858935125764134 0 179 205 232
v 68.789800294959846 71.233923485030218 0 179 205 232
v 69.296621758196807 71.75875247389169 0 179 205 232
v 69.296621758196807 71.75875247389169 0 179 205 232
v 68.789800294959846 71.233923485030218 0 179 205 232
v 73.591259112079143 66.261867329486179 0 179 205 232
v 74.133456203286073 66.750063783215353 0 179 205 232
v 74.133456203286073 66.750063783215353 0 179 205 232
v 73.591259112079143 66.261867329486179 0 179 205 232
v 78.034188712171883 60.966990016932492 0 179 205 232
v 78.609119901621909 61.416175491480132 0 179 205 232
v 78.609119901621909 61.416175491480132 0 165 195 243
v 78.034188712171883 60.966990016932492 0 165 195 243
v 82.096943588828154 55.375087657396719 0 165 195 243
v 82.701807869558138 55.783073766282797 0 165 195 243
v 82.701807869558138 55.783073766282797 0 165 195 243
v 82.096943588828154 55.375087657396719 0 165 195 243
v 85.759730408675551 49.513403437078452 0 165 195 243
v 86.391580942710533 49.878202512991102 0 165 195 243
v 86.391580942710533 49.878202512991102 0 165 195 243
v 85.759730408675551 49.513403437078452 0 165 195 243
v 89.004704442509833 43.41049489228466 0 165 195 243
v 89.660462917561389 43.730329670795498 0 165 195 243
v 89.660462917561389 43.730329670795498 0 153 184 233
v 89.004704442509833 43.41049489228466 0 153 184 233
v 91.816056503021812 37.096094779983346 0 153 184 233
v 92.492528129716092 37.369407058201148 0 153 184 233
v 92.492528129716092 37.369407058201148 0 153 184 233
v 91.816056503021812 37.096094779983346 0 153 184 233
v 94.180089965568797 30.600966222800359 0 153 184 233
v 94.873979042139254 30.826424450778912 0 153 184 233
v 94.873979042139254 30.826424450778912 0 153 184 233
v 94.180089965568797 30.600966222800359 0 153 184 233
v 96.085287496753082 23.956752834178257 0 153 184 233
v 96.793213465368126 24.133258602093825 0 153 184 233
v 96.793213465368126 24.133258602093825 0 153 183 233
v 96.085287496753082 23.956752834178257 0 153 183 233
v 97.52236716571251 17.195824553872413 0 153 183 233
v 98.240881082213534 17.322517943366005 0 153 183 233
v 98.240881082213534 17.322517943366005 0 153 183 233
v 97.52236716571251 17.195824553872413 0 153 183 233
v 98.484327664754645 10.351119944858345 0 153 183 233
v 99.209929001565229 10.427383718471527 0 153 183 233
v 99.209929001565229 10.427383718471527 0 153 183 233
v 98.484327664754645 10.351119944858345 0 153 183 233
v 98.966482419024103 3.4559857199638664 0 153 183 233
v 99.695636119368487 3.4814483282576014 0 153 183 233
v 99.695636119368487 3.4814483282576014 0 153 183 233
v 98.966482419024103 3.4559857199638664 0 153 183 233
v 98.966482419024089 -3.455985719963806 0 153 183 233
v 99.695636119368473 -3.4814483282576321 0 153 183 233
v 99.695636119368473 -3.4814483282576321 0 153 183 233
v 98.966482419024089 -3.455985719963806 0 153 183 233
v 98.48432766475463 -10.351119944858285 0 153 183 233
v 99.2099290015652 -10.427383718471557 0 153 183 233
v 99.2099290015652 -10.427383718471557 0 153 183 233
v 98.48432766475463 -10.351119944858285 0 153 183 233
v 97.522367165712481 -17.195824553872352 0 153 183 233
v 98.240881082213491 -17.322517943366034 0 153 183 233
v 98.240881082213491 -17.322517943366034 0 153 184 233
v 97.522367165712481 -17.195824553872352 0 153 184 233
v 96.085287496753068 -23.956752834178189 0 153 184 233
v 96.793213465368098 -24.133258602093843 0 153 184 233
v 96.793213465368098 -24.133258602093843 0 153 184 233
v 96.085287496753068 -23.956752834178189 0 153 184 233
v 94.180089965568769 -30.600966222800285 0 153 184 233
v 94.873979042139197 -30.826424450778923 0 153 184 233
v 94.873979042139197 -30.826424450778923 0 153 184 233
v 94.180089965568769 -30.600966222800285 0 153 184 233
v 91.816056503021784 -37.096094779983268 0 153 184 233
v 92.492528129716021 -37.369407058201162 0 153 184 233
v 92.492528129716021 -37.369407058201162 0 154 185 234
v 91.816056503021784 -37.096094779983268 0 154 185 234
v 89.004704442509791 -43.410494892284575 0 154 185 234
v 89.660462917561304 -43.730329670795498 0 154 185 234
v 89.660462917561304 -43.730329670795498 0 154 185 234
v 89.004704442509791 -43.410494892284575 0 154 185 234
v 85.759730408675495 -49.51340343707836 0 154 185 234
v 86.391580942710434 -49.878202512991088 0 154 185 234
v 86.391580942710434 -49.878202512991088 0 154 185 234
v 85.759730408675495 -49.51340343707836 0 154 185 234
v 82.096943588828097 -55.375087657396605 0 154 185 234
v 82.701807869558039 -55.783073766282776 0 154 185 234
v 82.701807869558039 -55.783073766282776 0 169 199 246
v 82.096943588828097 -55.375087657396605 0 169 199 246
v 78.03418871217184 -60.96699001693235 0 169 199 246
v 78.60911990162181 -61.416175491480082 0 169 199 246
v 78.60911990162181 -61.416175491480082 0 169 199 246
v 78.03418871217184 -60.96699001693235 0 169 199 246
v 73.591259112079129 -66.261867329486009 0 169 199 246
v 74.133456203285988 -66.750063783215268 0 169 199 246
v 74.133456203285988 -66.750063783215268 0 169 199 246
v 73.591259112079129 -66.261867329486009 0 169 199 246
v 68.789800294959846 -71.233923485030033 0 169 199 246
v 69.296621758196721 -71.75875247389159 0 169 199 246
v 69.296621758196721 -71.75875247389159 0 181 206 229
v 68.789800294959846 -71.233923485030033 0 181 206 229
v 63.653204485530047 -75.858935125763949 0 181 206 229
v 64.122181137573563 -76.417839735679678 0 181 206 229
v 64.122181137573563 -76.417839735679678 0 181 206 229
v 63.653204485530047 -75.858935125763949 0 181 206 229
v 58.206496662244511 -80.114369659878633 0 181 206 229
v 58.635343695987252 -80.704626963769954 0 181 206 229
v 58.635343695987252 -80.704626963769954 0 181 206 229
v 58.206496662244511 -80.114369659878633 0 181 206 229
v 52.476212638117104 -83.979495038078653 0 181 206 229
v 52.862840753918242 -84.598229361693441 0 181 206 229
v 52.862840753918242 -84.598229361693441 0 175 203 238
v 52.476212638117104 -83.979495038078653 0 175 203 238
v 46.490269780907227 -87.435480758042473 0 175 203 238
v 46.832795365450316 -88.079677689951041 0 175 203 238
v 46.832795365450316 -88.079677689951041 0 175 203 238
v 46.490269780907227 -87.435480758042473 0 175 203 238
v 40.277831002510361 -90.465489604736916 0 175 203 238
v 40.574585305578047 -91.132010682241457 0 175 203 238
v 40.574585305578047 -91.132010682241457 0 175 203 238
v 40.277831002510361 -90.465489604736916 0 175 203 238
v 33.869162680182676 -93.054759679636291 0 175 203 238
v 34.118699944640063 -93.740357679045658 0 175 203 238
v 34.118699944640063 -93.740357679045658 0 171 201 245
v 33.869162680182676 -93.054759679636291 0 171 201 245
v 27.295487201793481 -95.190676319208222 0 171 201 245
v 27.496591707171518 -95.892011075985351 0 171 201 245
v 27.496591707171518 -95.892011075985351 0 171 201 245
v 27.295487201793481 -95.190676319208222 0 171 201 245
v 20.588830853489924 -96.86283355228629 0 171 201 245
v 20.740522838853369 -97.576488233994112 0 171 201 245
v 20.740522838853369 -97.576488233994112 0 171 201 245
v 20.588830853489924 -96.86283355228629 0 171 201 245
v 13.781867790850203 -98.063084796915604 0 171 201 245
v 13.883408228094391 -98.785582549681138 0 171 201 245
v 13.883408228094391 -98.785582549681138 0 171 200 246
v 13.781867790850203 -98.063084796915604 0 171 200 246
v 6.9077608536819701 -98.785582549681152 0 171 200 246
v 6.9586550480034521 -99.513403437078139 0 171 200 246
v 6.9586550480034521 -99.513403437078139 0 171 200 246
v 6.9077608536819701 -98.785582549681152 0 171 200 246
v 0 -99.026806874156676 0 171 200 246
v 0 -99.756405025982033 0 171 200 246
v 0 -99.756405025982033 0 171 200 246
v 0 -99.026806874156676 0 171 200 246
v -6.9077608536813884 -98.785582549681138 0 171 200 246
v -6.9586550480030418 -99.513403437078125 0 171 200 246
v -6.9586550480030418 -99.513403437078125 0 169 199 246
v -6.9077608536813884 -98.785582549681138 0 169 199 246
v -13.781867790849622 -98.063084796915575 0 169 199 246
v -13.883408228093975 -98.785582549681109 0 169 199 246
v -13.883408228093975 -98.785582549681109 0 169 199 246
v -13.781867790849622 -98.063084796915575 0 169 199 246
v -20.588830853489341 -96.862833552286261 0 169 199 246
v -20.74052283885295 -97.576488233994056 0 169 199 246
v -20.74052283885295 -97.576488233994056 0 169 199 246
v -20.588830853489341 -96.862833552286261 0 169 199 246
v -27.295487201792898 -95.190676319208194 0 169 199 246
v -27.496591707171095 -95.892011075985309 0 169 199 246
v -27.496591707171095 -95.892011075985309 0 160 190 239
v -27.295487201792898 -95.190676319208194 0 160 190 239
v -33.8691626801821 -93.054759679636277 0 160 190 239
v -34.118699944639637 -93.740357679045587 0 160 190 239
v -34.118699944639637 -93.740357679045587 0 160 190 239
v -33.8691626801821 -93.054759679636277 0 160 190 239
v -40.277831002509771 -90.465489604736888 0 160 190 239
v -40.574585305577614 -91.132010682241372 0 160 190 239
v -40.574585305577614 -91.132010682241372 0 160 190 239
v -40.277831002509771 -90.465489604736888 0 160 190 239
v -46.490269780906637 -87.435480758042445 0 160 190 239
v -46.832795365449869 -88.079677689950955 0 160 190 239
v -46.832795365449869 -88.079677689950955 0 137 168 220
v -46.490269780906637 -87.435480758042445 0 137 168 220
v -52.476212638116493 -83.979495038078625 0 137 168 220
v -52.862840753917773 -84.598229361693328 0 137 168 220
v -52.862840753917773 -84.598229361693328 0 137 168 220
v -52.476212638116493 -83.979495038078625 0 137 168 220
v -58.2064966622439 -80.114369659878591 0 137 168 220
v -58.635343695986762 -80.704626963769826 0 137 168 220
v -58.635343695986762 -80.704626963769826 0 137 168 220
v -58.2064966622439 -80.114369659878591 0 137 168 220
v -63.653204485529436 -75.858935125763907 0 137 168 220
v -64.122181137573037 -76.417839735679564 0 137 168 220
v -64.122181137573037 -76.417839735679564 0 125 156 210
v -63.653204485529436 -75.858935125763907 0 125 156 210
v -68.789800294959207 -71.233923485030004 0 125 156 210
v -69.296621758196153 -71.758752473891448 0 125 156 210
v -69.296621758196153 -71.758752473891448 0 125 156 210
v -68.789800294959207 -71.233923485030004 0 125 156 210
v -73.591259112078475 -66.26186732948598 0 125 156 210
v -74.133456203285419 -66.75006378321514 0 125 156 210
v -74.133456203285419 -66.75006378321514 0 125 156 210
v -73.591259112078475 -66.26186732948598 0 125 156 210
v -78.034188712171215 -60.966990016932321 0 125 156 210
v -78.609119901621241 -61.41617549147994 0 125 156 210
v -78.609119901621241 -61.41617549147994 0 121 153 207
v -78.034188712171215 -60.966990016932321 0 121 153 207
v -82.096943588827457 -55.375087657396556 0 121 153 207
v -82.701807869557442 -55.783073766282619 0 121 153 207
v -82.701807869557442 -55.783073766282619 0 121 153 207
v -82.096943588827457 -55.375087657396556 0 121 153 207
v -85.759730408674841 -49.51340343707831 0 121 153 207
v -86.391580942709822 -49.878202512990946 0 121 153 207
v -86.391580942709822 -49.878202512990946 0 121 153 207
v -85.759730408674841 -49.51340343707831 0 121 153 207
v -89.004704442509123 -43.410494892284532 0 121 153 207
v -89.660462917560665 -43.730329670795349 0 121 153 207
v -89.660462917560665 -43.730329670795349 0 119 151 205
v -89.004704442509123 -43.410494892284532 0 119 151 205
v -91.816056503021102 -37.096094779983225 0 119 151 205
v -92.492528129715367 -37.369407058201013 0 119 151 205
v -92.492528129715367 -37.369407058201013 0 119 151 205
v -91.816056503021102 -37.096094779983225 0 119 151 205
v -94.180089965568072 -30.60096622280026 0 119 151 205
v -94.873979042138515 -30.826424450778791 0 119 151 205
v -94.873979042138515 -30.826424450778791 0 119 151 205
v -94.180089965568072 -30.60096622280026 0 119 151 205
v -96.085287496752358 -23.956752834178175 0 119 151 205
v -96.793213465367373 -24.133258602093719 0 119 151 205
v -96.793213465367373 -24.133258602093719 0 118 150 204
v -96.085287496752358 -23.956752834178175 0 118 150 204
v -97.522367165711771 -17.195824553872345 0 118 150 204
v -98.240881082212766 -17.32251794336592 0 118 150 204
v -98.240881082212766 -17.32251794336592 0 118 150 204
v -97.522367165711771 -17.195824553872345 0 118 150 204
v -98.484327664753906 -10.351119944858294 0 118 150 204
v -99.209929001564461 -10.427383718471459 0 118 150 204
v -99.209929001564461 -10.427383718471459 0 118 150 204
v -98.484327664753906 -10.351119944858294 0 118 150 204
v -98.966482419023365 -3.4559857199638313 0 118 150 204
v -99.69563611936772 -3.4814483282575508 0 118 150 204
v -98.966482419023833 -3.4559857199638695 0 117 149 204
v -97.755173964409977 -3.4136858966368937 0 117 149 204
v -97.755173964409977 3.4136858966368453 0 117 149 204
v -98.966482419023833 3.4559857199638193 0 117 149 204
v -98.966482419023833 3.4559857199638193 0 117 149 204
v -97.755173964409977 3.4136858966368453 0 117 149 204
v -97.278920583171086 10.224426555364676 0 117 149 204
v -98.48432766475436 10.351119944858315 0 117 149 204
v -98.48432766475436 10.351119944858315 0 117 149 204
v -97.278920583171086 10.224426555364676 0 117 149 204
v -96.328734079293895 16.985354835670531 0 117 149 204
v -97.522367165712211 17.195824553872395 0 117 149 204
v -97.522367165712211 17.195824553872395 0 118 150 204
v -96.328734079293895 16.985354835670531 0 118 150 204
v -94.909243665912896 23.663532174578897 0 118 150 204
v -96.085287496752798 23.95675283417825 0 118 150 204
v -96.085287496752798 23.95675283417825 0 118 150 204
v -94.909243665912896 23.663532174578897 0 118 150 204
v -93.027364957635356 30.226423163382652 0 118 150 204
v -94.180089965568513 30.600966222800359 0 118 150 204
v -94.180089965568513 30.600966222800359 0 118 150 204
v -93.027364957635356 30.226423163382652 0 118 150 204
v -90.69226627836224 36.642054056883836 0 118 150 204
v -91.8160565030215 37.09609477998336 0 118 150 204
v -91.8160565030215 37.09609477998336 0 119 151 205
v -90.69226627836224 36.642054056883836 0 119 151 205
v -87.915323994135662 42.879168546266278 0 119 151 205
v -89.004704442509507 43.410494892284689 0 119 151 205
v -89.004704442509507 43.410494892284689 0 119 151 205
v -87.915323994135662 42.879168546266278 0 119 151 205
v -84.710067088627113 48.907380036690256 0 119 151 205
v -85.759730408675225 49.513403437078487 0 119 151 205
v -85.759730408675225 49.513403437078487 0 119 151 205
v -84.710067088627113 48.907380036690256 0 119 151 205
v -81.092111251288955 54.697319687728132 0 119 151 205
v -82.096943588827813 55.375087657396747 0 119 151 205
v -82.096943588827813 55.375087657396747 0 121 153 207
v -81.092111251288955 54.697319687728132 0 121 153 207
v -77.079082799285032 60.220779495402731 0 121 153 207
v -78.034188712171542 60.96699001693252 0 121 153 207
v -78.034188712171542 60.96699001693252 0 121 153 207
v -77.079082799285032 60.220779495402731 0 121 153 207
v -72.690532803845315 65.450849718747321 0 121 153 207
v -73.591259112078788 66.261867329486208 0 121 153 207
v -73.591259112078788 66.261867329486208 0 121 153 207
v -72.690532803845315 65.450849718747321 0 121 153 207
v -67.94784183941205 70.362049981358581 0 121 153 207
v -68.789800294959491 71.233923485030246 0 121 153 207
v -68.789800294959491 71.233923485030246 0 125 156 210
v -67.94784183941205 70.362049981358581 0 125 156 210
v -62.874115819630376 74.930453409229216 0 125 156 210
v -63.653204485529706 75.858935125764177 0 125 156 210
v -63.653204485529706 75.858935125764177 0 125 156 210
v -62.874115819630376 74.930453409229216 0 125 156 210
v -57.494073427659458 79.133803200072904 0 125 156 210
v -58.206496662244156 80.114369659878861 0 125 156 210
v -58.206496662244156 80.114369659878861 0 125 156 210
v -57.494073427659458 79.133803200072904 0 125 156 210
v -51.833925689233041 82.951621056227921 0 125 156 210
v -52.476212638116728 83.979495038078895 0 125 156 210
v -52.476212638116728 83.979495038078895 0 133 164 217
v -51.833925689233041 82.951621056227921 0 133 164 217
v -45.921248275176666 86.365306952864785 0 133 164 217
v -46.490269780906843 87.435480758042729 0 133 164 217
v -46.490269780906843 87.435480758042729 0 133 164 217
v -45.921248275176666 86.365306952864785 0 133 164 217
v -39.784847155511365 89.358229755437591 0 133 164 217
v -40.277831002509956 90.465489604737172 0 133 164 217
v -40.277831002509956 90.465489604737172 0 133 164 217
v -39.784847155511365 89.358229755437591 0 133 164 217
v -33.454618259663263 91.91580824489975 0 133 164 217
v -33.869162680182264 93.054759679636561 0 133 164 217
v -33.869162680182264 93.054759679636561 0 154 184 234
v -33.454618259663263 91.91580824489975 0 154 184 234
v -26.961401826500552 94.025582155937485 0 154 184 234
v -27.295487201793051 95.190676319208478 0 154 184 234
v -27.295487201793051 95.190676319208478 0 154 184 234
v -26.961401826500552 94.025582155937485 0 154 184 234
v -20.336832153789764 95.677272882129969 0 154 184 234
v -20.588830853489476 96.86283355228656 0 154 184 234
v -20.588830853489476 96.86283355228656 0 154 184 234
v -20.336832153789764 95.677272882129969 0 154 184 234
v -13.613183479076929 96.86283355228656 0 154 184 234
v -13.781867790849738 98.063084796915859 0 154 184 234
v -13.781867790849738 98.063084796915859 0 169 199 246
v -13.613183479076929 96.86283355228656 0 169 199 246
v -6.82321274284645 97.576488233994382 0 169 199 246
v -6.9077608536814861 98.785582549681408 0 169 199 246
v -6.9077608536814861 98.785582549681408 0 169 199 246
v -6.82321274284645 97.576488233994382 0 169 199 246
v 0 97.814760073380469 0 169 199 246
v 0 99.026806874156946 0 169 199 246
v 0 99.026806874156946 0 169 199 246
v 0 97.814760073380469 0 169 199 246
v 6.82321274284691 97.576488233994368 0 169 199 246
v 6.9077608536819053 98.785582549681394 0 169 199 246
v 6.9077608536819053 98.785582549681394 0 162 192 240
v 6.82321274284691 97.576488233994368 0 162 192 240
v 13.61318347907739 96.862833552286531 0 162 192 240
v 13.781867790850155 98.063084796915831 0 162 192 240
v 13.781867790850155 98.063084796915831 0 162 192 240
v 13.61318347907739 96.862833552286531 0 162 192 240
v 20.336832153790219 95.677272882129941 0 162 192 240
v 20.588830853489888 96.862833552286517 0 162 192 240
v 20.588830853489888 96.862833552286517 0 162 192 240
v 20.336832153790219 95.677272882129941 0 162 192 240
v 26.961401826501003 94.025582155937471 0 162 192 240
v 27.29548720179346 95.190676319208464 0 162 192 240
v 27.29548720179346 95.190676319208464 0 171 200 246
v 26.961401826501003 94.025582155937471 0 171 200 246
v 33.454618259663711 91.915808244899722 0 171 200 246
v 33.869162680182683 93.054759679636533 0 171 200 246
v 33.869162680182683 93.054759679636533 0 171 200 246
v 33.454618259663711 91.915808244899722 0 171 200 246
v 39.784847155511805 89.358229755437549 0 171 200 246
v 40.277831002510375 90.465489604737144 0 171 200 246
v 40.277831002510375 90.465489604737144 0 171 200 246
v 39.784847155511805 89.358229755437549 0 171 200 246
v 45.921248275177092 86.365306952864742 0 171 200 246
v 46.490269780907255 87.435480758042686 0 171 200 246
v 46.490269780907255 87.435480758042686 0 173 202 241
v 45.921248275177092 86.365306952864742 0 173 202 241
v 51.83392568923346 82.951621056227864 0 173 202 241
v 52.476212638117126 83.979495038078852 0 173 202 241
v 52.476212638117126 83.979495038078852 0 173 202 241
v 51.83392568923346 82.951621056227864 0 173 202 241
v 57.494073427659863 79.133803200072848 0 173 202 241
v 58.206496662244533 80.114369659878804 0 173 202 241
v 58.206496662244533 80.114369659878804 0 173 202 241
v 57.494073427659863 79.133803200072848 0 173 202 241
v 62.874115819630767 74.930453409229159 0 173 202 241
v 63.653204485530075 75.858935125764106 0 173 202 241
v 63.653204485530075 75.858935125764106 0 179 205 232
v 62.874115819630767 74.930453409229159 0 179 205 232
v 67.947841839412447 70.362049981358552 0 179 205 232
v 68.789800294959875 71.233923485030203 0 179 205 232
v 68.789800294959875 71.233923485030203 0 179 205 232
v 67.947841839412447 70.362049981358552 0 179 205 232
v 72.690532803845699 65.450849718747278 0 179 205 232
v 73.591259112079143 66.261867329486151 0 179 205 232
v 73.591259112079143 66.261867329486151 0 179 205 232
v 72.690532803845699 65.450849718747278 0 179 205 232
v 77.07908279928543 60.220779495402681 0 179 205 232
v 78.034188712171897 60.966990016932471 0 179 205 232
v 78.034188712171897 60.966990016932471 0 165 195 243
v 77.07908279928543 60.220779495402681 0 165 195 243
v 81.092111251289339 54.697319687728069 0 165 195 243
v 82.096943588828168 55.375087657396698 0 165 195 243
v 82.096943588828168 55.375087657396698 0 165 195 243
v 81.092111251289339 54.697319687728069 0 165 195 243
v 84.710067088627497 48.907380036690192 0 165 195 243
v 85.759730408675551 49.513403437078431 0 165 195 243
v 85.759730408675551 49.513403437078431 0 165 195 243
v 84.710067088627497 48.907380036690192 0 165 195 243
v 87.915323994136017 42.879168546266222 0 165 195 243
v 89.004704442509833 43.410494892284639 0 165 195 243
v 89.004704442509833 43.410494892284639 0 153 184 233
v 87.915323994136017 42.879168546266222 0 153 184 233
v 90.692266278362567 36.642054056883786 0 153 184 233
v 91.816056503021827 37.096094779983318 0 153 184 233
v 91.816056503021827 37.096094779983318 0 153 184 233
v 90.692266278362567 36.642054056883786 0 153 184 233
v 93.027364957635669 30.226423163382616 0 153 184 233
v 94.180089965568811 30.600966222800334 0 153 184 233
v 94.180089965568811 30.600966222800334 0 153 184 233
v 93.027364957635669 30.226423163382616 0 153 184 233
v 94.909243665913181 23.663532174578872 0 153 184 233
v 96.085287496753082 23.956752834178236 0 153 184 233
v 96.085287496753082 23.956752834178236 0 153 183 233
v 94.909243665913181 23.663532174578872 0 153 183 233
v 96.328734079294208 16.98535483567052 0 153 183 233
v 97.522367165712524 17.195824553872392 0 153 183 233
v 97.522367165712524 17.195824553872392 0 153 183 233
v 96.328734079294208 16.98535483567052 0 153 183 233
v 97.278920583171384 10.224426555364676 0 153 183 233
v 98.484327664754659 10.351119944858322 0 153 183 233
v 98.484327664754659 10.351119944858322 0 153 183 233
v 97.278920583171384 10.224426555364676 0 153 183 233
v 97.755173964410261 3.4136858966368622 0 153 183 233
v 98.966482419024118 3.4559857199638429 0 153 183 233
v 98.966482419024118 3.4559857199638429 0 153 183 233
v 97.755173964410261 3.4136858966368622 0 153 183 233
v 97.755173964410247 -3.4136858966368595 0 153 183 233
v 98.966482419024103 -3.4559857199638309 0 153 183 233
v 98.966482419024103 -3.4559857199638309 0 153 183 233
v 97.755173964410247 -3.4136858966368595 0 153 183 233
v 97.278920583171356 -10.224426555364671 0 153 183 233
v 98.48432766475463 -10.35111994485831 0 153 183 233
v 98.48432766475463 -10.35111994485831 0 153 183 233
v 97.278920583171356 -10.224426555364671 0 153 183 233
v 96.328734079294151 -16.98535483567051 0 153 183 233
v 97.522367165712481 -17.195824553872374 0 153 183 233
v 97.522367165712481 -17.195824553872374 0 153 184 233
v 96.328734079294151 -16.98535483567051 0 153 184 233
v 94.909243665913152 -23.663532174578858 0 153 184 233
v 96.085287496753068 -23.956752834178214 0 153 184 233
v 96.085287496753068 -23.956752834178214 0 153 184 233
v 94.909243665913152 -23.663532174578858 0 153 184 233
v 93.027364957635612 -30.226423163382591 0 153 184 233
v 94.180089965568783 -30.600966222800306 0 153 184 233
v 94.180089965568783 -30.600966222800306 0 153 184 233
v 93.027364957635612 -30.226423163382591 0 153 184 233
v 90.692266278362496 -36.642054056883765 0 153 184 233
v 91.816056503021798 -37.096094779983289 0 153 184 233
v 91.816056503021798 -37.096094779983289 0 154 185 234
v 90.692266278362496 -36.642054056883765 0 154 185 234
v 87.915323994135932 -42.879168546266186 0 154 185 234
v 89.004704442509805 -43.410494892284596 0 154 185 234
v 89.004704442509805 -43.410494892284596 0 154 185 234
v 87.915323994135932 -42.879168546266186 0 154 185 234
v 84.710067088627412 -48.907380036690149 0 154 185 234
v 85.759730408675509 -49.513403437078381 0 154 185 234
v 85.759730408675509 -49.513403437078381 0 154 185 234
v 84.710067088627412 -48.907380036690149 0 154 185 234
v 81.092111251289253 -54.697319687728005 0 154 185 234
v 82.096943588828111 -55.375087657396634 0 154 185 234
v 82.096943588828111 -55.375087657396634 0 169 199 246
v 81.092111251289253 -54.697319687728005 0 169 199 246
v 77.079082799285345 -60.220779495402596 0 169 199 246
v 78.034188712171854 -60.966990016932385 0 169 199 246
v 78.034188712171854 -60.966990016932385 0 169 199 246
v 77.079082799285345 -60.220779495402596 0 169 199 246
v 72.690532803845656 -65.450849718747165 0 169 199 246
v 73.591259112079129 -66.261867329486051 0 169 199 246
v 73.591259112079129 -66.261867329486051 0 169 199 246
v 72.690532803845656 -65.450849718747165 0 169 199 246
v 67.947841839412405 -70.36204998135841 0 169 199 246
v 68.789800294959846 -71.233923485030076 0 169 199 246
v 68.789800294959846 -71.233923485030076 0 181 206 229
v 67.947841839412405 -70.36204998135841 0 181 206 229
v 62.874115819630703 -74.930453409229031 0 181 206 229
v 63.653204485530047 -75.858935125763992 0 181 206 229
v 63.653204485530047 -75.858935125763992 0 181 206 229
v 62.874115819630703 -74.930453409229031 0 181 206 229
v 57.494073427659799 -79.133803200072705 0 181 206 229
v 58.206496662244497 -80.114369659878676 0 181 206 229
v 58.206496662244497 -80.114369659878676 0 181 206 229
v 57.494073427659799 -79.133803200072705 0 181 206 229
v 51.833925689233396 -82.951621056227708 0 181 206 229
v 52.476212638117083 -83.979495038078696 0 181 206 229
v 52.476212638117083 -83.979495038078696 0 175 203 238
v 51.833925689233396 -82.951621056227708 0 175 203 238
v 45.921248275177028 -86.365306952864572 0 175 203 238
v 46.490269780907219 -87.435480758042516 0 175 203 238
v 46.490269780907219 -87.435480758042516 0 175 203 238
v 45.921248275177028 -86.365306952864572 0 175 203 238
v 39.784847155511734 -89.358229755437364 0 175 203 238
v 40.277831002510347 -90.465489604736959 0 175 203 238
v 40.277831002510347 -90.465489604736959 0 175 203 238
v 39.784847155511734 -89.358229755437364 0 175 203 238
v 33.454618259663647 -91.915808244899509 0 175 203 238
v 33.869162680182662 -93.054759679636334 0 175 203 238
v 33.869162680182662 -93.054759679636334 0 171 201 245
v 33.454618259663647 -91.915808244899509 0 171 201 245
v 26.961401826500957 -94.025582155937244 0 171 201 245
v 27.29548720179346 -95.190676319208265 0 171 201 245
v 27.29548720179346 -95.190676319208265 0 171 201 245
v 26.961401826500957 -94.025582155937244 0 171 201 245
v 20.33683215379018 -95.677272882129742 0 171 201 245
v 20.588830853489895 -96.862833552286347 0 171 201 245
v 20.588830853489895 -96.862833552286347 0 171 201 245
v 20.33683215379018 -95.677272882129742 0 171 201 245
v 13.613183479077362 -96.862833552286304 0 171 201 245
v 13.781867790850173 -98.063084796915646 0 171 201 245
v 13.781867790850173 -98.063084796915646 0 171 200 246
v 13.613183479077362 -96.862833552286304 0 171 200 246
v 6.8232127428468985 -97.576488233994112 0 171 200 246
v 6.9077608536819364 -98.785582549681195 0 171 200 246
v 6.9077608536819364 -98.785582549681195 0 171 200 246
v 6.8232127428468985 -97.576488233994112 0 171 200 246
v 0 -97.814760073380214 0 171 200 246
v 0 -99.026806874156719 0 171 200 246
v 0 -99.026806874156719 0 171 200 246
v 0 -97.814760073380214 0 171 200 246
v -6.8232127428464295 -97.576488233994098 0 171 200 246
v -6.9077608536814274 -98.78558254968118 0 171 200 246
v -6.9077608536814274 -98.78558254968118 0 169 199 246
v -6.8232127428464295 -97.576488233994098 0 169 199 246
v -13.613183479076893 -96.862833552286276 0 169 199 246
v -13.781867790849663 -98.063084796915618 0 169 199 246
v -13.781867790849663 -98.063084796915618 0 169 199 246
v -13.613183479076893 -96.862833552286276 0 169 199 246
v -20.336832153789704 -95.677272882129685 0 169 199 246
v -20.588830853489384 -96.862833552286304 0 169 199 246
v -20.588830853489384 -96.862833552286304 0 169 199 246
v -20.336832153789704 -95.677272882129685 0 169 199 246
v -26.961401826500474 -94.025582155937201 0 169 199 246
v -27.295487201792941 -95.190676319208251 0 169 199 246
v -27.295487201792941 -95.190676319208251 0 160 190 239
v -26.961401826500474 -94.025582155937201 0 160 190 239
v -33.454618259663164 -91.915808244899466 0 160 190 239
v -33.86916268018215 -93.054759679636319 0 160 190 239
v -33.86916268018215 -93.054759679636319 0 160 190 239
v -33.454618259663164 -91.915808244899466 0 160 190 239
v -39.784847155511244 -89.358229755437307 0 160 190 239
v -40.277831002509821 -90.465489604736931 0 160 190 239
v -40.277831002509821 -90.465489604736931 0 160 190 239
v -39.784847155511244 -89.358229755437307 0 160 190 239
v -45.921248275176517 -86.365306952864501 0 160 190 239
v -46.490269780906694 -87.435480758042488 0 160 190 239
v -46.490269780906694 -87.435480758042488 0 137 168 220
v -45.921248275176517 -86.365306952864501 0 137 168 220
v -51.833925689232863 -82.951621056227637 0 137 168 220
v -52.47621263811655 -83.979495038078653 0 137 168 220
v -52.47621263811655 -83.979495038078653 0 137 168 220
v -51.833925689232863 -82.951621056227637 0 137 168 220
v -57.494073427659252 -79.133803200072634 0 137 168 220
v -58.206496662243943 -80.114369659878619 0 137 168 220
v -58.206496662243943 -80.114369659878619 0 137 168 220
v -57.494073427659252 -79.133803200072634 0 137 168 220
v -62.874115819630148 -74.930453409228932 0 137 168 220
v -63.653204485529479 -75.858935125763921 0 137 168 220
v -63.653204485529479 -75.858935125763921 0 125 156 210
v -62.874115819630148 -74.930453409228932 0 125 156 210
v -67.947841839411808 -70.362049981358339 0 125 156 210
v -68.78980029495925 -71.233923485030019 0 125 156 210
v -68.78980029495925 -71.233923485030019 0 125 156 210
v -67.947841839411808 -70.362049981358339 0 125 156 210
v -72.690532803845045 -65.450849718747094 0 125 156 210
v -73.591259112078518 -66.261867329485995 0 125 156 210
v -73.591259112078518 -66.261867329485995 0 125 156 210
v -72.690532803845045 -65.450849718747094 0 125 156 210
v -77.079082799284762 -60.22077949540251 0 125 156 210
v -78.034188712171257 -60.966990016932328 0 125 156 210
v -78.034188712171257 -60.966990016932328 0 121 153 207
v -77.079082799284762 -60.22077949540251 0 121 153 207
v -81.092111251288671 -54.697319687727905 0 121 153 207
v -82.0969435888275 -55.37508765739657 0 121 153 207
v -82.0969435888275 -55.37508765739657 0 121 153 207
v -81.092111251288671 -54.697319687727905 0 121 153 207
v -84.710067088626801 -48.907380036690043 0 121 153 207
v -85.759730408674898 -49.513403437078317 0 121 153 207
v -85.759730408674898 -49.513403437078317 0 121 153 207
v -84.710067088626801 -48.907380036690043 0 121 153 207
v -87.915323994135321 -42.879168546266079 0 121 153 207
v -89.004704442509166 -43.410494892284532 0 121 153 207
v -89.004704442509166 -43.410494892284532 0 119 151 205
v -87.915323994135321 -42.879168546266079 0 119 151 205
v -90.692266278361856 -36.642054056883666 0 119 151 205
v -91.816056503021144 -37.096094779983225 0 119 151 205
v -91.816056503021144 -37.096094779983225 0 119 151 205
v -90.692266278361856 -36.642054056883666 0 119 151 205
v -93.027364957634958 -30.226423163382506 0 119 151 205
v -94.180089965568115 -30.600966222800256 0 119 151 205
v -94.180089965568115 -30.600966222800256 0 119 151 205
v -93.027364957634958 -30.226423163382506 0 119 151 205
v -94.90924366591247 -23.663532174578776 0 119 151 205
v -96.0852874967524 -23.956752834178165 0 119 151 205
v -96.0852874967524 -23.956752834178165 0 118 150 204
v -94.90924366591247 -23.663532174578776 0 118 150 204
v -96.328734079293483 -16.985354835670439 0 118 150 204
v -97.522367165711813 -17.195824553872335 0 118 150 204
v -97.522367165711813 -17.195824553872335 0 118 150 204
v -96.328734079293483 -16.985354835670439 0 118 150 204
v -97.27892058317066 -10.224426555364611 0 118 150 204
v -98.484327664753962 -10.351119944858279 0 118 150 204
v -98.484327664753962 -10.351119944858279 0 118 150 204
v -97.27892058317066 -10.224426555364611 0 118 150 204
v -97.755173964409522 -3.413685896636812 0 118 150 204
v -98.966482419023407 -3.4559857199638131 0 118 150 204
v -97.755173964409977 -3.4136858966368937 0 109 141 197
v -96.067612128557258 -3.3547549387640094 0 109 141 197
v -96.067612128557244 3.354754938763961 0 109 141 197
v -97.755173964409977 3.4136858966368453 0 109 141 197
v -97.755173964409977 3.4136858966368453 0 109 141 197
v -96.067612128557244 3.354754938763961 0 109 141 197
v -95.599580378949511 10.04792078744906 0 109 141 197
v -97.278920583171086 10.224426555364676 0 109 141 197
v -97.278920583171086 10.224426555364676 0 109 141 197
v -95.599580378949511 10.04792078744906 0 109 141 197
v -94.665797083371743 16.692134176071175 0 109 141 197
v -96.328734079293895 16.985354835670531 0 109 141 197
v -96.328734079293895 16.985354835670531 0 109 141 197
v -94.665797083371743 16.692134176071175 0 109 141 197
v -93.270811540176453 23.255025164874926 0 109 141 197
v -94.909243665912896 23.663532174578897 0 109 141 197
v -94.909243665912896 23.663532174578897 0 109 141 197
v -93.270811540176453 23.255025164874926 0 109 141 197
v -91.421419978706609 29.70462000866236 0 109 141 197
v -93.027364957635356 30.226423163382652 0 109 141 197
v -93.027364957635356 30.226423163382652 0 109 141 197
v -91.421419978706609 29.70462000866236 0 109 141 197
v -89.126632448749504 36.009496929665559 0 109 141 197
v -90.69226627836224 36.642054056883836 0 109 141 197
v -90.69226627836224 36.642054056883836 0 110 142 198
v -89.126632448749504 36.009496929665559 0 110 142 198
v -86.397628924479861 42.138939201289396 0 110 142 198
v -87.915323994135662 42.879168546266278 0 110 142 198
v -87.915323994135662 42.879168546266278 0 110 142 198
v -86.397628924479861 42.138939201289396 0 110 142 198
v -83.247704836749421 48.063084796915902 0 110 142 198
v -84.710067088627113 48.907380036690256 0 110 142 198
v -84.710067088627113 48.907380036690256 0 110 142 198
v -83.247704836749421 48.063084796915902 0 110 142 198
v -79.692206299084376 53.753071874696225 0 110 142 198
v -81.092111251288955 54.697319687728132 0 110 142 198
v -81.092111251288955 54.697319687728132 0 111 143 199
v -79.692206299084376 53.753071874696225 0 111 143 199
v -75.748455342962743 59.181179389542919 0 111 143 199
v -77.079082799285032 60.220779495402731 0 111 143 199
v -77.079082799285032 60.220779495402731 0 111 143 199
v -75.748455342962743 59.181179389542919 0 111 143 199
v -71.435665526618322 64.320962147275111 0 111 143 199
v -72.690532803845315 65.450849718747321 0 111 143 199
v -72.690532803845315 65.450849718747321 0 111 143 199
v -71.435665526618322 64.320962147275111 0 111 143 199
v -66.774848328516214 69.147379642946291 0 111 143 199
v -67.94784183941205 70.362049981358581 0 111 143 199
v -67.94784183941205 70.362049981358581 0 114 146 201
v -66.774848328516214 69.147379642946291 0 114 146 201
v -61.788710781541837 73.636918055667337 0 114 146 201
v -62.874115819630376 74.930453409229216 0 114 146 201
v -62.874115819630376 74.930453409229216 0 114 146 201
v -61.788710781541837 73.636918055667337 0 114 146 201
v -56.501544846619289 77.767704805578276 0 114 146 201
v -57.494073427659458 79.133803200072904 0 114 146 201
v -57.494073427659458 79.133803200072904 0 114 146 201
v -56.501544846619289 77.767704805578276 0 114 146 201
v -50.939109064719439 81.519615114858794 0 114 146 201
v -51.833925689233041 82.951621056227921 0 114 146 201
v -51.833925689233041 82.951621056227921 0 121 153 207
v -50.939109064719439 81.519615114858794 0 121 153 207
v -45.128503063837599 84.874370053622769 0 121 153 207
v -45.921248275176666 86.365306952864785 0 121 153 207
v -45.921248275176666 86.365306952864785 0 121 153 207
v -45.128503063837599 84.874370053622769 0 121 153 207
v -39.098035532330016 87.815625593027349 0 121 153 207
v -39.784847155511365 89.358229755437591 0 121 153 207
v -39.784847155511365 89.358229755437591 0 121 153 207
v -39.098035532330016 87.815625593027349 0 121 153 207
v -32.877086301829699 90.329052231738501 0 121 153 207
v -33.454618259663263 91.91580824489975 0 121 153 207
v -33.454618259663263 91.91580824489975 0 181 206 228
v -32.877086301829699 90.329052231738501 0 181 206 228
v -26.495963211660033 92.402404807821213 0 181 206 228
v -26.961401826500552 94.025582155937485 0 181 206 228
v -26.961401826500552 94.025582155937485 0 181 206 228
v -26.495963211660033 92.402404807821213 0 181 206 228
v -19.985754452088063 94.025582155937485 0 181 206 228
v -20.336832153789764 95.677272882129969 0 181 206 228
v -20.336832153789764 95.677272882129969 0 181 206 228
v -19.985754452088063 94.025582155937485 0 181 206 228
v -13.378177105786531 95.190676319208478 0 181 206 228
v -13.613183479076929 96.86283355228656 0 181 206 228
v -13.613183479076929 96.86283355228656 0 223 228 147
v -13.378177105786531 95.190676319208478 0 223 228 147
v -6.7054226253952702 95.892011075985607 0 223 228 147
v -6.82321274284645 97.576488233994382 0 223 228 147
v -6.82321274284645 97.576488233994382 0 223 228 147
v -6.7054226253952702 95.892011075985607 0 223 228 147
v 0 96.12616959383179 0 223 228 147
v 0 97.814760073380469 0 223 228 147
v 0 97.814760073380469 0 223 228 147
v 0 96.12616959383179 0 223 228 147
v 6.7054226253956557 95.892011075985593 0 223 228 147
v 6.82321274284691 97.576488233994368 0 223 228 147
v 6.82321274284691 97.576488233994368 0 218 225 158
v 6.7054226253956557 95.892011075985593 0 218 225 158
v 13.378177105786914 95.190676319208464 0 218 225 158
v 13.61318347907739 96.862833552286531 0 218 225 158
v 13.61318347907739 96.862833552286531 0 218 225 158
v 13.378177105786914 95.190676319208464 0 218 225 158
v 19.985754452088443 94.025582155937457 0 218 225 158
v 20.336832153790219 95.677272882129941 0 218 225 158
v 20.336832153790219 95.677272882129941 0 218 225 158
v 19.985754452088443 94.025582155937457 0 218 225 158
v 26.495963211660406 92.402404807821213 0 218 225 158
v 26.961401826501003 94.025582155937471 0 218 225 158
v 26.961401826501003 94.025582155937471 0 192 212 210
v 26.495963211660406 92.402404807821213 0 192 212 210
v 32.877086301830069 90.329052231738487 0 192 212 210
v 33.454618259663711 91.915808244899722 0 192 212 210
v 33.454618259663711 91.915808244899722 0 192 212 210
v 32.877086301830069 90.329052231738487 0 192 212 210
v 39.098035532330378 87.81562559302732 0 192 212 210
v 39.784847155511805 89.358229755437549 0 192 212 210
v 39.784847155511805 89.358229755437549 0 192 212 210
v 39.098035532330378 87.81562559302732 0 192 212 210
v 45.128503063837961 84.874370053622741 0 192 212 210
v 45.921248275177092 86.365306952864742 0 192 212 210
v 45.921248275177092 86.365306952864742 0 196 215 201
v 45.128503063837961 84.874370053622741 0 196 215 201
v 50.939109064719801 81.519615114858766 0 196 215 201
v 51.83392568923346 82.951621056227864 0 196 215 201
v 51.83392568923346 82.951621056227864 0 196 215 201
v 50.939109064719801 81.519615114858766 0 196 215 201
v 56.501544846619652 77.767704805578248 0 196 215 201
v 57.494073427659863 79.133803200072848 0 196 215 201
v 57.494073427659863 79.133803200072848 0 196 215 201
v 56.501544846619652 77.767704805578248 0 196 215 201
v 61.788710781542214 73.636918055667309 0 196 215 201
v 62.874115819630767 74.930453409229159 0 196 215 201
v 62.874115819630767 74.930453409229159 0 222 227 150
v 61.788710781542214 73.636918055667309 0 222 227 150
v 66.774848328516583 69.147379642946277 0 222 227 150
v 67.947841839412447 70.362049981358552 0 222 227 150
v 67.947841839412447 70.362049981358552 0 222 227 150
v 66.774848328516583 69.147379642946277 0 222 227 150
v 71.435665526618706 64.320962147275111 0 222 227 150
v 72.690532803845699 65.450849718747278 0 222 227 150
v 72.690532803845699 65.450849718747278 0 222 227 150
v 71.435665526618706 64.320962147275111 0 222 227 150
v 75.74845534296314 59.181179389542905 0 222 227 150
v 77.07908279928543 60.220779495402681 0 222 227 150
v 77.07908279928543 60.220779495402681 0 246 238 101
v 75.74845534296314 59.181179389542905 0 246 238 101
v 79.692206299084745 53.753071874696211 0 246 238 101
v 81.092111251289339 54.697319687728069 0 246 238 101
v 81.092111251289339 54.697319687728069 0 246 238 101
v 79.692206299084745 53.753071874696211 0 246 238 101
v 83.247704836749762 48.063084796915888 0 246 238 101
v 84.710067088627497 48.907380036690192 0 246 238 101
v 84.710067088627497 48.907380036690192 0 246 238 101
v 83.247704836749762 48.063084796915888 0 246 238 101
v 86.397628924480188 42.138939201289382 0 246 238 101
v 87.915323994136017 42.879168546266222 0 246 238 101
v 87.915323994136017 42.879168546266222 0 209 221 176
v 86.397628924480188 42.138939201289382 0 209 221 176
v 89.126632448749817 36.009496929665552 0 209 221 176
v 90.692266278362567 36.642054056883786 0 209 221 176
v 90.692266278362567 36.642054056883786 0 209 221 176
v 89.126632448749817 36.009496929665552 0 209 221 176
v 91.421419978706922 29.704620008662374 0 209 221 176
v 93.027364957635669 30.226423163382616 0 209 221 176
v 93.027364957635669 30.226423163382616 0 209 221 176
v 91.421419978706922 29.704620008662374 0 209 221 176
v 93.270811540176751 23.255025164874947 0 209 221 176
v 94.909243665913181 23.663532174578872 0 209 221 176
v 94.909243665913181 23.663532174578872 0 185 208 222
v 93.270811540176751 23.255025164874947 0 185 208 222
v 94.665797083372055 16.692134176071207 0 185 208 222
v 96.328734079294208 16.98535483567052 0 185 208 222
v 96.328734079294208 16.98535483567052 0 185 208 222
v 94.665797083372055 16.692134176071207 0 185 208 222
v 95.59958037894981 10.047920787449108 0 185 208 222
v 97.278920583171384 10.224426555364676 0 185 208 222
v 97.278920583171384 10.224426555364676 0 185 208 222
v 95.59958037894981 10.047920787449108 0 185 208 222
v 96.067612128557528 3.3547549387640236 0 185 208 222
v 97.755173964410261 3.4136858966368622 0 185 208 222
v 97.755173964410261 3.4136858966368622 0 183 207 225
v 96.067612128557528 3.3547549387640236 0 183 207 225
v 96.067612128557528 -3.3547549387639317 0 183 207 225
v 97.755173964410247 -3.4136858966368595 0 183 207 225
v 97.755173964410247 -3.4136858966368595 0 183 207 225
v 96.067612128557528 -3.3547549387639317 0 183 207 225
v 95.599580378949796 -10.047920787449014 0 183 207 225
v 97.278920583171356 -10.224426555364671 0 183 207 225
v 97.278920583171356 -10.224426555364671 0 183 207 225
v 95.599580378949796 -10.047920787449014 0 183 207 225
v 94.665797083372027 -16.692134176071111 0 183 207 225
v 96.328734079294151 -16.98535483567051 0 183 207 225
v 96.328734079294151 -16.98535483567051 0 186 209 219
v 94.665797083372027 -16.692134176071111 0 186 209 219
v 93.270811540176751 -23.255025164874844 0 186 209 219
v 94.909243665913152 -23.663532174578858 0 186 209 219
v 94.909243665913152 -23.663532174578858 0 186 209 219
v 93.270811540176751 -23.255025164874844 0 186 209 219
v 91.421419978706908 -29.704620008662268 0 186 209 219
v 93.027364957635612 -30.226423163382591 0 186 209 219
v 93.027364957635612 -30.226423163382591 0 186 209 219
v 91.421419978706908 -29.704620008662268 0 186 209 219
v 89.126632448749788 -36.009496929665453 0 186 209 219
v 90.692266278362496 -36.642054056883765 0 186 209 219
v 90.692266278362496 -36.642054056883765 0 215 224 164
v 89.126632448749788 -36.009496929665453 0 215 224 164
v 86.397628924480145 -42.138939201289276 0 215 224 164
v 87.915323994135932 -42.879168546266186 0 215 224 164
v 87.915323994135932 -42.879168546266186 0 215 224 164
v 86.397628924480145 -42.138939201289276 0 215 224 164
v 83.247704836749719 -48.063084796915774 0 215 224 164
v 84.710067088627412 -48.907380036690149 0 215 224 164
v 84.710067088627412 -48.907380036690149 0 215 224 164
v 83.247704836749719 -48.063084796915774 0 215 224 164
v 79.692206299084674 -53.75307187469609 0 215 224 164
v 81.092111251289253 -54.697319687728005 0 215 224 164
v 81.092111251289253 -54.697319687728005 0 248 235 92
v 79.692206299084674 -53.75307187469609 0 248 235 92
v 75.748455342963055 -59.18117938954277 0 248 235 92
v 77.079082799285345 -60.220779495402596 0 248 235 92
v 77.079082799285345 -60.220779495402596 0 248 235 92
v 75.748455342963055 -59.18117938954277 0 248 235 92
v 71.435665526618649 -64.32096214727494 0 248 235 92
v 72.690532803845656 -65.450849718747165 0 248 235 92
v 72.690532803845656 -65.450849718747165 0 248 235 92
v 71.435665526618649 -64.32096214727494 0 248 235 92
v 66.774848328516526 -69.147379642946092 0 248 235 92
v 67.947841839412405 -70.36204998135841 0 248 235 92
v 67.947841839412405 -70.36204998135841 0 224 228 146
v 66.774848328516526 -69.147379642946092 0 224 228 146
v 61.788710781542157 -73.636918055667124 0 224 228 146
v 62.874115819630703 -74.930453409229031 0 224 228 146
v 62.874115819630703 -74.930453409229031 0 224 228 146
v 61.788710781542157 -73.636918055667124 0 224 228 146
v 56.501544846619623 -77.767704805578063 0 224 228 146
v 57.494073427659799 -79.133803200072705 0 224 228 146
v 57.494073427659799 -79.133803200072705 0 224 228 146
v 56.501544846619623 -77.767704805578063 0 224 228 146
v 50.93910906471978 -81.519615114858567 0 224 228 146
v 51.833925689233396 -82.951621056227708 0 224 228 146
v 51.833925689233396 -82.951621056227708 0 204 218 186
v 50.93910906471978 -81.519615114858567 0 204 218 186
v 45.128503063837954 -84.874370053622528 0 204 218 186
v 45.921248275177028 -86.365306952864572 0 204 218 186
v 45.921248275177028 -86.365306952864572 0 204 218 186
v 45.128503063837954 -84.874370053622528 0 204 218 186
v 39.098035532330385 -87.815625593027093 0 204 218 186
v 39.784847155511734 -89.358229755437364 0 204 218 186
v 39.784847155511734 -89.358229755437364 0 204 218 186
v 39.098035532330385 -87.815625593027093 0 204 218 186
v 32.877086301830083 -90.32905223173826 0 204 218 186
v 33.454618259663647 -91.915808244899509 0 204 218 186
v 33.454618259663647 -91.915808244899509 0 213 223 168
v 32.877086301830083 -90.32905223173826 0 213 223 168
v 26.495963211660438 -92.402404807820957 0 213 223 168
v 26.961401826500957 -94.025582155937244 0 213 223 168
v 26.961401826500957 -94.025582155937244 0 213 223 168
v 26.495963211660438 -92.402404807820957 0 213 223 168
v 19.985754452088482 -94.025582155937229 0 213 223 168
v 20.33683215379018 -95.677272882129742 0 213 223 168
v 20.33683215379018 -95.677272882129742 0 213 223 168
v 19.985754452088482 -94.025582155937229 0 213 223 168
v 13.378177105786968 -95.190676319208222 0 213 223 168
v 13.613183479077362 -96.862833552286304 0 213 223 168
v 13.613183479077362 -96.862833552286304 0 207 220 179
v 13.378177105786968 -95.190676319208222 0 207 220 179
v 6.7054226253957214 -95.892011075985366 0 207 220 179
v 6.8232127428468985 -97.576488233994112 0 207 220 179
v 6.8232127428468985 -97.576488233994112 0 207 220 179
v 6.7054226253957214 -95.892011075985366 0 207 220 179
v 0 -96.126169593831548 0 207 220 179
v 0 -97.814760073380214 0 207 220 179
v 0 -97.814760073380214 0 207 220 179
v 0 -96.126169593831548 0 207 220 179
v -6.7054226253951725 -95.892011075985366 0 207 220 179
v -6.8232127428464295 -97.576488233994098 0 207 220 179
v -6.8232127428464295 -97.576488233994098 0 247 237 95
v -6.7054226253951725 -95.892011075985366 0 247 237 95
v -13.378177105786417 -95.190676319208222 0 247 237 95
v -13.613183479076893 -96.862833552286276 0 247 237 95
v -13.613183479076893 -96.862833552286276 0 247 237 95
v -13.378177105786417 -95.190676319208222 0 247 237 95
v -19.985754452087932 -94.025582155937229 0 247 237 95
v -20.336832153789704 -95.677272882129685 0 247 237 95
v -20.336832153789704 -95.677272882129685 0 247 237 95
v -19.985754452087932 -94.025582155937229 0 247 237 95
v -26.49596321165988 -92.402404807820986 0 247 237 95
v -26.961401826500474 -94.025582155937201 0 247 237 95
v -26.961401826500474 -94.025582155937201 0 182 207 227
v -26.49596321165988 -92.402404807820986 0 182 207 227
v -32.877086301829536 -90.329052231738274 0 182 207 227
v -33.454618259663164 -91.915808244899466 0 182 207 227
v -33.454618259663164 -91.915808244899466 0 182 207 227
v -32.877086301829536 -90.329052231738274 0 182 207 227
v -39.098035532329831 -87.815625593027107 0 182 207 227
v -39.784847155511244 -89.358229755437307 0 182 207 227
v -39.784847155511244 -89.358229755437307 0 182 207 227
v -39.098035532329831 -87.815625593027107 0 182 207 227
v -45.1285030638374 -84.874370053622542 0 182 207 227
v -45.921248275176517 -86.365306952864501 0 182 207 227
v -45.921248275176517 -86.365306952864501 0 125 157 210
v -45.1285030638374 -84.874370053622542 0 125 157 210
v -50.939109064719226 -81.519615114858553 0 125 157 210
v -51.833925689232863 -82.951621056227637 0 125 157 210
v -51.833925689232863 -82.951621056227637 0 125 157 210
v -50.939109064719226 -81.519615114858553 0 125 157 210
v -56.501544846619069 -77.767704805578035 0 125 157 210
v -57.494073427659252 -79.133803200072634 0 125 157 210
v -57.494073427659252 -79.133803200072634 0 125 157 210
v -56.501544846619069 -77.767704805578035 0 125 157 210
v -61.788710781541617 -73.636918055667095 0 125 157 210
v -62.874115819630148 -74.930453409228932 0 125 157 210
v -62.874115819630148 -74.930453409228932 0 114 146 201
v -61.788710781541617 -73.636918055667095 0 114 146 201
v -66.774848328515958 -69.147379642946092 0 114 146 201
v -67.947841839411808 -70.362049981358339 0 114 146 201
v -67.947841839411808 -70.362049981358339 0 114 146 201
v -66.774848328515958 -69.147379642946092 0 114 146 201
v -71.435665526618067 -64.320962147274926 0 114 146 201
v -72.690532803845045 -65.450849718747094 0 114 146 201
v -72.690532803845045 -65.450849718747094 0 114 146 201
v -71.435665526618067 -64.320962147274926 0 114 146 201
v -75.748455342962487 -59.181179389542748 0 114 146 201
v -77.079082799284762 -60.22077949540251 0 114 146 201
v -77.079082799284762 -60.22077949540251 0 111 143 199
v -75.748455342962487 -59.181179389542748 0 111 143 199
v -79.692206299084091 -53.753071874696069 0 111 143 199
v -81.092111251288671 -54.697319687727905 0 111 143 199
v -81.092111251288671 -54.697319687727905 0 111 143 199
v -79.692206299084091 -53.753071874696069 0 111 143 199
v -83.247704836749094 -48.063084796915753 0 111 143 199
v -84.710067088626801 -48.907380036690043 0 111 143 199
v -84.710067088626801 -48.907380036690043 0 111 143 199
v -83.247704836749094 -48.063084796915753 0 111 143 199
v -86.397628924479505 -42.138939201289261 0 111 143 199
v -87.915323994135321 -42.879168546266079 0 111 143 199
v -87.915323994135321 -42.879168546266079 0 110 142 198
v -86.397628924479505 -42.138939201289261 0 110 142 198
v -89.126632448749135 -36.009496929665445 0 110 142 198
v -90.692266278361856 -36.642054056883666 0 110 142 198
v -90.692266278361856 -36.642054056883666 0 110 142 198
v -89.126632448749135 -36.009496929665445 0 110 142 198
v -91.421419978706226 -29.704620008662278 0 110 142 198
v -93.027364957634958 -30.226423163382506 0 110 142 198
v -93.027364957634958 -30.226423163382506 0 110 142 198
v -91.421419978706226 -29.704620008662278 0 110 142 198
v -93.270811540176055 -23.255025164874862 0 110 142 198
v -94.90924366591247 -23.663532174578776 0 110 142 198
v -94.90924366591247 -23.663532174578776 0 109 141 197
v -93.270811540176055 -23.255025164874862 0 109 141 197
v -94.665797083371345 -16.692134176071136 0 109 141 197
v -96.328734079293483 -16.985354835670439 0 109 141 197
v -96.328734079293483 -16.985354835670439 0 109 141 197
v -94.665797083371345 -16.692134176071136 0 109 141 197
v -95.599580378949099 -10.047920787449049 0 109 141 197
v -97.27892058317066 -10.224426555364611 0 109 141 197
v -97.27892058317066 -10.224426555364611 0 109 141 197
v -95.599580378949099 -10.047920787449049 0 109 141 197
v -96.067612128556817 -3.3547549387639792 0 109 141 197
v -97.755173964409522 -3.413685896636812 0 109 141 197
v -96.067612128557258 -3.3547549387640094 0 109 141 197
v -93.912018543096792 -3.2794799520482543 0 109 141 197
v -93.912018543096778 3.2794799520482076 0 109 141 197
v -96.067612128557244 3.354754938763961 0 109 141 197
v -96.067612128557244 3.354754938763961 0 109 141 197
v -93.912018543096778 3.2794799520482076 0 109 141 197
v -93.454488628757886 9.8224625594704609 0 109 141 197
v -95.599580378949511 10.04792078744906 0 109 141 197
v -95.599580378949511 10.04792078744906 0 109 141 197
v -93.454488628757886 9.8224625594704609 0 109 141 197
v -92.541657839832055 16.317591116653453 0 109 141 197
v -94.665797083371743 16.692134176071175 0 109 141 197
v -94.665797083371743 16.692134176071175 0 109 141 197
v -92.541657839832055 16.317591116653453 0 109 141 197
v -91.177973396165484 22.733222010154638 0 109 141 197
v -93.270811540176453 23.255025164874926 0 109 141 197
v -93.270811540176453 23.255025164874926 0 109 141 197
v -91.177973396165484 22.733222010154638 0 109 141 197
v -89.370079031290615 29.038098931157837 0 109 141 197
v -91.421419978706609 29.70462000866236 0 109 141 197
v -91.421419978706609 29.70462000866236 0 109 141 197
v -89.370079031290615 29.038098931157837 0 109 141 197
v -87.126782624824216 35.201505153067927 0 109 141 197
v -89.126632448749504 36.009496929665559 0 109 141 197
v -89.126632448749504 36.009496929665559 0 110 142 198
v -87.126782624824216 35.201505153067927 0 110 142 198
v -84.459013291363249 41.19341318031519 0 110 142 198
v -86.397628924479861 42.138939201289396 0 110 142 198
v -86.397628924479861 42.138939201289396 0 110 142 198
v -84.459013291363249 41.19341318031519 0 110 142 198
v -81.379768134937081 46.98463103929538 0 110 142 198
v -83.247704836749421 48.063084796915902 0 110 142 198
v -83.247704836749421 48.063084796915902 0 110 142 198
v -81.379768134937081 46.98463103929538 0 110 142 198
v -77.904048928423194 52.54694449873071 0 110 142 198
v -79.692206299084376 53.753071874696225 0 110 142 198
v -79.692206299084376 53.753071874696225 0 111 143 199
v -77.904048928423194 52.54694449873071 0 111 143 199
v -74.048789026417637 57.85325452656862 0 111 143 199
v -75.748455342962743 59.181179389542919 0 111 143 199
v -75.748455342962743 59.181179389542919 0 111 143 199
v -74.048789026417637 57.85325452656862 0 111 143 199
v -69.832770867633627 62.877709313741889 0 111 143 199
v -71.435665526618322 64.320962147275111 0 111 143 199
v -71.435665526618322 64.320962147275111 0 111 143 199
v -69.832770867633627 62.877709313741889 0 111 143 199
v -65.276534468748082 67.595830221583853 0 111 143 199
v -66.774848328516214 69.147379642946291 0 111 143 199
v -66.774848328516214 69.147379642946291 0 114 146 201
v -65.276534468748082 67.595830221583853 0 114 146 201
v -60.402277355505099 71.984631039295365 0 114 146 201
v -61.788710781541837 73.636918055667337 0 114 146 201
v -61.788710781541837 73.636918055667337 0 114 146 201
v -60.402277355505099 71.984631039295365 0 114 146 201
v -55.233746418601783 76.022729970453227 0 114 146 201
v -56.501544846619289 77.767704805578276 0 114 146 201
v -56.501544846619289 77.767704805578276 0 114 146 201
v -55.233746418601783 76.022729970453227 0 114 146 201
v -49.796122221223804 79.690453802973138 0 114 146 201
v -50.939109064719439 81.519615114858794 0 114 146 201
v -50.939109064719439 81.519615114858794 0 121 153 207
v -49.796122221223804 79.690453802973138 0 121 153 207
v -44.115896321872725 82.969933755021358 0 121 153 207
v -45.128503063837599 84.874370053622769 0 121 153 207
v -45.128503063837599 84.874370053622769 0 121 153 207
v -44.115896321872725 82.969933755021358 0 121 153 207
v -38.220742210155876 85.845192529923693 0 121 153 207
v -39.098035532330016 87.815625593027349 0 121 153 207
v -39.098035532330016 87.815625593027349 0 121 153 207
v -38.220742210155876 85.845192529923693 0 121 153 207
v -32.139380484326715 88.302222155948826 0 121 153 207
v -32.877086301829699 90.329052231738501 0 121 153 207
v -32.877086301829699 90.329052231738501 0 181 206 228
v -32.139380484326715 88.302222155948826 0 181 206 228
v -25.901438927417143 90.329052231738501 0 181 206 228
v -26.495963211660033 92.402404807821213 0 181 206 228
v -26.495963211660033 92.402404807821213 0 181 206 228
v -25.901438927417143 90.329052231738501 0 181 206 228
v -19.537308163656736 91.915808244899736 0 181 206 228
v -19.985754452088063 94.025582155937485 0 181 206 228
v -19.985754452088063 94.025582155937485 0 181 206 228
v -19.537308163656736 91.915808244899736 0 181 206 228
v -13.077993598406335 93.054759679636547 0 181 206 228
v -13.378177105786531 95.190676319208478 0 181 206 228
v -13.378177105786531 95.190676319208478 0 223 228 147
v -13.077993598406335 93.054759679636547 0 223 228 147
v -6.5549643629398204 93.7403576790459 0 223 228 147
v -6.7054226253952702 95.892011075985607 0 223 228 147
v -6.7054226253952702 95.892011075985607 0 223 228 147
v -6.5549643629398204 93.7403576790459 0 223 228 147
v 0 93.969262078590745 0 223 228 147
v 0 96.12616959383179 0 223 228 147
v 0 96.12616959383179 0 223 228 147
v 0 93.969262078590745 0 223 228 147
v 6.5549643629402672 93.740357679045886 0 223 228 147
v 6.7054226253956557 95.892011075985593 0 223 228 147
v 6.7054226253956557 95.892011075985593 0 218 225 158
v 6.5549643629402672 93.740357679045886 0 218 225 158
v 13.077993598406781 93.054759679636533 0 218 225 158
v 13.378177105786914 95.190676319208464 0 218 225 158
v 13.378177105786914 95.190676319208464 0 218 225 158
v 13.077993598406781 93.054759679636533 0 218 225 158
v 19.537308163657176 91.915808244899708 0 218 225 158
v 19.985754452088443 94.025582155937457 0 218 225 158
v 19.985754452088443 94.025582155937457 0 218 225 158
v 19.537308163657176 91.915808244899708 0 218 225 158
v 25.901438927417583 90.329052231738487 0 218 225 158
v 26.495963211660406 92.402404807821213 0 218 225 158
v 26.495963211660406 92.402404807821213 0 192 212 210
v 25.901438927417583 90.329052231738487 0 192 212 210
v 32.139380484327148 88.302222155948797 0 192 212 210
v 32.877086301830069 90.329052231738487 0 192 212 210
v 32.877086301830069 90.329052231738487 0 192 212 210
v 32.139380484327148 88.302222155948797 0 192 212 210
v 38.220742210156303 85.845192529923665 0 192 212 210
v 39.098035532330378 87.81562559302732 0 192 212 210
v 39.098035532330378 87.81562559302732 0 192 212 210
v 38.220742210156303 85.845192529923665 0 192 212 210
v 44.115896321873144 82.969933755021316 0 192 212 210
v 45.128503063837961 84.874370053622741 0 192 212 210
v 45.128503063837961 84.874370053622741 0 196 215 201
v 44.115896321873144 82.969933755021316 0 196 215 201
v 49.796122221224216 79.690453802973082 0 196 215 201
v 50.939109064719801 81.519615114858766 0 196 215 201
v 50.939109064719801 81.519615114858766 0 196 215 201
v 49.796122221224216 79.690453802973082 0 196 215 201
v 55.23374641860218 76.022729970453184 0 196 215 201
v 56.501544846619652 77.767704805578248 0 196 215 201
v 56.501544846619652 77.767704805578248 0 196 215 201
v 55.23374641860218 76.022729970453184 0 196 215 201
v 60.402277355505504 71.984631039295323 0 196 215 201
v 61.788710781542214 73.636918055667309 0 196 215 201
v 61.788710781542214 73.636918055667309 0 222 227 150
v 60.402277355505504 71.984631039295323 0 222 227 150
v 65.27653446874848 67.595830221583824 0 222 227 150
v 66.774848328516583 69.147379642946277 0 222 227 150
v 66.774848328516583 69.147379642946277 0 222 227 150
v 65.27653446874848 67.595830221583824 0 222 227 150
v 69.832770867634025 62.877709313741853 0 222 227 150
v 71.435665526618706 64.320962147275111 0 222 227 150
v 71.435665526618706 64.320962147275111 0 222 227 150
v 69.832770867634025 62.877709313741853 0 222 227 150
v 74.048789026418035 57.853254526568584 0 222 227 150
v 75.74845534296314 59.181179389542905 0 222 227 150
v 75.74845534296314 59.181179389542905 0 246 238 101
v 74.048789026418035 57.853254526568584 0 246 238 101
v 77.904048928423578 52.546944498730689 0 246 238 101
v 79.692206299084745 53.753071874696211 0 246 238 101
v 79.692206299084745 53.753071874696211 0 246 238 101
v 77.904048928423578 52.546944498730689 0 246 238 101
v 81.379768134937464 46.984631039295351 0 246 238 101
v 83.247704836749762 48.063084796915888 0 246 238 101
v 83.247704836749762 48.063084796915888 0 246 238 101
v 81.379768134937464 46.984631039295351 0 246 238 101
v 84.459013291363618 41.193413180315169 0 246 238 101
v 86.397628924480188 42.138939201289382 0 246 238 101
v 86.397628924480188 42.138939201289382 0 209 221 176
v 84.459013291363618 41.193413180315169 0 209 221 176
v 87.126782624824571 35.201505153067913 0 209 221 176
v 89.126632448749817 36.009496929665552 0 209 221 176
v 89.126632448749817 36.009496929665552 0 209 221 176
v 87.126782624824571 35.201505153067913 0 209 221 176
v 89.370079031290942 29.038098931157826 0 209 221 176
v 91.421419978706922 29.704620008662374 0 209 221 176
v 91.421419978706922 29.704620008662374 0 209 221 176
v 89.370079031290942 29.038098931157826 0 209 221 176
v 91.177973396165797 22.733222010154645 0 209 221 176
v 93.270811540176751 23.255025164874947 0 209 221 176
v 93.270811540176751 23.255025164874947 0 185 208 222
v 91.177973396165797 22.733222010154645 0 185 208 222
v 92.541657839832396 16.317591116653471 0 185 208 222
v 94.665797083372055 16.692134176071207 0 185 208 222
v 94.665797083372055 16.692134176071207 0 185 208 222
v 92.541657839832396 16.317591116653471 0 185 208 222
v 93.454488628758227 9.8224625594704857 0 185 208 222
v 95.59958037894981 10.047920787449108 0 185 208 222
v 95.59958037894981 10.047920787449108 0 185 208 222
v 93.454488628758227 9.8224625594704857 0 185 208 222
v 93.912018543097105 3.2794799520482441 0 185 208 222
v 96.067612128557528 3.3547549387640236 0 185 208 222
v 96.067612128557528 3.3547549387640236 0 183 207 225
v 93.912018543097105 3.2794799520482441 0 183 207 225
v 93.912018543097091 -3.2794799520482023 0 183 207 225
v 96.067612128557528 -3.3547549387639317 0 183 207 225
v 96.067612128557528 -3.3547549387639317 0 183 207 225
v 93.912018543097091 -3.2794799520482023 0 183 207 225
v 93.454488628758199 -9.8224625594704413 0 183 207 225
v 95.599580378949796 -10.047920787449014 0 183 207 225
v 95.599580378949796 -10.047920787449014 0 183 207 225
v 93.454488628758199 -9.8224625594704413 0 183 207 225
v 92.541657839832368 -16.317591116653425 0 183 207 225
v 94.665797083372027 -16.692134176071111 0 183 207 225
v 94.665797083372027 -16.692134176071111 0 186 209 219
v 92.541657839832368 -16.317591116653425 0 186 209 219
v 91.177973396165797 -22.733222010154591 0 186 209 219
v 93.270811540176751 -23.255025164874844 0 186 209 219
v 93.270811540176751 -23.255025164874844 0 186 209 219
v 91.177973396165797 -22.733222010154591 0 186 209 219
v 89.370079031290928 -29.038098931157773 0 186 209 219
v 91.421419978706908 -29.704620008662268 0 186 209 219
v 91.421419978706908 -29.704620008662268 0 186 209 219
v 89.370079031290928 -29.038098931157773 0 186 209 219
v 87.126782624824543 -35.201505153067849 0 186 209 219
v 89.126632448749788 -36.009496929665453 0 186 209 219
v 89.126632448749788 -36.009496929665453 0 215 224 164
v 87.126782624824543 -35.201505153067849 0 215 224 164
v 84.459013291363576 -41.193413180315105 0 215 224 164
v 86.397628924480145 -42.138939201289276 0 215 224 164
v 86.397628924480145 -42.138939201289276 0 215 224 164
v 84.459013291363576 -41.193413180315105 0 215 224 164
v 81.379768134937407 -46.98463103929528 0 215 224 164
v 83.247704836749719 -48.063084796915774 0 215 224 164
v 83.247704836749719 -48.063084796915774 0 215 224 164
v 81.379768134937407 -46.98463103929528 0 215 224 164
v 77.904048928423521 -52.546944498730603 0 215 224 164
v 79.692206299084674 -53.75307187469609 0 215 224 164
v 79.692206299084674 -53.75307187469609 0 248 235 92
v 77.904048928423521 -52.546944498730603 0 248 235 92
v 74.048789026417978 -57.853254526568506 0 248 235 92
v 75.748455342963055 -59.18117938954277 0 248 235 92
v 75.748455342963055 -59.18117938954277 0 248 235 92
v 74.048789026417978 -57.853254526568506 0 248 235 92
v 69.832770867633968 -62.877709313741761 0 248 235 92
v 71.435665526618649 -64.32096214727494 0 248 235 92
v 71.435665526618649 -64.32096214727494 0 248 235 92
v 69.832770867633968 -62.877709313741761 0 248 235 92
v 65.276534468748437 -67.595830221583697 0 248 235 92
v 66.774848328516526 -69.147379642946092 0 248 235 92
v 66.774848328516526 -69.147379642946092 0 224 228 146
v 65.276534468748437 -67.595830221583697 0 224 228 146
v 60.402277355505447 -71.984631039295209 0 224 228 146
v 61.788710781542157 -73.636918055667124 0 224 228 146
v 61.788710781542157 -73.636918055667124 0 224 228 146
v 60.402277355505447 -71.984631039295209 0 224 228 146
v 55.233746418602138 -76.022729970453057 0 224 228 146
v 56.501544846619623 -77.767704805578063 0 224 228 146
v 56.501544846619623 -77.767704805578063 0 224 228 146
v 55.233746418602138 -76.022729970453057 0 224 228 146
v 49.796122221224167 -79.690453802972954 0 224 228 146
v 50.93910906471978 -81.519615114858567 0 224 228 146
v 50.93910906471978 -81.519615114858567 0 204 218 186
v 49.796122221224167 -79.690453802972954 0 204 218 186
v 44.115896321873095 -82.969933755021174 0 204 218 186
v 45.128503063837954 -84.874370053622528 0 204 218 186
v 45.128503063837954 -84.874370053622528 0 204 218 186
v 44.115896321873095 -82.969933755021174 0 204 218 186
v 38.220742210156253 -85.845192529923509 0 204 218 186
v 39.098035532330385 -87.815625593027093 0 204 218 186
v 39.098035532330385 -87.815625593027093 0 204 218 186
v 38.220742210156253 -85.845192529923509 0 204 218 186
v 32.139380484327106 -88.302222155948627 0 204 218 186
v 32.877086301830083 -90.32905223173826 0 204 218 186
v 32.877086301830083 -90.32905223173826 0 213 223 168
v 32.139380484327106 -88.302222155948627 0 213 223 168
v 25.901438927417548 -90.329052231738288 0 213 223 168
v 26.495963211660438 -92.402404807820957 0 213 223 168
v 26.495963211660438 -92.402404807820957 0 213 223 168
v 25.901438927417548 -90.329052231738288 0 213 223 168
v 19.537308163657151 -91.915808244899523 0 213 223 168
v 19.985754452088482 -94.025582155937229 0 213 223 168
v 19.985754452088482 -94.025582155937229 0 213 223 168
v 19.537308163657151 -91.915808244899523 0 213 223 168
v 13.077993598406763 -93.054759679636348 0 213 223 168
v 13.378177105786968 -95.190676319208222 0 213 223 168
v 13.378177105786968 -95.190676319208222 0 207 220 179
v 13.077993598406763 -93.054759679636348 0 207 220 179
v 6.554964362940261 -93.740357679045687 0 207 220 179
v 6.7054226253957214 -95.892011075985366 0 207 220 179
v 6.7054226253957214 -95.892011075985366 0 207 220 179
v 6.554964362940261 -93.740357679045687 0 207 220 179
v 0 -93.969262078590546 0 207 220 179
v 0 -96.126169593831548 0 207 220 179
v 0 -96.126169593831548 0 207 220 179
v 0 -93.969262078590546 0 207 220 179
v -6.5549643629398018 -93.740357679045687 0 207 220 179
v -6.7054226253951725 -95.892011075985366 0 207 220 179
v -6.7054226253951725 -95.892011075985366 0 247 237 95
v -6.5549643629398018 -93.740357679045687 0 247 237 95
v -13.077993598406303 -93.054759679636334 0 247 237 95
v -13.378177105786417 -95.190676319208222 0 247 237 95
v -13.378177105786417 -95.190676319208222 0 247 237 95
v -13.077993598406303 -93.054759679636334 0 247 237 95
v -19.537308163656682 -91.915808244899509 0 247 237 95
v -19.985754452087932 -94.025582155937229 0 247 237 95
v -19.985754452087932 -94.025582155937229 0 247 237 95
v -19.537308163656682 -91.915808244899509 0 247 237 95
v -25.901438927417082 -90.329052231738288 0 247 237 95
v -26.49596321165988 -92.402404807820986 0 247 237 95
v -26.49596321165988 -92.402404807820986 0 182 207 227
v -25.901438927417082 -90.329052231738288 0 182 207 227
v -32.139380484326637 -88.302222155948613 0 182 207 227
v -32.877086301829536 -90.329052231738274 0 182 207 227
v -32.877086301829536 -90.329052231738274 0 182 207 227
v -32.139380484326637 -88.302222155948613 0 182 207 227
v -38.220742210155777 -85.84519252992348 0 182 207 227
v -39.098035532329831 -87.815625593027107 0 182 207 227
v -39.098035532329831 -87.815625593027107 0 182 207 227
v -38.220742210155777 -85.84519252992348 0 182 207 227
v -44.115896321872611 -82.969933755021145 0 182 207 227
v -45.1285030638374 -84.874370053622542 0 182 207 227
v -45.1285030638374 -84.874370053622542 0 125 157 210
v -44.115896321872611 -82.969933755021145 0 125 157 210
v -49.796122221223669 -79.690453802972925 0 125 157 210
v -50.939109064719226 -81.519615114858553 0 125 157 210
v -50.939109064719226 -81.519615114858553 0 125 157 210
v -49.796122221223669 -79.690453802972925 0 125 157 210
v -55.233746418601626 -76.022729970453014 0 125 157 210
v -56.501544846619069 -77.767704805578035 0 125 157 210
v -56.501544846619069 -77.767704805578035 0 125 157 210
v -55.233746418601626 -76.022729970453014 0 125 157 210
v -60.402277355504935 -71.984631039295166 0 125 157 210
v -61.788710781541617 -73.636918055667095 0 125 157 210
v -61.788710781541617 -73.636918055667095 0 114 146 201
v -60.402277355504935 -71.984631039295166 0 114 146 201
v -65.276534468747897 -67.595830221583682 0 114 146 201
v -66.774848328515958 -69.147379642946092 0 114 146 201
v -66.774848328515958 -69.147379642946092 0 114 146 201
v -65.276534468747897 -67.595830221583682 0 114 146 201
v -69.832770867633442 -62.877709313741725 0 114 146 201
v -71.435665526618067 -64.320962147274926 0 114 146 201
v -71.435665526618067 -64.320962147274926 0 114 146 201
v -69.832770867633442 -62.877709313741725 0 114 146 201
v -74.048789026417452 -57.853254526568456 0 114 146 201
v -75.748455342962487 -59.181179389542748 0 114 146 201
v -75.748455342962487 -59.181179389542748 0 111 143 199
v -74.048789026417452 -57.853254526568456 0 111 143 199
v -77.904048928422981 -52.546944498730561 0 111 143 199
v -79.692206299084091 -53.753071874696069 0 111 143 199
v -79.692206299084091 -53.753071874696069 0 111 143 199
v -77.904048928422981 -52.546944498730561 0 111 143 199
v -81.379768134936853 -46.98463103929523 0 111 143 199
v -83.247704836749094 -48.063084796915753 0 111 143 199
v -83.247704836749094 -48.063084796915753 0 111 143 199
v -81.379768134936853 -46.98463103929523 0 111 143 199
v -84.459013291363007 -41.193413180315062 0 111 143 199
v -86.397628924479505 -42.138939201289261 0 111 143 199
v -86.397628924479505 -42.138939201289261 0 110 142 198
v -84.459013291363007 -41.193413180315062 0 110 142 198
v -87.126782624823946 -35.201505153067814 0 110 142 198
v -89.126632448749135 -36.009496929665445 0 110 142 198
v -89.126632448749135 -36.009496929665445 0 110 142 198
v -87.126782624823946 -35.201505153067814 0 110 142 198
v -89.370079031290317 -29.038098931157741 0 110 142 198
v -91.421419978706226 -29.704620008662278 0 110 142 198
v -91.421419978706226 -29.704620008662278 0 110 142 198
v -89.370079031290317 -29.038098931157741 0 110 142 198
v -91.177973396165171 -22.733222010154567 0 110 142 198
v -93.270811540176055 -23.255025164874862 0 110 142 198
v -93.270811540176055 -23.255025164874862 0 109 141 197
v -91.177973396165171 -22.733222010154567 0 109 141 197
v -92.541657839831757 -16.3175911166534 0 109 141 197
v -94.665797083371345 -16.692134176071136 0 109 141 197
v -94.665797083371345 -16.692134176071136 0 109 141 197
v -92.541657839831757 -16.3175911166534 0 109 141 197
v -93.454488628757588 -9.8224625594704236 0 109 141 197
v -95.599580378949099 -10.047920787449049 0 109 141 197
v -95.599580378949099 -10.047920787449049 0 109 141 197
v -93.454488628757588 -9.8224625594704236 0 109 141 197
v -93.912018543096451 -3.2794799520481912 0 109 141 197
v -96.067612128556817 -3.3547549387639792 0 109 141 197
v -93.912018543096792 -3.2794799520482543 0 109 141 197
v -91.298895043297463 -3.1882276686582918 0 109 141 197
v -91.298895043297463 3.1882276686582469 0 109 141 197
v -93.912018543096792 3.2794799520482076 0 109 141 197
v -93.912018543096792 3.2794799520482076 0 109 141 197
v -91.298895043297463 3.1882276686582469 0 109 141 197
v -90.85409600397935 9.5491502812526079 0 109 141 197
v -93.4544886287579 9.8224625594704609 0 109 141 197
v -93.4544886287579 9.8224625594704609 0 109 141 197
v -90.85409600397935 9.5491502812526079 0 109 141 197
v -89.966664941551642 15.863550393553934 0 109 141 197
v -92.541657839832069 16.317591116653457 0 109 141 197
v -92.541657839832069 16.317591116653457 0 109 141 197
v -89.966664941551642 15.863550393553934 0 109 141 197
v -88.640925330946246 22.100664882936375 0 109 141 197
v -91.177973396165498 22.733222010154638 0 109 141 197
v -91.177973396165498 22.733222010154638 0 109 141 197
v -88.640925330946246 22.100664882936375 0 109 141 197
v -86.883336042283119 28.230107154560216 0 109 141 197
v -89.370079031290629 29.038098931157837 0 109 141 197
v -89.370079031290629 29.038098931157837 0 109 141 197
v -86.883336042283119 28.230107154560216 0 109 141 197
v -84.702459873904388 34.222015181807485 0 109 141 197
v -87.12678262482423 35.201505153067934 0 109 141 197
v -87.12678262482423 35.201505153067934 0 110 142 198
v -84.702459873904388 34.222015181807485 0 110 142 198
v -82.108921835281492 40.047196991073932 0 110 142 198
v -84.459013291363263 41.193413180315197 0 110 142 198
v -84.459013291363263 41.193413180315197 0 110 142 198
v -82.108921835281492 40.047196991073932 0 110 142 198
v -79.11535738303705 45.677272882130019 0 110 142 198
v -81.379768134937095 46.984631039295387 0 110 142 198
v -81.379768134937095 46.984631039295387 0 110 142 198
v -79.11535738303705 45.677272882130019 0 110 142 198
v -75.736350862270385 51.084813691167788 0 110 142 198
v -77.904048928423194 52.546944498730717 0 110 142 198
v -77.904048928423194 52.546944498730717 0 111 143 199
v -75.736350862270385 51.084813691167788 0 111 143 199
v -71.988364453094093 56.243474422929701 0 111 143 199
v -74.048789026417651 57.853254526568627 0 111 143 199
v -74.048789026417651 57.853254526568627 0 111 143 199
v -71.988364453094093 56.243474422929701 0 111 143 199
v -67.889657968547411 61.128122600877383 0 111 143 199
v -69.832770867633627 62.877709313741903 0 111 143 199
v -69.832770867633627 62.877709313741903 0 111 143 199
v -67.889657968547411 61.128122600877383 0 111 143 199
v -63.460199894622541 65.714960710090992 0 111 143 199
v -65.276534468748082 67.595830221583867 0 111 143 199
v -65.276534468748082 67.595830221583867 0 114 146 201
v -63.460199894622541 65.714960710090992 0 114 146 201
v -58.721570105808048 69.9816421363698 0 114 146 201
v -60.402277355505092 71.98463103929538 0 114 146 201
v -60.402277355505092 71.98463103929538 0 114 146 201
v -58.721570105808048 69.9816421363698 0 114 146 201
v -53.696854730109628 73.907380036690256 0 114 146 201
v -55.233746418601775 76.022729970453241 0 114 146 201
v -55.233746418601775 76.022729970453241 0 114 146 201
v -53.696854730109628 73.907380036690256 0 114 146 201
v -48.41053367575509 77.473048610615834 0 114 146 201
v -49.796122221223797 79.690453802973153 0 114 146 201
v -49.796122221223797 79.690453802973153 0 121 153 207
v -48.41053367575509 77.473048610615834 0 121 153 207
v -42.888361367542096 80.661276279274091 0 121 153 207
v -44.115896321872711 82.969933755021373 0 121 153 207
v -44.115896321872711 82.969933755021373 0 121 153 207
v -42.888361367542096 80.661276279274091 0 121 153 207
v -37.157241273869445 83.456530317942878 0 121 153 207
v -38.220742210155862 85.845192529923708 0 121 153 207
v -38.220742210155862 85.845192529923708 0 121 153 207
v -37.157241273869445 83.456530317942878 0 121 153 207
v -31.245094835743338 85.845192529923736 0 121 153 207
v -32.139380484326701 88.30222215594884 0 121 153 207
v -32.139380484326701 88.30222215594884 0 181 206 228
v -31.245094835743338 85.845192529923736 0 181 206 228
v -25.180725436323439 87.815625593027377 0 181 206 228
v -25.901438927417132 90.329052231738515 0 181 206 228
v -25.901438927417132 90.329052231738515 0 181 206 228
v -25.180725436323439 87.815625593027377 0 181 206 228
v -18.993678073735435 89.35822975543762 0 181 206 228
v -19.537308163656721 91.91580824489975 0 181 206 228
v -19.537308163656721 91.91580824489975 0 181 206 228
v -18.993678073735435 89.35822975543762 0 181 206 228
v -12.714095420810038 90.465489604737201 0 181 206 228
v -13.077993598406321 93.054759679636561 0 181 206 228
v -13.077993598406321 93.054759679636561 0 223 228 147
v -12.714095420810038 90.465489604737201 0 223 228 147
v -6.3725709730108546 91.132010682241727 0 223 228 147
v -6.5549643629398053 93.740357679045914 0 223 228 147
v -6.5549643629398053 93.740357679045914 0 223 228 147
v -6.3725709730108546 91.132010682241727 0 223 228 147
v 0 91.354545764260038 0 223 228 147
v 0 93.969262078590759 0 223 228 147
v 0 93.969262078590759 0 223 228 147
v 0 91.354545764260038 0 223 228 147
v 6.3725709730113422 91.132010682241713 0 223 228 147
v 6.5549643629402841 93.7403576790459 0 223 228 147
v 6.5549643629402841 93.7403576790459 0 218 225 158
v 6.3725709730113422 91.132010682241713 0 218 225 158
v 12.714095420810525 90.465489604737186 0 218 225 158
v 13.077993598406797 93.054759679636533 0 218 225 158
v 13.077993598406797 93.054759679636533 0 218 225 158
v 12.714095420810525 90.465489604737186 0 218 225 158
v 18.993678073735921 89.358229755437591 0 218 225 158
v 19.53730816365719 91.915808244899708 0 218 225 158
v 19.53730816365719 91.915808244899708 0 218 225 158
v 18.993678073735921 89.358229755437591 0 218 225 158
v 25.180725436323918 87.815625593027363 0 218 225 158
v 25.901438927417601 90.329052231738501 0 218 225 158
v 25.901438927417601 90.329052231738501 0 192 212 210
v 25.180725436323918 87.815625593027363 0 192 212 210
v 31.245094835743814 85.845192529923708 0 192 212 210
v 32.13938048432717 88.302222155948812 0 192 212 210
v 32.13938048432717 88.302222155948812 0 192 212 210
v 31.245094835743814 85.845192529923708 0 192 212 210
v 37.157241273869921 83.45653031794285 0 192 212 210
v 38.220742210156324 85.845192529923665 0 192 212 210
v 38.220742210156324 85.845192529923665 0 192 212 210
v 37.157241273869921 83.45653031794285 0 192 212 210
v 42.888361367542572 80.661276279274063 0 192 212 210
v 44.115896321873166 82.96993375502133 0 192 212 210
v 44.115896321873166 82.96993375502133 0 196 215 201
v 42.888361367542572 80.661276279274063 0 196 215 201
v 48.410533675755552 77.473048610615791 0 196 215 201
v 49.796122221224238 79.690453802973096 0 196 215 201
v 49.796122221224238 79.690453802973096 0 196 215 201
v 48.410533675755552 77.473048610615791 0 196 215 201
v 53.696854730110097 73.907380036690199 0 196 215 201
v 55.233746418602202 76.022729970453184 0 196 215 201
v 55.233746418602202 76.022729970453184 0 196 215 201
v 53.696854730110097 73.907380036690199 0 196 215 201
v 58.721570105808489 69.981642136369729 0 196 215 201
v 60.402277355505525 71.984631039295323 0 196 215 201
v 60.402277355505525 71.984631039295323 0 222 227 150
v 58.721570105808489 69.981642136369729 0 222 227 150
v 63.460199894622974 65.714960710090935 0 222 227 150
v 65.276534468748494 67.595830221583839 0 222 227 150
v 65.276534468748494 67.595830221583839 0 222 227 150
v 63.460199894622974 65.714960710090935 0 222 227 150
v 67.889657968547866 61.12812260087734 0 222 227 150
v 69.832770867634054 62.877709313741867 0 222 227 150
v 69.832770867634054 62.877709313741867 0 222 227 150
v 67.889657968547866 61.12812260087734 0 222 227 150
v 71.988364453094533 56.243474422929658 0 222 227 150
v 74.048789026418063 57.853254526568584 0 222 227 150
v 74.048789026418063 57.853254526568584 0 246 238 101
v 71.988364453094533 56.243474422929658 0 246 238 101
v 75.736350862270811 51.084813691167753 0 246 238 101
v 77.904048928423606 52.546944498730674 0 246 238 101
v 77.904048928423606 52.546944498730674 0 246 238 101
v 75.736350862270811 51.084813691167753 0 246 238 101
v 79.115357383037477 45.677272882129984 0 246 238 101
v 81.379768134937493 46.984631039295337 0 246 238 101
v 81.379768134937493 46.984631039295337 0 246 238 101
v 79.115357383037477 45.677272882129984 0 246 238 101
v 82.108921835281905 40.047196991073896 0 246 238 101
v 84.459013291363632 41.193413180315162 0 246 238 101
v 84.459013291363632 41.193413180315162 0 209 221 176
v 82.108921835281905 40.047196991073896 0 209 221 176
v 84.702459873904786 34.222015181807457 0 209 221 176
v 87.126782624824585 35.201505153067899 0 209 221 176
v 87.126782624824585 35.201505153067899 0 209 221 176
v 84.702459873904786 34.222015181807457 0 209 221 176
v 86.883336042283503 28.230107154560198 0 209 221 176
v 89.370079031290956 29.038098931157815 0 209 221 176
v 89.370079031290956 29.038098931157815 0 209 221 176
v 86.883336042283503 28.230107154560198 0 209 221 176
v 88.640925330946615 22.100664882936364 0 209 221 176
v 91.177973396165811 22.733222010154634 0 209 221 176
v 91.177973396165811 22.733222010154634 0 185 208 222
v 88.640925330946615 22.100664882936364 0 185 208 222
v 89.96666494155204 15.863550393553934 0 185 208 222
v 92.541657839832396 16.317591116653457 0 185 208 222
v 92.541657839832396 16.317591116653457 0 185 208 222
v 89.96666494155204 15.863550393553934 0 185 208 222
v 90.85409600397972 9.549150281252615 0 185 208 222
v 93.454488628758227 9.8224625594704715 0 185 208 222
v 93.454488628758227 9.8224625594704715 0 185 208 222
v 90.85409600397972 9.549150281252615 0 185 208 222
v 91.298895043297819 3.1882276686582651 0 185 208 222
v 93.912018543097105 3.2794799520482303 0 185 208 222
v 93.912018543097105 3.2794799520482303 0 183 207 225
v 91.298895043297819 3.1882276686582651 0 183 207 225
v 91.298895043297819 -3.1882276686582625 0 183 207 225
v 93.912018543097091 -3.2794799520482165 0 183 207 225
v 93.912018543097091 -3.2794799520482165 0 183 207 225
v 91.298895043297819 -3.1882276686582625 0 183 207 225
v 90.854096003979706 -9.5491502812526132 0 183 207 225
v 93.454488628758199 -9.8224625594704538 0 183 207 225
v 93.454488628758199 -9.8224625594704538 0 183 207 225
v 90.854096003979706 -9.5491502812526132 0 183 207 225
v 89.966664941551997 -15.863550393553929 0 183 207 225
v 92.541657839832368 -16.317591116653436 0 183 207 225
v 92.541657839832368 -16.317591116653436 0 186 209 219
v 89.966664941551997 -15.863550393553929 0 186 209 219
v 88.640925330946601 -22.100664882936357 0 186 209 219
v 91.177973396165797 -22.733222010154602 0 186 209 219
v 91.177973396165797 -22.733222010154602 0 186 209 219
v 88.640925330946601 -22.100664882936357 0 186 209 219
v 86.883336042283474 -28.230107154560187 0 186 209 219
v 89.370079031290928 -29.038098931157784 0 186 209 219
v 89.370079031290928 -29.038098931157784 0 186 209 219
v 86.883336042283474 -28.230107154560187 0 186 209 219
v 84.702459873904743 -34.22201518180745 0 186 209 219
v 87.126782624824543 -35.201505153067863 0 186 209 219
v 87.126782624824543 -35.201505153067863 0 215 224 164
v 84.702459873904743 -34.22201518180745 0 215 224 164
v 82.108921835281848 -40.047196991073882 0 215 224 164
v 84.459013291363576 -41.193413180315119 0 215 224 164
v 84.459013291363576 -41.193413180315119 0 215 224 164
v 82.108921835281848 -40.047196991073882 0 215 224 164
v 79.11535738303742 -45.677272882129962 0 215 224 164
v 81.379768134937407 -46.984631039295294 0 215 224 164
v 81.379768134937407 -46.984631039295294 0 215 224 164
v 79.11535738303742 -45.677272882129962 0 215 224 164
v 75.736350862270754 -51.084813691167717 0 215 224 164
v 77.904048928423521 -52.546944498730603 0 215 224 164
v 77.904048928423521 -52.546944498730603 0 248 235 92
v 75.736350862270754 -51.084813691167717 0 248 235 92
v 71.988364453094476 -56.243474422929623 0 248 235 92
v 74.048789026417978 -57.853254526568506 0 248 235 92
v 74.048789026417978 -57.853254526568506 0 248 235 92
v 71.988364453094476 -56.243474422929623 0 248 235 92
v 67.889657968547809 -61.12812260087729 0 248 235 92
v 69.832770867633968 -62.877709313741761 0 248 235 92
v 69.832770867633968 -62.877709313741761 0 248 235 92
v 67.889657968547809 -61.12812260087729 0 248 235 92
v 63.460199894622932 -65.714960710090878 0 248 235 92
v 65.276534468748437 -67.595830221583697 0 248 235 92
v 65.276534468748437 -67.595830221583697 0 224 228 146
v 63.460199894622932 -65.714960710090878 0 224 228 146
v 58.721570105808432 -69.981642136369658 0 224 228 146
v 60.402277355505447 -71.984631039295209 0 224 228 146
v 60.402277355505447 -71.984631039295209 0 224 228 146
v 58.721570105808432 -69.981642136369658 0 224 228 146
v 53.696854730110026 -73.907380036690128 0 224 228 146
v 55.233746418602138 -76.022729970453057 0 224 228 146
v 55.233746418602138 -76.022729970453057 0 224 228 146
v 53.696854730110026 -73.907380036690128 0 224 228 146
v 48.410533675755495 -77.473048610615692 0 224 228 146
v 49.796122221224167 -79.690453802972954 0 224 228 146
v 49.796122221224167 -79.690453802972954 0 204 218 186
v 48.410533675755495 -77.473048610615692 0 204 218 186
v 42.888361367542508 -80.661276279273935 0 204 218 186
v 44.115896321873095 -82.969933755021174 0 204 218 186
v 44.115896321873095 -82.969933755021174 0 204 218 186
v 42.888361367542508 -80.661276279273935 0 204 218 186
v 37.157241273869865 -83.456530317942708 0 204 218 186
v 38.220742210156253 -85.845192529923509 0 204 218 186
v 38.220742210156253 -85.845192529923509 0 204 218 186
v 37.157241273869865 -83.456530317942708 0 204 218 186
v 31.245094835743771 -85.845192529923551 0 204 218 186
v 32.139380484327106 -88.302222155948627 0 204 218 186
v 32.139380484327106 -88.302222155948627 0 213 223 168
v 31.245094835743771 -85.845192529923551 0 213 223 168
v 25.180725436323879 -87.815625593027178 0 213 223 168
v 25.901438927417548 -90.329052231738288 0 213 223 168
v 25.901438927417548 -90.329052231738288 0 213 223 168
v 25.180725436323879 -87.815625593027178 0 213 223 168
v 18.993678073735886 -89.358229755437421 0 213 223 168
v 19.537308163657151 -91.915808244899523 0 213 223 168
v 19.537308163657151 -91.915808244899523 0 213 223 168
v 18.993678073735886 -89.358229755437421 0 213 223 168
v 12.714095420810501 -90.465489604737002 0 213 223 168
v 13.077993598406763 -93.054759679636348 0 213 223 168
v 13.077993598406763 -93.054759679636348 0 207 220 179
v 12.714095420810501 -90.465489604737002 0 207 220 179
v 6.3725709730113298 -91.132010682241528 0 207 220 179
v 6.554964362940261 -93.740357679045687 0 207 220 179
v 6.554964362940261 -93.740357679045687 0 207 220 179
v 6.3725709730113298 -91.132010682241528 0 207 220 179
v 0 -91.354545764259839 0 207 220 179
v 0 -93.969262078590546 0 207 220 179
v 0 -93.969262078590546 0 207 220 179
v 0 -91.354545764259839 0 207 220 179
v -6.3725709730108422 -91.132010682241514 0 207 220 179
v -6.5549643629398018 -93.740357679045687 0 207 220 179
v -6.5549643629398018 -93.740357679045687 0 247 237 95
v -6.3725709730108422 -91.132010682241514 0 247 237 95
v -12.714095420810011 -90.465489604736973 0 247 237 95
v -13.077993598406303 -93.054759679636334 0 247 237 95
v -13.077993598406303 -93.054759679636334 0 247 237 95
v -12.714095420810011 -90.465489604736973 0 247 237 95
v -18.993678073735392 -89.358229755437392 0 247 237 95
v -19.537308163656682 -91.915808244899509 0 247 237 95
v -19.537308163656682 -91.915808244899509 0 247 237 95
v -18.993678073735392 -89.358229755437392 0 247 237 95
v -25.180725436323382 -87.815625593027164 0 247 237 95
v -25.901438927417082 -90.329052231738288 0 247 237 95
v -25.901438927417082 -90.329052231738288 0 182 207 227
v -25.180725436323382 -87.815625593027164 0 182 207 227
v -31.245094835743267 -85.845192529923523 0 182 207 227
v -32.139380484326637 -88.302222155948613 0 182 207 227
v -32.139380484326637 -88.302222155948613 0 182 207 227
v -31.245094835743267 -85.845192529923523 0 182 207 227
v -37.15724127386936 -83.456530317942665 0 182 207 227
v -38.220742210155777 -85.84519252992348 0 182 207 227
v -38.220742210155777 -85.84519252992348 0 182 207 227
v -37.15724127386936 -83.456530317942665 0 182 207 227
v -42.888361367541997 -80.661276279273892 0 182 207 227
v -44.115896321872611 -82.969933755021145 0 182 207 227
v -44.115896321872611 -82.969933755021145 0 125 157 210
v -42.888361367541997 -80.661276279273892 0 125 157 210
v -48.410533675754976 -77.473048610615621 0 125 157 210
v -49.796122221223669 -79.690453802972925 0 125 157 210
v -49.796122221223669 -79.690453802972925 0 125 157 210
v -48.410533675754976 -77.473048610615621 0 125 157 210
v -53.696854730109507 -73.907380036690057 0 125 157 210
v -55.233746418601626 -76.022729970453014 0 125 157 210
v -55.233746418601626 -76.022729970453014 0 125 157 210
v -53.696854730109507 -73.907380036690057 0 125 157 210
v -58.721570105807892 -69.981642136369587 0 125 157 210
v -60.402277355504935 -71.984631039295166 0 125 157 210
v -60.402277355504935 -71.984631039295166 0 114 146 201
v -58.721570105807892 -69.981642136369587 0 114 146 201
v -63.46019989462237 -65.714960710090807 0 114 146 201
v -65.276534468747897 -67.595830221583682 0 114 146 201
v -65.276534468747897 -67.595830221583682 0 114 146 201
v -63.46019989462237 -65.714960710090807 0 114 146 201
v -67.889657968547226 -61.128122600877226 0 114 146 201
v -69.832770867633442 -62.877709313741725 0 114 146 201
v -69.832770867633442 -62.877709313741725 0 114 146 201
v -67.889657968547226 -61.128122600877226 0 114 146 201
v -71.98836445309388 -56.243474422929552 0 114 146 201
v -74.048789026417452 -57.853254526568456 0 114 146 201
v -74.048789026417452 -57.853254526568456 0 111 143 199
v -71.98836445309388 -56.243474422929552 0 111 143 199
v -75.736350862270157 -51.08481369116766 0 111 143 199
v -77.904048928422981 -52.546944498730561 0 111 143 199
v -77.904048928422981 -52.546944498730561 0 111 143 199
v -75.736350862270157 -51.08481369116766 0 111 143 199
v -79.115357383036823 -45.677272882129905 0 111 143 199
v -81.379768134936853 -46.98463103929523 0 111 143 199
v -81.379768134936853 -46.98463103929523 0 111 143 199
v -79.115357383036823 -45.677272882129905 0 111 143 199
v -82.108921835281237 -40.047196991073825 0 111 143 199
v -84.459013291363007 -41.193413180315062 0 111 143 199
v -84.459013291363007 -41.193413180315062 0 110 142 198
v -82.108921835281237 -40.047196991073825 0 110 142 198
v -84.702459873904118 -34.222015181807393 0 110 142 198
v -87.126782624823946 -35.201505153067814 0 110 142 198
v -87.126782624823946 -35.201505153067814 0 110 142 198
v -84.702459873904118 -34.222015181807393 0 110 142 198
v -86.883336042282835 -28.230107154560145 0 110 142 198
v -89.370079031290317 -29.038098931157741 0 110 142 198
v -89.370079031290317 -29.038098931157741 0 110 142 198
v -86.883336042282835 -28.230107154560145 0 110 142 198
v -88.640925330945933 -22.100664882936325 0 110 142 198
v -91.177973396165171 -22.733222010154567 0 110 142 198
v -91.177973396165171 -22.733222010154567 0 109 141 197
v -88.640925330945933 -22.100664882936325 0 109 141 197
v -89.966664941551358 -15.863550393553906 0 109 141 197
v -92.541657839831757 -16.3175911166534 0 109 141 197
v -92.541657839831757 -16.3175911166534 0 109 141 197
v -89.966664941551358 -15.863550393553906 0 109 141 197
v -90.854096003979052 -9.5491502812525972 0 109 141 197
v -93.454488628757588 -9.8224625594704236 0 109 141 197
v -93.454488628757588 -9.8224625594704236 0 109 141 197
v -90.854096003979052 -9.5491502812525972 0 109 141 197
v -91.298895043297151 -3.188227668658258 0 109 141 197
v -93.912018543096451 -3.2794799520481912 0 109 141 197
v -91.267596479202226 -3.9848293192755988 0 108 140 197
v -88.210722239569066 -3.8513633076204727 0 108 140 197
v -88.210722239569066 3.8513633076204292 0 108 140 197
v -91.267596479202226 3.9848293192755526 0 108 140 197
v -91.267596479202226 3.9848293192755526 0 108 140 197
v -88.210722239569066 3.8513633076204292 0 108 140 197
v -87.539385380235586 11.524778722573593 0 108 140 197
v -90.572994961114006 11.924161000601288 0 108 140 197
v -90.572994961114006 11.924161000601288 0 108 140 197
v -87.539385380235586 11.524778722573593 0 108 140 197
v -86.201820940432455 19.110483612596315 0 108 140 197
v -89.189078261902083 19.77274261670718 0 108 140 197
v -89.189078261902083 19.77274261670718 0 109 141 197
v -86.201820940432455 19.110483612596315 0 109 141 197
v -84.208208593190037 26.550746183101683 0 109 141 197
v -87.126378823279225 27.470841722391508 0 109 141 197
v -87.126378823279225 27.470841722391508 0 109 141 197
v -84.208208593190037 26.550746183101683 0 109 141 197
v -81.5737209322469 33.788941543374776 0 109 141 197
v -84.400595033465308 34.959871135220695 0 109 141 197
v -84.400595033465308 34.959871135220695 0 109 141 197
v -81.5737209322469 33.788941543374776 0 109 141 197
v -78.318407999449974 40.769982656182059 0 109 141 197
v -81.032471752974075 42.182834819363507 0 109 141 197
v -81.032471752974075 42.182834819363507 0 110 142 198
v -78.318407999449974 40.769982656182059 0 110 142 198
v -74.467044691829528 47.440739583387213 0 110 142 198
v -77.047642433698513 49.084761659838911 0 110 142 198
v -77.047642433698513 49.084761659838911 0 110 142 198
v -74.467044691829528 47.440739583387213 0 110 142 198
v -70.048942209673299 53.750443836861024 0 110 142 198
v -72.47643403286402 55.613123825893517 0 110 142 198
v -72.47643403286402 55.613123825893517 0 110 142 198
v -70.048942209673299 53.750443836861024 0 110 142 198
v -65.097724980593711 59.651074757330974 0 110 142 198
v -67.353636206572048 61.718236539510791 0 110 142 198
v -67.353636206572048 61.718236539510791 0 114 146 201
v -65.097724980593711 59.651074757330974 0 114 146 201
v -59.651074757330782 65.097724980593924 0 114 146 201
v -61.718236539510592 67.353636206572276 0 114 146 201
v -61.718236539510592 67.353636206572276 0 114 146 201
v -59.651074757330782 65.097724980593924 0 114 146 201
v -53.750443836860832 70.048942209673527 0 114 146 201
v -55.613123825893311 72.476434032864262 0 114 146 201
v -55.613123825893311 72.476434032864262 0 114 146 201
v -53.750443836860832 70.048942209673527 0 114 146 201
v -47.440739583387021 74.46704469182977 0 114 146 201
v -49.084761659838726 77.047642433698755 0 114 146 201
v -49.084761659838726 77.047642433698755 0 121 153 207
v -47.440739583387021 74.46704469182977 0 121 153 207
v -40.769982656181881 78.318407999450216 0 121 153 207
v -42.182834819363329 81.032471752974317 0 121 153 207
v -42.182834819363329 81.032471752974317 0 121 153 207
v -40.769982656181881 78.318407999450216 0 121 153 207
v -33.788941543374598 81.573720932247156 0 121 153 207
v -34.95987113522051 84.400595033465549 0 121 153 207
v -34.95987113522051 84.400595033465549 0 121 153 207
v -33.788941543374598 81.573720932247156 0 121 153 207
v -26.550746183101506 84.208208593190292 0 121 153 207
v -27.470841722391327 87.126378823279467 0 121 153 207
v -27.470841722391327 87.126378823279467 0 179 205 232
v -26.550746183101506 84.208208593190292 0 179 205 232
v -19.110483612596138 86.201820940432725 0 179 205 232
v -19.772742616706996 89.189078261902353 0 179 205 232
v -19.772742616706996 89.189078261902353 0 179 205 232
v -19.110483612596138 86.201820940432725 0 179 205 232
v -11.524778722573412 87.539385380235885 0 179 205 232
v -11.924161000601107 90.572994961114276 0 179 205 232
v -11.924161000601107 90.572994961114276 0 179 205 232
v -11.524778722573412 87.539385380235885 0 179 205 232
v -3.851363307620248 88.210722239569364 0 179 205 232
v -3.9848293192753701 91.267596479202496 0 179 205 232
v -3.9848293192753701 91.267596479202496 0 236 135 7
v -3.851363307620248 88.210722239569364 0 236 135 7
v 3.851363307620657 88.210722239569364 0 236 135 7
v 3.9848293192757809 91.267596479202496 0 236 135 7
v 3.9848293192757809 91.267596479202496 0 236 135 7
v 3.851363307620657 88.210722239569364 0 236 135 7
v 11.524778722573824 87.539385380235899 0 236 135 7
v 11.924161000601517 90.572994961114276 0 236 135 7
v 11.924161000601517 90.572994961114276 0 236 135 7
v 11.524778722573824 87.539385380235899 0 236 135 7
v 19.11048361259655 86.201820940432754 0 236 135 7
v 19.772742616707411 89.189078261902353 0 236 135 7
v 19.772742616707411 89.189078261902353 0 251 222 68
v 19.11048361259655 86.201820940432754 0 251 222 68
v 26.550746183101918 84.208208593190349 0 251 222 68
v 27.470841722391739 87.126378823279509 0 251 222 68
v 27.470841722391739 87.126378823279509 0 251 222 68
v 26.550746183101918 84.208208593190349 0 251 222 68
v 33.788941543375017 81.573720932247198 0 251 222 68
v 34.959871135220922 84.400595033465592 0 251 222 68
v 34.959871135220922 84.400595033465592 0 251 222 68
v 33.788941543375017 81.573720932247198 0 251 222 68
v 40.769982656182307 78.318407999450272 0 251 222 68
v 42.182834819363741 81.032471752974359 0 251 222 68
v 42.182834819363741 81.032471752974359 0 247 237 96
v 40.769982656182307 78.318407999450272 0 247 237 96
v 47.440739583387462 74.467044691829827 0 247 237 96
v 49.084761659839138 77.047642433698783 0 247 237 96
v 49.084761659839138 77.047642433698783 0 247 237 96
v 47.440739583387462 74.467044691829827 0 247 237 96
v 53.75044383686128 70.048942209673598 0 247 237 96
v 55.613123825893744 72.47643403286429 0 247 237 96
v 55.613123825893744 72.47643403286429 0 247 237 96
v 53.75044383686128 70.048942209673598 0 247 237 96
v 59.65107475733123 65.097724980594009 0 247 237 96
v 61.718236539511025 67.353636206572332 0 247 237 96
v 61.718236539511025 67.353636206572332 0 249 233 85
v 59.65107475733123 65.097724980594009 0 249 233 85
v 65.09772498059418 59.651074757331074 0 249 233 85
v 67.353636206572503 61.718236539510855 0 249 233 85
v 67.353636206572503 61.718236539510855 0 249 233 85
v 65.09772498059418 59.651074757331074 0 249 233 85
v 70.048942209673783 53.750443836861123 0 249 233 85
v 72.476434032864489 55.613123825893588 0 249 233 85
v 72.476434032864489 55.613123825893588 0 249 233 85
v 70.048942209673783 53.750443836861123 0 249 233 85
v 74.467044691830012 47.440739583387312 0 249 233 85
v 77.047642433698996 49.084761659839003 0 249 233 85
v 77.047642433698996 49.084761659839003 0 251 231 77
v 74.467044691830012 47.440739583387312 0 251 231 77
v 78.318407999450471 40.769982656182172 0 251 231 77
v 81.032471752974573 42.182834819363606 0 251 231 77
v 81.032471752974573 42.182834819363606 0 251 231 77
v 78.318407999450471 40.769982656182172 0 251 231 77
v 81.573720932247411 33.788941543374889 0 251 231 77
v 84.400595033465819 34.959871135220787 0 251 231 77
v 84.400595033465819 34.959871135220787 0 251 231 77
v 81.573720932247411 33.788941543374889 0 251 231 77
v 84.208208593190562 26.55074618310179 0 251 231 77
v 87.126378823279751 27.470841722391604 0 251 231 77
v 87.126378823279751 27.470841722391604 0 244 183 41
v 84.208208593190562 26.55074618310179 0 244 183 41
v 86.201820940432995 19.110483612596422 0 244 183 41
v 89.189078261902637 19.772742616707273 0 244 183 41
v 89.189078261902637 19.772742616707273 0 244 183 41
v 86.201820940432995 19.110483612596422 0 244 183 41
v 87.539385380236141 11.524778722573693 0 244 183 41
v 90.572994961114546 11.924161000601378 0 244 183 41
v 90.572994961114546 11.924161000601378 0 244 183 41
v 87.539385380236141 11.524778722573693 0 244 183 41
v 88.210722239569634 3.851363307620526 0 244 183 41
v 91.26759647920278 3.9848293192756401 0 244 183 41
v 91.26759647920278 3.9848293192756401 0 241 165 28
v 88.210722239569634 3.851363307620526 0 241 165 28
v 88.210722239569634 -3.8513633076203804 0 241 165 28
v 91.26759647920278 -3.984829319275514 0 241 165 28
v 91.26759647920278 -3.984829319275514 0 241 165 28
v 88.210722239569634 -3.8513633076203804 0 241 165 28
v 87.539385380236169 -11.524778722573551 0 241 165 28
v 90.57299496111456 -11.924161000601252 0 241 165 28
v 90.57299496111456 -11.924161000601252 0 241 165 28
v 87.539385380236169 -11.524778722573551 0 241 165 28
v 86.201820940433024 -19.11048361259628 0 241 165 28
v 89.189078261902651 -19.772742616707148 0 241 165 28
v 89.189078261902651 -19.772742616707148 0 243 179 38
v 86.201820940433024 -19.11048361259628 0 243 179 38
v 84.208208593190633 -26.550746183101651 0 243 179 38
v 87.126378823279808 -27.470841722391484 0 243 179 38
v 87.126378823279808 -27.470841722391484 0 243 179 38
v 84.208208593190633 -26.550746183101651 0 243 179 38
v 81.573720932247483 -33.788941543374754 0 243 179 38
v 84.400595033465891 -34.959871135220673 0 243 179 38
v 84.400595033465891 -34.959871135220673 0 243 179 38
v 81.573720932247483 -33.788941543374754 0 243 179 38
v 78.318407999450557 -40.769982656182044 0 243 179 38
v 81.032471752974658 -42.182834819363492 0 243 179 38
v 81.032471752974658 -42.182834819363492 0 250 220 67
v 78.318407999450557 -40.769982656182044 0 250 220 67
v 74.467044691830111 -47.440739583387206 0 250 220 67
v 77.047642433699082 -49.084761659838904 0 250 220 67
v 77.047642433699082 -49.084761659838904 0 250 220 67
v 74.467044691830111 -47.440739583387206 0 250 220 67
v 70.048942209673882 -53.750443836861024 0 250 220 67
v 72.476434032864589 -55.61312382589351 0 250 220 67
v 72.476434032864589 -55.61312382589351 0 250 220 67
v 70.048942209673882 -53.750443836861024 0 250 220 67
v 65.097724980594293 -59.651074757330974 0 250 220 67
v 67.353636206572631 -61.718236539510791 0 250 220 67
v 67.353636206572631 -61.718236539510791 0 249 234 85
v 65.097724980594293 -59.651074757330974 0 249 234 85
v 59.651074757331358 -65.097724980593924 0 249 234 85
v 61.718236539511153 -67.353636206572261 0 249 234 85
v 61.718236539511153 -67.353636206572261 0 249 234 85
v 59.651074757331358 -65.097724980593924 0 249 234 85
v 53.750443836861407 -70.048942209673527 0 249 234 85
v 55.613123825893879 -72.476434032864233 0 249 234 85
v 55.613123825893879 -72.476434032864233 0 249 234 85
v 53.750443836861407 -70.048942209673527 0 249 234 85
v 47.440739583387597 -74.467044691829756 0 249 234 85
v 49.084761659839288 -77.047642433698741 0 249 234 85
v 49.084761659839288 -77.047642433698741 0 249 234 86
v 47.440739583387597 -74.467044691829756 0 249 234 86
v 40.769982656182457 -78.318407999450216 0 249 234 86
v 42.182834819363883 -81.032471752974331 0 249 234 86
v 42.182834819363883 -81.032471752974331 0 249 234 86
v 40.769982656182457 -78.318407999450216 0 249 234 86
v 33.788941543375167 -81.57372093224717 0 249 234 86
v 34.959871135221071 -84.400595033465564 0 249 234 86
v 34.959871135221071 -84.400595033465564 0 249 234 86
v 33.788941543375167 -81.57372093224717 0 249 234 86
v 26.550746183102071 -84.208208593190321 0 249 234 86
v 27.470841722391881 -87.126378823279495 0 249 234 86
v 27.470841722391881 -87.126378823279495 0 252 230 75
v 26.550746183102071 -84.208208593190321 0 252 230 75
v 19.110483612596699 -86.201820940432754 0 252 230 75
v 19.772742616707543 -89.189078261902381 0 252 230 75
v 19.772742616707543 -89.189078261902381 0 252 230 75
v 19.110483612596699 -86.201820940432754 0 252 230 75
v 11.524778722573968 -87.539385380235913 0 252 230 75
v 11.924161000601648 -90.572994961114304 0 252 230 75
v 11.924161000601648 -90.572994961114304 0 252 230 75
v 11.524778722573968 -87.539385380235913 0 252 230 75
v 3.8513633076207983 -88.210722239569407 0 252 230 75
v 3.9848293192759079 -91.267596479202524 0 252 230 75
v 3.9848293192759079 -91.267596479202524 0 234 90 0
v 3.8513633076207983 -88.210722239569407 0 234 90 0
v -3.8513633076201121 -88.210722239569421 0 234 90 0
v -3.9848293192752489 -91.267596479202524 0 234 90 0
v -3.9848293192752489 -91.267596479202524 0 234 90 0
v -3.8513633076201121 -88.210722239569421 0 234 90 0
v -11.524778722573288 -87.539385380235942 0 234 90 0
v -11.924161000600989 -90.572994961114318 0 234 90 0
v -11.924161000600989 -90.572994961114318 0 234 90 0
v -11.524778722573288 -87.539385380235942 0 234 90 0
v -19.11048361259602 -86.201820940432796 0 234 90 0
v -19.772742616706889 -89.189078261902409 0 234 90 0
v -19.772742616706889 -89.189078261902409 0 181 206 228
v -19.11048361259602 -86.201820940432796 0 181 206 228
v -26.550746183101392 -84.208208593190406 0 181 206 228
v -27.470841722391228 -87.126378823279566 0 181 206 228
v -27.470841722391228 -87.126378823279566 0 181 206 228
v -26.550746183101392 -84.208208593190406 0 181 206 228
v -33.788941543374499 -81.573720932247269 0 181 206 228
v -34.959871135220425 -84.400595033465649 0 181 206 228
v -34.959871135220425 -84.400595033465649 0 181 206 228
v -33.788941543374499 -81.573720932247269 0 181 206 228
v -40.769982656181789 -78.318407999450343 0 181 206 228
v -42.182834819363244 -81.032471752974416 0 181 206 228
v -42.182834819363244 -81.032471752974416 0 121 153 207
v -40.769982656181789 -78.318407999450343 0 121 153 207
v -47.440739583386957 -74.467044691829898 0 121 153 207
v -49.084761659838655 -77.047642433698854 0 121 153 207
v -49.084761659838655 -77.047642433698854 0 121 153 207
v -47.440739583386957 -74.467044691829898 0 121 153 207
v -53.750443836860782 -70.048942209673669 0 121 153 207
v -55.613123825893268 -72.476434032864361 0 121 153 207
v -55.613123825893268 -72.476434032864361 0 121 153 207
v -53.750443836860782 -70.048942209673669 0 121 153 207
v -59.65107475733074 -65.09772498059408 0 121 153 207
v -61.718236539510549 -67.353636206572375 0 121 153 207
v -61.718236539510549 -67.353636206572375 0 114 146 201
v -59.65107475733074 -65.09772498059408 0 114 146 201
v -65.097724980593696 -59.651074757331152 0 114 146 201
v -67.35363620657202 -61.718236539510919 0 114 146 201
v -67.35363620657202 -61.718236539510919 0 114 146 201
v -65.097724980593696 -59.651074757331152 0 114 146 201
v -70.048942209673285 -53.750443836861194 0 114 146 201
v -72.476434032863992 -55.613123825893645 0 114 146 201
v -72.476434032863992 -55.613123825893645 0 114 146 201
v -70.048942209673285 -53.750443836861194 0 114 146 201
v -74.467044691829543 -47.440739583387384 0 114 146 201
v -77.047642433698499 -49.084761659839053 0 114 146 201
v -77.047642433698499 -49.084761659839053 0 110 142 198
v -74.467044691829543 -47.440739583387384 0 110 142 198
v -78.318407999450002 -40.769982656182243 0 110 142 198
v -81.032471752974089 -42.182834819363649 0 110 142 198
v -81.032471752974089 -42.182834819363649 0 110 142 198
v -78.318407999450002 -40.769982656182243 0 110 142 198
v -81.573720932246943 -33.788941543374953 0 110 142 198
v -84.400595033465322 -34.959871135220837 0 110 142 198
v -84.400595033465322 -34.959871135220837 0 110 142 198
v -81.573720932246943 -33.788941543374953 0 110 142 198
v -84.208208593190093 -26.550746183101857 0 110 142 198
v -87.126378823279254 -27.470841722391647 0 110 142 198
v -87.126378823279254 -27.470841722391647 0 109 141 197
v -84.208208593190093 -26.550746183101857 0 109 141 197
v -86.201820940432555 -19.110483612596482 0 109 141 197
v -89.189078261902139 -19.772742616707312 0 109 141 197
v -89.189078261902139 -19.772742616707312 0 109 141 197
v -86.201820940432555 -19.110483612596482 0 109 141 197
v -87.539385380235714 -11.524778722573751 0 109 141 197
v -90.572994961114063 -11.924161000601416 0 109 141 197
v -90.572994961114063 -11.924161000601416 0 109 141 197
v -87.539385380235714 -11.524778722573751 0 109 141 197
v -88.210722239569208 -3.8513633076205771 0 109 141 197
v -91.267596479202282 -3.9848293192756743 0 109 141 197
v -88.210722239569066 -3.8513633076204736 0 108 140 197
v -84.72409422809551 -3.6991338410683068 0 108 140 197
v -84.72409422809551 3.6991338410682642 0 108 140 197
v -88.210722239569066 3.8513633076204297 0 108 140 197
v -88.210722239569066 3.8513633076204297 0 108 140 197
v -84.72409422809551 3.6991338410682642 0 108 140 197
v -84.079292713212922 11.069248881076222 0 108 140 197
v -87.539385380235601 11.524778722573595 0 108 140 197
v -87.539385380235601 11.524778722573595 0 108 140 197
v -84.079292713212922 11.069248881076222 0 108 140 197
v -82.794597012317752 18.355120253303976 0 108 140 197
v -86.201820940432455 19.110483612596319 0 108 140 197
v -86.201820940432455 19.110483612596319 0 109 141 197
v -82.794597012317752 18.355120253303976 0 109 141 197
v -80.879784435414336 25.501298077279458 0 109 141 197
v -84.208208593190051 26.550746183101687 0 109 141 197
v -84.208208593190051 26.550746183101687 0 109 141 197
v -80.879784435414336 25.501298077279458 0 109 141 197
v -78.349427862408334 32.453395624782054 0 109 141 197
v -81.573720932246914 33.788941543374783 0 109 141 197
v -81.573720932246914 33.788941543374783 0 109 141 197
v -78.349427862408334 32.453395624782054 0 109 141 197
v -75.222784834691382 39.158503235684016 0 109 141 197
v -78.318407999449988 40.769982656182073 0 109 141 197
v -78.318407999449988 40.769982656182073 0 110 142 198
v -75.222784834691382 39.158503235684016 0 110 142 198
v -71.523650993623107 45.565590992411714 0 110 142 198
v -74.467044691829528 47.44073958338722 0 110 142 198
v -74.467044691829528 47.44073958338722 0 110 142 198
v -71.523650993623107 45.565590992411714 0 110 142 198
v -67.280178981332099 51.625897088431067 0 110 142 198
v -70.048942209673314 53.750443836861038 0 110 142 198
v -70.048942209673314 53.750443836861038 0 110 142 198
v -67.280178981332099 51.625897088431067 0 110 142 198
v -62.524664182110371 57.293298935038514 0 110 142 198
v -65.097724980593725 59.651074757330989 0 110 142 198
v -65.097724980593725 59.651074757330989 0 114 146 201
v -62.524664182110371 57.293298935038514 0 114 146 201
v -57.293298935038322 62.524664182110563 0 114 146 201
v -59.651074757330797 65.097724980593938 0 114 146 201
v -59.651074757330797 65.097724980593938 0 114 146 201
v -57.293298935038322 62.524664182110563 0 114 146 201
v -51.625897088430875 67.280178981332327 0 114 146 201
v -53.750443836860846 70.048942209673541 0 114 146 201
v -53.750443836860846 70.048942209673541 0 114 146 201
v -51.625897088430875 67.280178981332327 0 114 146 201
v -45.565590992411522 71.523650993623335 0 114 146 201
v -47.440739583387028 74.46704469182977 0 114 146 201
v -47.440739583387028 74.46704469182977 0 121 153 207
v -45.565590992411522 71.523650993623335 0 121 153 207
v -39.158503235683838 75.222784834691623 0 121 153 207
v -40.769982656181895 78.31840799945023 0 121 153 207
v -40.769982656181895 78.31840799945023 0 121 153 207
v -39.158503235683838 75.222784834691623 0 121 153 207
v -32.453395624781876 78.349427862408589 0 121 153 207
v -33.788941543374605 81.57372093224717 0 121 153 207
v -33.788941543374605 81.57372093224717 0 121 153 207
v -32.453395624781876 78.349427862408589 0 121 153 207
v -25.50129807727928 80.879784435414606 0 121 153 207
v -26.550746183101509 84.208208593190321 0 121 153 207
v -26.550746183101509 84.208208593190321 0 179 205 232
v -25.50129807727928 80.879784435414606 0 179 205 232
v -18.355120253303799 82.79459701231805 0 179 205 232
v -19.110483612596141 86.201820940432754 0 179 205 232
v -19.110483612596141 86.201820940432754 0 179 205 232
v -18.355120253303799 82.79459701231805 0 179 205 232
v -11.069248881076044 84.079292713213206 0 179 205 232
v -11.524778722573414 87.539385380235899 0 179 205 232
v -11.524778722573414 87.539385380235899 0 179 205 232
v -11.069248881076044 84.079292713213206 0 179 205 232
v -3.6991338410680812 84.724094228095822 0 179 205 232
v -3.851363307620248 88.210722239569392 0 179 205 232
v -3.851363307620248 88.210722239569392 0 236 135 7
v -3.6991338410680812 84.724094228095822 0 236 135 7
v 3.6991338410684924 84.724094228095822 0 236 135 7
v 3.8513633076206584 88.210722239569392 0 236 135 7
v 3.8513633076206584 88.210722239569392 0 236 135 7
v 3.6991338410684924 84.724094228095822 0 236 135 7
v 11.069248881076456 84.079292713213235 0 236 135 7
v 11.524778722573826 87.539385380235913 0 236 135 7
v 11.524778722573826 87.539385380235913 0 236 135 7
v 11.069248881076456 84.079292713213235 0 236 135 7
v 18.355120253304211 82.794597012318064 0 236 135 7
v 19.110483612596557 86.201820940432768 0 236 135 7
v 19.110483612596557 86.201820940432768 0 251 222 68
v 18.355120253304211 82.794597012318064 0 251 222 68
v 25.501298077279699 80.879784435414649 0 251 222 68
v 26.550746183101925 84.208208593190363 0 251 222 68
v 26.550746183101925 84.208208593190363 0 251 222 68
v 25.501298077279699 80.879784435414649 0 251 222 68
v 32.453395624782303 78.349427862408646 0 251 222 68
v 33.788941543375024 81.573720932247227 0 251 222 68
v 33.788941543375024 81.573720932247227 0 251 222 68
v 32.453395624782303 78.349427862408646 0 251 222 68
v 39.158503235684272 75.222784834691694 0 251 222 68
v 40.769982656182314 78.318407999450301 0 251 222 68
v 40.769982656182314 78.318407999450301 0 247 237 96
v 39.158503235684272 75.222784834691694 0 247 237 96
v 45.56559099241197 71.52365099362342 0 247 237 96
v 47.440739583387469 74.467044691829855 0 247 237 96
v 47.440739583387469 74.467044691829855 0 247 237 96
v 45.56559099241197 71.52365099362342 0 247 237 96
v 51.62589708843133 67.280178981332412 0 247 237 96
v 53.750443836861287 70.048942209673626 0 247 237 96
v 53.750443836861287 70.048942209673626 0 247 237 96
v 51.62589708843133 67.280178981332412 0 247 237 96
v 57.293298935038777 62.524664182110676 0 247 237 96
v 59.651074757331237 65.097724980594037 0 247 237 96
v 59.651074757331237 65.097724980594037 0 249 233 85
v 57.293298935038777 62.524664182110676 0 249 233 85
v 62.524664182110826 57.293298935038621 0 249 233 85
v 65.097724980594208 59.651074757331095 0 249 233 85
v 65.097724980594208 59.651074757331095 0 249 233 85
v 62.524664182110826 57.293298935038621 0 249 233 85
v 67.280178981332597 51.625897088431181 0 249 233 85
v 70.048942209673797 53.750443836861145 0 249 233 85
v 70.048942209673797 53.750443836861145 0 249 233 85
v 67.280178981332597 51.625897088431181 0 249 233 85
v 71.523650993623605 45.565590992411821 0 249 233 85
v 74.46704469183004 47.440739583387334 0 249 233 85
v 74.46704469183004 47.440739583387334 0 251 231 77
v 71.523650993623605 45.565590992411821 0 251 231 77
v 75.222784834691893 39.158503235684144 0 251 231 77
v 78.3184079994505 40.769982656182194 0 251 231 77
v 78.3184079994505 40.769982656182194 0 251 231 77
v 75.222784834691893 39.158503235684144 0 251 231 77
v 78.349427862408859 32.453395624782182 0 251 231 77
v 81.57372093224744 33.788941543374904 0 251 231 77
v 81.57372093224744 33.788941543374904 0 251 231 77
v 78.349427862408859 32.453395624782182 0 251 231 77
v 80.879784435414876 25.501298077279575 0 251 231 77
v 84.208208593190577 26.550746183101804 0 251 231 77
v 84.208208593190577 26.550746183101804 0 244 183 41
v 80.879784435414876 25.501298077279575 0 244 183 41
v 82.794597012318334 18.355120253304094 0 244 183 41
v 86.201820940433009 19.110483612596436 0 244 183 41
v 86.201820940433009 19.110483612596436 0 244 183 41
v 82.794597012318334 18.355120253304094 0 244 183 41
v 84.079292713213491 11.069248881076335 0 244 183 41
v 87.539385380236169 11.524778722573709 0 244 183 41
v 87.539385380236169 11.524778722573709 0 244 183 41
v 84.079292713213491 11.069248881076335 0 244 183 41
v 84.724094228096106 3.6991338410683703 0 244 183 41
v 88.210722239569648 3.8513633076205398 0 244 183 41
v 88.210722239569648 3.8513633076205398 0 241 165 28
v 84.724094228096106 3.6991338410683703 0 241 165 28
v 84.724094228096121 -3.6991338410682078 0 241 165 28
v 88.210722239569662 -3.8513633076203693 0 241 165 28
v 88.210722239569662 -3.8513633076203693 0 241 165 28
v 84.724094228096121 -3.6991338410682078 0 241 165 28
v 84.079292713213519 -11.069248881076174 0 241 165 28
v 87.539385380236183 -11.524778722573542 0 241 165 28
v 87.539385380236183 -11.524778722573542 0 241 165 28
v 84.079292713213519 -11.069248881076174 0 241 165 28
v 82.794597012318363 -18.355120253303937 0 241 165 28
v 86.201820940433052 -19.110483612596276 0 241 165 28
v 86.201820940433052 -19.110483612596276 0 243 179 38
v 82.794597012318363 -18.355120253303937 0 243 179 38
v 80.879784435414948 -25.501298077279426 0 243 179 38
v 84.208208593190648 -26.550746183101644 0 243 179 38
v 84.208208593190648 -26.550746183101644 0 243 179 38
v 80.879784435414948 -25.501298077279426 0 243 179 38
v 78.349427862408945 -32.45339562478204 0 243 179 38
v 81.573720932247511 -33.788941543374747 0 243 179 38
v 81.573720932247511 -33.788941543374747 0 243 179 38
v 78.349427862408945 -32.45339562478204 0 243 179 38
v 75.222784834691993 -39.158503235684009 0 243 179 38
v 78.318407999450585 -40.769982656182044 0 243 179 38
v 78.318407999450585 -40.769982656182044 0 250 220 67
v 75.222784834691993 -39.158503235684009 0 250 220 67
v 71.523650993623718 -45.565590992411714 0 250 220 67
v 74.467044691830139 -47.440739583387206 0 250 220 67
v 74.467044691830139 -47.440739583387206 0 250 220 67
v 71.523650993623718 -45.565590992411714 0 250 220 67
v 67.28017898133271 -51.625897088431074 0 250 220 67
v 70.04894220967391 -53.750443836861031 0 250 220 67
v 70.04894220967391 -53.750443836861031 0 250 220 67
v 67.28017898133271 -51.625897088431074 0 250 220 67
v 62.524664182110968 -57.293298935038521 0 250 220 67
v 65.097724980594322 -59.651074757330996 0 250 220 67
v 65.097724980594322 -59.651074757330996 0 249 234 85
v 62.524664182110968 -57.293298935038521 0 249 234 85
v 57.293298935038919 -62.524664182110584 0 249 234 85
v 59.651074757331372 -65.097724980593952 0 249 234 85
v 59.651074757331372 -65.097724980593952 0 249 234 85
v 57.293298935038919 -62.524664182110584 0 249 234 85
v 51.625897088431472 -67.280178981332341 0 249 234 85
v 53.750443836861422 -70.048942209673541 0 249 234 85
v 53.750443836861422 -70.048942209673541 0 249 234 85
v 51.625897088431472 -67.280178981332341 0 249 234 85
v 45.565590992412112 -71.523650993623363 0 249 234 85
v 47.440739583387604 -74.467044691829798 0 249 234 85
v 47.440739583387604 -74.467044691829798 0 249 234 86
v 45.565590992412112 -71.523650993623363 0 249 234 86
v 39.158503235684428 -75.222784834691652 0 249 234 86
v 40.769982656182464 -78.318407999450244 0 249 234 86
v 40.769982656182464 -78.318407999450244 0 249 234 86
v 39.158503235684428 -75.222784834691652 0 249 234 86
v 32.453395624782459 -78.349427862408604 0 249 234 86
v 33.788941543375174 -81.573720932247198 0 249 234 86
v 33.788941543375174 -81.573720932247198 0 249 234 86
v 32.453395624782459 -78.349427862408604 0 249 234 86
v 25.501298077279856 -80.879784435414635 0 249 234 86
v 26.550746183102071 -84.208208593190349 0 249 234 86
v 26.550746183102071 -84.208208593190349 0 252 230 75
v 25.501298077279856 -80.879784435414635 0 252 230 75
v 18.355120253304367 -82.794597012318107 0 252 230 75
v 19.110483612596695 -86.201820940432796 0 252 230 75
v 19.110483612596695 -86.201820940432796 0 252 230 75
v 18.355120253304367 -82.794597012318107 0 252 230 75
v 11.069248881076604 -84.079292713213263 0 252 230 75
v 11.524778722573963 -87.539385380235942 0 252 230 75
v 11.524778722573963 -87.539385380235942 0 252 230 75
v 11.069248881076604 -84.079292713213263 0 252 230 75
v 3.6991338410686341 -84.724094228095879 0 252 230 75
v 3.8513633076207898 -88.210722239569421 0 252 230 75
v 3.8513633076207898 -88.210722239569421 0 234 90 0
v 3.6991338410686341 -84.724094228095879 0 234 90 0
v -3.699133841067948 -84.724094228095893 0 234 90 0
v -3.8513633076201232 -88.210722239569435 0 234 90 0
v -3.8513633076201232 -88.210722239569435 0 234 90 0
v -3.699133841067948 -84.724094228095893 0 234 90 0
v -11.06924888107592 -84.079292713213292 0 234 90 0
v -11.524778722573298 -87.53938538023597 0 234 90 0
v -11.524778722573298 -87.53938538023597 0 234 90 0
v -11.06924888107592 -84.079292713213292 0 234 90 0
v -18.355120253303685 -82.794597012318135 0 234 90 0
v -19.110483612596035 -86.201820940432825 0 234 90 0
v -19.110483612596035 -86.201820940432825 0 181 206 228
v -18.355120253303685 -82.794597012318135 0 181 206 228
v -25.501298077279177 -80.87978443541472 0 181 206 228
v -26.55074618310141 -84.20820859319042 0 181 206 228
v -26.55074618310141 -84.20820859319042 0 181 206 228
v -25.501298077279177 -80.87978443541472 0 181 206 228
v -32.453395624781798 -78.349427862408717 0 181 206 228
v -33.78894154337452 -81.573720932247284 0 181 206 228
v -33.78894154337452 -81.573720932247284 0 181 206 228
v -32.453395624781798 -78.349427862408717 0 181 206 228
v -39.158503235683774 -75.222784834691765 0 181 206 228
v -40.769982656181817 -78.318407999450358 0 181 206 228
v -40.769982656181817 -78.318407999450358 0 121 153 207
v -39.158503235683774 -75.222784834691765 0 121 153 207
v -45.565590992411487 -71.523650993623477 0 121 153 207
v -47.440739583386978 -74.467044691829912 0 121 153 207
v -47.440739583386978 -74.467044691829912 0 121 153 207
v -45.565590992411487 -71.523650993623477 0 121 153 207
v -51.625897088430861 -67.280178981332455 0 121 153 207
v -53.750443836860804 -70.048942209673683 0 121 153 207
v -53.750443836860804 -70.048942209673683 0 121 153 207
v -51.625897088430861 -67.280178981332455 0 121 153 207
v -57.293298935038315 -62.524664182110726 0 121 153 207
v -59.651074757330768 -65.097724980594094 0 121 153 207
v -59.651074757330768 -65.097724980594094 0 114 146 201
v -57.293298935038315 -62.524664182110726 0 114 146 201
v -62.524664182110378 -57.293298935038678 0 114 146 201
v -65.097724980593711 -59.651074757331159 0 114 146 201
v -65.097724980593711 -59.651074757331159 0 114 146 201
v -62.524664182110378 -57.293298935038678 0 114 146 201
v -67.280178981332142 -51.62589708843123 0 114 146 201
v -70.048942209673328 -53.750443836861209 0 114 146 201
v -70.048942209673328 -53.750443836861209 0 114 146 201
v -67.280178981332142 -51.62589708843123 0 114 146 201
v -71.52365099362315 -45.56559099241187 0 114 146 201
v -74.467044691829571 -47.440739583387398 0 114 146 201
v -74.467044691829571 -47.440739583387398 0 110 142 198
v -71.52365099362315 -45.56559099241187 0 110 142 198
v -75.222784834691439 -39.158503235684179 0 110 142 198
v -78.318407999450045 -40.76998265618225 0 110 142 198
v -78.318407999450045 -40.76998265618225 0 110 142 198
v -75.222784834691439 -39.158503235684179 0 110 142 198
v -78.349427862408405 -32.453395624782218 0 110 142 198
v -81.573720932246985 -33.788941543374953 0 110 142 198
v -81.573720932246985 -33.788941543374953 0 110 142 198
v -78.349427862408405 -32.453395624782218 0 110 142 198
v -80.879784435414436 -25.501298077279603 0 110 142 198
v -84.20820859319015 -26.550746183101854 0 110 142 198
v -84.20820859319015 -26.550746183101854 0 109 141 197
v -80.879784435414436 -25.501298077279603 0 109 141 197
v -82.794597012317894 -18.355120253304115 0 109 141 197
v -86.201820940432597 -19.110483612596475 0 109 141 197
v -86.201820940432597 -19.110483612596475 0 109 141 197
v -82.794597012317894 -18.355120253304115 0 109 141 197
v -84.079292713213064 -11.069248881076348 0 109 141 197
v -87.539385380235757 -11.524778722573739 0 109 141 197
v -87.539385380235757 -11.524778722573739 0 109 141 197
v -84.079292713213064 -11.069248881076348 0 109 141 197
v -84.724094228095666 -3.6991338410683756 0 109 141 197
v -88.21072223956925 -3.8513633076205616 0 109 141 197
v -84.72409422809551 -3.6991338410683068 0 108 140 197
v -80.824698945978838 -3.5288825662780887 0 108 140 197
v -80.824698945978838 3.5288825662780474 0 108 140 197
v -84.72409422809551 3.6991338410682642 0 108 140 197
v -84.72409422809551 3.6991338410682642 0 108 140 197
v -80.824698945978838 3.5288825662780474 0 108 140 197
v -80.209574183712391 10.559790771707256 0 108 140 197
v -84.079292713212922 11.069248881076222 0 108 140 197
v -84.079292713212922 11.069248881076222 0 108 140 197
v -80.209574183712391 10.559790771707256 0 108 140 197
v -78.984006130042815 17.510332593187776 0 108 140 197
v -82.794597012317752 18.355120253303976 0 108 140 197
v -82.794597012317752 18.355120253303976 0 109 141 197
v -78.984006130042815 17.510332593187776 0 109 141 197
v -77.157322097876786 24.327610210606235 0 109 141 197
v -80.879784435414336 25.501298077279458 0 109 141 197
v -80.879784435414336 25.501298077279458 0 109 141 197
v -77.157322097876786 24.327610210606235 0 109 141 197
v -74.743424255681035 30.959740024909316 0 109 141 197
v -78.349427862408334 32.453395624782054 0 109 141 197
v -78.349427862408334 32.453395624782054 0 109 141 197
v -74.743424255681035 30.959740024909316 0 109 141 197
v -71.760683823586035 37.356247523620695 0 109 141 197
v -75.222784834691382 39.158503235684016 0 109 141 197
v -75.222784834691382 39.158503235684016 0 110 142 198
v -71.760683823586035 37.356247523620695 0 110 142 198
v -68.231801257307964 43.468451422358356 0 110 142 198
v -71.523650993623107 45.565590992411714 0 110 142 198
v -71.523650993623107 45.565590992411714 0 110 142 198
v -68.231801257307964 43.468451422358356 0 110 142 198
v -64.18363348397375 49.249834158803274 0 110 142 198
v -67.280178981332099 51.625897088431067 0 110 142 198
v -67.280178981332099 51.625897088431067 0 110 142 198
v -64.18363348397375 49.249834158803274 0 110 142 198
v -59.646989504689003 54.656395919436783 0 110 142 198
v -62.524664182110371 57.293298935038514 0 110 142 198
v -62.524664182110371 57.293298935038514 0 114 146 201
v -59.646989504689003 54.656395919436783 0 114 146 201
v -54.656395919436591 59.646989504689195 0 114 146 201
v -57.293298935038322 62.524664182110563 0 114 146 201
v -57.293298935038322 62.524664182110563 0 114 146 201
v -54.656395919436591 59.646989504689195 0 114 146 201
v -49.249834158803083 64.183633483973964 0 114 146 201
v -51.625897088430875 67.280178981332327 0 114 146 201
v -51.625897088430875 67.280178981332327 0 114 146 201
v -49.249834158803083 64.183633483973964 0 114 146 201
v -43.468451422358157 68.231801257308192 0 114 146 201
v -45.565590992411522 71.523650993623335 0 114 146 201
v -45.565590992411522 71.523650993623335 0 121 153 207
v -43.468451422358157 68.231801257308192 0 121 153 207
v -37.356247523620496 71.760683823586263 0 121 153 207
v -39.158503235683838 75.222784834691623 0 121 153 207
v -39.158503235683838 75.222784834691623 0 121 153 207
v -37.356247523620496 71.760683823586263 0 121 153 207
v -30.95974002490912 74.743424255681262 0 121 153 207
v -32.453395624781876 78.349427862408589 0 121 153 207
v -32.453395624781876 78.349427862408589 0 121 153 207
v -30.95974002490912 74.743424255681262 0 121 153 207
v -24.327610210606043 77.157322097877014 0 121 153 207
v -25.50129807727928 80.879784435414606 0 121 153 207
v -25.50129807727928 80.879784435414606 0 179 205 232
v -24.327610210606043 77.157322097877014 0 179 205 232
v -17.510332593187581 78.98400613004307 0 179 205 232
v -18.355120253303799 82.79459701231805 0 179 205 232
v -18.355120253303799 82.79459701231805 0 179 205 232
v -17.510332593187581 78.98400613004307 0 179 205 232
v -10.559790771707068 80.209574183712661 0 179 205 232
v -11.069248881076044 84.079292713213206 0 179 205 232
v -11.069248881076044 84.079292713213206 0 179 205 232
v -10.559790771707068 80.209574183712661 0 179 205 232
v -3.5288825662778596 80.824698945979108 0 179 205 232
v -3.6991338410680812 84.724094228095822 0 179 205 232
v -3.6991338410680812 84.724094228095822 0 236 135 7
v -3.5288825662778596 80.824698945979108 0 236 135 7
v 3.5288825662782766 80.824698945979108 0 236 135 7
v 3.6991338410684924 84.724094228095822 0 236 135 7
v 3.6991338410684924 84.724094228095822 0 236 135 7
v 3.5288825662782766 80.824698945979108 0 236 135 7
v 10.559790771707485 80.209574183712661 0 236 135 7
v 11.069248881076456 84.079292713213235 0 236 135 7
v 11.069248881076456 84.079292713213235 0 236 135 7
v 10.559790771707485 80.209574183712661 0 236 135 7
v 17.510332593188004 78.984006130043085 0 236 135 7
v 18.355120253304211 82.794597012318064 0 236 135 7
v 18.355120253304211 82.794597012318064 0 251 222 68
v 17.510332593188004 78.984006130043085 0 251 222 68
v 24.327610210606466 77.157322097877056 0 251 222 68
v 25.501298077279699 80.879784435414649 0 251 222 68
v 25.501298077279699 80.879784435414649 0 251 222 68
v 24.327610210606466 77.157322097877056 0 251 222 68
v 30.959740024909546 74.743424255681305 0 251 222 68
v 32.453395624782303 78.349427862408646 0 251 222 68
v 32.453395624782303 78.349427862408646 0 251 222 68
v 30.959740024909546 74.743424255681305 0 251 222 68
v 37.356247523620929 71.760683823586305 0 251 222 68
v 39.158503235684272 75.222784834691694 0 251 222 68
v 39.158503235684272 75.222784834691694 0 247 237 96
v 37.356247523620929 71.760683823586305 0 247 237 96
v 43.468451422358584 68.231801257308234 0 247 237 96
v 45.56559099241197 71.52365099362342 0 247 237 96
v 45.56559099241197 71.52365099362342 0 247 237 96
v 43.468451422358584 68.231801257308234 0 247 237 96
v 49.249834158803509 64.18363348397402 0 247 237 96
v 51.62589708843133 67.280178981332412 0 247 237 96
v 51.62589708843133 67.280178981332412 0 247 237 96
v 49.249834158803509 64.18363348397402 0 247 237 96
v 54.65639591943701 59.646989504689259 0 247 237 96
v 57.293298935038777 62.524664182110676 0 247 237 96
v 57.293298935038777 62.524664182110676 0 249 233 85
v 54.65639591943701 59.646989504689259 0 249 233 85
v 59.646989504689422 54.656395919436846 0 249 233 85
v 62.524664182110826 57.293298935038621 0 249 233 85
v 62.524664182110826 57.293298935038621 0 249 233 85
v 59.646989504689422 54.656395919436846 0 249 233 85
v 64.183633483974191 49.249834158803338 0 249 233 85
v 67.280178981332597 51.625897088431181 0 249 233 85
v 67.280178981332597 51.625897088431181 0 249 233 85
v 64.183633483974191 49.249834158803338 0 249 233 85
v 68.231801257308419 43.468451422358413 0 249 233 85
v 71.523650993623605 45.565590992411821 0 249 233 85
v 71.523650993623605 45.565590992411821 0 251 231 77
v 68.231801257308419 43.468451422358413 0 251 231 77
v 71.76068382358649 37.356247523620752 0 251 231 77
v 75.222784834691893 39.158503235684144 0 251 231 77
v 75.222784834691893 39.158503235684144 0 251 231 77
v 71.76068382358649 37.356247523620752 0 251 231 77
v 74.743424255681489 30.959740024909376 0 251 231 77
v 78.349427862408859 32.453395624782182 0 251 231 77
v 78.349427862408859 32.453395624782182 0 251 231 77
v 74.743424255681489 30.959740024909376 0 251 231 77
v 77.157322097877241 24.327610210606299 0 251 231 77
v 80.879784435414876 25.501298077279575 0 251 231 77
v 80.879784435414876 25.501298077279575 0 244 183 41
v 77.157322097877241 24.327610210606299 0 244 183 41
v 78.984006130043312 17.510332593187837 0 244 183 41
v 82.794597012318334 18.355120253304094 0 244 183 41
v 82.794597012318334 18.355120253304094 0 244 183 41
v 78.984006130043312 17.510332593187837 0 244 183 41
v 80.209574183712888 10.559790771707323 0 244 183 41
v 84.079292713213491 11.069248881076335 0 244 183 41
v 84.079292713213491 11.069248881076335 0 244 183 41
v 80.209574183712888 10.559790771707323 0 244 183 41
v 80.82469894597935 3.5288825662781167 0 244 183 41
v 84.724094228096106 3.6991338410683703 0 244 183 41
v 84.724094228096106 3.6991338410683703 0 241 165 28
v 80.82469894597935 3.5288825662781167 0 241 165 28
v 80.82469894597935 -3.5288825662780194 0 241 165 28
v 84.724094228096121 -3.6991338410682078 0 241 165 28
v 84.724094228096121 -3.6991338410682078 0 241 165 28
v 80.82469894597935 -3.5288825662780194 0 241 165 28
v 80.209574183712888 -10.559790771707227 0 241 165 28
v 84.079292713213519 -11.069248881076174 0 241 165 28
v 84.079292713213519 -11.069248881076174 0 241 165 28
v 80.209574183712888 -10.559790771707227 0 241 165 28
v 78.984006130043312 -17.510332593187744 0 241 165 28
v 82.794597012318363 -18.355120253303937 0 241 165 28
v 82.794597012318363 -18.355120253303937 0 243 179 38
v 78.984006130043312 -17.510332593187744 0 243 179 38
v 77.157322097877298 -24.327610210606206 0 243 179 38
v 80.879784435414948 -25.501298077279426 0 243 179 38
v 80.879784435414948 -25.501298077279426 0 243 179 38
v 77.157322097877298 -24.327610210606206 0 243 179 38
v 74.743424255681532 -30.959740024909284 0 243 179 38
v 78.349427862408945 -32.45339562478204 0 243 179 38
v 78.349427862408945 -32.45339562478204 0 243 179 38
v 74.743424255681532 -30.959740024909284 0 243 179 38
v 71.760683823586533 -37.356247523620667 0 243 179 38
v 75.222784834691993 -39.158503235684009 0 243 179 38
v 75.222784834691993 -39.158503235684009 0 250 220 67
v 71.760683823586533 -37.356247523620667 0 250 220 67
v 68.231801257308476 -43.468451422358328 0 250 220 67
v 71.523650993623718 -45.565590992411714 0 250 220 67
v 71.523650993623718 -45.565590992411714 0 250 220 67
v 68.231801257308476 -43.468451422358328 0 250 220 67
v 64.183633483974262 -49.249834158803253 0 250 220 67
v 67.28017898133271 -51.625897088431074 0 250 220 67
v 67.28017898133271 -51.625897088431074 0 250 220 67
v 64.183633483974262 -49.249834158803253 0 250 220 67
v 59.6469895046895 -54.656395919436754 0 250 220 67
v 62.524664182110968 -57.293298935038521 0 250 220 67
v 62.524664182110968 -57.293298935038521 0 249 234 85
v 59.6469895046895 -54.656395919436754 0 249 234 85
v 54.656395919437088 -59.646989504689166 0 249 234 85
v 57.293298935038919 -62.524664182110584 0 249 234 85
v 57.293298935038919 -62.524664182110584 0 249 234 85
v 54.656395919437088 -59.646989504689166 0 249 234 85
v 49.24983415880358 -64.183633483973921 0 249 234 85
v 51.625897088431472 -67.280178981332341 0 249 234 85
v 51.625897088431472 -67.280178981332341 0 249 234 85
v 49.24983415880358 -64.183633483973921 0 249 234 85
v 43.468451422358655 -68.231801257308149 0 249 234 85
v 45.565590992412112 -71.523650993623363 0 249 234 85
v 45.565590992412112 -71.523650993623363 0 249 234 86
v 43.468451422358655 -68.231801257308149 0 249 234 86
v 37.356247523620993 -71.76068382358622 0 249 234 86
v 39.158503235684428 -75.222784834691652 0 249 234 86
v 39.158503235684428 -75.222784834691652 0 249 234 86
v 37.356247523620993 -71.76068382358622 0 249 234 86
v 30.959740024909618 -74.743424255681219 0 249 234 86
v 32.453395624782459 -78.349427862408604 0 249 234 86
v 32.453395624782459 -78.349427862408604 0 249 234 86
v 30.959740024909618 -74.743424255681219 0 249 234 86
v 24.32761021060654 -77.157322097876971 0 249 234 86
v 25.501298077279856 -80.879784435414635 0 249 234 86
v 25.501298077279856 -80.879784435414635 0 252 230 75
v 24.32761021060654 -77.157322097876971 0 252 230 75
v 17.510332593188078 -78.984006130043042 0 252 230 75
v 18.355120253304367 -82.794597012318107 0 252 230 75
v 18.355120253304367 -82.794597012318107 0 252 230 75
v 17.510332593188078 -78.984006130043042 0 252 230 75
v 10.559790771707565 -80.209574183712618 0 252 230 75
v 11.069248881076604 -84.079292713213263 0 252 230 75
v 11.069248881076604 -84.079292713213263 0 252 230 75
v 10.559790771707565 -80.209574183712618 0 252 230 75
v 3.5288825662783583 -80.82469894597908 0 252 230 75
v 3.6991338410686341 -84.724094228095879 0 252 230 75
v 3.6991338410686341 -84.724094228095879 0 234 90 0
v 3.5288825662783583 -80.82469894597908 0 234 90 0
v -3.5288825662777779 -80.82469894597908 0 234 90 0
v -3.699133841067948 -84.724094228095893 0 234 90 0
v -3.699133841067948 -84.724094228095893 0 234 90 0
v -3.5288825662777779 -80.82469894597908 0 234 90 0
v -10.559790771706986 -80.209574183712618 0 234 90 0
v -11.06924888107592 -84.079292713213292 0 234 90 0
v -11.06924888107592 -84.079292713213292 0 234 90 0
v -10.559790771706986 -80.209574183712618 0 234 90 0
v -17.510332593187503 -78.984006130043042 0 234 90 0
v -18.355120253303685 -82.794597012318135 0 234 90 0
v -18.355120253303685 -82.794597012318135 0 181 206 228
v -17.510332593187503 -78.984006130043042 0 181 206 228
v -24.327610210605965 -77.157322097877028 0 181 206 228
v -25.501298077279177 -80.87978443541472 0 181 206 228
v -25.501298077279177 -80.87978443541472 0 181 206 228
v -24.327610210605965 -77.157322097877028 0 181 206 228
v -30.959740024909042 -74.743424255681262 0 181 206 228
v -32.453395624781798 -78.349427862408717 0 181 206 228
v -32.453395624781798 -78.349427862408717 0 181 206 228
v -30.959740024909042 -74.743424255681262 0 181 206 228
v -37.356247523620425 -71.760683823586263 0 181 206 228
v -39.158503235683774 -75.222784834691765 0 181 206 228
v -39.158503235683774 -75.222784834691765 0 121 153 207
v -37.356247523620425 -71.760683823586263 0 121 153 207
v -43.468451422358086 -68.231801257308206 0 121 153 207
v -45.565590992411487 -71.523650993623477 0 121 153 207
v -45.565590992411487 -71.523650993623477 0 121 153 207
v -43.468451422358086 -68.231801257308206 0 121 153 207
v -49.249834158803012 -64.183633483973992 0 121 153 207
v -51.625897088430861 -67.280178981332455 0 121 153 207
v -51.625897088430861 -67.280178981332455 0 121 153 207
v -49.249834158803012 -64.183633483973992 0 121 153 207
v -54.656395919436513 -59.646989504689245 0 121 153 207
v -57.293298935038315 -62.524664182110726 0 121 153 207
v -57.293298935038315 -62.524664182110726 0 114 146 201
v -54.656395919436513 -59.646989504689245 0 114 146 201
v -59.646989504688925 -54.656395919436832 0 114 146 201
v -62.524664182110378 -57.293298935038678 0 114 146 201
v -62.524664182110378 -57.293298935038678 0 114 146 201
v -59.646989504688925 -54.656395919436832 0 114 146 201
v -64.183633483973679 -49.249834158803324 0 114 146 201
v -67.280178981332142 -51.62589708843123 0 114 146 201
v -67.280178981332142 -51.62589708843123 0 114 146 201
v -64.183633483973679 -49.249834158803324 0 114 146 201
v -68.231801257307907 -43.468451422358399 0 114 146 201
v -71.52365099362315 -45.56559099241187 0 114 146 201
v -71.52365099362315 -45.56559099241187 0 110 142 198
v -68.231801257307907 -43.468451422358399 0 110 142 198
v -71.760683823585978 -37.356247523620738 0 110 142 198
v -75.222784834691439 -39.158503235684179 0 110 142 198
v -75.222784834691439 -39.158503235684179 0 110 142 198
v -71.760683823585978 -37.356247523620738 0 110 142 198
v -74.743424255680978 -30.959740024909362 0 110 142 198
v -78.349427862408405 -32.453395624782218 0 110 142 198
v -78.349427862408405 -32.453395624782218 0 110 142 198
v -74.743424255680978 -30.959740024909362 0 110 142 198
v -77.15732209787673 -24.327610210606284 0 110 142 198
v -80.879784435414436 -25.501298077279603 0 110 142 198
v -80.879784435414436 -25.501298077279603 0 109 141 197
v -77.15732209787673 -24.327610210606284 0 109 141 197
v -78.9840061300428 -17.510332593187822 0 109 141 197
v -82.794597012317894 -18.355120253304115 0 109 141 197
v -82.794597012317894 -18.355120253304115 0 109 141 197
v -78.9840061300428 -17.510332593187822 0 109 141 197
v -80.209574183712377 -10.559790771707309 0 109 141 197
v -84.079292713213064 -11.069248881076348 0 109 141 197
v -84.079292713213064 -11.069248881076348 0 109 141 197
v -80.209574183712377 -10.559790771707309 0 109 141 197
v -80.824698945978838 -3.5288825662781025 0 109 141 197
v -84.724094228095666 -3.6991338410683756 0 109 141 197
v -80.824698945978852 -3.5288825662780887 0 102 134 191
v -76.531533855067707 -3.3414389303469982 0 102 134 191
v -76.531533855067707 3.3414389303469609 0 102 134 191
v -80.824698945978852 3.5288825662780487 0 102 134 191
v -80.824698945978852 3.5288825662780487 0 102 134 191
v -76.531533855067707 3.3414389303469609 0 102 134 191
v -75.949082671427036 9.9988864231649917 0 102 134 191
v -80.209574183712391 10.559790771707258 0 102 134 191
v -80.209574183712391 10.559790771707258 0 102 134 191
v -75.949082671427036 9.9988864231649917 0 102 134 191
v -74.788613109346855 16.580236352810044 0 102 134 191
v -78.984006130042829 17.51033259318778 0 102 134 191
v -78.984006130042829 17.51033259318778 0 102 134 191
v -74.788613109346855 16.580236352810044 0 102 134 191
v -73.058957042905277 23.03540067238978 0 102 134 191
v -77.157322097876801 24.327610210606242 0 102 134 191
v -77.157322097876801 24.327610210606242 0 102 134 191
v -73.058957042905277 23.03540067238978 0 102 134 191
v -70.773278199162803 29.315251683697412 0 102 134 191
v -74.743424255681049 30.959740024909326 0 102 134 191
v -74.743424255681049 30.959740024909326 0 102 134 191
v -70.773278199162803 29.315251683697412 0 102 134 191
v -67.948971974250924 35.371995928659182 0 102 134 191
v -71.760683823586049 37.356247523620709 0 102 134 191
v -71.760683823586049 37.356247523620709 0 103 135 192
v -67.948971974250924 35.371995928659182 0 103 135 192
v -64.607533043903942 41.15953792640876 0 103 135 192
v -68.231801257307978 43.46845142235837 0 103 135 192
v -68.231801257307978 43.46845142235837 0 103 135 192
v -64.607533043903942 41.15953792640876 0 103 135 192
v -60.774391775997813 46.633830987729866 0 103 135 192
v -64.183633483973765 49.249834158803296 0 103 135 192
v -64.183633483973765 49.249834158803296 0 103 135 192
v -60.774391775997813 46.633830987729866 0 103 135 192
v -56.478720690095251 51.753212436957327 0 103 135 192
v -59.64698950468901 54.656395919436804 0 103 135 192
v -59.64698950468901 54.656395919436804 0 106 138 194
v -56.478720690095251 51.753212436957327 0 106 138 194
v -51.753212436957099 56.478720690095493 0 106 138 194
v -54.656395919436605 59.646989504689216 0 106 138 194
v -54.656395919436605 59.646989504689216 0 106 138 194
v -51.753212436957099 56.478720690095493 0 106 138 194
v -46.633830987729652 60.774391775998055 0 106 138 194
v -49.24983415880309 64.183633483973992 0 106 138 194
v -49.24983415880309 64.183633483973992 0 106 138 194
v -46.633830987729652 60.774391775998055 0 106 138 194
v -41.159537926408554 64.607533043904212 0 106 138 194
v -43.468451422358164 68.231801257308206 0 106 138 194
v -43.468451422358164 68.231801257308206 0 110 142 198
v -41.159537926408554 64.607533043904212 0 110 142 198
v -35.371995928658976 67.948971974251194 0 110 142 198
v -37.356247523620503 71.760683823586277 0 110 142 198
v -37.356247523620503 71.760683823586277 0 110 142 198
v -35.371995928658976 67.948971974251194 0 110 142 198
v -29.315251683697213 70.773278199163087 0 110 142 198
v -30.959740024909131 74.743424255681276 0 110 142 198
v -30.959740024909131 74.743424255681276 0 110 142 198
v -29.315251683697213 70.773278199163087 0 110 142 198
v -23.035400672389574 73.058957042905575 0 110 142 198
v -24.32761021060605 77.157322097877028 0 110 142 198
v -24.32761021060605 77.157322097877028 0 117 149 204
v -23.035400672389574 73.058957042905575 0 117 149 204
v -16.580236352809838 74.788613109347168 0 117 149 204
v -17.510332593187588 78.984006130043099 0 117 149 204
v -17.510332593187588 78.984006130043099 0 117 149 204
v -16.580236352809838 74.788613109347168 0 117 149 204
v -9.9988864231647838 75.949082671427362 0 117 149 204
v -10.559790771707069 80.209574183712675 0 117 149 204
v -10.559790771707069 80.209574183712675 0 117 149 204
v -9.9988864231647838 75.949082671427362 0 117 149 204
v -3.3414389303467518 76.53153385506802 0 117 149 204
v -3.5288825662778609 80.824698945979137 0 117 149 204
v -3.5288825662778609 80.824698945979137 0 251 231 77
v -3.3414389303467518 76.53153385506802 0 251 231 77
v 3.3414389303472118 76.53153385506802 0 251 231 77
v 3.5288825662782779 80.824698945979137 0 251 231 77
v 3.5288825662782779 80.824698945979137 0 251 231 77
v 3.3414389303472118 76.53153385506802 0 251 231 77
v 9.9988864231652457 75.949082671427362 0 251 231 77
v 10.559790771707489 80.209574183712675 0 251 231 77
v 10.559790771707489 80.209574183712675 0 251 231 77
v 9.9988864231652457 75.949082671427362 0 251 231 77
v 16.580236352810303 74.788613109347182 0 251 231 77
v 17.510332593188011 78.984006130043113 0 251 231 77
v 17.510332593188011 78.984006130043113 0 237 141 11
v 16.580236352810303 74.788613109347182 0 237 141 11
v 23.03540067239004 73.058957042905604 0 237 141 11
v 24.327610210606473 77.157322097877085 0 237 141 11
v 24.327610210606473 77.157322097877085 0 237 141 11
v 23.03540067239004 73.058957042905604 0 237 141 11
v 29.315251683697674 70.773278199163116 0 237 141 11
v 30.959740024909557 74.743424255681333 0 237 141 11
v 30.959740024909557 74.743424255681333 0 237 141 11
v 29.315251683697674 70.773278199163116 0 237 141 11
v 35.371995928659445 67.948971974251251 0 237 141 11
v 37.356247523620944 71.760683823586334 0 237 141 11
v 37.356247523620944 71.760683823586334 0 238 148 16
v 35.371995928659445 67.948971974251251 0 238 148 16
v 41.159537926409016 64.607533043904255 0 238 148 16
v 43.468451422358605 68.231801257308263 0 238 148 16
v 43.468451422358605 68.231801257308263 0 238 148 16
v 41.159537926409016 64.607533043904255 0 238 148 16
v 46.633830987730121 60.774391775998112 0 238 148 16
v 49.249834158803537 64.183633483974035 0 238 148 16
v 49.249834158803537 64.183633483974035 0 238 148 16
v 46.633830987730121 60.774391775998112 0 238 148 16
v 51.753212436957583 56.47872069009555 0 238 148 16
v 54.656395919437045 59.64698950468928 0 238 148 16
v 54.656395919437045 59.64698950468928 0 247 237 95
v 51.753212436957583 56.47872069009555 0 247 237 95
v 56.478720690095741 51.753212436957405 0 247 237 95
v 59.646989504689458 54.656395919436868 0 247 237 95
v 59.646989504689458 54.656395919436868 0 247 237 95
v 56.478720690095741 51.753212436957405 0 247 237 95
v 60.774391775998303 46.633830987729944 0 247 237 95
v 64.183633483974234 49.24983415880336 0 247 237 95
v 64.183633483974234 49.24983415880336 0 247 237 95
v 60.774391775998303 46.633830987729944 0 247 237 95
v 64.607533043904468 41.159537926408845 0 247 237 95
v 68.231801257308447 43.468451422358434 0 247 237 95
v 68.231801257308447 43.468451422358434 0 250 232 81
v 64.607533043904468 41.159537926408845 0 250 232 81
v 67.94897197425145 35.371995928659274 0 250 232 81
v 71.760683823586518 37.356247523620773 0 250 232 81
v 71.760683823586518 37.356247523620773 0 250 232 81
v 67.94897197425145 35.371995928659274 0 250 232 81
v 70.773278199163329 29.315251683697507 0 250 232 81
v 74.743424255681518 30.959740024909397 0 250 232 81
v 74.743424255681518 30.959740024909397 0 250 232 81
v 70.773278199163329 29.315251683697507 0 250 232 81
v 73.058957042905831 23.035400672389869 0 250 232 81
v 77.15732209787727 24.327610210606316 0 250 232 81
v 77.15732209787727 24.327610210606316 0 250 233 84
v 73.058957042905831 23.035400672389869 0 250 233 84
v 74.788613109347452 16.580236352810129 0 250 233 84
v 78.98400613004334 17.510332593187854 0 250 233 84
v 78.98400613004334 17.510332593187854 0 250 233 84
v 74.788613109347452 16.580236352810129 0 250 233 84
v 75.949082671427632 9.9988864231650716 0 250 233 84
v 80.209574183712917 10.559790771707338 0 250 233 84
v 80.209574183712917 10.559790771707338 0 250 233 84
v 75.949082671427632 9.9988864231650716 0 250 233 84
v 76.531533855068304 3.3414389303470355 0 250 233 84
v 80.824698945979378 3.5288825662781278 0 250 233 84
v 80.824698945979378 3.5288825662781278 0 249 233 85
v 76.531533855068304 3.3414389303470355 0 249 233 85
v 76.531533855068304 -3.3414389303469316 0 249 233 85
v 80.824698945979378 -3.528882566278011 0 249 233 85
v 80.824698945979378 -3.528882566278011 0 249 233 85
v 76.531533855068304 -3.3414389303469316 0 249 233 85
v 75.949082671427632 -9.9988864231649703 0 249 233 85
v 80.209574183712931 -10.559790771707222 0 249 233 85
v 80.209574183712931 -10.559790771707222 0 249 233 85
v 75.949082671427632 -9.9988864231649703 0 249 233 85
v 74.788613109347452 -16.580236352810029 0 249 233 85
v 78.984006130043355 -17.510332593187744 0 249 233 85
v 78.984006130043355 -17.510332593187744 0 250 233 83
v 74.788613109347452 -16.580236352810029 0 250 233 83
v 73.058957042905888 -23.03540067238977 0 250 233 83
v 77.157322097877341 -24.32761021060621 0 250 233 83
v 77.157322097877341 -24.32761021060621 0 250 233 83
v 73.058957042905888 -23.03540067238977 0 250 233 83
v 70.7732781991634 -29.315251683697408 0 250 233 83
v 74.743424255681589 -30.959740024909294 0 250 233 83
v 74.743424255681589 -30.959740024909294 0 250 233 83
v 70.7732781991634 -29.315251683697408 0 250 233 83
v 67.948971974251535 -35.371995928659182 0 250 233 83
v 71.760683823586589 -37.356247523620681 0 250 233 83
v 71.760683823586589 -37.356247523620681 0 251 231 77
v 67.948971974251535 -35.371995928659182 0 251 231 77
v 64.607533043904539 -41.15953792640876 0 251 231 77
v 68.231801257308518 -43.468451422358342 0 251 231 77
v 68.231801257308518 -43.468451422358342 0 251 231 77
v 64.607533043904539 -41.15953792640876 0 251 231 77
v 60.774391775998403 -46.633830987729873 0 251 231 77
v 64.18363348397429 -49.249834158803274 0 251 231 77
v 64.18363348397429 -49.249834158803274 0 251 231 77
v 60.774391775998403 -46.633830987729873 0 251 231 77
v 56.478720690095834 -51.753212436957334 0 251 231 77
v 59.646989504689536 -54.656395919436775 0 251 231 77
v 59.646989504689536 -54.656395919436775 0 250 233 83
v 56.478720690095834 -51.753212436957334 0 250 233 83
v 51.753212436957689 -56.4787206900955 0 250 233 83
v 54.656395919437124 -59.646989504689188 0 250 233 83
v 54.656395919437124 -59.646989504689188 0 250 233 83
v 51.753212436957689 -56.4787206900955 0 250 233 83
v 46.633830987730235 -60.774391775998062 0 250 233 83
v 49.249834158803608 -64.183633483973949 0 250 233 83
v 49.249834158803608 -64.183633483973949 0 250 233 83
v 46.633830987730235 -60.774391775998062 0 250 233 83
v 41.159537926409129 -64.607533043904212 0 250 233 83
v 43.46845142235869 -68.231801257308177 0 250 233 83
v 43.46845142235869 -68.231801257308177 0 244 184 41
v 41.159537926409129 -64.607533043904212 0 244 184 41
v 35.371995928659551 -67.948971974251208 0 244 184 41
v 37.356247523621029 -71.760683823586234 0 244 184 41
v 37.356247523621029 -71.760683823586234 0 244 184 41
v 35.371995928659551 -67.948971974251208 0 244 184 41
v 29.315251683697781 -70.773278199163101 0 244 184 41
v 30.959740024909649 -74.743424255681234 0 244 184 41
v 30.959740024909649 -74.743424255681234 0 244 184 41
v 29.315251683697781 -70.773278199163101 0 244 184 41
v 23.035400672390139 -73.058957042905604 0 244 184 41
v 24.327610210606572 -77.157322097877 0 244 184 41
v 24.327610210606572 -77.157322097877 0 234 67 0
v 23.035400672390139 -73.058957042905604 0 234 67 0
v 16.580236352810399 -74.78861310934721 0 234 67 0
v 17.510332593188114 -78.984006130043056 0 234 67 0
v 17.510332593188114 -78.984006130043056 0 234 67 0
v 16.580236352810399 -74.78861310934721 0 234 67 0
v 9.998886423165338 -75.949082671427405 0 234 67 0
v 10.559790771707597 -80.209574183712633 0 234 67 0
v 10.559790771707597 -80.209574183712633 0 234 67 0
v 9.998886423165338 -75.949082671427405 0 234 67 0
v 3.3414389303472976 -76.531533855068062 0 234 67 0
v 3.5288825662783876 -80.824698945979094 0 234 67 0
v 3.5288825662783876 -80.824698945979094 0 249 234 86
v 3.3414389303472976 -76.531533855068062 0 249 234 86
v -3.3414389303466736 -76.531533855068062 0 249 234 86
v -3.5288825662777499 -80.824698945979094 0 249 234 86
v -3.5288825662777499 -80.824698945979094 0 249 234 86
v -3.3414389303466736 -76.531533855068062 0 249 234 86
v -9.9988864231647145 -75.949082671427405 0 249 234 86
v -10.559790771706961 -80.209574183712647 0 249 234 86
v -10.559790771706961 -80.209574183712647 0 249 234 86
v -9.9988864231647145 -75.949082671427405 0 249 234 86
v -16.580236352809774 -74.788613109347224 0 249 234 86
v -17.510332593187481 -78.984006130043085 0 249 234 86
v -17.510332593187481 -78.984006130043085 0 131 162 215
v -16.580236352809774 -74.788613109347224 0 131 162 215
v -23.035400672389521 -73.058957042905661 0 131 162 215
v -24.327610210605943 -77.157322097877056 0 131 162 215
v -24.327610210605943 -77.157322097877056 0 131 162 215
v -23.035400672389521 -73.058957042905661 0 131 162 215
v -29.315251683697166 -70.773278199163187 0 131 162 215
v -30.959740024909024 -74.743424255681305 0 131 162 215
v -30.959740024909024 -74.743424255681305 0 131 162 215
v -29.315251683697166 -70.773278199163187 0 131 162 215
v -35.371995928658947 -67.948971974251307 0 131 162 215
v -37.356247523620411 -71.760683823586319 0 131 162 215
v -37.356247523620411 -71.760683823586319 0 110 142 197
v -35.371995928658947 -67.948971974251307 0 110 142 197
v -41.159537926408532 -64.607533043904326 0 110 142 197
v -43.468451422358072 -68.231801257308263 0 110 142 197
v -43.468451422358072 -68.231801257308263 0 110 142 197
v -41.159537926408532 -64.607533043904326 0 110 142 197
v -46.633830987729645 -60.774391775998176 0 110 142 197
v -49.249834158803012 -64.183633483974049 0 110 142 197
v -49.249834158803012 -64.183633483974049 0 110 142 197
v -46.633830987729645 -60.774391775998176 0 110 142 197
v -51.753212436957114 -56.478720690095614 0 110 142 197
v -54.656395919436527 -59.646989504689301 0 110 142 197
v -54.656395919436527 -59.646989504689301 0 106 138 194
v -51.753212436957114 -56.478720690095614 0 106 138 194
v -56.47872069009528 -51.753212436957469 0 106 138 194
v -59.646989504688939 -54.656395919436889 0 106 138 194
v -59.646989504688939 -54.656395919436889 0 106 138 194
v -56.47872069009528 -51.753212436957469 0 106 138 194
v -60.774391775997856 -46.633830987730008 0 106 138 194
v -64.183633483973708 -49.249834158803374 0 106 138 194
v -64.183633483973708 -49.249834158803374 0 106 138 194
v -60.774391775997856 -46.633830987730008 0 106 138 194
v -64.607533043903999 -41.159537926408902 0 106 138 194
v -68.231801257307936 -43.468451422358456 0 106 138 194
v -68.231801257307936 -43.468451422358456 0 103 135 192
v -64.607533043903999 -41.159537926408902 0 103 135 192
v -67.948971974250995 -35.371995928659324 0 103 135 192
v -71.760683823585993 -37.356247523620794 0 103 135 192
v -71.760683823585993 -37.356247523620794 0 103 135 192
v -67.948971974250995 -35.371995928659324 0 103 135 192
v -70.773278199162903 -29.315251683697554 0 103 135 192
v -74.743424255680992 -30.959740024909419 0 103 135 192
v -74.743424255680992 -30.959740024909419 0 103 135 192
v -70.773278199162903 -29.315251683697554 0 103 135 192
v -73.058957042905405 -23.035400672389908 0 103 135 192
v -77.157322097876758 -24.327610210606338 0 103 135 192
v -77.157322097876758 -24.327610210606338 0 102 134 191
v -73.058957042905405 -23.035400672389908 0 102 134 191
v -74.788613109347011 -16.580236352810164 0 102 134 191
v -78.984006130042815 -17.510332593187879 0 102 134 191
v -78.984006130042815 -17.510332593187879 0 102 134 191
v -74.788613109347011 -16.580236352810164 0 102 134 191
v -75.949082671427206 -9.9988864231651 0 102 134 191
v -80.209574183712405 -10.559790771707362 0 102 134 191
v -80.209574183712405 -10.559790771707362 0 102 134 191
v -75.949082671427206 -9.9988864231651 0 102 134 191
v -76.531533855067877 -3.341438930347056 0 102 134 191
v -80.824698945978867 -3.528882566278154 0 102 134 191
v -76.531533855067707 -3.3414389303469982 0 102 134 191
v -71.865514824137549 -3.1377161398275248 0 102 134 191
v -71.865514824137549 3.1377161398274898 0 102 134 191
v -76.531533855067707 3.3414389303469609 0 102 134 191
v -76.531533855067707 3.3414389303469609 0 102 134 191
v -71.865514824137549 3.1377161398274898 0 102 134 191
v -71.318574862741585 9.3892685050536127 0 102 134 191
v -75.949082671427036 9.9988864231649917 0 102 134 191
v -75.949082671427036 9.9988864231649917 0 102 134 191
v -71.318574862741585 9.3892685050536127 0 102 134 191
v -70.228857483307252 15.569362867560946 0 102 134 191
v -74.788613109346855 16.580236352810044 0 102 134 191
v -74.788613109346855 16.580236352810044 0 102 134 191
v -70.228857483307252 15.569362867560946 0 102 134 191
v -68.604656093081417 21.630964977607807 0 102 134 191
v -73.058957042905277 23.03540067238978 0 102 134 191
v -73.058957042905277 23.03540067238978 0 102 134 191
v -68.604656093081417 21.630964977607807 0 102 134 191
v -66.45833184536329 27.527942383041317 0 102 134 191
v -70.773278199162803 29.315251683697412 0 102 134 191
v -70.773278199162803 29.315251683697412 0 102 134 191
v -66.45833184536329 27.527942383041317 0 102 134 191
v -63.806219563664023 33.215415525113812 0 102 134 191
v -67.948971974250924 35.371995928659182 0 102 134 191
v -67.948971974250924 35.371995928659182 0 103 135 192
v -63.806219563664023 33.215415525113812 0 103 135 192
v -60.668503423836519 38.650099299023942 0 103 135 192
v -64.607533043903942 41.15953792640876 0 103 135 192
v -64.607533043903942 41.15953792640876 0 103 135 192
v -60.668503423836519 38.650099299023942 0 103 135 192
v -57.069063340309668 43.79063247970047 0 103 135 192
v -60.774391775997813 46.633830987729866 0 103 135 192
v -60.774391775997813 46.633830987729866 0 103 135 192
v -57.069063340309668 43.79063247970047 0 103 135 192
v -53.035293225520476 48.597892505699662 0 103 135 192
v -56.478720690095251 51.753212436957327 0 103 135 192
v -56.478720690095251 51.753212436957327 0 106 138 194
v -53.035293225520476 48.597892505699662 0 106 138 194
v -48.597892505699463 53.035293225520675 0 106 138 194
v -51.753212436957099 56.478720690095493 0 106 138 194
v -51.753212436957099 56.478720690095493 0 106 138 194
v -48.597892505699463 53.035293225520675 0 106 138 194
v -43.790632479700285 57.069063340309881 0 106 138 194
v -46.633830987729652 60.774391775998055 0 106 138 194
v -46.633830987729652 60.774391775998055 0 106 138 194
v -43.790632479700285 57.069063340309881 0 106 138 194
v -38.650099299023758 60.668503423836732 0 106 138 194
v -41.159537926408554 64.607533043904212 0 106 138 194
v -41.159537926408554 64.607533043904212 0 110 142 198
v -38.650099299023758 60.668503423836732 0 110 142 198
v -33.21541552511362 63.806219563664236 0 110 142 198
v -35.371995928658976 67.948971974251194 0 110 142 198
v -35.371995928658976 67.948971974251194 0 110 142 198
v -33.21541552511362 63.806219563664236 0 110 142 198
v -27.527942383041125 66.458331845363517 0 110 142 198
v -29.315251683697213 70.773278199163087 0 110 142 198
v -29.315251683697213 70.773278199163087 0 110 142 198
v -27.527942383041125 66.458331845363517 0 110 142 198
v -21.630964977607618 68.604656093081658 0 110 142 198
v -23.035400672389574 73.058957042905575 0 110 142 198
v -23.035400672389574 73.058957042905575 0 117 149 204
v -21.630964977607618 68.604656093081658 0 117 149 204
v -15.569362867560756 70.228857483307522 0 117 149 204
v -16.580236352809838 74.788613109347168 0 117 149 204
v -16.580236352809838 74.788613109347168 0 117 149 204
v -15.569362867560756 70.228857483307522 0 117 149 204
v -9.3892685050534244 71.318574862741841 0 117 149 204
v -9.9988864231647838 75.949082671427362 0 117 149 204
v -9.9988864231647838 75.949082671427362 0 117 149 204
v -9.3892685050534244 71.318574862741841 0 117 149 204
v -3.1377161398273041 71.865514824137804 0 117 149 204
v -3.3414389303467518 76.53153385506802 0 117 149 204
v -3.3414389303467518 76.53153385506802 0 251 231 77
v -3.1377161398273041 71.865514824137804 0 251 231 77
v 3.1377161398277091 71.865514824137804 0 251 231 77
v 3.3414389303472118 76.53153385506802 0 251 231 77
v 3.3414389303472118 76.53153385506802 0 251 231 77
v 3.1377161398277091 71.865514824137804 0 251 231 77
v 9.3892685050538311 71.318574862741841 0 251 231 77
v 9.9988864231652457 75.949082671427362 0 251 231 77
v 9.9988864231652457 75.949082671427362 0 251 231 77
v 9.3892685050538311 71.318574862741841 0 251 231 77
v 15.569362867561162 70.228857483307522 0 251 231 77
v 16.580236352810303 74.788613109347182 0 251 231 77
v 16.580236352810303 74.788613109347182 0 237 141 11
v 15.569362867561162 70.228857483307522 0 237 141 11
v 21.630964977608024 68.604656093081687 0 237 141 11
v 23.03540067239004 73.058957042905604 0 237 141 11
v 23.03540067239004 73.058957042905604 0 237 141 11
v 21.630964977608024 68.604656093081687 0 237 141 11
v 27.52794238304153 66.45833184536356 0 237 141 11
v 29.315251683697674 70.773278199163116 0 237 141 11
v 29.315251683697674 70.773278199163116 0 237 141 11
v 27.52794238304153 66.45833184536356 0 237 141 11
v 33.215415525114025 63.806219563664278 0 237 141 11
v 35.371995928659445 67.948971974251251 0 237 141 11
v 35.371995928659445 67.948971974251251 0 238 148 16
v 33.215415525114025 63.806219563664278 0 238 148 16
v 38.650099299024163 60.668503423836775 0 238 148 16
v 41.159537926409016 64.607533043904255 0 238 148 16
v 41.159537926409016 64.607533043904255 0 238 148 16
v 38.650099299024163 60.668503423836775 0 238 148 16
v 43.79063247970069 57.069063340309924 0 238 148 16
v 46.633830987730121 60.774391775998112 0 238 148 16
v 46.633830987730121 60.774391775998112 0 238 148 16
v 43.79063247970069 57.069063340309924 0 238 148 16
v 48.597892505699882 53.035293225520732 0 238 148 16
v 51.753212436957583 56.47872069009555 0 238 148 16
v 51.753212436957583 56.47872069009555 0 247 237 95
v 48.597892505699882 53.035293225520732 0 247 237 95
v 53.035293225520896 48.597892505699718 0 247 237 95
v 56.478720690095741 51.753212436957405 0 247 237 95
v 56.478720690095741 51.753212436957405 0 247 237 95
v 53.035293225520896 48.597892505699718 0 247 237 95
v 57.069063340310102 43.790632479700548 0 247 237 95
v 60.774391775998303 46.633830987729944 0 247 237 95
v 60.774391775998303 46.633830987729944 0 247 237 95
v 57.069063340310102 43.790632479700548 0 247 237 95
v 60.668503423836952 38.650099299024014 0 247 237 95
v 64.607533043904468 41.159537926408845 0 247 237 95
v 64.607533043904468 41.159537926408845 0 250 232 81
v 60.668503423836952 38.650099299024014 0 250 232 81
v 63.806219563664456 33.215415525113883 0 250 232 81
v 67.94897197425145 35.371995928659274 0 250 232 81
v 67.94897197425145 35.371995928659274 0 250 232 81
v 63.806219563664456 33.215415525113883 0 250 232 81
v 66.458331845363745 27.527942383041388 0 250 232 81
v 70.773278199163329 29.315251683697507 0 250 232 81
v 70.773278199163329 29.315251683697507 0 250 232 81
v 66.458331845363745 27.527942383041388 0 250 232 81
v 68.604656093081886 21.630964977607881 0 250 232 81
v 73.058957042905831 23.035400672389869 0 250 232 81
v 73.058957042905831 23.035400672389869 0 250 233 84
v 68.604656093081886 21.630964977607881 0 250 233 84
v 70.228857483307749 15.569362867561024 0 250 233 84
v 74.788613109347452 16.580236352810129 0 250 233 84
v 74.788613109347452 16.580236352810129 0 250 233 84
v 70.228857483307749 15.569362867561024 0 250 233 84
v 71.318574862742082 9.3892685050536908 0 250 233 84
v 75.949082671427632 9.9988864231650716 0 250 233 84
v 75.949082671427632 9.9988864231650716 0 250 233 84
v 71.318574862742082 9.3892685050536908 0 250 233 84
v 71.865514824138046 3.137716139827571 0 250 233 84
v 76.531533855068304 3.3414389303470355 0 250 233 84
v 76.531533855068304 3.3414389303470355 0 249 233 85
v 71.865514824138046 3.137716139827571 0 249 233 85
v 71.865514824138046 -3.1377161398274422 0 249 233 85
v 76.531533855068304 -3.3414389303469316 0 249 233 85
v 76.531533855068304 -3.3414389303469316 0 249 233 85
v 71.865514824138046 -3.1377161398274422 0 249 233 85
v 71.318574862742082 -9.3892685050535629 0 249 233 85
v 75.949082671427632 -9.9988864231649703 0 249 233 85
v 75.949082671427632 -9.9988864231649703 0 249 233 85
v 71.318574862742082 -9.3892685050535629 0 249 233 85
v 70.228857483307763 -15.569362867560896 0 249 233 85
v 74.788613109347452 -16.580236352810029 0 249 233 85
v 74.788613109347452 -16.580236352810029 0 250 233 83
v 70.228857483307763 -15.569362867560896 0 250 233 83
v 68.604656093081928 -21.630964977607757 0 250 233 83
v 73.058957042905888 -23.03540067238977 0 250 233 83
v 73.058957042905888 -23.03540067238977 0 250 233 83
v 68.604656093081928 -21.630964977607757 0 250 233 83
v 66.458331845363801 -27.527942383041264 0 250 233 83
v 70.7732781991634 -29.315251683697408 0 250 233 83
v 70.7732781991634 -29.315251683697408 0 250 233 83
v 66.458331845363801 -27.527942383041264 0 250 233 83
v 63.80621956366452 -33.215415525113762 0 250 233 83
v 67.948971974251535 -35.371995928659182 0 250 233 83
v 67.948971974251535 -35.371995928659182 0 251 231 77
v 63.80621956366452 -33.215415525113762 0 251 231 77
v 60.668503423837016 -38.650099299023893 0 251 231 77
v 64.607533043904539 -41.15953792640876 0 251 231 77
v 64.607533043904539 -41.15953792640876 0 251 231 77
v 60.668503423837016 -38.650099299023893 0 251 231 77
v 57.069063340310173 -43.790632479700427 0 251 231 77
v 60.774391775998403 -46.633830987729873 0 251 231 77
v 60.774391775998403 -46.633830987729873 0 251 231 77
v 57.069063340310173 -43.790632479700427 0 251 231 77
v 53.035293225520981 -48.597892505699612 0 251 231 77
v 56.478720690095834 -51.753212436957334 0 251 231 77
v 56.478720690095834 -51.753212436957334 0 250 233 83
v 53.035293225520981 -48.597892505699612 0 250 233 83
v 48.597892505699974 -53.035293225520633 0 250 233 83
v 51.753212436957689 -56.4787206900955 0 250 233 83
v 51.753212436957689 -56.4787206900955 0 250 233 83
v 48.597892505699974 -53.035293225520633 0 250 233 83
v 43.790632479700804 -57.069063340309832 0 250 233 83
v 46.633830987730235 -60.774391775998062 0 250 233 83
v 46.633830987730235 -60.774391775998062 0 250 233 83
v 43.790632479700804 -57.069063340309832 0 250 233 83
v 38.650099299024269 -60.668503423836682 0 250 233 83
v 41.159537926409129 -64.607533043904212 0 250 233 83
v 41.159537926409129 -64.607533043904212 0 244 184 41
v 38.650099299024269 -60.668503423836682 0 244 184 41
v 33.215415525114139 -63.806219563664193 0 244 184 41
v 35.371995928659551 -67.948971974251208 0 244 184 41
v 35.371995928659551 -67.948971974251208 0 244 184 41
v 33.215415525114139 -63.806219563664193 0 244 184 41
v 27.527942383041641 -66.45833184536346 0 244 184 41
v 29.315251683697781 -70.773278199163101 0 244 184 41
v 29.315251683697781 -70.773278199163101 0 244 184 41
v 27.527942383041641 -66.45833184536346 0 244 184 41
v 21.630964977608134 -68.604656093081616 0 244 184 41
v 23.035400672390139 -73.058957042905604 0 244 184 41
v 23.035400672390139 -73.058957042905604 0 234 67 0
v 21.630964977608134 -68.604656093081616 0 234 67 0
v 15.569362867561276 -70.228857483307479 0 234 67 0
v 16.580236352810399 -74.78861310934721 0 234 67 0
v 16.580236352810399 -74.78861310934721 0 234 67 0
v 15.569362867561276 -70.228857483307479 0 234 67 0
v 9.3892685050539431 -71.318574862741812 0 234 67 0
v 9.998886423165338 -75.949082671427405 0 234 67 0
v 9.998886423165338 -75.949082671427405 0 234 67 0
v 9.3892685050539431 -71.318574862741812 0 234 67 0
v 3.1377161398278237 -71.865514824137776 0 234 67 0
v 3.3414389303472976 -76.531533855068062 0 234 67 0
v 3.3414389303472976 -76.531533855068062 0 249 234 86
v 3.1377161398278237 -71.865514824137776 0 249 234 86
v -3.1377161398271896 -71.865514824137776 0 249 234 86
v -3.3414389303466736 -76.531533855068062 0 249 234 86
v -3.3414389303466736 -76.531533855068062 0 249 234 86
v -3.1377161398271896 -71.865514824137776 0 249 234 86
v -9.3892685050533107 -71.318574862741812 0 249 234 86
v -9.9988864231647145 -75.949082671427405 0 249 234 86
v -9.9988864231647145 -75.949082671427405 0 249 234 86
v -9.3892685050533107 -71.318574862741812 0 249 234 86
v -15.569362867560644 -70.228857483307493 0 249 234 86
v -16.580236352809774 -74.788613109347224 0 249 234 86
v -16.580236352809774 -74.788613109347224 0 131 162 215
v -15.569362867560644 -70.228857483307493 0 131 162 215
v -21.630964977607505 -68.604656093081658 0 131 162 215
v -23.035400672389521 -73.058957042905661 0 131 162 215
v -23.035400672389521 -73.058957042905661 0 131 162 215
v -21.630964977607505 -68.604656093081658 0 131 162 215
v -27.527942383041012 -66.458331845363531 0 131 162 215
v -29.315251683697166 -70.773278199163187 0 131 162 215
v -29.315251683697166 -70.773278199163187 0 131 162 215
v -27.527942383041012 -66.458331845363531 0 131 162 215
v -33.215415525113507 -63.806219563664264 0 131 162 215
v -35.371995928658947 -67.948971974251307 0 131 162 215
v -35.371995928658947 -67.948971974251307 0 110 142 197
v -33.215415525113507 -63.806219563664264 0 110 142 197
v -38.650099299023637 -60.668503423836761 0 110 142 197
v -41.159537926408532 -64.607533043904326 0 110 142 197
v -41.159537926408532 -64.607533043904326 0 110 142 197
v -38.650099299023637 -60.668503423836761 0 110 142 197
v -43.790632479700172 -57.069063340309917 0 110 142 197
v -46.633830987729645 -60.774391775998176 0 110 142 197
v -46.633830987729645 -60.774391775998176 0 110 142 197
v -43.790632479700172 -57.069063340309917 0 110 142 197
v -48.597892505699363 -53.035293225520725 0 110 142 197
v -51.753212436957114 -56.478720690095614 0 110 142 197
v -51.753212436957114 -56.478720690095614 0 106 138 194
v -48.597892505699363 -53.035293225520725 0 106 138 194
v -53.035293225520377 -48.597892505699718 0 106 138 194
v -56.47872069009528 -51.753212436957469 0 106 138 194
v -56.47872069009528 -51.753212436957469 0 106 138 194
v -53.035293225520377 -48.597892505699718 0 106 138 194
v -57.069063340309583 -43.790632479700548 0 106 138 194
v -60.774391775997856 -46.633830987730008 0 106 138 194
v -60.774391775997856 -46.633830987730008 0 106 138 194
v -57.069063340309583 -43.790632479700548 0 106 138 194
v -60.668503423836434 -38.650099299024021 0 106 138 194
v -64.607533043903999 -41.159537926408902 0 106 138 194
v -64.607533043903999 -41.159537926408902 0 103 135 192
v -60.668503423836434 -38.650099299024021 0 103 135 192
v -63.806219563663937 -33.21541552511389 0 103 135 192
v -67.948971974250995 -35.371995928659324 0 103 135 192
v -67.948971974250995 -35.371995928659324 0 103 135 192
v -63.806219563663937 -33.21541552511389 0 103 135 192
v -66.458331845363219 -27.527942383041403 0 103 135 192
v -70.773278199162903 -29.315251683697554 0 103 135 192
v -70.773278199162903 -29.315251683697554 0 103 135 192
v -66.458331845363219 -27.527942383041403 0 103 135 192
v -68.60465609308136 -21.630964977607896 0 103 135 192
v -73.058957042905405 -23.035400672389908 0 103 135 192
v -73.058957042905405 -23.035400672389908 0 102 134 191
v -68.60465609308136 -21.630964977607896 0 102 134 191
v -70.228857483307223 -15.569362867561036 0 102 134 191
v -74.788613109347011 -16.580236352810164 0 102 134 191
v -74.788613109347011 -16.580236352810164 0 102 134 191
v -70.228857483307223 -15.569362867561036 0 102 134 191
v -71.318574862741556 -9.389268505053705 0 102 134 191
v -75.949082671427206 -9.9988864231651 0 102 134 191
v -75.949082671427206 -9.9988864231651 0 102 134 191
v -71.318574862741556 -9.389268505053705 0 102 134 191
v -71.86551482413752 -3.1377161398275852 0 102 134 191
v -76.531533855067877 -3.341438930347056 0 102 134 191
v -71.865514824137549 -3.1377161398275248 0 102 134 191
v -66.849374228880492 -2.918706711676935 0 102 134 191
v -66.849374228880492 2.9187067116769043 0 102 134 191
v -71.865514824137549 3.1377161398274911 0 102 134 191
v -71.865514824137549 3.1377161398274911 0 102 134 191
v -66.849374228880492 2.9187067116769043 0 102 134 191
v -66.340610126242922 8.7339070145915851 0 102 134 191
v -71.318574862741585 9.3892685050536162 0 102 134 191
v -71.318574862741585 9.3892685050536162 0 102 134 191
v -66.340610126242922 8.7339070145915851 0 102 134 191
v -65.326953922989063 14.482637011447979 0 102 134 191
v -70.228857483307266 15.569362867560949 0 102 134 191
v -70.228857483307266 15.569362867560949 0 102 134 191
v -65.326953922989063 14.482637011447979 0 102 134 191
v -63.816120154888004 20.121145395791935 0 102 134 191
v -68.604656093081431 21.630964977607814 0 102 134 191
v -68.604656093081431 21.630964977607814 0 102 134 191
v -63.816120154888004 20.121145395791935 0 102 134 191
v -61.81960717918134 25.606519714194146 0 102 134 191
v -66.458331845363304 27.527942383041324 0 102 134 191
v -66.458331845363304 27.527942383041324 0 102 134 191
v -61.81960717918134 25.606519714194146 0 102 134 191
v -59.352609665141713 30.897012955931999 0 102 134 191
v -63.806219563664037 33.215415525113819 0 102 134 191
v -63.806219563664037 33.215415525113819 0 103 135 192
v -59.352609665141713 30.897012955931999 0 103 135 192
v -56.433902953464809 35.952361272948707 0 103 135 192
v -60.668503423836526 38.65009929902395 0 103 135 192
v -60.668503423836526 38.65009929902395 0 103 135 192
v -56.433902953464809 35.952361272948707 0 103 135 192
v -53.085700164589753 40.734090412049021 0 103 135 192
v -57.069063340309675 43.790632479700491 0 103 135 192
v -57.069063340309675 43.790632479700491 0 103 135 192
v -53.085700164589753 40.734090412049021 0 103 135 192
v -49.333483143440027 45.205808527197362 0 103 135 192
v -53.035293225520483 48.597892505699683 0 103 135 192
v -53.035293225520483 48.597892505699683 0 106 138 194
v -49.333483143440027 45.205808527197362 0 106 138 194
v -45.205808527197149 49.33348314344024 0 106 138 194
v -48.59789250569947 53.035293225520704 0 106 138 194
v -48.59789250569947 53.035293225520704 0 106 138 194
v -45.205808527197149 49.33348314344024 0 106 138 194
v -40.734090412048808 53.08570016458998 0 106 138 194
v -43.790632479700292 57.069063340309903 0 106 138 194
v -43.790632479700292 57.069063340309903 0 106 138 194
v -40.734090412048808 53.08570016458998 0 106 138 194
v -35.952361272948522 56.433902953465036 0 106 138 194
v -38.650099299023758 60.668503423836754 0 106 138 194
v -38.650099299023758 60.668503423836754 0 110 142 198
v -35.952361272948522 56.433902953465036 0 110 142 198
v -30.897012955931807 59.352609665141962 0 110 142 198
v -33.21541552511362 63.806219563664264 0 110 142 198
v -33.21541552511362 63.806219563664264 0 110 142 198
v -30.897012955931807 59.352609665141962 0 110 142 198
v -25.606519714193954 61.819607179181602 0 110 142 198
v -27.527942383041122 66.458331845363546 0 110 142 198
v -27.527942383041122 66.458331845363546 0 110 142 198
v -25.606519714193954 61.819607179181602 0 110 142 198
v -20.121145395791743 63.816120154888267 0 110 142 198
v -21.630964977607608 68.604656093081687 0 110 142 198
v -21.630964977607608 68.604656093081687 0 117 149 204
v -20.121145395791743 63.816120154888267 0 117 149 204
v -14.482637011447785 65.326953922989361 0 117 149 204
v -15.569362867560748 70.228857483307536 0 117 149 204
v -15.569362867560748 70.228857483307536 0 117 149 204
v -14.482637011447785 65.326953922989361 0 117 149 204
v -8.733907014591388 66.340610126243234 0 117 149 204
v -9.3892685050534137 71.318574862741855 0 117 149 204
v -9.3892685050534137 71.318574862741855 0 117 149 204
v -8.733907014591388 66.340610126243234 0 117 149 204
v -2.918706711676704 66.849374228880805 0 117 149 204
v -3.1377161398272908 71.865514824137819 0 117 149 204
v -3.1377161398272908 71.865514824137819 0 251 231 77
v -2.918706711676704 66.849374228880805 0 251 231 77
v 2.9187067116771384 66.849374228880805 0 251 231 77
v 3.1377161398277251 71.865514824137819 0 251 231 77
v 3.1377161398277251 71.865514824137819 0 251 231 77
v 2.9187067116771384 66.849374228880805 0 251 231 77
v 8.7339070145918232 66.340610126243234 0 251 231 77
v 9.3892685050538507 71.318574862741855 0 251 231 77
v 9.3892685050538507 71.318574862741855 0 251 231 77
v 8.7339070145918232 66.340610126243234 0 251 231 77
v 14.482637011448221 65.326953922989375 0 251 231 77
v 15.569362867561185 70.228857483307536 0 251 231 77
v 15.569362867561185 70.228857483307536 0 237 141 11
v 14.482637011448221 65.326953922989375 0 237 141 11
v 20.12114539579218 63.816120154888303 0 237 141 11
v 21.630964977608048 68.604656093081701 0 237 141 11
v 21.630964977608048 68.604656093081701 0 237 141 11
v 20.12114539579218 63.816120154888303 0 237 141 11
v 25.606519714194391 61.819607179181638 0 237 141 11
v 27.527942383041559 66.458331845363574 0 237 141 11
v 27.527942383041559 66.458331845363574 0 237 141 11
v 25.606519714194391 61.819607179181638 0 237 141 11
v 30.897012955932251 59.352609665142012 0 237 141 11
v 33.215415525114054 63.806219563664293 0 237 141 11
v 33.215415525114054 63.806219563664293 0 238 148 16
v 30.897012955932251 59.352609665142012 0 238 148 16
v 35.95236127294897 56.433902953465108 0 238 148 16
v 38.650099299024191 60.668503423836782 0 238 148 16
v 38.650099299024191 60.668503423836782 0 238 148 16
v 35.95236127294897 56.433902953465108 0 238 148 16
v 40.734090412049277 53.085700164590051 0 238 148 16
v 43.790632479700733 57.069063340309931 0 238 148 16
v 43.790632479700733 57.069063340309931 0 238 148 16
v 40.734090412049277 53.085700164590051 0 238 148 16
v 45.205808527197625 49.333483143440318 0 238 148 16
v 48.597892505699924 53.035293225520739 0 238 148 16
v 48.597892505699924 53.035293225520739 0 247 237 95
v 45.205808527197625 49.333483143440318 0 247 237 95
v 49.33348314344051 45.205808527197441 0 247 237 95
v 53.035293225520945 48.597892505699726 0 247 237 95
v 53.035293225520945 48.597892505699726 0 247 237 95
v 49.33348314344051 45.205808527197441 0 247 237 95
v 53.085700164590243 40.734090412049106 0 247 237 95
v 57.069063340310144 43.790632479700548 0 247 237 95
v 57.069063340310144 43.790632479700548 0 247 237 95
v 53.085700164590243 40.734090412049106 0 247 237 95
v 56.433902953465314 35.952361272948806 0 247 237 95
v 60.668503423836995 38.650099299024014 0 247 237 95
v 60.668503423836995 38.650099299024014 0 250 232 81
v 56.433902953465314 35.952361272948806 0 250 232 81
v 59.352609665142239 30.897012955932098 0 250 232 81
v 63.806219563664506 33.215415525113876 0 250 232 81
v 63.806219563664506 33.215415525113876 0 250 232 81
v 59.352609665142239 30.897012955932098 0 250 232 81
v 61.81960717918188 25.606519714194238 0 250 232 81
v 66.458331845363787 27.527942383041378 0 250 232 81
v 66.458331845363787 27.527942383041378 0 250 232 81
v 61.81960717918188 25.606519714194238 0 250 232 81
v 63.816120154888544 20.121145395792023 0 250 232 81
v 68.604656093081928 21.630964977607864 0 250 232 81
v 68.604656093081928 21.630964977607864 0 250 233 84
v 63.816120154888544 20.121145395792023 0 250 233 84
v 65.326953922989645 14.482637011448064 0 250 233 84
v 70.228857483307777 15.569362867561004 0 250 233 84
v 70.228857483307777 15.569362867561004 0 250 233 84
v 65.326953922989645 14.482637011448064 0 250 233 84
v 66.340610126243519 8.7339070145916615 0 250 233 84
v 71.318574862742096 9.3892685050536695 0 250 233 84
v 71.318574862742096 9.3892685050536695 0 250 233 84
v 66.340610126243519 8.7339070145916615 0 250 233 84
v 66.849374228881061 2.9187067116769767 0 250 233 84
v 71.86551482413806 3.1377161398275466 0 250 233 84
v 71.86551482413806 3.1377161398275466 0 249 233 85
v 66.849374228881061 2.9187067116769767 0 249 233 85
v 66.849374228881061 -2.9187067116768679 0 249 233 85
v 71.86551482413806 -3.1377161398274693 0 249 233 85
v 71.86551482413806 -3.1377161398274693 0 249 233 85
v 66.849374228881061 -2.9187067116768679 0 249 233 85
v 66.340610126243504 -8.7339070145915549 0 249 233 85
v 71.318574862742096 -9.3892685050535949 0 249 233 85
v 71.318574862742096 -9.3892685050535949 0 249 233 85
v 66.340610126243504 -8.7339070145915549 0 249 233 85
v 65.326953922989645 -14.482637011447956 0 249 233 85
v 70.228857483307777 -15.56936286756093 0 249 233 85
v 70.228857483307777 -15.56936286756093 0 250 233 83
v 65.326953922989645 -14.482637011447956 0 250 233 83
v 63.816120154888566 -20.121145395791917 0 250 233 83
v 68.604656093081942 -21.630964977607793 0 250 233 83
v 68.604656093081942 -21.630964977607793 0 250 233 83
v 63.816120154888566 -20.121145395791917 0 250 233 83
v 61.819607179181901 -25.606519714194132 0 250 233 83
v 66.458331845363816 -27.527942383041303 0 250 233 83
v 66.458331845363816 -27.527942383041303 0 250 233 83
v 61.819607179181901 -25.606519714194132 0 250 233 83
v 59.352609665142275 -30.897012955931991 0 250 233 83
v 63.806219563664534 -33.215415525113798 0 250 233 83
v 63.806219563664534 -33.215415525113798 0 251 231 77
v 59.352609665142275 -30.897012955931991 0 251 231 77
v 56.43390295346537 -35.952361272948707 0 251 231 77
v 60.668503423837024 -38.650099299023935 0 251 231 77
v 60.668503423837024 -38.650099299023935 0 251 231 77
v 56.43390295346537 -35.952361272948707 0 251 231 77
v 53.085700164590321 -40.734090412049021 0 251 231 77
v 57.069063340310173 -43.790632479700477 0 251 231 77
v 57.069063340310173 -43.790632479700477 0 251 231 77
v 53.085700164590321 -40.734090412049021 0 251 231 77
v 49.333483143440581 -45.20580852719737 0 251 231 77
v 53.035293225520981 -48.597892505699669 0 251 231 77
v 53.035293225520981 -48.597892505699669 0 250 233 83
v 49.333483143440581 -45.20580852719737 0 250 233 83
v 45.205808527197711 -49.333483143440255 0 250 233 83
v 48.597892505699967 -53.035293225520689 0 250 233 83
v 48.597892505699967 -53.035293225520689 0 250 233 83
v 45.205808527197711 -49.333483143440255 0 250 233 83
v 40.734090412049369 -53.085700164590001 0 250 233 83
v 43.79063247970079 -57.069063340309889 0 250 233 83
v 43.79063247970079 -57.069063340309889 0 250 233 83
v 40.734090412049369 -53.085700164590001 0 250 233 83
v 35.952361272949069 -56.433902953465065 0 250 233 83
v 38.650099299024255 -60.668503423836739 0 250 233 83
v 38.650099299024255 -60.668503423836739 0 244 184 41
v 35.952361272949069 -56.433902953465065 0 244 184 41
v 30.897012955932361 -59.352609665142005 0 244 184 41
v 33.215415525114118 -63.80621956366425 0 244 184 41
v 33.215415525114118 -63.80621956366425 0 244 184 41
v 30.897012955932361 -59.352609665142005 0 244 184 41
v 25.606519714194501 -61.819607179181645 0 244 184 41
v 27.527942383041619 -66.458331845363517 0 244 184 41
v 27.527942383041619 -66.458331845363517 0 244 184 41
v 25.606519714194501 -61.819607179181645 0 244 184 41
v 20.121145395792283 -63.81612015488831 0 244 184 41
v 21.630964977608105 -68.604656093081658 0 244 184 41
v 21.630964977608105 -68.604656093081658 0 234 67 0
v 20.121145395792283 -63.81612015488831 0 234 67 0
v 14.482637011448322 -65.326953922989389 0 234 67 0
v 15.569362867561246 -70.228857483307507 0 234 67 0
v 15.569362867561246 -70.228857483307507 0 234 67 0
v 14.482637011448322 -65.326953922989389 0 234 67 0
v 8.7339070145919191 -66.340610126243263 0 234 67 0
v 9.3892685050539111 -71.318574862741826 0 234 67 0
v 9.3892685050539111 -71.318574862741826 0 234 67 0
v 8.7339070145919191 -66.340610126243263 0 234 67 0
v 2.9187067116772312 -66.849374228880819 0 234 67 0
v 3.1377161398277882 -71.86551482413779 0 234 67 0
v 3.1377161398277882 -71.86551482413779 0 249 234 86
v 2.9187067116772312 -66.849374228880819 0 249 234 86
v -2.9187067116766152 -66.849374228880819 0 249 234 86
v -3.1377161398272277 -71.86551482413779 0 249 234 86
v -3.1377161398272277 -71.86551482413779 0 249 234 86
v -2.9187067116766152 -66.849374228880819 0 249 234 86
v -8.7339070145913045 -66.340610126243263 0 249 234 86
v -9.3892685050533533 -71.318574862741826 0 249 234 86
v -9.3892685050533533 -71.318574862741826 0 249 234 86
v -8.7339070145913045 -66.340610126243263 0 249 234 86
v -14.482637011447709 -65.326953922989389 0 249 234 86
v -15.569362867560688 -70.228857483307507 0 249 234 86
v -15.569362867560688 -70.228857483307507 0 131 162 215
v -14.482637011447709 -65.326953922989389 0 131 162 215
v -20.121145395791672 -63.816120154888331 0 131 162 215
v -21.630964977607551 -68.604656093081672 0 131 162 215
v -21.630964977607551 -68.604656093081672 0 131 162 215
v -20.121145395791672 -63.816120154888331 0 131 162 215
v -25.60651971419389 -61.819607179181666 0 131 162 215
v -27.527942383041061 -66.458331845363546 0 131 162 215
v -27.527942383041061 -66.458331845363546 0 131 162 215
v -25.60651971419389 -61.819607179181666 0 131 162 215
v -30.897012955931753 -59.35260966514204 0 131 162 215
v -33.215415525113556 -63.806219563664278 0 131 162 215
v -33.215415525113556 -63.806219563664278 0 110 142 197
v -30.897012955931753 -59.35260966514204 0 110 142 197
v -35.952361272948473 -56.433902953465136 0 110 142 197
v -38.650099299023694 -60.668503423836768 0 110 142 197
v -38.650099299023694 -60.668503423836768 0 110 142 197
v -35.952361272948473 -56.433902953465136 0 110 142 197
v -40.734090412048786 -53.085700164590087 0 110 142 197
v -43.790632479700236 -57.069063340309917 0 110 142 197
v -43.790632479700236 -57.069063340309917 0 110 142 197
v -40.734090412048786 -53.085700164590087 0 110 142 197
v -45.205808527197135 -49.333483143440347 0 110 142 197
v -48.597892505699427 -53.035293225520725 0 110 142 197
v -48.597892505699427 -53.035293225520725 0 106 138 194
v -45.205808527197135 -49.333483143440347 0 106 138 194
v -49.333483143440027 -45.205808527197476 0 106 138 194
v -53.035293225520448 -48.597892505699711 0 106 138 194
v -53.035293225520448 -48.597892505699711 0 106 138 194
v -49.333483143440027 -45.205808527197476 0 106 138 194
v -53.085700164589767 -40.734090412049134 0 106 138 194
v -57.069063340309647 -43.790632479700534 0 106 138 194
v -57.069063340309647 -43.790632479700534 0 106 138 194
v -53.085700164589767 -40.734090412049134 0 106 138 194
v -56.433902953464838 -35.952361272948835 0 106 138 194
v -60.668503423836498 -38.650099299023999 0 106 138 194
v -60.668503423836498 -38.650099299023999 0 103 135 192
v -56.433902953464838 -35.952361272948835 0 103 135 192
v -59.352609665141777 -30.897012955932126 0 103 135 192
v -63.806219563664008 -33.215415525113862 0 103 135 192
v -63.806219563664008 -33.215415525113862 0 103 135 192
v -59.352609665141777 -30.897012955932126 0 103 135 192
v -61.819607179181411 -25.606519714194267 0 103 135 192
v -66.458331845363276 -27.527942383041363 0 103 135 192
v -66.458331845363276 -27.527942383041363 0 103 135 192
v -61.819607179181411 -25.606519714194267 0 103 135 192
v -63.81612015488809 -20.121145395792052 0 103 135 192
v -68.604656093081417 -21.630964977607849 0 103 135 192
v -68.604656093081417 -21.630964977607849 0 102 134 191
v -63.81612015488809 -20.121145395792052 0 102 134 191
v -65.326953922989176 -14.482637011448086 0 102 134 191
v -70.228857483307266 -15.56936286756099 0 102 134 191
v -70.228857483307266 -15.56936286756099 0 102 134 191
v -65.326953922989176 -14.482637011448086 0 102 134 191
v -66.340610126243064 -8.7339070145916793 0 102 134 191
v -71.318574862741585 -9.3892685050536553 0 102 134 191
v -71.318574862741585 -9.3892685050536553 0 102 134 191
v -66.340610126243064 -8.7339070145916793 0 102 134 191
v -66.84937422888062 -2.9187067116769896 0 102 134 191
v -71.865514824137549 -3.1377161398275324 0 102 134 191
v -66.799854327704608 -3.8906484625498914 0 103 135 192
v -61.461987355092724 -3.5797531149581667 0 103 135 192
v -61.461987355092724 3.579753114958141 0 103 135 192
v -66.799854327704622 3.8906484625498612 0 103 135 192
v -66.799854327704622 3.8906484625498612 0 103 135 192
v -61.461987355092724 3.579753114958141 0 103 135 192
v -60.630819413164005 10.690849325003425 0 103 135 192
v -65.896500891996098 11.619331041538372 0 103 135 192
v -65.896500891996098 11.619331041538372 0 103 135 192
v -60.630819413164005 10.690849325003425 0 103 135 192
v -58.979723649865939 17.657370137907783 0 103 135 192
v -64.102010326108754 19.190882100965243 0 103 135 192
v -64.102010326108754 19.190882100965243 0 104 136 193
v -58.979723649865939 17.657370137907783 0 104 136 193
v -56.531028302968949 24.385105310630877 0 104 136 193
v -61.440650036526556 26.502909401625558 0 104 136 193
v -61.440650036526556 26.502909401625558 0 104 136 193
v -56.531028302968949 24.385105310630877 0 104 136 193
v -53.317847776342411 30.783073766282911 0 104 136 193
v -57.948410355645429 33.456530317942907 0 104 136 193
v -57.948410355645429 33.456530317942907 0 104 136 193
v -53.317847776342411 30.783073766282911 0 104 136 193
v -49.383634824449537 36.76475395711298 0 104 136 193
v -53.672517834268348 39.95770905584871 0 104 136 193
v -53.672517834268348 39.95770905584871 0 106 138 194
v -49.383634824449537 36.76475395711298 0 106 138 194
v -44.781592928385749 42.249253920016073 0 106 138 194
v -48.670796583522261 45.918528325580176 0 106 138 194
v -48.670796583522261 45.918528325580176 0 106 138 194
v -44.781592928385749 42.249253920016073 0 106 138 194
v -39.573956810066598 47.162405201565242 0 106 138 194
v -43.010886302951292 51.258378272203579 0 106 138 194
v -43.010886302951292 51.258378272203579 0 106 138 194
v -39.573956810066598 47.162405201565242 0 106 138 194
v -33.8311508143765 51.43776585910939 0 106 138 194
v -36.769327569615278 55.90504658561737 0 106 138 194
v -36.769327569615278 55.90504658561737 0 110 142 198
v -33.8311508143765 51.43776585910939 0 110 142 198
v -27.630836540716029 55.017518974067549 0 110 142 198
v -30.030526758089149 59.795695048167261 0 110 142 198
v -30.030526758089149 59.795695048167261 0 110 142 198
v -27.630836540716029 55.017518974067549 0 110 142 198
v -21.056862603097205 57.853254526568691 0 110 142 198
v -22.885614589044607 62.877709313741988 0 110 142 198
v -22.885614589044607 62.877709313741988 0 110 142 198
v -21.056862603097205 57.853254526568691 0 110 142 198
v -14.198130721479981 59.906624057923871 0 110 142 198
v -15.431213742586275 65.10941042654548 0 110 142 198
v -15.431213742586275 65.10941042654548 0 118 150 205
v -14.198130721479981 59.906624057923871 0 118 150 205
v -7.147393478519195 61.149859267743885 0 118 150 205
v -7.7681322022579797 66.460618457474339 0 118 150 205
v -7.7681322022579797 66.460618457474339 0 118 150 205
v -7.147393478519195 61.149859267743885 0 118 150 205
v 0 61.566147532565857 0 118 150 205
v 0 66.913060635885884 0 118 150 205
v 0 66.913060635885884 0 118 150 205
v 0 61.566147532565857 0 118 150 205
v 7.1473934785196498 61.149859267743899 0 118 150 205
v 7.7681322022584629 66.460618457474339 0 118 150 205
v 7.7681322022584629 66.460618457474339 0 251 231 78
v 7.1473934785196498 61.149859267743899 0 251 231 78
v 14.198130721480441 59.906624057923899 0 251 231 78
v 15.431213742586758 65.10941042654548 0 251 231 78
v 15.431213742586758 65.10941042654548 0 251 231 78
v 14.198130721480441 59.906624057923899 0 251 231 78
v 21.056862603097674 57.853254526568712 0 251 231 78
v 22.88561458904509 62.877709313742002 0 251 231 78
v 22.88561458904509 62.877709313742002 0 251 231 78
v 21.056862603097674 57.853254526568712 0 251 231 78
v 27.630836540716494 55.017518974067585 0 251 231 78
v 30.030526758089636 59.795695048167289 0 251 231 78
v 30.030526758089636 59.795695048167289 0 234 126 2
v 27.630836540716494 55.017518974067585 0 234 126 2
v 33.831150814376976 51.43776585910944 0 234 126 2
v 36.769327569615768 55.90504658561742 0 234 126 2
v 36.769327569615768 55.90504658561742 0 234 126 2
v 33.831150814376976 51.43776585910944 0 234 126 2
v 39.573956810067081 47.162405201565292 0 234 126 2
v 43.010886302951796 51.258378272203629 0 234 126 2
v 43.010886302951796 51.258378272203629 0 234 126 2
v 39.573956810067081 47.162405201565292 0 234 126 2
v 44.781592928386239 42.249253920016123 0 234 126 2
v 48.67079658352278 45.91852832558024 0 234 126 2
v 48.67079658352278 45.91852832558024 0 234 115 0
v 44.781592928386239 42.249253920016123 0 234 115 0
v 49.383634824450034 36.76475395711303 0 234 115 0
v 53.672517834268874 39.957709055848781 0 234 115 0
v 53.672517834268874 39.957709055848781 0 234 115 0
v 49.383634824450034 36.76475395711303 0 234 115 0
v 53.31784777634293 30.783073766282968 0 234 115 0
v 57.948410355645954 33.45653031794297 0 234 115 0
v 57.948410355645954 33.45653031794297 0 234 115 0
v 53.31784777634293 30.783073766282968 0 234 115 0
v 56.531028302969474 24.385105310630937 0 234 115 0
v 61.44065003652711 26.502909401625626 0 234 115 0
v 61.44065003652711 26.502909401625626 0 239 156 21
v 56.531028302969474 24.385105310630937 0 239 156 21
v 58.979723649866472 17.65737013790784 0 239 156 21
v 64.102010326109337 19.190882100965297 0 239 156 21
v 64.102010326109337 19.190882100965297 0 239 156 21
v 58.979723649866472 17.65737013790784 0 239 156 21
v 60.630819413164559 10.690849325003478 0 239 156 21
v 65.896500891996695 11.619331041538418 0 239 156 21
v 65.896500891996695 11.619331041538418 0 239 156 21
v 60.630819413164559 10.690849325003478 0 239 156 21
v 61.461987355093285 3.5797531149581894 0 239 156 21
v 66.799854327705205 3.8906484625498994 0 239 156 21
v 66.799854327705205 3.8906484625498994 0 249 215 63
v 61.461987355093285 3.5797531149581894 0 249 215 63
v 61.461987355093285 -3.5797531149581254 0 249 215 63
v 66.799854327705219 -3.890648462549863 0 249 215 63
v 66.799854327705219 -3.890648462549863 0 249 215 63
v 61.461987355093285 -3.5797531149581254 0 249 215 63
v 60.630819413164573 -10.690849325003416 0 249 215 63
v 65.896500891996695 -11.619331041538384 0 249 215 63
v 65.896500891996695 -11.619331041538384 0 249 215 63
v 60.630819413164573 -10.690849325003416 0 249 215 63
v 58.9797236498665 -17.65737013790778 0 249 215 63
v 64.102010326109351 -19.190882100965268 0 249 215 63
v 64.102010326109351 -19.190882100965268 0 246 198 51
v 58.9797236498665 -17.65737013790778 0 246 198 51
v 56.53102830296951 -24.385105310630887 0 246 198 51
v 61.440650036527146 -26.502909401625594 0 246 198 51
v 61.440650036527146 -26.502909401625594 0 246 198 51
v 56.53102830296951 -24.385105310630887 0 246 198 51
v 53.317847776342973 -30.783073766282929 0 246 198 51
v 57.948410355646004 -33.456530317942942 0 246 198 51
v 57.948410355646004 -33.456530317942942 0 246 198 51
v 53.317847776342973 -30.783073766282929 0 246 198 51
v 49.383634824450105 -36.764753957113001 0 246 198 51
v 53.672517834268923 -39.95770905584876 0 246 198 51
v 53.672517834268923 -39.95770905584876 0 234 101 0
v 49.383634824450105 -36.764753957113001 0 234 101 0
v 44.78159292838631 -42.249253920016109 0 234 101 0
v 48.670796583522829 -45.918528325580233 0 234 101 0
v 48.670796583522829 -45.918528325580233 0 234 101 0
v 44.78159292838631 -42.249253920016109 0 234 101 0
v 39.573956810067145 -47.162405201565285 0 234 101 0
v 43.010886302951846 -51.258378272203643 0 234 101 0
v 43.010886302951846 -51.258378272203643 0 234 101 0
v 39.573956810067145 -47.162405201565285 0 234 101 0
v 33.831150814377047 -51.43776585910944 0 234 101 0
v 36.769327569615825 -55.905046585617448 0 234 101 0
v 36.769327569615825 -55.905046585617448 0 234 47 0
v 33.831150814377047 -51.43776585910944 0 234 47 0
v 27.630836540716562 -55.017518974067613 0 234 47 0
v 30.030526758089685 -59.795695048167339 0 234 47 0
v 30.030526758089685 -59.795695048167339 0 234 47 0
v 27.630836540716562 -55.017518974067613 0 234 47 0
v 21.056862603097731 -57.853254526568762 0 234 47 0
v 22.885614589045133 -62.877709313742066 0 234 47 0
v 22.885614589045133 -62.877709313742066 0 234 47 0
v 21.056862603097731 -57.853254526568762 0 234 47 0
v 14.198130721480492 -59.906624057923963 0 234 47 0
v 15.431213742586792 -65.109410426545537 0 234 47 0
v 15.431213742586792 -65.109410426545537 0 250 233 83
v 14.198130721480492 -59.906624057923963 0 250 233 83
v 7.1473934785196951 -61.14985926774397 0 250 233 83
v 7.768132202258486 -66.460618457474411 0 250 233 83
v 7.768132202258486 -66.460618457474411 0 250 233 83
v 7.1473934785196951 -61.14985926774397 0 250 233 83
v 0 -61.566147532565942 0 250 233 83
v 0 -66.913060635885941 0 250 233 83
v 0 -66.913060635885941 0 250 233 83
v 0 -61.566147532565942 0 250 233 83
v -7.1473934785191719 -61.14985926774397 0 250 233 83
v -7.768132202257978 -66.460618457474411 0 250 233 83
v -7.768132202257978 -66.460618457474411 0 127 158 212
v -7.1473934785191719 -61.14985926774397 0 127 158 212
v -14.198130721479972 -59.906624057923977 0 127 158 212
v -15.431213742586285 -65.109410426545537 0 127 158 212
v -15.431213742586285 -65.109410426545537 0 127 158 212
v -14.198130721479972 -59.906624057923977 0 127 158 212
v -21.056862603097215 -57.85325452656879 0 127 158 212
v -22.885614589044625 -62.877709313742081 0 127 158 212
v -22.885614589044625 -62.877709313742081 0 127 158 212
v -21.056862603097215 -57.85325452656879 0 127 158 212
v -27.630836540716047 -55.017518974067649 0 127 158 212
v -30.030526758089177 -59.795695048167353 0 127 158 212
v -30.030526758089177 -59.795695048167353 0 110 142 198
v -27.630836540716047 -55.017518974067649 0 110 142 198
v -33.831150814376535 -51.43776585910949 0 110 142 198
v -36.769327569615321 -55.905046585617477 0 110 142 198
v -36.769327569615321 -55.905046585617477 0 110 142 198
v -33.831150814376535 -51.43776585910949 0 110 142 198
v -39.573956810066647 -47.162405201565335 0 110 142 198
v -43.010886302951363 -51.258378272203679 0 110 142 198
v -43.010886302951363 -51.258378272203679 0 110 142 198
v -39.573956810066647 -47.162405201565335 0 110 142 198
v -44.781592928385805 -42.249253920016159 0 110 142 198
v -48.670796583522346 -45.918528325580283 0 110 142 198
v -48.670796583522346 -45.918528325580283 0 106 138 194
v -44.781592928385805 -42.249253920016159 0 106 138 194
v -49.383634824449608 -36.764753957113058 0 106 138 194
v -53.672517834268447 -39.957709055848824 0 106 138 194
v -53.672517834268447 -39.957709055848824 0 106 138 194
v -49.383634824449608 -36.764753957113058 0 106 138 194
v -53.317847776342511 -30.783073766282993 0 106 138 194
v -57.948410355645521 -33.456530317943006 0 106 138 194
v -57.948410355645521 -33.456530317943006 0 106 138 194
v -53.317847776342511 -30.783073766282993 0 106 138 194
v -56.531028302969055 -24.385105310630948 0 106 138 194
v -61.440650036526677 -26.502909401625654 0 106 138 194
v -61.440650036526677 -26.502909401625654 0 103 135 192
v -56.531028302969055 -24.385105310630948 0 103 135 192
v -58.979723649866052 -17.657370137907844 0 103 135 192
v -64.102010326108896 -19.190882100965322 0 103 135 192
v -64.102010326108896 -19.190882100965322 0 103 135 192
v -58.979723649866052 -17.657370137907844 0 103 135 192
v -60.63081941316414 -10.690849325003471 0 103 135 192
v -65.89650089199624 -11.619331041538436 0 103 135 192
v -65.89650089199624 -11.619331041538436 0 103 135 192
v -60.63081941316414 -10.690849325003471 0 103 135 192
v -61.461987355092866 -3.5797531149581725 0 103 135 192
v -66.799854327704779 -3.89064846254991 0 103 135 192
v -61.461987355092724 -3.5797531149581667 0 103 135 192
v -55.824683758224175 -3.2514175700258909 0 103 135 192
v -55.824683758224175 3.2514175700258678 0 103 135 192
v -61.461987355092724 3.579753114958141 0 103 135 192
v -61.461987355092724 3.579753114958141 0 103 135 192
v -55.824683758224175 3.2514175700258678 0 103 135 192
v -55.069750676739623 9.7102828651974757 0 103 135 192
v -60.630819413164005 10.690849325003425 0 103 135 192
v -60.630819413164005 10.690849325003425 0 103 135 192
v -55.069750676739623 9.7102828651974757 0 103 135 192
v -53.570093688622059 16.037833242451072 0 103 135 192
v -58.979723649865939 17.657370137907783 0 103 135 192
v -58.979723649865939 17.657370137907783 0 104 136 193
v -53.570093688622059 16.037833242451072 0 104 136 193
v -51.345993081998365 22.148499437745009 0 104 136 193
v -56.531028302968949 24.385105310630877 0 104 136 193
v -56.531028302968949 24.385105310630877 0 104 136 193
v -51.345993081998365 22.148499437745009 0 104 136 193
v -48.427526002164385 27.959645173537329 0 104 136 193
v -53.317847776342411 30.783073766282911 0 104 136 193
v -53.317847776342411 30.783073766282911 0 104 136 193
v -48.427526002164385 27.959645173537329 0 104 136 193
v -44.854159709791617 33.392684672678314 0 104 136 193
v -49.383634824449537 36.76475395711298 0 104 136 193
v -49.383634824449537 36.76475395711298 0 106 138 194
v -44.854159709791617 33.392684672678314 0 106 138 194
v -40.674217853932113 38.374145396233786 0 106 138 194
v -44.781592928385749 42.249253920016073 0 106 138 194
v -44.781592928385749 42.249253920016073 0 106 138 194
v -40.674217853932113 38.374145396233786 0 106 138 194
v -35.944226977563488 42.836661633533268 0 106 138 194
v -39.573956810066598 47.162405201565242 0 106 138 194
v -39.573956810066598 47.162405201565242 0 106 138 194
v -35.944226977563488 42.836661633533268 0 106 138 194
v -30.728152093065475 46.71988550784198 0 106 138 194
v -33.8311508143765 51.43776585910939 0 106 138 194
v -33.8311508143765 51.43776585910939 0 110 142 198
v -30.728152093065475 46.71988550784198 0 110 142 198
v -25.096531665158519 49.971303077867866 0 110 142 198
v -27.630836540716029 55.017518974067549 0 110 142 198
v -27.630836540716029 55.017518974067549 0 110 142 198
v -25.096531665158519 49.971303077867866 0 110 142 198
v -19.12552369917595 52.546944498730774 0 110 142 198
v -21.056862603097205 57.853254526568691 0 110 142 198
v -21.056862603097205 57.853254526568691 0 110 142 198
v -19.12552369917595 52.546944498730774 0 110 142 198
v -12.89587583468974 54.4119786386849 0 110 142 198
v -14.198130721479981 59.906624057923871 0 110 142 198
v -14.198130721479981 59.906624057923871 0 118 150 205
v -12.89587583468974 54.4119786386849 0 118 150 205
v -6.4918333722065382 55.54118411042338 0 118 150 205
v -7.147393478519195 61.149859267743885 0 118 150 205
v -7.147393478519195 61.149859267743885 0 118 150 205
v -6.4918333722065382 55.54118411042338 0 118 150 205
v 0 55.919290347074721 0 118 150 205
v 0 61.566147532565857 0 118 150 205
v 0 61.566147532565857 0 118 150 205
v 0 55.919290347074721 0 118 150 205
v 6.4918333722069841 55.54118411042338 0 118 150 205
v 7.1473934785196498 61.149859267743899 0 118 150 205
v 7.1473934785196498 61.149859267743899 0 251 231 78
v 6.4918333722069841 55.54118411042338 0 251 231 78
v 12.895875834690187 54.411978638684921 0 251 231 78
v 14.198130721480441 59.906624057923899 0 251 231 78
v 14.198130721480441 59.906624057923899 0 251 231 78
v 12.895875834690187 54.411978638684921 0 251 231 78
v 19.125523699176401 52.546944498730809 0 251 231 78
v 21.056862603097674 57.853254526568712 0 251 231 78
v 21.056862603097674 57.853254526568712 0 251 231 78
v 19.125523699176401 52.546944498730809 0 251 231 78
v 25.096531665158981 49.971303077867901 0 251 231 78
v 27.630836540716494 55.017518974067585 0 251 231 78
v 27.630836540716494 55.017518974067585 0 234 126 2
v 25.096531665158981 49.971303077867901 0 234 126 2
v 30.728152093065955 46.719885507842022 0 234 126 2
v 33.831150814376976 51.43776585910944 0 234 126 2
v 33.831150814376976 51.43776585910944 0 234 126 2
v 30.728152093065955 46.719885507842022 0 234 126 2
v 35.944226977563972 42.836661633533332 0 234 126 2
v 39.573956810067081 47.162405201565292 0 234 126 2
v 39.573956810067081 47.162405201565292 0 234 126 2
v 35.944226977563972 42.836661633533332 0 234 126 2
v 40.67421785393261 38.374145396233857 0 234 126 2
v 44.781592928386239 42.249253920016123 0 234 126 2
v 44.781592928386239 42.249253920016123 0 234 115 0
v 40.67421785393261 38.374145396233857 0 234 115 0
v 44.854159709792121 33.392684672678385 0 234 115 0
v 49.383634824450034 36.76475395711303 0 234 115 0
v 49.383634824450034 36.76475395711303 0 234 115 0
v 44.854159709792121 33.392684672678385 0 234 115 0
v 48.427526002164903 27.959645173537403 0 234 115 0
v 53.31784777634293 30.783073766282968 0 234 115 0
v 53.31784777634293 30.783073766282968 0 234 115 0
v 48.427526002164903 27.959645173537403 0 234 115 0
v 51.345993081998898 22.148499437745077 0 234 115 0
v 56.531028302969474 24.385105310630937 0 234 115 0
v 56.531028302969474 24.385105310630937 0 239 156 21
v 51.345993081998898 22.148499437745077 0 239 156 21
v 53.570093688622599 16.037833242451129 0 239 156 21
v 58.979723649866472 17.65737013790784 0 239 156 21
v 58.979723649866472 17.65737013790784 0 239 156 21
v 53.570093688622599 16.037833242451129 0 239 156 21
v 55.069750676740185 9.7102828651975273 0 239 156 21
v 60.630819413164559 10.690849325003478 0 239 156 21
v 60.630819413164559 10.690849325003478 0 239 156 21
v 55.069750676740185 9.7102828651975273 0 239 156 21
v 55.824683758224751 3.2514175700259127 0 239 156 21
v 61.461987355093285 3.5797531149581894 0 239 156 21
v 61.461987355093285 3.5797531149581894 0 249 215 63
v 55.824683758224751 3.2514175700259127 0 249 215 63
v 55.824683758224751 -3.251417570025855 0 249 215 63
v 61.461987355093285 -3.5797531149581254 0 249 215 63
v 61.461987355093285 -3.5797531149581254 0 249 215 63
v 55.824683758224751 -3.251417570025855 0 249 215 63
v 55.069750676740199 -9.7102828651974722 0 249 215 63
v 60.630819413164573 -10.690849325003416 0 249 215 63
v 60.630819413164573 -10.690849325003416 0 249 215 63
v 55.069750676740199 -9.7102828651974722 0 249 215 63
v 53.570093688622634 -16.037833242451079 0 249 215 63
v 58.9797236498665 -17.65737013790778 0 249 215 63
v 58.9797236498665 -17.65737013790778 0 246 198 51
v 53.570093688622634 -16.037833242451079 0 246 198 51
v 51.345993081998934 -22.148499437745023 0 246 198 51
v 56.53102830296951 -24.385105310630887 0 246 198 51
v 56.53102830296951 -24.385105310630887 0 246 198 51
v 51.345993081998934 -22.148499437745023 0 246 198 51
v 48.427526002164946 -27.959645173537353 0 246 198 51
v 53.317847776342973 -30.783073766282929 0 246 198 51
v 53.317847776342973 -30.783073766282929 0 246 198 51
v 48.427526002164946 -27.959645173537353 0 246 198 51
v 44.854159709792178 -33.39268467267835 0 246 198 51
v 49.383634824450105 -36.764753957113001 0 246 198 51
v 49.383634824450105 -36.764753957113001 0 234 101 0
v 44.854159709792178 -33.39268467267835 0 234 101 0
v 40.674217853932667 -38.374145396233828 0 234 101 0
v 44.78159292838631 -42.249253920016109 0 234 101 0
v 44.78159292838631 -42.249253920016109 0 234 101 0
v 40.674217853932667 -38.374145396233828 0 234 101 0
v 35.944226977564028 -42.836661633533311 0 234 101 0
v 39.573956810067145 -47.162405201565285 0 234 101 0
v 39.573956810067145 -47.162405201565285 0 234 101 0
v 35.944226977564028 -42.836661633533311 0 234 101 0
v 30.728152093066011 -46.719885507842029 0 234 101 0
v 33.831150814377047 -51.43776585910944 0 234 101 0
v 33.831150814377047 -51.43776585910944 0 234 47 0
v 30.728152093066011 -46.719885507842029 0 234 47 0
v 25.096531665159045 -49.971303077867915 0 234 47 0
v 27.630836540716562 -55.017518974067613 0 234 47 0
v 27.630836540716562 -55.017518974067613 0 234 47 0
v 25.096531665159045 -49.971303077867915 0 234 47 0
v 19.125523699176465 -52.546944498730824 0 234 47 0
v 21.056862603097731 -57.853254526568762 0 234 47 0
v 21.056862603097731 -57.853254526568762 0 234 47 0
v 19.125523699176465 -52.546944498730824 0 234 47 0
v 12.895875834690248 -54.41197863868495 0 234 47 0
v 14.198130721480492 -59.906624057923963 0 234 47 0
v 14.198130721480492 -59.906624057923963 0 250 233 83
v 12.895875834690248 -54.41197863868495 0 250 233 83
v 6.4918333722070383 -55.54118411042343 0 250 233 83
v 7.1473934785196951 -61.14985926774397 0 250 233 83
v 7.1473934785196951 -61.14985926774397 0 250 233 83
v 6.4918333722070383 -55.54118411042343 0 250 233 83
v 0 -55.919290347074771 0 250 233 83
v 0 -61.566147532565942 0 250 233 83
v 0 -61.566147532565942 0 250 233 83
v 0 -55.919290347074771 0 250 233 83
v -6.4918333722064974 -55.54118411042343 0 250 233 83
v -7.1473934785191719 -61.14985926774397 0 250 233 83
v -7.1473934785191719 -61.14985926774397 0 127 158 212
v -6.4918333722064974 -55.54118411042343 0 127 158 212
v -12.89587583468971 -54.411978638684978 0 127 158 212
v -14.198130721479972 -59.906624057923977 0 127 158 212
v -14.198130721479972 -59.906624057923977 0 127 158 212
v -12.89587583468971 -54.411978638684978 0 127 158 212
v -19.125523699175933 -52.546944498730866 0 127 158 212
v -21.056862603097215 -57.85325452656879 0 127 158 212
v -21.056862603097215 -57.85325452656879 0 127 158 212
v -19.125523699175933 -52.546944498730866 0 127 158 212
v -25.096531665158516 -49.971303077867944 0 127 158 212
v -27.630836540716047 -55.017518974067649 0 127 158 212
v -27.630836540716047 -55.017518974067649 0 110 142 198
v -25.096531665158516 -49.971303077867944 0 110 142 198
v -30.728152093065496 -46.719885507842065 0 110 142 198
v -33.831150814376535 -51.43776585910949 0 110 142 198
v -33.831150814376535 -51.43776585910949 0 110 142 198
v -30.728152093065496 -46.719885507842065 0 110 142 198
v -35.944226977563517 -42.836661633533367 0 110 142 198
v -39.573956810066647 -47.162405201565335 0 110 142 198
v -39.573956810066647 -47.162405201565335 0 110 142 198
v -35.944226977563517 -42.836661633533367 0 110 142 198
v -40.674217853932163 -38.374145396233878 0 110 142 198
v -44.781592928385805 -42.249253920016159 0 110 142 198
v -44.781592928385805 -42.249253920016159 0 106 138 194
v -40.674217853932163 -38.374145396233878 0 106 138 194
v -44.854159709791681 -33.392684672678399 0 106 138 194
v -49.383634824449608 -36.764753957113058 0 106 138 194
v -49.383634824449608 -36.764753957113058 0 106 138 194
v -44.854159709791681 -33.392684672678399 0 106 138 194
v -48.427526002164463 -27.95964517353741 0 106 138 194
v -53.317847776342511 -30.783073766282993 0 106 138 194
v -53.317847776342511 -30.783073766282993 0 106 138 194
v -48.427526002164463 -27.95964517353741 0 106 138 194
v -51.345993081998451 -22.148499437745077 0 106 138 194
v -56.531028302969055 -24.385105310630948 0 106 138 194
v -56.531028302969055 -24.385105310630948 0 103 135 192
v -51.345993081998451 -22.148499437745077 0 103 135 192
v -53.570093688622158 -16.037833242451125 0 103 135 192
v -58.979723649866052 -17.657370137907844 0 103 135 192
v -58.979723649866052 -17.657370137907844 0 103 135 192
v -53.570093688622158 -16.037833242451125 0 103 135 192
v -55.069750676739744 -9.7102828651975166 0 103 135 192
v -60.63081941316414 -10.690849325003471 0 103 135 192
v -60.63081941316414 -10.690849325003471 0 103 135 192
v -55.069750676739744 -9.7102828651975166 0 103 135 192
v -55.82468375822431 -3.2514175700258958 0 103 135 192
v -61.461987355092866 -3.5797531149581725 0 103 135 192
v -55.824683758224175 -3.2514175700258909 0 103 135 192
v -49.915407913563158 -2.9072414455238005 0 103 135 192
v -49.915407913563158 2.9072414455237814 0 103 135 192
v -55.824683758224175 3.2514175700258678 0 103 135 192
v -55.824683758224175 3.2514175700258678 0 103 135 192
v -49.915407913563158 2.9072414455237814 0 103 135 192
v -49.240387650610145 8.6824088833465076 0 103 135 192
v -55.069750676739623 9.7102828651974757 0 103 135 192
v -55.069750676739623 9.7102828651974757 0 103 135 192
v -49.240387650610145 8.6824088833465076 0 103 135 192
v -47.899475615774193 14.340161635554502 0 103 135 192
v -53.570093688622059 16.037833242451072 0 103 135 192
v -53.570093688622059 16.037833242451072 0 104 136 193
v -47.899475615774193 14.340161635554502 0 104 136 193
v -45.910805344013454 19.803988301957833 0 104 136 193
v -51.345993081998365 22.148499437745009 0 104 136 193
v -51.345993081998365 22.148499437745009 0 104 136 193
v -45.910805344013454 19.803988301957833 0 104 136 193
v -43.301270189221682 24.999999999999993 0 104 136 193
v -48.427526002164385 27.959645173537329 0 104 136 193
v -48.427526002164385 27.959645173537329 0 104 136 193
v -43.301270189221682 24.999999999999993 0 104 136 193
v -40.106159637751936 29.857929585139303 0 104 136 193
v -44.854159709791617 33.392684672678314 0 104 136 193
v -44.854159709791617 33.392684672678314 0 106 138 194
v -40.106159637751936 29.857929585139303 0 106 138 194
v -36.368682078652192 34.31208189343667 0 106 138 194
v -40.674217853932113 38.374145396233786 0 106 138 194
v -40.674217853932113 38.374145396233786 0 106 138 194
v -36.368682078652192 34.31208189343667 0 106 138 194
v -32.139380484326729 38.302222155948897 0 106 138 194
v -35.944226977563488 42.836661633533268 0 106 138 194
v -35.944226977563488 42.836661633533268 0 106 138 194
v -32.139380484326729 38.302222155948897 0 106 138 194
v -27.475448903540059 41.774390570646823 0 106 138 194
v -30.728152093065475 46.71988550784198 0 106 138 194
v -30.728152093065475 46.71988550784198 0 110 142 198
v -27.475448903540059 41.774390570646823 0 110 142 198
v -22.439959010022868 44.68163201617061 0 110 142 198
v -25.096531665158519 49.971303077867866 0 110 142 198
v -25.096531665158519 49.971303077867866 0 110 142 198
v -22.439959010022868 44.68163201617061 0 110 142 198
v -17.101007166283196 46.984631039295422 0 110 142 198
v -19.12552369917595 52.546944498730774 0 110 142 198
v -19.12552369917595 52.546944498730774 0 110 142 198
v -17.101007166283196 46.984631039295422 0 110 142 198
v -11.53079353712177 48.652243528991193 0 110 142 198
v -12.89587583468974 54.4119786386849 0 110 142 198
v -12.89587583468974 54.4119786386849 0 118 150 205
v -11.53079353712177 48.652243528991193 0 118 150 205
v -5.8046457062612733 49.661917887097161 0 118 150 205
v -6.4918333722065382 55.54118411042338 0 118 150 205
v -6.4918333722065382 55.54118411042338 0 118 150 205
v -5.8046457062612733 49.661917887097161 0 118 150 205
v 0 50.000000000000021 0 118 150 205
v 0 55.919290347074721 0 118 150 205
v 0 55.919290347074721 0 118 150 205
v 0 50.000000000000021 0 118 150 205
v 5.804645706261752 49.661917887097168 0 118 150 205
v 6.4918333722069841 55.54118411042338 0 118 150 205
v 6.4918333722069841 55.54118411042338 0 251 231 78
v 5.804645706261752 49.661917887097168 0 251 231 78
v 11.530793537122252 48.652243528991221 0 251 231 78
v 12.895875834690187 54.411978638684921 0 251 231 78
v 12.895875834690187 54.411978638684921 0 251 231 78
v 11.530793537122252 48.652243528991221 0 251 231 78
v 17.101007166283683 46.984631039295451 0 251 231 78
v 19.125523699176401 52.546944498730809 0 251 231 78
v 19.125523699176401 52.546944498730809 0 251 231 78
v 17.101007166283683 46.984631039295451 0 251 231 78
v 22.439959010023358 44.681632016170646 0 251 231 78
v 25.096531665158981 49.971303077867901 0 251 231 78
v 25.096531665158981 49.971303077867901 0 234 126 2
v 22.439959010023358 44.681632016170646 0 234 126 2
v 27.475448903540556 41.774390570646858 0 234 126 2
v 30.728152093065955 46.719885507842022 0 234 126 2
v 30.728152093065955 46.719885507842022 0 234 126 2
v 27.475448903540556 41.774390570646858 0 234 126 2
v 32.139380484327226 38.30222215594894 0 234 126 2
v 35.944226977563972 42.836661633533332 0 234 126 2
v 35.944226977563972 42.836661633533332 0 234 126 2
v 32.139380484327226 38.30222215594894 0 234 126 2
v 36.368682078652697 34.312081893436712 0 234 126 2
v 40.67421785393261 38.374145396233857 0 234 126 2
v 40.67421785393261 38.374145396233857 0 234 115 0
v 36.368682078652697 34.312081893436712 0 234 115 0
v 40.106159637752462 29.857929585139342 0 234 115 0
v 44.854159709792121 33.392684672678385 0 234 115 0
v 44.854159709792121 33.392684672678385 0 234 115 0
v 40.106159637752462 29.857929585139342 0 234 115 0
v 43.301270189222208 25.000000000000032 0 234 115 0
v 48.427526002164903 27.959645173537403 0 234 115 0
v 48.427526002164903 27.959645173537403 0 234 115 0
v 43.301270189222208 25.000000000000032 0 234 115 0
v 45.91080534401398 19.803988301957869 0 234 115 0
v 51.345993081998898 22.148499437745077 0 234 115 0
v 51.345993081998898 22.148499437745077 0 239 156 21
v 45.91080534401398 19.803988301957869 0 239 156 21
v 47.899475615774726 14.340161635554539 0 239 156 21
v 53.570093688622599 16.037833242451129 0 239 156 21
v 53.570093688622599 16.037833242451129 0 239 156 21
v 47.899475615774726 14.340161635554539 0 239 156 21
v 49.240387650610693 8.6824088833465414 0 239 156 21
v 55.069750676740185 9.7102828651975273 0 239 156 21
v 55.069750676740185 9.7102828651975273 0 239 156 21
v 49.240387650610693 8.6824088833465414 0 239 156 21
v 49.915407913563705 2.9072414455238103 0 239 156 21
v 55.824683758224751 3.2514175700259127 0 239 156 21
v 55.824683758224751 3.2514175700259127 0 249 215 63
v 49.915407913563705 2.9072414455238103 0 249 215 63
v 49.915407913563705 -2.9072414455237778 0 249 215 63
v 55.824683758224751 -3.251417570025855 0 249 215 63
v 55.824683758224751 -3.251417570025855 0 249 215 63
v 49.915407913563705 -2.9072414455237778 0 249 215 63
v 49.240387650610693 -8.6824088833465094 0 249 215 63
v 55.069750676740199 -9.7102828651974722 0 249 215 63
v 55.069750676740199 -9.7102828651974722 0 249 215 63
v 49.240387650610693 -8.6824088833465094 0 249 215 63
v 47.89947561577474 -14.340161635554509 0 249 215 63
v 53.570093688622634 -16.037833242451079 0 249 215 63
v 53.570093688622634 -16.037833242451079 0 246 198 51
v 47.89947561577474 -14.340161635554509 0 246 198 51
v 45.910805344013994 -19.803988301957848 0 246 198 51
v 51.345993081998934 -22.148499437745023 0 246 198 51
v 51.345993081998934 -22.148499437745023 0 246 198 51
v 45.910805344013994 -19.803988301957848 0 246 198 51
v 43.301270189222222 -25.000000000000011 0 246 198 51
v 48.427526002164946 -27.959645173537353 0 246 198 51
v 48.427526002164946 -27.959645173537353 0 246 198 51
v 43.301270189222222 -25.000000000000011 0 246 198 51
v 40.106159637752476 -29.857929585139328 0 246 198 51
v 44.854159709792178 -33.39268467267835 0 246 198 51
v 44.854159709792178 -33.39268467267835 0 234 101 0
v 40.106159637752476 -29.857929585139328 0 234 101 0
v 36.368682078652725 -34.312081893436705 0 234 101 0
v 40.674217853932667 -38.374145396233828 0 234 101 0
v 40.674217853932667 -38.374145396233828 0 234 101 0
v 36.368682078652725 -34.312081893436705 0 234 101 0
v 32.139380484327262 -38.302222155948932 0 234 101 0
v 35.944226977564028 -42.836661633533311 0 234 101 0
v 35.944226977564028 -42.836661633533311 0 234 101 0
v 32.139380484327262 -38.302222155948932 0 234 101 0
v 27.475448903540585 -41.774390570646858 0 234 101 0
v 30.728152093066011 -46.719885507842029 0 234 101 0
v 30.728152093066011 -46.719885507842029 0 234 47 0
v 27.475448903540585 -41.774390570646858 0 234 47 0
v 22.439959010023387 -44.681632016170653 0 234 47 0
v 25.096531665159045 -49.971303077867915 0 234 47 0
v 25.096531665159045 -49.971303077867915 0 234 47 0
v 22.439959010023387 -44.681632016170653 0 234 47 0
v 17.101007166283711 -46.984631039295465 0 234 47 0
v 19.125523699176465 -52.546944498730824 0 234 47 0
v 19.125523699176465 -52.546944498730824 0 234 47 0
v 17.101007166283711 -46.984631039295465 0 234 47 0
v 11.530793537122277 -48.652243528991242 0 234 47 0
v 12.895875834690248 -54.41197863868495 0 234 47 0
v 12.895875834690248 -54.41197863868495 0 250 233 83
v 11.530793537122277 -48.652243528991242 0 250 233 83
v 5.8046457062617742 -49.661917887097211 0 250 233 83
v 6.4918333722070383 -55.54118411042343 0 250 233 83
v 6.4918333722070383 -55.54118411042343 0 250 233 83
v 5.8046457062617742 -49.661917887097211 0 250 233 83
v 0 -50.000000000000057 0 250 233 83
v 0 -55.919290347074771 0 250 233 83
v 0 -55.919290347074771 0 250 233 83
v 0 -50.000000000000057 0 250 233 83
v -5.8046457062612653 -49.661917887097211 0 250 233 83
v -6.4918333722064974 -55.54118411042343 0 250 233 83
v -6.4918333722064974 -55.54118411042343 0 127 158 212
v -5.8046457062612653 -49.661917887097211 0 127 158 212
v -11.530793537121772 -48.652243528991264 0 127 158 212
v -12.89587583468971 -54.411978638684978 0 127 158 212
v -12.89587583468971 -54.411978638684978 0 127 158 212
v -11.530793537121772 -48.652243528991264 0 127 158 212
v -17.10100716628321 -46.984631039295486 0 127 158 212
v -19.125523699175933 -52.546944498730866 0 127 158 212
v -19.125523699175933 -52.546944498730866 0 127 158 212
v -17.10100716628321 -46.984631039295486 0 127 158 212
v -22.439959010022889 -44.681632016170681 0 127 158 212
v -25.096531665158516 -49.971303077867944 0 127 158 212
v -25.096531665158516 -49.971303077867944 0 110 142 198
v -22.439959010022889 -44.681632016170681 0 110 142 198
v -27.475448903540094 -41.774390570646887 0 110 142 198
v -30.728152093065496 -46.719885507842065 0 110 142 198
v -30.728152093065496 -46.719885507842065 0 110 142 198
v -27.475448903540094 -41.774390570646887 0 110 142 198
v -32.139380484326765 -38.302222155948968 0 110 142 198
v -35.944226977563517 -42.836661633533367 0 110 142 198
v -35.944226977563517 -42.836661633533367 0 110 142 198
v -32.139380484326765 -38.302222155948968 0 110 142 198
v -36.368682078652242 -34.312081893436734 0 110 142 198
v -40.674217853932163 -38.374145396233878 0 110 142 198
v -40.674217853932163 -38.374145396233878 0 106 138 194
v -36.368682078652242 -34.312081893436734 0 106 138 194
v -40.106159637752015 -29.85792958513936 0 106 138 194
v -44.854159709791681 -33.392684672678399 0 106 138 194
v -44.854159709791681 -33.392684672678399 0 106 138 194
v -40.106159637752015 -29.85792958513936 0 106 138 194
v -43.301270189221761 -25.000000000000046 0 106 138 194
v -48.427526002164463 -27.95964517353741 0 106 138 194
v -48.427526002164463 -27.95964517353741 0 106 138 194
v -43.301270189221761 -25.000000000000046 0 106 138 194
v -45.910805344013539 -19.803988301957876 0 106 138 194
v -51.345993081998451 -22.148499437745077 0 106 138 194
v -51.345993081998451 -22.148499437745077 0 103 135 192
v -45.910805344013539 -19.803988301957876 0 103 135 192
v -47.899475615774286 -14.340161635554541 0 103 135 192
v -53.570093688622158 -16.037833242451125 0 103 135 192
v -53.570093688622158 -16.037833242451125 0 103 135 192
v -47.899475615774286 -14.340161635554541 0 103 135 192
v -49.240387650610259 -8.682408883346536 0 103 135 192
v -55.069750676739744 -9.7102828651975166 0 103 135 192
v -55.069750676739744 -9.7102828651975166 0 103 135 192
v -49.240387650610259 -8.682408883346536 0 103 135 192
v -49.915407913563264 -2.9072414455237987 0 103 135 192
v -55.82468375822431 -3.2514175700258958 0 103 135 192
v -49.809734904587039 -4.3577871373829185 0 105 137 194
v -43.670301222767485 -3.8206562897544809 0 105 137 194
v -43.670301222767485 3.8206562897544658 0 105 137 194
v -49.809734904587039 4.3577871373828998 0 105 137 194
v -49.809734904587039 4.3577871373828998 0 105 137 194
v -43.670301222767485 3.8206562897544658 0 105 137 194
v -42.343401218352369 11.34588016124459 0 105 137 194
v -48.296291314453178 12.940952255126032 0 105 137 194
v -48.296291314453178 12.940952255126032 0 105 137 194
v -42.343401218352369 11.34588016124459 0 105 137 194
v -39.729918394712485 18.526365205327682 0 105 137 194
v -45.315389351832259 21.130913087034969 0 105 137 194
v -45.315389351832259 21.130913087034969 0 107 139 195
v -39.729918394712485 18.526365205327682 0 107 139 195
v -35.909262104958017 25.14393601744003 0 107 139 195
v -40.957602214449345 28.678821817552297 0 107 139 195
v -40.957602214449345 28.678821817552297 0 107 139 195
v -35.909262104958017 25.14393601744003 0 107 139 195
v -30.997521057107775 30.997521057108003 0 107 139 195
v -35.355339059327143 35.355339059327363 0 107 139 195
v -35.355339059327143 35.355339059327363 0 107 139 195
v -30.997521057107775 30.997521057108003 0 107 139 195
v -25.143936017439799 35.909262104958245 0 107 139 195
v -28.678821817552073 40.957602214449587 0 107 139 195
v -28.678821817552073 40.957602214449587 0 111 143 199
v -25.143936017439799 35.909262104958245 0 111 143 199
v -18.526365205327458 39.729918394712712 0 111 143 199
v -21.130913087034742 45.315389351832494 0 111 143 199
v -21.130913087034742 45.315389351832494 0 111 143 199
v -18.526365205327458 39.729918394712712 0 111 143 199
v -11.34588016124437 42.343401218352597 0 111 143 199
v -12.94095225512581 48.296291314453406 0 111 143 199
v -12.94095225512581 48.296291314453406 0 111 143 199
v -11.34588016124437 42.343401218352597 0 111 143 199
v -3.820656289754246 43.670301222767726 0 111 143 199
v -4.3577871373826831 49.809734904587266 0 111 143 199
v -4.3577871373826831 49.809734904587266 0 121 153 207
v -3.820656289754246 43.670301222767726 0 121 153 207
v 3.820656289754699 43.670301222767726 0 121 153 207
v 4.3577871373831298 49.809734904587266 0 121 153 207
v 4.3577871373831298 49.809734904587266 0 121 153 207
v 3.820656289754699 43.670301222767726 0 121 153 207
v 11.345880161244823 42.343401218352611 0 121 153 207
v 12.940952255126255 48.296291314453413 0 121 153 207
v 12.940952255126255 48.296291314453413 0 121 153 207
v 11.345880161244823 42.343401218352611 0 121 153 207
v 18.526365205327913 39.729918394712726 0 121 153 207
v 21.130913087035186 45.315389351832494 0 121 153 207
v 21.130913087035186 45.315389351832494 0 247 201 54
v 18.526365205327913 39.729918394712726 0 247 201 54
v 25.143936017440261 35.909262104958259 0 247 201 54
v 28.678821817552514 40.957602214449587 0 247 201 54
v 28.678821817552514 40.957602214449587 0 247 201 54
v 25.143936017440261 35.909262104958259 0 247 201 54
v 30.99752105710823 30.997521057108024 0 247 201 54
v 35.355339059327576 35.355339059327385 0 247 201 54
v 35.355339059327576 35.355339059327385 0 247 201 54
v 30.99752105710823 30.997521057108024 0 247 201 54
v 35.909262104958472 25.143936017440055 0 247 201 54
v 40.9576022144498 28.678821817552318 0 247 201 54
v 40.9576022144498 28.678821817552318 0 234 38 0
v 35.909262104958472 25.143936017440055 0 234 38 0
v 39.729918394712939 18.526365205327714 0 234 38 0
v 45.315389351832707 21.130913087034987 0 234 38 0
v 45.315389351832707 21.130913087034987 0 234 38 0
v 39.729918394712939 18.526365205327714 0 234 38 0
v 42.343401218352824 11.345880161244628 0 234 38 0
v 48.296291314453619 12.94095225512606 0 234 38 0
v 48.296291314453619 12.94095225512606 0 234 38 0
v 42.343401218352824 11.345880161244628 0 234 38 0
v 43.670301222767954 3.8206562897545076 0 234 38 0
v 49.809734904587486 4.357787137382938 0 234 38 0
v 49.809734904587486 4.357787137382938 0 234 74 0
v 43.670301222767954 3.8206562897545076 0 234 74 0
v 43.670301222767954 -3.8206562897544347 0 234 74 0
v 49.809734904587486 -4.3577871373828723 0 234 74 0
v 49.809734904587486 -4.3577871373828723 0 234 74 0
v 43.670301222767954 -3.8206562897544347 0 234 74 0
v 42.343401218352845 -11.345880161244557 0 234 74 0
v 48.296291314453633 -12.940952255125998 0 234 74 0
v 48.296291314453633 -12.940952255125998 0 234 74 0
v 42.343401218352845 -11.345880161244557 0 234 74 0
v 39.729918394712961 -18.526365205327643 0 234 74 0
v 45.315389351832721 -21.130913087034926 0 234 74 0
v 45.315389351832721 -21.130913087034926 0 234 72 0
v 39.729918394712961 -18.526365205327643 0 234 72 0
v 35.909262104958493 -25.143936017439987 0 234 72 0
v 40.957602214449814 -28.678821817552254 0 234 72 0
v 40.957602214449814 -28.678821817552254 0 234 72 0
v 35.909262104958493 -25.143936017439987 0 234 72 0
v 30.997521057108262 -30.997521057107956 0 234 72 0
v 35.355339059327612 -35.355339059327321 0 234 72 0
v 35.355339059327612 -35.355339059327321 0 234 72 0
v 30.997521057108262 -30.997521057107956 0 234 72 0
v 25.143936017440293 -35.909262104958195 0 234 72 0
v 28.678821817552549 -40.95760221444953 0 234 72 0
v 28.678821817552549 -40.95760221444953 0 241 168 29
v 25.143936017440293 -35.909262104958195 0 241 168 29
v 18.526365205327956 -39.729918394712669 0 241 168 29
v 21.130913087035221 -45.315389351832437 0 241 168 29
v 21.130913087035221 -45.315389351832437 0 241 168 29
v 18.526365205327956 -39.729918394712669 0 241 168 29
v 11.345880161244873 -42.343401218352554 0 241 168 29
v 12.940952255126298 -48.296291314453349 0 241 168 29
v 12.940952255126298 -48.296291314453349 0 241 168 29
v 11.345880161244873 -42.343401218352554 0 241 168 29
v 3.8206562897547545 -43.670301222767684 0 241 168 29
v 4.3577871373831796 -49.809734904587216 0 241 168 29
v 4.3577871373831796 -49.809734904587216 0 120 152 206
v 3.8206562897547545 -43.670301222767684 0 120 152 206
v -3.8206562897541851 -43.670301222767684 0 120 152 206
v -4.357787137382628 -49.809734904587216 0 120 152 206
v -4.357787137382628 -49.809734904587216 0 120 152 206
v -3.8206562897541851 -43.670301222767684 0 120 152 206
v -11.345880161244303 -42.343401218352575 0 120 152 206
v -12.940952255125749 -48.296291314453363 0 120 152 206
v -12.940952255125749 -48.296291314453363 0 120 152 206
v -11.345880161244303 -42.343401218352575 0 120 152 206
v -18.526365205327391 -39.729918394712691 0 120 152 206
v -21.130913087034674 -45.315389351832444 0 120 152 206
v -21.130913087034674 -45.315389351832444 0 111 143 199
v -18.526365205327391 -39.729918394712691 0 111 143 199
v -25.143936017439735 -35.909262104958231 0 111 143 199
v -28.678821817551995 -40.957602214449537 0 111 143 199
v -28.678821817551995 -40.957602214449537 0 111 143 199
v -25.143936017439735 -35.909262104958231 0 111 143 199
v -30.997521057107704 -30.997521057107996 0 111 143 199
v -35.355339059327058 -35.355339059327342 0 111 143 199
v -35.355339059327058 -35.355339059327342 0 111 143 199
v -30.997521057107704 -30.997521057107996 0 111 143 199
v -35.909262104957939 -25.14393601744003 0 111 143 199
v -40.957602214449274 -28.678821817552276 0 111 143 199
v -40.957602214449274 -28.678821817552276 0 107 139 195
v -35.909262104957939 -25.14393601744003 0 107 139 195
v -39.729918394712406 -18.5263652053277 0 107 139 195
v -45.315389351832174 -21.130913087034951 0 107 139 195
v -45.315389351832174 -21.130913087034951 0 107 139 195
v -39.729918394712406 -18.5263652053277 0 107 139 195
v -42.343401218352291 -11.345880161244617 0 107 139 195
v -48.296291314453079 -12.940952255126035 0 107 139 195
v -48.296291314453079 -12.940952255126035 0 107 139 195
v -42.343401218352291 -11.345880161244617 0 107 139 195
v -43.670301222767421 -3.8206562897545018 0 107 139 195
v -49.809734904586954 -4.3577871373829193 0 107 139 195
v -43.670301222767478 -3.8206562897544809 0 105 137 194
v -37.318110223113933 -3.2649115887333862 0 105 137 194
v -37.318110223113933 3.2649115887333755 0 105 137 194
v -43.670301222767478 3.8206562897544658 0 105 137 194
v -43.670301222767478 3.8206562897544658 0 105 137 194
v -37.318110223113933 3.2649115887333755 0 105 137 194
v -36.18421832785954 9.6955320797014544 0 105 137 194
v -42.343401218352362 11.34588016124459 0 105 137 194
v -42.343401218352362 11.34588016124459 0 105 137 194
v -36.18421832785954 9.6955320797014544 0 105 137 194
v -33.950887268811094 15.831558734603764 0 105 137 194
v -39.729918394712477 18.526365205327682 0 105 137 194
v -39.729918394712477 18.526365205327682 0 107 139 195
v -33.950887268811094 15.831558734603764 0 107 139 195
v -30.685975680077711 21.486551488510404 0 107 139 195
v -35.90926210495801 25.14393601744003 0 107 139 195
v -35.90926210495801 25.14393601744003 0 107 139 195
v -30.685975680077711 21.486551488510404 0 107 139 195
v -26.488686248158086 26.488686248158327 0 107 139 195
v -30.997521057107768 30.997521057107999 0 107 139 195
v -30.997521057107768 30.997521057107999 0 107 139 195
v -26.488686248158086 26.488686248158327 0 107 139 195
v -21.48655148851017 30.685975680077949 0 107 139 195
v -25.143936017439795 35.909262104958238 0 107 139 195
v -25.143936017439795 35.909262104958238 0 111 143 199
v -21.48655148851017 30.685975680077949 0 111 143 199
v -15.831558734603529 33.950887268811329 0 111 143 199
v -18.526365205327455 39.729918394712712 0 111 143 199
v -18.526365205327455 39.729918394712712 0 111 143 199
v -15.831558734603529 33.950887268811329 0 111 143 199
v -9.6955320797012234 36.184218327859789 0 111 143 199
v -11.345880161244365 42.343401218352597 0 111 143 199
v -11.345880161244365 42.343401218352597 0 111 143 199
v -9.6955320797012234 36.184218327859789 0 111 143 199
v -3.2649115887331477 37.318110223114175 0 111 143 199
v -3.820656289754242 43.670301222767719 0 111 143 199
v -3.820656289754242 43.670301222767719 0 121 153 207
v -3.2649115887331477 37.318110223114175 0 121 153 207
v 3.2649115887336118 37.318110223114175 0 121 153 207
v 3.8206562897547016 43.670301222767719 0 121 153 207
v 3.8206562897547016 43.670301222767719 0 121 153 207
v 3.2649115887336118 37.318110223114175 0 121 153 207
v 9.6955320797016871 36.184218327859782 0 121 153 207
v 11.345880161244825 42.343401218352604 0 121 153 207
v 11.345880161244825 42.343401218352604 0 121 153 207
v 9.6955320797016871 36.184218327859782 0 121 153 207
v 15.831558734603995 33.950887268811336 0 121 153 207
v 18.526365205327913 39.729918394712719 0 121 153 207
v 18.526365205327913 39.729918394712719 0 247 201 54
v 15.831558734603995 33.950887268811336 0 247 201 54
v 21.486551488510628 30.685975680077952 0 247 201 54
v 25.143936017440254 35.909262104958245 0 247 201 54
v 25.143936017440254 35.909262104958245 0 247 201 54
v 21.486551488510628 30.685975680077952 0 247 201 54
v 26.488686248158551 26.488686248158324 0 247 201 54
v 30.997521057108223 30.997521057108013 0 247 201 54
v 30.997521057108223 30.997521057108013 0 247 201 54
v 26.488686248158551 26.488686248158324 0 247 201 54
v 30.685975680078172 21.486551488510408 0 247 201 54
v 35.909262104958458 25.143936017440044 0 247 201 54
v 35.909262104958458 25.143936017440044 0 234 38 0
v 30.685975680078172 21.486551488510408 0 234 38 0
v 33.950887268811556 15.831558734603774 0 234 38 0
v 39.729918394712932 18.526365205327707 0 234 38 0
v 39.729918394712932 18.526365205327707 0 234 38 0
v 33.950887268811556 15.831558734603774 0 234 38 0
v 36.184218327860016 9.6955320797014721 0 234 38 0
v 42.343401218352817 11.345880161244622 0 234 38 0
v 42.343401218352817 11.345880161244622 0 234 38 0
v 36.184218327860016 9.6955320797014721 0 234 38 0
v 37.318110223114402 3.2649115887333964 0 234 38 0
v 43.670301222767939 3.8206562897545031 0 234 38 0
v 43.670301222767939 3.8206562897545031 0 234 74 0
v 37.318110223114402 3.2649115887333964 0 234 74 0
v 37.318110223114402 -3.2649115887333613 0 234 74 0
v 43.670301222767939 -3.8206562897544361 0 234 74 0
v 43.670301222767939 -3.8206562897544361 0 234 74 0
v 37.318110223114402 -3.2649115887333613 0 234 74 0
v 36.184218327860009 -9.6955320797014348 0 234 74 0
v 42.343401218352831 -11.345880161244555 0 234 74 0
v 42.343401218352831 -11.345880161244555 0 234 74 0
v 36.184218327860009 -9.6955320797014348 0 234 74 0
v 33.950887268811563 -15.831558734603739 0 234 74 0
v 39.729918394712946 -18.52636520532764 0 234 74 0
v 39.729918394712946 -18.52636520532764 0 234 72 0
v 33.950887268811563 -15.831558734603739 0 234 72 0
v 30.685975680078183 -21.486551488510372 0 234 72 0
v 35.909262104958479 -25.14393601743998 0 234 72 0
v 35.909262104958479 -25.14393601743998 0 234 72 0
v 30.685975680078183 -21.486551488510372 0 234 72 0
v 26.488686248158565 -26.488686248158292 0 234 72 0
v 30.997521057108244 -30.997521057107949 0 234 72 0
v 30.997521057108244 -30.997521057107949 0 234 72 0
v 26.488686248158565 -26.488686248158292 0 234 72 0
v 21.486551488510653 -30.685975680077913 0 234 72 0
v 25.143936017440275 -35.909262104958188 0 234 72 0
v 25.143936017440275 -35.909262104958188 0 241 168 29
v 21.486551488510653 -30.685975680077913 0 241 168 29
v 15.83155873460402 -33.950887268811293 0 241 168 29
v 18.526365205327942 -39.729918394712648 0 241 168 29
v 18.526365205327942 -39.729918394712648 0 241 168 29
v 15.83155873460402 -33.950887268811293 0 241 168 29
v 9.6955320797017155 -36.184218327859753 0 241 168 29
v 11.345880161244859 -42.343401218352533 0 241 168 29
v 11.345880161244859 -42.343401218352533 0 241 168 29
v 9.6955320797017155 -36.184218327859753 0 241 168 29
v 3.264911588733642 -37.31811022311414 0 241 168 29
v 3.8206562897547434 -43.670301222767655 0 241 168 29
v 3.8206562897547434 -43.670301222767655 0 120 152 206
v 3.264911588733642 -37.31811022311414 0 120 152 206
v -3.2649115887331144 -37.31811022311414 0 120 152 206
v -3.8206562897541918 -43.670301222767655 0 120 152 206
v -3.8206562897541918 -43.670301222767655 0 120 152 206
v -3.2649115887331144 -37.31811022311414 0 120 152 206
v -9.6955320797011861 -36.184218327859753 0 120 152 206
v -11.345880161244306 -42.343401218352547 0 120 152 206
v -11.345880161244306 -42.343401218352547 0 120 152 206
v -9.6955320797011861 -36.184218327859753 0 120 152 206
v -15.831558734603492 -33.9508872688113 0 120 152 206
v -18.526365205327387 -39.729918394712669 0 120 152 206
v -18.526365205327387 -39.729918394712669 0 111 143 199
v -15.831558734603492 -33.9508872688113 0 111 143 199
v -21.486551488510127 -30.685975680077927 0 111 143 199
v -25.143936017439724 -35.909262104958209 0 111 143 199
v -25.143936017439724 -35.909262104958209 0 111 143 199
v -21.486551488510127 -30.685975680077927 0 111 143 199
v -26.488686248158043 -26.488686248158309 0 111 143 199
v -30.997521057107686 -30.997521057107978 0 111 143 199
v -30.997521057107686 -30.997521057107978 0 111 143 199
v -26.488686248158043 -26.488686248158309 0 111 143 199
v -30.685975680077664 -21.486551488510397 0 111 143 199
v -35.909262104957925 -25.143936017440016 0 111 143 199
v -35.909262104957925 -25.143936017440016 0 107 139 195
v -30.685975680077664 -21.486551488510397 0 107 139 195
v -33.950887268811044 -15.831558734603764 0 107 139 195
v -39.729918394712392 -18.526365205327686 0 107 139 195
v -39.729918394712392 -18.526365205327686 0 107 139 195
v -33.950887268811044 -15.831558734603764 0 107 139 195
v -36.184218327859512 -9.6955320797014615 0 107 139 195
v -42.343401218352277 -11.345880161244606 0 107 139 195
v -42.343401218352277 -11.345880161244606 0 107 139 195
v -36.184218327859512 -9.6955320797014615 0 107 139 195
v -37.318110223113891 -3.2649115887333879 0 107 139 195
v -43.670301222767399 -3.8206562897544947 0 107 139 195
v -37.318110223113919 -3.2649115887333857 0 105 137 194
v -30.784109141656682 -2.6932605666397476 0 105 137 194
v -30.784109141656675 2.6932605666397404 0 105 137 194
v -37.318110223113919 3.2649115887333751 0 105 137 194
v -37.318110223113919 3.2649115887333751 0 105 137 194
v -30.784109141656675 2.6932605666397404 0 105 137 194
v -29.848749562898284 7.9979483404574854 0 105 137 194
v -36.184218327859533 9.6955320797014526 0 105 137 194
v -36.184218327859533 9.6955320797014526 0 105 137 194
v -29.848749562898284 7.9979483404574854 0 105 137 194
v -28.006450832867291 13.059622501107569 0 105 137 194
v -33.950887268811087 15.831558734603759 0 105 137 194
v -33.950887268811087 15.831558734603759 0 107 139 195
v -28.006450832867291 13.059622501107569 0 107 139 195
v -25.313190266227551 17.724486640549348 0 107 139 195
v -30.6859756800777 21.486551488510397 0 107 139 195
v -30.6859756800777 21.486551488510397 0 107 139 195
v -25.313190266227551 17.724486640549348 0 107 139 195
v -21.850801222440801 21.850801222441039 0 107 139 195
v -26.488686248158075 26.488686248158317 0 107 139 195
v -26.488686248158075 26.488686248158317 0 107 139 195
v -21.850801222440801 21.850801222441039 0 107 139 195
v -17.724486640549109 25.313190266227785 0 107 139 195
v -21.486551488510159 30.685975680077938 0 107 139 195
v -21.486551488510159 30.685975680077938 0 111 143 199
v -17.724486640549109 25.313190266227785 0 111 143 199
v -13.059622501107331 28.006450832867532 0 111 143 199
v -15.831558734603522 33.950887268811314 0 111 143 199
v -15.831558734603522 33.950887268811314 0 111 143 199
v -13.059622501107331 28.006450832867532 0 111 143 199
v -7.99794834045725 29.848749562898522 0 111 143 199
v -9.6955320797012181 36.184218327859774 0 111 143 199
v -9.6955320797012181 36.184218327859774 0 111 143 199
v -7.99794834045725 29.848749562898522 0 111 143 199
v -2.6932605666395091 30.78410914165692 0 111 143 199
v -3.2649115887331432 37.318110223114161 0 111 143 199
v -3.2649115887331432 37.318110223114161 0 121 153 207
v -2.6932605666395091 30.78410914165692 0 121 153 207
v 2.6932605666399758 30.784109141656913 0 121 153 207
v 3.2649115887336144 37.318110223114161 0 121 153 207
v 3.2649115887336144 37.318110223114161 0 121 153 207
v 2.6932605666399758 30.784109141656913 0 121 153 207
v 7.9979483404577172 29.848749562898529 0 121 153 207
v 9.6955320797016888 36.184218327859767 0 121 153 207
v 9.6955320797016888 36.184218327859767 0 121 153 207
v 7.9979483404577172 29.848749562898529 0 121 153 207
v 13.0596225011078 28.006450832867539 0 121 153 207
v 15.831558734603995 33.950887268811321 0 121 153 207
v 15.831558734603995 33.950887268811321 0 247 201 54
v 13.0596225011078 28.006450832867539 0 247 201 54
v 17.724486640549578 25.313190266227799 0 247 201 54
v 21.486551488510628 30.685975680077942 0 247 201 54
v 21.486551488510628 30.685975680077942 0 247 201 54
v 17.724486640549578 25.313190266227799 0 247 201 54
v 21.85080122244127 21.850801222441053 0 247 201 54
v 26.488686248158547 26.488686248158324 0 247 201 54
v 26.488686248158547 26.488686248158324 0 247 201 54
v 21.85080122244127 21.850801222441053 0 247 201 54
v 25.313190266228016 17.724486640549362 0 247 201 54
v 30.685975680078169 21.486551488510411 0 247 201 54
v 30.685975680078169 21.486551488510411 0 234 38 0
v 25.313190266228016 17.724486640549362 0 234 38 0
v 28.006450832867763 13.059622501107587 0 234 38 0
v 33.950887268811549 15.831558734603778 0 234 38 0
v 33.950887268811549 15.831558734603778 0 234 38 0
v 28.006450832867763 13.059622501107587 0 234 38 0
v 29.848749562898753 7.9979483404575076 0 234 38 0
v 36.184218327860009 9.6955320797014739 0 234 38 0
v 36.184218327860009 9.6955320797014739 0 234 38 0
v 29.848749562898753 7.9979483404575076 0 234 38 0
v 30.784109141657151 2.693260566639768 0 234 38 0
v 37.318110223114395 3.2649115887334004 0 234 38 0
v 37.318110223114395 3.2649115887334004 0 234 74 0
v 30.784109141657151 2.693260566639768 0 234 74 0
v 30.784109141657154 -2.6932605666397156 0 234 74 0
v 37.318110223114395 -3.264911588733356 0 234 74 0
v 37.318110223114395 -3.264911588733356 0 234 74 0
v 30.784109141657154 -2.6932605666397156 0 234 74 0
v 29.848749562898771 -7.997948340457457 0 234 74 0
v 36.184218327860009 -9.6955320797014277 0 234 74 0
v 36.184218327860009 -9.6955320797014277 0 234 74 0
v 29.848749562898771 -7.997948340457457 0 234 74 0
v 28.006450832867781 -13.059622501107539 0 234 74 0
v 33.950887268811556 -15.831558734603734 0 234 74 0
v 33.950887268811556 -15.831558734603734 0 234 72 0
v 28.006450832867781 -13.059622501107539 0 234 72 0
v 25.313190266228041 -17.724486640549316 0 234 72 0
v 30.685975680078183 -21.486551488510369 0 234 72 0
v 30.685975680078183 -21.486551488510369 0 234 72 0
v 25.313190266228041 -17.724486640549316 0 234 72 0
v 21.850801222441298 -21.850801222441007 0 234 72 0
v 26.488686248158565 -26.488686248158285 0 234 72 0
v 26.488686248158565 -26.488686248158285 0 234 72 0
v 21.850801222441298 -21.850801222441007 0 234 72 0
v 17.724486640549607 -25.313190266227757 0 234 72 0
v 21.486551488510653 -30.685975680077906 0 234 72 0
v 21.486551488510653 -30.685975680077906 0 241 168 29
v 17.724486640549607 -25.313190266227757 0 241 168 29
v 13.059622501107834 -28.006450832867504 0 241 168 29
v 15.83155873460402 -33.950887268811286 0 241 168 29
v 15.83155873460402 -33.950887268811286 0 241 168 29
v 13.059622501107834 -28.006450832867504 0 241 168 29
v 7.9979483404577563 -29.848749562898497 0 241 168 29
v 9.6955320797017173 -36.184218327859753 0 241 168 29
v 9.6955320797017173 -36.184218327859753 0 241 168 29
v 7.9979483404577563 -29.848749562898497 0 241 168 29
v 2.6932605666400162 -30.784109141656895 0 241 168 29
v 3.2649115887336437 -37.318110223114132 0 241 168 29
v 3.2649115887336437 -37.318110223114132 0 120 152 206
v 2.6932605666400162 -30.784109141656895 0 120 152 206
v -2.6932605666394669 -30.784109141656899 0 120 152 206
v -3.2649115887331117 -37.318110223114132 0 120 152 206
v -3.2649115887331117 -37.318110223114132 0 120 152 206
v -2.6932605666394669 -30.784109141656899 0 120 152 206
v -7.9979483404572083 -29.848749562898515 0 120 152 206
v -9.6955320797011826 -36.184218327859753 0 120 152 206
v -9.6955320797011826 -36.184218327859753 0 120 152 206
v -7.9979483404572083 -29.848749562898515 0 120 152 206
v -13.05962250110729 -28.006450832867525 0 120 152 206
v -15.831558734603487 -33.9508872688113 0 120 152 206
v -15.831558734603487 -33.9508872688113 0 111 143 199
v -13.05962250110729 -28.006450832867525 0 111 143 199
v -17.72448664054907 -25.313190266227785 0 111 143 199
v -21.48655148851012 -30.685975680077927 0 111 143 199
v -21.48655148851012 -30.685975680077927 0 111 143 199
v -17.72448664054907 -25.313190266227785 0 111 143 199
v -21.850801222440762 -21.850801222441042 0 111 143 199
v -26.488686248158039 -26.488686248158309 0 111 143 199
v -26.488686248158039 -26.488686248158309 0 111 143 199
v -21.850801222440762 -21.850801222441042 0 111 143 199
v -25.313190266227508 -17.724486640549351 0 111 143 199
v -30.685975680077661 -21.486551488510401 0 111 143 199
v -30.685975680077661 -21.486551488510401 0 107 139 195
v -25.313190266227508 -17.724486640549351 0 107 139 195
v -28.006450832867255 -13.059622501107581 0 107 139 195
v -33.950887268811044 -15.831558734603766 0 107 139 195
v -33.950887268811044 -15.831558734603766 0 107 139 195
v -28.006450832867255 -13.059622501107581 0 107 139 195
v -29.848749562898249 -7.9979483404575031 0 107 139 195
v -36.184218327859504 -9.695532079701465 0 107 139 195
v -36.184218327859504 -9.695532079701465 0 107 139 195
v -29.848749562898249 -7.9979483404575031 0 107 139 195
v -30.784109141656646 -2.6932605666397649 0 107 139 195
v -37.318110223113891 -3.2649115887333933 0 107 139 195
v -30.432233187297562 -5.3660237941321709 0 110 142 198
v -23.824655840996027 -4.2009296308611681 0 110 142 198
v -23.824655840996027 4.2009296308611654 0 110 142 198
v -30.43223318729757 5.3660237941321665 0 110 142 198
v -30.43223318729757 5.3660237941321665 0 110 142 198
v -23.824655840996027 4.2009296308611654 0 110 142 198
v -20.95105073209966 12.096094779983385 0 110 142 198
v -26.761656732981503 15.450849718747371 0 110 142 198
v -26.761656732981503 15.450849718747371 0 110 142 198
v -20.95105073209966 12.096094779983385 0 110 142 198
v -15.550439700334453 18.532292379293501 0 110 142 198
v -19.863229516678889 23.672075137025701 0 110 142 198
v -19.863229516678889 23.672075137025701 0 114 146 201
v -15.550439700334453 18.532292379293501 0 114 146 201
v -8.2742161406613448 22.73322201015467 0 114 146 201
v -10.569003670618455 29.038098931157879 0 114 146 201
v -10.569003670618455 29.038098931157879 0 114 146 201
v -8.2742161406613448 22.73322201015467 0 114 146 201
v 0 24.192189559966781 0 114 146 201
v 0 30.901699437494763 0 114 146 201
v 0 30.901699437494763 0 114 146 201
v 0 24.192189559966781 0 114 146 201
v 8.2742161406618191 22.733222010154684 0 114 146 201
v 10.569003670618928 29.03809893115789 0 114 146 201
v 10.569003670618928 29.03809893115789 0 156 186 235
v 8.2742161406618191 22.733222010154684 0 156 186 235
v 15.550439700334932 18.532292379293519 0 156 186 235
v 19.863229516679368 23.672075137025729 0 156 186 235
v 19.863229516679368 23.672075137025729 0 156 186 235
v 15.550439700334932 18.532292379293519 0 156 186 235
v 20.951050732100146 12.09609477998341 0 156 186 235
v 26.761656732981997 15.450849718747403 0 156 186 235
v 26.761656732981997 15.450849718747403 0 156 186 235
v 20.951050732100146 12.09609477998341 0 156 186 235
v 23.824655840996524 4.2009296308611939 0 156 186 235
v 30.432233187298074 5.3660237941321984 0 156 186 235
v 30.432233187298074 5.3660237941321984 0 245 239 103
v 23.824655840996524 4.2009296308611939 0 245 239 103
v 23.824655840996527 -4.2009296308611406 0 245 239 103
v 30.432233187298088 -5.366023794132146 0 245 239 103
v 30.432233187298088 -5.366023794132146 0 245 239 103
v 23.824655840996527 -4.2009296308611406 0 245 239 103
v 20.951050732100164 -12.09609477998336 0 245 239 103
v 26.761656732982022 -15.450849718747357 0 245 239 103
v 26.761656732982022 -15.450849718747357 0 245 239 103
v 20.951050732100164 -12.09609477998336 0 245 239 103
v 15.550439700334961 -18.532292379293484 0 245 239 103
v 19.8632295166794 -23.67207513702569 0 245 239 103
v 19.8632295166794 -23.67207513702569 0 159 189 238
v 15.550439700334961 -18.532292379293484 0 159 189 238
v 8.2742161406618528 -22.733222010154655 0 159 189 238
v 10.569003670618967 -29.038098931157869 0 159 189 238
v 10.569003670618967 -29.038098931157869 0 159 189 238
v 8.2742161406618528 -22.733222010154655 0 159 189 238
v 0 -24.192189559966767 0 159 189 238
v 0 -30.901699437494759 0 159 189 238
v 0 -30.901699437494759 0 159 189 238
v 0 -24.192189559966767 0 159 189 238
v -8.2742161406613128 -22.733222010154673 0 159 189 238
v -10.569003670618425 -29.038098931157894 0 159 189 238
v -10.569003670618425 -29.038098931157894 0 113 145 201
v -8.2742161406613128 -22.733222010154673 0 113 145 201
v -15.550439700334429 -18.532292379293512 0 113 145 201
v -19.863229516678871 -23.672075137025729 0 113 145 201
v -19.863229516678871 -23.672075137025729 0 113 145 201
v -15.550439700334429 -18.532292379293512 0 113 145 201
v -20.951050732099649 -12.096094779983407 0 113 145 201
v -26.761656732981507 -15.450849718747403 0 113 145 201
v -26.761656732981507 -15.450849718747403 0 113 145 201
v -20.951050732099649 -12.096094779983407 0 113 145 201
v -23.82465584099603 -4.2009296308611885 0 113 145 201
v -30.432233187297584 -5.3660237941321967 0 113 145 201
v -23.824655840996023 -4.2009296308611672 0 110 142 198
v -17.101007166283182 -3.0153689607045782 0 110 142 198
v -17.101007166283186 3.0153689607045808 0 110 142 198
v -23.824655840996023 4.2009296308611646 0 110 142 198
v -23.824655840996023 4.2009296308611646 0 110 142 198
v -17.101007166283186 3.0153689607045808 0 110 142 198
v -15.038373318043284 8.6824088833465165 0 110 142 198
v -20.95105073209966 12.096094779983384 0 110 142 198
v -20.95105073209966 12.096094779983384 0 110 142 198
v -15.038373318043284 8.6824088833465165 0 110 142 198
v -11.161889704894724 13.302222155948904 0 110 142 198
v -15.550439700334453 18.532292379293501 0 110 142 198
v -15.550439700334453 18.532292379293501 0 114 146 201
v -11.161889704894724 13.302222155948904 0 114 146 201
v -5.9391174613882312 16.317591116653489 0 114 146 201
v -8.2742161406613448 22.73322201015467 0 114 146 201
v -8.2742161406613448 22.73322201015467 0 114 146 201
v -5.9391174613882312 16.317591116653489 0 114 146 201
v 0 17.364817766693047 0 114 146 201
v 0 24.192189559966781 0 114 146 201
v 0 24.192189559966781 0 114 146 201
v 0 17.364817766693047 0 114 146 201
v 5.9391174613887117 16.317591116653499 0 114 146 201
v 8.2742161406618191 22.733222010154684 0 114 146 201
v 8.2742161406618191 22.733222010154684 0 156 186 235
v 5.9391174613887117 16.317591116653499 0 156 186 235
v 11.161889704895209 13.30222215594892 0 156 186 235
v 15.550439700334932 18.532292379293519 0 156 186 235
v 15.550439700334932 18.532292379293519 0 156 186 235
v 11.161889704895209 13.30222215594892 0 156 186 235
v 15.038373318043774 8.6824088833465378 0 156 186 235
v 20.951050732100146 12.09609477998341 0 156 186 235
v 20.951050732100146 12.09609477998341 0 156 186 235
v 15.038373318043774 8.6824088833465378 0 156 186 235
v 17.10100716628369 3.0153689607046017 0 156 186 235
v 23.824655840996524 4.2009296308611939 0 156 186 235
v 23.824655840996524 4.2009296308611939 0 245 239 103
v 17.10100716628369 3.0153689607046017 0 245 239 103
v 17.101007166283694 -3.0153689607045613 0 245 239 103
v 23.824655840996527 -4.2009296308611406 0 245 239 103
v 23.824655840996527 -4.2009296308611406 0 245 239 103
v 17.101007166283694 -3.0153689607045613 0 245 239 103
v 15.03837331804379 -8.6824088833465005 0 245 239 103
v 20.951050732100164 -12.09609477998336 0 245 239 103
v 20.951050732100164 -12.09609477998336 0 245 239 103
v 15.03837331804379 -8.6824088833465005 0 245 239 103
v 11.161889704895231 -13.30222215594889 0 245 239 103
v 15.550439700334961 -18.532292379293484 0 245 239 103
v 15.550439700334961 -18.532292379293484 0 159 189 238
v 11.161889704895231 -13.30222215594889 0 159 189 238
v 5.9391174613887374 -16.317591116653475 0 159 189 238
v 8.2742161406618528 -22.733222010154655 0 159 189 238
v 8.2742161406618528 -22.733222010154655 0 159 189 238
v 5.9391174613887374 -16.317591116653475 0 159 189 238
v 0 -17.364817766693033 0 159 189 238
v 0 -24.192189559966767 0 159 189 238
v 0 -24.192189559966767 0 159 189 238
v 0 -17.364817766693033 0 159 189 238
v -5.9391174613882081 -16.317591116653489 0 159 189 238
v -8.2742161406613128 -22.733222010154673 0 159 189 238
v -8.2742161406613128 -22.733222010154673 0 113 145 201
v -5.9391174613882081 -16.317591116653489 0 113 145 201
v -11.16188970489471 -13.302222155948915 0 113 145 201
v -15.550439700334429 -18.532292379293512 0 113 145 201
v -15.550439700334429 -18.532292379293512 0 113 145 201
v -11.16188970489471 -13.302222155948915 0 113 145 201
v -15.038373318043277 -8.6824088833465307 0 113 145 201
v -20.951050732099649 -12.096094779983407 0 113 145 201
v -20.951050732099649 -12.096094779983407 0 113 145 201
v -15.038373318043277 -8.6824088833465307 0 113 145 201
v -17.101007166283196 -3.0153689607045946 0 113 145 201
v -23.82465584099603 -4.2009296308611885 0 113 145 201
v -17.101007166283193 -3.0153689607045804 0 110 142 198
v -10.294044103643449 -1.8151177160752658 0 110 142 198
v -10.294044103643451 1.8151177160752734 0 110 142 198
v -17.101007166283193 3.0153689607045822 0 110 142 198
v -17.101007166283193 3.0153689607045822 0 110 142 198
v -10.294044103643451 1.8151177160752734 0 110 142 198
v -9.0524304608334045 5.2264231633826794 0 110 142 198
v -15.038373318043288 8.6824088833465218 0 110 142 198
v -15.038373318043288 8.6824088833465218 0 110 142 198
v -9.0524304608334045 5.2264231633826794 0 110 142 198
v -6.7189601048019778 8.0073448433952237 0 110 142 198
v -11.161889704894724 13.302222155948909 0 110 142 198
v -11.161889704894724 13.302222155948909 0 114 146 201
v -6.7189601048019778 8.0073448433952237 0 114 146 201
v -3.5750839988412304 9.8224625594704946 0 114 146 201
v -5.9391174613882303 16.317591116653492 0 114 146 201
v -5.9391174613882303 16.317591116653492 0 114 146 201
v -3.5750839988412304 9.8224625594704946 0 114 146 201
v 0 10.452846326765361 0 114 146 201
v 0 17.364817766693051 0 114 146 201
v 0 17.364817766693051 0 114 146 201
v 0 10.452846326765361 0 114 146 201
v 3.5750839988417207 9.8224625594705 0 114 146 201
v 5.9391174613887161 16.317591116653503 0 114 146 201
v 5.9391174613887161 16.317591116653503 0 156 186 235
v 3.5750839988417207 9.8224625594705 0 156 186 235
v 6.7189601048024699 8.0073448433952308 0 156 186 235
v 11.161889704895216 13.302222155948922 0 156 186 235
v 11.161889704895216 13.302222155948922 0 156 186 235
v 6.7189601048024699 8.0073448433952308 0 156 186 235
v 9.0524304608338984 5.2264231633826874 0 156 186 235
v 15.038373318043783 8.6824088833465378 0 156 186 235
v 15.038373318043783 8.6824088833465378 0 156 186 235
v 9.0524304608338984 5.2264231633826874 0 156 186 235
v 10.29404410364395 1.8151177160752823 0 156 186 235
v 17.101007166283697 3.015368960704599 0 156 186 235
v 17.101007166283697 3.015368960704599 0 245 239 103
v 10.29404410364395 1.8151177160752823 0 245 239 103
v 10.29404410364395 -1.8151177160752585 0 245 239 103
v 17.101007166283697 -3.0153689607045666 0 245 239 103
v 17.101007166283697 -3.0153689607045666 0 245 239 103
v 10.29404410364395 -1.8151177160752585 0 245 239 103
v 9.0524304608339037 -5.2264231633826661 0 245 239 103
v 15.038373318043792 -8.6824088833465076 0 245 239 103
v 15.038373318043792 -8.6824088833465076 0 245 239 103
v 9.0524304608339037 -5.2264231633826661 0 245 239 103
v 6.7189601048024779 -8.0073448433952112 0 245 239 103
v 11.161889704895227 -13.302222155948899 0 245 239 103
v 11.161889704895227 -13.302222155948899 0 159 189 238
v 6.7189601048024779 -8.0073448433952112 0 159 189 238
v 3.5750839988417304 -9.8224625594704822 0 159 189 238
v 5.9391174613887321 -16.317591116653482 0 159 189 238
v 5.9391174613887321 -16.317591116653482 0 159 189 238
v 3.5750839988417304 -9.8224625594704822 0 159 189 238
v 0 -10.452846326765348 0 159 189 238
v 0 -17.36481776669304 0 159 189 238
v 0 -17.36481776669304 0 159 189 238
v 0 -10.452846326765348 0 159 189 238
v -3.575083998841222 -9.8224625594704893 0 159 189 238
v -5.9391174613882161 -16.317591116653496 0 159 189 238
v -5.9391174613882161 -16.317591116653496 0 113 145 201
v -3.575083998841222 -9.8224625594704893 0 113 145 201
v -6.7189601048019725 -8.0073448433952201 0 113 145 201
v -11.161889704894719 -13.302222155948915 0 113 145 201
v -11.161889704894719 -13.302222155948915 0 113 145 201
v -6.7189601048019725 -8.0073448433952201 0 113 145 201
v -9.052430460833401 -5.2264231633826777 0 113 145 201
v -15.038373318043288 -8.6824088833465272 0 113 145 201
v -15.038373318043288 -8.6824088833465272 0 113 145 201
v -9.052430460833401 -5.2264231633826777 0 113 145 201
v -10.294044103643454 -1.8151177160752714 0 113 145 201
v -17.1010071662832 -3.015368960704587 0 113 145 201
v -10.294044103643449 -1.8151177160752658 0 107 139 195
v 0 0 0 107 139 195
v -10.294044103643451 1.8151177160752734 0 107 139 195
v -10.294044103643451 1.8151177160752734 0 107 139 195
v 0 0 0 107 139 195
v -9.0524304608334045 5.2264231633826794 0 107 139 195
v -9.0524304608334045 5.2264231633826794 0 107 139 195
v 0 0 0 107 139 195
v -6.7189601048019778 8.0073448433952237 0 107 139 195
v -6.7189601048019778 8.0073448433952237 0 107 139 195
v 0 0 0 107 139 195
v -3.5750839988412304 9.8224625594704946 0 107 139 195
v -3.5750839988412304 9.8224625594704946 0 107 139 195
v 0 0 0 107 139 195
v 0 10.452846326765361 0 107 139 195
v 0 10.452846326765361 0 107 139 195
v 0 0 0 107 139 195
v 3.5750839988417207 9.8224625594705 0 107 139 195
v 3.5750839988417207 9.8224625594705 0 107 139 195
v 0 0 0 107 139 195
v 6.7189601048024699 8.0073448433952308 0 107 139 195
v 6.7189601048024699 8.0073448433952308 0 107 139 195
v 0 0 0 107 139 195
v 9.0524304608338984 5.2264231633826874 0 107 139 195
v 9.0524304608338984 5.2264231633826874 0 107 139 195
v 0 0 0 107 139 195
v 10.29404410364395 1.8151177160752823 0 107 139 195
v 10.29404410364395 1.8151177160752823 0 107 139 195
v 0 0 0 107 139 195
v 10.29404410364395 -1.8151177160752585 0 107 139 195
v 10.29404410364395 -1.8151177160752585 0 107 139 195
v 0 0 0 107 139 195
v 9.0524304608339037 -5.2264231633826661 0 107 139 195
v 9.0524304608339037 -5.2264231633826661 0 107 139 195
v 0 0 0 107 139 195
v 6.7189601048024779 -8.0073448433952112 0 107 139 195
v 6.7189601048024779 -8.0073448433952112 0 107 139 195
v 0 0 0 107 139 195
v 3.5750839988417304 -9.8224625594704822 0 107 139 195
v 3.5750839988417304 -9.8224625594704822 0 107 139 195
v 0 0 0 107 139 195
v 0 -10.452846326765348 0 107 139 195
v 0 -10.452846326765348 0 107 139 195
v 0 0 0 107 139 195
v -3.575083998841222 -9.8224625594704893 0 107 139 195
v -3.575083998841222 -9.8224625594704893 0 107 139 195
v 0 0 0 107 139 195
v -6.7189601048019725 -8.0073448433952201 0 107 139 195
v -6.7189601048019725 -8.0073448433952201 0 107 139 195
v 0 0 0 107 139 195
v -9.052430460833401 -5.2264231633826777 0 107 139 195
v -9.052430460833401 -5.2264231633826777 0 107 139 195
v 0 0 0 107 139 195
v -10.294044103643454 -1.8151177160752714 0 107 139 195
vn 0 0 1
vn 0 0 1
vn 0 0 1
vn 0 0 1
vn 0 0 1
vn 0 0 1
vn 0 0 1
vn 0 0 1
vn 0 0 1
vn 0 0 1
vn 0 0 1
vn 0 0 1
vn 0 0 1
vn 0 0 1
vn 0 0 1
vn 0 0 1
vn 0 0 1
vn 0 0 1
vn 0 0 1
vn 0 0 1
vn 0 0 1
vn 0 0 1
vn 0 0 1
vn 0 0 1
vn 0 0 1
vn 0 0 1
vn 0 0 1
vn 0 0 1
vn 0 0 1
vn 0 0 1
vn 0 0 1
vn 0 0 1
vn 0 0 1
vn 0 0 1
vn 0 0 1
vn 0 0 1
vn 0 0 1
vn 0 0 1
vn 0 0 1
vn 0 0 1
vn 0 0 1
vn 0 0 1
vn 0 0 1
vn 0 0 1
vn 0 0 1
vn 0 0 1
vn 0 0 1
vn 0 0 1
vn 0 0 1
vn 0 0 1
vn 0 0 1
vn 0 0 1
vn 0 0 1
vn 0 0 1
vn 0 0 1
vn 0 0 1
vn 0 0 1
vn 0 0 1
vn 0 0 1
vn 0 0 1
vn 0 0 1
vn 0 0 1
vn 0 0 1
vn 0 0 1
vn 0 0 1
vn 0 0 1
vn 0 0 1
vn 0 0 1
vn 0 0 1
vn 0 0 1
vn 0 0 1
vn 0 0 1
vn 0 0 1
vn 0 0 1
vn 0 0 1
vn 0 0 1
vn 0 0 1
vn 0 0 1
vn 0 0 1
vn 0 0 1
vn 0 0 1
vn 0 0 1
vn 0 0 1
vn 0 0 1
vn 0 0 1
vn 0 0 1
vn 0 0 1
vn 0 0 1
vn 0 0 1
vn 0 0 1
vn 0 0 1
vn 0 0 1
vn 0 0 1
vn 0 0 1
vn 0 0 1
vn 0 0 1
vn 0 0 1
vn 0 0 1
vn 0 0 1
vn 0 0 1
vn 0 0 1
vn 0 0 1
vn 0 0 1
vn 0 0 1
vn 0 0 1
vn 0 0 1
vn 0 0 1
vn 0 0 1
vn 0 0 1
vn 0 0 1
vn 0 0 1
vn 0 0 1
vn 0 0 1
vn 0 0 1
vn 0 0 1
vn 0 0 1
vn 0 0 1
vn 0 0 1
vn 0 0 1
vn 0 0 1
vn 0 0 1
vn 0 0 1
vn 0 0 1
vn 0 0 1
vn 0 0 1
vn 0 0 1
vn 0 0 1
vn 0 0 1
vn 0 0 1
vn 0 0 1
vn 0 0 1
vn 0 0 1
vn 0 0 1
vn 0 0 1
vn 0 0 1
vn 0 0 1
vn 0 0 1
vn 0 0 1
vn 0 0 1
vn 0 0 1
vn 0 0 1
vn 0 0 1
vn 0 0 1
vn 0 0 1
vn 0 0 1
vn 0 0 1
vn 0 0 1
vn 0 0 1
vn 0 0 1
vn 0 0 1
vn 0 0 1
vn 0 0 1
vn 0 0 1
vn 0 0 1
vn 0 0 1
vn 0 0 1
vn 0 0 1
vn 0 0 1
vn 0 0 1
vn 0 0 1
vn 0 0 1
vn 0 0 1
vn 0 0 1
vn 0 0 1
vn 0 0 1
vn 0 0 1
vn 0 0 1
vn 0 0 1
vn 0 0 1
vn 0 0 1
vn 0 0 1
vn 0 0 1
vn 0 0 1
vn 0 0 1
vn 0 0 1
vn 0 0 1
vn 0 0 1
vn 0 0 1
vn 0 0 1
vn 0 0 1
vn 0 0 1
vn 0 0 1
vn 0 0 1
vn 0 0 1
vn 0 0 1
vn 0 0 1
vn 0 0 1
vn 0 0 1
vn 0 0 1
vn 0 0 1
vn 0 0 1
vn 0 0 1
vn 0 0 1
vn 0 0 1
vn 0 0 1
vn 0 0 1
vn 0 0 1
vn 0 0 1
vn 0 0 1
vn 0 0 1
vn 0 0 1
vn 0 0 1
vn 0 0 1
vn 0 0 1
vn 0 0 1
vn 0 0 1
vn 0 0 1
vn 0 0 1
vn 0 0 1
vn 0 0 1
vn 0 0 1
vn 0 0 1
vn 0 0 1
vn 0 0 1
vn 0 0 1
vn 0 0 1
vn 0 0 1
vn 0 0 1
vn 0 0 1
vn 0 0 1
vn 0 0 1
vn 0 0 1
vn 0 0 1
vn 0 0 1
vn 0 0 1
vn 0 0 1
vn 0 0 1
vn 0 0 1
vn 0 0 1
vn 0 0 1
vn 0 0 1
vn 0 0 1
vn 0 0 1
vn 0 0 1
vn 0 0 1
vn 0 0 1
vn 0 0 1
vn 0 0 1
vn 0 0 1
vn 0 0 1
vn 0 0 1
vn 0 0 1
vn 0 0 1
vn 0 0 1
vn 0 0 1
vn 0 0 1
vn 0 0 1
vn 0 0 1
vn 0 0 1
vn 0 0 1
vn 0 0 1
vn 0 0 1
vn 0 0 1
vn 0 0 1
vn 0 0 1
vn 0 0 1
vn 0 0 1
vn 0 0 1
vn 0 0 1
vn 0 0 1
vn 0 0 1
vn 0 0 1
vn 0 0 1
vn 0 0 1
vn 0 0 1
vn 0 0 1
vn 0 0 1
vn 0 0 1
vn 0 0 1
vn 0 0 1
vn 0 0 1
vn 0 0 1
vn 0 0 1
vn 0 0 1
vn 0 0 1
vn 0 0 1
vn 0 0 1
vn 0 0 1
vn 0 0 1
vn 0 0 1
vn 0 0 1
vn 0 0 1
vn 0 0 1
vn 0 0 1
vn 0 0 1
vn 0 0 1
vn 0 0 1
vn 0 0 1
vn 0 0 1
vn 0 0 1
vn 0 0 1
vn 0 0 1
vn 0 0 1
vn 0 0 1
vn 0 0 1
vn 0 0 1
vn 0 0 1
vn 0 0 1
vn 0 0 1
vn 0 0 1
vn 0 0 1
vn 0 0 1
vn 0 0 1
vn 0 0 1
vn 0 0 1
vn 0 0 1
vn 0 0 1
vn 0 0 1
vn 0 0 1
vn 0 0 1
vn 0 0 1
vn 0 0 1
vn 0 0 1
vn 0 0 1
vn 0 0 1
vn 0 0 1
vn 0 0 1
vn 0 0 1
vn 0 0 1
vn 0 0 1
vn 0 0 1
vn 0 0 1
vn 0 0 1
vn 0 0 1
vn 0 0 1
vn 0 0 1
vn 0 0 1
vn 0 0 1
vn 0 0 1
vn 0 0 1
vn 0 0 1
vn 0 0 1
vn 0 0 1
vn 0 0 1
vn 0 0 1
vn 0 0 1
vn 0 0 1
vn 0 0 1
vn 0 0 1
vn 0 0 1
vn 0 0 1
vn 0 0 1
vn 0 0 1
vn 0 0 1
vn 0 0 1
vn 0 0 1
vn 0 0 1
vn 0 0 1
vn 0 0 1
vn 0 0 1
vn 0 0 1
vn 0 0 1
vn 0 0 1
vn 0 0 1
vn 0 0 1
vn 0 0 1
vn 0 0 1
vn 0 0 1
vn 0 0 1
vn 0 0 1
vn 0 0 1
vn 0 0 1
vn 0 0 1
vn 0 0 1
vn 0 0 1
vn 0 0 1
vn 0 0 1
vn 0 0 1
vn 0 0 1
vn 0 0 1
vn 0 0 1
vn 0 0 1
vn 0 0 1
vn 0 0 1
vn 0 0 1
vn 0 0 1
vn 0 0 1
vn 0 0 1
vn 0 0 1
vn 0 0 1
vn 0 0 1
vn 0 0 1
vn 0 0 1
vn 0 0 1
vn 0 0 1
vn 0 0 1
vn 0 0 1
vn 0 0 1
vn 0 0 1
vn 0 0 1
vn 0 0 1
vn 0 0 1
vn 0 0 1
vn 0 0 1
vn 0 0 1
vn 0 0 1
vn 0 0 1
vn 0 0 1
vn 0 0 1
vn 0 0 1
vn 0 0 1
vn 0 0 1
vn 0 0 1
vn 0 0 1
vn 0 0 1
vn 0 0 1
vn 0 0 1
vn 0 0 1
vn 0 0 1
vn 0 0 1
vn 0 0 1
vn 0 0 1
vn 0 0 1
vn 0 0 1
vn 0 0 1
vn 0 0 1
vn 0 0 1
vn 0 0 1
vn 0 0 1
vn 0 0 1
vn 0 0 1
vn 0 0 1
vn 0 0 1
vn 0 0 1
vn 0 0 1
vn 0 0 1
vn 0 0 1
vn 0 0 1
vn 0 0 1
vn 0 0 1
vn 0 0 1
vn 0 0 1
vn 0 0 1
vn 0 0 1
vn 0 0 1
vn 0 0 1
vn 0 0 1
vn 0 0 1
vn 0 0 1
vn 0 0 1
vn 0 0 1
vn 0 0 1
vn 0 0 1
vn 0 0 1
vn 0 0 1
vn 0 0 1
vn 0 0 1
vn 0 0 1
vn 0 0 1
vn 0 0 1
vn 0 0 1
vn 0 0 1
vn 0 0 1
vn 0 0 1
vn 0 0 1
vn 0 0 1
vn 0 0 1
vn 0 0 1
vn 0 0 1
vn 0 0 1
vn 0 0 1
vn 0 0 1
vn 0 0 1
vn 0 0 1
vn 0 0 1
vn 0 0 1
vn 0 0 1
vn 0 0 1
vn 0 0 1
vn 0 0 1
vn 0 0 1
vn 0 0 1
vn 0 0 1
vn 0 0 1
vn 0 0 1
vn 0 0 1
vn 0 0 1
vn 0 0 1
vn 0 0 1
vn 0 0 1
vn 0 0 1
vn 0 0 1
vn 0 0 1
vn 0 0 1
vn 0 0 1
vn 0 0 1
vn 0 0 1
vn 0 0 1
vn 0 0 1
vn 0 0 1
vn 0 0 1
vn 0 0 1
vn 0 0 1
vn 0 0 1
vn 0 0 1
vn 0 0 1
vn 0 0 1
vn 0 0 1
vn 0 0 1
vn 0 0 1
vn 0 0 1
vn 0 0 1
vn 0 0 1
vn 0 0 1
vn 0 0 1
vn 0 0 1
vn 0 0 1
vn 0 0 1
vn 0 0 1
vn 0 0 1
vn 0 0 1
vn 0 0 1
vn 0 0 1
vn 0 0 1
vn 0 0 1
vn 0 0 1
vn 0 0 1
vn 0 0 1
vn 0 0 1
vn 0 0 1
vn 0 0 1
vn 0 0 1
vn 0 0 1
vn 0 0 1
vn 0 0 1
vn 0 0 1
vn 0 0 1
vn 0 0 1
vn 0 0 1
vn 0 0 1
vn 0 0 1
vn 0 0 1
vn 0 0 1
vn 0 0 1
vn 0 0 1
vn 0 0 1
vn 0 0 1
vn 0 0 1
vn 0 0 1
vn 0 0 1
vn 0 0 1
vn 0 0 1
vn 0 0 1
vn 0 0 1
vn 0 0 1
vn 0 0 1
vn 0 0 1
vn 0 0 1
vn 0 0 1
vn 0 0 1
vn 0 0 1
vn 0 0 1
vn 0 0 1
vn 0 0 1
vn 0 0 1
vn 0 0 1
vn 0 0 1
vn 0 0 1
vn 0 0 1
vn 0 0 1
vn 0 0 1
vn 0 0 1
vn 0 0 1
vn 0 0 1
vn 0 0 1
vn 0 0 1
vn 0 0 1
vn 0 0 1
vn 0 0 1
vn 0 0 1
vn 0 0 1
vn 0 0 1
vn 0 0 1
vn 0 0 1
vn 0 0 1
vn 0 0 1
vn 0 0 1
vn 0 0 1
vn 0 0 1
vn 0 0 1
vn 0 0 1
vn 0 0 1
vn 0 0 1
vn 0 0 1
vn 0 0 1
vn 0 0 1
vn 0 0 1
vn 0 0 1
vn 0 0 1
vn 0 0 1
vn 0 0 1
vn 0 0 1
vn 0 0 1
vn 0 0 1
vn 0 0 1
vn 0 0 1
vn 0 0 1
vn 0 0 1
vn 0 0 1
vn 0 0 1
vn 0 0 1
vn 0 0 1
vn 0 0 1
vn 0 0 1
vn 0 0 1
vn 0 0 1
vn 0 0 1
vn 0 0 1
vn 0 0 1
vn 0 0 1
vn 0 0 1
vn 0 0 1
vn 0 0 1
vn 0 0 1
vn 0 0 1
vn 0 0 1
vn 0 0 1
vn 0 0 1
vn 0 0 1
vn 0 0 1
vn 0 0 1
vn 0 0 1
vn 0 0 1
vn 0 0 1
vn 0 0 1
vn 0 0 1
vn 0 0 1
vn 0 0 1
vn 0 0 1
vn 0 0 1
vn 0 0 1
vn 0 0 1
vn 0 0 1
vn 0 0 1
vn 0 0 1
vn 0 0 1
vn 0 0 1
vn 0 0 1
vn 0 0 1
vn 0 0 1
vn 0 0 1
vn 0 0 1
vn 0 0 1
vn 0 0 1
vn 0 0 1
vn 0 0 1
vn 0 0 1
vn 0 0 1
vn 0 0 1
vn 0 0 1
vn 0 0 1
vn 0 0 1
vn 0 0 1
vn 0 0 1
vn 0 0 1
vn 0 0 1
vn 0 0 1
vn 0 0 1
vn 0 0 1
vn 0 0 1
vn 0 0 1
vn 0 0 1
vn 0 0 1
vn 0 0 1
vn 0 0 1
vn 0 0 1
vn 0 0 1
vn 0 0 1
vn 0 0 1
vn 0 0 1
vn 0 0 1
vn 0 0 1
vn 0 0 1
vn 0 0 1
vn 0 0 1
vn 0 0 1
vn 0 0 1
vn 0 0 1
vn 0 0 1
vn 0 0 1
vn 0 0 1
vn 0 0 1
vn 0 0 1
vn 0 0 1
vn 0 0 1
vn 0 0 1
vn 0 0 1
vn 0 0 1
vn 0 0 1
vn 0 0 1
vn 0 0 1
vn 0 0 1
vn 0 0 1
vn 0 0 1
vn 0 0 1
vn 0 0 1
vn 0 0 1
vn 0 0 1
vn 0 0 1
vn 0 0 1
vn 0 0 1
vn 0 0 1
vn 0 0 1
vn 0 0 1
vn 0 0 1
vn 0 0 1
vn 0 0 1
vn 0 0 1
vn 0 0 1
vn 0 0 1
vn 0 0 1
vn 0 0 1
vn 0 0 1
vn 0 0 1
vn 0 0 1
vn 0 0 1
vn 0 0 1
vn 0 0 1
vn 0 0 1
vn 0 0 1
vn 0 0 1
vn 0 0 1
vn 0 0 1
vn 0 0 1
vn 0 0 1
vn 0 0 1
vn 0 0 1
vn 0 0 1
vn 0 0 1
vn 0 0 1
vn 0 0 1
vn 0 0 1
vn 0 0 1
vn 0 0 1
vn 0 0 1
vn 0 0 1
vn 0 0 1
vn 0 0 1
vn 0 0 1
vn 0 0 1
vn 0 0 1
vn 0 0 1
vn 0 0 1
vn 0 0 1
vn 0 0 1
vn 0 0 1
vn 0 0 1
vn 0 0 1
vn 0 0 1
vn 0 0 1
vn 0 0 1
vn 0 0 1
vn 0 0 1
vn 0 0 1
vn 0 0 1
vn 0 0 1
vn 0 0 1
vn 0 0 1
vn 0 0 1
vn 0 0 1
vn 0 0 1
vn 0 0 1
vn 0 0 1
vn 0 0 1
vn 0 0 1
vn 0 0 1
vn 0 0 1
vn 0 0 1
vn 0 0 1
vn 0 0 1
vn 0 0 1
vn 0 0 1
vn 0 0 1
vn 0 0 1
vn 0 0 1
vn 0 0 1
vn 0 0 1
vn 0 0 1
vn 0 0 1
vn 0 0 1
vn 0 0 1
vn 0 0 1
vn 0 0 1
vn 0 0 1
vn 0 0 1
vn 0 0 1
vn 0 0 1
vn 0 0 1
vn 0 0 1
vn 0 0 1
vn 0 0 1
vn 0 0 1
vn 0 0 1
vn 0 0 1
vn 0 0 1
vn 0 0 1
vn 0 0 1
vn 0 0 1
vn 0 0 1
vn 0 0 1
vn 0 0 1
vn 0 0 1
vn 0 0 1
vn 0 0 1
vn 0 0 1
vn 0 0 1
vn 0 0 1
vn 0 0 1
vn 0 0 1
vn 0 0 1
vn 0 0 1
vn 0 0 1
vn 0 0 1
vn 0 0 1
vn 0 0 1
vn 0 0 1
vn 0 0 1
vn 0 0 1
vn 0 0 1
vn 0 0 1
vn 0 0 1
vn 0 0 1
vn 0 0 1
vn 0 0 1
vn 0 0 1
vn 0 0 1
vn 0 0 1
vn 0 0 1
vn 0 0 1
vn 0 0 1
vn 0 0 1
vn 0 0 1
vn 0 0 1
vn 0 0 1
vn 0 0 1
vn 0 0 1
vn 0 0 1
vn 0 0 1
vn 0 0 1
vn 0 0 1
vn 0 0 1
vn 0 0 1
vn 0 0 1
vn 0 0 1
vn 0 0 1
vn 0 0 1
vn 0 0 1
vn 0 0 1
vn 0 0 1
vn 0 0 1
vn 0 0 1
vn 0 0 1
vn 0 0 1
vn 0 0 1
vn 0 0 1
vn 0 0 1
vn 0 0 1
vn 0 0 1
vn 0 0 1
vn 0 0 1
vn 0 0 1
vn 0 0 1
vn 0 0 1
vn 0 0 1
vn 0 0 1
vn 0 0 1
vn 0 0 1
vn 0 0 1
vn 0 0 1
vn 0 0 1
vn 0 0 1
vn 0 0 1
vn 0 0 1
vn 0 0 1
vn 0 0 1
vn 0 0 1
vn 0 0 1
vn 0 0 1
vn 0 0 1
vn 0 0 1
vn 0 0 1
vn 0 0 1
vn 0 0 1
vn 0 0 1
vn 0 0 1
vn 0 0 1
vn 0 0 1
vn 0 0 1
vn 0 0 1
vn 0 0 1
vn 0 0 1
vn 0 0 1
vn 0 0 1
vn 0 0 1
vn 0 0 1
vn 0 0 1
vn 0 0 1
vn 0 0 1
vn 0 0 1
vn 0 0 1
vn 0 0 1
vn 0 0 1
vn 0 0 1
vn 0 0 1
vn 0 0 1
vn 0 0 1
vn 0 0 1
vn 0 0 1
vn 0 0 1
vn 0 0 1
vn 0 0 1
vn 0 0 1
vn 0 0 1
vn 0 0 1
vn 0 0 1
vn 0 0 1
vn 0 0 1
vn 0 0 1
vn 0 0 1
vn 0 0 1
vn 0 0 1
vn 0 0 1
vn 0 0 1
vn 0 0 1
vn 0 0 1
vn 0 0 1
vn 0 0 1
vn 0 0 1
vn 0 0 1
vn 0 0 1
vn 0 0 1
vn 0 0 1
vn 0 0 1
vn 0 0 1
vn 0 0 1
vn 0 0 1
vn 0 0 1
vn 0 0 1
vn 0 0 1
vn 0 0 1
vn 0 0 1
vn 0 0 1
vn 0 0 1
vn 0 0 1
vn 0 0 1
vn 0 0 1
vn 0 0 1
vn 0 0 1
vn 0 0 1
vn 0 0 1
vn 0 0 1
vn 0 0 1
vn 0 0 1
vn 0 0 1
vn 0 0 1
vn 0 0 1
vn 0 0 1
vn 0 0 1
vn 0 0 1
vn 0 0 1
vn 0 0 1
vn 0 0 1
vn 0 0 1
vn 0 0 1
vn 0 0 1
vn 0 0 1
vn 0 0 1
vn 0 0 1
vn 0 0 1
vn 0 0 1
vn 0 0 1
vn 0 0 1
vn 0 0 1
vn 0 0 1
vn 0 0 1
vn 0 0 1
vn 0 0 1
vn 0 0 1
vn 0 0 1
vn 0 0 1
vn 0 0 1
vn 0 0 1
vn 0 0 1
vn 0 0 1
vn 0 0 1
vn 0 0 1
vn 0 0 1
vn 0 0 1
vn 0 0 1
vn 0 0 1
vn 0 0 1
vn 0 0 1
vn 0 0 1
vn 0 0 1
vn 0 0 1
vn 0 0 1
vn 0 0 1
vn 0 0 1
vn 0 0 1
vn 0 0 1
vn 0 0 1
vn 0 0 1
vn 0 0 1
vn 0 0 1
vn 0 0 1
vn 0 0 1
vn 0 0 1
vn 0 0 1
vn 0 0 1
vn 0 0 1
vn 0 0 1
vn 0 0 1
vn 0 0 1
vn 0 0 1
vn 0 0 1
vn 0 0 1
vn 0 0 1
vn 0 0 1
vn 0 0 1
vn 0 0 1
vn 0 0 1
vn 0 0 1
vn 0 0 1
vn 0 0 1
vn 0 0 1
vn 0 0 1
vn 0 0 1
vn 0 0 1
vn 0 0 1
vn 0 0 1
vn 0 0 1
vn 0 0 1
vn 0 0 1
vn 0 0 1
vn 0 0 1
vn 0 0 1
vn 0 0 1
vn 0 0 1
vn 0 0 1
vn 0 0 1
vn 0 0 1
vn 0 0 1
vn 0 0 1
vn 0 0 1
vn 0 0 1
vn 0 0 1
vn 0 0 1
vn 0 0 1
vn 0 0 1
vn 0 0 1
vn 0 0 1
vn 0 0 1
vn 0 0 1
vn 0 0 1
vn 0 0 1
vn 0 0 1
vn 0 0 1
vn 0 0 1
vn 0 0 1
vn 0 0 1
vn 0 0 1
vn 0 0 1
vn 0 0 1
vn 0 0 1
vn 0 0 1
vn 0 0 1
vn 0 0 1
vn 0 0 1
vn 0 0 1
vn 0 0 1
vn 0 0 1
vn 0 0 1
vn 0 0 1
vn 0 0 1
vn 0 0 1
vn 0 0 1
vn 0 0 1
vn 0 0 1
vn 0 0 1
vn 0 0 1
vn 0 0 1
vn 0 0 1
vn 0 0 1
vn 0 0 1
vn 0 0 1
vn 0 0 1
vn 0 0 1
vn 0 0 1
vn 0 0 1
vn 0 0 1
vn 0 0 1
vn 0 0 1
vn 0 0 1
vn 0 0 1
vn 0 0 1
vn 0 0 1
vn 0 0 1
vn 0 0 1
vn 0 0 1
vn 0 0 1
vn 0 0 1
vn 0 0 1
vn 0 0 1
vn 0 0 1
vn 0 0 1
vn 0 0 1
vn 0 0 1
vn 0 0 1
vn 0 0 1
vn 0 0 1
vn 0 0 1
vn 0 0 1
vn 0 0 1
vn 0 0 1
vn 0 0 1
vn 0 0 1
vn 0 0 1
vn 0 0 1
vn 0 0 1
vn 0 0 1
vn 0 0 1
vn 0 0 1
vn 0 0 1
vn 0 0 1
vn 0 0 1
vn 0 0 1
vn 0 0 1
vn 0 0 1
vn 0 0 1
vn 0 0 1
vn 0 0 1
vn 0 0 1
vn 0 0 1
vn 0 0 1
vn 0 0 1
vn 0 0 1
vn 0 0 1
vn 0 0 1
vn 0 0 1
vn 0 0 1
vn 0 0 1
vn 0 0 1
vn 0 0 1
vn 0 0 1
vn 0 0 1
vn 0 0 1
vn 0 0 1
vn 0 0 1
vn 0 0 1
vn 0 0 1
vn 0 0 1
vn 0 0 1
vn 0 0 1
vn 0 0 1
vn 0 0 1
vn 0 0 1
vn 0 0 1
vn 0 0 1
vn 0 0 1
vn 0 0 1
vn 0 0 1
vn 0 0 1
vn 0 0 1
vn 0 0 1
vn 0 0 1
vn 0 0 1
vn 0 0 1
vn 0 0 1
vn 0 0 1
vn 0 0 1
vn 0 0 1
vn 0 0 1
vn 0 0 1
vn 0 0 1
vn 0 0 1
vn 0 0 1
vn 0 0 1
vn 0 0 1
vn 0 0 1
vn 0 0 1
vn 0 0 1
vn 0 0 1
vn 0 0 1
vn 0 0 1
vn 0 0 1
vn 0 0 1
vn 0 0 1
vn 0 0 1
vn 0 0 1
vn 0 0 1
vn 0 0 1
vn 0 0 1
vn 0 0 1
vn 0 0 1
vn 0 0 1
vn 0 0 1
vn 0 0 1
vn 0 0 1
vn 0 0 1
vn 0 0 1
vn 0 0 1
vn 0 0 1
vn 0 0 1
vn 0 0 1
vn 0 0 1
vn 0 0 1
vn 0 0 1
vn 0 0 1
vn 0 0 1
vn 0 0 1
vn 0 0 1
vn 0 0 1
vn 0 0 1
vn 0 0 1
vn 0 0 1
vn 0 0 1
vn 0 0 1
vn 0 0 1
vn 0 0 1
vn 0 0 1
vn 0 0 1
vn 0 0 1
vn 0 0 1
vn 0 0 1
vn 0 0 1
vn 0 0 1
vn 0 0 1
vn 0 0 1
vn 0 0 1
vn 0 0 1
vn 0 0 1
vn 0 0 1
vn 0 0 1
vn 0 0 1
vn 0 0 1
vn 0 0 1
vn 0 0 1
vn 0 0 1
vn 0 0 1
vn 0 0 1
vn 0 0 1
vn 0 0 1
vn 0 0 1
vn 0 0 1
vn 0 0 1
vn 0 0 1
vn 0 0 1
vn 0 0 1
vn 0 0 1
vn 0 0 1
vn 0 0 1
vn 0 0 1
vn 0 0 1
vn 0 0 1
vn 0 0 1
vn 0 0 1
vn 0 0 1
vn 0 0 1
vn 0 0 1
vn 0 0 1
vn 0 0 1
vn 0 0 1
vn 0 0 1
vn 0 0 1
vn 0 0 1
vn 0 0 1
vn 0 0 1
vn 0 0 1
vn 0 0 1
vn 0 0 1
vn 0 0 1
vn 0 0 1
vn 0 0 1
vn 0 0 1
vn 0 0 1
vn 0 0 1
vn 0 0 1
vn 0 0 1
vn 0 0 1
vn 0 0 1
vn 0 0 1
vn 0 0 1
vn 0 0 1
vn 0 0 1
vn 0 0 1
vn 0 0 1
vn 0 0 1
vn 0 0 1
vn 0 0 1
vn 0 0 1
vn 0 0 1
vn 0 0 1
vn 0 0 1
vn 0 0 1
vn 0 0 1
vn 0 0 1
vn 0 0 1
vn 0 0 1
vn 0 0 1
vn 0 0 1
vn 0 0 1
vn 0 0 1
vn 0 0 1
vn 0 0 1
vn 0 0 1
vn 0 0 1
vn 0 0 1
vn 0 0 1
vn 0 0 1
vn 0 0 1
vn 0 0 1
vn 0 0 1
vn 0 0 1
vn 0 0 1
vn 0 0 1
vn 0 0 1
vn 0 0 1
vn 0 0 1
vn 0 0 1
vn 0 0 1
vn 0 0 1
vn 0 0 1
vn 0 0 1
vn 0 0 1
vn 0 0 1
vn 0 0 1
vn 0 0 1
vn 0 0 1
vn 0 0 1
vn 0 0 1
vn 0 0 1
vn 0 0 1
vn 0 0 1
vn 0 0 1
vn 0 0 1
vn 0 0 1
vn 0 0 1
vn 0 0 1
vn 0 0 1
vn 0 0 1
vn 0 0 1
vn 0 0 1
vn 0 0 1
vn 0 0 1
vn 0 0 1
vn 0 0 1
vn 0 0 1
vn 0 0 1
vn 0 0 1
vn 0 0 1
vn 0 0 1
vn 0 0 1
vn 0 0 1
vn 0 0 1
vn 0 0 1
vn 0 0 1
vn 0 0 1
vn 0 0 1
vn 0 0 1
vn 0 0 1
vn 0 0 1
vn 0 0 1
vn 0 0 1
vn 0 0 1
vn 0 0 1
vn 0 0 1
vn 0 0 1
vn 0 0 1
vn 0 0 1
vn 0 0 1
vn 0 0 1
vn 0 0 1
vn 0 0 1
vn 0 0 1
vn 0 0 1
vn 0 0 1
vn 0 0 1
vn 0 0 1
vn 0 0 1
vn 0 0 1
vn 0 0 1
vn 0 0 1
vn 0 0 1
vn 0 0 1
vn 0 0 1
vn 0 0 1
vn 0 0 1
vn 0 0 1
vn 0 0 1
vn 0 0 1
vn 0 0 1
vn 0 0 1
vn 0 0 1
vn 0 0 1
vn 0 0 1
vn 0 0 1
vn 0 0 1
vn 0 0 1
vn 0 0 1
vn 0 0 1
vn 0 0 1
vn 0 0 1
vn 0 0 1
vn 0 0 1
vn 0 0 1
vn 0 0 1
vn 0 0 1
vn 0 0 1
vn 0 0 1
vn 0 0 1
vn 0 0 1
vn 0 0 1
vn 0 0 1
vn 0 0 1
vn 0 0 1
vn 0 0 1
vn 0 0 1
vn 0 0 1
vn 0 0 1
vn 0 0 1
vn 0 0 1
vn 0 0 1
vn 0 0 1
vn 0 0 1
vn 0 0 1
vn 0 0 1
vn 0 0 1
vn 0 0 1
vn 0 0 1
vn 0 0 1
vn 0 0 1
vn 0 0 1
vn 0 0 1
vn 0 0 1
vn 0 0 1
vn 0 0 1
vn 0 0 1
vn 0 0 1
vn 0 0 1
vn 0 0 1
vn 0 0 1
vn 0 0 1
vn 0 0 1
vn 0 0 1
vn 0 0 1
vn 0 0 1
vn 0 0 1
vn 0 0 1
vn 0 0 1
vn 0 0 1
vn 0 0 1
vn 0 0 1
vn 0 0 1
vn 0 0 1
vn 0 0 1
vn 0 0 1
vn 0 0 1
vn 0 0 1
vn 0 0 1
vn 0 0 1
vn 0 0 1
vn 0 0 1
vn 0 0 1
vn 0 0 1
vn 0 0 1
vn 0 0 1
vn 0 0 1
vn 0 0 1
vn 0 0 1
vn 0 0 1
vn 0 0 1
vn 0 0 1
vn 0 0 1
vn 0 0 1
vn 0 0 1
vn 0 0 1
vn 0 0 1
vn 0 0 1
vn 0 0 1
vn 0 0 1
vn 0 0 1
vn 0 0 1
vn 0 0 1
vn 0 0 1
vn 0 0 1
vn 0 0 1
vn 0 0 1
vn 0 0 1
vn 0 0 1
vn 0 0 1
vn 0 0 1
vn 0 0 1
vn 0 0 1
vn 0 0 1
vn 0 0 1
vn 0 0 1
vn 0 0 1
vn 0 0 1
vn 0 0 1
vn 0 0 1
vn 0 0 1
vn 0 0 1
vn 0 0 1
vn 0 0 1
vn 0 0 1
vn 0 0 1
vn 0 0 1
vn 0 0 1
vn 0 0 1
vn 0 0 1
vn 0 0 1
vn 0 0 1
vn 0 0 1
vn 0 0 1
vn 0 0 1
vn 0 0 1
vn 0 0 1
vn 0 0 1
vn 0 0 1
vn 0 0 1
vn 0 0 1
vn 0 0 1
vn 0 0 1
vn 0 0 1
vn 0 0 1
vn 0 0 1
vn 0 0 1
vn 0 0 1
vn 0 0 1
vn 0 0 1
vn 0 0 1
vn 0 0 1
vn 0 0 1
vn 0 0 1
vn 0 0 1
vn 0 0 1
vn 0 0 1
vn 0 0 1
vn 0 0 1
vn 0 0 1
vn 0 0 1
vn 0 0 1
vn 0 0 1
vn 0 0 1
vn 0 0 1
vn 0 0 1
vn 0 0 1
vn 0 0 1
vn 0 0 1
vn 0 0 1
vn 0 0 1
vn 0 0 1
vn 0 0 1
vn 0 0 1
vn 0 0 1
vn 0 0 1
vn 0 0 1
vn 0 0 1
vn 0 0 1
vn 0 0 1
vn 0 0 1
vn 0 0 1
vn 0 0 1
vn 0 0 1
vn 0 0 1
vn 0 0 1
vn 0 0 1
vn 0 0 1
vn 0 0 1
vn 0 0 1
vn 0 0 1
vn 0 0 1
vn 0 0 1
vn 0 0 1
vn 0 0 1
vn 0 0 1
vn 0 0 1
vn 0 0 1
vn 0 0 1
vn 0 0 1
vn 0 0 1
vn 0 0 1
vn 0 0 1
vn 0 0 1
vn 0 0 1
vn 0 0 1
vn 0 0 1
vn 0 0 1
vn 0 0 1
vn 0 0 1
vn 0 0 1
vn 0 0 1
vn 0 0 1
vn 0 0 1
vn 0 0 1
vn 0 0 1
vn 0 0 1
vn 0 0 1
vn 0 0 1
vn 0 0 1
vn 0 0 1
vn 0 0 1
vn 0 0 1
vn 0 0 1
vn 0 0 1
vn 0 0 1
vn 0 0 1
vn 0 0 1
vn 0 0 1
vn 0 0 1
vn 0 0 1
vn 0 0 1
vn 0 0 1
vn 0 0 1
vn 0 0 1
vn 0 0 1
vn 0 0 1
vn 0 0 1
vn 0 0 1
vn 0 0 1
vn 0 0 1
vn 0 0 1
vn 0 0 1
vn 0 0 1
vn 0 0 1
vn 0 0 1
vn 0 0 1
vn 0 0 1
vn 0 0 1
vn 0 0 1
vn 0 0 1
vn 0 0 1
vn 0 0 1
vn 0 0 1
vn 0 0 1
vn 0 0 1
vn 0 0 1
vn 0 0 1
vn 0 0 1
vn 0 0 1
vn 0 0 1
vn 0 0 1
vn 0 0 1
vn 0 0 1
vn 0 0 1
vn 0 0 1
vn 0 0 1
vn 0 0 1
vn 0 0 1
vn 0 0 1
vn 0 0 1
vn 0 0 1
vn 0 0 1
vn 0 0 1
vn 0 0 1
vn 0 0 1
vn 0 0 1
vn 0 0 1
vn 0 0 1
vn 0 0 1
vn 0 0 1
vn 0 0 1
vn 0 0 1
vn 0 0 1
vn 0 0 1
vn 0 0 1
vn 0 0 1
vn 0 0 1
vn 0 0 1
vn 0 0 1
vn 0 0 1
vn 0 0 1
vn 0 0 1
vn 0 0 1
vn 0 0 1
vn 0 0 1
vn 0 0 1
vn 0 0 1
vn 0 0 1
vn 0 0 1
vn 0 0 1
vn 0 0 1
vn 0 0 1
vn 0 0 1
vn 0 0 1
vn 0 0 1
vn 0 0 1
vn 0 0 1
vn 0 0 1
vn 0 0 1
vn 0 0 1
vn 0 0 1
vn 0 0 1
vn 0 0 1
vn 0 0 1
vn 0 0 1
vn 0 0 1
vn 0 0 1
vn 0 0 1
vn 0 0 1
vn 0 0 1
vn 0 0 1
vn 0 0 1
vn 0 0 1
vn 0 0 1
vn 0 0 1
vn 0 0 1
vn 0 0 1
vn 0 0 1
vn 0 0 1
vn 0 0 1
vn 0 0 1
vn 0 0 1
vn 0 0 1
vn 0 0 1
vn 0 0 1
vn 0 0 1
vn 0 0 1
vn 0 0 1
vn 0 0 1
vn 0 0 1
vn 0 0 1
vn 0 0 1
vn 0 0 1
vn 0 0 1
vn 0 0 1
vn 0 0 1
vn 0 0 1
vn 0 0 1
vn 0 0 1
vn 0 0 1
vn 0 0 1
vn 0 0 1
vn 0 0 1
vn 0 0 1
vn 0 0 1
vn 0 0 1
vn 0 0 1
vn 0 0 1
vn 0 0 1
vn 0 0 1
vn 0 0 1
vn 0 0 1
vn 0 0 1
vn 0 0 1
vn 0 0 1
vn 0 0 1
vn 0 0 1
vn 0 0 1
vn 0 0 1
vn 0 0 1
vn 0 0 1
vn 0 0 1
vn 0 0 1
vn 0 0 1
vn 0 0 1
vn 0 0 1
vn 0 0 1
vn 0 0 1
vn 0 0 1
vn 0 0 1
vn 0 0 1
vn 0 0 1
vn 0 0 1
vn 0 0 1
vn 0 0 1
vn 0 0 1
vn 0 0 1
vn 0 0 1
vn 0 0 1
vn 0 0 1
vn 0 0 1
vn 0 0 1
vn 0 0 1
vn 0 0 1
vn 0 0 1
vn 0 0 1
vn 0 0 1
vn 0 0 1
vn 0 0 1
vn 0 0 1
vn 0 0 1
vn 0 0 1
vn 0 0 1
vn 0 0 1
vn 0 0 1
vn 0 0 1
vn 0 0 1
vn 0 0 1
vn 0 0 1
vn 0 0 1
vn 0 0 1
vn 0 0 1
vn 0 0 1
vn 0 0 1
vn 0 0 1
vn 0 0 1
vn 0 0 1
vn 0 0 1
vn 0 0 1
vn 0 0 1
vn 0 0 1
vn 0 0 1
vn 0 0 1
vn 0 0 1
vn 0 0 1
vn 0 0 1
vn 0 0 1
vn 0 0 1
vn 0 0 1
vn 0 0 1
vn 0 0 1
vn 0 0 1
vn 0 0 1
vn 0 0 1
vn 0 0 1
vn 0 0 1
vn 0 0 1
vn 0 0 1
vn 0 0 1
vn 0 0 1
vn 0 0 1
vn 0 0 1
vn 0 0 1
vn 0 0 1
vn 0 0 1
vn 0 0 1
vn 0 0 1
vn 0 0 1
vn 0 0 1
vn 0 0 1
vn 0 0 1
vn 0 0 1
vn 0 0 1
vn 0 0 1
vn 0 0 1
vn 0 0 1
vn 0 0 1
vn 0 0 1
vn 0 0 1
vn 0 0 1
vn 0 0 1
vn 0 0 1
vn 0 0 1
vn 0 0 1
vn 0 0 1
vn 0 0 1
vn 0 0 1
vn 0 0 1
vn 0 0 1
vn 0 0 1
vn 0 0 1
vn 0 0 1
vn 0 0 1
vn 0 0 1
vn 0 0 1
vn 0 0 1
vn 0 0 1
vn 0 0 1
vn 0 0 1
vn 0 0 1
vn 0 0 1
vn 0 0 1
vn 0 0 1
vn 0 0 1
vn 0 0 1
vn 0 0 1
vn 0 0 1
vn 0 0 1
vn 0 0 1
vn 0 0 1
vn 0 0 1
vn 0 0 1
vn 0 0 1
vn 0 0 1
vn 0 0 1
vn 0 0 1
vn 0 0 1
vn 0 0 1
vn 0 0 1
vn 0 0 1
vn 0 0 1
vn 0 0 1
vn 0 0 1
vn 0 0 1
vn 0 0 1
vn 0 0 1
vn 0 0 1
vn 0 0 1
vn 0 0 1
vn 0 0 1
vn 0 0 1
vn 0 0 1
vn 0 0 1
vn 0 0 1
vn 0 0 1
vn 0 0 1
vn 0 0 1
vn 0 0 1
vn 0 0 1
vn 0 0 1
vn 0 0 1
vn 0 0 1
vn 0 0 1
vn 0 0 1
vn 0 0 1
vn 0 0 1
vn 0 0 1
vn 0 0 1
vn 0 0 1
vn 0 0 1
vn 0 0 1
vn 0 0 1
vn 0 0 1
vn 0 0 1
vn 0 0 1
vn 0 0 1
vn 0 0 1
vn 0 0 1
vn 0 0 1
vn 0 0 1
vn 0 0 1
vn 0 0 1
vn 0 0 1
vn 0 0 1
vn 0 0 1
vn 0 0 1
vn 0 0 1
vn 0 0 1
vn 0 0 1
vn 0 0 1
vn 0 0 1
vn 0 0 1
vn 0 0 1
vn 0 0 1
vn 0 0 1
vn 0 0 1
vn 0 0 1
vn 0 0 1
vn 0 0 1
vn 0 0 1
vn 0 0 1
vn 0 0 1
vn 0 0 1
vn 0 0 1
vn 0 0 1
vn 0 0 1
vn 0 0 1
vn 0 0 1
vn 0 0 1
vn 0 0 1
vn 0 0 1
vn 0 0 1
vn 0 0 1
vn 0 0 1
vn 0 0 1
vn 0 0 1
vn 0 0 1
vn 0 0 1
vn 0 0 1
vn 0 0 1
vn 0 0 1
vn 0 0 1
vn 0 0 1
vn 0 0 1
vn 0 0 1
vn 0 0 1
vn 0 0 1
vn 0 0 1
vn 0 0 1
vn 0 0 1
vn 0 0 1
vn 0 0 1
vn 0 0 1
vn 0 0 1
vn 0 0 1
vn 0 0 1
vn 0 0 1
vn 0 0 1
vn 0 0 1
vn 0 0 1
vn 0 0 1
vn 0 0 1
vn 0 0 1
vn 0 0 1
vn 0 0 1
vn 0 0 1
vn 0 0 1
vn 0 0 1
vn 0 0 1
vn 0 0 1
vn 0 0 1
vn 0 0 1
vn 0 0 1
vn 0 0 1
vn 0 0 1
vn 0 0 1
vn 0 0 1
vn 0 0 1
vn 0 0 1
vn 0 0 1
vn 0 0 1
vn 0 0 1
vn 0 0 1
vn 0 0 1
vn 0 0 1
vn 0 0 1
vn 0 0 1
vn 0 0 1
vn 0 0 1
vn 0 0 1
vn 0 0 1
vn 0 0 1
vn 0 0 1
vn 0 0 1
vn 0 0 1
vn 0 0 1
vn 0 0 1
vn 0 0 1
vn 0 0 1
vn 0 0 1
vn 0 0 1
vn 0 0 1
vn 0 0 1
vn 0 0 1
vn 0 0 1
vn 0 0 1
vn 0 0 1
vn 0 0 1
vn 0 0 1
vn 0 0 1
vn 0 0 1
vn 0 0 1
vn 0 0 1
vn 0 0 1
vn 0 0 1
vn 0 0 1
vn 0 0 1
vn 0 0 1
vn 0 0 1
vn 0 0 1
vn 0 0 1
vn 0 0 1
vn 0 0 1
vn 0 0 1
vn 0 0 1
vn 0 0 1
vn 0 0 1
vn 0 0 1
vn 0 0 1
vn 0 0 1
vn 0 0 1
vn 0 0 1
vn 0 0 1
vn 0 0 1
vn 0 0 1
vn 0 0 1
vn 0 0 1
vn 0 0 1
vn 0 0 1
vn 0 0 1
vn 0 0 1
vn 0 0 1
vn 0 0 1
vn 0 0 1
vn 0 0 1
vn 0 0 1
vn 0 0 1
vn 0 0 1
vn 0 0 1
vn 0 0 1
vn 0 0 1
vn 0 0 1
vn 0 0 1
vn 0 0 1
vn 0 0 1
vn 0 0 1
vn 0 0 1
vn 0 0 1
vn 0 0 1
vn 0 0 1
vn 0 0 1
vn 0 0 1
vn 0 0 1
vn 0 0 1
vn 0 0 1
vn 0 0 1
vn 0 0 1
vn 0 0 1
vn 0 0 1
vn 0 0 1
vn 0 0 1
vn 0 0 1
vn 0 0 1
vn 0 0 1
vn 0 0 1
vn 0 0 1
vn 0 0 1
vn 0 0 1
vn 0 0 1
vn 0 0 1
vn 0 0 1
vn 0 0 1
vn 0 0 1
vn 0 0 1
vn 0 0 1
vn 0 0 1
vn 0 0 1
vn 0 0 1
vn 0 0 1
vn 0 0 1
vn 0 0 1
vn 0 0 1
vn 0 0 1
vn 0 0 1
vn 0 0 1
vn 0 0 1
vn 0 0 1
vn 0 0 1
vn 0 0 1
vn 0 0 1
vn 0 0 1
vn 0 0 1
vn 0 0 1
vn 0 0 1
vn 0 0 1
vn 0 0 1
vn 0 0 1
vn 0 0 1
vn 0 0 1
vn 0 0 1
vn 0 0 1
vn 0 0 1
vn 0 0 1
vn 0 0 1
vn 0 0 1
vn 0 0 1
vn 0 0 1
vn 0 0 1
vn 0 0 1
vn 0 0 1
vn 0 0 1
vn 0 0 1
vn 0 0 1
vn 0 0 1
vn 0 0 1
vn 0 0 1
vn 0 0 1
vn 0 0 1
vn 0 0 1
vn 0 0 1
vn 0 0 1
vn 0 0 1
vn 0 0 1
vn 0 0 1
vn 0 0 1
vn 0 0 1
vn 0 0 1
vn 0 0 1
vn 0 0 1
vn 0 0 1
vn 0 0 1
vn 0 0 1
vn 0 0 1
vn 0 0 1
vn 0 0 1
vn 0 0 1
vn 0 0 1
vn 0 0 1
vn 0 0 1
vn 0 0 1
vn 0 0 1
vn 0 0 1
vn 0 0 1
vn 0 0 1
vn 0 0 1
vn 0 0 1
vn 0 0 1
vn 0 0 1
vn 0 0 1
vn 0 0 1
vn 0 0 1
vn 0 0 1
vn 0 0 1
vn 0 0 1
vn 0 0 1
vn 0 0 1
vn 0 0 1
vn 0 0 1
vn 0 0 1
vn 0 0 1
vn 0 0 1
vn 0 0 1
vn 0 0 1
vn 0 0 1
vn 0 0 1
vn 0 0 1
vn 0 0 1
vn 0 0 1
vn 0 0 1
vn 0 0 1
vn 0 0 1
vn 0 0 1
vn 0 0 1
vn 0 0 1
vn 0 0 1
vn 0 0 1
vn 0 0 1
vn 0 0 1
vn 0 0 1
vn 0 0 1
vn 0 0 1
vn 0 0 1
vn 0 0 1
vn 0 0 1
vn 0 0 1
vn 0 0 1
vn 0 0 1
vn 0 0 1
vn 0 0 1
vn 0 0 1
vn 0 0 1
vn 0 0 1
vn 0 0 1
vn 0 0 1
vn 0 0 1
vn 0 0 1
vn 0 0 1
vn 0 0 1
vn 0 0 1
vn 0 0 1
vn 0 0 1
vn 0 0 1
vn 0 0 1
vn 0 0 1
vn 0 0 1
vn 0 0 1
vn 0 0 1
vn 0 0 1
vn 0 0 1
vn 0 0 1
vn 0 0 1
vn 0 0 1
vn 0 0 1
vn 0 0 1
vn 0 0 1
vn 0 0 1
vn 0 0 1
vn 0 0 1
vn 0 0 1
vn 0 0 1
vn 0 0 1
vn 0 0 1
vn 0 0 1
vn 0 0 1
vn 0 0 1
vn 0 0 1
vn 0 0 1
vn 0 0 1
vn 0 0 1
vn 0 0 1
vn 0 0 1
vn 0 0 1
vn 0 0 1
vn 0 0 1
vn 0 0 1
vn 0 0 1
vn 0 0 1
vn 0 0 1
vn 0 0 1
vn 0 0 1
vn 0 0 1
vn 0 0 1
vn 0 0 1
vn 0 0 1
vn 0 0 1
vn 0 0 1
vn 0 0 1
vn 0 0 1
vn 0 0 1
vn 0 0 1
vn 0 0 1
vn 0 0 1
vn 0 0 1
vn 0 0 1
vn 0 0 1
vn 0 0 1
vn 0 0 1
vn 0 0 1
vn 0 0 1
vn 0 0 1
vn 0 0 1
vn 0 0 1
vn 0 0 1
vn 0 0 1
vn 0 0 1
vn 0 0 1
vn 0 0 1
vn 0 0 1
vn 0 0 1
vn 0 0 1
vn 0 0 1
vn 0 0 1
vn 0 0 1
vn 0 0 1
vn 0 0 1
vn 0 0 1
vn 0 0 1
vn 0 0 1
vn 0 0 1
vn 0 0 1
vn 0 0 1
vn 0 0 1
vn 0 0 1
vn 0 0 1
vn 0 0 1
vn 0 0 1
vn 0 0 1
vn 0 0 1
vn 0 0 1
vn 0 0 1
vn 0 0 1
vn 0 0 1
vn 0 0 1
vn 0 0 1
vn 0 0 1
vn 0 0 1
vn 0 0 1
vn 0 0 1
vn 0 0 1
vn 0 0 1
vn 0 0 1
vn 0 0 1
vn 0 0 1
vn 0 0 1
vn 0 0 1
vn 0 0 1
vn 0 0 1
vn 0 0 1
vn 0 0 1
vn 0 0 1
vn 0 0 1
vn 0 0 1
vn 0 0 1
vn 0 0 1
vn 0 0 1
vn 0 0 1
vn 0 0 1
vn 0 0 1
vn 0 0 1
vn 0 0 1
vn 0 0 1
vn 0 0 1
vn 0 0 1
vn 0 0 1
vn 0 0 1
vn 0 0 1
vn 0 0 1
vn 0 0 1
vn 0 0 1
vn 0 0 1
vn 0 0 1
vn 0 0 1
vn 0 0 1
vn 0 0 1
vn 0 0 1
vn 0 0 1
vn 0 0 1
vn 0 0 1
vn 0 0 1
vn 0 0 1
vn 0 0 1
vn 0 0 1
vn 0 0 1
vn 0 0 1
vn 0 0 1
vn 0 0 1
vn 0 0 1
vn 0 0 1
vn 0 0 1
vn 0 0 1
vn 0 0 1
vn 0 0 1
vn 0 0 1
vn 0 0 1
vn 0 0 1
vn 0 0 1
vn 0 0 1
vn 0 0 1
vn 0 0 1
vn 0 0 1
vn 0 0 1
vn 0 0 1
vn 0 0 1
vn 0 0 1
vn 0 0 1
vn 0 0 1
vn 0 0 1
vn 0 0 1
vn 0 0 1
vn 0 0 1
vn 0 0 1
vn 0 0 1
vn 0 0 1
vn 0 0 1
vn 0 0 1
vn 0 0 1
vn 0 0 1
vn 0 0 1
vn 0 0 1
vn 0 0 1
vn 0 0 1
vn 0 0 1
vn 0 0 1
vn 0 0 1
vn 0 0 1
vn 0 0 1
vn 0 0 1
vn 0 0 1
vn 0 0 1
vn 0 0 1
vn 0 0 1
vn 0 0 1
vn 0 0 1
vn 0 0 1
vn 0 0 1
vn 0 0 1
vn 0 0 1
vn 0 0 1
vn 0 0 1
vn 0 0 1
vn 0 0 1
vn 0 0 1
vn 0 0 1
vn 0 0 1
vn 0 0 1
vn 0 0 1
vn 0 0 1
vn 0 0 1
vn 0 0 1
vn 0 0 1
vn 0 0 1
vn 0 0 1
vn 0 0 1
vn 0 0 1
vn 0 0 1
vn 0 0 1
vn 0 0 1
vn 0 0 1
vn 0 0 1
vn 0 0 1
vn 0 0 1
vn 0 0 1
vn 0 0 1
vn 0 0 1
vn 0 0 1
vn 0 0 1
vn 0 0 1
vn 0 0 1
vn 0 0 1
vn 0 0 1
vn 0 0 1
vn 0 0 1
vn 0 0 1
vn 0 0 1
vn 0 0 1
vn 0 0 1
vn 0 0 1
vn 0 0 1
vn 0 0 1
vn 0 0 1
vn 0 0 1
vn 0 0 1
vn 0 0 1
vn 0 0 1
vn 0 0 1
vn 0 0 1
vn 0 0 1
vn 0 0 1
vn 0 0 1
vn 0 0 1
vn 0 0 1
vn 0 0 1
vn 0 0 1
vn 0 0 1
vn 0 0 1
vn 0 0 1
vn 0 0 1
vn 0 0 1
vn 0 0 1
vn 0 0 1
vn 0 0 1
vn 0 0 1
vn 0 0 1
vn 0 0 1
vn 0 0 1
vn 0 0 1
vn 0 0 1
vn 0 0 1
vn 0 0 1
vn 0 0 1
vn 0 0 1
vn 0 0 1
vn 0 0 1
vn 0 0 1
vn 0 0 1
vn 0 0 1
vn 0 0 1
vn 0 0 1
vn 0 0 1
vn 0 0 1
vn 0 0 1
vn 0 0 1
vn 0 0 1
vn 0 0 1
vn 0 0 1
vn 0 0 1
vn 0 0 1
vn 0 0 1
vn 0 0 1
vn 0 0 1
vn 0 0 1
vn 0 0 1
vn 0 0 1
vn 0 0 1
vn 0 0 1
vn 0 0 1
vn 0 0 1
vn 0 0 1
vn 0 0 1
vn 0 0 1
vn 0 0 1
vn 0 0 1
vn 0 0 1
vn 0 0 1
vn 0 0 1
vn 0 0 1
vn 0 0 1
vn 0 0 1
vn 0 0 1
vn 0 0 1
vn 0 0 1
vn 0 0 1
vn 0 0 1
vn 0 0 1
vn 0 0 1
vn 0 0 1
vn 0 0 1
vn 0 0 1
vn 0 0 1
vn 0 0 1
vn 0 0 1
vn 0 0 1
vn 0 0 1
vn 0 0 1
vn 0 0 1
vn 0 0 1
vn 0 0 1
vn 0 0 1
vn 0 0 1
vn 0 0 1
vn 0 0 1
vn 0 0 1
vn 0 0 1
vn 0 0 1
vn 0 0 1
vn 0 0 1
vn 0 0 1
vn 0 0 1
vn 0 0 1
vn 0 0 1
vn 0 0 1
vn 0 0 1
vn 0 0 1
vn 0 0 1
vn 0 0 1
vn 0 0 1
vn 0 0 1
vn 0 0 1
vn 0 0 1
vn 0 0 1
vn 0 0 1
vn 0 0 1
vn 0 0 1
vn 0 0 1
vn 0 0 1
vn 0 0 1
vn 0 0 1
vn 0 0 1
vn 0 0 1
vn 0 0 1
vn 0 0 1
vn 0 0 1
vn 0 0 1
vn 0 0 1
vn 0 0 1
vn 0 0 1
vn 0 0 1
vn 0 0 1
vn 0 0 1
vn 0 0 1
vn 0 0 1
vn 0 0 1
vn 0 0 1
vn 0 0 1
vn 0 0 1
vn 0 0 1
vn 0 0 1
vn 0 0 1
vn 0 0 1
vn 0 0 1
vn 0 0 1
vn 0 0 1
vn 0 0 1
vn 0 0 1
vn 0 0 1
vn 0 0 1
vn 0 0 1
vn 0 0 1
vn 0 0 1
vn 0 0 1
vn 0 0 1
vn 0 0 1
vn 0 0 1
vn 0 0 1
vn 0 0 1
vn 0 0 1
vn 0 0 1
vn 0 0 1
vn 0 0 1
vn 0 0 1
vn 0 0 1
vn 0 0 1
vn 0 0 1
vn 0 0 1
vn 0 0 1
vn 0 0 1
vn 0 0 1
vn 0 0 1
vn 0 0 1
vn 0 0 1
vn 0 0 1
vn 0 0 1
vn 0 0 1
vn 0 0 1
vn 0 0 1
vn 0 0 1
vn 0 0 1
vn 0 0 1
vn 0 0 1
vn 0 0 1
vn 0 0 1
vn 0 0 1
vn 0 0 1
vn 0 0 1
vn 0 0 1
vn 0 0 1
vn 0 0 1
vn 0 0 1
vn 0 0 1
vn 0 0 1
vn 0 0 1
vn 0 0 1
vn 0 0 1
vn 0 0 1
vn 0 0 1
vn 0 0 1
vn 0 0 1
vn 0 0 1
vn 0 0 1
vn 0 0 1
vn 0 0 1
vn 0 0 1
vn 0 0 1
vn 0 0 1
vn 0 0 1
vn 0 0 1
vn 0 0 1
vn 0 0 1
vn 0 0 1
vn 0 0 1
vn 0 0 1
vn 0 0 1
vn 0 0 1
vn 0 0 1
vn 0 0 1
vn 0 0 1
vn 0 0 1
vn 0 0 1
vn 0 0 1
vn 0 0 1
vn 0 0 1
vn 0 0 1
vn 0 0 1
vn 0 0 1
vn 0 0 1
vn 0 0 1
vn 0 0 1
vn 0 0 1
vn 0 0 1
vn 0 0 1
vn 0 0 1
vn 0 0 1
vn 0 0 1
vn 0 0 1
vn 0 0 1
vn 0 0 1
vn 0 0 1
vn 0 0 1
vn 0 0 1
vn 0 0 1
vn 0 0 1
vn 0 0 1
vn 0 0 1
vn 0 0 1
vn 0 0 1
vn 0 0 1
vn 0 0 1
vn 0 0 1
vn 0 0 1
vn 0 0 1
vn 0 0 1
vn 0 0 1
vn 0 0 1
vn 0 0 1
vn 0 0 1
vn 0 0 1
vn 0 0 1
vn 0 0 1
vn 0 0 1
vn 0 0 1
vn 0 0 1
vn 0 0 1
vn 0 0 1
vn 0 0 1
vn 0 0 1
vn 0 0 1
vn 0 0 1
vn 0 0 1
vn 0 0 1
vn 0 0 1
vn 0 0 1
vn 0 0 1
vn 0 0 1
vn 0 0 1
vn 0 0 1
vn 0 0 1
vn 0 0 1
vn 0 0 1
vn 0 0 1
vn 0 0 1
vn 0 0 1
vn 0 0 1
vn 0 0 1
vn 0 0 1
vn 0 0 1
vn 0 0 1
vn 0 0 1
vn 0 0 1
vn 0 0 1
vn 0 0 1
vn 0 0 1
vn 0 0 1
vn 0 0 1
vn 0 0 1
vn 0 0 1
vn 0 0 1
vn 0 0 1
vn 0 0 1
vn 0 0 1
vn 0 0 1
vn 0 0 1
vn 0 0 1
vn 0 0 1
vn 0 0 1
vn 0 0 1
vn 0 0 1
vn 0 0 1
vn 0 0 1
vn 0 0 1
vn 0 0 1
vn 0 0 1
vn 0 0 1
vn 0 0 1
vn 0 0 1
vn 0 0 1
vn 0 0 1
vn 0 0 1
vn 0 0 1
vn 0 0 1
vn 0 0 1
vn 0 0 1
vn 0 0 1
vn 0 0 1
vn 0 0 1
vn 0 0 1
vn 0 0 1
vn 0 0 1
vn 0 0 1
vn 0 0 1
vn 0 0 1
vn 0 0 1
vn 0 0 1
vn 0 0 1
vn 0 0 1
vn 0 0 1
vn 0 0 1
vn 0 0 1
vn 0 0 1
vn 0 0 1
vn 0 0 1
vn 0 0 1
vn 0 0 1
vn 0 0 1
vn 0 0 1
vn 0 0 1
vn 0 0 1
vn 0 0 1
vn 0 0 1
vn 0 0 1
vn 0 0 1
vn 0 0 1
vn 0 0 1
vn 0 0 1
vn 0 0 1
vn 0 0 1
vn 0 0 1
vn 0 0 1
vn 0 0 1
vn 0 0 1
vn 0 0 1
vn 0 0 1
vn 0 0 1
vn 0 0 1
vn 0 0 1
vn 0 0 1
vn 0 0 1
vn 0 0 1
vn 0 0 1
vn 0 0 1
vn 0 0 1
vn 0 0 1
vn 0 0 1
vn 0 0 1
vn 0 0 1
vn 0 0 1
vn 0 0 1
vn 0 0 1
vn 0 0 1
vn 0 0 1
vn 0 0 1
vn 0 0 1
vn 0 0 1
vn 0 0 1
vn 0 0 1
vn 0 0 1
vn 0 0 1
vn 0 0 1
vn 0 0 1
vn 0 0 1
vn 0 0 1
vn 0 0 1
vn 0 0 1
vn 0 0 1
vn 0 0 1
vn 0 0 1
vn 0 0 1
vn 0 0 1
vn 0 0 1
vn 0 0 1
vn 0 0 1
vn 0 0 1
vn 0 0 1
vn 0 0 1
vn 0 0 1
vn 0 0 1
vn 0 0 1
vn 0 0 1
vn 0 0 1
vn 0 0 1
vn 0 0 1
vn 0 0 1
vn 0 0 1
vn 0 0 1
vn 0 0 1
vn 0 0 1
vn 0 0 1
vn 0 0 1
vn 0 0 1
vn 0 0 1
vn 0 0 1
vn 0 0 1
vn 0 0 1
vn 0 0 1
vn 0 0 1
vn 0 0 1
vn 0 0 1
vn 0 0 1
vn 0 0 1
vn 0 0 1
vn 0 0 1
vn 0 0 1
vn 0 0 1
vn 0 0 1
vn 0 0 1
vn 0 0 1
vn 0 0 1
vn 0 0 1
vn 0 0 1
vn 0 0 1
vn 0 0 1
vn 0 0 1
vn 0 0 1
vn 0 0 1
vn 0 0 1
vn 0 0 1
vn 0 0 1
vn 0 0 1
vn 0 0 1
vn 0 0 1
vn 0 0 1
vn 0 0 1
vn 0 0 1
vn 0 0 1
vn 0 0 1
vn 0 0 1
vn 0 0 1
vn 0 0 1
vn 0 0 1
vn 0 0 1
vn 0 0 1
vn 0 0 1
vn 0 0 1
vn 0 0 1
vn 0 0 1
vn 0 0 1
vn 0 0 1
vn 0 0 1
vn 0 0 1
vn 0 0 1
vn 0 0 1
vn 0 0 1
vn 0 0 1
vn 0 0 1
vn 0 0 1
vn 0 0 1
vn 0 0 1
vn 0 0 1
vn 0 0 1
vn 0 0 1
vn 0 0 1
vn 0 0 1
vn 0 0 1
vn 0 0 1
vn 0 0 1
vn 0 0 1
vn 0 0 1
vn 0 0 1
vn 0 0 1
vn 0 0 1
vn 0 0 1
vn 0 0 1
vn 0 0 1
vn 0 0 1
vn 0 0 1
vn 0 0 1
vn 0 0 1
vn 0 0 1
vn 0 0 1
vn 0 0 1
vn 0 0 1
vn 0 0 1
vn 0 0 1
vn 0 0 1
vn 0 0 1
vn 0 0 1
vn 0 0 1
vn 0 0 1
vn 0 0 1
vn 0 0 1
vn 0 0 1
vn 0 0 1
vn 0 0 1
vn 0 0 1
vn 0 0 1
vn 0 0 1
vn 0 0 1
vn 0 0 1
vn 0 0 1
vn 0 0 1
vn 0 0 1
vn 0 0 1
vn 0 0 1
vn 0 0 1
vn 0 0 1
vn 0 0 1
vn 0 0 1
vn 0 0 1
vn 0 0 1
vn 0 0 1
vn 0 0 1
vn 0 0 1
vn 0 0 1
vn 0 0 1
vn 0 0 1
vn 0 0 1
vn 0 0 1
vn 0 0 1
vn 0 0 1
vn 0 0 1
vn 0 0 1
vn 0 0 1
vn 0 0 1
vn 0 0 1
vn 0 0 1
vn 0 0 1
vn 0 0 1
vn 0 0 1
vn 0 0 1
vn 0 0 1
vn 0 0 1
vn 0 0 1
vn 0 0 1
vn 0 0 1
vn 0 0 1
vn 0 0 1
vn 0 0 1
vn 0 0 1
vn 0 0 1
vn 0 0 1
vn 0 0 1
vn 0 0 1
vn 0 0 1
vn 0 0 1
vn 0 0 1
vn 0 0 1
vn 0 0 1
vn 0 0 1
vn 0 0 1
vn 0 0 1
vn 0 0 1
vn 0 0 1
vn 0 0 1
vn 0 0 1
vn 0 0 1
vn 0 0 1
vn 0 0 1
vn 0 0 1
vn 0 0 1
vn 0 0 1
vn 0 0 1
vn 0 0 1
vn 0 0 1
vn 0 0 1
vn 0 0 1
vn 0 0 1
vn 0 0 1
vn 0 0 1
vn 0 0 1
vn 0 0 1
vn 0 0 1
vn 0 0 1
vn 0 0 1
vn 0 0 1
vn 0 0 1
vn 0 0 1
vn 0 0 1
vn 0 0 1
vn 0 0 1
vn 0 0 1
vn 0 0 1
vn 0 0 1
vn 0 0 1
vn 0 0 1
vn 0 0 1
vn 0 0 1
vn 0 0 1
vn 0 0 1
vn 0 0 1
vn 0 0 1
vn 0 0 1
vn 0 0 1
vn 0 0 1
vn 0 0 1
vn 0 0 1
vn 0 0 1
vn 0 0 1
vn 0 0 1
vn 0 0 1
vn 0 0 1
vn 0 0 1
vn 0 0 1
vn 0 0 1
vn 0 0 1
vn 0 0 1
vn 0 0 1
vn 0 0 1
vn 0 0 1
vn 0 0 1
vn 0 0 1
vn 0 0 1
vn 0 0 1
vn 0 0 1
vn 0 0 1
vn 0 0 1
vn 0 0 1
vn 0 0 1
vn 0 0 1
vn 0 0 1
vn 0 0 1
vn 0 0 1
vn 0 0 1
vn 0 0 1
vn 0 0 1
vn 0 0 1
vn 0 0 1
vn 0 0 1
vn 0 0 1
vn 0 0 1
vn 0 0 1
vn 0 0 1
vn 0 0 1
vn 0 0 1
vn 0 0 1
vn 0 0 1
vn 0 0 1
vn 0 0 1
vn 0 0 1
vn 0 0 1
vn 0 0 1
vn 0 0 1
vn 0 0 1
vn 0 0 1
vn 0 0 1
vn 0 0 1
vn 0 0 1
vn 0 0 1
vn 0 0 1
vn 0 0 1
vn 0 0 1
vn 0 0 1
vn 0 0 1
vn 0 0 1
vn 0 0 1
vn 0 0 1
vn 0 0 1
vn 0 0 1
vn 0 0 1
vn 0 0 1
vn 0 0 1
vn 0 0 1
vn 0 0 1
vn 0 0 1
vn 0 0 1
vn 0 0 1
vn 0 0 1
vn 0 0 1
vn 0 0 1
vn 0 0 1
vn 0 0 1
vn 0 0 1
vn 0 0 1
vn 0 0 1
vn 0 0 1
vn 0 0 1
vn 0 0 1
vn 0 0 1
vn 0 0 1
vn 0 0 1
vn 0 0 1
vn 0 0 1
vn 0 0 1
vn 0 0 1
vn 0 0 1
vn 0 0 1
vn 0 0 1
vn 0 0 1
vn 0 0 1
vn 0 0 1
vn 0 0 1
vn 0 0 1
vn 0 0 1
vn 0 0 1
vn 0 0 1
vn 0 0 1
vn 0 0 1
vn 0 0 1
vn 0 0 1
vn 0 0 1
vn 0 0 1
vn 0 0 1
vn 0 0 1
vn 0 0 1
vn 0 0 1
vn 0 0 1
vn 0 0 1
vn 0 0 1
vn 0 0 1
vn 0 0 1
vn 0 0 1
vn 0 0 1
vn 0 0 1
vn 0 0 1
vn 0 0 1
vn 0 0 1
vn 0 0 1
vn 0 0 1
vn 0 0 1
vn 0 0 1
vn 0 0 1
vn 0 0 1
vn 0 0 1
vn 0 0 1
vn 0 0 1
vn 0 0 1
vn 0 0 1
vn 0 0 1
vn 0 0 1
vn 0 0 1
vn 0 0 1
vn 0 0 1
vn 0 0 1
vn 0 0 1
vn 0 0 1
vn 0 0 1
vn 0 0 1
vn 0 0 1
vn 0 0 1
vn 0 0 1
vn 0 0 1
vn 0 0 1
vn 0 0 1
vn 0 0 1
vn 0 0 1
vn 0 0 1
vn 0 0 1
vn 0 0 1
vn 0 0 1
vn 0 0 1
vn 0 0 1
vn 0 0 1
vn 0 0 1
vn 0 0 1
vn 0 0 1
vn 0 0 1
vn 0 0 1
vn 0 0 1
vn 0 0 1
vn 0 0 1
vn 0 0 1
vn 0 0 1
vn 0 0 1
vn 0 0 1
vn 0 0 1
vn 0 0 1
vn 0 0 1
vn 0 0 1
vn 0 0 1
vn 0 0 1
vn 0 0 1
vn 0 0 1
vn 0 0 1
vn 0 0 1
vn 0 0 1
vn 0 0 1
vn 0 0 1
vn 0 0 1
vn 0 0 1
vn 0 0 1
vn 0 0 1
vn 0 0 1
vn 0 0 1
vn 0 0 1
vn 0 0 1
vn 0 0 1
vn 0 0 1
vn 0 0 1
vn 0 0 1
vn 0 0 1
vn 0 0 1
vn 0 0 1
vn 0 0 1
vn 0 0 1
vn 0 0 1
vn 0 0 1
vn 0 0 1
vn 0 0 1
vn 0 0 1
vn 0 0 1
vn 0 0 1
vn 0 0 1
vn 0 0 1
vn 0 0 1
vn 0 0 1
vn 0 0 1
vn 0 0 1
vn 0 0 1
vn 0 0 1
vn 0 0 1
vn 0 0 1
vn 0 0 1
vn 0 0 1
vn 0 0 1
vn 0 0 1
vn 0 0 1
vn 0 0 1
vn 0 0 1
vn 0 0 1
vn 0 0 1
vn 0 0 1
vn 0 0 1
vn 0 0 1
vn 0 0 1
vn 0 0 1
vn 0 0 1
vn 0 0 1
vn 0 0 1
vn 0 0 1
vn 0 0 1
vn 0 0 1
vn 0 0 1
vn 0 0 1
vn 0 0 1
vn 0 0 1
vn 0 0 1
vn 0 0 1
vn 0 0 1
vn 0 0 1
vn 0 0 1
vn 0 0 1
vn 0 0 1
vn 0 0 1
vn 0 0 1
vn 0 0 1
vn 0 0 1
vn 0 0 1
vn 0 0 1
vn 0 0 1
vn 0 0 1
vn 0 0 1
vn 0 0 1
vn 0 0 1
vn 0 0 1
vn 0 0 1
vn 0 0 1
vn 0 0 1
vn 0 0 1
vn 0 0 1
vn 0 0 1
vn 0 0 1
vn 0 0 1
vn 0 0 1
vn 0 0 1
vn 0 0 1
vn 0 0 1
vn 0 0 1
vn 0 0 1
vn 0 0 1
vn 0 0 1
vn 0 0 1
vn 0 0 1
vn 0 0 1
vn 0 0 1
vn 0 0 1
vn 0 0 1
vn 0 0 1
vn 0 0 1
vn 0 0 1
vn 0 0 1
vn 0 0 1
vn 0 0 1
vn 0 0 1
vn 0 0 1
vn 0 0 1
vn 0 0 1
vn 0 0 1
vn 0 0 1
vn 0 0 1
vn 0 0 1
vn 0 0 1
vn 0 0 1
vn 0 0 1
vn 0 0 1
vn 0 0 1
vn 0 0 1
vn 0 0 1
vn 0 0 1
vn 0 0 1
vn 0 0 1
vn 0 0 1
vn 0 0 1
vn 0 0 1
vn 0 0 1
vn 0 0 1
vn 0 0 1
vn 0 0 1
vn 0 0 1
vn 0 0 1
vn 0 0 1
vn 0 0 1
vn 0 0 1
vn 0 0 1
vn 0 0 1
vn 0 0 1
vn 0 0 1
vn 0 0 1
vn 0 0 1
vn 0 0 1
vn 0 0 1
vn 0 0 1
vn 0 0 1
vn 0 0 1
vn 0 0 1
vn 0 0 1
vn 0 0 1
vn 0 0 1
vn 0 0 1
vn 0 0 1
vn 0 0 1
vn 0 0 1
vn 0 0 1
vn 0 0 1
vn 0 0 1
vn 0 0 1
vn 0 0 1
vn 0 0 1
vn 0 0 1
vn 0 0 1
vn 0 0 1
vn 0 0 1
vn 0 0 1
vn 0 0 1
vn 0 0 1
vn 0 0 1
vn 0 0 1
vn 0 0 1
vn 0 0 1
vn 0 0 1
vn 0 0 1
vn 0 0 1
vn 0 0 1
vn 0 0 1
vn 0 0 1
vn 0 0 1
vn 0 0 1
vn 0 0 1
vn 0 0 1
vn 0 0 1
vn 0 0 1
vn 0 0 1
vn 0 0 1
vn 0 0 1
vn 0 0 1
vn 0 0 1
vn 0 0 1
vn 0 0 1
vn 0 0 1
vn 0 0 1
vn 0 0 1
vn 0 0 1
vn 0 0 1
vn 0 0 1
vn 0 0 1
vn 0 0 1
vn 0 0 1
vn 0 0 1
vn 0 0 1
vn 0 0 1
vn 0 0 1
vn 0 0 1
vn 0 0 1
vn 0 0 1
vn 0 0 1
vn 0 0 1
vn 0 0 1
vn 0 0 1
vn 0 0 1
vn 0 0 1
vn 0 0 1
vn 0 0 1
vn 0 0 1
vn 0 0 1
vn 0 0 1
vn 0 0 1
vn 0 0 1
vn 0 0 1
vn 0 0 1
vn 0 0 1
vn 0 0 1
vn 0 0 1
vn 0 0 1
vn 0 0 1
vn 0 0 1
vn 0 0 1
vn 0 0 1
vn 0 0 1
vn 0 0 1
vn 0 0 1
vn 0 0 1
vn 0 0 1
vn 0 0 1
vn 0 0 1
vn 0 0 1
vn 0 0 1
vn 0 0 1
vn 0 0 1
vn 0 0 1
vn 0 0 1
vn 0 0 1
vn 0 0 1
vn 0 0 1
vn 0 0 1
vn 0 0 1
vn 0 0 1
vn 0 0 1
vn 0 0 1
vn 0 0 1
vn 0 0 1
vn 0 0 1
vn 0 0 1
vn 0 0 1
vn 0 0 1
vn 0 0 1
vn 0 0 1
vn 0 0 1
vn 0 0 1
vn 0 0 1
vn 0 0 1
vn 0 0 1
vn 0 0 1
vn 0 0 1
vn 0 0 1
vn 0 0 1
vn 0 0 1
vn 0 0 1
vn 0 0 1
vn 0 0 1
vn 0 0 1
vn 0 0 1
vn 0 0 1
vn 0 0 1
vn 0 0 1
vn 0 0 1
vn 0 0 1
vn 0 0 1
vn 0 0 1
vn 0 0 1
vn 0 0 1
vn 0 0 1
vn 0 0 1
vn 0 0 1
vn 0 0 1
vn 0 0 1
vn 0 0 1
vn 0 0 1
vn 0 0 1
vn 0 0 1
vn 0 0 1
vn 0 0 1
vn 0 0 1
vn 0 0 1
vn 0 0 1
vn 0 0 1
vn 0 0 1
vn 0 0 1
vn 0 0 1
vn 0 0 1
vn 0 0 1
vn 0 0 1
vn 0 0 1
vn 0 0 1
vn 0 0 1
vn 0 0 1
vn 0 0 1
vn 0 0 1
vn 0 0 1
vn 0 0 1
vn 0 0 1
vn 0 0 1
vn 0 0 1
vn 0 0 1
vn 0 0 1
vn 0 0 1
vn 0 0 1
vn 0 0 1
vn 0 0 1
vn 0 0 1
vn 0 0 1
vn 0 0 1
vn 0 0 1
vn 0 0 1
vn 0 0 1
vn 0 0 1
vn 0 0 1
vn 0 0 1
vn 0 0 1
vn 0 0 1
vn 0 0 1
vn 0 0 1
vn 0 0 1
vn 0 0 1
vn 0 0 1
vn 0 0 1
vn 0 0 1
vn 0 0 1
vn 0 0 1
vn 0 0 1
vn 0 0 1
vn 0 0 1
vn 0 0 1
vn 0 0 1
vn 0 0 1
vn 0 0 1
vn 0 0 1
vn 0 0 1
vn 0 0 1
vn 0 0 1
vn 0 0 1
vn 0 0 1
vn 0 0 1
vn 0 0 1
vn 0 0 1
vn 0 0 1
vn 0 0 1
vn 0 0 1
vn 0 0 1
vn 0 0 1
vn 0 0 1
vn 0 0 1
vn 0 0 1
vn 0 0 1
vn 0 0 1
vn 0 0 1
vn 0 0 1
vn 0 0 1
vn 0 0 1
vn 0 0 1
vn 0 0 1
vn 0 0 1
vn 0 0 1
vn 0 0 1
vn 0 0 1
vn 0 0 1
vn 0 0 1
vn 0 0 1
vn 0 0 1
vn 0 0 1
vn 0 0 1
vn 0 0 1
vn 0 0 1
vn 0 0 1
vn 0 0 1
vn 0 0 1
vn 0 0 1
vn 0 0 1
vn 0 0 1
vn 0 0 1
vn 0 0 1
vn 0 0 1
vn 0 0 1
vn 0 0 1
vn 0 0 1
vn 0 0 1
vn 0 0 1
vn 0 0 1
vn 0 0 1
vn 0 0 1
vn 0 0 1
vn 0 0 1
vn 0 0 1
vn 0 0 1
vn 0 0 1
vn 0 0 1
vn 0 0 1
vn 0 0 1
vn 0 0 1
vn 0 0 1
vn 0 0 1
vn 0 0 1
vn 0 0 1
vn 0 0 1
vn 0 0 1
vn 0 0 1
vn 0 0 1
vn 0 0 1
vn 0 0 1
vn 0 0 1
vn 0 0 1
vn 0 0 1
vn 0 0 1
vn 0 0 1
vn 0 0 1
vn 0 0 1
vn 0 0 1
vn 0 0 1
vn 0 0 1
vn 0 0 1
vn 0 0 1
vn 0 0 1
vn 0 0 1
vn 0 0 1
vn 0 0 1
vn 0 0 1
vn 0 0 1
vn 0 0 1
vn 0 0 1
vn 0 0 1
vn 0 0 1
vn 0 0 1
vn 0 0 1
vn 0 0 1
vn 0 0 1
vn 0 0 1
vn 0 0 1
vn 0 0 1
vn 0 0 1
vn 0 0 1
vn 0 0 1
vn 0 0 1
vn 0 0 1
vn 0 0 1
vn 0 0 1
vn 0 0 1
vn 0 0 1
vn 0 0 1
vn 0 0 1
vn 0 0 1
vn 0 0 1
vn 0 0 1
vn 0 0 1
vn 0 0 1
vn 0 0 1
vn 0 0 1
vn 0 0 1
vn 0 0 1
vn 0 0 1
vn 0 0 1
vn 0 0 1
vn 0 0 1
vn 0 0 1
vn 0 0 1
vn 0 0 1
vn 0 0 1
vn 0 0 1
vn 0 0 1
vn 0 0 1
vn 0 0 1
vn 0 0 1
vn 0 0 1
vn 0 0 1
vn 0 0 1
vn 0 0 1
vn 0 0 1
vn 0 0 1
vn 0 0 1
vn 0 0 1
vn 0 0 1
vn 0 0 1
vn 0 0 1
vn 0 0 1
vn 0 0 1
vn 0 0 1
vn 0 0 1
vn 0 0 1
vn 0 0 1
vn 0 0 1
vn 0 0 1
vn 0 0 1
vn 0 0 1
vn 0 0 1
vn 0 0 1
vn 0 0 1
vn 0 0 1
vn 0 0 1
vn 0 0 1
vn 0 0 1
vn 0 0 1
vn 0 0 1
vn 0 0 1
vn 0 0 1
vn 0 0 1
vn 0 0 1
vn 0 0 1
vn 0 0 1
vn 0 0 1
vn 0 0 1
vn 0 0 1
vn 0 0 1
vn 0 0 1
vn 0 0 1
vn 0 0 1
vn 0 0 1
vn 0 0 1
vn 0 0 1
vn 0 0 1
vn 0 0 1
vn 0 0 1
vn 0 0 1
vn 0 0 1
vn 0 0 1
vn 0 0 1
vn 0 0 1
vn 0 0 1
vn 0 0 1
vn 0 0 1
vn 0 0 1
vn 0 0 1
vn 0 0 1
vn 0 0 1
vn 0 0 1
vn 0 0 1
vn 0 0 1
vn 0 0 1
vn 0 0 1
vn 0 0 1
vn 0 0 1
vn 0 0 1
vn 0 0 1
vn 0 0 1
vn 0 0 1
vn 0 0 1
vn 0 0 1
vn 0 0 1
vn 0 0 1
vn 0 0 1
vn 0 0 1
vn 0 0 1
vn 0 0 1
vn 0 0 1
vn 0 0 1
vn 0 0 1
vn 0 0 1
vn 0 0 1
vn 0 0 1
vn 0 0 1
vn 0 0 1
vn 0 0 1
vn 0 0 1
vn 0 0 1
vn 0 0 1
vn 0 0 1
vn 0 0 1
vn 0 0 1
vn 0 0 1
vn 0 0 1
vn 0 0 1
vn 0 0 1
vn 0 0 1
vn 0 0 1
vn 0 0 1
vn 0 0 1
vn 0 0 1
vn 0 0 1
vn 0 0 1
vn 0 0 1
vn 0 0 1
vn 0 0 1
vn 0 0 1
vn 0 0 1
vn 0 0 1
vn 0 0 1
vn 0 0 1
vn 0 0 1
vn 0 0 1
vn 0 0 1
vn 0 0 1
vn 0 0 1
vn 0 0 1
vn 0 0 1
vn 0 0 1
vn 0 0 1
vn 0 0 1
vn 0 0 1
vn 0 0 1
vn 0 0 1
vn 0 0 1
vn 0 0 1
vn 0 0 1
vn 0 0 1
vn 0 0 1
vn 0 0 1
vn 0 0 1
vn 0 0 1
vn 0 0 1
vn 0 0 1
vn 0 0 1
vn 0 0 1
vn 0 0 1
vn 0 0 1
vn 0 0 1
vn 0 0 1
vn 0 0 1
vn 0 0 1
vn 0 0 1
vn 0 0 1
vn 0 0 1
vn 0 0 1
vn 0 0 1
vn 0 0 1
vn 0 0 1
vn 0 0 1
vn 0 0 1
vn 0 0 1
vn 0 0 1
vn 0 0 1
vn 0 0 1
vn 0 0 1
vn 0 0 1
vn 0 0 1
vn 0 0 1
vn 0 0 1
vn 0 0 1
vn 0 0 1
vn 0 0 1
vn 0 0 1
vn 0 0 1
vn 0 0 1
vn 0 0 1
vn 0 0 1
vn 0 0 1
vn 0 0 1
vn 0 0 1
vn 0 0 1
vn 0 0 1
vn 0 0 1
vn 0 0 1
vn 0 0 1
vn 0 0 1
vn 0 0 1
vn 0 0 1
vn 0 0 1
vn 0 0 1
vn 0 0 1
vn 0 0 1
vn 0 0 1
vn 0 0 1
vn 0 0 1
vn 0 0 1
vn 0 0 1
vn 0 0 1
vn 0 0 1
vn 0 0 1
vn 0 0 1
vn 0 0 1
vn 0 0 1
vn 0 0 1
vn 0 0 1
vn 0 0 1
vn 0 0 1
vn 0 0 1
vn 0 0 1
vn 0 0 1
vn 0 0 1
vn 0 0 1
vn 0 0 1
vn 0 0 1
vn 0 0 1
vn 0 0 1
vn 0 0 1
vn 0 0 1
vn 0 0 1
vn 0 0 1
vn 0 0 1
vn 0 0 1
vn 0 0 1
vn 0 0 1
vn 0 0 1
vn 0 0 1
vn 0 0 1
vn 0 0 1
vn 0 0 1
vn 0 0 1
vn 0 0 1
vn 0 0 1
vn 0 0 1
vn 0 0 1
vn 0 0 1
vn 0 0 1
vn 0 0 1
vn 0 0 1
vn 0 0 1
vn 0 0 1
vn 0 0 1
vn 0 0 1
vn 0 0 1
vn 0 0 1
vn 0 0 1
vn 0 0 1
vn 0 0 1
vn 0 0 1
vn 0 0 1
vn 0 0 1
vn 0 0 1
vn 0 0 1
vn 0 0 1
vn 0 0 1
vn 0 0 1
vn 0 0 1
vn 0 0 1
vn 0 0 1
vn 0 0 1
vn 0 0 1
vn 0 0 1
vn 0 0 1
vn 0 0 1
vn 0 0 1
vn 0 0 1
vn 0 0 1
vn 0 0 1
vn 0 0 1
vn 0 0 1
vn 0 0 1
vn 0 0 1
vn 0 0 1
vn 0 0 1
vn 0 0 1
vn 0 0 1
vn 0 0 1
vn 0 0 1
vn 0 0 1
vn 0 0 1
vn 0 0 1
vn 0 0 1
vn 0 0 1
vn 0 0 1
vn 0 0 1
vn 0 0 1
vn 0 0 1
vn 0 0 1
vn 0 0 1
vn 0 0 1
vn 0 0 1
vn 0 0 1
vn 0 0 1
vn 0 0 1
vn 0 0 1
vn 0 0 1
vn 0 0 1
vn 0 0 1
vn 0 0 1
vn 0 0 1
vn 0 0 1
vn 0 0 1
vn 0 0 1
vn 0 0 1
vn 0 0 1
vn 0 0 1
vn 0 0 1
vn 0 0 1
vn 0 0 1
vn 0 0 1
vn 0 0 1
vn 0 0 1
vn 0 0 1
vn 0 0 1
vn 0 0 1
vn 0 0 1
vn 0 0 1
vn 0 0 1
vn 0 0 1
vn 0 0 1
vn 0 0 1
vn 0 0 1
vn 0 0 1
vn 0 0 1
vn 0 0 1
vn 0 0 1
vn 0 0 1
vn 0 0 1
vn 0 0 1
vn 0 0 1
vn 0 0 1
vn 0 0 1
vn 0 0 1
vn 0 0 1
vn 0 0 1
vn 0 0 1
vn 0 0 1
vn 0 0 1
vn 0 0 1
vn 0 0 1
vn 0 0 1
vn 0 0 1
vn 0 0 1
vn 0 0 1
vn 0 0 1
vn 0 0 1
vn 0 0 1
vn 0 0 1
vn 0 0 1
vn 0 0 1
vn 0 0 1
vn 0 0 1
vn 0 0 1
vn 0 0 1
vn 0 0 1
vn 0 0 1
vn 0 0 1
vn 0 0 1
vn 0 0 1
vn 0 0 1
vn 0 0 1
vn 0 0 1
vn 0 0 1
vn 0 0 1
vn 0 0 1
vn 0 0 1
vn 0 0 1
vn 0 0 1
vn 0 0 1
vn 0 0 1
vn 0 0 1
vn 0 0 1
vn 0 0 1
vn 0 0 1
vn 0 0 1
vn 0 0 1
vn 0 0 1
vn 0 0 1
vn 0 0 1
vn 0 0 1
vn 0 0 1
vn 0 0 1
vn 0 0 1
vn 0 0 1
vn 0 0 1
vn 0 0 1
vn 0 0 1
vn 0 0 1
vn 0 0 1
vn 0 0 1
vn 0 0 1
vn 0 0 1
vn 0 0 1
vn 0 0 1
vn 0 0 1
vn 0 0 1
vn 0 0 1
vn 0 0 1
vn 0 0 1
vn 0 0 1
vn 0 0 1
vn 0 0 1
vn 0 0 1
vn 0 0 1
vn 0 0 1
vn 0 0 1
vn 0 0 1
vn 0 0 1
vn 0 0 1
vn 0 0 1
vn 0 0 1
vn 0 0 1
vn 0 0 1
vn 0 0 1
vn 0 0 1
vn 0 0 1
vn 0 0 1
vn 0 0 1
vn 0 0 1
vn 0 0 1
vn 0 0 1
vn 0 0 1
vn 0 0 1
vn 0 0 1
vn 0 0 1
vn 0 0 1
vn 0 0 1
vn 0 0 1
vn 0 0 1
vn 0 0 1
vn 0 0 1
vn 0 0 1
vn 0 0 1
vn 0 0 1
vn 0 0 1
vn 0 0 1
vn 0 0 1
vn 0 0 1
vn 0 0 1
vn 0 0 1
vn 0 0 1
vn 0 0 1
vn 0 0 1
vn 0 0 1
vn 0 0 1
vn 0 0 1
vn 0 0 1
vn 0 0 1
vn 0 0 1
vn 0 0 1
vn 0 0 1
vn 0 0 1
vn 0 0 1
vn 0 0 1
vn 0 0 1
vn 0 0 1
vn 0 0 1
vn 0 0 1
vn 0 0 1
vn 0 0 1
vn 0 0 1
vn 0 0 1
vn 0 0 1
vn 0 0 1
vn 0 0 1
vn 0 0 1
vn 0 0 1
vn 0 0 1
vn 0 0 1
vn 0 0 1
vn 0 0 1
vn 0 0 1
vn 0 0 1
vn 0 0 1
vn 0 0 1
vn 0 0 1
vn 0 0 1
vn 0 0 1
vn 0 0 1
vn 0 0 1
vn 0 0 1
vn 0 0 1
vn 0 0 1
vn 0 0 1
vn 0 0 1
vn 0 0 1
vn 0 0 1
vn 0 0 1
vn 0 0 1
vn 0 0 1
vn 0 0 1
vn 0 0 1
vn 0 0 1
vn 0 0 1
vn 0 0 1
vn 0 0 1
vn 0 0 1
vn 0 0 1
vn 0 0 1
vn 0 0 1
vn 0 0 1
vn 0 0 1
vn 0 0 1
vn 0 0 1
vn 0 0 1
vn 0 0 1
vn 0 0 1
vn 0 0 1
vn 0 0 1
vn 0 0 1
vn 0 0 1
vn 0 0 1
vn 0 0 1
vn 0 0 1
vn 0 0 1
vn 0 0 1
vn 0 0 1
vn 0 0 1
vn 0 0 1
vn 0 0 1
vn 0 0 1
vn 0 0 1
vn 0 0 1
vn 0 0 1
vn 0 0 1
vn 0 0 1
vn 0 0 1
vn 0 0 1
vn 0 0 1
vn 0 0 1
vn 0 0 1
vn 0 0 1
vn 0 0 1
vn 0 0 1
vn 0 0 1
vn 0 0 1
vn 0 0 1
vn 0 0 1
vn 0 0 1
vn 0 0 1
vn 0 0 1
vn 0 0 1
vn 0 0 1
vn 0 0 1
vn 0 0 1
vn 0 0 1
vn 0 0 1
vn 0 0 1
vn 0 0 1
vn 0 0 1
vn 0 0 1
vn 0 0 1
vn 0 0 1
vn 0 0 1
vn 0 0 1
vn 0 0 1
vn 0 0 1
vn 0 0 1
vn 0 0 1
vn 0 0 1
vn 0 0 1
vn 0 0 1
vn 0 0 1
vn 0 0 1
vn 0 0 1
vn 0 0 1
vn 0 0 1
vn 0 0 1
vn 0 0 1
vn 0 0 1
vn 0 0 1
vn 0 0 1
vn 0 0 1
vn 0 0 1
vn 0 0 1
vn 0 0 1
vn 0 0 1
vn 0 0 1
vn 0 0 1
vn 0 0 1
vn 0 0 1
vn 0 0 1
vn 0 0 1
vn 0 0 1
vn 0 0 1
vn 0 0 1
vn 0 0 1
vn 0 0 1
vn 0 0 1
vn 0 0 1
vn 0 0 1
vn 0 0 1
vn 0 0 1
vn 0 0 1
vn 0 0 1
vn 0 0 1
vn 0 0 1
vn 0 0 1
vn 0 0 1
vn 0 0 1
vn 0 0 1
vn 0 0 1
vn 0 0 1
vn 0 0 1
vn 0 0 1
vn 0 0 1
vn 0 0 1
vn 0 0 1
vn 0 0 1
vn 0 0 1
vn 0 0 1
vn 0 0 1
vn 0 0 1
vn 0 0 1
vn 0 0 1
vn 0 0 1
vn 0 0 1
vn 0 0 1
vn 0 0 1
vn 0 0 1
vn 0 0 1
vn 0 0 1
vn 0 0 1
vn 0 0 1
vn 0 0 1
vn 0 0 1
vn 0 0 1
vn 0 0 1
vn 0 0 1
vn 0 0 1
vn 0 0 1
vn 0 0 1
vn 0 0 1
vn 0 0 1
vn 0 0 1
vn 0 0 1
vn 0 0 1
vn 0 0 1
vn 0 0 1
vn 0 0 1
vn 0 0 1
vn 0 0 1
vn 0 0 1
vn 0 0 1
vn 0 0 1
vn 0 0 1
vn 0 0 1
vn 0 0 1
vn 0 0 1
vn 0 0 1
vn 0 0 1
vn 0 0 1
vn 0 0 1
vn 0 0 1
vn 0 0 1
vn 0 0 1
vn 0 0 1
vn 0 0 1
vn 0 0 1
vn 0 0 1
vn 0 0 1
vn 0 0 1
vn 0 0 1
vn 0 0 1
vn 0 0 1
vn 0 0 1
vn 0 0 1
vn 0 0 1
vn 0 0 1
vn 0 0 1
vn 0 0 1
vn 0 0 1
vn 0 0 1
vn 0 0 1
vn 0 0 1
vn 0 0 1
vn 0 0 1
vn 0 0 1
vn 0 0 1
vn 0 0 1
vn 0 0 1
vn 0 0 1
vn 0 0 1
vn 0 0 1
vn 0 0 1
vn 0 0 1
vn 0 0 1
vn 0 0 1
vn 0 0 1
vn 0 0 1
vn 0 0 1
vn 0 0 1
vn 0 0 1
vn 0 0 1
vn 0 0 1
vn 0 0 1
vn 0 0 1
vn 0 0 1
vn 0 0 1
vn 0 0 1
vn 0 0 1
vn 0 0 1
vn 0 0 1
vn 0 0 1
vn 0 0 1
vn 0 0 1
vn 0 0 1
vn 0 0 1
vn 0 0 1
vn 0 0 1
vn 0 0 1
vn 0 0 1
vn 0 0 1
vn 0 0 1
vn 0 0 1
vn 0 0 1
vn 0 0 1
vn 0 0 1
vn 0 0 1
vn 0 0 1
vn 0 0 1
vn 0 0 1
vn 0 0 1
vn 0 0 1
vn 0 0 1
vn 0 0 1
vn 0 0 1
vn 0 0 1
vn 0 0 1
vn 0 0 1
vn 0 0 1
vn 0 0 1
vn 0 0 1
vn 0 0 1
vn 0 0 1
vn 0 0 1
vn 0 0 1
vn 0 0 1
vn 0 0 1
vn 0 0 1
vn 0 0 1
vn 0 0 1
vn 0 0 1
vn 0 0 1
vn 0 0 1
vn 0 0 1
vn 0 0 1
vn 0 0 1
vn 0 0 1
vn 0 0 1
vn 0 0 1
vn 0 0 1
vn 0 0 1
vn 0 0 1
vn 0 0 1
vn 0 0 1
vn 0 0 1
vn 0 0 1
vn 0 0 1
vn 0 0 1
vn 0 0 1
vn 0 0 1
vn 0 0 1
vn 0 0 1
vn 0 0 1
vn 0 0 1
vn 0 0 1
vn 0 0 1
vn 0 0 1
vn 0 0 1
vn 0 0 1
vn 0 0 1
vn 0 0 1
vn 0 0 1
vn 0 0 1
vn 0 0 1
vn 0 0 1
vn 0 0 1
vn 0 0 1
vn 0 0 1
vn 0 0 1
vn 0 0 1
vn 0 0 1
vn 0 0 1
vn 0 0 1
vn 0 0 1
vn 0 0 1
vn 0 0 1
vn 0 0 1
vn 0 0 1
vn 0 0 1
vn 0 0 1
vn 0 0 1
vn 0 0 1
vn 0 0 1
vn 0 0 1
vn 0 0 1
vn 0 0 1
vn 0 0 1
vn 0 0 1
vn 0 0 1
vn 0 0 1
vn 0 0 1
vn 0 0 1
vn 0 0 1
vn 0 0 1
vn 0 0 1
vn 0 0 1
vn 0 0 1
vn 0 0 1
vn 0 0 1
vn 0 0 1
vn 0 0 1
vn 0 0 1
vn 0 0 1
vn 0 0 1
vn 0 0 1
vn 0 0 1
vn 0 0 1
vn 0 0 1
vn 0 0 1
vn 0 0 1
vn 0 0 1
vn 0 0 1
vn 0 0 1
vn 0 0 1
vn 0 0 1
vn 0 0 1
vn 0 0 1
vn 0 0 1
vn 0 0 1
vn 0 0 1
vn 0 0 1
vn 0 0 1
vn 0 0 1
vn 0 0 1
vn 0 0 1
vn 0 0 1
vn 0 0 1
vn 0 0 1
vn 0 0 1
vn 0 0 1
vn 0 0 1
vn 0 0 1
vn 0 0 1
vn 0 0 1
vn 0 0 1
vn 0 0 1
vn 0 0 1
vn 0 0 1
vn 0 0 1
vn 0 0 1
vn 0 0 1
vn 0 0 1
vn 0 0 1
vn 0 0 1
vn 0 0 1
vn 0 0 1
vn 0 0 1
vn 0 0 1
vn 0 0 1
vn 0 0 1
vn 0 0 1
vn 0 0 1
vn 0 0 1
vn 0 0 1
vn 0 0 1
vn 0 0 1
vn 0 0 1
vn 0 0 1
vn 0 0 1
vn 0 0 1
vn 0 0 1
vn 0 0 1
vn 0 0 1
vn 0 0 1
vn 0 0 1
vn 0 0 1
vn 0 0 1
vn 0 0 1
vn 0 0 1
vn 0 0 1
vn 0 0 1
vn 0 0 1
vn 0 0 1
vn 0 0 1
vn 0 0 1
vn 0 0 1
vn 0 0 1
vn 0 0 1
vn 0 0 1
vn 0 0 1
vn 0 0 1
vn 0 0 1
vn 0 0 1
vn 0 0 1
vn 0 0 1
vn 0 0 1
vn 0 0 1
vn 0 0 1
vn 0 0 1
vn 0 0 1
vn 0 0 1
vn 0 0 1
vn 0 0 1
vn 0 0 1
vn 0 0 1
vn 0 0 1
vn 0 0 1
vn 0 0 1
vn 0 0 1
vn 0 0 1
vn 0 0 1
vn 0 0 1
vn 0 0 1
vn 0 0 1
vn 0 0 1
vn 0 0 1
vn 0 0 1
vn 0 0 1
vn 0 0 1
vn 0 0 1
vn 0 0 1
vn 0 0 1
vn 0 0 1
vn 0 0 1
vn 0 0 1
vn 0 0 1
vn 0 0 1
vn 0 0 1
vn 0 0 1
vn 0 0 1
vn 0 0 1
vn 0 0 1
vn 0 0 1
vn 0 0 1
vn 0 0 1
vn 0 0 1
vn 0 0 1
vn 0 0 1
vn 0 0 1
vn 0 0 1
vn 0 0 1
vn 0 0 1
vn 0 0 1
vn 0 0 1
vn 0 0 1
vn 0 0 1
vn 0 0 1
vn 0 0 1
vn 0 0 1
vn 0 0 1
vn 0 0 1
vn 0 0 1
vn 0 0 1
vn 0 0 1
vn 0 0 1
vn 0 0 1
vn 0 0 1
vn 0 0 1
vn 0 0 1
vn 0 0 1
vn 0 0 1
vn 0 0 1
vn 0 0 1
vn 0 0 1
vn 0 0 1
vn 0 0 1
vn 0 0 1
vn 0 0 1
vn 0 0 1
vn 0 0 1
vn 0 0 1
vn 0 0 1
vn 0 0 1
vn 0 0 1
vn 0 0 1
vn 0 0 1
vn 0 0 1
vn 0 0 1
vn 0 0 1
vn 0 0 1
vn 0 0 1
vn 0 0 1
vn 0 0 1
vn 0 0 1
vn 0 0 1
vn 0 0 1
vn 0 0 1
vn 0 0 1
vn 0 0 1
vn 0 0 1
vn 0 0 1
vn 0 0 1
vn 0 0 1
vn 0 0 1
vn 0 0 1
vn 0 0 1
vn 0 0 1
vn 0 0 1
vn 0 0 1
vn 0 0 1
vn 0 0 1
vn 0 0 1
vn 0 0 1
vn 0 0 1
vn 0 0 1
vn 0 0 1
vn 0 0 1
vn 0 0 1
vn 0 0 1
vn 0 0 1
vn 0 0 1
vn 0 0 1
vn 0 0 1
vn 0 0 1
vn 0 0 1
vn 0 0 1
vn 0 0 1
vn 0 0 1
vn 0 0 1
vn 0 0 1
vn 0 0 1
vn 0 0 1
vn 0 0 1
vn 0 0 1
vn 0 0 1
vn 0 0 1
vn 0 0 1
vn 0 0 1
vn 0 0 1
vn 0 0 1
vn 0 0 1
vn 0 0 1
vn 0 0 1
vn 0 0 1
vn 0 0 1
vn 0 0 1
vn 0 0 1
vn 0 0 1
vn 0 0 1
vn 0 0 1
vn 0 0 1
vn 0 0 1
vn 0 0 1
vn 0 0 1
vn 0 0 1
vn 0 0 1
vn 0 0 1
vn 0 0 1
vn 0 0 1
vn 0 0 1
vn 0 0 1
vn 0 0 1
vn 0 0 1
vn 0 0 1
vn 0 0 1
vn 0 0 1
vn 0 0 1
vn 0 0 1
vn 0 0 1
vn 0 0 1
vn 0 0 1
vn 0 0 1
vn 0 0 1
vn 0 0 1
vn 0 0 1
vn 0 0 1
vn 0 0 1
vn 0 0 1
vn 0 0 1
vn 0 0 1
vn 0 0 1
vn 0 0 1
vn 0 0 1
vn 0 0 1
vn 0 0 1
vn 0 0 1
vn 0 0 1
vn 0 0 1
vn 0 0 1
vn 0 0 1
vn 0 0 1
vn 0 0 1
vn 0 0 1
vn 0 0 1
vn 0 0 1
vn 0 0 1
vn 0 0 1
vn 0 0 1
vn 0 0 1
vn 0 0 1
vn 0 0 1
vn 0 0 1
vn 0 0 1
vn 0 0 1
vn 0 0 1
vn 0 0 1
vn 0 0 1
vn 0 0 1
vn 0 0 1
vn 0 0 1
vn 0 0 1
vn 0 0 1
vn 0 0 1
vn 0 0 1
vn 0 0 1
vn 0 0 1
vn 0 0 1
vn 0 0 1
vn 0 0 1
vn 0 0 1
vn 0 0 1
vn 0 0 1
vn 0 0 1
vn 0 0 1
vn 0 0 1
vn 0 0 1
vn 0 0 1
vn 0 0 1
vn 0 0 1
vn 0 0 1
vn 0 0 1
vn 0 0 1
vn 0 0 1
vn 0 0 1
vn 0 0 1
vn 0 0 1
vn 0 0 1
vn 0 0 1
vn 0 0 1
vn 0 0 1
vn 0 0 1
vn 0 0 1
vn 0 0 1
vn 0 0 1
vn 0 0 1
vn 0 0 1
vn 0 0 1
vn 0 0 1
vn 0 0 1
vn 0 0 1
vn 0 0 1
vn 0 0 1
vn 0 0 1
vn 0 0 1
vn 0 0 1
vn 0 0 1
vn 0 0 1
vn 0 0 1
vn 0 0 1
vn 0 0 1
vn 0 0 1
vn 0 0 1
vn 0 0 1
vn 0 0 1
vn 0 0 1
vn 0 0 1
vn 0 0 1
vn 0 0 1
vn 0 0 1
vn 0 0 1
vn 0 0 1
vn 0 0 1
vn 0 0 1
vn 0 0 1
vn 0 0 1
vn 0 0 1
vn 0 0 1
vn 0 0 1
vn 0 0 1
vn 0 0 1
vn 0 0 1
vn 0 0 1
vn 0 0 1
vn 0 0 1
vn 0 0 1
vn 0 0 1
vn 0 0 1
vn 0 0 1
vn 0 0 1
vn 0 0 1
vn 0 0 1
vn 0 0 1
vn 0 0 1
vn 0 0 1
vn 0 0 1
vn 0 0 1
vn 0 0 1
vn 0 0 1
vn 0 0 1
vn 0 0 1
vn 0 0 1
vn 0 0 1
vn 0 0 1
vn 0 0 1
vn 0 0 1
vn 0 0 1
vn 0 0 1
vn 0 0 1
vn 0 0 1
vn 0 0 1
vn 0 0 1
vn 0 0 1
vn 0 0 1
vn 0 0 1
vn 0 0 1
vn 0 0 1
vn 0 0 1
vn 0 0 1
vn 0 0 1
vn 0 0 1
vn 0 0 1
vn 0 0 1
vn 0 0 1
vn 0 0 1
vn 0 0 1
vn 0 0 1
vn 0 0 1
vn 0 0 1
vn 0 0 1
vn 0 0 1
vn 0 0 1
vn 0 0 1
vn 0 0 1
vn 0 0 1
vn 0 0 1
vn 0 0 1
vn 0 0 1
vn 0 0 1
vn 0 0 1
vn 0 0 1
vn 0 0 1
vn 0 0 1
vn 0 0 1
vn 0 0 1
vn 0 0 1
vn 0 0 1
vn 0 0 1
vn 0 0 1
vn 0 0 1
vn 0 0 1
vn 0 0 1
vn 0 0 1
vn 0 0 1
vn 0 0 1
vn 0 0 1
vn 0 0 1
vn 0 0 1
vn 0 0 1
vn 0 0 1
vn 0 0 1
vn 0 0 1
vn 0 0 1
vn 0 0 1
vn 0 0 1
vn 0 0 1
vn 0 0 1
vn 0 0 1
vn 0 0 1
vn 0 0 1
vn 0 0 1
vn 0 0 1
vn 0 0 1
vn 0 0 1
vn 0 0 1
vn 0 0 1
vn 0 0 1
vn 0 0 1
vn 0 0 1
vn 0 0 1
vn 0 0 1
vn 0 0 1
vn 0 0 1
vn 0 0 1
vn 0 0 1
vn 0 0 1
vn 0 0 1
vn 0 0 1
vn 0 0 1
vn 0 0 1
vn 0 0 1
vn 0 0 1
vn 0 0 1
vn 0 0 1
vn 0 0 1
vn 0 0 1
vn 0 0 1
vn 0 0 1
vn 0 0 1
vn 0 0 1
vn 0 0 1
vn 0 0 1
vn 0 0 1
vn 0 0 1
vn 0 0 1
vn 0 0 1
vn 0 0 1
vn 0 0 1
vn 0 0 1
vn 0 0 1
vn 0 0 1
vn 0 0 1
vn 0 0 1
vn 0 0 1
vn 0 0 1
vn 0 0 1
vn 0 0 1
vn 0 0 1
vn 0 0 1
vn 0 0 1
vn 0 0 1
vn 0 0 1
vn 0 0 1
vn 0 0 1
vn 0 0 1
vn 0 0 1
vn 0 0 1
vn 0 0 1
vn 0 0 1
vn 0 0 1
vn 0 0 1
vn 0 0 1
vn 0 0 1
vn 0 0 1
vn 0 0 1
vn 0 0 1
vn 0 0 1
vn 0 0 1
vn 0 0 1
vn 0 0 1
vn 0 0 1
vn 0 0 1
vn 0 0 1
vn 0 0 1
vn 0 0 1
vn 0 0 1
vn 0 0 1
vn 0 0 1
vn 0 0 1
vn 0 0 1
vn 0 0 1
vn 0 0 1
vn 0 0 1
vn 0 0 1
vn 0 0 1
vn 0 0 1
vn 0 0 1
vn 0 0 1
vn 0 0 1
vn 0 0 1
vn 0 0 1
vn 0 0 1
vn 0 0 1
vn 0 0 1
vn 0 0 1
vn 0 0 1
vn 0 0 1
vn 0 0 1
vn 0 0 1
vn 0 0 1
vn 0 0 1
vn 0 0 1
vn 0 0 1
vn 0 0 1
vn 0 0 1
vn 0 0 1
vn 0 0 1
vn 0 0 1
vn 0 0 1
vn 0 0 1
vn 0 0 1
vn 0 0 1
vn 0 0 1
vn 0 0 1
vn 0 0 1
vn 0 0 1
vn 0 0 1
vn 0 0 1
vn 0 0 1
vn 0 0 1
vn 0 0 1
vn 0 0 1
vn 0 0 1
vn 0 0 1
vn 0 0 1
vn 0 0 1
vn 0 0 1
vn 0 0 1
vn 0 0 1
vn 0 0 1
vn 0 0 1
vn 0 0 1
vn 0 0 1
vn 0 0 1
vn 0 0 1
vn 0 0 1
vn 0 0 1
vn 0 0 1
vn 0 0 1
vn 0 0 1
vn 0 0 1
vn 0 0 1
vn 0 0 1
vn 0 0 1
vn 0 0 1
vn 0 0 1
vn 0 0 1
vn 0 0 1
vn 0 0 1
vn 0 0 1
vn 0 0 1
vn 0 0 1
vn 0 0 1
vn 0 0 1
vn 0 0 1
vn 0 0 1
vn 0 0 1
vn 0 0 1
vn 0 0 1
vn 0 0 1
vn 0 0 1
vn 0 0 1
vn 0 0 1
vn 0 0 1
vn 0 0 1
vn 0 0 1
vn 0 0 1
vn 0 0 1
vn 0 0 1
vn 0 0 1
vn 0 0 1
vn 0 0 1
vn 0 0 1
vn 0 0 1
vn 0 0 1
vn 0 0 1
vn 0 0 1
vn 0 0 1
vn 0 0 1
vn 0 0 1
vn 0 0 1
vn 0 0 1
vn 0 0 1
vn 0 0 1
vn 0 0 1
vn 0 0 1
vn 0 0 1
vn 0 0 1
vn 0 0 1
vn 0 0 1
vn 0 0 1
vn 0 0 1
vn 0 0 1
vn 0 0 1
vn 0 0 1
vn 0 0 1
vn 0 0 1
vn 0 0 1
vn 0 0 1
vn 0 0 1
vn 0 0 1
vn 0 0 1
vn 0 0 1
vn 0 0 1
vn 0 0 1
vn 0 0 1
vn 0 0 1
vn 0 0 1
vn 0 0 1
vn 0 0 1
vn 0 0 1
vn 0 0 1
vn 0 0 1
vn 0 0 1
vn 0 0 1
vn 0 0 1
vn 0 0 1
vn 0 0 1
vn 0 0 1
vn 0 0 1
vn 0 0 1
vn 0 0 1
vn 0 0 1
vn 0 0 1
vn 0 0 1
vn 0 0 1
vn 0 0 1
vn 0 0 1
vn 0 0 1
vn 0 0 1
vn 0 0 1
vn 0 0 1
vn 0 0 1
vn 0 0 1
vn 0 0 1
vn 0 0 1
f 1//1 2//2 3//3 4//4
f 5//5 6//6 7//7 8//8
f 9//9 10//10 11//11 12//12
f 13//13 14//14 15//15 16//16
f 17//17 18//18 19//19 20//20
f 21//21 22//22 23//23 24//24
f 25//25 26//26 27//27 28//28
f 29//29 30//30 31//31 32//32
f 33//33 34//34 35//35 36//36
f 37//37 38//38 39//39 40//40
f 41//41 42//42 43//43 44//44
f 45//45 46//46 47//47 48//48
f 49//49 50//50 51//51 52//52
f 53//53 54//54 55//55 56//56
f 57//57 58//58 59//59 60//60
f 61//61 62//62 63//63 64//64
f 65//65 66//66 67//67 68//68
f 69//69 70//70 71//71 72//72
f 73//73 74//74 75//75 76//76
f 77//77 78//78 79//79 80//80
f 81//81 82//82 83//83 84//84
f 85//85 86//86 87//87 88//88
f 89//89 90//90 91//91 92//92
f 93//93 94//94 95//95 96//96
f 97//97 98//98 99//99 100//100
f 101//101 102//102 103//103 104//104
f 105//105 106//106 107//107 108//108
f 109//109 110//110 111//111 112//112
f 113//113 114//114 115//115 116//116
f 117//117 118//118 119//119 120//120
f 121//121 122//122 123//123 124//124
f 125//125 126//126 127//127 128//128
f 129//129 130//130 131//131 132//132
f 133//133 134//134 135//135 136//136
f 137//137 138//138 139//139 140//140
f 141//141 142//142 143//143 144//144
f 145//145 146//146 147//147 148//148
f 149//149 150//150 151//151 152//152
f 153//153 154//154 155//155 156//156
f 157//157 158//158 159//159 160//160
f 161//161 162//162 163//163 164//164
f 165//165 166//166 167//167 168//168
f 169//169 170//170 171//171 172//172
f 173//173 174//174 175//175 176//176
f 177//177 178//178 179//179 180//180
f 181//181 182//182 183//183 184//184
f 185//185 186//186 187//187 188//188
f 189//189 190//190 191//191 192//192
f 193//193 194//194 195//195 196//196
f 197//197 198//198 199//199 200//200
f 201//201 202//202 203//203 204//204
f 205//205 206//206 207//207 208//208
f 209//209 210//210 211//211 212//212
f 213//213 214//214 215//215 216//216
f 217//217 218//218 219//219 220//220
f 221//221 222//222 223//223 224//224
f 225//225 226//226 227//227 228//228
f 229//229 230//230 231//231 232//232
f 233//233 234//234 235//235 236//236
f 237//237 238//238 239//239 240//240
f 241//241 242//242 243//243 244//244
f 245//245 246//246 247//247 248//248
f 249//249 250//250 251//251 252//252
f 253//253 254//254 255//255 256//256
f 257//257 258//258 259//259 260//260
f 261//261 262//262 263//263 264//264
f 265//265 266//266 267//267 268//268
f 269//269 270//270 271//271 272//272
f 273//273 274//274 275//275 276//276
f 277//277 278//278 279//279 280//280
f 281//281 282//282 283//283 284//284
f 285//285 286//286 287//287 288//288
f 289//289 290//290 291//291 292//292
f 293//293 294//294 295//295 296//296
f 297//297 298//298 299//299 300//300
f 301//301 302//302 303//303 304//304
f 305//305 306//306 307//307 308//308
f 309//309 310//310 311//311 312//312
f 313//313 314//314 315//315 316//316
f 317//317 318//318 319//319 320//320
f 321//321 322//322 323//323 324//324
f 325//325 326//326 327//327 328//328
f 329//329 330//330 331//331 332//332
f 333//333 334//334 335//335 336//336
f 337//337 338//338 339//339 340//340
f 341//341 342//342 343//343 344//344
f 345//345 346//346 347//347 348//348
f 349//349 350//350 351//351 352//352
f 353//353 354//354 355//355 356//356
f 357//357 358//358 359//359 360//360
f 361//361 362//362 363//363 364//364
f 365//365 366//366 367//367 368//368
f 369//369 370//370 371//371 372//372
f 373//373 374//374 375//375 376//376
f 377//377 378//378 379//379 380//380
f 381//381 382//382 383//383 384//384
f 385//385 386//386 387//387 388//388
f 389//389 390//390 391//391 392//392
f 393//393 394//394 395//395 396//396
f 397//397 398//398 399//399 400//400
f 401//401 402//402 403//403 404//404
f 405//405 406//406 407//407 408//408
f 409//409 410//410 411//411 412//412
f 413//413 414//414 415//415 416//416
f 417//417 418//418 419//419 420//420
f 421//421 422//422 423//423 424//424
f 425//425 426//426 427//427 428//428
f 429//429 430//430 431//431 432//432
f 433//433 434//434 435//435 436//436
f 437//437 438//438 439//439 440//440
f 441//441 442//442 443//443 444//444
f 445//445 446//446 447//447 448//448
f 449//449 450//450 451//451 452//452
f 453//453 454//454 455//455 456//456
f 457//457 458//458 459//459 460//460
f 461//461 462//462 463//463 464//464
f 465//465 466//466 467//467 468//468
f 469//469 470//470 471//471 472//472
f 473//473 474//474 475//475 476//476
f 477//477 478//478 479//479 480//480
f 481//481 482//482 483//483 484//484
f 485//485 486//486 487//487 488//488
f 489//489 490//490 491//491 492//492
f 493//493 494//494 495//495 496//496
f 497//497 498//498 499//499 500//500
f 501//501 502//502 503//503 504//504
f 505//505 506//506 507//507 508//508
f 509//509 510//510 511//511 512//512
f 513//513 514//514 515//515 516//516
f 517//517 518//518 519//519 520//520
f 521//521 522//522 523//523 524//524
f 525//525 526//526 527//527 528//528
f 529//529 530//530 531//531 532//532
f 533//533 534//534 535//535 536//536
f 537//537 538//538 539//539 540//540
f 541//541 542//542 543//543 544//544
f 545//545 546//546 547//547 548//548
f 549//549 550//550 551//551 552//552
f 553//553 554//554 555//555 556//556
f 557//557 558//558 559//559 560//560
f 561//561 562//562 563//563 564//564
f 565//565 566//566 567//567 568//568
f 569//569 570//570 571//571 572//572
f 573//573 574//574 575//575 576//576
f 577//577 578//578 579//579 580//580
f 581//581 582//582 583//583 584//584
f 585//585 586//586 587//587 588//588
f 589//589 590//590 591//591 592//592
f 593//593 594//594 595//595 596//596
f 597//597 598//598 599//599 600//600
f 601//601 602//602 603//603 604//604
f 605//605 606//606 607//607 608//608
f 609//609 610//610 611//611 612//612
f 613//613 614//614 615//615 616//616
f 617//617 618//618 619//619 620//620
f 621//621 622//622 623//623 624//624
f 625//625 626//626 627//627 628//628
f 629//629 630//630 631//631 632//632
f 633//633 634//634 635//635 636//636
f 637//637 638//638 639//639 640//640
f 641//641 642//642 643//643 644//644
f 645//645 646//646 647//647 648//648
f 649//649 650//650 651//651 652//652
f 653//653 654//654 655//655 656//656
f 657//657 658//658 659//659 660//660
f 661//661 662//662 663//663 664//664
f 665//665 666//666 667//667 668//668
f 669//669 670//670 671//671 672//672
f 673//673 674//674 675//675 676//676
f 677//677 678//678 679//679 680//680
f 681//681 682//682 683//683 684//684
f 685//685 686//686 687//687 688//688
f 689//689 690//690 691//691 692//692
f 693//693 694//694 695//695 696//696
f 697//697 698//698 699//699 700//700
f 701//701 702//702 703//703 704//704
f 705//705 706//706 707//707 708//708
f 709//709 710//710 711//711 712//712
f 713//713 714//714 715//715 716//716
f 717//717 718//718 719//719 720//720
f 721//721 722//722 723//723 724//724
f 725//725 726//726 727//727 728//728
f 729//729 730//730 731//731 732//732
f 733//733 734//734 735//735 736//736
f 737//737 738//738 739//739 740//740
f 741//741 742//742 743//743 744//744
f 745//745 746//746 747//747 748//748
f 749//749 750//750 751//751 752//752
f 753//753 754//754 755//755 756//756
f 757//757 758//758 759//759 760//760
f 761//761 762//762 763//763 764//764
f 765//765 766//766 767//767 768//768
f 769//769 770//770 771//771 772//772
f 773//773 774//774 775//775 776//776
f 777//777 778//778 779//779 780//780
f 781//781 782//782 783//783 784//784
f 785//785 786//786 787//787 788//788
f 789//789 790//790 791//791 792//792
f 793//793 794//794 795//795 796//796
f 797//797 798//798 799//799 800//800
f 801//801 802//802 803//803 804//804
f 805//805 806//806 807//807 808//808
f 809//809 810//810 811//811 812//812
f 813//813 814//814 815//815 816//816
f 817//817 818//818 819//819 820//820
f 821//821 822//822 823//823 824//824
f 825//825 826//826 827//827 828//828
f 829//829 830//830 831//831 832//832
f 833//833 834//834 835//835 836//836
f 837//837 838//838 839//839 840//840
f 841//841 842//842 843//843 844//844
f 845//845 846//846 847//847 848//848
f 849//849 850//850 851//851 852//852
f 853//853 854//854 855//855 856//856
f 857//857 858//858 859//859 860//860
f 861//861 862//862 863//863 864//864
f 865//865 866//866 867//867 868//868
f 869//869 870//870 871//871 872//872
f 873//873 874//874 875//875 876//876
f 877//877 878//878 879//879 880//880
f 881//881 882//882 883//883 884//884
f 885//885 886//886 887//887 888//888
f 889//889 890//890 891//891 892//892
f 893//893 894//894 895//895 896//896
f 897//897 898//898 899//899 900//900
f 901//901 902//902 903//903 904//904
f 905//905 906//906 907//907 908//908
f 909//909 910//910 911//911 912//912
f 913//913 914//914 915//915 916//916
f 917//917 918//918 919//919 920//920
f 921//921 922//922 923//923 924//924
f 925//925 926//926 927//927 928//928
f 929//929 930//930 931//931 932//932
f 933//933 934//934 935//935 936//936
f 937//937 938//938 939//939 940//940
f 941//941 942//942 943//943 944//944
f 945//945 946//946 947//947 948//948
f 949//949 950//950 951//951 952//952
f 953//953 954//954 955//955 956//956
f 957//957 958//958 959//959 960//960
f 961//961 962//962 963//963 964//964
f 965//965 966//966 967//967 968//968
f 969//969 970//970 971//971 972//972
f 973//973 974//974 975//975 976//976
f 977//977 978//978 979//979 980//980
f 981//981 982//982 983//983 984//984
f 985//985 986//986 987//987 988//988
f 989//989 990//990 991//991 992//992
f 993//993 994//994 995//995 996//996
f 997//997 998//998 999//999 1000//1000
f 1001//1001 1002//1002 1003//1003 1004//1004
f 1005//1005 1006//1006 1007//1007 1008//1008
f 1009//1009 1010//1010 1011//1011 1012//1012
f 1013//1013 1014//1014 1015//1015 1016//1016
f 1017//1017 1018//1018 1019//1019 1020//1020
f 1021//1021 1022//1022 1023//1023 1024//1024
f 1025//1025 1026//1026 1027//1027 1028//1028
f 1029//1029 1030//1030 1031//1031 1032//1032
f 1033//1033 1034//1034 1035//1035 1036//1036
f 1037//1037 1038//1038 1039//1039 1040//1040
f 1041//1041 1042//1042 1043//1043 1044//1044
f 1045//1045 1046//1046 1047//1047 1048//1048
f 1049//1049 1050//1050 1051//1051 1052//1052
f 1053//1053 1054//1054 1055//1055 1056//1056
f 1057//1057 1058//1058 1059//1059 1060//1060
f 1061//1061 1062//1062 1063//1063 1064//1064
f 1065//1065 1066//1066 1067//1067 1068//1068
f 1069//1069 1070//1070 1071//1071 1072//1072
f 1073//1073 1074//1074 1075//1075 1076//1076
f 1077//1077 1078//1078 1079//1079 1080//1080
f 1081//1081 1082//1082 1083//1083 1084//1084
f 1085//1085 1086//1086 1087//1087 1088//1088
f 1089//1089 1090//1090 1091//1091 1092//1092
f 1093//1093 1094//1094 1095//1095 1096//1096
f 1097//1097 1098//1098 1099//1099 1100//1100
f 1101//1101 1102//1102 1103//1103 1104//1104
f 1105//1105 1106//1106 1107//1107 1108//1108
f 1109//1109 1110//1110 1111//1111 1112//1112
f 1113//1113 1114//1114 1115//1115 1116//1116
f 1117//1117 1118//1118 1119//1119 1120//1120
f 1121//1121 1122//1122 1123//1123 1124//1124
f 1125//1125 1126//1126 1127//1127 1128//1128
f 1129//1129 1130//1130 1131//1131 1132//1132
f 1133//1133 1134//1134 1135//1135 1136//1136
f 1137//1137 1138//1138 1139//1139 1140//1140
f 1141//1141 1142//1142 1143//1143 1144//1144
f 1145//1145 1146//1146 1147//1147 1148//1148
f 1149//1149 1150//1150 1151//1151 1152//1152
f 1153//1153 1154//1154 1155//1155 1156//1156
f 1157//1157 1158//1158 1159//1159 1160//1160
f 1161//1161 1162//1162 1163//1163 1164//1164
f 1165//1165 1166//1166 1167//1167 1168//1168
f 1169//1169 1170//1170 1171//1171 1172//1172
f 1173//1173 1174//1174 1175//1175 1176//1176
f 1177//1177 1178//1178 1179//1179 1180//1180
f 1181//1181 1182//1182 1183//1183 1184//1184
f 1185//1185 1186//1186 1187//1187 1188//1188
f 1189//1189 1190//1190 1191//1191 1192//1192
f 1193//1193 1194//1194 1195//1195 1196//1196
f 1197//1197 1198//1198 1199//1199 1200//1200
f 1201//1201 1202//1202 1203//1203 1204//1204
f 1205//1205 1206//1206 1207//1207 1208//1208
f 1209//1209 1210//1210 1211//1211 1212//1212
f 1213//1213 1214//1214 1215//1215 1216//1216
f 1217//1217 1218//1218 1219//1219 1220//1220
f 1221//1221 1222//1222 1223//1223 1224//1224
f 1225//1225 1226//1226 1227//1227 1228//1228
f 1229//1229 1230//1230 1231//1231 1232//1232
f 1233//1233 1234//1234 1235//1235 1236//1236
f 1237//1237 1238//1238 1239//1239 1240//1240
f 1241//1241 1242//1242 1243//1243 1244//1244
f 1245//1245 1246//1246 1247//1247 1248//1248
f 1249//1249 1250//1250 1251//1251 1252//1252
f 1253//1253 1254//1254 1255//1255 1256//1256
f 1257//1257 1258//1258 1259//1259 1260//1260
f 1261//1261 1262//1262 1263//1263 1264//1264
f 1265//1265 1266//1266 1267//1267 1268//1268
f 1269//1269 1270//1270 1271//1271 1272//1272
f 1273//1273 1274//1274 1275//1275 1276//1276
f 1277//1277 1278//1278 1279//1279 1280//1280
f 1281//1281 1282//1282 1283//1283 1284//1284
f 1285//1285 1286//1286 1287//1287 1288//1288
f 1289//1289 1290//1290 1291//1291 1292//1292
f 1293//1293 1294//1294 1295//1295 1296//1296
f 1297//1297 1298//1298 1299//1299 1300//1300
f 1301//1301 1302//1302 1303//1303 1304//1304
f 1305//1305 1306//1306 1307//1307 1308//1308
f 1309//1309 1310//1310 1311//1311 1312//1312
f 1313//1313 1314//1314 1315//1315 1316//1316
f 1317//1317 1318//1318 1319//1319 1320//1320
f 1321//1321 1322//1322 1323//1323 1324//1324
f 1325//1325 1326//1326 1327//1327 1328//1328
f 1329//1329 1330//1330 1331//1331 1332//1332
f 1333//1333 1334//1334 1335//1335 1336//1336
f 1337//1337 1338//1338 1339//1339 1340//1340
f 1341//1341 1342//1342 1343//1343 1344//1344
f 1345//1345 1346//1346 1347//1347 1348//1348
f 1349//1349 1350//1350 1351//1351 1352//1352
f 1353//1353 1354//1354 1355//1355 1356//1356
f 1357//1357 1358//1358 1359//1359 1360//1360
f 1361//1361 1362//1362 1363//1363 1364//1364
f 1365//1365 1366//1366 1367//1367 1368//1368
f 1369//1369 1370//1370 1371//1371 1372//1372
f 1373//1373 1374//1374 1375//1375 1376//1376
f 1377//1377 1378//1378 1379//1379 1380//1380
f 1381//1381 1382//1382 1383//1383 1384//1384
f 1385//1385 1386//1386 1387//1387 1388//1388
f 1389//1389 1390//1390 1391//1391 1392//1392
f 1393//1393 1394//1394 1395//1395 1396//1396
f 1397//1397 1398//1398 1399//1399 1400//1400
f 1401//1401 1402//1402 1403//1403 1404//1404
f 1405//1405 1406//1406 1407//1407 1408//1408
f 1409//1409 1410//1410 1411//1411 1412//1412
f 1413//1413 1414//1414 1415//1415 1416//1416
f 1417//1417 1418//1418 1419//1419 1420//1420
f 1421//1421 1422//1422 1423//1423 1424//1424
f 1425//1425 1426//1426 1427//1427 1428//1428
f 1429//1429 1430//1430 1431//1431 1432//1432
f 1433//1433 1434//1434 1435//1435 1436//1436
f 1437//1437 1438//1438 1439//1439 1440//1440
f 1441//1441 1442//1442 1443//1443 1444//1444
f 1445//1445 1446//1446 1447//1447 1448//1448
f 1449//1449 1450//1450 1451//1451 1452//1452
f 1453//1453 1454//1454 1455//1455 1456//1456
f 1457//1457 1458//1458 1459//1459 1460//1460
f 1461//1461 1462//1462 1463//1463 1464//1464
f 1465//1465 1466//1466 1467//1467 1468//1468
f 1469//1469 1470//1470 1471//1471 1472//1472
f 1473//1473 1474//1474 1475//1475 1476//1476
f 1477//1477 1478//1478 1479//1479 1480//1480
f 1481//1481 1482//1482 1483//1483 1484//1484
f 1485//1485 1486//1486 1487//1487 1488//1488
f 1489//1489 1490//1490 1491//1491 1492//1492
f 1493//1493 1494//1494 1495//1495 1496//1496
f 1497//1497 1498//1498 1499//1499 1500//1500
f 1501//1501 1502//1502 1503//1503 1504//1504
f 1505//1505 1506//1506 1507//1507 1508//1508
f 1509//1509 1510//1510 1511//1511 1512//1512
f 1513//1513 1514//1514 1515//1515 1516//1516
f 1517//1517 1518//1518 1519//1519 1520//1520
f 1521//1521 1522//1522 1523//1523 1524//1524
f 1525//1525 1526//1526 1527//1527 1528//1528
f 1529//1529 1530//1530 1531//1531 1532//1532
f 1533//1533 1534//1534 1535//1535 1536//1536
f 1537//1537 1538//1538 1539//1539 1540//1540
f 1541//1541 1542//1542 1543//1543 1544//1544
f 1545//1545 1546//1546 1547//1547 1548//1548
f 1549//1549 1550//1550 1551//1551 1552//1552
f 1553//1553 1554//1554 1555//1555 1556//1556
f 1557//1557 1558//1558 1559//1559 1560//1560
f 1561//1561 1562//1562 1563//1563 1564//1564
f 1565//1565 1566//1566 1567//1567 1568//1568
f 1569//1569 1570//1570 1571//1571 1572//1572
f 1573//1573 1574//1574 1575//1575 1576//1576
f 1577//1577 1578//1578 1579//1579 1580//1580
f 1581//1581 1582//1582 1583//1583 1584//1584
f 1585//1585 1586//1586 1587//1587 1588//1588
f 1589//1589 1590//1590 1591//1591 1592//1592
f 1593//1593 1594//1594 1595//1595 1596//1596
f 1597//1597 1598//1598 1599//1599 1600//1600
f 1601//1601 1602//1602 1603//1603 1604//1604
f 1605//1605 1606//1606 1607//1607 1608//1608
f 1609//1609 1610//1610 1611//1611 1612//1612
f 1613//1613 1614//1614 1615//1615 1616//1616
f 1617//1617 1618//1618 1619//1619 1620//1620
f 1621//1621 1622//1622 1623//1623 1624//1624
f 1625//1625 1626//1626 1627//1627 1628//1628
f 1629//1629 1630//1630 1631//1631 1632//1632
f 1633//1633 1634//1634 1635//1635 1636//1636
f 1637//1637 1638//1638 1639//1639 1640//1640
f 1641//1641 1642//1642 1643//1643 1644//1644
f 1645//1645 1646//1646 1647//1647 1648//1648
f 1649//1649 1650//1650 1651//1651 1652//1652
f 1653//1653 1654//1654 1655//1655 1656//1656
f 1657//1657 1658//1658 1659//1659 1660//1660
f 1661//1661 1662//1662 1663//1663 1664//1664
f 1665//1665 1666//1666 1667//1667 1668//1668
f 1669//1669 1670//1670 1671//1671 1672//1672
f 1673//1673 1674//1674 1675//1675 1676//1676
f 1677//1677 1678//1678 1679//1679 1680//1680
f 1681//1681 1682//1682 1683//1683 1684//1684
f 1685//1685 1686//1686 1687//1687 1688//1688
f 1689//1689 1690//1690 1691//1691 1692//1692
f 1693//1693 1694//1694 1695//1695 1696//1696
f 1697//1697 1698//1698 1699//1699 1700//1700
f 1701//1701 1702//1702 1703//1703 1704//1704
f 1705//1705 1706//1706 1707//1707 1708//1708
f 1709//1709 1710//1710 1711//1711 1712//1712
f 1713//1713 1714//1714 1715//1715 1716//1716
f 1717//1717 1718//1718 1719//1719 1720//1720
f 1721//1721 1722//1722 1723//1723 1724//1724
f 1725//1725 1726//1726 1727//1727 1728//1728
f 1729//1729 1730//1730 1731//1731 1732//1732
f 1733//1733 1734//1734 1735//1735 1736//1736
f 1737//1737 1738//1738 1739//1739 1740//1740
f 1741//1741 1742//1742 1743//1743 1744//1744
f 1745//1745 1746//1746 1747//1747 1748//1748
f 1749//1749 1750//1750 1751//1751 1752//1752
f 1753//1753 1754//1754 1755//1755 1756//1756
f 1757//1757 1758//1758 1759//1759 1760//1760
f 1761//1761 1762//1762 1763//1763 1764//1764
f 1765//1765 1766//1766 1767//1767 1768//1768
f 1769//1769 1770//1770 1771//1771 1772//1772
f 1773//1773 1774//1774 1775//1775 1776//1776
f 1777//1777 1778//1778 1779//1779 1780//1780
f 1781//1781 1782//1782 1783//1783 1784//1784
f 1785//1785 1786//1786 1787//1787 1788//1788
f 1789//1789 1790//1790 1791//1791 1792//1792
f 1793//1793 1794//1794 1795//1795 1796//1796
f 1797//1797 1798//1798 1799//1799 1800//1800
f 1801//1801 1802//1802 1803//1803 1804//1804
f 1805//1805 1806//1806 1807//1807 1808//1808
f 1809//1809 1810//1810 1811//1811 1812//1812
f 1813//1813 1814//1814 1815//1815 1816//1816
f 1817//1817 1818//1818 1819//1819 1820//1820
f 1821//1821 1822//1822 1823//1823 1824//1824
f 1825//1825 1826//1826 1827//1827 1828//1828
f 1829//1829 1830//1830 1831//1831 1832//1832
f 1833//1833 1834//1834 1835//1835 1836//1836
f 1837//1837 1838//1838 1839//1839 1840//1840
f 1841//1841 1842//1842 1843//1843 1844//1844
f 1845//1845 1846//1846 1847//1847 1848//1848
f 1849//1849 1850//1850 1851//1851 1852//1852
f 1853//1853 1854//1854 1855//1855 1856//1856
f 1857//1857 1858//1858 1859//1859 1860//1860
f 1861//1861 1862//1862 1863//1863 1864//1864
f 1865//1865 1866//1866 1867//1867 1868//1868
f 1869//1869 1870//1870 1871//1871 1872//1872
f 1873//1873 1874//1874 1875//1875 1876//1876
f 1877//1877 1878//1878 1879//1879 1880//1880
f 1881//1881 1882//1882 1883//1883 1884//1884
f 1885//1885 1886//1886 1887//1887 1888//1888
f 1889//1889 1890//1890 1891//1891 1892//1892
f 1893//1893 1894//1894 1895//1895 1896//1896
f 1897//1897 1898//1898 1899//1899 1900//1900
f 1901//1901 1902//1902 1903//1903 1904//1904
f 1905//1905 1906//1906 1907//1907 1908//1908
f 1909//1909 1910//1910 1911//1911 1912//1912
f 1913//1913 1914//1914 1915//1915 1916//1916
f 1917//1917 1918//1918 1919//1919 1920//1920
f 1921//1921 1922//1922 1923//1923 1924//1924
f 1925//1925 1926//1926 1927//1927 1928//1928
f 1929//1929 1930//1930 1931//1931 1932//1932
f 1933//1933 1934//1934 1935//1935 1936//1936
f 1937//1937 1938//1938 1939//1939 1940//1940
f 1941//1941 1942//1942 1943//1943 1944//1944
f 1945//1945 1946//1946 1947//1947 1948//1948
f 1949//1949 1950//1950 1951//1951 1952//1952
f 1953//1953 1954//1954 1955//1955 1956//1956
f 1957//1957 1958//1958 1959//1959 1960//1960
f 1961//1961 1962//1962 1963//1963 1964//1964
f 1965//1965 1966//1966 1967//1967 1968//1968
f 1969//1969 1970//1970 1971//1971 1972//1972
f 1973//1973 1974//1974 1975//1975 1976//1976
f 1977//1977 1978//1978 1979//1979 1980//1980
f 1981//1981 1982//1982 1983//1983 1984//1984
f 1985//1985 1986//1986 1987//1987 1988//1988
f 1989//1989 1990//1990 1991//1991 1992//1992
f 1993//1993 1994//1994 1995//1995 1996//1996
f 1997//1997 1998//1998 1999//1999 2000//2000
f 2001//2001 2002//2002 2003//2003 2004//2004
f 2005//2005 2006//2006 2007//2007 2008//2008
f 2009//2009 2010//2010 2011//2011 2012//2012
f 2013//2013 2014//2014 2015//2015 2016//2016
f 2017//2017 2018//2018 2019//2019 2020//2020
f 2021//2021 2022//2022 2023//2023 2024//2024
f 2025//2025 2026//2026 2027//2027 2028//2028
f 2029//2029 2030//2030 2031//2031 2032//2032
f 2033//2033 2034//2034 2035//2035 2036//2036
f 2037//2037 2038//2038 2039//2039 2040//2040
f 2041//2041 2042//2042 2043//2043 2044//2044
f 2045//2045 2046//2046 2047//2047 2048//2048
f 2049//2049 2050//2050 2051//2051 2052//2052
f 2053//2053 2054//2054 2055//2055 2056//2056
f 2057//2057 2058//2058 2059//2059 2060//2060
f 2061//2061 2062//2062 2063//2063 2064//2064
f 2065//2065 2066//2066 2067//2067 2068//2068
f 2069//2069 2070//2070 2071//2071 2072//2072
f 2073//2073 2074//2074 2075//2075 2076//2076
f 2077//2077 2078//2078 2079//2079 2080//2080
f 2081//2081 2082//2082 2083//2083 2084//2084
f 2085//2085 2086//2086 2087//2087 2088//2088
f 2089//2089 2090//2090 2091//2091 2092//2092
f 2093//2093 2094//2094 2095//2095 2096//2096
f 2097//2097 2098//2098 2099//2099 2100//2100
f 2101//2101 2102//2102 2103//2103 2104//2104
f 2105//2105 2106//2106 2107//2107 2108//2108
f 2109//2109 2110//2110 2111//2111 2112//2112
f 2113//2113 2114//2114 2115//2115 2116//2116
f 2117//2117 2118//2118 2119//2119 2120//2120
f 2121//2121 2122//2122 2123//2123 2124//2124
f 2125//2125 2126//2126 2127//2127 2128//2128
f 2129//2129 2130//2130 2131//2131 2132//2132
f 2133//2133 2134//2134 2135//2135 2136//2136
f 2137//2137 2138//2138 2139//2139 2140//2140
f 2141//2141 2142//2142 2143//2143 2144//2144
f 2145//2145 2146//2146 2147//2147 2148//2148
f 2149//2149 2150//2150 2151//2151 2152//2152
f 2153//2153 2154//2154 2155//2155 2156//2156
f 2157//2157 2158//2158 2159//2159 2160//2160
f 2161//2161 2162//2162 2163//2163 2164//2164
f 2165//2165 2166//2166 2167//2167 2168//2168
f 2169//2169 2170//2170 2171//2171 2172//2172
f 2173//2173 2174//2174 2175//2175 2176//2176
f 2177//2177 2178//2178 2179//2179 2180//2180
f 2181//2181 2182//2182 2183//2183 2184//2184
f 2185//2185 2186//2186 2187//2187 2188//2188
f 2189//2189 2190//2190 2191//2191 2192//2192
f 2193//2193 2194//2194 2195//2195 2196//2196
f 2197//2197 2198//2198 2199//2199 2200//2200
f 2201//2201 2202//2202 2203//2203 2204//2204
f 2205//2205 2206//2206 2207//2207 2208//2208
f 2209//2209 2210//2210 2211//2211 2212//2212
f 2213//2213 2214//2214 2215//2215 2216//2216
f 2217//2217 2218//2218 2219//2219 2220//2220
f 2221//2221 2222//2222 2223//2223 2224//2224
f 2225//2225 2226//2226 2227//2227 2228//2228
f 2229//2229 2230//2230 2231//2231 2232//2232
f 2233//2233 2234//2234 2235//2235 2236//2236
f 2237//2237 2238//2238 2239//2239 2240//2240
f 2241//2241 2242//2242 2243//2243 2244//2244
f 2245//2245 2246//2246 2247//2247 2248//2248
f 2249//2249 2250//2250 2251//2251 2252//2252
f 2253//2253 2254//2254 2255//2255 2256//2256
f 2257//2257 2258//2258 2259//2259 2260//2260
f 2261//2261 2262//2262 2263//2263 2264//2264
f 2265//2265 2266//2266 2267//2267 2268//2268
f 2269//2269 2270//2270 2271//2271 2272//2272
f 2273//2273 2274//2274 2275//2275 2276//2276
f 2277//2277 2278//2278 2279//2279 2280//2280
f 2281//2281 2282//2282 2283//2283 2284//2284
f 2285//2285 2286//2286 2287//2287 2288//2288
f 2289//2289 2290//2290 2291//2291 2292//2292
f 2293//2293 2294//2294 2295//2295 2296//2296
f 2297//2297 2298//2298 2299//2299 2300//2300
f 2301//2301 2302//2302 2303//2303 2304//2304
f 2305//2305 2306//2306 2307//2307 2308//2308
f 2309//2309 2310//2310 2311//2311 2312//2312
f 2313//2313 2314//2314 2315//2315 2316//2316
f 2317//2317 2318//2318 2319//2319 2320//2320
f 2321//2321 2322//2322 2323//2323 2324//2324
f 2325//2325 2326//2326 2327//2327 2328//2328
f 2329//2329 2330//2330 2331//2331 2332//2332
f 2333//2333 2334//2334 2335//2335 2336//2336
f 2337//2337 2338//2338 2339//2339 2340//2340
f 2341//2341 2342//2342 2343//2343 2344//2344
f 2345//2345 2346//2346 2347//2347 2348//2348
f 2349//2349 2350//2350 2351//2351 2352//2352
f 2353//2353 2354//2354 2355//2355 2356//2356
f 2357//2357 2358//2358 2359//2359 2360//2360
f 2361//2361 2362//2362 2363//2363 2364//2364
f 2365//2365 2366//2366 2367//2367 2368//2368
f 2369//2369 2370//2370 2371//2371 2372//2372
f 2373//2373 2374//2374 2375//2375 2376//2376
f 2377//2377 2378//2378 2379//2379 2380//2380
f 2381//2381 2382//2382 2383//2383 2384//2384
f 2385//2385 2386//2386 2387//2387 2388//2388
f 2389//2389 2390//2390 2391//2391 2392//2392
f 2393//2393 2394//2394 2395//2395 2396//2396
f 2397//2397 2398//2398 2399//2399 2400//2400
f 2401//2401 2402//2402 2403//2403 2404//2404
f 2405//2405 2406//2406 2407//2407 2408//2408
f 2409//2409 2410//2410 2411//2411 2412//2412
f 2413//2413 2414//2414 2415//2415 2416//2416
f 2417//2417 2418//2418 2419//2419 2420//2420
f 2421//2421 2422//2422 2423//2423 2424//2424
f 2425//2425 2426//2426 2427//2427 2428//2428
f 2429//2429 2430//2430 2431//2431 2432//2432
f 2433//2433 2434//2434 2435//2435 2436//2436
f 2437//2437 2438//2438 2439//2439 2440//2440
f 2441//2441 2442//2442 2443//2443 2444//2444
f 2445//2445 2446//2446 2447//2447 2448//2448
f 2449//2449 2450//2450 2451//2451 2452//2452
f 2453//2453 2454//2454 2455//2455 2456//2456
f 2457//2457 2458//2458 2459//2459 2460//2460
f 2461//2461 2462//2462 2463//2463 2464//2464
f 2465//2465 2466//2466 2467//2467 2468//2468
f 2469//2469 2470//2470 2471//2471 2472//2472
f 2473//2473 2474//2474 2475//2475 2476//2476
f 2477//2477 2478//2478 2479//2479 2480//2480
f 2481//2481 2482//2482 2483//2483 2484//2484
f 2485//2485 2486//2486 2487//2487 2488//2488
f 2489//2489 2490//2490 2491//2491 2492//2492
f 2493//2493 2494//2494 2495//2495 2496//2496
f 2497//2497 2498//2498 2499//2499 2500//2500
f 2501//2501 2502//2502 2503//2503 2504//2504
f 2505//2505 2506//2506 2507//2507 2508//2508
f 2509//2509 2510//2510 2511//2511 2512//2512
f 2513//2513 2514//2514 2515//2515 2516//2516
f 2517//2517 2518//2518 2519//2519 2520//2520
f 2521//2521 2522//2522 2523//2523 2524//2524
f 2525//2525 2526//2526 2527//2527 2528//2528
f 2529//2529 2530//2530 2531//2531 2532//2532
f 2533//2533 2534//2534 2535//2535 2536//2536
f 2537//2537 2538//2538 2539//2539 2540//2540
f 2541//2541 2542//2542 2543//2543 2544//2544
f 2545//2545 2546//2546 2547//2547 2548//2548
f 2549//2549 2550//2550 2551//2551 2552//2552
f 2553//2553 2554//2554 2555//2555 2556//2556
f 2557//2557 2558//2558 2559//2559 2560//2560
f 2561//2561 2562//2562 2563//2563 2564//2564
f 2565//2565 2566//2566 2567//2567 2568//2568
f 2569//2569 2570//2570 2571//2571 2572//2572
f 2573//2573 2574//2574 2575//2575 2576//2576
f 2577//2577 2578//2578 2579//2579 2580//2580
f 2581//2581 2582//2582 2583//2583 2584//2584
f 2585//2585 2586//2586 2587//2587 2588//2588
f 2589//2589 2590//2590 2591//2591 2592//2592
f 2593//2593 2594//2594 2595//2595 2596//2596
f 2597//2597 2598//2598 2599//2599 2600//2600
f 2601//2601 2602//2602 2603//2603 2604//2604
f 2605//2605 2606//2606 2607//2607 2608//2608
f 2609//2609 2610//2610 2611//2611 2612//2612
f 2613//2613 2614//2614 2615//2615 2616//2616
f 2617//2617 2618//2618 2619//2619 2620//2620
f 2621//2621 2622//2622 2623//2623 2624//2624
f 2625//2625 2626//2626 2627//2627 2628//2628
f 2629//2629 2630//2630 2631//2631 2632//2632
f 2633//2633 2634//2634 2635//2635 2636//2636
f 2637//2637 2638//2638 2639//2639 2640//2640
f 2641//2641 2642//2642 2643//2643 2644//2644
f 2645//2645 2646//2646 2647//2647 2648//2648
f 2649//2649 2650//2650 2651//2651 2652//2652
f 2653//2653 2654//2654 2655//2655 2656//2656
f 2657//2657 2658//2658 2659//2659 2660//2660
f 2661//2661 2662//2662 2663//2663 2664//2664
f 2665//2665 2666//2666 2667//2667 2668//2668
f 2669//2669 2670//2670 2671//2671 2672//2672
f 2673//2673 2674//2674 2675//2675 2676//2676
f 2677//2677 2678//2678 2679//2679 2680//2680
f 2681//2681 2682//2682 2683//2683 2684//2684
f 2685//2685 2686//2686 2687//2687 2688//2688
f 2689//2689 2690//2690 2691//2691 2692//2692
f 2693//2693 2694//2694 2695//2695 2696//2696
f 2697//2697 2698//2698 2699//2699 2700//2700
f 2701//2701 2702//2702 2703//2703 2704//2704
f 2705//2705 2706//2706 2707//2707 2708//2708
f 2709//2709 2710//2710 2711//2711 2712//2712
f 2713//2713 2714//2714 2715//2715 2716//2716
f 2717//2717 2718//2718 2719//2719 2720//2720
f 2721//2721 2722//2722 2723//2723 2724//2724
f 2725//2725 2726//2726 2727//2727 2728//2728
f 2729//2729 2730//2730 2731//2731 2732//2732
f 2733//2733 2734//2734 2735//2735 2736//2736
f 2737//2737 2738//2738 2739//2739 2740//2740
f 2741//2741 2742//2742 2743//2743 2744//2744
f 2745//2745 2746//2746 2747//2747 2748//2748
f 2749//2749 2750//2750 2751//2751 2752//2752
f 2753//2753 2754//2754 2755//2755 2756//2756
f 2757//2757 2758//2758 2759//2759 2760//2760
f 2761//2761 2762//2762 2763//2763 2764//2764
f 2765//2765 2766//2766 2767//2767 2768//2768
f 2769//2769 2770//2770 2771//2771 2772//2772
f 2773//2773 2774//2774 2775//2775 2776//2776
f 2777//2777 2778//2778 2779//2779 2780//2780
f 2781//2781 2782//2782 2783//2783 2784//2784
f 2785//2785 2786//2786 2787//2787 2788//2788
f 2789//2789 2790//2790 2791//2791 2792//2792
f 2793//2793 2794//2794 2795//2795 2796//2796
f 2797//2797 2798//2798 2799//2799 2800//2800
f 2801//2801 2802//2802 2803//2803 2804//2804
f 2805//2805 2806//2806 2807//2807 2808//2808
f 2809//2809 2810//2810 2811//2811 2812//2812
f 2813//2813 2814//2814 2815//2815 2816//2816
f 2817//2817 2818//2818 2819//2819 2820//2820
f 2821//2821 2822//2822 2823//2823 2824//2824
f 2825//2825 2826//2826 2827//2827 2828//2828
f 2829//2829 2830//2830 2831//2831 2832//2832
f 2833//2833 2834//2834 2835//2835 2836//2836
f 2837//2837 2838//2838 2839//2839 2840//2840
f 2841//2841 2842//2842 2843//2843 2844//2844
f 2845//2845 2846//2846 2847//2847 2848//2848
f 2849//2849 2850//2850 2851//2851 2852//2852
f 2853//2853 2854//2854 2855//2855 2856//2856
f 2857//2857 2858//2858 2859//2859 2860//2860
f 2861//2861 2862//2862 2863//2863 2864//2864
f 2865//2865 2866//2866 2867//2867 2868//2868
f 2869//2869 2870//2870 2871//2871 2872//2872
f 2873//2873 2874//2874 2875//2875 2876//2876
f 2877//2877 2878//2878 2879//2879 2880//2880
f 2881//2881 2882//2882 2883//2883 2884//2884
f 2885//2885 2886//2886 2887//2887 2888//2888
f 2889//2889 2890//2890 2891//2891 2892//2892
f 2893//2893 2894//2894 2895//2895 2896//2896
f 2897//2897 2898//2898 2899//2899 2900//2900
f 2901//2901 2902//2902 2903//2903 2904//2904
f 2905//2905 2906//2906 2907//2907 2908//2908
f 2909//2909 2910//2910 2911//2911 2912//2912
f 2913//2913 2914//2914 2915//2915 2916//2916
f 2917//2917 2918//2918 2919//2919 2920//2920
f 2921//2921 2922//2922 2923//2923 2924//2924
f 2925//2925 2926//2926 2927//2927 2928//2928
f 2929//2929 2930//2930 2931//2931 2932//2932
f 2933//2933 2934//2934 2935//2935 2936//2936
f 2937//2937 2938//2938 2939//2939 2940//2940
f 2941//2941 2942//2942 2943//2943 2944//2944
f 2945//2945 2946//2946 2947//2947 2948//2948
f 2949//2949 2950//2950 2951//2951 2952//2952
f 2953//2953 2954//2954 2955//2955 2956//2956
f 2957//2957 2958//2958 2959//2959 2960//2960
f 2961//2961 2962//2962 2963//2963 2964//2964
f 2965//2965 2966//2966 2967//2967 2968//2968
f 2969//2969 2970//2970 2971//2971 2972//2972
f 2973//2973 2974//2974 2975//2975 2976//2976
f 2977//2977 2978//2978 2979//2979 2980//2980
f 2981//2981 2982//2982 2983//2983 2984//2984
f 2985//2985 2986//2986 2987//2987 2988//2988
f 2989//2989 2990//2990 2991//2991 2992//2992
f 2993//2993 2994//2994 2995//2995 2996//2996
f 2997//2997 2998//2998 2999//2999 3000//3000
f 3001//3001 3002//3002 3003//3003 3004//3004
f 3005//3005 3006//3006 3007//3007 3008//3008
f 3009//3009 3010//3010 3011//3011 3012//3012
f 3013//3013 3014//3014 3015//3015 3016//3016
f 3017//3017 3018//3018 3019//3019 3020//3020
f 3021//3021 3022//3022 3023//3023 3024//3024
f 3025//3025 3026//3026 3027//3027 3028//3028
f 3029//3029 3030//3030 3031//3031 3032//3032
f 3033//3033 3034//3034 3035//3035 3036//3036
f 3037//3037 3038//3038 3039//3039 3040//3040
f 3041//3041 3042//3042 3043//3043 3044//3044
f 3045//3045 3046//3046 3047//3047 3048//3048
f 3049//3049 3050//3050 3051//3051 3052//3052
f 3053//3053 3054//3054 3055//3055 3056//3056
f 3057//3057 3058//3058 3059//3059 3060//3060
f 3061//3061 3062//3062 3063//3063 3064//3064
f 3065//3065 3066//3066 3067//3067 3068//3068
f 3069//3069 3070//3070 3071//3071 3072//3072
f 3073//3073 3074//3074 3075//3075 3076//3076
f 3077//3077 3078//3078 3079//3079 3080//3080
f 3081//3081 3082//3082 3083//3083 3084//3084
f 3085//3085 3086//3086 3087//3087 3088//3088
f 3089//3089 3090//3090 3091//3091 3092//3092
f 3093//3093 3094//3094 3095//3095 3096//3096
f 3097//3097 3098//3098 3099//3099 3100//3100
f 3101//3101 3102//3102 3103//3103 3104//3104
f 3105//3105 3106//3106 3107//3107 3108//3108
f 3109//3109 3110//3110 3111//3111 3112//3112
f 3113//3113 3114//3114 3115//3115 3116//3116
f 3117//3117 3118//3118 3119//3119 3120//3120
f 3121//3121 3122//3122 3123//3123 3124//3124
f 3125//3125 3126//3126 3127//3127 3128//3128
f 3129//3129 3130//3130 3131//3131 3132//3132
f 3133//3133 3134//3134 3135//3135 3136//3136
f 3137//3137 3138//3138 3139//3139 3140//3140
f 3141//3141 3142//3142 3143//3143 3144//3144
f 3145//3145 3146//3146 3147//3147 3148//3148
f 3149//3149 3150//3150 3151//3151 3152//3152
f 3153//3153 3154//3154 3155//3155 3156//3156
f 3157//3157 3158//3158 3159//3159 3160//3160
f 3161//3161 3162//3162 3163//3163 3164//3164
f 3165//3165 3166//3166 3167//3167 3168//3168
f 3169//3169 3170//3170 3171//3171 3172//3172
f 3173//3173 3174//3174 3175//3175 3176//3176
f 3177//3177 3178//3178 3179//3179 3180//3180
f 3181//3181 3182//3182 3183//3183 3184//3184
f 3185//3185 3186//3186 3187//3187 3188//3188
f 3189//3189 3190//3190 3191//3191 3192//3192
f 3193//3193 3194//3194 3195//3195 3196//3196
f 3197//3197 3198//3198 3199//3199 3200//3200
f 3201//3201 3202//3202 3203//3203 3204//3204
f 3205//3205 3206//3206 3207//3207 3208//3208
f 3209//3209 3210//3210 3211//3211 3212//3212
f 3213//3213 3214//3214 3215//3215 3216//3216
f 3217//3217 3218//3218 3219//3219 3220//3220
f 3221//3221 3222//3222 3223//3223 3224//3224
f 3225//3225 3226//3226 3227//3227 3228//3228
f 3229//3229 3230//3230 3231//3231 3232//3232
f 3233//3233 3234//3234 3235//3235 3236//3236
f 3237//3237 3238//3238 3239//3239 3240//3240
f 3241//3241 3242//3242 3243//3243 3244//3244
f 3245//3245 3246//3246 3247//3247 3248//3248
f 3249//3249 3250//3250 3251//3251 3252//3252
f 3253//3253 3254//3254 3255//3255 3256//3256
f 3257//3257 3258//3258 3259//3259 3260//3260
f 3261//3261 3262//3262 3263//3263 3264//3264
f 3265//3265 3266//3266 3267//3267 3268//3268
f 3269//3269 3270//3270 3271//3271 3272//3272
f 3273//3273 3274//3274 3275//3275 3276//3276
f 3277//3277 3278//3278 3279//3279 3280//3280
f 3281//3281 3282//3282 3283//3283 3284//3284
f 3285//3285 3286//3286 3287//3287 3288//3288
f 3289//3289 3290//3290 3291//3291 3292//3292
f 3293//3293 3294//3294 3295//3295 3296//3296
f 3297//3297 3298//3298 3299//3299 3300//3300
f 3301//3301 3302//3302 3303//3303 3304//3304
f 3305//3305 3306//3306 3307//3307 3308//3308
f 3309//3309 3310//3310 3311//3311 3312//3312
f 3313//3313 3314//3314 3315//3315 3316//3316
f 3317//3317 3318//3318 3319//3319 3320//3320
f 3321//3321 3322//3322 3323//3323 3324//3324
f 3325//3325 3326//3326 3327//3327 3328//3328
f 3329//3329 3330//3330 3331//3331 3332//3332
f 3333//3333 3334//3334 3335//3335 3336//3336
f 3337//3337 3338//3338 3339//3339 3340//3340
f 3341//3341 3342//3342 3343//3343 3344//3344
f 3345//3345 3346//3346 3347//3347 3348//3348
f 3349//3349 3350//3350 3351//3351 3352//3352
f 3353//3353 3354//3354 3355//3355 3356//3356
f 3357//3357 3358//3358 3359//3359 3360//3360
f 3361//3361 3362//3362 3363//3363 3364//3364
f 3365//3365 3366//3366 3367//3367 3368//3368
f 3369//3369 3370//3370 3371//3371 3372//3372
f 3373//3373 3374//3374 3375//3375 3376//3376
f 3377//3377 3378//3378 3379//3379 3380//3380
f 3381//3381 3382//3382 3383//3383 3384//3384
f 3385//3385 3386//3386 3387//3387 3388//3388
f 3389//3389 3390//3390 3391//3391 3392//3392
f 3393//3393 3394//3394 3395//3395 3396//3396
f 3397//3397 3398//3398 3399//3399 3400//3400
f 3401//3401 3402//3402 3403//3403 3404//3404
f 3405//3405 3406//3406 3407//3407 3408//3408
f 3409//3409 3410//3410 3411//3411 3412//3412
f 3413//3413 3414//3414 3415//3415 3416//3416
f 3417//3417 3418//3418 3419//3419 3420//3420
f 3421//3421 3422//3422 3423//3423 3424//3424
f 3425//3425 3426//3426 3427//3427 3428//3428
f 3429//3429 3430//3430 3431//3431 3432//3432
f 3433//3433 3434//3434 3435//3435 3436//3436
f 3437//3437 3438//3438 3439//3439 3440//3440
f 3441//3441 3442//3442 3443//3443 3444//3444
f 3445//3445 3446//3446 3447//3447 3448//3448
f 3449//3449 3450//3450 3451//3451 3452//3452
f 3453//3453 3454//3454 3455//3455 3456//3456
f 3457//3457 3458//3458 3459//3459 3460//3460
f 3461//3461 3462//3462 3463//3463 3464//3464
f 3465//3465 3466//3466 3467//3467 3468//3468
f 3469//3469 3470//3470 3471//3471 3472//3472
f 3473//3473 3474//3474 3475//3475 3476//3476
f 3477//3477 3478//3478 3479//3479 3480//3480
f 3481//3481 3482//3482 3483//3483 3484//3484
f 3485//3485 3486//3486 3487//3487 3488//3488
f 3489//3489 3490//3490 3491//3491 3492//3492
f 3493//3493 3494//3494 3495//3495 3496//3496
f 3497//3497 3498//3498 3499//3499 3500//3500
f 3501//3501 3502//3502 3503//3503 3504//3504
f 3505//3505 3506//3506 3507//3507 3508//3508
f 3509//3509 3510//3510 3511//3511 3512//3512
f 3513//3513 3514//3514 3515//3515 3516//3516
f 3517//3517 3518//3518 3519//3519 3520//3520
f 3521//3521 3522//3522 3523//3523 3524//3524
f 3525//3525 3526//3526 3527//3527 3528//3528
f 3529//3529 3530//3530 3531//3531 3532//3532
f 3533//3533 3534//3534 3535//3535 3536//3536
f 3537//3537 3538//3538 3539//3539 3540//3540
f 3541//3541 3542//3542 3543//3543 3544//3544
f 3545//3545 3546//3546 3547//3547 3548//3548
f 3549//3549 3550//3550 3551//3551 3552//3552
f 3553//3553 3554//3554 3555//3555 3556//3556
f 3557//3557 3558//3558 3559//3559 3560//3560
f 3561//3561 3562//3562 3563//3563 3564//3564
f 3565//3565 3566//3566 3567//3567 3568//3568
f 3569//3569 3570//3570 3571//3571 3572//3572
f 3573//3573 3574//3574 3575//3575 3576//3576
f 3577//3577 3578//3578 3579//3579 3580//3580
f 3581//3581 3582//3582 3583//3583 3584//3584
f 3585//3585 3586//3586 3587//3587 3588//3588
f 3589//3589 3590//3590 3591//3591 3592//3592
f 3593//3593 3594//3594 3595//3595 3596//3596
f 3597//3597 3598//3598 3599//3599 3600//3600
f 3601//3601 3602//3602 3603//3603 3604//3604
f 3605//3605 3606//3606 3607//3607 3608//3608
f 3609//3609 3610//3610 3611//3611 3612//3612
f 3613//3613 3614//3614 3615//3615 3616//3616
f 3617//3617 3618//3618 3619//3619 3620//3620
f 3621//3621 3622//3622 3623//3623 3624//3624
f 3625//3625 3626//3626 3627//3627 3628//3628
f 3629//3629 3630//3630 3631//3631 3632//3632
f 3633//3633 3634//3634 3635//3635 3636//3636
f 3637//3637 3638//3638 3639//3639 3640//3640
f 3641//3641 3642//3642 3643//3643 3644//3644
f 3645//3645 3646//3646 3647//3647 3648//3648
f 3649//3649 3650//3650 3651//3651 3652//3652
f 3653//3653 3654//3654 3655//3655 3656//3656
f 3657//3657 3658//3658 3659//3659 3660//3660
f 3661//3661 3662//3662 3663//3663 3664//3664
f 3665//3665 3666//3666 3667//3667 3668//3668
f 3669//3669 3670//3670 3671//3671 3672//3672
f 3673//3673 3674//3674 3675//3675 3676//3676
f 3677//3677 3678//3678 3679//3679 3680//3680
f 3681//3681 3682//3682 3683//3683 3684//3684
f 3685//3685 3686//3686 3687//3687 3688//3688
f 3689//3689 3690//3690 3691//3691 3692//3692
f 3693//3693 3694//3694 3695//3695 3696//3696
f 3697//3697 3698//3698 3699//3699 3700//3700
f 3701//3701 3702//3702 3703//3703 3704//3704
f 3705//3705 3706//3706 3707//3707 3708//3708
f 3709//3709 3710//3710 3711//3711 3712//3712
f 3713//3713 3714//3714 3715//3715 3716//3716
f 3717//3717 3718//3718 3719//3719 3720//3720
f 3721//3721 3722//3722 3723//3723 3724//3724
f 3725//3725 3726//3726 3727//3727 3728//3728
f 3729//3729 3730//3730 3731//3731 3732//3732
f 3733//3733 3734//3734 3735//3735 3736//3736
f 3737//3737 3738//3738 3739//3739 3740//3740
f 3741//3741 3742//3742 3743//3743 3744//3744
f 3745//3745 3746//3746 3747//3747 3748//3748
f 3749//3749 3750//3750 3751//3751 3752//3752
f 3753//3753 3754//3754 3755//3755 3756//3756
f 3757//3757 3758//3758 3759//3759 3760//3760
f 3761//3761 3762//3762 3763//3763 3764//3764
f 3765//3765 3766//3766 3767//3767 3768//3768
f 3769//3769 3770//3770 3771//3771 3772//3772
f 3773//3773 3774//3774 3775//3775 3776//3776
f 3777//3777 3778//3778 3779//3779 3780//3780
f 3781//3781 3782//3782 3783//3783 3784//3784
f 3785//3785 3786//3786 3787//3787 3788//3788
f 3789//3789 3790//3790 3791//3791 3792//3792
f 3793//3793 3794//3794 3795//3795 3796//3796
f 3797//3797 3798//3798 3799//3799 3800//3800
f 3801//3801 3802//3802 3803//3803 3804//3804
f 3805//3805 3806//3806 3807//3807 3808//3808
f 3809//3809 3810//3810 3811//3811 3812//3812
f 3813//3813 3814//3814 3815//3815 3816//3816
f 3817//3817 3818//3818 3819//3819 3820//3820
f 3821//3821 3822//3822 3823//3823 3824//3824
f 3825//3825 3826//3826 3827//3827 3828//3828
f 3829//3829 3830//3830 3831//3831 3832//3832
f 3833//3833 3834//3834 3835//3835 3836//3836
f 3837//3837 3838//3838 3839//3839 3840//3840
f 3841//3841 3842//3842 3843//3843 3844//3844
f 3845//3845 3846//3846 3847//3847 3848//3848
f 3849//3849 3850//3850 3851//3851 3852//3852
f 3853//3853 3854//3854 3855//3855 3856//3856
f 3857//3857 3858//3858 3859//3859 3860//3860
f 3861//3861 3862//3862 3863//3863 3864//3864
f 3865//3865 3866//3866 3867//3867 3868//3868
f 3869//3869 3870//3870 3871//3871 3872//3872
f 3873//3873 3874//3874 3875//3875 3876//3876
f 3877//3877 3878//3878 3879//3879 3880//3880
f 3881//3881 3882//3882 3883//3883 3884//3884
f 3885//3885 3886//3886 3887//3887 3888//3888
f 3889//3889 3890//3890 3891//3891 3892//3892
f 3893//3893 3894//3894 3895//3895 3896//3896
f 3897//3897 3898//3898 3899//3899 3900//3900
f 3901//3901 3902//3902 3903//3903 3904//3904
f 3905//3905 3906//3906 3907//3907 3908//3908
f 3909//3909 3910//3910 3911//3911 3912//3912
f 3913//3913 3914//3914 3915//3915 3916//3916
f 3917//3917 3918//3918 3919//3919 3920//3920
f 3921//3921 3922//3922 3923//3923 3924//3924
f 3925//3925 3926//3926 3927//3927 3928//3928
f 3929//3929 3930//3930 3931//3931 3932//3932
f 3933//3933 3934//3934 3935//3935 3936//3936
f 3937//3937 3938//3938 3939//3939 3940//3940
f 3941//3941 3942//3942 3943//3943 3944//3944
f 3945//3945 3946//3946 3947//3947 3948//3948
f 3949//3949 3950//3950 3951//3951 3952//3952
f 3953//3953 3954//3954 3955//3955 3956//3956
f 3957//3957 3958//3958 3959//3959 3960//3960
f 3961//3961 3962//3962 3963//3963 3964//3964
f 3965//3965 3966//3966 3967//3967 3968//3968
f 3969//3969 3970//3970 3971//3971 3972//3972
f 3973//3973 3974//3974 3975//3975 3976//3976
f 3977//3977 3978//3978 3979//3979 3980//3980
f 3981//3981 3982//3982 3983//3983 3984//3984
f 3985//3985 3986//3986 3987//3987 3988//3988
f 3989//3989 3990//3990 3991//3991 3992//3992
f 3993//3993 3994//3994 3995//3995 3996//3996
f 3997//3997 3998//3998 3999//3999 4000//4000
f 4001//4001 4002//4002 4003//4003 4004//4004
f 4005//4005 4006//4006 4007//4007 4008//4008
f 4009//4009 4010//4010 4011//4011 4012//4012
f 4013//4013 4014//4014 4015//4015 4016//4016
f 4017//4017 4018//4018 4019//4019 4020//4020
f 4021//4021 4022//4022 4023//4023 4024//4024
f 4025//4025 4026//4026 4027//4027 4028//4028
f 4029//4029 4030//4030 4031//4031 4032//4032
f 4033//4033 4034//4034 4035//4035 4036//4036
f 4037//4037 4038//4038 4039//4039 4040//4040
f 4041//4041 4042//4042 4043//4043 4044//4044
f 4045//4045 4046//4046 4047//4047 4048//4048
f 4049//4049 4050//4050 4051//4051 4052//4052
f 4053//4053 4054//4054 4055//4055 4056//4056
f 4057//4057 4058//4058 4059//4059 4060//4060
f 4061//4061 4062//4062 4063//4063 4064//4064
f 4065//4065 4066//4066 4067//4067 4068//4068
f 4069//4069 4070//4070 4071//4071 4072//4072
f 4073//4073 4074//4074 4075//4075 4076//4076
f 4077//4077 4078//4078 4079//4079 4080//4080
f 4081//4081 4082//4082 4083//4083 4084//4084
f 4085//4085 4086//4086 4087//4087 4088//4088
f 4089//4089 4090//4090 4091//4091 4092//4092
f 4093//4093 4094//4094 4095//4095 4096//4096
f 4097//4097 4098//4098 4099//4099 4100//4100
f 4101//4101 4102//4102 4103//4103 4104//4104
f 4105//4105 4106//4106 4107//4107 4108//4108
f 4109//4109 4110//4110 4111//4111 4112//4112
f 4113//4113 4114//4114 4115//4115 4116//4116
f 4117//4117 4118//4118 4119//4119 4120//4120
f 4121//4121 4122//4122 4123//4123 4124//4124
f 4125//4125 4126//4126 4127//4127 4128//4128
f 4129//4129 4130//4130 4131//4131 4132//4132
f 4133//4133 4134//4134 4135//4135 4136//4136
f 4137//4137 4138//4138 4139//4139 4140//4140
f 4141//4141 4142//4142 4143//4143 4144//4144
f 4145//4145 4146//4146 4147//4147 4148//4148
f 4149//4149 4150//4150 4151//4151 4152//4152
f 4153//4153 4154//4154 4155//4155 4156//4156
f 4157//4157 4158//4158 4159//4159 4160//4160
f 4161//4161 4162//4162 4163//4163 4164//4164
f 4165//4165 4166//4166 4167//4167 4168//4168
f 4169//4169 4170//4170 4171//4171 4172//4172
f 4173//4173 4174//4174 4175//4175 4176//4176
f 4177//4177 4178//4178 4179//4179 4180//4180
f 4181//4181 4182//4182 4183//4183 4184//4184
f 4185//4185 4186//4186 4187//4187 4188//4188
f 4189//4189 4190//4190 4191//4191 4192//4192
f 4193//4193 4194//4194 4195//4195 4196//4196
f 4197//4197 4198//4198 4199//4199 4200//4200
f 4201//4201 4202//4202 4203//4203 4204//4204
f 4205//4205 4206//4206 4207//4207 4208//4208
f 4209//4209 4210//4210 4211//4211 4212//4212
f 4213//4213 4214//4214 4215//4215 4216//4216
f 4217//4217 4218//4218 4219//4219 4220//4220
f 4221//4221 4222//4222 4223//4223 4224//4224
f 4225//4225 4226//4226 4227//4227 4228//4228
f 4229//4229 4230//4230 4231//4231 4232//4232
f 4233//4233 4234//4234 4235//4235 4236//4236
f 4237//4237 4238//4238 4239//4239 4240//4240
f 4241//4241 4242//4242 4243//4243 4244//4244
f 4245//4245 4246//4246 4247//4247 4248//4248
f 4249//4249 4250//4250 4251//4251 4252//4252
f 4253//4253 4254//4254 4255//4255 4256//4256
f 4257//4257 4258//4258 4259//4259 4260//4260
f 4261//4261 4262//4262 4263//4263 4264//4264
f 4265//4265 4266//4266 4267//4267 4268//4268
f 4269//4269 4270//4270 4271//4271 4272//4272
f 4273//4273 4274//4274 4275//4275 4276//4276
f 4277//4277 4278//4278 4279//4279 4280//4280
f 4281//4281 4282//4282 4283//4283 4284//4284
f 4285//4285 4286//4286 4287//4287 4288//4288
f 4289//4289 4290//4290 4291//4291 4292//4292
f 4293//4293 4294//4294 4295//4295 4296//4296
f 4297//4297 4298//4298 4299//4299 4300//4300
f 4301//4301 4302//4302 4303//4303 4304//4304
f 4305//4305 4306//4306 4307//4307 4308//4308
f 4309//4309 4310//4310 4311//4311 4312//4312
f 4313//4313 4314//4314 4315//4315 4316//4316
f 4317//4317 4318//4318 4319//4319 4320//4320
f 4321//4321 4322//4322 4323//4323 4324//4324
f 4325//4325 4326//4326 4327//4327 4328//4328
f 4329//4329 4330//4330 4331//4331 4332//4332
f 4333//4333 4334//4334 4335//4335 4336//4336
f 4337//4337 4338//4338 4339//4339 4340//4340
f 4341//4341 4342//4342 4343//4343 4344//4344
f 4345//4345 4346//4346 4347//4347 4348//4348
f 4349//4349 4350//4350 4351//4351 4352//4352
f 4353//4353 4354//4354 4355//4355 4356//4356
f 4357//4357 4358//4358 4359//4359 4360//4360
f 4361//4361 4362//4362 4363//4363 4364//4364
f 4365//4365 4366//4366 4367//4367 4368//4368
f 4369//4369 4370//4370 4371//4371 4372//4372
f 4373//4373 4374//4374 4375//4375 4376//4376
f 4377//4377 4378//4378 4379//4379 4380//4380
f 4381//4381 4382//4382 4383//4383 4384//4384
f 4385//4385 4386//4386 4387//4387 4388//4388
f 4389//4389 4390//4390 4391//4391 4392//4392
f 4393//4393 4394//4394 4395//4395 4396//4396
f 4397//4397 4398//4398 4399//4399 4400//4400
f 4401//4401 4402//4402 4403//4403 4404//4404
f 4405//4405 4406//4406 4407//4407 4408//4408
f 4409//4409 4410//4410 4411//4411 4412//4412
f 4413//4413 4414//4414 4415//4415 4416//4416
f 4417//4417 4418//4418 4419//4419 4420//4420
f 4421//4421 4422//4422 4423//4423 4424//4424
f 4425//4425 4426//4426 4427//4427 4428//4428
f 4429//4429 4430//4430 4431//4431 4432//4432
f 4433//4433 4434//4434 4435//4435 4436//4436
f 4437//4437 4438//4438 4439//4439 4440//4440
f 4441//4441 4442//4442 4443//4443 4444//4444
f 4445//4445 4446//4446 4447//4447 4448//4448
f 4449//4449 4450//4450 4451//4451 4452//4452
f 4453//4453 4454//4454 4455//4455 4456//4456
f 4457//4457 4458//4458 4459//4459 4460//4460
f 4461//4461 4462//4462 4463//4463 4464//4464
f 4465//4465 4466//4466 4467//4467 4468//4468
f 4469//4469 4470//4470 4471//4471 4472//4472
f 4473//4473 4474//4474 4475//4475 4476//4476
f 4477//4477 4478//4478 4479//4479 4480//4480
f 4481//4481 4482//4482 4483//4483 4484//4484
f 4485//4485 4486//4486 4487//4487 4488//4488
f 4489//4489 4490//4490 4491//4491 4492//4492
f 4493//4493 4494//4494 4495//4495 4496//4496
f 4497//4497 4498//4498 4499//4499 4500//4500
f 4501//4501 4502//4502 4503//4503 4504//4504
f 4505//4505 4506//4506 4507//4507 4508//4508
f 4509//4509 4510//4510 4511//4511 4512//4512
f 4513//4513 4514//4514 4515//4515 4516//4516
f 4517//4517 4518//4518 4519//4519 4520//4520
f 4521//4521 4522//4522 4523//4523 4524//4524
f 4525//4525 4526//4526 4527//4527 4528//4528
f 4529//4529 4530//4530 4531//4531 4532//4532
f 4533//4533 4534//4534 4535//4535 4536//4536
f 4537//4537 4538//4538 4539//4539 4540//4540
f 4541//4541 4542//4542 4543//4543 4544//4544
f 4545//4545 4546//4546 4547//4547 4548//4548
f 4549//4549 4550//4550 4551//4551 4552//4552
f 4553//4553 4554//4554 4555//4555 4556//4556
f 4557//4557 4558//4558 4559//4559 4560//4560
f 4561//4561 4562//4562 4563//4563 4564//4564
f 4565//4565 4566//4566 4567//4567 4568//4568
f 4569//4569 4570//4570 4571//4571 4572//4572
f 4573//4573 4574//4574 4575//4575 4576//4576
f 4577//4577 4578//4578 4579//4579 4580//4580
f 4581//4581 4582//4582 4583//4583 4584//4584
f 4585//4585 4586//4586 4587//4587 4588//4588
f 4589//4589 4590//4590 4591//4591 4592//4592
f 4593//4593 4594//4594 4595//4595 4596//4596
f 4597//4597 4598//4598 4599//4599 4600//4600
f 4601//4601 4602//4602 4603//4603 4604//4604
f 4605//4605 4606//4606 4607//4607 4608//4608
f 4609//4609 4610//4610 4611//4611 4612//4612
f 4613//4613 4614//4614 4615//4615 4616//4616
f 4617//4617 4618//4618 4619//4619 4620//4620
f 4621//4621 4622//4622 4623//4623 4624//4624
f 4625//4625 4626//4626 4627//4627 4628//4628
f 4629//4629 4630//4630 4631//4631 4632//4632
f 4633//4633 4634//4634 4635//4635 4636//4636
f 4637//4637 4638//4638 4639//4639 4640//4640
f 4641//4641 4642//4642 4643//4643 4644//4644
f 4645//4645 4646//4646 4647//4647 4648//4648
f 4649//4649 4650//4650 4651//4651 4652//4652
f 4653//4653 4654//4654 4655//4655 4656//4656
f 4657//4657 4658//4658 4659//4659 4660//4660
f 4661//4661 4662//4662 4663//4663 4664//4664
f 4665//4665 4666//4666 4667//4667 4668//4668
f 4669//4669 4670//4670 4671//4671 4672//4672
f 4673//4673 4674//4674 4675//4675 4676//4676
f 4677//4677 4678//4678 4679//4679 4680//4680
f 4681//4681 4682//4682 4683//4683 4684//4684
f 4685//4685 4686//4686 4687//4687 4688//4688
f 4689//4689 4690//4690 4691//4691 4692//4692
f 4693//4693 4694//4694 4695//4695 4696//4696
f 4697//4697 4698//4698 4699//4699 4700//4700
f 4701//4701 4702//4702 4703//4703 4704//4704
f 4705//4705 4706//4706 4707//4707 4708//4708
f 4709//4709 4710//4710 4711//4711 4712//4712
f 4713//4713 4714//4714 4715//4715 4716//4716
f 4717//4717 4718//4718 4719//4719 4720//4720
f 4721//4721 4722//4722 4723//4723 4724//4724
f 4725//4725 4726//4726 4727//4727 4728//4728
f 4729//4729 4730//4730 4731//4731 4732//4732
f 4733//4733 4734//4734 4735//4735 4736//4736
f 4737//4737 4738//4738 4739//4739 4740//4740
f 4741//4741 4742//4742 4743//4743 4744//4744
f 4745//4745 4746//4746 4747//4747 4748//4748
f 4749//4749 4750//4750 4751//4751 4752//4752
f 4753//4753 4754//4754 4755//4755 4756//4756
f 4757//4757 4758//4758 4759//4759 4760//4760
f 4761//4761 4762//4762 4763//4763 4764//4764
f 4765//4765 4766//4766 4767//4767 4768//4768
f 4769//4769 4770//4770 4771//4771 4772//4772
f 4773//4773 4774//4774 4775//4775 4776//4776
f 4777//4777 4778//4778 4779//4779 4780//4780
f 4781//4781 4782//4782 4783//4783 4784//4784
f 4785//4785 4786//4786 4787//4787 4788//4788
f 4789//4789 4790//4790 4791//4791 4792//4792
f 4793//4793 4794//4794 4795//4795 4796//4796
f 4797//4797 4798//4798 4799//4799 4800//4800
f 4801//4801 4802//4802 4803//4803 4804//4804
f 4805//4805 4806//4806 4807//4807 4808//4808
f 4809//4809 4810//4810 4811//4811 4812//4812
f 4813//4813 4814//4814 4815//4815 4816//4816
f 4817//4817 4818//4818 4819//4819 4820//4820
f 4821//4821 4822//4822 4823//4823 4824//4824
f 4825//4825 4826//4826 4827//4827 4828//4828
f 4829//4829 4830//4830 4831//4831 4832//4832
f 4833//4833 4834//4834 4835//4835 4836//4836
f 4837//4837 4838//4838 4839//4839 4840//4840
f 4841//4841 4842//4842 4843//4843 4844//4844
f 4845//4845 4846//4846 4847//4847 4848//4848
f 4849//4849 4850//4850 4851//4851 4852//4852
f 4853//4853 4854//4854 4855//4855 4856//4856
f 4857//4857 4858//4858 4859//4859 4860//4860
f 4861//4861 4862//4862 4863//4863 4864//4864
f 4865//4865 4866//4866 4867//4867 4868//4868
f 4869//4869 4870//4870 4871//4871 4872//4872
f 4873//4873 4874//4874 4875//4875 4876//4876
f 4877//4877 4878//4878 4879//4879 4880//4880
f 4881//4881 4882//4882 4883//4883 4884//4884
f 4885//4885 4886//4886 4887//4887 4888//4888
f 4889//4889 4890//4890 4891//4891 4892//4892
f 4893//4893 4894//4894 4895//4895 4896//4896
f 4897//4897 4898//4898 4899//4899 4900//4900
f 4901//4901 4902//4902 4903//4903 4904//4904
f 4905//4905 4906//4906 4907//4907 4908//4908
f 4909//4909 4910//4910 4911//4911 4912//4912
f 4913//4913 4914//4914 4915//4915 4916//4916
f 4917//4917 4918//4918 4919//4919 4920//4920
f 4921//4921 4922//4922 4923//4923 4924//4924
f 4925//4925 4926//4926 4927//4927 4928//4928
f 4929//4929 4930//4930 4931//4931 4932//4932
f 4933//4933 4934//4934 4935//4935 4936//4936
f 4937//4937 4938//4938 4939//4939 4940//4940
f 4941//4941 4942//4942 4943//4943 4944//4944
f 4945//4945 4946//4946 4947//4947 4948//4948
f 4949//4949 4950//4950 4951//4951 4952//4952
f 4953//4953 4954//4954 4955//4955 4956//4956
f 4957//4957 4958//4958 4959//4959 4960//4960
f 4961//4961 4962//4962 4963//4963 4964//4964
f 4965//4965 4966//4966 4967//4967 4968//4968
f 4969//4969 4970//4970 4971//4971 4972//4972
f 4973//4973 4974//4974 4975//4975 4976//4976
f 4977//4977 4978//4978 4979//4979 4980//4980
f 4981//4981 4982//4982 4983//4983 4984//4984
f 4985//4985 4986//4986 4987//4987 4988//4988
f 4989//4989 4990//4990 4991//4991 4992//4992
f 4993//4993 4994//4994 4995//4995 4996//4996
f 4997//4997 4998//4998 4999//4999 5000//5000
f 5001//5001 5002//5002 5003//5003 5004//5004
f 5005//5005 5006//5006 5007//5007 5008//5008
f 5009//5009 5010//5010 5011//5011 5012//5012
f 5013//5013 5014//5014 5015//5015 5016//5016
f 5017//5017 5018//5018 5019//5019 5020//5020
f 5021//5021 5022//5022 5023//5023 5024//5024
f 5025//5025 5026//5026 5027//5027 5028//5028
f 5029//5029 5030//5030 5031//5031 5032//5032
f 5033//5033 5034//5034 5035//5035 5036//5036
f 5037//5037 5038//5038 5039//5039 5040//5040
f 5041//5041 5042//5042 5043//5043 5044//5044
f 5045//5045 5046//5046 5047//5047 5048//5048
f 5049//5049 5050//5050 5051//5051 5052//5052
f 5053//5053 5054//5054 5055//5055 5056//5056
f 5057//5057 5058//5058 5059//5059 5060//5060
f 5061//5061 5062//5062 5063//5063 5064//5064
f 5065//5065 5066//5066 5067//5067 5068//5068
f 5069//5069 5070//5070 5071//5071 5072//5072
f 5073//5073 5074//5074 5075//5075 5076//5076
f 5077//5077 5078//5078 5079//5079 5080//5080
f 5081//5081 5082//5082 5083//5083 5084//5084
f 5085//5085 5086//5086 5087//5087 5088//5088
f 5089//5089 5090//5090 5091//5091 5092//5092
f 5093//5093 5094//5094 5095//5095 5096//5096
f 5097//5097 5098//5098 5099//5099 5100//5100
f 5101//5101 5102//5102 5103//5103 5104//5104
f 5105//5105 5106//5106 5107//5107 5108//5108
f 5109//5109 5110//5110 5111//5111 5112//5112
f 5113//5113 5114//5114 5115//5115 5116//5116
f 5117//5117 5118//5118 5119//5119 5120//5120
f 5121//5121 5122//5122 5123//5123 5124//5124
f 5125//5125 5126//5126 5127//5127 5128//5128
f 5129//5129 5130//5130 5131//5131 5132//5132
f 5133//5133 5134//5134 5135//5135 5136//5136
f 5137//5137 5138//5138 5139//5139 5140//5140
f 5141//5141 5142//5142 5143//5143 5144//5144
f 5145//5145 5146//5146 5147//5147 5148//5148
f 5149//5149 5150//5150 5151//5151 5152//5152
f 5153//5153 5154//5154 5155//5155 5156//5156
f 5157//5157 5158//5158 5159//5159 5160//5160
f 5161//5161 5162//5162 5163//5163 5164//5164
f 5165//5165 5166//5166 5167//5167 5168//5168
f 5169//5169 5170//5170 5171//5171 5172//5172
f 5173//5173 5174//5174 5175//5175 5176//5176
f 5177//5177 5178//5178 5179//5179 5180//5180
f 5181//5181 5182//5182 5183//5183 5184//5184
f 5185//5185 5186//5186 5187//5187
f 5188//5188 5189//5189 5190//5190
f 5191//5191 5192//5192 5193//5193
f 5194//5194 5195//5195 5196//5196
f 5197//5197 5198//5198 5199//5199
f 5200//5200 5201//5201 5202//5202
f 5203//5203 5204//5204 5205//5205
f 5206//5206 5207//5207 5208//5208
f 5209//5209 5210//5210 5211//5211
f 5212//5212 5213//5213 5214//5214
f 5215//5215 5216//5216 5217//5217
f 5218//5218 5219//5219 5220//5220
f 5221//5221 5222//5222 5223//5223
f 5224//5224 5225//5225 5226//5226
f 5227//5227 5228//5228 5229//5229
f 5230//5230 5231//5231 5232//5232
f 5233//5233 5234//5234 5235//5235
f 5236//5236 5237//5237 5238//5238
