# Rhino

mtllib rad2.mtl
usemtl diffuse_0
v 18.007591247558594 -231.61671447753906 21
v 18.007591247558594 -231.61671447753906 20.625
v 18.007591247558594 -231.61671447753906 20.25
v 18.007591247558594 -231.61671447753906 19.875
v 18.007591247558594 -231.61671447753906 19.5
v 18.007591247558594 -231.61671447753906 19.125
v 18.007591247558594 -231.61671447753906 18.75
v 18.007591247558594 -231.61671447753906 18.375
v 18.007591247558594 -231.61671447753906 18
v 18.783586502075195 -230.84072875976563 21
v 18.783586502075195 -230.84072875976563 20.625
v 18.783586502075195 -230.84072875976563 18.375
v 18.783586502075195 -230.84072875976563 18
v 19.55958366394043 -230.06472778320313 21
v 19.55958366394043 -230.06472778320313 20.625
v 19.55958366394043 -230.06472778320313 18.375
v 19.55958366394043 -230.06472778320313 18
v 20.335580825805664 -229.28872680664063 21
v 20.335580825805664 -229.28872680664063 20.625
v 20.335580825805664 -229.28872680664063 18.375
v 20.335580825805664 -229.28872680664063 18
v 21.111577987670898 -228.51274108886719 21
v 21.111577987670898 -228.51274108886719 20.625
v 21.111577987670898 -228.51274108886719 18.375
v 21.111577987670898 -228.51274108886719 18
v 21.8875732421875 -227.73674011230469 21
v 21.8875732421875 -227.73674011230469 20.625
v 21.8875732421875 -227.73674011230469 18.375
v 21.8875732421875 -227.73674011230469 18
v 22.663570404052734 -226.96073913574219 21
v 22.663570404052734 -226.96073913574219 20.625
v 22.663570404052734 -226.96073913574219 18.375
v 22.663570404052734 -226.96073913574219 18
v 23.439567565917969 -226.18473815917969 21
v 23.439567565917969 -226.18473815917969 20.625
v 23.439567565917969 -226.18473815917969 18.375
v 23.439567565917969 -226.18473815917969 18
v 24.215564727783203 -225.40875244140625 21
v 24.215564727783203 -225.40875244140625 20.625
v 24.215564727783203 -225.40875244140625 18.375
v 24.215564727783203 -225.40875244140625 18
v 24.991559982299805 -224.63275146484375 21
v 24.991559982299805 -224.63275146484375 20.625
v 24.991559982299805 -224.63275146484375 18.375
v 24.991559982299805 -224.63275146484375 18
v 25.767557144165039 -223.85675048828125 21
v 25.767557144165039 -223.85675048828125 20.625
v 25.767557144165039 -223.85675048828125 18.375
v 25.767557144165039 -223.85675048828125 18
v 26.543554306030273 -223.08074951171875 21
v 26.543554306030273 -223.08074951171875 20.625
v 26.543554306030273 -223.08074951171875 18.375
v 26.543554306030273 -223.08074951171875 18
v 27.319551467895508 -222.30476379394531 21
v 27.319551467895508 -222.30476379394531 20.625
v 27.319551467895508 -222.30476379394531 18.375
v 27.319551467895508 -222.30476379394531 18
v 28.095546722412109 -221.52876281738281 21
v 28.095546722412109 -221.52876281738281 20.625
v 28.095546722412109 -221.52876281738281 20.25
v 28.095546722412109 -221.52876281738281 19.875
v 28.095546722412109 -221.52876281738281 19.5
v 28.095546722412109 -221.52876281738281 19.125
v 28.095546722412109 -221.52876281738281 18.75
v 28.095546722412109 -221.52876281738281 18.375
v 28.095546722412109 -221.52876281738281 18
v 18.27239990234375 -231.35191345214844 20.497499465942383
v 18.27239990234375 -231.35191345214844 19.832500457763672
v 18.27239990234375 -231.35191345214844 19.167499542236328
v 18.27239990234375 -231.35191345214844 18.502500534057617
v 18.751577377319336 -230.87272644042969 18.502500534057617
v 18.751577377319336 -230.87272644042969 19.167499542236328
v 18.751577377319336 -230.87272644042969 19.832500457763672
v 18.751577377319336 -230.87272644042969 20.497499465942383
v 19.281194686889648 -230.34310913085938 20.497499465942383
v 19.281194686889648 -230.34310913085938 19.832500457763672
v 19.281194686889648 -230.34310913085938 19.167499542236328
v 19.281194686889648 -230.34310913085938 18.502500534057617
v 19.760374069213867 -229.86393737792969 18.502500534057617
v 19.760374069213867 -229.86393737792969 19.167499542236328
v 19.760374069213867 -229.86393737792969 19.832500457763672
v 19.760374069213867 -229.86393737792969 20.497499465942383
v 20.28999137878418 -229.33432006835938 20.497499465942383
v 20.28999137878418 -229.33432006835938 19.832500457763672
v 20.28999137878418 -229.33432006835938 19.167499542236328
v 20.28999137878418 -229.33432006835938 18.502500534057617
v 20.769168853759766 -228.85514831542969 18.502500534057617
v 20.769168853759766 -228.85514831542969 19.167499542236328
v 20.769168853759766 -228.85514831542969 19.832500457763672
v 20.769168853759766 -228.85514831542969 20.497499465942383
v 21.298786163330078 -228.32553100585938 20.497499465942383
v 21.298786163330078 -228.32553100585938 19.832500457763672
v 21.298786163330078 -228.32553100585938 19.167499542236328
v 21.298786163330078 -228.32553100585938 18.502500534057617
v 21.777963638305664 -227.84634399414063 18.502500534057617
v 21.777963638305664 -227.84634399414063 19.167499542236328
v 21.777963638305664 -227.84634399414063 19.832500457763672
v 21.777963638305664 -227.84634399414063 20.497499465942383
v 22.307582855224609 -227.31672668457031 20.497499465942383
v 22.307582855224609 -227.31672668457031 19.832500457763672
v 22.307582855224609 -227.31672668457031 19.167499542236328
v 22.307582855224609 -227.31672668457031 18.502500534057617
v 22.786760330200195 -226.83755493164063 18.502500534057617
v 22.786760330200195 -226.83755493164063 19.167499542236328
v 22.786760330200195 -226.83755493164063 19.832500457763672
v 22.786760330200195 -226.83755493164063 20.497499465942383
v 23.316377639770508 -226.30793762207031 20.497499465942383
v 23.316377639770508 -226.30793762207031 19.832500457763672
v 23.316377639770508 -226.30793762207031 19.167499542236328
v 23.316377639770508 -226.30793762207031 18.502500534057617
v 23.795555114746094 -225.82875061035156 18.502500534057617
v 23.795555114746094 -225.82875061035156 19.167499542236328
v 23.795555114746094 -225.82875061035156 19.832500457763672
v 23.795555114746094 -225.82875061035156 20.497499465942383
v 24.325174331665039 -225.29913330078125 20.497499465942383
v 24.325174331665039 -225.29913330078125 19.832500457763672
v 24.325174331665039 -225.29913330078125 19.167499542236328
v 24.325174331665039 -225.29913330078125 18.502500534057617
v 24.804351806640625 -224.81996154785156 18.502500534057617
v 24.804351806640625 -224.81996154785156 19.167499542236328
v 24.804351806640625 -224.81996154785156 19.832500457763672
v 24.804351806640625 -224.81996154785156 20.497499465942383
v 25.333969116210938 -224.29034423828125 20.497499465942383
v 25.333969116210938 -224.29034423828125 19.832500457763672
v 25.333969116210938 -224.29034423828125 19.167499542236328
v 25.333969116210938 -224.29034423828125 18.502500534057617
v 25.813146591186523 -223.8111572265625 18.502500534057617
v 25.813146591186523 -223.8111572265625 19.167499542236328
v 25.813146591186523 -223.8111572265625 19.832500457763672
v 25.813146591186523 -223.8111572265625 20.497499465942383
v 26.342765808105469 -223.28153991699219 20.497499465942383
v 26.342765808105469 -223.28153991699219 19.832500457763672
v 26.342765808105469 -223.28153991699219 19.167499542236328
v 26.342765808105469 -223.28153991699219 18.502500534057617
v 26.821943283081055 -222.8023681640625 18.502500534057617
v 26.821943283081055 -222.8023681640625 19.167499542236328
v 26.821943283081055 -222.8023681640625 19.832500457763672
v 26.821943283081055 -222.8023681640625 20.497499465942383
v 27.351560592651367 -222.27275085449219 20.497499465942383
v 27.351560592651367 -222.27275085449219 19.832500457763672
v 27.351560592651367 -222.27275085449219 19.167499542236328
v 27.351560592651367 -222.27275085449219 18.502500534057617
v 27.830738067626953 -221.7935791015625 18.502500534057617
v 27.830738067626953 -221.7935791015625 19.167499542236328
v 27.830738067626953 -221.7935791015625 19.832500457763672
v 27.830738067626953 -221.7935791015625 20.497499465942383
v 18.783586502075195 -230.84072875976563 19.875
v 18.783586502075195 -230.84072875976563 19.5
v 21.111577987670898 -228.51274108886719 19.875
v 21.8875732421875 -227.73674011230469 19.875
v 21.111577987670898 -228.51274108886719 19.5
v 21.8875732421875 -227.73674011230469 19.5
v 18.783586502075195 -230.84072875976563 19.125
v 18.783586502075195 -230.84072875976563 18.75
v 21.111577987670898 -228.51274108886719 19.125
v 21.111577987670898 -228.51274108886719 18.75
v 21.8875732421875 -227.73674011230469 19.125
v 21.8875732421875 -227.73674011230469 18.75
v 24.215564727783203 -225.40875244140625 19.875
v 24.991559982299805 -224.63275146484375 19.875
v 24.215564727783203 -225.40875244140625 19.5
v 24.215564727783203 -225.40875244140625 19.125
v 24.991559982299805 -224.63275146484375 19.5
v 27.319551467895508 -222.30476379394531 19.875
v 27.319551467895508 -222.30476379394531 19.5
v 27.319551467895508 -222.30476379394531 19.125
v 24.215564727783203 -225.40875244140625 18.75
v 24.991559982299805 -224.63275146484375 19.125
v 24.991559982299805 -224.63275146484375 18.75
v 27.319551467895508 -222.30476379394531 18.75
v 18.27239990234375 -231.35191345214844 20.497499465942383
v 18.27239990234375 -231.35191345214844 18.502500534057617
v 18.751577377319336 -230.87272644042969 20.497499465942383
v 18.751577377319336 -230.87272644042969 18.502500534057617
v 19.281194686889648 -230.34310913085938 20.497499465942383
v 19.281194686889648 -230.34310913085938 18.502500534057617
v 19.760374069213867 -229.86393737792969 20.497499465942383
v 19.760374069213867 -229.86393737792969 18.502500534057617
v 20.28999137878418 -229.33432006835938 20.497499465942383
v 20.28999137878418 -229.33432006835938 18.502500534057617
v 20.769168853759766 -228.85514831542969 20.497499465942383
v 20.769168853759766 -228.85514831542969 18.502500534057617
v 21.298786163330078 -228.32553100585938 20.497499465942383
v 21.298786163330078 -228.32553100585938 18.502500534057617
v 21.777963638305664 -227.84634399414063 20.497499465942383
v 21.777963638305664 -227.84634399414063 18.502500534057617
v 22.307582855224609 -227.31672668457031 20.497499465942383
v 22.307582855224609 -227.31672668457031 18.502500534057617
v 22.786760330200195 -226.83755493164063 20.497499465942383
v 22.786760330200195 -226.83755493164063 18.502500534057617
v 23.316377639770508 -226.30793762207031 20.497499465942383
v 23.316377639770508 -226.30793762207031 18.502500534057617
v 23.795555114746094 -225.82875061035156 20.497499465942383
v 23.795555114746094 -225.82875061035156 18.502500534057617
v 24.325174331665039 -225.29913330078125 20.497499465942383
v 24.325174331665039 -225.29913330078125 18.502500534057617
v 24.804351806640625 -224.81996154785156 20.497499465942383
v 24.804351806640625 -224.81996154785156 18.502500534057617
v 25.333969116210938 -224.29034423828125 20.497499465942383
v 25.333969116210938 -224.29034423828125 18.502500534057617
v 25.813146591186523 -223.8111572265625 20.497499465942383
v 25.813146591186523 -223.8111572265625 18.502500534057617
v 26.342765808105469 -223.28153991699219 20.497499465942383
v 26.342765808105469 -223.28153991699219 18.502500534057617
v 26.821943283081055 -222.8023681640625 20.497499465942383
v 26.821943283081055 -222.8023681640625 18.502500534057617
v 27.351560592651367 -222.27275085449219 20.497499465942383
v 27.351560592651367 -222.27275085449219 18.502500534057617
v 27.830738067626953 -221.7935791015625 20.497499465942383
v 27.830738067626953 -221.7935791015625 18.502500534057617
v 32.149726867675781 -245.75885009765625 21
v 32.149726867675781 -245.75885009765625 20.625
v 32.149726867675781 -245.75885009765625 20.25
v 32.149726867675781 -245.75885009765625 19.875
v 32.149726867675781 -245.75885009765625 19.5
v 32.149726867675781 -245.75885009765625 19.125
v 32.149726867675781 -245.75885009765625 18.75
v 32.149726867675781 -245.75885009765625 18.375
v 32.149726867675781 -245.75885009765625 18
v 31.061870574951172 -244.67100524902344 21
v 31.061870574951172 -244.67100524902344 20.625
v 31.061870574951172 -244.67100524902344 20.25
v 31.061870574951172 -244.67100524902344 18.75
v 31.061870574951172 -244.67100524902344 18.375
v 31.061870574951172 -244.67100524902344 18
v 29.97401237487793 -243.58314514160156 21
v 29.97401237487793 -243.58314514160156 20.625
v 29.97401237487793 -243.58314514160156 20.25
v 29.97401237487793 -243.58314514160156 18.75
v 29.97401237487793 -243.58314514160156 18.375
v 29.97401237487793 -243.58314514160156 18
v 28.88615608215332 -242.49528503417969 21
v 28.88615608215332 -242.49528503417969 20.625
v 28.88615608215332 -242.49528503417969 20.25
v 28.88615608215332 -242.49528503417969 18.75
v 28.88615608215332 -242.49528503417969 18.375
v 28.88615608215332 -242.49528503417969 18
v 27.798299789428711 -241.40742492675781 21
v 27.798299789428711 -241.40742492675781 20.625
v 27.798299789428711 -241.40742492675781 20.25
v 27.798299789428711 -241.40742492675781 18.75
v 27.798299789428711 -241.40742492675781 18.375
v 27.798299789428711 -241.40742492675781 18
v 26.710443496704102 -240.319580078125 21
v 26.710443496704102 -240.319580078125 20.625
v 26.710443496704102 -240.319580078125 20.25
v 26.710443496704102 -240.319580078125 18.75
v 26.710443496704102 -240.319580078125 18.375
v 26.710443496704102 -240.319580078125 18
v 25.622587203979492 -239.23171997070313 21
v 25.622587203979492 -239.23171997070313 20.625
v 25.622587203979492 -239.23171997070313 20.25
v 25.622587203979492 -239.23171997070313 18.75
v 25.622587203979492 -239.23171997070313 18.375
v 25.622587203979492 -239.23171997070313 18
v 24.534730911254883 -238.14385986328125 21
v 24.534730911254883 -238.14385986328125 20.625
v 24.534730911254883 -238.14385986328125 20.25
v 24.534730911254883 -238.14385986328125 18.75
v 24.534730911254883 -238.14385986328125 18.375
v 24.534730911254883 -238.14385986328125 18
v 23.446874618530273 -237.05599975585938 21
v 23.446874618530273 -237.05599975585938 20.625
v 23.446874618530273 -237.05599975585938 20.25
v 23.446874618530273 -237.05599975585938 18.75
v 23.446874618530273 -237.05599975585938 18.375
v 23.446874618530273 -237.05599975585938 18
v 22.359016418457031 -235.9681396484375 21
v 22.359016418457031 -235.9681396484375 20.625
v 22.359016418457031 -235.9681396484375 20.25
v 22.359016418457031 -235.9681396484375 18.75
v 22.359016418457031 -235.9681396484375 18.375
v 22.359016418457031 -235.9681396484375 18
v 21.271160125732422 -234.88029479980469 21
v 21.271160125732422 -234.88029479980469 20.625
v 21.271160125732422 -234.88029479980469 20.25
v 21.271160125732422 -234.88029479980469 18.75
v 21.271160125732422 -234.88029479980469 18.375
v 21.271160125732422 -234.88029479980469 18
v 20.183303833007813 -233.79243469238281 21
v 20.183303833007813 -233.79243469238281 20.625
v 20.183303833007813 -233.79243469238281 20.25
v 20.183303833007813 -233.79243469238281 18.75
v 20.183303833007813 -233.79243469238281 18.375
v 20.183303833007813 -233.79243469238281 18
v 19.095447540283203 -232.70457458496094 21
v 19.095447540283203 -232.70457458496094 20.625
v 19.095447540283203 -232.70457458496094 20.25
v 19.095447540283203 -232.70457458496094 18.75
v 19.095447540283203 -232.70457458496094 18.375
v 19.095447540283203 -232.70457458496094 18
v 18.007591247558594 -231.61671447753906 21
v 18.007591247558594 -231.61671447753906 20.625
v 18.007591247558594 -231.61671447753906 20.25
v 18.007591247558594 -231.61671447753906 19.875
v 18.007591247558594 -231.61671447753906 19.5
v 18.007591247558594 -231.61671447753906 19.125
v 18.007591247558594 -231.61671447753906 18.75
v 18.007591247558594 -231.61671447753906 18.375
v 18.007591247558594 -231.61671447753906 18
v 31.964111328125 -245.5732421875 19.927499771118164
v 31.964111328125 -245.5732421875 19.072500228881836
v 31.62823486328125 -245.23736572265625 19.072500228881836
v 31.62823486328125 -245.23736572265625 19.927499771118164
v 31.257003784179688 -244.86613464355469 19.927499771118164
v 31.257003784179688 -244.86613464355469 19.072500228881836
v 30.92112922668457 -244.53025817871094 19.072500228881836
v 30.92112922668457 -244.53025817871094 19.927499771118164
v 30.549898147583008 -244.15902709960938 19.927499771118164
v 30.549898147583008 -244.15902709960938 19.072500228881836
v 30.214021682739258 -243.82315063476563 19.072500228881836
v 30.214021682739258 -243.82315063476563 19.927499771118164
v 29.842790603637695 -243.45191955566406 19.927499771118164
v 29.842790603637695 -243.45191955566406 19.072500228881836
v 29.506914138793945 -243.11604309082031 19.072500228881836
v 29.506914138793945 -243.11604309082031 19.927499771118164
v 29.135683059692383 -242.74481201171875 19.927499771118164
v 29.135683059692383 -242.74481201171875 19.072500228881836
v 28.799808502197266 -242.408935546875 19.072500228881836
v 28.799808502197266 -242.408935546875 19.927499771118164
v 28.428577423095703 -242.03770446777344 19.927499771118164
v 28.428577423095703 -242.03770446777344 19.072500228881836
v 28.092700958251953 -241.70182800292969 19.072500228881836
v 28.092700958251953 -241.70182800292969 19.927499771118164
v 27.721469879150391 -241.33059692382813 19.927499771118164
v 27.721469879150391 -241.33059692382813 19.072500228881836
v 27.385595321655273 -240.99472045898438 19.072500228881836
v 27.385595321655273 -240.99472045898438 19.927499771118164
v 27.014364242553711 -240.62348937988281 19.927499771118164
v 27.014364242553711 -240.62348937988281 19.072500228881836
v 26.678487777709961 -240.28761291503906 19.072500228881836
v 26.678487777709961 -240.28761291503906 19.927499771118164
v 26.307256698608398 -239.9163818359375 19.927499771118164
v 26.307256698608398 -239.9163818359375 19.072500228881836
v 25.971380233764648 -239.58050537109375 19.072500228881836
v 25.971380233764648 -239.58050537109375 19.927499771118164
v 25.600149154663086 -239.20927429199219 19.927499771118164
v 25.600149154663086 -239.20927429199219 19.072500228881836
v 25.264274597167969 -238.87339782714844 19.072500228881836
v 25.264274597167969 -238.87339782714844 19.927499771118164
v 24.893043518066406 -238.50216674804688 19.927499771118164
v 24.893043518066406 -238.50216674804688 19.072500228881836
v 24.557167053222656 -238.16629028320313 19.072500228881836
v 24.557167053222656 -238.16629028320313 19.927499771118164
v 24.185935974121094 -237.79505920410156 19.927499771118164
v 24.185935974121094 -237.79505920410156 19.072500228881836
v 23.850061416625977 -237.45918273925781 19.072500228881836
v 23.850061416625977 -237.45918273925781 19.927499771118164
v 23.478830337524414 -237.08795166015625 19.927499771118164
v 23.478830337524414 -237.08795166015625 19.072500228881836
v 23.142953872680664 -236.75209045410156 19.072500228881836
v 23.142953872680664 -236.75209045410156 19.927499771118164
v 22.771722793579102 -236.380859375 19.927499771118164
v 22.771722793579102 -236.380859375 19.072500228881836
v 22.435846328735352 -236.04498291015625 19.072500228881836
v 22.435846328735352 -236.04498291015625 19.927499771118164
v 22.064615249633789 -235.67375183105469 19.927499771118164
v 22.064615249633789 -235.67375183105469 19.072500228881836
v 21.728740692138672 -235.33787536621094 19.072500228881836
v 21.728740692138672 -235.33787536621094 19.927499771118164
v 21.357509613037109 -234.96664428710938 19.927499771118164
v 21.357509613037109 -234.96664428710938 19.072500228881836
v 21.021633148193359 -234.63076782226563 19.072500228881836
v 21.021633148193359 -234.63076782226563 19.927499771118164
v 20.650402069091797 -234.25953674316406 19.927499771118164
v 20.650402069091797 -234.25953674316406 19.072500228881836
v 20.31452751159668 -233.92366027832031 19.072500228881836
v 20.31452751159668 -233.92366027832031 19.927499771118164
v 19.943296432495117 -233.55242919921875 19.927499771118164
v 19.943296432495117 -233.55242919921875 19.072500228881836
v 19.607419967651367 -233.216552734375 19.072500228881836
v 19.607419967651367 -233.216552734375 19.927499771118164
v 19.236188888549805 -232.84532165527344 19.927499771118164
v 19.236188888549805 -232.84532165527344 19.072500228881836
v 18.900312423706055 -232.50944519042969 19.072500228881836
v 18.900312423706055 -232.50944519042969 19.927499771118164
v 18.529081344604492 -232.13821411132813 19.927499771118164
v 18.529081344604492 -232.13821411132813 19.072500228881836
v 18.193206787109375 -231.80233764648438 19.072500228881836
v 18.193206787109375 -231.80233764648438 19.927499771118164
v 29.97401237487793 -243.58314514160156 19.5
v 29.97401237487793 -243.58314514160156 19.125
v 27.798299789428711 -241.40742492675781 19.5
v 25.622587203979492 -239.23171997070313 19.5
v 27.798299789428711 -241.40742492675781 19.125
v 25.622587203979492 -239.23171997070313 19.125
v 24.534730911254883 -238.14385986328125 19.5
v 22.359016418457031 -235.9681396484375 19.5
v 22.359016418457031 -235.9681396484375 19.125
v 20.183303833007813 -233.79243469238281 19.5
v 24.534730911254883 -238.14385986328125 19.125
v 20.183303833007813 -233.79243469238281 19.125
v 31.964111328125 -245.5732421875 19.072500228881836
v 31.796173095703125 -245.40530395507813 19.072500228881836
v 31.62823486328125 -245.23736572265625 19.072500228881836
v 31.964111328125 -245.5732421875 19.927499771118164
v 31.796173095703125 -245.40530395507813 19.927499771118164
v 31.62823486328125 -245.23736572265625 19.927499771118164
v 31.257003784179688 -244.86613464355469 19.927499771118164
v 31.257003784179688 -244.86613464355469 19.072500228881836
v 30.92112922668457 -244.53025817871094 19.927499771118164
v 30.92112922668457 -244.53025817871094 19.072500228881836
v 30.549898147583008 -244.15902709960938 19.927499771118164
v 30.549898147583008 -244.15902709960938 19.072500228881836
v 30.381959915161133 -243.9910888671875 19.927499771118164
v 30.381959915161133 -243.9910888671875 19.072500228881836
v 30.214021682739258 -243.82315063476563 19.927499771118164
v 30.214021682739258 -243.82315063476563 19.072500228881836
v 29.506914138793945 -243.11604309082031 19.072500228881836
v 29.506914138793945 -243.11604309082031 19.927499771118164
v 29.842790603637695 -243.45191955566406 19.072500228881836
v 29.842790603637695 -243.45191955566406 19.927499771118164
v 29.135683059692383 -242.74481201171875 19.927499771118164
v 29.135683059692383 -242.74481201171875 19.072500228881836
v 28.799808502197266 -242.408935546875 19.927499771118164
v 28.799808502197266 -242.408935546875 19.072500228881836
v 28.428577423095703 -242.03770446777344 19.072500228881836
v 28.260639190673828 -241.86976623535156 19.072500228881836
v 28.092700958251953 -241.70182800292969 19.072500228881836
v 28.428577423095703 -242.03770446777344 19.927499771118164
v 28.260639190673828 -241.86976623535156 19.927499771118164
v 28.092700958251953 -241.70182800292969 19.927499771118164
v 27.721469879150391 -241.33059692382813 19.927499771118164
v 27.721469879150391 -241.33059692382813 19.072500228881836
v 27.385595321655273 -240.99472045898438 19.927499771118164
v 27.385595321655273 -240.99472045898438 19.072500228881836
v 27.014364242553711 -240.62348937988281 19.927499771118164
v 27.014364242553711 -240.62348937988281 19.072500228881836
v 26.678487777709961 -240.28761291503906 19.927499771118164
v 26.678487777709961 -240.28761291503906 19.072500228881836
v 25.971380233764648 -239.58050537109375 19.072500228881836
v 25.971380233764648 -239.58050537109375 19.927499771118164
v 26.307256698608398 -239.9163818359375 19.072500228881836
v 26.307256698608398 -239.9163818359375 19.927499771118164
v 25.264274597167969 -238.87339782714844 19.072500228881836
v 25.264274597167969 -238.87339782714844 19.927499771118164
v 25.600149154663086 -239.20927429199219 19.072500228881836
v 25.600149154663086 -239.20927429199219 19.927499771118164
v 24.893043518066406 -238.50216674804688 19.927499771118164
v 24.893043518066406 -238.50216674804688 19.072500228881836
v 24.557167053222656 -238.16629028320313 19.927499771118164
v 24.557167053222656 -238.16629028320313 19.072500228881836
v 24.185935974121094 -237.79505920410156 19.927499771118164
v 24.185935974121094 -237.79505920410156 19.072500228881836
v 24.017997741699219 -237.62712097167969 19.927499771118164
v 24.017997741699219 -237.62712097167969 19.072500228881836
v 23.850061416625977 -237.45918273925781 19.927499771118164
v 23.850061416625977 -237.45918273925781 19.072500228881836
v 23.478830337524414 -237.08795166015625 19.927499771118164
v 23.478830337524414 -237.08795166015625 19.072500228881836
v 23.142953872680664 -236.75209045410156 19.927499771118164
v 23.142953872680664 -236.75209045410156 19.072500228881836
v 22.771722793579102 -236.380859375 19.927499771118164
v 22.771722793579102 -236.380859375 19.072500228881836
v 22.435846328735352 -236.04498291015625 19.927499771118164
v 22.435846328735352 -236.04498291015625 19.072500228881836
v 22.064615249633789 -235.67375183105469 19.927499771118164
v 22.064615249633789 -235.67375183105469 19.072500228881836
v 21.728740692138672 -235.33787536621094 19.927499771118164
v 21.728740692138672 -235.33787536621094 19.072500228881836
v 21.021633148193359 -234.63076782226563 19.072500228881836
v 21.021633148193359 -234.63076782226563 19.927499771118164
v 21.357509613037109 -234.96664428710938 19.072500228881836
v 21.357509613037109 -234.96664428710938 19.927499771118164
v 20.650402069091797 -234.25953674316406 19.072500228881836
v 20.482463836669922 -234.09159851074219 19.072500228881836
v 20.31452751159668 -233.92366027832031 19.072500228881836
v 20.650402069091797 -234.25953674316406 19.927499771118164
v 20.482463836669922 -234.09159851074219 19.927499771118164
v 20.31452751159668 -233.92366027832031 19.927499771118164
v 19.943296432495117 -233.55242919921875 19.927499771118164
v 19.943296432495117 -233.55242919921875 19.072500228881836
v 19.607419967651367 -233.216552734375 19.927499771118164
v 19.607419967651367 -233.216552734375 19.072500228881836
v 18.900312423706055 -232.50944519042969 19.072500228881836
v 18.900312423706055 -232.50944519042969 19.927499771118164
v 19.236188888549805 -232.84532165527344 19.072500228881836
v 19.236188888549805 -232.84532165527344 19.927499771118164
v 18.529081344604492 -232.13821411132813 19.927499771118164
v 18.529081344604492 -232.13821411132813 19.072500228881836
v 18.193206787109375 -231.80233764648438 19.927499771118164
v 18.193206787109375 -231.80233764648438 19.072500228881836
v 28.095546722412109 -221.52876281738281 21
v 28.095546722412109 -221.52876281738281 20.625
v 28.095546722412109 -221.52876281738281 20.25
v 28.095546722412109 -221.52876281738281 19.875
v 28.095546722412109 -221.52876281738281 19.5
v 28.095546722412109 -221.52876281738281 19.125
v 28.095546722412109 -221.52876281738281 18.75
v 28.095546722412109 -221.52876281738281 18.375
v 28.095546722412109 -221.52876281738281 18
v 29.183404922485352 -222.61662292480469 21
v 29.183404922485352 -222.61662292480469 20.625
v 29.183404922485352 -222.61662292480469 18.375
v 29.183404922485352 -222.61662292480469 18
v 30.271261215209961 -223.70448303222656 21
v 30.271261215209961 -223.70448303222656 20.625
v 30.271261215209961 -223.70448303222656 18.375
v 30.271261215209961 -223.70448303222656 18
v 31.35911750793457 -224.79232788085938 21
v 31.35911750793457 -224.79232788085938 20.625
v 31.35911750793457 -224.79232788085938 18.375
v 31.35911750793457 -224.79232788085938 18
v 32.446971893310547 -225.88018798828125 21
v 32.446971893310547 -225.88018798828125 20.625
v 32.446971893310547 -225.88018798828125 18.375
v 32.446971893310547 -225.88018798828125 18
v 33.534832000732422 -226.96804809570313 21
v 33.534832000732422 -226.96804809570313 20.625
v 33.534832000732422 -226.96804809570313 18.375
v 33.534832000732422 -226.96804809570313 18
v 34.622688293457031 -228.055908203125 21
v 34.622688293457031 -228.055908203125 20.625
v 34.622688293457031 -228.055908203125 18.375
v 34.622688293457031 -228.055908203125 18
v 35.710544586181641 -229.14375305175781 21
v 35.710544586181641 -229.14375305175781 20.625
v 35.710544586181641 -229.14375305175781 18.375
v 35.710544586181641 -229.14375305175781 18
v 36.79840087890625 -230.23161315917969 21
v 36.79840087890625 -230.23161315917969 20.625
v 36.79840087890625 -230.23161315917969 18.375
v 36.79840087890625 -230.23161315917969 18
v 37.886257171630859 -231.31947326660156 21
v 37.886257171630859 -231.31947326660156 20.625
v 37.886257171630859 -231.31947326660156 18.375
v 37.886257171630859 -231.31947326660156 18
v 38.974113464355469 -232.40733337402344 21
v 38.974113464355469 -232.40733337402344 20.625
v 38.974113464355469 -232.40733337402344 18.375
v 38.974113464355469 -232.40733337402344 18
v 40.061969757080078 -233.49519348144531 21
v 40.061969757080078 -233.49519348144531 20.625
v 40.061969757080078 -233.49519348144531 18.375
v 40.061969757080078 -233.49519348144531 18
v 41.149826049804688 -234.58303833007813 21
v 41.149826049804688 -234.58303833007813 20.625
v 41.149826049804688 -234.58303833007813 18.375
v 41.149826049804688 -234.58303833007813 18
v 42.237682342529297 -235.6708984375 21
v 42.237682342529297 -235.6708984375 20.625
v 42.237682342529297 -235.6708984375 20.25
v 42.237682342529297 -235.6708984375 19.875
v 42.237682342529297 -235.6708984375 19.5
v 42.237682342529297 -235.6708984375 19.125
v 42.237682342529297 -235.6708984375 18.75
v 42.237682342529297 -235.6708984375 18.375
v 42.237682342529297 -235.6708984375 18
v 28.281162261962891 -221.71438598632813 20.497499465942383
v 28.281162261962891 -221.71438598632813 19.5
v 28.281162261962891 -221.71438598632813 18.502500534057617
v 28.617038726806641 -222.05026245117188 18.502500534057617
v 28.617038726806641 -222.05026245117188 19.5
v 28.617038726806641 -222.05026245117188 20.497499465942383
v 28.988269805908203 -222.42149353027344 20.497499465942383
v 28.988269805908203 -222.42149353027344 19.5
v 28.988269805908203 -222.42149353027344 18.502500534057617
v 29.324146270751953 -222.75735473632813 18.502500534057617
v 29.324146270751953 -222.75735473632813 19.5
v 29.324146270751953 -222.75735473632813 20.497499465942383
v 29.695377349853516 -223.12858581542969 20.497499465942383
v 29.695377349853516 -223.12858581542969 19.5
v 29.695377349853516 -223.12858581542969 18.502500534057617
v 30.031251907348633 -223.46446228027344 18.502500534057617
v 30.031251907348633 -223.46446228027344 19.5
v 30.031251907348633 -223.46446228027344 20.497499465942383
v 30.402482986450195 -223.835693359375 20.497499465942383
v 30.402482986450195 -223.835693359375 19.5
v 30.402482986450195 -223.835693359375 18.502500534057617
v 30.738359451293945 -224.17156982421875 18.502500534057617
v 30.738359451293945 -224.17156982421875 19.5
v 30.738359451293945 -224.17156982421875 20.497499465942383
v 31.109590530395508 -224.54280090332031 20.497499465942383
v 31.109590530395508 -224.54280090332031 19.5
v 31.109590530395508 -224.54280090332031 18.502500534057617
v 31.445465087890625 -224.87867736816406 18.502500534057617
v 31.445465087890625 -224.87867736816406 19.5
v 31.445465087890625 -224.87867736816406 20.497499465942383
v 31.816696166992188 -225.24990844726563 20.497499465942383
v 31.816696166992188 -225.24990844726563 19.5
v 31.816696166992188 -225.24990844726563 18.502500534057617
v 32.152572631835938 -225.58578491210938 18.502500534057617
v 32.152572631835938 -225.58578491210938 19.5
v 32.152572631835938 -225.58578491210938 20.497499465942383
v 32.5238037109375 -225.95701599121094 20.497499465942383
v 32.5238037109375 -225.95701599121094 19.5
v 32.5238037109375 -225.95701599121094 18.502500534057617
v 32.85968017578125 -226.29289245605469 18.502500534057617
v 32.85968017578125 -226.29289245605469 19.5
v 32.85968017578125 -226.29289245605469 20.497499465942383
v 33.230911254882813 -226.66412353515625 20.497499465942383
v 33.230911254882813 -226.66412353515625 19.5
v 33.230911254882813 -226.66412353515625 18.502500534057617
v 33.566787719726563 -227 18.502500534057617
v 33.566787719726563 -227 19.5
v 33.566787719726563 -227 20.497499465942383
v 33.938018798828125 -227.37123107910156 20.497499465942383
v 33.938018798828125 -227.37123107910156 19.5
v 33.938018798828125 -227.37123107910156 18.502500534057617
v 34.273891448974609 -227.70710754394531 18.502500534057617
v 34.273891448974609 -227.70710754394531 19.5
v 34.273891448974609 -227.70710754394531 20.497499465942383
v 34.645122528076172 -228.07833862304688 20.497499465942383
v 34.645122528076172 -228.07833862304688 19.5
v 34.645122528076172 -228.07833862304688 18.502500534057617
v 34.980998992919922 -228.41421508789063 18.502500534057617
v 34.980998992919922 -228.41421508789063 19.5
v 34.980998992919922 -228.41421508789063 20.497499465942383
v 35.352230072021484 -228.78544616699219 20.497499465942383
v 35.352230072021484 -228.78544616699219 19.5
v 35.352230072021484 -228.78544616699219 18.502500534057617
v 35.688106536865234 -229.12132263183594 18.502500534057617
v 35.688106536865234 -229.12132263183594 19.5
v 35.688106536865234 -229.12132263183594 20.497499465942383
v 36.059337615966797 -229.4925537109375 20.497499465942383
v 36.059337615966797 -229.4925537109375 19.5
v 36.059337615966797 -229.4925537109375 18.502500534057617
v 36.395214080810547 -229.82843017578125 18.502500534057617
v 36.395214080810547 -229.82843017578125 19.5
v 36.395214080810547 -229.82843017578125 20.497499465942383
v 36.766445159912109 -230.19966125488281 20.497499465942383
v 36.766445159912109 -230.19966125488281 19.5
v 36.766445159912109 -230.19966125488281 18.502500534057617
v 37.102321624755859 -230.53553771972656 18.502500534057617
v 37.102321624755859 -230.53553771972656 19.5
v 37.102321624755859 -230.53553771972656 20.497499465942383
v 37.473552703857422 -230.90676879882813 20.497499465942383
v 37.473552703857422 -230.90676879882813 19.5
v 37.473552703857422 -230.90676879882813 18.502500534057617
v 37.809425354003906 -231.24264526367188 18.502500534057617
v 37.809425354003906 -231.24264526367188 19.5
v 37.809425354003906 -231.24264526367188 20.497499465942383
v 38.180656433105469 -231.61387634277344 20.497499465942383
v 38.180656433105469 -231.61387634277344 19.5
v 38.180656433105469 -231.61387634277344 18.502500534057617
v 38.516532897949219 -231.94975280761719 18.502500534057617
v 38.516532897949219 -231.94975280761719 19.5
v 38.516532897949219 -231.94975280761719 20.497499465942383
v 38.887763977050781 -232.32098388671875 20.497499465942383
v 38.887763977050781 -232.32098388671875 19.5
v 38.887763977050781 -232.32098388671875 18.502500534057617
v 39.223640441894531 -232.6568603515625 18.502500534057617
v 39.223640441894531 -232.6568603515625 19.5
v 39.223640441894531 -232.6568603515625 20.497499465942383
v 39.594871520996094 -233.02809143066406 20.497499465942383
v 39.594871520996094 -233.02809143066406 19.5
v 39.594871520996094 -233.02809143066406 18.502500534057617
v 39.930747985839844 -233.36396789550781 18.502500534057617
v 39.930747985839844 -233.36396789550781 19.5
v 39.930747985839844 -233.36396789550781 20.497499465942383
v 40.301979064941406 -233.73519897460938 20.497499465942383
v 40.301979064941406 -233.73519897460938 19.5
v 40.301979064941406 -233.73519897460938 18.502500534057617
v 40.637855529785156 -234.07107543945313 18.502500534057617
v 40.637855529785156 -234.07107543945313 19.5
v 40.637855529785156 -234.07107543945313 20.497499465942383
v 41.009086608886719 -234.44230651855469 20.497499465942383
v 41.009086608886719 -234.44230651855469 19.5
v 41.009086608886719 -234.44230651855469 18.502500534057617
v 41.344959259033203 -234.77818298339844 18.502500534057617
v 41.344959259033203 -234.77818298339844 19.5
v 41.344959259033203 -234.77818298339844 20.497499465942383
v 41.716190338134766 -235.1494140625 20.497499465942383
v 41.716190338134766 -235.1494140625 19.5
v 41.716190338134766 -235.1494140625 18.502500534057617
v 42.052066802978516 -235.48529052734375 18.502500534057617
v 42.052066802978516 -235.48529052734375 19.5
v 42.052066802978516 -235.48529052734375 20.497499465942383
v 30.271261215209961 -223.70448303222656 19.875
v 30.271261215209961 -223.70448303222656 18.75
v 30.271261215209961 -223.70448303222656 19.125
v 30.271261215209961 -223.70448303222656 19.5
v 32.446971893310547 -225.88018798828125 19.875
v 32.446971893310547 -225.88018798828125 18.75
v 32.446971893310547 -225.88018798828125 19.125
v 34.622688293457031 -228.055908203125 19.875
v 32.446971893310547 -225.88018798828125 19.5
v 34.622688293457031 -228.055908203125 19.125
v 34.622688293457031 -228.055908203125 18.75
v 34.622688293457031 -228.055908203125 19.5
v 35.710544586181641 -229.14375305175781 19.875
v 37.886257171630859 -231.31947326660156 19.875
v 35.710544586181641 -229.14375305175781 19.125
v 35.710544586181641 -229.14375305175781 19.5
v 35.710544586181641 -229.14375305175781 18.75
v 37.886257171630859 -231.31947326660156 18.75
v 37.886257171630859 -231.31947326660156 19.125
v 37.886257171630859 -231.31947326660156 19.5
v 40.061969757080078 -233.49519348144531 19.875
v 40.061969757080078 -233.49519348144531 19.5
v 40.061969757080078 -233.49519348144531 18.75
v 40.061969757080078 -233.49519348144531 19.125
v 28.281162261962891 -221.71438598632813 20.497499465942383
v 28.281162261962891 -221.71438598632813 18.502500534057617
v 28.617038726806641 -222.05026245117188 20.497499465942383
v 28.617038726806641 -222.05026245117188 18.502500534057617
v 28.988269805908203 -222.42149353027344 18.502500534057617
v 29.156208038330078 -222.58941650390625 18.502500534057617
v 29.324146270751953 -222.75735473632813 18.502500534057617
v 28.988269805908203 -222.42149353027344 19.5
v 29.156208038330078 -222.58941650390625 19.5
v 29.324146270751953 -222.75735473632813 19.5
v 28.988269805908203 -222.42149353027344 20.497499465942383
v 29.156208038330078 -222.58941650390625 20.497499465942383
v 29.324146270751953 -222.75735473632813 20.497499465942383
v 30.031251907348633 -223.46446228027344 18.502500534057617
v 30.031251907348633 -223.46446228027344 20.497499465942383
v 29.695377349853516 -223.12858581542969 18.502500534057617
v 29.695377349853516 -223.12858581542969 20.497499465942383
v 30.402482986450195 -223.835693359375 18.502500534057617
v 30.57042121887207 -224.00363159179688 18.502500534057617
v 30.738359451293945 -224.17156982421875 18.502500534057617
v 30.402482986450195 -223.835693359375 19.5
v 30.57042121887207 -224.00363159179688 19.5
v 30.738359451293945 -224.17156982421875 19.5
v 30.402482986450195 -223.835693359375 20.497499465942383
v 30.57042121887207 -224.00363159179688 20.497499465942383
v 30.738359451293945 -224.17156982421875 20.497499465942383
v 31.445465087890625 -224.87867736816406 18.502500534057617
v 31.445465087890625 -224.87867736816406 20.497499465942383
v 31.109590530395508 -224.54280090332031 18.502500534057617
v 31.109590530395508 -224.54280090332031 20.497499465942383
v 32.152572631835938 -225.58578491210938 18.502500534057617
v 32.152572631835938 -225.58578491210938 20.497499465942383
v 31.816696166992188 -225.24990844726563 18.502500534057617
v 31.816696166992188 -225.24990844726563 20.497499465942383
v 32.85968017578125 -226.29289245605469 18.502500534057617
v 32.85968017578125 -226.29289245605469 20.497499465942383
v 32.5238037109375 -225.95701599121094 18.502500534057617
v 32.5238037109375 -225.95701599121094 20.497499465942383
v 33.230911254882813 -226.66412353515625 20.497499465942383
v 33.230911254882813 -226.66412353515625 18.502500534057617
v 33.566787719726563 -227 20.497499465942383
v 33.566787719726563 -227 18.502500534057617
v 34.273891448974609 -227.70710754394531 18.502500534057617
v 34.273891448974609 -227.70710754394531 20.497499465942383
v 33.938018798828125 -227.37123107910156 18.502500534057617
v 33.938018798828125 -227.37123107910156 20.497499465942383
v 34.645122528076172 -228.07833862304688 20.497499465942383
v 34.645122528076172 -228.07833862304688 18.502500534057617
v 34.980998992919922 -228.41421508789063 20.497499465942383
v 34.980998992919922 -228.41421508789063 18.502500534057617
v 35.352230072021484 -228.78544616699219 18.502500534057617
v 35.688106536865234 -229.12132263183594 18.502500534057617
v 35.352230072021484 -228.78544616699219 20.497499465942383
v 35.688106536865234 -229.12132263183594 20.497499465942383
v 36.395214080810547 -229.82843017578125 18.502500534057617
v 36.395214080810547 -229.82843017578125 20.497499465942383
v 36.059337615966797 -229.4925537109375 18.502500534057617
v 36.059337615966797 -229.4925537109375 20.497499465942383
v 36.766445159912109 -230.19966125488281 20.497499465942383
v 36.766445159912109 -230.19966125488281 18.502500534057617
v 37.102321624755859 -230.53553771972656 20.497499465942383
v 37.102321624755859 -230.53553771972656 18.502500534057617
v 37.809425354003906 -231.24264526367188 18.502500534057617
v 37.809425354003906 -231.24264526367188 20.497499465942383
v 37.473552703857422 -230.90676879882813 18.502500534057617
v 37.473552703857422 -230.90676879882813 20.497499465942383
v 38.516532897949219 -231.94975280761719 18.502500534057617
v 38.516532897949219 -231.94975280761719 20.497499465942383
v 38.180656433105469 -231.61387634277344 18.502500534057617
v 38.180656433105469 -231.61387634277344 20.497499465942383
v 38.887763977050781 -232.32098388671875 20.497499465942383
v 38.887763977050781 -232.32098388671875 18.502500534057617
v 39.223640441894531 -232.6568603515625 20.497499465942383
v 39.223640441894531 -232.6568603515625 18.502500534057617
v 39.594871520996094 -233.02809143066406 20.497499465942383
v 39.594871520996094 -233.02809143066406 18.502500534057617
v 39.930747985839844 -233.36396789550781 20.497499465942383
v 39.930747985839844 -233.36396789550781 18.502500534057617
v 40.301979064941406 -233.73519897460938 18.502500534057617
v 40.637855529785156 -234.07107543945313 18.502500534057617
v 40.301979064941406 -233.73519897460938 20.497499465942383
v 40.637855529785156 -234.07107543945313 20.497499465942383
v 41.344959259033203 -234.77818298339844 18.502500534057617
v 41.344959259033203 -234.77818298339844 20.497499465942383
v 41.009086608886719 -234.44230651855469 18.502500534057617
v 41.009086608886719 -234.44230651855469 20.497499465942383
v 41.716190338134766 -235.1494140625 18.502500534057617
v 42.052066802978516 -235.48529052734375 18.502500534057617
v 41.716190338134766 -235.1494140625 20.497499465942383
v 42.052066802978516 -235.48529052734375 20.497499465942383
v 32.149726867675781 -245.75885009765625 18
v 32.149726867675781 -245.75885009765625 18.375
v 32.149726867675781 -245.75885009765625 18.75
v 32.149726867675781 -245.75885009765625 19.125
v 32.149726867675781 -245.75885009765625 19.5
v 32.149726867675781 -245.75885009765625 19.875
v 32.149726867675781 -245.75885009765625 20.25
v 32.149726867675781 -245.75885009765625 20.625
v 32.149726867675781 -245.75885009765625 21
v 32.925724029541016 -244.98286437988281 18
v 32.925724029541016 -244.98286437988281 18.375
v 32.925724029541016 -244.98286437988281 20.625
v 32.925724029541016 -244.98286437988281 21
v 33.70172119140625 -244.20686340332031 18
v 33.70172119140625 -244.20686340332031 18.375
v 33.70172119140625 -244.20686340332031 20.625
v 33.70172119140625 -244.20686340332031 21
v 34.477714538574219 -243.43086242675781 18
v 34.477714538574219 -243.43086242675781 18.375
v 34.477714538574219 -243.43086242675781 20.625
v 34.477714538574219 -243.43086242675781 21
v 35.253711700439453 -242.65487670898438 18
v 35.253711700439453 -242.65487670898438 18.375
v 35.253711700439453 -242.65487670898438 20.625
v 35.253711700439453 -242.65487670898438 21
v 36.029708862304688 -241.87887573242188 18
v 36.029708862304688 -241.87887573242188 18.375
v 36.029708862304688 -241.87887573242188 20.625
v 36.029708862304688 -241.87887573242188 21
v 36.805706024169922 -241.10287475585938 18
v 36.805706024169922 -241.10287475585938 18.375
v 36.805706024169922 -241.10287475585938 20.625
v 36.805706024169922 -241.10287475585938 21
v 37.581703186035156 -240.32687377929688 18
v 37.581703186035156 -240.32687377929688 18.375
v 37.581703186035156 -240.32687377929688 20.625
v 37.581703186035156 -240.32687377929688 21
v 38.357700347900391 -239.55088806152344 18
v 38.357700347900391 -239.55088806152344 18.375
v 38.357700347900391 -239.55088806152344 20.625
v 38.357700347900391 -239.55088806152344 21
v 39.133697509765625 -238.77488708496094 18
v 39.133697509765625 -238.77488708496094 18.375
v 39.133697509765625 -238.77488708496094 20.625
v 39.133697509765625 -238.77488708496094 21
v 39.909694671630859 -237.99888610839844 18
v 39.909694671630859 -237.99888610839844 18.375
v 39.909694671630859 -237.99888610839844 20.625
v 39.909694671630859 -237.99888610839844 21
v 40.685688018798828 -237.22288513183594 18
v 40.685688018798828 -237.22288513183594 18.375
v 40.685688018798828 -237.22288513183594 20.625
v 40.685688018798828 -237.22288513183594 21
v 41.461685180664063 -236.4468994140625 18
v 41.461685180664063 -236.4468994140625 18.375
v 41.461685180664063 -236.4468994140625 20.625
v 41.461685180664063 -236.4468994140625 21
v 42.237682342529297 -235.6708984375 18
v 42.237682342529297 -235.6708984375 18.375
v 42.237682342529297 -235.6708984375 18.75
v 42.237682342529297 -235.6708984375 19.125
v 42.237682342529297 -235.6708984375 19.5
v 42.237682342529297 -235.6708984375 19.875
v 42.237682342529297 -235.6708984375 20.25
v 42.237682342529297 -235.6708984375 20.625
v 42.237682342529297 -235.6708984375 21
v 41.972873687744141 -235.93571472167969 20.497499465942383
v 41.972873687744141 -235.93571472167969 19.832500457763672
v 41.972873687744141 -235.93571472167969 19.167499542236328
v 41.972873687744141 -235.93571472167969 18.502500534057617
v 41.493698120117188 -236.41488647460938 18.502500534057617
v 41.493698120117188 -236.41488647460938 19.167499542236328
v 41.493698120117188 -236.41488647460938 19.832500457763672
v 41.493698120117188 -236.41488647460938 20.497499465942383
v 40.964076995849609 -236.94450378417969 20.497499465942383
v 40.964076995849609 -236.94450378417969 19.832500457763672
v 40.964076995849609 -236.94450378417969 19.167499542236328
v 40.964076995849609 -236.94450378417969 18.502500534057617
v 40.484901428222656 -237.42367553710938 18.502500534057617
v 40.484901428222656 -237.42367553710938 19.167499542236328
v 40.484901428222656 -237.42367553710938 19.832500457763672
v 40.484901428222656 -237.42367553710938 20.497499465942383
v 39.955284118652344 -237.95329284667969 20.497499465942383
v 39.955284118652344 -237.95329284667969 19.832500457763672
v 39.955284118652344 -237.95329284667969 19.167499542236328
v 39.955284118652344 -237.95329284667969 18.502500534057617
v 39.476104736328125 -238.43247985839844 18.502500534057617
v 39.476104736328125 -238.43247985839844 19.167499542236328
v 39.476104736328125 -238.43247985839844 19.832500457763672
v 39.476104736328125 -238.43247985839844 20.497499465942383
v 38.946487426757813 -238.96209716796875 20.497499465942383
v 38.946487426757813 -238.96209716796875 19.832500457763672
v 38.946487426757813 -238.96209716796875 19.167499542236328
v 38.946487426757813 -238.96209716796875 18.502500534057617
v 38.467308044433594 -239.44126892089844 18.502500534057617
v 38.467308044433594 -239.44126892089844 19.167499542236328
v 38.467308044433594 -239.44126892089844 19.832500457763672
v 38.467308044433594 -239.44126892089844 20.497499465942383
v 37.937690734863281 -239.97088623046875 20.497499465942383
v 37.937690734863281 -239.97088623046875 19.832500457763672
v 37.937690734863281 -239.97088623046875 19.167499542236328
v 37.937690734863281 -239.97088623046875 18.502500534057617
v 37.458515167236328 -240.4500732421875 18.502500534057617
v 37.458515167236328 -240.4500732421875 19.167499542236328
v 37.458515167236328 -240.4500732421875 19.832500457763672
v 37.458515167236328 -240.4500732421875 20.497499465942383
v 36.92889404296875 -240.97969055175781 20.497499465942383
v 36.92889404296875 -240.97969055175781 19.832500457763672
v 36.92889404296875 -240.97969055175781 19.167499542236328
v 36.92889404296875 -240.97969055175781 18.502500534057617
v 36.449718475341797 -241.4588623046875 18.502500534057617
v 36.449718475341797 -241.4588623046875 19.167499542236328
v 36.449718475341797 -241.4588623046875 19.832500457763672
v 36.449718475341797 -241.4588623046875 20.497499465942383
v 35.920101165771484 -241.98847961425781 20.497499465942383
v 35.920101165771484 -241.98847961425781 19.832500457763672
v 35.920101165771484 -241.98847961425781 19.167499542236328
v 35.920101165771484 -241.98847961425781 18.502500534057617
v 35.440921783447266 -242.46766662597656 18.502500534057617
v 35.440921783447266 -242.46766662597656 19.167499542236328
v 35.440921783447266 -242.46766662597656 19.832500457763672
v 35.440921783447266 -242.46766662597656 20.497499465942383
v 34.911304473876953 -242.99728393554688 20.497499465942383
v 34.911304473876953 -242.99728393554688 19.832500457763672
v 34.911304473876953 -242.99728393554688 19.167499542236328
v 34.911304473876953 -242.99728393554688 18.502500534057617
v 34.432125091552734 -243.47645568847656 18.502500534057617
v 34.432125091552734 -243.47645568847656 19.167499542236328
v 34.432125091552734 -243.47645568847656 19.832500457763672
v 34.432125091552734 -243.47645568847656 20.497499465942383
v 33.902507781982422 -244.00607299804688 20.497499465942383
v 33.902507781982422 -244.00607299804688 19.832500457763672
v 33.902507781982422 -244.00607299804688 19.167499542236328
v 33.902507781982422 -244.00607299804688 18.502500534057617
v 33.423332214355469 -244.48524475097656 18.502500534057617
v 33.423332214355469 -244.48524475097656 19.167499542236328
v 33.423332214355469 -244.48524475097656 19.832500457763672
v 33.423332214355469 -244.48524475097656 20.497499465942383
v 32.893714904785156 -245.01486206054688 20.497499465942383
v 32.893714904785156 -245.01486206054688 19.832500457763672
v 32.893714904785156 -245.01486206054688 19.167499542236328
v 32.893714904785156 -245.01486206054688 18.502500534057617
v 32.414535522460938 -245.49404907226563 18.502500534057617
v 32.414535522460938 -245.49404907226563 19.167499542236328
v 32.414535522460938 -245.49404907226563 19.832500457763672
v 32.414535522460938 -245.49404907226563 20.497499465942383
v 32.925724029541016 -244.98286437988281 19.125
v 32.925724029541016 -244.98286437988281 19.5
v 32.925724029541016 -244.98286437988281 19.875
v 35.253711700439453 -242.65487670898438 19.125
v 36.029708862304688 -241.87887573242188 19.125
v 35.253711700439453 -242.65487670898438 19.5
v 36.029708862304688 -241.87887573242188 19.5
v 32.925724029541016 -244.98286437988281 20.25
v 35.253711700439453 -242.65487670898438 19.875
v 35.253711700439453 -242.65487670898438 20.25
v 36.029708862304688 -241.87887573242188 19.875
v 36.029708862304688 -241.87887573242188 20.25
v 38.357700347900391 -239.55088806152344 19.125
v 39.133697509765625 -238.77488708496094 19.125
v 38.357700347900391 -239.55088806152344 19.5
v 39.133697509765625 -238.77488708496094 19.5
v 41.461685180664063 -236.4468994140625 19.125
v 41.461685180664063 -236.4468994140625 19.5
v 38.357700347900391 -239.55088806152344 19.875
v 38.357700347900391 -239.55088806152344 20.25
v 39.133697509765625 -238.77488708496094 19.875
v 39.133697509765625 -238.77488708496094 20.25
v 41.461685180664063 -236.4468994140625 19.875
v 41.461685180664063 -236.4468994140625 20.25
v 41.493698120117188 -236.41488647460938 18.502500534057617
v 41.493698120117188 -236.41488647460938 20.497499465942383
v 41.972873687744141 -235.93571472167969 18.502500534057617
v 41.972873687744141 -235.93571472167969 20.497499465942383
v 40.964076995849609 -236.94450378417969 18.502500534057617
v 40.484901428222656 -237.42367553710938 18.502500534057617
v 40.964076995849609 -236.94450378417969 20.497499465942383
v 40.484901428222656 -237.42367553710938 20.497499465942383
v 39.476104736328125 -238.43247985839844 18.502500534057617
v 39.476104736328125 -238.43247985839844 20.497499465942383
v 39.955284118652344 -237.95329284667969 18.502500534057617
v 39.955284118652344 -237.95329284667969 20.497499465942383
v 38.467308044433594 -239.44126892089844 18.502500534057617
v 38.467308044433594 -239.44126892089844 20.497499465942383
v 38.946487426757813 -238.96209716796875 18.502500534057617
v 38.946487426757813 -238.96209716796875 20.497499465942383
v 37.458515167236328 -240.4500732421875 18.502500534057617
v 37.458515167236328 -240.4500732421875 20.497499465942383
v 37.937690734863281 -239.97088623046875 18.502500534057617
v 37.937690734863281 -239.97088623046875 20.497499465942383
v 36.449718475341797 -241.4588623046875 18.502500534057617
v 36.449718475341797 -241.4588623046875 20.497499465942383
v 36.92889404296875 -240.97969055175781 18.502500534057617
v 36.92889404296875 -240.97969055175781 20.497499465942383
v 35.440921783447266 -242.46766662597656 18.502500534057617
v 35.440921783447266 -242.46766662597656 20.497499465942383
v 35.920101165771484 -241.98847961425781 18.502500534057617
v 35.920101165771484 -241.98847961425781 20.497499465942383
v 34.432125091552734 -243.47645568847656 18.502500534057617
v 34.432125091552734 -243.47645568847656 20.497499465942383
v 34.911304473876953 -242.99728393554688 18.502500534057617
v 34.911304473876953 -242.99728393554688 20.497499465942383
v 33.423332214355469 -244.48524475097656 18.502500534057617
v 33.423332214355469 -244.48524475097656 20.497499465942383
v 33.902507781982422 -244.00607299804688 18.502500534057617
v 33.902507781982422 -244.00607299804688 20.497499465942383
v 32.414535522460938 -245.49404907226563 18.502500534057617
v 32.414535522460938 -245.49404907226563 20.497499465942383
v 32.893714904785156 -245.01486206054688 18.502500534057617
v 32.893714904785156 -245.01486206054688 20.497499465942383
v 28.095546722412109 -221.52876281738281 18
v 23.051568984985352 -226.57273864746094 18
v 18.007591247558594 -231.61671447753906 18
v 42.237682342529297 -235.6708984375 18
v 37.193706512451172 -240.71487426757813 18
v 32.149726867675781 -245.75885009765625 18
v 42.237682342529297 -235.6708984375 21
v 37.193706512451172 -240.71487426757813 21
v 32.149726867675781 -245.75885009765625 21
v 35.166614532470703 -228.59983825683594 21
v 30.122636795043945 -233.64381408691406 21
v 25.078659057617188 -238.68778991699219 21
v 28.095546722412109 -221.52876281738281 21
v 23.051568984985352 -226.57273864746094 21
v 18.007591247558594 -231.61671447753906 21
vt 0 0
vt 0 0.125
vt 0 0.25
vt 0 0.375
vt 0 0.5
vt 0 0.625
vt 0 0.75
vt 0 0.875
vt 0 1
vt 0.076923079788684845 0
vt 0.076923079788684845 0.125
vt 0.076923079788684845 0.875
vt 0.076923079788684845 1
vt 0.15384615957736969 0
vt 0.15384615957736969 0.125
vt 0.15384615957736969 0.875
vt 0.15384615957736969 1
vt 0.23076923191547394 0
vt 0.23076923191547394 0.125
vt 0.23076923191547394 0.875
vt 0.23076923191547394 1
vt 0.30769231915473938 0
vt 0.30769231915473938 0.125
vt 0.30769231915473938 0.875
vt 0.30769231915473938 1
vt 0.38461539149284363 0
vt 0.38461539149284363 0.125
vt 0.38461539149284363 0.875
vt 0.38461539149284363 1
vt 0.46153846383094788 0
vt 0.46153846383094788 0.125
vt 0.46153846383094788 0.875
vt 0.46153846383094788 1
vt 0.53846156597137451 0
vt 0.53846156597137451 0.125
vt 0.53846156597137451 0.875
vt 0.53846156597137451 1
vt 0.61538463830947876 0
vt 0.61538463830947876 0.125
vt 0.61538463830947876 0.875
vt 0.61538463830947876 1
vt 0.69230771064758301 0
vt 0.69230771064758301 0.125
vt 0.69230771064758301 0.875
vt 0.69230771064758301 1
vt 0.76923078298568726 0
vt 0.76923078298568726 0.125
vt 0.76923078298568726 0.875
vt 0.76923078298568726 1
vt 0.8461538553237915 0
vt 0.8461538553237915 0.125
vt 0.8461538553237915 0.875
vt 0.8461538553237915 1
vt 0.92307692766189575 0
vt 0.92307692766189575 0.125
vt 0.92307692766189575 0.875
vt 0.92307692766189575 1
vt 1 0
vt 1 0.125
vt 1 0.25
vt 1 0.375
vt 1 0.5
vt 1 0.625
vt 1 0.75
vt 1 0.875
vt 1 1
vt 0.026249999180436134 0.16750000417232513
vt 0.026249999180436134 0.38916665315628052
vt 0.026249999180436134 0.61083334684371948
vt 0.026249999180436134 0.83249998092651367
vt 0.073749996721744537 0.83249998092651367
vt 0.073749996721744537 0.61083334684371948
vt 0.073749996721744537 0.38916665315628052
vt 0.073749996721744537 0.16750000417232513
vt 0.1262499988079071 0.16750000417232513
vt 0.1262499988079071 0.38916665315628052
vt 0.1262499988079071 0.61083334684371948
vt 0.1262499988079071 0.83249998092651367
vt 0.17374999821186066 0.83249998092651367
vt 0.17374999821186066 0.61083334684371948
vt 0.17374999821186066 0.38916665315628052
vt 0.17374999821186066 0.16750000417232513
vt 0.22624999284744263 0.16750000417232513
vt 0.22624999284744263 0.38916665315628052
vt 0.22624999284744263 0.61083334684371948
vt 0.22624999284744263 0.83249998092651367
vt 0.27375000715255737 0.83249998092651367
vt 0.27375000715255737 0.61083334684371948
vt 0.27375000715255737 0.38916665315628052
vt 0.27375000715255737 0.16750000417232513
vt 0.32624998688697815 0.16750000417232513
vt 0.32624998688697815 0.38916665315628052
vt 0.32624998688697815 0.61083334684371948
vt 0.32624998688697815 0.83249998092651367
vt 0.3737500011920929 0.83249998092651367
vt 0.3737500011920929 0.61083334684371948
vt 0.3737500011920929 0.38916665315628052
vt 0.3737500011920929 0.16750000417232513
vt 0.42625001072883606 0.16750000417232513
vt 0.42625001072883606 0.38916665315628052
vt 0.42625001072883606 0.61083334684371948
vt 0.42625001072883606 0.83249998092651367
vt 0.47374999523162842 0.83249998092651367
vt 0.47374999523162842 0.61083334684371948
vt 0.47374999523162842 0.38916665315628052
vt 0.47374999523162842 0.16750000417232513
vt 0.52625000476837158 0.16750000417232513
vt 0.52625000476837158 0.38916665315628052
vt 0.52625000476837158 0.61083334684371948
vt 0.52625000476837158 0.83249998092651367
vt 0.57375001907348633 0.83249998092651367
vt 0.57375001907348633 0.61083334684371948
vt 0.57375001907348633 0.38916665315628052
vt 0.57375001907348633 0.16750000417232513
vt 0.62625002861022949 0.16750000417232513
vt 0.62625002861022949 0.38916665315628052
vt 0.62625002861022949 0.61083334684371948
vt 0.62625002861022949 0.83249998092651367
vt 0.67374998331069946 0.83249998092651367
vt 0.67374998331069946 0.61083334684371948
vt 0.67374998331069946 0.38916665315628052
vt 0.67374998331069946 0.16750000417232513
vt 0.72624999284744263 0.16750000417232513
vt 0.72624999284744263 0.38916665315628052
vt 0.72624999284744263 0.61083334684371948
vt 0.72624999284744263 0.83249998092651367
vt 0.77375000715255737 0.83249998092651367
vt 0.77375000715255737 0.61083334684371948
vt 0.77375000715255737 0.38916665315628052
vt 0.77375000715255737 0.16750000417232513
vt 0.82625001668930054 0.16750000417232513
vt 0.82625001668930054 0.38916665315628052
vt 0.82625001668930054 0.61083334684371948
vt 0.82625001668930054 0.83249998092651367
vt 0.87374997138977051 0.83249998092651367
vt 0.87374997138977051 0.61083334684371948
vt 0.87374997138977051 0.38916665315628052
vt 0.87374997138977051 0.16750000417232513
vt 0.92624998092651367 0.16750000417232513
vt 0.92624998092651367 0.38916665315628052
vt 0.92624998092651367 0.61083334684371948
vt 0.92624998092651367 0.83249998092651367
vt 0.97374999523162842 0.83249998092651367
vt 0.97374999523162842 0.61083334684371948
vt 0.97374999523162842 0.38916665315628052
vt 0.97374999523162842 0.16750000417232513
vt 0.076923079788684845 0.375
vt 0.076923079788684845 0.5
vt 0.30769231915473938 0.375
vt 0.38461539149284363 0.375
vt 0.30769231915473938 0.5
vt 0.38461539149284363 0.5
vt 0.076923079788684845 0.625
vt 0.076923079788684845 0.75
vt 0.30769231915473938 0.625
vt 0.30769231915473938 0.75
vt 0.38461539149284363 0.625
vt 0.38461539149284363 0.75
vt 0.61538463830947876 0.375
vt 0.69230771064758301 0.375
vt 0.61538463830947876 0.5
vt 0.61538463830947876 0.625
vt 0.69230771064758301 0.5
vt 0.92307692766189575 0.375
vt 0.92307692766189575 0.5
vt 0.92307692766189575 0.625
vt 0.61538463830947876 0.75
vt 0.69230771064758301 0.625
vt 0.69230771064758301 0.75
vt 0.92307692766189575 0.75
vt 0 0
vt 0 1
vt 1 0
vt 1 1
vt 0 0
vt 0 1
vt 1 0
vt 1 1
vt 0 0
vt 0 1
vt 1 0
vt 1 1
vt 0 0
vt 0 1
vt 1 0
vt 1 1
vt 0 0
vt 0 1
vt 1 0
vt 1 1
vt 0 0
vt 0 1
vt 1 0
vt 1 1
vt 0 0
vt 0 1
vt 1 0
vt 1 1
vt 0 0
vt 0 1
vt 1 0
vt 1 1
vt 0 0
vt 0 1
vt 1 0
vt 1 1
vt 0 0
vt 0 1
vt 1 0
vt 1 1
vt 0 0
vt 0 0.125
vt 0 0.25
vt 0 0.375
vt 0 0.5
vt 0 0.625
vt 0 0.75
vt 0 0.875
vt 0 1
vt 0.076923079788684845 0
vt 0.076923079788684845 0.125
vt 0.076923079788684845 0.25
vt 0.076923079788684845 0.75
vt 0.076923079788684845 0.875
vt 0.076923079788684845 1
vt 0.15384615957736969 0
vt 0.15384615957736969 0.125
vt 0.15384615957736969 0.25
vt 0.15384615957736969 0.75
vt 0.15384615957736969 0.875
vt 0.15384615957736969 1
vt 0.23076923191547394 0
vt 0.23076923191547394 0.125
vt 0.23076923191547394 0.25
vt 0.23076923191547394 0.75
vt 0.23076923191547394 0.875
vt 0.23076923191547394 1
vt 0.30769231915473938 0
vt 0.30769231915473938 0.125
vt 0.30769231915473938 0.25
vt 0.30769231915473938 0.75
vt 0.30769231915473938 0.875
vt 0.30769231915473938 1
vt 0.38461539149284363 0
vt 0.38461539149284363 0.125
vt 0.38461539149284363 0.25
vt 0.38461539149284363 0.75
vt 0.38461539149284363 0.875
vt 0.38461539149284363 1
vt 0.46153846383094788 0
vt 0.46153846383094788 0.125
vt 0.46153846383094788 0.25
vt 0.46153846383094788 0.75
vt 0.46153846383094788 0.875
vt 0.46153846383094788 1
vt 0.53846156597137451 0
vt 0.53846156597137451 0.125
vt 0.53846156597137451 0.25
vt 0.53846156597137451 0.75
vt 0.53846156597137451 0.875
vt 0.53846156597137451 1
vt 0.61538463830947876 0
vt 0.61538463830947876 0.125
vt 0.61538463830947876 0.25
vt 0.61538463830947876 0.75
vt 0.61538463830947876 0.875
vt 0.61538463830947876 1
vt 0.69230771064758301 0
vt 0.69230771064758301 0.125
vt 0.69230771064758301 0.25
vt 0.69230771064758301 0.75
vt 0.69230771064758301 0.875
vt 0.69230771064758301 1
vt 0.76923078298568726 0
vt 0.76923078298568726 0.125
vt 0.76923078298568726 0.25
vt 0.76923078298568726 0.75
vt 0.76923078298568726 0.875
vt 0.76923078298568726 1
vt 0.8461538553237915 0
vt 0.8461538553237915 0.125
vt 0.8461538553237915 0.25
vt 0.8461538553237915 0.75
vt 0.8461538553237915 0.875
vt 0.8461538553237915 1
vt 0.92307692766189575 0
vt 0.92307692766189575 0.125
vt 0.92307692766189575 0.25
vt 0.92307692766189575 0.75
vt 0.92307692766189575 0.875
vt 0.92307692766189575 1
vt 1 0
vt 1 0.125
vt 1 0.25
vt 1 0.375
vt 1 0.5
vt 1 0.625
vt 1 0.75
vt 1 0.875
vt 1 1
vt 0.013124999590218067 0.35749998688697815
vt 0.013124999590218067 0.64249998331069946
vt 0.036874998360872269 0.64249998331069946
vt 0.036874998360872269 0.35749998688697815
vt 0.063124999403953552 0.35749998688697815
vt 0.063124999403953552 0.64249998331069946
vt 0.086874999105930328 0.64249998331069946
vt 0.086874999105930328 0.35749998688697815
vt 0.11312499642372131 0.35749998688697815
vt 0.11312499642372131 0.64249998331069946
vt 0.13687500357627869 0.64249998331069946
vt 0.13687500357627869 0.35749998688697815
vt 0.16312499344348907 0.35749998688697815
vt 0.16312499344348907 0.64249998331069946
vt 0.18687500059604645 0.64249998331069946
vt 0.18687500059604645 0.35749998688697815
vt 0.21312500536441803 0.35749998688697815
vt 0.21312500536441803 0.64249998331069946
vt 0.23687499761581421 0.64249998331069946
vt 0.23687499761581421 0.35749998688697815
vt 0.26312500238418579 0.35749998688697815
vt 0.26312500238418579 0.64249998331069946
vt 0.28687500953674316 0.64249998331069946
vt 0.28687500953674316 0.35749998688697815
vt 0.31312501430511475 0.35749998688697815
vt 0.31312501430511475 0.64249998331069946
vt 0.33687499165534973 0.64249998331069946
vt 0.33687499165534973 0.35749998688697815
vt 0.36312499642372131 0.35749998688697815
vt 0.36312499642372131 0.64249998331069946
vt 0.38687500357627869 0.64249998331069946
vt 0.38687500357627869 0.35749998688697815
vt 0.41312500834465027 0.35749998688697815
vt 0.41312500834465027 0.64249998331069946
vt 0.43687498569488525 0.64249998331069946
vt 0.43687498569488525 0.35749998688697815
vt 0.46312499046325684 0.35749998688697815
vt 0.46312499046325684 0.64249998331069946
vt 0.48687499761581421 0.64249998331069946
vt 0.48687499761581421 0.35749998688697815
vt 0.51312500238418579 0.35749998688697815
vt 0.51312500238418579 0.64249998331069946
vt 0.53687500953674316 0.64249998331069946
vt 0.53687500953674316 0.35749998688697815
vt 0.56312501430511475 0.35749998688697815
vt 0.56312501430511475 0.64249998331069946
vt 0.58687502145767212 0.64249998331069946
vt 0.58687502145767212 0.35749998688697815
vt 0.6131250262260437 0.35749998688697815
vt 0.6131250262260437 0.64249998331069946
vt 0.6368749737739563 0.64249998331069946
vt 0.6368749737739563 0.35749998688697815
vt 0.66312497854232788 0.35749998688697815
vt 0.66312497854232788 0.64249998331069946
vt 0.68687498569488525 0.64249998331069946
vt 0.68687498569488525 0.35749998688697815
vt 0.71312499046325684 0.35749998688697815
vt 0.71312499046325684 0.64249998331069946
vt 0.73687499761581421 0.64249998331069946
vt 0.73687499761581421 0.35749998688697815
vt 0.76312500238418579 0.35749998688697815
vt 0.76312500238418579 0.64249998331069946
vt 0.78687500953674316 0.64249998331069946
vt 0.78687500953674316 0.35749998688697815
vt 0.81312501430511475 0.35749998688697815
vt 0.81312501430511475 0.64249998331069946
vt 0.83687502145767212 0.64249998331069946
vt 0.83687502145767212 0.35749998688697815
vt 0.8631250262260437 0.35749998688697815
vt 0.8631250262260437 0.64249998331069946
vt 0.8868749737739563 0.64249998331069946
vt 0.8868749737739563 0.35749998688697815
vt 0.91312497854232788 0.35749998688697815
vt 0.91312497854232788 0.64249998331069946
vt 0.93687498569488525 0.64249998331069946
vt 0.93687498569488525 0.35749998688697815
vt 0.96312499046325684 0.35749998688697815
vt 0.96312499046325684 0.64249998331069946
vt 0.98687499761581421 0.64249998331069946
vt 0.98687499761581421 0.35749998688697815
vt 0.15384615957736969 0.5
vt 0.15384615957736969 0.625
vt 0.30769231915473938 0.5
vt 0.46153846383094788 0.5
vt 0.30769231915473938 0.625
vt 0.46153846383094788 0.625
vt 0.53846156597137451 0.5
vt 0.69230771064758301 0.5
vt 0.69230771064758301 0.625
vt 0.8461538553237915 0.5
vt 0.53846156597137451 0.625
vt 0.8461538553237915 0.625
vt 0 0
vt 0 0.5
vt 0 1
vt 1 0
vt 1 0.5
vt 1 1
vt 0 0
vt 0 1
vt 1 0
vt 1 1
vt 0 0
vt 0 1
vt 0.5 0
vt 0.5 1
vt 1 0
vt 1 1
vt 0 0
vt 0 1
vt 1 0
vt 1 1
vt 0 0
vt 0 1
vt 1 0
vt 1 1
vt 0 0
vt 0 0.5
vt 0 1
vt 1 0
vt 1 0.5
vt 1 1
vt 0 0
vt 0 1
vt 1 0
vt 1 1
vt 0 0
vt 0 1
vt 1 0
vt 1 1
vt 0 0
vt 0 1
vt 1 0
vt 1 1
vt 0 0
vt 0 1
vt 1 0
vt 1 1
vt 0 0
vt 0 1
vt 1 0
vt 1 1
vt 0 0
vt 0 1
vt 0.5 0
vt 0.5 1
vt 1 0
vt 1 1
vt 0 0
vt 0 1
vt 1 0
vt 1 1
vt 0 0
vt 0 1
vt 1 0
vt 1 1
vt 0 0
vt 0 1
vt 1 0
vt 1 1
vt 0 0
vt 0 1
vt 1 0
vt 1 1
vt 0 0
vt 0 0.5
vt 0 1
vt 1 0
vt 1 0.5
vt 1 1
vt 0 0
vt 0 1
vt 1 0
vt 1 1
vt 0 0
vt 0 1
vt 1 0
vt 1 1
vt 0 0
vt 0 1
vt 1 0
vt 1 1
vt 0 0
vt 0 0.125
vt 0 0.25
vt 0 0.375
vt 0 0.5
vt 0 0.625
vt 0 0.75
vt 0 0.875
vt 0 1
vt 0.076923079788684845 0
vt 0.076923079788684845 0.125
vt 0.076923079788684845 0.875
vt 0.076923079788684845 1
vt 0.15384615957736969 0
vt 0.15384615957736969 0.125
vt 0.15384615957736969 0.875
vt 0.15384615957736969 1
vt 0.23076923191547394 0
vt 0.23076923191547394 0.125
vt 0.23076923191547394 0.875
vt 0.23076923191547394 1
vt 0.30769231915473938 0
vt 0.30769231915473938 0.125
vt 0.30769231915473938 0.875
vt 0.30769231915473938 1
vt 0.38461539149284363 0
vt 0.38461539149284363 0.125
vt 0.38461539149284363 0.875
vt 0.38461539149284363 1
vt 0.46153846383094788 0
vt 0.46153846383094788 0.125
vt 0.46153846383094788 0.875
vt 0.46153846383094788 1
vt 0.53846156597137451 0
vt 0.53846156597137451 0.125
vt 0.53846156597137451 0.875
vt 0.53846156597137451 1
vt 0.61538463830947876 0
vt 0.61538463830947876 0.125
vt 0.61538463830947876 0.875
vt 0.61538463830947876 1
vt 0.69230771064758301 0
vt 0.69230771064758301 0.125
vt 0.69230771064758301 0.875
vt 0.69230771064758301 1
vt 0.76923078298568726 0
vt 0.76923078298568726 0.125
vt 0.76923078298568726 0.875
vt 0.76923078298568726 1
vt 0.8461538553237915 0
vt 0.8461538553237915 0.125
vt 0.8461538553237915 0.875
vt 0.8461538553237915 1
vt 0.92307692766189575 0
vt 0.92307692766189575 0.125
vt 0.92307692766189575 0.875
vt 0.92307692766189575 1
vt 1 0
vt 1 0.125
vt 1 0.25
vt 1 0.375
vt 1 0.5
vt 1 0.625
vt 1 0.75
vt 1 0.875
vt 1 1
vt 0.013124999590218067 0.16750000417232513
vt 0.013124999590218067 0.5
vt 0.013124999590218067 0.83249998092651367
vt 0.036874998360872269 0.83249998092651367
vt 0.036874998360872269 0.5
vt 0.036874998360872269 0.16750000417232513
vt 0.063124999403953552 0.16750000417232513
vt 0.063124999403953552 0.5
vt 0.063124999403953552 0.83249998092651367
vt 0.086874999105930328 0.83249998092651367
vt 0.086874999105930328 0.5
vt 0.086874999105930328 0.16750000417232513
vt 0.11312499642372131 0.16750000417232513
vt 0.11312499642372131 0.5
vt 0.11312499642372131 0.83249998092651367
vt 0.13687500357627869 0.83249998092651367
vt 0.13687500357627869 0.5
vt 0.13687500357627869 0.16750000417232513
vt 0.16312499344348907 0.16750000417232513
vt 0.16312499344348907 0.5
vt 0.16312499344348907 0.83249998092651367
vt 0.18687500059604645 0.83249998092651367
vt 0.18687500059604645 0.5
vt 0.18687500059604645 0.16750000417232513
vt 0.21312500536441803 0.16750000417232513
vt 0.21312500536441803 0.5
vt 0.21312500536441803 0.83249998092651367
vt 0.23687499761581421 0.83249998092651367
vt 0.23687499761581421 0.5
vt 0.23687499761581421 0.16750000417232513
vt 0.26312500238418579 0.16750000417232513
vt 0.26312500238418579 0.5
vt 0.26312500238418579 0.83249998092651367
vt 0.28687500953674316 0.83249998092651367
vt 0.28687500953674316 0.5
vt 0.28687500953674316 0.16750000417232513
vt 0.31312501430511475 0.16750000417232513
vt 0.31312501430511475 0.5
vt 0.31312501430511475 0.83249998092651367
vt 0.33687499165534973 0.83249998092651367
vt 0.33687499165534973 0.5
vt 0.33687499165534973 0.16750000417232513
vt 0.36312499642372131 0.16750000417232513
vt 0.36312499642372131 0.5
vt 0.36312499642372131 0.83249998092651367
vt 0.38687500357627869 0.83249998092651367
vt 0.38687500357627869 0.5
vt 0.38687500357627869 0.16750000417232513
vt 0.41312500834465027 0.16750000417232513
vt 0.41312500834465027 0.5
vt 0.41312500834465027 0.83249998092651367
vt 0.43687498569488525 0.83249998092651367
vt 0.43687498569488525 0.5
vt 0.43687498569488525 0.16750000417232513
vt 0.46312499046325684 0.16750000417232513
vt 0.46312499046325684 0.5
vt 0.46312499046325684 0.83249998092651367
vt 0.48687499761581421 0.83249998092651367
vt 0.48687499761581421 0.5
vt 0.48687499761581421 0.16750000417232513
vt 0.51312500238418579 0.16750000417232513
vt 0.51312500238418579 0.5
vt 0.51312500238418579 0.83249998092651367
vt 0.53687500953674316 0.83249998092651367
vt 0.53687500953674316 0.5
vt 0.53687500953674316 0.16750000417232513
vt 0.56312501430511475 0.16750000417232513
vt 0.56312501430511475 0.5
vt 0.56312501430511475 0.83249998092651367
vt 0.58687502145767212 0.83249998092651367
vt 0.58687502145767212 0.5
vt 0.58687502145767212 0.16750000417232513
vt 0.6131250262260437 0.16750000417232513
vt 0.6131250262260437 0.5
vt 0.6131250262260437 0.83249998092651367
vt 0.6368749737739563 0.83249998092651367
vt 0.6368749737739563 0.5
vt 0.6368749737739563 0.16750000417232513
vt 0.66312497854232788 0.16750000417232513
vt 0.66312497854232788 0.5
vt 0.66312497854232788 0.83249998092651367
vt 0.68687498569488525 0.83249998092651367
vt 0.68687498569488525 0.5
vt 0.68687498569488525 0.16750000417232513
vt 0.71312499046325684 0.16750000417232513
vt 0.71312499046325684 0.5
vt 0.71312499046325684 0.83249998092651367
vt 0.73687499761581421 0.83249998092651367
vt 0.73687499761581421 0.5
vt 0.73687499761581421 0.16750000417232513
vt 0.76312500238418579 0.16750000417232513
vt 0.76312500238418579 0.5
vt 0.76312500238418579 0.83249998092651367
vt 0.78687500953674316 0.83249998092651367
vt 0.78687500953674316 0.5
vt 0.78687500953674316 0.16750000417232513
vt 0.81312501430511475 0.16750000417232513
vt 0.81312501430511475 0.5
vt 0.81312501430511475 0.83249998092651367
vt 0.83687502145767212 0.83249998092651367
vt 0.83687502145767212 0.5
vt 0.83687502145767212 0.16750000417232513
vt 0.8631250262260437 0.16750000417232513
vt 0.8631250262260437 0.5
vt 0.8631250262260437 0.83249998092651367
vt 0.8868749737739563 0.83249998092651367
vt 0.8868749737739563 0.5
vt 0.8868749737739563 0.16750000417232513
vt 0.91312497854232788 0.16750000417232513
vt 0.91312497854232788 0.5
vt 0.91312497854232788 0.83249998092651367
vt 0.93687498569488525 0.83249998092651367
vt 0.93687498569488525 0.5
vt 0.93687498569488525 0.16750000417232513
vt 0.96312499046325684 0.16750000417232513
vt 0.96312499046325684 0.5
vt 0.96312499046325684 0.83249998092651367
vt 0.98687499761581421 0.83249998092651367
vt 0.98687499761581421 0.5
vt 0.98687499761581421 0.16750000417232513
vt 0.15384615957736969 0.375
vt 0.15384615957736969 0.75
vt 0.15384615957736969 0.625
vt 0.15384615957736969 0.5
vt 0.30769231915473938 0.375
vt 0.30769231915473938 0.75
vt 0.30769231915473938 0.625
vt 0.46153846383094788 0.375
vt 0.30769231915473938 0.5
vt 0.46153846383094788 0.625
vt 0.46153846383094788 0.75
vt 0.46153846383094788 0.5
vt 0.53846156597137451 0.375
vt 0.69230771064758301 0.375
vt 0.53846156597137451 0.625
vt 0.53846156597137451 0.5
vt 0.53846156597137451 0.75
vt 0.69230771064758301 0.75
vt 0.69230771064758301 0.625
vt 0.69230771064758301 0.5
vt 0.8461538553237915 0.375
vt 0.8461538553237915 0.5
vt 0.8461538553237915 0.75
vt 0.8461538553237915 0.625
vt 0 0
vt 0 1
vt 1 0
vt 1 1
vt 0 0
vt 0 0.5
vt 0 1
vt 0.5 0
vt 0.5 0.5
vt 0.5 1
vt 1 0
vt 1 0.5
vt 1 1
vt 0 0
vt 0 1
vt 1 0
vt 1 1
vt 0 0
vt 0 0.5
vt 0 1
vt 0.5 0
vt 0.5 0.5
vt 0.5 1
vt 1 0
vt 1 0.5
vt 1 1
vt 0 0
vt 0 1
vt 1 0
vt 1 1
vt 0 0
vt 0 1
vt 1 0
vt 1 1
vt 0 0
vt 0 1
vt 1 0
vt 1 1
vt 0 0
vt 0 1
vt 1 0
vt 1 1
vt 0 0
vt 0 1
vt 1 0
vt 1 1
vt 0 0
vt 0 1
vt 1 0
vt 1 1
vt 0 0
vt 0 1
vt 1 0
vt 1 1
vt 0 0
vt 0 1
vt 1 0
vt 1 1
vt 0 0
vt 0 1
vt 1 0
vt 1 1
vt 0 0
vt 0 1
vt 1 0
vt 1 1
vt 0 0
vt 0 1
vt 1 0
vt 1 1
vt 0 0
vt 0 1
vt 1 0
vt 1 1
vt 0 0
vt 0 1
vt 1 0
vt 1 1
vt 0 0
vt 0 1
vt 1 0
vt 1 1
vt 0 0
vt 0 1
vt 1 0
vt 1 1
vt 0 0
vt 0 1
vt 1 0
vt 1 1
vt 0 0
vt 0 0.125
vt 0 0.25
vt 0 0.375
vt 0 0.5
vt 0 0.625
vt 0 0.75
vt 0 0.875
vt 0 1
vt 0.076923079788684845 0
vt 0.076923079788684845 0.125
vt 0.076923079788684845 0.875
vt 0.076923079788684845 1
vt 0.15384615957736969 0
vt 0.15384615957736969 0.125
vt 0.15384615957736969 0.875
vt 0.15384615957736969 1
vt 0.23076923191547394 0
vt 0.23076923191547394 0.125
vt 0.23076923191547394 0.875
vt 0.23076923191547394 1
vt 0.30769231915473938 0
vt 0.30769231915473938 0.125
vt 0.30769231915473938 0.875
vt 0.30769231915473938 1
vt 0.38461539149284363 0
vt 0.38461539149284363 0.125
vt 0.38461539149284363 0.875
vt 0.38461539149284363 1
vt 0.46153846383094788 0
vt 0.46153846383094788 0.125
vt 0.46153846383094788 0.875
vt 0.46153846383094788 1
vt 0.53846156597137451 0
vt 0.53846156597137451 0.125
vt 0.53846156597137451 0.875
vt 0.53846156597137451 1
vt 0.61538463830947876 0
vt 0.61538463830947876 0.125
vt 0.61538463830947876 0.875
vt 0.61538463830947876 1
vt 0.69230771064758301 0
vt 0.69230771064758301 0.125
vt 0.69230771064758301 0.875
vt 0.69230771064758301 1
vt 0.76923078298568726 0
vt 0.76923078298568726 0.125
vt 0.76923078298568726 0.875
vt 0.76923078298568726 1
vt 0.8461538553237915 0
vt 0.8461538553237915 0.125
vt 0.8461538553237915 0.875
vt 0.8461538553237915 1
vt 0.92307692766189575 0
vt 0.92307692766189575 0.125
vt 0.92307692766189575 0.875
vt 0.92307692766189575 1
vt 1 0
vt 1 0.125
vt 1 0.25
vt 1 0.375
vt 1 0.5
vt 1 0.625
vt 1 0.75
vt 1 0.875
vt 1 1
vt 0.97374999523162842 0.83249998092651367
vt 0.97374999523162842 0.61083334684371948
vt 0.97374999523162842 0.38916665315628052
vt 0.97374999523162842 0.16750000417232513
vt 0.92624998092651367 0.16750000417232513
vt 0.92624998092651367 0.38916665315628052
vt 0.92624998092651367 0.61083334684371948
vt 0.92624998092651367 0.83249998092651367
vt 0.87374997138977051 0.83249998092651367
vt 0.87374997138977051 0.61083334684371948
vt 0.87374997138977051 0.38916665315628052
vt 0.87374997138977051 0.16750000417232513
vt 0.82625001668930054 0.16750000417232513
vt 0.82625001668930054 0.38916665315628052
vt 0.82625001668930054 0.61083334684371948
vt 0.82625001668930054 0.83249998092651367
vt 0.77375000715255737 0.83249998092651367
vt 0.77375000715255737 0.61083334684371948
vt 0.77375000715255737 0.38916665315628052
vt 0.77375000715255737 0.16750000417232513
vt 0.72624999284744263 0.16750000417232513
vt 0.72624999284744263 0.38916665315628052
vt 0.72624999284744263 0.61083334684371948
vt 0.72624999284744263 0.83249998092651367
vt 0.67374998331069946 0.83249998092651367
vt 0.67374998331069946 0.61083334684371948
vt 0.67374998331069946 0.38916665315628052
vt 0.67374998331069946 0.16750000417232513
vt 0.62625002861022949 0.16750000417232513
vt 0.62625002861022949 0.38916665315628052
vt 0.62625002861022949 0.61083334684371948
vt 0.62625002861022949 0.83249998092651367
vt 0.57375001907348633 0.83249998092651367
vt 0.57375001907348633 0.61083334684371948
vt 0.57375001907348633 0.38916665315628052
vt 0.57375001907348633 0.16750000417232513
vt 0.52625000476837158 0.16750000417232513
vt 0.52625000476837158 0.38916665315628052
vt 0.52625000476837158 0.61083334684371948
vt 0.52625000476837158 0.83249998092651367
vt 0.47374999523162842 0.83249998092651367
vt 0.47374999523162842 0.61083334684371948
vt 0.47374999523162842 0.38916665315628052
vt 0.47374999523162842 0.16750000417232513
vt 0.42625001072883606 0.16750000417232513
vt 0.42625001072883606 0.38916665315628052
vt 0.42625001072883606 0.61083334684371948
vt 0.42625001072883606 0.83249998092651367
vt 0.3737500011920929 0.83249998092651367
vt 0.3737500011920929 0.61083334684371948
vt 0.3737500011920929 0.38916665315628052
vt 0.3737500011920929 0.16750000417232513
vt 0.32624998688697815 0.16750000417232513
vt 0.32624998688697815 0.38916665315628052
vt 0.32624998688697815 0.61083334684371948
vt 0.32624998688697815 0.83249998092651367
vt 0.27375000715255737 0.83249998092651367
vt 0.27375000715255737 0.61083334684371948
vt 0.27375000715255737 0.38916665315628052
vt 0.27375000715255737 0.16750000417232513
vt 0.22624999284744263 0.16750000417232513
vt 0.22624999284744263 0.38916665315628052
vt 0.22624999284744263 0.61083334684371948
vt 0.22624999284744263 0.83249998092651367
vt 0.17374999821186066 0.83249998092651367
vt 0.17374999821186066 0.61083334684371948
vt 0.17374999821186066 0.38916665315628052
vt 0.17374999821186066 0.16750000417232513
vt 0.1262499988079071 0.16750000417232513
vt 0.1262499988079071 0.38916665315628052
vt 0.1262499988079071 0.61083334684371948
vt 0.1262499988079071 0.83249998092651367
vt 0.073749996721744537 0.83249998092651367
vt 0.073749996721744537 0.61083334684371948
vt 0.073749996721744537 0.38916665315628052
vt 0.073749996721744537 0.16750000417232513
vt 0.026249999180436134 0.16750000417232513
vt 0.026249999180436134 0.38916665315628052
vt 0.026249999180436134 0.61083334684371948
vt 0.026249999180436134 0.83249998092651367
vt 0.076923079788684845 0.375
vt 0.076923079788684845 0.5
vt 0.076923079788684845 0.625
vt 0.30769231915473938 0.375
vt 0.38461539149284363 0.375
vt 0.30769231915473938 0.5
vt 0.38461539149284363 0.5
vt 0.076923079788684845 0.75
vt 0.30769231915473938 0.625
vt 0.30769231915473938 0.75
vt 0.38461539149284363 0.625
vt 0.38461539149284363 0.75
vt 0.61538463830947876 0.375
vt 0.69230771064758301 0.375
vt 0.61538463830947876 0.5
vt 0.69230771064758301 0.5
vt 0.92307692766189575 0.375
vt 0.92307692766189575 0.5
vt 0.61538463830947876 0.625
vt 0.61538463830947876 0.75
vt 0.69230771064758301 0.625
vt 0.69230771064758301 0.75
vt 0.92307692766189575 0.625
vt 0.92307692766189575 0.75
vt 0 0
vt 0 1
vt 1 0
vt 1 1
vt 0 0
vt 0 1
vt 1 0
vt 1 1
vt 0 0
vt 0 1
vt 1 0
vt 1 1
vt 0 0
vt 0 1
vt 1 0
vt 1 1
vt 0 0
vt 0 1
vt 1 0
vt 1 1
vt 0 0
vt 0 1
vt 1 0
vt 1 1
vt 0 0
vt 0 1
vt 1 0
vt 1 1
vt 0 0
vt 0 1
vt 1 0
vt 1 1
vt 0 0
vt 0 1
vt 1 0
vt 1 1
vt 0 0
vt 0 1
vt 1 0
vt 1 1
vt 0 0
vt 0 0.5
vt 0 1
vt 1 0
vt 1 0.5
vt 1 1
vt 0 0
vt 0 0.5
vt 0 1
vt 0.5 0
vt 0.5 0.5
vt 0.5 1
vt 1 0
vt 1 0.5
vt 1 1
vn -0.70710676908493042 0.70710676908493042 0
vn -0.70710676908493042 0.70710676908493042 0
vn -0.70710676908493042 0.70710676908493042 0
vn -0.70710676908493042 0.70710676908493042 0
vn -0.70710676908493042 0.70710676908493042 0
vn -0.70710676908493042 0.70710676908493042 0
vn -0.70710676908493042 0.70710676908493042 0
vn -0.70710676908493042 0.70710676908493042 0
vn -0.70710676908493042 0.70710676908493042 0
vn -0.70710676908493042 0.70710676908493042 0
vn -0.70710676908493042 0.70710676908493042 0
vn -0.70710676908493042 0.70710676908493042 0
vn -0.70710676908493042 0.70710676908493042 0
vn -0.70710676908493042 0.70710676908493042 0
vn -0.70710676908493042 0.70710676908493042 0
vn -0.70710676908493042 0.70710676908493042 0
vn -0.70710676908493042 0.70710676908493042 0
vn -0.70710676908493042 0.70710676908493042 0
vn -0.70710676908493042 0.70710676908493042 0
vn -0.70710676908493042 0.70710676908493042 0
vn -0.70710676908493042 0.70710676908493042 0
vn -0.70710676908493042 0.70710676908493042 0
vn -0.70710676908493042 0.70710676908493042 0
vn -0.70710676908493042 0.70710676908493042 0
vn -0.70710676908493042 0.70710676908493042 0
vn -0.70710676908493042 0.70710676908493042 0
vn -0.70710676908493042 0.70710676908493042 0
vn -0.70710676908493042 0.70710676908493042 0
vn -0.70710676908493042 0.70710676908493042 0
vn -0.70710676908493042 0.70710676908493042 0
vn -0.70710676908493042 0.70710676908493042 0
vn -0.70710676908493042 0.70710676908493042 0
vn -0.70710676908493042 0.70710676908493042 0
vn -0.70710676908493042 0.70710676908493042 0
vn -0.70710676908493042 0.70710676908493042 0
vn -0.70710676908493042 0.70710676908493042 0
vn -0.70710676908493042 0.70710676908493042 0
vn -0.70710676908493042 0.70710676908493042 0
vn -0.70710676908493042 0.70710676908493042 0
vn -0.70710676908493042 0.70710676908493042 0
vn -0.70710676908493042 0.70710676908493042 0
vn -0.70710676908493042 0.70710676908493042 0
vn -0.70710676908493042 0.70710676908493042 0
vn -0.70710676908493042 0.70710676908493042 0
vn -0.70710676908493042 0.70710676908493042 0
vn -0.70710676908493042 0.70710676908493042 0
vn -0.70710676908493042 0.70710676908493042 0
vn -0.70710676908493042 0.70710676908493042 0
vn -0.70710676908493042 0.70710676908493042 0
vn -0.70710676908493042 0.70710676908493042 0
vn -0.70710676908493042 0.70710676908493042 0
vn -0.70710676908493042 0.70710676908493042 0
vn -0.70710676908493042 0.70710676908493042 0
vn -0.70710676908493042 0.70710676908493042 0
vn -0.70710676908493042 0.70710676908493042 0
vn -0.70710676908493042 0.70710676908493042 0
vn -0.70710676908493042 0.70710676908493042 0
vn -0.70710676908493042 0.70710676908493042 0
vn -0.70710676908493042 0.70710676908493042 0
vn -0.70710676908493042 0.70710676908493042 0
vn -0.70710676908493042 0.70710676908493042 0
vn -0.70710676908493042 0.70710676908493042 0
vn -0.70710676908493042 0.70710676908493042 0
vn -0.70710676908493042 0.70710676908493042 0
vn -0.70710676908493042 0.70710676908493042 0
vn -0.70710676908493042 0.70710676908493042 0
vn -0.70710676908493042 0.70710676908493042 0
vn -0.70710676908493042 0.70710676908493042 0
vn -0.70710676908493042 0.70710676908493042 0
vn -0.70710676908493042 0.70710676908493042 0
vn -0.70710676908493042 0.70710676908493042 0
vn -0.70710676908493042 0.70710676908493042 0
vn -0.70710676908493042 0.70710676908493042 0
vn -0.70710676908493042 0.70710676908493042 0
vn -0.70710676908493042 0.70710676908493042 0
vn -0.70710676908493042 0.70710676908493042 0
vn -0.70710676908493042 0.70710676908493042 0
vn -0.70710676908493042 0.70710676908493042 0
vn -0.70710676908493042 0.70710676908493042 0
vn -0.70710676908493042 0.70710676908493042 0
vn -0.70710676908493042 0.70710676908493042 0
vn -0.70710676908493042 0.70710676908493042 0
vn -0.70710676908493042 0.70710676908493042 0
vn -0.70710676908493042 0.70710676908493042 0
vn -0.70710676908493042 0.70710676908493042 0
vn -0.70710676908493042 0.70710676908493042 0
vn -0.70710676908493042 0.70710676908493042 0
vn -0.70710676908493042 0.70710676908493042 0
vn -0.70710676908493042 0.70710676908493042 0
vn -0.70710676908493042 0.70710676908493042 0
vn -0.70710676908493042 0.70710676908493042 0
vn -0.70710676908493042 0.70710676908493042 0
vn -0.70710676908493042 0.70710676908493042 0
vn -0.70710676908493042 0.70710676908493042 0
vn -0.70710676908493042 0.70710676908493042 0
vn -0.70710676908493042 0.70710676908493042 0
vn -0.70710676908493042 0.70710676908493042 0
vn -0.70710676908493042 0.70710676908493042 0
vn -0.70710676908493042 0.70710676908493042 0
vn -0.70710676908493042 0.70710676908493042 0
vn -0.70710676908493042 0.70710676908493042 0
vn -0.70710676908493042 0.70710676908493042 0
vn -0.70710676908493042 0.70710676908493042 0
vn -0.70710676908493042 0.70710676908493042 0
vn -0.70710676908493042 0.70710676908493042 0
vn -0.70710676908493042 0.70710676908493042 0
vn -0.70710676908493042 0.70710676908493042 0
vn -0.70710676908493042 0.70710676908493042 0
vn -0.70710676908493042 0.70710676908493042 0
vn -0.70710676908493042 0.70710676908493042 0
vn -0.70710676908493042 0.70710676908493042 0
vn -0.70710676908493042 0.70710676908493042 0
vn -0.70710676908493042 0.70710676908493042 0
vn -0.70710676908493042 0.70710676908493042 0
vn -0.70710676908493042 0.70710676908493042 0
vn -0.70710676908493042 0.70710676908493042 0
vn -0.70710676908493042 0.70710676908493042 0
vn -0.70710676908493042 0.70710676908493042 0
vn -0.70710676908493042 0.70710676908493042 0
vn -0.70710676908493042 0.70710676908493042 0
vn -0.70710676908493042 0.70710676908493042 0
vn -0.70710676908493042 0.70710676908493042 0
vn -0.70710676908493042 0.70710676908493042 0
vn -0.70710676908493042 0.70710676908493042 0
vn -0.70710676908493042 0.70710676908493042 0
vn -0.70710676908493042 0.70710676908493042 0
vn -0.70710676908493042 0.70710676908493042 0
vn -0.70710676908493042 0.70710676908493042 0
vn -0.70710676908493042 0.70710676908493042 0
vn -0.70710676908493042 0.70710676908493042 0
vn -0.70710676908493042 0.70710676908493042 0
vn -0.70710676908493042 0.70710676908493042 0
vn -0.70710676908493042 0.70710676908493042 0
vn -0.70710676908493042 0.70710676908493042 0
vn -0.70710676908493042 0.70710676908493042 0
vn -0.70710676908493042 0.70710676908493042 0
vn -0.70710676908493042 0.70710676908493042 0
vn -0.70710676908493042 0.70710676908493042 0
vn -0.70710676908493042 0.70710676908493042 0
vn -0.70710676908493042 0.70710676908493042 0
vn -0.70710676908493042 0.70710676908493042 0
vn -0.70710676908493042 0.70710676908493042 0
vn -0.70710676908493042 0.70710676908493042 0
vn -0.70710676908493042 0.70710676908493042 0
vn -0.70710676908493042 0.70710676908493042 0
vn -0.70710676908493042 0.70710676908493042 0
vn -0.70710676908493042 0.70710676908493042 0
vn -0.70710676908493042 0.70710676908493042 0
vn -0.70710676908493042 0.70710676908493042 0
vn -0.70710676908493042 0.70710676908493042 0
vn -0.70710676908493042 0.70710676908493042 0
vn -0.70710676908493042 0.70710676908493042 0
vn -0.70710676908493042 0.70710676908493042 0
vn -0.70710676908493042 0.70710676908493042 0
vn -0.70710676908493042 0.70710676908493042 0
vn -0.70710676908493042 0.70710676908493042 0
vn -0.70710676908493042 0.70710676908493042 0
vn -0.70710676908493042 0.70710676908493042 0
vn -0.70710676908493042 0.70710676908493042 0
vn -0.70710676908493042 0.70710676908493042 0
vn -0.70710676908493042 0.70710676908493042 0
vn -0.70710676908493042 0.70710676908493042 0
vn -0.70710676908493042 0.70710676908493042 0
vn -0.70710676908493042 0.70710676908493042 0
vn -0.70710676908493042 0.70710676908493042 0
vn -0.70710676908493042 0.70710676908493042 0
vn -0.70710676908493042 0.70710676908493042 0
vn -0.70710676908493042 0.70710676908493042 0
vn -0.70710676908493042 0.70710676908493042 0
vn -0.70710676908493042 0.70710676908493042 0
vn -0.70710676908493042 0.70710676908493042 0
vn -0.70710676908493042 0.70710676908493042 0
vn -0.70710676908493042 0.70710676908493042 0
vn -0.70710676908493042 0.70710676908493042 0
vn -0.70710676908493042 0.70710676908493042 0
vn -0.70710676908493042 0.70710676908493042 0
vn -0.70710676908493042 0.70710676908493042 0
vn -0.70710676908493042 0.70710676908493042 0
vn -0.70710676908493042 0.70710676908493042 0
vn -0.70710676908493042 0.70710676908493042 0
vn -0.70710676908493042 0.70710676908493042 0
vn -0.70710676908493042 0.70710676908493042 0
vn -0.70710676908493042 0.70710676908493042 0
vn -0.70710676908493042 0.70710676908493042 0
vn -0.70710676908493042 0.70710676908493042 0
vn -0.70710676908493042 0.70710676908493042 0
vn -0.70710676908493042 0.70710676908493042 0
vn -0.70710676908493042 0.70710676908493042 0
vn -0.70710676908493042 0.70710676908493042 0
vn -0.70710676908493042 0.70710676908493042 0
vn -0.70710676908493042 0.70710676908493042 0
vn -0.70710676908493042 0.70710676908493042 0
vn -0.70710676908493042 0.70710676908493042 0
vn -0.70710676908493042 0.70710676908493042 0
vn -0.70710676908493042 0.70710676908493042 0
vn -0.70710676908493042 0.70710676908493042 0
vn -0.70710676908493042 0.70710676908493042 0
vn -0.70710676908493042 0.70710676908493042 0
vn -0.70710676908493042 0.70710676908493042 0
vn -0.70710676908493042 0.70710676908493042 0
vn -0.70710676908493042 0.70710676908493042 0
vn -0.70710676908493042 0.70710676908493042 0
vn -0.70710676908493042 0.70710676908493042 0
vn -0.70710676908493042 0.70710676908493042 0
vn -0.70710676908493042 0.70710676908493042 0
vn -0.70710676908493042 0.70710676908493042 0
vn -0.70710676908493042 0.70710676908493042 0
vn -0.70710676908493042 0.70710676908493042 0
vn -0.70710676908493042 0.70710676908493042 0
vn -0.70710676908493042 0.70710676908493042 0
vn -0.70710676908493042 -0.70710676908493042 0
vn -0.70710676908493042 -0.70710676908493042 0
vn -0.70710676908493042 -0.70710676908493042 0
vn -0.70710676908493042 -0.70710676908493042 0
vn -0.70710676908493042 -0.70710676908493042 0
vn -0.70710676908493042 -0.70710676908493042 0
vn -0.70710676908493042 -0.70710676908493042 0
vn -0.70710676908493042 -0.70710676908493042 0
vn -0.70710676908493042 -0.70710676908493042 0
vn -0.70710676908493042 -0.70710676908493042 0
vn -0.70710676908493042 -0.70710676908493042 0
vn -0.70710676908493042 -0.70710676908493042 0
vn -0.70710676908493042 -0.70710676908493042 0
vn -0.70710676908493042 -0.70710676908493042 0
vn -0.70710676908493042 -0.70710676908493042 0
vn -0.70710676908493042 -0.70710676908493042 0
vn -0.70710676908493042 -0.70710676908493042 0
vn -0.70710676908493042 -0.70710676908493042 0
vn -0.70710676908493042 -0.70710676908493042 0
vn -0.70710676908493042 -0.70710676908493042 0
vn -0.70710676908493042 -0.70710676908493042 0
vn -0.70710676908493042 -0.70710676908493042 0
vn -0.70710676908493042 -0.70710676908493042 0
vn -0.70710676908493042 -0.70710676908493042 0
vn -0.70710676908493042 -0.70710676908493042 0
vn -0.70710676908493042 -0.70710676908493042 0
vn -0.70710676908493042 -0.70710676908493042 0
vn -0.70710676908493042 -0.70710676908493042 0
vn -0.70710676908493042 -0.70710676908493042 0
vn -0.70710676908493042 -0.70710676908493042 0
vn -0.70710676908493042 -0.70710676908493042 0
vn -0.70710676908493042 -0.70710676908493042 0
vn -0.70710676908493042 -0.70710676908493042 0
vn -0.70710676908493042 -0.70710676908493042 0
vn -0.70710676908493042 -0.70710676908493042 0
vn -0.70710676908493042 -0.70710676908493042 0
vn -0.70710676908493042 -0.70710676908493042 0
vn -0.70710676908493042 -0.70710676908493042 0
vn -0.70710676908493042 -0.70710676908493042 0
vn -0.70710676908493042 -0.70710676908493042 0
vn -0.70710676908493042 -0.70710676908493042 0
vn -0.70710676908493042 -0.70710676908493042 0
vn -0.70710676908493042 -0.70710676908493042 0
vn -0.70710676908493042 -0.70710676908493042 0
vn -0.70710676908493042 -0.70710676908493042 0
vn -0.70710676908493042 -0.70710676908493042 0
vn -0.70710676908493042 -0.70710676908493042 0
vn -0.70710676908493042 -0.70710676908493042 0
vn -0.70710676908493042 -0.70710676908493042 0
vn -0.70710676908493042 -0.70710676908493042 0
vn -0.70710676908493042 -0.70710676908493042 0
vn -0.70710676908493042 -0.70710676908493042 0
vn -0.70710676908493042 -0.70710676908493042 0
vn -0.70710676908493042 -0.70710676908493042 0
vn -0.70710676908493042 -0.70710676908493042 0
vn -0.70710676908493042 -0.70710676908493042 0
vn -0.70710676908493042 -0.70710676908493042 0
vn -0.70710676908493042 -0.70710676908493042 0
vn -0.70710676908493042 -0.70710676908493042 0
vn -0.70710676908493042 -0.70710676908493042 0
vn -0.70710676908493042 -0.70710676908493042 0
vn -0.70710676908493042 -0.70710676908493042 0
vn -0.70710676908493042 -0.70710676908493042 0
vn -0.70710676908493042 -0.70710676908493042 0
vn -0.70710676908493042 -0.70710676908493042 0
vn -0.70710676908493042 -0.70710676908493042 0
vn -0.70710676908493042 -0.70710676908493042 0
vn -0.70710676908493042 -0.70710676908493042 0
vn -0.70710676908493042 -0.70710676908493042 0
vn -0.70710676908493042 -0.70710676908493042 0
vn -0.70710676908493042 -0.70710676908493042 0
vn -0.70710676908493042 -0.70710676908493042 0
vn -0.70710676908493042 -0.70710676908493042 0
vn -0.70710676908493042 -0.70710676908493042 0
vn -0.70710676908493042 -0.70710676908493042 0
vn -0.70710676908493042 -0.70710676908493042 0
vn -0.70710676908493042 -0.70710676908493042 0
vn -0.70710676908493042 -0.70710676908493042 0
vn -0.70710676908493042 -0.70710676908493042 0
vn -0.70710676908493042 -0.70710676908493042 0
vn -0.70710676908493042 -0.70710676908493042 0
vn -0.70710676908493042 -0.70710676908493042 0
vn -0.70710676908493042 -0.70710676908493042 0
vn -0.70710676908493042 -0.70710676908493042 0
vn -0.70710676908493042 -0.70710676908493042 0
vn -0.70710676908493042 -0.70710676908493042 0
vn -0.70710676908493042 -0.70710676908493042 0
vn -0.70710676908493042 -0.70710676908493042 0
vn -0.70710676908493042 -0.70710676908493042 0
vn -0.70710676908493042 -0.70710676908493042 0
vn -0.70710676908493042 -0.70710676908493042 0
vn -0.70710676908493042 -0.70710676908493042 0
vn -0.70710676908493042 -0.70710676908493042 0
vn -0.70710676908493042 -0.70710676908493042 0
vn -0.70710676908493042 -0.70710676908493042 0
vn -0.70710676908493042 -0.70710676908493042 0
vn -0.70710676908493042 -0.70710676908493042 0
vn -0.70710676908493042 -0.70710676908493042 0
vn -0.70710676908493042 -0.70710676908493042 0
vn -0.70710676908493042 -0.70710676908493042 0
vn -0.70710676908493042 -0.70710676908493042 0
vn -0.70710676908493042 -0.70710676908493042 0
vn -0.70710676908493042 -0.70710676908493042 0
vn -0.70710676908493042 -0.70710676908493042 0
vn -0.70710676908493042 -0.70710676908493042 0
vn -0.70710676908493042 -0.70710676908493042 0
vn -0.70710676908493042 -0.70710676908493042 0
vn -0.70710676908493042 -0.70710676908493042 0
vn -0.70710676908493042 -0.70710676908493042 0
vn -0.70710676908493042 -0.70710676908493042 0
vn -0.70710676908493042 -0.70710676908493042 0
vn -0.70710676908493042 -0.70710676908493042 0
vn -0.70710676908493042 -0.70710676908493042 0
vn -0.70710676908493042 -0.70710676908493042 0
vn -0.70710676908493042 -0.70710676908493042 0
vn -0.70710676908493042 -0.70710676908493042 0
vn -0.70710676908493042 -0.70710676908493042 0
vn -0.70710676908493042 -0.70710676908493042 0
vn -0.70710676908493042 -0.70710676908493042 0
vn -0.70710676908493042 -0.70710676908493042 0
vn -0.70710676908493042 -0.70710676908493042 0
vn -0.70710676908493042 -0.70710676908493042 0
vn -0.70710676908493042 -0.70710676908493042 0
vn -0.70710676908493042 -0.70710676908493042 0
vn -0.70710676908493042 -0.70710676908493042 0
vn -0.70710676908493042 -0.70710676908493042 0
vn -0.70710676908493042 -0.70710676908493042 0
vn -0.70710676908493042 -0.70710676908493042 0
vn -0.70710676908493042 -0.70710676908493042 0
vn -0.70710676908493042 -0.70710676908493042 0
vn -0.70710676908493042 -0.70710676908493042 0
vn -0.70710676908493042 -0.70710676908493042 0
vn -0.70710676908493042 -0.70710676908493042 0
vn -0.70710676908493042 -0.70710676908493042 0
vn -0.70710676908493042 -0.70710676908493042 0
vn -0.70710676908493042 -0.70710676908493042 0
vn -0.70710676908493042 -0.70710676908493042 0
vn -0.70710676908493042 -0.70710676908493042 0
vn -0.70710676908493042 -0.70710676908493042 0
vn -0.70710676908493042 -0.70710676908493042 0
vn -0.70710676908493042 -0.70710676908493042 0
vn -0.70710676908493042 -0.70710676908493042 0
vn -0.70710676908493042 -0.70710676908493042 0
vn -0.70710676908493042 -0.70710676908493042 0
vn -0.70710676908493042 -0.70710676908493042 0
vn -0.70710676908493042 -0.70710676908493042 0
vn -0.70710676908493042 -0.70710676908493042 0
vn -0.70710676908493042 -0.70710676908493042 0
vn -0.70710676908493042 -0.70710676908493042 0
vn -0.70710676908493042 -0.70710676908493042 0
vn -0.70710676908493042 -0.70710676908493042 0
vn -0.70710676908493042 -0.70710676908493042 0
vn -0.70710676908493042 -0.70710676908493042 0
vn -0.70710676908493042 -0.70710676908493042 0
vn -0.70710676908493042 -0.70710676908493042 0
vn -0.70710676908493042 -0.70710676908493042 0
vn -0.70710676908493042 -0.70710676908493042 0
vn -0.70710676908493042 -0.70710676908493042 0
vn -0.70710676908493042 -0.70710676908493042 0
vn -0.70710676908493042 -0.70710676908493042 0
vn -0.70710676908493042 -0.70710676908493042 0
vn -0.70710676908493042 -0.70710676908493042 0
vn -0.70710676908493042 -0.70710676908493042 0
vn -0.70710676908493042 -0.70710676908493042 0
vn -0.70710676908493042 -0.70710676908493042 0
vn -0.70710676908493042 -0.70710676908493042 0
vn -0.70710676908493042 -0.70710676908493042 0
vn -0.70710676908493042 -0.70710676908493042 0
vn -0.70710676908493042 -0.70710676908493042 0
vn -0.70710676908493042 -0.70710676908493042 0
vn -0.70710676908493042 -0.70710676908493042 0
vn -0.70710676908493042 -0.70710676908493042 0
vn -0.70710676908493042 -0.70710676908493042 0
vn -0.70710676908493042 -0.70710676908493042 0
vn -0.70710676908493042 -0.70710676908493042 0
vn -0.70710676908493042 -0.70710676908493042 0
vn -0.70710676908493042 -0.70710676908493042 0
vn -0.70710676908493042 -0.70710676908493042 0
vn -0.70710676908493042 -0.70710676908493042 0
vn -0.70710676908493042 -0.70710676908493042 0
vn -0.70710676908493042 -0.70710676908493042 0
vn -0.70710676908493042 -0.70710676908493042 0
vn -0.70710676908493042 -0.70710676908493042 0
vn -0.70710676908493042 -0.70710676908493042 0
vn -0.70710676908493042 -0.70710676908493042 0
vn -0.70710676908493042 -0.70710676908493042 0
vn -0.70710676908493042 -0.70710676908493042 0
vn -0.70710676908493042 -0.70710676908493042 0
vn -0.70710676908493042 -0.70710676908493042 0
vn -0.70710676908493042 -0.70710676908493042 0
vn -0.70710676908493042 -0.70710676908493042 0
vn -0.70710676908493042 -0.70710676908493042 0
vn -0.70710676908493042 -0.70710676908493042 0
vn -0.70710676908493042 -0.70710676908493042 0
vn -0.70710676908493042 -0.70710676908493042 0
vn -0.70710676908493042 -0.70710676908493042 0
vn -0.70710676908493042 -0.70710676908493042 0
vn -0.70710676908493042 -0.70710676908493042 0
vn -0.70710676908493042 -0.70710676908493042 0
vn -0.70710676908493042 -0.70710676908493042 0
vn -0.70710676908493042 -0.70710676908493042 0
vn -0.70710676908493042 -0.70710676908493042 0
vn -0.70710676908493042 -0.70710676908493042 0
vn -0.70710676908493042 -0.70710676908493042 0
vn -0.70710676908493042 -0.70710676908493042 0
vn -0.70710676908493042 -0.70710676908493042 0
vn -0.70710676908493042 -0.70710676908493042 0
vn -0.70710676908493042 -0.70710676908493042 0
vn -0.70710676908493042 -0.70710676908493042 0
vn -0.70710676908493042 -0.70710676908493042 0
vn -0.70710676908493042 -0.70710676908493042 0
vn -0.70710676908493042 -0.70710676908493042 0
vn -0.70710676908493042 -0.70710676908493042 0
vn -0.70710676908493042 -0.70710676908493042 0
vn -0.70710676908493042 -0.70710676908493042 0
vn -0.70710676908493042 -0.70710676908493042 0
vn -0.70710676908493042 -0.70710676908493042 0
vn -0.70710676908493042 -0.70710676908493042 0
vn -0.70710676908493042 -0.70710676908493042 0
vn -0.70710676908493042 -0.70710676908493042 0
vn -0.70710676908493042 -0.70710676908493042 0
vn -0.70710676908493042 -0.70710676908493042 0
vn -0.70710676908493042 -0.70710676908493042 0
vn -0.70710676908493042 -0.70710676908493042 0
vn -0.70710676908493042 -0.70710676908493042 0
vn -0.70710676908493042 -0.70710676908493042 0
vn -0.70710676908493042 -0.70710676908493042 0
vn -0.70710676908493042 -0.70710676908493042 0
vn -0.70710676908493042 -0.70710676908493042 0
vn -0.70710676908493042 -0.70710676908493042 0
vn -0.70710676908493042 -0.70710676908493042 0
vn -0.70710676908493042 -0.70710676908493042 0
vn -0.70710676908493042 -0.70710676908493042 0
vn -0.70710676908493042 -0.70710676908493042 0
vn -0.70710676908493042 -0.70710676908493042 0
vn -0.70710676908493042 -0.70710676908493042 0
vn -0.70710676908493042 -0.70710676908493042 0
vn -0.70710676908493042 -0.70710676908493042 0
vn -0.70710676908493042 -0.70710676908493042 0
vn -0.70710676908493042 -0.70710676908493042 0
vn -0.70710676908493042 -0.70710676908493042 0
vn -0.70710676908493042 -0.70710676908493042 0
vn -0.70710676908493042 -0.70710676908493042 0
vn -0.70710676908493042 -0.70710676908493042 0
vn -0.70710676908493042 -0.70710676908493042 0
vn -0.70710676908493042 -0.70710676908493042 0
vn -0.70710676908493042 -0.70710676908493042 0
vn -0.70710676908493042 -0.70710676908493042 0
vn -0.70710676908493042 -0.70710676908493042 0
vn -0.70710676908493042 -0.70710676908493042 0
vn -0.70710676908493042 -0.70710676908493042 0
vn -0.70710676908493042 -0.70710676908493042 0
vn -0.70710676908493042 -0.70710676908493042 0
vn -0.70710676908493042 -0.70710676908493042 0
vn -0.70710676908493042 -0.70710676908493042 0
vn -0.70710676908493042 -0.70710676908493042 0
vn -0.70710676908493042 -0.70710676908493042 0
vn -0.70710676908493042 -0.70710676908493042 0
vn -0.70710676908493042 -0.70710676908493042 0
vn -0.70710676908493042 -0.70710676908493042 0
vn -0.70710676908493042 -0.70710676908493042 0
vn -0.70710676908493042 -0.70710676908493042 0
vn -0.70710676908493042 -0.70710676908493042 0
vn -0.70710676908493042 -0.70710676908493042 0
vn -0.70710676908493042 -0.70710676908493042 0
vn -0.70710676908493042 -0.70710676908493042 0
vn -0.70710676908493042 -0.70710676908493042 0
vn -0.70710676908493042 -0.70710676908493042 0
vn -0.70710676908493042 -0.70710676908493042 0
vn -0.70710676908493042 -0.70710676908493042 0
vn -0.70710676908493042 -0.70710676908493042 0
vn -0.70710676908493042 -0.70710676908493042 0
vn 0.70710676908493042 0.70710676908493042 0
vn 0.70710676908493042 0.70710676908493042 0
vn 0.70710676908493042 0.70710676908493042 0
vn 0.70710676908493042 0.70710676908493042 0
vn 0.70710676908493042 0.70710676908493042 0
vn 0.70710676908493042 0.70710676908493042 0
vn 0.70710676908493042 0.70710676908493042 0
vn 0.70710676908493042 0.70710676908493042 0
vn 0.70710676908493042 0.70710676908493042 0
vn 0.70710676908493042 0.70710676908493042 0
vn 0.70710676908493042 0.70710676908493042 0
vn 0.70710676908493042 0.70710676908493042 0
vn 0.70710676908493042 0.70710676908493042 0
vn 0.70710676908493042 0.70710676908493042 0
vn 0.70710676908493042 0.70710676908493042 0
vn 0.70710676908493042 0.70710676908493042 0
vn 0.70710676908493042 0.70710676908493042 0
vn 0.70710676908493042 0.70710676908493042 0
vn 0.70710676908493042 0.70710676908493042 0
vn 0.70710676908493042 0.70710676908493042 0
vn 0.70710676908493042 0.70710676908493042 0
vn 0.70710676908493042 0.70710676908493042 0
vn 0.70710676908493042 0.70710676908493042 0
vn 0.70710676908493042 0.70710676908493042 0
vn 0.70710676908493042 0.70710676908493042 0
vn 0.70710676908493042 0.70710676908493042 0
vn 0.70710676908493042 0.70710676908493042 0
vn 0.70710676908493042 0.70710676908493042 0
vn 0.70710676908493042 0.70710676908493042 0
vn 0.70710676908493042 0.70710676908493042 0
vn 0.70710676908493042 0.70710676908493042 0
vn 0.70710676908493042 0.70710676908493042 0
vn 0.70710676908493042 0.70710676908493042 0
vn 0.70710676908493042 0.70710676908493042 0
vn 0.70710676908493042 0.70710676908493042 0
vn 0.70710676908493042 0.70710676908493042 0
vn 0.70710676908493042 0.70710676908493042 0
vn 0.70710676908493042 0.70710676908493042 0
vn 0.70710676908493042 0.70710676908493042 0
vn 0.70710676908493042 0.70710676908493042 0
vn 0.70710676908493042 0.70710676908493042 0
vn 0.70710676908493042 0.70710676908493042 0
vn 0.70710676908493042 0.70710676908493042 0
vn 0.70710676908493042 0.70710676908493042 0
vn 0.70710676908493042 0.70710676908493042 0
vn 0.70710676908493042 0.70710676908493042 0
vn 0.70710676908493042 0.70710676908493042 0
vn 0.70710676908493042 0.70710676908493042 0
vn 0.70710676908493042 0.70710676908493042 0
vn 0.70710676908493042 0.70710676908493042 0
vn 0.70710676908493042 0.70710676908493042 0
vn 0.70710676908493042 0.70710676908493042 0
vn 0.70710676908493042 0.70710676908493042 0
vn 0.70710676908493042 0.70710676908493042 0
vn 0.70710676908493042 0.70710676908493042 0
vn 0.70710676908493042 0.70710676908493042 0
vn 0.70710676908493042 0.70710676908493042 0
vn 0.70710676908493042 0.70710676908493042 0
vn 0.70710676908493042 0.70710676908493042 0
vn 0.70710676908493042 0.70710676908493042 0
vn 0.70710676908493042 0.70710676908493042 0
vn 0.70710676908493042 0.70710676908493042 0
vn 0.70710676908493042 0.70710676908493042 0
vn 0.70710676908493042 0.70710676908493042 0
vn 0.70710676908493042 0.70710676908493042 0
vn 0.70710676908493042 0.70710676908493042 0
vn 0.70710676908493042 0.70710676908493042 0
vn 0.70710676908493042 0.70710676908493042 0
vn 0.70710676908493042 0.70710676908493042 0
vn 0.70710676908493042 0.70710676908493042 0
vn 0.70710676908493042 0.70710676908493042 0
vn 0.70710676908493042 0.70710676908493042 0
vn 0.70710676908493042 0.70710676908493042 0
vn 0.70710676908493042 0.70710676908493042 0
vn 0.70710676908493042 0.70710676908493042 0
vn 0.70710676908493042 0.70710676908493042 0
vn 0.70710676908493042 0.70710676908493042 0
vn 0.70710676908493042 0.70710676908493042 0
vn 0.70710676908493042 0.70710676908493042 0
vn 0.70710676908493042 0.70710676908493042 0
vn 0.70710676908493042 0.70710676908493042 0
vn 0.70710676908493042 0.70710676908493042 0
vn 0.70710676908493042 0.70710676908493042 0
vn 0.70710676908493042 0.70710676908493042 0
vn 0.70710676908493042 0.70710676908493042 0
vn 0.70710676908493042 0.70710676908493042 0
vn 0.70710676908493042 0.70710676908493042 0
vn 0.70710676908493042 0.70710676908493042 0
vn 0.70710676908493042 0.70710676908493042 0
vn 0.70710676908493042 0.70710676908493042 0
vn 0.70710676908493042 0.70710676908493042 0
vn 0.70710676908493042 0.70710676908493042 0
vn 0.70710676908493042 0.70710676908493042 0
vn 0.70710676908493042 0.70710676908493042 0
vn 0.70710676908493042 0.70710676908493042 0
vn 0.70710676908493042 0.70710676908493042 0
vn 0.70710676908493042 0.70710676908493042 0
vn 0.70710676908493042 0.70710676908493042 0
vn 0.70710676908493042 0.70710676908493042 0
vn 0.70710676908493042 0.70710676908493042 0
vn 0.70710676908493042 0.70710676908493042 0
vn 0.70710676908493042 0.70710676908493042 0
vn 0.70710676908493042 0.70710676908493042 0
vn 0.70710676908493042 0.70710676908493042 0
vn 0.70710676908493042 0.70710676908493042 0
vn 0.70710676908493042 0.70710676908493042 0
vn 0.70710676908493042 0.70710676908493042 0
vn 0.70710676908493042 0.70710676908493042 0
vn 0.70710676908493042 0.70710676908493042 0
vn 0.70710676908493042 0.70710676908493042 0
vn 0.70710676908493042 0.70710676908493042 0
vn 0.70710676908493042 0.70710676908493042 0
vn 0.70710676908493042 0.70710676908493042 0
vn 0.70710676908493042 0.70710676908493042 0
vn 0.70710676908493042 0.70710676908493042 0
vn 0.70710676908493042 0.70710676908493042 0
vn 0.70710676908493042 0.70710676908493042 0
vn 0.70710676908493042 0.70710676908493042 0
vn 0.70710676908493042 0.70710676908493042 0
vn 0.70710676908493042 0.70710676908493042 0
vn 0.70710676908493042 0.70710676908493042 0
vn 0.70710676908493042 0.70710676908493042 0
vn 0.70710676908493042 0.70710676908493042 0
vn 0.70710676908493042 0.70710676908493042 0
vn 0.70710676908493042 0.70710676908493042 0
vn 0.70710676908493042 0.70710676908493042 0
vn 0.70710676908493042 0.70710676908493042 0
vn 0.70710676908493042 0.70710676908493042 0
vn 0.70710676908493042 0.70710676908493042 0
vn 0.70710676908493042 0.70710676908493042 0
vn 0.70710676908493042 0.70710676908493042 0
vn 0.70710676908493042 0.70710676908493042 0
vn 0.70710676908493042 0.70710676908493042 0
vn 0.70710676908493042 0.70710676908493042 0
vn 0.70710676908493042 0.70710676908493042 0
vn 0.70710676908493042 0.70710676908493042 0
vn 0.70710676908493042 0.70710676908493042 0
vn 0.70710676908493042 0.70710676908493042 0
vn 0.70710676908493042 0.70710676908493042 0
vn 0.70710676908493042 0.70710676908493042 0
vn 0.70710676908493042 0.70710676908493042 0
vn 0.70710676908493042 0.70710676908493042 0
vn 0.70710676908493042 0.70710676908493042 0
vn 0.70710676908493042 0.70710676908493042 0
vn 0.70710676908493042 0.70710676908493042 0
vn 0.70710676908493042 0.70710676908493042 0
vn 0.70710676908493042 0.70710676908493042 0
vn 0.70710676908493042 0.70710676908493042 0
vn 0.70710676908493042 0.70710676908493042 0
vn 0.70710676908493042 0.70710676908493042 0
vn 0.70710676908493042 0.70710676908493042 0
vn 0.70710676908493042 0.70710676908493042 0
vn 0.70710676908493042 0.70710676908493042 0
vn 0.70710676908493042 0.70710676908493042 0
vn 0.70710676908493042 0.70710676908493042 0
vn 0.70710676908493042 0.70710676908493042 0
vn 0.70710676908493042 0.70710676908493042 0
vn 0.70710676908493042 0.70710676908493042 0
vn 0.70710676908493042 0.70710676908493042 0
vn 0.70710676908493042 0.70710676908493042 0
vn 0.70710676908493042 0.70710676908493042 0
vn 0.70710676908493042 0.70710676908493042 0
vn 0.70710676908493042 0.70710676908493042 0
vn 0.70710676908493042 0.70710676908493042 0
vn 0.70710676908493042 0.70710676908493042 0
vn 0.70710676908493042 0.70710676908493042 0
vn 0.70710676908493042 0.70710676908493042 0
vn 0.70710676908493042 0.70710676908493042 0
vn 0.70710676908493042 0.70710676908493042 0
vn 0.70710676908493042 0.70710676908493042 0
vn 0.70710676908493042 0.70710676908493042 0
vn 0.70710676908493042 0.70710676908493042 0
vn 0.70710676908493042 0.70710676908493042 0
vn 0.70710676908493042 0.70710676908493042 0
vn 0.70710676908493042 0.70710676908493042 0
vn 0.70710676908493042 0.70710676908493042 0
vn 0.70710676908493042 0.70710676908493042 0
vn 0.70710676908493042 0.70710676908493042 0
vn 0.70710676908493042 0.70710676908493042 0
vn 0.70710676908493042 0.70710676908493042 0
vn 0.70710676908493042 0.70710676908493042 0
vn 0.70710676908493042 0.70710676908493042 0
vn 0.70710676908493042 0.70710676908493042 0
vn 0.70710676908493042 0.70710676908493042 0
vn 0.70710676908493042 0.70710676908493042 0
vn 0.70710676908493042 0.70710676908493042 0
vn 0.70710676908493042 0.70710676908493042 0
vn 0.70710676908493042 0.70710676908493042 0
vn 0.70710676908493042 0.70710676908493042 0
vn 0.70710676908493042 0.70710676908493042 0
vn 0.70710676908493042 0.70710676908493042 0
vn 0.70710676908493042 0.70710676908493042 0
vn 0.70710676908493042 0.70710676908493042 0
vn 0.70710676908493042 0.70710676908493042 0
vn 0.70710676908493042 0.70710676908493042 0
vn 0.70710676908493042 0.70710676908493042 0
vn 0.70710676908493042 0.70710676908493042 0
vn 0.70710676908493042 0.70710676908493042 0
vn 0.70710676908493042 0.70710676908493042 0
vn 0.70710676908493042 0.70710676908493042 0
vn 0.70710676908493042 0.70710676908493042 0
vn 0.70710676908493042 0.70710676908493042 0
vn 0.70710676908493042 0.70710676908493042 0
vn 0.70710676908493042 0.70710676908493042 0
vn 0.70710676908493042 0.70710676908493042 0
vn 0.70710676908493042 0.70710676908493042 0
vn 0.70710676908493042 0.70710676908493042 0
vn 0.70710676908493042 0.70710676908493042 0
vn 0.70710676908493042 0.70710676908493042 0
vn 0.70710676908493042 0.70710676908493042 0
vn 0.70710676908493042 0.70710676908493042 0
vn 0.70710676908493042 0.70710676908493042 0
vn 0.70710676908493042 0.70710676908493042 0
vn 0.70710676908493042 0.70710676908493042 0
vn 0.70710676908493042 0.70710676908493042 0
vn 0.70710676908493042 0.70710676908493042 0
vn 0.70710676908493042 0.70710676908493042 0
vn 0.70710676908493042 0.70710676908493042 0
vn 0.70710676908493042 0.70710676908493042 0
vn 0.70710676908493042 0.70710676908493042 0
vn 0.70710676908493042 0.70710676908493042 0
vn 0.70710676908493042 0.70710676908493042 0
vn 0.70710676908493042 0.70710676908493042 0
vn 0.70710676908493042 0.70710676908493042 0
vn 0.70710676908493042 0.70710676908493042 0
vn 0.70710676908493042 0.70710676908493042 0
vn 0.70710676908493042 0.70710676908493042 0
vn 0.70710676908493042 0.70710676908493042 0
vn 0.70710676908493042 0.70710676908493042 0
vn 0.70710676908493042 0.70710676908493042 0
vn 0.70710676908493042 0.70710676908493042 0
vn 0.70710676908493042 0.70710676908493042 0
vn 0.70710676908493042 0.70710676908493042 0
vn 0.70710676908493042 0.70710676908493042 0
vn 0.70710676908493042 0.70710676908493042 0
vn 0.70710676908493042 0.70710676908493042 0
vn 0.70710676908493042 0.70710676908493042 0
vn 0.70710676908493042 0.70710676908493042 0
vn 0.70710676908493042 0.70710676908493042 0
vn 0.70710676908493042 0.70710676908493042 0
vn 0.70710676908493042 0.70710676908493042 0
vn 0.70710676908493042 0.70710676908493042 0
vn 0.70710676908493042 0.70710676908493042 0
vn 0.70710676908493042 0.70710676908493042 0
vn 0.70710676908493042 0.70710676908493042 0
vn 0.70710676908493042 0.70710676908493042 0
vn 0.70710676908493042 0.70710676908493042 0
vn 0.70710676908493042 0.70710676908493042 0
vn 0.70710676908493042 0.70710676908493042 0
vn 0.70710676908493042 0.70710676908493042 0
vn 0.70710676908493042 0.70710676908493042 0
vn 0.70710676908493042 0.70710676908493042 0
vn 0.70710676908493042 0.70710676908493042 0
vn 0.70710676908493042 0.70710676908493042 0
vn 0.70710676908493042 0.70710676908493042 0
vn 0.70710676908493042 0.70710676908493042 0
vn 0.70710676908493042 0.70710676908493042 0
vn 0.70710676908493042 0.70710676908493042 0
vn 0.70710676908493042 0.70710676908493042 0
vn 0.70710676908493042 0.70710676908493042 0
vn 0.70710676908493042 0.70710676908493042 0
vn 0.70710676908493042 0.70710676908493042 0
vn 0.70710676908493042 0.70710676908493042 0
vn 0.70710676908493042 0.70710676908493042 0
vn 0.70710676908493042 0.70710676908493042 0
vn 0.70710676908493042 0.70710676908493042 0
vn 0.70710676908493042 0.70710676908493042 0
vn 0.70710676908493042 0.70710676908493042 0
vn 0.70710676908493042 0.70710676908493042 0
vn 0.70710676908493042 0.70710676908493042 0
vn 0.70710676908493042 0.70710676908493042 0
vn 0.70710676908493042 0.70710676908493042 0
vn 0.70710676908493042 0.70710676908493042 0
vn 0.70710676908493042 0.70710676908493042 0
vn 0.70710676908493042 0.70710676908493042 0
vn 0.70710676908493042 0.70710676908493042 0
vn 0.70710676908493042 0.70710676908493042 0
vn 0.70710676908493042 0.70710676908493042 0
vn 0.70710676908493042 0.70710676908493042 0
vn 0.70710676908493042 0.70710676908493042 0
vn 0.70710676908493042 0.70710676908493042 0
vn 0.70710676908493042 0.70710676908493042 0
vn 0.70710676908493042 0.70710676908493042 0
vn 0.70710676908493042 0.70710676908493042 0
vn 0.70710676908493042 0.70710676908493042 0
vn 0.70710676908493042 0.70710676908493042 0
vn 0.70710676908493042 0.70710676908493042 0
vn 0.70710676908493042 0.70710676908493042 0
vn 0.70710676908493042 0.70710676908493042 0
vn 0.70710676908493042 0.70710676908493042 0
vn 0.70710676908493042 0.70710676908493042 0
vn 0.70710676908493042 0.70710676908493042 0
vn 0.70710676908493042 0.70710676908493042 0
vn 0.70710676908493042 0.70710676908493042 0
vn 0.70710676908493042 0.70710676908493042 0
vn 0.70710676908493042 0.70710676908493042 0
vn 0.70710676908493042 0.70710676908493042 0
vn 0.70710676908493042 0.70710676908493042 0
vn 0.70710676908493042 0.70710676908493042 0
vn 0.70710676908493042 0.70710676908493042 0
vn 0.70710676908493042 -0.70710676908493042 0
vn 0.70710676908493042 -0.70710676908493042 0
vn 0.70710676908493042 -0.70710676908493042 0
vn 0.70710676908493042 -0.70710676908493042 0
vn 0.70710676908493042 -0.70710676908493042 0
vn 0.70710676908493042 -0.70710676908493042 0
vn 0.70710676908493042 -0.70710676908493042 0
vn 0.70710676908493042 -0.70710676908493042 0
vn 0.70710676908493042 -0.70710676908493042 0
vn 0.70710676908493042 -0.70710676908493042 0
vn 0.70710676908493042 -0.70710676908493042 0
vn 0.70710676908493042 -0.70710676908493042 0
vn 0.70710676908493042 -0.70710676908493042 0
vn 0.70710676908493042 -0.70710676908493042 0
vn 0.70710676908493042 -0.70710676908493042 0
vn 0.70710676908493042 -0.70710676908493042 0
vn 0.70710676908493042 -0.70710676908493042 0
vn 0.70710676908493042 -0.70710676908493042 0
vn 0.70710676908493042 -0.70710676908493042 0
vn 0.70710676908493042 -0.70710676908493042 0
vn 0.70710676908493042 -0.70710676908493042 0
vn 0.70710676908493042 -0.70710676908493042 0
vn 0.70710676908493042 -0.70710676908493042 0
vn 0.70710676908493042 -0.70710676908493042 0
vn 0.70710676908493042 -0.70710676908493042 0
vn 0.70710676908493042 -0.70710676908493042 0
vn 0.70710676908493042 -0.70710676908493042 0
vn 0.70710676908493042 -0.70710676908493042 0
vn 0.70710676908493042 -0.70710676908493042 0
vn 0.70710676908493042 -0.70710676908493042 0
vn 0.70710676908493042 -0.70710676908493042 0
vn 0.70710676908493042 -0.70710676908493042 0
vn 0.70710676908493042 -0.70710676908493042 0
vn 0.70710676908493042 -0.70710676908493042 0
vn 0.70710676908493042 -0.70710676908493042 0
vn 0.70710676908493042 -0.70710676908493042 0
vn 0.70710676908493042 -0.70710676908493042 0
vn 0.70710676908493042 -0.70710676908493042 0
vn 0.70710676908493042 -0.70710676908493042 0
vn 0.70710676908493042 -0.70710676908493042 0
vn 0.70710676908493042 -0.70710676908493042 0
vn 0.70710676908493042 -0.70710676908493042 0
vn 0.70710676908493042 -0.70710676908493042 0
vn 0.70710676908493042 -0.70710676908493042 0
vn 0.70710676908493042 -0.70710676908493042 0
vn 0.70710676908493042 -0.70710676908493042 0
vn 0.70710676908493042 -0.70710676908493042 0
vn 0.70710676908493042 -0.70710676908493042 0
vn 0.70710676908493042 -0.70710676908493042 0
vn 0.70710676908493042 -0.70710676908493042 0
vn 0.70710676908493042 -0.70710676908493042 0
vn 0.70710676908493042 -0.70710676908493042 0
vn 0.70710676908493042 -0.70710676908493042 0
vn 0.70710676908493042 -0.70710676908493042 0
vn 0.70710676908493042 -0.70710676908493042 0
vn 0.70710676908493042 -0.70710676908493042 0
vn 0.70710676908493042 -0.70710676908493042 0
vn 0.70710676908493042 -0.70710676908493042 0
vn 0.70710676908493042 -0.70710676908493042 0
vn 0.70710676908493042 -0.70710676908493042 0
vn 0.70710676908493042 -0.70710676908493042 0
vn 0.70710676908493042 -0.70710676908493042 0
vn 0.70710676908493042 -0.70710676908493042 0
vn 0.70710676908493042 -0.70710676908493042 0
vn 0.70710676908493042 -0.70710676908493042 0
vn 0.70710676908493042 -0.70710676908493042 0
vn 0.70710676908493042 -0.70710676908493042 0
vn 0.70710676908493042 -0.70710676908493042 0
vn 0.70710676908493042 -0.70710676908493042 0
vn 0.70710676908493042 -0.70710676908493042 0
vn 0.70710676908493042 -0.70710676908493042 0
vn 0.70710676908493042 -0.70710676908493042 0
vn 0.70710676908493042 -0.70710676908493042 0
vn 0.70710676908493042 -0.70710676908493042 0
vn 0.70710676908493042 -0.70710676908493042 0
vn 0.70710676908493042 -0.70710676908493042 0
vn 0.70710676908493042 -0.70710676908493042 0
vn 0.70710676908493042 -0.70710676908493042 0
vn 0.70710676908493042 -0.70710676908493042 0
vn 0.70710676908493042 -0.70710676908493042 0
vn 0.70710676908493042 -0.70710676908493042 0
vn 0.70710676908493042 -0.70710676908493042 0
vn 0.70710676908493042 -0.70710676908493042 0
vn 0.70710676908493042 -0.70710676908493042 0
vn 0.70710676908493042 -0.70710676908493042 0
vn 0.70710676908493042 -0.70710676908493042 0
vn 0.70710676908493042 -0.70710676908493042 0
vn 0.70710676908493042 -0.70710676908493042 0
vn 0.70710676908493042 -0.70710676908493042 0
vn 0.70710676908493042 -0.70710676908493042 0
vn 0.70710676908493042 -0.70710676908493042 0
vn 0.70710676908493042 -0.70710676908493042 0
vn 0.70710676908493042 -0.70710676908493042 0
vn 0.70710676908493042 -0.70710676908493042 0
vn 0.70710676908493042 -0.70710676908493042 0
vn 0.70710676908493042 -0.70710676908493042 0
vn 0.70710676908493042 -0.70710676908493042 0
vn 0.70710676908493042 -0.70710676908493042 0
vn 0.70710676908493042 -0.70710676908493042 0
vn 0.70710676908493042 -0.70710676908493042 0
vn 0.70710676908493042 -0.70710676908493042 0
vn 0.70710676908493042 -0.70710676908493042 0
vn 0.70710676908493042 -0.70710676908493042 0
vn 0.70710676908493042 -0.70710676908493042 0
vn 0.70710676908493042 -0.70710676908493042 0
vn 0.70710676908493042 -0.70710676908493042 0
vn 0.70710676908493042 -0.70710676908493042 0
vn 0.70710676908493042 -0.70710676908493042 0
vn 0.70710676908493042 -0.70710676908493042 0
vn 0.70710676908493042 -0.70710676908493042 0
vn 0.70710676908493042 -0.70710676908493042 0
vn 0.70710676908493042 -0.70710676908493042 0
vn 0.70710676908493042 -0.70710676908493042 0
vn 0.70710676908493042 -0.70710676908493042 0
vn 0.70710676908493042 -0.70710676908493042 0
vn 0.70710676908493042 -0.70710676908493042 0
vn 0.70710676908493042 -0.70710676908493042 0
vn 0.70710676908493042 -0.70710676908493042 0
vn 0.70710676908493042 -0.70710676908493042 0
vn 0.70710676908493042 -0.70710676908493042 0
vn 0.70710676908493042 -0.70710676908493042 0
vn 0.70710676908493042 -0.70710676908493042 0
vn 0.70710676908493042 -0.70710676908493042 0
vn 0.70710676908493042 -0.70710676908493042 0
vn 0.70710676908493042 -0.70710676908493042 0
vn 0.70710676908493042 -0.70710676908493042 0
vn 0.70710676908493042 -0.70710676908493042 0
vn 0.70710676908493042 -0.70710676908493042 0
vn 0.70710676908493042 -0.70710676908493042 0
vn 0.70710676908493042 -0.70710676908493042 0
vn 0.70710676908493042 -0.70710676908493042 0
vn 0.70710676908493042 -0.70710676908493042 0
vn 0.70710676908493042 -0.70710676908493042 0
vn 0.70710676908493042 -0.70710676908493042 0
vn 0.70710676908493042 -0.70710676908493042 0
vn 0.70710676908493042 -0.70710676908493042 0
vn 0.70710676908493042 -0.70710676908493042 0
vn 0.70710676908493042 -0.70710676908493042 0
vn 0.70710676908493042 -0.70710676908493042 0
vn 0.70710676908493042 -0.70710676908493042 0
vn 0.70710676908493042 -0.70710676908493042 0
vn 0.70710676908493042 -0.70710676908493042 0
vn 0.70710676908493042 -0.70710676908493042 0
vn 0.70710676908493042 -0.70710676908493042 0
vn 0.70710676908493042 -0.70710676908493042 0
vn 0.70710676908493042 -0.70710676908493042 0
vn 0.70710676908493042 -0.70710676908493042 0
vn 0.70710676908493042 -0.70710676908493042 0
vn 0.70710676908493042 -0.70710676908493042 0
vn 0.70710676908493042 -0.70710676908493042 0
vn 0.70710676908493042 -0.70710676908493042 0
vn 0.70710676908493042 -0.70710676908493042 0
vn 0.70710676908493042 -0.70710676908493042 0
vn 0.70710676908493042 -0.70710676908493042 0
vn 0.70710676908493042 -0.70710676908493042 0
vn 0.70710676908493042 -0.70710676908493042 0
vn 0.70710676908493042 -0.70710676908493042 0
vn 0.70710676908493042 -0.70710676908493042 0
vn 0.70710676908493042 -0.70710676908493042 0
vn 0.70710676908493042 -0.70710676908493042 0
vn 0.70710676908493042 -0.70710676908493042 0
vn 0.70710676908493042 -0.70710676908493042 0
vn 0.70710676908493042 -0.70710676908493042 0
vn 0.70710676908493042 -0.70710676908493042 0
vn 0.70710676908493042 -0.70710676908493042 0
vn 0.70710676908493042 -0.70710676908493042 0
vn 0.70710676908493042 -0.70710676908493042 0
vn 0.70710676908493042 -0.70710676908493042 0
vn 0.70710676908493042 -0.70710676908493042 0
vn 0.70710676908493042 -0.70710676908493042 0
vn 0.70710676908493042 -0.70710676908493042 0
vn 0.70710676908493042 -0.70710676908493042 0
vn 0.70710676908493042 -0.70710676908493042 0
vn 0.70710676908493042 -0.70710676908493042 0
vn 0.70710676908493042 -0.70710676908493042 0
vn 0.70710676908493042 -0.70710676908493042 0
vn 0.70710676908493042 -0.70710676908493042 0
vn 0.70710676908493042 -0.70710676908493042 0
vn 0.70710676908493042 -0.70710676908493042 0
vn 0.70710676908493042 -0.70710676908493042 0
vn 0.70710676908493042 -0.70710676908493042 0
vn 0.70710676908493042 -0.70710676908493042 0
vn 0.70710676908493042 -0.70710676908493042 0
vn 0.70710676908493042 -0.70710676908493042 0
vn 0.70710676908493042 -0.70710676908493042 0
vn 0.70710676908493042 -0.70710676908493042 0
vn 0.70710676908493042 -0.70710676908493042 0
vn 0.70710676908493042 -0.70710676908493042 0
vn 0.70710676908493042 -0.70710676908493042 0
vn 0.70710676908493042 -0.70710676908493042 0
vn 0.70710676908493042 -0.70710676908493042 0
vn 0.70710676908493042 -0.70710676908493042 0
vn 0.70710676908493042 -0.70710676908493042 0
vn 0.70710676908493042 -0.70710676908493042 0
vn 0.70710676908493042 -0.70710676908493042 0
vn 0.70710676908493042 -0.70710676908493042 0
vn 0.70710676908493042 -0.70710676908493042 0
vn 0.70710676908493042 -0.70710676908493042 0
vn 0.70710676908493042 -0.70710676908493042 0
vn 0.70710676908493042 -0.70710676908493042 0
vn 0.70710676908493042 -0.70710676908493042 0
vn 0.70710676908493042 -0.70710676908493042 0
vn 0.70710676908493042 -0.70710676908493042 0
vn 0.70710676908493042 -0.70710676908493042 0
vn 0.70710676908493042 -0.70710676908493042 0
vn 0.70710676908493042 -0.70710676908493042 0
vn 0.70710676908493042 -0.70710676908493042 0
vn 0.70710676908493042 -0.70710676908493042 0
vn 0.70710676908493042 -0.70710676908493042 0
vn 0.70710676908493042 -0.70710676908493042 0
vn 0 0 -1
vn 0 0 -1
vn 0 0 -1
vn 0 0 -1
vn 0 0 -1
vn 0 0 -1
vn 0 0 1
vn 0 0 1
vn 0 0 1
vn 0 0 1
vn 0 0 1
vn 0 0 1
vn 0 0 1
vn 0 0 1
vn 0 0 1
f 11/11/11 2/2/2 1/1/1 10/10/10
f 13/13/13 9/9/9 8/8/8 12/12/12
f 15/15/15 11/11/11 10/10/10 14/14/14
f 17/17/17 13/13/13 12/12/12 16/16/16
f 19/19/19 15/15/15 14/14/14 18/18/18
f 21/21/21 17/17/17 16/16/16 20/20/20
f 23/23/23 19/19/19 18/18/18 22/22/22
f 25/25/25 21/21/21 20/20/20 24/24/24
f 27/27/27 23/23/23 22/22/22 26/26/26
f 29/29/29 25/25/25 24/24/24 28/28/28
f 31/31/31 27/27/27 26/26/26 30/30/30
f 33/33/33 29/29/29 28/28/28 32/32/32
f 35/35/35 31/31/31 30/30/30 34/34/34
f 37/37/37 33/33/33 32/32/32 36/36/36
f 39/39/39 35/35/35 34/34/34 38/38/38
f 41/41/41 37/37/37 36/36/36 40/40/40
f 43/43/43 39/39/39 38/38/38 42/42/42
f 45/45/45 41/41/41 40/40/40 44/44/44
f 47/47/47 43/43/43 42/42/42 46/46/46
f 49/49/49 45/45/45 44/44/44 48/48/48
f 51/51/51 47/47/47 46/46/46 50/50/50
f 53/53/53 49/49/49 48/48/48 52/52/52
f 55/55/55 51/51/51 50/50/50 54/54/54
f 57/57/57 53/53/53 52/52/52 56/56/56
f 59/59/59 55/55/55 54/54/54 58/58/58
f 66/66/66 57/57/57 56/56/56 65/65/65
f 2/2/2 11/11/11 74/74/74 67/67/67
f 73/73/73 74/74/74 11/11/11 147/147/147
f 147/147/147 11/11/11 75/75/75 76/76/76
f 3/3/3 2/2/2 67/67/67
f 82/82/82 75/75/75 15/15/15
f 11/11/11 15/15/15 75/75/75
f 81/81/81 82/82/82 83/83/83 84/84/84
f 83/83/83 82/82/82 15/15/15 19/19/19
f 68/68/68 4/4/4 3/3/3
f 4/4/4 68/68/68 5/5/5
f 3/3/3 67/67/67 68/68/68
f 148/148/148 147/147/147 76/76/76
f 76/76/76 77/77/77 148/148/148
f 147/147/147 148/148/148 73/73/73
f 73/73/73 148/148/148 72/72/72
f 5/5/5 68/68/68 69/69/69
f 19/19/19 23/23/23 90/90/90 83/83/83
f 23/23/23 149/149/149 89/89/89 90/90/90
f 149/149/149 23/23/23 91/91/91 92/92/92
f 23/23/23 27/27/27 98/98/98 91/91/91
f 99/99/99 27/27/27 31/31/31
f 27/27/27 150/150/150 97/97/97 98/98/98
f 150/150/150 27/27/27 99/99/99 100/100/100
f 31/31/31 106/106/106 99/99/99
f 106/106/106 31/31/31 107/107/107
f 151/151/151 89/89/89 149/149/149
f 84/84/84 85/85/85 80/80/80 81/81/81
f 151/151/151 88/88/88 89/89/89
f 151/151/151 149/149/149 92/92/92
f 152/152/152 150/150/150 100/100/100
f 96/96/96 97/97/97 150/150/150 152/152/152
f 105/105/105 106/106/106 107/107/107 108/108/108
f 153/153/153 148/148/148 77/77/77
f 69/69/69 7/7/7 6/6/6
f 72/72/72 153/153/153 154/154/154
f 5/5/5 69/69/69 6/6/6
f 153/153/153 77/77/77 154/154/154
f 77/77/77 78/78/78 154/154/154
f 154/154/154 71/71/71 72/72/72
f 85/85/85 86/86/86 79/79/79 80/80/80
f 148/148/148 153/153/153 72/72/72
f 7/7/7 69/69/69 70/70/70
f 12/12/12 70/70/70 71/71/71
f 70/70/70 12/12/12 8/8/8
f 71/71/71 154/154/154 12/12/12
f 7/7/7 70/70/70 8/8/8
f 16/16/16 78/78/78 79/79/79
f 20/20/20 16/16/16 79/79/79 86/86/86
f 86/86/86 87/87/87 20/20/20
f 12/12/12 78/78/78 16/16/16
f 12/12/12 154/154/154 78/78/78
f 88/88/88 151/151/151 155/155/155
f 155/155/155 151/151/151 93/93/93
f 88/88/88 155/155/155 156/156/156
f 93/93/93 156/156/156 155/155/155
f 157/157/157 152/152/152 101/101/101
f 101/101/101 158/158/158 157/157/157
f 152/152/152 157/157/157 96/96/96
f 100/100/100 101/101/101 152/152/152
f 95/95/95 96/96/96 157/157/157 158/158/158
f 28/28/28 24/24/24 94/94/94 95/95/95
f 20/20/20 87/87/87 24/24/24
f 24/24/24 87/87/87 156/156/156
f 24/24/24 156/156/156 94/94/94
f 158/158/158 28/28/28 95/95/95
f 102/102/102 158/158/158 101/101/101
f 28/28/28 102/102/102 32/32/32
f 103/103/103 32/32/32 102/102/102
f 103/103/103 110/110/110 36/36/36 32/32/32
f 102/102/102 28/28/28 158/158/158
f 156/156/156 93/93/93 94/94/94
f 103/103/103 104/104/104 109/109/109 110/110/110
f 156/156/156 87/87/87 88/88/88
f 93/93/93 151/151/151 92/92/92
f 104/104/104 105/105/105 108/108/108 109/109/109
f 114/114/114 35/35/35 39/39/39
f 35/35/35 114/114/114 107/107/107
f 159/159/159 39/39/39 115/115/115 116/116/116
f 31/31/31 35/35/35 107/107/107
f 122/122/122 115/115/115 39/39/39 43/43/43
f 121/121/121 122/122/122 43/43/43 160/160/160
f 160/160/160 43/43/43 123/123/123 124/124/124
f 43/43/43 47/47/47 130/130/130 123/123/123
f 39/39/39 159/159/159 113/113/113 114/114/114
f 112/112/112 113/113/113 161/161/161 162/162/162
f 159/159/159 161/161/161 113/113/113
f 161/161/161 159/159/159 116/116/116
f 163/163/163 121/121/121 160/160/160
f 124/124/124 163/163/163 160/160/160
f 163/163/163 120/120/120 121/121/121
f 47/47/47 51/51/51 131/131/131 130/130/130
f 131/131/131 132/132/132 129/129/129 130/130/130
f 131/131/131 51/51/51 138/138/138
f 55/55/55 59/59/59 146/146/146 139/139/139
f 55/55/55 164/164/164 137/137/137 138/138/138
f 164/164/164 55/55/55 139/139/139 140/140/140
f 145/145/145 146/146/146 60/60/60 61/61/61
f 146/146/146 59/59/59 60/60/60
f 51/51/51 55/55/55 138/138/138
f 164/164/164 140/140/140 165/165/165
f 128/128/128 129/129/129 132/132/132 133/133/133
f 144/144/144 145/145/145 62/62/62
f 164/164/164 165/165/165 137/137/137
f 62/62/62 145/145/145 61/61/61
f 136/136/136 137/137/137 165/165/165 166/166/166
f 111/111/111 112/112/112 162/162/162 167/167/167
f 162/162/162 161/161/161 117/117/117
f 167/167/167 162/162/162 117/117/117
f 168/168/168 163/163/163 125/125/125
f 169/169/169 168/168/168 125/125/125
f 163/163/163 168/168/168 120/120/120
f 126/126/126 169/169/169 125/125/125
f 120/120/120 168/168/168 169/169/169
f 117/117/117 161/161/161 116/116/116
f 119/119/119 120/120/120 169/169/169
f 36/36/36 110/110/110 111/111/111
f 111/111/111 40/40/40 36/36/36
f 111/111/111 167/167/167 40/40/40
f 44/44/44 40/40/40 118/118/118 119/119/119
f 117/117/117 118/118/118 167/167/167
f 48/48/48 44/44/44 126/126/126 127/127/127
f 169/169/169 44/44/44 119/119/119
f 44/44/44 169/169/169 126/126/126
f 40/40/40 167/167/167 118/118/118
f 127/127/127 128/128/128 133/133/133 134/134/134
f 136/136/136 166/166/166 170/170/170
f 165/165/165 140/140/140 141/141/141
f 141/141/141 166/166/166 165/165/165
f 170/170/170 166/166/166 141/141/141
f 62/62/62 63/63/63 144/144/144
f 63/63/63 64/64/64 144/144/144
f 143/143/143 144/144/144 64/64/64
f 125/125/125 163/163/163 124/124/124
f 136/136/136 170/170/170 135/135/135
f 52/52/52 48/48/48 127/127/127 134/134/134
f 56/56/56 52/52/52 135/135/135
f 134/134/134 135/135/135 52/52/52
f 170/170/170 141/141/141 142/142/142
f 142/142/142 56/56/56 170/170/170
f 65/65/65 56/56/56 142/142/142 143/143/143
f 64/64/64 65/65/65 143/143/143
f 170/170/170 56/56/56 135/135/135
f 174/174/174 172/172/172 171/171/171 173/173/173
f 178/178/178 176/176/176 175/175/175 177/177/177
f 182/182/182 180/180/180 179/179/179 181/181/181
f 186/186/186 184/184/184 183/183/183 185/185/185
f 190/190/190 188/188/188 187/187/187 189/189/189
f 194/194/194 192/192/192 191/191/191 193/193/193
f 198/198/198 196/196/196 195/195/195 197/197/197
f 202/202/202 200/200/200 199/199/199 201/201/201
f 206/206/206 204/204/204 203/203/203 205/205/205
f 210/210/210 208/208/208 207/207/207 209/209/209
f 221/221/221 212/212/212 211/211/211 220/220/220
f 222/222/222 213/213/213 212/212/212 221/221/221
f 224/224/224 218/218/218 217/217/217 223/223/223
f 225/225/225 219/219/219 218/218/218 224/224/224
f 227/227/227 221/221/221 220/220/220 226/226/226
f 228/228/228 222/222/222 221/221/221 227/227/227
f 230/230/230 224/224/224 223/223/223 229/229/229
f 231/231/231 225/225/225 224/224/224 230/230/230
f 233/233/233 227/227/227 226/226/226 232/232/232
f 234/234/234 228/228/228 227/227/227 233/233/233
f 236/236/236 230/230/230 229/229/229 235/235/235
f 237/237/237 231/231/231 230/230/230 236/236/236
f 239/239/239 233/233/233 232/232/232 238/238/238
f 240/240/240 234/234/234 233/233/233 239/239/239
f 242/242/242 236/236/236 235/235/235 241/241/241
f 243/243/243 237/237/237 236/236/236 242/242/242
f 245/245/245 239/239/239 238/238/238 244/244/244
f 246/246/246 240/240/240 239/239/239 245/245/245
f 248/248/248 242/242/242 241/241/241 247/247/247
f 249/249/249 243/243/243 242/242/242 248/248/248
f 251/251/251 245/245/245 244/244/244 250/250/250
f 252/252/252 246/246/246 245/245/245 251/251/251
f 254/254/254 248/248/248 247/247/247 253/253/253
f 255/255/255 249/249/249 248/248/248 254/254/254
f 257/257/257 251/251/251 250/250/250 256/256/256
f 258/258/258 252/252/252 251/251/251 257/257/257
f 260/260/260 254/254/254 253/253/253 259/259/259
f 261/261/261 255/255/255 254/254/254 260/260/260
f 263/263/263 257/257/257 256/256/256 262/262/262
f 264/264/264 258/258/258 257/257/257 263/263/263
f 266/266/266 260/260/260 259/259/259 265/265/265
f 267/267/267 261/261/261 260/260/260 266/266/266
f 269/269/269 263/263/263 262/262/262 268/268/268
f 270/270/270 264/264/264 263/263/263 269/269/269
f 272/272/272 266/266/266 265/265/265 271/271/271
f 273/273/273 267/267/267 266/266/266 272/272/272
f 275/275/275 269/269/269 268/268/268 274/274/274
f 276/276/276 270/270/270 269/269/269 275/275/275
f 278/278/278 272/272/272 271/271/271 277/277/277
f 279/279/279 273/273/273 272/272/272 278/278/278
f 281/281/281 275/275/275 274/274/274 280/280/280
f 282/282/282 276/276/276 275/275/275 281/281/281
f 284/284/284 278/278/278 277/277/277 283/283/283
f 285/285/285 279/279/279 278/278/278 284/284/284
f 287/287/287 281/281/281 280/280/280 286/286/286
f 288/288/288 282/282/282 281/281/281 287/287/287
f 290/290/290 284/284/284 283/283/283 289/289/289
f 291/291/291 285/285/285 284/284/284 290/290/290
f 293/293/293 287/287/287 286/286/286 292/292/292
f 294/294/294 288/288/288 287/287/287 293/293/293
f 299/299/299 290/290/290 289/289/289 298/298/298
f 300/300/300 291/291/291 290/290/290 299/299/299
f 301/301/301 213/213/213 304/304/304
f 213/213/213 222/222/222 305/305/305 304/304/304
f 214/214/214 213/213/213 301/301/301
f 309/309/309 308/308/308 222/222/222
f 222/222/222 308/308/308 305/305/305
f 222/222/222 228/228/228 312/312/312 309/309/309
f 307/307/307 308/308/308 309/309/309 310/310/310
f 305/305/305 306/306/306 303/303/303 304/304/304
f 214/214/214 301/301/301 215/215/215
f 311/311/311 312/312/312 381/381/381 382/382/382
f 228/228/228 316/316/316 313/313/313
f 319/319/319 320/320/320 321/321/321 322/322/322
f 234/234/234 317/317/317 316/316/316
f 228/228/228 381/381/381 312/312/312
f 228/228/228 313/313/313 381/381/381
f 234/234/234 316/316/316 228/228/228
f 321/321/321 320/320/320 234/234/234
f 383/383/383 240/240/240 325/325/325
f 234/234/234 240/240/240 324/324/324 321/321/321
f 328/328/328 325/325/325 240/240/240
f 317/317/317 234/234/234 320/320/320
f 246/246/246 252/252/252 336/336/336 333/333/333
f 333/333/333 332/332/332 246/246/246
f 252/252/252 337/337/337 384/384/384
f 240/240/240 246/246/246 329/329/329 328/328/328
f 323/323/323 324/324/324 383/383/383 385/385/385
f 324/324/324 240/240/240 383/383/383
f 333/333/333 334/334/334 331/331/331 332/332/332
f 246/246/246 332/332/332 329/329/329
f 384/384/384 336/336/336 252/252/252
f 252/252/252 340/340/340 337/337/337
f 384/384/384 335/335/335 336/336/336
f 329/329/329 330/330/330 327/327/327 328/328/328
f 341/341/341 342/342/342 339/339/339 340/340/340
f 340/340/340 252/252/252 341/341/341
f 317/317/317 318/318/318 315/315/315 316/316/316
f 217/217/217 216/216/216 302/302/302
f 216/216/216 215/215/215 302/302/302
f 223/223/223 303/303/303 306/306/306
f 302/302/302 215/215/215 301/301/301
f 217/217/217 302/302/302 303/303/303
f 382/382/382 381/381/381 314/314/314
f 315/315/315 229/229/229 314/314/314
f 382/382/382 314/314/314 229/229/229
f 313/313/313 314/314/314 381/381/381
f 223/223/223 306/306/306 307/307/307
f 229/229/229 223/223/223 310/310/310 311/311/311
f 223/223/223 217/217/217 303/303/303
f 310/310/310 223/223/223 307/307/307
f 235/235/235 318/318/318 319/319/319
f 235/235/235 229/229/229 315/315/315
f 235/235/235 319/319/319 322/322/322
f 229/229/229 311/311/311 382/382/382
f 318/318/318 235/235/235 315/315/315
f 385/385/385 326/326/326 241/241/241
f 385/385/385 383/383/383 326/326/326
f 247/247/247 327/327/327 330/330/330
f 326/326/326 383/383/383 325/325/325
f 241/241/241 326/326/326 327/327/327
f 335/335/335 384/384/384 386/386/386
f 384/384/384 337/337/337 338/338/338
f 386/386/386 338/338/338 253/253/253
f 335/335/335 253/253/253 334/334/334
f 241/241/241 322/322/322 323/323/323
f 327/327/327 247/247/247 241/241/241
f 323/323/323 385/385/385 241/241/241
f 235/235/235 322/322/322 241/241/241
f 334/334/334 253/253/253 247/247/247
f 335/335/335 386/386/386 253/253/253
f 259/259/259 253/253/253 339/339/339
f 338/338/338 339/339/339 253/253/253
f 384/384/384 338/338/338 386/386/386
f 331/331/331 334/334/334 247/247/247
f 331/331/331 247/247/247 330/330/330
f 344/344/344 341/341/341 258/258/258
f 252/252/252 258/258/258 341/341/341
f 387/387/387 258/258/258 345/345/345
f 343/343/343 344/344/344 258/258/258 387/387/387
f 349/349/349 348/348/348 264/264/264
f 348/348/348 345/345/345 258/258/258
f 353/353/353 264/264/264 270/270/270
f 264/264/264 348/348/348 258/258/258
f 347/347/347 348/348/348 349/349/349 350/350/350
f 264/264/264 352/352/352 349/349/349
f 351/351/351 352/352/352 353/353/353 354/354/354
f 352/352/352 264/264/264 353/353/353
f 270/270/270 360/360/360 357/357/357
f 355/355/355 356/356/356 388/388/388 389/389/389
f 388/388/388 356/356/356 270/270/270
f 361/361/361 362/362/362 359/359/359 360/360/360
f 270/270/270 356/356/356 353/353/353
f 357/357/357 388/388/388 270/270/270
f 360/360/360 270/270/270 276/276/276
f 364/364/364 361/361/361 276/276/276
f 360/360/360 276/276/276 361/361/361
f 276/276/276 365/365/365 364/364/364
f 365/365/365 276/276/276 282/282/282
f 363/363/363 364/364/364 365/365/365 366/366/366
f 390/390/390 282/282/282 369/369/369
f 294/294/294 377/377/377 288/288/288
f 282/282/282 288/288/288 372/372/372 369/369/369
f 365/365/365 282/282/282 368/368/368
f 367/367/367 368/368/368 282/282/282 390/390/390
f 373/373/373 372/372/372 288/288/288
f 373/373/373 374/374/374 371/371/371 372/372/372
f 377/377/377 376/376/376 288/288/288
f 295/295/295 296/296/296 380/380/380
f 294/294/294 295/295/295 380/380/380
f 377/377/377 294/294/294 380/380/380
f 375/375/375 376/376/376 377/377/377 378/378/378
f 376/376/376 373/373/373 288/288/288
f 379/379/379 380/380/380 296/296/296 297/297/297
f 391/391/391 343/343/343 387/387/387
f 259/259/259 342/342/342 343/343/343
f 346/346/346 259/259/259 391/391/391
f 346/346/346 391/391/391 387/387/387
f 259/259/259 343/343/343 391/391/391
f 351/351/351 265/265/265 350/350/350
f 387/387/387 345/345/345 346/346/346
f 358/358/358 388/388/388 357/357/357
f 347/347/347 350/350/350 265/265/265
f 354/354/354 265/265/265 351/351/351
f 265/265/265 259/259/259 346/346/346 347/347/347
f 265/265/265 354/354/354 271/271/271
f 355/355/355 389/389/389 271/271/271
f 358/358/358 271/271/271 389/389/389
f 277/277/277 271/271/271 358/358/358 359/359/359
f 389/389/389 388/388/388 358/358/358
f 354/354/354 355/355/355 271/271/271
f 277/277/277 359/359/359 362/362/362
f 339/339/339 342/342/342 259/259/259
f 367/367/367 283/283/283 366/366/366
f 283/283/283 392/392/392 370/370/370
f 366/366/366 277/277/277 363/363/363
f 289/289/289 374/374/374 375/375/375
f 369/369/369 370/370/370 392/392/392 390/390/390
f 390/390/390 392/392/392 367/367/367
f 283/283/283 370/370/370 371/371/371
f 283/283/283 277/277/277 366/366/366
f 283/283/283 371/371/371 289/289/289
f 283/283/283 367/367/367 392/392/392
f 298/298/298 378/378/378 379/379/379
f 298/298/298 289/289/289 375/375/375 378/378/378
f 298/298/298 379/379/379 297/297/297
f 374/374/374 289/289/289 371/371/371
f 362/362/362 363/363/363 277/277/277
f 397/397/397 394/394/394 393/393/393 396/396/396
f 398/398/398 395/395/395 394/394/394 397/397/397
f 402/402/402 400/400/400 399/399/399 401/401/401
f 406/406/406 404/404/404 403/403/403 405/405/405
f 408/408/408 406/406/406 405/405/405 407/407/407
f 412/412/412 410/410/410 409/409/409 411/411/411
f 416/416/416 414/414/414 413/413/413 415/415/415
f 421/421/421 418/418/418 417/417/417 420/420/420
f 422/422/422 419/419/419 418/418/418 421/421/421
f 426/426/426 424/424/424 423/423/423 425/425/425
f 430/430/430 428/428/428 427/427/427 429/429/429
f 434/434/434 432/432/432 431/431/431 433/433/433
f 438/438/438 436/436/436 435/435/435 437/437/437
f 442/442/442 440/440/440 439/439/439 441/441/441
f 446/446/446 444/444/444 443/443/443 445/445/445
f 448/448/448 446/446/446 445/445/445 447/447/447
f 452/452/452 450/450/450 449/449/449 451/451/451
f 456/456/456 454/454/454 453/453/453 455/455/455
f 460/460/460 458/458/458 457/457/457 459/459/459
f 464/464/464 462/462/462 461/461/461 463/463/463
f 469/469/469 466/466/466 465/465/465 468/468/468
f 470/470/470 467/467/467 466/466/466 469/469/469
f 474/474/474 472/472/472 471/471/471 473/473/473
f 478/478/478 476/476/476 475/475/475 477/477/477
f 482/482/482 480/480/480 479/479/479 481/481/481
f 493/493/493 484/484/484 483/483/483 492/492/492
f 495/495/495 491/491/491 490/490/490 494/494/494
f 497/497/497 493/493/493 492/492/492 496/496/496
f 499/499/499 495/495/495 494/494/494 498/498/498
f 501/501/501 497/497/497 496/496/496 500/500/500
f 503/503/503 499/499/499 498/498/498 502/502/502
f 505/505/505 501/501/501 500/500/500 504/504/504
f 507/507/507 503/503/503 502/502/502 506/506/506
f 509/509/509 505/505/505 504/504/504 508/508/508
f 511/511/511 507/507/507 506/506/506 510/510/510
f 513/513/513 509/509/509 508/508/508 512/512/512
f 515/515/515 511/511/511 510/510/510 514/514/514
f 517/517/517 513/513/513 512/512/512 516/516/516
f 519/519/519 515/515/515 514/514/514 518/518/518
f 521/521/521 517/517/517 516/516/516 520/520/520
f 523/523/523 519/519/519 518/518/518 522/522/522
f 525/525/525 521/521/521 520/520/520 524/524/524
f 527/527/527 523/523/523 522/522/522 526/526/526
f 529/529/529 525/525/525 524/524/524 528/528/528
f 531/531/531 527/527/527 526/526/526 530/530/530
f 533/533/533 529/529/529 528/528/528 532/532/532
f 535/535/535 531/531/531 530/530/530 534/534/534
f 537/537/537 533/533/533 532/532/532 536/536/536
f 539/539/539 535/535/535 534/534/534 538/538/538
f 541/541/541 537/537/537 536/536/536 540/540/540
f 548/548/548 539/539/539 538/538/538 547/547/547
f 555/555/555 554/554/554 493/493/493
f 484/484/484 493/493/493 554/554/554
f 559/559/559 560/560/560 561/561/561 562/562/562
f 484/484/484 549/549/549 485/485/485
f 484/484/484 554/554/554 549/549/549
f 561/561/561 560/560/560 493/493/493
f 493/493/493 497/497/497 566/566/566 561/561/561
f 555/555/555 493/493/493 560/560/560
f 669/669/669 497/497/497 567/567/567
f 565/565/565 566/566/566 497/497/497 669/669/669
f 567/567/567 497/497/497 572/572/572
f 555/555/555 556/556/556 553/553/553 554/554/554
f 550/550/550 487/487/487 486/486/486
f 549/549/549 550/550/550 486/486/486 485/485/485
f 558/558/558 559/559/559 562/562/562 563/563/563
f 488/488/488 487/487/487 550/550/550
f 670/670/670 564/564/564 671/671/671
f 671/671/671 565/565/565 672/672/672
f 669/669/669 672/672/672 565/565/565
f 669/669/669 568/568/568 672/672/672
f 671/671/671 672/672/672 568/568/568
f 568/568/568 669/669/669 567/567/567
f 564/564/564 565/565/565 671/671/671
f 501/501/501 505/505/505 584/584/584 579/579/579
f 579/579/579 578/578/578 501/501/501
f 572/572/572 501/501/501 573/573/573
f 583/583/583 584/584/584 505/505/505 673/673/673
f 505/505/505 585/585/585 673/673/673
f 497/497/497 501/501/501 572/572/572
f 590/590/590 585/585/585 505/505/505
f 505/505/505 509/509/509 591/591/591 590/590/590
f 509/509/509 597/597/597 596/596/596
f 595/595/595 596/596/596 597/597/597 598/598/598
f 509/509/509 596/596/596 591/591/591
f 509/509/509 513/513/513 602/602/602 597/597/597
f 578/578/578 573/573/573 501/501/501
f 571/571/571 572/572/572 573/573/573 574/574/574
f 577/577/577 578/578/578 579/579/579 580/580/580
f 674/674/674 582/582/582 675/675/675
f 576/576/576 577/577/577 580/580/580 581/581/581
f 601/601/601 602/602/602 513/513/513 676/676/676
f 676/676/676 513/513/513 603/603/603
f 591/591/591 592/592/592 589/589/589 590/590/590
f 609/609/609 610/610/610 607/607/607 608/608/608
f 603/603/603 513/513/513 608/608/608
f 608/608/608 513/513/513 609/609/609
f 490/490/490 551/551/551 552/552/552
f 551/551/551 489/489/489 488/488/488
f 494/494/494 552/552/552 557/557/557
f 488/488/488 550/550/550 551/551/551
f 490/490/490 489/489/489 551/551/551
f 673/673/673 677/677/677 583/583/583
f 677/677/677 675/675/675 583/583/583
f 552/552/552 553/553/553 556/556/556 557/557/557
f 568/568/568 569/569/569 670/670/670 671/671/671
f 570/570/570 571/571/571 574/574/574 575/575/575
f 675/675/675 677/677/677 586/586/586
f 583/583/583 675/675/675 582/582/582
f 494/494/494 557/557/557 558/558/558
f 498/498/498 563/563/563 564/564/564
f 569/569/569 498/498/498 670/670/670
f 564/564/564 670/670/670 498/498/498
f 494/494/494 490/490/490 552/552/552
f 563/563/563 498/498/498 494/494/494
f 498/498/498 569/569/569 570/570/570
f 563/563/563 494/494/494 558/558/558
f 502/502/502 570/570/570 575/575/575
f 502/502/502 575/575/575 576/576/576
f 506/506/506 502/502/502 581/581/581 582/582/582
f 576/576/576 581/581/581 502/502/502
f 498/498/498 570/570/570 502/502/502
f 594/594/594 595/595/595 598/598/598 599/599/599
f 585/585/585 586/586/586 673/673/673
f 586/586/586 587/587/587 674/674/674 675/675/675
f 600/600/600 601/601/601 678/678/678 679/679/679
f 676/676/676 680/680/680 601/601/601
f 678/678/678 601/601/601 680/680/680
f 606/606/606 607/607/607 610/610/610 611/611/611
f 680/680/680 604/604/604 678/678/678
f 603/603/603 604/604/604 676/676/676
f 604/604/604 605/605/605 679/679/679 678/678/678
f 604/604/604 680/680/680 676/676/676
f 592/592/592 593/593/593 588/588/588 589/589/589
f 588/588/588 506/506/506 587/587/587
f 593/593/593 510/510/510 588/588/588
f 506/506/506 588/588/588 510/510/510
f 594/594/594 510/510/510 593/593/593
f 599/599/599 510/510/510 594/594/594
f 506/506/506 582/582/582 674/674/674
f 514/514/514 679/679/679 605/605/605
f 514/514/514 599/599/599 600/600/600
f 606/606/606 514/514/514 605/605/605
f 679/679/679 514/514/514 600/600/600
f 518/518/518 514/514/514 606/606/606 611/611/611
f 510/510/510 599/599/599 514/514/514
f 587/587/587 506/506/506 674/674/674
f 586/586/586 677/677/677 673/673/673
f 614/614/614 609/609/609 517/517/517
f 513/513/513 517/517/517 609/609/609
f 517/517/517 615/615/615 681/681/681
f 620/620/620 615/615/615 517/517/517
f 613/613/613 614/614/614 517/517/517 681/681/681
f 620/620/620 517/517/517 521/521/521
f 521/521/521 626/626/626 621/621/621
f 620/620/620 521/521/521 621/621/621
f 521/521/521 525/525/525 627/627/627 626/626/626
f 625/625/625 626/626/626 627/627/627 628/628/628
f 525/525/525 632/632/632 627/627/627
f 632/632/632 525/525/525 682/682/682
f 619/619/619 620/620/620 621/621/621 622/622/622
f 682/682/682 631/631/631 632/632/632
f 683/683/683 613/613/613 684/684/684
f 681/681/681 684/684/684 613/613/613
f 681/681/681 616/616/616 684/684/684
f 683/683/683 684/684/684 616/616/616
f 681/681/681 615/615/615 616/616/616
f 612/612/612 613/613/613 683/683/683 685/685/685
f 686/686/686 630/630/630 687/687/687
f 630/630/630 631/631/631 687/687/687
f 631/631/631 682/682/682 688/688/688
f 624/624/624 625/625/625 628/628/628 629/629/629
f 682/682/682 525/525/525 633/633/633
f 633/633/633 525/525/525 638/638/638
f 529/529/529 638/638/638 525/525/525
f 638/638/638 529/529/529 639/639/639
f 644/644/644 639/639/639 529/529/529
f 643/643/643 644/644/644 645/645/645 646/646/646
f 639/639/639 640/640/640 637/637/637 638/638/638
f 644/644/644 529/529/529 645/645/645
f 533/533/533 537/537/537 656/656/656 651/651/651
f 657/657/657 656/656/656 537/537/537
f 651/651/651 689/689/689 533/533/533
f 645/645/645 533/533/533 650/650/650
f 661/661/661 662/662/662 663/663/663 664/664/664
f 537/537/537 541/541/541 663/663/663 662/662/662
f 529/529/529 533/533/533 645/645/645
f 688/688/688 682/682/682 634/634/634
f 649/649/649 650/650/650 533/533/533 689/689/689
f 682/682/682 633/633/633 634/634/634
f 690/690/690 649/649/649 689/689/689
f 652/652/652 690/690/690 689/689/689
f 687/687/687 688/688/688 634/634/634
f 537/537/537 662/662/662 657/657/657
f 667/667/667 668/668/668 542/542/542 543/543/543
f 655/655/655 656/656/656 657/657/657 658/658/658
f 541/541/541 542/542/542 668/668/668
f 668/668/668 663/663/663 541/541/541
f 687/687/687 631/631/631 688/688/688
f 617/617/617 518/518/518 685/685/685
f 518/518/518 611/611/611 612/612/612
f 616/616/616 617/617/617 685/685/685 683/683/683
f 640/640/640 641/641/641 636/636/636 637/637/637
f 634/634/634 635/635/635 686/686/686 687/687/687
f 622/622/622 623/623/623 618/618/618 619/619/619
f 642/642/642 643/643/643 646/646/646 647/647/647
f 624/624/624 522/522/522 623/623/623
f 518/518/518 617/617/617 618/618/618
f 629/629/629 522/522/522 624/624/624
f 618/618/618 623/623/623 522/522/522
f 518/518/518 618/618/618 522/522/522
f 629/629/629 526/526/526 522/522/522
f 630/630/630 526/526/526 629/629/629
f 685/685/685 518/518/518 612/612/612
f 526/526/526 635/635/635 636/636/636
f 530/530/530 636/636/636 641/641/641
f 526/526/526 636/636/636 530/530/530
f 642/642/642 530/530/530 641/641/641
f 647/647/647 530/530/530 642/642/642
f 686/686/686 526/526/526 630/630/630
f 526/526/526 686/686/686 635/635/635
f 691/691/691 648/648/648 692/692/692
f 651/651/651 652/652/652 689/689/689
f 692/692/692 649/649/649 690/690/690
f 652/652/652 653/653/653 691/691/691 692/692/692
f 660/660/660 661/661/661 664/664/664 665/665/665
f 666/666/666 667/667/667 545/545/545 546/546/546
f 544/544/544 545/545/545 667/667/667
f 658/658/658 659/659/659 654/654/654 655/655/655
f 544/544/544 667/667/667 543/543/543
f 534/534/534 647/647/647 648/648/648
f 534/534/534 691/691/691 653/653/653
f 648/648/648 691/691/691 534/534/534
f 538/538/538 534/534/534 653/653/653 654/654/654
f 659/659/659 538/538/538 654/654/654
f 530/530/530 647/647/647 534/534/534
f 538/538/538 660/660/660 665/665/665
f 538/538/538 665/665/665 547/547/547
f 666/666/666 547/547/547 665/665/665
f 546/546/546 547/547/547 666/666/666
f 659/659/659 660/660/660 538/538/538
f 692/692/692 648/648/648 649/649/649
f 692/692/692 690/690/690 652/652/652
f 696/696/696 694/694/694 693/693/693 695/695/695
f 701/701/701 698/698/698 697/697/697 700/700/700
f 702/702/702 699/699/699 698/698/698 701/701/701
f 704/704/704 701/701/701 700/700/700 703/703/703
f 705/705/705 702/702/702 701/701/701 704/704/704
f 709/709/709 707/707/707 706/706/706 708/708/708
f 714/714/714 711/711/711 710/710/710 713/713/713
f 715/715/715 712/712/712 711/711/711 714/714/714
f 717/717/717 714/714/714 713/713/713 716/716/716
f 718/718/718 715/715/715 714/714/714 717/717/717
f 722/722/722 720/720/720 719/719/719 721/721/721
f 726/726/726 724/724/724 723/723/723 725/725/725
f 730/730/730 728/728/728 727/727/727 729/729/729
f 734/734/734 732/732/732 731/731/731 733/733/733
f 738/738/738 736/736/736 735/735/735 737/737/737
f 742/742/742 740/740/740 739/739/739 741/741/741
f 746/746/746 744/744/744 743/743/743 745/745/745
f 750/750/750 748/748/748 747/747/747 749/749/749
f 754/754/754 752/752/752 751/751/751 753/753/753
f 758/758/758 756/756/756 755/755/755 757/757/757
f 762/762/762 760/760/760 759/759/759 761/761/761
f 766/766/766 764/764/764 763/763/763 765/765/765
f 770/770/770 768/768/768 767/767/767 769/769/769
f 774/774/774 772/772/772 771/771/771 773/773/773
f 778/778/778 776/776/776 775/775/775 777/777/777
f 782/782/782 780/780/780 779/779/779 781/781/781
f 793/793/793 784/784/784 783/783/783 792/792/792
f 795/795/795 791/791/791 790/790/790 794/794/794
f 797/797/797 793/793/793 792/792/792 796/796/796
f 799/799/799 795/795/795 794/794/794 798/798/798
f 801/801/801 797/797/797 796/796/796 800/800/800
f 803/803/803 799/799/799 798/798/798 802/802/802
f 805/805/805 801/801/801 800/800/800 804/804/804
f 807/807/807 803/803/803 802/802/802 806/806/806
f 809/809/809 805/805/805 804/804/804 808/808/808
f 811/811/811 807/807/807 806/806/806 810/810/810
f 813/813/813 809/809/809 808/808/808 812/812/812
f 815/815/815 811/811/811 810/810/810 814/814/814
f 817/817/817 813/813/813 812/812/812 816/816/816
f 819/819/819 815/815/815 814/814/814 818/818/818
f 821/821/821 817/817/817 816/816/816 820/820/820
f 823/823/823 819/819/819 818/818/818 822/822/822
f 825/825/825 821/821/821 820/820/820 824/824/824
f 827/827/827 823/823/823 822/822/822 826/826/826
f 829/829/829 825/825/825 824/824/824 828/828/828
f 831/831/831 827/827/827 826/826/826 830/830/830
f 833/833/833 829/829/829 828/828/828 832/832/832
f 835/835/835 831/831/831 830/830/830 834/834/834
f 837/837/837 833/833/833 832/832/832 836/836/836
f 839/839/839 835/835/835 834/834/834 838/838/838
f 841/841/841 837/837/837 836/836/836 840/840/840
f 848/848/848 839/839/839 838/838/838 847/847/847
f 784/784/784 793/793/793 924/924/924 925/925/925
f 929/929/929 793/793/793 917/917/917 918/918/918
f 785/785/785 784/784/784 925/925/925
f 916/916/916 917/917/917 797/797/797
f 793/793/793 797/797/797 917/917/917
f 909/909/909 916/916/916 797/797/797 801/801/801
f 793/793/793 929/929/929 923/923/923 924/924/924
f 915/915/915 916/916/916 909/909/909 910/910/910
f 926/926/926 786/786/786 785/785/785
f 786/786/786 926/926/926 787/787/787
f 929/929/929 918/918/918 930/930/930
f 929/929/929 930/930/930 923/923/923
f 918/918/918 919/919/919 930/930/930
f 922/922/922 923/923/923 930/930/930 931/931/931
f 925/925/925 926/926/926 785/785/785
f 801/801/801 805/805/805 908/908/908 909/909/909
f 805/805/805 932/932/932 907/907/907 908/908/908
f 932/932/932 805/805/805 901/901/901 902/902/902
f 805/805/805 809/809/809 900/900/900 901/901/901
f 893/893/893 809/809/809 813/813/813
f 933/933/933 809/809/809 893/893/893 894/894/894
f 892/892/892 893/893/893 813/813/813
f 899/899/899 900/900/900 809/809/809 933/933/933
f 892/892/892 813/813/813 885/885/885
f 906/906/906 907/907/907 932/932/932 934/934/934
f 934/934/934 932/932/932 902/902/902
f 910/910/910 911/911/911 914/914/914 915/915/915
f 933/933/933 894/894/894 935/935/935
f 935/935/935 899/899/899 933/933/933
f 935/935/935 898/898/898 899/899/899
f 891/891/891 892/892/892 885/885/885 886/886/886
f 930/930/930 919/919/919 931/931/931
f 927/927/927 789/789/789 788/788/788
f 922/922/922 931/931/931 936/936/936
f 787/787/787 927/927/927 788/788/788
f 936/936/936 931/931/931 919/919/919
f 919/919/919 920/920/920 936/936/936
f 936/936/936 921/921/921 922/922/922
f 911/911/911 912/912/912 913/913/913 914/914/914
f 787/787/787 926/926/926 927/927/927
f 794/794/794 928/928/928 921/921/921
f 789/789/789 927/927/927 928/928/928
f 928/928/928 794/794/794 790/790/790
f 921/921/921 936/936/936 794/794/794
f 789/789/789 928/928/928 790/790/790
f 920/920/920 794/794/794 936/936/936
f 802/802/802 798/798/798 913/913/913
f 920/920/920 913/913/913 798/798/798
f 912/912/912 802/802/802 913/913/913
f 905/905/905 802/802/802 912/912/912
f 794/794/794 920/920/920 798/798/798
f 906/906/906 934/934/934 937/937/937
f 937/937/937 934/934/934 903/903/903
f 906/906/906 937/937/937 938/938/938
f 903/903/903 938/938/938 937/937/937
f 939/939/939 935/935/935 895/895/895
f 902/902/902 903/903/903 934/934/934
f 895/895/895 940/940/940 939/939/939
f 935/935/935 939/939/939 898/898/898
f 894/894/894 895/895/895 935/935/935
f 897/897/897 898/898/898 939/939/939 940/940/940
f 905/905/905 938/938/938 806/806/806
f 904/904/904 938/938/938 903/903/903
f 904/904/904 897/897/897 810/810/810 806/806/806
f 806/806/806 938/938/938 904/904/904
f 802/802/802 905/905/905 806/806/806
f 940/940/940 810/810/810 897/897/897
f 896/896/896 940/940/940 895/895/895
f 810/810/810 896/896/896 814/814/814
f 889/889/889 814/814/814 896/896/896
f 889/889/889 888/888/888 818/818/818 814/814/814
f 896/896/896 810/810/810 940/940/940
f 889/889/889 890/890/890 887/887/887 888/888/888
f 938/938/938 905/905/905 906/906/906
f 890/890/890 891/891/891 886/886/886 887/887/887
f 884/884/884 817/817/817 821/821/821
f 817/817/817 884/884/884 885/885/885
f 941/941/941 821/821/821 877/877/877 878/878/878
f 813/813/813 817/817/817 885/885/885
f 876/876/876 877/877/877 821/821/821 825/825/825
f 825/825/825 942/942/942 875/875/875 876/876/876
f 942/942/942 825/825/825 869/869/869 870/870/870
f 825/825/825 829/829/829 868/868/868 869/869/869
f 821/821/821 941/941/941 883/883/883 884/884/884
f 883/883/883 943/943/943 882/882/882
f 941/941/941 943/943/943 883/883/883
f 943/943/943 941/941/941 878/878/878
f 875/875/875 942/942/942 944/944/944
f 870/870/870 944/944/944 942/942/942
f 944/944/944 874/874/874 875/875/875
f 829/829/829 833/833/833 861/861/861 868/868/868
f 861/861/861 862/862/862 867/867/867 868/868/868
f 861/861/861 833/833/833 860/860/860
f 837/837/837 841/841/841 852/852/852 853/853/853
f 945/945/945 837/837/837 853/853/853 854/854/854
f 851/851/851 852/852/852 842/842/842 843/843/843
f 852/852/852 841/841/841 842/842/842
f 833/833/833 837/837/837 860/860/860
f 837/837/837 945/945/945 859/859/859 860/860/860
f 862/862/862 863/863/863 866/866/866 867/867/867
f 945/945/945 854/854/854 946/946/946
f 945/945/945 946/946/946 859/859/859
f 850/850/850 851/851/851 844/844/844 845/845/845
f 844/844/844 851/851/851 843/843/843
f 859/859/859 946/946/946 858/858/858
f 881/881/881 882/882/882 947/947/947 948/948/948
f 948/948/948 947/947/947 879/879/879
f 882/882/882 943/943/943 947/947/947
f 873/873/873 874/874/874 949/949/949 950/950/950
f 878/878/878 879/879/879 943/943/943
f 950/950/950 949/949/949 871/871/871
f 944/944/944 949/949/949 874/874/874
f 872/872/872 950/950/950 871/871/871
f 944/944/944 871/871/871 949/949/949
f 947/947/947 943/943/943 879/879/879
f 818/818/818 888/888/888 881/881/881
f 881/881/881 822/822/822 818/818/818
f 881/881/881 948/948/948 822/822/822
f 826/826/826 822/822/822 880/880/880 873/873/873
f 879/879/879 880/880/880 948/948/948
f 830/830/830 826/826/826 872/872/872 865/865/865
f 950/950/950 826/826/826 873/873/873
f 826/826/826 950/950/950 872/872/872
f 822/822/822 948/948/948 880/880/880
f 858/858/858 951/951/951 952/952/952
f 863/863/863 864/864/864 865/865/865 866/866/866
f 858/858/858 946/946/946 951/951/951
f 854/854/854 855/855/855 951/951/951 946/946/946
f 855/855/855 952/952/952 951/951/951
f 849/849/849 850/850/850 845/845/845 846/846/846
f 871/871/871 944/944/944 870/870/870
f 858/858/858 952/952/952 857/857/857
f 834/834/834 864/864/864 857/857/857
f 865/865/865 864/864/864 830/830/830
f 834/834/834 830/830/830 864/864/864
f 834/834/834 857/857/857 838/838/838
f 952/952/952 855/855/855 856/856/856
f 856/856/856 838/838/838 952/952/952
f 847/847/847 838/838/838 856/856/856 849/849/849
f 846/846/846 847/847/847 849/849/849
f 952/952/952 838/838/838 857/857/857
f 956/956/956 954/954/954 953/953/953 955/955/955
f 960/960/960 958/958/958 957/957/957 959/959/959
f 964/964/964 962/962/962 961/961/961 963/963/963
f 968/968/968 966/966/966 965/965/965 967/967/967
f 972/972/972 970/970/970 969/969/969 971/971/971
f 976/976/976 974/974/974 973/973/973 975/975/975
f 980/980/980 978/978/978 977/977/977 979/979/979
f 984/984/984 982/982/982 981/981/981 983/983/983
f 988/988/988 986/986/986 985/985/985 987/987/987
f 992/992/992 990/990/990 989/989/989 991/991/991
f 997/997/997 994/994/994 993/993/993 996/996/996
f 998/998/998 995/995/995 994/994/994 997/997/997
f 1003/1003/1003 1000/1000/1000 999/999/999 1002/1002/1002
f 1004/1004/1004 1001/1001/1001 1000/1000/1000 1003/1003/1003
f 1006/1006/1006 1003/1003/1003 1002/1002/1002 1005/1005/1005
f 1007/1007/1007 1004/1004/1004 1003/1003/1003 1006/1006/1006
