# Rhino

mtllib stereo.mtl
o object_1
usemtl diffuse_Black
v -99.939082701909584 -3.4899496702500983 0 117 149 204
v -93.194702314290069 -3.2544307173693738 0 117 149 204
v -93.194702314290069 3.2544307173693738 0 117 149 204
v -99.939082701909584 3.4899496702500983 0 117 149 204
v -99.939082701909584 3.4899496702500983 0 117 149 204
v -93.194702314290069 3.2544307173693738 0 117 149 204
v -92.74066709251359 9.7474368927873343 0 117 149 204
v -99.452189536827305 10.452846326765339 0 117 149 204
v -99.452189536827305 10.452846326765339 0 117 149 204
v -92.74066709251359 9.7474368927873343 0 117 149 204
v -91.834808662921617 16.192954535472552 0 117 149 204
v -98.480775301220788 17.364817766693037 0 117 149 204
v -98.480775301220788 17.364817766693037 0 118 150 204
v -91.834808662921617 16.192954535472552 0 118 150 204
v -90.481540276726562 22.559581731371054 0 118 150 204
v -97.02957262759962 24.192189559966764 0 118 150 204
v -97.02957262759962 24.192189559966764 0 118 150 204
v -90.481540276726562 22.559581731371054 0 118 150 204
v -88.687454921475947 28.816300912755537 0 118 150 204
v -95.105651629515322 30.901699437494742 0 118 150 204
v -95.105651629515322 30.901699437494742 0 118 150 204
v -88.687454921475947 28.816300912755537 0 118 150 204
v -86.461293200679691 34.932629972697519 0 118 150 204
v -92.718385456678689 37.460659341591189 0 118 150 204
v -92.718385456678689 37.460659341591189 0 119 151 205
v -86.461293200679691 34.932629972697519 0 119 151 205
v -83.813900750468477 40.878770770828204 0 119 151 205
v -89.879404629916635 43.837114678907724 0 119 151 205
v -89.879404629916635 43.837114678907724 0 119 151 205
v -83.813900750468477 40.878770770828204 0 119 151 205
v -80.758175400744861 46.625754306883074 0 119 151 205
v -86.602540378443805 49.999999999999979 0 119 151 205
v -86.602540378443805 49.999999999999979 0 119 151 205
v -80.758175400744861 46.625754306883074 0 119 151 205
v -77.309004338252223 52.14558185475925 0 119 151 205
v -82.903757255504118 55.919290347074657 0 119 151 205
v -82.903757255504118 55.919290347074657 0 121 153 207
v -77.309004338252223 52.14558185475925 0 121 153 207
v -73.483191577697553 57.411361369494593 0 121 153 207
v -78.801075360672129 61.566147532565793 0 121 153 207
v -78.801075360672129 61.566147532565793 0 121 153 207
v -73.483191577697553 57.411361369494593 0 121 153 207
v -69.29937609428093 62.397438502607613 0 121 153 207
v -74.31448254773936 66.913060635885785 0 121 153 207
v -74.31448254773936 66.913060635885785 0 121 153 207
v -69.29937609428093 62.397438502607613 0 121 153 207
v -64.777941016481904 67.07952158750453 0 121 153 207
v -69.465837045899676 71.933980033865069 0 121 153 207
v -69.465837045899676 71.933980033865069 0 125 156 210
v -64.777941016481904 67.07952158750453 0 125 156 210
v -59.940914321506412 71.434799986037049 0 125 156 210
v -64.278760968653884 76.604444311897751 0 125 156 210
v -64.278760968653884 76.604444311897751 0 125 156 210
v -59.940914321506412 71.434799986037049 0 125 156 210
v -54.811861517196192 75.442055219638576 0 125 156 210
v -58.778525229247251 80.901699437494685 0 125 156 210
v -58.778525229247251 80.901699437494685 0 125 156 210
v -54.811861517196192 75.442055219638576 0 125 156 210
v -49.415770833243258 79.081764343618886 0 125 156 210
v -52.991926423320436 84.804809615642526 0 125 156 210
v -52.991926423320436 84.804809615642526 0 133 164 217
v -49.415770833243258 79.081764343618886 0 133 164 217
v -43.778931481046683 82.33619506098826 0 133 164 217
v -46.94715627858902 88.294759285892624 0 133 164 217
v -46.94715627858902 88.294759285892624 0 133 164 217
v -43.778931481046683 82.33619506098826 0 133 164 217
v -37.928805575317242 85.189492112425881 0 133 164 217
v -40.673664307579955 91.35454576426001 0 133 164 217
v -40.673664307579955 91.35454576426001 0 133 164 217
v -37.928805575317242 85.189492112425881 0 133 164 217
v -31.893894341415077 87.627754521509559 0 133 164 217
v -34.202014332566819 93.969262078590759 0 133 164 217
v -34.202014332566819 93.969262078590759 0 154 184 234
v -31.893894341415077 87.627754521509559 0 154 184 234
v -25.703599260244573 89.639103318875542 0 154 184 234
v -27.563735581699873 96.12616959383179 0 154 184 234
v -27.563735581699873 96.12616959383179 0 154 184 234
v -25.703599260244573 89.639103318875542 0 154 184 234
v -19.388078827194917 91.213739415363108 0 154 184 234
v -20.791169081775891 97.814760073380455 0 154 184 234
v -20.791169081775891 97.814760073380455 0 154 184 234
v -19.388078827194917 91.213739415363108 0 154 184 234
v -12.978101622982038 92.343991342192027 0 154 184 234
v -13.917310096006517 99.026806874156932 0 154 184 234
v -13.917310096006517 99.026806874156932 0 169 199 246
v -12.978101622982038 92.343991342192027 0 169 199 246
v -6.5048964122162118 93.024352625587355 0 169 199 246
v -6.9756473744125032 99.756405025982303 0 169 199 246
v -6.9756473744125032 99.756405025982303 0 169 199 246
v -6.5048964122162118 93.024352625587355 0 169 199 246
v 0 93.251508613766049 0 169 199 246
v 0 99.999999999999872 0 169 199 246
v 0 99.999999999999872 0 169 199 246
v 0 93.251508613766049 0 169 199 246
v 6.5048964122162829 93.024352625587341 0 169 199 246
v 6.9756473744125458 99.756405025982303 0 169 199 246
v 6.9756473744125458 99.756405025982303 0 162 192 240
v 6.5048964122162829 93.024352625587341 0 162 192 240
v 12.978101622982123 92.343991342192012 0 162 192 240
v 13.917310096006545 99.026806874156904 0 162 192 240
v 13.917310096006545 99.026806874156904 0 162 192 240
v 12.978101622982123 92.343991342192012 0 162 192 240
v 19.388078827194988 91.213739415363065 0 162 192 240
v 20.791169081775919 97.814760073380441 0 162 192 240
v 20.791169081775919 97.814760073380441 0 162 192 240
v 19.388078827194988 91.213739415363065 0 162 192 240
v 25.703599260244644 89.639103318875485 0 162 192 240
v 27.563735581699902 96.126169593831762 0 162 192 240
v 27.563735581699902 96.126169593831762 0 171 200 246
v 25.703599260244644 89.639103318875485 0 171 200 246
v 31.893894341415134 87.627754521509502 0 171 200 246
v 34.202014332566847 93.969262078590702 0 171 200 246
v 34.202014332566847 93.969262078590702 0 171 200 246
v 31.893894341415134 87.627754521509502 0 171 200 246
v 37.928805575317305 85.18949211242581 0 171 200 246
v 40.673664307579983 91.354545764259939 0 171 200 246
v 40.673664307579983 91.354545764259939 0 171 200 246
v 37.928805575317305 85.18949211242581 0 171 200 246
v 43.778931481046733 82.336195060988189 0 171 200 246
v 46.947156278589034 88.294759285892539 0 171 200 246
v 46.947156278589034 88.294759285892539 0 173 202 241
v 43.778931481046733 82.336195060988189 0 173 202 241
v 49.4157708332433 79.081764343618801 0 173 202 241
v 52.991926423320436 84.804809615642441 0 173 202 241
v 52.991926423320436 84.804809615642441 0 173 202 241
v 49.4157708332433 79.081764343618801 0 173 202 241
v 54.811861517196228 75.442055219638476 0 173 202 241
v 58.778525229247236 80.901699437494585 0 173 202 241
v 58.778525229247236 80.901699437494585 0 173 202 241
v 54.811861517196228 75.442055219638476 0 173 202 241
v 59.940914321506419 71.434799986036936 0 173 202 241
v 64.278760968653842 76.604444311897637 0 173 202 241
v 64.278760968653842 76.604444311897637 0 179 205 232
v 59.940914321506419 71.434799986036936 0 179 205 232
v 64.777941016481861 67.079521587504416 0 179 205 232
v 69.465837045899619 71.933980033864955 0 179 205 232
v 69.465837045899619 71.933980033864955 0 179 205 232
v 64.777941016481861 67.079521587504416 0 179 205 232
v 69.299376094280873 62.397438502607493 0 179 205 232
v 74.314482547739303 66.913060635885671 0 179 205 232
v 74.314482547739303 66.913060635885671 0 179 205 232
v 69.299376094280873 62.397438502607493 0 179 205 232
v 73.483191577697482 57.411361369494465 0 179 205 232
v 78.801075360672073 61.566147532565687 0 179 205 232
v 78.801075360672073 61.566147532565687 0 165 195 243
v 73.483191577697482 57.411361369494465 0 165 195 243
v 77.309004338252137 52.145581854759115 0 165 195 243
v 82.903757255504019 55.919290347074543 0 165 195 243
v 82.903757255504019 55.919290347074543 0 165 195 243
v 77.309004338252137 52.145581854759115 0 165 195 243
v 80.758175400744776 46.625754306882946 0 165 195 243
v 86.602540378443706 49.999999999999872 0 165 195 243
v 86.602540378443706 49.999999999999872 0 165 195 243
v 80.758175400744776 46.625754306882946 0 165 195 243
v 83.813900750468378 40.878770770828076 0 165 195 243
v 89.879404629916522 43.837114678907625 0 165 195 243
v 89.879404629916522 43.837114678907625 0 153 184 233
v 83.813900750468378 40.878770770828076 0 153 184 233
v 86.461293200679521 34.932629972697399 0 153 184 233
v 92.718385456678547 37.460659341591096 0 153 184 233
v 92.718385456678547 37.460659341591096 0 153 184 233
v 86.461293200679521 34.932629972697399 0 153 184 233
v 88.687454921475791 28.816300912755437 0 153 184 233
v 95.105651629515151 30.901699437494642 0 153 184 233
v 95.105651629515151 30.901699437494642 0 153 184 233
v 88.687454921475791 28.816300912755437 0 153 184 233
v 90.481540276726406 22.559581731370955 0 153 184 233
v 97.029572627599435 24.192189559966678 0 153 184 233
v 97.029572627599435 24.192189559966678 0 153 183 233
v 90.481540276726406 22.559581731370955 0 153 183 233
v 91.834808662921432 16.192954535472467 0 153 183 233
v 98.480775301220575 17.364817766692966 0 153 183 233
v 98.480775301220575 17.364817766692966 0 153 183 233
v 91.834808662921432 16.192954535472467 0 153 183 233
v 92.740667092513391 9.747436892787249 0 153 183 233
v 99.452189536827092 10.452846326765282 0 153 183 233
v 99.452189536827092 10.452846326765282 0 153 183 233
v 92.740667092513391 9.747436892787249 0 153 183 233
v 93.194702314289884 3.254430717369317 0 153 183 233
v 99.939082701909314 3.4899496702500556 0 153 183 233
v 99.939082701909314 3.4899496702500556 0 153 183 233
v 93.194702314289884 3.254430717369317 0 153 183 233
v 93.194702314289884 -3.2544307173694165 0 153 183 233
v 99.939082701909314 -3.4899496702501267 0 153 183 233
v 99.939082701909314 -3.4899496702501267 0 153 183 233
v 93.194702314289884 -3.2544307173694165 0 153 183 233
v 92.740667092513377 -9.7474368927873627 0 153 183 233
v 99.452189536827063 -10.452846326765354 0 153 183 233
v 99.452189536827063 -10.452846326765354 0 153 183 233
v 92.740667092513377 -9.7474368927873627 0 153 183 233
v 91.83480866292139 -16.192954535472566 0 153 183 233
v 98.480775301220518 -17.364817766693022 0 153 183 233
v 98.480775301220518 -17.364817766693022 0 153 184 233
v 91.83480866292139 -16.192954535472566 0 153 184 233
v 90.481540276726349 -22.55958173137104 0 153 184 233
v 97.029572627599364 -24.192189559966735 0 153 184 233
v 97.029572627599364 -24.192189559966735 0 153 184 233
v 90.481540276726349 -22.55958173137104 0 153 184 233
v 88.687454921475705 -28.816300912755523 0 153 184 233
v 95.105651629515066 -30.901699437494685 0 153 184 233
v 95.105651629515066 -30.901699437494685 0 153 184 233
v 88.687454921475705 -28.816300912755523 0 153 184 233
v 86.461293200679435 -34.932629972697484 0 153 184 233
v 92.718385456678448 -37.460659341591125 0 153 184 233
v 92.718385456678448 -37.460659341591125 0 154 185 234
v 86.461293200679435 -34.932629972697484 0 154 185 234
v 83.813900750468278 -40.878770770828154 0 154 185 234
v 89.879404629916422 -43.837114678907639 0 154 185 234
v 89.879404629916422 -43.837114678907639 0 154 185 234
v 83.813900750468278 -40.878770770828154 0 154 185 234
v 80.758175400744648 -46.625754306882996 0 154 185 234
v 86.602540378443578 -49.999999999999872 0 154 185 234
v 86.602540378443578 -49.999999999999872 0 154 185 234
v 80.758175400744648 -46.625754306882996 0 154 185 234
v 77.309004338252024 -52.145581854759186 0 154 185 234
v 82.903757255503891 -55.919290347074522 0 154 185 234
v 82.903757255503891 -55.919290347074522 0 169 199 246
v 77.309004338252024 -52.145581854759186 0 169 199 246
v 73.483191577697355 -57.411361369494486 0 169 199 246
v 78.801075360671916 -61.566147532565665 0 169 199 246
v 78.801075360671916 -61.566147532565665 0 169 199 246
v 73.483191577697355 -57.411361369494486 0 169 199 246
v 69.299376094280746 -62.3974385026075 0 169 199 246
v 74.314482547739146 -66.913060635885628 0 169 199 246
v 74.314482547739146 -66.913060635885628 0 169 199 246
v 69.299376094280746 -62.3974385026075 0 169 199 246
v 64.777941016481734 -67.079521587504402 0 169 199 246
v 69.465837045899477 -71.933980033864927 0 169 199 246
v 69.465837045899477 -71.933980033864927 0 181 206 229
v 64.777941016481734 -67.079521587504402 0 181 206 229
v 59.94091432150627 -71.434799986036907 0 181 206 229
v 64.278760968653685 -76.604444311897581 0 181 206 229
v 64.278760968653685 -76.604444311897581 0 181 206 229
v 59.94091432150627 -71.434799986036907 0 181 206 229
v 54.811861517196057 -75.442055219638448 0 181 206 229
v 58.77852522924708 -80.901699437494514 0 181 206 229
v 58.77852522924708 -80.901699437494514 0 181 206 229
v 54.811861517196057 -75.442055219638448 0 181 206 229
v 49.41577083324313 -79.081764343618701 0 181 206 229
v 52.991926423320265 -84.804809615642327 0 181 206 229
v 52.991926423320265 -84.804809615642327 0 175 203 238
v 49.41577083324313 -79.081764343618701 0 175 203 238
v 43.778931481046548 -82.336195060988061 0 175 203 238
v 46.947156278588864 -88.294759285892425 0 175 203 238
v 46.947156278588864 -88.294759285892425 0 175 203 238
v 43.778931481046548 -82.336195060988061 0 175 203 238
v 37.928805575317128 -85.189492112425697 0 175 203 238
v 40.673664307579827 -91.354545764259782 0 175 203 238
v 40.673664307579827 -91.354545764259782 0 175 203 238
v 37.928805575317128 -85.189492112425697 0 175 203 238
v 31.89389434141497 -87.627754521509345 0 175 203 238
v 34.202014332566698 -93.969262078590518 0 175 203 238
v 34.202014332566698 -93.969262078590518 0 171 201 245
v 31.89389434141497 -87.627754521509345 0 171 201 245
v 25.703599260244474 -89.639103318875314 0 171 201 245
v 27.563735581699767 -96.126169593831563 0 171 201 245
v 27.563735581699767 -96.126169593831563 0 171 201 245
v 25.703599260244474 -89.639103318875314 0 171 201 245
v 19.388078827194832 -91.213739415362895 0 171 201 245
v 20.791169081775806 -97.814760073380214 0 171 201 245
v 20.791169081775806 -97.814760073380214 0 171 201 245
v 19.388078827194832 -91.213739415362895 0 171 201 245
v 12.978101622981981 -92.343991342191813 0 171 201 245
v 13.917310096006446 -99.026806874156691 0 171 201 245
v 13.917310096006446 -99.026806874156691 0 171 200 246
v 12.978101622981981 -92.343991342191813 0 171 200 246
v 6.504896412216155 -93.024352625587127 0 171 200 246
v 6.9756473744124463 -99.756405025982062 0 171 200 246
v 6.9756473744124463 -99.756405025982062 0 171 200 246
v 6.504896412216155 -93.024352625587127 0 171 200 246
v 0 -93.251508613765836 0 171 200 246
v 0 -99.999999999999645 0 171 200 246
v 0 -99.999999999999645 0 171 200 246
v 0 -93.251508613765836 0 171 200 246
v -6.5048964122162971 -93.024352625587127 0 171 200 246
v -6.97564737441256 -99.756405025982062 0 171 200 246
v -6.97564737441256 -99.756405025982062 0 169 199 246
v -6.5048964122162971 -93.024352625587127 0 169 199 246
v -12.978101622982123 -92.343991342191785 0 169 199 246
v -13.917310096006545 -99.026806874156662 0 169 199 246
v -13.917310096006545 -99.026806874156662 0 169 199 246
v -12.978101622982123 -92.343991342191785 0 169 199 246
v -19.388078827194974 -91.213739415362838 0 169 199 246
v -20.791169081775919 -97.814760073380185 0 169 199 246
v -20.791169081775919 -97.814760073380185 0 169 199 246
v -19.388078827194974 -91.213739415362838 0 169 199 246
v -25.703599260244602 -89.639103318875229 0 169 199 246
v -27.563735581699873 -96.126169593831506 0 169 199 246
v -27.563735581699873 -96.126169593831506 0 160 190 239
v -25.703599260244602 -89.639103318875229 0 160 190 239
v -31.893894341415077 -87.627754521509289 0 160 190 239
v -34.202014332566804 -93.969262078590461 0 160 190 239
v -34.202014332566804 -93.969262078590461 0 160 190 239
v -31.893894341415077 -87.627754521509289 0 160 190 239
v -37.928805575317242 -85.189492112425611 0 160 190 239
v -40.673664307579926 -91.354545764259726 0 160 190 239
v -40.673664307579926 -91.354545764259726 0 160 190 239
v -37.928805575317242 -85.189492112425611 0 160 190 239
v -43.778931481046655 -82.336195060987976 0 160 190 239
v -46.947156278588963 -88.294759285892312 0 160 190 239
v -46.947156278588963 -88.294759285892312 0 137 168 220
v -43.778931481046655 -82.336195060987976 0 137 168 220
v -49.415770833243201 -79.081764343618588 0 137 168 220
v -52.991926423320351 -84.804809615642242 0 137 168 220
v -52.991926423320351 -84.804809615642242 0 137 168 220
v -49.415770833243201 -79.081764343618588 0 137 168 220
v -54.811861517196107 -75.442055219638277 0 137 168 220
v -58.778525229247137 -80.901699437494401 0 137 168 220
v -58.778525229247137 -80.901699437494401 0 137 168 220
v -54.811861517196107 -75.442055219638277 0 137 168 220
v -59.940914321506298 -71.434799986036737 0 137 168 220
v -64.278760968653742 -76.604444311897439 0 137 168 220
v -64.278760968653742 -76.604444311897439 0 125 156 210
v -59.940914321506298 -71.434799986036737 0 125 156 210
v -64.777941016481734 -67.079521587504203 0 125 156 210
v -69.465837045899505 -71.933980033864785 0 125 156 210
v -69.465837045899505 -71.933980033864785 0 125 156 210
v -64.777941016481734 -67.079521587504203 0 125 156 210
v -69.299376094280731 -62.397438502607329 0 125 156 210
v -74.314482547739161 -66.913060635885515 0 125 156 210
v -74.314482547739161 -66.913060635885515 0 125 156 210
v -69.299376094280731 -62.397438502607329 0 125 156 210
v -73.483191577697326 -57.411361369494287 0 125 156 210
v -78.801075360671931 -61.566147532565523 0 125 156 210
v -78.801075360671931 -61.566147532565523 0 121 153 207
v -73.483191577697326 -57.411361369494287 0 121 153 207
v -77.309004338251967 -52.145581854758959 0 121 153 207
v -82.903757255503891 -55.919290347074408 0 121 153 207
v -82.903757255503891 -55.919290347074408 0 121 153 207
v -77.309004338251967 -52.145581854758959 0 121 153 207
v -80.758175400744577 -46.625754306882826 0 121 153 207
v -86.60254037844355 -49.999999999999758 0 121 153 207
v -86.60254037844355 -49.999999999999758 0 121 153 207
v -80.758175400744577 -46.625754306882826 0 121 153 207
v -83.813900750468193 -40.878770770827956 0 121 153 207
v -89.879404629916351 -43.837114678907525 0 121 153 207
v -89.879404629916351 -43.837114678907525 0 119 151 205
v -83.813900750468193 -40.878770770827956 0 119 151 205
v -86.46129320067935 -34.932629972697285 0 119 151 205
v -92.718385456678376 -37.460659341590983 0 119 151 205
v -92.718385456678376 -37.460659341590983 0 119 151 205
v -86.46129320067935 -34.932629972697285 0 119 151 205
v -88.687454921475577 -28.816300912755324 0 119 151 205
v -95.105651629514981 -30.901699437494557 0 119 151 205
v -95.105651629514981 -30.901699437494557 0 119 151 205
v -88.687454921475577 -28.816300912755324 0 119 151 205
v -90.481540276726165 -22.559581731370869 0 119 151 205
v -97.029572627599251 -24.192189559966607 0 119 151 205
v -97.029572627599251 -24.192189559966607 0 118 150 204
v -90.481540276726165 -22.559581731370869 0 118 150 204
v -91.834808662921191 -16.192954535472396 0 118 150 204
v -98.48077530122039 -17.364817766692894 0 118 150 204
v -98.48077530122039 -17.364817766692894 0 118 150 204
v -91.834808662921191 -16.192954535472396 0 118 150 204
v -92.740667092513164 -9.7474368927872064 0 118 150 204
v -99.452189536826907 -10.45284632676524 0 118 150 204
v -99.452189536826907 -10.45284632676524 0 118 150 204
v -92.740667092513164 -9.7474368927872064 0 118 150 204
v -93.194702314289671 -3.2544307173692744 0 118 150 204
v -99.939082701909129 -3.489949670250013 0 118 150 204
v -93.194702314290069 -3.2544307173693738 0 117 149 204
v -86.875719182289075 -3.0337669639945233 0 117 149 204
v -86.875719182289075 3.0337669639945233 0 117 149 204
v -93.194702314290069 3.2544307173693738 0 117 149 204
v -93.194702314290069 3.2544307173693738 0 117 149 204
v -86.875719182289075 3.0337669639945233 0 117 149 204
v -86.452469411149693 9.0865206842881747 0 117 149 204
v -92.74066709251359 9.7474368927873343 0 117 149 204
v -92.74066709251359 9.7474368927873343 0 117 149 204
v -86.452469411149693 9.0865206842881747 0 117 149 204
v -85.608031899211042 15.09500578918184 0 117 149 204
v -91.834808662921617 16.192954535472552 0 117 149 204
v -91.834808662921617 16.192954535472552 0 118 150 204
v -85.608031899211042 15.09500578918184 0 118 150 204
v -84.346520661148716 21.029949543215295 0 118 150 204
v -90.481540276726562 22.559581731371054 0 118 150 204
v -90.481540276726562 22.559581731371054 0 118 150 204
v -84.346520661148716 21.029949543215295 0 118 150 204
v -82.674081652907901 26.86243749699733 0 118 150 204
v -88.687454921475947 28.816300912755537 0 118 150 204
v -88.687454921475947 28.816300912755537 0 118 150 204
v -82.674081652907901 26.86243749699733 0 118 150 204
v -80.598862829223734 32.564054355496772 0 118 150 204
v -86.461293200679691 34.932629972697519 0 118 150 204
v -86.461293200679691 34.932629972697519 0 119 151 205
v -80.598862829223734 32.564054355496772 0 119 151 205
v -78.130974447604913 38.107022414503525 0 119 151 205
v -83.813900750468477 40.878770770828204 0 119 151 205
v -83.813900750468477 40.878770770828204 0 119 151 205
v -78.130974447604913 38.107022414503525 0 119 151 205
v -75.282439812175497 43.464336890811325 0 119 151 205
v -80.758175400744861 46.625754306883074 0 119 151 205
v -80.758175400744861 46.625754306883074 0 119 151 205
v -75.282439812175497 43.464336890811325 0 119 151 205
v -72.067136697345532 48.609897486806943 0 119 151 205
v -77.309004338252223 52.14558185475925 0 119 151 205
v -77.309004338252223 52.14558185475925 0 121 153 207
v -72.067136697345532 48.609897486806943 0 121 153 207
v -68.500729736689365 53.518635548496661 0 121 153 207
v -73.483191577697553 57.411361369494593 0 121 153 207
v -73.483191577697553 57.411361369494593 0 121 153 207
v -68.500729736689365 53.518635548496661 0 121 153 207
v -64.600594106425277 58.166636197468527 0 121 153 207
v -69.29937609428093 62.397438502607613 0 121 153 207
v -69.29937609428093 62.397438502607613 0 121 153 207
v -64.600594106425277 58.166636197468527 0 121 153 207
v -60.385730875303736 62.531254841776153 0 121 153 207
v -64.777941016481904 67.07952158750453 0 121 153 207
v -64.777941016481904 67.07952158750453 0 125 156 210
v -60.385730875303736 62.531254841776153 0 125 156 210
v -55.876674433310157 66.591227498114407 0 125 156 210
v -59.940914321506412 71.434799986037049 0 125 156 210
v -59.940914321506412 71.434799986037049 0 125 156 210
v -55.876674433310157 66.591227498114407 0 125 156 210
v -51.095392450181166 70.326774387808612 0 125 156 210
v -54.811861517196192 75.442055219638576 0 125 156 210
v -54.811861517196192 75.442055219638576 0 125 156 210
v -51.095392450181166 70.326774387808612 0 125 156 210
v -46.065178851125765 73.719696301908073 0 125 156 210
v -49.415770833243258 79.081764343618886 0 125 156 210
v -49.415770833243258 79.081764343618886 0 133 164 217
v -46.065178851125765 73.719696301908073 0 133 164 217
v -40.810540331163267 76.753463265902582 0 133 164 217
v -43.778931481046683 82.33619506098826 0 133 164 217
v -43.778931481046683 82.33619506098826 0 133 164 217
v -40.810540331163267 76.753463265902582 0 133 164 217
v -35.357076960968513 79.413295072096773 0 133 164 217
v -37.928805575317242 85.189492112425881 0 133 164 217
v -37.928805575317242 85.189492112425881 0 133 164 217
v -35.357076960968513 79.413295072096773 0 133 164 217
v -29.731357465900885 81.686233287296233 0 133 164 217
v -31.893894341415077 87.627754521509559 0 133 164 217
v -31.893894341415077 87.627754521509559 0 154 184 234
v -29.731357465900885 81.686233287296233 0 154 184 234
v -23.96078978584498 83.561204384991413 0 154 184 234
v -25.703599260244573 89.639103318875542 0 154 184 234
v -25.703599260244573 89.639103318875542 0 154 184 234
v -23.96078978584498 83.561204384991413 0 154 184 234
v -18.07348754648261 85.029073694465822 0 154 184 234
v -19.388078827194917 91.213739415363108 0 154 184 234
v -19.388078827194917 91.213739415363108 0 154 184 234
v -18.07348754648261 85.029073694465822 0 154 184 234
v -12.098133092534383 86.082689903993383 0 154 184 234
v -12.978101622982038 92.343991342192027 0 154 184 234
v -12.978101622982038 92.343991342192027 0 169 199 246
v -12.098133092534383 86.082689903993383 0 169 199 246
v -6.0638377502594096 86.716919901310419 0 169 199 246
v -6.5048964122162118 93.024352625587355 0 169 199 246
v -6.5048964122162118 93.024352625587355 0 169 199 246
v -6.0638377502594096 86.716919901310419 0 169 199 246
v 0 86.928673781622578 0 169 199 246
v 0 93.251508613766049 0 169 199 246
v 0 93.251508613766049 0 169 199 246
v 0 86.928673781622578 0 169 199 246
v 6.063837750259367 86.716919901310405 0 169 199 246
v 6.5048964122162829 93.024352625587341 0 169 199 246
v 6.5048964122162829 93.024352625587341 0 162 192 240
v 6.063837750259367 86.716919901310405 0 162 192 240
v 12.098133092534326 86.082689903993355 0 162 192 240
v 12.978101622982123 92.343991342192012 0 162 192 240
v 12.978101622982123 92.343991342192012 0 162 192 240
v 12.098133092534326 86.082689903993355 0 162 192 240
v 18.073487546482554 85.029073694465779 0 162 192 240
v 19.388078827194988 91.213739415363065 0 162 192 240
v 19.388078827194988 91.213739415363065 0 162 192 240
v 18.073487546482554 85.029073694465779 0 162 192 240
v 23.960789785844923 83.561204384991385 0 162 192 240
v 25.703599260244644 89.639103318875485 0 162 192 240
v 25.703599260244644 89.639103318875485 0 171 200 246
v 23.960789785844923 83.561204384991385 0 171 200 246
v 29.731357465900828 81.68623328729619 0 171 200 246
v 31.893894341415134 87.627754521509502 0 171 200 246
v 31.893894341415134 87.627754521509502 0 171 200 246
v 29.731357465900828 81.68623328729619 0 171 200 246
v 35.357076960968463 79.413295072096744 0 171 200 246
v 37.928805575317305 85.18949211242581 0 171 200 246
v 37.928805575317305 85.18949211242581 0 171 200 246
v 35.357076960968463 79.413295072096744 0 171 200 246
v 40.810540331163217 76.753463265902553 0 171 200 246
v 43.778931481046733 82.336195060988189 0 171 200 246
v 43.778931481046733 82.336195060988189 0 173 202 241
v 40.810540331163217 76.753463265902553 0 173 202 241
v 46.065178851125694 73.71969630190803 0 173 202 241
v 49.4157708332433 79.081764343618801 0 173 202 241
v 49.4157708332433 79.081764343618801 0 173 202 241
v 46.065178851125694 73.71969630190803 0 173 202 241
v 51.095392450181073 70.326774387808584 0 173 202 241
v 54.811861517196228 75.442055219638476 0 173 202 241
v 54.811861517196228 75.442055219638476 0 173 202 241
v 51.095392450181073 70.326774387808584 0 173 202 241
v 55.876674433310072 66.59122749811435 0 173 202 241
v 59.940914321506419 71.434799986036936 0 173 202 241
v 59.940914321506419 71.434799986036936 0 179 205 232
v 55.876674433310072 66.59122749811435 0 179 205 232
v 60.385730875303643 62.531254841776082 0 179 205 232
v 64.777941016481861 67.079521587504416 0 179 205 232
v 64.777941016481861 67.079521587504416 0 179 205 232
v 60.385730875303643 62.531254841776082 0 179 205 232
v 64.600594106425191 58.166636197468456 0 179 205 232
v 69.299376094280873 62.397438502607493 0 179 205 232
v 69.299376094280873 62.397438502607493 0 179 205 232
v 64.600594106425191 58.166636197468456 0 179 205 232
v 68.500729736689237 53.518635548496597 0 179 205 232
v 73.483191577697482 57.411361369494465 0 179 205 232
v 73.483191577697482 57.411361369494465 0 165 195 243
v 68.500729736689237 53.518635548496597 0 165 195 243
v 72.067136697345418 48.609897486806879 0 165 195 243
v 77.309004338252137 52.145581854759115 0 165 195 243
v 77.309004338252137 52.145581854759115 0 165 195 243
v 72.067136697345418 48.609897486806879 0 165 195 243
v 75.282439812175369 43.464336890811246 0 165 195 243
v 80.758175400744776 46.625754306882946 0 165 195 243
v 80.758175400744776 46.625754306882946 0 165 195 243
v 75.282439812175369 43.464336890811246 0 165 195 243
v 78.1309744476048 38.107022414503454 0 165 195 243
v 83.813900750468378 40.878770770828076 0 165 195 243
v 83.813900750468378 40.878770770828076 0 153 184 233
v 78.1309744476048 38.107022414503454 0 153 184 233
v 80.598862829223577 32.564054355496708 0 153 184 233
v 86.461293200679521 34.932629972697399 0 153 184 233
v 86.461293200679521 34.932629972697399 0 153 184 233
v 80.598862829223577 32.564054355496708 0 153 184 233
v 82.674081652907731 26.862437496997273 0 153 184 233
v 88.687454921475791 28.816300912755437 0 153 184 233
v 88.687454921475791 28.816300912755437 0 153 184 233
v 82.674081652907731 26.862437496997273 0 153 184 233
v 84.34652066114856 21.029949543215238 0 153 184 233
v 90.481540276726406 22.559581731370955 0 153 184 233
v 90.481540276726406 22.559581731370955 0 153 183 233
v 84.34652066114856 21.029949543215238 0 153 183 233
v 85.608031899210886 15.095005789181798 0 153 183 233
v 91.834808662921432 16.192954535472467 0 153 183 233
v 91.834808662921432 16.192954535472467 0 153 183 233
v 85.608031899210886 15.095005789181798 0 153 183 233
v 86.452469411149508 9.0865206842881463 0 153 183 233
v 92.740667092513391 9.747436892787249 0 153 183 233
v 92.740667092513391 9.747436892787249 0 153 183 233
v 86.452469411149508 9.0865206842881463 0 153 183 233
v 86.875719182288861 3.0337669639945091 0 153 183 233
v 93.194702314289884 3.254430717369317 0 153 183 233
v 93.194702314289884 3.254430717369317 0 153 183 233
v 86.875719182288861 3.0337669639945091 0 153 183 233
v 86.875719182288861 -3.0337669639945233 0 153 183 233
v 93.194702314289884 -3.2544307173694165 0 153 183 233
v 93.194702314289884 -3.2544307173694165 0 153 183 233
v 86.875719182288861 -3.0337669639945233 0 153 183 233
v 86.452469411149494 -9.0865206842881605 0 153 183 233
v 92.740667092513377 -9.7474368927873627 0 153 183 233
v 92.740667092513377 -9.7474368927873627 0 153 183 233
v 86.452469411149494 -9.0865206842881605 0 153 183 233
v 85.608031899210843 -15.095005789181812 0 153 183 233
v 91.83480866292139 -16.192954535472566 0 153 183 233
v 91.83480866292139 -16.192954535472566 0 153 184 233
v 85.608031899210843 -15.095005789181812 0 153 184 233
v 84.346520661148531 -21.029949543215253 0 153 184 233
v 90.481540276726349 -22.55958173137104 0 153 184 233
v 90.481540276726349 -22.55958173137104 0 153 184 233
v 84.346520661148531 -21.029949543215253 0 153 184 233
v 82.674081652907688 -26.862437496997273 0 153 184 233
v 88.687454921475705 -28.816300912755523 0 153 184 233
v 88.687454921475705 -28.816300912755523 0 153 184 233
v 82.674081652907688 -26.862437496997273 0 153 184 233
v 80.598862829223521 -32.564054355496708 0 153 184 233
v 86.461293200679435 -34.932629972697484 0 153 184 233
v 86.461293200679435 -34.932629972697484 0 154 185 234
v 80.598862829223521 -32.564054355496708 0 154 185 234
v 78.130974447604729 -38.107022414503447 0 154 185 234
v 83.813900750468278 -40.878770770828154 0 154 185 234
v 83.813900750468278 -40.878770770828154 0 154 185 234
v 78.130974447604729 -38.107022414503447 0 154 185 234
v 75.282439812175312 -43.464336890811225 0 154 185 234
v 80.758175400744648 -46.625754306882996 0 154 185 234
v 80.758175400744648 -46.625754306882996 0 154 185 234
v 75.282439812175312 -43.464336890811225 0 154 185 234
v 72.067136697345347 -48.609897486806844 0 154 185 234
v 77.309004338252024 -52.145581854759186 0 154 185 234
v 77.309004338252024 -52.145581854759186 0 169 199 246
v 72.067136697345347 -48.609897486806844 0 169 199 246
v 68.500729736689166 -53.518635548496533 0 169 199 246
v 73.483191577697355 -57.411361369494486 0 169 199 246
v 73.483191577697355 -57.411361369494486 0 169 199 246
v 68.500729736689166 -53.518635548496533 0 169 199 246
v 64.600594106425135 -58.166636197468378 0 169 199 246
v 69.299376094280746 -62.3974385026075 0 169 199 246
v 69.299376094280746 -62.3974385026075 0 169 199 246
v 64.600594106425135 -58.166636197468378 0 169 199 246
v 60.385730875303587 -62.531254841776004 0 169 199 246
v 64.777941016481734 -67.079521587504402 0 169 199 246
v 64.777941016481734 -67.079521587504402 0 181 206 229
v 60.385730875303587 -62.531254841776004 0 181 206 229
v 55.876674433310001 -66.591227498114236 0 181 206 229
v 59.94091432150627 -71.434799986036907 0 181 206 229
v 59.94091432150627 -71.434799986036907 0 181 206 229
v 55.876674433310001 -66.591227498114236 0 181 206 229
v 51.095392450181023 -70.32677438780847 0 181 206 229
v 54.811861517196057 -75.442055219638448 0 181 206 229
v 54.811861517196057 -75.442055219638448 0 181 206 229
v 51.095392450181023 -70.32677438780847 0 181 206 229
v 46.065178851125644 -73.719696301907888 0 181 206 229
v 49.41577083324313 -79.081764343618701 0 181 206 229
v 49.41577083324313 -79.081764343618701 0 175 203 238
v 46.065178851125644 -73.719696301907888 0 175 203 238
v 40.81054033116316 -76.753463265902369 0 175 203 238
v 43.778931481046548 -82.336195060988061 0 175 203 238
v 43.778931481046548 -82.336195060988061 0 175 203 238
v 40.81054033116316 -76.753463265902369 0 175 203 238
v 35.357076960968421 -79.413295072096574 0 175 203 238
v 37.928805575317128 -85.189492112425697 0 175 203 238
v 37.928805575317128 -85.189492112425697 0 175 203 238
v 35.357076960968421 -79.413295072096574 0 175 203 238
v 29.731357465900793 -81.68623328729602 0 175 203 238
v 31.89389434141497 -87.627754521509345 0 175 203 238
v 31.89389434141497 -87.627754521509345 0 171 201 245
v 29.731357465900793 -81.68623328729602 0 171 201 245
v 23.960789785844909 -83.5612043849912 0 171 201 245
v 25.703599260244474 -89.639103318875314 0 171 201 245
v 25.703599260244474 -89.639103318875314 0 171 201 245
v 23.960789785844909 -83.5612043849912 0 171 201 245
v 18.073487546482539 -85.029073694465595 0 171 201 245
v 19.388078827194832 -91.213739415362895 0 171 201 245
v 19.388078827194832 -91.213739415362895 0 171 201 245
v 18.073487546482539 -85.029073694465595 0 171 201 245
v 12.098133092534326 -86.08268990399317 0 171 201 245
v 12.978101622981981 -92.343991342191813 0 171 201 245
v 12.978101622981981 -92.343991342191813 0 171 200 246
v 12.098133092534326 -86.08268990399317 0 171 200 246
v 6.0638377502593812 -86.71691990131022 0 171 200 246
v 6.504896412216155 -93.024352625587127 0 171 200 246
v 6.504896412216155 -93.024352625587127 0 171 200 246
v 6.0638377502593812 -86.71691990131022 0 171 200 246
v 0 -86.928673781622351 0 171 200 246
v 0 -93.251508613765836 0 171 200 246
v 0 -93.251508613765836 0 171 200 246
v 0 -86.928673781622351 0 171 200 246
v -6.063837750259367 -86.716919901310192 0 171 200 246
v -6.5048964122162971 -93.024352625587127 0 171 200 246
v -6.5048964122162971 -93.024352625587127 0 169 199 246
v -6.063837750259367 -86.716919901310192 0 169 199 246
v -12.098133092534312 -86.082689903993142 0 169 199 246
v -12.978101622982123 -92.343991342191785 0 169 199 246
v -12.978101622982123 -92.343991342191785 0 169 199 246
v -12.098133092534312 -86.082689903993142 0 169 199 246
v -18.073487546482525 -85.029073694465566 0 169 199 246
v -19.388078827194974 -91.213739415362838 0 169 199 246
v -19.388078827194974 -91.213739415362838 0 169 199 246
v -18.073487546482525 -85.029073694465566 0 169 199 246
v -23.960789785844881 -83.561204384991171 0 169 199 246
v -25.703599260244602 -89.639103318875229 0 169 199 246
v -25.703599260244602 -89.639103318875229 0 160 190 239
v -23.960789785844881 -83.561204384991171 0 160 190 239
v -29.731357465900771 -81.686233287295963 0 160 190 239
v -31.893894341415077 -87.627754521509289 0 160 190 239
v -31.893894341415077 -87.627754521509289 0 160 190 239
v -29.731357465900771 -81.686233287295963 0 160 190 239
v -35.357076960968399 -79.413295072096545 0 160 190 239
v -37.928805575317242 -85.189492112425611 0 160 190 239
v -37.928805575317242 -85.189492112425611 0 160 190 239
v -35.357076960968399 -79.413295072096545 0 160 190 239
v -40.810540331163125 -76.75346326590234 0 160 190 239
v -43.778931481046655 -82.336195060987976 0 160 190 239
v -43.778931481046655 -82.336195060987976 0 137 168 220
v -40.810540331163125 -76.75346326590234 0 137 168 220
v -46.065178851125594 -73.719696301907831 0 137 168 220
v -49.415770833243201 -79.081764343618588 0 137 168 220
v -49.415770833243201 -79.081764343618588 0 137 168 220
v -46.065178851125594 -73.719696301907831 0 137 168 220
v -51.095392450180967 -70.326774387808385 0 137 168 220
v -54.811861517196107 -75.442055219638277 0 137 168 220
v -54.811861517196107 -75.442055219638277 0 137 168 220
v -51.095392450180967 -70.326774387808385 0 137 168 220
v -55.876674433309958 -66.591227498114179 0 137 168 220
v -59.940914321506298 -71.434799986036737 0 137 168 220
v -59.940914321506298 -71.434799986036737 0 125 156 210
v -55.876674433309958 -66.591227498114179 0 125 156 210
v -60.385730875303537 -62.531254841775919 0 125 156 210
v -64.777941016481734 -67.079521587504203 0 125 156 210
v -64.777941016481734 -67.079521587504203 0 125 156 210
v -60.385730875303537 -62.531254841775919 0 125 156 210
v -64.600594106425049 -58.166636197468321 0 125 156 210
v -69.299376094280731 -62.397438502607329 0 125 156 210
v -69.299376094280731 -62.397438502607329 0 125 156 210
v -64.600594106425049 -58.166636197468321 0 125 156 210
v -68.500729736689109 -53.518635548496448 0 125 156 210
v -73.483191577697326 -57.411361369494287 0 125 156 210
v -73.483191577697326 -57.411361369494287 0 121 153 207
v -68.500729736689109 -53.518635548496448 0 121 153 207
v -72.067136697345248 -48.60989748680673 0 121 153 207
v -77.309004338251967 -52.145581854758959 0 121 153 207
v -77.309004338251967 -52.145581854758959 0 121 153 207
v -72.067136697345248 -48.60989748680673 0 121 153 207
v -75.282439812175213 -43.46433689081114 0 121 153 207
v -80.758175400744577 -46.625754306882826 0 121 153 207
v -80.758175400744577 -46.625754306882826 0 121 153 207
v -75.282439812175213 -43.46433689081114 0 121 153 207
v -78.130974447604629 -38.107022414503362 0 121 153 207
v -83.813900750468193 -40.878770770827956 0 121 153 207
v -83.813900750468193 -40.878770770827956 0 119 151 205
v -78.130974447604629 -38.107022414503362 0 119 151 205
v -80.598862829223393 -32.564054355496623 0 119 151 205
v -86.46129320067935 -34.932629972697285 0 119 151 205
v -86.46129320067935 -34.932629972697285 0 119 151 205
v -80.598862829223393 -32.564054355496623 0 119 151 205
v -82.67408165290756 -26.862437496997202 0 119 151 205
v -88.687454921475577 -28.816300912755324 0 119 151 205
v -88.687454921475577 -28.816300912755324 0 119 151 205
v -82.67408165290756 -26.862437496997202 0 119 151 205
v -84.346520661148375 -21.029949543215182 0 119 151 205
v -90.481540276726165 -22.559581731370869 0 119 151 205
v -90.481540276726165 -22.559581731370869 0 118 150 204
v -84.346520661148375 -21.029949543215182 0 118 150 204
v -85.608031899210673 -15.095005789181755 0 118 150 204
v -91.834808662921191 -16.192954535472396 0 118 150 204
v -91.834808662921191 -16.192954535472396 0 118 150 204
v -85.608031899210673 -15.095005789181755 0 118 150 204
v -86.452469411149323 -9.0865206842881179 0 118 150 204
v -92.740667092513164 -9.7474368927872064 0 118 150 204
v -92.740667092513164 -9.7474368927872064 0 118 150 204
v -86.452469411149323 -9.0865206842881179 0 118 150 204
v -86.875719182288677 -3.0337669639944949 0 118 150 204
v -93.194702314289671 -3.2544307173692744 0 118 150 204
v -86.875719182289075 -3.0337669639945233 0 117 149 204
v -80.929073464161732 -2.8261055196227147 0 117 149 204
v -80.929073464161732 2.8261055196227147 0 117 149 204
v -86.875719182289075 3.0337669639945233 0 117 149 204
v -86.875719182289075 3.0337669639945233 0 117 149 204
v -80.929073464161732 2.8261055196227147 0 117 149 204
v -80.534795153206332 8.4645480568556621 0 117 149 204
v -86.452469411149721 9.0865206842881747 0 117 149 204
v -86.452469411149721 9.0865206842881747 0 117 149 204
v -80.534795153206332 8.4645480568556621 0 117 149 204
v -79.748159415593832 14.061752166809001 0 117 149 204
v -85.608031899211042 15.09500578918184 0 117 149 204
v -85.608031899211042 15.09500578918184 0 118 150 204
v -79.748159415593832 14.061752166809001 0 118 150 204
v -78.572998661565506 19.590448833688043 0 118 150 204
v -84.346520661148745 21.029949543215295 0 118 150 204
v -84.346520661148745 21.029949543215295 0 118 150 204
v -78.572998661565506 19.590448833688043 0 118 150 204
v -77.015038156188254 25.023702803074386 0 118 150 204
v -82.674081652907901 26.86243749699733 0 118 150 204
v -82.674081652907901 26.86243749699733 0 118 150 204
v -77.015038156188254 25.023702803074386 0 118 150 204
v -75.081868126438579 30.33504380777795 0 118 150 204
v -80.598862829223734 32.564054355496772 0 118 150 204
v -80.598862829223734 32.564054355496772 0 119 151 205
v -75.081868126438579 30.33504380777795 0 119 151 205
v -72.782906782379925 35.498595528317963 0 119 151 205
v -78.130974447604913 38.107022414503533 0 119 151 205
v -78.130974447604913 38.107022414503533 0 119 151 205
v -72.782906782379925 35.498595528317963 0 119 151 205
v -70.129354432589722 40.48920165975035 0 119 151 205
v -75.282439812175497 43.464336890811325 0 119 151 205
v -75.282439812175497 43.464336890811325 0 119 151 205
v -70.129354432589722 40.48920165975035 0 119 151 205
v -67.134138917381975 45.282548470656764 0 119 151 205
v -72.067136697345532 48.60989748680695 0 119 151 205
v -72.067136697345532 48.60989748680695 0 121 153 207
v -67.134138917381975 45.282548470656764 0 121 153 207
v -63.811852625668806 49.855283257199979 0 121 153 207
v -68.500729736689365 53.518635548496661 0 121 153 207
v -68.500729736689365 53.518635548496661 0 121 153 207
v -63.811852625668806 49.855283257199979 0 121 153 207
v -60.178681402308356 54.185128115149659 0 121 153 207
v -64.600594106425277 58.166636197468534 0 121 153 207
v -64.600594106425277 58.166636197468534 0 121 153 207
v -60.178681402308356 54.185128115149659 0 121 153 207
v -56.25232569229577 58.250988475592372 0 121 153 207
v -60.385730875303736 62.53125484177616 0 121 153 207
v -60.385730875303736 62.53125484177616 0 125 156 210
v -56.25232569229577 58.250988475592372 0 125 156 210
v -52.051914305974364 62.033055875550893 0 125 156 210
v -55.876674433310157 66.591227498114421 0 125 156 210
v -55.876674433310157 66.591227498114421 0 125 156 210
v -52.051914305974364 62.033055875550893 0 125 156 210
v -47.597911225394327 65.512904462824693 0 125 156 210
v -51.095392450181137 70.326774387808626 0 125 156 210
v -51.095392450181137 70.326774387808626 0 125 156 210
v -47.597911225394327 65.512904462824693 0 125 156 210
v -42.912015905849515 68.673580764889735 0 125 156 210
v -46.065178851125737 73.719696301908073 0 125 156 210
v -46.065178851125737 73.719696301908073 0 133 164 217
v -42.912015905849515 68.673580764889735 0 133 164 217
v -38.017057558312132 71.49968628451245 0 133 164 217
v -40.810540331163267 76.753463265902582 0 133 164 217
v -40.810540331163267 76.753463265902582 0 133 164 217
v -38.017057558312132 71.49968628451245 0 133 164 217
v -32.936883927811934 73.977452519680341 0 133 164 217
v -35.357076960968513 79.413295072096773 0 133 164 217
v -35.357076960968513 79.413295072096773 0 133 164 217
v -32.936883927811934 73.977452519680341 0 133 164 217
v -27.696245109619412 76.094808042359873 0 133 164 217
v -29.731357465900871 81.686233287296233 0 133 164 217
v -29.731357465900871 81.686233287296233 0 154 184 234
v -27.696245109619412 76.094808042359873 0 154 184 234
v -22.320672969269665 77.84143730928038 0 154 184 234
v -23.960789785844966 83.561204384991399 0 154 184 234
v -23.960789785844966 83.561204384991399 0 154 184 234
v -22.320672969269665 77.84143730928038 0 154 184 234
v -16.836356753879826 79.208830918223995 0 154 184 234
v -18.073487546482582 85.029073694465808 0 154 184 234
v -18.073487546482582 85.029073694465808 0 154 184 234
v -16.836356753879826 79.208830918223995 0 154 184 234
v -11.270015500769745 80.190327064977879 0 154 184 234
v -12.098133092534354 86.082689903993369 0 154 184 234
v -12.098133092534354 86.082689903993369 0 169 199 246
v -11.270015500769745 80.190327064977879 0 169 199 246
v -5.6487678649979216 80.781143998974656 0 169 199 246
v -6.0638377502593954 86.716919901310405 0 169 199 246
v -6.0638377502593954 86.716919901310405 0 169 199 246
v -5.6487678649979216 80.781143998974656 0 169 199 246
v 0 80.978403319500629 0 169 199 246
v 0 86.928673781622578 0 169 199 246
v 0 86.928673781622578 0 169 199 246
v 0 80.978403319500629 0 169 199 246
v 5.64876786499795 80.781143998974642 0 169 199 246
v 6.0638377502593812 86.716919901310391 0 169 199 246
v 6.0638377502593812 86.716919901310391 0 162 192 240
v 5.64876786499795 80.781143998974642 0 162 192 240
v 11.270015500769773 80.190327064977836 0 162 192 240
v 12.098133092534354 86.082689903993355 0 162 192 240
v 12.098133092534354 86.082689903993355 0 162 192 240
v 11.270015500769773 80.190327064977836 0 162 192 240
v 16.836356753879841 79.208830918223967 0 162 192 240
v 18.073487546482568 85.029073694465779 0 162 192 240
v 18.073487546482568 85.029073694465779 0 162 192 240
v 16.836356753879841 79.208830918223967 0 162 192 240
v 22.320672969269665 77.841437309280352 0 162 192 240
v 23.960789785844938 83.56120438499137 0 162 192 240
v 23.960789785844938 83.56120438499137 0 171 200 246
v 22.320672969269665 77.841437309280352 0 171 200 246
v 27.696245109619426 76.09480804235983 0 171 200 246
v 29.731357465900849 81.686233287296176 0 171 200 246
v 29.731357465900849 81.686233287296176 0 171 200 246
v 27.696245109619426 76.09480804235983 0 171 200 246
v 32.936883927811927 73.977452519680284 0 171 200 246
v 35.357076960968485 79.41329507209673 0 171 200 246
v 35.357076960968485 79.41329507209673 0 171 200 246
v 32.936883927811927 73.977452519680284 0 171 200 246
v 38.017057558312125 71.499686284512393 0 171 200 246
v 40.810540331163232 76.753463265902539 0 171 200 246
v 40.810540331163232 76.753463265902539 0 173 202 241
v 38.017057558312125 71.499686284512393 0 173 202 241
v 42.912015905849486 68.673580764889678 0 173 202 241
v 46.065178851125715 73.719696301908016 0 173 202 241
v 46.065178851125715 73.719696301908016 0 173 202 241
v 42.912015905849486 68.673580764889678 0 173 202 241
v 47.597911225394306 65.512904462824622 0 173 202 241
v 51.095392450181087 70.326774387808555 0 173 202 241
v 51.095392450181087 70.326774387808555 0 173 202 241
v 47.597911225394306 65.512904462824622 0 173 202 241
v 52.051914305974314 62.033055875550822 0 173 202 241
v 55.876674433310079 66.591227498114321 0 173 202 241
v 55.876674433310079 66.591227498114321 0 179 205 232
v 52.051914305974314 62.033055875550822 0 179 205 232
v 56.252325692295734 58.250988475592301 0 179 205 232
v 60.385730875303665 62.531254841776075 0 179 205 232
v 60.385730875303665 62.531254841776075 0 179 205 232
v 56.252325692295734 58.250988475592301 0 179 205 232
v 60.1786814023083 54.185128115149581 0 179 205 232
v 64.600594106425191 58.166636197468435 0 179 205 232
v 64.600594106425191 58.166636197468435 0 179 205 232
v 60.1786814023083 54.185128115149581 0 179 205 232
v 63.811852625668728 49.855283257199886 0 179 205 232
v 68.500729736689252 53.518635548496576 0 179 205 232
v 68.500729736689252 53.518635548496576 0 165 195 243
v 63.811852625668728 49.855283257199886 0 165 195 243
v 67.13413891738189 45.282548470656664 0 165 195 243
v 72.067136697345433 48.609897486806858 0 165 195 243
v 72.067136697345433 48.609897486806858 0 165 195 243
v 67.13413891738189 45.282548470656664 0 165 195 243
v 70.129354432589622 40.48920165975025 0 165 195 243
v 75.282439812175369 43.464336890811225 0 165 195 243
v 75.282439812175369 43.464336890811225 0 165 195 243
v 70.129354432589622 40.48920165975025 0 165 195 243
v 72.782906782379825 35.498595528317864 0 165 195 243
v 78.1309744476048 38.10702241450344 0 165 195 243
v 78.1309744476048 38.10702241450344 0 153 184 233
v 72.782906782379825 35.498595528317864 0 153 184 233
v 75.081868126438465 30.335043807777865 0 153 184 233
v 80.598862829223577 32.564054355496687 0 153 184 233
v 80.598862829223577 32.564054355496687 0 153 184 233
v 75.081868126438465 30.335043807777865 0 153 184 233
v 77.015038156188112 25.023702803074301 0 153 184 233
v 82.674081652907745 26.862437496997245 0 153 184 233
v 82.674081652907745 26.862437496997245 0 153 184 233
v 77.015038156188112 25.023702803074301 0 153 184 233
v 78.57299866156535 19.590448833687972 0 153 184 233
v 84.34652066114856 21.029949543215224 0 153 184 233
v 84.34652066114856 21.029949543215224 0 153 183 233
v 78.57299866156535 19.590448833687972 0 153 183 233
v 79.748159415593662 14.061752166808944 0 153 183 233
v 85.608031899210886 15.095005789181783 0 153 183 233
v 85.608031899210886 15.095005789181783 0 153 183 233
v 79.748159415593662 14.061752166808944 0 153 183 233
v 80.534795153206147 8.4645480568556053 0 153 183 233
v 86.452469411149522 9.0865206842881321 0 153 183 233
v 86.452469411149522 9.0865206842881321 0 153 183 233
v 80.534795153206147 8.4645480568556053 0 153 183 233
v 80.929073464161533 2.8261055196226721 0 153 183 233
v 86.875719182288876 3.0337669639944806 0 153 183 233
v 86.875719182288876 3.0337669639944806 0 153 183 233
v 80.929073464161533 2.8261055196226721 0 153 183 233
v 80.929073464161519 -2.8261055196227289 0 153 183 233
v 86.875719182288861 -3.0337669639945517 0 153 183 233
v 86.875719182288861 -3.0337669639945517 0 153 183 233
v 80.929073464161519 -2.8261055196227289 0 153 183 233
v 80.534795153206133 -8.4645480568556621 0 153 183 233
v 86.452469411149494 -9.0865206842881889 0 153 183 233
v 86.452469411149494 -9.0865206842881889 0 153 183 233
v 80.534795153206133 -8.4645480568556621 0 153 183 233
v 79.748159415593605 -14.061752166809001 0 153 183 233
v 85.608031899210843 -15.09500578918184 0 153 183 233
v 85.608031899210843 -15.09500578918184 0 153 184 233
v 79.748159415593605 -14.061752166809001 0 153 184 233
v 78.572998661565293 -19.590448833688029 0 153 184 233
v 84.346520661148531 -21.029949543215267 0 153 184 233
v 84.346520661148531 -21.029949543215267 0 153 184 233
v 78.572998661565293 -19.590448833688029 0 153 184 233
v 77.015038156188027 -25.023702803074343 0 153 184 233
v 82.674081652907688 -26.862437496997288 0 153 184 233
v 82.674081652907688 -26.862437496997288 0 153 184 233
v 77.015038156188027 -25.023702803074343 0 153 184 233
v 75.081868126438394 -30.335043807777893 0 153 184 233
v 80.598862829223535 -32.564054355496737 0 153 184 233
v 80.598862829223535 -32.564054355496737 0 154 185 234
v 75.081868126438394 -30.335043807777893 0 154 185 234
v 72.782906782379726 -35.498595528317892 0 154 185 234
v 78.130974447604757 -38.107022414503476 0 154 185 234
v 78.130974447604757 -38.107022414503476 0 154 185 234
v 72.782906782379726 -35.498595528317892 0 154 185 234
v 70.129354432589537 -40.489201659750265 0 154 185 234
v 75.282439812175312 -43.464336890811254 0 154 185 234
v 75.282439812175312 -43.464336890811254 0 154 185 234
v 70.129354432589537 -40.489201659750265 0 154 185 234
v 67.13413891738179 -45.282548470656664 0 154 185 234
v 72.067136697345362 -48.609897486806872 0 154 185 234
v 72.067136697345362 -48.609897486806872 0 169 199 246
v 67.13413891738179 -45.282548470656664 0 169 199 246
v 63.811852625668628 -49.855283257199872 0 169 199 246
v 68.500729736689181 -53.518635548496562 0 169 199 246
v 68.500729736689181 -53.518635548496562 0 169 199 246
v 63.811852625668628 -49.855283257199872 0 169 199 246
v 60.178681402308221 -54.185128115149539 0 169 199 246
v 64.600594106425135 -58.166636197468435 0 169 199 246
v 64.600594106425135 -58.166636197468435 0 169 199 246
v 60.178681402308221 -54.185128115149539 0 169 199 246
v 56.252325692295649 -58.250988475592251 0 169 199 246
v 60.385730875303587 -62.531254841776033 0 169 199 246
v 60.385730875303587 -62.531254841776033 0 181 206 229
v 56.252325692295649 -58.250988475592251 0 181 206 229
v 52.051914305974215 -62.033055875550744 0 181 206 229
v 55.876674433310001 -66.591227498114264 0 181 206 229
v 55.876674433310001 -66.591227498114264 0 181 206 229
v 52.051914305974215 -62.033055875550744 0 181 206 229
v 47.597911225394206 -65.512904462824551 0 181 206 229
v 51.095392450181009 -70.32677438780847 0 181 206 229
v 51.095392450181009 -70.32677438780847 0 181 206 229
v 47.597911225394206 -65.512904462824551 0 181 206 229
v 42.912015905849387 -68.673580764889593 0 181 206 229
v 46.06517885112563 -73.719696301907945 0 181 206 229
v 46.06517885112563 -73.719696301907945 0 175 203 238
v 42.912015905849387 -68.673580764889593 0 175 203 238
v 38.017057558312025 -71.499686284512293 0 175 203 238
v 40.810540331163146 -76.753463265902425 0 175 203 238
v 40.810540331163146 -76.753463265902425 0 175 203 238
v 38.017057558312025 -71.499686284512293 0 175 203 238
v 32.93688392781182 -73.97745251968017 0 175 203 238
v 35.357076960968406 -79.413295072096602 0 175 203 238
v 35.357076960968406 -79.413295072096602 0 175 203 238
v 32.93688392781182 -73.97745251968017 0 175 203 238
v 27.696245109619312 -76.094808042359702 0 175 203 238
v 29.731357465900786 -81.686233287296048 0 175 203 238
v 29.731357465900786 -81.686233287296048 0 171 201 245
v 27.696245109619312 -76.094808042359702 0 171 201 245
v 22.32067296926958 -77.841437309280209 0 171 201 245
v 23.960789785844881 -83.561204384991228 0 171 201 245
v 23.960789785844881 -83.561204384991228 0 171 201 245
v 22.32067296926958 -77.841437309280209 0 171 201 245
v 16.836356753879755 -79.208830918223825 0 171 201 245
v 18.073487546482525 -85.029073694465652 0 171 201 245
v 18.073487546482525 -85.029073694465652 0 171 201 245
v 16.836356753879755 -79.208830918223825 0 171 201 245
v 11.270015500769702 -80.190327064977666 0 171 201 245
v 12.098133092534312 -86.082689903993199 0 171 201 245
v 12.098133092534312 -86.082689903993199 0 171 200 246
v 11.270015500769702 -80.190327064977666 0 171 200 246
v 5.648767864997879 -80.781143998974457 0 171 200 246
v 6.0638377502593528 -86.716919901310249 0 171 200 246
v 6.0638377502593528 -86.716919901310249 0 171 200 246
v 5.648767864997879 -80.781143998974457 0 171 200 246
v 0 -80.97840331950043 0 171 200 246
v 0 -86.928673781622408 0 171 200 246
v 0 -86.928673781622408 0 171 200 246
v 0 -80.97840331950043 0 171 200 246
v -5.6487678649979642 -80.781143998974457 0 171 200 246
v -6.0638377502593954 -86.71691990131022 0 171 200 246
v -6.0638377502593954 -86.71691990131022 0 169 199 246
v -5.6487678649979642 -80.781143998974457 0 169 199 246
v -11.270015500769773 -80.190327064977666 0 169 199 246
v -12.098133092534354 -86.08268990399317 0 169 199 246
v -12.098133092534354 -86.08268990399317 0 169 199 246
v -11.270015500769773 -80.190327064977666 0 169 199 246
v -16.836356753879826 -79.208830918223768 0 169 199 246
v -18.073487546482554 -85.029073694465623 0 169 199 246
v -18.073487546482554 -85.029073694465623 0 169 199 246
v -16.836356753879826 -79.208830918223768 0 169 199 246
v -22.320672969269637 -77.841437309280153 0 169 199 246
v -23.960789785844923 -83.5612043849912 0 169 199 246
v -23.960789785844923 -83.5612043849912 0 160 190 239
v -22.320672969269637 -77.841437309280153 0 160 190 239
v -27.696245109619369 -76.094808042359645 0 160 190 239
v -29.731357465900814 -81.68623328729602 0 160 190 239
v -29.731357465900814 -81.68623328729602 0 160 190 239
v -27.696245109619369 -76.094808042359645 0 160 190 239
v -32.936883927811877 -73.977452519680114 0 160 190 239
v -35.357076960968428 -79.413295072096574 0 160 190 239
v -35.357076960968428 -79.413295072096574 0 160 190 239
v -32.936883927811877 -73.977452519680114 0 160 190 239
v -38.017057558312061 -71.499686284512208 0 160 190 239
v -40.810540331163182 -76.753463265902369 0 160 190 239
v -40.810540331163182 -76.753463265902369 0 137 168 220
v -38.017057558312061 -71.499686284512208 0 137 168 220
v -42.912015905849401 -68.673580764889508 0 137 168 220
v -46.065178851125651 -73.719696301907888 0 137 168 220
v -46.065178851125651 -73.719696301907888 0 137 168 220
v -42.912015905849401 -68.673580764889508 0 137 168 220
v -47.597911225394213 -65.512904462824494 0 137 168 220
v -51.095392450181023 -70.326774387808413 0 137 168 220
v -51.095392450181023 -70.326774387808413 0 137 168 220
v -47.597911225394213 -65.512904462824494 0 137 168 220
v -52.051914305974222 -62.033055875550659 0 137 168 220
v -55.876674433309987 -66.591227498114208 0 137 168 220
v -55.876674433309987 -66.591227498114208 0 125 156 210
v -52.051914305974222 -62.033055875550659 0 125 156 210
v -56.252325692295628 -58.250988475592138 0 125 156 210
v -60.385730875303565 -62.531254841775947 0 125 156 210
v -60.385730875303565 -62.531254841775947 0 125 156 210
v -56.252325692295628 -58.250988475592138 0 125 156 210
v -60.178681402308186 -54.185128115149453 0 125 156 210
v -64.600594106425106 -58.166636197468321 0 125 156 210
v -64.600594106425106 -58.166636197468321 0 125 156 210
v -60.178681402308186 -54.185128115149453 0 125 156 210
v -63.811852625668607 -49.855283257199758 0 125 156 210
v -68.500729736689138 -53.518635548496476 0 125 156 210
v -68.500729736689138 -53.518635548496476 0 121 153 207
v -63.811852625668607 -49.855283257199758 0 121 153 207
v -67.134138917381748 -45.28254847065655 0 121 153 207
v -72.067136697345305 -48.609897486806759 0 121 153 207
v -72.067136697345305 -48.609897486806759 0 121 153 207
v -67.134138917381748 -45.28254847065655 0 121 153 207
v -70.129354432589466 -40.489201659750151 0 121 153 207
v -75.282439812175269 -43.46433689081114 0 121 153 207
v -75.282439812175269 -43.46433689081114 0 121 153 207
v -70.129354432589466 -40.489201659750151 0 121 153 207
v -72.782906782379669 -35.49859552831775 0 121 153 207
v -78.130974447604657 -38.107022414503362 0 121 153 207
v -78.130974447604657 -38.107022414503362 0 119 151 205
v -72.782906782379669 -35.49859552831775 0 119 151 205
v -75.081868126438295 -30.335043807777765 0 119 151 205
v -80.598862829223449 -32.564054355496623 0 119 151 205
v -80.598862829223449 -32.564054355496623 0 119 151 205
v -75.081868126438295 -30.335043807777765 0 119 151 205
v -77.015038156187941 -25.023702803074215 0 119 151 205
v -82.674081652907589 -26.862437496997202 0 119 151 205
v -82.674081652907589 -26.862437496997202 0 119 151 205
v -77.015038156187941 -25.023702803074215 0 119 151 205
v -78.572998661565194 -19.590448833687901 0 119 151 205
v -84.346520661148432 -21.029949543215182 0 119 151 205
v -84.346520661148432 -21.029949543215182 0 118 150 204
v -78.572998661565194 -19.590448833687901 0 118 150 204
v -79.748159415593491 -14.061752166808887 0 118 150 204
v -85.608031899210701 -15.095005789181741 0 118 150 204
v -85.608031899210701 -15.095005789181741 0 118 150 204
v -79.748159415593491 -14.061752166808887 0 118 150 204
v -80.534795153205962 -8.4645480568555627 0 118 150 204
v -86.452469411149352 -9.0865206842881037 0 118 150 204
v -86.452469411149352 -9.0865206842881037 0 118 150 204
v -80.534795153205962 -8.4645480568555627 0 118 150 204
v -80.929073464161334 -2.8261055196226437 0 118 150 204
v -86.875719182288705 -3.0337669639944664 0 118 150 204
v -80.929073464161732 -2.8261055196227147 0 109 141 197
v -75.309500533582067 -2.629865708671872 0 109 141 197
v -75.309500533582039 2.629865708671872 0 109 141 197
v -80.929073464161732 2.8261055196227147 0 109 141 197
v -80.929073464161732 2.8261055196227147 0 109 141 197
v -75.309500533582039 2.629865708671872 0 109 141 197
v -74.942600217066953 7.8767846846361493 0 109 141 197
v -80.534795153206332 8.4645480568556621 0 109 141 197
v -80.534795153206332 8.4645480568556621 0 109 141 197
v -74.942600217066953 7.8767846846361493 0 109 141 197
v -74.210587085498148 13.085328757388496 0 109 141 197
v -79.748159415593832 14.061752166809001 0 109 141 197
v -79.748159415593832 14.061752166809001 0 109 141 197
v -74.210587085498148 13.085328757388496 0 109 141 197
v -73.117027433270906 18.230122423767497 0 109 141 197
v -78.572998661565506 19.590448833688043 0 109 141 197
v -78.572998661565506 19.590448833688043 0 109 141 197
v -73.117027433270906 18.230122423767497 0 109 141 197
v -71.667248973086672 23.286100766183395 0 109 141 197
v -77.015038156188254 25.023702803074386 0 109 141 197
v -77.015038156188254 25.023702803074386 0 109 141 197
v -71.667248973086672 23.286100766183395 0 109 141 197
v -69.868314879872244 28.228631566377118 0 109 141 197
v -75.081868126438579 30.33504380777795 0 109 141 197
v -75.081868126438579 30.33504380777795 0 110 142 198
v -69.868314879872244 28.228631566377118 0 110 142 198
v -67.728989379701559 33.033635311111567 0 110 142 198
v -72.782906782379925 35.498595528317963 0 110 142 198
v -72.782906782379925 35.498595528317963 0 110 142 198
v -67.728989379701559 33.033635311111567 0 110 142 198
v -65.259695051367132 37.677702505139692 0 110 142 198
v -70.129354432589722 40.48920165975035 0 110 142 198
v -70.129354432589722 40.48920165975035 0 110 142 198
v -65.259695051367132 37.677702505139692 0 110 142 198
v -62.472462048624052 42.138207719912188 0 110 142 198
v -67.134138917381975 45.282548470656764 0 110 142 198
v -67.134138917381975 45.282548470656764 0 111 143 199
v -62.472462048624052 42.138207719912188 0 111 143 199
v -59.380869490490014 46.393419822391103 0 111 143 199
v -63.811852625668806 49.855283257199979 0 111 143 199
v -63.811852625668806 49.855283257199979 0 111 143 199
v -59.380869490490014 46.393419822391103 0 111 143 199
v -55.999979305142418 50.422607846945574 0 111 143 199
v -60.178681402308356 54.185128115149659 0 111 143 199
v -60.178681402308356 54.185128115149659 0 111 143 199
v -55.999979305142418 50.422607846945574 0 111 143 199
v -52.346262849718428 54.206141994532551 0 111 143 199
v -56.25232569229577 58.250988475592372 0 111 143 199
v -56.25232569229577 58.250988475592372 0 114 146 201
v -52.346262849718428 54.206141994532551 0 114 146 201
v -48.437520663518555 57.725589267104503 0 114 146 201
v -52.051914305974364 62.033055875550893 0 114 146 201
v -52.051914305974364 62.033055875550893 0 114 146 201
v -48.437520663518555 57.725589267104503 0 114 146 201
v -44.292795745568569 60.963803271323059 0 114 146 201
v -47.597911225394327 65.512904462824693 0 114 146 201
v -47.597911225394327 65.512904462824693 0 114 146 201
v -44.292795745568569 60.963803271323059 0 114 146 201
v -39.932280779042415 63.905007754063817 0 114 146 201
v -42.912015905849515 68.673580764889735 0 114 146 201
v -42.912015905849515 68.673580764889735 0 121 153 207
v -39.932280779042415 63.905007754063817 0 121 153 207
v -35.37721975453961 66.534873462735675 0 121 153 207
v -38.017057558312132 71.49968628451245 0 121 153 207
v -38.017057558312132 71.49968628451245 0 121 153 207
v -35.37721975453961 66.534873462735675 0 121 153 207
v -30.649804471498385 68.840587955959194 0 121 153 207
v -32.936883927811934 73.977452519680341 0 121 153 207
v -32.936883927811934 73.977452519680341 0 121 153 207
v -30.649804471498385 68.840587955959194 0 121 153 207
v -25.773066421979578 70.810918024492977 0 121 153 207
v -27.696245109619412 76.094808042359873 0 121 153 207
v -27.696245109619412 76.094808042359873 0 181 206 228
v -25.773066421979578 70.810918024492977 0 181 206 228
v -20.770764583552477 72.436264418300013 0 181 206 228
v -22.320672969269665 77.84143730928038 0 181 206 228
v -22.320672969269665 77.84143730928038 0 181 206 228
v -20.770764583552477 72.436264418300013 0 181 206 228
v -15.667269667944254 73.708708613128934 0 181 206 228
v -16.836356753879826 79.208830918223995 0 181 206 228
v -16.836356753879826 79.208830918223995 0 181 206 228
v -15.667269667944254 73.708708613128934 0 181 206 228
v -10.487445389382245 74.62205138876817 0 181 206 228
v -11.270015500769745 80.190327064977879 0 181 206 228
v -11.270015500769745 80.190327064977879 0 223 228 147
v -10.487445389382245 74.62205138876817 0 223 228 147
v -5.2565273310774927 75.171843031023698 0 223 228 147
v -5.6487678649979216 80.781143998974656 0 223 228 147
v -5.6487678649979216 80.781143998974656 0 223 228 147
v -5.2565273310774927 75.171843031023698 0 223 228 147
v 0 75.355405010279327 0 223 228 147
v 0 80.978403319500629 0 223 228 147
v 0 80.978403319500629 0 223 228 147
v 0 75.355405010279327 0 223 228 147
v 5.2565273310774643 75.171843031023684 0 223 228 147
v 5.64876786499795 80.781143998974642 0 223 228 147
v 5.64876786499795 80.781143998974642 0 218 225 158
v 5.2565273310774643 75.171843031023684 0 218 225 158
v 10.487445389382202 74.622051388768156 0 218 225 158
v 11.270015500769773 80.190327064977836 0 218 225 158
v 11.270015500769773 80.190327064977836 0 218 225 158
v 10.487445389382202 74.622051388768156 0 218 225 158
v 15.667269667944211 73.70870861312892 0 218 225 158
v 16.836356753879841 79.208830918223967 0 218 225 158
v 16.836356753879841 79.208830918223967 0 218 225 158
v 15.667269667944211 73.70870861312892 0 218 225 158
v 20.770764583552435 72.436264418299984 0 218 225 158
v 22.320672969269665 77.841437309280352 0 218 225 158
v 22.320672969269665 77.841437309280352 0 192 212 210
v 20.770764583552435 72.436264418299984 0 192 212 210
v 25.773066421979522 70.810918024492935 0 192 212 210
v 27.696245109619426 76.09480804235983 0 192 212 210
v 27.696245109619426 76.09480804235983 0 192 212 210
v 25.773066421979522 70.810918024492935 0 192 212 210
v 30.649804471498321 68.840587955959151 0 192 212 210
v 32.936883927811927 73.977452519680284 0 192 212 210
v 32.936883927811927 73.977452519680284 0 192 212 210
v 30.649804471498321 68.840587955959151 0 192 212 210
v 35.377219754539553 66.534873462735632 0 192 212 210
v 38.017057558312125 71.499686284512393 0 192 212 210
v 38.017057558312125 71.499686284512393 0 196 215 201
v 35.377219754539553 66.534873462735632 0 196 215 201
v 39.932280779042358 63.905007754063767 0 196 215 201
v 42.912015905849486 68.673580764889678 0 196 215 201
v 42.912015905849486 68.673580764889678 0 196 215 201
v 39.932280779042358 63.905007754063767 0 196 215 201
v 44.292795745568505 60.963803271323016 0 196 215 201
v 47.597911225394306 65.512904462824622 0 196 215 201
v 47.597911225394306 65.512904462824622 0 196 215 201
v 44.292795745568505 60.963803271323016 0 196 215 201
v 48.437520663518491 57.725589267104461 0 196 215 201
v 52.051914305974314 62.033055875550822 0 196 215 201
v 52.051914305974314 62.033055875550822 0 222 227 150
v 48.437520663518491 57.725589267104461 0 222 227 150
v 52.346262849718372 54.206141994532494 0 222 227 150
v 56.252325692295734 58.250988475592301 0 222 227 150
v 56.252325692295734 58.250988475592301 0 222 227 150
v 52.346262849718372 54.206141994532494 0 222 227 150
v 55.999979305142368 50.422607846945532 0 222 227 150
v 60.1786814023083 54.185128115149581 0 222 227 150
v 60.1786814023083 54.185128115149581 0 222 227 150
v 55.999979305142368 50.422607846945532 0 222 227 150
v 59.380869490489943 46.393419822391046 0 222 227 150
v 63.811852625668728 49.855283257199886 0 222 227 150
v 63.811852625668728 49.855283257199886 0 246 238 101
v 59.380869490489943 46.393419822391046 0 246 238 101
v 62.472462048623967 42.138207719912138 0 246 238 101
v 67.13413891738189 45.282548470656664 0 246 238 101
v 67.13413891738189 45.282548470656664 0 246 238 101
v 62.472462048623967 42.138207719912138 0 246 238 101
v 65.259695051367018 37.677702505139635 0 246 238 101
v 70.129354432589622 40.48920165975025 0 246 238 101
v 70.129354432589622 40.48920165975025 0 246 238 101
v 65.259695051367018 37.677702505139635 0 246 238 101
v 67.728989379701432 33.033635311111517 0 246 238 101
v 72.782906782379825 35.498595528317864 0 246 238 101
v 72.782906782379825 35.498595528317864 0 209 221 176
v 67.728989379701432 33.033635311111517 0 209 221 176
v 69.868314879872131 28.228631566377061 0 209 221 176
v 75.081868126438465 30.335043807777865 0 209 221 176
v 75.081868126438465 30.335043807777865 0 209 221 176
v 69.868314879872131 28.228631566377061 0 209 221 176
v 71.667248973086544 23.286100766183353 0 209 221 176
v 77.015038156188112 25.023702803074301 0 209 221 176
v 77.015038156188112 25.023702803074301 0 209 221 176
v 71.667248973086544 23.286100766183353 0 209 221 176
v 73.117027433270763 18.230122423767469 0 209 221 176
v 78.57299866156535 19.590448833687972 0 209 221 176
v 78.57299866156535 19.590448833687972 0 185 208 222
v 73.117027433270763 18.230122423767469 0 185 208 222
v 74.210587085497991 13.085328757388467 0 185 208 222
v 79.748159415593662 14.061752166808944 0 185 208 222
v 79.748159415593662 14.061752166808944 0 185 208 222
v 74.210587085497991 13.085328757388467 0 185 208 222
v 74.942600217066797 7.8767846846361351 0 185 208 222
v 80.534795153206147 8.4645480568556053 0 185 208 222
v 80.534795153206147 8.4645480568556053 0 185 208 222
v 74.942600217066797 7.8767846846361351 0 185 208 222
v 75.309500533581868 2.629865708671872 0 185 208 222
v 80.929073464161533 2.8261055196226721 0 185 208 222
v 80.929073464161533 2.8261055196226721 0 183 207 225
v 75.309500533581868 2.629865708671872 0 183 207 225
v 75.309500533581868 -2.6298657086718578 0 183 207 225
v 80.929073464161519 -2.8261055196227289 0 183 207 225
v 80.929073464161519 -2.8261055196227289 0 183 207 225
v 75.309500533581868 -2.6298657086718578 0 183 207 225
v 74.942600217066783 -7.8767846846361209 0 183 207 225
v 80.534795153206133 -8.4645480568556621 0 183 207 225
v 80.534795153206133 -8.4645480568556621 0 183 207 225
v 74.942600217066783 -7.8767846846361209 0 183 207 225
v 74.210587085497963 -13.085328757388453 0 183 207 225
v 79.748159415593605 -14.061752166809001 0 183 207 225
v 79.748159415593605 -14.061752166809001 0 186 209 219
v 74.210587085497963 -13.085328757388453 0 186 209 219
v 73.117027433270749 -18.23012242376744 0 186 209 219
v 78.572998661565293 -19.590448833688029 0 186 209 219
v 78.572998661565293 -19.590448833688029 0 186 209 219
v 73.117027433270749 -18.23012242376744 0 186 209 219
v 71.667248973086515 -23.286100766183338 0 186 209 219
v 77.015038156188027 -25.023702803074343 0 186 209 219
v 77.015038156188027 -25.023702803074343 0 186 209 219
v 71.667248973086515 -23.286100766183338 0 186 209 219
v 69.868314879872088 -28.228631566377047 0 186 209 219
v 75.081868126438394 -30.335043807777893 0 186 209 219
v 75.081868126438394 -30.335043807777893 0 215 224 164
v 69.868314879872088 -28.228631566377047 0 215 224 164
v 67.72898937970136 -33.033635311111496 0 215 224 164
v 72.782906782379726 -35.498595528317892 0 215 224 164
v 72.782906782379726 -35.498595528317892 0 215 224 164
v 67.72898937970136 -33.033635311111496 0 215 224 164
v 65.259695051366947 -37.677702505139607 0 215 224 164
v 70.129354432589537 -40.489201659750265 0 215 224 164
v 70.129354432589537 -40.489201659750265 0 215 224 164
v 65.259695051366947 -37.677702505139607 0 215 224 164
v 62.472462048623889 -42.138207719912103 0 215 224 164
v 67.13413891738179 -45.282548470656664 0 215 224 164
v 67.13413891738179 -45.282548470656664 0 248 235 92
v 62.472462048623889 -42.138207719912103 0 248 235 92
v 59.380869490489843 -46.39341982239101 0 248 235 92
v 63.811852625668628 -49.855283257199872 0 248 235 92
v 63.811852625668628 -49.855283257199872 0 248 235 92
v 59.380869490489843 -46.39341982239101 0 248 235 92
v 55.999979305142276 -50.422607846945468 0 248 235 92
v 60.178681402308221 -54.185128115149539 0 248 235 92
v 60.178681402308221 -54.185128115149539 0 248 235 92
v 55.999979305142276 -50.422607846945468 0 248 235 92
v 52.346262849718286 -54.206141994532416 0 248 235 92
v 56.252325692295649 -58.250988475592251 0 248 235 92
v 56.252325692295649 -58.250988475592251 0 224 228 146
v 52.346262849718286 -54.206141994532416 0 224 228 146
v 48.437520663518413 -57.725589267104354 0 224 228 146
v 52.051914305974215 -62.033055875550744 0 224 228 146
v 52.051914305974215 -62.033055875550744 0 224 228 146
v 48.437520663518413 -57.725589267104354 0 224 228 146
v 44.292795745568434 -60.963803271322931 0 224 228 146
v 47.597911225394206 -65.512904462824551 0 224 228 146
v 47.597911225394206 -65.512904462824551 0 224 228 146
v 44.292795745568434 -60.963803271322931 0 224 228 146
v 39.932280779042301 -63.905007754063647 0 224 228 146
v 42.912015905849387 -68.673580764889593 0 224 228 146
v 42.912015905849387 -68.673580764889593 0 204 218 186
v 39.932280779042301 -63.905007754063647 0 204 218 186
v 35.377219754539503 -66.53487346273549 0 204 218 186
v 38.017057558312025 -71.499686284512293 0 204 218 186
v 38.017057558312025 -71.499686284512293 0 204 218 186
v 35.377219754539503 -66.53487346273549 0 204 218 186
v 30.649804471498285 -68.840587955959037 0 204 218 186
v 32.93688392781182 -73.97745251968017 0 204 218 186
v 32.93688392781182 -73.97745251968017 0 204 218 186
v 30.649804471498285 -68.840587955959037 0 204 218 186
v 25.773066421979493 -70.810918024492807 0 204 218 186
v 27.696245109619312 -76.094808042359702 0 204 218 186
v 27.696245109619312 -76.094808042359702 0 213 223 168
v 25.773066421979493 -70.810918024492807 0 213 223 168
v 20.770764583552406 -72.436264418299842 0 213 223 168
v 22.32067296926958 -77.841437309280209 0 213 223 168
v 22.32067296926958 -77.841437309280209 0 213 223 168
v 20.770764583552406 -72.436264418299842 0 213 223 168
v 15.667269667944183 -73.708708613128763 0 213 223 168
v 16.836356753879755 -79.208830918223825 0 213 223 168
v 16.836356753879755 -79.208830918223825 0 213 223 168
v 15.667269667944183 -73.708708613128763 0 213 223 168
v 10.487445389382202 -74.622051388767986 0 213 223 168
v 11.270015500769702 -80.190327064977666 0 213 223 168
v 11.270015500769702 -80.190327064977666 0 207 220 179
v 10.487445389382202 -74.622051388767986 0 207 220 179
v 5.2565273310774643 -75.171843031023528 0 207 220 179
v 5.648767864997879 -80.781143998974457 0 207 220 179
v 5.648767864997879 -80.781143998974457 0 207 220 179
v 5.2565273310774643 -75.171843031023528 0 207 220 179
v 0 -75.355405010279171 0 207 220 179
v 0 -80.97840331950043 0 207 220 179
v 0 -80.97840331950043 0 207 220 179
v 0 -75.355405010279171 0 207 220 179
v -5.2565273310774643 -75.171843031023528 0 207 220 179
v -5.6487678649979642 -80.781143998974457 0 207 220 179
v -5.6487678649979642 -80.781143998974457 0 247 237 95
v -5.2565273310774643 -75.171843031023528 0 247 237 95
v -10.487445389382202 -74.622051388767986 0 247 237 95
v -11.270015500769773 -80.190327064977666 0 247 237 95
v -11.270015500769773 -80.190327064977666 0 247 237 95
v -10.487445389382202 -74.622051388767986 0 247 237 95
v -15.667269667944197 -73.708708613128763 0 247 237 95
v -16.836356753879826 -79.208830918223768 0 247 237 95
v -16.836356753879826 -79.208830918223768 0 247 237 95
v -15.667269667944197 -73.708708613128763 0 247 237 95
v -20.770764583552406 -72.436264418299842 0 247 237 95
v -22.320672969269637 -77.841437309280153 0 247 237 95
v -22.320672969269637 -77.841437309280153 0 182 207 227
v -20.770764583552406 -72.436264418299842 0 182 207 227
v -25.773066421979493 -70.810918024492807 0 182 207 227
v -27.696245109619369 -76.094808042359645 0 182 207 227
v -27.696245109619369 -76.094808042359645 0 182 207 227
v -25.773066421979493 -70.810918024492807 0 182 207 227
v -30.649804471498285 -68.840587955959009 0 182 207 227
v -32.936883927811877 -73.977452519680114 0 182 207 227
v -32.936883927811877 -73.977452519680114 0 182 207 227
v -30.649804471498285 -68.840587955959009 0 182 207 227
v -35.377219754539496 -66.53487346273549 0 182 207 227
v -38.017057558312061 -71.499686284512208 0 182 207 227
v -38.017057558312061 -71.499686284512208 0 125 157 210
v -35.377219754539496 -66.53487346273549 0 125 157 210
v -39.932280779042301 -63.905007754063618 0 125 157 210
v -42.912015905849401 -68.673580764889508 0 125 157 210
v -42.912015905849401 -68.673580764889508 0 125 157 210
v -39.932280779042301 -63.905007754063618 0 125 157 210
v -44.292795745568426 -60.963803271322874 0 125 157 210
v -47.597911225394213 -65.512904462824494 0 125 157 210
v -47.597911225394213 -65.512904462824494 0 125 157 210
v -44.292795745568426 -60.963803271322874 0 125 157 210
v -48.437520663518413 -57.725589267104326 0 125 157 210
v -52.051914305974222 -62.033055875550659 0 125 157 210
v -52.051914305974222 -62.033055875550659 0 114 146 201
v -48.437520663518413 -57.725589267104326 0 114 146 201
v -52.346262849718286 -54.206141994532388 0 114 146 201
v -56.252325692295628 -58.250988475592138 0 114 146 201
v -56.252325692295628 -58.250988475592138 0 114 146 201
v -52.346262849718286 -54.206141994532388 0 114 146 201
v -55.999979305142276 -50.422607846945411 0 114 146 201
v -60.178681402308186 -54.185128115149453 0 114 146 201
v -60.178681402308186 -54.185128115149453 0 114 146 201
v -55.999979305142276 -50.422607846945411 0 114 146 201
v -59.380869490489815 -46.393419822390953 0 114 146 201
v -63.811852625668607 -49.855283257199758 0 114 146 201
v -63.811852625668607 -49.855283257199758 0 111 143 199
v -59.380869490489815 -46.393419822390953 0 111 143 199
v -62.472462048623854 -42.138207719912018 0 111 143 199
v -67.134138917381748 -45.28254847065655 0 111 143 199
v -67.134138917381748 -45.28254847065655 0 111 143 199
v -62.472462048623854 -42.138207719912018 0 111 143 199
v -65.259695051366876 -37.67770250513955 0 111 143 199
v -70.129354432589466 -40.489201659750151 0 111 143 199
v -70.129354432589466 -40.489201659750151 0 111 143 199
v -65.259695051366876 -37.67770250513955 0 111 143 199
v -67.728989379701275 -33.033635311111439 0 111 143 199
v -72.782906782379669 -35.49859552831775 0 111 143 199
v -72.782906782379669 -35.49859552831775 0 110 142 198
v -67.728989379701275 -33.033635311111439 0 110 142 198
v -69.868314879872017 -28.22863156637699 0 110 142 198
v -75.081868126438295 -30.335043807777765 0 110 142 198
v -75.081868126438295 -30.335043807777765 0 110 142 198
v -69.868314879872017 -28.22863156637699 0 110 142 198
v -71.667248973086387 -23.286100766183296 0 110 142 198
v -77.015038156187941 -25.023702803074215 0 110 142 198
v -77.015038156187941 -25.023702803074215 0 110 142 198
v -71.667248973086387 -23.286100766183296 0 110 142 198
v -73.117027433270621 -18.230122423767412 0 110 142 198
v -78.572998661565194 -19.590448833687901 0 110 142 198
v -78.572998661565194 -19.590448833687901 0 109 141 197
v -73.117027433270621 -18.230122423767412 0 109 141 197
v -74.210587085497835 -13.085328757388424 0 109 141 197
v -79.748159415593491 -14.061752166808887 0 109 141 197
v -79.748159415593491 -14.061752166808887 0 109 141 197
v -74.210587085497835 -13.085328757388424 0 109 141 197
v -74.942600217066641 -7.8767846846360925 0 109 141 197
v -80.534795153205962 -8.4645480568555627 0 109 141 197
v -80.534795153205962 -8.4645480568555627 0 109 141 197
v -74.942600217066641 -7.8767846846360925 0 109 141 197
v -75.309500533581698 -2.6298657086718435 0 109 141 197
v -80.929073464161334 -2.8261055196226437 0 109 141 197
v -75.309500533582067 -2.629865708671872 0 109 141 197
v -69.978099069640692 -2.4436890670816069 0 109 141 197
v -69.978099069640692 2.4436890670816069 0 109 141 197
v -75.309500533582039 2.629865708671872 0 109 141 197
v -75.309500533582039 2.629865708671872 0 109 141 197
v -69.978099069640692 2.4436890670816069 0 109 141 197
v -69.637172805147301 7.3191617937487763 0 109 141 197
v -74.942600217066953 7.8767846846361493 0 109 141 197
v -74.942600217066953 7.8767846846361493 0 109 141 197
v -69.637172805147301 7.3191617937487763 0 109 141 197
v -68.956981234651394 12.158976299876358 0 109 141 197
v -74.210587085498148 13.085328757388496 0 109 141 197
v -74.210587085498148 13.085328757388496 0 109 141 197
v -68.956981234651394 12.158976299876358 0 109 141 197
v -67.940838183111779 16.93955349568698 0 109 141 197
v -73.117027433270906 18.230122423767497 0 109 141 197
v -73.117027433270906 18.230122423767497 0 109 141 197
v -67.940838183111779 16.93955349568698 0 109 141 197
v -66.593694197333193 21.63760288962456 0 109 141 197
v -71.667248973086672 23.286100766183395 0 109 141 197
v -71.667248973086672 23.286100766183395 0 109 141 197
v -66.593694197333193 21.63760288962456 0 109 141 197
v -64.922112427399966 26.230236057288138 0 109 141 197
v -69.868314879872244 28.228631566377118 0 109 141 197
v -69.868314879872244 28.228631566377118 0 110 142 198
v -64.922112427399966 26.230236057288138 0 110 142 198
v -62.934236651668314 30.695078151534702 0 110 142 198
v -67.728989379701559 33.033635311111567 0 110 142 198
v -67.728989379701559 33.033635311111567 0 110 142 198
v -62.934236651668314 30.695078151534702 0 110 142 198
v -60.639751601097132 35.010376910485476 0 110 142 198
v -65.259695051367132 37.677702505139692 0 110 142 198
v -65.259695051367132 37.677702505139692 0 110 142 198
v -60.639751601097132 35.010376910485476 0 110 142 198
v -58.049835776211907 39.155108632359131 0 110 142 198
v -62.472462048624052 42.138207719912188 0 110 142 198
v -62.472462048624052 42.138207719912188 0 111 143 199
v -58.049835776211907 39.155108632359131 0 111 143 199
v -55.17710698657406 43.109080600833686 0 111 143 199
v -59.380869490490014 46.393419822391103 0 111 143 199
v -59.380869490490014 46.393419822391103 0 111 143 199
v -55.17710698657406 43.109080600833686 0 111 143 199
v -52.035560878081029 46.85302946193061 0 111 143 199
v -55.999979305142418 50.422607846945574 0 111 143 199
v -55.999979305142418 50.422607846945574 0 111 143 199
v -52.035560878081029 46.85302946193061 0 111 143 199
v -48.640502747586268 50.368715073139072 0 111 143 199
v -52.346262849718428 54.206141994532551 0 111 143 199
v -52.346262849718428 54.206141994532551 0 114 146 201
v -48.640502747586268 50.368715073139072 0 114 146 201
v -45.008472977031502 53.639009367556724 0 114 146 201
v -48.437520663518555 57.725589267104503 0 114 146 201
v -48.437520663518555 57.725589267104503 0 114 146 201
v -45.008472977031502 53.639009367556724 0 114 146 201
v -41.157166450368564 56.647979800110015 0 114 146 201
v -44.292795745568569 60.963803271323059 0 114 146 201
v -44.292795745568569 60.963803271323059 0 114 146 201
v -41.157166450368564 56.647979800110015 0 114 146 201
v -37.105346345863282 59.38096696931219 0 114 146 201
v -39.932280779042415 63.905007754063817 0 114 146 201
v -39.932280779042415 63.905007754063817 0 121 153 207
v -37.105346345863282 59.38096696931219 0 121 153 207
v -32.872752723777339 61.82465603639379 0 121 153 207
v -35.37721975453961 66.534873462735675 0 121 153 207
v -35.37721975453961 66.534873462735675 0 121 153 207
v -32.872752723777339 61.82465603639379 0 121 153 207
v -28.480006354778723 63.96714159385877 0 121 153 207
v -30.649804471498385 68.840587955959194 0 121 153 207
v -30.649804471498385 68.840587955959194 0 121 153 207
v -28.480006354778723 63.96714159385877 0 121 153 207
v -23.948508257619835 65.797985667433068 0 121 153 207
v -25.773066421979578 70.810918024492977 0 121 153 207
v -25.773066421979578 70.810918024492977 0 181 206 228
v -23.948508257619835 65.797985667433068 0 181 206 228
v -19.300335435525469 67.308268568826023 0 181 206 228
v -20.770764583552477 72.436264418300013 0 181 206 228
v -20.770764583552477 72.436264418300013 0 181 206 228
v -19.300335435525469 67.308268568826023 0 181 206 228
v -14.55813331925215 68.490632351555149 0 181 206 228
v -15.667269667944254 73.708708613128934 0 181 206 228
v -15.667269667944254 73.708708613128934 0 181 206 228
v -14.55813331925215 68.490632351555149 0 181 206 228
v -9.7450054408258637 69.339316658121788 0 181 206 228
v -10.487445389382245 74.62205138876817 0 181 206 228
v -10.487445389382245 74.62205138876817 0 223 228 147
v -9.7450054408258637 69.339316658121788 0 223 228 147
v -4.8844008754564072 69.850186783893804 0 223 228 147
v -5.2565273310774927 75.171843031023698 0 223 228 147
v -5.2565273310774927 75.171843031023698 0 223 228 147
v -4.8844008754564072 69.850186783893804 0 223 228 147
v 0 70.020753820970896 0 223 228 147
v 0 75.355405010279327 0 223 228 147
v 0 75.355405010279327 0 223 228 147
v 0 70.020753820970896 0 223 228 147
v 4.8844008754564214 69.85018678389379 0 223 228 147
v 5.2565273310774643 75.171843031023684 0 223 228 147
v 5.2565273310774643 75.171843031023684 0 218 225 158
v 4.8844008754564214 69.85018678389379 0 218 225 158
v 9.7450054408258779 69.339316658121774 0 218 225 158
v 10.487445389382202 74.622051388768156 0 218 225 158
v 10.487445389382202 74.622051388768156 0 218 225 158
v 9.7450054408258779 69.339316658121774 0 218 225 158
v 14.55813331925215 68.490632351555121 0 218 225 158
v 15.667269667944211 73.70870861312892 0 218 225 158
v 15.667269667944211 73.70870861312892 0 218 225 158
v 14.55813331925215 68.490632351555121 0 218 225 158
v 19.300335435525469 67.308268568825994 0 218 225 158
v 20.770764583552435 72.436264418299984 0 218 225 158
v 20.770764583552435 72.436264418299984 0 192 212 210
v 19.300335435525469 67.308268568825994 0 192 212 210
v 23.948508257619835 65.797985667433025 0 192 212 210
v 25.773066421979522 70.810918024492935 0 192 212 210
v 25.773066421979522 70.810918024492935 0 192 212 210
v 23.948508257619835 65.797985667433025 0 192 212 210
v 28.480006354778709 63.96714159385872 0 192 212 210
v 30.649804471498321 68.840587955959151 0 192 212 210
v 30.649804471498321 68.840587955959151 0 192 212 210
v 28.480006354778709 63.96714159385872 0 192 212 210
v 32.872752723777332 61.824656036393733 0 192 212 210
v 35.377219754539553 66.534873462735632 0 192 212 210
v 35.377219754539553 66.534873462735632 0 196 215 201
v 32.872752723777332 61.824656036393733 0 196 215 201
v 37.105346345863268 59.380966969312119 0 196 215 201
v 39.932280779042358 63.905007754063767 0 196 215 201
v 39.932280779042358 63.905007754063767 0 196 215 201
v 37.105346345863268 59.380966969312119 0 196 215 201
v 41.157166450368514 56.647979800109958 0 196 215 201
v 44.292795745568505 60.963803271323016 0 196 215 201
v 44.292795745568505 60.963803271323016 0 196 215 201
v 41.157166450368514 56.647979800109958 0 196 215 201
v 45.008472977031481 53.639009367556667 0 196 215 201
v 48.437520663518491 57.725589267104461 0 196 215 201
v 48.437520663518491 57.725589267104461 0 222 227 150
v 45.008472977031481 53.639009367556667 0 222 227 150
v 48.640502747586225 50.368715073139001 0 222 227 150
v 52.346262849718372 54.206141994532494 0 222 227 150
v 52.346262849718372 54.206141994532494 0 222 227 150
v 48.640502747586225 50.368715073139001 0 222 227 150
v 52.035560878080965 46.853029461930554 0 222 227 150
v 55.999979305142368 50.422607846945532 0 222 227 150
v 55.999979305142368 50.422607846945532 0 222 227 150
v 52.035560878080965 46.853029461930554 0 222 227 150
v 55.177106986573996 43.109080600833636 0 222 227 150
v 59.380869490489943 46.393419822391046 0 222 227 150
v 59.380869490489943 46.393419822391046 0 246 238 101
v 55.177106986573996 43.109080600833636 0 246 238 101
v 58.049835776211836 39.155108632359074 0 246 238 101
v 62.472462048623967 42.138207719912138 0 246 238 101
v 62.472462048623967 42.138207719912138 0 246 238 101
v 58.049835776211836 39.155108632359074 0 246 238 101
v 60.639751601097061 35.010376910485412 0 246 238 101
v 65.259695051367018 37.677702505139635 0 246 238 101
v 65.259695051367018 37.677702505139635 0 246 238 101
v 60.639751601097061 35.010376910485412 0 246 238 101
v 62.93423665166825 30.695078151534645 0 246 238 101
v 67.728989379701432 33.033635311111517 0 246 238 101
v 67.728989379701432 33.033635311111517 0 209 221 176
v 62.93423665166825 30.695078151534645 0 209 221 176
v 64.922112427399853 26.230236057288081 0 209 221 176
v 69.868314879872131 28.228631566377061 0 209 221 176
v 69.868314879872131 28.228631566377061 0 209 221 176
v 64.922112427399853 26.230236057288081 0 209 221 176
v 66.593694197333093 21.637602889624517 0 209 221 176
v 71.667248973086544 23.286100766183353 0 209 221 176
v 71.667248973086544 23.286100766183353 0 209 221 176
v 66.593694197333093 21.637602889624517 0 209 221 176
v 67.940838183111637 16.939553495686923 0 209 221 176
v 73.117027433270763 18.230122423767469 0 209 221 176
v 73.117027433270763 18.230122423767469 0 185 208 222
v 67.940838183111637 16.939553495686923 0 185 208 222
v 68.956981234651266 12.158976299876329 0 185 208 222
v 74.210587085497991 13.085328757388467 0 185 208 222
v 74.210587085497991 13.085328757388467 0 185 208 222
v 68.956981234651266 12.158976299876329 0 185 208 222
v 69.637172805147173 7.3191617937487479 0 185 208 222
v 74.942600217066797 7.8767846846361351 0 185 208 222
v 74.942600217066797 7.8767846846361351 0 185 208 222
v 69.637172805147173 7.3191617937487479 0 185 208 222
v 69.978099069640535 2.4436890670815927 0 185 208 222
v 75.309500533581868 2.629865708671872 0 185 208 222
v 75.309500533581868 2.629865708671872 0 183 207 225
v 69.978099069640535 2.4436890670815927 0 183 207 225
v 69.978099069640535 -2.4436890670816211 0 183 207 225
v 75.309500533581868 -2.6298657086718578 0 183 207 225
v 75.309500533581868 -2.6298657086718578 0 183 207 225
v 69.978099069640535 -2.4436890670816211 0 183 207 225
v 69.637172805147145 -7.3191617937487621 0 183 207 225
v 74.942600217066783 -7.8767846846361209 0 183 207 225
v 74.942600217066783 -7.8767846846361209 0 183 207 225
v 69.637172805147145 -7.3191617937487621 0 183 207 225
v 68.956981234651238 -12.158976299876343 0 183 207 225
v 74.210587085497963 -13.085328757388453 0 183 207 225
v 74.210587085497963 -13.085328757388453 0 186 209 219
v 68.956981234651238 -12.158976299876343 0 186 209 219
v 67.940838183111623 -16.939553495686951 0 186 209 219
v 73.117027433270749 -18.23012242376744 0 186 209 219
v 73.117027433270749 -18.23012242376744 0 186 209 219
v 67.940838183111623 -16.939553495686951 0 186 209 219
v 66.593694197333051 -21.637602889624517 0 186 209 219
v 71.667248973086515 -23.286100766183338 0 186 209 219
v 71.667248973086515 -23.286100766183338 0 186 209 219
v 66.593694197333051 -21.637602889624517 0 186 209 219
v 64.92211242739981 -26.230236057288081 0 186 209 219
v 69.868314879872088 -28.228631566377047 0 186 209 219
v 69.868314879872088 -28.228631566377047 0 215 224 164
v 64.92211242739981 -26.230236057288081 0 215 224 164
v 62.934236651668193 -30.695078151534659 0 215 224 164
v 67.72898937970136 -33.033635311111496 0 215 224 164
v 67.72898937970136 -33.033635311111496 0 215 224 164
v 62.934236651668193 -30.695078151534659 0 215 224 164
v 60.639751601096989 -35.010376910485419 0 215 224 164
v 65.259695051366947 -37.677702505139607 0 215 224 164
v 65.259695051366947 -37.677702505139607 0 215 224 164
v 60.639751601096989 -35.010376910485419 0 215 224 164
v 58.049835776211765 -39.155108632359074 0 215 224 164
v 62.472462048623889 -42.138207719912103 0 215 224 164
v 62.472462048623889 -42.138207719912103 0 248 235 92
v 58.049835776211765 -39.155108632359074 0 248 235 92
v 55.177106986573932 -43.109080600833622 0 248 235 92
v 59.380869490489843 -46.39341982239101 0 248 235 92
v 59.380869490489843 -46.39341982239101 0 248 235 92
v 55.177106986573932 -43.109080600833622 0 248 235 92
v 52.035560878080901 -46.853029461930518 0 248 235 92
v 55.999979305142276 -50.422607846945468 0 248 235 92
v 55.999979305142276 -50.422607846945468 0 248 235 92
v 52.035560878080901 -46.853029461930518 0 248 235 92
v 48.640502747586147 -50.368715073138972 0 248 235 92
v 52.346262849718286 -54.206141994532416 0 248 235 92
v 52.346262849718286 -54.206141994532416 0 224 228 146
v 48.640502747586147 -50.368715073138972 0 224 228 146
v 45.008472977031403 -53.639009367556625 0 224 228 146
v 48.437520663518413 -57.725589267104354 0 224 228 146
v 48.437520663518413 -57.725589267104354 0 224 228 146
v 45.008472977031403 -53.639009367556625 0 224 228 146
v 41.157166450368443 -56.647979800109894 0 224 228 146
v 44.292795745568434 -60.963803271322931 0 224 228 146
v 44.292795745568434 -60.963803271322931 0 224 228 146
v 41.157166450368443 -56.647979800109894 0 224 228 146
v 37.105346345863182 -59.38096696931207 0 224 228 146
v 39.932280779042301 -63.905007754063647 0 224 228 146
v 39.932280779042301 -63.905007754063647 0 204 218 186
v 37.105346345863182 -59.38096696931207 0 204 218 186
v 32.872752723777253 -61.824656036393648 0 204 218 186
v 35.377219754539503 -66.53487346273549 0 204 218 186
v 35.377219754539503 -66.53487346273549 0 204 218 186
v 32.872752723777253 -61.824656036393648 0 204 218 186
v 28.480006354778631 -63.96714159385867 0 204 218 186
v 30.649804471498285 -68.840587955959037 0 204 218 186
v 30.649804471498285 -68.840587955959037 0 204 218 186
v 28.480006354778631 -63.96714159385867 0 204 218 186
v 23.948508257619764 -65.79798566743294 0 204 218 186
v 25.773066421979493 -70.810918024492807 0 204 218 186
v 25.773066421979493 -70.810918024492807 0 213 223 168
v 23.948508257619764 -65.79798566743294 0 213 223 168
v 19.300335435525398 -67.308268568825881 0 213 223 168
v 20.770764583552406 -72.436264418299842 0 213 223 168
v 20.770764583552406 -72.436264418299842 0 213 223 168
v 19.300335435525398 -67.308268568825881 0 213 223 168
v 14.558133319252079 -68.490632351554993 0 213 223 168
v 15.667269667944183 -73.708708613128763 0 213 223 168
v 15.667269667944183 -73.708708613128763 0 213 223 168
v 14.558133319252079 -68.490632351554993 0 213 223 168
v 9.7450054408258211 -69.33931665812166 0 213 223 168
v 10.487445389382202 -74.622051388767986 0 213 223 168
v 10.487445389382202 -74.622051388767986 0 207 220 179
v 9.7450054408258211 -69.33931665812166 0 207 220 179
v 4.8844008754563646 -69.850186783893648 0 207 220 179
v 5.2565273310774643 -75.171843031023528 0 207 220 179
v 5.2565273310774643 -75.171843031023528 0 207 220 179
v 4.8844008754563646 -69.850186783893648 0 207 220 179
v 0 -70.020753820970768 0 207 220 179
v 0 -75.355405010279171 0 207 220 179
v 0 -75.355405010279171 0 207 220 179
v 0 -70.020753820970768 0 207 220 179
v -4.8844008754564499 -69.850186783893648 0 207 220 179
v -5.2565273310774643 -75.171843031023528 0 207 220 179
v -5.2565273310774643 -75.171843031023528 0 247 237 95
v -4.8844008754564499 -69.850186783893648 0 247 237 95
v -9.7450054408258922 -69.33931665812166 0 247 237 95
v -10.487445389382202 -74.622051388767986 0 247 237 95
v -10.487445389382202 -74.622051388767986 0 247 237 95
v -9.7450054408258922 -69.33931665812166 0 247 237 95
v -14.55813331925215 -68.490632351554993 0 247 237 95
v -15.667269667944197 -73.708708613128763 0 247 237 95
v -15.667269667944197 -73.708708613128763 0 247 237 95
v -14.55813331925215 -68.490632351554993 0 247 237 95
v -19.300335435525454 -67.308268568825852 0 247 237 95
v -20.770764583552406 -72.436264418299842 0 247 237 95
v -20.770764583552406 -72.436264418299842 0 182 207 227
v -19.300335435525454 -67.308268568825852 0 182 207 227
v -23.948508257619821 -65.797985667432911 0 182 207 227
v -25.773066421979493 -70.810918024492807 0 182 207 227
v -25.773066421979493 -70.810918024492807 0 182 207 227
v -23.948508257619821 -65.797985667432911 0 182 207 227
v -28.480006354778695 -63.967141593858614 0 182 207 227
v -30.649804471498285 -68.840587955959009 0 182 207 227
v -30.649804471498285 -68.840587955959009 0 182 207 227
v -28.480006354778695 -63.967141593858614 0 182 207 227
v -32.87275272377731 -61.82465603639362 0 182 207 227
v -35.377219754539496 -66.53487346273549 0 182 207 227
v -35.377219754539496 -66.53487346273549 0 125 157 210
v -32.87275272377731 -61.82465603639362 0 125 157 210
v -37.105346345863225 -59.380966969312013 0 125 157 210
v -39.932280779042301 -63.905007754063618 0 125 157 210
v -39.932280779042301 -63.905007754063618 0 125 157 210
v -37.105346345863225 -59.380966969312013 0 125 157 210
v -41.157166450368479 -56.647979800109837 0 125 157 210
v -44.292795745568426 -60.963803271322874 0 125 157 210
v -44.292795745568426 -60.963803271322874 0 125 157 210
v -41.157166450368479 -56.647979800109837 0 125 157 210
v -45.008472977031417 -53.639009367556568 0 125 157 210
v -48.437520663518413 -57.725589267104326 0 125 157 210
v -48.437520663518413 -57.725589267104326 0 114 146 201
v -45.008472977031417 -53.639009367556568 0 114 146 201
v -48.640502747586183 -50.368715073138915 0 114 146 201
v -52.346262849718286 -54.206141994532388 0 114 146 201
v -52.346262849718286 -54.206141994532388 0 114 146 201
v -48.640502747586183 -50.368715073138915 0 114 146 201
v -52.035560878080915 -46.853029461930461 0 114 146 201
v -55.999979305142276 -50.422607846945411 0 114 146 201
v -55.999979305142276 -50.422607846945411 0 114 146 201
v -52.035560878080915 -46.853029461930461 0 114 146 201
v -55.177106986573946 -43.109080600833536 0 114 146 201
v -59.380869490489815 -46.393419822390953 0 114 146 201
v -59.380869490489815 -46.393419822390953 0 111 143 199
v -55.177106986573946 -43.109080600833536 0 111 143 199
v -58.049835776211765 -39.155108632358989 0 111 143 199
v -62.472462048623854 -42.138207719912018 0 111 143 199
v -62.472462048623854 -42.138207719912018 0 111 143 199
v -58.049835776211765 -39.155108632358989 0 111 143 199
v -60.639751601096989 -35.010376910485334 0 111 143 199
v -65.259695051366876 -37.67770250513955 0 111 143 199
v -65.259695051366876 -37.67770250513955 0 111 143 199
v -60.639751601096989 -35.010376910485334 0 111 143 199
v -62.934236651668172 -30.695078151534588 0 111 143 199
v -67.728989379701275 -33.033635311111439 0 111 143 199
v -67.728989379701275 -33.033635311111439 0 110 142 198
v -62.934236651668172 -30.695078151534588 0 110 142 198
v -64.922112427399767 -26.230236057288025 0 110 142 198
v -69.868314879872017 -28.22863156637699 0 110 142 198
v -69.868314879872017 -28.22863156637699 0 110 142 198
v -64.922112427399767 -26.230236057288025 0 110 142 198
v -66.593694197332994 -21.637602889624461 0 110 142 198
v -71.667248973086387 -23.286100766183296 0 110 142 198
v -71.667248973086387 -23.286100766183296 0 110 142 198
v -66.593694197332994 -21.637602889624461 0 110 142 198
v -67.94083818311158 -16.93955349568688 0 110 142 198
v -73.117027433270621 -18.230122423767412 0 110 142 198
v -73.117027433270621 -18.230122423767412 0 109 141 197
v -67.94083818311158 -16.93955349568688 0 109 141 197
v -68.956981234651167 -12.158976299876272 0 109 141 197
v -74.210587085497835 -13.085328757388424 0 109 141 197
v -74.210587085497835 -13.085328757388424 0 109 141 197
v -68.956981234651167 -12.158976299876272 0 109 141 197
v -69.637172805147074 -7.3191617937487052 0 109 141 197
v -74.942600217066641 -7.8767846846360925 0 109 141 197
v -74.942600217066641 -7.8767846846360925 0 109 141 197
v -69.637172805147074 -7.3191617937487052 0 109 141 197
v -69.978099069640436 -2.4436890670815643 0 109 141 197
v -75.309500533581698 -2.6298657086718435 0 109 141 197
v -69.978099069640692 -2.4436890670816069 0 109 141 197
v -64.90119916381407 -2.2663998157375573 0 109 141 197
v -64.90119916381407 2.2663998157375573 0 109 141 197
v -69.978099069640692 2.4436890670816069 0 109 141 197
v -69.978099069640692 2.4436890670816069 0 109 141 197
v -64.90119916381407 2.2663998157375573 0 109 141 197
v -64.585007045333683 6.788157775128127 0 109 141 197
v -69.637172805147301 7.3191617937487763 0 109 141 197
v -69.637172805147301 7.3191617937487763 0 109 141 197
v -64.585007045333683 6.788157775128127 0 109 141 197
v -63.954163264590633 11.276844512181498 0 109 141 197
v -68.956981234651394 12.158976299876358 0 109 141 197
v -68.956981234651394 12.158976299876358 0 109 141 197
v -63.954163264590633 11.276844512181498 0 109 141 197
v -63.011741229072541 15.710591596315965 0 109 141 197
v -67.940838183111779 16.93955349568698 0 109 141 197
v -67.940838183111779 16.93955349568698 0 109 141 197
v -63.011741229072541 15.710591596315965 0 109 141 197
v -61.762332324204451 20.067798257416328 0 109 141 197
v -66.593694197333221 21.63760288962456 0 109 141 197
v -66.593694197333221 21.63760288962456 0 109 141 197
v -61.762332324204451 20.067798257416328 0 109 141 197
v -60.212023544580788 24.327236622614578 0 109 141 197
v -64.922112427399966 26.230236057288138 0 109 141 197
v -64.922112427399966 26.230236057288138 0 110 142 198
v -60.212023544580788 24.327236622614578 0 110 142 198
v -58.36836783873936 28.468155136352735 0 110 142 198
v -62.934236651668343 30.695078151534702 0 110 142 198
v -62.934236651668343 30.695078151534702 0 110 142 198
v -58.36836783873936 28.468155136352735 0 110 142 198
v -56.240347311955432 32.470379659875526 0 110 142 198
v -60.639751601097132 35.010376910485483 0 110 142 198
v -60.639751601097132 35.010376910485483 0 110 142 198
v -56.240347311955432 32.470379659875526 0 110 142 198
v -53.838329466327608 36.31441175760655 0 110 142 198
v -58.049835776211907 39.155108632359138 0 110 142 198
v -58.049835776211907 39.155108632359138 0 111 143 199
v -53.838329466327608 36.31441175760655 0 111 143 199
v -51.174016691349763 39.981523691566409 0 111 143 199
v -55.177106986574088 43.109080600833693 0 111 143 199
v -55.177106986574088 43.109080600833693 0 111 143 199
v -51.174016691349763 39.981523691566409 0 111 143 199
v -48.260389251045822 43.453849661029679 0 111 143 199
v -52.035560878081029 46.853029461930625 0 111 143 199
v -52.035560878081029 46.853029461930625 0 111 143 199
v -48.260389251045822 43.453849661029679 0 111 143 199
v -45.111642045428184 46.714472842910105 0 111 143 199
v -48.640502747586268 50.368715073139079 0 111 143 199
v -48.640502747586268 50.368715073139079 0 114 146 201
v -45.111642045428184 46.714472842910105 0 114 146 201
v -41.743115454371619 49.74750780882227 0 114 146 201
v -45.008472977031502 53.639009367556731 0 114 146 201
v -45.008472977031502 53.639009367556731 0 114 146 201
v -41.743115454371619 49.74750780882227 0 114 146 201
v -38.171220600824611 52.53817791729184 0 114 146 201
v -41.157166450368535 56.647979800110029 0 114 146 201
v -41.157166450368535 56.647979800110029 0 114 146 201
v -38.171220600824611 52.53817791729184 0 114 146 201
v -34.413359397468099 55.072887304067542 0 114 146 201
v -37.105346345863282 59.380966969312198 0 114 146 201
v -37.105346345863282 59.380966969312198 0 121 153 207
v -34.413359397468099 55.072887304067542 0 121 153 207
v -30.4878397663459 57.339287119805093 0 121 153 207
v -32.872752723777339 61.824656036393797 0 121 153 207
v -32.872752723777339 61.824656036393797 0 121 153 207
v -30.4878397663459 57.339287119805093 0 121 153 207
v -26.413786444509 59.326335692419953 0 121 153 207
v -28.480006354778709 63.967141593858777 0 121 153 207
v -28.480006354778709 63.967141593858777 0 121 153 207
v -26.413786444509 59.326335692419953 0 121 153 207
v -22.211047810218986 61.024352321003747 0 121 153 207
v -23.948508257619821 65.797985667433082 0 121 153 207
v -23.948508257619821 65.797985667433082 0 181 206 228
v -22.211047810218986 61.024352321003747 0 181 206 228
v -17.900099183644301 62.425064439226055 0 181 206 228
v -19.300335435525454 67.308268568826037 0 181 206 228
v -19.300335435525454 67.308268568826037 0 181 206 228
v -17.900099183644301 62.425064439226055 0 181 206 228
v -13.501943073158586 63.521647918445993 0 181 206 228
v -14.558133319252136 68.490632351555163 0 181 206 228
v -14.558133319252136 68.490632351555163 0 181 206 228
v -13.501943073158586 63.521647918445993 0 181 206 228
v -9.0380068532309963 64.308760314180972 0 181 206 228
v -9.7450054408258637 69.339316658121803 0 181 206 228
v -9.7450054408258637 69.339316658121803 0 223 228 147
v -9.0380068532309963 64.308760314180972 0 223 228 147
v -4.5300383724117523 64.782566893959256 0 223 228 147
v -4.8844008754564072 69.850186783893804 0 223 228 147
v -4.8844008754564072 69.850186783893804 0 223 228 147
v -4.5300383724117523 64.782566893959256 0 223 228 147
v 0 64.94075931975101 0 223 228 147
v 0 70.02075382097091 0 223 228 147
v 0 70.02075382097091 0 223 228 147
v 0 64.94075931975101 0 223 228 147
v 4.530038372411795 64.782566893959242 0 223 228 147
v 4.8844008754564356 69.850186783893804 0 223 228 147
v 4.8844008754564356 69.850186783893804 0 218 225 158
v 4.530038372411795 64.782566893959242 0 218 225 158
v 9.0380068532310389 64.308760314180958 0 218 225 158
v 9.7450054408258922 69.339316658121774 0 218 225 158
v 9.7450054408258922 69.339316658121774 0 218 225 158
v 9.0380068532310389 64.308760314180958 0 218 225 158
v 13.501943073158614 63.521647918445964 0 218 225 158
v 14.55813331925215 68.490632351555121 0 218 225 158
v 14.55813331925215 68.490632351555121 0 218 225 158
v 13.501943073158614 63.521647918445964 0 218 225 158
v 17.900099183644329 62.425064439226027 0 218 225 158
v 19.300335435525469 67.308268568826009 0 218 225 158
v 19.300335435525469 67.308268568826009 0 192 212 210
v 17.900099183644329 62.425064439226027 0 192 212 210
v 22.211047810219 61.024352321003704 0 192 212 210
v 23.948508257619849 65.797985667433039 0 192 212 210
v 23.948508257619849 65.797985667433039 0 192 212 210
v 22.211047810219 61.024352321003704 0 192 212 210
v 26.413786444509029 59.326335692419917 0 192 212 210
v 28.480006354778723 63.96714159385872 0 192 212 210
v 28.480006354778723 63.96714159385872 0 192 212 210
v 26.413786444509029 59.326335692419917 0 192 212 210
v 30.487839766345921 57.33928711980505 0 192 212 210
v 32.872752723777346 61.824656036393741 0 192 212 210
v 32.872752723777346 61.824656036393741 0 196 215 201
v 30.487839766345921 57.33928711980505 0 196 215 201
v 34.413359397468106 55.0728873040675 0 196 215 201
v 37.105346345863275 59.380966969312134 0 196 215 201
v 37.105346345863275 59.380966969312134 0 196 215 201
v 34.413359397468106 55.0728873040675 0 196 215 201
v 38.171220600824626 52.538177917291776 0 196 215 201
v 41.157166450368535 56.647979800109958 0 196 215 201
v 41.157166450368535 56.647979800109958 0 196 215 201
v 38.171220600824626 52.538177917291776 0 196 215 201
v 41.743115454371598 49.747507808822199 0 196 215 201
v 45.008472977031495 53.639009367556667 0 196 215 201
v 45.008472977031495 53.639009367556667 0 222 227 150
v 41.743115454371598 49.747507808822199 0 222 227 150
v 45.111642045428169 46.714472842910041 0 222 227 150
v 48.64050274758624 50.368715073139015 0 222 227 150
v 48.64050274758624 50.368715073139015 0 222 227 150
v 45.111642045428169 46.714472842910041 0 222 227 150
v 48.260389251045815 43.453849661029622 0 222 227 150
v 52.035560878080986 46.853029461930568 0 222 227 150
v 52.035560878080986 46.853029461930568 0 222 227 150
v 48.260389251045815 43.453849661029622 0 222 227 150
v 51.174016691349735 39.981523691566359 0 222 227 150
v 55.177106986574017 43.109080600833636 0 222 227 150
v 55.177106986574017 43.109080600833636 0 246 238 101
v 51.174016691349735 39.981523691566359 0 246 238 101
v 53.838329466327565 36.314411757606486 0 246 238 101
v 58.049835776211857 39.155108632359067 0 246 238 101
v 58.049835776211857 39.155108632359067 0 246 238 101
v 53.838329466327565 36.314411757606486 0 246 238 101
v 56.240347311955396 32.470379659875462 0 246 238 101
v 60.639751601097082 35.010376910485405 0 246 238 101
v 60.639751601097082 35.010376910485405 0 246 238 101
v 56.240347311955396 32.470379659875462 0 246 238 101
v 58.368367838739324 28.468155136352678 0 246 238 101
v 62.934236651668265 30.695078151534645 0 246 238 101
v 62.934236651668265 30.695078151534645 0 209 221 176
v 58.368367838739324 28.468155136352678 0 209 221 176
v 60.212023544580731 24.327236622614521 0 209 221 176
v 64.922112427399853 26.230236057288067 0 209 221 176
v 64.922112427399853 26.230236057288067 0 209 221 176
v 60.212023544580731 24.327236622614521 0 209 221 176
v 61.76233232420438 20.067798257416271 0 209 221 176
v 66.593694197333093 21.637602889624503 0 209 221 176
v 66.593694197333093 21.637602889624503 0 209 221 176
v 61.76233232420438 20.067798257416271 0 209 221 176
v 63.011741229072449 15.710591596315922 0 209 221 176
v 67.940838183111651 16.939553495686923 0 209 221 176
v 67.940838183111651 16.939553495686923 0 185 208 222
v 63.011741229072449 15.710591596315922 0 185 208 222
v 63.954163264590555 11.276844512181455 0 185 208 222
v 68.956981234651266 12.158976299876315 0 185 208 222
v 68.956981234651266 12.158976299876315 0 185 208 222
v 63.954163264590555 11.276844512181455 0 185 208 222
v 64.585007045333569 6.7881577751280844 0 185 208 222
v 69.637172805147173 7.3191617937487337 0 185 208 222
v 69.637172805147173 7.3191617937487337 0 185 208 222
v 64.585007045333569 6.7881577751280844 0 185 208 222
v 64.901199163813956 2.2663998157375289 0 185 208 222
v 69.978099069640535 2.4436890670815785 0 185 208 222
v 69.978099069640535 2.4436890670815785 0 183 207 225
v 64.901199163813956 2.2663998157375289 0 183 207 225
v 64.901199163813956 -2.2663998157375858 0 183 207 225
v 69.978099069640535 -2.4436890670816211 0 183 207 225
v 69.978099069640535 -2.4436890670816211 0 183 207 225
v 64.901199163813956 -2.2663998157375858 0 183 207 225
v 64.585007045333569 -6.7881577751281412 0 183 207 225
v 69.637172805147145 -7.3191617937487763 0 183 207 225
v 69.637172805147145 -7.3191617937487763 0 183 207 225
v 64.585007045333569 -6.7881577751281412 0 183 207 225
v 63.954163264590527 -11.276844512181498 0 183 207 225
v 68.956981234651238 -12.158976299876358 0 183 207 225
v 68.956981234651238 -12.158976299876358 0 186 209 219
v 63.954163264590527 -11.276844512181498 0 186 209 219
v 63.011741229072413 -15.710591596315965 0 186 209 219
v 67.940838183111623 -16.939553495686951 0 186 209 219
v 67.940838183111623 -16.939553495686951 0 186 209 219
v 63.011741229072413 -15.710591596315965 0 186 209 219
v 61.762332324204337 -20.067798257416314 0 186 209 219
v 66.593694197333051 -21.637602889624532 0 186 209 219
v 66.593694197333051 -21.637602889624532 0 186 209 219
v 61.762332324204337 -20.067798257416314 0 186 209 219
v 60.212023544580681 -24.327236622614564 0 186 209 219
v 64.92211242739981 -26.230236057288096 0 186 209 219
v 64.92211242739981 -26.230236057288096 0 215 224 164
v 60.212023544580681 -24.327236622614564 0 215 224 164
v 58.368367838739267 -28.468155136352706 0 215 224 164
v 62.934236651668193 -30.695078151534673 0 215 224 164
v 62.934236651668193 -30.695078151534673 0 215 224 164
v 58.368367838739267 -28.468155136352706 0 215 224 164
v 56.240347311955333 -32.470379659875491 0 215 224 164
v 60.639751601096989 -35.010376910485419 0 215 224 164
v 60.639751601096989 -35.010376910485419 0 215 224 164
v 56.240347311955333 -32.470379659875491 0 215 224 164
v 53.838329466327494 -36.314411757606521 0 215 224 164
v 58.049835776211765 -39.155108632359074 0 215 224 164
v 58.049835776211765 -39.155108632359074 0 248 235 92
v 53.838329466327494 -36.314411757606521 0 248 235 92
v 51.174016691349664 -39.98152369156638 0 248 235 92
v 55.177106986573932 -43.109080600833622 0 248 235 92
v 55.177106986573932 -43.109080600833622 0 248 235 92
v 51.174016691349664 -39.98152369156638 0 248 235 92
v 48.260389251045751 -43.453849661029622 0 248 235 92
v 52.035560878080901 -46.853029461930518 0 248 235 92
v 52.035560878080901 -46.853029461930518 0 248 235 92
v 48.260389251045751 -43.453849661029622 0 248 235 92
v 45.111642045428106 -46.714472842910041 0 248 235 92
v 48.640502747586147 -50.368715073138972 0 248 235 92
v 48.640502747586147 -50.368715073138972 0 224 228 146
v 45.111642045428106 -46.714472842910041 0 224 228 146
v 41.743115454371527 -49.747507808822192 0 224 228 146
v 45.008472977031403 -53.639009367556625 0 224 228 146
v 45.008472977031403 -53.639009367556625 0 224 228 146
v 41.743115454371527 -49.747507808822192 0 224 228 146
v 38.171220600824547 -52.538177917291748 0 224 228 146
v 41.157166450368443 -56.647979800109894 0 224 228 146
v 41.157166450368443 -56.647979800109894 0 224 228 146
v 38.171220600824547 -52.538177917291748 0 224 228 146
v 34.413359397468028 -55.072887304067464 0 224 228 146
v 37.105346345863182 -59.38096696931207 0 224 228 146
v 37.105346345863182 -59.38096696931207 0 204 218 186
v 34.413359397468028 -55.072887304067464 0 204 218 186
v 30.487839766345836 -57.339287119805007 0 204 218 186
v 32.872752723777253 -61.824656036393648 0 204 218 186
v 32.872752723777253 -61.824656036393648 0 204 218 186
v 30.487839766345836 -57.339287119805007 0 204 218 186
v 26.413786444508943 -59.326335692419846 0 204 218 186
v 28.480006354778631 -63.96714159385867 0 204 218 186
v 28.480006354778631 -63.96714159385867 0 204 218 186
v 26.413786444508943 -59.326335692419846 0 204 218 186
v 22.211047810218943 -61.024352321003633 0 204 218 186
v 23.948508257619764 -65.79798566743294 0 204 218 186
v 23.948508257619764 -65.79798566743294 0 213 223 168
v 22.211047810218943 -61.024352321003633 0 213 223 168
v 17.900099183644258 -62.425064439225949 0 213 223 168
v 19.300335435525398 -67.308268568825881 0 213 223 168
v 19.300335435525398 -67.308268568825881 0 213 223 168
v 17.900099183644258 -62.425064439225949 0 213 223 168
v 13.501943073158543 -63.521647918445851 0 213 223 168
v 14.558133319252079 -68.490632351554993 0 213 223 168
v 14.558133319252079 -68.490632351554993 0 213 223 168
v 13.501943073158543 -63.521647918445851 0 213 223 168
v 9.0380068532309821 -64.308760314180844 0 213 223 168
v 9.7450054408258211 -69.33931665812166 0 213 223 168
v 9.7450054408258211 -69.33931665812166 0 207 220 179
v 9.0380068532309821 -64.308760314180844 0 207 220 179
v 4.5300383724117381 -64.782566893959128 0 207 220 179
v 4.8844008754563646 -69.850186783893648 0 207 220 179
v 4.8844008754563646 -69.850186783893648 0 207 220 179
v 4.5300383724117381 -64.782566893959128 0 207 220 179
v 0 -64.940759319750882 0 207 220 179
v 0 -70.020753820970768 0 207 220 179
v 0 -70.020753820970768 0 207 220 179
v 0 -64.940759319750882 0 207 220 179
v -4.530038372411795 -64.782566893959128 0 207 220 179
v -4.8844008754564499 -69.850186783893648 0 207 220 179
v -4.8844008754564499 -69.850186783893648 0 247 237 95
v -4.530038372411795 -64.782566893959128 0 247 237 95
v -9.0380068532310247 -64.308760314180844 0 247 237 95
v -9.7450054408258922 -69.33931665812166 0 247 237 95
v -9.7450054408258922 -69.33931665812166 0 247 237 95
v -9.0380068532310247 -64.308760314180844 0 247 237 95
v -13.501943073158586 -63.521647918445851 0 247 237 95
v -14.55813331925215 -68.490632351554993 0 247 237 95
v -14.55813331925215 -68.490632351554993 0 247 237 95
v -13.501943073158586 -63.521647918445851 0 247 237 95
v -17.900099183644301 -62.42506443922592 0 247 237 95
v -19.300335435525454 -67.308268568825852 0 247 237 95
v -19.300335435525454 -67.308268568825852 0 182 207 227
v -17.900099183644301 -62.42506443922592 0 182 207 227
v -22.211047810218972 -61.024352321003605 0 182 207 227
v -23.948508257619821 -65.797985667432911 0 182 207 227
v -23.948508257619821 -65.797985667432911 0 182 207 227
v -22.211047810218972 -61.024352321003605 0 182 207 227
v -26.413786444508972 -59.326335692419818 0 182 207 227
v -28.480006354778695 -63.967141593858614 0 182 207 227
v -28.480006354778695 -63.967141593858614 0 182 207 227
v -26.413786444508972 -59.326335692419818 0 182 207 227
v -30.487839766345857 -57.339287119804951 0 182 207 227
v -32.87275272377731 -61.82465603639362 0 182 207 227
v -32.87275272377731 -61.82465603639362 0 125 157 210
v -30.487839766345857 -57.339287119804951 0 125 157 210
v -34.413359397468056 -55.072887304067379 0 125 157 210
v -37.105346345863225 -59.380966969312013 0 125 157 210
v -37.105346345863225 -59.380966969312013 0 125 157 210
v -34.413359397468056 -55.072887304067379 0 125 157 210
v -38.171220600824554 -52.538177917291691 0 125 157 210
v -41.157166450368479 -56.647979800109837 0 125 157 210
v -41.157166450368479 -56.647979800109837 0 125 157 210
v -38.171220600824554 -52.538177917291691 0 125 157 210
v -41.743115454371534 -49.747507808822107 0 125 157 210
v -45.008472977031417 -53.639009367556568 0 125 157 210
v -45.008472977031417 -53.639009367556568 0 114 146 201
v -41.743115454371534 -49.747507808822107 0 114 146 201
v -45.111642045428098 -46.714472842909956 0 114 146 201
v -48.640502747586183 -50.368715073138915 0 114 146 201
v -48.640502747586183 -50.368715073138915 0 114 146 201
v -45.111642045428098 -46.714472842909956 0 114 146 201
v -48.260389251045737 -43.453849661029537 0 114 146 201
v -52.035560878080915 -46.853029461930461 0 114 146 201
v -52.035560878080915 -46.853029461930461 0 114 146 201
v -48.260389251045737 -43.453849661029537 0 114 146 201
v -51.174016691349621 -39.981523691566295 0 114 146 201
v -55.177106986573946 -43.109080600833536 0 114 146 201
v -55.177106986573946 -43.109080600833536 0 111 143 199
v -51.174016691349621 -39.981523691566295 0 111 143 199
v -53.838329466327465 -36.314411757606436 0 111 143 199
v -58.049835776211765 -39.155108632358989 0 111 143 199
v -58.049835776211765 -39.155108632358989 0 111 143 199
v -53.838329466327465 -36.314411757606436 0 111 143 199
v -56.24034731195529 -32.470379659875405 0 111 143 199
v -60.639751601096989 -35.010376910485334 0 111 143 199
v -60.639751601096989 -35.010376910485334 0 111 143 199
v -56.24034731195529 -32.470379659875405 0 111 143 199
v -58.368367838739218 -28.468155136352635 0 111 143 199
v -62.934236651668172 -30.695078151534588 0 111 143 199
v -62.934236651668172 -30.695078151534588 0 110 142 198
v -58.368367838739218 -28.468155136352635 0 110 142 198
v -60.212023544580617 -24.327236622614478 0 110 142 198
v -64.922112427399767 -26.230236057288025 0 110 142 198
v -64.922112427399767 -26.230236057288025 0 110 142 198
v -60.212023544580617 -24.327236622614478 0 110 142 198
v -61.76233232420428 -20.067798257416243 0 110 142 198
v -66.593694197332994 -21.637602889624461 0 110 142 198
v -66.593694197332994 -21.637602889624461 0 110 142 198
v -61.76233232420428 -20.067798257416243 0 110 142 198
v -63.011741229072314 -15.710591596315894 0 110 142 198
v -67.94083818311158 -16.93955349568688 0 110 142 198
v -67.94083818311158 -16.93955349568688 0 109 141 197
v -63.011741229072314 -15.710591596315894 0 109 141 197
v -63.954163264590434 -11.276844512181441 0 109 141 197
v -68.956981234651167 -12.158976299876272 0 109 141 197
v -68.956981234651167 -12.158976299876272 0 109 141 197
v -63.954163264590434 -11.276844512181441 0 109 141 197
v -64.585007045333455 -6.7881577751280844 0 109 141 197
v -69.637172805147074 -7.3191617937487052 0 109 141 197
v -69.637172805147074 -7.3191617937487052 0 109 141 197
v -64.585007045333455 -6.7881577751280844 0 109 141 197
v -64.901199163813843 -2.2663998157375431 0 109 141 197
v -69.978099069640436 -2.4436890670815643 0 109 141 197
v -64.878950106572759 -2.8326761365672724 0 108 140 197
v -60.02887328580583 -2.6209172093938662 0 108 140 197
v -60.02887328580583 2.6209172093938804 0 108 140 197
v -64.878950106572759 2.8326761365672724 0 108 140 197
v -64.878950106572759 2.8326761365672724 0 108 140 197
v -60.02887328580583 2.6209172093938804 0 108 140 197
v -59.572017313676142 7.8428048656650589 0 108 140 197
v -64.38518212128055 8.4764700338859313 0 108 140 197
v -64.38518212128055 8.4764700338859313 0 108 140 197
v -59.572017313676142 7.8428048656650589 0 108 140 197
v -58.661782319221871 13.005004041293461 0 108 140 197
v -63.401404023209537 14.055752876014168 0 108 140 197
v -63.401404023209537 14.055752876014168 0 109 141 197
v -58.661782319221871 13.005004041293461 0 109 141 197
v -57.305095740365701 18.068227283531499 0 109 141 197
v -61.935102957707457 19.528062951660317 0 109 141 197
v -61.935102957707457 19.528062951660317 0 109 141 197
v -57.305095740365701 18.068227283531499 0 109 141 197
v -55.512282781162483 22.99394040624793 0 109 141 197
v -59.997438361259597 24.851752676877524 0 109 141 197
v -59.997438361259597 24.851752676877524 0 109 141 197
v -55.512282781162483 22.99394040624793 0 109 141 197
v -53.296987830761836 27.744655758351996 0 109 141 197
v -57.603157031438755 29.986305558325157 0 109 141 197
v -57.603157031438755 29.986305558325157 0 110 142 198
v -53.296987830761836 27.744655758351996 0 110 142 198
v -50.67607062136797 32.284217527453833 0 110 142 198
v -54.770480894871483 34.892644548247588 0 110 142 198
v -54.770480894871483 34.892644548247588 0 110 142 198
v -50.67607062136797 32.284217527453833 0 110 142 198
v -47.669477915497438 36.578076907428212 0 110 142 198
v -51.520968327373666 39.533429444403041 0 110 142 198
v -51.520968327373666 39.533429444403041 0 110 142 198
v -47.669477915497438 36.578076907428212 0 110 142 198
v -44.30009169907224 40.593555035690365 0 110 142 198
v -47.879350081693318 43.873341071549241 0 110 142 198
v -47.879350081693318 43.873341071549241 0 114 146 201
v -44.30009169907224 40.593555035690365 0 114 146 201
v -40.593555035690386 44.300091699072219 0 114 146 201
v -43.873341071549234 47.879350081693303 0 114 146 201
v -43.873341071549234 47.879350081693303 0 114 146 201
v -40.593555035690386 44.300091699072219 0 114 146 201
v -36.578076907428226 47.669477915497431 0 114 146 201
v -39.533429444403041 51.520968327373673 0 114 146 201
v -39.533429444403041 51.520968327373673 0 114 146 201
v -36.578076907428226 47.669477915497431 0 114 146 201
v -32.284217527453833 50.676070621367977 0 114 146 201
v -34.892644548247588 54.770480894871476 0 114 146 201
v -34.892644548247588 54.770480894871476 0 121 153 207
v -32.284217527453833 50.676070621367977 0 121 153 207
v -27.74465575835201 53.296987830761843 0 121 153 207
v -29.986305558325157 57.603157031438748 0 121 153 207
v -29.986305558325157 57.603157031438748 0 121 153 207
v -27.74465575835201 53.296987830761843 0 121 153 207
v -22.993940406247944 55.51228278116249 0 121 153 207
v -24.851752676877524 59.997438361259583 0 121 153 207
v -24.851752676877524 59.997438361259583 0 121 153 207
v -22.993940406247944 55.51228278116249 0 121 153 207
v -18.068227283531513 57.305095740365708 0 121 153 207
v -19.528062951660317 61.935102957707464 0 121 153 207
v -19.528062951660317 61.935102957707464 0 179 205 232
v -18.068227283531513 57.305095740365708 0 179 205 232
v -13.005004041293475 58.661782319221878 0 179 205 232
v -14.055752876014182 63.401404023209551 0 179 205 232
v -14.055752876014182 63.401404023209551 0 179 205 232
v -13.005004041293475 58.661782319221878 0 179 205 232
v -7.8428048656650589 59.57201731367617 0 179 205 232
v -8.4764700338859456 64.385182121280565 0 179 205 232
v -8.4764700338859456 64.385182121280565 0 179 205 232
v -7.8428048656650589 59.57201731367617 0 179 205 232
v -2.6209172093938804 60.028873285805858 0 179 205 232
v -2.8326761365672866 64.878950106572759 0 179 205 232
v -2.8326761365672866 64.878950106572759 0 236 135 7
v -2.6209172093938804 60.028873285805858 0 236 135 7
v 2.6209172093938662 60.028873285805858 0 236 135 7
v 2.8326761365672724 64.878950106572759 0 236 135 7
v 2.8326761365672724 64.878950106572759 0 236 135 7
v 2.6209172093938662 60.028873285805858 0 236 135 7
v 7.8428048656650446 59.57201731367617 0 236 135 7
v 8.4764700338859171 64.385182121280565 0 236 135 7
v 8.4764700338859171 64.385182121280565 0 236 135 7
v 7.8428048656650446 59.57201731367617 0 236 135 7
v 13.005004041293461 58.661782319221892 0 236 135 7
v 14.055752876014168 63.401404023209551 0 236 135 7
v 14.055752876014168 63.401404023209551 0 251 222 68
v 13.005004041293461 58.661782319221892 0 251 222 68
v 18.068227283531499 57.305095740365722 0 251 222 68
v 19.528062951660303 61.935102957707478 0 251 222 68
v 19.528062951660303 61.935102957707478 0 251 222 68
v 18.068227283531499 57.305095740365722 0 251 222 68
v 22.99394040624793 55.512282781162504 0 251 222 68
v 24.85175267687751 59.99743836125959 0 251 222 68
v 24.85175267687751 59.99743836125959 0 251 222 68
v 22.99394040624793 55.512282781162504 0 251 222 68
v 27.744655758352003 53.296987830761864 0 251 222 68
v 29.986305558325142 57.603157031438755 0 251 222 68
v 29.986305558325142 57.603157031438755 0 247 237 96
v 27.744655758352003 53.296987830761864 0 247 237 96
v 32.284217527453833 50.676070621367998 0 247 237 96
v 34.892644548247574 54.770480894871476 0 247 237 96
v 34.892644548247574 54.770480894871476 0 247 237 96
v 32.284217527453833 50.676070621367998 0 247 237 96
v 36.578076907428219 47.66947791549746 0 247 237 96
v 39.533429444403026 51.520968327373673 0 247 237 96
v 39.533429444403026 51.520968327373673 0 247 237 96
v 36.578076907428219 47.66947791549746 0 247 237 96
v 40.593555035690372 44.300091699072262 0 247 237 96
v 43.873341071549234 47.879350081693325 0 247 237 96
v 43.873341071549234 47.879350081693325 0 249 233 85
v 40.593555035690372 44.300091699072262 0 249 233 85
v 44.300091699072226 40.5935550356904 0 249 233 85
v 47.879350081693289 43.873341071549248 0 249 233 85
v 47.879350081693289 43.873341071549248 0 249 233 85
v 44.300091699072226 40.5935550356904 0 249 233 85
v 47.669477915497446 36.578076907428247 0 249 233 85
v 51.520968327373659 39.533429444403062 0 249 233 85
v 51.520968327373659 39.533429444403062 0 249 233 85
v 47.669477915497446 36.578076907428247 0 249 233 85
v 50.676070621367977 32.284217527453862 0 249 233 85
v 54.770480894871476 34.89264454824761 0 249 233 85
v 54.770480894871476 34.89264454824761 0 251 231 77
v 50.676070621367977 32.284217527453862 0 251 231 77
v 53.296987830761857 27.744655758352039 0 251 231 77
v 57.603157031438755 29.986305558325185 0 251 231 77
v 57.603157031438755 29.986305558325185 0 251 231 77
v 53.296987830761857 27.744655758352039 0 251 231 77
v 55.512282781162504 22.993940406247972 0 251 231 77
v 59.997438361259604 24.851752676877553 0 251 231 77
v 59.997438361259604 24.851752676877553 0 251 231 77
v 55.512282781162504 22.993940406247972 0 251 231 77
v 57.305095740365722 18.068227283531527 0 251 231 77
v 61.9351029577075 19.528062951660345 0 251 231 77
v 61.9351029577075 19.528062951660345 0 244 183 41
v 57.305095740365722 18.068227283531527 0 244 183 41
v 58.661782319221892 13.005004041293503 0 244 183 41
v 63.401404023209587 14.055752876014196 0 244 183 41
v 63.401404023209587 14.055752876014196 0 244 183 41
v 58.661782319221892 13.005004041293503 0 244 183 41
v 59.57201731367617 7.8428048656650873 0 244 183 41
v 64.385182121280593 8.4764700338859598 0 244 183 41
v 64.385182121280593 8.4764700338859598 0 244 183 41
v 59.57201731367617 7.8428048656650873 0 244 183 41
v 60.028873285805872 2.6209172093938946 0 244 183 41
v 64.878950106572773 2.8326761365673008 0 244 183 41
v 64.878950106572773 2.8326761365673008 0 241 165 28
v 60.028873285805872 2.6209172093938946 0 241 165 28
v 60.028873285805872 -2.620917209393852 0 241 165 28
v 64.878950106572773 -2.8326761365672581 0 241 165 28
v 64.878950106572773 -2.8326761365672581 0 241 165 28
v 60.028873285805872 -2.620917209393852 0 241 165 28
v 59.572017313676199 -7.8428048656650304 0 241 165 28
v 64.385182121280607 -8.4764700338859171 0 241 165 28
v 64.385182121280607 -8.4764700338859171 0 241 165 28
v 59.572017313676199 -7.8428048656650304 0 241 165 28
v 58.661782319221913 -13.005004041293446 0 241 165 28
v 63.401404023209587 -14.055752876014154 0 241 165 28
v 63.401404023209587 -14.055752876014154 0 243 179 38
v 58.661782319221913 -13.005004041293446 0 243 179 38
v 57.305095740365751 -18.068227283531485 0 243 179 38
v 61.935102957707514 -19.528062951660303 0 243 179 38
v 61.935102957707514 -19.528062951660303 0 243 179 38
v 57.305095740365751 -18.068227283531485 0 243 179 38
v 55.51228278116254 -22.99394040624793 0 243 179 38
v 59.99743836125964 -24.85175267687751 0 243 179 38
v 59.99743836125964 -24.85175267687751 0 243 179 38
v 55.51228278116254 -22.99394040624793 0 243 179 38
v 53.296987830761886 -27.744655758351996 0 243 179 38
v 57.603157031438791 -29.986305558325157 0 243 179 38
v 57.603157031438791 -29.986305558325157 0 250 220 67
v 53.296987830761886 -27.744655758351996 0 250 220 67
v 50.676070621368019 -32.284217527453833 0 250 220 67
v 54.770480894871518 -34.892644548247588 0 250 220 67
v 54.770480894871518 -34.892644548247588 0 250 220 67
v 50.676070621368019 -32.284217527453833 0 250 220 67
v 47.669477915497495 -36.578076907428212 0 250 220 67
v 51.520968327373708 -39.533429444403041 0 250 220 67
v 51.520968327373708 -39.533429444403041 0 250 220 67
v 47.669477915497495 -36.578076907428212 0 250 220 67
v 44.300091699072283 -40.593555035690358 0 250 220 67
v 47.87935008169336 -43.873341071549234 0 250 220 67
v 47.87935008169336 -43.873341071549234 0 249 234 85
v 44.300091699072283 -40.593555035690358 0 249 234 85
v 40.593555035690429 -44.30009169907224 0 249 234 85
v 43.873341071549291 -47.879350081693318 0 249 234 85
v 43.873341071549291 -47.879350081693318 0 249 234 85
v 40.593555035690429 -44.30009169907224 0 249 234 85
v 36.578076907428276 -47.669477915497438 0 249 234 85
v 39.533429444403097 -51.520968327373666 0 249 234 85
v 39.533429444403097 -51.520968327373666 0 249 234 85
v 36.578076907428276 -47.669477915497438 0 249 234 85
v 32.284217527453897 -50.676070621367998 0 249 234 85
v 34.892644548247645 -54.770480894871483 0 249 234 85
v 34.892644548247645 -54.770480894871483 0 249 234 86
v 32.284217527453897 -50.676070621367998 0 249 234 86
v 27.744655758352067 -53.296987830761864 0 249 234 86
v 29.986305558325206 -57.603157031438784 0 249 234 86
v 29.986305558325206 -57.603157031438784 0 249 234 86
v 27.744655758352067 -53.296987830761864 0 249 234 86
v 22.993940406248001 -55.512282781162511 0 249 234 86
v 24.851752676877581 -59.997438361259626 0 249 234 86
v 24.851752676877581 -59.997438361259626 0 249 234 86
v 22.993940406248001 -55.512282781162511 0 249 234 86
v 18.068227283531556 -57.305095740365729 0 249 234 86
v 19.52806295166036 -61.935102957707485 0 249 234 86
v 19.52806295166036 -61.935102957707485 0 252 230 75
v 18.068227283531556 -57.305095740365729 0 252 230 75
v 13.005004041293532 -58.661782319221899 0 252 230 75
v 14.055752876014225 -63.401404023209594 0 252 230 75
v 14.055752876014225 -63.401404023209594 0 252 230 75
v 13.005004041293532 -58.661782319221899 0 252 230 75
v 7.8428048656651015 -59.572017313676199 0 252 230 75
v 8.476470033885974 -64.385182121280636 0 252 230 75
v 8.476470033885974 -64.385182121280636 0 252 230 75
v 7.8428048656651015 -59.572017313676199 0 252 230 75
v 2.620917209393923 -60.028873285805915 0 252 230 75
v 2.832676136567315 -64.878950106572788 0 252 230 75
v 2.832676136567315 -64.878950106572788 0 234 90 0
v 2.620917209393923 -60.028873285805915 0 234 90 0
v -2.6209172093938378 -60.028873285805915 0 234 90 0
v -2.8326761365672439 -64.878950106572788 0 234 90 0
v -2.8326761365672439 -64.878950106572788 0 234 90 0
v -2.6209172093938378 -60.028873285805915 0 234 90 0
v -7.8428048656650162 -59.572017313676227 0 234 90 0
v -8.4764700338859029 -64.385182121280636 0 234 90 0
v -8.4764700338859029 -64.385182121280636 0 234 90 0
v -7.8428048656650162 -59.572017313676227 0 234 90 0
v -13.005004041293446 -58.661782319221956 0 234 90 0
v -14.055752876014154 -63.401404023209622 0 234 90 0
v -14.055752876014154 -63.401404023209622 0 181 206 228
v -13.005004041293446 -58.661782319221956 0 181 206 228
v -18.068227283531471 -57.305095740365786 0 181 206 228
v -19.528062951660289 -61.935102957707542 0 181 206 228
v -19.528062951660289 -61.935102957707542 0 181 206 228
v -18.068227283531471 -57.305095740365786 0 181 206 228
v -22.993940406247916 -55.512282781162568 0 181 206 228
v -24.85175267687751 -59.997438361259654 0 181 206 228
v -24.85175267687751 -59.997438361259654 0 181 206 228
v -22.993940406247916 -55.512282781162568 0 181 206 228
v -27.744655758351982 -53.29698783076195 0 181 206 228
v -29.986305558325142 -57.603157031438812 0 181 206 228
v -29.986305558325142 -57.603157031438812 0 121 153 207
v -27.744655758351982 -53.29698783076195 0 121 153 207
v -32.284217527453833 -50.676070621368055 0 121 153 207
v -34.892644548247588 -54.77048089487154 0 121 153 207
v -34.892644548247588 -54.77048089487154 0 121 153 207
v -32.284217527453833 -50.676070621368055 0 121 153 207
v -36.578076907428212 -47.669477915497524 0 121 153 207
v -39.533429444403041 -51.520968327373723 0 121 153 207
v -39.533429444403041 -51.520968327373723 0 121 153 207
v -36.578076907428212 -47.669477915497524 0 121 153 207
v -40.593555035690386 -44.300091699072325 0 121 153 207
v -43.873341071549234 -47.879350081693374 0 121 153 207
v -43.873341071549234 -47.879350081693374 0 114 146 201
v -40.593555035690386 -44.300091699072325 0 114 146 201
v -44.30009169907224 -40.593555035690471 0 114 146 201
v -47.879350081693318 -43.873341071549291 0 114 146 201
v -47.879350081693318 -43.873341071549291 0 114 146 201
v -44.30009169907224 -40.593555035690471 0 114 146 201
v -47.669477915497467 -36.578076907428326 0 114 146 201
v -51.520968327373666 -39.533429444403097 0 114 146 201
v -51.520968327373666 -39.533429444403097 0 114 146 201
v -47.669477915497467 -36.578076907428326 0 114 146 201
v -50.676070621367998 -32.284217527453919 0 114 146 201
v -54.770480894871483 -34.892644548247674 0 114 146 201
v -54.770480894871483 -34.892644548247674 0 110 142 198
v -50.676070621367998 -32.284217527453919 0 110 142 198
v -53.296987830761864 -27.744655758352096 0 110 142 198
v -57.603157031438784 -29.986305558325213 0 110 142 198
v -57.603157031438784 -29.986305558325213 0 110 142 198
v -53.296987830761864 -27.744655758352096 0 110 142 198
v -55.51228278116254 -22.993940406248029 0 110 142 198
v -59.997438361259597 -24.851752676877595 0 110 142 198
v -59.997438361259597 -24.851752676877595 0 110 142 198
v -55.51228278116254 -22.993940406248029 0 110 142 198
v -57.305095740365758 -18.068227283531584 0 110 142 198
v -61.935102957707514 -19.528062951660374 0 110 142 198
v -61.935102957707514 -19.528062951660374 0 109 141 197
v -57.305095740365758 -18.068227283531584 0 109 141 197
v -58.661782319221928 -13.005004041293546 0 109 141 197
v -63.401404023209594 -14.055752876014239 0 109 141 197
v -63.401404023209594 -14.055752876014239 0 109 141 197
v -58.661782319221928 -13.005004041293546 0 109 141 197
v -59.572017313676227 -7.8428048656651299 0 109 141 197
v -64.385182121280607 -8.4764700338859882 0 109 141 197
v -64.385182121280607 -8.4764700338859882 0 109 141 197
v -59.572017313676227 -7.8428048656651299 0 109 141 197
v -60.028873285805915 -2.6209172093939372 0 109 141 197
v -64.878950106572788 -2.8326761365673292 0 109 141 197
v -60.02887328580583 -2.6209172093938804 0 108 140 197
v -55.378147206061513 -2.4178621235430313 0 108 140 197
v -55.378147206061513 2.4178621235430313 0 108 140 197
v -60.02887328580583 2.6209172093938804 0 108 140 197
v -60.02887328580583 2.6209172093938804 0 108 140 197
v -55.378147206061513 2.4178621235430313 0 108 140 197
v -54.956686067583902 7.2351849799238579 0 108 140 197
v -59.57201731367617 7.8428048656650589 0 108 140 197
v -59.57201731367617 7.8428048656650589 0 108 140 197
v -54.956686067583902 7.2351849799238579 0 108 140 197
v -54.116971364377591 11.997443709883328 0 108 140 197
v -58.661782319221871 13.005004041293475 0 108 140 197
v -58.661782319221871 13.005004041293475 0 109 141 197
v -54.116971364377591 11.997443709883328 0 109 141 197
v -52.865393832367673 16.66839464895601 0 109 141 197
v -57.305095740365701 18.068227283531499 0 109 141 197
v -57.305095740365701 18.068227283531499 0 109 141 197
v -52.865393832367673 16.66839464895601 0 109 141 197
v -51.211478732295902 21.212489040098276 0 109 141 197
v -55.512282781162483 22.993940406247944 0 109 141 197
v -55.512282781162483 22.993940406247944 0 109 141 197
v -51.211478732295902 21.212489040098276 0 109 141 197
v -49.167813356735039 25.595143581194307 0 109 141 197
v -53.296987830761864 27.74465575835201 0 109 141 197
v -53.296987830761864 27.74465575835201 0 110 142 198
v -49.167813356735039 25.595143581194307 0 110 142 198
v -46.749951233192022 29.78300362486722 0 110 142 198
v -50.67607062136797 32.284217527453833 0 110 142 198
v -50.67607062136797 32.284217527453833 0 110 142 198
v -46.749951233192022 29.78300362486722 0 110 142 198
v -43.976293752372058 33.744197027485605 0 110 142 198
v -47.669477915497467 36.578076907428219 0 110 142 198
v -47.669477915497467 36.578076907428219 0 110 142 198
v -43.976293752372058 33.744197027485605 0 110 142 198
v -40.867950122484373 37.448576715421588 0 110 142 198
v -44.30009169907224 40.593555035690372 0 110 142 198
v -44.30009169907224 40.593555035690372 0 114 146 201
v -40.867950122484373 37.448576715421588 0 114 146 201
v -37.448576715421595 40.867950122484345 0 114 146 201
v -40.593555035690386 44.300091699072226 0 114 146 201
v -40.593555035690386 44.300091699072226 0 114 146 201
v -37.448576715421595 40.867950122484345 0 114 146 201
v -33.744197027485612 43.976293752372044 0 114 146 201
v -36.57807690742824 47.669477915497446 0 114 146 201
v -36.57807690742824 47.669477915497446 0 114 146 201
v -33.744197027485612 43.976293752372044 0 114 146 201
v -29.78300362486722 46.749951233192007 0 114 146 201
v -32.284217527453848 50.676070621367977 0 114 146 201
v -32.284217527453848 50.676070621367977 0 121 153 207
v -29.78300362486722 46.749951233192007 0 121 153 207
v -25.595143581194321 49.167813356735039 0 121 153 207
v -27.744655758352025 53.296987830761857 0 121 153 207
v -27.744655758352025 53.296987830761857 0 121 153 207
v -25.595143581194321 49.167813356735039 0 121 153 207
v -21.212489040098291 51.211478732295909 0 121 153 207
v -22.993940406247958 55.512282781162504 0 121 153 207
v -22.993940406247958 55.512282781162504 0 121 153 207
v -21.212489040098291 51.211478732295909 0 121 153 207
v -16.668394648956024 52.865393832367701 0 121 153 207
v -18.068227283531513 57.305095740365722 0 121 153 207
v -18.068227283531513 57.305095740365722 0 179 205 232
v -16.668394648956024 52.865393832367701 0 179 205 232
v -11.997443709883342 54.116971364377619 0 179 205 232
v -13.005004041293489 58.661782319221892 0 179 205 232
v -13.005004041293489 58.661782319221892 0 179 205 232
v -11.997443709883342 54.116971364377619 0 179 205 232
v -7.2351849799238721 54.956686067583902 0 179 205 232
v -7.8428048656650731 59.57201731367617 0 179 205 232
v -7.8428048656650731 59.57201731367617 0 179 205 232
v -7.2351849799238721 54.956686067583902 0 179 205 232
v -2.4178621235430455 55.378147206061549 0 179 205 232
v -2.6209172093938804 60.028873285805872 0 179 205 232
v -2.6209172093938804 60.028873285805872 0 236 135 7
v -2.4178621235430455 55.378147206061549 0 236 135 7
v 2.4178621235430171 55.378147206061549 0 236 135 7
v 2.6209172093938662 60.028873285805872 0 236 135 7
v 2.6209172093938662 60.028873285805872 0 236 135 7
v 2.4178621235430171 55.378147206061549 0 236 135 7
v 7.2351849799238579 54.956686067583917 0 236 135 7
v 7.8428048656650446 59.572017313676184 0 236 135 7
v 7.8428048656650446 59.572017313676184 0 236 135 7
v 7.2351849799238579 54.956686067583917 0 236 135 7
v 11.997443709883328 54.116971364377633 0 236 135 7
v 13.005004041293461 58.661782319221899 0 236 135 7
v 13.005004041293461 58.661782319221899 0 251 222 68
v 11.997443709883328 54.116971364377633 0 251 222 68
v 16.66839464895601 52.865393832367715 0 251 222 68
v 18.068227283531499 57.305095740365729 0 251 222 68
v 18.068227283531499 57.305095740365729 0 251 222 68
v 16.66839464895601 52.865393832367715 0 251 222 68
v 21.212489040098276 51.211478732295937 0 251 222 68
v 22.993940406247944 55.512282781162526 0 251 222 68
v 22.993940406247944 55.512282781162526 0 251 222 68
v 21.212489040098276 51.211478732295937 0 251 222 68
v 25.595143581194321 49.167813356735067 0 251 222 68
v 27.74465575835201 53.296987830761879 0 251 222 68
v 27.74465575835201 53.296987830761879 0 247 237 96
v 25.595143581194321 49.167813356735067 0 247 237 96
v 29.78300362486722 46.749951233192043 0 247 237 96
v 32.284217527453841 50.676070621368005 0 247 237 96
v 32.284217527453841 50.676070621368005 0 247 237 96
v 29.78300362486722 46.749951233192043 0 247 237 96
v 33.744197027485619 43.976293752372079 0 247 237 96
v 36.578076907428226 47.669477915497481 0 247 237 96
v 36.578076907428226 47.669477915497481 0 247 237 96
v 33.744197027485619 43.976293752372079 0 247 237 96
v 37.448576715421602 40.867950122484395 0 247 237 96
v 40.593555035690379 44.300091699072276 0 247 237 96
v 40.593555035690379 44.300091699072276 0 249 233 85
v 37.448576715421602 40.867950122484395 0 249 233 85
v 40.867950122484366 37.44857671542163 0 249 233 85
v 44.300091699072247 40.593555035690414 0 249 233 85
v 44.300091699072247 40.593555035690414 0 249 233 85
v 40.867950122484366 37.44857671542163 0 249 233 85
v 43.976293752372058 33.744197027485647 0 249 233 85
v 47.669477915497453 36.578076907428262 0 249 233 85
v 47.669477915497453 36.578076907428262 0 249 233 85
v 43.976293752372058 33.744197027485647 0 249 233 85
v 46.749951233192029 29.783003624867249 0 249 233 85
v 50.676070621367998 32.284217527453876 0 249 233 85
v 50.676070621367998 32.284217527453876 0 251 231 77
v 46.749951233192029 29.783003624867249 0 251 231 77
v 49.16781335673506 25.59514358119435 0 251 231 77
v 53.296987830761879 27.744655758352053 0 251 231 77
v 53.296987830761879 27.744655758352053 0 251 231 77
v 49.16781335673506 25.59514358119435 0 251 231 77
v 51.211478732295937 21.212489040098319 0 251 231 77
v 55.512282781162526 22.993940406247987 0 251 231 77
v 55.512282781162526 22.993940406247987 0 251 231 77
v 51.211478732295937 21.212489040098319 0 251 231 77
v 52.865393832367715 16.668394648956053 0 251 231 77
v 57.305095740365729 18.068227283531542 0 251 231 77
v 57.305095740365729 18.068227283531542 0 244 183 41
v 52.865393832367715 16.668394648956053 0 244 183 41
v 54.116971364377655 11.99744370988337 0 244 183 41
v 58.661782319221899 13.005004041293503 0 244 183 41
v 58.661782319221899 13.005004041293503 0 244 183 41
v 54.116971364377655 11.99744370988337 0 244 183 41
v 54.956686067583924 7.2351849799238863 0 244 183 41
v 59.572017313676199 7.8428048656650873 0 244 183 41
v 59.572017313676199 7.8428048656650873 0 244 183 41
v 54.956686067583924 7.2351849799238863 0 244 183 41
v 55.378147206061577 2.4178621235430597 0 244 183 41
v 60.028873285805886 2.6209172093939088 0 244 183 41
v 60.028873285805886 2.6209172093939088 0 241 165 28
v 55.378147206061577 2.4178621235430597 0 241 165 28
v 55.378147206061591 -2.4178621235430029 0 241 165 28
v 60.028873285805894 -2.6209172093938378 0 241 165 28
v 60.028873285805894 -2.6209172093938378 0 241 165 28
v 55.378147206061591 -2.4178621235430029 0 241 165 28
v 54.956686067583945 -7.2351849799238295 0 241 165 28
v 59.572017313676206 -7.8428048656650304 0 241 165 28
v 59.572017313676206 -7.8428048656650304 0 241 165 28
v 54.956686067583945 -7.2351849799238295 0 241 165 28
v 54.116971364377662 -11.997443709883314 0 241 165 28
v 58.661782319221935 -13.005004041293446 0 241 165 28
v 58.661782319221935 -13.005004041293446 0 243 179 38
v 54.116971364377662 -11.997443709883314 0 243 179 38
v 52.865393832367744 -16.66839464895601 0 243 179 38
v 57.305095740365765 -18.068227283531485 0 243 179 38
v 57.305095740365765 -18.068227283531485 0 243 179 38
v 52.865393832367744 -16.66839464895601 0 243 179 38
v 51.211478732295966 -21.212489040098276 0 243 179 38
v 55.512282781162561 -22.99394040624793 0 243 179 38
v 55.512282781162561 -22.99394040624793 0 243 179 38
v 51.211478732295966 -21.212489040098276 0 243 179 38
v 49.167813356735103 -25.595143581194307 0 243 179 38
v 53.296987830761907 -27.744655758351996 0 243 179 38
v 53.296987830761907 -27.744655758351996 0 250 220 67
v 49.167813356735103 -25.595143581194307 0 250 220 67
v 46.749951233192085 -29.78300362486722 0 250 220 67
v 50.676070621368041 -32.284217527453833 0 250 220 67
v 50.676070621368041 -32.284217527453833 0 250 220 67
v 46.749951233192085 -29.78300362486722 0 250 220 67
v 43.976293752372115 -33.744197027485612 0 250 220 67
v 47.669477915497509 -36.578076907428212 0 250 220 67
v 47.669477915497509 -36.578076907428212 0 250 220 67
v 43.976293752372115 -33.744197027485612 0 250 220 67
v 40.867950122484423 -37.448576715421595 0 250 220 67
v 44.300091699072304 -40.593555035690386 0 250 220 67
v 44.300091699072304 -40.593555035690386 0 249 234 85
v 40.867950122484423 -37.448576715421595 0 249 234 85
v 37.448576715421666 -40.867950122484373 0 249 234 85
v 40.593555035690436 -44.300091699072269 0 249 234 85
v 40.593555035690436 -44.300091699072269 0 249 234 85
v 37.448576715421666 -40.867950122484373 0 249 234 85
v 33.744197027485683 -43.976293752372086 0 249 234 85
v 36.578076907428283 -47.669477915497467 0 249 234 85
v 36.578076907428283 -47.669477915497467 0 249 234 85
v 33.744197027485683 -43.976293752372086 0 249 234 85
v 29.783003624867291 -46.74995123319205 0 249 234 85
v 32.284217527453904 -50.676070621367998 0 249 234 85
v 32.284217527453904 -50.676070621367998 0 249 234 86
v 29.783003624867291 -46.74995123319205 0 249 234 86
v 25.595143581194392 -49.167813356735067 0 249 234 86
v 27.744655758352067 -53.296987830761893 0 249 234 86
v 27.744655758352067 -53.296987830761893 0 249 234 86
v 25.595143581194392 -49.167813356735067 0 249 234 86
v 21.212489040098347 -51.21147873229593 0 249 234 86
v 22.993940406248001 -55.51228278116254 0 249 234 86
v 22.993940406248001 -55.51228278116254 0 249 234 86
v 21.212489040098347 -51.21147873229593 0 249 234 86
v 16.668394648956081 -52.865393832367729 0 249 234 86
v 18.068227283531556 -57.305095740365758 0 249 234 86
v 18.068227283531556 -57.305095740365758 0 252 230 75
v 16.668394648956081 -52.865393832367729 0 252 230 75
v 11.997443709883385 -54.116971364377676 0 252 230 75
v 13.005004041293518 -58.661782319221956 0 252 230 75
v 13.005004041293518 -58.661782319221956 0 252 230 75
v 11.997443709883385 -54.116971364377676 0 252 230 75
v 7.2351849799239147 -54.956686067583959 0 252 230 75
v 7.8428048656651015 -59.572017313676227 0 252 230 75
v 7.8428048656651015 -59.572017313676227 0 252 230 75
v 7.2351849799239147 -54.956686067583959 0 252 230 75
v 2.4178621235430739 -55.378147206061598 0 252 230 75
v 2.6209172093939088 -60.028873285805915 0 252 230 75
v 2.6209172093939088 -60.028873285805915 0 234 90 0
v 2.4178621235430739 -55.378147206061598 0 234 90 0
v -2.4178621235429887 -55.378147206061598 0 234 90 0
v -2.6209172093938378 -60.028873285805943 0 234 90 0
v -2.6209172093938378 -60.028873285805943 0 234 90 0
v -2.4178621235429887 -55.378147206061598 0 234 90 0
v -7.2351849799238295 -54.956686067583959 0 234 90 0
v -7.8428048656650304 -59.572017313676255 0 234 90 0
v -7.8428048656650304 -59.572017313676255 0 234 90 0
v -7.2351849799238295 -54.956686067583959 0 234 90 0
v -11.997443709883314 -54.116971364377704 0 234 90 0
v -13.005004041293446 -58.661782319221956 0 234 90 0
v -13.005004041293446 -58.661782319221956 0 181 206 228
v -11.997443709883314 -54.116971364377704 0 181 206 228
v -16.668394648955996 -52.865393832367758 0 181 206 228
v -18.068227283531485 -57.305095740365786 0 181 206 228
v -18.068227283531485 -57.305095740365786 0 181 206 228
v -16.668394648955996 -52.865393832367758 0 181 206 228
v -21.212489040098276 -51.211478732295987 0 181 206 228
v -22.99394040624793 -55.512282781162568 0 181 206 228
v -22.99394040624793 -55.512282781162568 0 181 206 228
v -21.212489040098276 -51.211478732295987 0 181 206 228
v -25.595143581194321 -49.167813356735124 0 181 206 228
v -27.74465575835201 -53.29698783076195 0 181 206 228
v -27.74465575835201 -53.29698783076195 0 121 153 207
v -25.595143581194321 -49.167813356735124 0 121 153 207
v -29.783003624867234 -46.749951233192107 0 121 153 207
v -32.284217527453833 -50.676070621368083 0 121 153 207
v -32.284217527453833 -50.676070621368083 0 121 153 207
v -29.783003624867234 -46.749951233192107 0 121 153 207
v -33.74419702748564 -43.976293752372115 0 121 153 207
v -36.57807690742824 -47.669477915497552 0 121 153 207
v -36.57807690742824 -47.669477915497552 0 121 153 207
v -33.74419702748564 -43.976293752372115 0 121 153 207
v -37.448576715421623 -40.86795012248443 0 121 153 207
v -40.593555035690386 -44.300091699072325 0 121 153 207
v -40.593555035690386 -44.300091699072325 0 114 146 201
v -37.448576715421623 -40.86795012248443 0 114 146 201
v -40.867950122484402 -37.44857671542168 0 114 146 201
v -44.300091699072269 -40.593555035690471 0 114 146 201
v -44.300091699072269 -40.593555035690471 0 114 146 201
v -40.867950122484402 -37.44857671542168 0 114 146 201
v -43.976293752372115 -33.744197027485697 0 114 146 201
v -47.669477915497467 -36.578076907428326 0 114 146 201
v -47.669477915497467 -36.578076907428326 0 114 146 201
v -43.976293752372115 -33.744197027485697 0 114 146 201
v -46.749951233192078 -29.783003624867305 0 114 146 201
v -50.676070621368027 -32.284217527453947 0 114 146 201
v -50.676070621368027 -32.284217527453947 0 110 142 198
v -46.749951233192078 -29.783003624867305 0 110 142 198
v -49.167813356735095 -25.595143581194392 0 110 142 198
v -53.296987830761921 -27.744655758352096 0 110 142 198
v -53.296987830761921 -27.744655758352096 0 110 142 198
v -49.167813356735095 -25.595143581194392 0 110 142 198
v -51.211478732295959 -21.212489040098347 0 110 142 198
v -55.512282781162568 -22.993940406248029 0 110 142 198
v -55.512282781162568 -22.993940406248029 0 110 142 198
v -51.211478732295959 -21.212489040098347 0 110 142 198
v -52.865393832367786 -16.668394648956081 0 110 142 198
v -57.305095740365815 -18.068227283531584 0 110 142 198
v -57.305095740365815 -18.068227283531584 0 109 141 197
v -52.865393832367786 -16.668394648956081 0 109 141 197
v -54.116971364377704 -11.997443709883399 0 109 141 197
v -58.661782319221984 -13.005004041293546 0 109 141 197
v -58.661782319221984 -13.005004041293546 0 109 141 197
v -54.116971364377704 -11.997443709883399 0 109 141 197
v -54.956686067583988 -7.2351849799239147 0 109 141 197
v -59.572017313676255 -7.8428048656651299 0 109 141 197
v -59.572017313676255 -7.8428048656651299 0 109 141 197
v -54.956686067583988 -7.2351849799239147 0 109 141 197
v -55.378147206061627 -2.4178621235430739 0 109 141 197
v -60.028873285805972 -2.6209172093939372 0 109 141 197
v -55.378147206061541 -2.4178621235430313 0 108 140 197
v -50.904049416810565 -2.2225187953994379 0 108 140 197
v -50.904049416810565 2.2225187953994379 0 108 140 197
v -55.378147206061541 2.4178621235430313 0 108 140 197
v -55.378147206061541 2.4178621235430313 0 108 140 197
v -50.904049416810565 2.2225187953994379 0 108 140 197
v -50.51663886404323 6.6506416761718015 0 108 140 197
v -54.956686067583902 7.2351849799238579 0 108 140 197
v -54.956686067583902 7.2351849799238579 0 108 140 197
v -50.51663886404323 6.6506416761718015 0 108 140 197
v -49.744766186740023 11.02814915802125 0 108 140 197
v -54.116971364377619 11.997443709883328 0 108 140 197
v -54.116971364377619 11.997443709883328 0 109 141 197
v -49.744766186740023 11.02814915802125 0 109 141 197
v -48.594305802044644 15.321725765799627 0 109 141 197
v -52.865393832367701 16.66839464895601 0 109 141 197
v -52.865393832367701 16.66839464895601 0 109 141 197
v -48.594305802044644 15.321725765799627 0 109 141 197
v -47.074013408151629 19.498694788989312 0 109 141 197
v -51.211478732295902 21.212489040098276 0 109 141 197
v -51.211478732295902 21.212489040098276 0 109 141 197
v -47.074013408151629 19.498694788989312 0 109 141 197
v -45.19545934815612 23.527266971200973 0 109 141 197
v -49.167813356735039 25.595143581194307 0 109 141 197
v -49.167813356735039 25.595143581194307 0 110 142 198
v -45.19545934815612 23.527266971200973 0 110 142 198
v -42.972940552756668 27.376782445609592 0 110 142 198
v -46.749951233192022 29.78300362486722 0 110 142 198
v -46.749951233192022 29.78300362486722 0 110 142 198
v -42.972940552756668 27.376782445609592 0 110 142 198
v -40.423371731979827 31.017944075053904 0 110 142 198
v -43.976293752372058 33.744197027485612 0 110 142 198
v -43.976293752372058 33.744197027485612 0 110 142 198
v -40.423371731979827 31.017944075053904 0 110 142 198
v -37.566156644023394 34.423040420940367 0 110 142 198
v -40.867950122484373 37.448576715421595 0 110 142 198
v -40.867950122484373 37.448576715421595 0 114 146 201
v -37.566156644023394 34.423040420940367 0 114 146 201
v -34.423040420940382 37.566156644023373 0 114 146 201
v -37.448576715421595 40.867950122484352 0 114 146 201
v -37.448576715421595 40.867950122484352 0 114 146 201
v -34.423040420940382 37.566156644023373 0 114 146 201
v -31.017944075053919 40.423371731979799 0 114 146 201
v -33.744197027485626 43.976293752372051 0 114 146 201
v -33.744197027485626 43.976293752372051 0 114 146 201
v -31.017944075053919 40.423371731979799 0 114 146 201
v -27.376782445609606 42.972940552756675 0 114 146 201
v -29.783003624867234 46.749951233192014 0 114 146 201
v -29.783003624867234 46.749951233192014 0 121 153 207
v -27.376782445609606 42.972940552756675 0 121 153 207
v -23.527266971200987 45.195459348156113 0 121 153 207
v -25.595143581194321 49.167813356735046 0 121 153 207
v -25.595143581194321 49.167813356735046 0 121 153 207
v -23.527266971200987 45.195459348156113 0 121 153 207
v -19.498694788989326 47.074013408151608 0 121 153 207
v -21.212489040098291 51.211478732295923 0 121 153 207
v -21.212489040098291 51.211478732295923 0 121 153 207
v -19.498694788989326 47.074013408151608 0 121 153 207
v -15.321725765799641 48.59430580204463 0 121 153 207
v -16.668394648956038 52.865393832367715 0 121 153 207
v -16.668394648956038 52.865393832367715 0 179 205 232
v -15.321725765799641 48.59430580204463 0 179 205 232
v -11.028149158021264 49.744766186740009 0 179 205 232
v -11.997443709883342 54.116971364377633 0 179 205 232
v -11.997443709883342 54.116971364377633 0 179 205 232
v -11.028149158021264 49.744766186740009 0 179 205 232
v -6.6506416761718015 50.516638864043237 0 179 205 232
v -7.2351849799238721 54.956686067583917 0 179 205 232
v -7.2351849799238721 54.956686067583917 0 179 205 232
v -6.6506416761718015 50.516638864043237 0 179 205 232
v -2.2225187953994521 50.904049416810579 0 179 205 232
v -2.4178621235430455 55.378147206061556 0 179 205 232
v -2.4178621235430455 55.378147206061556 0 236 135 7
v -2.2225187953994521 50.904049416810579 0 236 135 7
v 2.2225187953994379 50.904049416810579 0 236 135 7
v 2.4178621235430171 55.378147206061556 0 236 135 7
v 2.4178621235430171 55.378147206061556 0 236 135 7
v 2.2225187953994379 50.904049416810579 0 236 135 7
v 6.6506416761717873 50.516638864043237 0 236 135 7
v 7.2351849799238579 54.956686067583924 0 236 135 7
v 7.2351849799238579 54.956686067583924 0 236 135 7
v 6.6506416761717873 50.516638864043237 0 236 135 7
v 11.028149158021236 49.744766186740016 0 236 135 7
v 11.997443709883328 54.11697136437764 0 236 135 7
v 11.997443709883328 54.11697136437764 0 251 222 68
v 11.028149158021236 49.744766186740016 0 251 222 68
v 15.321725765799627 48.594305802044637 0 251 222 68
v 16.66839464895601 52.865393832367715 0 251 222 68
v 16.66839464895601 52.865393832367715 0 251 222 68
v 15.321725765799627 48.594305802044637 0 251 222 68
v 19.498694788989312 47.074013408151622 0 251 222 68
v 21.212489040098276 51.211478732295937 0 251 222 68
v 21.212489040098276 51.211478732295937 0 251 222 68
v 19.498694788989312 47.074013408151622 0 251 222 68
v 23.527266971200973 45.195459348156128 0 251 222 68
v 25.595143581194321 49.167813356735074 0 251 222 68
v 25.595143581194321 49.167813356735074 0 247 237 96
v 23.527266971200973 45.195459348156128 0 247 237 96
v 27.376782445609578 42.972940552756675 0 247 237 96
v 29.783003624867227 46.749951233192057 0 247 237 96
v 29.783003624867227 46.749951233192057 0 247 237 96
v 27.376782445609578 42.972940552756675 0 247 237 96
v 31.017944075053904 40.42337173197982 0 247 237 96
v 33.744197027485626 43.976293752372086 0 247 237 96
v 33.744197027485626 43.976293752372086 0 247 237 96
v 31.017944075053904 40.42337173197982 0 247 237 96
v 34.42304042094036 37.566156644023387 0 247 237 96
v 37.448576715421602 40.867950122484402 0 247 237 96
v 37.448576715421602 40.867950122484402 0 249 233 85
v 34.42304042094036 37.566156644023387 0 249 233 85
v 37.566156644023366 34.423040420940382 0 249 233 85
v 40.867950122484373 37.44857671542163 0 249 233 85
v 40.867950122484373 37.44857671542163 0 249 233 85
v 37.566156644023366 34.423040420940382 0 249 233 85
v 40.423371731979792 31.017944075053919 0 249 233 85
v 43.976293752372072 33.744197027485654 0 249 233 85
v 43.976293752372072 33.744197027485654 0 249 233 85
v 40.423371731979792 31.017944075053919 0 249 233 85
v 42.972940552756661 27.376782445609606 0 249 233 85
v 46.749951233192036 29.783003624867263 0 249 233 85
v 46.749951233192036 29.783003624867263 0 251 231 77
v 42.972940552756661 27.376782445609606 0 251 231 77
v 45.195459348156106 23.527266971200987 0 251 231 77
v 49.167813356735067 25.595143581194364 0 251 231 77
v 49.167813356735067 25.595143581194364 0 251 231 77
v 45.195459348156106 23.527266971200987 0 251 231 77
v 47.074013408151608 19.498694788989326 0 251 231 77
v 51.211478732295937 21.212489040098319 0 251 231 77
v 51.211478732295937 21.212489040098319 0 251 231 77
v 47.074013408151608 19.498694788989326 0 251 231 77
v 48.594305802044616 15.321725765799641 0 251 231 77
v 52.865393832367722 16.668394648956067 0 251 231 77
v 52.865393832367722 16.668394648956067 0 244 183 41
v 48.594305802044616 15.321725765799641 0 244 183 41
v 49.744766186740009 11.028149158021264 0 244 183 41
v 54.116971364377655 11.99744370988337 0 244 183 41
v 54.116971364377655 11.99744370988337 0 244 183 41
v 49.744766186740009 11.028149158021264 0 244 183 41
v 50.516638864043237 6.6506416761718015 0 244 183 41
v 54.956686067583938 7.2351849799239005 0 244 183 41
v 54.956686067583938 7.2351849799239005 0 244 183 41
v 50.516638864043237 6.6506416761718015 0 244 183 41
v 50.904049416810579 2.2225187953994521 0 244 183 41
v 55.378147206061591 2.4178621235430597 0 244 183 41
v 55.378147206061591 2.4178621235430597 0 241 165 28
v 50.904049416810579 2.2225187953994521 0 241 165 28
v 50.904049416810579 -2.2225187953994379 0 241 165 28
v 55.378147206061598 -2.4178621235430029 0 241 165 28
v 55.378147206061598 -2.4178621235430029 0 241 165 28
v 50.904049416810579 -2.2225187953994379 0 241 165 28
v 50.516638864043237 -6.6506416761717873 0 241 165 28
v 54.956686067583959 -7.2351849799238295 0 241 165 28
v 54.956686067583959 -7.2351849799238295 0 241 165 28
v 50.516638864043237 -6.6506416761717873 0 241 165 28
v 49.744766186740009 -11.028149158021236 0 241 165 28
v 54.116971364377676 -11.997443709883314 0 241 165 28
v 54.116971364377676 -11.997443709883314 0 243 179 38
v 49.744766186740009 -11.028149158021236 0 243 179 38
v 48.594305802044637 -15.321725765799627 0 243 179 38
v 52.865393832367758 -16.66839464895601 0 243 179 38
v 52.865393832367758 -16.66839464895601 0 243 179 38
v 48.594305802044637 -15.321725765799627 0 243 179 38
v 47.074013408151608 -19.498694788989312 0 243 179 38
v 51.21147873229598 -21.212489040098276 0 243 179 38
v 51.21147873229598 -21.212489040098276 0 243 179 38
v 47.074013408151608 -19.498694788989312 0 243 179 38
v 45.195459348156113 -23.527266971200973 0 243 179 38
v 49.16781335673511 -25.595143581194321 0 243 179 38
v 49.16781335673511 -25.595143581194321 0 250 220 67
v 45.195459348156113 -23.527266971200973 0 250 220 67
v 42.972940552756675 -27.376782445609578 0 250 220 67
v 46.749951233192085 -29.78300362486722 0 250 220 67
v 46.749951233192085 -29.78300362486722 0 250 220 67
v 42.972940552756675 -27.376782445609578 0 250 220 67
v 40.42337173197982 -31.017944075053904 0 250 220 67
v 43.976293752372122 -33.74419702748564 0 250 220 67
v 43.976293752372122 -33.74419702748564 0 250 220 67
v 40.42337173197982 -31.017944075053904 0 250 220 67
v 37.566156644023387 -34.423040420940353 0 250 220 67
v 40.867950122484437 -37.448576715421595 0 250 220 67
v 40.867950122484437 -37.448576715421595 0 249 234 85
v 37.566156644023387 -34.423040420940353 0 249 234 85
v 34.423040420940382 -37.566156644023366 0 249 234 85
v 37.448576715421673 -40.867950122484373 0 249 234 85
v 37.448576715421673 -40.867950122484373 0 249 234 85
v 34.423040420940382 -37.566156644023366 0 249 234 85
v 31.017944075053919 -40.423371731979799 0 249 234 85
v 33.74419702748569 -43.976293752372086 0 249 234 85
v 33.74419702748569 -43.976293752372086 0 249 234 85
v 31.017944075053919 -40.423371731979799 0 249 234 85
v 27.376782445609599 -42.972940552756668 0 249 234 85
v 29.783003624867291 -46.74995123319205 0 249 234 85
v 29.783003624867291 -46.74995123319205 0 249 234 86
v 27.376782445609599 -42.972940552756668 0 249 234 86
v 23.527266971200987 -45.19545934815612 0 249 234 86
v 25.595143581194392 -49.167813356735095 0 249 234 86
v 25.595143581194392 -49.167813356735095 0 249 234 86
v 23.527266971200987 -45.19545934815612 0 249 234 86
v 19.498694788989326 -47.0740134081516 0 249 234 86
v 21.212489040098347 -51.211478732295959 0 249 234 86
v 21.212489040098347 -51.211478732295959 0 249 234 86
v 19.498694788989326 -47.0740134081516 0 249 234 86
v 15.321725765799641 -48.594305802044616 0 249 234 86
v 16.668394648956081 -52.865393832367758 0 249 234 86
v 16.668394648956081 -52.865393832367758 0 252 230 75
v 15.321725765799641 -48.594305802044616 0 252 230 75
v 11.028149158021264 -49.744766186740023 0 252 230 75
v 11.997443709883399 -54.116971364377676 0 252 230 75
v 11.997443709883399 -54.116971364377676 0 252 230 75
v 11.028149158021264 -49.744766186740023 0 252 230 75
v 6.6506416761718015 -50.51663886404323 0 252 230 75
v 7.2351849799239147 -54.956686067583959 0 252 230 75
v 7.2351849799239147 -54.956686067583959 0 252 230 75
v 6.6506416761718015 -50.51663886404323 0 252 230 75
v 2.2225187953994521 -50.904049416810594 0 252 230 75
v 2.4178621235430739 -55.378147206061598 0 252 230 75
v 2.4178621235430739 -55.378147206061598 0 234 90 0
v 2.2225187953994521 -50.904049416810594 0 234 90 0
v -2.2225187953994379 -50.904049416810594 0 234 90 0
v -2.4178621235429887 -55.378147206061627 0 234 90 0
v -2.4178621235429887 -55.378147206061627 0 234 90 0
v -2.2225187953994379 -50.904049416810594 0 234 90 0
v -6.6506416761717873 -50.51663886404323 0 234 90 0
v -7.2351849799238295 -54.956686067583988 0 234 90 0
v -7.2351849799238295 -54.956686067583988 0 234 90 0
v -6.6506416761717873 -50.51663886404323 0 234 90 0
v -11.028149158021236 -49.744766186740023 0 234 90 0
v -11.997443709883314 -54.116971364377704 0 234 90 0
v -11.997443709883314 -54.116971364377704 0 181 206 228
v -11.028149158021236 -49.744766186740023 0 181 206 228
v -15.321725765799627 -48.594305802044644 0 181 206 228
v -16.66839464895601 -52.865393832367786 0 181 206 228
v -16.66839464895601 -52.865393832367786 0 181 206 228
v -15.321725765799627 -48.594305802044644 0 181 206 228
v -19.498694788989312 -47.0740134081516 0 181 206 228
v -21.212489040098276 -51.211478732296015 0 181 206 228
v -21.212489040098276 -51.211478732296015 0 181 206 228
v -19.498694788989312 -47.0740134081516 0 181 206 228
v -23.527266971200973 -45.19545934815612 0 181 206 228
v -25.595143581194321 -49.167813356735152 0 181 206 228
v -25.595143581194321 -49.167813356735152 0 121 153 207
v -23.527266971200973 -45.19545934815612 0 121 153 207
v -27.376782445609578 -42.972940552756668 0 121 153 207
v -29.783003624867234 -46.749951233192107 0 121 153 207
v -29.783003624867234 -46.749951233192107 0 121 153 207
v -27.376782445609578 -42.972940552756668 0 121 153 207
v -31.017944075053904 -40.423371731979827 0 121 153 207
v -33.74419702748564 -43.976293752372143 0 121 153 207
v -33.74419702748564 -43.976293752372143 0 121 153 207
v -31.017944075053904 -40.423371731979827 0 121 153 207
v -34.423040420940353 -37.566156644023394 0 121 153 207
v -37.448576715421623 -40.86795012248443 0 121 153 207
v -37.448576715421623 -40.86795012248443 0 114 146 201
v -34.423040420940353 -37.566156644023394 0 114 146 201
v -37.566156644023366 -34.423040420940382 0 114 146 201
v -40.867950122484402 -37.44857671542168 0 114 146 201
v -40.867950122484402 -37.44857671542168 0 114 146 201
v -37.566156644023366 -34.423040420940382 0 114 146 201
v -40.423371731979799 -31.017944075053919 0 114 146 201
v -43.976293752372115 -33.744197027485697 0 114 146 201
v -43.976293752372115 -33.744197027485697 0 114 146 201
v -40.423371731979799 -31.017944075053919 0 114 146 201
v -42.972940552756668 -27.376782445609606 0 114 146 201
v -46.749951233192078 -29.783003624867305 0 114 146 201
v -46.749951233192078 -29.783003624867305 0 110 142 198
v -42.972940552756668 -27.376782445609606 0 110 142 198
v -45.195459348156092 -23.527266971200987 0 110 142 198
v -49.167813356735095 -25.595143581194392 0 110 142 198
v -49.167813356735095 -25.595143581194392 0 110 142 198
v -45.195459348156092 -23.527266971200987 0 110 142 198
v -47.0740134081516 -19.498694788989326 0 110 142 198
v -51.211478732295987 -21.212489040098362 0 110 142 198
v -51.211478732295987 -21.212489040098362 0 110 142 198
v -47.0740134081516 -19.498694788989326 0 110 142 198
v -48.594305802044616 -15.321725765799641 0 110 142 198
v -52.865393832367786 -16.668394648956095 0 110 142 198
v -52.865393832367786 -16.668394648956095 0 109 141 197
v -48.594305802044616 -15.321725765799641 0 109 141 197
v -49.744766186739994 -11.028149158021264 0 109 141 197
v -54.116971364377704 -11.997443709883399 0 109 141 197
v -54.116971364377704 -11.997443709883399 0 109 141 197
v -49.744766186739994 -11.028149158021264 0 109 141 197
v -50.51663886404323 -6.6506416761718015 0 109 141 197
v -54.956686067583988 -7.2351849799239147 0 109 141 197
v -54.956686067583988 -7.2351849799239147 0 109 141 197
v -50.51663886404323 -6.6506416761718015 0 109 141 197
v -50.904049416810565 -2.2225187953994521 0 109 141 197
v -55.378147206061627 -2.4178621235430739 0 109 141 197
v -50.904049416810565 -2.2225187953994379 0 102 134 191
v -46.586383658975208 -2.0340054372485525 0 102 134 191
v -46.586383658975208 2.0340054372485525 0 102 134 191
v -50.904049416810565 2.2225187953994379 0 102 134 191
v -50.904049416810565 2.2225187953994379 0 102 134 191
v -46.586383658975208 2.0340054372485525 0 102 134 191
v -46.231833149702865 6.0865363022021484 0 102 134 191
v -50.51663886404323 6.6506416761718015 0 102 134 191
v -50.51663886404323 6.6506416761718015 0 102 134 191
v -46.231833149702865 6.0865363022021484 0 102 134 191
v -45.525430474617181 10.092744950744873 0 102 134 191
v -49.744766186740023 11.02814915802125 0 102 134 191
v -49.744766186740023 11.02814915802125 0 102 134 191
v -45.525430474617181 10.092744950744873 0 102 134 191
v -44.472551784613174 14.02214171604642 0 102 134 191
v -48.594305802044644 15.321725765799627 0 102 134 191
v -48.594305802044644 15.321725765799627 0 102 134 191
v -44.472551784613174 14.02214171604642 0 102 134 191
v -43.081210122267308 17.844821516088174 0 102 134 191
v -47.074013408151629 19.498694788989326 0 102 134 191
v -47.074013408151629 19.498694788989326 0 102 134 191
v -43.081210122267308 17.844821516088174 0 102 134 191
v -41.361994437745082 21.531691449394685 0 102 134 191
v -45.19545934815612 23.527266971200987 0 102 134 191
v -45.19545934815612 23.527266971200987 0 103 135 192
v -41.361994437745082 21.531691449394685 0 103 135 192
v -39.327989000496515 25.054692209580551 0 103 135 192
v -42.972940552756668 27.376782445609606 0 103 135 192
v -42.972940552756668 27.376782445609606 0 103 135 192
v -39.327989000496515 25.054692209580551 0 103 135 192
v -36.994673820065159 28.387011633614705 0 103 135 192
v -40.423371731979827 31.017944075053919 0 103 135 192
v -40.423371731979827 31.017944075053919 0 103 135 192
v -36.994673820065159 28.387011633614705 0 103 135 192
v -34.379806833868329 31.503288758570804 0 103 135 192
v -37.566156644023394 34.423040420940374 0 103 135 192
v -37.566156644023394 34.423040420940374 0 106 138 194
v -34.379806833868329 31.503288758570804 0 106 138 194
v -31.50328875857079 34.379806833868329 0 106 138 194
v -34.423040420940382 37.56615664402338 0 106 138 194
v -34.423040420940382 37.56615664402338 0 106 138 194
v -31.50328875857079 34.379806833868329 0 106 138 194
v -28.387011633614705 36.994673820065174 0 106 138 194
v -31.017944075053919 40.423371731979806 0 106 138 194
v -31.017944075053919 40.423371731979806 0 106 138 194
v -28.387011633614705 36.994673820065174 0 106 138 194
v -25.054692209580551 39.32798900049653 0 106 138 194
v -27.376782445609606 42.972940552756675 0 106 138 194
v -27.376782445609606 42.972940552756675 0 110 142 198
v -25.054692209580551 39.32798900049653 0 110 142 198
v -21.5316914493947 41.361994437745089 0 110 142 198
v -23.527266971200987 45.195459348156113 0 110 142 198
v -23.527266971200987 45.195459348156113 0 110 142 198
v -21.5316914493947 41.361994437745089 0 110 142 198
v -17.844821516088189 43.081210122267336 0 110 142 198
v -19.498694788989326 47.074013408151615 0 110 142 198
v -19.498694788989326 47.074013408151615 0 110 142 198
v -17.844821516088189 43.081210122267336 0 110 142 198
v -14.02214171604642 44.472551784613209 0 110 142 198
v -15.321725765799641 48.59430580204463 0 110 142 198
v -15.321725765799641 48.59430580204463 0 117 149 204
v -14.02214171604642 44.472551784613209 0 117 149 204
v -10.092744950744873 45.525430474617217 0 117 149 204
v -11.028149158021264 49.744766186740016 0 117 149 204
v -11.028149158021264 49.744766186740016 0 117 149 204
v -10.092744950744873 45.525430474617217 0 117 149 204
v -6.0865363022021484 46.231833149702908 0 117 149 204
v -6.6506416761718015 50.516638864043237 0 117 149 204
v -6.6506416761718015 50.516638864043237 0 117 149 204
v -6.0865363022021484 46.231833149702908 0 117 149 204
v -2.0340054372485525 46.586383658975251 0 117 149 204
v -2.2225187953994521 50.904049416810579 0 117 149 204
v -2.2225187953994521 50.904049416810579 0 251 231 77
v -2.0340054372485525 46.586383658975251 0 251 231 77
v 2.0340054372485667 46.586383658975251 0 251 231 77
v 2.2225187953994379 50.904049416810579 0 251 231 77
v 2.2225187953994379 50.904049416810579 0 251 231 77
v 2.0340054372485667 46.586383658975251 0 251 231 77
v 6.0865363022021484 46.231833149702908 0 251 231 77
v 6.6506416761717873 50.516638864043237 0 251 231 77
v 6.6506416761717873 50.516638864043237 0 251 231 77
v 6.0865363022021484 46.231833149702908 0 251 231 77
v 10.092744950744887 45.525430474617231 0 251 231 77
v 11.02814915802125 49.744766186740023 0 251 231 77
v 11.02814915802125 49.744766186740023 0 237 141 11
v 10.092744950744887 45.525430474617231 0 237 141 11
v 14.02214171604642 44.472551784613209 0 237 141 11
v 15.321725765799627 48.594305802044644 0 237 141 11
v 15.321725765799627 48.594305802044644 0 237 141 11
v 14.02214171604642 44.472551784613209 0 237 141 11
v 17.844821516088203 43.081210122267336 0 237 141 11
v 19.498694788989312 47.074013408151636 0 237 141 11
v 19.498694788989312 47.074013408151636 0 237 141 11
v 17.844821516088203 43.081210122267336 0 237 141 11
v 21.5316914493947 41.361994437745111 0 237 141 11
v 23.527266971200973 45.195459348156135 0 237 141 11
v 23.527266971200973 45.195459348156135 0 238 148 16
v 21.5316914493947 41.361994437745111 0 238 148 16
v 25.054692209580551 39.327989000496544 0 238 148 16
v 27.376782445609592 42.97294055275669 0 238 148 16
v 27.376782445609592 42.97294055275669 0 238 148 16
v 25.054692209580551 39.327989000496544 0 238 148 16
v 28.387011633614712 36.994673820065195 0 238 148 16
v 31.017944075053919 40.42337173197982 0 238 148 16
v 31.017944075053919 40.42337173197982 0 238 148 16
v 28.387011633614712 36.994673820065195 0 238 148 16
v 31.503288758570804 34.379806833868351 0 238 148 16
v 34.423040420940374 37.566156644023394 0 238 148 16
v 34.423040420940374 37.566156644023394 0 247 237 95
v 31.503288758570804 34.379806833868351 0 247 237 95
v 34.379806833868329 31.503288758570818 0 247 237 95
v 37.56615664402338 34.423040420940389 0 247 237 95
v 37.56615664402338 34.423040420940389 0 247 237 95
v 34.379806833868329 31.503288758570818 0 247 237 95
v 36.994673820065174 28.387011633614719 0 247 237 95
v 40.423371731979806 31.017944075053933 0 247 237 95
v 40.423371731979806 31.017944075053933 0 247 237 95
v 36.994673820065174 28.387011633614719 0 247 237 95
v 39.327989000496544 25.054692209580566 0 247 237 95
v 42.972940552756675 27.376782445609606 0 247 237 95
v 42.972940552756675 27.376782445609606 0 250 232 81
v 39.327989000496544 25.054692209580566 0 250 232 81
v 41.361994437745103 21.531691449394714 0 250 232 81
v 45.195459348156113 23.527266971201001 0 250 232 81
v 45.195459348156113 23.527266971201001 0 250 232 81
v 41.361994437745103 21.531691449394714 0 250 232 81
v 43.081210122267336 17.844821516088203 0 250 232 81
v 47.074013408151615 19.49869478898934 0 250 232 81
v 47.074013408151615 19.49869478898934 0 250 232 81
v 43.081210122267336 17.844821516088203 0 250 232 81
v 44.472551784613223 14.022141716046434 0 250 232 81
v 48.59430580204463 15.321725765799656 0 250 232 81
v 48.59430580204463 15.321725765799656 0 250 233 84
v 44.472551784613223 14.022141716046434 0 250 233 84
v 45.525430474617245 10.092744950744901 0 250 233 84
v 49.744766186740016 11.028149158021264 0 250 233 84
v 49.744766186740016 11.028149158021264 0 250 233 84
v 45.525430474617245 10.092744950744901 0 250 233 84
v 46.231833149702929 6.0865363022021626 0 250 233 84
v 50.516638864043237 6.6506416761718157 0 250 233 84
v 50.516638864043237 6.6506416761718157 0 250 233 84
v 46.231833149702929 6.0865363022021626 0 250 233 84
v 46.586383658975279 2.0340054372485667 0 250 233 84
v 50.904049416810579 2.2225187953994521 0 250 233 84
v 50.904049416810579 2.2225187953994521 0 249 233 85
v 46.586383658975279 2.0340054372485667 0 249 233 85
v 46.586383658975279 -2.0340054372485525 0 249 233 85
v 50.904049416810579 -2.2225187953994237 0 249 233 85
v 50.904049416810579 -2.2225187953994237 0 249 233 85
v 46.586383658975279 -2.0340054372485525 0 249 233 85
v 46.231833149702929 -6.0865363022021342 0 249 233 85
v 50.516638864043252 -6.6506416761717873 0 249 233 85
v 50.516638864043252 -6.6506416761717873 0 249 233 85
v 46.231833149702929 -6.0865363022021342 0 249 233 85
v 45.525430474617245 -10.092744950744873 0 249 233 85
v 49.744766186740023 -11.028149158021236 0 249 233 85
v 49.744766186740023 -11.028149158021236 0 250 233 83
v 45.525430474617245 -10.092744950744873 0 250 233 83
v 44.472551784613238 -14.02214171604642 0 250 233 83
v 48.594305802044659 -15.321725765799627 0 250 233 83
v 48.594305802044659 -15.321725765799627 0 250 233 83
v 44.472551784613238 -14.02214171604642 0 250 233 83
v 43.081210122267358 -17.844821516088189 0 250 233 83
v 47.074013408151636 -19.498694788989312 0 250 233 83
v 47.074013408151636 -19.498694788989312 0 250 233 83
v 43.081210122267358 -17.844821516088189 0 250 233 83
v 41.361994437745139 -21.5316914493947 0 250 233 83
v 45.195459348156142 -23.527266971200973 0 250 233 83
v 45.195459348156142 -23.527266971200973 0 251 231 77
v 41.361994437745139 -21.5316914493947 0 251 231 77
v 39.327989000496572 -25.054692209580551 0 251 231 77
v 42.972940552756697 -27.376782445609592 0 251 231 77
v 42.972940552756697 -27.376782445609592 0 251 231 77
v 39.327989000496572 -25.054692209580551 0 251 231 77
v 36.994673820065223 -28.387011633614719 0 251 231 77
v 40.423371731979827 -31.017944075053919 0 251 231 77
v 40.423371731979827 -31.017944075053919 0 251 231 77
v 36.994673820065223 -28.387011633614719 0 251 231 77
v 34.379806833868372 -31.503288758570804 0 251 231 77
v 37.566156644023401 -34.423040420940353 0 251 231 77
v 37.566156644023401 -34.423040420940353 0 250 233 83
v 34.379806833868372 -31.503288758570804 0 250 233 83
v 31.503288758570839 -34.379806833868358 0 250 233 83
v 34.423040420940396 -37.566156644023366 0 250 233 83
v 34.423040420940396 -37.566156644023366 0 250 233 83
v 31.503288758570839 -34.379806833868358 0 250 233 83
v 28.387011633614755 -36.994673820065188 0 250 233 83
v 31.01794407505394 -40.423371731979799 0 250 233 83
v 31.01794407505394 -40.423371731979799 0 250 233 83
v 28.387011633614755 -36.994673820065188 0 250 233 83
v 25.054692209580594 -39.327989000496572 0 250 233 83
v 27.376782445609621 -42.972940552756668 0 250 233 83
v 27.376782445609621 -42.972940552756668 0 244 184 41
v 25.054692209580594 -39.327989000496572 0 244 184 41
v 21.531691449394742 -41.361994437745111 0 244 184 41
v 23.527266971201001 -45.19545934815612 0 244 184 41
v 23.527266971201001 -45.19545934815612 0 244 184 41
v 21.531691449394742 -41.361994437745111 0 244 184 41
v 17.844821516088231 -43.081210122267365 0 244 184 41
v 19.49869478898934 -47.0740134081516 0 244 184 41
v 19.49869478898934 -47.0740134081516 0 244 184 41
v 17.844821516088231 -43.081210122267365 0 244 184 41
v 14.022141716046463 -44.472551784613231 0 244 184 41
v 15.321725765799656 -48.594305802044616 0 244 184 41
v 15.321725765799656 -48.594305802044616 0 234 67 0
v 14.022141716046463 -44.472551784613231 0 234 67 0
v 10.092744950744915 -45.525430474617266 0 234 67 0
v 11.028149158021279 -49.744766186740023 0 234 67 0
v 11.028149158021279 -49.744766186740023 0 234 67 0
v 10.092744950744915 -45.525430474617266 0 234 67 0
v 6.0865363022021768 -46.23183314970295 0 234 67 0
v 6.6506416761718299 -50.51663886404323 0 234 67 0
v 6.6506416761718299 -50.51663886404323 0 234 67 0
v 6.0865363022021768 -46.23183314970295 0 234 67 0
v 2.034005437248581 -46.586383658975294 0 234 67 0
v 2.2225187953994663 -50.904049416810594 0 234 67 0
v 2.2225187953994663 -50.904049416810594 0 249 234 86
v 2.034005437248581 -46.586383658975294 0 249 234 86
v -2.0340054372485383 -46.586383658975294 0 249 234 86
v -2.2225187953994094 -50.904049416810594 0 249 234 86
v -2.2225187953994094 -50.904049416810594 0 249 234 86
v -2.0340054372485383 -46.586383658975294 0 249 234 86
v -6.0865363022021342 -46.23183314970295 0 249 234 86
v -6.650641676171773 -50.51663886404323 0 249 234 86
v -6.650641676171773 -50.51663886404323 0 249 234 86
v -6.0865363022021342 -46.23183314970295 0 249 234 86
v -10.092744950744859 -45.525430474617266 0 249 234 86
v -11.028149158021222 -49.744766186740023 0 249 234 86
v -11.028149158021222 -49.744766186740023 0 131 162 215
v -10.092744950744859 -45.525430474617266 0 131 162 215
v -14.02214171604642 -44.472551784613259 0 131 162 215
v -15.321725765799613 -48.594305802044644 0 131 162 215
v -15.321725765799613 -48.594305802044644 0 131 162 215
v -14.02214171604642 -44.472551784613259 0 131 162 215
v -17.844821516088189 -43.081210122267393 0 131 162 215
v -19.498694788989297 -47.074013408151629 0 131 162 215
v -19.498694788989297 -47.074013408151629 0 131 162 215
v -17.844821516088189 -43.081210122267393 0 131 162 215
v -21.5316914493947 -41.361994437745167 0 131 162 215
v -23.527266971200959 -45.195459348156149 0 131 162 215
v -23.527266971200959 -45.195459348156149 0 110 142 197
v -21.5316914493947 -41.361994437745167 0 110 142 197
v -25.054692209580551 -39.327989000496601 0 110 142 197
v -27.376782445609578 -42.972940552756697 0 110 142 197
v -27.376782445609578 -42.972940552756697 0 110 142 197
v -25.054692209580551 -39.327989000496601 0 110 142 197
v -28.387011633614719 -36.994673820065245 0 110 142 197
v -31.017944075053904 -40.423371731979856 0 110 142 197
v -31.017944075053904 -40.423371731979856 0 110 142 197
v -28.387011633614719 -36.994673820065245 0 110 142 197
v -31.503288758570832 -34.379806833868386 0 110 142 197
v -34.423040420940367 -37.566156644023422 0 110 142 197
v -34.423040420940367 -37.566156644023422 0 106 138 194
v -31.503288758570832 -34.379806833868386 0 106 138 194
v -34.379806833868358 -31.503288758570861 0 106 138 194
v -37.566156644023366 -34.42304042094041 0 106 138 194
v -37.566156644023366 -34.42304042094041 0 106 138 194
v -34.379806833868358 -31.503288758570861 0 106 138 194
v -36.994673820065216 -28.387011633614776 0 106 138 194
v -40.423371731979799 -31.017944075053947 0 106 138 194
v -40.423371731979799 -31.017944075053947 0 106 138 194
v -36.994673820065216 -28.387011633614776 0 106 138 194
v -39.327989000496572 -25.054692209580608 0 106 138 194
v -42.972940552756668 -27.376782445609635 0 106 138 194
v -42.972940552756668 -27.376782445609635 0 103 135 192
v -39.327989000496572 -25.054692209580608 0 103 135 192
v -41.361994437745139 -21.531691449394756 0 103 135 192
v -45.195459348156092 -23.527266971201016 0 103 135 192
v -45.195459348156092 -23.527266971201016 0 103 135 192
v -41.361994437745139 -21.531691449394756 0 103 135 192
v -43.081210122267393 -17.844821516088246 0 103 135 192
v -47.0740134081516 -19.498694788989354 0 103 135 192
v -47.0740134081516 -19.498694788989354 0 103 135 192
v -43.081210122267393 -17.844821516088246 0 103 135 192
v -44.472551784613259 -14.022141716046477 0 103 135 192
v -48.594305802044644 -15.32172576579967 0 103 135 192
v -48.594305802044644 -15.32172576579967 0 102 134 191
v -44.472551784613259 -14.022141716046477 0 102 134 191
v -45.525430474617295 -10.09274495074493 0 102 134 191
v -49.744766186739994 -11.028149158021293 0 102 134 191
v -49.744766186739994 -11.028149158021293 0 102 134 191
v -45.525430474617295 -10.09274495074493 0 102 134 191
v -46.231833149702979 -6.086536302202191 0 102 134 191
v -50.51663886404323 -6.6506416761718441 0 102 134 191
v -50.51663886404323 -6.6506416761718441 0 102 134 191
v -46.231833149702979 -6.086536302202191 0 102 134 191
v -46.586383658975322 -2.0340054372485952 0 102 134 191
v -50.904049416810565 -2.2225187953994805 0 102 134 191
v -46.586383658975208 -2.0340054372485525 0 102 134 191
v -42.407081024049162 -1.8515331435076519 0 102 134 191
v -42.407081024049162 1.8515331435076519 0 102 134 191
v -46.586383658975208 2.0340054372485525 0 102 134 191
v -46.586383658975208 2.0340054372485525 0 102 134 191
v -42.407081024049162 1.8515331435076519 0 102 134 191
v -42.084337531360532 5.5405081453145897 0 102 134 191
v -46.231833149702865 6.0865363022021484 0 102 134 191
v -46.231833149702865 6.0865363022021484 0 102 134 191
v -42.084337531360532 5.5405081453145897 0 102 134 191
v -41.441306818840459 9.1873165346853938 0 102 134 191
v -45.525430474617181 10.092744950744873 0 102 134 191
v -45.525430474617181 10.092744950744873 0 102 134 191
v -41.441306818840459 9.1873165346853938 0 102 134 191
v -40.482882738483809 12.764203897773854 0 102 134 191
v -44.472551784613174 14.02214171604642 0 102 134 191
v -44.472551784613174 14.02214171604642 0 102 134 191
v -40.482882738483809 12.764203897773854 0 102 134 191
v -39.216359476254397 16.243947961963215 0 102 134 191
v -43.081210122267308 17.844821516088174 0 102 134 191
v -43.081210122267308 17.844821516088174 0 102 134 191
v -39.216359476254397 16.243947961963215 0 102 134 191
v -37.651376038925406 19.600065773798079 0 102 134 191
v -41.361994437745082 21.531691449394685 0 102 134 191
v -41.361994437745082 21.531691449394685 0 103 135 192
v -37.651376038925406 19.600065773798079 0 103 135 192
v -35.79984289541774 22.807015250251055 0 103 135 192
v -39.327989000496515 25.054692209580551 0 103 135 192
v -39.327989000496515 25.054692209580551 0 103 135 192
v -35.79984289541774 22.807015250251055 0 103 135 192
v -33.675851330939807 25.840389569397288 0 103 135 192
v -36.994673820065159 28.387011633614705 0 103 135 192
v -36.994673820065159 28.387011633614705 0 103 135 192
v -33.675851330939807 25.840389569397288 0 103 135 192
v -31.29556620379843 28.677102921066606 0 103 135 192
v -34.379806833868329 31.503288758570804 0 103 135 192
v -34.379806833868329 31.503288758570804 0 106 138 194
v -31.29556620379843 28.677102921066606 0 106 138 194
v -28.67710292106662 31.295566203798415 0 106 138 194
v -31.50328875857079 34.379806833868329 0 106 138 194
v -31.50328875857079 34.379806833868329 0 106 138 194
v -28.67710292106662 31.295566203798415 0 106 138 194
v -25.840389569397317 33.6758513309398 0 106 138 194
v -28.387011633614705 36.994673820065174 0 106 138 194
v -28.387011633614705 36.994673820065174 0 106 138 194
v -25.840389569397317 33.6758513309398 0 106 138 194
v -22.807015250251069 35.799842895417747 0 106 138 194
v -25.054692209580551 39.32798900049653 0 106 138 194
v -25.054692209580551 39.32798900049653 0 110 142 198
v -22.807015250251069 35.799842895417747 0 110 142 198
v -19.600065773798093 37.651376038925392 0 110 142 198
v -21.5316914493947 41.361994437745089 0 110 142 198
v -21.5316914493947 41.361994437745089 0 110 142 198
v -19.600065773798093 37.651376038925392 0 110 142 198
v -16.243947961963229 39.216359476254389 0 110 142 198
v -17.844821516088189 43.081210122267336 0 110 142 198
v -17.844821516088189 43.081210122267336 0 110 142 198
v -16.243947961963229 39.216359476254389 0 110 142 198
v -12.764203897773868 40.482882738483823 0 110 142 198
v -14.02214171604642 44.472551784613209 0 110 142 198
v -14.02214171604642 44.472551784613209 0 117 149 204
v -12.764203897773868 40.482882738483823 0 117 149 204
v -9.187316534685408 41.441306818840459 0 117 149 204
v -10.092744950744873 45.525430474617217 0 117 149 204
v -10.092744950744873 45.525430474617217 0 117 149 204
v -9.187316534685408 41.441306818840459 0 117 149 204
v -5.5405081453146039 42.084337531360518 0 117 149 204
v -6.0865363022021484 46.231833149702908 0 117 149 204
v -6.0865363022021484 46.231833149702908 0 117 149 204
v -5.5405081453146039 42.084337531360518 0 117 149 204
v -1.8515331435076661 42.407081024049148 0 117 149 204
v -2.0340054372485525 46.586383658975251 0 117 149 204
v -2.0340054372485525 46.586383658975251 0 251 231 77
v -1.8515331435076661 42.407081024049148 0 251 231 77
v 1.8515331435076376 42.407081024049148 0 251 231 77
v 2.0340054372485667 46.586383658975251 0 251 231 77
v 2.0340054372485667 46.586383658975251 0 251 231 77
v 1.8515331435076376 42.407081024049148 0 251 231 77
v 5.5405081453145755 42.084337531360518 0 251 231 77
v 6.0865363022021484 46.231833149702908 0 251 231 77
v 6.0865363022021484 46.231833149702908 0 251 231 77
v 5.5405081453145755 42.084337531360518 0 251 231 77
v 9.1873165346853938 41.441306818840459 0 251 231 77
v 10.092744950744887 45.525430474617231 0 251 231 77
v 10.092744950744887 45.525430474617231 0 237 141 11
v 9.1873165346853938 41.441306818840459 0 237 141 11
v 12.764203897773839 40.482882738483823 0 237 141 11
v 14.02214171604642 44.472551784613209 0 237 141 11
v 14.02214171604642 44.472551784613209 0 237 141 11
v 12.764203897773839 40.482882738483823 0 237 141 11
v 16.243947961963201 39.216359476254397 0 237 141 11
v 17.844821516088203 43.081210122267336 0 237 141 11
v 17.844821516088203 43.081210122267336 0 237 141 11
v 16.243947961963201 39.216359476254397 0 237 141 11
v 19.600065773798065 37.651376038925406 0 237 141 11
v 21.5316914493947 41.361994437745111 0 237 141 11
v 21.5316914493947 41.361994437745111 0 238 148 16
v 19.600065773798065 37.651376038925406 0 238 148 16
v 22.807015250251041 35.799842895417747 0 238 148 16
v 25.054692209580551 39.327989000496544 0 238 148 16
v 25.054692209580551 39.327989000496544 0 238 148 16
v 22.807015250251041 35.799842895417747 0 238 148 16
v 25.840389569397288 33.675851330939807 0 238 148 16
v 28.387011633614712 36.994673820065195 0 238 148 16
v 28.387011633614712 36.994673820065195 0 238 148 16
v 25.840389569397288 33.675851330939807 0 238 148 16
v 28.677102921066584 31.29556620379843 0 238 148 16
v 31.503288758570804 34.379806833868351 0 238 148 16
v 31.503288758570804 34.379806833868351 0 247 237 95
v 28.677102921066584 31.29556620379843 0 247 237 95
v 31.295566203798401 28.67710292106662 0 247 237 95
v 34.379806833868329 31.503288758570818 0 247 237 95
v 34.379806833868329 31.503288758570818 0 247 237 95
v 31.295566203798401 28.67710292106662 0 247 237 95
v 33.675851330939786 25.840389569397317 0 247 237 95
v 36.994673820065174 28.387011633614719 0 247 237 95
v 36.994673820065174 28.387011633614719 0 247 237 95
v 33.675851330939786 25.840389569397317 0 247 237 95
v 35.799842895417733 22.807015250251069 0 247 237 95
v 39.327989000496544 25.054692209580566 0 247 237 95
v 39.327989000496544 25.054692209580566 0 250 232 81
v 35.799842895417733 22.807015250251069 0 250 232 81
v 37.651376038925385 19.600065773798107 0 250 232 81
v 41.361994437745103 21.531691449394714 0 250 232 81
v 41.361994437745103 21.531691449394714 0 250 232 81
v 37.651376038925385 19.600065773798107 0 250 232 81
v 39.216359476254382 16.243947961963229 0 250 232 81
v 43.081210122267336 17.844821516088203 0 250 232 81
v 43.081210122267336 17.844821516088203 0 250 232 81
v 39.216359476254382 16.243947961963229 0 250 232 81
v 40.482882738483809 12.764203897773868 0 250 232 81
v 44.472551784613223 14.022141716046434 0 250 232 81
v 44.472551784613223 14.022141716046434 0 250 233 84
v 40.482882738483809 12.764203897773868 0 250 233 84
v 41.441306818840459 9.1873165346854222 0 250 233 84
v 45.525430474617245 10.092744950744901 0 250 233 84
v 45.525430474617245 10.092744950744901 0 250 233 84
v 41.441306818840459 9.1873165346854222 0 250 233 84
v 42.084337531360518 5.5405081453146181 0 250 233 84
v 46.231833149702929 6.0865363022021626 0 250 233 84
v 46.231833149702929 6.0865363022021626 0 250 233 84
v 42.084337531360518 5.5405081453146181 0 250 233 84
v 42.407081024049148 1.8515331435076803 0 250 233 84
v 46.586383658975279 2.0340054372485667 0 250 233 84
v 46.586383658975279 2.0340054372485667 0 249 233 85
v 42.407081024049148 1.8515331435076803 0 249 233 85
v 42.407081024049148 -1.8515331435076376 0 249 233 85
v 46.586383658975279 -2.0340054372485525 0 249 233 85
v 46.586383658975279 -2.0340054372485525 0 249 233 85
v 42.407081024049148 -1.8515331435076376 0 249 233 85
v 42.084337531360518 -5.5405081453145755 0 249 233 85
v 46.231833149702929 -6.0865363022021342 0 249 233 85
v 46.231833149702929 -6.0865363022021342 0 249 233 85
v 42.084337531360518 -5.5405081453145755 0 249 233 85
v 41.441306818840459 -9.1873165346853796 0 249 233 85
v 45.525430474617245 -10.092744950744873 0 249 233 85
v 45.525430474617245 -10.092744950744873 0 250 233 83
v 41.441306818840459 -9.1873165346853796 0 250 233 83
v 40.482882738483823 -12.764203897773839 0 250 233 83
v 44.472551784613238 -14.02214171604642 0 250 233 83
v 44.472551784613238 -14.02214171604642 0 250 233 83
v 40.482882738483823 -12.764203897773839 0 250 233 83
v 39.216359476254397 -16.243947961963201 0 250 233 83
v 43.081210122267358 -17.844821516088189 0 250 233 83
v 43.081210122267358 -17.844821516088189 0 250 233 83
v 39.216359476254397 -16.243947961963201 0 250 233 83
v 37.651376038925406 -19.600065773798065 0 250 233 83
v 41.361994437745139 -21.5316914493947 0 250 233 83
v 41.361994437745139 -21.5316914493947 0 251 231 77
v 37.651376038925406 -19.600065773798065 0 251 231 77
v 35.799842895417747 -22.807015250251041 0 251 231 77
v 39.327989000496572 -25.054692209580551 0 251 231 77
v 39.327989000496572 -25.054692209580551 0 251 231 77
v 35.799842895417747 -22.807015250251041 0 251 231 77
v 33.675851330939807 -25.840389569397274 0 251 231 77
v 36.994673820065223 -28.387011633614719 0 251 231 77
v 36.994673820065223 -28.387011633614719 0 251 231 77
v 33.675851330939807 -25.840389569397274 0 251 231 77
v 31.295566203798437 -28.677102921066577 0 251 231 77
v 34.379806833868372 -31.503288758570804 0 251 231 77
v 34.379806833868372 -31.503288758570804 0 250 233 83
v 31.295566203798437 -28.677102921066577 0 250 233 83
v 28.67710292106662 -31.295566203798401 0 250 233 83
v 31.503288758570839 -34.379806833868358 0 250 233 83
v 31.503288758570839 -34.379806833868358 0 250 233 83
v 28.67710292106662 -31.295566203798401 0 250 233 83
v 25.840389569397317 -33.675851330939778 0 250 233 83
v 28.387011633614755 -36.994673820065188 0 250 233 83
v 28.387011633614755 -36.994673820065188 0 250 233 83
v 25.840389569397317 -33.675851330939778 0 250 233 83
v 22.807015250251084 -35.799842895417711 0 250 233 83
v 25.054692209580594 -39.327989000496572 0 250 233 83
v 25.054692209580594 -39.327989000496572 0 244 184 41
v 22.807015250251084 -35.799842895417711 0 244 184 41
v 19.600065773798107 -37.651376038925363 0 244 184 41
v 21.531691449394742 -41.361994437745111 0 244 184 41
v 21.531691449394742 -41.361994437745111 0 244 184 41
v 19.600065773798107 -37.651376038925363 0 244 184 41
v 16.243947961963244 -39.216359476254368 0 244 184 41
v 17.844821516088231 -43.081210122267365 0 244 184 41
v 17.844821516088231 -43.081210122267365 0 244 184 41
v 16.243947961963244 -39.216359476254368 0 244 184 41
v 12.764203897773882 -40.482882738483809 0 244 184 41
v 14.022141716046463 -44.472551784613231 0 244 184 41
v 14.022141716046463 -44.472551784613231 0 234 67 0
v 12.764203897773882 -40.482882738483809 0 234 67 0
v 9.1873165346854222 -41.441306818840459 0 234 67 0
v 10.092744950744915 -45.525430474617266 0 234 67 0
v 10.092744950744915 -45.525430474617266 0 234 67 0
v 9.1873165346854222 -41.441306818840459 0 234 67 0
v 5.5405081453146181 -42.084337531360504 0 234 67 0
v 6.0865363022021768 -46.23183314970295 0 234 67 0
v 6.0865363022021768 -46.23183314970295 0 234 67 0
v 5.5405081453146181 -42.084337531360504 0 234 67 0
v 1.8515331435076803 -42.407081024049134 0 234 67 0
v 2.034005437248581 -46.586383658975294 0 234 67 0
v 2.034005437248581 -46.586383658975294 0 249 234 86
v 1.8515331435076803 -42.407081024049134 0 249 234 86
v -1.8515331435076234 -42.407081024049134 0 249 234 86
v -2.0340054372485383 -46.586383658975294 0 249 234 86
v -2.0340054372485383 -46.586383658975294 0 249 234 86
v -1.8515331435076234 -42.407081024049134 0 249 234 86
v -5.5405081453145613 -42.084337531360504 0 249 234 86
v -6.0865363022021342 -46.23183314970295 0 249 234 86
v -6.0865363022021342 -46.23183314970295 0 249 234 86
v -5.5405081453145613 -42.084337531360504 0 249 234 86
v -9.1873165346853654 -41.441306818840459 0 249 234 86
v -10.092744950744859 -45.525430474617266 0 249 234 86
v -10.092744950744859 -45.525430474617266 0 131 162 215
v -9.1873165346853654 -41.441306818840459 0 131 162 215
v -12.764203897773825 -40.482882738483838 0 131 162 215
v -14.02214171604642 -44.472551784613259 0 131 162 215
v -14.02214171604642 -44.472551784613259 0 131 162 215
v -12.764203897773825 -40.482882738483838 0 131 162 215
v -16.243947961963187 -39.216359476254397 0 131 162 215
v -17.844821516088189 -43.081210122267393 0 131 162 215
v -17.844821516088189 -43.081210122267393 0 131 162 215
v -16.243947961963187 -39.216359476254397 0 131 162 215
v -19.60006577379805 -37.65137603892542 0 131 162 215
v -21.5316914493947 -41.361994437745167 0 131 162 215
v -21.5316914493947 -41.361994437745167 0 110 142 197
v -19.60006577379805 -37.65137603892542 0 110 142 197
v -22.807015250251027 -35.79984289541774 0 110 142 197
v -25.054692209580551 -39.327989000496601 0 110 142 197
v -25.054692209580551 -39.327989000496601 0 110 142 197
v -22.807015250251027 -35.79984289541774 0 110 142 197
v -25.84038956939726 -33.675851330939807 0 110 142 197
v -28.387011633614719 -36.994673820065245 0 110 142 197
v -28.387011633614719 -36.994673820065245 0 110 142 197
v -25.84038956939726 -33.675851330939807 0 110 142 197
v -28.677102921066577 -31.29556620379843 0 110 142 197
v -31.503288758570832 -34.379806833868386 0 110 142 197
v -31.503288758570832 -34.379806833868386 0 106 138 194
v -28.677102921066577 -31.29556620379843 0 106 138 194
v -31.295566203798387 -28.67710292106662 0 106 138 194
v -34.379806833868358 -31.503288758570861 0 106 138 194
v -34.379806833868358 -31.503288758570861 0 106 138 194
v -31.295566203798387 -28.67710292106662 0 106 138 194
v -33.675851330939778 -25.840389569397317 0 106 138 194
v -36.994673820065216 -28.387011633614776 0 106 138 194
v -36.994673820065216 -28.387011633614776 0 106 138 194
v -33.675851330939778 -25.840389569397317 0 106 138 194
v -35.799842895417711 -22.807015250251098 0 106 138 194
v -39.327989000496572 -25.054692209580608 0 106 138 194
v -39.327989000496572 -25.054692209580608 0 103 135 192
v -35.799842895417711 -22.807015250251098 0 103 135 192
v -37.651376038925363 -19.600065773798107 0 103 135 192
v -41.361994437745139 -21.531691449394756 0 103 135 192
v -41.361994437745139 -21.531691449394756 0 103 135 192
v -37.651376038925363 -19.600065773798107 0 103 135 192
v -39.216359476254368 -16.243947961963244 0 103 135 192
v -43.081210122267393 -17.844821516088246 0 103 135 192
v -43.081210122267393 -17.844821516088246 0 103 135 192
v -39.216359476254368 -16.243947961963244 0 103 135 192
v -40.482882738483809 -12.764203897773896 0 103 135 192
v -44.472551784613259 -14.022141716046477 0 103 135 192
v -44.472551784613259 -14.022141716046477 0 102 134 191
v -40.482882738483809 -12.764203897773896 0 102 134 191
v -41.441306818840431 -9.1873165346854364 0 102 134 191
v -45.525430474617295 -10.09274495074493 0 102 134 191
v -45.525430474617295 -10.09274495074493 0 102 134 191
v -41.441306818840431 -9.1873165346854364 0 102 134 191
v -42.084337531360504 -5.5405081453146323 0 102 134 191
v -46.231833149702979 -6.086536302202191 0 102 134 191
v -46.231833149702979 -6.086536302202191 0 102 134 191
v -42.084337531360504 -5.5405081453146323 0 102 134 191
v -42.407081024049134 -1.8515331435076945 0 102 134 191
v -46.586383658975322 -2.0340054372485952 0 102 134 191
v -42.407081024049162 -1.8515331435076519 0 102 134 191
v -38.349868153136825 -1.6743914039830656 0 102 134 191
v -38.349868153136825 1.6743914039830656 0 102 134 191
v -42.407081024049162 1.8515331435076519 0 102 134 191
v -42.407081024049162 1.8515331435076519 0 102 134 191
v -38.349868153136825 1.6743914039830656 0 102 134 191
v -38.05800250020792 5.0104310823397356 0 102 134 191
v -42.084337531360532 5.5405081453145897 0 102 134 191
v -42.084337531360532 5.5405081453145897 0 102 134 191
v -38.05800250020792 5.0104310823397356 0 102 134 191
v -37.476492468202267 8.308338354778769 0 102 134 191
v -41.441306818840488 9.187316534685408 0 102 134 191
v -41.441306818840488 9.187316534685408 0 102 134 191
v -37.476492468202267 8.308338354778769 0 102 134 191
v -36.609763699588726 11.543014155626096 0 102 134 191
v -40.482882738483838 12.764203897773854 0 102 134 191
v -40.482882738483838 12.764203897773854 0 102 134 191
v -36.609763699588726 11.543014155626096 0 102 134 191
v -35.464412523641613 14.689840648886602 0 102 134 191
v -39.216359476254425 16.243947961963215 0 102 134 191
v -39.216359476254425 16.243947961963215 0 102 134 191
v -35.464412523641613 14.689840648886602 0 102 134 191
v -34.049155754391833 17.724868584840763 0 102 134 191
v -37.65137603892542 19.600065773798093 0 102 134 191
v -37.65137603892542 19.600065773798093 0 103 135 192
v -34.049155754391833 17.724868584840763 0 103 135 192
v -32.374764350408768 20.624999568296033 0 103 135 192
v -35.799842895417754 22.807015250251069 0 103 135 192
v -35.799842895417754 22.807015250251069 0 103 135 192
v -32.374764350408768 20.624999568296033 0 103 135 192
v -30.453981441301892 23.368161851321332 0 103 135 192
v -33.675851330939807 25.840389569397303 0 103 135 192
v -33.675851330939807 25.840389569397303 0 103 135 192
v -30.453981441301892 23.368161851321332 0 103 135 192
v -28.301425344809957 25.933478312576156 0 103 135 192
v -31.29556620379843 28.677102921066606 0 103 135 192
v -31.29556620379843 28.677102921066606 0 106 138 194
v -28.301425344809957 25.933478312576156 0 106 138 194
v -25.93347831257617 28.301425344809942 0 106 138 194
v -28.67710292106662 31.29556620379843 0 106 138 194
v -28.67710292106662 31.29556620379843 0 106 138 194
v -25.93347831257617 28.301425344809942 0 106 138 194
v -23.368161851321346 30.453981441301892 0 106 138 194
v -25.840389569397317 33.675851330939807 0 106 138 194
v -25.840389569397317 33.675851330939807 0 106 138 194
v -23.368161851321346 30.453981441301892 0 106 138 194
v -20.624999568296047 32.374764350408768 0 106 138 194
v -22.807015250251069 35.799842895417754 0 106 138 194
v -22.807015250251069 35.799842895417754 0 110 142 198
v -20.624999568296047 32.374764350408768 0 110 142 198
v -17.724868584840792 34.049155754391833 0 110 142 198
v -19.600065773798093 37.651376038925413 0 110 142 198
v -19.600065773798093 37.651376038925413 0 110 142 198
v -17.724868584840792 34.049155754391833 0 110 142 198
v -14.689840648886602 35.464412523641627 0 110 142 198
v -16.243947961963229 39.216359476254411 0 110 142 198
v -16.243947961963229 39.216359476254411 0 110 142 198
v -14.689840648886602 35.464412523641627 0 110 142 198
v -11.543014155626111 36.60976369958874 0 110 142 198
v -12.764203897773868 40.482882738483838 0 110 142 198
v -12.764203897773868 40.482882738483838 0 117 149 204
v -11.543014155626111 36.60976369958874 0 117 149 204
v -8.3083383547787832 37.476492468202281 0 117 149 204
v -9.187316534685408 41.441306818840474 0 117 149 204
v -9.187316534685408 41.441306818840474 0 117 149 204
v -8.3083383547787832 37.476492468202281 0 117 149 204
v -5.0104310823397356 38.058002500207948 0 117 149 204
v -5.5405081453146039 42.084337531360525 0 117 149 204
v -5.5405081453146039 42.084337531360525 0 117 149 204
v -5.0104310823397356 38.058002500207948 0 117 149 204
v -1.6743914039830798 38.349868153136832 0 117 149 204
v -1.8515331435076661 42.407081024049155 0 117 149 204
v -1.8515331435076661 42.407081024049155 0 251 231 77
v -1.6743914039830798 38.349868153136832 0 251 231 77
v 1.6743914039830656 38.349868153136832 0 251 231 77
v 1.8515331435076519 42.407081024049155 0 251 231 77
v 1.8515331435076519 42.407081024049155 0 251 231 77
v 1.6743914039830656 38.349868153136832 0 251 231 77
v 5.0104310823397213 38.058002500207948 0 251 231 77
v 5.5405081453145897 42.084337531360525 0 251 231 77
v 5.5405081453145897 42.084337531360525 0 251 231 77
v 5.0104310823397213 38.058002500207948 0 251 231 77
v 8.308338354778769 37.476492468202288 0 251 231 77
v 9.1873165346853938 41.441306818840474 0 251 231 77
v 9.1873165346853938 41.441306818840474 0 237 141 11
v 8.308338354778769 37.476492468202288 0 237 141 11
v 11.543014155626096 36.609763699588754 0 237 141 11
v 12.764203897773854 40.482882738483831 0 237 141 11
v 12.764203897773854 40.482882738483831 0 237 141 11
v 11.543014155626096 36.609763699588754 0 237 141 11
v 14.689840648886602 35.464412523641641 0 237 141 11
v 16.243947961963215 39.216359476254411 0 237 141 11
v 16.243947961963215 39.216359476254411 0 237 141 11
v 14.689840648886602 35.464412523641641 0 237 141 11
v 17.724868584840777 34.049155754391855 0 237 141 11
v 19.600065773798079 37.651376038925413 0 237 141 11
v 19.600065773798079 37.651376038925413 0 238 148 16
v 17.724868584840777 34.049155754391855 0 238 148 16
v 20.624999568296047 32.374764350408796 0 238 148 16
v 22.807015250251069 35.799842895417754 0 238 148 16
v 22.807015250251069 35.799842895417754 0 238 148 16
v 20.624999568296047 32.374764350408796 0 238 148 16
v 23.368161851321346 30.453981441301906 0 238 148 16
v 25.840389569397303 33.675851330939807 0 238 148 16
v 25.840389569397303 33.675851330939807 0 238 148 16
v 23.368161851321346 30.453981441301906 0 238 148 16
v 25.93347831257617 28.301425344809985 0 238 148 16
v 28.677102921066606 31.29556620379843 0 238 148 16
v 28.677102921066606 31.29556620379843 0 247 237 95
v 25.93347831257617 28.301425344809985 0 247 237 95
v 28.301425344809971 25.933478312576185 0 247 237 95
v 31.29556620379843 28.67710292106662 0 247 237 95
v 31.29556620379843 28.67710292106662 0 247 237 95
v 28.301425344809971 25.933478312576185 0 247 237 95
v 30.453981441301906 23.368161851321361 0 247 237 95
v 33.675851330939807 25.840389569397317 0 247 237 95
v 33.675851330939807 25.840389569397317 0 247 237 95
v 30.453981441301906 23.368161851321361 0 247 237 95
v 32.374764350408782 20.624999568296062 0 247 237 95
v 35.799842895417754 22.807015250251069 0 247 237 95
v 35.799842895417754 22.807015250251069 0 250 232 81
v 32.374764350408782 20.624999568296062 0 250 232 81
v 34.049155754391855 17.724868584840806 0 250 232 81
v 37.651376038925413 19.600065773798093 0 250 232 81
v 37.651376038925413 19.600065773798093 0 250 232 81
v 34.049155754391855 17.724868584840806 0 250 232 81
v 35.464412523641649 14.68984064888663 0 250 232 81
v 39.216359476254411 16.243947961963229 0 250 232 81
v 39.216359476254411 16.243947961963229 0 250 232 81
v 35.464412523641649 14.68984064888663 0 250 232 81
v 36.609763699588768 11.543014155626125 0 250 232 81
v 40.482882738483838 12.764203897773868 0 250 232 81
v 40.482882738483838 12.764203897773868 0 250 233 84
v 36.609763699588768 11.543014155626125 0 250 233 84
v 37.476492468202302 8.3083383547787975 0 250 233 84
v 41.441306818840474 9.187316534685408 0 250 233 84
v 41.441306818840474 9.187316534685408 0 250 233 84
v 37.476492468202302 8.3083383547787975 0 250 233 84
v 38.058002500207969 5.0104310823397498 0 250 233 84
v 42.084337531360525 5.5405081453146039 0 250 233 84
v 42.084337531360525 5.5405081453146039 0 250 233 84
v 38.058002500207969 5.0104310823397498 0 250 233 84
v 38.349868153136846 1.6743914039830798 0 250 233 84
v 42.407081024049155 1.8515331435076661 0 250 233 84
v 42.407081024049155 1.8515331435076661 0 249 233 85
v 38.349868153136846 1.6743914039830798 0 249 233 85
v 38.349868153136846 -1.6743914039830514 0 249 233 85
v 42.407081024049155 -1.8515331435076519 0 249 233 85
v 42.407081024049155 -1.8515331435076519 0 249 233 85
v 38.349868153136846 -1.6743914039830514 0 249 233 85
v 38.058002500207962 -5.0104310823397213 0 249 233 85
v 42.084337531360525 -5.5405081453145897 0 249 233 85
v 42.084337531360525 -5.5405081453145897 0 249 233 85
v 38.058002500207962 -5.0104310823397213 0 249 233 85
v 37.476492468202302 -8.308338354778769 0 249 233 85
v 41.441306818840474 -9.1873165346853938 0 249 233 85
v 41.441306818840474 -9.1873165346853938 0 250 233 83
v 37.476492468202302 -8.308338354778769 0 250 233 83
v 36.609763699588768 -11.543014155626096 0 250 233 83
v 40.482882738483831 -12.764203897773854 0 250 233 83
v 40.482882738483831 -12.764203897773854 0 250 233 83
v 36.609763699588768 -11.543014155626096 0 250 233 83
v 35.464412523641656 -14.689840648886602 0 250 233 83
v 39.216359476254411 -16.243947961963215 0 250 233 83
v 39.216359476254411 -16.243947961963215 0 250 233 83
v 35.464412523641656 -14.689840648886602 0 250 233 83
v 34.049155754391862 -17.724868584840777 0 250 233 83
v 37.651376038925413 -19.600065773798079 0 250 233 83
v 37.651376038925413 -19.600065773798079 0 251 231 77
v 34.049155754391862 -17.724868584840777 0 251 231 77
v 32.374764350408796 -20.624999568296047 0 251 231 77
v 35.799842895417754 -22.807015250251069 0 251 231 77
v 35.799842895417754 -22.807015250251069 0 251 231 77
v 32.374764350408796 -20.624999568296047 0 251 231 77
v 30.453981441301934 -23.368161851321346 0 251 231 77
v 33.675851330939807 -25.840389569397303 0 251 231 77
v 33.675851330939807 -25.840389569397303 0 251 231 77
v 30.453981441301934 -23.368161851321346 0 251 231 77
v 28.301425344809992 -25.93347831257617 0 251 231 77
v 31.295566203798437 -28.677102921066606 0 251 231 77
v 31.295566203798437 -28.677102921066606 0 250 233 83
v 28.301425344809992 -25.93347831257617 0 250 233 83
v 25.933478312576213 -28.301425344809971 0 250 233 83
v 28.67710292106662 -31.29556620379843 0 250 233 83
v 28.67710292106662 -31.29556620379843 0 250 233 83
v 25.933478312576213 -28.301425344809971 0 250 233 83
v 23.368161851321375 -30.453981441301906 0 250 233 83
v 25.840389569397317 -33.675851330939807 0 250 233 83
v 25.840389569397317 -33.675851330939807 0 250 233 83
v 23.368161851321375 -30.453981441301906 0 250 233 83
v 20.624999568296076 -32.374764350408796 0 250 233 83
v 22.807015250251069 -35.799842895417768 0 250 233 83
v 22.807015250251069 -35.799842895417768 0 244 184 41
v 20.624999568296076 -32.374764350408796 0 244 184 41
v 17.72486858484082 -34.049155754391862 0 244 184 41
v 19.600065773798093 -37.65137603892542 0 244 184 41
v 19.600065773798093 -37.65137603892542 0 244 184 41
v 17.72486858484082 -34.049155754391862 0 244 184 41
v 14.68984064888663 -35.464412523641656 0 244 184 41
v 16.243947961963229 -39.216359476254397 0 244 184 41
v 16.243947961963229 -39.216359476254397 0 244 184 41
v 14.68984064888663 -35.464412523641656 0 244 184 41
v 11.543014155626139 -36.609763699588783 0 244 184 41
v 12.764203897773868 -40.482882738483838 0 244 184 41
v 12.764203897773868 -40.482882738483838 0 234 67 0
v 11.543014155626139 -36.609763699588783 0 234 67 0
v 8.3083383547788117 -37.476492468202323 0 234 67 0
v 9.187316534685408 -41.441306818840459 0 234 67 0
v 9.187316534685408 -41.441306818840459 0 234 67 0
v 8.3083383547788117 -37.476492468202323 0 234 67 0
v 5.010431082339764 -38.058002500207991 0 234 67 0
v 5.5405081453146039 -42.084337531360532 0 234 67 0
v 5.5405081453146039 -42.084337531360532 0 234 67 0
v 5.010431082339764 -38.058002500207991 0 234 67 0
v 1.6743914039830941 -38.349868153136853 0 234 67 0
v 1.8515331435076661 -42.407081024049162 0 234 67 0
v 1.8515331435076661 -42.407081024049162 0 249 234 86
v 1.6743914039830941 -38.349868153136853 0 249 234 86
v -1.6743914039830514 -38.349868153136853 0 249 234 86
v -1.8515331435076519 -42.407081024049162 0 249 234 86
v -1.8515331435076519 -42.407081024049162 0 249 234 86
v -1.6743914039830514 -38.349868153136853 0 249 234 86
v -5.0104310823397213 -38.058002500207991 0 249 234 86
v -5.5405081453145897 -42.084337531360532 0 249 234 86
v -5.5405081453145897 -42.084337531360532 0 249 234 86
v -5.0104310823397213 -38.058002500207991 0 249 234 86
v -8.308338354778769 -37.476492468202323 0 249 234 86
v -9.1873165346853938 -41.441306818840459 0 249 234 86
v -9.1873165346853938 -41.441306818840459 0 131 162 215
v -8.308338354778769 -37.476492468202323 0 131 162 215
v -11.543014155626096 -36.609763699588783 0 131 162 215
v -12.764203897773854 -40.482882738483838 0 131 162 215
v -12.764203897773854 -40.482882738483838 0 131 162 215
v -11.543014155626096 -36.609763699588783 0 131 162 215
v -14.689840648886602 -35.464412523641656 0 131 162 215
v -16.243947961963215 -39.216359476254397 0 131 162 215
v -16.243947961963215 -39.216359476254397 0 131 162 215
v -14.689840648886602 -35.464412523641656 0 131 162 215
v -17.724868584840777 -34.04915575439189 0 131 162 215
v -19.600065773798079 -37.65137603892542 0 131 162 215
v -19.600065773798079 -37.65137603892542 0 110 142 197
v -17.724868584840777 -34.04915575439189 0 110 142 197
v -20.624999568296047 -32.374764350408824 0 110 142 197
v -22.807015250251069 -35.799842895417768 0 110 142 197
v -22.807015250251069 -35.799842895417768 0 110 142 197
v -20.624999568296047 -32.374764350408824 0 110 142 197
v -23.368161851321346 -30.453981441301934 0 110 142 197
v -25.840389569397303 -33.675851330939807 0 110 142 197
v -25.840389569397303 -33.675851330939807 0 110 142 197
v -23.368161851321346 -30.453981441301934 0 110 142 197
v -25.933478312576185 -28.301425344809999 0 110 142 197
v -28.677102921066606 -31.29556620379843 0 110 142 197
v -28.677102921066606 -31.29556620379843 0 106 138 194
v -25.933478312576185 -28.301425344809999 0 106 138 194
v -28.301425344809971 -25.933478312576227 0 106 138 194
v -31.29556620379843 -28.67710292106662 0 106 138 194
v -31.29556620379843 -28.67710292106662 0 106 138 194
v -28.301425344809971 -25.933478312576227 0 106 138 194
v -30.453981441301906 -23.368161851321389 0 106 138 194
v -33.675851330939807 -25.840389569397317 0 106 138 194
v -33.675851330939807 -25.840389569397317 0 106 138 194
v -30.453981441301906 -23.368161851321389 0 106 138 194
v -32.374764350408796 -20.62499956829609 0 106 138 194
v -35.799842895417754 -22.807015250251069 0 106 138 194
v -35.799842895417754 -22.807015250251069 0 103 135 192
v -32.374764350408796 -20.62499956829609 0 103 135 192
v -34.049155754391862 -17.72486858484082 0 103 135 192
v -37.65137603892542 -19.600065773798093 0 103 135 192
v -37.65137603892542 -19.600065773798093 0 103 135 192
v -34.049155754391862 -17.72486858484082 0 103 135 192
v -35.464412523641656 -14.689840648886658 0 103 135 192
v -39.216359476254425 -16.243947961963229 0 103 135 192
v -39.216359476254425 -16.243947961963229 0 103 135 192
v -35.464412523641656 -14.689840648886658 0 103 135 192
v -36.609763699588783 -11.543014155626153 0 103 135 192
v -40.482882738483838 -12.764203897773868 0 103 135 192
v -40.482882738483838 -12.764203897773868 0 102 134 191
v -36.609763699588783 -11.543014155626153 0 102 134 191
v -37.476492468202323 -8.3083383547788259 0 102 134 191
v -41.441306818840488 -9.187316534685408 0 102 134 191
v -41.441306818840488 -9.187316534685408 0 102 134 191
v -37.476492468202323 -8.3083383547788259 0 102 134 191
v -38.058002500208005 -5.010431082339764 0 102 134 191
v -42.084337531360532 -5.5405081453146039 0 102 134 191
v -42.084337531360532 -5.5405081453146039 0 102 134 191
v -38.058002500208005 -5.010431082339764 0 102 134 191
v -38.349868153136882 -1.6743914039831083 0 102 134 191
v -42.407081024049162 -1.8515331435076661 0 102 134 191
v -38.321459784278332 -2.2319708642019123 0 103 135 192
v -34.374506546514723 -2.0020870163880033 0 103 135 192
v -34.374506546514723 2.0020870163880033 0 103 135 192
v -38.32145978427836 2.2319708642019123 0 103 135 192
v -38.32145978427836 2.2319708642019123 0 103 135 192
v -34.374506546514723 2.0020870163880033 0 103 135 192
v -33.909650314385161 5.9791862568153817 0 103 135 192
v -37.803227780542741 6.6657290155774689 0 103 135 192
v -37.803227780542741 6.6657290155774689 0 103 135 192
v -33.909650314385161 5.9791862568153817 0 103 135 192
v -32.986224233212269 9.8754272603170108 0 103 135 192
v -36.773771971903372 11.00934461696805 0 103 135 192
v -36.773771971903372 11.00934461696805 0 104 136 193
v -32.986224233212269 9.8754272603170108 0 104 136 193
v -31.6167160566213 13.638120051259193 0 104 136 193
v -35.24701398215727 15.204077718767422 0 104 136 193
v -35.24701398215727 15.204077718767422 0 104 136 193
v -31.6167160566213 13.638120051259193 0 104 136 193
v -29.819646033331438 17.216380664483268 0 104 136 193
v -33.243600593986997 19.193201751770786 0 104 136 193
v -33.243600593986997 19.193201751770786 0 104 136 193
v -29.819646033331438 17.216380664483268 0 104 136 193
v -27.619316452563041 20.561819263643812 0 104 136 193
v -30.790624536644174 22.922770656709787 0 104 136 193
v -30.790624536644174 22.922770656709787 0 106 138 194
v -27.619316452563041 20.561819263643812 0 106 138 194
v -25.045482997266035 23.629194530733187 0 106 138 194
v -27.921258103263469 26.342348412160476 0 106 138 194
v -27.921258103263469 26.342348412160476 0 106 138 194
v -25.045482997266035 23.629194530733187 0 106 138 194
v -22.132952349553506 26.377025477296854 0 106 138 194
v -24.674304552504495 29.405691095210912 0 106 138 194
v -24.674304552504495 29.405691095210912 0 106 138 194
v -22.132952349553506 26.377025477296854 0 106 138 194
v -18.921111490036367 28.768152403642247 0 106 138 194
v -21.09367336104475 32.071372251187839 0 106 138 194
v -21.09367336104475 32.071372251187839 0 110 142 198
v -18.921111490036367 28.768152403642247 0 110 142 198
v -15.453395056478357 30.770239420030251 0 110 142 198
v -17.22778642323361 34.303343115389765 0 110 142 198
v -17.22778642323361 34.303343115389765 0 110 142 198
v -15.453395056478357 30.770239420030251 0 110 142 198
v -11.776697964831683 32.356211734112236 0 110 142 198
v -13.128923228038246 36.071420110788381 0 110 142 198
v -13.128923228038246 36.071420110788381 0 110 142 198
v -11.776697964831683 32.356211734112236 0 110 142 198
v -7.9407412359462342 33.504621791050205 0 110 142 198
v -8.852513868639889 37.351693029128533 0 110 142 198
v -8.852513868639889 37.351693029128533 0 118 150 205
v -7.9407412359462342 33.504621791050205 0 118 150 205
v -3.9973996040582591 34.199939314903006 0 118 150 205
v -4.4563894455130821 38.12684837547723 0 118 150 205
v -4.4563894455130821 38.12684837547723 0 118 150 205
v -3.9973996040582591 34.199939314903006 0 118 150 205
v 0 34.432761328966535 0 118 150 205
v 0 38.386403503541608 0 118 150 205
v 0 38.386403503541608 0 118 150 205
v 0 34.432761328966535 0 118 150 205
v 3.9973996040582591 34.199939314903013 0 118 150 205
v 4.4563894455130963 38.12684837547723 0 118 150 205
v 4.4563894455130963 38.12684837547723 0 251 231 78
v 3.9973996040582591 34.199939314903013 0 251 231 78
v 7.9407412359462484 33.504621791050212 0 251 231 78
v 8.8525138686399174 37.351693029128533 0 251 231 78
v 8.8525138686399174 37.351693029128533 0 251 231 78
v 7.9407412359462484 33.504621791050212 0 251 231 78
v 11.776697964831683 32.35621173411225 0 251 231 78
v 13.128923228038261 36.071420110788381 0 251 231 78
v 13.128923228038261 36.071420110788381 0 251 231 78
v 11.776697964831683 32.35621173411225 0 251 231 78
v 15.453395056478357 30.770239420030265 0 251 231 78
v 17.227786423233624 34.303343115389765 0 251 231 78
v 17.227786423233624 34.303343115389765 0 234 126 2
v 15.453395056478357 30.770239420030265 0 234 126 2
v 18.921111490036367 28.768152403642247 0 234 126 2
v 21.093673361044765 32.071372251187853 0 234 126 2
v 21.093673361044765 32.071372251187853 0 234 126 2
v 18.921111490036367 28.768152403642247 0 234 126 2
v 22.13295234955352 26.377025477296868 0 234 126 2
v 24.674304552504523 29.405691095210926 0 234 126 2
v 24.674304552504523 29.405691095210926 0 234 126 2
v 22.13295234955352 26.377025477296868 0 234 126 2
v 25.045482997266049 23.629194530733201 0 234 126 2
v 27.921258103263511 26.34234841216049 0 234 126 2
v 27.921258103263511 26.34234841216049 0 234 115 0
v 25.045482997266049 23.629194530733201 0 234 115 0
v 27.619316452563055 20.561819263643827 0 234 115 0
v 30.790624536644202 22.922770656709801 0 234 115 0
v 30.790624536644202 22.922770656709801 0 234 115 0
v 27.619316452563055 20.561819263643827 0 234 115 0
v 29.819646033331466 17.216380664483282 0 234 115 0
v 33.243600593987026 19.193201751770815 0 234 115 0
v 33.243600593987026 19.193201751770815 0 234 115 0
v 29.819646033331466 17.216380664483282 0 234 115 0
v 31.616716056621314 13.638120051259207 0 234 115 0
v 35.247013982157306 15.204077718767437 0 234 115 0
v 35.247013982157306 15.204077718767437 0 239 156 21
v 31.616716056621314 13.638120051259207 0 239 156 21
v 32.986224233212297 9.875427260317025 0 239 156 21
v 36.773771971903422 11.00934461696805 0 239 156 21
v 36.773771971903422 11.00934461696805 0 239 156 21
v 32.986224233212297 9.875427260317025 0 239 156 21
v 33.90965031438521 5.979186256815396 0 239 156 21
v 37.803227780542784 6.6657290155774689 0 239 156 21
v 37.803227780542784 6.6657290155774689 0 239 156 21
v 33.90965031438521 5.979186256815396 0 239 156 21
v 34.374506546514752 2.0020870163880176 0 239 156 21
v 38.321459784278396 2.2319708642019123 0 239 156 21
v 38.321459784278396 2.2319708642019123 0 249 215 63
v 34.374506546514752 2.0020870163880176 0 249 215 63
v 34.374506546514752 -2.0020870163880033 0 249 215 63
v 38.321459784278403 -2.2319708642019265 0 249 215 63
v 38.321459784278403 -2.2319708642019265 0 249 215 63
v 34.374506546514752 -2.0020870163880033 0 249 215 63
v 33.90965031438521 -5.979186256815396 0 249 215 63
v 37.803227780542784 -6.6657290155774831 0 249 215 63
v 37.803227780542784 -6.6657290155774831 0 249 215 63
v 33.90965031438521 -5.979186256815396 0 249 215 63
v 32.986224233212305 -9.875427260317025 0 249 215 63
v 36.773771971903429 -11.009344616968065 0 249 215 63
v 36.773771971903429 -11.009344616968065 0 246 198 51
v 32.986224233212305 -9.875427260317025 0 246 198 51
v 31.616716056621328 -13.638120051259207 0 246 198 51
v 35.247013982157313 -15.204077718767451 0 246 198 51
v 35.247013982157313 -15.204077718767451 0 246 198 51
v 31.616716056621328 -13.638120051259207 0 246 198 51
v 29.81964603333148 -17.216380664483282 0 246 198 51
v 33.24360059398704 -19.193201751770815 0 246 198 51
v 33.24360059398704 -19.193201751770815 0 246 198 51
v 29.81964603333148 -17.216380664483282 0 246 198 51
v 27.619316452563076 -20.561819263643841 0 246 198 51
v 30.790624536644216 -22.922770656709829 0 246 198 51
v 30.790624536644216 -22.922770656709829 0 234 101 0
v 27.619316452563076 -20.561819263643841 0 234 101 0
v 25.045482997266063 -23.629194530733216 0 234 101 0
v 27.921258103263519 -26.342348412160518 0 234 101 0
v 27.921258103263519 -26.342348412160518 0 234 101 0
v 25.045482997266063 -23.629194530733216 0 234 101 0
v 22.132952349553534 -26.377025477296883 0 234 101 0
v 24.674304552504523 -29.405691095210955 0 234 101 0
v 24.674304552504523 -29.405691095210955 0 234 101 0
v 22.132952349553534 -26.377025477296883 0 234 101 0
v 18.921111490036395 -28.768152403642276 0 234 101 0
v 21.093673361044765 -32.071372251187896 0 234 101 0
v 21.093673361044765 -32.071372251187896 0 234 47 0
v 18.921111490036395 -28.768152403642276 0 234 47 0
v 15.453395056478385 -30.770239420030293 0 234 47 0
v 17.227786423233638 -34.303343115389808 0 234 47 0
v 17.227786423233638 -34.303343115389808 0 234 47 0
v 15.453395056478385 -30.770239420030293 0 234 47 0
v 11.776697964831698 -32.356211734112279 0 234 47 0
v 13.128923228038261 -36.071420110788424 0 234 47 0
v 13.128923228038261 -36.071420110788424 0 234 47 0
v 11.776697964831698 -32.356211734112279 0 234 47 0
v 7.9407412359462484 -33.504621791050269 0 234 47 0
v 8.8525138686399032 -37.351693029128583 0 234 47 0
v 8.8525138686399032 -37.351693029128583 0 250 233 83
v 7.9407412359462484 -33.504621791050269 0 250 233 83
v 3.9973996040582591 -34.199939314903062 0 250 233 83
v 4.4563894455130963 -38.12684837547728 0 250 233 83
v 4.4563894455130963 -38.12684837547728 0 250 233 83
v 3.9973996040582591 -34.199939314903062 0 250 233 83
v 0 -34.432761328966578 0 250 233 83
v 0 -38.386403503541644 0 250 233 83
v 0 -38.386403503541644 0 250 233 83
v 0 -34.432761328966578 0 250 233 83
v -3.9973996040582733 -34.199939314903062 0 250 233 83
v -4.4563894455131106 -38.12684837547728 0 250 233 83
v -4.4563894455131106 -38.12684837547728 0 127 158 212
v -3.9973996040582733 -34.199939314903062 0 127 158 212
v -7.9407412359462626 -33.504621791050269 0 127 158 212
v -8.8525138686399316 -37.351693029128583 0 127 158 212
v -8.8525138686399316 -37.351693029128583 0 127 158 212
v -7.9407412359462626 -33.504621791050269 0 127 158 212
v -11.776697964831698 -32.356211734112307 0 127 158 212
v -13.128923228038275 -36.071420110788424 0 127 158 212
v -13.128923228038275 -36.071420110788424 0 127 158 212
v -11.776697964831698 -32.356211734112307 0 127 158 212
v -15.453395056478385 -30.770239420030308 0 127 158 212
v -17.227786423233653 -34.303343115389808 0 127 158 212
v -17.227786423233653 -34.303343115389808 0 110 142 198
v -15.453395056478385 -30.770239420030308 0 110 142 198
v -18.921111490036409 -28.76815240364229 0 110 142 198
v -21.093673361044793 -32.071372251187896 0 110 142 198
v -21.093673361044793 -32.071372251187896 0 110 142 198
v -18.921111490036409 -28.76815240364229 0 110 142 198
v -22.132952349553548 -26.377025477296897 0 110 142 198
v -24.674304552504552 -29.405691095210955 0 110 142 198
v -24.674304552504552 -29.405691095210955 0 110 142 198
v -22.132952349553548 -26.377025477296897 0 110 142 198
v -25.045482997266092 -23.62919453073323 0 110 142 198
v -27.92125810326354 -26.342348412160518 0 110 142 198
v -27.92125810326354 -26.342348412160518 0 106 138 194
v -25.045482997266092 -23.62919453073323 0 106 138 194
v -27.619316452563098 -20.561819263643841 0 106 138 194
v -30.790624536644245 -22.922770656709844 0 106 138 194
v -30.790624536644245 -22.922770656709844 0 106 138 194
v -27.619316452563098 -20.561819263643841 0 106 138 194
v -29.819646033331509 -17.216380664483296 0 106 138 194
v -33.243600593987068 -19.193201751770843 0 106 138 194
v -33.243600593987068 -19.193201751770843 0 106 138 194
v -29.819646033331509 -17.216380664483296 0 106 138 194
v -31.616716056621371 -13.638120051259222 0 106 138 194
v -35.247013982157341 -15.204077718767465 0 106 138 194
v -35.247013982157341 -15.204077718767465 0 103 135 192
v -31.616716056621371 -13.638120051259222 0 103 135 192
v -32.986224233212326 -9.8754272603170392 0 103 135 192
v -36.773771971903457 -11.009344616968079 0 103 135 192
v -36.773771971903457 -11.009344616968079 0 103 135 192
v -32.986224233212326 -9.8754272603170392 0 103 135 192
v -33.909650314385246 -5.979186256815396 0 103 135 192
v -37.803227780542827 -6.6657290155774831 0 103 135 192
v -37.803227780542827 -6.6657290155774831 0 103 135 192
v -33.909650314385246 -5.979186256815396 0 103 135 192
v -34.374506546514795 -2.0020870163880033 0 103 135 192
v -38.321459784278446 -2.2319708642019265 0 103 135 192
v -34.374506546514723 -2.0020870163880033 0 103 135 192
v -30.521343353401491 -1.7776658166096979 0 103 135 192
v -30.521343353401491 1.7776658166096979 0 103 135 192
v -34.374506546514723 2.0020870163880033 0 103 135 192
v -34.374506546514723 2.0020870163880033 0 103 135 192
v -30.521343353401491 1.7776658166096979 0 103 135 192
v -30.108594543419443 5.308957569216517 0 103 135 192
v -33.909650314385161 5.9791862568153817 0 103 135 192
v -33.909650314385161 5.9791862568153817 0 103 135 192
v -30.108594543419443 5.308957569216517 0 103 135 192
v -29.28867864304641 8.7684547781308311 0 103 135 192
v -32.986224233212269 9.8754272603170108 0 103 135 192
v -32.986224233212269 9.8754272603170108 0 104 136 193
v -29.28867864304641 8.7684547781308311 0 104 136 193
v -28.072683608282432 12.109373678313816 0 104 136 193
v -31.6167160566213 13.638120051259193 0 104 136 193
v -31.6167160566213 13.638120051259193 0 104 136 193
v -28.072683608282432 12.109373678313816 0 104 136 193
v -26.477053685952797 15.286534072933023 0 104 136 193
v -29.819646033331438 17.216380664483268 0 104 136 193
v -29.819646033331438 17.216380664483268 0 104 136 193
v -26.477053685952797 15.286534072933023 0 104 136 193
v -24.523367033479602 18.256970318018674 0 104 136 193
v -27.619316452563041 20.561819263643812 0 104 136 193
v -27.619316452563041 20.561819263643812 0 106 138 194
v -24.523367033479602 18.256970318018674 0 106 138 194
v -22.238043911319565 20.98051235909152 0 106 138 194
v -25.045482997266035 23.629194530733187 0 106 138 194
v -25.045482997266035 23.629194530733187 0 106 138 194
v -22.238043911319565 20.98051235909152 0 106 138 194
v -19.651989394264916 23.420328962238514 0 106 138 194
v -22.132952349553506 26.377025477296854 0 106 138 194
v -22.132952349553506 26.377025477296854 0 106 138 194
v -19.651989394264916 23.420328962238514 0 106 138 194
v -16.800175433323957 25.543425793368186 0 106 138 194
v -18.921111490036367 28.768152403642247 0 106 138 194
v -18.921111490036367 28.768152403642247 0 110 142 198
v -16.800175433323957 25.543425793368186 0 110 142 198
v -13.721167920077548 27.321091609977884 0 110 142 198
v -15.453395056478357 30.770239420030251 0 110 142 198
v -15.453395056478357 30.770239420030251 0 110 142 198
v -13.721167920077548 27.321091609977884 0 110 142 198
v -10.456605149154541 28.729286531455031 0 110 142 198
v -11.776697964831683 32.356211734112236 0 110 142 198
v -11.776697964831683 32.356211734112236 0 110 142 198
v -10.456605149154541 28.729286531455031 0 110 142 198
v -7.0506347317268592 29.748967137222365 0 110 142 198
v -7.9407412359462342 33.504621791050205 0 110 142 198
v -7.9407412359462342 33.504621791050205 0 118 150 205
v -7.0506347317268592 29.748967137222365 0 118 150 205
v -3.5493165748028446 30.366343996332503 0 118 150 205
v -3.9973996040582591 34.199939314903006 0 118 150 205
v -3.9973996040582591 34.199939314903006 0 118 150 205
v -3.5493165748028446 30.366343996332503 0 118 150 205
v 0 30.57306814586606 0 118 150 205
v 0 34.432761328966535 0 118 150 205
v 0 34.432761328966535 0 118 150 205
v 0 30.57306814586606 0 118 150 205
v 3.5493165748028304 30.366343996332503 0 118 150 205
v 3.9973996040582591 34.199939314903013 0 118 150 205
v 3.9973996040582591 34.199939314903013 0 251 231 78
v 3.5493165748028304 30.366343996332503 0 251 231 78
v 7.0506347317268592 29.74896713722238 0 251 231 78
v 7.9407412359462484 33.504621791050212 0 251 231 78
v 7.9407412359462484 33.504621791050212 0 251 231 78
v 7.0506347317268592 29.74896713722238 0 251 231 78
v 10.456605149154541 28.729286531455045 0 251 231 78
v 11.776697964831683 32.35621173411225 0 251 231 78
v 11.776697964831683 32.35621173411225 0 251 231 78
v 10.456605149154541 28.729286531455045 0 251 231 78
v 13.721167920077548 27.321091609977898 0 251 231 78
v 15.453395056478357 30.770239420030265 0 251 231 78
v 15.453395056478357 30.770239420030265 0 234 126 2
v 13.721167920077548 27.321091609977898 0 234 126 2
v 16.800175433323972 25.543425793368201 0 234 126 2
v 18.921111490036367 28.768152403642247 0 234 126 2
v 18.921111490036367 28.768152403642247 0 234 126 2
v 16.800175433323972 25.543425793368201 0 234 126 2
v 19.65198939426493 23.420328962238543 0 234 126 2
v 22.13295234955352 26.377025477296868 0 234 126 2
v 22.13295234955352 26.377025477296868 0 234 126 2
v 19.65198939426493 23.420328962238543 0 234 126 2
v 22.238043911319579 20.980512359091534 0 234 126 2
v 25.045482997266049 23.629194530733201 0 234 126 2
v 25.045482997266049 23.629194530733201 0 234 115 0
v 22.238043911319579 20.980512359091534 0 234 115 0
v 24.523367033479616 18.256970318018702 0 234 115 0
v 27.619316452563055 20.561819263643827 0 234 115 0
v 27.619316452563055 20.561819263643827 0 234 115 0
v 24.523367033479616 18.256970318018702 0 234 115 0
v 26.477053685952818 15.286534072933037 0 234 115 0
v 29.819646033331466 17.216380664483282 0 234 115 0
v 29.819646033331466 17.216380664483282 0 234 115 0
v 26.477053685952818 15.286534072933037 0 234 115 0
v 28.07268360828246 12.10937367831383 0 234 115 0
v 31.616716056621314 13.638120051259207 0 234 115 0
v 31.616716056621314 13.638120051259207 0 239 156 21
v 28.07268360828246 12.10937367831383 0 239 156 21
v 29.288678643046445 8.7684547781308453 0 239 156 21
v 32.986224233212297 9.875427260317025 0 239 156 21
v 32.986224233212297 9.875427260317025 0 239 156 21
v 29.288678643046445 8.7684547781308453 0 239 156 21
v 30.108594543419485 5.308957569216517 0 239 156 21
v 33.90965031438521 5.979186256815396 0 239 156 21
v 33.90965031438521 5.979186256815396 0 239 156 21
v 30.108594543419485 5.308957569216517 0 239 156 21
v 30.521343353401534 1.7776658166096979 0 239 156 21
v 34.374506546514752 2.0020870163880176 0 239 156 21
v 34.374506546514752 2.0020870163880176 0 249 215 63
v 30.521343353401534 1.7776658166096979 0 249 215 63
v 30.521343353401534 -1.7776658166096979 0 249 215 63
v 34.374506546514752 -2.0020870163880033 0 249 215 63
v 34.374506546514752 -2.0020870163880033 0 249 215 63
v 30.521343353401534 -1.7776658166096979 0 249 215 63
v 30.108594543419485 -5.308957569216517 0 249 215 63
v 33.90965031438521 -5.979186256815396 0 249 215 63
v 33.90965031438521 -5.979186256815396 0 249 215 63
v 30.108594543419485 -5.308957569216517 0 249 215 63
v 29.288678643046453 -8.7684547781308453 0 249 215 63
v 32.986224233212305 -9.875427260317025 0 249 215 63
v 32.986224233212305 -9.875427260317025 0 246 198 51
v 29.288678643046453 -8.7684547781308453 0 246 198 51
v 28.072683608282475 -12.10937367831383 0 246 198 51
v 31.616716056621328 -13.638120051259207 0 246 198 51
v 31.616716056621328 -13.638120051259207 0 246 198 51
v 28.072683608282475 -12.10937367831383 0 246 198 51
v 26.477053685952832 -15.286534072933037 0 246 198 51
v 29.81964603333148 -17.216380664483282 0 246 198 51
v 29.81964603333148 -17.216380664483282 0 246 198 51
v 26.477053685952832 -15.286534072933037 0 246 198 51
v 24.52336703347963 -18.256970318018702 0 246 198 51
v 27.619316452563076 -20.561819263643841 0 246 198 51
v 27.619316452563076 -20.561819263643841 0 234 101 0
v 24.52336703347963 -18.256970318018702 0 234 101 0
v 22.238043911319593 -20.980512359091549 0 234 101 0
v 25.045482997266063 -23.629194530733216 0 234 101 0
v 25.045482997266063 -23.629194530733216 0 234 101 0
v 22.238043911319593 -20.980512359091549 0 234 101 0
v 19.65198939426493 -23.420328962238543 0 234 101 0
v 22.132952349553534 -26.377025477296883 0 234 101 0
v 22.132952349553534 -26.377025477296883 0 234 101 0
v 19.65198939426493 -23.420328962238543 0 234 101 0
v 16.800175433323986 -25.543425793368215 0 234 101 0
v 18.921111490036395 -28.768152403642276 0 234 101 0
v 18.921111490036395 -28.768152403642276 0 234 47 0
v 16.800175433323986 -25.543425793368215 0 234 47 0
v 13.721167920077562 -27.321091609977927 0 234 47 0
v 15.453395056478385 -30.770239420030293 0 234 47 0
v 15.453395056478385 -30.770239420030293 0 234 47 0
v 13.721167920077562 -27.321091609977927 0 234 47 0
v 10.456605149154555 -28.729286531455074 0 234 47 0
v 11.776697964831698 -32.356211734112279 0 234 47 0
v 11.776697964831698 -32.356211734112279 0 234 47 0
v 10.456605149154555 -28.729286531455074 0 234 47 0
v 7.0506347317268734 -29.748967137222394 0 234 47 0
v 7.9407412359462484 -33.504621791050269 0 234 47 0
v 7.9407412359462484 -33.504621791050269 0 250 233 83
v 7.0506347317268734 -29.748967137222394 0 250 233 83
v 3.5493165748028446 -30.366343996332546 0 250 233 83
v 3.9973996040582591 -34.199939314903062 0 250 233 83
v 3.9973996040582591 -34.199939314903062 0 250 233 83
v 3.5493165748028446 -30.366343996332546 0 250 233 83
v 0 -30.573068145866088 0 250 233 83
v 0 -34.432761328966578 0 250 233 83
v 0 -34.432761328966578 0 250 233 83
v 0 -30.573068145866088 0 250 233 83
v -3.5493165748028446 -30.366343996332546 0 250 233 83
v -3.9973996040582733 -34.199939314903062 0 250 233 83
v -3.9973996040582733 -34.199939314903062 0 127 158 212
v -3.5493165748028446 -30.366343996332546 0 127 158 212
v -7.0506347317268734 -29.748967137222408 0 127 158 212
v -7.9407412359462626 -33.504621791050269 0 127 158 212
v -7.9407412359462626 -33.504621791050269 0 127 158 212
v -7.0506347317268734 -29.748967137222408 0 127 158 212
v -10.456605149154555 -28.729286531455088 0 127 158 212
v -11.776697964831698 -32.356211734112307 0 127 158 212
v -11.776697964831698 -32.356211734112307 0 127 158 212
v -10.456605149154555 -28.729286531455088 0 127 158 212
v -13.721167920077562 -27.321091609977927 0 127 158 212
v -15.453395056478385 -30.770239420030308 0 127 158 212
v -15.453395056478385 -30.770239420030308 0 110 142 198
v -13.721167920077562 -27.321091609977927 0 110 142 198
v -16.800175433323986 -25.543425793368229 0 110 142 198
v -18.921111490036409 -28.76815240364229 0 110 142 198
v -18.921111490036409 -28.76815240364229 0 110 142 198
v -16.800175433323986 -25.543425793368229 0 110 142 198
v -19.651989394264945 -23.420328962238571 0 110 142 198
v -22.132952349553548 -26.377025477296897 0 110 142 198
v -22.132952349553548 -26.377025477296897 0 110 142 198
v -19.651989394264945 -23.420328962238571 0 110 142 198
v -22.238043911319593 -20.980512359091563 0 110 142 198
v -25.045482997266092 -23.62919453073323 0 110 142 198
v -25.045482997266092 -23.62919453073323 0 106 138 194
v -22.238043911319593 -20.980512359091563 0 106 138 194
v -24.523367033479644 -18.256970318018716 0 106 138 194
v -27.619316452563098 -20.561819263643841 0 106 138 194
v -27.619316452563098 -20.561819263643841 0 106 138 194
v -24.523367033479644 -18.256970318018716 0 106 138 194
v -26.477053685952853 -15.286534072933051 0 106 138 194
v -29.819646033331509 -17.216380664483296 0 106 138 194
v -29.819646033331509 -17.216380664483296 0 106 138 194
v -26.477053685952853 -15.286534072933051 0 106 138 194
v -28.072683608282489 -12.109373678313844 0 106 138 194
v -31.616716056621371 -13.638120051259222 0 106 138 194
v -31.616716056621371 -13.638120051259222 0 103 135 192
v -28.072683608282489 -12.109373678313844 0 103 135 192
v -29.288678643046481 -8.7684547781308595 0 103 135 192
v -32.986224233212326 -9.8754272603170392 0 103 135 192
v -32.986224233212326 -9.8754272603170392 0 103 135 192
v -29.288678643046481 -8.7684547781308595 0 103 135 192
v -30.108594543419514 -5.3089575692165312 0 103 135 192
v -33.909650314385246 -5.979186256815396 0 103 135 192
v -33.909650314385246 -5.979186256815396 0 103 135 192
v -30.108594543419514 -5.3089575692165312 0 103 135 192
v -30.521343353401576 -1.7776658166096979 0 103 135 192
v -34.374506546514795 -2.0020870163880033 0 103 135 192
v -30.521343353401491 -1.7776658166096979 0 103 135 192
v -26.749586480618774 -1.5579859950607755 0 103 135 192
v -26.749586480618774 1.5579859950607755 0 103 135 192
v -30.521343353401491 1.7776658166096979 0 103 135 192
v -30.521343353401491 1.7776658166096979 0 103 135 192
v -26.749586480618774 1.5579859950607755 0 103 135 192
v -26.387844211952967 4.6528888972990075 0 103 135 192
v -30.108594543419443 5.308957569216517 0 103 135 192
v -30.108594543419443 5.308957569216517 0 103 135 192
v -26.387844211952967 4.6528888972990075 0 103 135 192
v -25.669251618242029 7.6848694591571984 0 103 135 192
v -29.28867864304641 8.7684547781308311 0 103 135 192
v -29.28867864304641 8.7684547781308311 0 104 136 193
v -25.669251618242029 7.6848694591571984 0 104 136 193
v -24.603526431581884 10.612925344850012 0 104 136 193
v -28.072683608282432 12.109373678313816 0 104 136 193
v -28.072683608282432 12.109373678313816 0 104 136 193
v -24.603526431581884 10.612925344850012 0 104 136 193
v -23.205080756887725 13.397459621556138 0 104 136 193
v -26.477053685952797 15.286534072933023 0 104 136 193
v -26.477053685952797 15.286534072933023 0 104 136 193
v -23.205080756887725 13.397459621556138 0 104 136 193
v -21.492826172898774 16.000816240006813 0 104 136 193
v -24.523367033479602 18.256970318018674 0 104 136 193
v -24.523367033479602 18.256970318018674 0 106 138 194
v -21.492826172898774 16.000816240006813 0 106 138 194
v -19.489917985518318 18.387789267953806 0 106 138 194
v -22.238043911319565 20.98051235909152 0 106 138 194
v -22.238043911319565 20.98051235909152 0 106 138 194
v -19.489917985518318 18.387789267953806 0 106 138 194
v -17.223442092023987 20.526098990007924 0 106 138 194
v -19.651989394264916 23.420328962238514 0 106 138 194
v -19.651989394264916 23.420328962238514 0 106 138 194
v -17.223442092023987 20.526098990007924 0 106 138 194
v -14.724048690772392 22.386828435414245 0 106 138 194
v -16.800175433323957 25.543425793368186 0 106 138 194
v -16.800175433323957 25.543425793368186 0 110 142 198
v -14.724048690772392 22.386828435414245 0 110 142 198
v -12.025537789846368 23.944814430475034 0 110 142 198
v -13.721167920077548 27.321091609977884 0 110 142 198
v -13.721167920077548 27.321091609977884 0 110 142 198
v -12.025537789846368 23.944814430475034 0 110 142 198
v -9.1644021199289796 25.178987887306945 0 110 142 198
v -10.456605149154541 28.729286531455031 0 110 142 198
v -10.456605149154541 28.729286531455031 0 110 142 198
v -9.1644021199289796 25.178987887306945 0 110 142 198
v -6.1793336327236972 26.072658727111019 0 110 142 198
v -7.0506347317268592 29.748967137222365 0 110 142 198
v -7.0506347317268592 29.748967137222365 0 118 150 205
v -6.1793336327236972 26.072658727111019 0 118 150 205
v -3.1107002586831101 26.613741584856825 0 118 150 205
v -3.5493165748028446 30.366343996332503 0 118 150 205
v -3.5493165748028446 30.366343996332503 0 118 150 205
v -3.1107002586831101 26.613741584856825 0 118 150 205
v 0 26.79491924311229 0 118 150 205
v 0 30.57306814586606 0 118 150 205
v 0 30.57306814586606 0 118 150 205
v 0 26.79491924311229 0 118 150 205
v 3.1107002586831101 26.613741584856825 0 118 150 205
v 3.5493165748028304 30.366343996332503 0 118 150 205
v 3.5493165748028304 30.366343996332503 0 251 231 78
v 3.1107002586831101 26.613741584856825 0 251 231 78
v 6.1793336327237114 26.072658727111019 0 251 231 78
v 7.0506347317268592 29.74896713722238 0 251 231 78
v 7.0506347317268592 29.74896713722238 0 251 231 78
v 6.1793336327237114 26.072658727111019 0 251 231 78
v 9.1644021199289796 25.178987887306945 0 251 231 78
v 10.456605149154541 28.729286531455045 0 251 231 78
v 10.456605149154541 28.729286531455045 0 251 231 78
v 9.1644021199289796 25.178987887306945 0 251 231 78
v 12.025537789846382 23.944814430475034 0 251 231 78
v 13.721167920077548 27.321091609977898 0 251 231 78
v 13.721167920077548 27.321091609977898 0 234 126 2
v 12.025537789846382 23.944814430475034 0 234 126 2
v 14.724048690772406 22.386828435414259 0 234 126 2
v 16.800175433323972 25.543425793368201 0 234 126 2
v 16.800175433323972 25.543425793368201 0 234 126 2
v 14.724048690772406 22.386828435414259 0 234 126 2
v 17.223442092024001 20.526098990007938 0 234 126 2
v 19.65198939426493 23.420328962238543 0 234 126 2
v 19.65198939426493 23.420328962238543 0 234 126 2
v 17.223442092024001 20.526098990007938 0 234 126 2
v 19.489917985518346 18.387789267953821 0 234 126 2
v 22.238043911319579 20.980512359091534 0 234 126 2
v 22.238043911319579 20.980512359091534 0 234 115 0
v 19.489917985518346 18.387789267953821 0 234 115 0
v 21.492826172898802 16.000816240006813 0 234 115 0
v 24.523367033479616 18.256970318018702 0 234 115 0
v 24.523367033479616 18.256970318018702 0 234 115 0
v 21.492826172898802 16.000816240006813 0 234 115 0
v 23.205080756887753 13.397459621556138 0 234 115 0
v 26.477053685952818 15.286534072933037 0 234 115 0
v 26.477053685952818 15.286534072933037 0 234 115 0
v 23.205080756887753 13.397459621556138 0 234 115 0
v 24.603526431581912 10.612925344850012 0 234 115 0
v 28.07268360828246 12.10937367831383 0 234 115 0
v 28.07268360828246 12.10937367831383 0 239 156 21
v 24.603526431581912 10.612925344850012 0 239 156 21
v 25.669251618242058 7.6848694591571984 0 239 156 21
v 29.288678643046445 8.7684547781308453 0 239 156 21
v 29.288678643046445 8.7684547781308453 0 239 156 21
v 25.669251618242058 7.6848694591571984 0 239 156 21
v 26.387844211952995 4.6528888972990075 0 239 156 21
v 30.108594543419485 5.308957569216517 0 239 156 21
v 30.108594543419485 5.308957569216517 0 239 156 21
v 26.387844211952995 4.6528888972990075 0 239 156 21
v 26.749586480618802 1.5579859950607755 0 239 156 21
v 30.521343353401534 1.7776658166096979 0 239 156 21
v 30.521343353401534 1.7776658166096979 0 249 215 63
v 26.749586480618802 1.5579859950607755 0 249 215 63
v 26.749586480618802 -1.5579859950607897 0 249 215 63
v 30.521343353401534 -1.7776658166096979 0 249 215 63
v 30.521343353401534 -1.7776658166096979 0 249 215 63
v 26.749586480618802 -1.5579859950607897 0 249 215 63
v 26.387844211952995 -4.6528888972990217 0 249 215 63
v 30.108594543419485 -5.308957569216517 0 249 215 63
v 30.108594543419485 -5.308957569216517 0 249 215 63
v 26.387844211952995 -4.6528888972990217 0 249 215 63
v 25.669251618242058 -7.6848694591572126 0 249 215 63
v 29.288678643046453 -8.7684547781308453 0 249 215 63
v 29.288678643046453 -8.7684547781308453 0 246 198 51
v 25.669251618242058 -7.6848694591572126 0 246 198 51
v 24.603526431581912 -10.612925344850026 0 246 198 51
v 28.072683608282475 -12.10937367831383 0 246 198 51
v 28.072683608282475 -12.10937367831383 0 246 198 51
v 24.603526431581912 -10.612925344850026 0 246 198 51
v 23.205080756887753 -13.397459621556152 0 246 198 51
v 26.477053685952832 -15.286534072933037 0 246 198 51
v 26.477053685952832 -15.286534072933037 0 246 198 51
v 23.205080756887753 -13.397459621556152 0 246 198 51
v 21.492826172898802 -16.000816240006827 0 246 198 51
v 24.52336703347963 -18.256970318018702 0 246 198 51
v 24.52336703347963 -18.256970318018702 0 234 101 0
v 21.492826172898802 -16.000816240006827 0 234 101 0
v 19.489917985518346 -18.387789267953835 0 234 101 0
v 22.238043911319593 -20.980512359091549 0 234 101 0
v 22.238043911319593 -20.980512359091549 0 234 101 0
v 19.489917985518346 -18.387789267953835 0 234 101 0
v 17.223442092024015 -20.526098990007952 0 234 101 0
v 19.65198939426493 -23.420328962238543 0 234 101 0
v 19.65198939426493 -23.420328962238543 0 234 101 0
v 17.223442092024015 -20.526098990007952 0 234 101 0
v 14.724048690772406 -22.386828435414273 0 234 101 0
v 16.800175433323986 -25.543425793368215 0 234 101 0
v 16.800175433323986 -25.543425793368215 0 234 47 0
v 14.724048690772406 -22.386828435414273 0 234 47 0
v 12.025537789846382 -23.944814430475063 0 234 47 0
v 13.721167920077562 -27.321091609977927 0 234 47 0
v 13.721167920077562 -27.321091609977927 0 234 47 0
v 12.025537789846382 -23.944814430475063 0 234 47 0
v 9.1644021199289796 -25.178987887306974 0 234 47 0
v 10.456605149154555 -28.729286531455074 0 234 47 0
v 10.456605149154555 -28.729286531455074 0 234 47 0
v 9.1644021199289796 -25.178987887306974 0 234 47 0
v 6.1793336327236972 -26.072658727111047 0 234 47 0
v 7.0506347317268734 -29.748967137222394 0 234 47 0
v 7.0506347317268734 -29.748967137222394 0 250 233 83
v 6.1793336327236972 -26.072658727111047 0 250 233 83
v 3.1107002586831101 -26.613741584856868 0 250 233 83
v 3.5493165748028446 -30.366343996332546 0 250 233 83
v 3.5493165748028446 -30.366343996332546 0 250 233 83
v 3.1107002586831101 -26.613741584856868 0 250 233 83
v 0 -26.794919243112304 0 250 233 83
v 0 -30.573068145866088 0 250 233 83
v 0 -30.573068145866088 0 250 233 83
v 0 -26.794919243112304 0 250 233 83
v -3.1107002586831243 -26.613741584856868 0 250 233 83
v -3.5493165748028446 -30.366343996332546 0 250 233 83
v -3.5493165748028446 -30.366343996332546 0 127 158 212
v -3.1107002586831243 -26.613741584856868 0 127 158 212
v -6.1793336327237114 -26.072658727111062 0 127 158 212
v -7.0506347317268734 -29.748967137222408 0 127 158 212
v -7.0506347317268734 -29.748967137222408 0 127 158 212
v -6.1793336327237114 -26.072658727111062 0 127 158 212
v -9.1644021199289938 -25.178987887306974 0 127 158 212
v -10.456605149154555 -28.729286531455088 0 127 158 212
v -10.456605149154555 -28.729286531455088 0 127 158 212
v -9.1644021199289938 -25.178987887306974 0 127 158 212
v -12.025537789846396 -23.944814430475063 0 127 158 212
v -13.721167920077562 -27.321091609977927 0 127 158 212
v -13.721167920077562 -27.321091609977927 0 110 142 198
v -12.025537789846396 -23.944814430475063 0 110 142 198
v -14.724048690772435 -22.386828435414287 0 110 142 198
v -16.800175433323986 -25.543425793368229 0 110 142 198
v -16.800175433323986 -25.543425793368229 0 110 142 198
v -14.724048690772435 -22.386828435414287 0 110 142 198
v -17.22344209202403 -20.526098990007952 0 110 142 198
v -19.651989394264945 -23.420328962238571 0 110 142 198
v -19.651989394264945 -23.420328962238571 0 110 142 198
v -17.22344209202403 -20.526098990007952 0 110 142 198
v -19.489917985518375 -18.387789267953835 0 110 142 198
v -22.238043911319593 -20.980512359091563 0 110 142 198
v -22.238043911319593 -20.980512359091563 0 106 138 194
v -19.489917985518375 -18.387789267953835 0 106 138 194
v -21.492826172898816 -16.000816240006841 0 106 138 194
v -24.523367033479644 -18.256970318018716 0 106 138 194
v -24.523367033479644 -18.256970318018716 0 106 138 194
v -21.492826172898816 -16.000816240006841 0 106 138 194
v -23.205080756887781 -13.397459621556152 0 106 138 194
v -26.477053685952853 -15.286534072933051 0 106 138 194
v -26.477053685952853 -15.286534072933051 0 106 138 194
v -23.205080756887781 -13.397459621556152 0 106 138 194
v -24.60352643158194 -10.612925344850026 0 106 138 194
v -28.072683608282489 -12.109373678313844 0 106 138 194
v -28.072683608282489 -12.109373678313844 0 103 135 192
v -24.60352643158194 -10.612925344850026 0 103 135 192
v -25.669251618242086 -7.6848694591572126 0 103 135 192
v -29.288678643046481 -8.7684547781308595 0 103 135 192
v -29.288678643046481 -8.7684547781308595 0 103 135 192
v -25.669251618242086 -7.6848694591572126 0 103 135 192
v -26.387844211953023 -4.6528888972990217 0 103 135 192
v -30.108594543419514 -5.3089575692165312 0 103 135 192
v -30.108594543419514 -5.3089575692165312 0 103 135 192
v -26.387844211953023 -4.6528888972990217 0 103 135 192
v -26.749586480618831 -1.5579859950607755 0 103 135 192
v -30.521343353401576 -1.7776658166096979 0 103 135 192
v -26.692956485784933 -2.3353310884969716 0 105 137 194
v -22.998966795731789 -2.0121488674356698 0 105 137 194
v -22.998966795731789 2.0121488674356698 0 105 137 194
v -26.692956485784933 2.3353310884969716 0 105 137 194
v -26.692956485784933 2.3353310884969716 0 105 137 194
v -22.998966795731789 2.0121488674356698 0 105 137 194
v -22.300154827682221 5.9753084771664504 0 105 137 194
v -25.881904510252085 6.9350354121014846 0 105 137 194
v -25.881904510252085 6.9350354121014846 0 105 137 194
v -22.300154827682221 5.9753084771664504 0 105 137 194
v -20.92376393961635 9.7569113624705039 0 105 137 194
v -24.284443963050833 11.324022194006531 0 105 137 194
v -24.284443963050833 11.324022194006531 0 107 139 195
v -20.92376393961635 9.7569113624705039 0 107 139 195
v -18.91161507218068 13.242055433261271 0 107 139 195
v -21.949112874553862 15.368934291778402 0 107 139 195
v -21.949112874553862 15.368934291778402 0 107 139 195
v -18.91161507218068 13.242055433261271 0 107 139 195
v -16.324846350515756 16.324846350515756 0 107 139 195
v -18.9468690981506 18.9468690981506 0 107 139 195
v -18.9468690981506 18.9468690981506 0 107 139 195
v -16.324846350515756 16.324846350515756 0 107 139 195
v -13.242055433261271 18.911615072180666 0 107 139 195
v -15.368934291778402 21.949112874553862 0 107 139 195
v -15.368934291778402 21.949112874553862 0 111 143 199
v -13.242055433261271 18.911615072180666 0 111 143 199
v -9.7569113624705039 20.923763939616336 0 111 143 199
v -11.324022194006531 24.284443963050833 0 111 143 199
v -11.324022194006531 24.284443963050833 0 111 143 199
v -9.7569113624705039 20.923763939616336 0 111 143 199
v -5.9753084771664504 22.300154827682206 0 111 143 199
v -6.9350354121014846 25.88190451025207 0 111 143 199
v -6.9350354121014846 25.88190451025207 0 111 143 199
v -5.9753084771664504 22.300154827682206 0 111 143 199
v -2.012148867435684 22.998966795731775 0 111 143 199
v -2.3353310884969716 26.692956485784933 0 111 143 199
v -2.3353310884969716 26.692956485784933 0 121 153 207
v -2.012148867435684 22.998966795731775 0 121 153 207
v 2.0121488674356698 22.998966795731775 0 121 153 207
v 2.3353310884969574 26.692956485784933 0 121 153 207
v 2.3353310884969574 26.692956485784933 0 121 153 207
v 2.0121488674356698 22.998966795731775 0 121 153 207
v 5.9753084771664504 22.300154827682206 0 121 153 207
v 6.9350354121014703 25.88190451025207 0 121 153 207
v 6.9350354121014703 25.88190451025207 0 121 153 207
v 5.9753084771664504 22.300154827682206 0 121 153 207
v 9.7569113624705039 20.923763939616336 0 121 153 207
v 11.324022194006517 24.284443963050819 0 121 153 207
v 11.324022194006517 24.284443963050819 0 247 201 54
v 9.7569113624705039 20.923763939616336 0 247 201 54
v 13.242055433261271 18.911615072180666 0 247 201 54
v 15.368934291778388 21.949112874553848 0 247 201 54
v 15.368934291778388 21.949112874553848 0 247 201 54
v 13.242055433261271 18.911615072180666 0 247 201 54
v 16.324846350515756 16.324846350515756 0 247 201 54
v 18.946869098150586 18.9468690981506 0 247 201 54
v 18.946869098150586 18.9468690981506 0 247 201 54
v 16.324846350515756 16.324846350515756 0 247 201 54
v 18.911615072180666 13.242055433261271 0 247 201 54
v 21.949112874553848 15.368934291778402 0 247 201 54
v 21.949112874553848 15.368934291778402 0 234 38 0
v 18.911615072180666 13.242055433261271 0 234 38 0
v 20.923763939616336 9.7569113624705039 0 234 38 0
v 24.284443963050819 11.324022194006531 0 234 38 0
v 24.284443963050819 11.324022194006531 0 234 38 0
v 20.923763939616336 9.7569113624705039 0 234 38 0
v 22.300154827682192 5.9753084771664504 0 234 38 0
v 25.881904510252056 6.9350354121014703 0 234 38 0
v 25.881904510252056 6.9350354121014703 0 234 38 0
v 22.300154827682192 5.9753084771664504 0 234 38 0
v 22.998966795731761 2.012148867435684 0 234 38 0
v 26.692956485784912 2.3353310884969716 0 234 38 0
v 26.692956485784912 2.3353310884969716 0 234 74 0
v 22.998966795731761 2.012148867435684 0 234 74 0
v 22.998966795731761 -2.0121488674356698 0 234 74 0
v 26.692956485784912 -2.3353310884969574 0 234 74 0
v 26.692956485784912 -2.3353310884969574 0 234 74 0
v 22.998966795731761 -2.0121488674356698 0 234 74 0
v 22.300154827682206 -5.9753084771664362 0 234 74 0
v 25.881904510252056 -6.9350354121014703 0 234 74 0
v 25.881904510252056 -6.9350354121014703 0 234 74 0
v 22.300154827682206 -5.9753084771664362 0 234 74 0
v 20.923763939616336 -9.7569113624704897 0 234 74 0
v 24.284443963050819 -11.324022194006517 0 234 74 0
v 24.284443963050819 -11.324022194006517 0 234 72 0
v 20.923763939616336 -9.7569113624704897 0 234 72 0
v 18.911615072180666 -13.242055433261257 0 234 72 0
v 21.949112874553848 -15.368934291778388 0 234 72 0
v 21.949112874553848 -15.368934291778388 0 234 72 0
v 18.911615072180666 -13.242055433261257 0 234 72 0
v 16.324846350515756 -16.324846350515742 0 234 72 0
v 18.946869098150586 -18.946869098150586 0 234 72 0
v 18.946869098150586 -18.946869098150586 0 234 72 0
v 16.324846350515756 -16.324846350515742 0 234 72 0
v 13.242055433261271 -18.911615072180652 0 234 72 0
v 15.368934291778402 -21.949112874553848 0 234 72 0
v 15.368934291778402 -21.949112874553848 0 241 168 29
v 13.242055433261271 -18.911615072180652 0 241 168 29
v 9.7569113624705039 -20.923763939616336 0 241 168 29
v 11.324022194006517 -24.284443963050805 0 241 168 29
v 11.324022194006517 -24.284443963050805 0 241 168 29
v 9.7569113624705039 -20.923763939616336 0 241 168 29
v 5.9753084771664504 -22.300154827682192 0 241 168 29
v 6.9350354121014703 -25.881904510252056 0 241 168 29
v 6.9350354121014703 -25.881904510252056 0 241 168 29
v 5.9753084771664504 -22.300154827682192 0 241 168 29
v 2.012148867435684 -22.998966795731761 0 241 168 29
v 2.3353310884969716 -26.692956485784904 0 241 168 29
v 2.3353310884969716 -26.692956485784904 0 120 152 206
v 2.012148867435684 -22.998966795731761 0 120 152 206
v -2.0121488674356698 -22.998966795731761 0 120 152 206
v -2.3353310884969574 -26.692956485784904 0 120 152 206
v -2.3353310884969574 -26.692956485784904 0 120 152 206
v -2.0121488674356698 -22.998966795731761 0 120 152 206
v -5.9753084771664362 -22.300154827682192 0 120 152 206
v -6.9350354121014703 -25.881904510252056 0 120 152 206
v -6.9350354121014703 -25.881904510252056 0 120 152 206
v -5.9753084771664362 -22.300154827682192 0 120 152 206
v -9.7569113624704897 -20.923763939616336 0 120 152 206
v -11.324022194006503 -24.284443963050805 0 120 152 206
v -11.324022194006503 -24.284443963050805 0 111 143 199
v -9.7569113624704897 -20.923763939616336 0 111 143 199
v -13.242055433261257 -18.911615072180666 0 111 143 199
v -15.368934291778388 -21.949112874553833 0 111 143 199
v -15.368934291778388 -21.949112874553833 0 111 143 199
v -13.242055433261257 -18.911615072180666 0 111 143 199
v -16.324846350515742 -16.324846350515756 0 111 143 199
v -18.946869098150572 -18.946869098150572 0 111 143 199
v -18.946869098150572 -18.946869098150572 0 111 143 199
v -16.324846350515742 -16.324846350515756 0 111 143 199
v -18.911615072180652 -13.242055433261271 0 111 143 199
v -21.949112874553833 -15.368934291778388 0 111 143 199
v -21.949112874553833 -15.368934291778388 0 107 139 195
v -18.911615072180652 -13.242055433261271 0 107 139 195
v -20.923763939616308 -9.7569113624705039 0 107 139 195
v -24.284443963050791 -11.324022194006517 0 107 139 195
v -24.284443963050791 -11.324022194006517 0 107 139 195
v -20.923763939616308 -9.7569113624705039 0 107 139 195
v -22.300154827682178 -5.9753084771664504 0 107 139 195
v -25.881904510252028 -6.9350354121014703 0 107 139 195
v -25.881904510252028 -6.9350354121014703 0 107 139 195
v -22.300154827682178 -5.9753084771664504 0 107 139 195
v -22.998966795731747 -2.012148867435684 0 107 139 195
v -26.69295648578489 -2.3353310884969716 0 107 139 195
v -22.998966795731775 -2.0121488674356698 0 105 137 194
v -19.364063337642975 -1.6941360218417287 0 105 137 194
v -19.364063337642975 1.6941360218417287 0 105 137 194
v -22.998966795731775 2.0121488674356698 0 105 137 194
v -22.998966795731775 2.0121488674356698 0 105 137 194
v -19.364063337642975 1.6941360218417287 0 105 137 194
v -18.775696071817535 5.0309325997757099 0 105 137 194
v -22.300154827682206 5.9753084771664504 0 105 137 194
v -22.300154827682206 5.9753084771664504 0 105 137 194
v -18.775696071817535 5.0309325997757099 0 105 137 194
v -17.616838781810557 8.2148668364402369 0 105 137 194
v -20.923763939616336 9.7569113624705039 0 105 137 194
v -20.923763939616336 9.7569113624705039 0 107 139 195
v -17.616838781810557 8.2148668364402369 0 107 139 195
v -15.922702759968828 11.149196501202724 0 107 139 195
v -18.911615072180666 13.242055433261271 0 107 139 195
v -18.911615072180666 13.242055433261271 0 107 139 195
v -15.922702759968828 11.149196501202724 0 107 139 195
v -13.744763472041811 13.744763472041811 0 107 139 195
v -16.324846350515756 16.324846350515756 0 107 139 195
v -16.324846350515756 16.324846350515756 0 107 139 195
v -13.744763472041811 13.744763472041811 0 107 139 195
v -11.149196501202724 15.922702759968828 0 107 139 195
v -13.242055433261271 18.911615072180666 0 107 139 195
v -13.242055433261271 18.911615072180666 0 111 143 199
v -11.149196501202724 15.922702759968828 0 111 143 199
v -8.2148668364402369 17.616838781810557 0 111 143 199
v -9.7569113624705039 20.923763939616336 0 111 143 199
v -9.7569113624705039 20.923763939616336 0 111 143 199
v -8.2148668364402369 17.616838781810557 0 111 143 199
v -5.0309325997757099 18.775696071817521 0 111 143 199
v -5.9753084771664504 22.300154827682206 0 111 143 199
v -5.9753084771664504 22.300154827682206 0 111 143 199
v -5.0309325997757099 18.775696071817521 0 111 143 199
v -1.6941360218417287 19.364063337642961 0 111 143 199
v -2.012148867435684 22.998966795731761 0 111 143 199
v -2.012148867435684 22.998966795731761 0 121 153 207
v -1.6941360218417287 19.364063337642961 0 121 153 207
v 1.6941360218417287 19.364063337642961 0 121 153 207
v 2.0121488674356698 22.998966795731761 0 121 153 207
v 2.0121488674356698 22.998966795731761 0 121 153 207
v 1.6941360218417287 19.364063337642961 0 121 153 207
v 5.0309325997757099 18.775696071817521 0 121 153 207
v 5.9753084771664504 22.300154827682192 0 121 153 207
v 5.9753084771664504 22.300154827682192 0 121 153 207
v 5.0309325997757099 18.775696071817521 0 121 153 207
v 8.2148668364402369 17.616838781810557 0 121 153 207
v 9.7569113624705039 20.923763939616336 0 121 153 207
v 9.7569113624705039 20.923763939616336 0 247 201 54
v 8.2148668364402369 17.616838781810557 0 247 201 54
v 11.149196501202724 15.922702759968828 0 247 201 54
v 13.242055433261257 18.911615072180652 0 247 201 54
v 13.242055433261257 18.911615072180652 0 247 201 54
v 11.149196501202724 15.922702759968828 0 247 201 54
v 13.744763472041811 13.744763472041811 0 247 201 54
v 16.324846350515742 16.324846350515756 0 247 201 54
v 16.324846350515742 16.324846350515756 0 247 201 54
v 13.744763472041811 13.744763472041811 0 247 201 54
v 15.922702759968814 11.149196501202724 0 247 201 54
v 18.911615072180652 13.242055433261271 0 247 201 54
v 18.911615072180652 13.242055433261271 0 234 38 0
v 15.922702759968814 11.149196501202724 0 234 38 0
v 17.616838781810543 8.2148668364402369 0 234 38 0
v 20.923763939616336 9.7569113624705039 0 234 38 0
v 20.923763939616336 9.7569113624705039 0 234 38 0
v 17.616838781810543 8.2148668364402369 0 234 38 0
v 18.775696071817521 5.0309325997757099 0 234 38 0
v 22.300154827682192 5.9753084771664504 0 234 38 0
v 22.300154827682192 5.9753084771664504 0 234 38 0
v 18.775696071817521 5.0309325997757099 0 234 38 0
v 19.364063337642946 1.6941360218417287 0 234 38 0
v 22.998966795731761 2.012148867435684 0 234 38 0
v 22.998966795731761 2.012148867435684 0 234 74 0
v 19.364063337642946 1.6941360218417287 0 234 74 0
v 19.364063337642946 -1.6941360218417287 0 234 74 0
v 22.998966795731761 -2.0121488674356698 0 234 74 0
v 22.998966795731761 -2.0121488674356698 0 234 74 0
v 19.364063337642946 -1.6941360218417287 0 234 74 0
v 18.775696071817507 -5.0309325997757099 0 234 74 0
v 22.300154827682192 -5.9753084771664362 0 234 74 0
v 22.300154827682192 -5.9753084771664362 0 234 74 0
v 18.775696071817507 -5.0309325997757099 0 234 74 0
v 17.616838781810543 -8.2148668364402369 0 234 74 0
v 20.923763939616336 -9.7569113624704897 0 234 74 0
v 20.923763939616336 -9.7569113624704897 0 234 72 0
v 17.616838781810543 -8.2148668364402369 0 234 72 0
v 15.922702759968814 -11.149196501202724 0 234 72 0
v 18.911615072180652 -13.242055433261257 0 234 72 0
v 18.911615072180652 -13.242055433261257 0 234 72 0
v 15.922702759968814 -11.149196501202724 0 234 72 0
v 13.744763472041811 -13.744763472041811 0 234 72 0
v 16.324846350515742 -16.324846350515742 0 234 72 0
v 16.324846350515742 -16.324846350515742 0 234 72 0
v 13.744763472041811 -13.744763472041811 0 234 72 0
v 11.149196501202724 -15.922702759968814 0 234 72 0
v 13.242055433261257 -18.911615072180652 0 234 72 0
v 13.242055433261257 -18.911615072180652 0 241 168 29
v 11.149196501202724 -15.922702759968814 0 241 168 29
v 8.2148668364402369 -17.616838781810543 0 241 168 29
v 9.7569113624705039 -20.923763939616308 0 241 168 29
v 9.7569113624705039 -20.923763939616308 0 241 168 29
v 8.2148668364402369 -17.616838781810543 0 241 168 29
v 5.0309325997757099 -18.775696071817507 0 241 168 29
v 5.9753084771664504 -22.300154827682178 0 241 168 29
v 5.9753084771664504 -22.300154827682178 0 241 168 29
v 5.0309325997757099 -18.775696071817507 0 241 168 29
v 1.6941360218417287 -19.364063337642946 0 241 168 29
v 2.012148867435684 -22.998966795731747 0 241 168 29
v 2.012148867435684 -22.998966795731747 0 120 152 206
v 1.6941360218417287 -19.364063337642946 0 120 152 206
v -1.6941360218417287 -19.364063337642946 0 120 152 206
v -2.0121488674356698 -22.998966795731747 0 120 152 206
v -2.0121488674356698 -22.998966795731747 0 120 152 206
v -1.6941360218417287 -19.364063337642946 0 120 152 206
v -5.0309325997757099 -18.775696071817507 0 120 152 206
v -5.9753084771664362 -22.300154827682178 0 120 152 206
v -5.9753084771664362 -22.300154827682178 0 120 152 206
v -5.0309325997757099 -18.775696071817507 0 120 152 206
v -8.2148668364402369 -17.616838781810543 0 120 152 206
v -9.7569113624704897 -20.923763939616322 0 120 152 206
v -9.7569113624704897 -20.923763939616322 0 111 143 199
v -8.2148668364402369 -17.616838781810543 0 111 143 199
v -11.149196501202709 -15.922702759968814 0 111 143 199
v -13.242055433261243 -18.911615072180652 0 111 143 199
v -13.242055433261243 -18.911615072180652 0 111 143 199
v -11.149196501202709 -15.922702759968814 0 111 143 199
v -13.744763472041797 -13.744763472041811 0 111 143 199
v -16.324846350515728 -16.324846350515742 0 111 143 199
v -16.324846350515728 -16.324846350515742 0 111 143 199
v -13.744763472041797 -13.744763472041811 0 111 143 199
v -15.922702759968814 -11.149196501202724 0 111 143 199
v -18.911615072180638 -13.242055433261257 0 111 143 199
v -18.911615072180638 -13.242055433261257 0 107 139 195
v -15.922702759968814 -11.149196501202724 0 107 139 195
v -17.616838781810543 -8.2148668364402369 0 107 139 195
v -20.923763939616308 -9.7569113624705039 0 107 139 195
v -20.923763939616308 -9.7569113624705039 0 107 139 195
v -17.616838781810543 -8.2148668364402369 0 107 139 195
v -18.775696071817507 -5.0309325997757099 0 107 139 195
v -22.300154827682164 -5.9753084771664504 0 107 139 195
v -22.300154827682164 -5.9753084771664504 0 107 139 195
v -18.775696071817507 -5.0309325997757099 0 107 139 195
v -19.364063337642946 -1.6941360218417287 0 107 139 195
v -22.998966795731732 -2.012148867435684 0 107 139 195
v -19.364063337642961 -1.6941360218417287 0 105 137 194
v -15.778173971153151 -1.3804113536157132 0 105 137 194
v -15.778173971153151 1.3804113536157132 0 105 137 194
v -19.364063337642961 1.6941360218417287 0 105 137 194
v -19.364063337642961 1.6941360218417287 0 105 137 194
v -15.778173971153151 1.3804113536157132 0 105 137 194
v -15.298762139180923 4.0992909603893679 0 105 137 194
v -18.775696071817521 5.0309325997757099 0 105 137 194
v -18.775696071817521 5.0309325997757099 0 105 137 194
v -15.298762139180923 4.0992909603893679 0 105 137 194
v -14.354505161156879 6.6936156856728957 0 105 137 194
v -17.616838781810557 8.2148668364402369 0 105 137 194
v -17.616838781810557 8.2148668364402369 0 107 139 195
v -14.354505161156879 6.6936156856728957 0 107 139 195
v -12.974093807541166 9.0845582854802416 0 107 139 195
v -15.922702759968828 11.149196501202724 0 107 139 195
v -15.922702759968828 11.149196501202724 0 107 139 195
v -12.974093807541166 9.0845582854802416 0 107 139 195
v -11.199471178791569 11.199471178791555 0 107 139 195
v -13.744763472041811 13.744763472041811 0 107 139 195
v -13.744763472041811 13.744763472041811 0 107 139 195
v -11.199471178791569 11.199471178791555 0 107 139 195
v -9.0845582854802416 12.974093807541166 0 107 139 195
v -11.149196501202724 15.922702759968828 0 107 139 195
v -11.149196501202724 15.922702759968828 0 111 143 199
v -9.0845582854802416 12.974093807541166 0 111 143 199
v -6.6936156856728957 14.354505161156865 0 111 143 199
v -8.2148668364402369 17.616838781810543 0 111 143 199
v -8.2148668364402369 17.616838781810543 0 111 143 199
v -6.6936156856728957 14.354505161156865 0 111 143 199
v -4.0992909603893679 15.298762139180923 0 111 143 199
v -5.0309325997757099 18.775696071817521 0 111 143 199
v -5.0309325997757099 18.775696071817521 0 111 143 199
v -4.0992909603893679 15.298762139180923 0 111 143 199
v -1.3804113536157132 15.778173971153137 0 111 143 199
v -1.6941360218417287 19.364063337642946 0 111 143 199
v -1.6941360218417287 19.364063337642946 0 121 153 207
v -1.3804113536157132 15.778173971153137 0 121 153 207
v 1.3804113536157132 15.778173971153137 0 121 153 207
v 1.6941360218417287 19.364063337642946 0 121 153 207
v 1.6941360218417287 19.364063337642946 0 121 153 207
v 1.3804113536157132 15.778173971153137 0 121 153 207
v 4.0992909603893537 15.298762139180923 0 121 153 207
v 5.0309325997757099 18.775696071817507 0 121 153 207
v 5.0309325997757099 18.775696071817507 0 121 153 207
v 4.0992909603893537 15.298762139180923 0 121 153 207
v 6.6936156856728957 14.354505161156865 0 121 153 207
v 8.2148668364402369 17.616838781810543 0 121 153 207
v 8.2148668364402369 17.616838781810543 0 247 201 54
v 6.6936156856728957 14.354505161156865 0 247 201 54
v 9.0845582854802274 12.974093807541166 0 247 201 54
v 11.149196501202724 15.922702759968814 0 247 201 54
v 11.149196501202724 15.922702759968814 0 247 201 54
v 9.0845582854802274 12.974093807541166 0 247 201 54
v 11.199471178791555 11.199471178791555 0 247 201 54
v 13.744763472041811 13.744763472041811 0 247 201 54
v 13.744763472041811 13.744763472041811 0 247 201 54
v 11.199471178791555 11.199471178791555 0 247 201 54
v 12.974093807541152 9.0845582854802416 0 247 201 54
v 15.922702759968814 11.149196501202724 0 247 201 54
v 15.922702759968814 11.149196501202724 0 234 38 0
v 12.974093807541152 9.0845582854802416 0 234 38 0
v 14.354505161156865 6.6936156856728957 0 234 38 0
v 17.616838781810543 8.2148668364402369 0 234 38 0
v 17.616838781810543 8.2148668364402369 0 234 38 0
v 14.354505161156865 6.6936156856728957 0 234 38 0
v 15.298762139180909 4.0992909603893679 0 234 38 0
v 18.775696071817507 5.0309325997757099 0 234 38 0
v 18.775696071817507 5.0309325997757099 0 234 38 0
v 15.298762139180909 4.0992909603893679 0 234 38 0
v 15.778173971153137 1.3804113536157132 0 234 38 0
v 19.364063337642946 1.6941360218417287 0 234 38 0
v 19.364063337642946 1.6941360218417287 0 234 74 0
v 15.778173971153137 1.3804113536157132 0 234 74 0
v 15.778173971153137 -1.380411353615699 0 234 74 0
v 19.364063337642946 -1.6941360218417287 0 234 74 0
v 19.364063337642946 -1.6941360218417287 0 234 74 0
v 15.778173971153137 -1.380411353615699 0 234 74 0
v 15.298762139180923 -4.0992909603893537 0 234 74 0
v 18.775696071817507 -5.0309325997757099 0 234 74 0
v 18.775696071817507 -5.0309325997757099 0 234 74 0
v 15.298762139180923 -4.0992909603893537 0 234 74 0
v 14.354505161156865 -6.6936156856728957 0 234 74 0
v 17.616838781810543 -8.2148668364402369 0 234 74 0
v 17.616838781810543 -8.2148668364402369 0 234 72 0
v 14.354505161156865 -6.6936156856728957 0 234 72 0
v 12.974093807541166 -9.0845582854802274 0 234 72 0
v 15.922702759968814 -11.149196501202709 0 234 72 0
v 15.922702759968814 -11.149196501202709 0 234 72 0
v 12.974093807541166 -9.0845582854802274 0 234 72 0
v 11.199471178791569 -11.199471178791555 0 234 72 0
v 13.744763472041811 -13.744763472041797 0 234 72 0
v 13.744763472041811 -13.744763472041797 0 234 72 0
v 11.199471178791569 -11.199471178791555 0 234 72 0
v 9.0845582854802416 -12.974093807541152 0 234 72 0
v 11.149196501202724 -15.922702759968814 0 234 72 0
v 11.149196501202724 -15.922702759968814 0 241 168 29
v 9.0845582854802416 -12.974093807541152 0 241 168 29
v 6.6936156856729099 -14.354505161156865 0 241 168 29
v 8.2148668364402369 -17.616838781810543 0 241 168 29
v 8.2148668364402369 -17.616838781810543 0 241 168 29
v 6.6936156856729099 -14.354505161156865 0 241 168 29
v 4.0992909603893679 -15.298762139180909 0 241 168 29
v 5.0309325997757099 -18.775696071817507 0 241 168 29
v 5.0309325997757099 -18.775696071817507 0 241 168 29
v 4.0992909603893679 -15.298762139180909 0 241 168 29
v 1.3804113536157132 -15.778173971153137 0 241 168 29
v 1.6941360218417287 -19.364063337642946 0 241 168 29
v 1.6941360218417287 -19.364063337642946 0 120 152 206
v 1.3804113536157132 -15.778173971153137 0 120 152 206
v -1.380411353615699 -15.778173971153137 0 120 152 206
v -1.6941360218417287 -19.364063337642946 0 120 152 206
v -1.6941360218417287 -19.364063337642946 0 120 152 206
v -1.380411353615699 -15.778173971153137 0 120 152 206
v -4.0992909603893537 -15.298762139180923 0 120 152 206
v -5.0309325997756957 -18.775696071817507 0 120 152 206
v -5.0309325997756957 -18.775696071817507 0 120 152 206
v -4.0992909603893537 -15.298762139180923 0 120 152 206
v -6.6936156856728957 -14.354505161156865 0 120 152 206
v -8.2148668364402226 -17.616838781810543 0 120 152 206
v -8.2148668364402226 -17.616838781810543 0 111 143 199
v -6.6936156856728957 -14.354505161156865 0 111 143 199
v -9.0845582854802274 -12.974093807541166 0 111 143 199
v -11.149196501202709 -15.922702759968814 0 111 143 199
v -11.149196501202709 -15.922702759968814 0 111 143 199
v -9.0845582854802274 -12.974093807541166 0 111 143 199
v -11.199471178791555 -11.199471178791569 0 111 143 199
v -13.744763472041797 -13.744763472041811 0 111 143 199
v -13.744763472041797 -13.744763472041811 0 111 143 199
v -11.199471178791555 -11.199471178791569 0 111 143 199
v -12.974093807541152 -9.0845582854802416 0 111 143 199
v -15.922702759968814 -11.149196501202724 0 111 143 199
v -15.922702759968814 -11.149196501202724 0 107 139 195
v -12.974093807541152 -9.0845582854802416 0 107 139 195
v -14.354505161156865 -6.6936156856729099 0 107 139 195
v -17.616838781810543 -8.2148668364402369 0 107 139 195
v -17.616838781810543 -8.2148668364402369 0 107 139 195
v -14.354505161156865 -6.6936156856729099 0 107 139 195
v -15.298762139180909 -4.0992909603893679 0 107 139 195
v -18.775696071817507 -5.0309325997757099 0 107 139 195
v -18.775696071817507 -5.0309325997757099 0 107 139 195
v -15.298762139180909 -4.0992909603893679 0 107 139 195
v -15.778173971153123 -1.3804113536157132 0 107 139 195
v -19.364063337642946 -1.6941360218417287 0 107 139 195
v -15.597822478810272 -2.7503169433152408 0 110 142 198
v -12.09191875273801 -2.1321315246423609 0 110 142 198
v -12.09191875273801 2.1321315246423609 0 110 142 198
v -15.597822478810272 2.7503169433152408 0 110 142 198
v -15.597822478810272 2.7503169433152408 0 110 142 198
v -12.09191875273801 2.1321315246423609 0 110 142 198
v -10.6334548934433 6.1392280451452308 0 110 142 198
v -13.716494888522888 7.9192220162268114 0 110 142 198
v -13.716494888522888 7.9192220162268114 0 110 142 198
v -10.6334548934433 6.1392280451452308 0 110 142 198
v -7.8924394409189347 9.4058430580473811 0 110 142 198
v -10.1807555807749 12.132952038712048 0 110 142 198
v -10.1807555807749 12.132952038712048 0 114 146 201
v -7.8924394409189347 9.4058430580473811 0 114 146 201
v -4.1994793118190756 11.537974582689742 0 114 146 201
v -5.4170668980353724 14.883268982027289 0 114 146 201
v -5.4170668980353724 14.883268982027289 0 114 146 201
v -4.1994793118190756 11.537974582689742 0 114 146 201
v 0 12.278456090290462 0 114 146 201
v 0 15.838444032453637 0 114 146 201
v 0 15.838444032453637 0 114 146 201
v 0 12.278456090290462 0 114 146 201
v 4.1994793118190756 11.537974582689742 0 114 146 201
v 5.4170668980353724 14.883268982027289 0 114 146 201
v 5.4170668980353724 14.883268982027289 0 156 186 235
v 4.1994793118190756 11.537974582689742 0 156 186 235
v 7.8924394409189347 9.4058430580473811 0 156 186 235
v 10.1807555807749 12.132952038712048 0 156 186 235
v 10.1807555807749 12.132952038712048 0 156 186 235
v 7.8924394409189347 9.4058430580473811 0 156 186 235
v 10.6334548934433 6.1392280451452308 0 156 186 235
v 13.716494888522888 7.9192220162268256 0 156 186 235
v 13.716494888522888 7.9192220162268256 0 156 186 235
v 10.6334548934433 6.1392280451452308 0 156 186 235
v 12.09191875273801 2.1321315246423609 0 156 186 235
v 15.597822478810286 2.7503169433152408 0 156 186 235
v 15.597822478810286 2.7503169433152408 0 245 239 103
v 12.09191875273801 2.1321315246423609 0 245 239 103
v 12.09191875273801 -2.1321315246423609 0 245 239 103
v 15.597822478810286 -2.7503169433152408 0 245 239 103
v 15.597822478810286 -2.7503169433152408 0 245 239 103
v 12.09191875273801 -2.1321315246423609 0 245 239 103
v 10.6334548934433 -6.1392280451452308 0 245 239 103
v 13.716494888522902 -7.9192220162268114 0 245 239 103
v 13.716494888522902 -7.9192220162268114 0 245 239 103
v 10.6334548934433 -6.1392280451452308 0 245 239 103
v 7.8924394409189489 -9.4058430580473811 0 245 239 103
v 10.180755580774914 -12.132952038712048 0 245 239 103
v 10.180755580774914 -12.132952038712048 0 159 189 238
v 7.8924394409189489 -9.4058430580473811 0 159 189 238
v 4.1994793118190756 -11.537974582689742 0 159 189 238
v 5.4170668980353867 -14.883268982027289 0 159 189 238
v 5.4170668980353867 -14.883268982027289 0 159 189 238
v 4.1994793118190756 -11.537974582689742 0 159 189 238
v 0 -12.278456090290462 0 159 189 238
v 0 -15.838444032453637 0 159 189 238
v 0 -15.838444032453637 0 159 189 238
v 0 -12.278456090290462 0 159 189 238
v -4.1994793118190614 -11.537974582689742 0 159 189 238
v -5.4170668980353724 -14.883268982027303 0 159 189 238
v -5.4170668980353724 -14.883268982027303 0 113 145 201
v -4.1994793118190614 -11.537974582689742 0 113 145 201
v -7.8924394409189347 -9.4058430580473811 0 113 145 201
v -10.1807555807749 -12.132952038712062 0 113 145 201
v -10.1807555807749 -12.132952038712062 0 113 145 201
v -7.8924394409189347 -9.4058430580473811 0 113 145 201
v -10.6334548934433 -6.139228045145245 0 113 145 201
v -13.716494888522888 -7.9192220162268256 0 113 145 201
v -13.716494888522888 -7.9192220162268256 0 113 145 201
v -10.6334548934433 -6.139228045145245 0 113 145 201
v -12.09191875273801 -2.1321315246423751 0 113 145 201
v -15.597822478810286 -2.750316943315255 0 113 145 201
v -12.09191875273801 -2.1321315246423609 0 110 142 198
v -8.6159514141006355 -1.5192246987791975 0 110 142 198
v -8.6159514141006355 1.5192246987791975 0 110 142 198
v -12.09191875273801 2.1321315246423609 0 110 142 198
v -12.09191875273801 2.1321315246423609 0 110 142 198
v -8.6159514141006355 1.5192246987791975 0 110 142 198
v -7.576740515659921 4.3744331762961934 0 110 142 198
v -10.6334548934433 6.1392280451452308 0 110 142 198
v -10.6334548934433 6.1392280451452308 0 110 142 198
v -7.576740515659921 4.3744331762961934 0 110 142 198
v -5.6236628902498609 6.702020452994006 0 110 142 198
v -7.8924394409189347 9.4058430580473811 0 110 142 198
v -7.8924394409189347 9.4058430580473811 0 114 146 201
v -5.6236628902498609 6.702020452994006 0 114 146 201
v -2.9922885238507746 8.2212451517732035 0 114 146 201
v -4.1994793118190756 11.537974582689742 0 114 146 201
v -4.1994793118190756 11.537974582689742 0 114 146 201
v -2.9922885238507746 8.2212451517732035 0 114 146 201
v 0 8.7488663525924011 0 114 146 201
v 0 12.278456090290462 0 114 146 201
v 0 12.278456090290462 0 114 146 201
v 0 8.7488663525924011 0 114 146 201
v 2.9922885238507746 8.2212451517732035 0 114 146 201
v 4.1994793118190756 11.537974582689742 0 114 146 201
v 4.1994793118190756 11.537974582689742 0 156 186 235
v 2.9922885238507746 8.2212451517732035 0 156 186 235
v 5.6236628902498609 6.702020452994006 0 156 186 235
v 7.8924394409189347 9.4058430580473811 0 156 186 235
v 7.8924394409189347 9.4058430580473811 0 156 186 235
v 5.6236628902498609 6.702020452994006 0 156 186 235
v 7.576740515659921 4.3744331762962076 0 156 186 235
v 10.6334548934433 6.1392280451452308 0 156 186 235
v 10.6334548934433 6.1392280451452308 0 156 186 235
v 7.576740515659921 4.3744331762962076 0 156 186 235
v 8.6159514141006355 1.5192246987791975 0 156 186 235
v 12.09191875273801 2.1321315246423609 0 156 186 235
v 12.09191875273801 2.1321315246423609 0 245 239 103
v 8.6159514141006355 1.5192246987791975 0 245 239 103
v 8.6159514141006355 -1.5192246987791975 0 245 239 103
v 12.09191875273801 -2.1321315246423609 0 245 239 103
v 12.09191875273801 -2.1321315246423609 0 245 239 103
v 8.6159514141006355 -1.5192246987791975 0 245 239 103
v 7.576740515659921 -4.3744331762961934 0 245 239 103
v 10.6334548934433 -6.1392280451452308 0 245 239 103
v 10.6334548934433 -6.1392280451452308 0 245 239 103
v 7.576740515659921 -4.3744331762961934 0 245 239 103
v 5.6236628902498609 -6.702020452994006 0 245 239 103
v 7.8924394409189489 -9.4058430580473811 0 245 239 103
v 7.8924394409189489 -9.4058430580473811 0 159 189 238
v 5.6236628902498609 -6.702020452994006 0 159 189 238
v 2.9922885238507746 -8.2212451517732035 0 159 189 238
v 4.1994793118190756 -11.537974582689742 0 159 189 238
v 4.1994793118190756 -11.537974582689742 0 159 189 238
v 2.9922885238507746 -8.2212451517732035 0 159 189 238
v 0 -8.7488663525924011 0 159 189 238
v 0 -12.278456090290462 0 159 189 238
v 0 -12.278456090290462 0 159 189 238
v 0 -8.7488663525924011 0 159 189 238
v -2.9922885238507746 -8.2212451517732035 0 159 189 238
v -4.1994793118190614 -11.537974582689742 0 159 189 238
v -4.1994793118190614 -11.537974582689742 0 113 145 201
v -2.9922885238507746 -8.2212451517732035 0 113 145 201
v -5.6236628902498609 -6.7020204529940202 0 113 145 201
v -7.8924394409189347 -9.4058430580473811 0 113 145 201
v -7.8924394409189347 -9.4058430580473811 0 113 145 201
v -5.6236628902498609 -6.7020204529940202 0 113 145 201
v -7.576740515659921 -4.3744331762962076 0 113 145 201
v -10.6334548934433 -6.139228045145245 0 113 145 201
v -10.6334548934433 -6.139228045145245 0 113 145 201
v -7.576740515659921 -4.3744331762962076 0 113 145 201
v -8.6159514141006355 -1.5192246987791975 0 113 145 201
v -12.09191875273801 -2.1321315246423751 0 113 145 201
v -8.6159514141006355 -1.5192246987791975 0 110 142 198
v -5.1611587356091633 -0.91005153680707451 0 110 142 198
v -5.1611587356091633 0.91005153680707451 0 110 142 198
v -8.6159514141006355 1.5192246987791975 0 110 142 198
v -8.6159514141006355 1.5192246987791975 0 110 142 198
v -5.1611587356091633 0.91005153680707451 0 110 142 198
v -4.5386468215041447 2.6203889641520561 0 110 142 198
v -7.576740515659921 4.3744331762962076 0 110 142 198
v -7.576740515659921 4.3744331762962076 0 110 142 198
v -4.5386468215041447 2.6203889641520561 0 110 142 198
v -3.368707117432578 4.0146688095979641 0 110 142 198
v -5.6236628902498609 6.702020452994006 0 110 142 198
v -5.6236628902498609 6.702020452994006 0 114 146 201
v -3.368707117432578 4.0146688095979641 0 114 146 201
v -1.7924516181765711 4.9247203464050386 0 114 146 201
v -2.9922885238507746 8.2212451517732035 0 114 146 201
v -2.9922885238507746 8.2212451517732035 0 114 146 201
v -1.7924516181765711 4.9247203464050386 0 114 146 201
v 0 5.2407779283041265 0 114 146 201
v 0 8.7488663525924011 0 114 146 201
v 0 8.7488663525924011 0 114 146 201
v 0 5.2407779283041265 0 114 146 201
v 1.7924516181765711 4.9247203464050386 0 114 146 201
v 2.9922885238507746 8.2212451517732035 0 114 146 201
v 2.9922885238507746 8.2212451517732035 0 156 186 235
v 1.7924516181765711 4.9247203464050386 0 156 186 235
v 3.368707117432578 4.0146688095979641 0 156 186 235
v 5.6236628902498609 6.7020204529940202 0 156 186 235
v 5.6236628902498609 6.7020204529940202 0 156 186 235
v 3.368707117432578 4.0146688095979641 0 156 186 235
v 4.5386468215041447 2.6203889641520561 0 156 186 235
v 7.576740515659921 4.3744331762962076 0 156 186 235
v 7.576740515659921 4.3744331762962076 0 156 186 235
v 4.5386468215041447 2.6203889641520561 0 156 186 235
v 5.1611587356091633 0.91005153680708872 0 156 186 235
v 8.6159514141006355 1.5192246987791975 0 156 186 235
v 8.6159514141006355 1.5192246987791975 0 245 239 103
v 5.1611587356091633 0.91005153680708872 0 245 239 103
v 5.1611587356091633 -0.91005153680707451 0 245 239 103
v 8.6159514141006355 -1.5192246987791975 0 245 239 103
v 8.6159514141006355 -1.5192246987791975 0 245 239 103
v 5.1611587356091633 -0.91005153680707451 0 245 239 103
v 4.5386468215041589 -2.6203889641520561 0 245 239 103
v 7.576740515659921 -4.3744331762962076 0 245 239 103
v 7.576740515659921 -4.3744331762962076 0 245 239 103
v 4.5386468215041589 -2.6203889641520561 0 245 239 103
v 3.368707117432578 -4.0146688095979641 0 245 239 103
v 5.6236628902498609 -6.702020452994006 0 245 239 103
v 5.6236628902498609 -6.702020452994006 0 159 189 238
v 3.368707117432578 -4.0146688095979641 0 159 189 238
v 1.7924516181765853 -4.9247203464050386 0 159 189 238
v 2.9922885238507746 -8.2212451517732035 0 159 189 238
v 2.9922885238507746 -8.2212451517732035 0 159 189 238
v 1.7924516181765853 -4.9247203464050386 0 159 189 238
v 0 -5.2407779283041265 0 159 189 238
v 0 -8.7488663525924011 0 159 189 238
v 0 -8.7488663525924011 0 159 189 238
v 0 -5.2407779283041265 0 159 189 238
v -1.7924516181765711 -4.9247203464050529 0 159 189 238
v -2.9922885238507746 -8.2212451517732177 0 159 189 238
v -2.9922885238507746 -8.2212451517732177 0 113 145 201
v -1.7924516181765711 -4.9247203464050529 0 113 145 201
v -3.368707117432578 -4.0146688095979641 0 113 145 201
v -5.6236628902498609 -6.7020204529940202 0 113 145 201
v -5.6236628902498609 -6.7020204529940202 0 113 145 201
v -3.368707117432578 -4.0146688095979641 0 113 145 201
v -4.5386468215041447 -2.6203889641520703 0 113 145 201
v -7.576740515659921 -4.3744331762962076 0 113 145 201
v -7.576740515659921 -4.3744331762962076 0 113 145 201
v -4.5386468215041447 -2.6203889641520703 0 113 145 201
v -5.1611587356091633 -0.91005153680708872 0 113 145 201
v -8.6159514141006355 -1.5192246987791975 0 113 145 201
v -5.1611587356091633 -0.91005153680707451 0 107 139 195
v 0 0 0 107 139 195
v -5.1611587356091633 0.91005153680707451 0 107 139 195
v -5.1611587356091633 0.91005153680707451 0 107 139 195
v 0 0 0 107 139 195
v -4.5386468215041447 2.6203889641520561 0 107 139 195
v -4.5386468215041447 2.6203889641520561 0 107 139 195
v 0 0 0 107 139 195
v -3.368707117432578 4.0146688095979641 0 107 139 195
v -3.368707117432578 4.0146688095979641 0 107 139 195
v 0 0 0 107 139 195
v -1.7924516181765711 4.9247203464050386 0 107 139 195
v -1.7924516181765711 4.9247203464050386 0 107 139 195
v 0 0 0 107 139 195
v 0 5.2407779283041265 0 107 139 195
v 0 5.2407779283041265 0 107 139 195
v 0 0 0 107 139 195
v 1.7924516181765711 4.9247203464050386 0 107 139 195
v 1.7924516181765711 4.9247203464050386 0 107 139 195
v 0 0 0 107 139 195
v 3.368707117432578 4.0146688095979641 0 107 139 195
v 3.368707117432578 4.0146688095979641 0 107 139 195
v 0 0 0 107 139 195
v 4.5386468215041447 2.6203889641520561 0 107 139 195
v 4.5386468215041447 2.6203889641520561 0 107 139 195
v 0 0 0 107 139 195
v 5.1611587356091633 0.91005153680708872 0 107 139 195
v 5.1611587356091633 0.91005153680708872 0 107 139 195
v 0 0 0 107 139 195
v 5.1611587356091633 -0.91005153680707451 0 107 139 195
v 5.1611587356091633 -0.91005153680707451 0 107 139 195
v 0 0 0 107 139 195
v 4.5386468215041589 -2.6203889641520561 0 107 139 195
v 4.5386468215041589 -2.6203889641520561 0 107 139 195
v 0 0 0 107 139 195
v 3.368707117432578 -4.0146688095979641 0 107 139 195
v 3.368707117432578 -4.0146688095979641 0 107 139 195
v 0 0 0 107 139 195
v 1.7924516181765853 -4.9247203464050386 0 107 139 195
v 1.7924516181765853 -4.9247203464050386 0 107 139 195
v 0 0 0 107 139 195
v 0 -5.2407779283041265 0 107 139 195
v 0 -5.2407779283041265 0 107 139 195
v 0 0 0 107 139 195
v -1.7924516181765711 -4.9247203464050529 0 107 139 195
v -1.7924516181765711 -4.9247203464050529 0 107 139 195
v 0 0 0 107 139 195
v -3.368707117432578 -4.0146688095979641 0 107 139 195
v -3.368707117432578 -4.0146688095979641 0 107 139 195
v 0 0 0 107 139 195
v -4.5386468215041447 -2.6203889641520703 0 107 139 195
v -4.5386468215041447 -2.6203889641520703 0 107 139 195
v 0 0 0 107 139 195
v -5.1611587356091633 -0.91005153680708872 0 107 139 195
vn 0 0 1
vn 0 0 1
vn 0 0 1
vn 0 0 1
vn 0 0 1
vn 0 0 1
vn 0 0 1
vn 0 0 1
vn 0 0 1
vn 0 0 1
vn 0 0 1
vn 0 0 1
vn 0 0 1
vn 0 0 1
vn 0 0 1
vn 0 0 1
vn 0 0 1
vn 0 0 1
vn 0 0 1
vn 0 0 1
vn 0 0 1
vn 0 0 1
vn 0 0 1
vn 0 0 1
vn 0 0 1
vn 0 0 1
vn 0 0 1
vn 0 0 1
vn 0 0 1
vn 0 0 1
vn 0 0 1
vn 0 0 1
vn 0 0 1
vn 0 0 1
vn 0 0 1
vn 0 0 1
vn 0 0 1
vn 0 0 1
vn 0 0 1
vn 0 0 1
vn 0 0 1
vn 0 0 1
vn 0 0 1
vn 0 0 1
vn 0 0 1
vn 0 0 1
vn 0 0 1
vn 0 0 1
vn 0 0 1
vn 0 0 1
vn 0 0 1
vn 0 0 1
vn 0 0 1
vn 0 0 1
vn 0 0 1
vn 0 0 1
vn 0 0 1
vn 0 0 1
vn 0 0 1
vn 0 0 1
vn 0 0 1
vn 0 0 1
vn 0 0 1
vn 0 0 1
vn 0 0 1
vn 0 0 1
vn 0 0 1
vn 0 0 1
vn 0 0 1
vn 0 0 1
vn 0 0 1
vn 0 0 1
vn 0 0 1
vn 0 0 1
vn 0 0 1
vn 0 0 1
vn 0 0 1
vn 0 0 1
vn 0 0 1
vn 0 0 1
vn 0 0 1
vn 0 0 1
vn 0 0 1
vn 0 0 1
vn 0 0 1
vn 0 0 1
vn 0 0 1
vn 0 0 1
vn 0 0 1
vn 0 0 1
vn 0 0 1
vn 0 0 1
vn 0 0 1
vn 0 0 1
vn 0 0 1
vn 0 0 1
vn 0 0 1
vn 0 0 1
vn 0 0 1
vn 0 0 1
vn 0 0 1
vn 0 0 1
vn 0 0 1
vn 0 0 1
vn 0 0 1
vn 0 0 1
vn 0 0 1
vn 0 0 1
vn 0 0 1
vn 0 0 1
vn 0 0 1
vn 0 0 1
vn 0 0 1
vn 0 0 1
vn 0 0 1
vn 0 0 1
vn 0 0 1
vn 0 0 1
vn 0 0 1
vn 0 0 1
vn 0 0 1
vn 0 0 1
vn 0 0 1
vn 0 0 1
vn 0 0 1
vn 0 0 1
vn 0 0 1
vn 0 0 1
vn 0 0 1
vn 0 0 1
vn 0 0 1
vn 0 0 1
vn 0 0 1
vn 0 0 1
vn 0 0 1
vn 0 0 1
vn 0 0 1
vn 0 0 1
vn 0 0 1
vn 0 0 1
vn 0 0 1
vn 0 0 1
vn 0 0 1
vn 0 0 1
vn 0 0 1
vn 0 0 1
vn 0 0 1
vn 0 0 1
vn 0 0 1
vn 0 0 1
vn 0 0 1
vn 0 0 1
vn 0 0 1
vn 0 0 1
vn 0 0 1
vn 0 0 1
vn 0 0 1
vn 0 0 1
vn 0 0 1
vn 0 0 1
vn 0 0 1
vn 0 0 1
vn 0 0 1
vn 0 0 1
vn 0 0 1
vn 0 0 1
vn 0 0 1
vn 0 0 1
vn 0 0 1
vn 0 0 1
vn 0 0 1
vn 0 0 1
vn 0 0 1
vn 0 0 1
vn 0 0 1
vn 0 0 1
vn 0 0 1
vn 0 0 1
vn 0 0 1
vn 0 0 1
vn 0 0 1
vn 0 0 1
vn 0 0 1
vn 0 0 1
vn 0 0 1
vn 0 0 1
vn 0 0 1
vn 0 0 1
vn 0 0 1
vn 0 0 1
vn 0 0 1
vn 0 0 1
vn 0 0 1
vn 0 0 1
vn 0 0 1
vn 0 0 1
vn 0 0 1
vn 0 0 1
vn 0 0 1
vn 0 0 1
vn 0 0 1
vn 0 0 1
vn 0 0 1
vn 0 0 1
vn 0 0 1
vn 0 0 1
vn 0 0 1
vn 0 0 1
vn 0 0 1
vn 0 0 1
vn 0 0 1
vn 0 0 1
vn 0 0 1
vn 0 0 1
vn 0 0 1
vn 0 0 1
vn 0 0 1
vn 0 0 1
vn 0 0 1
vn 0 0 1
vn 0 0 1
vn 0 0 1
vn 0 0 1
vn 0 0 1
vn 0 0 1
vn 0 0 1
vn 0 0 1
vn 0 0 1
vn 0 0 1
vn 0 0 1
vn 0 0 1
vn 0 0 1
vn 0 0 1
vn 0 0 1
vn 0 0 1
vn 0 0 1
vn 0 0 1
vn 0 0 1
vn 0 0 1
vn 0 0 1
vn 0 0 1
vn 0 0 1
vn 0 0 1
vn 0 0 1
vn 0 0 1
vn 0 0 1
vn 0 0 1
vn 0 0 1
vn 0 0 1
vn 0 0 1
vn 0 0 1
vn 0 0 1
vn 0 0 1
vn 0 0 1
vn 0 0 1
vn 0 0 1
vn 0 0 1
vn 0 0 1
vn 0 0 1
vn 0 0 1
vn 0 0 1
vn 0 0 1
vn 0 0 1
vn 0 0 1
vn 0 0 1
vn 0 0 1
vn 0 0 1
vn 0 0 1
vn 0 0 1
vn 0 0 1
vn 0 0 1
vn 0 0 1
vn 0 0 1
vn 0 0 1
vn 0 0 1
vn 0 0 1
vn 0 0 1
vn 0 0 1
vn 0 0 1
vn 0 0 1
vn 0 0 1
vn 0 0 1
vn 0 0 1
vn 0 0 1
vn 0 0 1
vn 0 0 1
vn 0 0 1
vn 0 0 1
vn 0 0 1
vn 0 0 1
vn 0 0 1
vn 0 0 1
vn 0 0 1
vn 0 0 1
vn 0 0 1
vn 0 0 1
vn 0 0 1
vn 0 0 1
vn 0 0 1
vn 0 0 1
vn 0 0 1
vn 0 0 1
vn 0 0 1
vn 0 0 1
vn 0 0 1
vn 0 0 1
vn 0 0 1
vn 0 0 1
vn 0 0 1
vn 0 0 1
vn 0 0 1
vn 0 0 1
vn 0 0 1
vn 0 0 1
vn 0 0 1
vn 0 0 1
vn 0 0 1
vn 0 0 1
vn 0 0 1
vn 0 0 1
vn 0 0 1
vn 0 0 1
vn 0 0 1
vn 0 0 1
vn 0 0 1
vn 0 0 1
vn 0 0 1
vn 0 0 1
vn 0 0 1
vn 0 0 1
vn 0 0 1
vn 0 0 1
vn 0 0 1
vn 0 0 1
vn 0 0 1
vn 0 0 1
vn 0 0 1
vn 0 0 1
vn 0 0 1
vn 0 0 1
vn 0 0 1
vn 0 0 1
vn 0 0 1
vn 0 0 1
vn 0 0 1
vn 0 0 1
vn 0 0 1
vn 0 0 1
vn 0 0 1
vn 0 0 1
vn 0 0 1
vn 0 0 1
vn 0 0 1
vn 0 0 1
vn 0 0 1
vn 0 0 1
vn 0 0 1
vn 0 0 1
vn 0 0 1
vn 0 0 1
vn 0 0 1
vn 0 0 1
vn 0 0 1
vn 0 0 1
vn 0 0 1
vn 0 0 1
vn 0 0 1
vn 0 0 1
vn 0 0 1
vn 0 0 1
vn 0 0 1
vn 0 0 1
vn 0 0 1
vn 0 0 1
vn 0 0 1
vn 0 0 1
vn 0 0 1
vn 0 0 1
vn 0 0 1
vn 0 0 1
vn 0 0 1
vn 0 0 1
vn 0 0 1
vn 0 0 1
vn 0 0 1
vn 0 0 1
vn 0 0 1
vn 0 0 1
vn 0 0 1
vn 0 0 1
vn 0 0 1
vn 0 0 1
vn 0 0 1
vn 0 0 1
vn 0 0 1
vn 0 0 1
vn 0 0 1
vn 0 0 1
vn 0 0 1
vn 0 0 1
vn 0 0 1
vn 0 0 1
vn 0 0 1
vn 0 0 1
vn 0 0 1
vn 0 0 1
vn 0 0 1
vn 0 0 1
vn 0 0 1
vn 0 0 1
vn 0 0 1
vn 0 0 1
vn 0 0 1
vn 0 0 1
vn 0 0 1
vn 0 0 1
vn 0 0 1
vn 0 0 1
vn 0 0 1
vn 0 0 1
vn 0 0 1
vn 0 0 1
vn 0 0 1
vn 0 0 1
vn 0 0 1
vn 0 0 1
vn 0 0 1
vn 0 0 1
vn 0 0 1
vn 0 0 1
vn 0 0 1
vn 0 0 1
vn 0 0 1
vn 0 0 1
vn 0 0 1
vn 0 0 1
vn 0 0 1
vn 0 0 1
vn 0 0 1
vn 0 0 1
vn 0 0 1
vn 0 0 1
vn 0 0 1
vn 0 0 1
vn 0 0 1
vn 0 0 1
vn 0 0 1
vn 0 0 1
vn 0 0 1
vn 0 0 1
vn 0 0 1
vn 0 0 1
vn 0 0 1
vn 0 0 1
vn 0 0 1
vn 0 0 1
vn 0 0 1
vn 0 0 1
vn 0 0 1
vn 0 0 1
vn 0 0 1
vn 0 0 1
vn 0 0 1
vn 0 0 1
vn 0 0 1
vn 0 0 1
vn 0 0 1
vn 0 0 1
vn 0 0 1
vn 0 0 1
vn 0 0 1
vn 0 0 1
vn 0 0 1
vn 0 0 1
vn 0 0 1
vn 0 0 1
vn 0 0 1
vn 0 0 1
vn 0 0 1
vn 0 0 1
vn 0 0 1
vn 0 0 1
vn 0 0 1
vn 0 0 1
vn 0 0 1
vn 0 0 1
vn 0 0 1
vn 0 0 1
vn 0 0 1
vn 0 0 1
vn 0 0 1
vn 0 0 1
vn 0 0 1
vn 0 0 1
vn 0 0 1
vn 0 0 1
vn 0 0 1
vn 0 0 1
vn 0 0 1
vn 0 0 1
vn 0 0 1
vn 0 0 1
vn 0 0 1
vn 0 0 1
vn 0 0 1
vn 0 0 1
vn 0 0 1
vn 0 0 1
vn 0 0 1
vn 0 0 1
vn 0 0 1
vn 0 0 1
vn 0 0 1
vn 0 0 1
vn 0 0 1
vn 0 0 1
vn 0 0 1
vn 0 0 1
vn 0 0 1
vn 0 0 1
vn 0 0 1
vn 0 0 1
vn 0 0 1
vn 0 0 1
vn 0 0 1
vn 0 0 1
vn 0 0 1
vn 0 0 1
vn 0 0 1
vn 0 0 1
vn 0 0 1
vn 0 0 1
vn 0 0 1
vn 0 0 1
vn 0 0 1
vn 0 0 1
vn 0 0 1
vn 0 0 1
vn 0 0 1
vn 0 0 1
vn 0 0 1
vn 0 0 1
vn 0 0 1
vn 0 0 1
vn 0 0 1
vn 0 0 1
vn 0 0 1
vn 0 0 1
vn 0 0 1
vn 0 0 1
vn 0 0 1
vn 0 0 1
vn 0 0 1
vn 0 0 1
vn 0 0 1
vn 0 0 1
vn 0 0 1
vn 0 0 1
vn 0 0 1
vn 0 0 1
vn 0 0 1
vn 0 0 1
vn 0 0 1
vn 0 0 1
vn 0 0 1
vn 0 0 1
vn 0 0 1
vn 0 0 1
vn 0 0 1
vn 0 0 1
vn 0 0 1
vn 0 0 1
vn 0 0 1
vn 0 0 1
vn 0 0 1
vn 0 0 1
vn 0 0 1
vn 0 0 1
vn 0 0 1
vn 0 0 1
vn 0 0 1
vn 0 0 1
vn 0 0 1
vn 0 0 1
vn 0 0 1
vn 0 0 1
vn 0 0 1
vn 0 0 1
vn 0 0 1
vn 0 0 1
vn 0 0 1
vn 0 0 1
vn 0 0 1
vn 0 0 1
vn 0 0 1
vn 0 0 1
vn 0 0 1
vn 0 0 1
vn 0 0 1
vn 0 0 1
vn 0 0 1
vn 0 0 1
vn 0 0 1
vn 0 0 1
vn 0 0 1
vn 0 0 1
vn 0 0 1
vn 0 0 1
vn 0 0 1
vn 0 0 1
vn 0 0 1
vn 0 0 1
vn 0 0 1
vn 0 0 1
vn 0 0 1
vn 0 0 1
vn 0 0 1
vn 0 0 1
vn 0 0 1
vn 0 0 1
vn 0 0 1
vn 0 0 1
vn 0 0 1
vn 0 0 1
vn 0 0 1
vn 0 0 1
vn 0 0 1
vn 0 0 1
vn 0 0 1
vn 0 0 1
vn 0 0 1
vn 0 0 1
vn 0 0 1
vn 0 0 1
vn 0 0 1
vn 0 0 1
vn 0 0 1
vn 0 0 1
vn 0 0 1
vn 0 0 1
vn 0 0 1
vn 0 0 1
vn 0 0 1
vn 0 0 1
vn 0 0 1
vn 0 0 1
vn 0 0 1
vn 0 0 1
vn 0 0 1
vn 0 0 1
vn 0 0 1
vn 0 0 1
vn 0 0 1
vn 0 0 1
vn 0 0 1
vn 0 0 1
vn 0 0 1
vn 0 0 1
vn 0 0 1
vn 0 0 1
vn 0 0 1
vn 0 0 1
vn 0 0 1
vn 0 0 1
vn 0 0 1
vn 0 0 1
vn 0 0 1
vn 0 0 1
vn 0 0 1
vn 0 0 1
vn 0 0 1
vn 0 0 1
vn 0 0 1
vn 0 0 1
vn 0 0 1
vn 0 0 1
vn 0 0 1
vn 0 0 1
vn 0 0 1
vn 0 0 1
vn 0 0 1
vn 0 0 1
vn 0 0 1
vn 0 0 1
vn 0 0 1
vn 0 0 1
vn 0 0 1
vn 0 0 1
vn 0 0 1
vn 0 0 1
vn 0 0 1
vn 0 0 1
vn 0 0 1
vn 0 0 1
vn 0 0 1
vn 0 0 1
vn 0 0 1
vn 0 0 1
vn 0 0 1
vn 0 0 1
vn 0 0 1
vn 0 0 1
vn 0 0 1
vn 0 0 1
vn 0 0 1
vn 0 0 1
vn 0 0 1
vn 0 0 1
vn 0 0 1
vn 0 0 1
vn 0 0 1
vn 0 0 1
vn 0 0 1
vn 0 0 1
vn 0 0 1
vn 0 0 1
vn 0 0 1
vn 0 0 1
vn 0 0 1
vn 0 0 1
vn 0 0 1
vn 0 0 1
vn 0 0 1
vn 0 0 1
vn 0 0 1
vn 0 0 1
vn 0 0 1
vn 0 0 1
vn 0 0 1
vn 0 0 1
vn 0 0 1
vn 0 0 1
vn 0 0 1
vn 0 0 1
vn 0 0 1
vn 0 0 1
vn 0 0 1
vn 0 0 1
vn 0 0 1
vn 0 0 1
vn 0 0 1
vn 0 0 1
vn 0 0 1
vn 0 0 1
vn 0 0 1
vn 0 0 1
vn 0 0 1
vn 0 0 1
vn 0 0 1
vn 0 0 1
vn 0 0 1
vn 0 0 1
vn 0 0 1
vn 0 0 1
vn 0 0 1
vn 0 0 1
vn 0 0 1
vn 0 0 1
vn 0 0 1
vn 0 0 1
vn 0 0 1
vn 0 0 1
vn 0 0 1
vn 0 0 1
vn 0 0 1
vn 0 0 1
vn 0 0 1
vn 0 0 1
vn 0 0 1
vn 0 0 1
vn 0 0 1
vn 0 0 1
vn 0 0 1
vn 0 0 1
vn 0 0 1
vn 0 0 1
vn 0 0 1
vn 0 0 1
vn 0 0 1
vn 0 0 1
vn 0 0 1
vn 0 0 1
vn 0 0 1
vn 0 0 1
vn 0 0 1
vn 0 0 1
vn 0 0 1
vn 0 0 1
vn 0 0 1
vn 0 0 1
vn 0 0 1
vn 0 0 1
vn 0 0 1
vn 0 0 1
vn 0 0 1
vn 0 0 1
vn 0 0 1
vn 0 0 1
vn 0 0 1
vn 0 0 1
vn 0 0 1
vn 0 0 1
vn 0 0 1
vn 0 0 1
vn 0 0 1
vn 0 0 1
vn 0 0 1
vn 0 0 1
vn 0 0 1
vn 0 0 1
vn 0 0 1
vn 0 0 1
vn 0 0 1
vn 0 0 1
vn 0 0 1
vn 0 0 1
vn 0 0 1
vn 0 0 1
vn 0 0 1
vn 0 0 1
vn 0 0 1
vn 0 0 1
vn 0 0 1
vn 0 0 1
vn 0 0 1
vn 0 0 1
vn 0 0 1
vn 0 0 1
vn 0 0 1
vn 0 0 1
vn 0 0 1
vn 0 0 1
vn 0 0 1
vn 0 0 1
vn 0 0 1
vn 0 0 1
vn 0 0 1
vn 0 0 1
vn 0 0 1
vn 0 0 1
vn 0 0 1
vn 0 0 1
vn 0 0 1
vn 0 0 1
vn 0 0 1
vn 0 0 1
vn 0 0 1
vn 0 0 1
vn 0 0 1
vn 0 0 1
vn 0 0 1
vn 0 0 1
vn 0 0 1
vn 0 0 1
vn 0 0 1
vn 0 0 1
vn 0 0 1
vn 0 0 1
vn 0 0 1
vn 0 0 1
vn 0 0 1
vn 0 0 1
vn 0 0 1
vn 0 0 1
vn 0 0 1
vn 0 0 1
vn 0 0 1
vn 0 0 1
vn 0 0 1
vn 0 0 1
vn 0 0 1
vn 0 0 1
vn 0 0 1
vn 0 0 1
vn 0 0 1
vn 0 0 1
vn 0 0 1
vn 0 0 1
vn 0 0 1
vn 0 0 1
vn 0 0 1
vn 0 0 1
vn 0 0 1
vn 0 0 1
vn 0 0 1
vn 0 0 1
vn 0 0 1
vn 0 0 1
vn 0 0 1
vn 0 0 1
vn 0 0 1
vn 0 0 1
vn 0 0 1
vn 0 0 1
vn 0 0 1
vn 0 0 1
vn 0 0 1
vn 0 0 1
vn 0 0 1
vn 0 0 1
vn 0 0 1
vn 0 0 1
vn 0 0 1
vn 0 0 1
vn 0 0 1
vn 0 0 1
vn 0 0 1
vn 0 0 1
vn 0 0 1
vn 0 0 1
vn 0 0 1
vn 0 0 1
vn 0 0 1
vn 0 0 1
vn 0 0 1
vn 0 0 1
vn 0 0 1
vn 0 0 1
vn 0 0 1
vn 0 0 1
vn 0 0 1
vn 0 0 1
vn 0 0 1
vn 0 0 1
vn 0 0 1
vn 0 0 1
vn 0 0 1
vn 0 0 1
vn 0 0 1
vn 0 0 1
vn 0 0 1
vn 0 0 1
vn 0 0 1
vn 0 0 1
vn 0 0 1
vn 0 0 1
vn 0 0 1
vn 0 0 1
vn 0 0 1
vn 0 0 1
vn 0 0 1
vn 0 0 1
vn 0 0 1
vn 0 0 1
vn 0 0 1
vn 0 0 1
vn 0 0 1
vn 0 0 1
vn 0 0 1
vn 0 0 1
vn 0 0 1
vn 0 0 1
vn 0 0 1
vn 0 0 1
vn 0 0 1
vn 0 0 1
vn 0 0 1
vn 0 0 1
vn 0 0 1
vn 0 0 1
vn 0 0 1
vn 0 0 1
vn 0 0 1
vn 0 0 1
vn 0 0 1
vn 0 0 1
vn 0 0 1
vn 0 0 1
vn 0 0 1
vn 0 0 1
vn 0 0 1
vn 0 0 1
vn 0 0 1
vn 0 0 1
vn 0 0 1
vn 0 0 1
vn 0 0 1
vn 0 0 1
vn 0 0 1
vn 0 0 1
vn 0 0 1
vn 0 0 1
vn 0 0 1
vn 0 0 1
vn 0 0 1
vn 0 0 1
vn 0 0 1
vn 0 0 1
vn 0 0 1
vn 0 0 1
vn 0 0 1
vn 0 0 1
vn 0 0 1
vn 0 0 1
vn 0 0 1
vn 0 0 1
vn 0 0 1
vn 0 0 1
vn 0 0 1
vn 0 0 1
vn 0 0 1
vn 0 0 1
vn 0 0 1
vn 0 0 1
vn 0 0 1
vn 0 0 1
vn 0 0 1
vn 0 0 1
vn 0 0 1
vn 0 0 1
vn 0 0 1
vn 0 0 1
vn 0 0 1
vn 0 0 1
vn 0 0 1
vn 0 0 1
vn 0 0 1
vn 0 0 1
vn 0 0 1
vn 0 0 1
vn 0 0 1
vn 0 0 1
vn 0 0 1
vn 0 0 1
vn 0 0 1
vn 0 0 1
vn 0 0 1
vn 0 0 1
vn 0 0 1
vn 0 0 1
vn 0 0 1
vn 0 0 1
vn 0 0 1
vn 0 0 1
vn 0 0 1
vn 0 0 1
vn 0 0 1
vn 0 0 1
vn 0 0 1
vn 0 0 1
vn 0 0 1
vn 0 0 1
vn 0 0 1
vn 0 0 1
vn 0 0 1
vn 0 0 1
vn 0 0 1
vn 0 0 1
vn 0 0 1
vn 0 0 1
vn 0 0 1
vn 0 0 1
vn 0 0 1
vn 0 0 1
vn 0 0 1
vn 0 0 1
vn 0 0 1
vn 0 0 1
vn 0 0 1
vn 0 0 1
vn 0 0 1
vn 0 0 1
vn 0 0 1
vn 0 0 1
vn 0 0 1
vn 0 0 1
vn 0 0 1
vn 0 0 1
vn 0 0 1
vn 0 0 1
vn 0 0 1
vn 0 0 1
vn 0 0 1
vn 0 0 1
vn 0 0 1
vn 0 0 1
vn 0 0 1
vn 0 0 1
vn 0 0 1
vn 0 0 1
vn 0 0 1
vn 0 0 1
vn 0 0 1
vn 0 0 1
vn 0 0 1
vn 0 0 1
vn 0 0 1
vn 0 0 1
vn 0 0 1
vn 0 0 1
vn 0 0 1
vn 0 0 1
vn 0 0 1
vn 0 0 1
vn 0 0 1
vn 0 0 1
vn 0 0 1
vn 0 0 1
vn 0 0 1
vn 0 0 1
vn 0 0 1
vn 0 0 1
vn 0 0 1
vn 0 0 1
vn 0 0 1
vn 0 0 1
vn 0 0 1
vn 0 0 1
vn 0 0 1
vn 0 0 1
vn 0 0 1
vn 0 0 1
vn 0 0 1
vn 0 0 1
vn 0 0 1
vn 0 0 1
vn 0 0 1
vn 0 0 1
vn 0 0 1
vn 0 0 1
vn 0 0 1
vn 0 0 1
vn 0 0 1
vn 0 0 1
vn 0 0 1
vn 0 0 1
vn 0 0 1
vn 0 0 1
vn 0 0 1
vn 0 0 1
vn 0 0 1
vn 0 0 1
vn 0 0 1
vn 0 0 1
vn 0 0 1
vn 0 0 1
vn 0 0 1
vn 0 0 1
vn 0 0 1
vn 0 0 1
vn 0 0 1
vn 0 0 1
vn 0 0 1
vn 0 0 1
vn 0 0 1
vn 0 0 1
vn 0 0 1
vn 0 0 1
vn 0 0 1
vn 0 0 1
vn 0 0 1
vn 0 0 1
vn 0 0 1
vn 0 0 1
vn 0 0 1
vn 0 0 1
vn 0 0 1
vn 0 0 1
vn 0 0 1
vn 0 0 1
vn 0 0 1
vn 0 0 1
vn 0 0 1
vn 0 0 1
vn 0 0 1
vn 0 0 1
vn 0 0 1
vn 0 0 1
vn 0 0 1
vn 0 0 1
vn 0 0 1
vn 0 0 1
vn 0 0 1
vn 0 0 1
vn 0 0 1
vn 0 0 1
vn 0 0 1
vn 0 0 1
vn 0 0 1
vn 0 0 1
vn 0 0 1
vn 0 0 1
vn 0 0 1
vn 0 0 1
vn 0 0 1
vn 0 0 1
vn 0 0 1
vn 0 0 1
vn 0 0 1
vn 0 0 1
vn 0 0 1
vn 0 0 1
vn 0 0 1
vn 0 0 1
vn 0 0 1
vn 0 0 1
vn 0 0 1
vn 0 0 1
vn 0 0 1
vn 0 0 1
vn 0 0 1
vn 0 0 1
vn 0 0 1
vn 0 0 1
vn 0 0 1
vn 0 0 1
vn 0 0 1
vn 0 0 1
vn 0 0 1
vn 0 0 1
vn 0 0 1
vn 0 0 1
vn 0 0 1
vn 0 0 1
vn 0 0 1
vn 0 0 1
vn 0 0 1
vn 0 0 1
vn 0 0 1
vn 0 0 1
vn 0 0 1
vn 0 0 1
vn 0 0 1
vn 0 0 1
vn 0 0 1
vn 0 0 1
vn 0 0 1
vn 0 0 1
vn 0 0 1
vn 0 0 1
vn 0 0 1
vn 0 0 1
vn 0 0 1
vn 0 0 1
vn 0 0 1
vn 0 0 1
vn 0 0 1
vn 0 0 1
vn 0 0 1
vn 0 0 1
vn 0 0 1
vn 0 0 1
vn 0 0 1
vn 0 0 1
vn 0 0 1
vn 0 0 1
vn 0 0 1
vn 0 0 1
vn 0 0 1
vn 0 0 1
vn 0 0 1
vn 0 0 1
vn 0 0 1
vn 0 0 1
vn 0 0 1
vn 0 0 1
vn 0 0 1
vn 0 0 1
vn 0 0 1
vn 0 0 1
vn 0 0 1
vn 0 0 1
vn 0 0 1
vn 0 0 1
vn 0 0 1
vn 0 0 1
vn 0 0 1
vn 0 0 1
vn 0 0 1
vn 0 0 1
vn 0 0 1
vn 0 0 1
vn 0 0 1
vn 0 0 1
vn 0 0 1
vn 0 0 1
vn 0 0 1
vn 0 0 1
vn 0 0 1
vn 0 0 1
vn 0 0 1
vn 0 0 1
vn 0 0 1
vn 0 0 1
vn 0 0 1
vn 0 0 1
vn 0 0 1
vn 0 0 1
vn 0 0 1
vn 0 0 1
vn 0 0 1
vn 0 0 1
vn 0 0 1
vn 0 0 1
vn 0 0 1
vn 0 0 1
vn 0 0 1
vn 0 0 1
vn 0 0 1
vn 0 0 1
vn 0 0 1
vn 0 0 1
vn 0 0 1
vn 0 0 1
vn 0 0 1
vn 0 0 1
vn 0 0 1
vn 0 0 1
vn 0 0 1
vn 0 0 1
vn 0 0 1
vn 0 0 1
vn 0 0 1
vn 0 0 1
vn 0 0 1
vn 0 0 1
vn 0 0 1
vn 0 0 1
vn 0 0 1
vn 0 0 1
vn 0 0 1
vn 0 0 1
vn 0 0 1
vn 0 0 1
vn 0 0 1
vn 0 0 1
vn 0 0 1
vn 0 0 1
vn 0 0 1
vn 0 0 1
vn 0 0 1
vn 0 0 1
vn 0 0 1
vn 0 0 1
vn 0 0 1
vn 0 0 1
vn 0 0 1
vn 0 0 1
vn 0 0 1
vn 0 0 1
vn 0 0 1
vn 0 0 1
vn 0 0 1
vn 0 0 1
vn 0 0 1
vn 0 0 1
vn 0 0 1
vn 0 0 1
vn 0 0 1
vn 0 0 1
vn 0 0 1
vn 0 0 1
vn 0 0 1
vn 0 0 1
vn 0 0 1
vn 0 0 1
vn 0 0 1
vn 0 0 1
vn 0 0 1
vn 0 0 1
vn 0 0 1
vn 0 0 1
vn 0 0 1
vn 0 0 1
vn 0 0 1
vn 0 0 1
vn 0 0 1
vn 0 0 1
vn 0 0 1
vn 0 0 1
vn 0 0 1
vn 0 0 1
vn 0 0 1
vn 0 0 1
vn 0 0 1
vn 0 0 1
vn 0 0 1
vn 0 0 1
vn 0 0 1
vn 0 0 1
vn 0 0 1
vn 0 0 1
vn 0 0 1
vn 0 0 1
vn 0 0 1
vn 0 0 1
vn 0 0 1
vn 0 0 1
vn 0 0 1
vn 0 0 1
vn 0 0 1
vn 0 0 1
vn 0 0 1
vn 0 0 1
vn 0 0 1
vn 0 0 1
vn 0 0 1
vn 0 0 1
vn 0 0 1
vn 0 0 1
vn 0 0 1
vn 0 0 1
vn 0 0 1
vn 0 0 1
vn 0 0 1
vn 0 0 1
vn 0 0 1
vn 0 0 1
vn 0 0 1
vn 0 0 1
vn 0 0 1
vn 0 0 1
vn 0 0 1
vn 0 0 1
vn 0 0 1
vn 0 0 1
vn 0 0 1
vn 0 0 1
vn 0 0 1
vn 0 0 1
vn 0 0 1
vn 0 0 1
vn 0 0 1
vn 0 0 1
vn 0 0 1
vn 0 0 1
vn 0 0 1
vn 0 0 1
vn 0 0 1
vn 0 0 1
vn 0 0 1
vn 0 0 1
vn 0 0 1
vn 0 0 1
vn 0 0 1
vn 0 0 1
vn 0 0 1
vn 0 0 1
vn 0 0 1
vn 0 0 1
vn 0 0 1
vn 0 0 1
vn 0 0 1
vn 0 0 1
vn 0 0 1
vn 0 0 1
vn 0 0 1
vn 0 0 1
vn 0 0 1
vn 0 0 1
vn 0 0 1
vn 0 0 1
vn 0 0 1
vn 0 0 1
vn 0 0 1
vn 0 0 1
vn 0 0 1
vn 0 0 1
vn 0 0 1
vn 0 0 1
vn 0 0 1
vn 0 0 1
vn 0 0 1
vn 0 0 1
vn 0 0 1
vn 0 0 1
vn 0 0 1
vn 0 0 1
vn 0 0 1
vn 0 0 1
vn 0 0 1
vn 0 0 1
vn 0 0 1
vn 0 0 1
vn 0 0 1
vn 0 0 1
vn 0 0 1
vn 0 0 1
vn 0 0 1
vn 0 0 1
vn 0 0 1
vn 0 0 1
vn 0 0 1
vn 0 0 1
vn 0 0 1
vn 0 0 1
vn 0 0 1
vn 0 0 1
vn 0 0 1
vn 0 0 1
vn 0 0 1
vn 0 0 1
vn 0 0 1
vn 0 0 1
vn 0 0 1
vn 0 0 1
vn 0 0 1
vn 0 0 1
vn 0 0 1
vn 0 0 1
vn 0 0 1
vn 0 0 1
vn 0 0 1
vn 0 0 1
vn 0 0 1
vn 0 0 1
vn 0 0 1
vn 0 0 1
vn 0 0 1
vn 0 0 1
vn 0 0 1
vn 0 0 1
vn 0 0 1
vn 0 0 1
vn 0 0 1
vn 0 0 1
vn 0 0 1
vn 0 0 1
vn 0 0 1
vn 0 0 1
vn 0 0 1
vn 0 0 1
vn 0 0 1
vn 0 0 1
vn 0 0 1
vn 0 0 1
vn 0 0 1
vn 0 0 1
vn 0 0 1
vn 0 0 1
vn 0 0 1
vn 0 0 1
vn 0 0 1
vn 0 0 1
vn 0 0 1
vn 0 0 1
vn 0 0 1
vn 0 0 1
vn 0 0 1
vn 0 0 1
vn 0 0 1
vn 0 0 1
vn 0 0 1
vn 0 0 1
vn 0 0 1
vn 0 0 1
vn 0 0 1
vn 0 0 1
vn 0 0 1
vn 0 0 1
vn 0 0 1
vn 0 0 1
vn 0 0 1
vn 0 0 1
vn 0 0 1
vn 0 0 1
vn 0 0 1
vn 0 0 1
vn 0 0 1
vn 0 0 1
vn 0 0 1
vn 0 0 1
vn 0 0 1
vn 0 0 1
vn 0 0 1
vn 0 0 1
vn 0 0 1
vn 0 0 1
vn 0 0 1
vn 0 0 1
vn 0 0 1
vn 0 0 1
vn 0 0 1
vn 0 0 1
vn 0 0 1
vn 0 0 1
vn 0 0 1
vn 0 0 1
vn 0 0 1
vn 0 0 1
vn 0 0 1
vn 0 0 1
vn 0 0 1
vn 0 0 1
vn 0 0 1
vn 0 0 1
vn 0 0 1
vn 0 0 1
vn 0 0 1
vn 0 0 1
vn 0 0 1
vn 0 0 1
vn 0 0 1
vn 0 0 1
vn 0 0 1
vn 0 0 1
vn 0 0 1
vn 0 0 1
vn 0 0 1
vn 0 0 1
vn 0 0 1
vn 0 0 1
vn 0 0 1
vn 0 0 1
vn 0 0 1
vn 0 0 1
vn 0 0 1
vn 0 0 1
vn 0 0 1
vn 0 0 1
vn 0 0 1
vn 0 0 1
vn 0 0 1
vn 0 0 1
vn 0 0 1
vn 0 0 1
vn 0 0 1
vn 0 0 1
vn 0 0 1
vn 0 0 1
vn 0 0 1
vn 0 0 1
vn 0 0 1
vn 0 0 1
vn 0 0 1
vn 0 0 1
vn 0 0 1
vn 0 0 1
vn 0 0 1
vn 0 0 1
vn 0 0 1
vn 0 0 1
vn 0 0 1
vn 0 0 1
vn 0 0 1
vn 0 0 1
vn 0 0 1
vn 0 0 1
vn 0 0 1
vn 0 0 1
vn 0 0 1
vn 0 0 1
vn 0 0 1
vn 0 0 1
vn 0 0 1
vn 0 0 1
vn 0 0 1
vn 0 0 1
vn 0 0 1
vn 0 0 1
vn 0 0 1
vn 0 0 1
vn 0 0 1
vn 0 0 1
vn 0 0 1
vn 0 0 1
vn 0 0 1
vn 0 0 1
vn 0 0 1
vn 0 0 1
vn 0 0 1
vn 0 0 1
vn 0 0 1
vn 0 0 1
vn 0 0 1
vn 0 0 1
vn 0 0 1
vn 0 0 1
vn 0 0 1
vn 0 0 1
vn 0 0 1
vn 0 0 1
vn 0 0 1
vn 0 0 1
vn 0 0 1
vn 0 0 1
vn 0 0 1
vn 0 0 1
vn 0 0 1
vn 0 0 1
vn 0 0 1
vn 0 0 1
vn 0 0 1
vn 0 0 1
vn 0 0 1
vn 0 0 1
vn 0 0 1
vn 0 0 1
vn 0 0 1
vn 0 0 1
vn 0 0 1
vn 0 0 1
vn 0 0 1
vn 0 0 1
vn 0 0 1
vn 0 0 1
vn 0 0 1
vn 0 0 1
vn 0 0 1
vn 0 0 1
vn 0 0 1
vn 0 0 1
vn 0 0 1
vn 0 0 1
vn 0 0 1
vn 0 0 1
vn 0 0 1
vn 0 0 1
vn 0 0 1
vn 0 0 1
vn 0 0 1
vn 0 0 1
vn 0 0 1
vn 0 0 1
vn 0 0 1
vn 0 0 1
vn 0 0 1
vn 0 0 1
vn 0 0 1
vn 0 0 1
vn 0 0 1
vn 0 0 1
vn 0 0 1
vn 0 0 1
vn 0 0 1
vn 0 0 1
vn 0 0 1
vn 0 0 1
vn 0 0 1
vn 0 0 1
vn 0 0 1
vn 0 0 1
vn 0 0 1
vn 0 0 1
vn 0 0 1
vn 0 0 1
vn 0 0 1
vn 0 0 1
vn 0 0 1
vn 0 0 1
vn 0 0 1
vn 0 0 1
vn 0 0 1
vn 0 0 1
vn 0 0 1
vn 0 0 1
vn 0 0 1
vn 0 0 1
vn 0 0 1
vn 0 0 1
vn 0 0 1
vn 0 0 1
vn 0 0 1
vn 0 0 1
vn 0 0 1
vn 0 0 1
vn 0 0 1
vn 0 0 1
vn 0 0 1
vn 0 0 1
vn 0 0 1
vn 0 0 1
vn 0 0 1
vn 0 0 1
vn 0 0 1
vn 0 0 1
vn 0 0 1
vn 0 0 1
vn 0 0 1
vn 0 0 1
vn 0 0 1
vn 0 0 1
vn 0 0 1
vn 0 0 1
vn 0 0 1
vn 0 0 1
vn 0 0 1
vn 0 0 1
vn 0 0 1
vn 0 0 1
vn 0 0 1
vn 0 0 1
vn 0 0 1
vn 0 0 1
vn 0 0 1
vn 0 0 1
vn 0 0 1
vn 0 0 1
vn 0 0 1
vn 0 0 1
vn 0 0 1
vn 0 0 1
vn 0 0 1
vn 0 0 1
vn 0 0 1
vn 0 0 1
vn 0 0 1
vn 0 0 1
vn 0 0 1
vn 0 0 1
vn 0 0 1
vn 0 0 1
vn 0 0 1
vn 0 0 1
vn 0 0 1
vn 0 0 1
vn 0 0 1
vn 0 0 1
vn 0 0 1
vn 0 0 1
vn 0 0 1
vn 0 0 1
vn 0 0 1
vn 0 0 1
vn 0 0 1
vn 0 0 1
vn 0 0 1
vn 0 0 1
vn 0 0 1
vn 0 0 1
vn 0 0 1
vn 0 0 1
vn 0 0 1
vn 0 0 1
vn 0 0 1
vn 0 0 1
vn 0 0 1
vn 0 0 1
vn 0 0 1
vn 0 0 1
vn 0 0 1
vn 0 0 1
vn 0 0 1
vn 0 0 1
vn 0 0 1
vn 0 0 1
vn 0 0 1
vn 0 0 1
vn 0 0 1
vn 0 0 1
vn 0 0 1
vn 0 0 1
vn 0 0 1
vn 0 0 1
vn 0 0 1
vn 0 0 1
vn 0 0 1
vn 0 0 1
vn 0 0 1
vn 0 0 1
vn 0 0 1
vn 0 0 1
vn 0 0 1
vn 0 0 1
vn 0 0 1
vn 0 0 1
vn 0 0 1
vn 0 0 1
vn 0 0 1
vn 0 0 1
vn 0 0 1
vn 0 0 1
vn 0 0 1
vn 0 0 1
vn 0 0 1
vn 0 0 1
vn 0 0 1
vn 0 0 1
vn 0 0 1
vn 0 0 1
vn 0 0 1
vn 0 0 1
vn 0 0 1
vn 0 0 1
vn 0 0 1
vn 0 0 1
vn 0 0 1
vn 0 0 1
vn 0 0 1
vn 0 0 1
vn 0 0 1
vn 0 0 1
vn 0 0 1
vn 0 0 1
vn 0 0 1
vn 0 0 1
vn 0 0 1
vn 0 0 1
vn 0 0 1
vn 0 0 1
vn 0 0 1
vn 0 0 1
vn 0 0 1
vn 0 0 1
vn 0 0 1
vn 0 0 1
vn 0 0 1
vn 0 0 1
vn 0 0 1
vn 0 0 1
vn 0 0 1
vn 0 0 1
vn 0 0 1
vn 0 0 1
vn 0 0 1
vn 0 0 1
vn 0 0 1
vn 0 0 1
vn 0 0 1
vn 0 0 1
vn 0 0 1
vn 0 0 1
vn 0 0 1
vn 0 0 1
vn 0 0 1
vn 0 0 1
vn 0 0 1
vn 0 0 1
vn 0 0 1
vn 0 0 1
vn 0 0 1
vn 0 0 1
vn 0 0 1
vn 0 0 1
vn 0 0 1
vn 0 0 1
vn 0 0 1
vn 0 0 1
vn 0 0 1
vn 0 0 1
vn 0 0 1
vn 0 0 1
vn 0 0 1
vn 0 0 1
vn 0 0 1
vn 0 0 1
vn 0 0 1
vn 0 0 1
vn 0 0 1
vn 0 0 1
vn 0 0 1
vn 0 0 1
vn 0 0 1
vn 0 0 1
vn 0 0 1
vn 0 0 1
vn 0 0 1
vn 0 0 1
vn 0 0 1
vn 0 0 1
vn 0 0 1
vn 0 0 1
vn 0 0 1
vn 0 0 1
vn 0 0 1
vn 0 0 1
vn 0 0 1
vn 0 0 1
vn 0 0 1
vn 0 0 1
vn 0 0 1
vn 0 0 1
vn 0 0 1
vn 0 0 1
vn 0 0 1
vn 0 0 1
vn 0 0 1
vn 0 0 1
vn 0 0 1
vn 0 0 1
vn 0 0 1
vn 0 0 1
vn 0 0 1
vn 0 0 1
vn 0 0 1
vn 0 0 1
vn 0 0 1
vn 0 0 1
vn 0 0 1
vn 0 0 1
vn 0 0 1
vn 0 0 1
vn 0 0 1
vn 0 0 1
vn 0 0 1
vn 0 0 1
vn 0 0 1
vn 0 0 1
vn 0 0 1
vn 0 0 1
vn 0 0 1
vn 0 0 1
vn 0 0 1
vn 0 0 1
vn 0 0 1
vn 0 0 1
vn 0 0 1
vn 0 0 1
vn 0 0 1
vn 0 0 1
vn 0 0 1
vn 0 0 1
vn 0 0 1
vn 0 0 1
vn 0 0 1
vn 0 0 1
vn 0 0 1
vn 0 0 1
vn 0 0 1
vn 0 0 1
vn 0 0 1
vn 0 0 1
vn 0 0 1
vn 0 0 1
vn 0 0 1
vn 0 0 1
vn 0 0 1
vn 0 0 1
vn 0 0 1
vn 0 0 1
vn 0 0 1
vn 0 0 1
vn 0 0 1
vn 0 0 1
vn 0 0 1
vn 0 0 1
vn 0 0 1
vn 0 0 1
vn 0 0 1
vn 0 0 1
vn 0 0 1
vn 0 0 1
vn 0 0 1
vn 0 0 1
vn 0 0 1
vn 0 0 1
vn 0 0 1
vn 0 0 1
vn 0 0 1
vn 0 0 1
vn 0 0 1
vn 0 0 1
vn 0 0 1
vn 0 0 1
vn 0 0 1
vn 0 0 1
vn 0 0 1
vn 0 0 1
vn 0 0 1
vn 0 0 1
vn 0 0 1
vn 0 0 1
vn 0 0 1
vn 0 0 1
vn 0 0 1
vn 0 0 1
vn 0 0 1
vn 0 0 1
vn 0 0 1
vn 0 0 1
vn 0 0 1
vn 0 0 1
vn 0 0 1
vn 0 0 1
vn 0 0 1
vn 0 0 1
vn 0 0 1
vn 0 0 1
vn 0 0 1
vn 0 0 1
vn 0 0 1
vn 0 0 1
vn 0 0 1
vn 0 0 1
vn 0 0 1
vn 0 0 1
vn 0 0 1
vn 0 0 1
vn 0 0 1
vn 0 0 1
vn 0 0 1
vn 0 0 1
vn 0 0 1
vn 0 0 1
vn 0 0 1
vn 0 0 1
vn 0 0 1
vn 0 0 1
vn 0 0 1
vn 0 0 1
vn 0 0 1
vn 0 0 1
vn 0 0 1
vn 0 0 1
vn 0 0 1
vn 0 0 1
vn 0 0 1
vn 0 0 1
vn 0 0 1
vn 0 0 1
vn 0 0 1
vn 0 0 1
vn 0 0 1
vn 0 0 1
vn 0 0 1
vn 0 0 1
vn 0 0 1
vn 0 0 1
vn 0 0 1
vn 0 0 1
vn 0 0 1
vn 0 0 1
vn 0 0 1
vn 0 0 1
vn 0 0 1
vn 0 0 1
vn 0 0 1
vn 0 0 1
vn 0 0 1
vn 0 0 1
vn 0 0 1
vn 0 0 1
vn 0 0 1
vn 0 0 1
vn 0 0 1
vn 0 0 1
vn 0 0 1
vn 0 0 1
vn 0 0 1
vn 0 0 1
vn 0 0 1
vn 0 0 1
vn 0 0 1
vn 0 0 1
vn 0 0 1
vn 0 0 1
vn 0 0 1
vn 0 0 1
vn 0 0 1
vn 0 0 1
vn 0 0 1
vn 0 0 1
vn 0 0 1
vn 0 0 1
vn 0 0 1
vn 0 0 1
vn 0 0 1
vn 0 0 1
vn 0 0 1
vn 0 0 1
vn 0 0 1
vn 0 0 1
vn 0 0 1
vn 0 0 1
vn 0 0 1
vn 0 0 1
vn 0 0 1
vn 0 0 1
vn 0 0 1
vn 0 0 1
vn 0 0 1
vn 0 0 1
vn 0 0 1
vn 0 0 1
vn 0 0 1
vn 0 0 1
vn 0 0 1
vn 0 0 1
vn 0 0 1
vn 0 0 1
vn 0 0 1
vn 0 0 1
vn 0 0 1
vn 0 0 1
vn 0 0 1
vn 0 0 1
vn 0 0 1
vn 0 0 1
vn 0 0 1
vn 0 0 1
vn 0 0 1
vn 0 0 1
vn 0 0 1
vn 0 0 1
vn 0 0 1
vn 0 0 1
vn 0 0 1
vn 0 0 1
vn 0 0 1
vn 0 0 1
vn 0 0 1
vn 0 0 1
vn 0 0 1
vn 0 0 1
vn 0 0 1
vn 0 0 1
vn 0 0 1
vn 0 0 1
vn 0 0 1
vn 0 0 1
vn 0 0 1
vn 0 0 1
vn 0 0 1
vn 0 0 1
vn 0 0 1
vn 0 0 1
vn 0 0 1
vn 0 0 1
vn 0 0 1
vn 0 0 1
vn 0 0 1
vn 0 0 1
vn 0 0 1
vn 0 0 1
vn 0 0 1
vn 0 0 1
vn 0 0 1
vn 0 0 1
vn 0 0 1
vn 0 0 1
vn 0 0 1
vn 0 0 1
vn 0 0 1
vn 0 0 1
vn 0 0 1
vn 0 0 1
vn 0 0 1
vn 0 0 1
vn 0 0 1
vn 0 0 1
vn 0 0 1
vn 0 0 1
vn 0 0 1
vn 0 0 1
vn 0 0 1
vn 0 0 1
vn 0 0 1
vn 0 0 1
vn 0 0 1
vn 0 0 1
vn 0 0 1
vn 0 0 1
vn 0 0 1
vn 0 0 1
vn 0 0 1
vn 0 0 1
vn 0 0 1
vn 0 0 1
vn 0 0 1
vn 0 0 1
vn 0 0 1
vn 0 0 1
vn 0 0 1
vn 0 0 1
vn 0 0 1
vn 0 0 1
vn 0 0 1
vn 0 0 1
vn 0 0 1
vn 0 0 1
vn 0 0 1
vn 0 0 1
vn 0 0 1
vn 0 0 1
vn 0 0 1
vn 0 0 1
vn 0 0 1
vn 0 0 1
vn 0 0 1
vn 0 0 1
vn 0 0 1
vn 0 0 1
vn 0 0 1
vn 0 0 1
vn 0 0 1
vn 0 0 1
vn 0 0 1
vn 0 0 1
vn 0 0 1
vn 0 0 1
vn 0 0 1
vn 0 0 1
vn 0 0 1
vn 0 0 1
vn 0 0 1
vn 0 0 1
vn 0 0 1
vn 0 0 1
vn 0 0 1
vn 0 0 1
vn 0 0 1
vn 0 0 1
vn 0 0 1
vn 0 0 1
vn 0 0 1
vn 0 0 1
vn 0 0 1
vn 0 0 1
vn 0 0 1
vn 0 0 1
vn 0 0 1
vn 0 0 1
vn 0 0 1
vn 0 0 1
vn 0 0 1
vn 0 0 1
vn 0 0 1
vn 0 0 1
vn 0 0 1
vn 0 0 1
vn 0 0 1
vn 0 0 1
vn 0 0 1
vn 0 0 1
vn 0 0 1
vn 0 0 1
vn 0 0 1
vn 0 0 1
vn 0 0 1
vn 0 0 1
vn 0 0 1
vn 0 0 1
vn 0 0 1
vn 0 0 1
vn 0 0 1
vn 0 0 1
vn 0 0 1
vn 0 0 1
vn 0 0 1
vn 0 0 1
vn 0 0 1
vn 0 0 1
vn 0 0 1
vn 0 0 1
vn 0 0 1
vn 0 0 1
vn 0 0 1
vn 0 0 1
vn 0 0 1
vn 0 0 1
vn 0 0 1
vn 0 0 1
vn 0 0 1
vn 0 0 1
vn 0 0 1
vn 0 0 1
vn 0 0 1
vn 0 0 1
vn 0 0 1
vn 0 0 1
vn 0 0 1
vn 0 0 1
vn 0 0 1
vn 0 0 1
vn 0 0 1
vn 0 0 1
vn 0 0 1
vn 0 0 1
vn 0 0 1
vn 0 0 1
vn 0 0 1
vn 0 0 1
vn 0 0 1
vn 0 0 1
vn 0 0 1
vn 0 0 1
vn 0 0 1
vn 0 0 1
vn 0 0 1
vn 0 0 1
vn 0 0 1
vn 0 0 1
vn 0 0 1
vn 0 0 1
vn 0 0 1
vn 0 0 1
vn 0 0 1
vn 0 0 1
vn 0 0 1
vn 0 0 1
vn 0 0 1
vn 0 0 1
vn 0 0 1
vn 0 0 1
vn 0 0 1
vn 0 0 1
vn 0 0 1
vn 0 0 1
vn 0 0 1
vn 0 0 1
vn 0 0 1
vn 0 0 1
vn 0 0 1
vn 0 0 1
vn 0 0 1
vn 0 0 1
vn 0 0 1
vn 0 0 1
vn 0 0 1
vn 0 0 1
vn 0 0 1
vn 0 0 1
vn 0 0 1
vn 0 0 1
vn 0 0 1
vn 0 0 1
vn 0 0 1
vn 0 0 1
vn 0 0 1
vn 0 0 1
vn 0 0 1
vn 0 0 1
vn 0 0 1
vn 0 0 1
vn 0 0 1
vn 0 0 1
vn 0 0 1
vn 0 0 1
vn 0 0 1
vn 0 0 1
vn 0 0 1
vn 0 0 1
vn 0 0 1
vn 0 0 1
vn 0 0 1
vn 0 0 1
vn 0 0 1
vn 0 0 1
vn 0 0 1
vn 0 0 1
vn 0 0 1
vn 0 0 1
vn 0 0 1
vn 0 0 1
vn 0 0 1
vn 0 0 1
vn 0 0 1
vn 0 0 1
vn 0 0 1
vn 0 0 1
vn 0 0 1
vn 0 0 1
vn 0 0 1
vn 0 0 1
vn 0 0 1
vn 0 0 1
vn 0 0 1
vn 0 0 1
vn 0 0 1
vn 0 0 1
vn 0 0 1
vn 0 0 1
vn 0 0 1
vn 0 0 1
vn 0 0 1
vn 0 0 1
vn 0 0 1
vn 0 0 1
vn 0 0 1
vn 0 0 1
vn 0 0 1
vn 0 0 1
vn 0 0 1
vn 0 0 1
vn 0 0 1
vn 0 0 1
vn 0 0 1
vn 0 0 1
vn 0 0 1
vn 0 0 1
vn 0 0 1
vn 0 0 1
vn 0 0 1
vn 0 0 1
vn 0 0 1
vn 0 0 1
vn 0 0 1
vn 0 0 1
vn 0 0 1
vn 0 0 1
vn 0 0 1
vn 0 0 1
vn 0 0 1
vn 0 0 1
vn 0 0 1
vn 0 0 1
vn 0 0 1
vn 0 0 1
vn 0 0 1
vn 0 0 1
vn 0 0 1
vn 0 0 1
vn 0 0 1
vn 0 0 1
vn 0 0 1
vn 0 0 1
vn 0 0 1
vn 0 0 1
vn 0 0 1
vn 0 0 1
vn 0 0 1
vn 0 0 1
vn 0 0 1
vn 0 0 1
vn 0 0 1
vn 0 0 1
vn 0 0 1
vn 0 0 1
vn 0 0 1
vn 0 0 1
vn 0 0 1
vn 0 0 1
vn 0 0 1
vn 0 0 1
vn 0 0 1
vn 0 0 1
vn 0 0 1
vn 0 0 1
vn 0 0 1
vn 0 0 1
vn 0 0 1
vn 0 0 1
vn 0 0 1
vn 0 0 1
vn 0 0 1
vn 0 0 1
vn 0 0 1
vn 0 0 1
vn 0 0 1
vn 0 0 1
vn 0 0 1
vn 0 0 1
vn 0 0 1
vn 0 0 1
vn 0 0 1
vn 0 0 1
vn 0 0 1
vn 0 0 1
vn 0 0 1
vn 0 0 1
vn 0 0 1
vn 0 0 1
vn 0 0 1
vn 0 0 1
vn 0 0 1
vn 0 0 1
vn 0 0 1
vn 0 0 1
vn 0 0 1
vn 0 0 1
vn 0 0 1
vn 0 0 1
vn 0 0 1
vn 0 0 1
vn 0 0 1
vn 0 0 1
vn 0 0 1
vn 0 0 1
vn 0 0 1
vn 0 0 1
vn 0 0 1
vn 0 0 1
vn 0 0 1
vn 0 0 1
vn 0 0 1
vn 0 0 1
vn 0 0 1
vn 0 0 1
vn 0 0 1
vn 0 0 1
vn 0 0 1
vn 0 0 1
vn 0 0 1
vn 0 0 1
vn 0 0 1
vn 0 0 1
vn 0 0 1
vn 0 0 1
vn 0 0 1
vn 0 0 1
vn 0 0 1
vn 0 0 1
vn 0 0 1
vn 0 0 1
vn 0 0 1
vn 0 0 1
vn 0 0 1
vn 0 0 1
vn 0 0 1
vn 0 0 1
vn 0 0 1
vn 0 0 1
vn 0 0 1
vn 0 0 1
vn 0 0 1
vn 0 0 1
vn 0 0 1
vn 0 0 1
vn 0 0 1
vn 0 0 1
vn 0 0 1
vn 0 0 1
vn 0 0 1
vn 0 0 1
vn 0 0 1
vn 0 0 1
vn 0 0 1
vn 0 0 1
vn 0 0 1
vn 0 0 1
vn 0 0 1
vn 0 0 1
vn 0 0 1
vn 0 0 1
vn 0 0 1
vn 0 0 1
vn 0 0 1
vn 0 0 1
vn 0 0 1
vn 0 0 1
vn 0 0 1
vn 0 0 1
vn 0 0 1
vn 0 0 1
vn 0 0 1
vn 0 0 1
vn 0 0 1
vn 0 0 1
vn 0 0 1
vn 0 0 1
vn 0 0 1
vn 0 0 1
vn 0 0 1
vn 0 0 1
vn 0 0 1
vn 0 0 1
vn 0 0 1
vn 0 0 1
vn 0 0 1
vn 0 0 1
vn 0 0 1
vn 0 0 1
vn 0 0 1
vn 0 0 1
vn 0 0 1
vn 0 0 1
vn 0 0 1
vn 0 0 1
vn 0 0 1
vn 0 0 1
vn 0 0 1
vn 0 0 1
vn 0 0 1
vn 0 0 1
vn 0 0 1
vn 0 0 1
vn 0 0 1
vn 0 0 1
vn 0 0 1
vn 0 0 1
vn 0 0 1
vn 0 0 1
vn 0 0 1
vn 0 0 1
vn 0 0 1
vn 0 0 1
vn 0 0 1
vn 0 0 1
vn 0 0 1
vn 0 0 1
vn 0 0 1
vn 0 0 1
vn 0 0 1
vn 0 0 1
vn 0 0 1
vn 0 0 1
vn 0 0 1
vn 0 0 1
vn 0 0 1
vn 0 0 1
vn 0 0 1
vn 0 0 1
vn 0 0 1
vn 0 0 1
vn 0 0 1
vn 0 0 1
vn 0 0 1
vn 0 0 1
vn 0 0 1
vn 0 0 1
vn 0 0 1
vn 0 0 1
vn 0 0 1
vn 0 0 1
vn 0 0 1
vn 0 0 1
vn 0 0 1
vn 0 0 1
vn 0 0 1
vn 0 0 1
vn 0 0 1
vn 0 0 1
vn 0 0 1
vn 0 0 1
vn 0 0 1
vn 0 0 1
vn 0 0 1
vn 0 0 1
vn 0 0 1
vn 0 0 1
vn 0 0 1
vn 0 0 1
vn 0 0 1
vn 0 0 1
vn 0 0 1
vn 0 0 1
vn 0 0 1
vn 0 0 1
vn 0 0 1
vn 0 0 1
vn 0 0 1
vn 0 0 1
vn 0 0 1
vn 0 0 1
vn 0 0 1
vn 0 0 1
vn 0 0 1
vn 0 0 1
vn 0 0 1
vn 0 0 1
vn 0 0 1
vn 0 0 1
vn 0 0 1
vn 0 0 1
vn 0 0 1
vn 0 0 1
vn 0 0 1
vn 0 0 1
vn 0 0 1
vn 0 0 1
vn 0 0 1
vn 0 0 1
vn 0 0 1
vn 0 0 1
vn 0 0 1
vn 0 0 1
vn 0 0 1
vn 0 0 1
vn 0 0 1
vn 0 0 1
vn 0 0 1
vn 0 0 1
vn 0 0 1
vn 0 0 1
vn 0 0 1
vn 0 0 1
vn 0 0 1
vn 0 0 1
vn 0 0 1
vn 0 0 1
vn 0 0 1
vn 0 0 1
vn 0 0 1
vn 0 0 1
vn 0 0 1
vn 0 0 1
vn 0 0 1
vn 0 0 1
vn 0 0 1
vn 0 0 1
vn 0 0 1
vn 0 0 1
vn 0 0 1
vn 0 0 1
vn 0 0 1
vn 0 0 1
vn 0 0 1
vn 0 0 1
vn 0 0 1
vn 0 0 1
vn 0 0 1
vn 0 0 1
vn 0 0 1
vn 0 0 1
vn 0 0 1
vn 0 0 1
vn 0 0 1
vn 0 0 1
vn 0 0 1
vn 0 0 1
vn 0 0 1
vn 0 0 1
vn 0 0 1
vn 0 0 1
vn 0 0 1
vn 0 0 1
vn 0 0 1
vn 0 0 1
vn 0 0 1
vn 0 0 1
vn 0 0 1
vn 0 0 1
vn 0 0 1
vn 0 0 1
vn 0 0 1
vn 0 0 1
vn 0 0 1
vn 0 0 1
vn 0 0 1
vn 0 0 1
vn 0 0 1
vn 0 0 1
vn 0 0 1
vn 0 0 1
vn 0 0 1
vn 0 0 1
vn 0 0 1
vn 0 0 1
vn 0 0 1
vn 0 0 1
vn 0 0 1
vn 0 0 1
vn 0 0 1
vn 0 0 1
vn 0 0 1
vn 0 0 1
vn 0 0 1
vn 0 0 1
vn 0 0 1
vn 0 0 1
vn 0 0 1
vn 0 0 1
vn 0 0 1
vn 0 0 1
vn 0 0 1
vn 0 0 1
vn 0 0 1
vn 0 0 1
vn 0 0 1
vn 0 0 1
vn 0 0 1
vn 0 0 1
vn 0 0 1
vn 0 0 1
vn 0 0 1
vn 0 0 1
vn 0 0 1
vn 0 0 1
vn 0 0 1
vn 0 0 1
vn 0 0 1
vn 0 0 1
vn 0 0 1
vn 0 0 1
vn 0 0 1
vn 0 0 1
vn 0 0 1
vn 0 0 1
vn 0 0 1
vn 0 0 1
vn 0 0 1
vn 0 0 1
vn 0 0 1
vn 0 0 1
vn 0 0 1
vn 0 0 1
vn 0 0 1
vn 0 0 1
vn 0 0 1
vn 0 0 1
vn 0 0 1
vn 0 0 1
vn 0 0 1
vn 0 0 1
vn 0 0 1
vn 0 0 1
vn 0 0 1
vn 0 0 1
vn 0 0 1
vn 0 0 1
vn 0 0 1
vn 0 0 1
vn 0 0 1
vn 0 0 1
vn 0 0 1
vn 0 0 1
vn 0 0 1
vn 0 0 1
vn 0 0 1
vn 0 0 1
vn 0 0 1
vn 0 0 1
vn 0 0 1
vn 0 0 1
vn 0 0 1
vn 0 0 1
vn 0 0 1
vn 0 0 1
vn 0 0 1
vn 0 0 1
vn 0 0 1
vn 0 0 1
vn 0 0 1
vn 0 0 1
vn 0 0 1
vn 0 0 1
vn 0 0 1
vn 0 0 1
vn 0 0 1
vn 0 0 1
vn 0 0 1
vn 0 0 1
vn 0 0 1
vn 0 0 1
vn 0 0 1
vn 0 0 1
vn 0 0 1
vn 0 0 1
vn 0 0 1
vn 0 0 1
vn 0 0 1
vn 0 0 1
vn 0 0 1
vn 0 0 1
vn 0 0 1
vn 0 0 1
vn 0 0 1
vn 0 0 1
vn 0 0 1
vn 0 0 1
vn 0 0 1
vn 0 0 1
vn 0 0 1
vn 0 0 1
vn 0 0 1
vn 0 0 1
vn 0 0 1
vn 0 0 1
vn 0 0 1
vn 0 0 1
vn 0 0 1
vn 0 0 1
vn 0 0 1
vn 0 0 1
vn 0 0 1
vn 0 0 1
vn 0 0 1
vn 0 0 1
vn 0 0 1
vn 0 0 1
vn 0 0 1
vn 0 0 1
vn 0 0 1
vn 0 0 1
vn 0 0 1
vn 0 0 1
vn 0 0 1
vn 0 0 1
vn 0 0 1
vn 0 0 1
vn 0 0 1
vn 0 0 1
vn 0 0 1
vn 0 0 1
vn 0 0 1
vn 0 0 1
vn 0 0 1
vn 0 0 1
vn 0 0 1
vn 0 0 1
vn 0 0 1
vn 0 0 1
vn 0 0 1
vn 0 0 1
vn 0 0 1
vn 0 0 1
vn 0 0 1
vn 0 0 1
vn 0 0 1
vn 0 0 1
vn 0 0 1
vn 0 0 1
vn 0 0 1
vn 0 0 1
vn 0 0 1
vn 0 0 1
vn 0 0 1
vn 0 0 1
vn 0 0 1
vn 0 0 1
vn 0 0 1
vn 0 0 1
vn 0 0 1
vn 0 0 1
vn 0 0 1
vn 0 0 1
vn 0 0 1
vn 0 0 1
vn 0 0 1
vn 0 0 1
vn 0 0 1
vn 0 0 1
vn 0 0 1
vn 0 0 1
vn 0 0 1
vn 0 0 1
vn 0 0 1
vn 0 0 1
vn 0 0 1
vn 0 0 1
vn 0 0 1
vn 0 0 1
vn 0 0 1
vn 0 0 1
vn 0 0 1
vn 0 0 1
vn 0 0 1
vn 0 0 1
vn 0 0 1
vn 0 0 1
vn 0 0 1
vn 0 0 1
vn 0 0 1
vn 0 0 1
vn 0 0 1
vn 0 0 1
vn 0 0 1
vn 0 0 1
vn 0 0 1
vn 0 0 1
vn 0 0 1
vn 0 0 1
vn 0 0 1
vn 0 0 1
vn 0 0 1
vn 0 0 1
vn 0 0 1
vn 0 0 1
vn 0 0 1
vn 0 0 1
vn 0 0 1
vn 0 0 1
vn 0 0 1
vn 0 0 1
vn 0 0 1
vn 0 0 1
vn 0 0 1
vn 0 0 1
vn 0 0 1
vn 0 0 1
vn 0 0 1
vn 0 0 1
vn 0 0 1
vn 0 0 1
vn 0 0 1
vn 0 0 1
vn 0 0 1
vn 0 0 1
vn 0 0 1
vn 0 0 1
vn 0 0 1
vn 0 0 1
vn 0 0 1
vn 0 0 1
vn 0 0 1
vn 0 0 1
vn 0 0 1
vn 0 0 1
vn 0 0 1
vn 0 0 1
vn 0 0 1
vn 0 0 1
vn 0 0 1
vn 0 0 1
vn 0 0 1
vn 0 0 1
vn 0 0 1
vn 0 0 1
vn 0 0 1
vn 0 0 1
vn 0 0 1
vn 0 0 1
vn 0 0 1
vn 0 0 1
vn 0 0 1
vn 0 0 1
vn 0 0 1
vn 0 0 1
vn 0 0 1
vn 0 0 1
vn 0 0 1
vn 0 0 1
vn 0 0 1
vn 0 0 1
vn 0 0 1
vn 0 0 1
vn 0 0 1
vn 0 0 1
vn 0 0 1
vn 0 0 1
vn 0 0 1
vn 0 0 1
vn 0 0 1
vn 0 0 1
vn 0 0 1
vn 0 0 1
vn 0 0 1
vn 0 0 1
vn 0 0 1
vn 0 0 1
vn 0 0 1
vn 0 0 1
vn 0 0 1
vn 0 0 1
vn 0 0 1
vn 0 0 1
vn 0 0 1
vn 0 0 1
vn 0 0 1
vn 0 0 1
vn 0 0 1
vn 0 0 1
vn 0 0 1
vn 0 0 1
vn 0 0 1
vn 0 0 1
vn 0 0 1
vn 0 0 1
vn 0 0 1
vn 0 0 1
vn 0 0 1
vn 0 0 1
vn 0 0 1
vn 0 0 1
vn 0 0 1
vn 0 0 1
vn 0 0 1
vn 0 0 1
vn 0 0 1
vn 0 0 1
vn 0 0 1
vn 0 0 1
vn 0 0 1
vn 0 0 1
vn 0 0 1
vn 0 0 1
vn 0 0 1
vn 0 0 1
vn 0 0 1
vn 0 0 1
vn 0 0 1
vn 0 0 1
vn 0 0 1
vn 0 0 1
vn 0 0 1
vn 0 0 1
vn 0 0 1
vn 0 0 1
vn 0 0 1
vn 0 0 1
vn 0 0 1
vn 0 0 1
vn 0 0 1
vn 0 0 1
vn 0 0 1
vn 0 0 1
vn 0 0 1
vn 0 0 1
vn 0 0 1
vn 0 0 1
vn 0 0 1
vn 0 0 1
vn 0 0 1
vn 0 0 1
vn 0 0 1
vn 0 0 1
vn 0 0 1
vn 0 0 1
vn 0 0 1
vn 0 0 1
vn 0 0 1
vn 0 0 1
vn 0 0 1
vn 0 0 1
vn 0 0 1
vn 0 0 1
vn 0 0 1
vn 0 0 1
vn 0 0 1
vn 0 0 1
vn 0 0 1
vn 0 0 1
vn 0 0 1
vn 0 0 1
vn 0 0 1
vn 0 0 1
vn 0 0 1
vn 0 0 1
vn 0 0 1
vn 0 0 1
vn 0 0 1
vn 0 0 1
vn 0 0 1
vn 0 0 1
vn 0 0 1
vn 0 0 1
vn 0 0 1
vn 0 0 1
vn 0 0 1
vn 0 0 1
vn 0 0 1
vn 0 0 1
vn 0 0 1
vn 0 0 1
vn 0 0 1
vn 0 0 1
vn 0 0 1
vn 0 0 1
vn 0 0 1
vn 0 0 1
vn 0 0 1
vn 0 0 1
vn 0 0 1
vn 0 0 1
vn 0 0 1
vn 0 0 1
vn 0 0 1
vn 0 0 1
vn 0 0 1
vn 0 0 1
vn 0 0 1
vn 0 0 1
vn 0 0 1
vn 0 0 1
vn 0 0 1
vn 0 0 1
vn 0 0 1
vn 0 0 1
vn 0 0 1
vn 0 0 1
vn 0 0 1
vn 0 0 1
vn 0 0 1
vn 0 0 1
vn 0 0 1
vn 0 0 1
vn 0 0 1
vn 0 0 1
vn 0 0 1
vn 0 0 1
vn 0 0 1
vn 0 0 1
vn 0 0 1
vn 0 0 1
vn 0 0 1
vn 0 0 1
vn 0 0 1
vn 0 0 1
vn 0 0 1
vn 0 0 1
vn 0 0 1
vn 0 0 1
vn 0 0 1
vn 0 0 1
vn 0 0 1
vn 0 0 1
vn 0 0 1
vn 0 0 1
vn 0 0 1
vn 0 0 1
vn 0 0 1
vn 0 0 1
vn 0 0 1
vn 0 0 1
vn 0 0 1
vn 0 0 1
vn 0 0 1
vn 0 0 1
vn 0 0 1
vn 0 0 1
vn 0 0 1
vn 0 0 1
vn 0 0 1
vn 0 0 1
vn 0 0 1
vn 0 0 1
vn 0 0 1
vn 0 0 1
vn 0 0 1
vn 0 0 1
vn 0 0 1
vn 0 0 1
vn 0 0 1
vn 0 0 1
vn 0 0 1
vn 0 0 1
vn 0 0 1
vn 0 0 1
vn 0 0 1
vn 0 0 1
vn 0 0 1
vn 0 0 1
vn 0 0 1
vn 0 0 1
vn 0 0 1
vn 0 0 1
vn 0 0 1
vn 0 0 1
vn 0 0 1
vn 0 0 1
vn 0 0 1
vn 0 0 1
vn 0 0 1
vn 0 0 1
vn 0 0 1
vn 0 0 1
vn 0 0 1
vn 0 0 1
vn 0 0 1
vn 0 0 1
vn 0 0 1
vn 0 0 1
vn 0 0 1
vn 0 0 1
vn 0 0 1
vn 0 0 1
vn 0 0 1
vn 0 0 1
vn 0 0 1
vn 0 0 1
vn 0 0 1
vn 0 0 1
vn 0 0 1
vn 0 0 1
vn 0 0 1
vn 0 0 1
vn 0 0 1
vn 0 0 1
vn 0 0 1
vn 0 0 1
vn 0 0 1
vn 0 0 1
vn 0 0 1
vn 0 0 1
vn 0 0 1
vn 0 0 1
vn 0 0 1
vn 0 0 1
vn 0 0 1
vn 0 0 1
vn 0 0 1
vn 0 0 1
vn 0 0 1
vn 0 0 1
vn 0 0 1
vn 0 0 1
vn 0 0 1
vn 0 0 1
vn 0 0 1
vn 0 0 1
vn 0 0 1
vn 0 0 1
vn 0 0 1
vn 0 0 1
vn 0 0 1
vn 0 0 1
vn 0 0 1
vn 0 0 1
vn 0 0 1
vn 0 0 1
vn 0 0 1
vn 0 0 1
vn 0 0 1
vn 0 0 1
vn 0 0 1
vn 0 0 1
vn 0 0 1
vn 0 0 1
vn 0 0 1
vn 0 0 1
vn 0 0 1
vn 0 0 1
vn 0 0 1
vn 0 0 1
vn 0 0 1
vn 0 0 1
vn 0 0 1
vn 0 0 1
vn 0 0 1
vn 0 0 1
vn 0 0 1
vn 0 0 1
vn 0 0 1
vn 0 0 1
vn 0 0 1
vn 0 0 1
vn 0 0 1
vn 0 0 1
vn 0 0 1
vn 0 0 1
vn 0 0 1
vn 0 0 1
vn 0 0 1
vn 0 0 1
vn 0 0 1
vn 0 0 1
vn 0 0 1
vn 0 0 1
vn 0 0 1
vn 0 0 1
vn 0 0 1
vn 0 0 1
vn 0 0 1
vn 0 0 1
vn 0 0 1
vn 0 0 1
vn 0 0 1
vn 0 0 1
vn 0 0 1
vn 0 0 1
vn 0 0 1
vn 0 0 1
vn 0 0 1
vn 0 0 1
vn 0 0 1
vn 0 0 1
vn 0 0 1
vn 0 0 1
vn 0 0 1
vn 0 0 1
vn 0 0 1
vn 0 0 1
vn 0 0 1
vn 0 0 1
vn 0 0 1
vn 0 0 1
vn 0 0 1
vn 0 0 1
vn 0 0 1
vn 0 0 1
vn 0 0 1
vn 0 0 1
vn 0 0 1
vn 0 0 1
vn 0 0 1
vn 0 0 1
vn 0 0 1
vn 0 0 1
vn 0 0 1
vn 0 0 1
vn 0 0 1
vn 0 0 1
vn 0 0 1
vn 0 0 1
vn 0 0 1
vn 0 0 1
vn 0 0 1
vn 0 0 1
vn 0 0 1
vn 0 0 1
vn 0 0 1
vn 0 0 1
vn 0 0 1
vn 0 0 1
vn 0 0 1
vn 0 0 1
vn 0 0 1
vn 0 0 1
vn 0 0 1
vn 0 0 1
vn 0 0 1
vn 0 0 1
vn 0 0 1
vn 0 0 1
vn 0 0 1
vn 0 0 1
vn 0 0 1
vn 0 0 1
vn 0 0 1
vn 0 0 1
vn 0 0 1
vn 0 0 1
vn 0 0 1
vn 0 0 1
vn 0 0 1
vn 0 0 1
vn 0 0 1
vn 0 0 1
vn 0 0 1
vn 0 0 1
vn 0 0 1
vn 0 0 1
vn 0 0 1
vn 0 0 1
vn 0 0 1
vn 0 0 1
vn 0 0 1
vn 0 0 1
vn 0 0 1
vn 0 0 1
vn 0 0 1
vn 0 0 1
vn 0 0 1
vn 0 0 1
vn 0 0 1
vn 0 0 1
vn 0 0 1
vn 0 0 1
vn 0 0 1
vn 0 0 1
vn 0 0 1
vn 0 0 1
vn 0 0 1
vn 0 0 1
vn 0 0 1
vn 0 0 1
vn 0 0 1
vn 0 0 1
vn 0 0 1
vn 0 0 1
vn 0 0 1
vn 0 0 1
vn 0 0 1
vn 0 0 1
vn 0 0 1
vn 0 0 1
vn 0 0 1
vn 0 0 1
vn 0 0 1
vn 0 0 1
vn 0 0 1
vn 0 0 1
vn 0 0 1
vn 0 0 1
vn 0 0 1
vn 0 0 1
vn 0 0 1
vn 0 0 1
vn 0 0 1
vn 0 0 1
vn 0 0 1
vn 0 0 1
vn 0 0 1
vn 0 0 1
vn 0 0 1
vn 0 0 1
vn 0 0 1
vn 0 0 1
vn 0 0 1
vn 0 0 1
vn 0 0 1
vn 0 0 1
vn 0 0 1
vn 0 0 1
vn 0 0 1
vn 0 0 1
vn 0 0 1
vn 0 0 1
vn 0 0 1
vn 0 0 1
vn 0 0 1
vn 0 0 1
vn 0 0 1
vn 0 0 1
vn 0 0 1
vn 0 0 1
vn 0 0 1
vn 0 0 1
vn 0 0 1
vn 0 0 1
vn 0 0 1
vn 0 0 1
vn 0 0 1
vn 0 0 1
vn 0 0 1
vn 0 0 1
vn 0 0 1
vn 0 0 1
vn 0 0 1
vn 0 0 1
vn 0 0 1
vn 0 0 1
vn 0 0 1
vn 0 0 1
vn 0 0 1
vn 0 0 1
vn 0 0 1
vn 0 0 1
vn 0 0 1
vn 0 0 1
vn 0 0 1
vn 0 0 1
vn 0 0 1
vn 0 0 1
vn 0 0 1
vn 0 0 1
vn 0 0 1
vn 0 0 1
vn 0 0 1
vn 0 0 1
vn 0 0 1
vn 0 0 1
vn 0 0 1
vn 0 0 1
vn 0 0 1
vn 0 0 1
vn 0 0 1
vn 0 0 1
vn 0 0 1
vn 0 0 1
vn 0 0 1
vn 0 0 1
vn 0 0 1
vn 0 0 1
vn 0 0 1
vn 0 0 1
vn 0 0 1
vn 0 0 1
vn 0 0 1
vn 0 0 1
vn 0 0 1
vn 0 0 1
vn 0 0 1
vn 0 0 1
vn 0 0 1
vn 0 0 1
vn 0 0 1
vn 0 0 1
vn 0 0 1
vn 0 0 1
vn 0 0 1
vn 0 0 1
vn 0 0 1
vn 0 0 1
vn 0 0 1
vn 0 0 1
vn 0 0 1
vn 0 0 1
vn 0 0 1
vn 0 0 1
vn 0 0 1
vn 0 0 1
vn 0 0 1
vn 0 0 1
vn 0 0 1
vn 0 0 1
vn 0 0 1
vn 0 0 1
vn 0 0 1
vn 0 0 1
vn 0 0 1
vn 0 0 1
vn 0 0 1
vn 0 0 1
vn 0 0 1
vn 0 0 1
vn 0 0 1
vn 0 0 1
vn 0 0 1
vn 0 0 1
vn 0 0 1
vn 0 0 1
vn 0 0 1
vn 0 0 1
vn 0 0 1
vn 0 0 1
vn 0 0 1
vn 0 0 1
vn 0 0 1
vn 0 0 1
vn 0 0 1
vn 0 0 1
vn 0 0 1
vn 0 0 1
vn 0 0 1
vn 0 0 1
vn 0 0 1
vn 0 0 1
vn 0 0 1
vn 0 0 1
vn 0 0 1
vn 0 0 1
vn 0 0 1
vn 0 0 1
vn 0 0 1
vn 0 0 1
vn 0 0 1
vn 0 0 1
vn 0 0 1
vn 0 0 1
vn 0 0 1
vn 0 0 1
vn 0 0 1
vn 0 0 1
vn 0 0 1
vn 0 0 1
vn 0 0 1
vn 0 0 1
vn 0 0 1
vn 0 0 1
vn 0 0 1
vn 0 0 1
vn 0 0 1
vn 0 0 1
vn 0 0 1
vn 0 0 1
vn 0 0 1
vn 0 0 1
vn 0 0 1
vn 0 0 1
vn 0 0 1
vn 0 0 1
vn 0 0 1
vn 0 0 1
vn 0 0 1
vn 0 0 1
vn 0 0 1
vn 0 0 1
vn 0 0 1
vn 0 0 1
vn 0 0 1
vn 0 0 1
vn 0 0 1
vn 0 0 1
vn 0 0 1
vn 0 0 1
vn 0 0 1
vn 0 0 1
vn 0 0 1
vn 0 0 1
vn 0 0 1
vn 0 0 1
vn 0 0 1
vn 0 0 1
vn 0 0 1
vn 0 0 1
vn 0 0 1
vn 0 0 1
vn 0 0 1
vn 0 0 1
vn 0 0 1
vn 0 0 1
vn 0 0 1
vn 0 0 1
vn 0 0 1
vn 0 0 1
vn 0 0 1
vn 0 0 1
vn 0 0 1
vn 0 0 1
vn 0 0 1
vn 0 0 1
vn 0 0 1
vn 0 0 1
vn 0 0 1
vn 0 0 1
vn 0 0 1
vn 0 0 1
vn 0 0 1
vn 0 0 1
vn 0 0 1
vn 0 0 1
vn 0 0 1
vn 0 0 1
vn 0 0 1
vn 0 0 1
vn 0 0 1
vn 0 0 1
vn 0 0 1
vn 0 0 1
vn 0 0 1
vn 0 0 1
vn 0 0 1
vn 0 0 1
vn 0 0 1
vn 0 0 1
vn 0 0 1
vn 0 0 1
vn 0 0 1
vn 0 0 1
vn 0 0 1
vn 0 0 1
vn 0 0 1
vn 0 0 1
vn 0 0 1
vn 0 0 1
vn 0 0 1
vn 0 0 1
vn 0 0 1
vn 0 0 1
vn 0 0 1
vn 0 0 1
vn 0 0 1
vn 0 0 1
vn 0 0 1
vn 0 0 1
vn 0 0 1
vn 0 0 1
vn 0 0 1
vn 0 0 1
vn 0 0 1
vn 0 0 1
vn 0 0 1
vn 0 0 1
vn 0 0 1
vn 0 0 1
vn 0 0 1
vn 0 0 1
vn 0 0 1
vn 0 0 1
vn 0 0 1
vn 0 0 1
vn 0 0 1
vn 0 0 1
vn 0 0 1
vn 0 0 1
vn 0 0 1
vn 0 0 1
vn 0 0 1
vn 0 0 1
vn 0 0 1
vn 0 0 1
vn 0 0 1
vn 0 0 1
vn 0 0 1
vn 0 0 1
vn 0 0 1
vn 0 0 1
vn 0 0 1
vn 0 0 1
vn 0 0 1
vn 0 0 1
vn 0 0 1
vn 0 0 1
vn 0 0 1
vn 0 0 1
vn 0 0 1
vn 0 0 1
vn 0 0 1
vn 0 0 1
vn 0 0 1
vn 0 0 1
vn 0 0 1
vn 0 0 1
vn 0 0 1
vn 0 0 1
vn 0 0 1
vn 0 0 1
vn 0 0 1
vn 0 0 1
vn 0 0 1
vn 0 0 1
vn 0 0 1
vn 0 0 1
vn 0 0 1
vn 0 0 1
vn 0 0 1
vn 0 0 1
vn 0 0 1
vn 0 0 1
vn 0 0 1
vn 0 0 1
vn 0 0 1
vn 0 0 1
vn 0 0 1
vn 0 0 1
vn 0 0 1
vn 0 0 1
vn 0 0 1
vn 0 0 1
vn 0 0 1
vn 0 0 1
vn 0 0 1
vn 0 0 1
vn 0 0 1
vn 0 0 1
vn 0 0 1
vn 0 0 1
vn 0 0 1
vn 0 0 1
vn 0 0 1
vn 0 0 1
vn 0 0 1
vn 0 0 1
vn 0 0 1
vn 0 0 1
vn 0 0 1
vn 0 0 1
vn 0 0 1
vn 0 0 1
vn 0 0 1
vn 0 0 1
vn 0 0 1
vn 0 0 1
vn 0 0 1
vn 0 0 1
vn 0 0 1
vn 0 0 1
vn 0 0 1
vn 0 0 1
vn 0 0 1
vn 0 0 1
vn 0 0 1
vn 0 0 1
vn 0 0 1
vn 0 0 1
vn 0 0 1
vn 0 0 1
vn 0 0 1
vn 0 0 1
vn 0 0 1
vn 0 0 1
vn 0 0 1
vn 0 0 1
vn 0 0 1
vn 0 0 1
vn 0 0 1
vn 0 0 1
vn 0 0 1
vn 0 0 1
vn 0 0 1
vn 0 0 1
vn 0 0 1
vn 0 0 1
vn 0 0 1
vn 0 0 1
vn 0 0 1
vn 0 0 1
vn 0 0 1
vn 0 0 1
vn 0 0 1
vn 0 0 1
vn 0 0 1
vn 0 0 1
vn 0 0 1
vn 0 0 1
vn 0 0 1
vn 0 0 1
vn 0 0 1
vn 0 0 1
vn 0 0 1
vn 0 0 1
vn 0 0 1
vn 0 0 1
vn 0 0 1
vn 0 0 1
vn 0 0 1
vn 0 0 1
vn 0 0 1
vn 0 0 1
vn 0 0 1
vn 0 0 1
vn 0 0 1
vn 0 0 1
vn 0 0 1
vn 0 0 1
vn 0 0 1
vn 0 0 1
vn 0 0 1
vn 0 0 1
vn 0 0 1
vn 0 0 1
vn 0 0 1
vn 0 0 1
vn 0 0 1
vn 0 0 1
vn 0 0 1
vn 0 0 1
vn 0 0 1
vn 0 0 1
vn 0 0 1
vn 0 0 1
vn 0 0 1
vn 0 0 1
vn 0 0 1
vn 0 0 1
vn 0 0 1
vn 0 0 1
vn 0 0 1
vn 0 0 1
vn 0 0 1
vn 0 0 1
vn 0 0 1
vn 0 0 1
vn 0 0 1
vn 0 0 1
vn 0 0 1
vn 0 0 1
vn 0 0 1
vn 0 0 1
vn 0 0 1
vn 0 0 1
vn 0 0 1
vn 0 0 1
vn 0 0 1
vn 0 0 1
vn 0 0 1
vn 0 0 1
vn 0 0 1
vn 0 0 1
vn 0 0 1
vn 0 0 1
vn 0 0 1
vn 0 0 1
vn 0 0 1
vn 0 0 1
vn 0 0 1
vn 0 0 1
vn 0 0 1
vn 0 0 1
vn 0 0 1
vn 0 0 1
vn 0 0 1
vn 0 0 1
vn 0 0 1
vn 0 0 1
vn 0 0 1
vn 0 0 1
vn 0 0 1
vn 0 0 1
vn 0 0 1
vn 0 0 1
vn 0 0 1
vn 0 0 1
vn 0 0 1
vn 0 0 1
vn 0 0 1
vn 0 0 1
vn 0 0 1
vn 0 0 1
vn 0 0 1
vn 0 0 1
vn 0 0 1
vn 0 0 1
vn 0 0 1
vn 0 0 1
vn 0 0 1
vn 0 0 1
vn 0 0 1
vn 0 0 1
vn 0 0 1
vn 0 0 1
vn 0 0 1
vn 0 0 1
vn 0 0 1
vn 0 0 1
vn 0 0 1
vn 0 0 1
vn 0 0 1
vn 0 0 1
vn 0 0 1
vn 0 0 1
vn 0 0 1
vn 0 0 1
vn 0 0 1
vn 0 0 1
vn 0 0 1
vn 0 0 1
vn 0 0 1
vn 0 0 1
vn 0 0 1
vn 0 0 1
vn 0 0 1
vn 0 0 1
vn 0 0 1
vn 0 0 1
vn 0 0 1
vn 0 0 1
vn 0 0 1
vn 0 0 1
vn 0 0 1
vn 0 0 1
vn 0 0 1
vn 0 0 1
vn 0 0 1
vn 0 0 1
vn 0 0 1
vn 0 0 1
vn 0 0 1
vn 0 0 1
vn 0 0 1
vn 0 0 1
vn 0 0 1
vn 0 0 1
vn 0 0 1
vn 0 0 1
vn 0 0 1
vn 0 0 1
vn 0 0 1
vn 0 0 1
vn 0 0 1
vn 0 0 1
vn 0 0 1
vn 0 0 1
vn 0 0 1
vn 0 0 1
vn 0 0 1
vn 0 0 1
vn 0 0 1
vn 0 0 1
vn 0 0 1
vn 0 0 1
vn 0 0 1
vn 0 0 1
vn 0 0 1
vn 0 0 1
vn 0 0 1
vn 0 0 1
vn 0 0 1
vn 0 0 1
vn 0 0 1
vn 0 0 1
vn 0 0 1
vn 0 0 1
vn 0 0 1
vn 0 0 1
vn 0 0 1
vn 0 0 1
vn 0 0 1
vn 0 0 1
vn 0 0 1
vn 0 0 1
vn 0 0 1
vn 0 0 1
vn 0 0 1
vn 0 0 1
vn 0 0 1
vn 0 0 1
vn 0 0 1
vn 0 0 1
vn 0 0 1
vn 0 0 1
vn 0 0 1
vn 0 0 1
vn 0 0 1
vn 0 0 1
vn 0 0 1
vn 0 0 1
vn 0 0 1
vn 0 0 1
vn 0 0 1
vn 0 0 1
vn 0 0 1
vn 0 0 1
vn 0 0 1
vn 0 0 1
vn 0 0 1
vn 0 0 1
vn 0 0 1
vn 0 0 1
vn 0 0 1
vn 0 0 1
vn 0 0 1
vn 0 0 1
vn 0 0 1
vn 0 0 1
vn 0 0 1
vn 0 0 1
vn 0 0 1
vn 0 0 1
vn 0 0 1
vn 0 0 1
vn 0 0 1
vn 0 0 1
vn 0 0 1
vn 0 0 1
vn 0 0 1
vn 0 0 1
vn 0 0 1
vn 0 0 1
vn 0 0 1
vn 0 0 1
vn 0 0 1
vn 0 0 1
vn 0 0 1
vn 0 0 1
vn 0 0 1
vn 0 0 1
vn 0 0 1
vn 0 0 1
vn 0 0 1
vn 0 0 1
vn 0 0 1
vn 0 0 1
vn 0 0 1
vn 0 0 1
vn 0 0 1
vn 0 0 1
vn 0 0 1
vn 0 0 1
vn 0 0 1
vn 0 0 1
vn 0 0 1
vn 0 0 1
vn 0 0 1
vn 0 0 1
vn 0 0 1
vn 0 0 1
vn 0 0 1
vn 0 0 1
vn 0 0 1
vn 0 0 1
vn 0 0 1
vn 0 0 1
vn 0 0 1
vn 0 0 1
vn 0 0 1
vn 0 0 1
vn 0 0 1
vn 0 0 1
vn 0 0 1
vn 0 0 1
vn 0 0 1
vn 0 0 1
vn 0 0 1
vn 0 0 1
vn 0 0 1
vn 0 0 1
vn 0 0 1
vn 0 0 1
vn 0 0 1
vn 0 0 1
vn 0 0 1
vn 0 0 1
vn 0 0 1
vn 0 0 1
vn 0 0 1
vn 0 0 1
vn 0 0 1
vn 0 0 1
vn 0 0 1
vn 0 0 1
vn 0 0 1
vn 0 0 1
vn 0 0 1
vn 0 0 1
vn 0 0 1
vn 0 0 1
vn 0 0 1
vn 0 0 1
vn 0 0 1
vn 0 0 1
vn 0 0 1
vn 0 0 1
vn 0 0 1
vn 0 0 1
vn 0 0 1
vn 0 0 1
vn 0 0 1
vn 0 0 1
vn 0 0 1
vn 0 0 1
vn 0 0 1
vn 0 0 1
vn 0 0 1
vn 0 0 1
vn 0 0 1
vn 0 0 1
vn 0 0 1
vn 0 0 1
vn 0 0 1
vn 0 0 1
vn 0 0 1
vn 0 0 1
vn 0 0 1
vn 0 0 1
vn 0 0 1
vn 0 0 1
vn 0 0 1
vn 0 0 1
vn 0 0 1
vn 0 0 1
vn 0 0 1
vn 0 0 1
vn 0 0 1
vn 0 0 1
vn 0 0 1
vn 0 0 1
vn 0 0 1
vn 0 0 1
vn 0 0 1
vn 0 0 1
vn 0 0 1
vn 0 0 1
vn 0 0 1
vn 0 0 1
vn 0 0 1
vn 0 0 1
vn 0 0 1
vn 0 0 1
vn 0 0 1
vn 0 0 1
vn 0 0 1
vn 0 0 1
vn 0 0 1
vn 0 0 1
vn 0 0 1
vn 0 0 1
vn 0 0 1
vn 0 0 1
vn 0 0 1
vn 0 0 1
vn 0 0 1
vn 0 0 1
vn 0 0 1
vn 0 0 1
vn 0 0 1
vn 0 0 1
vn 0 0 1
vn 0 0 1
vn 0 0 1
vn 0 0 1
vn 0 0 1
vn 0 0 1
vn 0 0 1
vn 0 0 1
vn 0 0 1
vn 0 0 1
vn 0 0 1
vn 0 0 1
vn 0 0 1
vn 0 0 1
vn 0 0 1
vn 0 0 1
vn 0 0 1
vn 0 0 1
vn 0 0 1
vn 0 0 1
vn 0 0 1
vn 0 0 1
vn 0 0 1
vn 0 0 1
vn 0 0 1
vn 0 0 1
vn 0 0 1
vn 0 0 1
vn 0 0 1
vn 0 0 1
vn 0 0 1
vn 0 0 1
vn 0 0 1
vn 0 0 1
vn 0 0 1
vn 0 0 1
vn 0 0 1
vn 0 0 1
vn 0 0 1
vn 0 0 1
vn 0 0 1
vn 0 0 1
vn 0 0 1
vn 0 0 1
vn 0 0 1
vn 0 0 1
vn 0 0 1
vn 0 0 1
vn 0 0 1
vn 0 0 1
vn 0 0 1
vn 0 0 1
vn 0 0 1
vn 0 0 1
vn 0 0 1
vn 0 0 1
vn 0 0 1
vn 0 0 1
vn 0 0 1
vn 0 0 1
vn 0 0 1
vn 0 0 1
vn 0 0 1
vn 0 0 1
vn 0 0 1
vn 0 0 1
vn 0 0 1
vn 0 0 1
vn 0 0 1
vn 0 0 1
vn 0 0 1
vn 0 0 1
vn 0 0 1
vn 0 0 1
vn 0 0 1
vn 0 0 1
vn 0 0 1
vn 0 0 1
vn 0 0 1
vn 0 0 1
vn 0 0 1
vn 0 0 1
vn 0 0 1
vn 0 0 1
vn 0 0 1
vn 0 0 1
vn 0 0 1
vn 0 0 1
vn 0 0 1
vn 0 0 1
vn 0 0 1
vn 0 0 1
vn 0 0 1
vn 0 0 1
vn 0 0 1
vn 0 0 1
vn 0 0 1
vn 0 0 1
vn 0 0 1
vn 0 0 1
vn 0 0 1
vn 0 0 1
vn 0 0 1
vn 0 0 1
vn 0 0 1
vn 0 0 1
vn 0 0 1
vn 0 0 1
vn 0 0 1
vn 0 0 1
vn 0 0 1
vn 0 0 1
vn 0 0 1
vn 0 0 1
vn 0 0 1
vn 0 0 1
vn 0 0 1
vn 0 0 1
vn 0 0 1
vn 0 0 1
vn 0 0 1
vn 0 0 1
vn 0 0 1
vn 0 0 1
vn 0 0 1
vn 0 0 1
vn 0 0 1
vn 0 0 1
vn 0 0 1
vn 0 0 1
vn 0 0 1
vn 0 0 1
vn 0 0 1
vn 0 0 1
vn 0 0 1
vn 0 0 1
vn 0 0 1
vn 0 0 1
vn 0 0 1
vn 0 0 1
vn 0 0 1
vn 0 0 1
vn 0 0 1
vn 0 0 1
vn 0 0 1
vn 0 0 1
vn 0 0 1
vn 0 0 1
vn 0 0 1
vn 0 0 1
vn 0 0 1
vn 0 0 1
vn 0 0 1
vn 0 0 1
vn 0 0 1
vn 0 0 1
vn 0 0 1
vn 0 0 1
vn 0 0 1
vn 0 0 1
vn 0 0 1
vn 0 0 1
vn 0 0 1
vn 0 0 1
vn 0 0 1
vn 0 0 1
vn 0 0 1
vn 0 0 1
vn 0 0 1
vn 0 0 1
vn 0 0 1
vn 0 0 1
vn 0 0 1
vn 0 0 1
vn 0 0 1
vn 0 0 1
vn 0 0 1
vn 0 0 1
vn 0 0 1
vn 0 0 1
vn 0 0 1
vn 0 0 1
vn 0 0 1
vn 0 0 1
vn 0 0 1
vn 0 0 1
vn 0 0 1
vn 0 0 1
vn 0 0 1
vn 0 0 1
vn 0 0 1
vn 0 0 1
vn 0 0 1
vn 0 0 1
vn 0 0 1
vn 0 0 1
vn 0 0 1
vn 0 0 1
vn 0 0 1
vn 0 0 1
vn 0 0 1
vn 0 0 1
vn 0 0 1
vn 0 0 1
vn 0 0 1
vn 0 0 1
vn 0 0 1
vn 0 0 1
vn 0 0 1
vn 0 0 1
vn 0 0 1
vn 0 0 1
vn 0 0 1
vn 0 0 1
vn 0 0 1
vn 0 0 1
vn 0 0 1
vn 0 0 1
vn 0 0 1
vn 0 0 1
vn 0 0 1
vn 0 0 1
vn 0 0 1
vn 0 0 1
vn 0 0 1
vn 0 0 1
vn 0 0 1
vn 0 0 1
vn 0 0 1
vn 0 0 1
vn 0 0 1
vn 0 0 1
vn 0 0 1
vn 0 0 1
vn 0 0 1
vn 0 0 1
vn 0 0 1
vn 0 0 1
vn 0 0 1
vn 0 0 1
vn 0 0 1
vn 0 0 1
vn 0 0 1
vn 0 0 1
vn 0 0 1
vn 0 0 1
vn 0 0 1
vn 0 0 1
vn 0 0 1
vn 0 0 1
vn 0 0 1
vn 0 0 1
vn 0 0 1
vn 0 0 1
vn 0 0 1
vn 0 0 1
vn 0 0 1
vn 0 0 1
vn 0 0 1
vn 0 0 1
vn 0 0 1
vn 0 0 1
vn 0 0 1
vn 0 0 1
vn 0 0 1
vn 0 0 1
vn 0 0 1
vn 0 0 1
vn 0 0 1
vn 0 0 1
vn 0 0 1
vn 0 0 1
vn 0 0 1
vn 0 0 1
vn 0 0 1
vn 0 0 1
vn 0 0 1
vn 0 0 1
vn 0 0 1
vn 0 0 1
vn 0 0 1
vn 0 0 1
vn 0 0 1
vn 0 0 1
vn 0 0 1
vn 0 0 1
vn 0 0 1
vn 0 0 1
vn 0 0 1
vn 0 0 1
vn 0 0 1
vn 0 0 1
vn 0 0 1
vn 0 0 1
vn 0 0 1
vn 0 0 1
vn 0 0 1
vn 0 0 1
vn 0 0 1
vn 0 0 1
vn 0 0 1
vn 0 0 1
vn 0 0 1
vn 0 0 1
vn 0 0 1
vn 0 0 1
vn 0 0 1
vn 0 0 1
vn 0 0 1
vn 0 0 1
vn 0 0 1
vn 0 0 1
vn 0 0 1
vn 0 0 1
vn 0 0 1
vn 0 0 1
vn 0 0 1
vn 0 0 1
vn 0 0 1
vn 0 0 1
vn 0 0 1
vn 0 0 1
vn 0 0 1
vn 0 0 1
vn 0 0 1
vn 0 0 1
vn 0 0 1
vn 0 0 1
vn 0 0 1
vn 0 0 1
vn 0 0 1
vn 0 0 1
vn 0 0 1
vn 0 0 1
vn 0 0 1
vn 0 0 1
vn 0 0 1
vn 0 0 1
vn 0 0 1
vn 0 0 1
vn 0 0 1
vn 0 0 1
vn 0 0 1
vn 0 0 1
vn 0 0 1
vn 0 0 1
vn 0 0 1
vn 0 0 1
vn 0 0 1
vn 0 0 1
vn 0 0 1
vn 0 0 1
vn 0 0 1
vn 0 0 1
vn 0 0 1
vn 0 0 1
vn 0 0 1
vn 0 0 1
vn 0 0 1
vn 0 0 1
vn 0 0 1
vn 0 0 1
vn 0 0 1
vn 0 0 1
vn 0 0 1
vn 0 0 1
vn 0 0 1
vn 0 0 1
vn 0 0 1
vn 0 0 1
vn 0 0 1
vn 0 0 1
vn 0 0 1
vn 0 0 1
vn 0 0 1
vn 0 0 1
vn 0 0 1
vn 0 0 1
vn 0 0 1
vn 0 0 1
vn 0 0 1
vn 0 0 1
vn 0 0 1
vn 0 0 1
vn 0 0 1
vn 0 0 1
vn 0 0 1
vn 0 0 1
vn 0 0 1
vn 0 0 1
vn 0 0 1
vn 0 0 1
vn 0 0 1
vn 0 0 1
vn 0 0 1
vn 0 0 1
vn 0 0 1
vn 0 0 1
vn 0 0 1
vn 0 0 1
vn 0 0 1
vn 0 0 1
vn 0 0 1
vn 0 0 1
vn 0 0 1
vn 0 0 1
vn 0 0 1
vn 0 0 1
vn 0 0 1
vn 0 0 1
vn 0 0 1
vn 0 0 1
vn 0 0 1
vn 0 0 1
vn 0 0 1
vn 0 0 1
vn 0 0 1
vn 0 0 1
vn 0 0 1
vn 0 0 1
vn 0 0 1
vn 0 0 1
vn 0 0 1
vn 0 0 1
vn 0 0 1
vn 0 0 1
vn 0 0 1
vn 0 0 1
vn 0 0 1
vn 0 0 1
vn 0 0 1
vn 0 0 1
vn 0 0 1
vn 0 0 1
vn 0 0 1
vn 0 0 1
vn 0 0 1
vn 0 0 1
vn 0 0 1
vn 0 0 1
vn 0 0 1
vn 0 0 1
vn 0 0 1
vn 0 0 1
vn 0 0 1
vn 0 0 1
vn 0 0 1
vn 0 0 1
vn 0 0 1
vn 0 0 1
vn 0 0 1
vn 0 0 1
vn 0 0 1
vn 0 0 1
vn 0 0 1
vn 0 0 1
vn 0 0 1
vn 0 0 1
vn 0 0 1
vn 0 0 1
vn 0 0 1
vn 0 0 1
vn 0 0 1
vn 0 0 1
vn 0 0 1
vn 0 0 1
vn 0 0 1
vn 0 0 1
vn 0 0 1
vn 0 0 1
vn 0 0 1
vn 0 0 1
vn 0 0 1
vn 0 0 1
vn 0 0 1
vn 0 0 1
vn 0 0 1
vn 0 0 1
vn 0 0 1
vn 0 0 1
vn 0 0 1
vn 0 0 1
vn 0 0 1
vn 0 0 1
vn 0 0 1
vn 0 0 1
vn 0 0 1
vn 0 0 1
vn 0 0 1
vn 0 0 1
vn 0 0 1
vn 0 0 1
vn 0 0 1
vn 0 0 1
vn 0 0 1
vn 0 0 1
vn 0 0 1
vn 0 0 1
vn 0 0 1
vn 0 0 1
vn 0 0 1
vn 0 0 1
vn 0 0 1
vn 0 0 1
vn 0 0 1
vn 0 0 1
vn 0 0 1
vn 0 0 1
vn 0 0 1
vn 0 0 1
vn 0 0 1
vn 0 0 1
vn 0 0 1
vn 0 0 1
vn 0 0 1
vn 0 0 1
vn 0 0 1
vn 0 0 1
vn 0 0 1
vn 0 0 1
vn 0 0 1
vn 0 0 1
vn 0 0 1
vn 0 0 1
vn 0 0 1
vn 0 0 1
vn 0 0 1
vn 0 0 1
vn 0 0 1
vn 0 0 1
vn 0 0 1
vn 0 0 1
vn 0 0 1
vn 0 0 1
vn 0 0 1
vn 0 0 1
vn 0 0 1
vn 0 0 1
vn 0 0 1
vn 0 0 1
vn 0 0 1
vn 0 0 1
vn 0 0 1
vn 0 0 1
vn 0 0 1
vn 0 0 1
vn 0 0 1
vn 0 0 1
vn 0 0 1
vn 0 0 1
vn 0 0 1
vn 0 0 1
vn 0 0 1
vn 0 0 1
vn 0 0 1
vn 0 0 1
vn 0 0 1
vn 0 0 1
vn 0 0 1
vn 0 0 1
vn 0 0 1
vn 0 0 1
vn 0 0 1
vn 0 0 1
vn 0 0 1
vn 0 0 1
vn 0 0 1
vn 0 0 1
vn 0 0 1
vn 0 0 1
vn 0 0 1
vn 0 0 1
vn 0 0 1
vn 0 0 1
vn 0 0 1
vn 0 0 1
vn 0 0 1
vn 0 0 1
vn 0 0 1
vn 0 0 1
vn 0 0 1
vn 0 0 1
vn 0 0 1
vn 0 0 1
vn 0 0 1
vn 0 0 1
vn 0 0 1
vn 0 0 1
vn 0 0 1
vn 0 0 1
vn 0 0 1
vn 0 0 1
vn 0 0 1
vn 0 0 1
vn 0 0 1
vn 0 0 1
vn 0 0 1
vn 0 0 1
vn 0 0 1
vn 0 0 1
vn 0 0 1
vn 0 0 1
vn 0 0 1
vn 0 0 1
vn 0 0 1
vn 0 0 1
vn 0 0 1
vn 0 0 1
vn 0 0 1
vn 0 0 1
vn 0 0 1
vn 0 0 1
vn 0 0 1
vn 0 0 1
vn 0 0 1
vn 0 0 1
vn 0 0 1
vn 0 0 1
vn 0 0 1
vn 0 0 1
vn 0 0 1
vn 0 0 1
vn 0 0 1
vn 0 0 1
vn 0 0 1
vn 0 0 1
vn 0 0 1
vn 0 0 1
vn 0 0 1
vn 0 0 1
vn 0 0 1
vn 0 0 1
vn 0 0 1
vn 0 0 1
vn 0 0 1
vn 0 0 1
vn 0 0 1
vn 0 0 1
vn 0 0 1
vn 0 0 1
vn 0 0 1
vn 0 0 1
vn 0 0 1
vn 0 0 1
vn 0 0 1
vn 0 0 1
vn 0 0 1
vn 0 0 1
vn 0 0 1
vn 0 0 1
vn 0 0 1
vn 0 0 1
vn 0 0 1
vn 0 0 1
vn 0 0 1
vn 0 0 1
vn 0 0 1
vn 0 0 1
vn 0 0 1
vn 0 0 1
vn 0 0 1
vn 0 0 1
vn 0 0 1
vn 0 0 1
vn 0 0 1
vn 0 0 1
vn 0 0 1
vn 0 0 1
vn 0 0 1
vn 0 0 1
vn 0 0 1
vn 0 0 1
vn 0 0 1
vn 0 0 1
vn 0 0 1
vn 0 0 1
vn 0 0 1
vn 0 0 1
vn 0 0 1
vn 0 0 1
vn 0 0 1
vn 0 0 1
vn 0 0 1
vn 0 0 1
vn 0 0 1
vn 0 0 1
vn 0 0 1
vn 0 0 1
vn 0 0 1
vn 0 0 1
vn 0 0 1
vn 0 0 1
vn 0 0 1
vn 0 0 1
vn 0 0 1
vn 0 0 1
vn 0 0 1
vn 0 0 1
vn 0 0 1
vn 0 0 1
vn 0 0 1
vn 0 0 1
vn 0 0 1
vn 0 0 1
vn 0 0 1
vn 0 0 1
vn 0 0 1
vn 0 0 1
vn 0 0 1
vn 0 0 1
vn 0 0 1
vn 0 0 1
vn 0 0 1
vn 0 0 1
vn 0 0 1
vn 0 0 1
vn 0 0 1
vn 0 0 1
vn 0 0 1
vn 0 0 1
vn 0 0 1
vn 0 0 1
vn 0 0 1
vn 0 0 1
vn 0 0 1
vn 0 0 1
vn 0 0 1
vn 0 0 1
vn 0 0 1
vn 0 0 1
vn 0 0 1
vn 0 0 1
vn 0 0 1
vn 0 0 1
vn 0 0 1
vn 0 0 1
vn 0 0 1
vn 0 0 1
vn 0 0 1
vn 0 0 1
vn 0 0 1
vn 0 0 1
vn 0 0 1
vn 0 0 1
vn 0 0 1
vn 0 0 1
vn 0 0 1
vn 0 0 1
vn 0 0 1
vn 0 0 1
vn 0 0 1
vn 0 0 1
vn 0 0 1
vn 0 0 1
vn 0 0 1
vn 0 0 1
vn 0 0 1
vn 0 0 1
vn 0 0 1
vn 0 0 1
vn 0 0 1
vn 0 0 1
vn 0 0 1
vn 0 0 1
vn 0 0 1
vn 0 0 1
vn 0 0 1
vn 0 0 1
vn 0 0 1
vn 0 0 1
vn 0 0 1
vn 0 0 1
vn 0 0 1
vn 0 0 1
vn 0 0 1
vn 0 0 1
vn 0 0 1
vn 0 0 1
vn 0 0 1
vn 0 0 1
vn 0 0 1
vn 0 0 1
vn 0 0 1
vn 0 0 1
vn 0 0 1
vn 0 0 1
vn 0 0 1
vn 0 0 1
vn 0 0 1
vn 0 0 1
vn 0 0 1
vn 0 0 1
vn 0 0 1
vn 0 0 1
vn 0 0 1
vn 0 0 1
vn 0 0 1
vn 0 0 1
vn 0 0 1
vn 0 0 1
vn 0 0 1
vn 0 0 1
vn 0 0 1
vn 0 0 1
vn 0 0 1
vn 0 0 1
vn 0 0 1
vn 0 0 1
vn 0 0 1
vn 0 0 1
vn 0 0 1
vn 0 0 1
vn 0 0 1
vn 0 0 1
vn 0 0 1
vn 0 0 1
vn 0 0 1
vn 0 0 1
vn 0 0 1
vn 0 0 1
vn 0 0 1
vn 0 0 1
vn 0 0 1
vn 0 0 1
vn 0 0 1
vn 0 0 1
vn 0 0 1
vn 0 0 1
vn 0 0 1
vn 0 0 1
vn 0 0 1
vn 0 0 1
vn 0 0 1
vn 0 0 1
vn 0 0 1
vn 0 0 1
vn 0 0 1
vn 0 0 1
vn 0 0 1
vn 0 0 1
vn 0 0 1
vn 0 0 1
vn 0 0 1
vn 0 0 1
vn 0 0 1
vn 0 0 1
vn 0 0 1
vn 0 0 1
vn 0 0 1
vn 0 0 1
vn 0 0 1
vn 0 0 1
vn 0 0 1
vn 0 0 1
vn 0 0 1
vn 0 0 1
vn 0 0 1
vn 0 0 1
vn 0 0 1
vn 0 0 1
vn 0 0 1
vn 0 0 1
vn 0 0 1
vn 0 0 1
vn 0 0 1
vn 0 0 1
vn 0 0 1
vn 0 0 1
vn 0 0 1
vn 0 0 1
vn 0 0 1
vn 0 0 1
vn 0 0 1
vn 0 0 1
vn 0 0 1
vn 0 0 1
vn 0 0 1
vn 0 0 1
vn 0 0 1
vn 0 0 1
vn 0 0 1
vn 0 0 1
vn 0 0 1
vn 0 0 1
vn 0 0 1
vn 0 0 1
vn 0 0 1
vn 0 0 1
vn 0 0 1
vn 0 0 1
vn 0 0 1
vn 0 0 1
vn 0 0 1
vn 0 0 1
vn 0 0 1
vn 0 0 1
vn 0 0 1
vn 0 0 1
vn 0 0 1
vn 0 0 1
vn 0 0 1
vn 0 0 1
vn 0 0 1
vn 0 0 1
vn 0 0 1
vn 0 0 1
vn 0 0 1
vn 0 0 1
vn 0 0 1
vn 0 0 1
vn 0 0 1
vn 0 0 1
vn 0 0 1
vn 0 0 1
vn 0 0 1
vn 0 0 1
vn 0 0 1
vn 0 0 1
vn 0 0 1
vn 0 0 1
vn 0 0 1
vn 0 0 1
vn 0 0 1
vn 0 0 1
vn 0 0 1
vn 0 0 1
vn 0 0 1
vn 0 0 1
vn 0 0 1
vn 0 0 1
f 1//1 2//2 3//3 4//4
f 5//5 6//6 7//7 8//8
f 9//9 10//10 11//11 12//12
f 13//13 14//14 15//15 16//16
f 17//17 18//18 19//19 20//20
f 21//21 22//22 23//23 24//24
f 25//25 26//26 27//27 28//28
f 29//29 30//30 31//31 32//32
f 33//33 34//34 35//35 36//36
f 37//37 38//38 39//39 40//40
f 41//41 42//42 43//43 44//44
f 45//45 46//46 47//47 48//48
f 49//49 50//50 51//51 52//52
f 53//53 54//54 55//55 56//56
f 57//57 58//58 59//59 60//60
f 61//61 62//62 63//63 64//64
f 65//65 66//66 67//67 68//68
f 69//69 70//70 71//71 72//72
f 73//73 74//74 75//75 76//76
f 77//77 78//78 79//79 80//80
f 81//81 82//82 83//83 84//84
f 85//85 86//86 87//87 88//88
f 89//89 90//90 91//91 92//92
f 93//93 94//94 95//95 96//96
f 97//97 98//98 99//99 100//100
f 101//101 102//102 103//103 104//104
f 105//105 106//106 107//107 108//108
f 109//109 110//110 111//111 112//112
f 113//113 114//114 115//115 116//116
f 117//117 118//118 119//119 120//120
f 121//121 122//122 123//123 124//124
f 125//125 126//126 127//127 128//128
f 129//129 130//130 131//131 132//132
f 133//133 134//134 135//135 136//136
f 137//137 138//138 139//139 140//140
f 141//141 142//142 143//143 144//144
f 145//145 146//146 147//147 148//148
f 149//149 150//150 151//151 152//152
f 153//153 154//154 155//155 156//156
f 157//157 158//158 159//159 160//160
f 161//161 162//162 163//163 164//164
f 165//165 166//166 167//167 168//168
f 169//169 170//170 171//171 172//172
f 173//173 174//174 175//175 176//176
f 177//177 178//178 179//179 180//180
f 181//181 182//182 183//183 184//184
f 185//185 186//186 187//187 188//188
f 189//189 190//190 191//191 192//192
f 193//193 194//194 195//195 196//196
f 197//197 198//198 199//199 200//200
f 201//201 202//202 203//203 204//204
f 205//205 206//206 207//207 208//208
f 209//209 210//210 211//211 212//212
f 213//213 214//214 215//215 216//216
f 217//217 218//218 219//219 220//220
f 221//221 222//222 223//223 224//224
f 225//225 226//226 227//227 228//228
f 229//229 230//230 231//231 232//232
f 233//233 234//234 235//235 236//236
f 237//237 238//238 239//239 240//240
f 241//241 242//242 243//243 244//244
f 245//245 246//246 247//247 248//248
f 249//249 250//250 251//251 252//252
f 253//253 254//254 255//255 256//256
f 257//257 258//258 259//259 260//260
f 261//261 262//262 263//263 264//264
f 265//265 266//266 267//267 268//268
f 269//269 270//270 271//271 272//272
f 273//273 274//274 275//275 276//276
f 277//277 278//278 279//279 280//280
f 281//281 282//282 283//283 284//284
f 285//285 286//286 287//287 288//288
f 289//289 290//290 291//291 292//292
f 293//293 294//294 295//295 296//296
f 297//297 298//298 299//299 300//300
f 301//301 302//302 303//303 304//304
f 305//305 306//306 307//307 308//308
f 309//309 310//310 311//311 312//312
f 313//313 314//314 315//315 316//316
f 317//317 318//318 319//319 320//320
f 321//321 322//322 323//323 324//324
f 325//325 326//326 327//327 328//328
f 329//329 330//330 331//331 332//332
f 333//333 334//334 335//335 336//336
f 337//337 338//338 339//339 340//340
f 341//341 342//342 343//343 344//344
f 345//345 346//346 347//347 348//348
f 349//349 350//350 351//351 352//352
f 353//353 354//354 355//355 356//356
f 357//357 358//358 359//359 360//360
f 361//361 362//362 363//363 364//364
f 365//365 366//366 367//367 368//368
f 369//369 370//370 371//371 372//372
f 373//373 374//374 375//375 376//376
f 377//377 378//378 379//379 380//380
f 381//381 382//382 383//383 384//384
f 385//385 386//386 387//387 388//388
f 389//389 390//390 391//391 392//392
f 393//393 394//394 395//395 396//396
f 397//397 398//398 399//399 400//400
f 401//401 402//402 403//403 404//404
f 405//405 406//406 407//407 408//408
f 409//409 410//410 411//411 412//412
f 413//413 414//414 415//415 416//416
f 417//417 418//418 419//419 420//420
f 421//421 422//422 423//423 424//424
f 425//425 426//426 427//427 428//428
f 429//429 430//430 431//431 432//432
f 433//433 434//434 435//435 436//436
f 437//437 438//438 439//439 440//440
f 441//441 442//442 443//443 444//444
f 445//445 446//446 447//447 448//448
f 449//449 450//450 451//451 452//452
f 453//453 454//454 455//455 456//456
f 457//457 458//458 459//459 460//460
f 461//461 462//462 463//463 464//464
f 465//465 466//466 467//467 468//468
f 469//469 470//470 471//471 472//472
f 473//473 474//474 475//475 476//476
f 477//477 478//478 479//479 480//480
f 481//481 482//482 483//483 484//484
f 485//485 486//486 487//487 488//488
f 489//489 490//490 491//491 492//492
f 493//493 494//494 495//495 496//496
f 497//497 498//498 499//499 500//500
f 501//501 502//502 503//503 504//504
f 505//505 506//506 507//507 508//508
f 509//509 510//510 511//511 512//512
f 513//513 514//514 515//515 516//516
f 517//517 518//518 519//519 520//520
f 521//521 522//522 523//523 524//524
f 525//525 526//526 527//527 528//528
f 529//529 530//530 531//531 532//532
f 533//533 534//534 535//535 536//536
f 537//537 538//538 539//539 540//540
f 541//541 542//542 543//543 544//544
f 545//545 546//546 547//547 548//548
f 549//549 550//550 551//551 552//552
f 553//553 554//554 555//555 556//556
f 557//557 558//558 559//559 560//560
f 561//561 562//562 563//563 564//564
f 565//565 566//566 567//567 568//568
f 569//569 570//570 571//571 572//572
f 573//573 574//574 575//575 576//576
f 577//577 578//578 579//579 580//580
f 581//581 582//582 583//583 584//584
f 585//585 586//586 587//587 588//588
f 589//589 590//590 591//591 592//592
f 593//593 594//594 595//595 596//596
f 597//597 598//598 599//599 600//600
f 601//601 602//602 603//603 604//604
f 605//605 606//606 607//607 608//608
f 609//609 610//610 611//611 612//612
f 613//613 614//614 615//615 616//616
f 617//617 618//618 619//619 620//620
f 621//621 622//622 623//623 624//624
f 625//625 626//626 627//627 628//628
f 629//629 630//630 631//631 632//632
f 633//633 634//634 635//635 636//636
f 637//637 638//638 639//639 640//640
f 641//641 642//642 643//643 644//644
f 645//645 646//646 647//647 648//648
f 649//649 650//650 651//651 652//652
f 653//653 654//654 655//655 656//656
f 657//657 658//658 659//659 660//660
f 661//661 662//662 663//663 664//664
f 665//665 666//666 667//667 668//668
f 669//669 670//670 671//671 672//672
f 673//673 674//674 675//675 676//676
f 677//677 678//678 679//679 680//680
f 681//681 682//682 683//683 684//684
f 685//685 686//686 687//687 688//688
f 689//689 690//690 691//691 692//692
f 693//693 694//694 695//695 696//696
f 697//697 698//698 699//699 700//700
f 701//701 702//702 703//703 704//704
f 705//705 706//706 707//707 708//708
f 709//709 710//710 711//711 712//712
f 713//713 714//714 715//715 716//716
f 717//717 718//718 719//719 720//720
f 721//721 722//722 723//723 724//724
f 725//725 726//726 727//727 728//728
f 729//729 730//730 731//731 732//732
f 733//733 734//734 735//735 736//736
f 737//737 738//738 739//739 740//740
f 741//741 742//742 743//743 744//744
f 745//745 746//746 747//747 748//748
f 749//749 750//750 751//751 752//752
f 753//753 754//754 755//755 756//756
f 757//757 758//758 759//759 760//760
f 761//761 762//762 763//763 764//764
f 765//765 766//766 767//767 768//768
f 769//769 770//770 771//771 772//772
f 773//773 774//774 775//775 776//776
f 777//777 778//778 779//779 780//780
f 781//781 782//782 783//783 784//784
f 785//785 786//786 787//787 788//788
f 789//789 790//790 791//791 792//792
f 793//793 794//794 795//795 796//796
f 797//797 798//798 799//799 800//800
f 801//801 802//802 803//803 804//804
f 805//805 806//806 807//807 808//808
f 809//809 810//810 811//811 812//812
f 813//813 814//814 815//815 816//816
f 817//817 818//818 819//819 820//820
f 821//821 822//822 823//823 824//824
f 825//825 826//826 827//827 828//828
f 829//829 830//830 831//831 832//832
f 833//833 834//834 835//835 836//836
f 837//837 838//838 839//839 840//840
f 841//841 842//842 843//843 844//844
f 845//845 846//846 847//847 848//848
f 849//849 850//850 851//851 852//852
f 853//853 854//854 855//855 856//856
f 857//857 858//858 859//859 860//860
f 861//861 862//862 863//863 864//864
f 865//865 866//866 867//867 868//868
f 869//869 870//870 871//871 872//872
f 873//873 874//874 875//875 876//876
f 877//877 878//878 879//879 880//880
f 881//881 882//882 883//883 884//884
f 885//885 886//886 887//887 888//888
f 889//889 890//890 891//891 892//892
f 893//893 894//894 895//895 896//896
f 897//897 898//898 899//899 900//900
f 901//901 902//902 903//903 904//904
f 905//905 906//906 907//907 908//908
f 909//909 910//910 911//911 912//912
f 913//913 914//914 915//915 916//916
f 917//917 918//918 919//919 920//920
f 921//921 922//922 923//923 924//924
f 925//925 926//926 927//927 928//928
f 929//929 930//930 931//931 932//932
f 933//933 934//934 935//935 936//936
f 937//937 938//938 939//939 940//940
f 941//941 942//942 943//943 944//944
f 945//945 946//946 947//947 948//948
f 949//949 950//950 951//951 952//952
f 953//953 954//954 955//955 956//956
f 957//957 958//958 959//959 960//960
f 961//961 962//962 963//963 964//964
f 965//965 966//966 967//967 968//968
f 969//969 970//970 971//971 972//972
f 973//973 974//974 975//975 976//976
f 977//977 978//978 979//979 980//980
f 981//981 982//982 983//983 984//984
f 985//985 986//986 987//987 988//988
f 989//989 990//990 991//991 992//992
f 993//993 994//994 995//995 996//996
f 997//997 998//998 999//999 1000//1000
f 1001//1001 1002//1002 1003//1003 1004//1004
f 1005//1005 1006//1006 1007//1007 1008//1008
f 1009//1009 1010//1010 1011//1011 1012//1012
f 1013//1013 1014//1014 1015//1015 1016//1016
f 1017//1017 1018//1018 1019//1019 1020//1020
f 1021//1021 1022//1022 1023//1023 1024//1024
f 1025//1025 1026//1026 1027//1027 1028//1028
f 1029//1029 1030//1030 1031//1031 1032//1032
f 1033//1033 1034//1034 1035//1035 1036//1036
f 1037//1037 1038//1038 1039//1039 1040//1040
f 1041//1041 1042//1042 1043//1043 1044//1044
f 1045//1045 1046//1046 1047//1047 1048//1048
f 1049//1049 1050//1050 1051//1051 1052//1052
f 1053//1053 1054//1054 1055//1055 1056//1056
f 1057//1057 1058//1058 1059//1059 1060//1060
f 1061//1061 1062//1062 1063//1063 1064//1064
f 1065//1065 1066//1066 1067//1067 1068//1068
f 1069//1069 1070//1070 1071//1071 1072//1072
f 1073//1073 1074//1074 1075//1075 1076//1076
f 1077//1077 1078//1078 1079//1079 1080//1080
f 1081//1081 1082//1082 1083//1083 1084//1084
f 1085//1085 1086//1086 1087//1087 1088//1088
f 1089//1089 1090//1090 1091//1091 1092//1092
f 1093//1093 1094//1094 1095//1095 1096//1096
f 1097//1097 1098//1098 1099//1099 1100//1100
f 1101//1101 1102//1102 1103//1103 1104//1104
f 1105//1105 1106//1106 1107//1107 1108//1108
f 1109//1109 1110//1110 1111//1111 1112//1112
f 1113//1113 1114//1114 1115//1115 1116//1116
f 1117//1117 1118//1118 1119//1119 1120//1120
f 1121//1121 1122//1122 1123//1123 1124//1124
f 1125//1125 1126//1126 1127//1127 1128//1128
f 1129//1129 1130//1130 1131//1131 1132//1132
f 1133//1133 1134//1134 1135//1135 1136//1136
f 1137//1137 1138//1138 1139//1139 1140//1140
f 1141//1141 1142//1142 1143//1143 1144//1144
f 1145//1145 1146//1146 1147//1147 1148//1148
f 1149//1149 1150//1150 1151//1151 1152//1152
f 1153//1153 1154//1154 1155//1155 1156//1156
f 1157//1157 1158//1158 1159//1159 1160//1160
f 1161//1161 1162//1162 1163//1163 1164//1164
f 1165//1165 1166//1166 1167//1167 1168//1168
f 1169//1169 1170//1170 1171//1171 1172//1172
f 1173//1173 1174//1174 1175//1175 1176//1176
f 1177//1177 1178//1178 1179//1179 1180//1180
f 1181//1181 1182//1182 1183//1183 1184//1184
f 1185//1185 1186//1186 1187//1187 1188//1188
f 1189//1189 1190//1190 1191//1191 1192//1192
f 1193//1193 1194//1194 1195//1195 1196//1196
f 1197//1197 1198//1198 1199//1199 1200//1200
f 1201//1201 1202//1202 1203//1203 1204//1204
f 1205//1205 1206//1206 1207//1207 1208//1208
f 1209//1209 1210//1210 1211//1211 1212//1212
f 1213//1213 1214//1214 1215//1215 1216//1216
f 1217//1217 1218//1218 1219//1219 1220//1220
f 1221//1221 1222//1222 1223//1223 1224//1224
f 1225//1225 1226//1226 1227//1227 1228//1228
f 1229//1229 1230//1230 1231//1231 1232//1232
f 1233//1233 1234//1234 1235//1235 1236//1236
f 1237//1237 1238//1238 1239//1239 1240//1240
f 1241//1241 1242//1242 1243//1243 1244//1244
f 1245//1245 1246//1246 1247//1247 1248//1248
f 1249//1249 1250//1250 1251//1251 1252//1252
f 1253//1253 1254//1254 1255//1255 1256//1256
f 1257//1257 1258//1258 1259//1259 1260//1260
f 1261//1261 1262//1262 1263//1263 1264//1264
f 1265//1265 1266//1266 1267//1267 1268//1268
f 1269//1269 1270//1270 1271//1271 1272//1272
f 1273//1273 1274//1274 1275//1275 1276//1276
f 1277//1277 1278//1278 1279//1279 1280//1280
f 1281//1281 1282//1282 1283//1283 1284//1284
f 1285//1285 1286//1286 1287//1287 1288//1288
f 1289//1289 1290//1290 1291//1291 1292//1292
f 1293//1293 1294//1294 1295//1295 1296//1296
f 1297//1297 1298//1298 1299//1299 1300//1300
f 1301//1301 1302//1302 1303//1303 1304//1304
f 1305//1305 1306//1306 1307//1307 1308//1308
f 1309//1309 1310//1310 1311//1311 1312//1312
f 1313//1313 1314//1314 1315//1315 1316//1316
f 1317//1317 1318//1318 1319//1319 1320//1320
f 1321//1321 1322//1322 1323//1323 1324//1324
f 1325//1325 1326//1326 1327//1327 1328//1328
f 1329//1329 1330//1330 1331//1331 1332//1332
f 1333//1333 1334//1334 1335//1335 1336//1336
f 1337//1337 1338//1338 1339//1339 1340//1340
f 1341//1341 1342//1342 1343//1343 1344//1344
f 1345//1345 1346//1346 1347//1347 1348//1348
f 1349//1349 1350//1350 1351//1351 1352//1352
f 1353//1353 1354//1354 1355//1355 1356//1356
f 1357//1357 1358//1358 1359//1359 1360//1360
f 1361//1361 1362//1362 1363//1363 1364//1364
f 1365//1365 1366//1366 1367//1367 1368//1368
f 1369//1369 1370//1370 1371//1371 1372//1372
f 1373//1373 1374//1374 1375//1375 1376//1376
f 1377//1377 1378//1378 1379//1379 1380//1380
f 1381//1381 1382//1382 1383//1383 1384//1384
f 1385//1385 1386//1386 1387//1387 1388//1388
f 1389//1389 1390//1390 1391//1391 1392//1392
f 1393//1393 1394//1394 1395//1395 1396//1396
f 1397//1397 1398//1398 1399//1399 1400//1400
f 1401//1401 1402//1402 1403//1403 1404//1404
f 1405//1405 1406//1406 1407//1407 1408//1408
f 1409//1409 1410//1410 1411//1411 1412//1412
f 1413//1413 1414//1414 1415//1415 1416//1416
f 1417//1417 1418//1418 1419//1419 1420//1420
f 1421//1421 1422//1422 1423//1423 1424//1424
f 1425//1425 1426//1426 1427//1427 1428//1428
f 1429//1429 1430//1430 1431//1431 1432//1432
f 1433//1433 1434//1434 1435//1435 1436//1436
f 1437//1437 1438//1438 1439//1439 1440//1440
f 1441//1441 1442//1442 1443//1443 1444//1444
f 1445//1445 1446//1446 1447//1447 1448//1448
f 1449//1449 1450//1450 1451//1451 1452//1452
f 1453//1453 1454//1454 1455//1455 1456//1456
f 1457//1457 1458//1458 1459//1459 1460//1460
f 1461//1461 1462//1462 1463//1463 1464//1464
f 1465//1465 1466//1466 1467//1467 1468//1468
f 1469//1469 1470//1470 1471//1471 1472//1472
f 1473//1473 1474//1474 1475//1475 1476//1476
f 1477//1477 1478//1478 1479//1479 1480//1480
f 1481//1481 1482//1482 1483//1483 1484//1484
f 1485//1485 1486//1486 1487//1487 1488//1488
f 1489//1489 1490//1490 1491//1491 1492//1492
f 1493//1493 1494//1494 1495//1495 1496//1496
f 1497//1497 1498//1498 1499//1499 1500//1500
f 1501//1501 1502//1502 1503//1503 1504//1504
f 1505//1505 1506//1506 1507//1507 1508//1508
f 1509//1509 1510//1510 1511//1511 1512//1512
f 1513//1513 1514//1514 1515//1515 1516//1516
f 1517//1517 1518//1518 1519//1519 1520//1520
f 1521//1521 1522//1522 1523//1523 1524//1524
f 1525//1525 1526//1526 1527//1527 1528//1528
f 1529//1529 1530//1530 1531//1531 1532//1532
f 1533//1533 1534//1534 1535//1535 1536//1536
f 1537//1537 1538//1538 1539//1539 1540//1540
f 1541//1541 1542//1542 1543//1543 1544//1544
f 1545//1545 1546//1546 1547//1547 1548//1548
f 1549//1549 1550//1550 1551//1551 1552//1552
f 1553//1553 1554//1554 1555//1555 1556//1556
f 1557//1557 1558//1558 1559//1559 1560//1560
f 1561//1561 1562//1562 1563//1563 1564//1564
f 1565//1565 1566//1566 1567//1567 1568//1568
f 1569//1569 1570//1570 1571//1571 1572//1572
f 1573//1573 1574//1574 1575//1575 1576//1576
f 1577//1577 1578//1578 1579//1579 1580//1580
f 1581//1581 1582//1582 1583//1583 1584//1584
f 1585//1585 1586//1586 1587//1587 1588//1588
f 1589//1589 1590//1590 1591//1591 1592//1592
f 1593//1593 1594//1594 1595//1595 1596//1596
f 1597//1597 1598//1598 1599//1599 1600//1600
f 1601//1601 1602//1602 1603//1603 1604//1604
f 1605//1605 1606//1606 1607//1607 1608//1608
f 1609//1609 1610//1610 1611//1611 1612//1612
f 1613//1613 1614//1614 1615//1615 1616//1616
f 1617//1617 1618//1618 1619//1619 1620//1620
f 1621//1621 1622//1622 1623//1623 1624//1624
f 1625//1625 1626//1626 1627//1627 1628//1628
f 1629//1629 1630//1630 1631//1631 1632//1632
f 1633//1633 1634//1634 1635//1635 1636//1636
f 1637//1637 1638//1638 1639//1639 1640//1640
f 1641//1641 1642//1642 1643//1643 1644//1644
f 1645//1645 1646//1646 1647//1647 1648//1648
f 1649//1649 1650//1650 1651//1651 1652//1652
f 1653//1653 1654//1654 1655//1655 1656//1656
f 1657//1657 1658//1658 1659//1659 1660//1660
f 1661//1661 1662//1662 1663//1663 1664//1664
f 1665//1665 1666//1666 1667//1667 1668//1668
f 1669//1669 1670//1670 1671//1671 1672//1672
f 1673//1673 1674//1674 1675//1675 1676//1676
f 1677//1677 1678//1678 1679//1679 1680//1680
f 1681//1681 1682//1682 1683//1683 1684//1684
f 1685//1685 1686//1686 1687//1687 1688//1688
f 1689//1689 1690//1690 1691//1691 1692//1692
f 1693//1693 1694//1694 1695//1695 1696//1696
f 1697//1697 1698//1698 1699//1699 1700//1700
f 1701//1701 1702//1702 1703//1703 1704//1704
f 1705//1705 1706//1706 1707//1707 1708//1708
f 1709//1709 1710//1710 1711//1711 1712//1712
f 1713//1713 1714//1714 1715//1715 1716//1716
f 1717//1717 1718//1718 1719//1719 1720//1720
f 1721//1721 1722//1722 1723//1723 1724//1724
f 1725//1725 1726//1726 1727//1727 1728//1728
f 1729//1729 1730//1730 1731//1731 1732//1732
f 1733//1733 1734//1734 1735//1735 1736//1736
f 1737//1737 1738//1738 1739//1739 1740//1740
f 1741//1741 1742//1742 1743//1743 1744//1744
f 1745//1745 1746//1746 1747//1747 1748//1748
f 1749//1749 1750//1750 1751//1751 1752//1752
f 1753//1753 1754//1754 1755//1755 1756//1756
f 1757//1757 1758//1758 1759//1759 1760//1760
f 1761//1761 1762//1762 1763//1763 1764//1764
f 1765//1765 1766//1766 1767//1767 1768//1768
f 1769//1769 1770//1770 1771//1771 1772//1772
f 1773//1773 1774//1774 1775//1775 1776//1776
f 1777//1777 1778//1778 1779//1779 1780//1780
f 1781//1781 1782//1782 1783//1783 1784//1784
f 1785//1785 1786//1786 1787//1787 1788//1788
f 1789//1789 1790//1790 1791//1791 1792//1792
f 1793//1793 1794//1794 1795//1795 1796//1796
f 1797//1797 1798//1798 1799//1799 1800//1800
f 1801//1801 1802//1802 1803//1803 1804//1804
f 1805//1805 1806//1806 1807//1807 1808//1808
f 1809//1809 1810//1810 1811//1811 1812//1812
f 1813//1813 1814//1814 1815//1815 1816//1816
f 1817//1817 1818//1818 1819//1819 1820//1820
f 1821//1821 1822//1822 1823//1823 1824//1824
f 1825//1825 1826//1826 1827//1827 1828//1828
f 1829//1829 1830//1830 1831//1831 1832//1832
f 1833//1833 1834//1834 1835//1835 1836//1836
f 1837//1837 1838//1838 1839//1839 1840//1840
f 1841//1841 1842//1842 1843//1843 1844//1844
f 1845//1845 1846//1846 1847//1847 1848//1848
f 1849//1849 1850//1850 1851//1851 1852//1852
f 1853//1853 1854//1854 1855//1855 1856//1856
f 1857//1857 1858//1858 1859//1859 1860//1860
f 1861//1861 1862//1862 1863//1863 1864//1864
f 1865//1865 1866//1866 1867//1867 1868//1868
f 1869//1869 1870//1870 1871//1871 1872//1872
f 1873//1873 1874//1874 1875//1875 1876//1876
f 1877//1877 1878//1878 1879//1879 1880//1880
f 1881//1881 1882//1882 1883//1883 1884//1884
f 1885//1885 1886//1886 1887//1887 1888//1888
f 1889//1889 1890//1890 1891//1891 1892//1892
f 1893//1893 1894//1894 1895//1895 1896//1896
f 1897//1897 1898//1898 1899//1899 1900//1900
f 1901//1901 1902//1902 1903//1903 1904//1904
f 1905//1905 1906//1906 1907//1907 1908//1908
f 1909//1909 1910//1910 1911//1911 1912//1912
f 1913//1913 1914//1914 1915//1915 1916//1916
f 1917//1917 1918//1918 1919//1919 1920//1920
f 1921//1921 1922//1922 1923//1923 1924//1924
f 1925//1925 1926//1926 1927//1927 1928//1928
f 1929//1929 1930//1930 1931//1931 1932//1932
f 1933//1933 1934//1934 1935//1935 1936//1936
f 1937//1937 1938//1938 1939//1939 1940//1940
f 1941//1941 1942//1942 1943//1943 1944//1944
f 1945//1945 1946//1946 1947//1947 1948//1948
f 1949//1949 1950//1950 1951//1951 1952//1952
f 1953//1953 1954//1954 1955//1955 1956//1956
f 1957//1957 1958//1958 1959//1959 1960//1960
f 1961//1961 1962//1962 1963//1963 1964//1964
f 1965//1965 1966//1966 1967//1967 1968//1968
f 1969//1969 1970//1970 1971//1971 1972//1972
f 1973//1973 1974//1974 1975//1975 1976//1976
f 1977//1977 1978//1978 1979//1979 1980//1980
f 1981//1981 1982//1982 1983//1983 1984//1984
f 1985//1985 1986//1986 1987//1987 1988//1988
f 1989//1989 1990//1990 1991//1991 1992//1992
f 1993//1993 1994//1994 1995//1995 1996//1996
f 1997//1997 1998//1998 1999//1999 2000//2000
f 2001//2001 2002//2002 2003//2003 2004//2004
f 2005//2005 2006//2006 2007//2007 2008//2008
f 2009//2009 2010//2010 2011//2011 2012//2012
f 2013//2013 2014//2014 2015//2015 2016//2016
f 2017//2017 2018//2018 2019//2019 2020//2020
f 2021//2021 2022//2022 2023//2023 2024//2024
f 2025//2025 2026//2026 2027//2027 2028//2028
f 2029//2029 2030//2030 2031//2031 2032//2032
f 2033//2033 2034//2034 2035//2035 2036//2036
f 2037//2037 2038//2038 2039//2039 2040//2040
f 2041//2041 2042//2042 2043//2043 2044//2044
f 2045//2045 2046//2046 2047//2047 2048//2048
f 2049//2049 2050//2050 2051//2051 2052//2052
f 2053//2053 2054//2054 2055//2055 2056//2056
f 2057//2057 2058//2058 2059//2059 2060//2060
f 2061//2061 2062//2062 2063//2063 2064//2064
f 2065//2065 2066//2066 2067//2067 2068//2068
f 2069//2069 2070//2070 2071//2071 2072//2072
f 2073//2073 2074//2074 2075//2075 2076//2076
f 2077//2077 2078//2078 2079//2079 2080//2080
f 2081//2081 2082//2082 2083//2083 2084//2084
f 2085//2085 2086//2086 2087//2087 2088//2088
f 2089//2089 2090//2090 2091//2091 2092//2092
f 2093//2093 2094//2094 2095//2095 2096//2096
f 2097//2097 2098//2098 2099//2099 2100//2100
f 2101//2101 2102//2102 2103//2103 2104//2104
f 2105//2105 2106//2106 2107//2107 2108//2108
f 2109//2109 2110//2110 2111//2111 2112//2112
f 2113//2113 2114//2114 2115//2115 2116//2116
f 2117//2117 2118//2118 2119//2119 2120//2120
f 2121//2121 2122//2122 2123//2123 2124//2124
f 2125//2125 2126//2126 2127//2127 2128//2128
f 2129//2129 2130//2130 2131//2131 2132//2132
f 2133//2133 2134//2134 2135//2135 2136//2136
f 2137//2137 2138//2138 2139//2139 2140//2140
f 2141//2141 2142//2142 2143//2143 2144//2144
f 2145//2145 2146//2146 2147//2147 2148//2148
f 2149//2149 2150//2150 2151//2151 2152//2152
f 2153//2153 2154//2154 2155//2155 2156//2156
f 2157//2157 2158//2158 2159//2159 2160//2160
f 2161//2161 2162//2162 2163//2163 2164//2164
f 2165//2165 2166//2166 2167//2167 2168//2168
f 2169//2169 2170//2170 2171//2171 2172//2172
f 2173//2173 2174//2174 2175//2175 2176//2176
f 2177//2177 2178//2178 2179//2179 2180//2180
f 2181//2181 2182//2182 2183//2183 2184//2184
f 2185//2185 2186//2186 2187//2187 2188//2188
f 2189//2189 2190//2190 2191//2191 2192//2192
f 2193//2193 2194//2194 2195//2195 2196//2196
f 2197//2197 2198//2198 2199//2199 2200//2200
f 2201//2201 2202//2202 2203//2203 2204//2204
f 2205//2205 2206//2206 2207//2207 2208//2208
f 2209//2209 2210//2210 2211//2211 2212//2212
f 2213//2213 2214//2214 2215//2215 2216//2216
f 2217//2217 2218//2218 2219//2219 2220//2220
f 2221//2221 2222//2222 2223//2223 2224//2224
f 2225//2225 2226//2226 2227//2227 2228//2228
f 2229//2229 2230//2230 2231//2231 2232//2232
f 2233//2233 2234//2234 2235//2235 2236//2236
f 2237//2237 2238//2238 2239//2239 2240//2240
f 2241//2241 2242//2242 2243//2243 2244//2244
f 2245//2245 2246//2246 2247//2247 2248//2248
f 2249//2249 2250//2250 2251//2251 2252//2252
f 2253//2253 2254//2254 2255//2255 2256//2256
f 2257//2257 2258//2258 2259//2259 2260//2260
f 2261//2261 2262//2262 2263//2263 2264//2264
f 2265//2265 2266//2266 2267//2267 2268//2268
f 2269//2269 2270//2270 2271//2271 2272//2272
f 2273//2273 2274//2274 2275//2275 2276//2276
f 2277//2277 2278//2278 2279//2279 2280//2280
f 2281//2281 2282//2282 2283//2283 2284//2284
f 2285//2285 2286//2286 2287//2287 2288//2288
f 2289//2289 2290//2290 2291//2291 2292//2292
f 2293//2293 2294//2294 2295//2295 2296//2296
f 2297//2297 2298//2298 2299//2299 2300//2300
f 2301//2301 2302//2302 2303//2303 2304//2304
f 2305//2305 2306//2306 2307//2307 2308//2308
f 2309//2309 2310//2310 2311//2311 2312//2312
f 2313//2313 2314//2314 2315//2315 2316//2316
f 2317//2317 2318//2318 2319//2319 2320//2320
f 2321//2321 2322//2322 2323//2323 2324//2324
f 2325//2325 2326//2326 2327//2327 2328//2328
f 2329//2329 2330//2330 2331//2331 2332//2332
f 2333//2333 2334//2334 2335//2335 2336//2336
f 2337//2337 2338//2338 2339//2339 2340//2340
f 2341//2341 2342//2342 2343//2343 2344//2344
f 2345//2345 2346//2346 2347//2347 2348//2348
f 2349//2349 2350//2350 2351//2351 2352//2352
f 2353//2353 2354//2354 2355//2355 2356//2356
f 2357//2357 2358//2358 2359//2359 2360//2360
f 2361//2361 2362//2362 2363//2363 2364//2364
f 2365//2365 2366//2366 2367//2367 2368//2368
f 2369//2369 2370//2370 2371//2371 2372//2372
f 2373//2373 2374//2374 2375//2375 2376//2376
f 2377//2377 2378//2378 2379//2379 2380//2380
f 2381//2381 2382//2382 2383//2383 2384//2384
f 2385//2385 2386//2386 2387//2387 2388//2388
f 2389//2389 2390//2390 2391//2391 2392//2392
f 2393//2393 2394//2394 2395//2395 2396//2396
f 2397//2397 2398//2398 2399//2399 2400//2400
f 2401//2401 2402//2402 2403//2403 2404//2404
f 2405//2405 2406//2406 2407//2407 2408//2408
f 2409//2409 2410//2410 2411//2411 2412//2412
f 2413//2413 2414//2414 2415//2415 2416//2416
f 2417//2417 2418//2418 2419//2419 2420//2420
f 2421//2421 2422//2422 2423//2423 2424//2424
f 2425//2425 2426//2426 2427//2427 2428//2428
f 2429//2429 2430//2430 2431//2431 2432//2432
f 2433//2433 2434//2434 2435//2435 2436//2436
f 2437//2437 2438//2438 2439//2439 2440//2440
f 2441//2441 2442//2442 2443//2443 2444//2444
f 2445//2445 2446//2446 2447//2447 2448//2448
f 2449//2449 2450//2450 2451//2451 2452//2452
f 2453//2453 2454//2454 2455//2455 2456//2456
f 2457//2457 2458//2458 2459//2459 2460//2460
f 2461//2461 2462//2462 2463//2463 2464//2464
f 2465//2465 2466//2466 2467//2467 2468//2468
f 2469//2469 2470//2470 2471//2471 2472//2472
f 2473//2473 2474//2474 2475//2475 2476//2476
f 2477//2477 2478//2478 2479//2479 2480//2480
f 2481//2481 2482//2482 2483//2483 2484//2484
f 2485//2485 2486//2486 2487//2487 2488//2488
f 2489//2489 2490//2490 2491//2491 2492//2492
f 2493//2493 2494//2494 2495//2495 2496//2496
f 2497//2497 2498//2498 2499//2499 2500//2500
f 2501//2501 2502//2502 2503//2503 2504//2504
f 2505//2505 2506//2506 2507//2507 2508//2508
f 2509//2509 2510//2510 2511//2511 2512//2512
f 2513//2513 2514//2514 2515//2515 2516//2516
f 2517//2517 2518//2518 2519//2519 2520//2520
f 2521//2521 2522//2522 2523//2523 2524//2524
f 2525//2525 2526//2526 2527//2527 2528//2528
f 2529//2529 2530//2530 2531//2531 2532//2532
f 2533//2533 2534//2534 2535//2535 2536//2536
f 2537//2537 2538//2538 2539//2539 2540//2540
f 2541//2541 2542//2542 2543//2543 2544//2544
f 2545//2545 2546//2546 2547//2547 2548//2548
f 2549//2549 2550//2550 2551//2551 2552//2552
f 2553//2553 2554//2554 2555//2555 2556//2556
f 2557//2557 2558//2558 2559//2559 2560//2560
f 2561//2561 2562//2562 2563//2563 2564//2564
f 2565//2565 2566//2566 2567//2567 2568//2568
f 2569//2569 2570//2570 2571//2571 2572//2572
f 2573//2573 2574//2574 2575//2575 2576//2576
f 2577//2577 2578//2578 2579//2579 2580//2580
f 2581//2581 2582//2582 2583//2583 2584//2584
f 2585//2585 2586//2586 2587//2587 2588//2588
f 2589//2589 2590//2590 2591//2591 2592//2592
f 2593//2593 2594//2594 2595//2595 2596//2596
f 2597//2597 2598//2598 2599//2599 2600//2600
f 2601//2601 2602//2602 2603//2603 2604//2604
f 2605//2605 2606//2606 2607//2607 2608//2608
f 2609//2609 2610//2610 2611//2611 2612//2612
f 2613//2613 2614//2614 2615//2615 2616//2616
f 2617//2617 2618//2618 2619//2619 2620//2620
f 2621//2621 2622//2622 2623//2623 2624//2624
f 2625//2625 2626//2626 2627//2627 2628//2628
f 2629//2629 2630//2630 2631//2631 2632//2632
f 2633//2633 2634//2634 2635//2635 2636//2636
f 2637//2637 2638//2638 2639//2639 2640//2640
f 2641//2641 2642//2642 2643//2643 2644//2644
f 2645//2645 2646//2646 2647//2647 2648//2648
f 2649//2649 2650//2650 2651//2651 2652//2652
f 2653//2653 2654//2654 2655//2655 2656//2656
f 2657//2657 2658//2658 2659//2659 2660//2660
f 2661//2661 2662//2662 2663//2663 2664//2664
f 2665//2665 2666//2666 2667//2667 2668//2668
f 2669//2669 2670//2670 2671//2671 2672//2672
f 2673//2673 2674//2674 2675//2675 2676//2676
f 2677//2677 2678//2678 2679//2679 2680//2680
f 2681//2681 2682//2682 2683//2683 2684//2684
f 2685//2685 2686//2686 2687//2687 2688//2688
f 2689//2689 2690//2690 2691//2691 2692//2692
f 2693//2693 2694//2694 2695//2695 2696//2696
f 2697//2697 2698//2698 2699//2699 2700//2700
f 2701//2701 2702//2702 2703//2703 2704//2704
f 2705//2705 2706//2706 2707//2707 2708//2708
f 2709//2709 2710//2710 2711//2711 2712//2712
f 2713//2713 2714//2714 2715//2715 2716//2716
f 2717//2717 2718//2718 2719//2719 2720//2720
f 2721//2721 2722//2722 2723//2723 2724//2724
f 2725//2725 2726//2726 2727//2727 2728//2728
f 2729//2729 2730//2730 2731//2731 2732//2732
f 2733//2733 2734//2734 2735//2735 2736//2736
f 2737//2737 2738//2738 2739//2739 2740//2740
f 2741//2741 2742//2742 2743//2743 2744//2744
f 2745//2745 2746//2746 2747//2747 2748//2748
f 2749//2749 2750//2750 2751//2751 2752//2752
f 2753//2753 2754//2754 2755//2755 2756//2756
f 2757//2757 2758//2758 2759//2759 2760//2760
f 2761//2761 2762//2762 2763//2763 2764//2764
f 2765//2765 2766//2766 2767//2767 2768//2768
f 2769//2769 2770//2770 2771//2771 2772//2772
f 2773//2773 2774//2774 2775//2775 2776//2776
f 2777//2777 2778//2778 2779//2779 2780//2780
f 2781//2781 2782//2782 2783//2783 2784//2784
f 2785//2785 2786//2786 2787//2787 2788//2788
f 2789//2789 2790//2790 2791//2791 2792//2792
f 2793//2793 2794//2794 2795//2795 2796//2796
f 2797//2797 2798//2798 2799//2799 2800//2800
f 2801//2801 2802//2802 2803//2803 2804//2804
f 2805//2805 2806//2806 2807//2807 2808//2808
f 2809//2809 2810//2810 2811//2811 2812//2812
f 2813//2813 2814//2814 2815//2815 2816//2816
f 2817//2817 2818//2818 2819//2819 2820//2820
f 2821//2821 2822//2822 2823//2823 2824//2824
f 2825//2825 2826//2826 2827//2827 2828//2828
f 2829//2829 2830//2830 2831//2831 2832//2832
f 2833//2833 2834//2834 2835//2835 2836//2836
f 2837//2837 2838//2838 2839//2839 2840//2840
f 2841//2841 2842//2842 2843//2843 2844//2844
f 2845//2845 2846//2846 2847//2847 2848//2848
f 2849//2849 2850//2850 2851//2851 2852//2852
f 2853//2853 2854//2854 2855//2855 2856//2856
f 2857//2857 2858//2858 2859//2859 2860//2860
f 2861//2861 2862//2862 2863//2863 2864//2864
f 2865//2865 2866//2866 2867//2867 2868//2868
f 2869//2869 2870//2870 2871//2871 2872//2872
f 2873//2873 2874//2874 2875//2875 2876//2876
f 2877//2877 2878//2878 2879//2879 2880//2880
f 2881//2881 2882//2882 2883//2883 2884//2884
f 2885//2885 2886//2886 2887//2887 2888//2888
f 2889//2889 2890//2890 2891//2891 2892//2892
f 2893//2893 2894//2894 2895//2895 2896//2896
f 2897//2897 2898//2898 2899//2899 2900//2900
f 2901//2901 2902//2902 2903//2903 2904//2904
f 2905//2905 2906//2906 2907//2907 2908//2908
f 2909//2909 2910//2910 2911//2911 2912//2912
f 2913//2913 2914//2914 2915//2915 2916//2916
f 2917//2917 2918//2918 2919//2919 2920//2920
f 2921//2921 2922//2922 2923//2923 2924//2924
f 2925//2925 2926//2926 2927//2927 2928//2928
f 2929//2929 2930//2930 2931//2931 2932//2932
f 2933//2933 2934//2934 2935//2935 2936//2936
f 2937//2937 2938//2938 2939//2939 2940//2940
f 2941//2941 2942//2942 2943//2943 2944//2944
f 2945//2945 2946//2946 2947//2947 2948//2948
f 2949//2949 2950//2950 2951//2951 2952//2952
f 2953//2953 2954//2954 2955//2955 2956//2956
f 2957//2957 2958//2958 2959//2959 2960//2960
f 2961//2961 2962//2962 2963//2963 2964//2964
f 2965//2965 2966//2966 2967//2967 2968//2968
f 2969//2969 2970//2970 2971//2971 2972//2972
f 2973//2973 2974//2974 2975//2975 2976//2976
f 2977//2977 2978//2978 2979//2979 2980//2980
f 2981//2981 2982//2982 2983//2983 2984//2984
f 2985//2985 2986//2986 2987//2987 2988//2988
f 2989//2989 2990//2990 2991//2991 2992//2992
f 2993//2993 2994//2994 2995//2995 2996//2996
f 2997//2997 2998//2998 2999//2999 3000//3000
f 3001//3001 3002//3002 3003//3003 3004//3004
f 3005//3005 3006//3006 3007//3007 3008//3008
f 3009//3009 3010//3010 3011//3011 3012//3012
f 3013//3013 3014//3014 3015//3015 3016//3016
f 3017//3017 3018//3018 3019//3019 3020//3020
f 3021//3021 3022//3022 3023//3023 3024//3024
f 3025//3025 3026//3026 3027//3027 3028//3028
f 3029//3029 3030//3030 3031//3031 3032//3032
f 3033//3033 3034//3034 3035//3035 3036//3036
f 3037//3037 3038//3038 3039//3039 3040//3040
f 3041//3041 3042//3042 3043//3043 3044//3044
f 3045//3045 3046//3046 3047//3047 3048//3048
f 3049//3049 3050//3050 3051//3051 3052//3052
f 3053//3053 3054//3054 3055//3055 3056//3056
f 3057//3057 3058//3058 3059//3059 3060//3060
f 3061//3061 3062//3062 3063//3063 3064//3064
f 3065//3065 3066//3066 3067//3067 3068//3068
f 3069//3069 3070//3070 3071//3071 3072//3072
f 3073//3073 3074//3074 3075//3075 3076//3076
f 3077//3077 3078//3078 3079//3079 3080//3080
f 3081//3081 3082//3082 3083//3083 3084//3084
f 3085//3085 3086//3086 3087//3087 3088//3088
f 3089//3089 3090//3090 3091//3091 3092//3092
f 3093//3093 3094//3094 3095//3095 3096//3096
f 3097//3097 3098//3098 3099//3099 3100//3100
f 3101//3101 3102//3102 3103//3103 3104//3104
f 3105//3105 3106//3106 3107//3107 3108//3108
f 3109//3109 3110//3110 3111//3111 3112//3112
f 3113//3113 3114//3114 3115//3115 3116//3116
f 3117//3117 3118//3118 3119//3119 3120//3120
f 3121//3121 3122//3122 3123//3123 3124//3124
f 3125//3125 3126//3126 3127//3127 3128//3128
f 3129//3129 3130//3130 3131//3131 3132//3132
f 3133//3133 3134//3134 3135//3135 3136//3136
f 3137//3137 3138//3138 3139//3139 3140//3140
f 3141//3141 3142//3142 3143//3143 3144//3144
f 3145//3145 3146//3146 3147//3147 3148//3148
f 3149//3149 3150//3150 3151//3151 3152//3152
f 3153//3153 3154//3154 3155//3155 3156//3156
f 3157//3157 3158//3158 3159//3159 3160//3160
f 3161//3161 3162//3162 3163//3163 3164//3164
f 3165//3165 3166//3166 3167//3167 3168//3168
f 3169//3169 3170//3170 3171//3171 3172//3172
f 3173//3173 3174//3174 3175//3175 3176//3176
f 3177//3177 3178//3178 3179//3179 3180//3180
f 3181//3181 3182//3182 3183//3183 3184//3184
f 3185//3185 3186//3186 3187//3187 3188//3188
f 3189//3189 3190//3190 3191//3191 3192//3192
f 3193//3193 3194//3194 3195//3195 3196//3196
f 3197//3197 3198//3198 3199//3199 3200//3200
f 3201//3201 3202//3202 3203//3203 3204//3204
f 3205//3205 3206//3206 3207//3207 3208//3208
f 3209//3209 3210//3210 3211//3211 3212//3212
f 3213//3213 3214//3214 3215//3215 3216//3216
f 3217//3217 3218//3218 3219//3219 3220//3220
f 3221//3221 3222//3222 3223//3223 3224//3224
f 3225//3225 3226//3226 3227//3227 3228//3228
f 3229//3229 3230//3230 3231//3231 3232//3232
f 3233//3233 3234//3234 3235//3235 3236//3236
f 3237//3237 3238//3238 3239//3239 3240//3240
f 3241//3241 3242//3242 3243//3243 3244//3244
f 3245//3245 3246//3246 3247//3247 3248//3248
f 3249//3249 3250//3250 3251//3251 3252//3252
f 3253//3253 3254//3254 3255//3255 3256//3256
f 3257//3257 3258//3258 3259//3259 3260//3260
f 3261//3261 3262//3262 3263//3263 3264//3264
f 3265//3265 3266//3266 3267//3267 3268//3268
f 3269//3269 3270//3270 3271//3271 3272//3272
f 3273//3273 3274//3274 3275//3275 3276//3276
f 3277//3277 3278//3278 3279//3279 3280//3280
f 3281//3281 3282//3282 3283//3283 3284//3284
f 3285//3285 3286//3286 3287//3287 3288//3288
f 3289//3289 3290//3290 3291//3291 3292//3292
f 3293//3293 3294//3294 3295//3295 3296//3296
f 3297//3297 3298//3298 3299//3299 3300//3300
f 3301//3301 3302//3302 3303//3303 3304//3304
f 3305//3305 3306//3306 3307//3307 3308//3308
f 3309//3309 3310//3310 3311//3311 3312//3312
f 3313//3313 3314//3314 3315//3315 3316//3316
f 3317//3317 3318//3318 3319//3319 3320//3320
f 3321//3321 3322//3322 3323//3323 3324//3324
f 3325//3325 3326//3326 3327//3327 3328//3328
f 3329//3329 3330//3330 3331//3331 3332//3332
f 3333//3333 3334//3334 3335//3335 3336//3336
f 3337//3337 3338//3338 3339//3339 3340//3340
f 3341//3341 3342//3342 3343//3343 3344//3344
f 3345//3345 3346//3346 3347//3347 3348//3348
f 3349//3349 3350//3350 3351//3351 3352//3352
f 3353//3353 3354//3354 3355//3355 3356//3356
f 3357//3357 3358//3358 3359//3359 3360//3360
f 3361//3361 3362//3362 3363//3363 3364//3364
f 3365//3365 3366//3366 3367//3367 3368//3368
f 3369//3369 3370//3370 3371//3371 3372//3372
f 3373//3373 3374//3374 3375//3375 3376//3376
f 3377//3377 3378//3378 3379//3379 3380//3380
f 3381//3381 3382//3382 3383//3383 3384//3384
f 3385//3385 3386//3386 3387//3387 3388//3388
f 3389//3389 3390//3390 3391//3391 3392//3392
f 3393//3393 3394//3394 3395//3395 3396//3396
f 3397//3397 3398//3398 3399//3399 3400//3400
f 3401//3401 3402//3402 3403//3403 3404//3404
f 3405//3405 3406//3406 3407//3407 3408//3408
f 3409//3409 3410//3410 3411//3411 3412//3412
f 3413//3413 3414//3414 3415//3415 3416//3416
f 3417//3417 3418//3418 3419//3419 3420//3420
f 3421//3421 3422//3422 3423//3423 3424//3424
f 3425//3425 3426//3426 3427//3427 3428//3428
f 3429//3429 3430//3430 3431//3431 3432//3432
f 3433//3433 3434//3434 3435//3435 3436//3436
f 3437//3437 3438//3438 3439//3439 3440//3440
f 3441//3441 3442//3442 3443//3443 3444//3444
f 3445//3445 3446//3446 3447//3447 3448//3448
f 3449//3449 3450//3450 3451//3451 3452//3452
f 3453//3453 3454//3454 3455//3455 3456//3456
f 3457//3457 3458//3458 3459//3459 3460//3460
f 3461//3461 3462//3462 3463//3463 3464//3464
f 3465//3465 3466//3466 3467//3467 3468//3468
f 3469//3469 3470//3470 3471//3471 3472//3472
f 3473//3473 3474//3474 3475//3475 3476//3476
f 3477//3477 3478//3478 3479//3479 3480//3480
f 3481//3481 3482//3482 3483//3483 3484//3484
f 3485//3485 3486//3486 3487//3487 3488//3488
f 3489//3489 3490//3490 3491//3491 3492//3492
f 3493//3493 3494//3494 3495//3495 3496//3496
f 3497//3497 3498//3498 3499//3499 3500//3500
f 3501//3501 3502//3502 3503//3503 3504//3504
f 3505//3505 3506//3506 3507//3507 3508//3508
f 3509//3509 3510//3510 3511//3511 3512//3512
f 3513//3513 3514//3514 3515//3515 3516//3516
f 3517//3517 3518//3518 3519//3519 3520//3520
f 3521//3521 3522//3522 3523//3523 3524//3524
f 3525//3525 3526//3526 3527//3527 3528//3528
f 3529//3529 3530//3530 3531//3531 3532//3532
f 3533//3533 3534//3534 3535//3535 3536//3536
f 3537//3537 3538//3538 3539//3539 3540//3540
f 3541//3541 3542//3542 3543//3543 3544//3544
f 3545//3545 3546//3546 3547//3547 3548//3548
f 3549//3549 3550//3550 3551//3551 3552//3552
f 3553//3553 3554//3554 3555//3555 3556//3556
f 3557//3557 3558//3558 3559//3559 3560//3560
f 3561//3561 3562//3562 3563//3563 3564//3564
f 3565//3565 3566//3566 3567//3567 3568//3568
f 3569//3569 3570//3570 3571//3571 3572//3572
f 3573//3573 3574//3574 3575//3575 3576//3576
f 3577//3577 3578//3578 3579//3579 3580//3580
f 3581//3581 3582//3582 3583//3583 3584//3584
f 3585//3585 3586//3586 3587//3587 3588//3588
f 3589//3589 3590//3590 3591//3591 3592//3592
f 3593//3593 3594//3594 3595//3595 3596//3596
f 3597//3597 3598//3598 3599//3599 3600//3600
f 3601//3601 3602//3602 3603//3603 3604//3604
f 3605//3605 3606//3606 3607//3607 3608//3608
f 3609//3609 3610//3610 3611//3611 3612//3612
f 3613//3613 3614//3614 3615//3615 3616//3616
f 3617//3617 3618//3618 3619//3619 3620//3620
f 3621//3621 3622//3622 3623//3623 3624//3624
f 3625//3625 3626//3626 3627//3627 3628//3628
f 3629//3629 3630//3630 3631//3631 3632//3632
f 3633//3633 3634//3634 3635//3635 3636//3636
f 3637//3637 3638//3638 3639//3639 3640//3640
f 3641//3641 3642//3642 3643//3643 3644//3644
f 3645//3645 3646//3646 3647//3647 3648//3648
f 3649//3649 3650//3650 3651//3651 3652//3652
f 3653//3653 3654//3654 3655//3655 3656//3656
f 3657//3657 3658//3658 3659//3659 3660//3660
f 3661//3661 3662//3662 3663//3663 3664//3664
f 3665//3665 3666//3666 3667//3667 3668//3668
f 3669//3669 3670//3670 3671//3671 3672//3672
f 3673//3673 3674//3674 3675//3675 3676//3676
f 3677//3677 3678//3678 3679//3679 3680//3680
f 3681//3681 3682//3682 3683//3683 3684//3684
f 3685//3685 3686//3686 3687//3687 3688//3688
f 3689//3689 3690//3690 3691//3691 3692//3692
f 3693//3693 3694//3694 3695//3695 3696//3696
f 3697//3697 3698//3698 3699//3699 3700//3700
f 3701//3701 3702//3702 3703//3703 3704//3704
f 3705//3705 3706//3706 3707//3707 3708//3708
f 3709//3709 3710//3710 3711//3711 3712//3712
f 3713//3713 3714//3714 3715//3715 3716//3716
f 3717//3717 3718//3718 3719//3719 3720//3720
f 3721//3721 3722//3722 3723//3723 3724//3724
f 3725//3725 3726//3726 3727//3727 3728//3728
f 3729//3729 3730//3730 3731//3731 3732//3732
f 3733//3733 3734//3734 3735//3735 3736//3736
f 3737//3737 3738//3738 3739//3739 3740//3740
f 3741//3741 3742//3742 3743//3743 3744//3744
f 3745//3745 3746//3746 3747//3747 3748//3748
f 3749//3749 3750//3750 3751//3751 3752//3752
f 3753//3753 3754//3754 3755//3755 3756//3756
f 3757//3757 3758//3758 3759//3759 3760//3760
f 3761//3761 3762//3762 3763//3763 3764//3764
f 3765//3765 3766//3766 3767//3767 3768//3768
f 3769//3769 3770//3770 3771//3771 3772//3772
f 3773//3773 3774//3774 3775//3775 3776//3776
f 3777//3777 3778//3778 3779//3779 3780//3780
f 3781//3781 3782//3782 3783//3783 3784//3784
f 3785//3785 3786//3786 3787//3787 3788//3788
f 3789//3789 3790//3790 3791//3791 3792//3792
f 3793//3793 3794//3794 3795//3795 3796//3796
f 3797//3797 3798//3798 3799//3799 3800//3800
f 3801//3801 3802//3802 3803//3803 3804//3804
f 3805//3805 3806//3806 3807//3807 3808//3808
f 3809//3809 3810//3810 3811//3811 3812//3812
f 3813//3813 3814//3814 3815//3815 3816//3816
f 3817//3817 3818//3818 3819//3819 3820//3820
f 3821//3821 3822//3822 3823//3823 3824//3824
f 3825//3825 3826//3826 3827//3827 3828//3828
f 3829//3829 3830//3830 3831//3831 3832//3832
f 3833//3833 3834//3834 3835//3835 3836//3836
f 3837//3837 3838//3838 3839//3839 3840//3840
f 3841//3841 3842//3842 3843//3843 3844//3844
f 3845//3845 3846//3846 3847//3847 3848//3848
f 3849//3849 3850//3850 3851//3851 3852//3852
f 3853//3853 3854//3854 3855//3855 3856//3856
f 3857//3857 3858//3858 3859//3859 3860//3860
f 3861//3861 3862//3862 3863//3863 3864//3864
f 3865//3865 3866//3866 3867//3867 3868//3868
f 3869//3869 3870//3870 3871//3871 3872//3872
f 3873//3873 3874//3874 3875//3875 3876//3876
f 3877//3877 3878//3878 3879//3879 3880//3880
f 3881//3881 3882//3882 3883//3883 3884//3884
f 3885//3885 3886//3886 3887//3887 3888//3888
f 3889//3889 3890//3890 3891//3891 3892//3892
f 3893//3893 3894//3894 3895//3895 3896//3896
f 3897//3897 3898//3898 3899//3899 3900//3900
f 3901//3901 3902//3902 3903//3903 3904//3904
f 3905//3905 3906//3906 3907//3907 3908//3908
f 3909//3909 3910//3910 3911//3911 3912//3912
f 3913//3913 3914//3914 3915//3915 3916//3916
f 3917//3917 3918//3918 3919//3919 3920//3920
f 3921//3921 3922//3922 3923//3923 3924//3924
f 3925//3925 3926//3926 3927//3927 3928//3928
f 3929//3929 3930//3930 3931//3931 3932//3932
f 3933//3933 3934//3934 3935//3935 3936//3936
f 3937//3937 3938//3938 3939//3939 3940//3940
f 3941//3941 3942//3942 3943//3943 3944//3944
f 3945//3945 3946//3946 3947//3947 3948//3948
f 3949//3949 3950//3950 3951//3951 3952//3952
f 3953//3953 3954//3954 3955//3955 3956//3956
f 3957//3957 3958//3958 3959//3959 3960//3960
f 3961//3961 3962//3962 3963//3963 3964//3964
f 3965//3965 3966//3966 3967//3967 3968//3968
f 3969//3969 3970//3970 3971//3971 3972//3972
f 3973//3973 3974//3974 3975//3975 3976//3976
f 3977//3977 3978//3978 3979//3979 3980//3980
f 3981//3981 3982//3982 3983//3983 3984//3984
f 3985//3985 3986//3986 3987//3987 3988//3988
f 3989//3989 3990//3990 3991//3991 3992//3992
f 3993//3993 3994//3994 3995//3995 3996//3996
f 3997//3997 3998//3998 3999//3999 4000//4000
f 4001//4001 4002//4002 4003//4003 4004//4004
f 4005//4005 4006//4006 4007//4007 4008//4008
f 4009//4009 4010//4010 4011//4011 4012//4012
f 4013//4013 4014//4014 4015//4015 4016//4016
f 4017//4017 4018//4018 4019//4019 4020//4020
f 4021//4021 4022//4022 4023//4023 4024//4024
f 4025//4025 4026//4026 4027//4027 4028//4028
f 4029//4029 4030//4030 4031//4031 4032//4032
f 4033//4033 4034//4034 4035//4035 4036//4036
f 4037//4037 4038//4038 4039//4039 4040//4040
f 4041//4041 4042//4042 4043//4043 4044//4044
f 4045//4045 4046//4046 4047//4047 4048//4048
f 4049//4049 4050//4050 4051//4051 4052//4052
f 4053//4053 4054//4054 4055//4055 4056//4056
f 4057//4057 4058//4058 4059//4059 4060//4060
f 4061//4061 4062//4062 4063//4063 4064//4064
f 4065//4065 4066//4066 4067//4067 4068//4068
f 4069//4069 4070//4070 4071//4071 4072//4072
f 4073//4073 4074//4074 4075//4075 4076//4076
f 4077//4077 4078//4078 4079//4079 4080//4080
f 4081//4081 4082//4082 4083//4083 4084//4084
f 4085//4085 4086//4086 4087//4087 4088//4088
f 4089//4089 4090//4090 4091//4091 4092//4092
f 4093//4093 4094//4094 4095//4095 4096//4096
f 4097//4097 4098//4098 4099//4099 4100//4100
f 4101//4101 4102//4102 4103//4103 4104//4104
f 4105//4105 4106//4106 4107//4107 4108//4108
f 4109//4109 4110//4110 4111//4111 4112//4112
f 4113//4113 4114//4114 4115//4115 4116//4116
f 4117//4117 4118//4118 4119//4119 4120//4120
f 4121//4121 4122//4122 4123//4123 4124//4124
f 4125//4125 4126//4126 4127//4127 4128//4128
f 4129//4129 4130//4130 4131//4131 4132//4132
f 4133//4133 4134//4134 4135//4135 4136//4136
f 4137//4137 4138//4138 4139//4139 4140//4140
f 4141//4141 4142//4142 4143//4143 4144//4144
f 4145//4145 4146//4146 4147//4147 4148//4148
f 4149//4149 4150//4150 4151//4151 4152//4152
f 4153//4153 4154//4154 4155//4155 4156//4156
f 4157//4157 4158//4158 4159//4159 4160//4160
f 4161//4161 4162//4162 4163//4163 4164//4164
f 4165//4165 4166//4166 4167//4167 4168//4168
f 4169//4169 4170//4170 4171//4171 4172//4172
f 4173//4173 4174//4174 4175//4175 4176//4176
f 4177//4177 4178//4178 4179//4179 4180//4180
f 4181//4181 4182//4182 4183//4183 4184//4184
f 4185//4185 4186//4186 4187//4187 4188//4188
f 4189//4189 4190//4190 4191//4191 4192//4192
f 4193//4193 4194//4194 4195//4195 4196//4196
f 4197//4197 4198//4198 4199//4199 4200//4200
f 4201//4201 4202//4202 4203//4203 4204//4204
f 4205//4205 4206//4206 4207//4207 4208//4208
f 4209//4209 4210//4210 4211//4211 4212//4212
f 4213//4213 4214//4214 4215//4215 4216//4216
f 4217//4217 4218//4218 4219//4219 4220//4220
f 4221//4221 4222//4222 4223//4223 4224//4224
f 4225//4225 4226//4226 4227//4227 4228//4228
f 4229//4229 4230//4230 4231//4231 4232//4232
f 4233//4233 4234//4234 4235//4235 4236//4236
f 4237//4237 4238//4238 4239//4239 4240//4240
f 4241//4241 4242//4242 4243//4243 4244//4244
f 4245//4245 4246//4246 4247//4247 4248//4248
f 4249//4249 4250//4250 4251//4251 4252//4252
f 4253//4253 4254//4254 4255//4255 4256//4256
f 4257//4257 4258//4258 4259//4259 4260//4260
f 4261//4261 4262//4262 4263//4263 4264//4264
f 4265//4265 4266//4266 4267//4267 4268//4268
f 4269//4269 4270//4270 4271//4271 4272//4272
f 4273//4273 4274//4274 4275//4275 4276//4276
f 4277//4277 4278//4278 4279//4279 4280//4280
f 4281//4281 4282//4282 4283//4283 4284//4284
f 4285//4285 4286//4286 4287//4287 4288//4288
f 4289//4289 4290//4290 4291//4291 4292//4292
f 4293//4293 4294//4294 4295//4295 4296//4296
f 4297//4297 4298//4298 4299//4299 4300//4300
f 4301//4301 4302//4302 4303//4303 4304//4304
f 4305//4305 4306//4306 4307//4307 4308//4308
f 4309//4309 4310//4310 4311//4311 4312//4312
f 4313//4313 4314//4314 4315//4315 4316//4316
f 4317//4317 4318//4318 4319//4319 4320//4320
f 4321//4321 4322//4322 4323//4323 4324//4324
f 4325//4325 4326//4326 4327//4327 4328//4328
f 4329//4329 4330//4330 4331//4331 4332//4332
f 4333//4333 4334//4334 4335//4335 4336//4336
f 4337//4337 4338//4338 4339//4339 4340//4340
f 4341//4341 4342//4342 4343//4343 4344//4344
f 4345//4345 4346//4346 4347//4347 4348//4348
f 4349//4349 4350//4350 4351//4351 4352//4352
f 4353//4353 4354//4354 4355//4355 4356//4356
f 4357//4357 4358//4358 4359//4359 4360//4360
f 4361//4361 4362//4362 4363//4363 4364//4364
f 4365//4365 4366//4366 4367//4367 4368//4368
f 4369//4369 4370//4370 4371//4371 4372//4372
f 4373//4373 4374//4374 4375//4375 4376//4376
f 4377//4377 4378//4378 4379//4379 4380//4380
f 4381//4381 4382//4382 4383//4383 4384//4384
f 4385//4385 4386//4386 4387//4387 4388//4388
f 4389//4389 4390//4390 4391//4391 4392//4392
f 4393//4393 4394//4394 4395//4395 4396//4396
f 4397//4397 4398//4398 4399//4399 4400//4400
f 4401//4401 4402//4402 4403//4403 4404//4404
f 4405//4405 4406//4406 4407//4407 4408//4408
f 4409//4409 4410//4410 4411//4411 4412//4412
f 4413//4413 4414//4414 4415//4415 4416//4416
f 4417//4417 4418//4418 4419//4419 4420//4420
f 4421//4421 4422//4422 4423//4423 4424//4424
f 4425//4425 4426//4426 4427//4427 4428//4428
f 4429//4429 4430//4430 4431//4431 4432//4432
f 4433//4433 4434//4434 4435//4435 4436//4436
f 4437//4437 4438//4438 4439//4439 4440//4440
f 4441//4441 4442//4442 4443//4443 4444//4444
f 4445//4445 4446//4446 4447//4447 4448//4448
f 4449//4449 4450//4450 4451//4451 4452//4452
f 4453//4453 4454//4454 4455//4455 4456//4456
f 4457//4457 4458//4458 4459//4459 4460//4460
f 4461//4461 4462//4462 4463//4463 4464//4464
f 4465//4465 4466//4466 4467//4467 4468//4468
f 4469//4469 4470//4470 4471//4471 4472//4472
f 4473//4473 4474//4474 4475//4475 4476//4476
f 4477//4477 4478//4478 4479//4479 4480//4480
f 4481//4481 4482//4482 4483//4483 4484//4484
f 4485//4485 4486//4486 4487//4487 4488//4488
f 4489//4489 4490//4490 4491//4491 4492//4492
f 4493//4493 4494//4494 4495//4495 4496//4496
f 4497//4497 4498//4498 4499//4499 4500//4500
f 4501//4501 4502//4502 4503//4503 4504//4504
f 4505//4505 4506//4506 4507//4507 4508//4508
f 4509//4509 4510//4510 4511//4511 4512//4512
f 4513//4513 4514//4514 4515//4515 4516//4516
f 4517//4517 4518//4518 4519//4519 4520//4520
f 4521//4521 4522//4522 4523//4523 4524//4524
f 4525//4525 4526//4526 4527//4527 4528//4528
f 4529//4529 4530//4530 4531//4531 4532//4532
f 4533//4533 4534//4534 4535//4535 4536//4536
f 4537//4537 4538//4538 4539//4539 4540//4540
f 4541//4541 4542//4542 4543//4543 4544//4544
f 4545//4545 4546//4546 4547//4547 4548//4548
f 4549//4549 4550//4550 4551//4551 4552//4552
f 4553//4553 4554//4554 4555//4555 4556//4556
f 4557//4557 4558//4558 4559//4559 4560//4560
f 4561//4561 4562//4562 4563//4563 4564//4564
f 4565//4565 4566//4566 4567//4567 4568//4568
f 4569//4569 4570//4570 4571//4571 4572//4572
f 4573//4573 4574//4574 4575//4575 4576//4576
f 4577//4577 4578//4578 4579//4579 4580//4580
f 4581//4581 4582//4582 4583//4583 4584//4584
f 4585//4585 4586//4586 4587//4587 4588//4588
f 4589//4589 4590//4590 4591//4591 4592//4592
f 4593//4593 4594//4594 4595//4595 4596//4596
f 4597//4597 4598//4598 4599//4599 4600//4600
f 4601//4601 4602//4602 4603//4603 4604//4604
f 4605//4605 4606//4606 4607//4607 4608//4608
f 4609//4609 4610//4610 4611//4611 4612//4612
f 4613//4613 4614//4614 4615//4615 4616//4616
f 4617//4617 4618//4618 4619//4619 4620//4620
f 4621//4621 4622//4622 4623//4623 4624//4624
f 4625//4625 4626//4626 4627//4627 4628//4628
f 4629//4629 4630//4630 4631//4631 4632//4632
f 4633//4633 4634//4634 4635//4635 4636//4636
f 4637//4637 4638//4638 4639//4639 4640//4640
f 4641//4641 4642//4642 4643//4643 4644//4644
f 4645//4645 4646//4646 4647//4647 4648//4648
f 4649//4649 4650//4650 4651//4651 4652//4652
f 4653//4653 4654//4654 4655//4655 4656//4656
f 4657//4657 4658//4658 4659//4659 4660//4660
f 4661//4661 4662//4662 4663//4663 4664//4664
f 4665//4665 4666//4666 4667//4667 4668//4668
f 4669//4669 4670//4670 4671//4671 4672//4672
f 4673//4673 4674//4674 4675//4675 4676//4676
f 4677//4677 4678//4678 4679//4679 4680//4680
f 4681//4681 4682//4682 4683//4683 4684//4684
f 4685//4685 4686//4686 4687//4687 4688//4688
f 4689//4689 4690//4690 4691//4691 4692//4692
f 4693//4693 4694//4694 4695//4695 4696//4696
f 4697//4697 4698//4698 4699//4699 4700//4700
f 4701//4701 4702//4702 4703//4703 4704//4704
f 4705//4705 4706//4706 4707//4707 4708//4708
f 4709//4709 4710//4710 4711//4711 4712//4712
f 4713//4713 4714//4714 4715//4715 4716//4716
f 4717//4717 4718//4718 4719//4719 4720//4720
f 4721//4721 4722//4722 4723//4723 4724//4724
f 4725//4725 4726//4726 4727//4727 4728//4728
f 4729//4729 4730//4730 4731//4731 4732//4732
f 4733//4733 4734//4734 4735//4735 4736//4736
f 4737//4737 4738//4738 4739//4739 4740//4740
f 4741//4741 4742//4742 4743//4743 4744//4744
f 4745//4745 4746//4746 4747//4747 4748//4748
f 4749//4749 4750//4750 4751//4751 4752//4752
f 4753//4753 4754//4754 4755//4755 4756//4756
f 4757//4757 4758//4758 4759//4759 4760//4760
f 4761//4761 4762//4762 4763//4763 4764//4764
f 4765//4765 4766//4766 4767//4767 4768//4768
f 4769//4769 4770//4770 4771//4771 4772//4772
f 4773//4773 4774//4774 4775//4775 4776//4776
f 4777//4777 4778//4778 4779//4779 4780//4780
f 4781//4781 4782//4782 4783//4783 4784//4784
f 4785//4785 4786//4786 4787//4787 4788//4788
f 4789//4789 4790//4790 4791//4791 4792//4792
f 4793//4793 4794//4794 4795//4795 4796//4796
f 4797//4797 4798//4798 4799//4799 4800//4800
f 4801//4801 4802//4802 4803//4803 4804//4804
f 4805//4805 4806//4806 4807//4807 4808//4808
f 4809//4809 4810//4810 4811//4811 4812//4812
f 4813//4813 4814//4814 4815//4815 4816//4816
f 4817//4817 4818//4818 4819//4819 4820//4820
f 4821//4821 4822//4822 4823//4823 4824//4824
f 4825//4825 4826//4826 4827//4827 4828//4828
f 4829//4829 4830//4830 4831//4831 4832//4832
f 4833//4833 4834//4834 4835//4835 4836//4836
f 4837//4837 4838//4838 4839//4839 4840//4840
f 4841//4841 4842//4842 4843//4843 4844//4844
f 4845//4845 4846//4846 4847//4847 4848//4848
f 4849//4849 4850//4850 4851//4851 4852//4852
f 4853//4853 4854//4854 4855//4855 4856//4856
f 4857//4857 4858//4858 4859//4859 4860//4860
f 4861//4861 4862//4862 4863//4863 4864//4864
f 4865//4865 4866//4866 4867//4867 4868//4868
f 4869//4869 4870//4870 4871//4871 4872//4872
f 4873//4873 4874//4874 4875//4875 4876//4876
f 4877//4877 4878//4878 4879//4879 4880//4880
f 4881//4881 4882//4882 4883//4883 4884//4884
f 4885//4885 4886//4886 4887//4887 4888//4888
f 4889//4889 4890//4890 4891//4891 4892//4892
f 4893//4893 4894//4894 4895//4895 4896//4896
f 4897//4897 4898//4898 4899//4899 4900//4900
f 4901//4901 4902//4902 4903//4903 4904//4904
f 4905//4905 4906//4906 4907//4907 4908//4908
f 4909//4909 4910//4910 4911//4911 4912//4912
f 4913//4913 4914//4914 4915//4915 4916//4916
f 4917//4917 4918//4918 4919//4919 4920//4920
f 4921//4921 4922//4922 4923//4923 4924//4924
f 4925//4925 4926//4926 4927//4927 4928//4928
f 4929//4929 4930//4930 4931//4931 4932//4932
f 4933//4933 4934//4934 4935//4935 4936//4936
f 4937//4937 4938//4938 4939//4939 4940//4940
f 4941//4941 4942//4942 4943//4943 4944//4944
f 4945//4945 4946//4946 4947//4947 4948//4948
f 4949//4949 4950//4950 4951//4951 4952//4952
f 4953//4953 4954//4954 4955//4955 4956//4956
f 4957//4957 4958//4958 4959//4959 4960//4960
f 4961//4961 4962//4962 4963//4963 4964//4964
f 4965//4965 4966//4966 4967//4967 4968//4968
f 4969//4969 4970//4970 4971//4971 4972//4972
f 4973//4973 4974//4974 4975//4975 4976//4976
f 4977//4977 4978//4978 4979//4979 4980//4980
f 4981//4981 4982//4982 4983//4983 4984//4984
f 4985//4985 4986//4986 4987//4987 4988//4988
f 4989//4989 4990//4990 4991//4991 4992//4992
f 4993//4993 4994//4994 4995//4995 4996//4996
f 4997//4997 4998//4998 4999//4999 5000//5000
f 5001//5001 5002//5002 5003//5003 5004//5004
f 5005//5005 5006//5006 5007//5007 5008//5008
f 5009//5009 5010//5010 5011//5011 5012//5012
f 5013//5013 5014//5014 5015//5015 5016//5016
f 5017//5017 5018//5018 5019//5019 5020//5020
f 5021//5021 5022//5022 5023//5023 5024//5024
f 5025//5025 5026//5026 5027//5027 5028//5028
f 5029//5029 5030//5030 5031//5031 5032//5032
f 5033//5033 5034//5034 5035//5035 5036//5036
f 5037//5037 5038//5038 5039//5039 5040//5040
f 5041//5041 5042//5042 5043//5043 5044//5044
f 5045//5045 5046//5046 5047//5047 5048//5048
f 5049//5049 5050//5050 5051//5051 5052//5052
f 5053//5053 5054//5054 5055//5055 5056//5056
f 5057//5057 5058//5058 5059//5059 5060//5060
f 5061//5061 5062//5062 5063//5063 5064//5064
f 5065//5065 5066//5066 5067//5067 5068//5068
f 5069//5069 5070//5070 5071//5071 5072//5072
f 5073//5073 5074//5074 5075//5075 5076//5076
f 5077//5077 5078//5078 5079//5079 5080//5080
f 5081//5081 5082//5082 5083//5083 5084//5084
f 5085//5085 5086//5086 5087//5087 5088//5088
f 5089//5089 5090//5090 5091//5091 5092//5092
f 5093//5093 5094//5094 5095//5095 5096//5096
f 5097//5097 5098//5098 5099//5099 5100//5100
f 5101//5101 5102//5102 5103//5103 5104//5104
f 5105//5105 5106//5106 5107//5107 5108//5108
f 5109//5109 5110//5110 5111//5111 5112//5112
f 5113//5113 5114//5114 5115//5115 5116//5116
f 5117//5117 5118//5118 5119//5119 5120//5120
f 5121//5121 5122//5122 5123//5123 5124//5124
f 5125//5125 5126//5126 5127//5127 5128//5128
f 5129//5129 5130//5130 5131//5131 5132//5132
f 5133//5133 5134//5134 5135//5135 5136//5136
f 5137//5137 5138//5138 5139//5139 5140//5140
f 5141//5141 5142//5142 5143//5143 5144//5144
f 5145//5145 5146//5146 5147//5147 5148//5148
f 5149//5149 5150//5150 5151//5151 5152//5152
f 5153//5153 5154//5154 5155//5155 5156//5156
f 5157//5157 5158//5158 5159//5159 5160//5160
f 5161//5161 5162//5162 5163//5163 5164//5164
f 5165//5165 5166//5166 5167//5167 5168//5168
f 5169//5169 5170//5170 5171//5171 5172//5172
f 5173//5173 5174//5174 5175//5175 5176//5176
f 5177//5177 5178//5178 5179//5179 5180//5180
f 5181//5181 5182//5182 5183//5183 5184//5184
f 5185//5185 5186//5186 5187//5187
f 5188//5188 5189//5189 5190//5190
f 5191//5191 5192//5192 5193//5193
f 5194//5194 5195//5195 5196//5196
f 5197//5197 5198//5198 5199//5199
f 5200//5200 5201//5201 5202//5202
f 5203//5203 5204//5204 5205//5205
f 5206//5206 5207//5207 5208//5208
f 5209//5209 5210//5210 5211//5211
f 5212//5212 5213//5213 5214//5214
f 5215//5215 5216//5216 5217//5217
f 5218//5218 5219//5219 5220//5220
f 5221//5221 5222//5222 5223//5223
f 5224//5224 5225//5225 5226//5226
f 5227//5227 5228//5228 5229//5229
f 5230//5230 5231//5231 5232//5232
f 5233//5233 5234//5234 5235//5235
f 5236//5236 5237//5237 5238//5238
