# Rhino

mtllib mesh.mtl
usemtl Default
v 1910.5009765625 -183.69499206542969 4.4000000953674316
v 1910.5013427734375 -183.6966552734375 13.399999618530273
v 1909.7821044921875 -184.41592407226562 4.4000000953674316
v 1909.7821044921875 -184.41592407226562 5.4000000953674316
v 1909.7821044921875 -184.41592407226562 6.4000000953674316
v 1909.7821044921875 -184.41592407226562 7.4000000953674316
v 1909.7821044921875 -184.41592407226562 8.3999996185302734
v 1909.7821044921875 -184.41592407226562 9.3999996185302734
v 1909.7821044921875 -184.41592407226562 10.399999618530273
v 1909.7821044921875 -184.41592407226562 11.399999618530273
v 1909.7821044921875 -184.41592407226562 12.399999618530273
v 1909.0621337890625 -185.1358642578125 4.4000000953674316
v 1909.0621337890625 -185.1358642578125 5.4000000953674316
v 1909.0621337890625 -185.1358642578125 6.4000000953674316
v 1909.0621337890625 -185.1358642578125 7.4000000953674316
v 1909.0621337890625 -185.1358642578125 8.3999996185302734
v 1909.0621337890625 -185.1358642578125 9.3999996185302734
v 1909.0621337890625 -185.1358642578125 10.399999618530273
v 1909.0621337890625 -185.1358642578125 11.399999618530273
v 1909.0621337890625 -185.1358642578125 12.399999618530273
v 1908.3421630859375 -185.85580444335938 4.4000000953674316
v 1908.3421630859375 -185.85580444335938 5.4000000953674316
v 1908.3421630859375 -185.85580444335938 6.4000000953674316
v 1908.3421630859375 -185.85580444335938 7.4000000953674316
v 1908.3421630859375 -185.85580444335938 8.3999996185302734
v 1908.3421630859375 -185.85580444335938 9.3999996185302734
v 1908.3421630859375 -185.85580444335938 10.399999618530273
v 1908.3421630859375 -185.85580444335938 11.399999618530273
v 1908.3421630859375 -185.85580444335938 12.399999618530273
v 1907.621337890625 -186.57673645019531 4.4000000953674316
v 1907.620849609375 -186.57716369628906 13.399999618530273
v 1908.7730712890625 -185.42495727539062 13.399999618530273
v 1909.34912109375 -184.84884643554688 13.399999618530273
v 1909.92529296875 -184.27275085449219 13.399999618530273
v 1910.5 -183.69400024414062 7.4000000953674316
v 1910.50048828125 -183.69450378417969 5.9000000953674316
v 1910.500732421875 -183.69474792480469 5.1500000953674316
v 1910.5009765625 -183.69499206542969 10.399999618530273
v 1910.50048828125 -183.69450378417969 8.8999996185302734
v 1910.500244140625 -183.69424438476562 8.1499996185302734
v 1910.501220703125 -183.69581604003906 11.899999618530273
v 1910.5010986328125 -183.69540405273438 11.149999618530273
v 1907.6209716796875 -186.57698059082031 5.1500000953674316
v 1907.6207275390625 -186.57722473144531 5.9000000953674316
v 1907.6202392578125 -186.57772827148438 7.4000000953674316
v 1907.6202392578125 -186.57772827148438 8.3999996185302734
v 1907.6202392578125 -186.57772827148438 9.3999996185302734
v 1907.6202392578125 -186.57772827148438 10.399999618530273
v 1907.62060546875 -186.57743835449219 11.899999618530273
v 1907.6207275390625 -186.57730102539062 12.649999618530273
v 1913.3304443359375 -186.5244140625 4.4000000953674316
v 1913.3304443359375 -186.5244140625 5.4000000953674316
v 1913.3304443359375 -186.5244140625 6.4000000953674316
v 1913.3319091796875 -186.52392578125 7.4000000953674316
v 1912.622802734375 -185.81681823730469 4.4000000953674316
v 1912.622802734375 -185.81681823730469 5.4000000953674316
v 1912.622802734375 -185.81681823730469 6.4000000953674316
v 1911.915283203125 -185.10920715332031 4.4000000953674316
v 1911.915283203125 -185.10920715332031 5.4000000953674316
v 1911.915283203125 -185.10920715332031 6.4000000953674316
v 1911.2076416015625 -184.401611328125 4.4000000953674316
v 1911.2076416015625 -184.401611328125 5.4000000953674316
v 1911.2076416015625 -184.401611328125 6.4000000953674316
v 1910.5009765625 -183.69499206542969 4.4000000953674316
v 1910.5 -183.69400024414062 7.4000000953674316
v 1910.500732421875 -183.69474792480469 5.1500000953674316
v 1910.50048828125 -183.69450378417969 5.9000000953674316
v 1911.6328125 -184.82597351074219 7.4000000953674316
v 1912.19921875 -185.39195251464844 7.4000000953674316
v 1912.7655029296875 -185.95793151855469 7.4000000953674316
v 1913.3319091796875 -186.52392578125 7.4000000953674316
v 1913.3304443359375 -186.5244140625 10.399999618530273
v 1912.622802734375 -185.81681823730469 8.3999996185302734
v 1912.622802734375 -185.81681823730469 9.3999996185302734
v 1911.915283203125 -185.10920715332031 8.3999996185302734
v 1911.915283203125 -185.10920715332031 9.3999996185302734
v 1911.2076416015625 -184.401611328125 8.3999996185302734
v 1911.2076416015625 -184.401611328125 9.3999996185302734
v 1910.5 -183.69400024414062 7.4000000953674316
v 1910.5009765625 -183.69499206542969 10.399999618530273
v 1912.7655029296875 -185.95793151855469 7.4000000953674316
v 1912.19921875 -185.39195251464844 7.4000000953674316
v 1911.6328125 -184.82597351074219 7.4000000953674316
v 1910.500244140625 -183.69424438476562 8.1499996185302734
v 1910.50048828125 -183.69450378417969 8.8999996185302734
v 1911.6328125 -184.82676696777344 10.399999618530273
v 1912.19873046875 -185.39265441894531 10.399999618530273
v 1912.7645263671875 -185.95852661132812 10.399999618530273
v 1913.33642578125 -186.52243041992188 8.8999996185302734
v 1913.3304443359375 -186.5244140625 10.399999618530273
v 1913.32958984375 -186.5252685546875 13.399999618530273
v 1912.3876953125 -185.58160400390625 11.399999618530273
v 1912.3876953125 -185.58160400390625 12.399999618530273
v 1911.44482421875 -184.6387939453125 11.399999618530273
v 1911.44482421875 -184.6387939453125 12.399999618530273
v 1910.5009765625 -183.69499206542969 10.399999618530273
v 1910.5013427734375 -183.6966552734375 13.399999618530273
v 1912.7645263671875 -185.95852661132812 10.399999618530273
v 1912.19873046875 -185.39265441894531 10.399999618530273
v 1911.6328125 -184.82676696777344 10.399999618530273
v 1913.330078125 -186.52484130859375 11.899999618530273
v 1913.3302001953125 -186.52462768554688 11.149999618530273
v 1910.5010986328125 -183.69540405273438 11.149999618530273
v 1910.501220703125 -183.69581604003906 11.899999618530273
v 1911.6326904296875 -184.82809448242188 13.399999618530273
v 1912.1982421875 -185.39381408691406 13.399999618530273
v 1912.763916015625 -185.95954895019531 13.399999618530273
v 1905.814697265625 -188.38331604003906 13.399999618530273
v 1907.620849609375 -186.57716369628906 13.399999618530273
v 1907.6893310546875 -190.25796508789062 13.399999618530273
v 1909.4949951171875 -188.45237731933594 13.399999618530273
v 1908.291259765625 -189.65611267089844 13.399999618530273
v 1908.8702392578125 -187.82730102539062 13.399999618530273
v 1907.018798828125 -187.17921447753906 13.399999618530273
v 1906.4395751953125 -189.00819396972656 13.399999618530273
v 1904.7918701171875 -189.40615844726562 13.399999618530273
v 1905.814697265625 -188.38331604003906 13.399999618530273
v 1906.66650390625 -191.28080749511719 13.399999618530273
v 1907.6893310546875 -190.25796508789062 13.399999618530273
v 1906.4395751953125 -189.00819396972656 13.399999618530273
v 1905.416748046875 -190.03103637695312 13.399999618530273
v 1913.32958984375 -186.5252685546875 13.399999618530273
v 1907.6202392578125 -192.23457336425781 13.399999618530273
v 1911.9078369140625 -186.53282165527344 13.399999618530273
v 1911.1943359375 -187.246337890625 13.399999618530273
v 1910.4808349609375 -187.95986938476562 13.399999618530273
v 1911.20068359375 -185.82571411132812 13.399999618530273
v 1910.4871826171875 -186.53923034667969 13.399999618530273
v 1909.773681640625 -187.25276184082031 13.399999618530273
v 1910.49365234375 -185.11860656738281 13.399999618530273
v 1909.7801513671875 -185.83212280273438 13.399999618530273
v 1909.0665283203125 -186.545654296875 13.399999618530273
v 1910.5013427734375 -183.6966552734375 13.399999618530273
v 1909.92529296875 -184.27275085449219 13.399999618530273
v 1909.34912109375 -184.84884643554688 13.399999618530273
v 1908.7730712890625 -185.42495727539062 13.399999618530273
v 1907.620849609375 -186.57716369628906 13.399999618530273
v 1912.763916015625 -185.95954895019531 13.399999618530273
v 1912.1982421875 -185.39381408691406 13.399999618530273
v 1911.6326904296875 -184.82809448242188 13.399999618530273
v 1909.4949951171875 -188.45237731933594 13.399999618530273
v 1908.291259765625 -189.65611267089844 13.399999618530273
v 1907.6893310546875 -190.25796508789062 13.399999618530273
v 1908.8702392578125 -187.82730102539062 13.399999618530273
v 1906.66650390625 -191.28080749511719 13.399999618530273
v 1908.1859130859375 -191.66889953613281 13.399999618530273
v 1908.751708984375 -191.10321044921875 13.399999618530273
v 1909.3173828125 -190.53752136230469 13.399999618530273
v 1910.44873046875 -189.40615844726562 13.399999618530273
v 1911.60107421875 -188.25379943847656 13.399999618530273
v 1912.17724609375 -187.67762756347656 13.399999618530273
v 1912.75341796875 -187.1014404296875 13.399999618530273
v 1909.0537109375 -189.38690185546875 13.399999618530273
v 1907.626708984375 -190.81394958496094 13.399999618530273
v 1908.3402099609375 -190.10043334960938 13.399999618530273
v 1910.44873046875 -189.40615844726562 13.399999618530273
v 1911.3912353515625 -190.3486328125 13.399999618530273
v 1912.111328125 -189.62844848632812 13.399999618530273
v 1912.83154296875 -188.90826416015625 13.399999618530273
v 1913.5517578125 -188.18807983398438 13.399999618530273
v 1912.3336181640625 -191.29110717773438 13.399999618530273
v 1913.0538330078125 -190.5709228515625 13.399999618530273
v 1913.7740478515625 -189.85073852539062 13.399999618530273
v 1914.4942626953125 -189.13055419921875 13.399999618530273
v 1913.276123046875 -192.23358154296875 13.399999618530273
v 1916.157470703125 -189.35227966308594 13.399999618530273
v 1913.32958984375 -186.5252685546875 13.399999618530273
v 1912.75341796875 -187.1014404296875 13.399999618530273
v 1912.17724609375 -187.67762756347656 13.399999618530273
v 1911.60107421875 -188.25379943847656 13.399999618530273
v 1914.2288818359375 -191.27882385253906 13.399999618530273
v 1915.5146484375 -189.99446105957031 13.399999618530273
v 1915.450439453125 -188.64552307128906 13.399999618530273
v 1914.7435302734375 -187.93876647949219 13.399999618530273
v 1915.6431884765625 -192.69303894042969 13.399999618530273
v 1917.571044921875 -190.76507568359375 13.399999618530273
v 1918.0328369140625 -195.08273315429688 13.399999618530273
v 1919.9608154296875 -193.15476989746094 13.399999618530273
v 1918.675537109375 -194.44007873535156 13.399999618530273
v 1919.3634033203125 -192.55734252929688 13.399999618530273
v 1918.7659912109375 -191.95991516113281 13.399999618530273
v 1916.928466796875 -191.40773010253906 13.399999618530273
v 1916.5872802734375 -193.63716125488281 13.399999618530273
v 1917.059326171875 -194.10923767089844 13.399999618530273
v 1917.571044921875 -190.76507568359375 13.399999618530273
v 1915.6431884765625 -192.69303894042969 13.399999618530273
v 1916.157470703125 -189.35227966308594 13.399999618530273
v 1914.2288818359375 -191.27882385253906 13.399999618530273
v 1916.928466796875 -191.40773010253906 13.399999618530273
v 1915.5146484375 -189.99446105957031 13.399999618530273
v 1914.7003173828125 -191.75022888183594 13.399999618530273
v 1913.276123046875 -192.23358154296875 13.399999618530273
v 1914.2288818359375 -191.27882385253906 13.399999618530273
v 1913.9827880859375 -192.94020080566406 13.399999618530273
v 1914.6903076171875 -193.64779663085938 13.399999618530273
v 1915.39794921875 -194.35540771484375 13.399999618530273
v 1916.1055908203125 -195.06300354003906 13.399999618530273
v 1917.059326171875 -194.10923767089844 13.399999618530273
v 1915.6431884765625 -192.69303894042969 13.399999618530273
v 1914.7003173828125 -191.75022888183594 13.399999618530273
v 1916.5872802734375 -193.63716125488281 13.399999618530273
v 1921.8177490234375 -195.01168823242188 13.399999618530273
v 1921.0972900390625 -195.73211669921875 13.399999618530273
v 1920.3768310546875 -196.45256042480469 13.399999618530273
v 1919.6563720703125 -197.17298889160156 13.399999618530273
v 1918.93603515625 -197.89341735839844 13.399999618530273
v 1920.3896484375 -195.02452087402344 13.399999618530273
v 1919.669189453125 -195.74494934082031 13.399999618530273
v 1918.9488525390625 -196.46537780761719 13.399999618530273
v 1918.2283935546875 -197.18582153320312 13.399999618530273
v 1919.68212890625 -194.31690979003906 13.399999618530273
v 1918.961669921875 -195.03733825683594 13.399999618530273
v 1918.2412109375 -195.75778198242188 13.399999618530273
v 1917.520751953125 -196.47821044921875 13.399999618530273
v 1917.5335693359375 -195.0501708984375 13.399999618530273
v 1916.813232421875 -195.77061462402344 13.399999618530273
v 1916.1055908203125 -195.06300354003906 13.399999618530273
v 1919.9608154296875 -193.15476989746094 13.399999618530273
v 1918.675537109375 -194.44007873535156 13.399999618530273
v 1918.0328369140625 -195.08273315429688 13.399999618530273
v 1917.059326171875 -194.10923767089844 13.399999618530273
v 1921.19873046875 -194.39271545410156 13.399999618530273
v 1917.5750732421875 -190.76904296875 7.4000000953674316
v 1916.867919921875 -190.06193542480469 7.4000000953674316
v 1916.160888671875 -189.35482788085938 5.9000000953674316
v 1916.1614990234375 -189.35284423828125 7.4000000953674316
v 1917.1036376953125 -190.29763793945312 6.9000000953674316
v 1916.58837890625 -188.92727661132812 4.4000000953674316
v 1917.2955322265625 -189.63438415527344 5.4000000953674316
v 1917.2955322265625 -189.63438415527344 6.4000000953674316
v 1918.002685546875 -190.34149169921875 4.4000000953674316
v 1918.002685546875 -190.34149169921875 5.4000000953674316
v 1918.002685546875 -190.34149169921875 6.4000000953674316
v 1918.709716796875 -191.04859924316406 5.4000000953674316
v 1918.709716796875 -191.04859924316406 6.4000000953674316
v 1919.4168701171875 -191.75570678710938 4.4000000953674316
v 1917.2955322265625 -189.63438415527344 4.4000000953674316
v 1918.709716796875 -191.04859924316406 4.4000000953674316
v 1919.4168701171875 -191.75570678710938 5.9000000953674316
v 1918.002685546875 -190.34149169921875 7.4000000953674316
v 1917.53125 -189.87008666992188 6.9000000953674316
v 1916.58837890625 -188.92727661132812 5.9000000953674316
v 1918.9454345703125 -191.2843017578125 6.4000000953674316
v 1918.002685546875 -190.34149169921875 7.4000000953674316
v 1917.5750732421875 -190.76904296875 7.4000000953674316
v 1917.53125 -189.87008666992188 6.9000000953674316
v 1917.1036376953125 -190.29763793945312 6.9000000953674316
v 1916.58837890625 -188.92727661132812 5.9000000953674316
v 1916.160888671875 -189.35482788085938 5.9000000953674316
v 1919.4168701171875 -191.75570678710938 5.9000000953674316
v 1918.9892578125 -192.18325805664062 5.9000000953674316
v 1918.5179443359375 -191.71185302734375 6.4000000953674316
v 1918.0465087890625 -191.24044799804688 6.9000000953674316
v 1918.002685546875 -190.34149169921875 7.4000000953674316
v 1917.5750732421875 -190.76904296875 7.4000000953674316
v 1918.9454345703125 -191.2843017578125 6.4000000953674316
v 1919.4168701171875 -191.75570678710938 4.4000000953674316
v 1918.98876953125 -192.18275451660156 4.4000000953674316
v 1919.4168701171875 -191.75570678710938 5.9000000953674316
v 1918.9892578125 -192.18325805664062 5.9000000953674316
v 1916.58837890625 -188.92727661132812 4.4000000953674316
v 1916.1595458984375 -189.35350036621094 4.4000000953674316
v 1919.4168701171875 -191.75570678710938 4.4000000953674316
v 1918.98876953125 -192.18275451660156 4.4000000953674316
v 1917.2955322265625 -189.63438415527344 4.4000000953674316
v 1918.002685546875 -190.34149169921875 4.4000000953674316
v 1918.709716796875 -191.04859924316406 4.4000000953674316
v 1918.5162353515625 -191.71018981933594 4.4000000953674316
v 1917.571044921875 -190.76507568359375 4.4000000953674316
v 1921.8177490234375 -195.01168823242188 4.4000000953674316
v 1921.8177490234375 -195.01168823242188 7.4000000953674316
v 1920.9149169921875 -194.10888671875 4.4000000953674316
v 1920.0120849609375 -193.20610046386719 4.4000000953674316
v 1920.0120849609375 -193.20610046386719 7.4000000953674316
v 1921.8177490234375 -195.01168823242188 5.9000000953674316
v 1921.8177490234375 -195.01168823242188 5.1500000953674316
v 1920.0120849609375 -193.20610046386719 5.1500000953674316
v 1920.0120849609375 -193.20610046386719 5.9000000953674316
v 1921.2158203125 -194.40982055664062 7.4000000953674316
v 1920.9149169921875 -194.10888671875 6.4000000953674316
v 1920.0120849609375 -193.20610046386719 4.4000000953674316
v 1920.0120849609375 -193.20610046386719 7.4000000953674316
v 1919.500732421875 -192.69467163085938 4.4000000953674316
v 1919.500732421875 -192.69467163085938 5.4000000953674316
v 1918.9892578125 -192.18325805664062 4.4000000953674316
v 1918.9892578125 -192.18325805664062 5.4000000953674316
v 1918.98828125 -192.18226623535156 7.4000000953674316
v 1920.0120849609375 -193.20610046386719 5.9000000953674316
v 1920.0120849609375 -193.20610046386719 5.1500000953674316
v 1918.9892578125 -192.18325805664062 5.9000000953674316
v 1921.8177490234375 -195.01168823242188 7.4000000953674316
v 1921.8177490234375 -195.01168823242188 8.3999996185302734
v 1921.8177490234375 -195.01168823242188 9.3999996185302734
v 1921.8177490234375 -195.01168823242188 10.399999618530273
v 1921.110107421875 -194.3040771484375 8.3999996185302734
v 1921.110107421875 -194.3040771484375 9.3999996185302734
v 1920.4024658203125 -193.59648132324219 8.3999996185302734
v 1920.4024658203125 -193.59648132324219 9.3999996185302734
v 1919.6949462890625 -192.88887023925781 8.3999996185302734
v 1919.6949462890625 -192.88887023925781 9.3999996185302734
v 1918.98828125 -192.18226623535156 7.4000000953674316
v 1918.9873046875 -192.1812744140625 10.399999618530273
v 1921.2158203125 -194.40982055664062 7.4000000953674316
v 1920.0120849609375 -193.20610046386719 7.4000000953674316
v 1918.988037109375 -192.18202209472656 8.1499996185302734
v 1918.98779296875 -192.1817626953125 8.8999996185302734
v 1919.9608154296875 -193.15476989746094 10.399999618530273
v 1921.19873046875 -194.39271545410156 10.399999618530273
v 1921.8177490234375 -195.01168823242188 10.399999618530273
v 1921.8177490234375 -195.01168823242188 11.399999618530273
v 1921.8177490234375 -195.01168823242188 12.399999618530273
v 1921.8177490234375 -195.01168823242188 13.399999618530273
v 1920.8892822265625 -194.08323669433594 11.399999618530273
v 1920.8892822265625 -194.08323669433594 12.399999618530273
v 1919.9608154296875 -193.15476989746094 10.399999618530273
v 1919.9608154296875 -193.15476989746094 11.399999618530273
v 1919.9608154296875 -193.15476989746094 12.399999618530273
v 1919.9608154296875 -193.15476989746094 13.399999618530273
v 1921.19873046875 -194.39271545410156 13.399999618530273
v 1921.19873046875 -194.39271545410156 10.399999618530273
v 1917.571044921875 -190.76507568359375 10.399999618530273
v 1917.571044921875 -190.76507568359375 13.399999618530273
v 1916.1568603515625 -189.35086059570312 10.399999618530273
v 1916.157470703125 -189.35227966308594 13.399999618530273
v 1917.571044921875 -190.76507568359375 11.899999618530273
v 1917.571044921875 -190.76507568359375 11.149999618530273
v 1917.0997314453125 -190.29367065429688 10.399999618530273
v 1916.156982421875 -189.35121154785156 11.149999618530273
v 1916.1572265625 -189.3515625 11.899999618530273
v 1919.9608154296875 -193.15476989746094 10.399999618530273
v 1919.9608154296875 -193.15476989746094 11.399999618530273
v 1919.9608154296875 -193.15476989746094 12.399999618530273
v 1919.9608154296875 -193.15476989746094 13.399999618530273
v 1919.1641845703125 -192.35820007324219 11.399999618530273
v 1919.1641845703125 -192.35820007324219 12.399999618530273
v 1918.36767578125 -191.56163024902344 11.399999618530273
v 1918.36767578125 -191.56163024902344 12.399999618530273
v 1917.571044921875 -190.76507568359375 10.399999618530273
v 1917.571044921875 -190.76507568359375 13.399999618530273
v 1918.7659912109375 -191.95991516113281 13.399999618530273
v 1919.3634033203125 -192.55734252929688 13.399999618530273
v 1917.571044921875 -190.76507568359375 11.149999618530273
v 1917.571044921875 -190.76507568359375 11.899999618530273
v 1918.9873046875 -192.1812744140625 10.399999618530273
v 1918.5152587890625 -191.70919799804688 10.399999618530273
v 1916.1614990234375 -189.35284423828125 7.4000000953674316
v 1916.1568603515625 -189.35086059570312 10.399999618530273
v 1916.157470703125 -189.35227966308594 13.399999618530273
v 1915.216064453125 -188.4100341796875 7.4000000953674316
v 1915.216064453125 -188.4100341796875 8.3999996185302734
v 1915.216064453125 -188.4100341796875 9.3999996185302734
v 1915.216064453125 -188.4100341796875 10.399999618530273
v 1915.216064453125 -188.4100341796875 11.399999618530273
v 1915.216064453125 -188.4100341796875 12.399999618530273
v 1914.2733154296875 -187.46722412109375 7.4000000953674316
v 1914.2733154296875 -187.46722412109375 8.3999996185302734
v 1914.2733154296875 -187.46722412109375 9.3999996185302734
v 1914.2733154296875 -187.46722412109375 10.399999618530273
v 1914.2733154296875 -187.46722412109375 11.399999618530273
v 1914.2733154296875 -187.46722412109375 12.399999618530273
v 1913.3319091796875 -186.52392578125 7.4000000953674316
v 1913.3304443359375 -186.5244140625 10.399999618530273
v 1913.32958984375 -186.5252685546875 13.399999618530273
v 1913.3302001953125 -186.52462768554688 11.149999618530273
v 1913.330078125 -186.52484130859375 11.899999618530273
v 1916.1572265625 -189.3515625 11.899999618530273
v 1916.156982421875 -189.35121154785156 11.149999618530273
v 1914.7435302734375 -187.93876647949219 13.399999618530273
v 1915.450439453125 -188.64552307128906 13.399999618530273
v 1913.33642578125 -186.52243041992188 8.8999996185302734
v 1916.164794921875 -189.35086059570312 8.8999996185302734
v 1918.98876953125 -192.18275451660156 4.4000000953674316
v 1918.98828125 -192.18226623535156 7.4000000953674316
v 1918.9873046875 -192.1812744140625 10.399999618530273
v 1917.571044921875 -190.76507568359375 4.4000000953674316
v 1917.571044921875 -190.76507568359375 5.4000000953674316
v 1917.571044921875 -190.76507568359375 6.4000000953674316
v 1917.571044921875 -190.76507568359375 9.3999996185302734
v 1917.571044921875 -190.76507568359375 10.399999618530273
v 1918.9892578125 -192.18325805664062 5.9000000953674316
v 1918.98779296875 -192.1817626953125 8.8999996185302734
v 1918.988037109375 -192.18202209472656 8.1499996185302734
v 1918.5162353515625 -191.71018981933594 4.4000000953674316
v 1917.571044921875 -190.76507568359375 7.4000000953674316
v 1917.571044921875 -190.76507568359375 8.3999996185302734
v 1918.5152587890625 -191.70919799804688 10.399999618530273
v 1918.2791748046875 -191.47317504882812 5.4000000953674316
v 1918.2791748046875 -191.47317504882812 6.4000000953674316
v 1918.2791748046875 -191.47317504882812 7.4000000953674316
v 1918.2791748046875 -191.47317504882812 8.3999996185302734
v 1918.2791748046875 -191.47317504882812 9.3999996185302734
v 1917.571044921875 -190.76507568359375 4.4000000953674316
v 1917.571044921875 -190.76507568359375 5.4000000953674316
v 1917.571044921875 -190.76507568359375 6.4000000953674316
v 1917.571044921875 -190.76507568359375 9.3999996185302734
v 1917.571044921875 -190.76507568359375 10.399999618530273
v 1916.1595458984375 -189.35350036621094 4.4000000953674316
v 1916.1614990234375 -189.35284423828125 7.4000000953674316
v 1916.1568603515625 -189.35086059570312 10.399999618530273
v 1916.160888671875 -189.35482788085938 5.9000000953674316
v 1917.0997314453125 -190.29367065429688 10.399999618530273
v 1917.571044921875 -190.76507568359375 8.3999996185302734
v 1917.571044921875 -190.76507568359375 7.4000000953674316
v 1916.164794921875 -189.35086059570312 8.8999996185302734
v 1916.864013671875 -190.05796813964844 5.4000000953674316
v 1916.864013671875 -190.05796813964844 6.4000000953674316
v 1916.864013671875 -190.05796813964844 7.4000000953674316
v 1916.864013671875 -190.05796813964844 8.3999996185302734
v 1916.864013671875 -190.05796813964844 9.3999996185302734
v 1892.459228515625 -227.99322509765625 4.4000000953674316
v 1892.459228515625 -227.99322509765625 5.4000000953674316
v 1892.459228515625 -227.99322509765625 7.4000000953674316
v 1892.970703125 -228.504638671875 4.4000000953674316
v 1893.482177734375 -229.01606750488281 4.4000000953674316
v 1893.482177734375 -229.01606750488281 7.4000000953674316
v 1892.459228515625 -227.99322509765625 6.4000000953674316
v 1893.482177734375 -229.01606750488281 5.9000000953674316
v 1892.970703125 -228.504638671875 6.4000000953674316
v 1895.2877197265625 -225.164794921875 4.4000000953674316
v 1895.2877197265625 -225.164794921875 5.4000000953674316
v 1895.2877197265625 -225.164794921875 7.4000000953674316
v 1894.3848876953125 -224.26199340820312 4.4000000953674316
v 1893.482177734375 -223.35920715332031 4.4000000953674316
v 1893.482177734375 -223.35920715332031 5.4000000953674316
v 1893.482177734375 -223.35920715332031 7.4000000953674316
v 1893.482177734375 -223.35920715332031 6.4000000953674316
v 1894.6859130859375 -224.56292724609375 7.4000000953674316
v 1895.2877197265625 -225.164794921875 6.4000000953674316
v 1894.3848876953125 -224.26199340820312 6.4000000953674316
v 1890.6536865234375 -226.18763732910156 4.4000000953674316
v 1890.6536865234375 -226.18763732910156 5.4000000953674316
v 1890.6536865234375 -226.18763732910156 7.4000000953674316
v 1891.5565185546875 -227.09042358398438 4.4000000953674316
v 1892.459228515625 -227.99322509765625 4.4000000953674316
v 1892.459228515625 -227.99322509765625 5.4000000953674316
v 1892.459228515625 -227.99322509765625 7.4000000953674316
v 1892.459228515625 -227.99322509765625 6.4000000953674316
v 1890.6536865234375 -226.18763732910156 6.4000000953674316
v 1891.255615234375 -226.78948974609375 7.4000000953674316
v 1891.5565185546875 -227.09042358398438 6.4000000953674316
v 1895.883056640625 -232.27203369140625 4.4000000953674316
v 1896.310546875 -231.844482421875 4.4000000953674316
v 1895.3172607421875 -231.70635986328125 4.4000000953674316
v 1895.744873046875 -231.27880859375 4.4000000953674316
v 1894.7515869140625 -231.14067077636719 4.4000000953674316
v 1895.17919921875 -230.71311950683594 4.4000000953674316
v 1894.1859130859375 -230.57498168945312 4.4000000953674316
v 1894.613525390625 -230.14743041992188 4.4000000953674316
v 1894.0478515625 -229.58174133300781 4.4000000953674316
v 1893.0545654296875 -229.44361877441406 4.4000000953674316
v 1893.482177734375 -229.01606750488281 4.4000000953674316
v 1893.0545654296875 -229.44361877441406 4.4000000953674316
v 1893.482177734375 -229.01606750488281 4.4000000953674316
v 1893.0545654296875 -229.44361877441406 5.9000000953674316
v 1893.482177734375 -229.01606750488281 5.9000000953674316
v 1893.0545654296875 -229.44361877441406 5.9000000953674316
v 1893.482177734375 -229.01606750488281 5.9000000953674316
v 1894.46875 -230.85783386230469 7.4000000953674316
v 1894.8963623046875 -230.43026733398438 7.4000000953674316
v 1893.5260009765625 -229.91502380371094 6.4000000953674316
v 1893.9534912109375 -229.48745727539062 6.4000000953674316
v 1894.46875 -230.85783386230469 7.4000000953674316
v 1894.8963623046875 -230.43026733398438 7.4000000953674316
v 1894.940185546875 -231.3292236328125 6.9000000953674316
v 1895.3677978515625 -230.90167236328125 6.9000000953674316
v 1895.883056640625 -232.27203369140625 5.9000000953674316
v 1896.310546875 -231.844482421875 5.9000000953674316
v 1895.883056640625 -232.27203369140625 5.9000000953674316
v 1896.310546875 -231.844482421875 5.9000000953674316
v 1895.883056640625 -232.27203369140625 4.4000000953674316
v 1896.310546875 -231.844482421875 4.4000000953674316
v 1895.883056640625 -232.27203369140625 4.4000000953674316
v 1895.1759033203125 -231.56492614746094 5.4000000953674316
v 1895.1759033203125 -231.56492614746094 6.4000000953674316
v 1894.46875 -230.85783386230469 5.4000000953674316
v 1894.46875 -230.85783386230469 6.4000000953674316
v 1893.76171875 -230.15072631835938 5.4000000953674316
v 1893.76171875 -230.15072631835938 6.4000000953674316
v 1893.0545654296875 -229.44361877441406 4.4000000953674316
v 1895.3172607421875 -231.70635986328125 4.4000000953674316
v 1894.7515869140625 -231.14067077636719 4.4000000953674316
v 1894.1859130859375 -230.57498168945312 4.4000000953674316
v 1893.0545654296875 -229.44361877441406 5.9000000953674316
v 1893.5260009765625 -229.91502380371094 6.4000000953674316
v 1894.46875 -230.85783386230469 7.4000000953674316
v 1894.940185546875 -231.3292236328125 6.9000000953674316
v 1895.883056640625 -232.27203369140625 5.9000000953674316
v 1896.310546875 -231.844482421875 4.4000000953674316
v 1896.310546875 -231.844482421875 7.4000000953674316
v 1897.0177001953125 -231.13737487792969 4.4000000953674316
v 1897.0177001953125 -231.13737487792969 5.4000000953674316
v 1897.0177001953125 -231.13737487792969 6.4000000953674316
v 1897.7247314453125 -230.43026733398438 4.4000000953674316
v 1897.7247314453125 -230.43026733398438 5.4000000953674316
v 1897.7247314453125 -230.43026733398438 6.4000000953674316
v 1898.431884765625 -229.72315979003906 4.4000000953674316
v 1898.431884765625 -229.72315979003906 5.4000000953674316
v 1898.431884765625 -229.72315979003906 6.4000000953674316
v 1899.1390380859375 -229.01606750488281 4.4000000953674316
v 1899.1390380859375 -229.01606750488281 5.4000000953674316
v 1899.1390380859375 -229.01606750488281 7.4000000953674316
v 1896.310546875 -231.844482421875 5.9000000953674316
v 1899.1390380859375 -229.01606750488281 6.4000000953674316
v 1898.007568359375 -230.14743041992188 7.4000000953674316
v 1897.44189453125 -230.71311950683594 7.4000000953674316
v 1896.876220703125 -231.27880859375 7.4000000953674316
v 1899.1390380859375 -229.01606750488281 4.4000000953674316
v 1899.1390380859375 -229.01606750488281 5.4000000953674316
v 1899.1390380859375 -229.01606750488281 7.4000000953674316
v 1898.3687744140625 -228.24580383300781 4.4000000953674316
v 1898.3687744140625 -228.24580383300781 5.4000000953674316
v 1898.3687744140625 -228.24580383300781 6.4000000953674316
v 1897.5985107421875 -227.47555541992188 4.4000000953674316
v 1897.5985107421875 -227.47555541992188 5.4000000953674316
v 1897.5985107421875 -227.47555541992188 6.4000000953674316
v 1896.8282470703125 -226.70530700683594 4.4000000953674316
v 1896.8282470703125 -226.70530700683594 5.4000000953674316
v 1896.8282470703125 -226.70530700683594 6.4000000953674316
v 1896.0579833984375 -225.93504333496094 4.4000000953674316
v 1896.0579833984375 -225.93504333496094 5.4000000953674316
v 1896.0579833984375 -225.93504333496094 6.4000000953674316
v 1895.2877197265625 -225.164794921875 4.4000000953674316
v 1895.2877197265625 -225.164794921875 5.4000000953674316
v 1895.2877197265625 -225.164794921875 7.4000000953674316
v 1895.2877197265625 -225.164794921875 6.4000000953674316
v 1899.1390380859375 -229.01606750488281 6.4000000953674316
v 1896.5714111328125 -226.44854736328125 7.4000000953674316
v 1897.21337890625 -227.09042358398438 7.4000000953674316
v 1897.855224609375 -227.7322998046875 7.4000000953674316
v 1898.4970703125 -228.37417602539062 7.4000000953674316
v 1894.8963623046875 -230.43026733398438 7.4000000953674316
v 1896.310546875 -231.844482421875 5.9000000953674316
v 1896.310546875 -231.844482421875 7.4000000953674316
v 1895.3677978515625 -230.90167236328125 6.9000000953674316
v 1895.3677978515625 -230.90167236328125 7.4000000953674316
v 1893.482177734375 -229.01606750488281 5.9000000953674316
v 1893.482177734375 -229.01606750488281 7.4000000953674316
v 1894.8963623046875 -230.43026733398438 7.4000000953674316
v 1893.9534912109375 -229.48745727539062 6.4000000953674316
v 1892.459228515625 -227.99322509765625 7.4000000953674316
v 1892.459228515625 -227.99322509765625 8.3999996185302734
v 1892.459228515625 -227.99322509765625 9.3999996185302734
v 1892.459228515625 -227.99322509765625 10.399999618530273
v 1893.482177734375 -229.01606750488281 7.4000000953674316
v 1893.482177734375 -229.01606750488281 10.399999618530273
v 1893.482177734375 -229.01606750488281 8.8999996185302734
v 1895.2877197265625 -225.164794921875 7.4000000953674316
v 1895.2877197265625 -225.164794921875 8.3999996185302734
v 1895.2877197265625 -225.164794921875 9.3999996185302734
v 1895.2877197265625 -225.164794921875 10.399999618530273
v 1893.482177734375 -223.35920715332031 7.4000000953674316
v 1893.482177734375 -223.35920715332031 10.399999618530273
v 1894.6859130859375 -224.56292724609375 7.4000000953674316
v 1893.482177734375 -223.35920715332031 8.3999996185302734
v 1893.482177734375 -223.35920715332031 9.3999996185302734
v 1894.6859130859375 -224.56292724609375 10.399999618530273
v 1890.6536865234375 -226.18763732910156 7.4000000953674316
v 1890.6536865234375 -226.18763732910156 10.399999618530273
v 1892.459228515625 -227.99322509765625 7.4000000953674316
v 1892.459228515625 -227.99322509765625 8.3999996185302734
v 1892.459228515625 -227.99322509765625 9.3999996185302734
v 1892.459228515625 -227.99322509765625 10.399999618530273
v 1891.255615234375 -226.78948974609375 7.4000000953674316
v 1890.6536865234375 -226.18763732910156 9.3999996185302734
v 1890.6536865234375 -226.18763732910156 8.3999996185302734
v 1891.255615234375 -226.78948974609375 10.399999618530273
v 1895.883056640625 -232.27203369140625 7.4000000953674316
v 1896.310546875 -231.844482421875 7.4000000953674316
v 1893.0545654296875 -229.44361877441406 7.4000000953674316
v 1893.482177734375 -229.01606750488281 7.4000000953674316
v 1894.8963623046875 -230.43026733398438 7.4000000953674316
v 1895.3677978515625 -230.90167236328125 7.4000000953674316
v 1895.41162109375 -231.80062866210938 7.4000000953674316
v 1894.46875 -230.85783386230469 7.4000000953674316
v 1893.9974365234375 -230.38642883300781 7.4000000953674316
v 1893.0545654296875 -229.44361877441406 7.4000000953674316
v 1893.482177734375 -229.01606750488281 7.4000000953674316
v 1893.0545654296875 -229.44361877441406 8.8999996185302734
v 1893.482177734375 -229.01606750488281 8.8999996185302734
v 1893.0545654296875 -229.44361877441406 8.8999996185302734
v 1893.482177734375 -229.01606750488281 8.8999996185302734
v 1894.46875 -230.85783386230469 10.399999618530273
v 1894.8963623046875 -230.43026733398438 10.399999618530273
v 1893.5260009765625 -229.91502380371094 9.3999996185302734
v 1893.9534912109375 -229.48745727539062 9.3999996185302734
v 1894.46875 -230.85783386230469 10.399999618530273
v 1894.8963623046875 -230.43026733398438 10.399999618530273
v 1894.940185546875 -231.3292236328125 9.8999996185302734
v 1895.3677978515625 -230.90167236328125 9.8999996185302734
v 1895.883056640625 -232.27203369140625 8.8999996185302734
v 1896.310546875 -231.844482421875 8.8999996185302734
v 1895.883056640625 -232.27203369140625 8.8999996185302734
v 1896.310546875 -231.844482421875 8.8999996185302734
v 1895.883056640625 -232.27203369140625 7.4000000953674316
v 1896.310546875 -231.844482421875 7.4000000953674316
v 1895.883056640625 -232.27203369140625 7.4000000953674316
v 1895.1759033203125 -231.56492614746094 8.3999996185302734
v 1895.1759033203125 -231.56492614746094 9.3999996185302734
v 1894.46875 -230.85783386230469 8.3999996185302734
v 1894.46875 -230.85783386230469 9.3999996185302734
v 1893.76171875 -230.15072631835938 8.3999996185302734
v 1893.76171875 -230.15072631835938 9.3999996185302734
v 1893.0545654296875 -229.44361877441406 7.4000000953674316
v 1895.41162109375 -231.80062866210938 7.4000000953674316
v 1894.46875 -230.85783386230469 7.4000000953674316
v 1893.9974365234375 -230.38642883300781 7.4000000953674316
v 1893.0545654296875 -229.44361877441406 8.8999996185302734
v 1893.5260009765625 -229.91502380371094 9.3999996185302734
v 1894.46875 -230.85783386230469 10.399999618530273
v 1894.940185546875 -231.3292236328125 9.8999996185302734
v 1895.883056640625 -232.27203369140625 8.8999996185302734
v 1896.310546875 -231.844482421875 7.4000000953674316
v 1896.310546875 -231.844482421875 10.399999618530273
v 1897.0177001953125 -231.13737487792969 8.3999996185302734
v 1897.0177001953125 -231.13737487792969 9.3999996185302734
v 1897.7247314453125 -230.43026733398438 8.3999996185302734
v 1897.7247314453125 -230.43026733398438 9.3999996185302734
v 1898.431884765625 -229.72315979003906 8.3999996185302734
v 1898.431884765625 -229.72315979003906 9.3999996185302734
v 1899.1390380859375 -229.01606750488281 7.4000000953674316
v 1899.1390380859375 -229.01606750488281 8.3999996185302734
v 1899.1390380859375 -229.01606750488281 9.3999996185302734
v 1899.1390380859375 -229.01606750488281 10.399999618530273
v 1896.876220703125 -231.27880859375 7.4000000953674316
v 1897.44189453125 -230.71311950683594 7.4000000953674316
v 1898.007568359375 -230.14743041992188 7.4000000953674316
v 1896.310546875 -231.844482421875 8.8999996185302734
v 1898.007568359375 -230.14743041992188 10.399999618530273
v 1897.44189453125 -230.71311950683594 10.399999618530273
v 1896.876220703125 -231.27880859375 10.399999618530273
v 1899.1390380859375 -229.01606750488281 7.4000000953674316
v 1899.1390380859375 -229.01606750488281 8.3999996185302734
v 1899.1390380859375 -229.01606750488281 9.3999996185302734
v 1899.1390380859375 -229.01606750488281 10.399999618530273
v 1898.3687744140625 -228.24580383300781 8.3999996185302734
v 1898.3687744140625 -228.24580383300781 9.3999996185302734
v 1897.5985107421875 -227.47555541992188 8.3999996185302734
v 1897.5985107421875 -227.47555541992188 9.3999996185302734
v 1896.8282470703125 -226.70530700683594 8.3999996185302734
v 1896.8282470703125 -226.70530700683594 9.3999996185302734
v 1896.0579833984375 -225.93504333496094 8.3999996185302734
v 1896.0579833984375 -225.93504333496094 9.3999996185302734
v 1895.2877197265625 -225.164794921875 7.4000000953674316
v 1895.2877197265625 -225.164794921875 10.399999618530273
v 1898.4970703125 -228.37417602539062 7.4000000953674316
v 1897.855224609375 -227.7322998046875 7.4000000953674316
v 1897.21337890625 -227.09042358398438 7.4000000953674316
v 1896.5714111328125 -226.44854736328125 7.4000000953674316
v 1895.2877197265625 -225.164794921875 8.3999996185302734
v 1895.2877197265625 -225.164794921875 9.3999996185302734
v 1896.5714111328125 -226.44854736328125 10.399999618530273
v 1897.21337890625 -227.09042358398438 10.399999618530273
v 1897.855224609375 -227.7322998046875 10.399999618530273
v 1898.4970703125 -228.37417602539062 10.399999618530273
v 1894.8963623046875 -230.43026733398438 10.399999618530273
v 1896.310546875 -231.844482421875 8.8999996185302734
v 1896.310546875 -231.844482421875 10.399999618530273
v 1895.3677978515625 -230.90167236328125 9.8999996185302734
v 1893.482177734375 -229.01606750488281 8.8999996185302734
v 1893.482177734375 -229.01606750488281 10.399999618530273
v 1894.8963623046875 -230.43026733398438 10.399999618530273
v 1893.9534912109375 -229.48745727539062 9.3999996185302734
v 1893.9534912109375 -229.48745727539062 10.399999618530273
v 1893.4791259765625 -217.70533752441406 4.4000000953674316
v 1893.4796142578125 -217.70491027832031 7.4000000953674316
v 1892.6739501953125 -218.51046752929688 4.4000000953674316
v 1892.6739501953125 -218.51046752929688 5.4000000953674316
v 1892.6739501953125 -218.51046752929688 6.4000000953674316
v 1891.8658447265625 -219.31858825683594 4.4000000953674316
v 1891.8658447265625 -219.31858825683594 5.4000000953674316
v 1891.8658447265625 -219.31858825683594 6.4000000953674316
v 1891.0577392578125 -220.12672424316406 4.4000000953674316
v 1891.0577392578125 -220.12672424316406 5.4000000953674316
v 1891.0577392578125 -220.12672424316406 6.4000000953674316
v 1890.2496337890625 -220.93484497070312 4.4000000953674316
v 1890.2496337890625 -220.93484497070312 5.4000000953674316
v 1890.2496337890625 -220.93484497070312 6.4000000953674316
v 1889.4415283203125 -221.74296569824219 4.4000000953674316
v 1889.4415283203125 -221.74296569824219 5.4000000953674316
v 1889.4415283203125 -221.74296569824219 6.4000000953674316
v 1888.6334228515625 -222.55108642578125 4.4000000953674316
v 1888.6334228515625 -222.55108642578125 5.4000000953674316
v 1888.6334228515625 -222.55108642578125 6.4000000953674316
v 1887.8253173828125 -223.35920715332031 4.4000000953674316
v 1887.8253173828125 -223.35920715332031 5.4000000953674316
v 1887.8253173828125 -223.35920715332031 7.4000000953674316
v 1893.4793701171875 -217.70512390136719 5.9000000953674316
v 1893.479248046875 -217.70523071289062 5.1500000953674316
v 1887.8253173828125 -223.35920715332031 6.4000000953674316
v 1889.7635498046875 -221.42095947265625 7.4000000953674316
v 1890.9854736328125 -220.198974609375 7.4000000953674316
v 1891.5965576171875 -219.58796691894531 7.4000000953674316
v 1892.8519287109375 -218.33259582519531 7.4000000953674316
v 1889.117431640625 -222.06704711914062 7.4000000953674316
v 1887.8253173828125 -223.35920715332031 4.4000000953674316
v 1887.8253173828125 -223.35920715332031 5.4000000953674316
v 1887.8253173828125 -223.35920715332031 7.4000000953674316
v 1888.5323486328125 -224.06631469726562 4.4000000953674316
v 1888.5323486328125 -224.06631469726562 5.4000000953674316
v 1888.5323486328125 -224.06631469726562 6.4000000953674316
v 1889.239501953125 -224.77342224121094 4.4000000953674316
v 1889.239501953125 -224.77342224121094 5.4000000953674316
v 1889.239501953125 -224.77342224121094 6.4000000953674316
v 1889.946533203125 -225.48052978515625 4.4000000953674316
v 1889.946533203125 -225.48052978515625 5.4000000953674316
v 1889.946533203125 -225.48052978515625 6.4000000953674316
v 1890.6536865234375 -226.18763732910156 4.4000000953674316
v 1890.6536865234375 -226.18763732910156 5.4000000953674316
v 1890.6536865234375 -226.18763732910156 7.4000000953674316
v 1890.6536865234375 -226.18763732910156 6.4000000953674316
v 1887.8253173828125 -223.35920715332031 6.4000000953674316
v 1889.5223388671875 -225.05625915527344 7.4000000953674316
v 1888.9566650390625 -224.49057006835938 7.4000000953674316
v 1888.3909912109375 -223.92489624023438 7.4000000953674316
v 1897.7247314453125 -216.28813171386719 4.4000000953674316
v 1897.7247314453125 -216.28813171386719 5.4000000953674316
v 1897.7247314453125 -216.28813171386719 7.4000000953674316
v 1897.0177001953125 -215.58102416992188 4.4000000953674316
v 1896.30859375 -214.87591552734375 4.4000000953674316
v 1896.30859375 -214.87591552734375 5.4000000953674316
v 1896.30859375 -214.87591552734375 7.4000000953674316
v 1897.7247314453125 -216.28813171386719 6.4000000953674316
v 1896.30859375 -214.87591552734375 6.4000000953674316
v 1897.252685546875 -215.81739807128906 7.4000000953674316
v 1897.0177001953125 -215.58102416992188 6.4000000953674316
v 1899.1390380859375 -217.70234680175781 4.4000000953674316
v 1899.1390380859375 -217.70234680175781 5.4000000953674316
v 1899.1390380859375 -217.70234680175781 6.4000000953674316
v 1899.1390380859375 -217.70234680175781 7.4000000953674316
v 1898.431884765625 -216.9952392578125 4.4000000953674316
v 1897.7247314453125 -216.28813171386719 4.4000000953674316
v 1897.7247314453125 -216.28813171386719 5.4000000953674316
v 1897.7247314453125 -216.28813171386719 7.4000000953674316
v 1897.7247314453125 -216.28813171386719 6.4000000953674316
v 1898.6676025390625 -217.23094177246094 7.4000000953674316
v 1898.431884765625 -216.9952392578125 6.4000000953674316
v 1897.7247314453125 -216.28813171386719 7.4000000953674316
v 1897.7247314453125 -216.28813171386719 8.3999996185302734
v 1897.7247314453125 -216.28813171386719 9.3999996185302734
v 1897.7247314453125 -216.28813171386719 10.399999618530273
v 1896.30859375 -214.87591552734375 7.4000000953674316
v 1896.3076171875 -214.87492370605469 10.399999618530273
v 1897.252685546875 -215.81739807128906 7.4000000953674316
v 1896.308349609375 -214.87567138671875 8.1499996185302734
v 1896.30810546875 -214.87541198730469 8.8999996185302734
v 1897.2523193359375 -215.81706237792969 10.399999618530273
v 1899.1390380859375 -217.70234680175781 7.4000000953674316
v 1899.136962890625 -217.70234680175781 10.399999618530273
v 1897.7247314453125 -216.28813171386719 7.4000000953674316
v 1897.7247314453125 -216.28813171386719 8.3999996185302734
v 1897.7247314453125 -216.28813171386719 9.3999996185302734
v 1897.7247314453125 -216.28813171386719 10.399999618530273
v 1898.6676025390625 -217.23094177246094 7.4000000953674316
v 1899.137939453125 -217.70234680175781 8.8999996185302734
v 1899.138427734375 -217.70234680175781 8.1499996185302734
v 1898.431884765625 -216.9952392578125 8.3999996185302734
v 1898.431884765625 -216.9952392578125 9.3999996185302734
v 1891.5965576171875 -219.58796691894531 7.4000000953674316
v 1891.5965576171875 -219.58796691894531 9.3999996185302734
v 1891.5965576171875 -219.58796691894531 10.399999618530273
v 1889.7635498046875 -221.42095947265625 7.4000000953674316
v 1889.7635498046875 -221.42095947265625 10.399999618530273
v 1891.5965576171875 -219.58796691894531 8.3999996185302734
v 1890.9854736328125 -220.198974609375 7.4000000953674316
v 1889.7635498046875 -221.42095947265625 8.3999996185302734
v 1889.7635498046875 -221.42095947265625 9.3999996185302734
v 1890.9854736328125 -220.198974609375 10.399999618530273
v 1893.4796142578125 -217.70491027832031 7.4000000953674316
v 1893.4798583984375 -217.70333862304688 10.399999618530273
v 1891.5965576171875 -219.58796691894531 7.4000000953674316
v 1891.5965576171875 -219.58796691894531 9.3999996185302734
v 1891.5965576171875 -219.58796691894531 10.399999618530273
v 1891.5965576171875 -219.58796691894531 8.3999996185302734
v 1893.479736328125 -217.70413208007812 8.8999996185302734
v 1893.4796142578125 -217.70451354980469 8.1499996185302734
v 1892.8519287109375 -218.33259582519531 7.4000000953674316
v 1892.85205078125 -218.33155822753906 10.399999618530273
v 1889.7635498046875 -221.42095947265625 7.4000000953674316
v 1889.7635498046875 -221.42095947265625 10.399999618530273
v 1887.8253173828125 -223.35920715332031 7.4000000953674316
v 1887.8253173828125 -223.35920715332031 8.3999996185302734
v 1887.8253173828125 -223.35920715332031 9.3999996185302734
v 1887.8253173828125 -223.35920715332031 10.399999618530273
v 1889.7635498046875 -221.42095947265625 9.3999996185302734
v 1889.7635498046875 -221.42095947265625 8.3999996185302734
v 1889.117431640625 -222.06704711914062 7.4000000953674316
v 1889.117431640625 -222.06704711914062 10.399999618530273
v 1887.8253173828125 -223.35920715332031 7.4000000953674316
v 1887.8253173828125 -223.35920715332031 8.3999996185302734
v 1887.8253173828125 -223.35920715332031 9.3999996185302734
v 1887.8253173828125 -223.35920715332031 10.399999618530273
v 1888.76806640625 -224.30201721191406 8.3999996185302734
v 1888.76806640625 -224.30201721191406 9.3999996185302734
v 1889.7109375 -225.24482727050781 8.3999996185302734
v 1889.7109375 -225.24482727050781 9.3999996185302734
v 1890.6536865234375 -226.18763732910156 7.4000000953674316
v 1890.6536865234375 -226.18763732910156 8.3999996185302734
v 1890.6536865234375 -226.18763732910156 10.399999618530273
v 1890.6536865234375 -226.18763732910156 9.3999996185302734
v 1888.3909912109375 -223.92489624023438 7.4000000953674316
v 1888.9566650390625 -224.49057006835938 7.4000000953674316
v 1889.5223388671875 -225.05625915527344 7.4000000953674316
v 1889.239501953125 -224.77342224121094 10.399999618530273
v 1888.5323486328125 -224.06631469726562 10.399999618530273
v 1896.30859375 -214.87591552734375 7.4000000953674316
v 1896.3076171875 -214.87492370605469 10.399999618530273
v 1897.01416015625 -214.17030334472656 8.3999996185302734
v 1897.01416015625 -214.17030334472656 9.3999996185302734
v 1897.7218017578125 -213.46269226074219 8.3999996185302734
v 1897.7218017578125 -213.46269226074219 9.3999996185302734
v 1898.429443359375 -212.75509643554688 8.3999996185302734
v 1898.429443359375 -212.75509643554688 9.3999996185302734
v 1899.136962890625 -212.0474853515625 7.4000000953674316
v 1899.135986328125 -212.04649353027344 10.399999618530273
v 1896.30810546875 -214.87541198730469 8.8999996185302734
v 1896.308349609375 -214.87567138671875 8.1499996185302734
v 1896.874267578125 -214.31022644042969 7.4000000953674316
v 1897.43994140625 -213.74453735351562 7.4000000953674316
v 1898.005615234375 -213.17886352539062 7.4000000953674316
v 1899.13671875 -212.0472412109375 8.1499996185302734
v 1899.136474609375 -212.04698181152344 8.8999996185302734
v 1898.004638671875 -213.1778564453125 10.399999618530273
v 1897.43896484375 -213.74354553222656 10.399999618530273
v 1896.873291015625 -214.30923461914062 10.399999618530273
v 1899.136962890625 -212.0474853515625 7.4000000953674316
v 1899.135986328125 -212.04649353027344 10.399999618530273
v 1898.1832275390625 -211.09371948242188 7.4000000953674316
v 1898.1822509765625 -211.09271240234375 10.399999618530273
v 1899.136474609375 -212.04698181152344 8.8999996185302734
v 1899.13671875 -212.0472412109375 8.1499996185302734
v 1898.1829833984375 -211.09346008300781 8.1499996185302734
v 1898.1827392578125 -211.09321594238281 8.8999996185302734
v 1898.1832275390625 -211.09371948242188 7.4000000953674316
v 1898.1822509765625 -211.09271240234375 10.399999618530273
v 1896.3055419921875 -209.21806335449219 7.4000000953674316
v 1896.3055419921875 -209.21806335449219 8.3999996185302734
v 1896.3055419921875 -209.21806335449219 9.3999996185302734
v 1896.3055419921875 -209.21806335449219 10.399999618530273
v 1898.1827392578125 -211.09321594238281 8.8999996185302734
v 1898.1829833984375 -211.09346008300781 8.1499996185302734
v 1897.557373046875 -210.46849060058594 7.4000000953674316
v 1897.556640625 -210.46783447265625 10.399999618530273
v 1899.136962890625 -212.0474853515625 4.4000000953674316
v 1899.136962890625 -212.0474853515625 5.4000000953674316
v 1899.136962890625 -212.0474853515625 7.4000000953674316
v 1898.1832275390625 -211.09371948242188 4.4000000953674316
v 1898.1832275390625 -211.09371948242188 5.4000000953674316
v 1898.1832275390625 -211.09371948242188 7.4000000953674316
v 1899.136962890625 -212.0474853515625 6.4000000953674316
v 1898.1832275390625 -211.09371948242188 6.4000000953674316
v 1893.4761962890625 -212.0474853515625 4.4000000953674316
v 1893.4761962890625 -212.0474853515625 5.4000000953674316
v 1893.4761962890625 -212.0474853515625 6.4000000953674316
v 1893.4761962890625 -212.0474853515625 7.4000000953674316
v 1892.7685546875 -212.75509643554688 4.4000000953674316
v 1892.7685546875 -212.75509643554688 5.4000000953674316
v 1892.7685546875 -212.75509643554688 6.4000000953674316
v 1892.0609130859375 -213.46269226074219 4.4000000953674316
v 1892.0609130859375 -213.46269226074219 5.4000000953674316
v 1892.0609130859375 -213.46269226074219 6.4000000953674316
v 1891.3533935546875 -214.17030334472656 4.4000000953674316
v 1891.3533935546875 -214.17030334472656 5.4000000953674316
v 1891.3533935546875 -214.17030334472656 6.4000000953674316
v 1890.645751953125 -214.87789916992188 4.4000000953674316
v 1890.645751953125 -214.87789916992188 5.4000000953674316
v 1890.645751953125 -214.87789916992188 7.4000000953674316
v 1890.645751953125 -214.87789916992188 6.4000000953674316
v 1893.048583984375 -212.47503662109375 7.4000000953674316
v 1891.84716796875 -213.67646789550781 7.4000000953674316
v 1892.4478759765625 -213.07575988769531 7.4000000953674316
v 1898.1832275390625 -211.09371948242188 4.4000000953674316
v 1898.1832275390625 -211.09371948242188 5.4000000953674316
v 1898.1832275390625 -211.09371948242188 7.4000000953674316
v 1897.244873046875 -210.1553955078125 4.4000000953674316
v 1896.3055419921875 -209.21806335449219 4.4000000953674316
v 1896.3055419921875 -209.21806335449219 5.4000000953674316
v 1896.3055419921875 -209.21806335449219 6.4000000953674316
v 1896.3055419921875 -209.21806335449219 7.4000000953674316
v 1897.557373046875 -210.46849060058594 7.4000000953674316
v 1898.1832275390625 -211.09371948242188 6.4000000953674316
v 1897.244873046875 -210.1553955078125 6.4000000953674316
v 1896.3055419921875 -209.21806335449219 4.4000000953674316
v 1896.3055419921875 -209.21806335449219 5.4000000953674316
v 1896.3055419921875 -209.21806335449219 6.4000000953674316
v 1896.3055419921875 -209.21806335449219 7.4000000953674316
v 1895.36181640625 -208.2762451171875 4.4000000953674316
v 1895.36181640625 -208.2762451171875 5.4000000953674316
v 1895.36181640625 -208.2762451171875 6.4000000953674316
v 1894.4189453125 -207.33343505859375 4.4000000953674316
v 1894.4189453125 -207.33343505859375 5.4000000953674316
v 1894.4189453125 -207.33343505859375 6.4000000953674316
v 1893.4761962890625 -206.390625 4.4000000953674316
v 1893.4761962890625 -206.390625 5.4000000953674316
v 1893.4761962890625 -206.390625 7.4000000953674316
v 1893.4761962890625 -206.390625 6.4000000953674316
v 1894.7818603515625 -207.69631958007812 7.4000000953674316
v 1895.7977294921875 -208.7108154296875 7.4000000953674316
v 1890.647705078125 -209.21905517578125 4.4000000953674316
v 1890.647705078125 -209.21905517578125 5.4000000953674316
v 1890.647705078125 -209.21905517578125 6.4000000953674316
v 1890.647705078125 -209.21905517578125 7.4000000953674316
v 1891.3548583984375 -209.92616271972656 4.4000000953674316
v 1891.3548583984375 -209.92616271972656 5.4000000953674316
v 1891.3548583984375 -209.92616271972656 6.4000000953674316
v 1891.3548583984375 -209.92616271972656 7.4000000953674316
v 1892.0618896484375 -210.63327026367188 4.4000000953674316
v 1892.0618896484375 -210.63327026367188 5.4000000953674316
v 1892.0618896484375 -210.63327026367188 6.4000000953674316
v 1892.0618896484375 -210.63327026367188 7.4000000953674316
v 1892.76904296875 -211.34037780761719 4.4000000953674316
v 1892.76904296875 -211.34037780761719 5.4000000953674316
v 1892.76904296875 -211.34037780761719 6.4000000953674316
v 1893.4761962890625 -212.0474853515625 4.4000000953674316
v 1893.4761962890625 -212.0474853515625 5.4000000953674316
v 1893.4761962890625 -212.0474853515625 7.4000000953674316
v 1893.4761962890625 -212.0474853515625 6.4000000953674316
v 1887.8193359375 -206.390625 4.4000000953674316
v 1887.8193359375 -206.390625 5.4000000953674316
v 1887.8193359375 -206.390625 6.4000000953674316
v 1887.8193359375 -206.390625 7.4000000953674316
v 1888.7620849609375 -207.33343505859375 4.4000000953674316
v 1888.7620849609375 -207.33343505859375 5.4000000953674316
v 1888.7620849609375 -207.33343505859375 6.4000000953674316
v 1889.7049560546875 -208.2762451171875 4.4000000953674316
v 1889.7049560546875 -208.2762451171875 5.4000000953674316
v 1889.7049560546875 -208.2762451171875 6.4000000953674316
v 1890.647705078125 -209.21905517578125 4.4000000953674316
v 1890.647705078125 -209.21905517578125 5.4000000953674316
v 1890.647705078125 -209.21905517578125 6.4000000953674316
v 1890.647705078125 -209.21905517578125 7.4000000953674316
v 1889.516357421875 -208.08769226074219 7.4000000953674316
v 1888.95068359375 -207.52200317382812 7.4000000953674316
v 1888.385009765625 -206.95631408691406 7.4000000953674316
v 1890.22021484375 -209.6466064453125 7.4000000953674316
v 1890.647705078125 -209.21905517578125 7.4000000953674316
v 1890.22021484375 -209.6466064453125 8.1499996185302734
v 1890.647705078125 -209.21905517578125 8.1499996185302734
v 1890.22021484375 -209.6466064453125 8.8999996185302734
v 1890.647705078125 -209.21905517578125 8.8999996185302734
v 1890.22021484375 -209.6466064453125 8.8999996185302734
v 1890.647705078125 -209.21905517578125 8.8999996185302734
v 1889.748779296875 -209.17520141601562 9.3999996185302734
v 1890.1763916015625 -208.74765014648438 9.3999996185302734
v 1888.8060302734375 -208.23239135742188 10.399999618530273
v 1889.2335205078125 -207.80484008789062 10.399999618530273
v 1888.8060302734375 -208.23239135742188 10.399999618530273
v 1889.2335205078125 -207.80484008789062 10.399999618530273
v 1888.3345947265625 -207.760986328125 9.8999996185302734
v 1888.7620849609375 -207.33343505859375 9.8999996185302734
v 1887.3917236328125 -206.81819152832031 8.8999996185302734
v 1887.8193359375 -206.390625 8.8999996185302734
v 1887.3917236328125 -206.81819152832031 8.8999996185302734
v 1887.8193359375 -206.390625 8.8999996185302734
v 1887.3917236328125 -206.81819152832031 7.4000000953674316
v 1887.8193359375 -206.390625 7.4000000953674316
v 1887.3917236328125 -206.81819152832031 7.4000000953674316
v 1888.3345947265625 -207.760986328125 8.3999996185302734
v 1888.3345947265625 -207.760986328125 9.3999996185302734
v 1889.27734375 -208.70379638671875 8.3999996185302734
v 1889.27734375 -208.70379638671875 9.3999996185302734
v 1890.22021484375 -209.6466064453125 8.8999996185302734
v 1889.748779296875 -209.17520141601562 9.3999996185302734
v 1888.8060302734375 -208.23239135742188 10.399999618530273
v 1888.3345947265625 -207.760986328125 9.8999996185302734
v 1887.3917236328125 -206.81819152832031 8.8999996185302734
v 1887.9573974609375 -207.38386535644531 7.4000000953674316
v 1888.5230712890625 -207.94955444335938 7.4000000953674316
v 1889.0888671875 -208.51524353027344 7.4000000953674316
v 1890.22021484375 -209.6466064453125 7.4000000953674316
v 1889.2335205078125 -207.80484008789062 10.399999618530273
v 1887.8193359375 -206.390625 8.8999996185302734
v 1887.8193359375 -206.390625 10.399999618530273
v 1888.7620849609375 -207.33343505859375 9.8999996185302734
v 1888.7620849609375 -207.33343505859375 10.399999618530273
v 1890.647705078125 -209.21905517578125 8.8999996185302734
v 1890.647705078125 -209.21905517578125 10.399999618530273
v 1889.2335205078125 -207.80484008789062 10.399999618530273
v 1890.1763916015625 -208.74765014648438 9.3999996185302734
v 1890.647705078125 -209.21905517578125 9.6499996185302734
v 1890.1763916015625 -208.74765014648438 10.399999618530273
v 1896.3045654296875 -203.56221008300781 4.4000000953674316
v 1896.3045654296875 -203.56221008300781 5.4000000953674316
v 1896.3045654296875 -203.56221008300781 7.4000000953674316
v 1897.242919921875 -202.62388610839844 4.4000000953674316
v 1898.1812744140625 -201.68556213378906 4.4000000953674316
v 1898.1812744140625 -201.68556213378906 5.4000000953674316
v 1898.1812744140625 -201.68556213378906 6.4000000953674316
v 1898.1812744140625 -201.68556213378906 7.4000000953674316
v 1896.3045654296875 -203.56221008300781 6.4000000953674316
v 1896.93017578125 -202.93666076660156 7.4000000953674316
v 1897.242919921875 -202.62388610839844 6.4000000953674316
v 1898.1812744140625 -201.68556213378906 4.4000000953674316
v 1898.1812744140625 -201.68556213378906 5.4000000953674316
v 1898.1812744140625 -201.68556213378906 6.4000000953674316
v 1898.1812744140625 -201.68556213378906 7.4000000953674316
v 1899.135009765625 -200.73179626464844 4.4000000953674316
v 1899.135009765625 -200.73179626464844 5.4000000953674316
v 1899.135009765625 -200.73179626464844 7.4000000953674316
v 1899.135009765625 -200.73179626464844 6.4000000953674316
v 1899.135009765625 -200.73179626464844 4.4000000953674316
v 1899.135009765625 -200.73179626464844 5.4000000953674316
v 1899.135009765625 -200.73179626464844 7.4000000953674316
v 1898.4273681640625 -200.02418518066406 4.4000000953674316
v 1898.4273681640625 -200.02418518066406 5.4000000953674316
v 1898.4273681640625 -200.02418518066406 6.4000000953674316
v 1897.7198486328125 -199.31657409667969 4.4000000953674316
v 1897.7198486328125 -199.31657409667969 5.4000000953674316
v 1897.7198486328125 -199.31657409667969 6.4000000953674316
v 1897.01220703125 -198.60897827148438 4.4000000953674316
v 1897.01220703125 -198.60897827148438 5.4000000953674316
v 1897.01220703125 -198.60897827148438 6.4000000953674316
v 1896.3045654296875 -197.9013671875 4.4000000953674316
v 1896.3045654296875 -197.9013671875 5.4000000953674316
v 1896.3045654296875 -197.9013671875 6.4000000953674316
v 1895.5970458984375 -197.19377136230469 4.4000000953674316
v 1895.5970458984375 -197.19377136230469 5.4000000953674316
v 1895.5970458984375 -197.19377136230469 6.4000000953674316
v 1894.889404296875 -196.48616027832031 4.4000000953674316
v 1894.889404296875 -196.48616027832031 5.4000000953674316
v 1894.889404296875 -196.48616027832031 6.4000000953674316
v 1894.1817626953125 -195.778564453125 4.4000000953674316
v 1894.1817626953125 -195.778564453125 5.4000000953674316
v 1894.1817626953125 -195.778564453125 6.4000000953674316
v 1893.47412109375 -195.07095336914062 4.4000000953674316
v 1893.47412109375 -195.07095336914062 5.4000000953674316
v 1893.47412109375 -195.07095336914062 7.4000000953674316
v 1899.135009765625 -200.73179626464844 6.4000000953674316
v 1893.47412109375 -195.07095336914062 6.4000000953674316
v 1896.3045654296875 -197.9013671875 7.4000000953674316
v 1897.436767578125 -199.03353881835938 7.4000000953674316
v 1898.0028076171875 -199.59962463378906 7.4000000953674316
v 1898.5689697265625 -200.16571044921875 7.4000000953674316
v 1894.6063232421875 -196.203125 7.4000000953674316
v 1895.17236328125 -196.76921081542969 7.4000000953674316
v 1895.738525390625 -197.33529663085938 7.4000000953674316
v 1893.47412109375 -195.07095336914062 4.4000000953674316
v 1893.47412109375 -195.07095336914062 5.4000000953674316
v 1893.47412109375 -195.07095336914062 7.4000000953674316
v 1892.7666015625 -195.778564453125 5.4000000953674316
v 1892.7666015625 -195.778564453125 6.4000000953674316
v 1892.0589599609375 -196.48616027832031 5.4000000953674316
v 1892.0589599609375 -196.48616027832031 6.4000000953674316
v 1891.351318359375 -197.19377136230469 5.4000000953674316
v 1891.351318359375 -197.19377136230469 6.4000000953674316
v 1890.643798828125 -197.9013671875 4.4000000953674316
v 1890.643798828125 -197.9013671875 5.4000000953674316
v 1890.643798828125 -197.9013671875 6.4000000953674316
v 1890.643798828125 -197.9013671875 7.4000000953674316
v 1893.47412109375 -195.07095336914062 6.4000000953674316
v 1892.9080810546875 -195.63703918457031 4.4000000953674316
v 1892.342041015625 -196.203125 4.4000000953674316
v 1891.77587890625 -196.76921081542969 4.4000000953674316
v 1891.2098388671875 -197.33529663085938 7.4000000953674316
v 1891.77587890625 -196.76921081542969 7.4000000953674316
v 1892.342041015625 -196.203125 7.4000000953674316
v 1896.3045654296875 -203.56221008300781 7.4000000953674316
v 1896.3045654296875 -203.56221008300781 8.3999996185302734
v 1896.3045654296875 -203.56221008300781 9.3999996185302734
v 1896.3045654296875 -203.56221008300781 10.399999618530273
v 1898.1812744140625 -201.68556213378906 7.4000000953674316
v 1898.1812744140625 -201.68556213378906 8.3999996185302734
v 1898.1812744140625 -201.68556213378906 10.399999618530273
v 1896.93017578125 -202.93666076660156 7.4000000953674316
v 1898.1812744140625 -201.68556213378906 9.3999996185302734
v 1896.93017578125 -202.93666076660156 10.399999618530273
v 1898.1812744140625 -201.68556213378906 7.4000000953674316
v 1898.1812744140625 -201.68556213378906 8.3999996185302734
v 1898.1812744140625 -201.68556213378906 10.399999618530273
v 1899.135009765625 -200.73179626464844 7.4000000953674316
v 1899.135009765625 -200.73179626464844 8.3999996185302734
v 1899.135009765625 -200.73179626464844 9.3999996185302734
v 1899.135009765625 -200.73179626464844 10.399999618530273
v 1898.1812744140625 -201.68556213378906 9.3999996185302734
v 1899.135009765625 -200.73179626464844 7.4000000953674316
v 1899.135009765625 -200.73179626464844 8.3999996185302734
v 1899.135009765625 -200.73179626464844 9.3999996185302734
v 1899.135009765625 -200.73179626464844 10.399999618530273
v 1898.4273681640625 -200.02418518066406 8.3999996185302734
v 1898.4273681640625 -200.02418518066406 9.3999996185302734
v 1897.7198486328125 -199.31657409667969 8.3999996185302734
v 1897.7198486328125 -199.31657409667969 9.3999996185302734
v 1897.01220703125 -198.60897827148438 8.3999996185302734
v 1897.01220703125 -198.60897827148438 9.3999996185302734
v 1896.3045654296875 -197.9013671875 7.4000000953674316
v 1896.3045654296875 -197.9013671875 10.399999618530273
v 1896.3045654296875 -197.9013671875 8.3999996185302734
v 1896.3045654296875 -197.9013671875 9.3999996185302734
v 1898.5689697265625 -200.16571044921875 7.4000000953674316
v 1898.0028076171875 -199.59962463378906 7.4000000953674316
v 1897.436767578125 -199.03353881835938 7.4000000953674316
v 1897.436767578125 -199.03353881835938 10.399999618530273
v 1898.0028076171875 -199.59962463378906 10.399999618530273
v 1898.5689697265625 -200.16571044921875 10.399999618530273
v 1896.3045654296875 -197.9013671875 7.4000000953674316
v 1896.3045654296875 -197.9013671875 10.399999618530273
v 1895.5970458984375 -197.19377136230469 8.3999996185302734
v 1895.5970458984375 -197.19377136230469 9.3999996185302734
v 1894.889404296875 -196.48616027832031 8.3999996185302734
v 1894.889404296875 -196.48616027832031 9.3999996185302734
v 1894.1817626953125 -195.778564453125 8.3999996185302734
v 1894.1817626953125 -195.778564453125 9.3999996185302734
v 1893.47412109375 -195.07095336914062 7.4000000953674316
v 1893.47412109375 -195.07095336914062 8.3999996185302734
v 1893.47412109375 -195.07095336914062 9.3999996185302734
v 1893.47412109375 -195.07095336914062 10.399999618530273
v 1896.3045654296875 -197.9013671875 9.3999996185302734
v 1896.3045654296875 -197.9013671875 8.3999996185302734
v 1895.738525390625 -197.33529663085938 7.4000000953674316
v 1895.17236328125 -196.76921081542969 7.4000000953674316
v 1894.6063232421875 -196.203125 7.4000000953674316
v 1894.6063232421875 -196.203125 10.399999618530273
v 1895.17236328125 -196.76921081542969 10.399999618530273
v 1895.738525390625 -197.33529663085938 10.399999618530273
v 1893.47412109375 -195.07095336914062 7.4000000953674316
v 1893.47412109375 -195.07095336914062 8.3999996185302734
v 1893.47412109375 -195.07095336914062 9.3999996185302734
v 1893.47412109375 -195.07095336914062 10.399999618530273
v 1892.7666015625 -195.778564453125 8.3999996185302734
v 1892.7666015625 -195.778564453125 9.3999996185302734
v 1892.0589599609375 -196.48616027832031 8.3999996185302734
v 1892.0589599609375 -196.48616027832031 9.3999996185302734
v 1891.351318359375 -197.19377136230469 8.3999996185302734
v 1891.351318359375 -197.19377136230469 9.3999996185302734
v 1890.643798828125 -197.9013671875 7.4000000953674316
v 1890.643798828125 -197.9013671875 8.3999996185302734
v 1890.643798828125 -197.9013671875 10.399999618530273
v 1892.342041015625 -196.203125 7.4000000953674316
v 1891.77587890625 -196.76921081542969 7.4000000953674316
v 1891.2098388671875 -197.33529663085938 7.4000000953674316
v 1892.58203125 -195.963134765625 10.399999618530273
v 1891.9359130859375 -196.60920715332031 10.399999618530273
v 1890.643798828125 -197.9013671875 9.3999996185302734
v 1891.5865478515625 -191.2977294921875 4.4000000953674316
v 1891.5865478515625 -191.2977294921875 5.4000000953674316
v 1891.5865478515625 -191.2977294921875 7.4000000953674316
v 1890.8319091796875 -192.05238342285156 4.4000000953674316
v 1890.8319091796875 -192.05238342285156 5.4000000953674316
v 1890.8319091796875 -192.05238342285156 6.4000000953674316
v 1890.0772705078125 -192.80702209472656 4.4000000953674316
v 1890.0772705078125 -192.80702209472656 5.4000000953674316
v 1890.0772705078125 -192.80702209472656 6.4000000953674316
v 1889.3226318359375 -193.56167602539062 4.4000000953674316
v 1889.3226318359375 -193.56167602539062 5.4000000953674316
v 1889.3226318359375 -193.56167602539062 6.4000000953674316
v 1888.5679931640625 -194.31631469726562 4.4000000953674316
v 1888.5679931640625 -194.31631469726562 5.4000000953674316
v 1888.5679931640625 -194.31631469726562 6.4000000953674316
v 1887.8133544921875 -195.07095336914062 4.4000000953674316
v 1887.8143310546875 -195.07194519042969 7.4000000953674316
v 1891.5865478515625 -191.2977294921875 6.4000000953674316
v 1887.8135986328125 -195.07121276855469 5.1500000953674316
v 1887.8138427734375 -195.07145690917969 5.9000000953674316
v 1889.07177734375 -193.81387329101562 7.4000000953674316
v 1889.700439453125 -193.18484497070312 7.4000000953674316
v 1890.3291015625 -192.55580139160156 7.4000000953674316
v 1890.9578857421875 -191.92677307128906 7.4000000953674316
v 1887.8133544921875 -195.07095336914062 4.4000000953674316
v 1887.8143310546875 -195.07194519042969 7.4000000953674316
v 1888.52099609375 -195.778564453125 4.4000000953674316
v 1888.52099609375 -195.778564453125 5.4000000953674316
v 1888.52099609375 -195.778564453125 6.4000000953674316
v 1889.228515625 -196.48616027832031 4.4000000953674316
v 1889.228515625 -196.48616027832031 5.4000000953674316
v 1889.228515625 -196.48616027832031 6.4000000953674316
v 1889.9361572265625 -197.19377136230469 4.4000000953674316
v 1889.9361572265625 -197.19377136230469 5.4000000953674316
v 1889.9361572265625 -197.19377136230469 6.4000000953674316
v 1890.643798828125 -197.9013671875 4.4000000953674316
v 1890.643798828125 -197.9013671875 5.4000000953674316
v 1890.643798828125 -197.9013671875 7.4000000953674316
v 1887.8138427734375 -195.07145690917969 5.9000000953674316
v 1887.8135986328125 -195.07121276855469 5.1500000953674316
v 1889.511962890625 -196.76960754394531 7.4000000953674316
v 1888.9461669921875 -196.20372009277344 7.4000000953674316
v 1888.3802490234375 -195.63783264160156 7.4000000953674316
v 1890.643798828125 -197.9013671875 6.4000000953674316
v 1890.643798828125 -197.9013671875 4.4000000953674316
v 1890.643798828125 -197.9013671875 5.4000000953674316
v 1890.643798828125 -197.9013671875 7.4000000953674316
v 1891.3695068359375 -197.17567443847656 5.4000000953674316
v 1891.3695068359375 -197.17567443847656 6.4000000953674316
v 1892.0950927734375 -196.44998168945312 5.4000000953674316
v 1892.0950927734375 -196.44998168945312 6.4000000953674316
v 1892.82080078125 -195.72428894042969 5.4000000953674316
v 1892.82080078125 -195.72428894042969 6.4000000953674316
v 1893.5465087890625 -194.99858093261719 5.4000000953674316
v 1893.5465087890625 -194.99858093261719 6.4000000953674316
v 1894.272216796875 -194.27288818359375 4.4000000953674316
v 1894.272216796875 -194.27288818359375 5.4000000953674316
v 1894.272216796875 -194.27288818359375 6.4000000953674316
v 1894.9979248046875 -193.54719543457031 4.4000000953674316
v 1894.9979248046875 -193.54719543457031 5.4000000953674316
v 1894.9979248046875 -193.54719543457031 6.4000000953674316
v 1895.7236328125 -192.82150268554688 4.4000000953674316
v 1895.7236328125 -192.82150268554688 5.4000000953674316
v 1895.7236328125 -192.82150268554688 6.4000000953674316
v 1896.4493408203125 -192.09579467773438 4.4000000953674316
v 1896.4493408203125 -192.09579467773438 5.4000000953674316
v 1896.4493408203125 -192.09579467773438 6.4000000953674316
v 1897.175048828125 -191.37010192871094 4.4000000953674316
v 1897.175048828125 -191.37010192871094 5.4000000953674316
v 1897.175048828125 -191.37010192871094 6.4000000953674316
v 1897.9007568359375 -190.6444091796875 4.4000000953674316
v 1897.9007568359375 -190.6444091796875 5.4000000953674316
v 1897.9007568359375 -190.6444091796875 6.4000000953674316
v 1898.62646484375 -189.91871643066406 4.4000000953674316
v 1898.62646484375 -189.91871643066406 5.4000000953674316
v 1898.62646484375 -189.91871643066406 6.4000000953674316
v 1899.3521728515625 -189.19300842285156 4.4000000953674316
v 1899.3521728515625 -189.19300842285156 5.4000000953674316
v 1899.3521728515625 -189.19300842285156 6.4000000953674316
v 1900.0777587890625 -188.46731567382812 4.4000000953674316
v 1900.0777587890625 -188.46731567382812 5.4000000953674316
v 1900.0777587890625 -188.46731567382812 7.4000000953674316
v 1891.77587890625 -196.76921081542969 4.4000000953674316
v 1892.342041015625 -196.203125 4.4000000953674316
v 1892.9080810546875 -195.63703918457031 4.4000000953674316
v 1893.47412109375 -195.07095336914062 4.4000000953674316
v 1890.643798828125 -197.9013671875 6.4000000953674316
v 1900.0777587890625 -188.46731567382812 6.4000000953674316
v 1893.47412109375 -195.07095336914062 7.4000000953674316
v 1892.342041015625 -196.203125 7.4000000953674316
v 1891.77587890625 -196.76921081542969 7.4000000953674316
v 1891.2098388671875 -197.33529663085938 7.4000000953674316
v 1896.3006591796875 -192.24452209472656 7.4000000953674316
v 1894.887451171875 -193.65774536132812 7.4000000953674316
v 1894.1807861328125 -194.36434936523438 7.4000000953674316
v 1897.325927734375 -191.21920776367188 7.4000000953674316
v 1899.133056640625 -189.412109375 7.4000000953674316
v 1897.9283447265625 -190.61685180664062 7.4000000953674316
v 1893.47412109375 -189.41012573242188 4.4000000953674316
v 1893.47314453125 -189.41311645507812 7.4000000953674316
v 1892.5303955078125 -190.35392761230469 4.4000000953674316
v 1891.5865478515625 -191.2977294921875 4.4000000953674316
v 1891.5865478515625 -191.2977294921875 5.4000000953674316
v 1891.5865478515625 -191.2977294921875 7.4000000953674316
v 1891.5865478515625 -191.2977294921875 6.4000000953674316
v 1893.4736328125 -189.41162109375 5.9000000953674316
v 1893.473876953125 -189.41087341308594 5.1500000953674316
v 1892.8443603515625 -190.04132080078125 7.4000000953674316
v 1892.5303955078125 -190.35392761230469 6.4000000953674316
v 1895.4144287109375 -187.46989440917969 4.4000000953674316
v 1895.4144287109375 -187.46989440917969 5.4000000953674316
v 1895.4144287109375 -187.46989440917969 7.4000000953674316
v 1894.4443359375 -188.44001770019531 4.4000000953674316
v 1893.47412109375 -189.41012573242188 4.4000000953674316
v 1893.47314453125 -189.41311645507812 7.4000000953674316
v 1893.473876953125 -189.41087341308594 5.1500000953674316
v 1893.4736328125 -189.41162109375 5.9000000953674316
v 1895.4144287109375 -187.46989440917969 6.4000000953674316
v 1894.4974365234375 -188.39079284667969 7.4000000953674316
v 1894.4443359375 -188.44001770019531 6.4000000953674316
v 1897.2474365234375 -185.63690185546875 4.4000000953674316
v 1897.2474365234375 -185.63690185546875 5.4000000953674316
v 1897.2474365234375 -185.63690185546875 7.4000000953674316
v 1896.3309326171875 -186.55340576171875 4.4000000953674316
v 1896.3309326171875 -186.55340576171875 7.4000000953674316
v 1895.4144287109375 -187.46989440917969 4.4000000953674316
v 1895.4144287109375 -187.46989440917969 5.4000000953674316
v 1895.4144287109375 -187.46989440917969 7.4000000953674316
v 1895.4144287109375 -187.46989440917969 6.4000000953674316
v 1897.2474365234375 -185.63690185546875 6.4000000953674316
v 1896.3006591796875 -186.58766174316406 7.4000000953674316
v 1896.3309326171875 -186.55340576171875 6.4000000953674316
v 1900.0777587890625 -188.46731567382812 4.4000000953674316
v 1900.0777587890625 -188.46731567382812 5.4000000953674316
v 1900.0777587890625 -188.46731567382812 7.4000000953674316
v 1901.0216064453125 -187.52351379394531 4.4000000953674316
v 1901.9654541015625 -186.5797119140625 4.4000000953674316
v 1901.9654541015625 -186.5797119140625 5.4000000953674316
v 1901.9654541015625 -186.5797119140625 7.4000000953674316
v 1900.0777587890625 -188.46731567382812 6.4000000953674316
v 1901.9654541015625 -186.5797119140625 6.4000000953674316
v 1900.6597900390625 -187.88539123535156 7.4000000953674316
v 1901.0216064453125 -187.52351379394531 6.4000000953674316
v 1899.135009765625 -183.74929809570312 4.4000000953674316
v 1899.135009765625 -183.74929809570312 5.4000000953674316
v 1899.135009765625 -183.74929809570312 7.4000000953674316
v 1898.191162109375 -184.69309997558594 4.4000000953674316
v 1898.191162109375 -184.69309997558594 7.4000000953674316
v 1897.2474365234375 -185.63690185546875 4.4000000953674316
v 1897.2474365234375 -185.63690185546875 5.4000000953674316
v 1897.2474365234375 -185.63690185546875 7.4000000953674316
v 1897.2474365234375 -185.63690185546875 6.4000000953674316
v 1899.135009765625 -183.74929809570312 6.4000000953674316
v 1898.191162109375 -184.69309997558594 6.4000000953674316
v 1905.814697265625 -184.77214050292969 4.4000000953674316
v 1905.814697265625 -184.77214050292969 5.4000000953674316
v 1905.814697265625 -184.77214050292969 7.4000000953674316
v 1905.30322265625 -184.26071166992188 4.4000000953674316
v 1904.7918701171875 -183.74929809570312 4.4000000953674316
v 1904.7918701171875 -183.74929809570312 7.4000000953674316
v 1905.814697265625 -184.77214050292969 6.4000000953674316
v 1904.7918701171875 -183.74929809570312 5.9000000953674316
v 1905.30322265625 -184.26071166992188 6.4000000953674316
v 1907.621337890625 -186.57673645019531 4.4000000953674316
v 1907.6202392578125 -186.57772827148438 7.4000000953674316
v 1906.717529296875 -185.6749267578125 4.4000000953674316
v 1905.814697265625 -184.77214050292969 4.4000000953674316
v 1905.814697265625 -184.77214050292969 5.4000000953674316
v 1905.814697265625 -184.77214050292969 7.4000000953674316
v 1905.814697265625 -184.77214050292969 6.4000000953674316
v 1907.6207275390625 -186.57722473144531 5.9000000953674316
v 1907.6209716796875 -186.57698059082031 5.1500000953674316
v 1907.0184326171875 -185.97586059570312 7.4000000953674316
v 1906.717529296875 -185.6749267578125 6.4000000953674316
v 1902.3909912109375 -180.49331665039062 4.4000000953674316
v 1901.96337890625 -180.92086791992188 4.4000000953674316
v 1902.5291748046875 -181.48655700683594 4.4000000953674316
v 1903.0948486328125 -182.05224609375 4.4000000953674316
v 1903.6605224609375 -182.617919921875 4.4000000953674316
v 1904.2261962890625 -183.18360900878906 4.4000000953674316
v 1905.2193603515625 -183.32174682617188 4.4000000953674316
v 1904.7918701171875 -183.74929809570312 4.4000000953674316
v 1902.9566650390625 -181.05900573730469 4.4000000953674316
v 1903.5223388671875 -181.62469482421875 4.4000000953674316
v 1904.0880126953125 -182.19036865234375 4.4000000953674316
v 1905.2193603515625 -183.32174682617188 4.4000000953674316
v 1904.7918701171875 -183.74929809570312 4.4000000953674316
v 1905.2193603515625 -183.32174682617188 5.9000000953674316
v 1904.7918701171875 -183.74929809570312 5.9000000953674316
v 1905.2193603515625 -183.32174682617188 5.9000000953674316
v 1904.7918701171875 -183.74929809570312 5.9000000953674316
v 1903.80517578125 -181.90753173828125 7.4000000953674316
v 1903.377685546875 -182.3350830078125 7.4000000953674316
v 1904.748046875 -182.850341796875 6.4000000953674316
v 1904.3204345703125 -183.27789306640625 6.4000000953674316
v 1903.80517578125 -181.90753173828125 7.4000000953674316
v 1903.377685546875 -182.3350830078125 7.4000000953674316
v 1903.333740234375 -181.43612670898438 6.9000000953674316
v 1902.90625 -181.86367797851562 6.9000000953674316
v 1902.3909912109375 -180.49331665039062 5.9000000953674316
v 1901.96337890625 -180.92086791992188 5.9000000953674316
v 1902.3909912109375 -180.49331665039062 5.9000000953674316
v 1901.96337890625 -180.92086791992188 5.9000000953674316
v 1902.3909912109375 -180.49331665039062 4.4000000953674316
v 1901.96337890625 -180.92086791992188 4.4000000953674316
v 1902.3909912109375 -180.49331665039062 4.4000000953674316
v 1903.09814453125 -181.20042419433594 5.4000000953674316
v 1903.09814453125 -181.20042419433594 6.4000000953674316
v 1903.80517578125 -181.90753173828125 5.4000000953674316
v 1903.80517578125 -181.90753173828125 6.4000000953674316
v 1904.5123291015625 -182.61463928222656 5.4000000953674316
v 1904.5123291015625 -182.61463928222656 6.4000000953674316
v 1905.2193603515625 -183.32174682617188 4.4000000953674316
v 1902.9566650390625 -181.05900573730469 4.4000000953674316
v 1903.5223388671875 -181.62469482421875 4.4000000953674316
v 1904.0880126953125 -182.19036865234375 4.4000000953674316
v 1905.2193603515625 -183.32174682617188 5.9000000953674316
v 1904.748046875 -182.850341796875 6.4000000953674316
v 1903.80517578125 -181.90753173828125 7.4000000953674316
v 1903.333740234375 -181.43612670898438 6.9000000953674316
v 1902.3909912109375 -180.49331665039062 5.9000000953674316
v 1901.96337890625 -180.92086791992188 4.4000000953674316
v 1901.96337890625 -180.92086791992188 7.4000000953674316
v 1901.0206298828125 -181.86367797851562 4.4000000953674316
v 1901.0206298828125 -181.86367797851562 5.4000000953674316
v 1901.0206298828125 -181.86367797851562 6.4000000953674316
v 1900.0777587890625 -182.80648803710938 4.4000000953674316
v 1900.0777587890625 -182.80648803710938 5.4000000953674316
v 1900.0777587890625 -182.80648803710938 6.4000000953674316
v 1899.135009765625 -183.74929809570312 4.4000000953674316
v 1899.135009765625 -183.74929809570312 5.4000000953674316
v 1899.135009765625 -183.74929809570312 7.4000000953674316
v 1899.135009765625 -183.74929809570312 6.4000000953674316
v 1901.96337890625 -180.92086791992188 5.9000000953674316
v 1900.5491943359375 -182.3350830078125 7.4000000953674316
v 1901.25634765625 -181.62797546386719 7.4000000953674316
v 1903.377685546875 -182.3350830078125 7.4000000953674316
v 1901.96337890625 -180.92086791992188 5.9000000953674316
v 1901.96337890625 -180.92086791992188 7.4000000953674316
v 1902.90625 -181.86367797851562 6.9000000953674316
v 1902.90625 -181.86367797851562 7.4000000953674316
v 1904.7918701171875 -183.74929809570312 5.9000000953674316
v 1904.7918701171875 -183.74929809570312 7.4000000953674316
v 1903.377685546875 -182.3350830078125 7.4000000953674316
v 1904.3204345703125 -183.27789306640625 6.4000000953674316
v 1904.3204345703125 -183.27789306640625 7.4000000953674316
v 1905.814697265625 -184.77214050292969 7.4000000953674316
v 1905.814697265625 -184.77214050292969 10.399999618530273
v 1904.7918701171875 -183.74929809570312 7.4000000953674316
v 1904.7918701171875 -183.74929809570312 10.399999618530273
v 1905.814697265625 -184.77214050292969 9.3999996185302734
v 1905.814697265625 -184.77214050292969 8.3999996185302734
v 1904.7918701171875 -183.74929809570312 8.8999996185302734
v 1907.6202392578125 -186.57772827148438 7.4000000953674316
v 1907.6202392578125 -186.57772827148438 8.3999996185302734
v 1907.6202392578125 -186.57772827148438 9.3999996185302734
v 1907.6202392578125 -186.57772827148438 10.399999618530273
v 1905.814697265625 -184.77214050292969 7.4000000953674316
v 1905.814697265625 -184.77214050292969 10.399999618530273
v 1907.0184326171875 -185.97586059570312 7.4000000953674316
v 1905.814697265625 -184.77214050292969 8.3999996185302734
v 1905.814697265625 -184.77214050292969 9.3999996185302734
v 1907.0184326171875 -185.97586059570312 10.399999618530273
v 1906.717529296875 -185.6749267578125 8.3999996185302734
v 1902.3909912109375 -180.49331665039062 7.4000000953674316
v 1901.96337890625 -180.92086791992188 7.4000000953674316
v 1905.2193603515625 -183.32174682617188 7.4000000953674316
v 1904.7918701171875 -183.74929809570312 7.4000000953674316
v 1903.377685546875 -182.3350830078125 7.4000000953674316
v 1902.90625 -181.86367797851562 7.4000000953674316
v 1904.3204345703125 -183.27789306640625 7.4000000953674316
v 1902.8624267578125 -180.9647216796875 7.4000000953674316
v 1903.80517578125 -181.90753173828125 7.4000000953674316
v 1904.276611328125 -182.37893676757812 7.4000000953674316
v 1905.2193603515625 -183.32174682617188 7.4000000953674316
v 1904.7918701171875 -183.74929809570312 7.4000000953674316
v 1905.2193603515625 -183.32174682617188 8.8999996185302734
v 1904.7918701171875 -183.74929809570312 8.8999996185302734
v 1905.2193603515625 -183.32174682617188 8.8999996185302734
v 1904.7918701171875 -183.74929809570312 8.8999996185302734
v 1903.80517578125 -181.90753173828125 10.399999618530273
v 1903.377685546875 -182.3350830078125 10.399999618530273
v 1904.748046875 -182.850341796875 9.3999996185302734
v 1904.3204345703125 -183.27789306640625 9.3999996185302734
v 1903.80517578125 -181.90753173828125 10.399999618530273
v 1903.377685546875 -182.3350830078125 10.399999618530273
v 1903.333740234375 -181.43612670898438 9.8999996185302734
v 1902.90625 -181.86367797851562 9.8999996185302734
v 1902.3909912109375 -180.49331665039062 8.8999996185302734
v 1901.96337890625 -180.92086791992188 8.8999996185302734
v 1902.3909912109375 -180.49331665039062 8.8999996185302734
v 1901.96337890625 -180.92086791992188 8.8999996185302734
v 1902.3909912109375 -180.49331665039062 7.4000000953674316
v 1901.96337890625 -180.92086791992188 7.4000000953674316
v 1902.3909912109375 -180.49331665039062 7.4000000953674316
v 1903.09814453125 -181.20042419433594 8.3999996185302734
v 1903.09814453125 -181.20042419433594 9.3999996185302734
v 1903.80517578125 -181.90753173828125 7.4000000953674316
v 1903.80517578125 -181.90753173828125 8.3999996185302734
v 1903.80517578125 -181.90753173828125 9.3999996185302734
v 1904.5123291015625 -182.61463928222656 8.3999996185302734
v 1904.5123291015625 -182.61463928222656 9.3999996185302734
v 1905.2193603515625 -183.32174682617188 7.4000000953674316
v 1902.8624267578125 -180.9647216796875 7.4000000953674316
v 1904.276611328125 -182.37893676757812 7.4000000953674316
v 1905.2193603515625 -183.32174682617188 8.8999996185302734
v 1904.748046875 -182.850341796875 9.3999996185302734
v 1903.80517578125 -181.90753173828125 10.399999618530273
v 1903.333740234375 -181.43612670898438 9.8999996185302734
v 1902.3909912109375 -180.49331665039062 8.8999996185302734
v 1901.96337890625 -180.92086791992188 7.4000000953674316
v 1901.96337890625 -180.92086791992188 10.399999618530273
v 1901.0206298828125 -181.86367797851562 8.3999996185302734
v 1901.0206298828125 -181.86367797851562 9.3999996185302734
v 1900.0777587890625 -182.80648803710938 8.3999996185302734
v 1900.0777587890625 -182.80648803710938 9.3999996185302734
v 1899.135009765625 -183.74929809570312 7.4000000953674316
v 1899.135009765625 -183.74929809570312 8.3999996185302734
v 1899.135009765625 -183.74929809570312 9.3999996185302734
v 1899.135009765625 -183.74929809570312 10.399999618530273
v 1901.25634765625 -181.62797546386719 7.4000000953674316
v 1900.5491943359375 -182.3350830078125 7.4000000953674316
v 1901.96337890625 -180.92086791992188 8.8999996185302734
v 1899.8421630859375 -183.04219055175781 10.399999618530273
v 1900.5491943359375 -182.3350830078125 10.399999618530273
v 1901.25634765625 -181.62797546386719 10.399999618530273
v 1903.377685546875 -182.3350830078125 10.399999618530273
v 1901.96337890625 -180.92086791992188 8.8999996185302734
v 1901.96337890625 -180.92086791992188 10.399999618530273
v 1902.90625 -181.86367797851562 9.8999996185302734
v 1902.90625 -181.86367797851562 10.399999618530273
v 1904.7918701171875 -183.74929809570312 8.8999996185302734
v 1904.7918701171875 -183.74929809570312 10.399999618530273
v 1903.377685546875 -182.3350830078125 10.399999618530273
v 1904.3204345703125 -183.27789306640625 9.3999996185302734
v 1904.3204345703125 -183.27789306640625 10.399999618530273
v 1890.643798828125 -197.9013671875 7.4000000953674316
v 1890.643798828125 -197.9013671875 8.3999996185302734
v 1890.643798828125 -197.9013671875 10.399999618530273
v 1891.451904296875 -197.09324645996094 8.3999996185302734
v 1891.451904296875 -197.09324645996094 9.3999996185302734
v 1892.260009765625 -196.28512573242188 8.3999996185302734
v 1892.260009765625 -196.28512573242188 9.3999996185302734
v 1893.068115234375 -195.47700500488281 8.3999996185302734
v 1893.068115234375 -195.47700500488281 9.3999996185302734
v 1893.876220703125 -194.66888427734375 8.3999996185302734
v 1893.876220703125 -194.66888427734375 9.3999996185302734
v 1894.684326171875 -193.86076354980469 8.3999996185302734
v 1894.684326171875 -193.86076354980469 9.3999996185302734
v 1895.492431640625 -193.05264282226562 8.3999996185302734
v 1895.492431640625 -193.05264282226562 9.3999996185302734
v 1896.3006591796875 -192.24452209472656 7.4000000953674316
v 1896.3006591796875 -192.24452209472656 8.3999996185302734
v 1896.3006591796875 -192.24452209472656 9.3999996185302734
v 1896.3006591796875 -192.24452209472656 10.399999618530273
v 1891.2098388671875 -197.33529663085938 7.4000000953674316
v 1891.77587890625 -196.76921081542969 7.4000000953674316
v 1892.342041015625 -196.203125 7.4000000953674316
v 1893.47412109375 -195.07095336914062 7.4000000953674316
v 1894.1807861328125 -194.36434936523438 7.4000000953674316
v 1894.887451171875 -193.65774536132812 7.4000000953674316
v 1894.887451171875 -193.65774536132812 10.399999618530273
v 1894.1807861328125 -194.36434936523438 10.399999618530273
v 1893.47412109375 -195.07095336914062 10.399999618530273
v 1890.643798828125 -197.9013671875 9.3999996185302734
v 1892.58203125 -195.963134765625 10.399999618530273
v 1891.289794921875 -197.25529479980469 10.399999618530273
v 1893.47314453125 -189.41311645507812 7.4000000953674316
v 1893.47216796875 -189.41609191894531 10.399999618530273
v 1892.6640625 -190.22421264648438 8.3999996185302734
v 1892.6640625 -190.22421264648438 9.3999996185302734
v 1891.85595703125 -191.03233337402344 8.3999996185302734
v 1891.85595703125 -191.03233337402344 9.3999996185302734
v 1891.0478515625 -191.8404541015625 8.3999996185302734
v 1891.0478515625 -191.8404541015625 9.3999996185302734
v 1890.23974609375 -192.64857482910156 8.3999996185302734
v 1890.23974609375 -192.64857482910156 9.3999996185302734
v 1889.4315185546875 -193.45669555664062 8.3999996185302734
v 1889.4315185546875 -193.45669555664062 9.3999996185302734
v 1888.6234130859375 -194.26483154296875 8.3999996185302734
v 1888.6234130859375 -194.26483154296875 9.3999996185302734
v 1887.8143310546875 -195.07194519042969 7.4000000953674316
v 1887.8153076171875 -195.07295227050781 10.399999618530273
v 1891.5865478515625 -191.2977294921875 7.4000000953674316
v 1890.9578857421875 -191.92677307128906 7.4000000953674316
v 1890.3291015625 -192.55580139160156 7.4000000953674316
v 1889.700439453125 -193.18484497070312 7.4000000953674316
v 1889.07177734375 -193.81387329101562 7.4000000953674316
v 1892.8443603515625 -190.04132080078125 7.4000000953674316
v 1893.47265625 -189.41459655761719 8.8999996185302734
v 1893.472900390625 -189.41384887695312 8.1499996185302734
v 1887.8145751953125 -195.07220458984375 8.1499996185302734
v 1887.8148193359375 -195.07244873046875 8.8999996185302734
v 1889.1075439453125 -193.78079223632812 10.399999618530273
v 1889.7535400390625 -193.13470458984375 10.399999618530273
v 1890.9755859375 -191.91270446777344 10.399999618530273
v 1891.5865478515625 -191.30171203613281 10.399999618530273
v 1892.8436279296875 -190.04463195800781 10.399999618530273
v 1887.8143310546875 -195.07194519042969 7.4000000953674316
v 1887.8153076171875 -195.07295227050781 10.399999618530273
v 1888.5224609375 -195.78005981445312 8.3999996185302734
v 1888.5224609375 -195.78005981445312 9.3999996185302734
v 1889.2294921875 -196.48716735839844 8.3999996185302734
v 1889.2294921875 -196.48716735839844 9.3999996185302734
v 1889.9366455078125 -197.19425964355469 8.3999996185302734
v 1889.9366455078125 -197.19425964355469 9.3999996185302734
v 1890.643798828125 -197.9013671875 7.4000000953674316
v 1890.643798828125 -197.9013671875 8.3999996185302734
v 1890.643798828125 -197.9013671875 10.399999618530273
v 1888.3802490234375 -195.63783264160156 7.4000000953674316
v 1888.9461669921875 -196.20372009277344 7.4000000953674316
v 1889.511962890625 -196.76960754394531 7.4000000953674316
v 1887.8148193359375 -195.07244873046875 8.8999996185302734
v 1887.8145751953125 -195.07220458984375 8.1499996185302734
v 1890.643798828125 -197.9013671875 9.3999996185302734
v 1889.2294921875 -196.48716735839844 10.399999618530273
v 1888.5224609375 -195.78005981445312 10.399999618530273
v 1896.3006591796875 -192.24452209472656 7.4000000953674316
v 1896.3006591796875 -192.24452209472656 8.3999996185302734
v 1896.3006591796875 -192.24452209472656 9.3999996185302734
v 1896.3006591796875 -192.24452209472656 10.399999618530273
v 1897.325927734375 -191.21920776367188 7.4000000953674316
v 1897.325927734375 -191.21920776367188 8.3999996185302734
v 1897.325927734375 -191.21920776367188 9.3999996185302734
v 1897.325927734375 -191.21920776367188 10.399999618530273
v 1894.4974365234375 -188.39079284667969 7.4000000953674316
v 1894.4974365234375 -188.39079284667969 8.3999996185302734
v 1894.4974365234375 -188.39079284667969 9.3999996185302734
v 1894.4974365234375 -188.39079284667969 10.399999618530273
v 1893.47314453125 -189.41311645507812 7.4000000953674316
v 1893.47216796875 -189.41609191894531 10.399999618530273
v 1893.472900390625 -189.41384887695312 8.1499996185302734
v 1893.47265625 -189.41459655761719 8.8999996185302734
v 1896.3006591796875 -186.58766174316406 7.4000000953674316
v 1896.3006591796875 -186.58766174316406 8.3999996185302734
v 1896.3006591796875 -186.58766174316406 9.3999996185302734
v 1896.3006591796875 -186.58766174316406 10.399999618530273
v 1894.4974365234375 -188.39079284667969 7.4000000953674316
v 1894.4974365234375 -188.39079284667969 8.3999996185302734
v 1894.4974365234375 -188.39079284667969 9.3999996185302734
v 1894.4974365234375 -188.39079284667969 10.399999618530273
v 1895.4144287109375 -187.46989440917969 7.4000000953674316
v 1895.6995849609375 -187.18870544433594 10.399999618530273
v 1897.325927734375 -191.21920776367188 7.4000000953674316
v 1897.325927734375 -191.21920776367188 8.3999996185302734
v 1897.325927734375 -191.21920776367188 9.3999996185302734
v 1897.325927734375 -191.21920776367188 10.399999618530273
v 1899.133056640625 -189.412109375 7.4000000953674316
v 1899.133056640625 -189.412109375 8.3999996185302734
v 1899.133056640625 -189.412109375 9.3999996185302734
v 1899.133056640625 -189.412109375 10.399999618530273
v 1897.9283447265625 -190.61685180664062 7.4000000953674316
v 1897.9283447265625 -190.61685180664062 10.399999618530273
v 1896.3006591796875 -186.58766174316406 10.399999618530273
v 1896.3006591796875 -186.58766174316406 11.399999618530273
v 1896.3006591796875 -186.58766174316406 12.399999618530273
v 1896.3006591796875 -186.58766174316406 13.399999618530273
v 1895.3990478515625 -187.48922729492188 11.399999618530273
v 1895.3990478515625 -187.48922729492188 12.399999618530273
v 1894.4974365234375 -188.39079284667969 10.399999618530273
v 1894.4974365234375 -188.39079284667969 11.399999618530273
v 1894.4974365234375 -188.39079284667969 12.399999618530273
v 1894.4974365234375 -188.39079284667969 13.399999618530273
v 1895.6995849609375 -187.18870544433594 10.399999618530273
v 1895.6995849609375 -187.18870544433594 13.399999618530273
v 1897.325927734375 -191.21920776367188 10.399999618530273
v 1897.325927734375 -191.21920776367188 11.399999618530273
v 1897.325927734375 -191.21920776367188 12.399999618530273
v 1897.325927734375 -191.21920776367188 13.399999618530273
v 1899.133056640625 -189.412109375 10.399999618530273
v 1899.133056640625 -189.412109375 11.399999618530273
v 1899.133056640625 -189.412109375 12.399999618530273
v 1899.133056640625 -189.412109375 13.399999618530273
v 1897.9283447265625 -190.61685180664062 10.399999618530273
v 1897.9283447265625 -190.61685180664062 13.399999618530273
v 1890.643798828125 -197.9013671875 10.399999618530273
v 1890.643798828125 -197.9013671875 13.399999618530273
v 1892.58203125 -195.963134765625 10.399999618530273
v 1892.58203125 -195.963134765625 13.399999618530273
v 1891.289794921875 -197.25529479980469 10.399999618530273
v 1892.58203125 -195.963134765625 11.399999618530273
v 1892.58203125 -195.963134765625 12.399999618530273
v 1891.289794921875 -197.25529479980469 13.399999618530273
v 1890.643798828125 -197.9013671875 11.899999618530273
v 1890.643798828125 -197.9013671875 11.149999618530273
v 1889.7535400390625 -193.13470458984375 10.399999618530273
v 1889.7535400390625 -193.13470458984375 11.399999618530273
v 1889.7535400390625 -193.13470458984375 12.399999618530273
v 1889.7535400390625 -193.13470458984375 13.399999618530273
v 1887.8153076171875 -195.07295227050781 10.399999618530273
v 1887.8153076171875 -195.07295227050781 11.399999618530273
v 1887.8153076171875 -195.07295227050781 12.399999618530273
v 1887.8153076171875 -195.07295227050781 13.399999618530273
v 1889.1075439453125 -193.78079223632812 10.399999618530273
v 1889.1075439453125 -193.78079223632812 13.399999618530273
v 1887.8153076171875 -195.07295227050781 10.399999618530273
v 1887.8153076171875 -195.07295227050781 11.399999618530273
v 1887.8153076171875 -195.07295227050781 12.399999618530273
v 1887.8153076171875 -195.07295227050781 13.399999618530273
v 1888.7581787109375 -196.01576232910156 11.399999618530273
v 1888.7581787109375 -196.01576232910156 12.399999618530273
v 1889.700927734375 -196.95855712890625 11.399999618530273
v 1889.700927734375 -196.95855712890625 12.399999618530273
v 1890.643798828125 -197.9013671875 10.399999618530273
v 1890.643798828125 -197.9013671875 13.399999618530273
v 1888.5224609375 -195.78005981445312 10.399999618530273
v 1889.2294921875 -196.48716735839844 10.399999618530273
v 1890.643798828125 -197.9013671875 11.149999618530273
v 1890.643798828125 -197.9013671875 11.899999618530273
v 1889.2294921875 -196.48716735839844 13.399999618530273
v 1888.5224609375 -195.78005981445312 13.399999618530273
v 1891.5865478515625 -191.30171203613281 10.399999618530273
v 1891.5865478515625 -191.30171203613281 11.399999618530273
v 1891.5865478515625 -191.30171203613281 12.399999618530273
v 1891.5865478515625 -191.30171203613281 13.399999618530273
v 1889.7535400390625 -193.13470458984375 10.399999618530273
v 1889.7535400390625 -193.13470458984375 11.399999618530273
v 1889.7535400390625 -193.13470458984375 12.399999618530273
v 1889.7535400390625 -193.13470458984375 13.399999618530273
v 1890.9755859375 -191.91270446777344 10.399999618530273
v 1890.9755859375 -191.91270446777344 13.399999618530273
v 1893.47216796875 -189.41609191894531 10.399999618530273
v 1893.47216796875 -189.41609191894531 11.399999618530273
v 1893.47216796875 -189.41609191894531 12.399999618530273
v 1893.47216796875 -189.41609191894531 13.399999618530273
v 1891.5865478515625 -191.30171203613281 10.399999618530273
v 1891.5865478515625 -191.30171203613281 11.399999618530273
v 1891.5865478515625 -191.30171203613281 12.399999618530273
v 1891.5865478515625 -191.30171203613281 13.399999618530273
v 1892.8436279296875 -190.04463195800781 10.399999618530273
v 1892.8436279296875 -190.04463195800781 13.399999618530273
v 1892.58203125 -195.963134765625 10.399999618530273
v 1892.58203125 -195.963134765625 13.399999618530273
v 1893.3726806640625 -195.1724853515625 11.399999618530273
v 1893.3726806640625 -195.1724853515625 12.399999618530273
v 1894.163330078125 -194.38182067871094 11.399999618530273
v 1894.163330078125 -194.38182067871094 12.399999618530273
v 1894.9539794921875 -193.59117126464844 11.399999618530273
v 1894.9539794921875 -193.59117126464844 12.399999618530273
v 1895.74462890625 -192.80052185058594 11.399999618530273
v 1895.74462890625 -192.80052185058594 12.399999618530273
v 1896.5352783203125 -192.00987243652344 11.399999618530273
v 1896.5352783203125 -192.00987243652344 12.399999618530273
v 1897.325927734375 -191.21920776367188 10.399999618530273
v 1897.325927734375 -191.21920776367188 11.399999618530273
v 1897.325927734375 -191.21920776367188 12.399999618530273
v 1897.325927734375 -191.21920776367188 13.399999618530273
v 1893.47412109375 -195.07095336914062 10.399999618530273
v 1894.1807861328125 -194.36434936523438 10.399999618530273
v 1894.887451171875 -193.65774536132812 10.399999618530273
v 1896.3006591796875 -192.24452209472656 10.399999618530273
v 1892.58203125 -195.963134765625 12.399999618530273
v 1892.58203125 -195.963134765625 11.399999618530273
v 1895.970458984375 -192.57461547851562 13.399999618530273
v 1895.2928466796875 -193.2523193359375 13.399999618530273
v 1894.6151123046875 -193.93002319335938 13.399999618530273
v 1893.9373779296875 -194.60772705078125 13.399999618530273
v 1893.2596435546875 -195.28543090820312 13.399999618530273
v 1894.4974365234375 -188.39079284667969 10.399999618530273
v 1894.4974365234375 -188.39079284667969 11.399999618530273
v 1894.4974365234375 -188.39079284667969 12.399999618530273
v 1894.4974365234375 -188.39079284667969 13.399999618530273
v 1893.47216796875 -189.41609191894531 10.399999618530273
v 1893.47216796875 -189.41609191894531 11.399999618530273
v 1893.47216796875 -189.41609191894531 12.399999618530273
v 1893.47216796875 -189.41609191894531 13.399999618530273
v 1899.133056640625 -189.412109375 7.4000000953674316
v 1899.133056640625 -189.412109375 10.399999618530273
v 1900.6597900390625 -187.88539123535156 7.4000000953674316
v 1900.6597900390625 -187.88539123535156 10.399999618530273
v 1899.133056640625 -189.412109375 9.3999996185302734
v 1899.133056640625 -189.412109375 8.3999996185302734
v 1900.0777587890625 -188.46731567382812 7.4000000953674316
v 1900.6597900390625 -187.88539123535156 8.3999996185302734
v 1900.6597900390625 -187.88539123535156 9.3999996185302734
v 1899.6419677734375 -188.90321350097656 10.399999618530273
v 1900.6597900390625 -187.88539123535156 7.4000000953674316
v 1900.6597900390625 -187.88539123535156 10.399999618530273
v 1901.9654541015625 -186.5797119140625 7.4000000953674316
v 1901.9654541015625 -186.5797119140625 10.399999618530273
v 1900.6597900390625 -187.88539123535156 9.3999996185302734
v 1900.6597900390625 -187.88539123535156 8.3999996185302734
v 1901.9654541015625 -186.5797119140625 8.3999996185302734
v 1901.9654541015625 -186.5797119140625 9.3999996185302734
v 1898.70947265625 -183.32373046875 7.4000000953674316
v 1898.70947265625 -183.32373046875 10.399999618530273
v 1897.7666015625 -184.26654052734375 7.4000000953674316
v 1897.7666015625 -184.26654052734375 8.3999996185302734
v 1897.7666015625 -184.26654052734375 9.3999996185302734
v 1896.8238525390625 -185.2093505859375 7.4000000953674316
v 1896.8238525390625 -185.2093505859375 8.3999996185302734
v 1896.8238525390625 -185.2093505859375 9.3999996185302734
v 1895.8780517578125 -186.15713500976562 7.4000000953674316
v 1895.8797607421875 -186.15414428710938 10.399999618530273
v 1898.70947265625 -183.32373046875 9.3999996185302734
v 1898.70947265625 -183.32373046875 8.3999996185302734
v 1895.87841796875 -186.15638732910156 8.1499996185302734
v 1895.87890625 -186.1556396484375 8.8999996185302734
v 1896.44580078125 -185.58805847167969 10.399999618530273
v 1897.01171875 -185.02198791503906 10.399999618530273
v 1897.57763671875 -184.45590209960938 10.399999618530273
v 1895.8809814453125 -186.15216064453125 10.399999618530273
v 1896.35791015625 -186.62904357910156 10.399999618530273
v 1896.4466552734375 -185.58647155761719 10.399999618530273
v 1896.923583984375 -186.0633544921875 10.399999618530273
v 1897.0123291015625 -185.02078247070312 10.399999618530273
v 1897.4892578125 -185.4976806640625 10.399999618530273
v 1897.578125 -184.45510864257812 10.399999618530273
v 1898.054931640625 -184.93199157714844 10.399999618530273
v 1898.143798828125 -183.88941955566406 10.399999618530273
v 1898.62060546875 -184.36630249023438 10.399999618530273
v 1898.70947265625 -183.32373046875 10.399999618530273
v 1899.186279296875 -183.80061340332031 10.399999618530273
v 1896.3006591796875 -186.58766174316406 10.399999618530273
v 1896.6851806640625 -185.82492065429688 10.399999618530273
v 1896.6407470703125 -186.34620666503906 10.399999618530273
v 1896.1195068359375 -186.39060974121094 10.399999618530273
v 1896.163818359375 -185.86932373046875 10.399999618530273
v 1896.40234375 -186.10775756835938 10.399999618530273
v 1896.521484375 -186.22697448730469 10.399999618530273
v 1896.499267578125 -186.48762512207031 10.399999618530273
v 1896.2386474609375 -186.50982666015625 10.399999618530273
v 1896.2608642578125 -186.24917602539062 10.399999618530273
v 1896.380126953125 -186.368408203125 10.399999618530273
v 1896.439697265625 -186.42800903320312 10.399999618530273
v 1896.4285888671875 -186.55833435058594 10.399999618530273
v 1896.3094482421875 -186.43911743164062 10.399999618530273
v 1896.3690185546875 -186.49871826171875 10.399999618530273
v 1898.70947265625 -183.32373046875 10.399999618530273
v 1899.186279296875 -183.80061340332031 10.399999618530273
v 1899.186279296875 -183.80061340332031 11.149999618530273
v 1898.70947265625 -183.32373046875 11.899999618530273
v 1899.186279296875 -183.80061340332031 11.899999618530273
v 1899.135009765625 -183.74929809570312 10.399999618530273
v 1898.9478759765625 -183.56217956542969 11.149999618530273
v 1899.186279296875 -183.80061340332031 10.774999618530273
v 1898.9478759765625 -183.56217956542969 10.774999618530273
v 1899.067138671875 -183.681396484375 10.774999618530273
v 1899.186279296875 -183.80061340332031 10.587499618530273
v 1898.9478759765625 -183.56217956542969 10.587499618530273
v 1899.067138671875 -183.681396484375 10.587499618530273
v 1899.126708984375 -183.74101257324219 10.587499618530273
v 1899.186279296875 -183.80061340332031 10.493749618530273
v 1899.067138671875 -183.681396484375 10.493749618530273
v 1899.126708984375 -183.74101257324219 10.493749618530273
v 1898.70947265625 -183.32373046875 11.899999618530273
v 1899.186279296875 -183.80061340332031 11.899999618530273
v 1898.7149658203125 -184.27201843261719 12.399999618530273
v 1897.295166015625 -184.73794555664062 13.399999618530273
v 1897.7720947265625 -185.21482849121094 13.399999618530273
v 1898.238037109375 -183.79513549804688 12.399999618530273
v 1897.295166015625 -184.73794555664062 13.399999618530273
v 1897.7720947265625 -185.21482849121094 13.399999618530273
v 1896.8238525390625 -185.2093505859375 12.899999618530273
v 1897.3006591796875 -185.68623352050781 12.899999618530273
v 1895.8809814453125 -186.15216064453125 11.899999618530273
v 1896.35791015625 -186.62904357910156 11.899999618530273
v 1895.8809814453125 -186.15216064453125 11.899999618530273
v 1896.35791015625 -186.62904357910156 11.899999618530273
v 1896.35791015625 -186.62904357910156 11.149999618530273
v 1895.8797607421875 -186.15414428710938 10.399999618530273
v 1896.35791015625 -186.62904357910156 10.399999618530273
v 1896.3006591796875 -186.58766174316406 10.399999618530273
v 1896.35791015625 -186.62904357910156 10.774999618530273
v 1896.1195068359375 -186.39060974121094 11.149999618530273
v 1896.1195068359375 -186.39060974121094 10.774999618530273
v 1896.35791015625 -186.62904357910156 10.587499618530273
v 1896.2386474609375 -186.50982666015625 10.774999618530273
v 1896.1195068359375 -186.39060974121094 10.587499618530273
v 1896.2386474609375 -186.50982666015625 10.587499618530273
v 1896.35791015625 -186.62904357910156 10.493749618530273
v 1896.29833984375 -186.56944274902344 10.587499618530273
v 1896.2386474609375 -186.50982666015625 10.493749618530273
v 1896.29833984375 -186.56944274902344 10.493749618530273
v 1895.8797607421875 -186.15414428710938 10.399999618530273
v 1896.8238525390625 -185.2093505859375 11.399999618530273
v 1896.8238525390625 -185.2093505859375 12.399999618530273
v 1897.7666015625 -184.26654052734375 11.399999618530273
v 1897.7666015625 -184.26654052734375 12.399999618530273
v 1898.70947265625 -183.32373046875 10.399999618530273
v 1896.44580078125 -185.58805847167969 10.399999618530273
v 1897.01171875 -185.02198791503906 10.399999618530273
v 1897.57763671875 -184.45590209960938 10.399999618530273
v 1898.70947265625 -183.32373046875 11.899999618530273
v 1898.238037109375 -183.79513549804688 12.399999618530273
v 1897.295166015625 -184.73794555664062 13.399999618530273
v 1896.8238525390625 -185.2093505859375 12.899999618530273
v 1895.8809814453125 -186.15216064453125 11.899999618530273
v 1899.133056640625 -189.412109375 10.399999618530273
v 1899.133056640625 -189.412109375 13.399999618530273
v 1899.8441162109375 -188.70103454589844 11.399999618530273
v 1899.8441162109375 -188.70103454589844 12.399999618530273
v 1900.5511474609375 -187.99392700195312 11.399999618530273
v 1900.5511474609375 -187.99392700195312 12.399999618530273
v 1901.25830078125 -187.28681945800781 11.399999618530273
v 1901.25830078125 -187.28681945800781 12.399999618530273
v 1901.9654541015625 -186.5797119140625 10.399999618530273
v 1901.9654541015625 -186.5797119140625 11.399999618530273
v 1901.9654541015625 -186.5797119140625 12.399999618530273
v 1901.9654541015625 -186.5797119140625 13.399999618530273
v 1899.133056640625 -189.412109375 12.399999618530273
v 1899.133056640625 -189.412109375 11.399999618530273
v 1899.6419677734375 -188.90321350097656 10.399999618530273
v 1900.6597900390625 -187.88539123535156 10.399999618530273
v 1900.83251953125 -187.71267700195312 13.399999618530273
v 1900.2659912109375 -188.27915954589844 13.399999618530273
v 1899.699462890625 -188.84564208984375 13.399999618530273
v 1897.7720947265625 -185.21482849121094 13.399999618530273
v 1896.35791015625 -186.62904357910156 11.899999618530273
v 1896.35791015625 -186.62904357910156 13.399999618530273
v 1897.3006591796875 -185.68623352050781 12.899999618530273
v 1896.35791015625 -186.62904357910156 12.649999618530273
v 1899.186279296875 -183.80061340332031 11.899999618530273
v 1899.186279296875 -183.80061340332031 12.649999618530273
v 1899.186279296875 -183.80061340332031 13.399999618530273
v 1897.7720947265625 -185.21482849121094 13.399999618530273
v 1898.7149658203125 -184.27201843261719 12.399999618530273
v 1898.7149658203125 -184.27201843261719 13.399999618530273
v 1904.7918701171875 -189.40615844726562 10.399999618530273
v 1904.7918701171875 -189.40615844726562 11.399999618530273
v 1904.7918701171875 -189.40615844726562 12.399999618530273
v 1904.7918701171875 -189.40615844726562 13.399999618530273
v 1906.66650390625 -191.28080749511719 10.399999618530273
v 1906.66650390625 -191.28080749511719 11.399999618530273
v 1906.66650390625 -191.28080749511719 12.399999618530273
v 1906.66650390625 -191.28080749511719 13.399999618530273
v 1905.416748046875 -190.03103637695312 13.399999618530273
v 1905.416748046875 -190.03103637695312 10.399999618530273
v 1906.66650390625 -191.28080749511719 10.399999618530273
v 1906.66650390625 -191.28080749511719 11.399999618530273
v 1906.66650390625 -191.28080749511719 12.399999618530273
v 1906.66650390625 -191.28080749511719 13.399999618530273
v 1907.621337890625 -192.23558044433594 10.399999618530273
v 1907.6202392578125 -192.23457336425781 13.399999618530273
v 1907.6209716796875 -192.23532104492188 11.149999618530273
v 1907.6207275390625 -192.23507690429688 11.899999618530273
v 1916.58837890625 -188.92727661132812 5.9000000953674316
v 1916.160888671875 -189.35482788085938 5.9000000953674316
v 1916.58837890625 -188.92727661132812 4.4000000953674316
v 1916.1595458984375 -189.35350036621094 4.4000000953674316
v 1924.648193359375 -197.84210205078125 7.4000000953674316
v 1924.648193359375 -197.84210205078125 8.3999996185302734
v 1924.648193359375 -197.84210205078125 9.3999996185302734
v 1924.648193359375 -197.84210205078125 10.399999618530273
v 1923.9405517578125 -197.13449096679688 8.3999996185302734
v 1923.9405517578125 -197.13449096679688 9.3999996185302734
v 1923.23291015625 -196.42689514160156 8.3999996185302734
v 1923.23291015625 -196.42689514160156 9.3999996185302734
v 1922.5252685546875 -195.71928405761719 8.3999996185302734
v 1922.5252685546875 -195.71928405761719 9.3999996185302734
v 1921.8177490234375 -195.01168823242188 7.4000000953674316
v 1921.8177490234375 -195.01168823242188 8.3999996185302734
v 1921.8177490234375 -195.01168823242188 9.3999996185302734
v 1921.8177490234375 -195.01168823242188 10.399999618530273
v 1924.08203125 -197.27601623535156 7.4000000953674316
v 1923.5159912109375 -196.70993041992188 7.4000000953674316
v 1922.9498291015625 -196.14384460449219 7.4000000953674316
v 1922.9498291015625 -196.14384460449219 10.399999618530273
v 1923.5159912109375 -196.70993041992188 10.399999618530273
v 1924.08203125 -197.27601623535156 10.399999618530273
v 1924.648193359375 -197.84210205078125 4.4000000953674316
v 1924.648193359375 -197.84210205078125 7.4000000953674316
v 1923.9405517578125 -197.13449096679688 4.4000000953674316
v 1923.9405517578125 -197.13449096679688 5.4000000953674316
v 1923.9405517578125 -197.13449096679688 6.4000000953674316
v 1923.23291015625 -196.42689514160156 4.4000000953674316
v 1923.23291015625 -196.42689514160156 5.4000000953674316
v 1923.23291015625 -196.42689514160156 6.4000000953674316
v 1922.5252685546875 -195.71928405761719 4.4000000953674316
v 1922.5252685546875 -195.71928405761719 5.4000000953674316
v 1922.5252685546875 -195.71928405761719 6.4000000953674316
v 1921.8177490234375 -195.01168823242188 4.4000000953674316
v 1921.8177490234375 -195.01168823242188 7.4000000953674316
v 1921.8177490234375 -195.01168823242188 5.1500000953674316
v 1921.8177490234375 -195.01168823242188 5.9000000953674316
v 1922.9498291015625 -196.14384460449219 7.4000000953674316
v 1923.5159912109375 -196.70993041992188 7.4000000953674316
v 1924.08203125 -197.27601623535156 7.4000000953674316
v 1924.648193359375 -197.84210205078125 5.9000000953674316
v 1924.648193359375 -197.84210205078125 5.1500000953674316
v 1921.8177490234375 -200.67251586914062 4.4000000953674316
v 1921.8177490234375 -200.67251586914062 7.4000000953674316
v 1922.5252685546875 -199.96490478515625 4.4000000953674316
v 1922.5252685546875 -199.96490478515625 5.4000000953674316
v 1922.5252685546875 -199.96490478515625 6.4000000953674316
v 1923.23291015625 -199.25730895996094 4.4000000953674316
v 1923.23291015625 -199.25730895996094 5.4000000953674316
v 1923.23291015625 -199.25730895996094 6.4000000953674316
v 1923.9405517578125 -198.54969787597656 4.4000000953674316
v 1923.9405517578125 -198.54969787597656 5.4000000953674316
v 1923.9405517578125 -198.54969787597656 6.4000000953674316
v 1924.648193359375 -197.84210205078125 4.4000000953674316
v 1924.648193359375 -197.84210205078125 7.4000000953674316
v 1924.648193359375 -197.84210205078125 5.1500000953674316
v 1924.648193359375 -197.84210205078125 5.9000000953674316
v 1921.8177490234375 -200.67251586914062 5.9000000953674316
v 1921.8177490234375 -200.67251586914062 5.1500000953674316
v 1923.5159912109375 -198.97427368164062 7.4000000953674316
v 1922.9498291015625 -199.54034423828125 7.4000000953674316
v 1922.3837890625 -200.10643005371094 7.4000000953674316
v 1924.6461181640625 -203.50094604492188 7.4000000953674316
v 1924.6461181640625 -203.50094604492188 8.3999996185302734
v 1924.6461181640625 -203.50094604492188 9.3999996185302734
v 1924.6461181640625 -203.50094604492188 10.399999618530273
v 1923.703369140625 -202.55813598632812 8.3999996185302734
v 1923.703369140625 -202.55813598632812 9.3999996185302734
v 1922.760498046875 -201.61532592773438 8.3999996185302734
v 1922.760498046875 -201.61532592773438 9.3999996185302734
v 1921.8177490234375 -200.67251586914062 7.4000000953674316
v 1921.8177490234375 -200.67251586914062 10.399999618530273
v 1921.8177490234375 -200.67251586914062 8.3999996185302734
v 1921.8177490234375 -200.67251586914062 9.3999996185302734
v 1924.0804443359375 -202.93525695800781 7.4000000953674316
v 1923.5147705078125 -202.36956787109375 7.4000000953674316
v 1922.9490966796875 -201.80389404296875 7.4000000953674316
v 1922.5247802734375 -201.37962341308594 10.399999618530273
v 1923.23193359375 -202.08673095703125 10.399999618530273
v 1923.9390869140625 -202.79383850097656 10.399999618530273
v 1913.3323974609375 -209.15779113769531 7.4000000953674316
v 1913.3323974609375 -209.15779113769531 8.3999996185302734
v 1913.3323974609375 -209.15779113769531 9.3999996185302734
v 1913.3323974609375 -209.15779113769531 10.399999618530273
v 1914.7467041015625 -210.57200622558594 7.4000000953674316
v 1914.7467041015625 -210.57200622558594 10.399999618530273
v 1913.8038330078125 -209.62919616699219 7.4000000953674316
v 1914.7467041015625 -210.57200622558594 8.3999996185302734
v 1914.7467041015625 -210.57200622558594 9.3999996185302734
v 1913.8038330078125 -209.62919616699219 10.399999618530273
v 1914.03955078125 -209.86489868164062 8.3999996185302734
v 1914.03955078125 -209.86489868164062 9.3999996185302734
v 1914.7467041015625 -210.57200622558594 7.4000000953674316
v 1914.7467041015625 -210.57200622558594 10.399999618530273
v 1916.160888671875 -211.98622131347656 7.4000000953674316
v 1916.160888671875 -211.98622131347656 8.3999996185302734
v 1916.160888671875 -211.98622131347656 9.3999996185302734
v 1916.160888671875 -211.98622131347656 10.399999618530273
v 1914.7467041015625 -210.57200622558594 9.3999996185302734
v 1914.7467041015625 -210.57200622558594 8.3999996185302734
v 1915.4537353515625 -211.27911376953125 7.4000000953674316
v 1913.3323974609375 -209.15779113769531 4.4000000953674316
v 1913.3323974609375 -209.15779113769531 7.4000000953674316
v 1914.03955078125 -209.86489868164062 4.4000000953674316
v 1914.7467041015625 -210.57200622558594 4.4000000953674316
v 1914.7467041015625 -210.57200622558594 7.4000000953674316
v 1913.8038330078125 -209.62919616699219 7.4000000953674316
v 1913.3323974609375 -209.15779113769531 5.9000000953674316
v 1913.3323974609375 -209.15779113769531 5.1500000953674316
v 1914.7467041015625 -210.57200622558594 5.1500000953674316
v 1914.7467041015625 -210.57200622558594 5.9000000953674316
v 1914.03955078125 -209.86489868164062 6.4000000953674316
v 1914.7467041015625 -210.57200622558594 4.4000000953674316
v 1914.7467041015625 -210.57200622558594 7.4000000953674316
v 1915.4537353515625 -211.27911376953125 4.4000000953674316
v 1916.160888671875 -211.98622131347656 4.4000000953674316
v 1916.160888671875 -211.98622131347656 7.4000000953674316
v 1915.4537353515625 -211.27911376953125 7.4000000953674316
v 1914.7467041015625 -210.57200622558594 5.9000000953674316
v 1914.7467041015625 -210.57200622558594 5.1500000953674316
v 1916.160888671875 -211.98622131347656 5.1500000953674316
v 1916.160888671875 -211.98622131347656 5.9000000953674316
v 1915.4537353515625 -211.27911376953125 6.4000000953674316
v 1918.9892578125 -209.15779113769531 4.4000000953674316
v 1918.9892578125 -209.15779113769531 7.4000000953674316
v 1919.79736328125 -208.34967041015625 4.4000000953674316
v 1919.79736328125 -208.34967041015625 5.4000000953674316
v 1919.79736328125 -208.34967041015625 6.4000000953674316
v 1920.6055908203125 -207.54154968261719 4.4000000953674316
v 1920.6055908203125 -207.54154968261719 5.4000000953674316
v 1920.6055908203125 -207.54154968261719 6.4000000953674316
v 1921.4136962890625 -206.73342895507812 4.4000000953674316
v 1921.4136962890625 -206.73342895507812 5.4000000953674316
v 1921.4136962890625 -206.73342895507812 6.4000000953674316
v 1922.2218017578125 -205.92530822753906 4.4000000953674316
v 1922.2218017578125 -205.92530822753906 5.4000000953674316
v 1922.2218017578125 -205.92530822753906 6.4000000953674316
v 1923.0299072265625 -205.1171875 4.4000000953674316
v 1923.0299072265625 -205.1171875 5.4000000953674316
v 1923.0299072265625 -205.1171875 6.4000000953674316
v 1923.8380126953125 -204.30906677246094 4.4000000953674316
v 1923.8380126953125 -204.30906677246094 5.4000000953674316
v 1923.8380126953125 -204.30906677246094 6.4000000953674316
v 1924.6461181640625 -203.50094604492188 4.4000000953674316
v 1924.6461181640625 -203.50094604492188 7.4000000953674316
v 1918.9892578125 -209.15779113769531 5.9000000953674316
v 1918.9892578125 -209.15779113769531 5.1500000953674316
v 1924.6461181640625 -203.50094604492188 5.1500000953674316
v 1924.6461181640625 -203.50094604492188 5.9000000953674316
v 1923.23193359375 -204.9151611328125 7.4000000953674316
v 1922.5247802734375 -205.62226867675781 7.4000000953674316
v 1921.8177490234375 -206.32937622070312 7.4000000953674316
v 1921.110595703125 -207.03648376464844 7.4000000953674316
v 1920.403564453125 -207.74357604980469 7.4000000953674316
v 1919.6964111328125 -208.45068359375 7.4000000953674316
v 1924.6461181640625 -203.50094604492188 4.4000000953674316
v 1924.6461181640625 -203.50094604492188 7.4000000953674316
v 1923.9390869140625 -202.79383850097656 4.4000000953674316
v 1923.9390869140625 -202.79383850097656 5.4000000953674316
v 1923.9390869140625 -202.79383850097656 6.4000000953674316
v 1923.23193359375 -202.08673095703125 4.4000000953674316
v 1923.23193359375 -202.08673095703125 5.4000000953674316
v 1923.23193359375 -202.08673095703125 6.4000000953674316
v 1922.5247802734375 -201.37962341308594 4.4000000953674316
v 1922.5247802734375 -201.37962341308594 5.4000000953674316
v 1922.5247802734375 -201.37962341308594 6.4000000953674316
v 1921.8177490234375 -200.67251586914062 4.4000000953674316
v 1921.8177490234375 -200.67251586914062 7.4000000953674316
v 1921.8177490234375 -200.67251586914062 5.1500000953674316
v 1921.8177490234375 -200.67251586914062 5.9000000953674316
v 1922.9490966796875 -201.80389404296875 7.4000000953674316
v 1923.5147705078125 -202.36956787109375 7.4000000953674316
v 1924.0804443359375 -202.93525695800781 7.4000000953674316
v 1924.6461181640625 -203.50094604492188 5.9000000953674316
v 1924.6461181640625 -203.50094604492188 5.1500000953674316
v 1916.160888671875 -217.64308166503906 4.4000000953674316
v 1916.160888671875 -217.64308166503906 7.4000000953674316
v 1916.867919921875 -218.35018920898438 4.4000000953674316
v 1916.867919921875 -218.35018920898438 5.4000000953674316
v 1916.867919921875 -218.35018920898438 6.4000000953674316
v 1917.5750732421875 -219.05729675292969 4.4000000953674316
v 1917.5750732421875 -219.05729675292969 5.4000000953674316
v 1917.5750732421875 -219.05729675292969 6.4000000953674316
v 1918.2822265625 -219.764404296875 4.4000000953674316
v 1918.2822265625 -219.764404296875 5.4000000953674316
v 1918.2822265625 -219.764404296875 6.4000000953674316
v 1918.9892578125 -220.47151184082031 4.4000000953674316
v 1918.9892578125 -220.47151184082031 7.4000000953674316
v 1918.9892578125 -220.47151184082031 5.1500000953674316
v 1918.9892578125 -220.47151184082031 5.9000000953674316
v 1917.85791015625 -219.34013366699219 7.4000000953674316
v 1917.292236328125 -218.77444458007812 7.4000000953674316
v 1916.7265625 -218.20877075195312 7.4000000953674316
v 1916.160888671875 -217.64308166503906 5.9000000953674316
v 1916.160888671875 -217.64308166503906 5.1500000953674316
v 1918.9892578125 -220.47151184082031 4.4000000953674316
v 1918.9892578125 -220.47151184082031 7.4000000953674316
v 1919.6964111328125 -219.764404296875 4.4000000953674316
v 1919.6964111328125 -219.764404296875 5.4000000953674316
v 1919.6964111328125 -219.764404296875 6.4000000953674316
v 1919.6964111328125 -219.764404296875 7.4000000953674316
v 1920.403564453125 -219.05729675292969 4.4000000953674316
v 1920.403564453125 -219.05729675292969 5.4000000953674316
v 1920.403564453125 -219.05729675292969 6.4000000953674316
v 1921.110595703125 -218.35018920898438 4.4000000953674316
v 1921.110595703125 -218.35018920898438 5.4000000953674316
v 1921.110595703125 -218.35018920898438 6.4000000953674316
v 1921.110595703125 -218.35018920898438 7.4000000953674316
v 1921.8177490234375 -217.64308166503906 4.4000000953674316
v 1921.8177490234375 -217.64308166503906 7.4000000953674316
v 1918.9892578125 -220.47151184082031 5.9000000953674316
v 1918.9892578125 -220.47151184082031 5.1500000953674316
v 1921.8177490234375 -217.64308166503906 5.1500000953674316
v 1921.8177490234375 -217.64308166503906 5.9000000953674316
v 1920.403564453125 -219.05729675292969 7.4000000953674316
v 1918.9892578125 -214.81465148925781 4.4000000953674316
v 1918.9892578125 -214.81465148925781 7.4000000953674316
v 1918.2822265625 -215.52175903320312 4.4000000953674316
v 1918.2822265625 -215.52175903320312 5.4000000953674316
v 1918.2822265625 -215.52175903320312 6.4000000953674316
v 1917.5750732421875 -216.22886657714844 4.4000000953674316
v 1917.5750732421875 -216.22886657714844 5.4000000953674316
v 1917.5750732421875 -216.22886657714844 6.4000000953674316
v 1916.867919921875 -216.93597412109375 4.4000000953674316
v 1916.867919921875 -216.93597412109375 5.4000000953674316
v 1916.867919921875 -216.93597412109375 6.4000000953674316
v 1916.160888671875 -217.64308166503906 4.4000000953674316
v 1916.160888671875 -217.64308166503906 7.4000000953674316
v 1916.160888671875 -217.64308166503906 5.1500000953674316
v 1916.160888671875 -217.64308166503906 5.9000000953674316
v 1918.9892578125 -214.81465148925781 5.9000000953674316
v 1918.9892578125 -214.81465148925781 5.1500000953674316
v 1917.292236328125 -216.51170349121094 7.4000000953674316
v 1917.85791015625 -215.94602966308594 7.4000000953674316
v 1918.423583984375 -215.38034057617188 7.4000000953674316
v 1921.8177490234375 -217.64308166503906 4.4000000953674316
v 1921.8177490234375 -217.64308166503906 7.4000000953674316
v 1922.5247802734375 -216.93597412109375 4.4000000953674316
v 1922.5247802734375 -216.93597412109375 5.4000000953674316
v 1922.5247802734375 -216.93597412109375 6.4000000953674316
v 1923.23193359375 -216.22886657714844 4.4000000953674316
v 1923.23193359375 -216.22886657714844 5.4000000953674316
v 1923.23193359375 -216.22886657714844 6.4000000953674316
v 1923.9390869140625 -215.52175903320312 4.4000000953674316
v 1923.9390869140625 -215.52175903320312 5.4000000953674316
v 1923.9390869140625 -215.52175903320312 6.4000000953674316
v 1924.6461181640625 -214.81465148925781 4.4000000953674316
v 1924.6461181640625 -214.81465148925781 7.4000000953674316
v 1921.8177490234375 -217.64308166503906 5.9000000953674316
v 1921.8177490234375 -217.64308166503906 5.1500000953674316
v 1924.6461181640625 -214.81465148925781 5.1500000953674316
v 1924.6461181640625 -214.81465148925781 5.9000000953674316
v 1923.5147705078125 -215.94602966308594 7.4000000953674316
v 1922.9490966796875 -216.51170349121094 7.4000000953674316
v 1922.3834228515625 -217.077392578125 7.4000000953674316
v 1924.6461181640625 -214.81465148925781 4.4000000953674316
v 1924.6461181640625 -214.81465148925781 7.4000000953674316
v 1923.703369140625 -213.87184143066406 4.4000000953674316
v 1923.703369140625 -213.87184143066406 5.4000000953674316
v 1923.703369140625 -213.87184143066406 6.4000000953674316
v 1922.760498046875 -212.92903137207031 4.4000000953674316
v 1922.760498046875 -212.92903137207031 5.4000000953674316
v 1922.760498046875 -212.92903137207031 6.4000000953674316
v 1921.8177490234375 -211.98622131347656 4.4000000953674316
v 1921.8177490234375 -211.98622131347656 7.4000000953674316
v 1924.6461181640625 -214.81465148925781 5.9000000953674316
v 1924.6461181640625 -214.81465148925781 5.1500000953674316
v 1921.8177490234375 -211.98622131347656 5.1500000953674316
v 1921.8177490234375 -211.98622131347656 5.9000000953674316
v 1923.23193359375 -213.40043640136719 7.4000000953674316
v 1923.9390869140625 -214.1075439453125 7.4000000953674316
v 1920.0120849609375 -210.18063354492188 4.4000000953674316
v 1920.0120849609375 -210.18063354492188 7.4000000953674316
v 1919.500732421875 -209.66921997070312 4.4000000953674316
v 1918.9892578125 -209.15779113769531 4.4000000953674316
v 1918.9892578125 -209.15779113769531 7.4000000953674316
v 1918.9892578125 -209.15779113769531 5.1500000953674316
v 1918.9892578125 -209.15779113769531 5.9000000953674316
v 1920.0120849609375 -210.18063354492188 5.9000000953674316
v 1920.0120849609375 -210.18063354492188 5.1500000953674316
v 1919.500732421875 -209.66921997070312 6.4000000953674316
v 1921.8177490234375 -211.98622131347656 4.4000000953674316
v 1921.8177490234375 -211.98622131347656 7.4000000953674316
v 1920.9149169921875 -211.08343505859375 4.4000000953674316
v 1920.0120849609375 -210.18063354492188 4.4000000953674316
v 1920.0120849609375 -210.18063354492188 7.4000000953674316
v 1921.8177490234375 -211.98622131347656 5.9000000953674316
v 1921.8177490234375 -211.98622131347656 5.1500000953674316
v 1920.0120849609375 -210.18063354492188 5.1500000953674316
v 1920.0120849609375 -210.18063354492188 5.9000000953674316
v 1921.2158203125 -211.38435363769531 7.4000000953674316
v 1920.9149169921875 -211.08343505859375 6.4000000953674316
v 1890.22021484375 -209.6466064453125 11.899999618530273
v 1890.647705078125 -209.21905517578125 11.899999618530273
v 1889.748779296875 -209.17520141601562 12.399999618530273
v 1890.1763916015625 -208.74765014648438 12.399999618530273
v 1888.8060302734375 -208.23239135742188 13.399999618530273
v 1889.2335205078125 -207.80484008789062 13.399999618530273
v 1888.8060302734375 -208.23239135742188 13.399999618530273
v 1889.2335205078125 -207.80484008789062 13.399999618530273
v 1888.3345947265625 -207.760986328125 12.899999618530273
v 1888.7620849609375 -207.33343505859375 12.899999618530273
v 1887.3917236328125 -206.81819152832031 11.899999618530273
v 1887.8193359375 -206.390625 11.899999618530273
v 1887.3917236328125 -206.81819152832031 11.899999618530273
v 1887.8193359375 -206.390625 11.899999618530273
v 1887.3917236328125 -206.81819152832031 10.399999618530273
v 1887.8193359375 -206.390625 10.399999618530273
v 1887.3917236328125 -206.81819152832031 10.399999618530273
v 1887.8193359375 -206.390625 10.399999618530273
v 1890.22021484375 -209.6466064453125 10.399999618530273
v 1890.647705078125 -209.21905517578125 10.399999618530273
v 1889.2335205078125 -207.80484008789062 10.399999618530273
v 1888.7620849609375 -207.33343505859375 10.399999618530273
v 1890.1763916015625 -208.74765014648438 10.399999618530273
v 1887.8631591796875 -207.28958129882812 10.399999618530273
v 1888.8060302734375 -208.23239135742188 10.399999618530273
v 1887.3917236328125 -206.81819152832031 10.399999618530273
v 1888.3345947265625 -207.760986328125 11.399999618530273
v 1888.3345947265625 -207.760986328125 12.399999618530273
v 1889.27734375 -208.70379638671875 11.399999618530273
v 1889.27734375 -208.70379638671875 12.399999618530273
v 1890.22021484375 -209.6466064453125 11.899999618530273
v 1889.748779296875 -209.17520141601562 12.399999618530273
v 1888.8060302734375 -208.23239135742188 13.399999618530273
v 1888.3345947265625 -207.760986328125 12.899999618530273
v 1887.3917236328125 -206.81819152832031 11.899999618530273
v 1887.8631591796875 -207.28958129882812 10.399999618530273
v 1888.8060302734375 -208.23239135742188 10.399999618530273
v 1890.22021484375 -209.6466064453125 10.399999618530273
v 1889.2335205078125 -207.80484008789062 13.399999618530273
v 1887.8193359375 -206.390625 11.899999618530273
v 1887.8193359375 -206.390625 13.399999618530273
v 1888.7620849609375 -207.33343505859375 12.899999618530273
v 1888.7620849609375 -207.33343505859375 13.399999618530273
v 1890.647705078125 -209.21905517578125 11.899999618530273
v 1890.647705078125 -209.21905517578125 13.399999618530273
v 1889.2335205078125 -207.80484008789062 13.399999618530273
v 1890.1763916015625 -208.74765014648438 12.399999618530273
v 1890.647705078125 -209.21905517578125 12.649999618530273
v 1890.1763916015625 -208.74765014648438 13.399999618530273
v 1899.136962890625 -217.70234680175781 10.399999618530273
v 1899.135009765625 -217.70234680175781 13.399999618530273
v 1898.192138671875 -216.75953674316406 11.399999618530273
v 1898.192138671875 -216.75953674316406 12.399999618530273
v 1897.2493896484375 -215.81672668457031 11.399999618530273
v 1897.2493896484375 -215.81672668457031 12.399999618530273
v 1896.3076171875 -214.87492370605469 10.399999618530273
v 1896.3065185546875 -214.87393188476562 13.399999618530273
v 1897.7247314453125 -216.28813171386719 10.399999618530273
v 1897.2523193359375 -215.81706237792969 10.399999618530273
v 1896.307373046875 -214.87466430664062 11.149999618530273
v 1896.30712890625 -214.87442016601562 11.899999618530273
v 1897.013671875 -215.58102416992188 13.399999618530273
v 1897.7208251953125 -216.28813171386719 13.399999618530273
v 1898.4278564453125 -216.9952392578125 13.399999618530273
v 1899.135986328125 -217.70234680175781 11.899999618530273
v 1899.136474609375 -217.70234680175781 11.149999618530273
v 1896.3065185546875 -220.53077697753906 10.399999618530273
v 1896.3065185546875 -220.53077697753906 11.399999618530273
v 1896.3065185546875 -220.53077697753906 12.399999618530273
v 1896.3065185546875 -220.53077697753906 13.399999618530273
v 1897.013671875 -219.82366943359375 11.399999618530273
v 1897.013671875 -219.82366943359375 12.399999618530273
v 1897.7208251953125 -219.11656188964844 11.399999618530273
v 1897.7208251953125 -219.11656188964844 12.399999618530273
v 1897.7208251953125 -219.11656188964844 13.399999618530273
v 1898.4278564453125 -218.40945434570312 11.399999618530273
v 1898.4278564453125 -218.40945434570312 12.399999618530273
v 1899.136962890625 -217.70234680175781 10.399999618530273
v 1899.135009765625 -217.70234680175781 13.399999618530273
v 1899.136474609375 -217.70234680175781 11.149999618530273
v 1899.135986328125 -217.70234680175781 11.899999618530273
v 1896.8726806640625 -219.965087890625 10.399999618530273
v 1897.438720703125 -219.3994140625 10.399999618530273
v 1898.0048828125 -218.83372497558594 10.399999618530273
v 1897.013671875 -219.82366943359375 13.399999618530273
v 1893.4781494140625 -212.04550170898438 10.399999618530273
v 1893.4781494140625 -212.04550170898438 11.399999618530273
v 1893.4781494140625 -212.04550170898438 12.399999618530273
v 1893.4781494140625 -212.04550170898438 13.399999618530273
v 1892.77099609375 -212.75260925292969 11.399999618530273
v 1892.77099609375 -212.75260925292969 12.399999618530273
v 1892.77099609375 -212.75260925292969 13.399999618530273
v 1892.06396484375 -213.459716796875 11.399999618530273
v 1892.06396484375 -213.459716796875 12.399999618530273
v 1892.06396484375 -213.459716796875 13.399999618530273
v 1891.3568115234375 -214.16682434082031 11.399999618530273
v 1891.3568115234375 -214.16682434082031 12.399999618530273
v 1890.647705078125 -214.87591552734375 10.399999618530273
v 1890.6497802734375 -214.87393188476562 13.399999618530273
v 1890.648193359375 -214.87541198730469 11.149999618530273
v 1890.648681640625 -214.87492370605469 11.899999618530273
v 1891.3568115234375 -214.16682434082031 13.399999618530273
v 1893.048583984375 -212.47503662109375 10.399999618530273
v 1892.4483642578125 -213.07525634765625 10.399999618530273
v 1891.84814453125 -213.67547607421875 10.399999618530273
v 1899.135986328125 -212.04649353027344 10.399999618530273
v 1899.135009765625 -212.04550170898438 13.399999618530273
v 1898.1822509765625 -211.09271240234375 10.399999618530273
v 1898.1812744140625 -211.09172058105469 13.399999618530273
v 1898.1820068359375 -211.09246826171875 11.149999618530273
v 1898.1817626953125 -211.09222412109375 11.899999618530273
v 1899.135498046875 -212.04598999023438 11.899999618530273
v 1899.1357421875 -212.04624938964844 11.149999618530273
v 1898.1822509765625 -211.09271240234375 10.399999618530273
v 1898.1812744140625 -211.09172058105469 13.399999618530273
v 1896.3055419921875 -209.21806335449219 10.399999618530273
v 1896.3055419921875 -209.21806335449219 11.399999618530273
v 1896.3055419921875 -209.21806335449219 12.399999618530273
v 1896.3055419921875 -209.21806335449219 13.399999618530273
v 1897.556640625 -210.46783447265625 10.399999618530273
v 1898.1817626953125 -211.09222412109375 11.899999618530273
v 1898.1820068359375 -211.09246826171875 11.149999618530273
v 1897.5560302734375 -210.46717834472656 13.399999618530273
v 1893.048583984375 -212.47503662109375 10.399999618530273
v 1893.5255126953125 -211.99815368652344 10.399999618530273
v 1892.48291015625 -211.90934753417969 10.399999618530273
v 1892.9598388671875 -211.43246459960938 10.399999618530273
v 1891.917236328125 -211.34367370605469 10.399999618530273
v 1892.3941650390625 -210.86677551269531 10.399999618530273
v 1891.3515625 -210.77798461914062 10.399999618530273
v 1891.8284912109375 -210.30110168457031 10.399999618530273
v 1890.785888671875 -210.21229553222656 10.399999618530273
v 1891.2626953125 -209.73541259765625 10.399999618530273
v 1890.22021484375 -209.6466064453125 10.399999618530273
v 1890.697021484375 -209.16972351074219 10.399999618530273
v 1890.647705078125 -209.21905517578125 10.399999618530273
v 1890.9798583984375 -209.45256042480469 10.399999618530273
v 1891.0242919921875 -209.97384643554688 10.399999618530273
v 1890.5030517578125 -209.92945861816406 10.399999618530273
v 1890.741455078125 -209.69100952148438 10.399999618530273
v 1890.8385009765625 -209.31114196777344 10.399999618530273
v 1890.8607177734375 -209.57179260253906 10.399999618530273
v 1890.60009765625 -209.54959106445312 10.399999618530273
v 1890.71923828125 -209.43037414550781 10.399999618530273
v 1890.767822265625 -209.24043273925781 10.399999618530273
v 1890.7789306640625 -209.37075805664062 10.399999618530273
v 1890.6485595703125 -209.35966491699219 10.399999618530273
v 1890.7081298828125 -209.300048828125 10.399999618530273
v 1893.4781494140625 -212.04550170898438 10.399999618530273
v 1892.7213134765625 -211.67091369628906 10.399999618530273
v 1893.24267578125 -211.71531677246094 10.399999618530273
v 1893.287109375 -212.23660278320312 10.399999618530273
v 1892.7657470703125 -212.19219970703125 10.399999618530273
v 1893.004150390625 -211.95375061035156 10.399999618530273
v 1893.1234130859375 -211.83453369140625 10.399999618530273
v 1893.384033203125 -211.85673522949219 10.399999618530273
v 1893.40625 -212.11737060546875 10.399999618530273
v 1893.1456298828125 -212.09516906738281 10.399999618530273
v 1893.264892578125 -211.9759521484375 10.399999618530273
v 1893.324462890625 -211.91633605957031 10.399999618530273
v 1893.454833984375 -211.92744445800781 10.399999618530273
v 1893.3355712890625 -212.04666137695312 10.399999618530273
v 1893.3951416015625 -211.98704528808594 10.399999618530273
v 1890.22021484375 -209.6466064453125 10.399999618530273
v 1890.697021484375 -209.16972351074219 10.399999618530273
v 1890.22021484375 -209.6466064453125 11.149999618530273
v 1890.697021484375 -209.16972351074219 11.149999618530273
v 1890.22021484375 -209.6466064453125 11.899999618530273
v 1890.697021484375 -209.16972351074219 11.899999618530273
v 1890.647705078125 -209.21905517578125 10.399999618530273
v 1890.4586181640625 -209.40817260742188 11.149999618530273
v 1890.697021484375 -209.16972351074219 10.774999618530273
v 1890.22021484375 -209.6466064453125 10.774999618530273
v 1890.4586181640625 -209.40817260742188 10.774999618530273
v 1890.577880859375 -209.2889404296875 10.774999618530273
v 1890.697021484375 -209.16972351074219 10.587499618530273
v 1890.4586181640625 -209.40817260742188 10.587499618530273
v 1890.577880859375 -209.2889404296875 10.587499618530273
v 1890.637451171875 -209.22933959960938 10.587499618530273
v 1890.697021484375 -209.16972351074219 10.493749618530273
v 1890.577880859375 -209.2889404296875 10.493749618530273
v 1890.637451171875 -209.22933959960938 10.493749618530273
v 1890.647705078125 -209.21905517578125 11.899999618530273
v 1890.4586181640625 -209.40817260742188 11.899999618530273
v 1890.697021484375 -209.16972351074219 11.524999618530273
v 1890.22021484375 -209.6466064453125 11.524999618530273
v 1890.4586181640625 -209.40817260742188 11.524999618530273
v 1890.577880859375 -209.2889404296875 11.899999618530273
v 1890.697021484375 -209.16972351074219 11.712499618530273
v 1890.577880859375 -209.2889404296875 11.524999618530273
v 1890.4586181640625 -209.40817260742188 11.712499618530273
v 1890.577880859375 -209.2889404296875 11.712499618530273
v 1890.697021484375 -209.16972351074219 11.806249618530273
v 1890.637451171875 -209.22933959960938 11.712499618530273
v 1890.577880859375 -209.2889404296875 11.806249618530273
v 1890.637451171875 -209.22933959960938 11.806249618530273
v 1890.22021484375 -209.6466064453125 11.899999618530273
v 1890.697021484375 -209.16972351074219 11.899999618530273
v 1891.16845703125 -209.64112854003906 12.399999618530273
v 1891.6343994140625 -211.06082153320312 13.399999618530273
v 1892.111328125 -210.58393859863281 13.399999618530273
v 1890.647705078125 -209.21905517578125 11.899999618530273
v 1890.6943359375 -209.64387512207031 12.149999618530273
v 1890.8135986328125 -209.52464294433594 12.149999618530273
v 1890.576416015625 -209.52601623535156 12.024999618530273
v 1890.6956787109375 -209.40679931640625 12.024999618530273
v 1890.7552490234375 -209.34718322753906 12.024999618530273
v 1890.63671875 -209.34786987304688 11.962499618530273
v 1890.6964111328125 -209.28826904296875 11.962499618530273
v 1890.6915283203125 -210.11801147460938 12.399999618530273
v 1891.6343994140625 -211.06082153320312 13.399999618530273
v 1892.111328125 -210.58393859863281 13.399999618530273
v 1892.5826416015625 -211.05534362792969 12.899999618530273
v 1893.048583984375 -212.47503662109375 11.899999618530273
v 1893.5255126953125 -211.99815368652344 11.899999618530273
v 1892.1058349609375 -211.5322265625 12.899999618530273
v 1893.048583984375 -212.47503662109375 11.899999618530273
v 1893.5255126953125 -211.99815368652344 11.899999618530273
v 1893.5255126953125 -211.99815368652344 11.149999618530273
v 1893.048583984375 -212.47503662109375 10.399999618530273
v 1893.5255126953125 -211.99815368652344 10.399999618530273
v 1893.4781494140625 -212.04550170898438 10.399999618530273
v 1893.5255126953125 -211.99815368652344 10.774999618530273
v 1893.287109375 -212.23660278320312 11.149999618530273
v 1893.287109375 -212.23660278320312 10.774999618530273
v 1893.5255126953125 -211.99815368652344 10.587499618530273
v 1893.40625 -212.11737060546875 10.774999618530273
v 1893.287109375 -212.23660278320312 10.587499618530273
v 1893.40625 -212.11737060546875 10.587499618530273
v 1893.5255126953125 -211.99815368652344 10.493749618530273
v 1893.4659423828125 -212.05776977539062 10.587499618530273
v 1893.40625 -212.11737060546875 10.493749618530273
v 1893.4659423828125 -212.05776977539062 10.493749618530273
v 1893.048583984375 -212.47503662109375 10.399999618530273
v 1892.341552734375 -211.76792907714844 11.399999618530273
v 1892.341552734375 -211.76792907714844 12.399999618530273
v 1891.6343994140625 -211.06082153320312 11.399999618530273
v 1891.6343994140625 -211.06082153320312 12.399999618530273
v 1890.92724609375 -210.35371398925781 11.399999618530273
v 1890.92724609375 -210.35371398925781 12.399999618530273
v 1890.22021484375 -209.6466064453125 10.399999618530273
v 1890.22021484375 -209.6466064453125 11.899999618530273
v 1890.6915283203125 -210.11801147460938 12.399999618530273
v 1891.6343994140625 -211.06082153320312 13.399999618530273
v 1892.1058349609375 -211.5322265625 12.899999618530273
v 1893.048583984375 -212.47503662109375 11.899999618530273
v 1892.341552734375 -211.76792907714844 10.399999618530273
v 1891.6343994140625 -211.06082153320312 10.399999618530273
v 1890.92724609375 -210.35371398925781 10.399999618530273
v 1896.3055419921875 -209.21806335449219 10.399999618530273
v 1896.3055419921875 -209.21806335449219 13.399999618530273
v 1895.5975341796875 -208.51194763183594 11.399999618530273
v 1895.5975341796875 -208.51194763183594 12.399999618530273
v 1894.890380859375 -207.80484008789062 11.399999618530273
v 1894.890380859375 -207.80484008789062 12.399999618530273
v 1894.1832275390625 -207.09773254394531 11.399999618530273
v 1894.1832275390625 -207.09773254394531 12.399999618530273
v 1893.4761962890625 -206.390625 10.399999618530273
v 1893.4761962890625 -206.390625 13.399999618530273
v 1896.3055419921875 -209.21806335449219 12.399999618530273
v 1896.3055419921875 -209.21806335449219 11.399999618530273
v 1894.60791015625 -207.5216064453125 13.399999618530273
v 1895.173828125 -208.08709716796875 13.399999618530273
v 1895.73974609375 -208.65257263183594 13.399999618530273
v 1894.7818603515625 -207.69631958007812 10.399999618530273
v 1895.7977294921875 -208.7108154296875 10.399999618530273
v 1893.4761962890625 -206.390625 11.899999618530273
v 1892.111328125 -210.58393859863281 13.399999618530273
v 1893.5255126953125 -211.99815368652344 11.899999618530273
v 1893.5255126953125 -211.99815368652344 12.649999618530273
v 1893.5255126953125 -211.99815368652344 13.399999618530273
v 1892.5826416015625 -211.05534362792969 12.899999618530273
v 1892.5826416015625 -211.05534362792969 13.399999618530273
v 1890.697021484375 -209.16972351074219 11.899999618530273
v 1890.697021484375 -209.16972351074219 13.399999618530273
v 1892.111328125 -210.58393859863281 13.399999618530273
v 1891.16845703125 -209.64112854003906 12.399999618530273
v 1890.697021484375 -209.16972351074219 12.649999618530273
v 1894.7818603515625 -207.69631958007812 7.4000000953674316
v 1894.7818603515625 -207.69631958007812 10.399999618530273
v 1893.4761962890625 -206.390625 7.4000000953674316
v 1893.4761962890625 -206.390625 10.399999618530273
v 1894.7818603515625 -207.69631958007812 9.3999996185302734
v 1894.7818603515625 -207.69631958007812 8.3999996185302734
v 1893.4761962890625 -206.390625 8.8999996185302734
v 1890.22021484375 -209.6466064453125 7.4000000953674316
v 1890.22021484375 -209.6466064453125 9.3999996185302734
v 1890.22021484375 -209.6466064453125 10.399999618530273
v 1891.1629638671875 -210.58941650390625 8.3999996185302734
v 1891.1629638671875 -210.58941650390625 9.3999996185302734
v 1892.1058349609375 -211.5322265625 8.3999996185302734
v 1892.1058349609375 -211.5322265625 9.3999996185302734
v 1893.048583984375 -212.47503662109375 7.4000000953674316
v 1893.048583984375 -212.47503662109375 10.399999618530273
v 1890.22021484375 -209.6466064453125 8.8999996185302734
v 1890.92724609375 -210.35371398925781 7.4000000953674316
v 1891.6343994140625 -211.06082153320312 7.4000000953674316
v 1892.341552734375 -211.76792907714844 7.4000000953674316
v 1893.048583984375 -212.47503662109375 8.3999996185302734
v 1893.048583984375 -212.47503662109375 9.3999996185302734
v 1892.341552734375 -211.76792907714844 10.399999618530273
v 1891.6343994140625 -211.06082153320312 10.399999618530273
v 1890.92724609375 -210.35371398925781 10.399999618530273
v 1896.3055419921875 -209.21806335449219 7.4000000953674316
v 1896.3055419921875 -209.21806335449219 10.399999618530273
v 1894.7818603515625 -207.69631958007812 7.4000000953674316
v 1894.7818603515625 -207.69631958007812 10.399999618530273
v 1896.3055419921875 -209.21806335449219 9.3999996185302734
v 1896.3055419921875 -209.21806335449219 8.3999996185302734
v 1894.7818603515625 -207.69631958007812 8.3999996185302734
v 1894.7818603515625 -207.69631958007812 9.3999996185302734
v 1895.7977294921875 -208.7108154296875 7.4000000953674316
v 1895.7977294921875 -208.7108154296875 10.399999618530273
v 1887.3917236328125 -206.81819152832031 7.4000000953674316
v 1887.8193359375 -206.390625 7.4000000953674316
v 1893.048583984375 -212.47503662109375 7.4000000953674316
v 1893.4761962890625 -212.0474853515625 7.4000000953674316
v 1892.0618896484375 -210.63327026367188 7.4000000953674316
v 1891.3548583984375 -209.92616271972656 7.4000000953674316
v 1890.647705078125 -209.21905517578125 7.4000000953674316
v 1889.516357421875 -208.08769226074219 7.4000000953674316
v 1888.95068359375 -207.52200317382812 7.4000000953674316
v 1888.385009765625 -206.95631408691406 7.4000000953674316
v 1887.9573974609375 -207.38386535644531 7.4000000953674316
v 1888.5230712890625 -207.94955444335938 7.4000000953674316
v 1889.0888671875 -208.51524353027344 7.4000000953674316
v 1890.22021484375 -209.6466064453125 7.4000000953674316
v 1890.92724609375 -210.35371398925781 7.4000000953674316
v 1891.6343994140625 -211.06082153320312 7.4000000953674316
v 1892.341552734375 -211.76792907714844 7.4000000953674316
v 1896.3045654296875 -203.56221008300781 10.399999618530273
v 1896.3045654296875 -203.56221008300781 13.399999618530273
v 1895.36181640625 -204.50502014160156 11.399999618530273
v 1895.36181640625 -204.50502014160156 12.399999618530273
v 1894.4189453125 -205.44781494140625 11.399999618530273
v 1894.4189453125 -205.44781494140625 12.399999618530273
v 1893.4761962890625 -206.390625 10.399999618530273
v 1893.4761962890625 -206.390625 13.399999618530273
v 1896.3045654296875 -203.56221008300781 11.899999618530273
v 1896.3045654296875 -203.56221008300781 11.149999618530273
v 1895.5975341796875 -204.26931762695312 10.399999618530273
v 1894.890380859375 -204.97642517089844 10.399999618530273
v 1894.1832275390625 -205.68351745605469 10.399999618530273
v 1894.890380859375 -204.97642517089844 13.399999618530273
v 1895.5975341796875 -204.26931762695312 13.399999618530273
v 1893.4761962890625 -206.390625 11.899999618530273
v 1896.3045654296875 -203.56221008300781 7.4000000953674316
v 1896.3045654296875 -203.56221008300781 8.3999996185302734
v 1896.3045654296875 -203.56221008300781 9.3999996185302734
v 1896.3045654296875 -203.56221008300781 10.399999618530273
v 1895.36181640625 -204.50502014160156 8.3999996185302734
v 1895.36181640625 -204.50502014160156 9.3999996185302734
v 1894.4189453125 -205.44781494140625 8.3999996185302734
v 1894.4189453125 -205.44781494140625 9.3999996185302734
v 1893.4761962890625 -206.390625 7.4000000953674316
v 1893.4761962890625 -206.390625 10.399999618530273
v 1894.1832275390625 -205.68351745605469 10.399999618530273
v 1894.890380859375 -204.97642517089844 10.399999618530273
v 1895.5975341796875 -204.26931762695312 10.399999618530273
v 1895.7388916015625 -204.12788391113281 7.4000000953674316
v 1895.1732177734375 -204.69357299804688 7.4000000953674316
v 1894.6075439453125 -205.25926208496094 7.4000000953674316
v 1893.4761962890625 -206.390625 8.8999996185302734
v 1893.4761962890625 -206.390625 4.4000000953674316
v 1893.4761962890625 -206.390625 5.4000000953674316
v 1893.4761962890625 -206.390625 7.4000000953674316
v 1894.1832275390625 -205.68351745605469 4.4000000953674316
v 1894.1832275390625 -205.68351745605469 5.4000000953674316
v 1894.1832275390625 -205.68351745605469 6.4000000953674316
v 1894.890380859375 -204.97642517089844 4.4000000953674316
v 1894.890380859375 -204.97642517089844 5.4000000953674316
v 1894.890380859375 -204.97642517089844 6.4000000953674316
v 1895.5975341796875 -204.26931762695312 4.4000000953674316
v 1895.5975341796875 -204.26931762695312 5.4000000953674316
v 1895.5975341796875 -204.26931762695312 6.4000000953674316
v 1896.3045654296875 -203.56221008300781 4.4000000953674316
v 1896.3045654296875 -203.56221008300781 5.4000000953674316
v 1896.3045654296875 -203.56221008300781 7.4000000953674316
v 1893.4761962890625 -206.390625 6.4000000953674316
v 1896.3045654296875 -203.56221008300781 6.4000000953674316
v 1895.7388916015625 -204.12788391113281 7.4000000953674316
v 1895.1732177734375 -204.69357299804688 7.4000000953674316
v 1894.6075439453125 -205.25926208496094 7.4000000953674316
v 1896.3076171875 -214.87492370605469 10.399999618530273
v 1896.3065185546875 -214.87393188476562 13.399999618530273
v 1897.013671875 -214.16682434082031 11.399999618530273
v 1897.013671875 -214.16682434082031 12.399999618530273
v 1897.7208251953125 -213.459716796875 11.399999618530273
v 1897.7208251953125 -213.459716796875 12.399999618530273
v 1898.4278564453125 -212.75260925292969 11.399999618530273
v 1898.4278564453125 -212.75260925292969 12.399999618530273
v 1899.135986328125 -212.04649353027344 10.399999618530273
v 1899.135009765625 -212.04550170898438 13.399999618530273
v 1896.873291015625 -214.30923461914062 10.399999618530273
v 1897.43896484375 -213.74354553222656 10.399999618530273
v 1898.004638671875 -213.1778564453125 10.399999618530273
v 1896.30712890625 -214.87442016601562 11.899999618530273
v 1896.307373046875 -214.87466430664062 11.149999618530273
v 1899.1357421875 -212.04624938964844 11.149999618530273
v 1899.135498046875 -212.04598999023438 11.899999618530273
v 1898.003662109375 -213.17686462402344 13.399999618530273
v 1897.43798828125 -213.7425537109375 13.399999618530273
v 1896.872314453125 -214.30824279785156 13.399999618530273
v 1896.30859375 -214.87591552734375 4.4000000953674316
v 1896.30859375 -214.87591552734375 5.4000000953674316
v 1896.30859375 -214.87591552734375 7.4000000953674316
v 1897.01416015625 -214.17030334472656 4.4000000953674316
v 1897.01416015625 -214.17030334472656 5.4000000953674316
v 1897.01416015625 -214.17030334472656 6.4000000953674316
v 1897.7218017578125 -213.46269226074219 4.4000000953674316
v 1897.7218017578125 -213.46269226074219 5.4000000953674316
v 1897.7218017578125 -213.46269226074219 6.4000000953674316
v 1898.429443359375 -212.75509643554688 4.4000000953674316
v 1898.429443359375 -212.75509643554688 5.4000000953674316
v 1898.429443359375 -212.75509643554688 6.4000000953674316
v 1899.136962890625 -212.0474853515625 4.4000000953674316
v 1899.136962890625 -212.0474853515625 5.4000000953674316
v 1899.136962890625 -212.0474853515625 7.4000000953674316
v 1896.30859375 -214.87591552734375 6.4000000953674316
v 1898.005615234375 -213.17886352539062 7.4000000953674316
v 1897.43994140625 -213.74453735351562 7.4000000953674316
v 1896.874267578125 -214.31022644042969 7.4000000953674316
v 1899.136962890625 -212.0474853515625 6.4000000953674316
v 1896.310546875 -220.53077697753906 4.4000000953674316
v 1896.310546875 -220.53077697753906 5.4000000953674316
v 1896.310546875 -220.53077697753906 7.4000000953674316
v 1896.8232421875 -220.01812744140625 4.4000000953674316
v 1897.3358154296875 -219.50547790527344 4.4000000953674316
v 1897.3358154296875 -219.50547790527344 5.4000000953674316
v 1897.3358154296875 -219.50547790527344 7.4000000953674316
v 1897.3358154296875 -219.50547790527344 6.4000000953674316
v 1896.310546875 -220.53077697753906 6.4000000953674316
v 1896.8232421875 -220.01812744140625 6.4000000953674316
v 1897.3358154296875 -219.50547790527344 4.4000000953674316
v 1897.3358154296875 -219.50547790527344 5.4000000953674316
v 1897.3358154296875 -219.50547790527344 7.4000000953674316
v 1898.2374267578125 -218.60391235351562 4.4000000953674316
v 1899.1390380859375 -217.70234680175781 4.4000000953674316
v 1899.1390380859375 -217.70234680175781 5.4000000953674316
v 1899.1390380859375 -217.70234680175781 6.4000000953674316
v 1899.1390380859375 -217.70234680175781 7.4000000953674316
v 1897.3358154296875 -219.50547790527344 6.4000000953674316
v 1897.9368896484375 -218.90443420410156 7.4000000953674316
v 1898.2374267578125 -218.60391235351562 6.4000000953674316
v 1893.482177734375 -223.35920715332031 4.4000000953674316
v 1893.482177734375 -223.35920715332031 5.4000000953674316
v 1893.482177734375 -223.35920715332031 6.4000000953674316
v 1893.482177734375 -223.35920715332031 7.4000000953674316
v 1894.189208984375 -222.652099609375 4.4000000953674316
v 1894.189208984375 -222.652099609375 5.4000000953674316
v 1894.189208984375 -222.652099609375 6.4000000953674316
v 1894.8963623046875 -221.94499206542969 4.4000000953674316
v 1894.8963623046875 -221.94499206542969 5.4000000953674316
v 1894.8963623046875 -221.94499206542969 6.4000000953674316
v 1894.8963623046875 -221.94499206542969 7.4000000953674316
v 1895.6033935546875 -221.23788452148438 4.4000000953674316
v 1895.6033935546875 -221.23788452148438 5.4000000953674316
v 1895.6033935546875 -221.23788452148438 6.4000000953674316
v 1895.6033935546875 -221.23788452148438 7.4000000953674316
v 1896.310546875 -220.53077697753906 4.4000000953674316
v 1896.310546875 -220.53077697753906 5.4000000953674316
v 1896.310546875 -220.53077697753906 7.4000000953674316
v 1896.310546875 -220.53077697753906 6.4000000953674316
v 1894.189208984375 -222.652099609375 7.4000000953674316
v 1893.482177734375 -223.35920715332031 7.4000000953674316
v 1893.482177734375 -223.35920715332031 8.3999996185302734
v 1893.482177734375 -223.35920715332031 10.399999618530273
v 1894.290283203125 -222.55108642578125 8.3999996185302734
v 1894.290283203125 -222.55108642578125 9.3999996185302734
v 1895.098388671875 -221.74296569824219 8.3999996185302734
v 1895.098388671875 -221.74296569824219 9.3999996185302734
v 1895.906494140625 -220.93484497070312 8.3999996185302734
v 1895.906494140625 -220.93484497070312 9.3999996185302734
v 1896.714599609375 -220.12672424316406 8.3999996185302734
v 1896.714599609375 -220.12672424316406 9.3999996185302734
v 1897.522705078125 -219.31858825683594 8.3999996185302734
v 1897.522705078125 -219.31858825683594 9.3999996185302734
v 1898.330810546875 -218.51046752929688 8.3999996185302734
v 1898.330810546875 -218.51046752929688 9.3999996185302734
v 1899.1390380859375 -217.70234680175781 7.4000000953674316
v 1899.136962890625 -217.70234680175781 10.399999618530273
v 1893.482177734375 -223.35920715332031 9.3999996185302734
v 1899.138427734375 -217.70234680175781 8.1499996185302734
v 1899.137939453125 -217.70234680175781 8.8999996185302734
v 1898.0048828125 -218.83372497558594 10.399999618530273
v 1897.438720703125 -219.3994140625 10.399999618530273
v 1896.8726806640625 -219.965087890625 10.399999618530273
v 1896.3065185546875 -220.53077697753906 10.399999618530273
v 1896.310546875 -220.53077697753906 7.4000000953674316
v 1897.3358154296875 -219.50547790527344 7.4000000953674316
v 1897.9368896484375 -218.90443420410156 7.4000000953674316
v 1894.189208984375 -222.652099609375 7.4000000953674316
v 1894.8963623046875 -221.94499206542969 7.4000000953674316
v 1895.6033935546875 -221.23788452148438 7.4000000953674316
v 1894.8944091796875 -221.94499206542969 10.399999618530273
v 1894.188232421875 -222.652099609375 10.399999618530273
v 1896.3045654296875 -203.56221008300781 10.399999618530273
v 1896.3045654296875 -203.56221008300781 13.399999618530273
v 1895.36181640625 -202.61940002441406 11.399999618530273
v 1895.36181640625 -202.61940002441406 12.399999618530273
v 1894.4189453125 -201.67658996582031 11.399999618530273
v 1894.4189453125 -201.67658996582031 12.399999618530273
v 1893.4752197265625 -200.7327880859375 10.399999618530273
v 1893.4761962890625 -200.73377990722656 13.399999618530273
v 1896.3045654296875 -203.56221008300781 11.899999618530273
v 1896.3045654296875 -203.56221008300781 11.149999618530273
v 1893.4754638671875 -200.7330322265625 11.149999618530273
v 1893.4757080078125 -200.7332763671875 11.899999618530273
v 1895.36181640625 -202.61940002441406 10.399999618530273
v 1894.890380859375 -202.14799499511719 10.399999618530273
v 1893.9468994140625 -201.20451354980469 10.399999618530273
v 1894.7259521484375 -201.98355102539062 13.399999618530273
v 1895.350830078125 -202.60842895507812 13.399999618530273
v 1893.4752197265625 -200.7327880859375 4.4000000953674316
v 1893.4761962890625 -200.73377990722656 13.399999618530273
v 1892.6680908203125 -201.54190063476562 4.4000000953674316
v 1892.6680908203125 -201.54190063476562 5.4000000953674316
v 1892.6680908203125 -201.54190063476562 6.4000000953674316
v 1892.6680908203125 -201.54190063476562 7.4000000953674316
v 1892.6680908203125 -201.54190063476562 8.3999996185302734
v 1892.6680908203125 -201.54190063476562 9.3999996185302734
v 1892.6680908203125 -201.54190063476562 10.399999618530273
v 1892.6680908203125 -201.54190063476562 11.399999618530273
v 1892.6680908203125 -201.54190063476562 12.399999618530273
v 1891.85986328125 -202.35002136230469 4.4000000953674316
v 1891.85986328125 -202.35002136230469 5.4000000953674316
v 1891.85986328125 -202.35002136230469 6.4000000953674316
v 1891.85986328125 -202.35002136230469 7.4000000953674316
v 1891.85986328125 -202.35002136230469 8.3999996185302734
v 1891.85986328125 -202.35002136230469 9.3999996185302734
v 1891.85986328125 -202.35002136230469 10.399999618530273
v 1891.85986328125 -202.35002136230469 11.399999618530273
v 1891.85986328125 -202.35002136230469 12.399999618530273
v 1891.0517578125 -203.15814208984375 4.4000000953674316
v 1891.0517578125 -203.15814208984375 5.4000000953674316
v 1891.0517578125 -203.15814208984375 6.4000000953674316
v 1891.0517578125 -203.15814208984375 7.4000000953674316
v 1891.0517578125 -203.15814208984375 8.3999996185302734
v 1891.0517578125 -203.15814208984375 9.3999996185302734
v 1891.0517578125 -203.15814208984375 10.399999618530273
v 1891.0517578125 -203.15814208984375 11.399999618530273
v 1891.0517578125 -203.15814208984375 12.399999618530273
v 1890.24365234375 -203.96626281738281 4.4000000953674316
v 1890.24365234375 -203.96626281738281 5.4000000953674316
v 1890.24365234375 -203.96626281738281 6.4000000953674316
v 1890.24365234375 -203.96626281738281 7.4000000953674316
v 1890.24365234375 -203.96626281738281 8.3999996185302734
v 1890.24365234375 -203.96626281738281 9.3999996185302734
v 1890.24365234375 -203.96626281738281 10.399999618530273
v 1890.24365234375 -203.96626281738281 11.399999618530273
v 1890.24365234375 -203.96626281738281 12.399999618530273
v 1889.435546875 -204.77438354492188 4.4000000953674316
v 1889.435546875 -204.77438354492188 5.4000000953674316
v 1889.435546875 -204.77438354492188 6.4000000953674316
v 1889.435546875 -204.77438354492188 7.4000000953674316
v 1889.435546875 -204.77438354492188 8.3999996185302734
v 1889.435546875 -204.77438354492188 9.3999996185302734
v 1889.435546875 -204.77438354492188 10.399999618530273
v 1889.435546875 -204.77438354492188 11.399999618530273
v 1889.435546875 -204.77438354492188 12.399999618530273
v 1888.62744140625 -205.58250427246094 4.4000000953674316
v 1888.62744140625 -205.58250427246094 5.4000000953674316
v 1888.62744140625 -205.58250427246094 6.4000000953674316
v 1888.62744140625 -205.58250427246094 7.4000000953674316
v 1888.62744140625 -205.58250427246094 8.3999996185302734
v 1888.62744140625 -205.58250427246094 9.3999996185302734
v 1888.62744140625 -205.58250427246094 10.399999618530273
v 1888.62744140625 -205.58250427246094 11.399999618530273
v 1888.62744140625 -205.58250427246094 12.399999618530273
v 1887.8193359375 -206.390625 4.4000000953674316
v 1887.8193359375 -206.390625 5.4000000953674316
v 1887.8193359375 -206.390625 13.399999618530273
v 1887.8193359375 -206.390625 6.4000000953674316
v 1887.8193359375 -206.390625 7.4000000953674316
v 1887.8193359375 -206.390625 8.8999996185302734
v 1887.8193359375 -206.390625 10.399999618530273
v 1887.8193359375 -206.390625 11.899999618530273
v 1893.4757080078125 -200.7332763671875 11.899999618530273
v 1893.4754638671875 -200.7330322265625 11.149999618530273
v 1893.4752197265625 -200.7327880859375 10.399999618530273
v 1892.4007568359375 -201.80923461914062 13.399999618530273
v 1890.647705078125 -203.56221008300781 13.399999618530273
v 1891.81640625 -202.3935546875 13.399999618530273
v 1888.5263671875 -205.68351745605469 13.399999618530273
v 1889.2335205078125 -204.97642517089844 13.399999618530273
v 1889.940673828125 -204.26931762695312 13.399999618530273
v 1893.4747314453125 -200.73228454589844 8.8999996185302734
v 1893.474365234375 -200.73204040527344 8.1499996185302734
v 1893.47412109375 -200.73179626464844 7.4000000953674316
v 1893.4747314453125 -200.73228454589844 5.9000000953674316
v 1893.4749755859375 -200.73252868652344 5.1500000953674316
v 1893.048583984375 -212.47503662109375 7.4000000953674316
v 1893.048583984375 -212.47503662109375 9.3999996185302734
v 1893.048583984375 -212.47503662109375 10.399999618530273
v 1892.2476806640625 -213.27598571777344 8.3999996185302734
v 1892.2476806640625 -213.27598571777344 9.3999996185302734
v 1891.4466552734375 -214.07695007324219 8.3999996185302734
v 1891.4466552734375 -214.07695007324219 9.3999996185302734
v 1890.645751953125 -214.87789916992188 7.4000000953674316
v 1890.647705078125 -214.87591552734375 10.399999618530273
v 1893.048583984375 -212.47503662109375 8.3999996185302734
v 1892.4478759765625 -213.07575988769531 7.4000000953674316
v 1891.84716796875 -213.67646789550781 7.4000000953674316
v 1890.646240234375 -214.87741088867188 8.1499996185302734
v 1890.646728515625 -214.87690734863281 8.8999996185302734
v 1891.84814453125 -213.67547607421875 10.399999618530273
v 1892.4483642578125 -213.07525634765625 10.399999618530273
v 1890.645751953125 -214.87789916992188 7.4000000953674316
v 1890.647705078125 -214.87591552734375 10.399999618530273
v 1891.3533935546875 -215.58551025390625 8.3999996185302734
v 1891.3533935546875 -215.58551025390625 9.3999996185302734
v 1892.0609130859375 -216.29310607910156 8.3999996185302734
v 1892.0609130859375 -216.29310607910156 9.3999996185302734
v 1892.7685546875 -217.00071716308594 8.3999996185302734
v 1892.7685546875 -217.00071716308594 9.3999996185302734
v 1893.4796142578125 -217.70491027832031 7.4000000953674316
v 1893.4798583984375 -217.70333862304688 10.399999618530273
v 1893.4796142578125 -217.70451354980469 8.1499996185302734
v 1893.479736328125 -217.70413208007812 8.8999996185302734
v 1890.646728515625 -214.87690734863281 8.8999996185302734
v 1890.646240234375 -214.87741088867188 8.1499996185302734
v 1891.2125244140625 -215.44329833984375 7.4000000953674316
v 1891.779296875 -216.00869750976562 7.4000000953674316
v 1892.3460693359375 -216.57411193847656 7.4000000953674316
v 1892.346923828125 -216.57237243652344 10.399999618530273
v 1891.780517578125 -216.00688171386719 10.399999618530273
v 1891.214111328125 -215.44140625 10.399999618530273
v 1890.645751953125 -214.87789916992188 4.4000000953674316
v 1890.645751953125 -214.87789916992188 5.4000000953674316
v 1890.645751953125 -214.87789916992188 7.4000000953674316
v 1891.3533935546875 -215.58551025390625 4.4000000953674316
v 1891.3533935546875 -215.58551025390625 5.4000000953674316
v 1891.3533935546875 -215.58551025390625 6.4000000953674316
v 1892.0609130859375 -216.29310607910156 4.4000000953674316
v 1892.0609130859375 -216.29310607910156 5.4000000953674316
v 1892.0609130859375 -216.29310607910156 6.4000000953674316
v 1892.7685546875 -217.00071716308594 4.4000000953674316
v 1892.7685546875 -217.00071716308594 5.4000000953674316
v 1892.7685546875 -217.00071716308594 6.4000000953674316
v 1893.4791259765625 -217.70533752441406 4.4000000953674316
v 1893.4796142578125 -217.70491027832031 7.4000000953674316
v 1893.479248046875 -217.70523071289062 5.1500000953674316
v 1893.4793701171875 -217.70512390136719 5.9000000953674316
v 1890.645751953125 -214.87789916992188 6.4000000953674316
v 1892.3460693359375 -216.57411193847656 7.4000000953674316
v 1891.779296875 -216.00869750976562 7.4000000953674316
v 1891.2125244140625 -215.44329833984375 7.4000000953674316
v 1893.4798583984375 -217.70333862304688 10.399999618530273
v 1893.4781494140625 -217.70234680175781 13.399999618530273
v 1894.185302734375 -218.40945434570312 11.399999618530273
v 1894.185302734375 -218.40945434570312 12.399999618530273
v 1894.892333984375 -219.11656188964844 11.399999618530273
v 1894.892333984375 -219.11656188964844 12.399999618530273
v 1895.5994873046875 -219.82366943359375 11.399999618530273
v 1895.5994873046875 -219.82366943359375 12.399999618530273
v 1896.3065185546875 -220.53077697753906 10.399999618530273
v 1896.3065185546875 -220.53077697753906 11.399999618530273
v 1896.3065185546875 -220.53077697753906 12.399999618530273
v 1896.3065185546875 -220.53077697753906 13.399999618530273
v 1893.47900390625 -217.70285034179688 11.899999618530273
v 1893.4793701171875 -217.70309448242188 11.149999618530273
v 1894.126708984375 -218.34909057617188 10.399999618530273
v 1895.42041015625 -219.64059448242188 10.399999618530273
v 1895.1751708984375 -219.3994140625 13.399999618530273
v 1894.6094970703125 -218.83372497558594 13.399999618530273
v 1894.0438232421875 -218.26803588867188 13.399999618530273
v 1890.647705078125 -214.87591552734375 10.399999618530273
v 1890.6497802734375 -214.87393188476562 13.399999618530273
v 1891.592529296875 -215.81672668457031 11.399999618530273
v 1891.592529296875 -215.81672668457031 12.399999618530273
v 1892.535400390625 -216.75953674316406 11.399999618530273
v 1892.535400390625 -216.75953674316406 12.399999618530273
v 1893.4798583984375 -217.70333862304688 10.399999618530273
v 1893.4781494140625 -217.70234680175781 13.399999618530273
v 1890.648681640625 -214.87492370605469 11.899999618530273
v 1890.648193359375 -214.87541198730469 11.149999618530273
v 1891.214111328125 -215.44140625 10.399999618530273
v 1891.780517578125 -216.00688171386719 10.399999618530273
v 1892.346923828125 -216.57237243652344 10.399999618530273
v 1893.4793701171875 -217.70309448242188 11.149999618530273
v 1893.47900390625 -217.70285034179688 11.899999618530273
v 1892.77099609375 -216.9952392578125 13.399999618530273
v 1892.06396484375 -216.28813171386719 13.399999618530273
v 1891.3568115234375 -215.58102416992188 13.399999618530273
v 1916.160888671875 -211.98622131347656 4.4000000953674316
v 1916.160888671875 -211.98622131347656 7.4000000953674316
v 1916.867919921875 -212.69332885742188 4.4000000953674316
v 1916.867919921875 -212.69332885742188 5.4000000953674316
v 1916.867919921875 -212.69332885742188 6.4000000953674316
v 1917.5750732421875 -213.40043640136719 4.4000000953674316
v 1917.5750732421875 -213.40043640136719 5.4000000953674316
v 1917.5750732421875 -213.40043640136719 6.4000000953674316
v 1918.2822265625 -214.1075439453125 4.4000000953674316
v 1918.2822265625 -214.1075439453125 5.4000000953674316
v 1918.2822265625 -214.1075439453125 6.4000000953674316
v 1918.9892578125 -214.81465148925781 4.4000000953674316
v 1918.9892578125 -214.81465148925781 7.4000000953674316
v 1916.160888671875 -211.98622131347656 5.9000000953674316
v 1916.160888671875 -211.98622131347656 5.1500000953674316
v 1918.9892578125 -214.81465148925781 5.1500000953674316
v 1918.9892578125 -214.81465148925781 5.9000000953674316
v 1917.5750732421875 -213.40043640136719 7.4000000953674316
v 1916.867919921875 -212.69332885742188 7.4000000953674316
v 1916.1568603515625 -200.67251586914062 7.4000000953674316
v 1916.1568603515625 -200.67251586914062 8.3999996185302734
v 1916.1568603515625 -200.67251586914062 9.3999996185302734
v 1916.1568603515625 -200.67251586914062 10.399999618530273
v 1917.1107177734375 -201.62628173828125 7.4000000953674316
v 1917.1107177734375 -201.62628173828125 8.3999996185302734
v 1917.1107177734375 -201.62628173828125 9.3999996185302734
v 1917.1107177734375 -201.62628173828125 10.399999618530273
v 1917.1107177734375 -201.62628173828125 7.4000000953674316
v 1917.1107177734375 -201.62628173828125 8.3999996185302734
v 1917.1107177734375 -201.62628173828125 9.3999996185302734
v 1917.1107177734375 -201.62628173828125 10.399999618530273
v 1918.9873046875 -203.5029296875 7.4000000953674316
v 1918.9873046875 -203.5029296875 10.399999618530273
v 1917.7362060546875 -202.2518310546875 7.4000000953674316
v 1918.9873046875 -203.5029296875 8.3999996185302734
v 1918.9873046875 -203.5029296875 9.3999996185302734
v 1917.7362060546875 -202.2518310546875 10.399999618530273
v 1916.1568603515625 -200.67251586914062 4.4000000953674316
v 1916.1568603515625 -200.67251586914062 7.4000000953674316
v 1917.1107177734375 -201.62628173828125 4.4000000953674316
v 1917.1107177734375 -201.62628173828125 7.4000000953674316
v 1916.1568603515625 -200.67251586914062 5.9000000953674316
v 1916.1568603515625 -200.67251586914062 5.1500000953674316
v 1917.1107177734375 -201.62628173828125 5.1500000953674316
v 1917.1107177734375 -201.62628173828125 5.9000000953674316
v 1917.1107177734375 -201.62628173828125 4.4000000953674316
v 1917.1107177734375 -201.62628173828125 7.4000000953674316
v 1918.0489501953125 -202.56460571289062 4.4000000953674316
v 1918.9873046875 -203.5029296875 4.4000000953674316
v 1918.9873046875 -203.5029296875 7.4000000953674316
v 1917.7362060546875 -202.2518310546875 7.4000000953674316
v 1917.1107177734375 -201.62628173828125 5.9000000953674316
v 1917.1107177734375 -201.62628173828125 5.1500000953674316
v 1918.9873046875 -203.5029296875 5.1500000953674316
v 1918.9873046875 -203.5029296875 5.9000000953674316
v 1918.0489501953125 -202.56460571289062 6.4000000953674316
v 1907.621337890625 -192.23558044433594 4.4000000953674316
v 1907.622314453125 -192.236572265625 7.4000000953674316
v 1907.621337890625 -192.23558044433594 10.399999618530273
v 1907.6202392578125 -192.23457336425781 13.399999618530273
v 1908.3406982421875 -191.51414489746094 4.4000000953674316
v 1908.3406982421875 -191.51414489746094 5.4000000953674316
v 1908.3406982421875 -191.51414489746094 6.4000000953674316
v 1908.3406982421875 -191.51414489746094 7.4000000953674316
v 1908.3406982421875 -191.51414489746094 8.3999996185302734
v 1908.3406982421875 -191.51414489746094 9.3999996185302734
v 1908.3406982421875 -191.51414489746094 10.399999618530273
v 1908.3406982421875 -191.51414489746094 11.399999618530273
v 1908.3406982421875 -191.51414489746094 12.399999618530273
v 1909.0611572265625 -190.79371643066406 4.4000000953674316
v 1909.0611572265625 -190.79371643066406 5.4000000953674316
v 1909.0611572265625 -190.79371643066406 6.4000000953674316
v 1909.0611572265625 -190.79371643066406 7.4000000953674316
v 1909.0611572265625 -190.79371643066406 8.3999996185302734
v 1909.0611572265625 -190.79371643066406 9.3999996185302734
v 1909.0611572265625 -190.79371643066406 10.399999618530273
v 1909.0611572265625 -190.79371643066406 11.399999618530273
v 1909.0611572265625 -190.79371643066406 12.399999618530273
v 1909.7816162109375 -190.07327270507812 4.4000000953674316
v 1909.7816162109375 -190.07327270507812 5.4000000953674316
v 1909.7816162109375 -190.07327270507812 6.4000000953674316
v 1909.7816162109375 -190.07327270507812 7.4000000953674316
v 1909.7816162109375 -190.07327270507812 8.3999996185302734
v 1909.7816162109375 -190.07327270507812 9.3999996185302734
v 1909.7816162109375 -190.07327270507812 10.399999618530273
v 1909.7816162109375 -190.07327270507812 11.399999618530273
v 1909.7816162109375 -190.07327270507812 12.399999618530273
v 1910.502197265625 -189.35301208496094 4.4000000953674316
v 1910.5023193359375 -189.35317993164062 7.4000000953674316
v 1910.502197265625 -189.35301208496094 10.399999618530273
v 1910.5020751953125 -189.35284423828125 13.399999618530273
v 1910.44873046875 -189.40615844726562 13.399999618530273
v 1909.3173828125 -190.53752136230469 13.399999618530273
v 1908.751708984375 -191.10321044921875 13.399999618530273
v 1908.1859130859375 -191.66889953613281 13.399999618530273
v 1907.6207275390625 -192.23507690429688 11.899999618530273
v 1907.6209716796875 -192.23532104492188 11.149999618530273
v 1907.621826171875 -192.23606872558594 5.9000000953674316
v 1907.62158203125 -192.23582458496094 5.1500000953674316
v 1907.621826171875 -192.23606872558594 8.8999996185302734
v 1907.6220703125 -192.23631286621094 8.1499996185302734
v 1910.5023193359375 -189.35313415527344 8.1499996185302734
v 1910.5023193359375 -189.35308837890625 8.8999996185302734
v 1910.502197265625 -189.35304260253906 5.1500000953674316
v 1910.5023193359375 -189.35308837890625 5.9000000953674316
v 1910.502197265625 -189.35296630859375 11.149999618530273
v 1910.5020751953125 -189.35292053222656 11.899999618530273
v 1901.9654541015625 -186.5797119140625 4.4000000953674316
v 1901.9654541015625 -186.5797119140625 5.4000000953674316
v 1901.9654541015625 -186.5797119140625 7.4000000953674316
v 1902.7735595703125 -187.38783264160156 4.4000000953674316
v 1902.7735595703125 -187.38783264160156 5.4000000953674316
v 1902.7735595703125 -187.38783264160156 6.4000000953674316
v 1903.5816650390625 -188.19595336914062 4.4000000953674316
v 1903.5816650390625 -188.19595336914062 5.4000000953674316
v 1903.5816650390625 -188.19595336914062 6.4000000953674316
v 1904.3897705078125 -189.00407409667969 4.4000000953674316
v 1904.3897705078125 -189.00407409667969 5.4000000953674316
v 1904.3897705078125 -189.00407409667969 6.4000000953674316
v 1905.1978759765625 -189.81219482421875 4.4000000953674316
v 1905.1978759765625 -189.81219482421875 5.4000000953674316
v 1905.1978759765625 -189.81219482421875 6.4000000953674316
v 1906.0059814453125 -190.62033081054688 4.4000000953674316
v 1906.0059814453125 -190.62033081054688 5.4000000953674316
v 1906.0059814453125 -190.62033081054688 6.4000000953674316
v 1906.814208984375 -191.42845153808594 4.4000000953674316
v 1906.814208984375 -191.42845153808594 5.4000000953674316
v 1906.814208984375 -191.42845153808594 6.4000000953674316
v 1907.621337890625 -192.23558044433594 4.4000000953674316
v 1907.622314453125 -192.236572265625 7.4000000953674316
v 1901.9654541015625 -186.5797119140625 6.4000000953674316
v 1907.62158203125 -192.23582458496094 5.1500000953674316
v 1907.621826171875 -192.23606872558594 5.9000000953674316
v 1906.2080078125 -190.82235717773438 7.4000000953674316
v 1905.5009765625 -190.11524963378906 7.4000000953674316
v 1904.7938232421875 -189.40814208984375 7.4000000953674316
v 1904.0867919921875 -188.70103454589844 7.4000000953674316
v 1903.379638671875 -187.99392700195312 7.4000000953674316
v 1902.6724853515625 -187.28681945800781 7.4000000953674316
v 1901.9654541015625 -186.5797119140625 7.4000000953674316
v 1901.9654541015625 -186.5797119140625 9.3999996185302734
v 1901.9654541015625 -186.5797119140625 10.399999618530273
v 1902.7735595703125 -187.38783264160156 8.3999996185302734
v 1902.7735595703125 -187.38783264160156 9.3999996185302734
v 1903.5816650390625 -188.19595336914062 8.3999996185302734
v 1903.5816650390625 -188.19595336914062 9.3999996185302734
v 1904.3897705078125 -189.00407409667969 8.3999996185302734
v 1904.3897705078125 -189.00407409667969 9.3999996185302734
v 1905.1978759765625 -189.81219482421875 8.3999996185302734
v 1905.1978759765625 -189.81219482421875 9.3999996185302734
v 1906.0059814453125 -190.62033081054688 8.3999996185302734
v 1906.0059814453125 -190.62033081054688 9.3999996185302734
v 1906.814208984375 -191.42845153808594 8.3999996185302734
v 1906.814208984375 -191.42845153808594 9.3999996185302734
v 1907.622314453125 -192.236572265625 7.4000000953674316
v 1907.621337890625 -192.23558044433594 10.399999618530273
v 1901.9654541015625 -186.5797119140625 8.3999996185302734
v 1906.66650390625 -191.28080749511719 10.399999618530273
v 1905.416748046875 -190.03103637695312 10.399999618530273
v 1904.7918701171875 -189.40615844726562 10.399999618530273
v 1902.6724853515625 -187.28681945800781 7.4000000953674316
v 1903.379638671875 -187.99392700195312 7.4000000953674316
v 1904.0867919921875 -188.70103454589844 7.4000000953674316
v 1904.7938232421875 -189.40814208984375 7.4000000953674316
v 1905.5009765625 -190.11524963378906 7.4000000953674316
v 1906.2080078125 -190.82235717773438 7.4000000953674316
v 1907.6220703125 -192.23631286621094 8.1499996185302734
v 1907.621826171875 -192.23606872558594 8.8999996185302734
v 1903.588134765625 -188.20242309570312 10.399999618530273
v 1902.986328125 -187.60057067871094 10.399999618530273
v 1916.160888671875 -211.98622131347656 7.4000000953674316
v 1916.160888671875 -211.98622131347656 8.3999996185302734
v 1916.160888671875 -211.98622131347656 9.3999996185302734
v 1916.160888671875 -211.98622131347656 10.399999618530273
v 1916.867919921875 -211.27911376953125 8.3999996185302734
v 1916.867919921875 -211.27911376953125 9.3999996185302734
v 1917.5750732421875 -210.57200622558594 8.3999996185302734
v 1917.5750732421875 -210.57200622558594 9.3999996185302734
v 1918.2822265625 -209.86489868164062 8.3999996185302734
v 1918.2822265625 -209.86489868164062 9.3999996185302734
v 1918.9892578125 -209.15779113769531 8.3999996185302734
v 1918.9892578125 -209.15779113769531 9.3999996185302734
v 1919.6964111328125 -208.45068359375 8.3999996185302734
v 1919.6964111328125 -208.45068359375 9.3999996185302734
v 1920.403564453125 -207.74357604980469 8.3999996185302734
v 1920.403564453125 -207.74357604980469 9.3999996185302734
v 1921.110595703125 -207.03648376464844 8.3999996185302734
v 1921.110595703125 -207.03648376464844 9.3999996185302734
v 1921.8177490234375 -206.32937622070312 8.3999996185302734
v 1921.8177490234375 -206.32937622070312 9.3999996185302734
v 1922.5247802734375 -205.62226867675781 8.3999996185302734
v 1922.5247802734375 -205.62226867675781 9.3999996185302734
v 1923.23193359375 -204.9151611328125 8.3999996185302734
v 1923.23193359375 -204.9151611328125 9.3999996185302734
v 1923.9390869140625 -204.20805358886719 8.3999996185302734
v 1923.9390869140625 -204.20805358886719 9.3999996185302734
v 1924.6461181640625 -203.50094604492188 7.4000000953674316
v 1924.6461181640625 -203.50094604492188 8.3999996185302734
v 1924.6461181640625 -203.50094604492188 9.3999996185302734
v 1924.6461181640625 -203.50094604492188 10.399999618530273
v 1918.9892578125 -209.15779113769531 7.4000000953674316
v 1919.6964111328125 -208.45068359375 7.4000000953674316
v 1920.403564453125 -207.74357604980469 7.4000000953674316
v 1921.110595703125 -207.03648376464844 7.4000000953674316
v 1921.8177490234375 -206.32937622070312 7.4000000953674316
v 1922.5247802734375 -205.62226867675781 7.4000000953674316
v 1923.23193359375 -204.9151611328125 7.4000000953674316
v 1917.1146240234375 -211.03245544433594 7.4000000953674316
v 1918.3643798828125 -209.78268432617188 7.4000000953674316
v 1918.9892578125 -209.15779113769531 10.399999618530273
v 1917.9639892578125 -210.18310546875 10.399999618530273
v 1920.8748779296875 -207.27218627929688 10.399999618530273
v 1919.6177978515625 -208.52925109863281 10.399999618530273
v 1922.7078857421875 -205.43917846679688 10.399999618530273
v 1921.4859619140625 -206.66117858886719 10.399999618530273
v 1923.35400390625 -204.79310607910156 10.399999618530273
v 1916.761962890625 -211.38517761230469 10.399999618530273
v 1918.9873046875 -203.5029296875 7.4000000953674316
v 1918.9873046875 -203.5029296875 9.3999996185302734
v 1918.9873046875 -203.5029296875 10.399999618530273
v 1918.179443359375 -204.31077575683594 8.3999996185302734
v 1918.179443359375 -204.31077575683594 9.3999996185302734
v 1917.37158203125 -205.11860656738281 8.3999996185302734
v 1917.37158203125 -205.11860656738281 9.3999996185302734
v 1916.5638427734375 -205.92643737792969 8.3999996185302734
v 1916.5638427734375 -205.92643737792969 9.3999996185302734
v 1915.7559814453125 -206.73428344726562 8.3999996185302734
v 1915.7559814453125 -206.73428344726562 9.3999996185302734
v 1914.9481201171875 -207.5421142578125 8.3999996185302734
v 1914.9481201171875 -207.5421142578125 9.3999996185302734
v 1914.1402587890625 -208.34996032714844 8.3999996185302734
v 1914.1402587890625 -208.34996032714844 9.3999996185302734
v 1913.3323974609375 -209.15779113769531 7.4000000953674316
v 1913.3323974609375 -209.15779113769531 9.3999996185302734
v 1913.3323974609375 -209.15779113769531 10.399999618530273
v 1913.3323974609375 -209.15779113769531 8.3999996185302734
v 1918.9873046875 -203.5029296875 8.3999996185302734
v 1918.2803955078125 -204.20979309082031 7.4000000953674316
v 1917.5736083984375 -204.91664123535156 7.4000000953674316
v 1916.86669921875 -205.62350463867188 7.4000000953674316
v 1916.159912109375 -206.33036804199219 7.4000000953674316
v 1915.4530029296875 -207.03721618652344 7.4000000953674316
v 1914.74609375 -207.74407958984375 7.4000000953674316
v 1914.5345458984375 -207.95571899414062 10.399999618530273
v 1915.1356201171875 -207.35467529296875 10.399999618530273
v 1916.41943359375 -206.07075500488281 10.399999618530273
v 1917.0614013671875 -205.42880249023438 10.399999618530273
v 1917.703369140625 -204.78684997558594 10.399999618530273
v 1918.3453369140625 -204.14488220214844 10.399999618530273
v 1918.9873046875 -203.5029296875 4.4000000953674316
v 1918.9873046875 -203.5029296875 7.4000000953674316
v 1918.179443359375 -204.31077575683594 4.4000000953674316
v 1918.179443359375 -204.31077575683594 5.4000000953674316
v 1918.179443359375 -204.31077575683594 6.4000000953674316
v 1917.37158203125 -205.11860656738281 4.4000000953674316
v 1917.37158203125 -205.11860656738281 5.4000000953674316
v 1917.37158203125 -205.11860656738281 6.4000000953674316
v 1916.5638427734375 -205.92643737792969 4.4000000953674316
v 1916.5638427734375 -205.92643737792969 5.4000000953674316
v 1916.5638427734375 -205.92643737792969 6.4000000953674316
v 1915.7559814453125 -206.73428344726562 4.4000000953674316
v 1915.7559814453125 -206.73428344726562 5.4000000953674316
v 1915.7559814453125 -206.73428344726562 6.4000000953674316
v 1914.9481201171875 -207.5421142578125 4.4000000953674316
v 1914.9481201171875 -207.5421142578125 5.4000000953674316
v 1914.9481201171875 -207.5421142578125 6.4000000953674316
v 1914.1402587890625 -208.34996032714844 4.4000000953674316
v 1914.1402587890625 -208.34996032714844 5.4000000953674316
v 1914.1402587890625 -208.34996032714844 6.4000000953674316
v 1913.3323974609375 -209.15779113769531 4.4000000953674316
v 1913.3323974609375 -209.15779113769531 7.4000000953674316
v 1913.3323974609375 -209.15779113769531 5.1500000953674316
v 1913.3323974609375 -209.15779113769531 5.9000000953674316
v 1918.9873046875 -203.5029296875 5.9000000953674316
v 1918.9873046875 -203.5029296875 5.1500000953674316
v 1914.74609375 -207.74407958984375 7.4000000953674316
v 1915.4530029296875 -207.03721618652344 7.4000000953674316
v 1916.159912109375 -206.33036804199219 7.4000000953674316
v 1916.86669921875 -205.62350463867188 7.4000000953674316
v 1917.5736083984375 -204.91664123535156 7.4000000953674316
v 1918.2803955078125 -204.20979309082031 7.4000000953674316
v 1921.8177490234375 -200.67251586914062 7.4000000953674316
v 1921.8177490234375 -200.67251586914062 8.3999996185302734
v 1921.8177490234375 -200.67251586914062 10.399999618530273
v 1922.5252685546875 -199.96490478515625 8.3999996185302734
v 1922.5252685546875 -199.96490478515625 9.3999996185302734
v 1923.23291015625 -199.25730895996094 8.3999996185302734
v 1923.23291015625 -199.25730895996094 9.3999996185302734
v 1923.9405517578125 -198.54969787597656 8.3999996185302734
v 1923.9405517578125 -198.54969787597656 9.3999996185302734
v 1924.648193359375 -197.84210205078125 7.4000000953674316
v 1924.648193359375 -197.84210205078125 8.3999996185302734
v 1924.648193359375 -197.84210205078125 9.3999996185302734
v 1924.648193359375 -197.84210205078125 10.399999618530273
v 1922.3837890625 -200.10643005371094 7.4000000953674316
v 1922.9498291015625 -199.54034423828125 7.4000000953674316
v 1923.5159912109375 -198.97427368164062 7.4000000953674316
v 1921.8177490234375 -200.67251586914062 9.3999996185302734
v 1923.41015625 -199.08004760742188 10.399999618530273
v 1922.791259765625 -199.69900512695312 10.399999618530273
v 1910.5023193359375 -189.35317993164062 7.4000000953674316
v 1910.502197265625 -189.35301208496094 10.399999618530273
v 1911.4451904296875 -190.29598999023438 8.3999996185302734
v 1911.4451904296875 -190.29598999023438 9.3999996185302734
v 1912.387939453125 -191.23880004882812 8.3999996185302734
v 1912.387939453125 -191.23880004882812 9.3999996185302734
v 1913.3299560546875 -192.18083190917969 7.4000000953674316
v 1913.3297119140625 -192.18049621582031 10.399999618530273
v 1913.3299560546875 -192.18074035644531 8.1499996185302734
v 1913.329833984375 -192.1806640625 8.8999996185302734
v 1911.9158935546875 -190.76675415039062 10.399999618530273
v 1911.2091064453125 -190.05987548828125 10.399999618530273
v 1910.5023193359375 -189.35308837890625 8.8999996185302734
v 1910.5023193359375 -189.35313415527344 8.1499996185302734
v 1912.025146484375 -190.87591552734375 7.4000000953674316
v 1911.0098876953125 -189.86076354980469 7.4000000953674316
v 1912.025146484375 -190.87591552734375 4.4000000953674316
v 1912.025146484375 -190.87591552734375 7.4000000953674316
v 1912.677978515625 -191.52876281738281 4.4000000953674316
v 1913.330810546875 -192.18159484863281 4.4000000953674316
v 1913.3299560546875 -192.18083190917969 7.4000000953674316
v 1913.33056640625 -192.18141174316406 5.1500000953674316
v 1913.3304443359375 -192.18121337890625 5.9000000953674316
v 1912.025146484375 -190.87591552734375 5.9000000953674316
v 1912.025146484375 -190.87591552734375 5.1500000953674316
v 1912.677978515625 -191.52876281738281 6.4000000953674316
v 1910.502197265625 -189.35301208496094 4.4000000953674316
v 1910.5023193359375 -189.35317993164062 7.4000000953674316
v 1911.263671875 -190.11454772949219 4.4000000953674316
v 1912.025146484375 -190.87591552734375 4.4000000953674316
v 1912.025146484375 -190.87591552734375 7.4000000953674316
v 1912.025146484375 -190.87591552734375 5.1500000953674316
v 1912.025146484375 -190.87591552734375 5.9000000953674316
v 1911.0098876953125 -189.86076354980469 7.4000000953674316
v 1910.5023193359375 -189.35308837890625 5.9000000953674316
v 1910.502197265625 -189.35304260253906 5.1500000953674316
v 1911.263671875 -190.11454772949219 6.4000000953674316
v 1917.1820068359375 -196.03286743164062 4.4000000953674316
v 1917.1820068359375 -196.03286743164062 7.4000000953674316
v 1918.0848388671875 -196.93565368652344 4.4000000953674316
v 1918.9864501953125 -197.84127807617188 4.4000000953674316
v 1918.9874267578125 -197.8411865234375 7.4000000953674316
v 1918.9866943359375 -197.84124755859375 5.1500000953674316
v 1918.9869384765625 -197.84123229980469 5.9000000953674316
v 1917.7838134765625 -196.63563537597656 7.4000000953674316
v 1917.1820068359375 -196.03286743164062 5.9000000953674316
v 1917.1820068359375 -196.03286743164062 5.1500000953674316
v 1918.0848388671875 -196.93565368652344 6.4000000953674316
v 1913.330810546875 -192.18159484863281 4.4000000953674316
v 1913.3299560546875 -192.18083190917969 7.4000000953674316
v 1914.10107421875 -192.95185852050781 4.4000000953674316
v 1914.10107421875 -192.95185852050781 5.4000000953674316
v 1914.10107421875 -192.95185852050781 6.4000000953674316
v 1914.871337890625 -193.72210693359375 4.4000000953674316
v 1914.871337890625 -193.72210693359375 5.4000000953674316
v 1914.871337890625 -193.72210693359375 6.4000000953674316
v 1915.6414794921875 -194.49235534667969 4.4000000953674316
v 1915.6414794921875 -194.49235534667969 5.4000000953674316
v 1915.6414794921875 -194.49235534667969 6.4000000953674316
v 1916.4117431640625 -195.26261901855469 4.4000000953674316
v 1916.4117431640625 -195.26261901855469 5.4000000953674316
v 1916.4117431640625 -195.26261901855469 6.4000000953674316
v 1917.1820068359375 -196.03286743164062 4.4000000953674316
v 1917.1820068359375 -196.03286743164062 7.4000000953674316
v 1913.3304443359375 -192.18121337890625 5.9000000953674316
v 1913.33056640625 -192.18141174316406 5.1500000953674316
v 1917.1820068359375 -196.03286743164062 5.1500000953674316
v 1917.1820068359375 -196.03286743164062 5.9000000953674316
v 1915.8980712890625 -194.74885559082031 7.4000000953674316
v 1915.2559814453125 -194.10684204101562 7.4000000953674316
v 1914.614013671875 -193.46484375 7.4000000953674316
v 1913.9720458984375 -192.82283020019531 7.4000000953674316
v 1910.502197265625 -189.35301208496094 10.399999618530273
v 1910.5020751953125 -189.35284423828125 13.399999618530273
v 1911.44482421875 -190.295654296875 11.399999618530273
v 1911.44482421875 -190.295654296875 12.399999618530273
v 1911.44482421875 -190.295654296875 13.399999618530273
v 1912.3876953125 -191.23846435546875 11.399999618530273
v 1912.3876953125 -191.23846435546875 12.399999618530273
v 1912.3876953125 -191.23846435546875 13.399999618530273
v 1913.3297119140625 -192.18049621582031 10.399999618530273
v 1913.3294677734375 -192.18028259277344 13.399999618530273
v 1911.2091064453125 -190.05987548828125 10.399999618530273
v 1911.9158935546875 -190.76675415039062 10.399999618530273
v 1913.32958984375 -192.18043518066406 11.149999618530273
v 1913.32958984375 -192.18038940429688 11.899999618530273
v 1910.5020751953125 -189.35292053222656 11.899999618530273
v 1910.502197265625 -189.35296630859375 11.149999618530273
v 1913.3299560546875 -192.18083190917969 7.4000000953674316
v 1913.3297119140625 -192.18049621582031 10.399999618530273
v 1914.0360107421875 -192.88688659667969 8.3999996185302734
v 1914.0360107421875 -192.88688659667969 9.3999996185302734
v 1914.74365234375 -193.594482421875 8.3999996185302734
v 1914.74365234375 -193.594482421875 9.3999996185302734
v 1915.4512939453125 -194.30209350585938 8.3999996185302734
v 1915.4512939453125 -194.30209350585938 9.3999996185302734
v 1916.158935546875 -195.00970458984375 8.3999996185302734
v 1916.158935546875 -195.00970458984375 9.3999996185302734
v 1916.158935546875 -195.00970458984375 10.399999618530273
v 1916.866455078125 -195.71730041503906 8.3999996185302734
v 1916.866455078125 -195.71730041503906 9.3999996185302734
v 1917.5740966796875 -196.42491149902344 8.3999996185302734
v 1917.5740966796875 -196.42491149902344 9.3999996185302734
v 1918.28173828125 -197.13250732421875 8.3999996185302734
v 1918.28173828125 -197.13250732421875 9.3999996185302734
v 1918.9874267578125 -197.8411865234375 7.4000000953674316
v 1918.988037109375 -197.84135437011719 10.399999618530273
v 1913.329833984375 -192.1806640625 8.8999996185302734
v 1913.3299560546875 -192.18074035644531 8.1499996185302734
v 1917.1820068359375 -196.03286743164062 7.4000000953674316
v 1917.7838134765625 -196.63563537597656 7.4000000953674316
v 1913.9720458984375 -192.82283020019531 7.4000000953674316
v 1914.614013671875 -193.46484375 7.4000000953674316
v 1915.2559814453125 -194.10684204101562 7.4000000953674316
v 1915.8980712890625 -194.74885559082031 7.4000000953674316
v 1918.987548828125 -197.84123229980469 8.1499996185302734
v 1918.9876708984375 -197.84127807617188 8.8999996185302734
v 1915.0272216796875 -193.87802124023438 10.399999618530273
v 1914.4613037109375 -193.31217956542969 10.399999618530273
v 1913.8955078125 -192.746337890625 10.399999618530273
v 1917.8563232421875 -196.70869445800781 10.399999618530273
v 1917.29052734375 -196.14236450195312 10.399999618530273
v 1916.7247314453125 -195.57603454589844 10.399999618530273
v 1913.3297119140625 -192.18049621582031 10.399999618530273
v 1913.3294677734375 -192.18028259277344 13.399999618530273
v 1914.0360107421875 -192.88688659667969 11.399999618530273
v 1914.0360107421875 -192.88688659667969 12.399999618530273
v 1914.0360107421875 -192.88688659667969 13.399999618530273
v 1914.74365234375 -193.594482421875 11.399999618530273
v 1914.74365234375 -193.594482421875 12.399999618530273
v 1914.74365234375 -193.594482421875 13.399999618530273
v 1915.4512939453125 -194.30209350585938 11.399999618530273
v 1915.4512939453125 -194.30209350585938 12.399999618530273
v 1915.4512939453125 -194.30209350585938 13.399999618530273
v 1916.158935546875 -195.00970458984375 10.399999618530273
v 1916.158935546875 -195.00970458984375 11.399999618530273
v 1916.158935546875 -195.00970458984375 12.399999618530273
v 1916.158935546875 -195.00970458984375 13.399999618530273
v 1913.32958984375 -192.18038940429688 11.899999618530273
v 1913.32958984375 -192.18043518066406 11.149999618530273
v 1913.8955078125 -192.746337890625 10.399999618530273
v 1914.4613037109375 -193.31217956542969 10.399999618530273
v 1915.0272216796875 -193.87802124023438 10.399999618530273
v 1916.158935546875 -195.00970458984375 10.399999618530273
v 1916.158935546875 -195.00970458984375 11.399999618530273
v 1916.158935546875 -195.00970458984375 12.399999618530273
v 1916.158935546875 -195.00970458984375 13.399999618530273
v 1916.866455078125 -195.71730041503906 11.399999618530273
v 1916.866455078125 -195.71730041503906 12.399999618530273
v 1916.866455078125 -195.71730041503906 13.399999618530273
v 1917.5740966796875 -196.42491149902344 11.399999618530273
v 1917.5740966796875 -196.42491149902344 12.399999618530273
v 1917.5740966796875 -196.42491149902344 13.399999618530273
v 1918.28173828125 -197.13250732421875 11.399999618530273
v 1918.28173828125 -197.13250732421875 12.399999618530273
v 1918.28173828125 -197.13250732421875 13.399999618530273
v 1918.988037109375 -197.84135437011719 10.399999618530273
v 1918.9892578125 -197.84011840820312 11.399999618530273
v 1918.9892578125 -197.84011840820312 12.399999618530273
v 1918.9892578125 -197.84011840820312 13.399999618530273
v 1916.7247314453125 -195.57603454589844 10.399999618530273
v 1917.29052734375 -196.14236450195312 10.399999618530273
v 1917.8563232421875 -196.70869445800781 10.399999618530273
v 1918.9874267578125 -197.8411865234375 7.4000000953674316
v 1918.988037109375 -197.84135437011719 10.399999618530273
v 1918.2796630859375 -198.54969787597656 8.3999996185302734
v 1918.2796630859375 -198.54969787597656 9.3999996185302734
v 1917.5721435546875 -199.25730895996094 8.3999996185302734
v 1917.5721435546875 -199.25730895996094 9.3999996185302734
v 1916.864501953125 -199.96490478515625 8.3999996185302734
v 1916.864501953125 -199.96490478515625 9.3999996185302734
v 1916.1568603515625 -200.67251586914062 7.4000000953674316
v 1916.1568603515625 -200.67251586914062 8.3999996185302734
v 1916.1568603515625 -200.67251586914062 9.3999996185302734
v 1916.1568603515625 -200.67251586914062 10.399999618530273
v 1918.9876708984375 -197.84127807617188 8.8999996185302734
v 1918.987548828125 -197.84123229980469 8.1499996185302734
v 1918.4212646484375 -198.40745544433594 7.4000000953674316
v 1917.855224609375 -198.97372436523438 7.4000000953674316
v 1917.2890625 -199.53997802734375 7.4000000953674316
v 1917.289306640625 -199.54005432128906 10.399999618530273
v 1917.8555908203125 -198.97381591796875 10.399999618530273
v 1918.421875 -198.4075927734375 10.399999618530273
v 1916.1568603515625 -200.67251586914062 4.4000000953674316
v 1916.1568603515625 -200.67251586914062 7.4000000953674316
v 1916.864013671875 -199.96540832519531 4.4000000953674316
v 1916.864013671875 -199.96540832519531 5.4000000953674316
v 1916.864013671875 -199.96540832519531 6.4000000953674316
v 1917.571044921875 -199.25830078125 4.4000000953674316
v 1917.571044921875 -199.25830078125 5.4000000953674316
v 1917.571044921875 -199.25830078125 6.4000000953674316
v 1918.2781982421875 -198.55119323730469 4.4000000953674316
v 1918.2781982421875 -198.55119323730469 5.4000000953674316
v 1918.2781982421875 -198.55119323730469 6.4000000953674316
v 1918.9864501953125 -197.84127807617188 4.4000000953674316
v 1918.9874267578125 -197.8411865234375 7.4000000953674316
v 1916.1568603515625 -200.67251586914062 5.9000000953674316
v 1916.1568603515625 -200.67251586914062 5.1500000953674316
v 1918.9866943359375 -197.84124755859375 5.1500000953674316
v 1918.9869384765625 -197.84123229980469 5.9000000953674316
v 1918.4212646484375 -198.40745544433594 7.4000000953674316
v 1917.855224609375 -198.97372436523438 7.4000000953674316
v 1917.2890625 -199.53997802734375 7.4000000953674316
v 1904.7918701171875 -189.40615844726562 13.399999618530273
v 1904.7918701171875 -189.40615844726562 12.399999618530273
v 1904.7918701171875 -189.40615844726562 11.399999618530273
v 1904.7918701171875 -189.40615844726562 10.399999618530273
v 1905.4990234375 -188.69905090332031 12.399999618530273
v 1905.4990234375 -188.69905090332031 11.399999618530273
v 1906.2060546875 -187.991943359375 12.399999618530273
v 1906.2060546875 -187.991943359375 11.399999618530273
v 1906.9132080078125 -187.28483581542969 12.399999618530273
v 1906.9132080078125 -187.28483581542969 11.399999618530273
v 1907.620849609375 -186.57716369628906 13.399999618530273
v 1907.6202392578125 -186.57772827148438 10.399999618530273
v 1905.814697265625 -188.38331604003906 13.399999618530273
v 1907.018798828125 -187.17921447753906 13.399999618530273
v 1907.0545654296875 -187.14341735839844 10.399999618530273
v 1906.4888916015625 -187.70909118652344 10.399999618530273
v 1905.9232177734375 -188.2747802734375 10.399999618530273
v 1907.6207275390625 -186.57730102539062 12.649999618530273
v 1907.62060546875 -186.57743835449219 11.899999618530273
v 1899.135009765625 -183.74929809570312 7.4000000953674316
v 1899.135009765625 -183.74929809570312 10.399999618530273
v 1898.70947265625 -183.32373046875 7.4000000953674316
v 1898.70947265625 -183.32373046875 10.399999618530273
v 1899.135009765625 -183.74929809570312 9.3999996185302734
v 1899.135009765625 -183.74929809570312 8.3999996185302734
v 1898.70947265625 -183.32373046875 8.3999996185302734
v 1898.70947265625 -183.32373046875 9.3999996185302734
v 1896.3006591796875 -186.58766174316406 7.4000000953674316
v 1896.3006591796875 -186.58766174316406 10.399999618530273
v 1895.8780517578125 -186.15713500976562 7.4000000953674316
v 1895.8797607421875 -186.15414428710938 10.399999618530273
v 1896.3006591796875 -186.58766174316406 9.3999996185302734
v 1896.3006591796875 -186.58766174316406 8.3999996185302734
v 1895.87841796875 -186.15638732910156 8.1499996185302734
v 1895.87890625 -186.1556396484375 8.8999996185302734
v 1895.9117431640625 -189.80500793457031 13.399999618530273
v 1894.4974365234375 -188.39079284667969 13.399999618530273
v 1897.71484375 -188.00187683105469 13.399999618530273
v 1896.3006591796875 -186.58766174316406 13.399999618530273
v 1895.6995849609375 -187.18870544433594 13.399999618530273
v 1896.5126953125 -189.20396423339844 13.399999618530273
v 1896.35791015625 -186.62904357910156 13.399999618530273
v 1897.325927734375 -191.21920776367188 13.399999618530273
v 1895.9117431640625 -189.80500793457031 13.399999618530273
v 1899.133056640625 -189.412109375 13.399999618530273
v 1897.71484375 -188.00187683105469 13.399999618530273
v 1897.9283447265625 -190.61685180664062 13.399999618530273
v 1896.5126953125 -189.20396423339844 13.399999618530273
v 1898.6602783203125 -188.94203186035156 13.399999618530273
v 1896.383056640625 -190.27641296386719 13.399999618530273
v 1890.643798828125 -197.9013671875 13.399999618530273
v 1887.8153076171875 -195.07295227050781 13.399999618530273
v 1892.58203125 -195.963134765625 13.399999618530273
v 1889.7535400390625 -193.13470458984375 13.399999618530273
v 1891.289794921875 -197.25529479980469 13.399999618530273
v 1889.1075439453125 -193.78079223632812 13.399999618530273
v 1888.5224609375 -195.78005981445312 13.399999618530273
v 1889.2294921875 -196.48716735839844 13.399999618530273
v 1891.6917724609375 -195.07295227050781 13.399999618530273
v 1890.399658203125 -193.78079223632812 13.399999618530273
v 1891.6917724609375 -195.07295227050781 13.399999618530273
v 1889.7535400390625 -193.13470458984375 13.399999618530273
v 1893.5247802734375 -193.23994445800781 13.399999618530273
v 1891.5865478515625 -191.30171203613281 13.399999618530273
v 1890.9755859375 -191.91270446777344 13.399999618530273
v 1892.3028564453125 -194.46194458007812 13.399999618530273
v 1892.8787841796875 -192.5938720703125 13.399999618530273
v 1890.399658203125 -193.78079223632812 13.399999618530273
v 1893.5247802734375 -193.23994445800781 13.399999618530273
v 1891.5865478515625 -191.30171203613281 13.399999618530273
v 1895.410400390625 -191.35433959960938 13.399999618530273
v 1893.47216796875 -189.41609191894531 13.399999618530273
v 1892.8436279296875 -190.04463195800781 13.399999618530273
v 1892.8787841796875 -192.5938720703125 13.399999618530273
v 1894.1533203125 -192.61140441894531 13.399999618530273
v 1894.764404296875 -190.708251953125 13.399999618530273
v 1894.4974365234375 -188.39079284667969 13.399999618530273
v 1897.325927734375 -191.21920776367188 13.399999618530273
v 1892.58203125 -195.963134765625 13.399999618530273
v 1893.2596435546875 -195.28543090820312 13.399999618530273
v 1893.9373779296875 -194.60772705078125 13.399999618530273
v 1894.6151123046875 -193.93002319335938 13.399999618530273
v 1895.2928466796875 -193.2523193359375 13.399999618530273
v 1895.970458984375 -192.57461547851562 13.399999618530273
v 1895.9117431640625 -189.80500793457031 13.399999618530273
v 1896.383056640625 -190.27641296386719 13.399999618530273
v 1893.5247802734375 -193.23994445800781 13.399999618530273
v 1892.3028564453125 -194.46194458007812 13.399999618530273
v 1891.6917724609375 -195.07295227050781 13.399999618530273
v 1895.410400390625 -191.35433959960938 13.399999618530273
v 1894.1533203125 -192.61140441894531 13.399999618530273
v 1893.47216796875 -189.41609191894531 13.399999618530273
v 1894.764404296875 -190.708251953125 13.399999618530273
v 1894.4139404296875 -189.8885498046875 13.399999618530273
v 1895.828125 -191.30276489257812 13.399999618530273
v 1894.246826171875 -192.88406372070312 13.399999618530273
v 1893.4561767578125 -193.67471313476562 13.399999618530273
v 1892.66552734375 -194.46537780761719 13.399999618530273
v 1899.133056640625 -189.412109375 13.399999618530273
v 1896.35791015625 -186.62904357910156 13.399999618530273
v 1898.917724609375 -187.77467346191406 13.399999618530273
v 1897.9913330078125 -186.84829711914062 13.399999618530273
v 1899.6248779296875 -187.06756591796875 13.399999618530273
v 1898.698486328125 -186.14120483398438 13.399999618530273
v 1900.3319091796875 -186.36045837402344 13.399999618530273
v 1899.4056396484375 -185.43409729003906 13.399999618530273
v 1901.9654541015625 -186.5797119140625 13.399999618530273
v 1901.0390625 -185.65335083007812 13.399999618530273
v 1900.1126708984375 -184.72698974609375 13.399999618530273
v 1899.186279296875 -183.80061340332031 13.399999618530273
v 1899.699462890625 -188.84564208984375 13.399999618530273
v 1900.2659912109375 -188.27915954589844 13.399999618530273
v 1900.83251953125 -187.71267700195312 13.399999618530273
v 1897.7720947265625 -185.21482849121094 13.399999618530273
v 1898.7149658203125 -184.27201843261719 13.399999618530273
v 1897.71484375 -188.00187683105469 13.399999618530273
v 1898.6602783203125 -188.94203186035156 13.399999618530273
v 1896.7669677734375 -200.27134704589844 10.399999618530273
v 1894.890380859375 -202.14799499511719 10.399999618530273
v 1894.3773193359375 -197.88163757324219 10.399999618530273
v 1892.5006103515625 -199.75828552246094 10.399999618530273
v 1893.751708984375 -198.50718688964844 10.399999618530273
v 1893.4752197265625 -200.7327880859375 10.399999618530273
v 1895.515869140625 -201.52244567871094 10.399999618530273
v 1895.8228759765625 -199.32720947265625 10.399999618530273
v 1895.350830078125 -198.85514831542969 10.399999618530273
v 1893.9468994140625 -201.20451354980469 10.399999618530273
v 1898.1812744140625 -201.68556213378906 10.399999618530273
v 1896.3045654296875 -203.56221008300781 10.399999618530273
v 1896.7669677734375 -200.27134704589844 10.399999618530273
v 1894.890380859375 -202.14799499511719 10.399999618530273
v 1896.93017578125 -202.93666076660156 10.399999618530273
v 1895.515869140625 -201.52244567871094 10.399999618530273
v 1895.36181640625 -202.61940002441406 10.399999618530273
v 1897.7098388671875 -201.21415710449219 10.399999618530273
v 1899.135009765625 -200.73179626464844 10.399999618530273
v 1898.1812744140625 -201.68556213378906 10.399999618530273
v 1896.3045654296875 -197.9013671875 10.399999618530273
v 1895.350830078125 -198.85514831542969 10.399999618530273
v 1898.5689697265625 -200.16571044921875 10.399999618530273
v 1898.0028076171875 -199.59962463378906 10.399999618530273
v 1897.436767578125 -199.03353881835938 10.399999618530273
v 1896.7669677734375 -200.27134704589844 10.399999618530273
v 1897.7098388671875 -201.21415710449219 10.399999618530273
v 1895.8228759765625 -199.32720947265625 10.399999618530273
v 1890.643798828125 -197.9013671875 10.399999618530273
v 1893.47412109375 -195.07095336914062 10.399999618530273
v 1892.0589599609375 -197.9013671875 10.399999618530273
v 1892.7666015625 -197.19377136230469 10.399999618530273
v 1893.47412109375 -196.48616027832031 10.399999618530273
v 1892.7666015625 -198.60897827148438 10.399999618530273
v 1893.47412109375 -197.9013671875 10.399999618530273
v 1894.1817626953125 -197.19377136230469 10.399999618530273
v 1896.3045654296875 -197.9013671875 10.399999618530273
v 1895.738525390625 -197.33529663085938 10.399999618530273
v 1895.17236328125 -196.76921081542969 10.399999618530273
v 1894.6063232421875 -196.203125 10.399999618530273
v 1892.5006103515625 -199.75828552246094 10.399999618530273
v 1893.751708984375 -198.50718688964844 10.399999618530273
v 1894.3773193359375 -197.88163757324219 10.399999618530273
v 1895.350830078125 -198.85514831542969 10.399999618530273
v 1892.58203125 -195.963134765625 10.399999618530273
v 1891.2626953125 -198.52033996582031 10.399999618530273
v 1891.9359130859375 -196.60920715332031 10.399999618530273
v 1899.135009765625 -217.70234680175781 13.399999618530273
v 1896.3065185546875 -220.53077697753906 13.399999618530273
v 1897.485107421875 -217.46664428710938 13.399999618530273
v 1896.7779541015625 -218.17375183105469 13.399999618530273
v 1896.0709228515625 -218.880859375 13.399999618530273
v 1896.542236328125 -216.52383422851562 13.399999618530273
v 1895.835205078125 -217.23094177246094 13.399999618530273
v 1895.1280517578125 -217.93804931640625 13.399999618530273
v 1896.3065185546875 -214.87393188476562 13.399999618530273
v 1893.4781494140625 -217.70234680175781 13.399999618530273
v 1898.4278564453125 -216.9952392578125 13.399999618530273
v 1897.7208251953125 -216.28813171386719 13.399999618530273
v 1897.013671875 -215.58102416992188 13.399999618530273
v 1897.013671875 -219.82366943359375 13.399999618530273
v 1897.7208251953125 -219.11656188964844 13.399999618530273
v 1894.0438232421875 -218.26803588867188 13.399999618530273
v 1894.6094970703125 -218.83372497558594 13.399999618530273
v 1895.1751708984375 -219.3994140625 13.399999618530273
v 1895.7408447265625 -215.43960571289062 13.399999618530273
v 1895.1751708984375 -216.00529479980469 13.399999618530273
v 1894.6094970703125 -216.57098388671875 13.399999618530273
v 1895.350830078125 -202.60842895507812 13.399999618530273
v 1894.275390625 -203.68389892578125 13.399999618530273
v 1893.4761962890625 -200.73377990722656 13.399999618530273
v 1892.4007568359375 -201.80923461914062 13.399999618530273
v 1893.025634765625 -202.43412780761719 13.399999618530273
v 1894.7259521484375 -201.98355102539062 13.399999618530273
v 1894.275390625 -203.68389892578125 13.399999618530273
v 1892.5223388671875 -205.43685913085938 13.399999618530273
v 1892.4007568359375 -201.80923461914062 13.399999618530273
v 1890.647705078125 -203.56221008300781 13.399999618530273
v 1893.025634765625 -202.43412780761719 13.399999618530273
v 1891.81640625 -202.3935546875 13.399999618530273
v 1891.2725830078125 -204.18708801269531 13.399999618530273
v 1893.106689453125 -204.8525390625 13.399999618530273
v 1887.8193359375 -206.390625 13.399999618530273
v 1890.9508056640625 -204.67337036132812 13.399999618530273
v 1890.1427001953125 -205.48149108886719 13.399999618530273
v 1889.3345947265625 -206.28961181640625 13.399999618530273
v 1891.6578369140625 -205.38047790527344 13.399999618530273
v 1890.8497314453125 -206.1885986328125 13.399999618530273
v 1890.0416259765625 -206.99671936035156 13.399999618530273
v 1892.364990234375 -206.08758544921875 13.399999618530273
v 1891.556884765625 -206.89570617675781 13.399999618530273
v 1890.748779296875 -207.70382690429688 13.399999618530273
v 1896.3045654296875 -203.56221008300781 13.399999618530273
v 1890.647705078125 -209.21905517578125 13.399999618530273
v 1889.2335205078125 -207.80484008789062 13.399999618530273
v 1888.7620849609375 -207.33343505859375 13.399999618530273
v 1890.1763916015625 -208.74765014648438 13.399999618530273
v 1895.5975341796875 -204.26931762695312 13.399999618530273
v 1894.890380859375 -204.97642517089844 13.399999618530273
v 1893.4761962890625 -206.390625 13.399999618530273
v 1894.275390625 -203.68389892578125 13.399999618530273
v 1895.350830078125 -202.60842895507812 13.399999618530273
v 1890.647705078125 -203.56221008300781 13.399999618530273
v 1891.2725830078125 -204.18708801269531 13.399999618530273
v 1892.5223388671875 -205.43685913085938 13.399999618530273
v 1893.106689453125 -204.8525390625 13.399999618530273
v 1888.5263671875 -205.68351745605469 13.399999618530273
v 1889.2335205078125 -204.97642517089844 13.399999618530273
v 1889.940673828125 -204.26931762695312 13.399999618530273
v 1892.7813720703125 -207.08540344238281 13.399999618530273
v 1892.086669921875 -207.78018188476562 13.399999618530273
v 1890.697021484375 -209.16972351074219 13.399999618530273
v 1894.789306640625 -203.66322326660156 13.399999618530273
v 1893.173095703125 -205.27946472167969 13.399999618530273
v 1890.6497802734375 -214.87393188476562 13.399999618530273
v 1892.06396484375 -214.87393188476562 13.399999618530273
v 1892.77099609375 -214.16682434082031 13.399999618530273
v 1893.4781494140625 -213.459716796875 13.399999618530273
v 1892.06396484375 -216.28813171386719 13.399999618530273
v 1892.77099609375 -215.58102416992188 13.399999618530273
v 1893.4781494140625 -214.87393188476562 13.399999618530273
v 1894.185302734375 -214.16682434082031 13.399999618530273
v 1893.4781494140625 -216.28813171386719 13.399999618530273
v 1894.185302734375 -215.58102416992188 13.399999618530273
v 1894.892333984375 -214.87393188476562 13.399999618530273
v 1893.4781494140625 -217.70234680175781 13.399999618530273
v 1899.135009765625 -212.04550170898438 13.399999618530273
v 1893.4781494140625 -212.04550170898438 13.399999618530273
v 1892.77099609375 -212.75260925292969 13.399999618530273
v 1892.06396484375 -213.459716796875 13.399999618530273
v 1891.3568115234375 -214.16682434082031 13.399999618530273
v 1898.1812744140625 -211.09172058105469 13.399999618530273
v 1896.3065185546875 -214.87393188476562 13.399999618530273
v 1896.872314453125 -214.30824279785156 13.399999618530273
v 1897.43798828125 -213.7425537109375 13.399999618530273
v 1898.003662109375 -213.17686462402344 13.399999618530273
v 1891.3568115234375 -215.58102416992188 13.399999618530273
v 1892.77099609375 -216.9952392578125 13.399999618530273
v 1894.6094970703125 -216.57098388671875 13.399999618530273
v 1895.1751708984375 -216.00529479980469 13.399999618530273
v 1895.7408447265625 -215.43960571289062 13.399999618530273
v 1895.352783203125 -213.92015075683594 13.399999618530273
v 1894.7279052734375 -213.29527282714844 13.399999618530273
v 1897.158447265625 -212.11456298828125 13.399999618530273
v 1895.9547119140625 -213.31828308105469 13.399999618530273
v 1897.013671875 -212.75260925292969 13.399999618530273
v 1896.3065185546875 -213.459716796875 13.399999618530273
v 1897.7208251953125 -212.04550170898438 13.399999618530273
v 1898.1812744140625 -211.09172058105469 13.399999618530273
v 1897.158447265625 -212.11456298828125 13.399999618530273
v 1896.3055419921875 -209.21806335449219 13.399999618530273
v 1895.28369140625 -210.23991394042969 13.399999618530273
v 1897.5560302734375 -210.46717834472656 13.399999618530273
v 1895.9085693359375 -210.86479187011719 13.399999618530273
v 1897.158447265625 -212.11456298828125 13.399999618530273
v 1895.352783203125 -213.92015075683594 13.399999618530273
v 1895.28369140625 -210.23991394042969 13.399999618530273
v 1893.4781494140625 -212.04550170898438 13.399999618530273
v 1894.7279052734375 -213.29527282714844 13.399999618530273
v 1895.9085693359375 -210.86479187011719 13.399999618530273
v 1895.9547119140625 -213.31828308105469 13.399999618530273
v 1894.111572265625 -211.41206359863281 13.399999618530273
v 1893.5255126953125 -211.99815368652344 13.399999618530273
v 1896.3055419921875 -209.21806335449219 13.399999618530273
v 1893.5255126953125 -211.99815368652344 13.399999618530273
v 1894.671142578125 -209.43830871582031 13.399999618530273
v 1893.7447509765625 -210.36468505859375 13.399999618530273
v 1893.9639892578125 -208.73121643066406 13.399999618530273
v 1893.03759765625 -209.65757751464844 13.399999618530273
v 1893.2569580078125 -208.02410888671875 13.399999618530273
v 1892.33056640625 -208.95046997070312 13.399999618530273
v 1893.4761962890625 -206.390625 13.399999618530273
v 1890.697021484375 -209.16972351074219 13.399999618530273
v 1895.73974609375 -208.65257263183594 13.399999618530273
v 1895.173828125 -208.08709716796875 13.399999618530273
v 1894.60791015625 -207.5216064453125 13.399999618530273
v 1892.111328125 -210.58393859863281 13.399999618530273
v 1892.5826416015625 -211.05534362792969 13.399999618530273
v 1895.28369140625 -210.23991394042969 13.399999618530273
v 1892.7813720703125 -207.08540344238281 13.399999618530273
v 1892.086669921875 -207.78018188476562 13.399999618530273
v 1894.111572265625 -211.41206359863281 13.399999618530273
v 1895.235107421875 -227.26309204101562 10.399999618530273
v 1893.482177734375 -229.01606750488281 10.399999618530273
v 1894.2122802734375 -226.24024963378906 10.399999618530273
v 1892.459228515625 -227.99322509765625 10.399999618530273
v 1893.6279296875 -226.82456970214844 10.399999618530273
v 1894.06640625 -228.43173217773438 10.399999618530273
v 1895.2877197265625 -225.164794921875 10.399999618530273
v 1892.459228515625 -227.99322509765625 10.399999618530273
v 1893.482177734375 -223.35920715332031 10.399999618530273
v 1890.6536865234375 -226.18763732910156 10.399999618530273
v 1894.6859130859375 -224.56292724609375 10.399999618530273
v 1891.255615234375 -226.78948974609375 10.399999618530273
v 1893.6279296875 -226.82456970214844 10.399999618530273
v 1894.2122802734375 -226.24024963378906 10.399999618530273
v 1892.5919189453125 -224.2493896484375 10.399999618530273
v 1891.2998046875 -225.54154968261719 10.399999618530273
v 1893.6778564453125 -224.96910095214844 10.399999618530273
v 1892.2635498046875 -226.38331604003906 10.399999618530273
v 1895.2877197265625 -225.164794921875 10.399999618530273
v 1894.7069091796875 -228.82661437988281 10.399999618530273
v 1895.4140625 -228.11952209472656 10.399999618530273
v 1896.12109375 -227.41241455078125 10.399999618530273
v 1895.4771728515625 -229.59687805175781 10.399999618530273
v 1896.1842041015625 -228.8897705078125 10.399999618530273
v 1896.891357421875 -228.18266296386719 10.399999618530273
v 1896.2474365234375 -230.36712646484375 10.399999618530273
v 1896.9544677734375 -229.66001892089844 10.399999618530273
v 1897.66162109375 -228.95291137695312 10.399999618530273
v 1896.310546875 -231.844482421875 10.399999618530273
v 1899.1390380859375 -229.01606750488281 10.399999618530273
v 1896.876220703125 -231.27880859375 10.399999618530273
v 1897.44189453125 -230.71311950683594 10.399999618530273
v 1898.007568359375 -230.14743041992188 10.399999618530273
v 1898.4970703125 -228.37417602539062 10.399999618530273
v 1897.855224609375 -227.7322998046875 10.399999618530273
v 1897.21337890625 -227.09042358398438 10.399999618530273
v 1896.5714111328125 -226.44854736328125 10.399999618530273
v 1894.8963623046875 -230.43026733398438 10.399999618530273
v 1893.482177734375 -229.01606750488281 10.399999618530273
v 1893.9534912109375 -229.48745727539062 10.399999618530273
v 1894.2122802734375 -226.24024963378906 10.399999618530273
v 1895.235107421875 -227.26309204101562 10.399999618530273
v 1894.06640625 -228.43173217773438 10.399999618530273
v 1895.350830078125 -226.64215087890625 10.399999618530273
v 1891.7017822265625 -223.35920715332031 10.399999618530273
v 1889.7635498046875 -221.42095947265625 10.399999618530273
v 1893.5347900390625 -221.52621459960938 10.399999618530273
v 1891.5965576171875 -219.58796691894531 10.399999618530273
v 1890.9854736328125 -220.198974609375 10.399999618530273
v 1892.312744140625 -222.74821472167969 10.399999618530273
v 1892.888671875 -220.880126953125 10.399999618530273
v 1890.4095458984375 -222.06704711914062 10.399999618530273
v 1893.5347900390625 -221.52621459960938 10.399999618530273
v 1891.5965576171875 -219.58796691894531 10.399999618530273
v 1895.42041015625 -219.64059448242188 10.399999618530273
v 1893.4798583984375 -217.70333862304688 10.399999618530273
v 1892.85205078125 -218.33155822753906 10.399999618530273
v 1894.126708984375 -218.34909057617188 10.399999618530273
v 1892.888671875 -220.880126953125 10.399999618530273
v 1894.163330078125 -220.89767456054688 10.399999618530273
v 1890.6536865234375 -226.18763732910156 10.399999618530273
v 1887.8253173828125 -223.35920715332031 10.399999618530273
v 1892.5919189453125 -224.2493896484375 10.399999618530273
v 1889.7635498046875 -221.42095947265625 10.399999618530273
v 1889.117431640625 -222.06704711914062 10.399999618530273
v 1888.5323486328125 -224.06631469726562 10.399999618530273
v 1889.239501953125 -224.77342224121094 10.399999618530273
v 1891.7017822265625 -223.35920715332031 10.399999618530273
v 1890.4095458984375 -222.06704711914062 10.399999618530273
v 1891.2998046875 -225.54154968261719 10.399999618530273
v 1895.42041015625 -219.64059448242188 10.399999618530273
v 1891.7017822265625 -223.35920715332031 10.399999618530273
v 1892.5919189453125 -224.2493896484375 10.399999618530273
v 1893.482177734375 -223.35920715332031 10.399999618530273
v 1894.188232421875 -222.652099609375 10.399999618530273
v 1894.8944091796875 -221.94499206542969 10.399999618530273
v 1896.3065185546875 -220.53077697753906 10.399999618530273
v 1893.5347900390625 -221.52621459960938 10.399999618530273
v 1892.312744140625 -222.74821472167969 10.399999618530273
v 1894.163330078125 -220.89767456054688 10.399999618530273
v 1903.0389404296875 -185.50225830078125 10.399999618530273
v 1904.7918701171875 -183.74929809570312 10.399999618530273
v 1904.061767578125 -186.52510070800781 10.399999618530273
v 1905.814697265625 -184.77214050292969 10.399999618530273
v 1904.64599609375 -185.94078063964844 10.399999618530273
v 1904.20751953125 -184.3336181640625 10.399999618530273
v 1902.986328125 -187.60057067871094 10.399999618530273
v 1905.814697265625 -184.77214050292969 10.399999618530273
v 1904.7918701171875 -189.40615844726562 10.399999618530273
v 1907.6202392578125 -186.57772827148438 10.399999618530273
v 1907.0184326171875 -185.97586059570312 10.399999618530273
v 1905.9232177734375 -188.2747802734375 10.399999618530273
v 1906.4888916015625 -187.70909118652344 10.399999618530273
v 1907.0545654296875 -187.14341735839844 10.399999618530273
v 1904.64599609375 -185.94078063964844 10.399999618530273
v 1904.061767578125 -186.52510070800781 10.399999618530273
v 1903.588134765625 -188.20242309570312 10.399999618530273
v 1904.59619140625 -187.79624938964844 10.399999618530273
v 1906.0103759765625 -186.38203430175781 10.399999618530273
v 1902.986328125 -187.60057067871094 10.399999618530273
v 1903.567138671875 -183.93873596191406 10.399999618530273
v 1902.8599853515625 -184.64584350585938 10.399999618530273
v 1902.15283203125 -185.35295104980469 10.399999618530273
v 1901.44580078125 -186.06005859375 10.399999618530273
v 1902.796875 -183.16848754882812 10.399999618530273
v 1902.0897216796875 -183.87559509277344 10.399999618530273
v 1901.382568359375 -184.58270263671875 10.399999618530273
v 1900.675537109375 -185.28981018066406 10.399999618530273
v 1902.026611328125 -182.39822387695312 10.399999618530273
v 1901.3194580078125 -183.10533142089844 10.399999618530273
v 1900.6123046875 -183.81243896484375 10.399999618530273
v 1899.9052734375 -184.51954650878906 10.399999618530273
v 1901.96337890625 -180.92086791992188 10.399999618530273
v 1899.135009765625 -183.74929809570312 10.399999618530273
v 1901.25634765625 -181.62797546386719 10.399999618530273
v 1900.5491943359375 -182.3350830078125 10.399999618530273
v 1899.8421630859375 -183.04219055175781 10.399999618530273
v 1903.377685546875 -182.3350830078125 10.399999618530273
v 1902.90625 -181.86367797851562 10.399999618530273
v 1904.7918701171875 -183.74929809570312 10.399999618530273
v 1904.3204345703125 -183.27789306640625 10.399999618530273
v 1904.061767578125 -186.52510070800781 10.399999618530273
v 1903.0389404296875 -185.50225830078125 10.399999618530273
v 1904.20751953125 -184.3336181640625 10.399999618530273
v 1899.186279296875 -183.80061340332031 10.399999618530273
v 1899.5201416015625 -184.13442993164062 10.399999618530273
v 1900.2587890625 -184.16600036621094 10.399999618530273
v 1900.227294921875 -183.42732238769531 10.399999618530273
v 1899.8736572265625 -183.78086853027344 10.399999618530273
v 1899.3275146484375 -183.94186401367188 10.399999618530273
v 1899.6968994140625 -183.9576416015625 10.399999618530273
v 1899.68115234375 -183.58830261230469 10.399999618530273
v 1899.50439453125 -183.76509094238281 10.399999618530273
v 1899.2313232421875 -183.8455810546875 10.399999618530273
v 1899.416015625 -183.85346984863281 10.399999618530273
v 1899.4080810546875 -183.66880798339844 10.399999618530273
v 1899.3197021484375 -183.75718688964844 10.399999618530273
v 1901.9654541015625 -186.5797119140625 10.399999618530273
v 1902.923095703125 -186.12319946289062 10.399999618530273
v 1918.9892578125 -214.81465148925781 7.4000000953674316
v 1921.8177490234375 -217.64308166503906 7.4000000953674316
v 1918.9892578125 -216.22886657714844 7.4000000953674316
v 1919.6964111328125 -216.93597412109375 7.4000000953674316
v 1920.403564453125 -217.64308166503906 7.4000000953674316
v 1921.110595703125 -218.35018920898438 7.4000000953674316
v 1918.2822265625 -216.93597412109375 7.4000000953674316
v 1918.9892578125 -217.64308166503906 7.4000000953674316
v 1919.6964111328125 -218.35018920898438 7.4000000953674316
v 1917.5750732421875 -217.64308166503906 7.4000000953674316
v 1918.2822265625 -218.35018920898438 7.4000000953674316
v 1918.9892578125 -219.05729675292969 7.4000000953674316
v 1916.160888671875 -217.64308166503906 7.4000000953674316
v 1918.9892578125 -220.47151184082031 7.4000000953674316
v 1916.7265625 -218.20877075195312 7.4000000953674316
v 1917.292236328125 -218.77444458007812 7.4000000953674316
v 1917.85791015625 -219.34013366699219 7.4000000953674316
v 1919.6964111328125 -219.764404296875 7.4000000953674316
v 1920.403564453125 -219.05729675292969 7.4000000953674316
v 1918.423583984375 -215.38034057617188 7.4000000953674316
v 1917.85791015625 -215.94602966308594 7.4000000953674316
v 1917.292236328125 -216.51170349121094 7.4000000953674316
v 1921.2520751953125 -217.077392578125 7.4000000953674316
v 1920.6864013671875 -216.51170349121094 7.4000000953674316
v 1920.12060546875 -215.94602966308594 7.4000000953674316
v 1921.8177490234375 -217.64308166503906 7.4000000953674316
v 1916.867919921875 -212.69332885742188 7.4000000953674316
v 1916.160888671875 -211.98622131347656 7.4000000953674316
v 1921.8177490234375 -216.22886657714844 7.4000000953674316
v 1921.110595703125 -215.52175903320312 7.4000000953674316
v 1920.403564453125 -214.81465148925781 7.4000000953674316
v 1922.5247802734375 -215.52175903320312 7.4000000953674316
v 1921.8177490234375 -214.81465148925781 7.4000000953674316
v 1921.110595703125 -214.1075439453125 7.4000000953674316
v 1923.23193359375 -214.81465148925781 7.4000000953674316
v 1922.5247802734375 -214.1075439453125 7.4000000953674316
v 1921.8177490234375 -213.40043640136719 7.4000000953674316
v 1924.6461181640625 -214.81465148925781 7.4000000953674316
v 1922.3834228515625 -217.077392578125 7.4000000953674316
v 1922.9490966796875 -216.51170349121094 7.4000000953674316
v 1923.5147705078125 -215.94602966308594 7.4000000953674316
v 1923.9390869140625 -214.1075439453125 7.4000000953674316
v 1923.23193359375 -213.40043640136719 7.4000000953674316
v 1921.8177490234375 -211.98622131347656 7.4000000953674316
v 1918.9892578125 -214.81465148925781 7.4000000953674316
v 1920.12060546875 -215.94602966308594 7.4000000953674316
v 1920.6864013671875 -216.51170349121094 7.4000000953674316
v 1921.2520751953125 -217.077392578125 7.4000000953674316
v 1917.1146240234375 -211.03245544433594 7.4000000953674316
v 1917.5750732421875 -213.40043640136719 7.4000000953674316
v 1921.19287109375 -212.61111450195312 7.4000000953674316
v 1919.943115234375 -213.86088562011719 7.4000000953674316
v 1918.137451171875 -212.0552978515625 7.4000000953674316
v 1918.7393798828125 -212.65715026855469 7.4000000953674316
v 1918.9892578125 -213.40043640136719 7.4000000953674316
v 1917.5750732421875 -211.98622131347656 7.4000000953674316
v 1918.2822265625 -212.69332885742188 7.4000000953674316
v 1918.9892578125 -209.15779113769531 7.4000000953674316
v 1920.0120849609375 -210.18063354492188 7.4000000953674316
v 1917.1146240234375 -211.03245544433594 7.4000000953674316
v 1918.137451171875 -212.0552978515625 7.4000000953674316
v 1918.7623291015625 -211.43040466308594 7.4000000953674316
v 1918.3643798828125 -209.78268432617188 7.4000000953674316
v 1920.0120849609375 -210.18063354492188 7.4000000953674316
v 1921.8177490234375 -211.98622131347656 7.4000000953674316
v 1918.137451171875 -212.0552978515625 7.4000000953674316
v 1919.943115234375 -213.86088562011719 7.4000000953674316
v 1921.2158203125 -211.38435363769531 7.4000000953674316
v 1921.19287109375 -212.61111450195312 7.4000000953674316
v 1918.7623291015625 -211.43040466308594 7.4000000953674316
v 1918.7393798828125 -212.65715026855469 7.4000000953674316
v 1918.988037109375 -197.84135437011719 10.399999618530273
v 1920.4024658203125 -197.84210205078125 10.399999618530273
v 1919.6949462890625 -197.13449096679688 10.399999618530273
v 1922.5252685546875 -198.54969787597656 10.399999618530273
v 1921.8177490234375 -197.84210205078125 10.399999618530273
v 1921.110107421875 -197.13449096679688 10.399999618530273
v 1920.4024658203125 -196.42689514160156 10.399999618530273
v 1923.23291015625 -197.84210205078125 10.399999618530273
v 1922.5252685546875 -197.13449096679688 10.399999618530273
v 1921.8177490234375 -196.42689514160156 10.399999618530273
v 1921.110107421875 -195.71928405761719 10.399999618530273
v 1924.648193359375 -197.84210205078125 10.399999618530273
v 1921.8177490234375 -195.01168823242188 10.399999618530273
v 1924.08203125 -197.27601623535156 10.399999618530273
v 1923.5159912109375 -196.70993041992188 10.399999618530273
v 1922.9498291015625 -196.14384460449219 10.399999618530273
v 1919.9410400390625 -198.79586791992188 10.399999618530273
v 1920.91455078125 -197.82237243652344 10.399999618530273
v 1921.5401611328125 -198.44792175292969 10.399999618530273
v 1922.791259765625 -199.69900512695312 10.399999618530273
v 1923.41015625 -199.08004760742188 10.399999618530273
v 1918.988037109375 -197.84135437011719 10.399999618530273
v 1919.9410400390625 -198.79586791992188 10.399999618530273
v 1916.1568603515625 -200.67251586914062 10.399999618530273
v 1917.1107177734375 -201.62628173828125 10.399999618530273
v 1918.421875 -198.4075927734375 10.399999618530273
v 1917.8555908203125 -198.97381591796875 10.399999618530273
v 1917.289306640625 -199.54005432128906 10.399999618530273
v 1918.053466796875 -200.6834716796875 10.399999618530273
v 1918.52490234375 -200.21206665039062 10.399999618530273
v 1919.468994140625 -199.2679443359375 10.399999618530273
v 1918.52490234375 -200.21206665039062 10.399999618530273
v 1920.4014892578125 -202.08871459960938 10.399999618530273
v 1917.1107177734375 -201.62628173828125 10.399999618530273
v 1918.9873046875 -203.5029296875 10.399999618530273
v 1917.7362060546875 -202.2518310546875 10.399999618530273
v 1918.053466796875 -200.6834716796875 10.399999618530273
v 1919.7760009765625 -201.46316528320312 10.399999618530273
v 1919.8795166015625 -202.61074829101562 10.399999618530273
v 1920.91455078125 -197.82237243652344 10.399999618530273
v 1922.791259765625 -199.69900512695312 10.399999618530273
v 1918.52490234375 -200.21206665039062 10.399999618530273
v 1920.4014892578125 -202.08871459960938 10.399999618530273
v 1919.9410400390625 -198.79586791992188 10.399999618530273
v 1921.5401611328125 -198.44792175292969 10.399999618530273
v 1919.7760009765625 -201.46316528320312 10.399999618530273
v 1919.468994140625 -199.2679443359375 10.399999618530273
v 1921.8177490234375 -200.67251586914062 10.399999618530273
v 1921.345703125 -201.14457702636719 10.399999618530273
v 1917.9639892578125 -210.18310546875 10.399999618530273
v 1915.1356201171875 -207.35467529296875 10.399999618530273
v 1919.8795166015625 -202.61074829101562 10.399999618530273
v 1918.9873046875 -203.5029296875 10.399999618530273
v 1918.9892578125 -209.15779113769531 10.399999618530273
v 1918.34326171875 -208.51171875 10.399999618530273
v 1917.051025390625 -207.21955871582031 10.399999618530273
v 1920.7696533203125 -203.50094604492188 10.399999618530273
v 1918.30810546875 -205.96247863769531 10.399999618530273
v 1918.9366455078125 -205.33393859863281 10.399999618530273
v 1920.15869140625 -204.1119384765625 10.399999618530273
v 1916.078369140625 -208.2974853515625 10.399999618530273
v 1916.5498046875 -208.76889038085938 10.399999618530273
v 1918.3453369140625 -204.14488220214844 10.399999618530273
v 1917.703369140625 -204.78684997558594 10.399999618530273
v 1917.0614013671875 -205.42880249023438 10.399999618530273
v 1916.41943359375 -206.07075500488281 10.399999618530273
v 1918.0474853515625 -208.68534851074219 10.399999618530273
v 1916.63330078125 -207.27113342285156 10.399999618530273
v 1918.214599609375 -205.6898193359375 10.399999618530273
v 1919.0052490234375 -204.899169921875 10.399999618530273
v 1919.7958984375 -204.1085205078125 10.399999618530273
v 1918.9366455078125 -205.33393859863281 10.399999618530273
v 1920.8748779296875 -207.27218627929688 10.399999618530273
v 1917.051025390625 -207.21955871582031 10.399999618530273
v 1918.9892578125 -209.15779113769531 10.399999618530273
v 1918.34326171875 -208.51171875 10.399999618530273
v 1918.30810546875 -205.96247863769531 10.399999618530273
v 1919.6177978515625 -208.52925109863281 10.399999618530273
v 1920.2288818359375 -206.6260986328125 10.399999618530273
v 1920.7696533203125 -203.50094604492188 10.399999618530273
v 1922.7078857421875 -205.43917846679688 10.399999618530273
v 1918.9366455078125 -205.33393859863281 10.399999618530273
v 1920.8748779296875 -207.27218627929688 10.399999618530273
v 1920.2288818359375 -206.6260986328125 10.399999618530273
v 1920.15869140625 -204.1119384765625 10.399999618530273
v 1921.4859619140625 -206.66117858886719 10.399999618530273
v 1922.061767578125 -204.79310607910156 10.399999618530273
v 1921.8177490234375 -200.67251586914062 10.399999618530273
v 1924.6461181640625 -203.50094604492188 10.399999618530273
v 1921.7913818359375 -202.58444213867188 10.399999618530273
v 1919.8795166015625 -202.61074829101562 10.399999618530273
v 1922.7078857421875 -205.43917846679688 10.399999618530273
v 1923.9390869140625 -202.79383850097656 10.399999618530273
v 1923.23193359375 -202.08673095703125 10.399999618530273
v 1922.5247802734375 -201.37962341308594 10.399999618530273
v 1920.7696533203125 -203.50094604492188 10.399999618530273
v 1922.061767578125 -204.79310607910156 10.399999618530273
v 1921.345703125 -201.14457702636719 10.399999618530273
v 1920.4014892578125 -202.08871459960938 10.399999618530273
v 1921.3199462890625 -202.113037109375 10.399999618530273
v 1922.2760009765625 -202.09988403320312 10.399999618530273
v 1921.8045654296875 -201.62847900390625 10.399999618530273
v 1923.35400390625 -204.79310607910156 10.399999618530273
v 1915.1356201171875 -207.35467529296875 10.399999618530273
v 1916.5498046875 -208.76889038085938 10.399999618530273
v 1913.3323974609375 -209.15779113769531 10.399999618530273
v 1914.7467041015625 -210.57200622558594 10.399999618530273
v 1913.8038330078125 -209.62919616699219 10.399999618530273
v 1914.5345458984375 -207.95571899414062 10.399999618530273
v 1915.34765625 -209.97096252441406 10.399999618530273
v 1916.078369140625 -208.2974853515625 10.399999618530273
v 1916.5498046875 -208.76889038085938 10.399999618530273
v 1917.9639892578125 -210.18310546875 10.399999618530273
v 1914.7467041015625 -210.57200622558594 10.399999618530273
v 1916.160888671875 -211.98622131347656 10.399999618530273
v 1915.34765625 -209.97096252441406 10.399999618530273
v 1916.761962890625 -211.38517761230469 10.399999618530273
v 1890.643798828125 -197.9013671875 7.4000000953674316
v 1890.643798828125 -197.9013671875 8.3999996185302734
v 1890.643798828125 -197.9013671875 10.399999618530273
v 1891.351318359375 -198.60897827148438 8.3999996185302734
v 1891.351318359375 -198.60897827148438 9.3999996185302734
v 1892.0589599609375 -199.31657409667969 8.3999996185302734
v 1892.0589599609375 -199.31657409667969 9.3999996185302734
v 1892.7666015625 -200.02418518066406 8.3999996185302734
v 1892.7666015625 -200.02418518066406 9.3999996185302734
v 1893.47412109375 -200.73179626464844 7.4000000953674316
v 1893.4752197265625 -200.7327880859375 10.399999618530273
v 1892.5006103515625 -199.75828552246094 10.399999618530273
v 1891.2626953125 -198.52033996582031 10.399999618530273
v 1890.643798828125 -197.9013671875 9.3999996185302734
v 1891.2098388671875 -198.46745300292969 7.4000000953674316
v 1891.77587890625 -199.03353881835938 7.4000000953674316
v 1892.342041015625 -199.59962463378906 7.4000000953674316
v 1893.474365234375 -200.73204040527344 8.1499996185302734
v 1893.4747314453125 -200.73228454589844 8.8999996185302734
v 1893.4752197265625 -200.7327880859375 4.4000000953674316
v 1893.47412109375 -200.73179626464844 7.4000000953674316
v 1892.7666015625 -200.02418518066406 4.4000000953674316
v 1892.7666015625 -200.02418518066406 5.4000000953674316
v 1892.7666015625 -200.02418518066406 6.4000000953674316
v 1892.0589599609375 -199.31657409667969 4.4000000953674316
v 1892.0589599609375 -199.31657409667969 5.4000000953674316
v 1892.0589599609375 -199.31657409667969 6.4000000953674316
v 1891.351318359375 -198.60897827148438 4.4000000953674316
v 1891.351318359375 -198.60897827148438 5.4000000953674316
v 1891.351318359375 -198.60897827148438 6.4000000953674316
v 1890.643798828125 -197.9013671875 4.4000000953674316
v 1890.643798828125 -197.9013671875 5.4000000953674316
v 1890.643798828125 -197.9013671875 7.4000000953674316
v 1891.2098388671875 -198.46745300292969 7.4000000953674316
v 1891.77587890625 -199.03353881835938 7.4000000953674316
v 1892.342041015625 -199.59962463378906 7.4000000953674316
v 1890.643798828125 -197.9013671875 6.4000000953674316
v 1893.4747314453125 -200.73228454589844 5.9000000953674316
v 1893.4749755859375 -200.73252868652344 5.1500000953674316
vn -0.70811766386032104 0.70609432458877563 -0.00046035545528866351
vn -0.70728576183319092 0.70692771673202515 0.00023591991339344531
vn -0.7076648473739624 0.70654827356338501 -0.00011508890020195395
vn -0.70777797698974609 0.70643490552902222 -7.6725889812223613E-05
vn -0.70795267820358276 0.70625990629196167 -7.7921875345055014E-05
vn -0.70804786682128906 0.70616441965103149 7.6725802500732243E-05
vn -0.7079131007194519 0.70629948377609253 7.9117889981716871E-05
vn -0.70773804187774658 0.7064749002456665 7.6725882536265999E-05
vn -0.70756125450134277 0.70665198564529419 8.3853803516831249E-05
vn -0.70741569995880127 0.70679771900177002 8.3876373537350446E-05
vn -0.70723485946655273 0.70697867870330811 7.3173461714759469E-05
vn -0.7070918083190918 0.70712178945541382 0
vn -0.7070918083190918 0.70712178945541382 0
vn -0.7070918083190918 0.70712178945541382 0
vn -0.7070918083190918 0.70712178945541382 0
vn -0.7070918083190918 0.70712178945541382 0
vn -0.7070918083190918 0.70712178945541382 0
vn -0.7070918083190918 0.70712178945541382 0
vn -0.7070918083190918 0.70712178945541382 0
vn -0.70710057020187378 0.70711302757263184 -2.5893314159475267E-09
vn -0.70711678266525269 0.70709681510925293 -3.8377209421014413E-05
vn -0.70709556341171265 0.70711797475814819 8.115917937701056E-10
vn -0.70709723234176636 0.70711636543273926 1.1993929547315929E-06
vn -0.70709776878356934 0.7071157693862915 0
vn -0.70709925889968872 0.70711427927017212 0
vn -0.70709925889968872 0.70711427927017212 0
vn -0.70709925889968872 0.70711427927017212 0
vn -0.70710968971252441 0.7071039080619812 5.9960348153254017E-06
vn -0.70711427927017212 0.70709925889968872 5.8024857025884558E-06
vn -0.70715916156768799 0.70705437660217285 -0.00011513162462506443
vn -0.70712065696716309 0.70709294080734253 1.2374310244922526E-05
vn -0.70711272954940796 0.70710086822509766 2.3096501536201686E-05
vn -0.70709866285324097 0.70711493492126465 -1.0958933671645354E-05
vn -0.70709741115570068 0.70711612701416016 8.1085881902254187E-06
vn -0.70897436141967773 0.70523422956466675 -2.39216024056077E-06
vn -0.70859730243682861 0.70561307668685913 -0.00030929534113965929
vn -0.70830392837524414 0.70590752363204956 -0.000306903530145064
vn -0.70822405815124512 0.70598763227462769 0.00032115925569087267
vn -0.70859813690185547 0.70561224222183228 0.00031168741406872869
vn -0.70889544486999512 0.70531350374221802 0.00031168718123808503
vn -0.70759963989257812 0.70661348104476929 0.00031875440618023276
vn -0.70791405439376831 0.70629853010177612 0.00033546029590070248
vn -0.70711928606033325 0.70709425210952759 -3.837558688246645E-05
vn -0.70710015296936035 0.70711344480514526 2.4004091301321751E-06
vn -0.70710557699203491 0.7071080207824707 1.7990894320973894E-06
vn -0.70710676908493042 0.70710676908493042 0
vn -0.70710676908493042 0.70710676908493042 0
vn -0.70711511373519897 0.70709848403930664 1.1992069630650803E-05
vn -0.70713835954666138 0.70707523822784424 7.2004309004114475E-06
vn -0.70713919401168823 0.70707440376281738 -1.437491755496012E-05
vn 0.70708388090133667 0.70712965726852417 0
vn 0.70708388090133667 0.70712965726852417 0
vn 0.70700550079345703 0.70720756053924561 -0.00083214708138257265
vn 0.70684880018234253 0.7073633074760437 -0.0013808152871206403
vn 0.70712965726852417 0.70708394050598145 0
vn 0.70711821317672729 0.70709538459777832 0
vn 0.70707869529724121 0.7071346640586853 -0.00050852744607254863
vn 0.70710676908493042 0.7071068286895752 0
vn 0.70711821317672729 0.70709538459777832 0
vn 0.7070775032043457 0.70713591575622559 -0.00035172223579138517
vn 0.70708388090133667 0.70712965726852417 -4.9703201554507359E-09
vn 0.70708388090133667 0.70712965726852417 -2.4840156598315843E-09
vn 0.70704448223114014 0.7071690559387207 -0.00015147920930758119
vn 0.70708388090133667 0.70712965726852417 -1.4910959578173788E-08
vn 0.70696556568145752 0.70724791288375854 -0.00017822853988036513
vn 0.70708388090133667 0.70712965726852417 -9.9383523632923243E-09
vn 0.70708471536636353 0.70712882280349731 -2.4071382540569175E-06
vn 0.70692276954650879 0.70729053020477295 -0.0005306907114572823
vn 0.70696926116943359 0.70724368095397949 -0.00087531399913132191
vn 0.70694941282272339 0.70726317167282104 -0.0011881558457389474
vn 0.70547854900360107 0.70873069763183594 -0.00088945042807608843
vn 0.70575928688049316 0.70844924449920654 0.0018711172742769122
vn 0.70606362819671631 0.70814841985702515 2.2377926143235527E-05
vn 0.70601540803909302 0.70819616317749023 0.00061533332336694002
vn 0.70706605911254883 0.70714741945266724 0.00035172241041436791
vn 0.70711880922317505 0.70709472894668579 -1.077716092368064E-06
vn 0.70704615116119385 0.70716738700866699 0.00015267952403519303
vn 0.7070845365524292 0.70712906122207642 2.3494219476560829E-06
vn 0.70696812868118286 0.70724540948867798 0.00017463034600950778
vn 0.70708578824996948 0.70712774991989136 2.7188873445993522E-06
vn 0.70688247680664062 0.70733022689819336 0.0010585656855255365
vn 0.70696926116943359 0.70724368095397949 0.00087531446479260921
vn 0.70692276954650879 0.70729053020477295 0.00053069094428792596
vn 0.70709025859832764 0.7071232795715332 7.2040024861053098E-06
vn 0.70708560943603516 0.70712798833847046 4.8043257265817374E-06
vn 0.70708644390106201 0.7071271538734436 8.2967108028242365E-06
vn 0.70713156461715698 0.70708203315734863 -1.3142062016413547E-05
vn 0.70712107419967651 0.70709246397018433 -1.4843383723928127E-05
vn 0.7038804292678833 0.71031844615936279 0.00030653734575025737
vn 0.70708763599395752 0.70712578296661377 0.0004315829137340188
vn 0.70733827352523804 0.7068747878074646 0.00081462407251819968
vn 0.70721286535263062 0.70700067281723022 5.3789648518431932E-05
vn 0.70723599195480347 0.7069772481918335 0.00066452240571379662
vn 0.70700967311859131 0.70720386505126953 4.0027334762271494E-05
vn 0.70703613758087158 0.70717722177505493 0.00049768498865887523
vn 0.70708769559860229 0.70712584257125854 0.00027334992773830891
vn 0.7069588303565979 0.70725435018539429 0.00067085621412843466
vn 0.70718514919281006 0.70702838897705078 0.00016459490871056914
vn 0.70710867643356323 0.70710486173629761 -9.1079591584275477E-06
vn 0.70705366134643555 0.70715987682342529 8.0734112998470664E-05
vn 0.70743727684020996 0.70677608251571655 0.00024935571127571166
vn 0.70724809169769287 0.70696538686752319 0.0002796852495521307
vn 0.70700597763061523 0.70720756053924561 0.00017067753651645035
vn 0.70686650276184082 0.70734691619873047 0.00020391109865158796
vn 0.70717322826385498 0.70703965425491333 0.00098904105834662914
vn 0.70714640617370605 0.70706629753112793 0.0011108457110822201
vn 0.70713967084884644 0.707072913646698 0.0011940508848056197
vn 0 0 1
vn 0 0 1
vn 0 0 1
vn 0 0 1
vn 0 0 1
vn 0 0 1
vn 0 0 1
vn 0 0 1
vn 0 0 1
vn 0 0 1
vn 0 0 1
vn 0 0 1
vn 0 0 1
vn 0 0 1
vn 0 0 1
vn 0 0 1
vn 0 0 1
vn 0 0 1
vn 0 0 1
vn 0 0 1
vn 0 0 1
vn 0 0 1
vn 0 0 1
vn 0 0 1
vn 0 0 1
vn 0 0 1
vn 0 0 1
vn 0 0 1
vn 0 0 1
vn 0 0 1
vn 0 0 1
vn 0 0 1
vn 0 0 1
vn 0 0 1
vn 0 0 1
vn 0 0 1
vn 0 0 1
vn 0 0 1
vn 0 0 1
vn 0 0 1
vn 0 0 1
vn 0 0 1
vn 0 0 1
vn 0 0 1
vn 0 0 1
vn 0 0 1
vn 0 0 1
vn 0 0 1
vn 0 0 1
vn 0 0 1
vn 0 0 1
vn 0 0 1
vn 0 0 1
vn 0 0 1
vn 0 0 1
vn 0 0 1
vn 0 0 1
vn 0 0 1
vn 0 0 1
vn 0 0 1
vn 0 0 1
vn 0 0 1
vn 0 0 1
vn 0 0 1
vn 0 0 1
vn 0 0 1
vn 0 0 1
vn 0 0 1
vn 0 0 1
vn 0 0 1
vn 0 0 1
vn 0 0 1
vn 0 0 1
vn 0 0 1
vn 0 0 1
vn 0 0 1
vn 0 0 1
vn 0 0 1
vn 0 0 1
vn 0 0 1
vn 0 0 1
vn 0 0 1
vn 0 0 1
vn 0 0 1
vn 0 0 1
vn 0 0 1
vn 0 0 1
vn 0 0 1
vn 0 0 1
vn 0 0 1
vn 0 0 1
vn 0 0 1
vn 0 0 1
vn 0 0 1
vn 0 0 1
vn 0 0 1
vn 0 0 1
vn 0 0 1
vn 0 0 1
vn 0 0 1
vn 0 0 1
vn 0 0 1
vn 0 0 1
vn 0 0 1
vn 0 0 1
vn 0 0 1
vn 0 0 1
vn 0 0 1
vn 0 0 1
vn 0 0 1
vn 0 0 1
vn 0 0 1
vn 0 0 1
vn 0 0 1
vn 0 0 1
vn -0.70708388090133667 -0.70712965726852417 0
vn -0.70776188373565674 -0.70645081996917725 -0.00063962495187297463
vn -0.70777702331542969 -0.70643484592437744 0.0012222046498209238
vn -0.70810854434967041 -0.70610356330871582 -2.8522244974737987E-05
vn -0.70776718854904175 -0.70644575357437134 -1.9014827557839453E-05
vn -0.70708388090133667 -0.70712965726852417 0
vn -0.70708388090133667 -0.70712965726852417 0
vn -0.70708388090133667 -0.70712965726852417 0
vn -0.70712459087371826 -0.70708900690078735 0
vn -0.70711439847946167 -0.70709913969039917 0
vn -0.70710426568984985 -0.70710933208465576 0
vn -0.70711004734039307 -0.70710349082946777 0
vn -0.70712053775787354 -0.70709306001663208 1.7262789697269909E-05
vn -0.70708388090133667 -0.70712965726852417 0
vn -0.70708388090133667 -0.70712965726852417 0
vn -0.70711439847946167 -0.70709913969039917 0
vn -0.70708388090133667 -0.70712965726852417 0
vn -0.70710426568984985 -0.70710933208465576 2.8771317374776118E-05
vn -0.70708388090133667 -0.70712965726852417 0
vn -0.70708388090133667 -0.70712965726852417 0
vn -0.70708388090133667 -0.70712965726852417 2.8771317374776118E-05
vn 0.42422470450401306 -0.42428526282310486 -0.80000960826873779
vn 0.42422470450401306 -0.42428526282310486 -0.80000960826873779
vn 0.42422473430633545 -0.42428529262542725 -0.80000960826873779
vn 0.42425078153610229 -0.42427095770835876 -0.80000340938568115
vn 0.42426377534866333 -0.42426377534866333 -0.80000030994415283
vn 0.4243028461933136 -0.4242422878742218 -0.79999101161956787
vn -0.4242725670337677 0.4242725670337677 -0.79999101161956787
vn -0.42425987124443054 0.42432042956352234 -0.79997235536575317
vn -0.42427679896354675 0.42425662279129028 -0.79999721050262451
vn -0.42426085472106934 0.42426085472106934 -0.80000340938568115
vn -0.42424863576889038 0.42427891492843628 -0.80000030994415283
vn -0.42422470450401306 0.42428526282310486 -0.80000960826873779
vn -0.42428106069564819 0.42424067854881287 -0.80000340938568115
vn -0.70623564720153809 0.7079768180847168 0
vn -0.70664608478546143 0.70756709575653076 0.00023377480101771653
vn -0.70664608478546143 0.70756709575653076 0.00023377480101771653
vn -0.70705622434616089 0.7071571946144104 0.00046754951472394168
vn 0 0 1
vn 0 0 1
vn 0 0 1
vn 0 0 1
vn 0 0 1
vn 0 0 1
vn 0 0 1
vn 0 0 1
vn 0 0 1
vn 0.70709484815597534 0.70711874961853027 0
vn 0.70708286762237549 0.70713067054748535 2.1578092855634168E-05
vn 0.70709186792373657 0.70712172985076904 0
vn 0.70708882808685303 0.70712471008300781 0
vn 0.70709556341171265 0.70711797475814819 1.2138232705183327E-05
vn 0.70709484815597534 0.70711874961853027 0
vn 0.70709484815597534 0.70711874961853027 0
vn 0.70708882808685303 0.70712476968765259 0
vn 0.70708882808685303 0.70712471008300781 0
vn 0.70708662271499634 0.70712697505950928 3.3716325560817495E-05
vn 0.70709049701690674 0.7071230411529541 8.4290813902043737E-06
vn 0.70715951919555664 0.7070540189743042 0
vn 0.70711469650268555 0.70709884166717529 -3.5896164263249375E-06
vn 0.70711207389831543 0.70710146427154541 0
vn 0.70711207389831543 0.70710152387619019 1.9421378965489566E-05
vn 0.70706456899642944 0.7071489691734314 0
vn 0.70706456899642944 0.7071489691734314 0
vn 0.70711731910705566 0.70709621906280518 -7.179232852649875E-06
vn 0.70712786912918091 0.70708566904067993 3.2368967367801815E-05
vn 0.70715957880020142 0.7070540189743042 0
vn 0.70710152387619019 0.70711207389831543 2.2481917767436244E-05
vn 0.70707094669342041 0.70714265108108521 0
vn 0.70708465576171875 0.70712894201278687 -8.2677988757495768E-06
vn 0.70708882808685303 0.70712476968765259 3.3731002986314707E-06
vn 0.7070806622505188 0.70713293552398682 0
vn 0.70708769559860229 0.70712584257125854 -8.536490895494353E-06
vn 0.70708769559860229 0.70712584257125854 7.084062417561654E-06
vn 0.70712131261825562 0.70709228515625 -9.7722768259700388E-06
vn 0.70711207389831543 0.70710152387619019 -3.8937955650908407E-06
vn 0.70711022615432739 0.70710331201553345 -1.8032385924016126E-05
vn 0.70712113380432129 0.70709246397018433 3.6272788292990299E-06
vn 0.70709681510925293 0.70711672306060791 -2.9036056730546989E-05
vn 0.7070925235748291 0.70712101459503174 1.2255578440090176E-05
vn 0.70708715915679932 0.70712637901306152 -1.1929942047572695E-05
vn 0.70712405443191528 0.70708948373794556 -3.0090117434156127E-05
vn 0.7070775032043457 0.70713603496551514 -7.2123912104871124E-06
vn 0.70708221197128296 0.70713138580322266 -4.8066026465676259E-06
vn 0.70712310075759888 0.70709049701690674 -4.5601896090374794E-06
vn 0.70709288120269775 0.70712065696716309 -1.7807224139687605E-06
vn 0.7070806622505188 0.70713293552398682 0
vn 0.70709586143493652 0.70711767673492432 -6.2938629525888246E-06
vn 0.70709419250488281 0.7071194052696228 8.3918175732833333E-06
vn 0.7070806622505188 0.70713293552398682 0
vn 0.70710623264312744 0.70710736513137817 -8.2720343925757334E-06
vn 0.70710545778274536 0.70710808038711548 5.9085959946969524E-06
vn 0.70711112022399902 0.70710241794586182 -8.0923609857563861E-06
vn 0.70710676908493042 0.70710676908493042 0
vn 0.70710676908493042 0.70710676908493042 0
vn 0.70711112022399902 0.70710241794586182 8.0923609857563861E-06
vn 0.70709902048110962 0.70711451768875122 1.3786724593956023E-05
vn 0.70709902048110962 0.70711451768875122 -1.3786724593956023E-05
vn 0.70717543363571167 0.70703810453414917 0
vn 0.70691204071044922 0.70730143785476685 0
vn 0.70708388090133667 0.70712965726852417 0.00021580629982054234
vn 0.70697122812271118 0.70724225044250488 0.00011151692888233811
vn 0.70699095726013184 0.707222580909729 7.4344614404253662E-05
vn 0.70708006620407104 0.70713347196578979 6.2350969528779387E-05
vn 0.70710551738739014 0.7071080207824707 0.00012148932728450745
vn 0.70706605911254883 0.70714747905731201 0.00015507006901316345
vn 0.70703935623168945 0.70717418193817139 0.00010792534885695204
vn 0.70709049701690674 0.70712310075759888 1.7164720702567138E-05
vn 0.70707970857620239 0.70713388919830322 0
vn 0.70708870887756348 0.70712482929229736 -1.0789180123538245E-05
vn 0.70711582899093628 0.70709776878356934 0
vn 0.70710593461990356 0.70710760354995728 8.159029675880447E-06
vn 0.70710855722427368 0.70710498094558716 -2.8772394216503017E-05
vn 0.70710271596908569 0.70711088180541992 6.8465865297184791E-06
vn 0.70710378885269165 0.70710980892181396 -6.5938897932937834E-06
vn 0.70707249641418457 0.70714104175567627 0
vn 0.70707404613494873 0.70713949203491211 1.79834592017869E-06
vn 0.70710831880569458 0.70710527896881104 -3.2369520340580493E-05
vn 0.70710378885269165 0.70710974931716919 -3.3567317586857826E-05
vn 0.70707279443740845 0.70714080333709717 2.5336134967801627E-07
vn 0.707072913646698 0.70714062452316284 0
vn 0.70712155103683472 0.70709198713302612 2.4882958314265124E-05
vn 0.70709162950515747 0.70712190866470337 6.0985821619397029E-06
vn 0.70546305179595947 0.70874559879302979 -0.0012433852534741163
vn 0.70645660161972046 0.70775514841079712 0.0013152401661500335
vn 0.70713633298873901 0.70707696676254272 0.00053752219537273049
vn 0.70679432153701782 0.70741909742355347 0
vn 0.70607733726501465 0.70813459157943726 -0.00041446200339123607
vn 0.7062981128692627 0.70791423320770264 0.00062165595591068268
vn 0.7071382999420166 0.70707529783248901 3.5964105336461216E-05
vn 0.7071758508682251 0.70703768730163574 1.6769155990914442E-05
vn 0.70713448524475098 0.70707893371582031 0.00046928075607866049
vn 0.70747309923171997 0.70674031972885132 0
vn 0.7081000804901123 0.70611190795898438 -0.0004730851505883038
vn 0.70793730020523071 0.70627504587173462 0.00062666664598509669
vn 0.70707815885543823 0.70713537931442261 7.1930466219782829E-05
vn 0.7069929838180542 0.70722055435180664 5.2753930503968149E-05
vn 0.7069738507270813 0.70723956823348999 0.0003986030351370573
vn 0.70856744050979614 0.70564162731170654 -0.0014192549278959632
vn 0.70774757862091064 0.70646399259567261 0.0013971943408250809
vn 0.70683377981185913 0.70737928152084351 0.00073723978130146861
vn 0.7069554328918457 0.70725804567337036 0.00024936877889558673
vn 0.70677608251571655 0.70743727684020996 0.00024936316185630858
vn 0.70725512504577637 0.70695841312408447 0.00010782459139591083
vn 0.70718002319335938 0.70703351497650146 0.00010546651901677251
vn 0.70705175399780273 0.70716118812561035 0.00092785124434158206
vn 0.70699965953826904 0.70721340179443359 0.00083784351591020823
vn 0.70948845148086548 0.70471698045730591 0.00030716290348209441
vn 0.70469313859939575 0.70951205492019653 0.0004143877886235714
vn 0.70711696147918701 0.7070966362953186 2.5193974579451606E-05
vn 0.70710086822509766 0.70711272954940796 -2.4004466467886232E-06
vn 0.70711058378219604 0.70710295438766479 -2.6979463655152358E-05
vn 0.70708489418029785 0.70712864398956299 9.4195011115516536E-06
vn 0.7070915699005127 0.70712202787399292 0
vn 0.7070915699005127 0.70712202787399292 0
vn 0.7070915699005127 0.70712202787399292 0
vn 0.70708203315734863 0.70713150501251221 -1.3486599527823273E-05
vn 0.70710510015487671 0.70710849761962891 -5.4994114817574768E-10
vn 0.70709323883056641 0.70712035894393921 -4.8009510464908089E-06
vn 0.70709830522537231 0.70711523294448853 -4.7992971303756349E-06
vn 0.7071039080619812 0.70710963010787964 3.1016108550829813E-05
vn 0.7070915699005127 0.70712202787399292 0
vn 0.7070915699005127 0.70712202787399292 0
vn 0.70710110664367676 0.70711249113082886 -4.0461105527356267E-05
vn 0.70710033178329468 0.70711326599121094 1.153782523033442E-05
vn 0.70709747076034546 0.70711612701416016 -1.1993978432656149E-06
vn 0.70709538459777832 0.70711821317672729 -8.2551721014567647E-10
vn 0.70709365606307983 0.70711988210678101 -2.3988229713722831E-06
vn 0.70709425210952759 0.70711928606033325 -1.1561733117559925E-05
vn 0.70713543891906738 0.70707815885543823 -1.346213321085088E-05
vn 0.70714491605758667 0.70706862211227417 0
vn 0.70714491605758667 0.70706862211227417 0
vn 0.70715254545211792 0.70706099271774292 -7.1934500738279894E-06
vn 0.70717543363571167 0.70703810453414917 0
vn 0.70711886882781982 0.70709466934204102 -1.7063213817891665E-05
vn 0.7086409330368042 0.70556873083114624 -0.00092847098130732775
vn 0.70840871334075928 0.70579993724822998 0.001877137110568583
vn 0.70725840330123901 0.70695501565933228 -0.00040987230022437871
vn 0.70713478326797485 0.70707881450653076 -9.591267371433787E-06
vn 0.70714491605758667 0.70706862211227417 0
vn 0.70714491605758667 0.70706862211227417 0
vn 0.71032565832138062 0.70387303829193115 0.00042093379306606948
vn 0.70713120698928833 0.70708239078521729 -5.6877383940445725E-06
vn 0.70741927623748779 0.7067941427230835 -0.00020373582083266228
vn 0.70765376091003418 0.70655941963195801 0
vn 0.70851737260818481 0.70569324493408203 -0.00041524524567648768
vn 0.70843571424484253 0.70577496290206909 0.00074510031845420599
vn -0.70706456899642944 -0.7071489691734314 0
vn -0.70706456899642944 -0.7071489691734314 0
vn -0.70706725120544434 -0.70714634656906128 -2.6975392302119872E-06
vn -0.70706987380981445 -0.70714366436004639 0
vn -0.70707511901855469 -0.70713841915130615 0
vn -0.70707249641418457 -0.70714104175567627 -2.6975392302119872E-06
vn -0.70706456899642944 -0.7071489691734314 0
vn -0.70707517862319946 -0.70713841915130615 0
vn -0.70706897974014282 -0.70714455842971802 -8.9917972445618943E-07
vn 0.70709484815597534 0.70711874961853027 0
vn 0.70709484815597534 0.70711874961853027 0
vn 0.70714265108108521 0.70707094669342041 0
vn 0.7071157693862915 0.70709782838821411 0
vn 0.70713663101196289 0.70707690715789795 0
vn 0.70713669061660767 0.70707690715789795 0
vn 0.70711946487426758 0.70709407329559326 -3.1019866582937539E-05
vn 0.70713663101196289 0.70707690715789795 0
vn 0.70711326599121094 0.70710033178329468 -3.9861086406745017E-05
vn 0.70711082220077515 0.70710277557373047 -1.9181175957783125E-05
vn 0.70711380243301392 0.70709973573684692 -1.7083322745747864E-05
vn -0.70708882808685303 -0.70712471008300781 0
vn -0.70708882808685303 -0.70712476968765259 0
vn -0.70706194639205933 -0.70715159177780151 0
vn -0.7071157693862915 -0.70709782838821411 0
vn -0.70714265108108521 -0.70707094669342041 0
vn -0.70714265108108521 -0.70707094669342041 0
vn -0.70714265108108521 -0.70707094669342041 0
vn -0.70714265108108521 -0.70707094669342041 0
vn -0.70707988739013672 -0.7071337103843689 1.0789380212372635E-05
vn -0.70709782838821411 -0.70711570978164673 1.0789380212372635E-05
vn -0.70711958408355713 -0.70709395408630371 4.6240202209446579E-06
vn 0 0 -1
vn 0 0 -1
vn 0 0 -1
vn 0 0 -1
vn 0 0 -1
vn 0 0 -1
vn 0 0 -1
vn 0 0 -1
vn 0 0 -1
vn 0 0 -1
vn 0 0 -1
vn -0.70705628395080566 0.70715725421905518 0
vn -0.70705628395080566 0.70715725421905518 0
vn -0.70705628395080566 0.70715725421905518 0
vn -0.70705628395080566 0.70715725421905518 0
vn -0.42427855730056763 0.42427098751068115 0.79998862743377686
vn -0.42426425218582153 0.42432481050491333 0.79996770620346069
vn -0.42424985766410828 0.42429527640342712 0.79999101161956787
vn -0.4242713451385498 0.42425620555877686 0.80000030994415283
vn -0.42427852749824524 0.42424318194389343 0.80000340938568115
vn -0.42428329586982727 0.42425301671028137 0.79999566078186035
vn 0.42423668503761292 -0.42428210377693176 0.80000495910644531
vn 0.42423069477081299 -0.42428368330001831 0.80000728368759155
vn 0.42422869801521301 -0.42428421974182129 0.80000805854797363
vn 0.42425078153610229 -0.42427095770835876 0.80000340938568115
vn 0.42426377534866333 -0.42426377534866333 0.80000030994415283
vn 0.4243028461933136 -0.4242422878742218 0.79999101161956787
vn 0.70715725421905518 -0.70705628395080566 0
vn 0.70715725421905518 -0.70705628395080566 0
vn 0.70715725421905518 -0.70705628395080566 0
vn 0.70715725421905518 -0.70705628395080566 0
vn -0.70705717802047729 -0.70715636014938354 3.7760666600661352E-05
vn -0.70707762241363525 -0.70713591575622559 2.0576426322804764E-05
vn -0.70708006620407104 -0.70713347196578979 1.7983431916945847E-06
vn -0.70711725950241089 -0.70709627866744995 3.7764591525046853E-06
vn -0.70709854364395142 -0.7071150541305542 1.1988954611297231E-06
vn -0.70710885524749756 -0.70710474252700806 8.3172453742008656E-06
vn -0.70712053775787354 -0.70709306001663208 -1.7262789697269909E-05
vn -0.70709770917892456 -0.70711582899093628 1.955629704752937E-05
vn -0.7070733904838562 -0.70714014768600464 6.3386185502167791E-05
vn -0.70710295438766479 -0.70711058378219604 2.1039642888354138E-05
vn -0.70712429285049438 -0.70708930492401123 1.4836249647487421E-05
vn -0.70708388090133667 -0.70712965726852417 0
vn -0.70708388090133667 -0.70712965726852417 -2.8771317374776118E-05
vn -0.70710045099258423 -0.70711314678192139 -2.8771317374776118E-05
vn -0.70707756280899048 -0.70713603496551514 2.3977909222594462E-06
vn -0.70708388090133667 -0.70712965726852417 0
vn 0.70708388090133667 -0.70712965726852417 0
vn 0.70709532499313354 -0.70711821317672729 1.6184389096451923E-05
vn 0.70712459087371826 -0.70708900690078735 0
vn 0.70711439847946167 -0.70709913969039917 0
vn 0.70711344480514526 -0.70710009336471558 1.3037754797551315E-05
vn 0.70710426568984985 -0.70710933208465576 0
vn 0.70711439847946167 -0.70709913969039917 0
vn 0.70711982250213623 -0.70709377527236938 3.0571607112506172E-06
vn 0.70708006620407104 -0.70713347196578979 0
vn 0.70708006620407104 -0.70713347196578979 0
vn 0.70707911252975464 -0.7071344256401062 2.4274404495372437E-06
vn 0.70707625150680542 -0.70713728666305542 0
vn 0.70707625150680542 -0.70713728666305542 0
vn 0.70707482099533081 -0.70713871717453003 2.0226348169671837E-06
vn 0.70708388090133667 -0.70712965726852417 0
vn 0.70707625150680542 -0.70713728666305542 0
vn 0.70709121227264404 -0.70712238550186157 3.8657863115076907E-06
vn 0.70712584257125854 -0.70708769559860229 1.3487673641066067E-05
vn 0.70711153745651245 -0.70710200071334839 3.3717824408086017E-05
vn 0.70710676908493042 0.70710676908493042 0
vn 0.70710676908493042 0.70710676908493042 0
vn 0.70706474781036377 0.70714879035949707 0
vn 0.70710325241088867 0.70711028575897217 0
vn 0.70710331201553345 0.70711028575897217 0
vn 0.70710736513137817 0.70710623264312744 2.5751354769454338E-05
vn 0.70709973573684692 0.70711380243301392 0
vn 0.7070997953414917 0.70711380243301392 0
vn 0.70710378885269165 0.70710980892181396 5.4547613217437174E-06
vn 0.70710444450378418 0.70710915327072144 0
vn 0.70710331201553345 0.70711028575897217 0
vn 0.70709490776062012 0.7071186900138855 1.2767189218720887E-05
vn 0.70710325241088867 0.70711028575897217 0
vn 0.70710331201553345 0.70711028575897217 0
vn 0.70710617303848267 0.70710736513137817 1.2947622053616215E-05
vn 0.7070997953414917 0.70711380243301392 0
vn 0.70709973573684692 0.70711380243301392 0
vn 0.70711171627044678 0.70710188150405884 1.8342692783335224E-05
vn 0.7070997953414917 0.70711380243301392 0
vn 0.70709627866744995 0.70711725950241089 1.3486991520039737E-05
vn 0.70709556341171265 0.70711797475814819 3.9561124140163884E-05
vn 0.70709323883056641 0.70712035894393921 1.1867731700476725E-05
vn 0.70711565017700195 0.70709794759750366 2.9252276362967677E-05
vn 0.70709836483001709 0.70711523294448853 3.4527125535532832E-05
vn -0.70708388090133667 -0.70712965726852417 0
vn -0.70712965726852417 -0.70708388090133667 0
vn -0.70712965726852417 -0.70708388090133667 0
vn -0.70711439847946167 -0.70709913969039917 0
vn -0.70710676908493042 -0.70710676908493042 0
vn -0.70716398954391479 -0.70704954862594604 0
vn -0.70713728666305542 -0.70707625150680542 2.5175892005790956E-05
vn -0.70711058378219604 -0.70710295438766479 5.0351784011581913E-05
vn -0.70713728666305542 -0.70707625150680542 2.5175892005790956E-05
vn -0.70706987380981445 -0.70714372396469116 0
vn -0.70706987380981445 -0.70714372396469116 0
vn -0.70706987380981445 -0.70714372396469116 0
vn -0.70706987380981445 -0.70714372396469116 0
vn -0.70706987380981445 -0.70714372396469116 0
vn -0.70706987380981445 -0.70714372396469116 0
vn -0.70706987380981445 -0.70714372396469116 0
vn 0.70714265108108521 0.70707094669342041 0
vn 0.70712471008300781 0.7070888876914978 1.0789703992486466E-05
vn 0.70712244510650635 0.70709109306335449 -8.0922745837597176E-06
vn 0.70714265108108521 0.70707094669342041 0
vn 0.70710229873657227 0.70711123943328857 0
vn 0.70710229873657227 0.70711123943328857 0
vn 0.70712023973464966 0.70709335803985596 1.0789703992486466E-05
vn 0.70711243152618408 0.70710116624832153 8.0922782217385247E-06
vn 0.70711129903793335 0.70710229873657227 -1.0789699445012957E-05
vn 0.70712023973464966 0.70709335803985596 -1.0789698535518255E-05
vn -0.70706194639205933 -0.70715159177780151 0
vn -0.70706194639205933 -0.70715159177780151 0
vn -0.70714265108108521 -0.70707094669342041 0
vn -0.70712244510650635 -0.70709109306335449 -1.6184556443477049E-05
vn -0.70712471008300781 -0.7070888876914978 2.1579398890025914E-05
vn -0.70714265108108521 -0.70707094669342041 0
vn -0.70710676908493042 -0.70710676908493042 -2.1579407984972931E-05
vn -0.70710229873657227 -0.70711123943328857 1.6184549167519435E-05
vn -0.70709782838821411 -0.70711570978164673 -2.1579407984972931E-05
vn -0.70710676908493042 -0.70710676908493042 2.157939707103651E-05
vn 0 0 -1
vn 0 0 -1
vn 0 0 -1
vn 0 0 -1
vn 0 0 -1
vn 0 0 -1
vn 0 0 -1
vn 0 0 -1
vn 0 0 -1
vn -0.70705628395080566 0.70715725421905518 0
vn -0.70705628395080566 0.70715725421905518 0
vn -0.70705628395080566 0.70715725421905518 0
vn -0.70705628395080566 0.70715725421905518 0
vn -0.42427855730056763 0.42427098751068115 0.79998862743377686
vn -0.42426425218582153 0.42432481050491333 0.79996770620346069
vn -0.42424985766410828 0.42429527640342712 0.79999101161956787
vn -0.4242713451385498 0.42425620555877686 0.80000030994415283
vn -0.42427852749824524 0.42424318194389343 0.80000340938568115
vn -0.42428329586982727 0.42425301671028137 0.79999566078186035
vn 0.42423668503761292 -0.42428210377693176 0.80000495910644531
vn 0.42423069477081299 -0.42428368330001831 0.80000728368759155
vn 0.42422869801521301 -0.42428421974182129 0.80000805854797363
vn 0.42425078153610229 -0.42427095770835876 0.80000340938568115
vn 0.42426377534866333 -0.42426377534866333 0.80000030994415283
vn 0.4243028461933136 -0.4242422878742218 0.79999101161956787
vn 0.70715725421905518 -0.70705628395080566 0
vn 0.70715725421905518 -0.70705628395080566 0
vn 0.70715725421905518 -0.70705628395080566 0
vn 0.70715725421905518 -0.70705628395080566 0
vn -0.70708388090133667 -0.70712965726852417 0
vn -0.70707982778549194 -0.70713376998901367 3.8535841895281919E-07
vn -0.70708006620407104 -0.70713347196578979 1.7983431916945847E-06
vn -0.7071271538734436 -0.70708644390106201 -4.795635959453648E-06
vn -0.70709854364395142 -0.7071150541305542 1.1988954611297231E-06
vn -0.70710426568984985 -0.70710933208465576 -4.795635959453648E-06
vn -0.70712053775787354 -0.70709306001663208 -1.7262789697269909E-05
vn -0.70708388090133667 -0.70712965726852417 0
vn -0.70708101987838745 -0.70713251829147339 1.3487543810697389E-06
vn -0.70710998773574829 -0.70710361003875732 8.9916960632763221E-07
vn -0.70713478326797485 -0.70707881450653076 -9.5912719189072959E-06
vn -0.70708388090133667 -0.70712965726852417 0
vn -0.70708388090133667 -0.70712965726852417 -2.8771317374776118E-05
vn -0.70710045099258423 -0.70711314678192139 -2.8771317374776118E-05
vn -0.70707756280899048 -0.70713603496551514 2.3977909222594462E-06
vn -0.70708388090133667 -0.70712965726852417 0
vn 0.70709532499313354 -0.70711821317672729 -1.6184398191398941E-05
vn 0.70709532499313354 -0.70711821317672729 1.6184389096451923E-05
vn 0.70711797475814819 -0.70709562301635742 -1.117522333515808E-05
vn 0.70711344480514526 -0.70710009336471558 1.3037754797551315E-05
vn 0.70710963010787964 -0.7071039080619812 -3.0571623028663453E-06
vn 0.70711982250213623 -0.70709377527236938 3.0571607112506172E-06
vn 0.70707875490188599 -0.70713484287261963 -3.3984183573920745E-06
vn 0.70707911252975464 -0.7071344256401062 2.4274404495372437E-06
vn 0.70707482099533081 -0.70713871717453003 -2.0226359538355609E-06
vn 0.70707625150680542 -0.70713728666305542 0
vn 0.70707625150680542 -0.70713728666305542 0
vn 0.70707482099533081 -0.70713871717453003 2.0226348169671837E-06
vn 0.70711153745651245 -0.70710200071334839 -3.3717842597980052E-05
vn 0.70712584257125854 -0.70708769559860229 -1.3487680007528979E-05
vn 0.70709121227264404 -0.70712238550186157 -3.8657885852444451E-06
vn 0.70708388090133667 -0.70712965726852417 0
vn 0.70709121227264404 -0.70712238550186157 3.8657863115076907E-06
vn 0.70712584257125854 -0.70708769559860229 1.3487673641066067E-05
vn 0.70711153745651245 -0.70710200071334839 3.3717824408086017E-05
vn 0.70706474781036377 0.70714879035949707 0
vn 0.70709282159805298 0.70712077617645264 -1.79826638486702E-05
vn 0.70709627866744995 0.70711725950241089 1.3486991520039737E-05
vn 0.70706474781036377 0.70714879035949707 0
vn 0.70710617303848267 0.70710736513137817 -1.8393831851426512E-05
vn 0.70710736513137817 0.70710623264312744 2.5751354769454338E-05
vn 0.70710372924804688 0.70710986852645874 -5.4547649597225245E-06
vn 0.70710378885269165 0.70710980892181396 5.4547613217437174E-06
vn 0.70709604024887085 0.70711749792098999 -1.2767196494678501E-05
vn 0.70709490776062012 0.7071186900138855 1.2767189218720887E-05
vn 0.7071073055267334 0.70710623264312744 -1.8126680515706539E-05
vn 0.70710617303848267 0.70710736513137817 1.2947622963110916E-05
vn 0.70711171627044678 0.70710188150405884 -1.8342701878282242E-05
vn 0.70711171627044678 0.70710188150405884 1.8342692783335224E-05
vn 0.70709836483001709 0.70711523294448853 -3.4527143725426868E-05
vn 0.70711565017700195 0.70709794759750366 -2.9252290914882906E-05
vn 0.70709323883056641 0.70712035894393921 -1.1867737157444935E-05
vn 0.70709556341171265 0.70711797475814819 -3.9561142330057919E-05
vn 0.70709973573684692 0.70711380243301392 0
vn 0.7070997953414917 0.70711380243301392 0
vn 0.70709556341171265 0.70711797475814819 3.9561124140163884E-05
vn 0.70709323883056641 0.70712035894393921 1.1867731700476725E-05
vn 0.70711565017700195 0.70709794759750366 2.9252276362967677E-05
vn 0.70709836483001709 0.70711523294448853 3.4527125535532832E-05
vn -0.70711439847946167 -0.70709913969039917 -5.7545119489077479E-05
vn -0.70712965726852417 -0.70708388090133667 0
vn -0.70712202787399292 -0.70709151029586792 -2.8772559744538739E-05
vn -0.70712202787399292 -0.70709151029586792 -2.8772559744538739E-05
vn -0.70716398954391479 -0.70704954862594604 0
vn -0.70716398954391479 -0.70704954862594604 0
vn -0.70708388090133667 -0.70712965726852417 0
vn -0.70713728666305542 -0.70707625150680542 0
vn -0.70712393522262573 -0.70708960294723511 0
vn -0.70708668231964111 0.70712685585021973 1.4379989806911908E-05
vn -0.70708775520324707 0.70712578296661377 4.495084795053117E-05
vn -0.70709842443466187 0.70711517333984375 3.594997451727977E-06
vn -0.70709520578384399 0.70711833238601685 2.3962109025887912E-06
vn -0.70709514617919922 0.70711839199066162 3.3560885640326887E-05
vn -0.70711791515350342 0.7070956826210022 0
vn -0.70711678266525269 0.70709675550460815 0
vn -0.707114577293396 0.70709902048110962 3.3364314731443301E-05
vn -0.70711570978164673 0.70709788799285889 0
vn -0.70711678266525269 0.70709675550460815 0
vn -0.70710831880569458 0.70710521936416626 6.8968574851169251E-06
vn -0.70711344480514526 0.70710009336471558 0
vn -0.70711344480514526 0.70710009336471558 0
vn -0.7071152925491333 0.70709830522537231 1.2908697044622386E-06
vn -0.70711344480514526 0.70710009336471558 0
vn -0.70711344480514526 0.70710009336471558 0
vn -0.70710957050323486 0.70710402727127075 1.1577867553569376E-09
vn -0.70711344480514526 0.70710009336471558 0
vn -0.70711344480514526 0.70710009336471558 0
vn -0.70711427927017212 0.70709925889968872 -3.510114993332536E-06
vn -0.70711344480514526 0.70710009336471558 0
vn -0.70711344480514526 0.70710009336471558 0
vn -0.70711636543273926 0.70709717273712158 -4.727052782982355E-06
vn -0.70707327127456665 0.70714026689529419 9.5839359346427955E-06
vn -0.70708149671554565 0.70713210105895996 9.5857512860675342E-06
vn -0.70711344480514526 0.70710009336471558 0
vn -0.70710933208465576 0.70710426568984985 6.5114086282846984E-06
vn -0.70710015296936035 0.70711344480514526 -3.9179526538646314E-06
vn -0.70709651708602905 0.70711708068847656 3.9291018765652552E-05
vn -0.70710903406143188 0.70710456371307373 7.2722483309917152E-05
vn -0.70710760354995728 0.70710593461990356 -8.1787156887003221E-06
vn -0.70714491605758667 -0.70706862211227417 0
vn -0.70714491605758667 -0.70706862211227417 0
vn -0.70711630582809448 -0.70709723234176636 0
vn -0.70711439847946167 -0.70709913969039917 0
vn -0.70711439847946167 -0.70709913969039917 0
vn -0.70711290836334229 -0.70710068941116333 1.9853177946060896E-05
vn -0.70712459087371826 -0.70708900690078735 0
vn -0.70711439847946167 -0.70709913969039917 0
vn -0.70710963010787964 -0.7071039080619812 8.4518942458089441E-06
vn -0.70711439847946167 -0.70709913969039917 0
vn -0.70711439847946167 -0.70709913969039917 0
vn -0.70711469650268555 -0.70709890127182007 9.6337435024906881E-06
vn -0.70708388090133667 -0.70712965726852417 0
vn -0.70708388090133667 -0.70712965726852417 0
vn -0.70710009336471558 -0.70711344480514526 2.2928157704882324E-05
vn -0.70708388090133667 -0.70712965726852417 0
vn -0.70713776350021362 -0.70707577466964722 8.0926893133437261E-06
vn -0.70712584257125854 -0.70708769559860229 2.4276976546389051E-05
vn -0.70710235834121704 -0.70711123943328857 2.4096620109048672E-05
vn -0.70712268352508545 -0.70709091424942017 2.51763758569723E-05
vn 0.70714491605758667 0.70706862211227417 0
vn 0.70663547515869141 0.70757776498794556 0
vn 0.70612186193466187 0.70809030532836914 0
vn 0.70612561702728271 0.70808637142181396 0.00048012394108809531
vn 0.70510506629943848 0.70910286903381348 0
vn 0.7056155800819397 0.70859485864639282 0
vn 0.70561635494232178 0.70859372615814209 0.00072153616929426789
vn 0.70680403709411621 0.7074093222618103 0.0003212903393432498
vn 0.70510506629943848 0.70910286903381348 0
vn 0.70646476745605469 0.70774775743484497 0.00080231443280354142
vn 0.70612603425979614 0.70808613300323486 0.00016109547868836671
vn 0.70708388090133667 0.70712965726852417 0
vn 0.70708388090133667 0.70712965726852417 0
vn 0.70708388090133667 0.70712965726852417 0
vn 0.70708388090133667 0.70712965726852417 0
vn 0.70708388090133667 0.70712965726852417 0
vn 0.70708388090133667 0.70712965726852417 0
vn 0.70708388090133667 0.70712965726852417 0
vn 0.70708388090133667 0.70712965726852417 0
vn 0.70708388090133667 0.70712965726852417 0
vn 0.70708388090133667 0.70712965726852417 0
vn 0.70708388090133667 0.70712965726852417 0
vn 0.70612186193466187 0.70809030532836914 0
vn 0.70612627267837524 0.70808589458465576 -4.786559657077305E-06
vn 0.70611834526062012 0.70809382200241089 8.1180387496715412E-06
vn 0.70609968900680542 0.70811241865158081 0
vn 0.7061275839805603 0.7080845832824707 -6.3703919295221567E-07
vn 0.70614546537399292 0.70806682109832764 -6.2544262391384109E-07
vn 0.70612525939941406 0.70808696746826172 -1.5799816992512206E-06
vn 0.70612698793411255 0.70808517932891846 -6.5944259404204786E-06
vn 0.70613199472427368 0.7080802321434021 2.1713346995966276E-06
vn 0.70612359046936035 0.70808863639831543 7.9095570981735364E-06
vn 0.70708376169204712 0.70712953805923462 0.00057542661670595407
vn 0.7076994776725769 0.70651334524154663 0.00059750588843598962
vn 0.70708388090133667 0.70712965726852417 0
vn 0.70708388090133667 0.70712965726852417 0
vn 0.70708388090133667 0.70712965726852417 0
vn 0.70734339952468872 0.70687001943588257 0.00036710349377244711
vn 0.70719486474990845 0.70701861381530762 0.00024414504878222942
vn 0.707633376121521 0.70657974481582642 0.00030713254818692803
vn 0.70732372999191284 0.70688962936401367 0.00039767596172168851
vn 0.70729547739028931 0.70691806077957153 0.00010293353989254683
vn 0.70738077163696289 0.7068326473236084 0.00019916862947866321
vn -0.70706266164779663 0.70715093612670898 0
vn -0.70709359645843506 0.70712000131607056 -1.2587791388796177E-05
vn -0.70706266164779663 0.70715093612670898 0
vn -0.70712441205978394 0.7070891261100769 0
vn -0.70712441205978394 0.7070891261100769 0
vn -0.70709013938903809 0.70712345838546753 1.6783729734015651E-05
vn -0.70709699392318726 0.70711660385131836 1.6783729734015651E-05
vn -0.70710897445678711 0.70710456371307373 1.2587797755259089E-05
vn -0.7071107029914856 0.70710283517837524 -1.6783722458058037E-05
vn -0.70709699392318726 0.70711660385131836 -1.6783722458058037E-05
vn -0.70710670948028564 0.70710670948028564 -0.00037403943133540452
vn -0.70733863115310669 0.7068747878074646 -0.00031635313644073904
vn -0.70710676908493042 0.70710676908493042 0
vn -0.70728594064712524 0.70692753791809082 -8.449653978459537E-05
vn -0.70736443996429443 0.70684903860092163 0
vn -0.70718258619308472 0.70703095197677612 -0.00011722462659236044
vn -0.70725739002227783 0.70695608854293823 -0.00020358648907858878
vn -0.70716679096221924 0.70704668760299683 -0.00028097932226955891
vn -0.70713651180267334 0.7070770263671875 -0.00019947825057897717
vn -0.70732218027114868 0.70689129829406738 -0.0001899475755635649
vn -0.70709007978439331 0.70712345838546753 0
vn -0.70709007978439331 0.70712345838546753 0
vn -0.70711928606033325 0.70709425210952759 0
vn -0.70711195468902588 0.70710158348083496 6.2939643612480722E-06
vn -0.70711278915405273 0.70710080862045288 -8.3919485405203886E-06
vn -0.70711928606033325 0.70709425210952759 0
vn -0.70710468292236328 0.70710885524749756 -6.293961178016616E-06
vn -0.70710307359695435 0.70711046457290649 8.3919521784991957E-06
vn -0.70710635185241699 0.70710724592208862 8.3919521784991957E-06
vn -0.70710635185241699 0.70710724592208862 -8.3919485405203886E-06
vn -0.70711630582809448 -0.70709723234176636 0
vn -0.70712524652481079 -0.70708835124969482 -5.0353555707260966E-06
vn -0.70713347196578979 -0.70708006620407104 -5.3949711400491651E-06
vn -0.70714491605758667 -0.70706862211227417 0
vn -0.70710796117782593 -0.70710557699203491 -8.81170853972435E-06
vn -0.70710217952728271 -0.70711135864257812 -4.3159770939382724E-06
vn -0.70710867643356323 -0.70710486173629761 7.6245974014454987E-06
vn -0.70710784196853638 -0.70710569620132446 -4.110365807719063E-06
vn -0.70712298154830933 -0.70709055662155151 1.2588083336595446E-05
vn -0.70712965726852417 -0.70708388090133667 0
vn -0.70712202787399292 -0.70709151029586792 -1.438627987226937E-05
vn -0.70712965726852417 -0.70708388090133667 0
vn -0.70711761713027954 -0.70709598064422607 -1.5824954971321858E-05
vn -0.70711153745651245 -0.70710200071334839 -3.4167205740232021E-05
vn -0.70710551738739014 -0.70710808038711548 7.1912296562004485E-07
vn -0.70709407329559326 -0.70711952447891235 -9.5908535513444804E-06
vn -0.70711952447891235 -0.70709407329559326 -7.1932950049813371E-06
vn 0.70711624622344971 -0.70709717273712158 0.00046035621198825538
vn 0.70679259300231934 -0.7074202299118042 0.00091665080981329083
vn 0.70695626735687256 -0.70725727081298828 8.277831511804834E-05
vn 0.70691949129104614 -0.70729362964630127 0.00076671649003401399
vn 0.70709025859832764 -0.70712333917617798 -6.1260916481842287E-06
vn 0.70709294080734253 -0.70712029933929443 0.00070474873064085841
vn 0.70731502771377563 -0.70689845085144043 0.00014334605657495558
vn 0.70730358362197876 -0.70690971612930298 0.00055610353592783213
vn 0.70729702711105347 -0.7069164514541626 0.00020455721823964268
vn 0.70746076107025146 -0.70675200223922729 0.00095510081155225635
vn 0.70663422346115112 -0.70757895708084106 0.00031170135480351746
vn 0.70692884922027588 -0.70728456974029541 0.00034102940117008984
vn 0.70703399181365967 -0.70717954635620117 0.00018908354104496539
vn 0.70710486173629761 -0.70710867643356323 1.9755339053517673E-06
vn 0.70710235834121704 -0.70711123943328857 -2.8601285521290265E-05
vn 0.70747894048690796 -0.706734299659729 0.000467545265564695
vn 0.70764619112014771 -0.70656692981719971 0.00031169669819064438
vn 0.7071031928062439 -0.70710891485214233 0.0014280953910201788
vn 0.70710736513137817 -0.70710480213165283 0.0013916726456955075
vn 0.70711565017700195 -0.70709657669067383 0.0013729454949498177
vn 0.70711809396743774 0.7070954442024231 7.3651111875960851E-09
vn 0.70712089538574219 0.70709264278411865 -3.5872383250534767E-06
vn 0.70712089538574219 0.70709264278411865 -7.1836875576991588E-06
vn 0.70712375640869141 0.70708984136581421 -7.1818417382019106E-06
vn 0.70712000131607056 0.70709359645843506 -4.7866669774521142E-06
vn 0.70712184906005859 0.70709174871444702 -9.5807017714832909E-06
vn 0.70712184906005859 0.70709174871444702 -9.5807017714832909E-06
vn 0.70712000131607056 0.70709359645843506 -2.3890372631285572E-06
vn 0.70675307512283325 0.70746028423309326 -1.4623528841184452E-05
vn 0.70669251680374146 0.70752084255218506 -7.4669083005574066E-06
vn 0.70670998096466064 0.70750337839126587 0
vn 0.70671910047531128 0.70749419927597046 8.5268975453800522E-06
vn 0.70672547817230225 0.70748788118362427 6.2272397371998522E-06
vn 0.70673131942749023 0.70748203992843628 0
vn 0.70671474933624268 0.70749855041503906 2.7409957965573994E-06
vn 0.70673274993896484 0.70748060941696167 6.4946871134452522E-06
vn 0.70672893524169922 0.70748442411422729 6.5782965066318866E-06
vn 0.70671588182449341 0.70749741792678833 3.7382708342192927E-06
vn 0.70711809396743774 0.7070954442024231 0
vn 0.70711809396743774 0.7070954442024231 0
vn 0.70711809396743774 0.7070954442024231 0
vn 0.70711809396743774 0.7070954442024231 0
vn 0.70711809396743774 0.7070954442024231 0
vn 0.70711809396743774 0.7070954442024231 0
vn 0.70711809396743774 0.7070954442024231 0
vn 0.70711809396743774 0.7070954442024231 0
vn -0.70709151029586792 0.70712202787399292 0
vn -0.70709151029586792 0.70712202787399292 0
vn -0.70708268880844116 0.70713084936141968 -7.5297984949429519E-06
vn -0.70705628395080566 0.70715725421905518 0
vn -0.70708769559860229 0.70712584257125854 0
vn -0.70708769559860229 0.70712584257125854 0
vn -0.70709329843521118 0.70712023973464966 -8.5578976722899824E-06
vn -0.70712965726852417 0.70708394050598145 0
vn -0.70711821317672729 0.70709538459777832 0
vn -0.70711058378219604 0.70710295438766479 4.5799420149705838E-06
vn -0.70711821317672729 0.70709538459777832 0
vn -0.70711821317672729 0.70709532499313354 0
vn -0.70711719989776611 0.70709633827209473 -5.2431641961447895E-06
vn -0.70708388090133667 0.70712965726852417 0
vn -0.70708388090133667 0.70712965726852417 0
vn -0.70709758996963501 0.70711600780487061 -1.9361836166353896E-05
vn -0.70708388090133667 0.70712965726852417 0
vn -0.70708787441253662 0.70712572336196899 -1.5556146536255255E-05
vn -0.7071235179901123 0.70709007978439331 -5.0409880714141764E-06
vn -0.70710211992263794 0.7071114182472229 2.9696300316572888E-06
vn 0.70709526538848877 0.70711827278137207 0
vn 0.70709532499313354 0.70711827278137207 0
vn 0.70675307512283325 0.70746028423309326 0
vn 0.70672428607940674 0.707489013671875 0
vn 0.70635318756103516 0.70785951614379883 0
vn 0.70635318756103516 0.70785951614379883 0
vn 0.70635318756103516 0.70785951614379883 0
vn 0.7065315842628479 0.70768141746520996 0.00033448333851993084
vn 0.70685273408889771 0.70736062526702881 0.00036565144546329975
vn 0.70698124170303345 0.70723229646682739 0.00014266253856476396
vn 0.70672225952148438 0.70749104022979736 0.00015670778520870954
vn 0.70639115571975708 0.70782172679901123 0
vn 0.70639115571975708 0.70782166719436646 0
vn 0.70647168159484863 0.70774126052856445 -8.1710313679650426E-05
vn 0.70671337842941284 0.70749998092651367 0
vn 0.70673757791519165 0.70747578144073486 0
vn 0.70673757791519165 0.70747578144073486 0
vn 0.70671570301055908 0.70749759674072266 -0.00017299328465014696
vn 0.70710676908493042 0.70710676908493042 0
vn 0.70710676908493042 0.70710676908493042 0
vn 0.70710796117782593 0.70710563659667969 -4.6492004912579432E-06
vn 0.70712965726852417 0.70708388090133667 0
vn 0.70712965726852417 0.70708388090133667 0
vn 0.7071223258972168 0.70709121227264404 -1.378844626742648E-05
vn 0.70712965726852417 0.70708388090133667 0
vn 0.70694243907928467 0.7072710394859314 -0.00018856735550798476
vn 0.7065775990486145 0.70763546228408813 -0.00028666629805229604
vn -0.70708388090133667 -0.70712965726852417 0
vn -0.70708388090133667 -0.70712965726852417 0
vn -0.70708388090133667 -0.70712965726852417 0
vn -0.70708388090133667 -0.70712965726852417 0
vn -0.70711439847946167 -0.70709913969039917 0
vn -0.70711439847946167 -0.70709913969039917 0
vn -0.70710831880569458 -0.70710527896881104 0
vn -0.70712459087371826 -0.70708900690078735 0
vn -0.70710426568984985 -0.70710933208465576 0
vn -0.70711439847946167 -0.70709913969039917 0
vn -0.70712459087371826 -0.70708900690078735 0
vn -0.70710426568984985 -0.70710933208465576 0
vn -0.70708388090133667 -0.70712965726852417 0
vn -0.70708388090133667 -0.70712965726852417 0
vn -0.70708388090133667 -0.70712965726852417 0
vn -0.70708388090133667 -0.70712965726852417 0
vn -0.70708388090133667 -0.70712965726852417 0
vn -0.70708388090133667 -0.70712965726852417 0
vn -0.70708388090133667 -0.70712965726852417 0
vn -0.70712965726852417 -0.70708388090133667 0
vn -0.70712965726852417 -0.70708388090133667 0
vn -0.70712631940841675 -0.70708721876144409 3.7765148590551689E-06
vn -0.70711630582809448 -0.70709723234176636 0
vn -0.70710676908493042 -0.70710676908493042 0
vn -0.70710676908493042 -0.70710676908493042 0
vn -0.70710867643356323 -0.70710486173629761 1.0645805559761357E-05
vn -0.70710676908493042 -0.70710676908493042 0
vn -0.70710676908493042 -0.70710676908493042 0
vn -0.70710855722427368 -0.70710498094558716 -7.1482495513919275E-06
vn -0.70712965726852417 -0.70708388090133667 0
vn -0.70712965726852417 -0.70708388090133667 0
vn -0.70712965726852417 -0.70708388090133667 0
vn -0.70712059736251831 -0.70709294080734253 -1.7083601051126607E-05
vn -0.70711392164230347 -0.70709961652755737 -3.5066401324002072E-05
vn -0.70710551738739014 -0.70710808038711548 7.1912234034243738E-07
vn -0.70712077617645264 -0.70709282159805298 1.342740415566368E-05
vn 0.70715725421905518 -0.70705628395080566 0
vn 0.70715725421905518 -0.70705628395080566 0
vn 0.70715725421905518 -0.70705628395080566 0
vn 0.70715725421905518 -0.70705628395080566 0
vn 0.70715725421905518 -0.70705628395080566 0
vn 0.70715725421905518 -0.70705628395080566 0
vn 0.42428526282310486 -0.42422470450401306 0.80000960826873779
vn 0.4242725670337677 -0.4242725670337677 0.79999101161956787
vn 0.42426249384880066 -0.42428267002105713 0.7999909520149231
vn 0.42426249384880066 -0.42428267002105713 0.7999909520149231
vn 0.42426377534866333 -0.42426377534866333 0.80000030994415283
vn 0.42428526282310486 -0.42422470450401306 0.80000960826873779
vn -0.42428526282310486 0.42422470450401306 0.80000960826873779
vn -0.42428526282310486 0.42422470450401306 0.80000960826873779
vn -0.42428603768348694 0.42422547936439514 0.80000883340835571
vn -0.42427423596382141 0.42424899339675903 0.80000263452529907
vn -0.42426866292953491 0.42426109313964844 0.79999911785125732
vn -0.42424985766410828 0.42429527640342712 0.79999101161956787
vn -0.70706892013549805 0.70714461803436279 0
vn -0.70706892013549805 0.70714461803436279 0
vn -0.70706892013549805 0.70714461803436279 0
vn -0.70706892013549805 0.70714461803436279 0
vn -0.70709246397018433 -0.70712107419967651 2.6973995773005299E-05
vn -0.70710974931716919 -0.70710378885269165 2.4456749088130891E-05
vn -0.7071039080619812 -0.70710963010787964 0
vn -0.70709466934204102 -0.7071189284324646 -1.0736799595179036E-05
vn -0.7071118950843811 -0.70710170269012451 2.3976512238732539E-05
vn -0.70708388090133667 -0.70712965726852417 0
vn -0.70708388090133667 -0.70712965726852417 2.8771317374776118E-05
vn -0.70709913969039917 -0.70711439847946167 7.1929534897208214E-05
vn -0.70710742473602295 -0.70710617303848267 1.9181707102688961E-05
vn -0.70707815885543823 -0.70713537931442261 0
vn -0.70711153745651245 -0.70710200071334839 5.7544886658433825E-05
vn -0.70709532499313354 -0.70711821317672729 1.2711448107438628E-05
vn -0.70707577466964722 -0.70713776350021362 -6.5632521000225097E-05
vn -0.70709770917892456 -0.70711582899093628 -2.6075074856635183E-05
vn -0.70708388090133667 -0.70712965726852417 0
vn -0.70712965726852417 -0.70708388090133667 0
vn -0.70712965726852417 -0.70708388090133667 0
vn -0.70711439847946167 -0.70709913969039917 0
vn -0.70710676908493042 -0.70710676908493042 0
vn -0.70717543363571167 -0.70703810453414917 0
vn -0.70717543363571167 -0.70703810453414917 0
vn -0.70708388090133667 -0.70712965726852417 0
vn -0.70714491605758667 -0.70706862211227417 0
vn -0.70717543363571167 -0.70703810453414917 0
vn -0.70714491605758667 -0.70706862211227417 0
vn 0.70709526538848877 -0.70711827278137207 0
vn 0.70709532499313354 -0.70711827278137207 0
vn 0.70707225799560547 -0.70714128017425537 0
vn 0.70709526538848877 -0.70711827278137207 0
vn 0.70709526538848877 -0.70711827278137207 0
vn 0.70709532499313354 -0.70711827278137207 0
vn 0.70709526538848877 -0.70711827278137207 0
vn 0.70710098743438721 -0.70711255073547363 -1.0789593034132849E-05
vn 0.70708757638931274 -0.7071259617805481 -9.5905934358597733E-06
vn 0.70709139108657837 -0.70712214708328247 -1.6783655155450106E-05
vn 0.70709687471389771 -0.70711666345596313 -7.1929953264771029E-06
vn 0.70711809396743774 -0.7070954442024231 0
vn 0.70711809396743774 -0.7070954442024231 0
vn 0.70711809396743774 -0.7070954442024231 0
vn 0.70711809396743774 -0.7070954442024231 0
vn 0.70711809396743774 -0.7070954442024231 0
vn 0.70711809396743774 -0.7070954442024231 0
vn 0.70711809396743774 -0.7070954442024231 0
vn 0.70711809396743774 -0.7070954442024231 0
vn 0.70709151029586792 0.70712202787399292 0
vn 0.70709151029586792 0.70712202787399292 0
vn 0.70713537931442261 0.70707821846008301 0
vn 0.70712202787399292 0.7070915699005127 0
vn 0.70712202787399292 0.70709151029586792 0
vn 0.70710945129394531 0.7071041464805603 -1.0248872058582492E-05
vn 0.70710676908493042 0.7071068286895752 0
vn 0.70711821317672729 0.70709538459777832 0
vn 0.70712679624557495 0.70708680152893066 1.780332786438521E-05
vn 0.70708900690078735 0.70712459087371826 0
vn 0.70708769559860229 0.70712584257125854 0
vn 0.7070886492729187 0.70712488889694214 4.5854658310418017E-06
vn 0.70712709426879883 0.70708650350570679 0
vn 0.70711821317672729 0.70709538459777832 0
vn 0.70711499452590942 0.70709854364395142 3.5966472751169931E-06
vn 0.70710927248001099 0.70710426568984985 0
vn 0.70711821317672729 0.70709538459777832 0
vn 0.70711278915405273 0.70710080862045288 2.3466795028070919E-05
vn 0.70708644390106201 0.7071271538734436 0
vn 0.70708769559860229 0.70712584257125854 0
vn 0.70709627866744995 0.70711725950241089 2.3557220629299991E-05
vn 0.70708769559860229 0.70712584257125854 0
vn 0.70708769559860229 0.70712584257125854 0
vn 0.70708906650543213 0.70712447166442871 3.9303995436057448E-06
vn 0.70709151029586792 0.70712202787399292 0
vn 0.70709151029586792 0.70712202787399292 0
vn 0.70709437131881714 0.7071191668510437 4.0460067793901544E-06
vn 0.70710247755050659 0.70711112022399902 -1.2407741451170295E-05
vn 0.70709151029586792 0.70712202787399292 0
vn 0.70710486173629761 0.70710867643356323 2.6973380045092199E-06
vn 0.70710551738739014 0.70710808038711548 2.535583007556852E-05
vn 0.70711565017700195 0.70709794759750366 1.5647097825421952E-05
vn 0.70709532499313354 0.70711821317672729 -3.0029616027604789E-05
vn 0.70710551738739014 0.70710808038711548 2.535583007556852E-05
vn 0.70709532499313354 0.70711821317672729 5.5925196647876874E-05
vn 0.70710998773574829 0.70710361003875732 2.2477641323348507E-05
vn -0.70713537931442261 0.70707821846008301 0
vn -0.70714682340621948 0.70706677436828613 6.4740816014818847E-06
vn -0.70714396238327026 0.70706963539123535 -1.2138673810113687E-05
vn -0.70712065696716309 0.70709294080734253 3.4684021557040978E-06
vn -0.70712161064147949 0.70709192752838135 -9.713137387734605E-07
vn -0.70708358287811279 0.70713001489639282 -1.9781489299930399E-06
vn -0.70708233118057251 0.70713120698928833 1.9781489299930399E-06
vn -0.70712065696716309 0.70709288120269775 -1.4568427104677539E-06
vn -0.70712065696716309 0.70709294080734253 4.7014550546009559E-06
vn -0.70713776350021362 0.70707583427429199 -1.0115630175278056E-05
vn -0.70714491605758667 0.70706868171691895 0
vn -0.7071385383605957 0.70707505941390991 7.1932945502339862E-06
vn -0.70712584257125854 0.70708769559860229 0
vn -0.70715254545211792 0.7070610523223877 0
vn -0.70714110136032104 0.70707249641418457 1.4566529898729641E-05
vn -0.70709282159805298 0.70712071657180786 -1.7953061615116894E-07
vn -0.70709377527236938 0.70711982250213623 -4.2264582589268684E-06
vn -0.70713537931442261 0.70707821846008301 1.5285744666471146E-05
vn -0.70709538459777832 0.70711821317672729 5.5751538639015052E-06
vn -0.70709282159805298 0.70712077617645264 1.7953060194031423E-07
vn 0.70707225799560547 -0.70714128017425537 0
vn 0.70708757638931274 -0.7071259617805481 9.5905979833332822E-06
vn 0.70708954334259033 -0.70712405443191528 -7.1929453042685054E-06
vn 0.70707225799560547 -0.70714128017425537 0
vn 0.70710676908493042 -0.70710676908493042 0
vn 0.70709812641143799 -0.70711541175842285 7.1929484874999616E-06
vn 0.70710676908493042 -0.70710676908493042 0
vn 0.70709139108657837 -0.70712214708328247 9.5905979833332822E-06
vn 0.70709913969039917 -0.70711445808410645 -9.5905934358597733E-06
vn 0.70709139108657837 -0.70712214708328247 -9.5905934358597733E-06
vn 0.70711809396743774 -0.7070954442024231 0
vn 0.70711809396743774 -0.7070954442024231 0
vn 0.70711809396743774 -0.7070954442024231 0
vn 0.70711809396743774 -0.7070954442024231 0
vn 0.70711809396743774 -0.7070954442024231 0
vn 0.70711809396743774 -0.7070954442024231 0
vn 0.70711809396743774 -0.7070954442024231 0
vn 0.70711809396743774 -0.7070954442024231 0
vn 0.70713537931442261 0.70707821846008301 0
vn 0.70710617303848267 0.70710742473602295 1.6543663150514476E-05
vn 0.70710247755050659 0.70711106061935425 -1.2407741451170295E-05
vn 0.70713537931442261 0.70707821846008301 0
vn 0.70711296796798706 0.70710057020187378 7.3206260822189506E-06
vn 0.70710945129394531 0.7071041464805603 -1.0248872058582492E-05
vn 0.70711535215377808 0.70709824562072754 -1.7803335140342824E-05
vn 0.70712679624557495 0.70708680152893066 1.780332786438521E-05
vn 0.70708960294723511 0.70712393522262573 -5.5025607252900954E-06
vn 0.70708906650543213 0.70712447166442871 3.9303995436057448E-06
vn 0.70709437131881714 0.7071191668510437 -4.046008598379558E-06
vn 0.70709437131881714 0.7071191668510437 4.0460067793901544E-06
vn 0.70709151029586792 0.70712202787399292 0
vn 0.70709151029586792 0.70712202787399292 0
vn 0.70709538459777832 0.70711821317672729 3.0029630579520017E-05
vn 0.70711565017700195 0.70709794759750366 -1.5647106920368969E-05
vn 0.70710551738739014 0.70710808038711548 -2.5355842808494344E-05
vn 0.70710551738739014 0.70710808038711548 2.535583007556852E-05
vn 0.70711565017700195 0.70709794759750366 1.5647097825421952E-05
vn 0.70709538459777832 0.70711821317672729 -3.0029617846594192E-05
vn 0.70712584257125854 0.70708769559860229 0
vn 0.70712584257125854 0.70708769559860229 0
vn 0.70710974931716919 0.70710378885269165 -2.0114406652282923E-05
vn 0.70710635185241699 0.70710718631744385 2.8160151487099938E-05
vn 0.70709502696990967 0.70711857080459595 -2.3557233362225816E-05
vn 0.70709627866744995 0.70711725950241089 2.3557218810310587E-05
vn 0.70708960294723511 0.70712393522262573 -5.5025607252900954E-06
vn 0.70708906650543213 0.70712447166442871 3.9303995436057448E-06
vn 0.70709437131881714 0.7071191668510437 -4.046008598379558E-06
vn 0.70709151029586792 0.70712202787399292 0
vn 0.70709151029586792 0.70712202787399292 0
vn 0.70709437131881714 0.7071191668510437 4.0460067793901544E-06
vn 0.70714014768600464 0.70707345008850098 5.3949711400491651E-06
vn 0.7071385383605957 0.70707505941390991 -7.1932981882127933E-06
vn 0.70710998773574829 0.70710361003875732 -2.2477652237284929E-05
vn 0.70709532499313354 0.70711821317672729 -5.592522575170733E-05
vn 0.70710551738739014 0.70710808038711548 -2.5355842808494344E-05
vn 0.70710551738739014 0.70710808038711548 2.535583007556852E-05
vn 0.70709532499313354 0.70711821317672729 5.5925196647876874E-05
vn 0.70710998773574829 0.70710361003875732 2.2477641323348507E-05
vn -0.70714396238327026 0.70706963539123535 1.2138680176576599E-05
vn -0.70715254545211792 0.7070610523223877 0
vn -0.70715254545211792 0.7070610523223877 0
vn -0.70714783668518066 0.70706576108932495 -6.6966454141947906E-06
vn -0.70712065696716309 0.70709294080734253 6.9379609612951754E-07
vn -0.70712321996688843 0.70709037780761719 -9.9008900633634767E-07
vn -0.70708358287811279 0.70713001489639282 -1.9781496121140663E-06
vn -0.70708608627319336 0.70712751150131226 3.0599528599850601E-06
vn -0.70712161064147949 0.70709192752838135 -6.5820404415717348E-06
vn -0.70711839199066162 0.70709514617919922 5.7107963584712707E-06
vn -0.70712584257125854 0.70708769559860229 0
vn -0.70714014768600464 0.70707345008850098 -5.3949738685332704E-06
vn -0.70713210105895996 0.70708143711090088 1.8111619283445179E-05
vn -0.70709282159805298 0.70712077617645264 -1.7952999087356147E-07
vn -0.70709532499313354 0.70711827278137207 -5.5751565923856106E-06
vn -0.70713537931442261 0.70707821846008301 -1.528575194242876E-05
vn -0.70710295438766479 0.70711064338684082 4.0469680584465095E-07
vn -0.70709753036499023 0.70711606740951538 1.5380037439172156E-05
vn -0.70714491605758667 0.70706868171691895 0
vn -0.70711392164230347 0.70709961652755737 0
vn -0.70711392164230347 0.70709961652755737 0
vn -0.70732122659683228 0.70689225196838379 0
vn -0.70711034536361694 0.7071031928062439 0
vn -0.70711034536361694 0.7071031928062439 0
vn -0.70713704824447632 0.70707648992538452 0.00019716254610102624
vn -0.70711153745651245 0.70710200071334839 0
vn -0.70711034536361694 0.7071031928062439 0
vn -0.70714491605758667 0.70706862211227417 0.00027783086989074945
vn -0.70710915327072144 0.7071043848991394 0
vn -0.70711034536361694 0.7071031928062439 0
vn -0.70714455842971802 0.70706886053085327 0.00041522021638229489
vn -0.70718538761138916 0.70702815055847168 0.00015824736328795552
vn -0.70727550983428955 0.70693796873092651 7.6725984399672598E-05
vn -0.70731627941131592 0.7068970799446106 0.0004227126482874155
vn -0.70710670948028564 0.70710670948028564 0.00047474206076003611
vn -0.70750296115875244 0.70670992136001587 0.00079339597141370177
vn -0.70716577768325806 0.70704776048660278 6.5187188738491386E-05
vn -0.70728939771652222 0.70692408084869385 0.00031169931753538549
vn -0.70757120847702026 0.70664197206497192 0.00030690390849485993
vn -0.70723366737365723 0.70697921514511108 0.0009739428642205894
vn -0.70724910497665405 0.70696407556533813 0.00069377012550830841
vn -0.70722395181655884 0.70698946714401245 0.00042151234811171889
vn -0.70722633600234985 0.70698714256286621 0.00018474301032256335
vn -0.70709151029586792 -0.70712202787399292 -1.4396361621038523E-05
vn -0.70708578824996948 -0.70712774991989136 -2.7188873445993522E-06
vn -0.70711630582809448 -0.70709729194641113 -3.5990904052596306E-06
vn -0.70711439847946167 -0.70709919929504395 -2.4828723521608254E-09
vn -0.70710545778274536 -0.70710808038711548 5.3909438975097146E-06
vn -0.70710927248001099 -0.70710426568984985 0
vn -0.70711821317672729 -0.70709538459777832 0
vn -0.70713025331497192 -0.70708328485488892 1.1165258001710754E-05
vn -0.70708769559860229 -0.70712584257125854 0
vn -0.70708769559860229 -0.70712584257125854 0
vn -0.70708703994750977 -0.70712655782699585 -1.4291649677034002E-06
vn -0.70708388090133667 -0.70712965726852417 0
vn -0.70708388090133667 -0.70712965726852417 0
vn -0.70708340406417847 -0.70713013410568237 -6.8019085119885858E-07
vn -0.70708388090133667 -0.70712965726852417 -9.9337764680740293E-09
vn -0.70708644390106201 -0.7071271538734436 -4.8037531996669713E-06
vn -0.70711284875869751 -0.70710074901580811 7.4749518716998864E-06
vn -0.70713216066360474 -0.7070813775062561 2.3404145395033993E-05
vn -0.70708769559860229 -0.70712584257125854 -5.4228707995207515E-06
vn -0.70708388090133667 -0.70712965726852417 0
vn 0.70711493492126465 -0.70709860324859619 -2.268541902594734E-05
vn 0.7070993185043335 -0.70711421966552734 0
vn 0.70712584257125854 -0.70708769559860229 0
vn 0.70712929964065552 -0.70708423852920532 -9.6867097454378381E-06
vn 0.7071303129196167 -0.70708322525024414 1.8785796783049591E-05
vn 0.70711249113082886 -0.70710110664367676 1.3306645087141078E-05
vn 0.70712238550186157 -0.70709121227264404 -1.3306645087141078E-05
vn 0.70710903406143188 -0.70710450410842896 1.8202506907982752E-05
vn 0.7071077823638916 -0.70710581541061401 -1.2807710845663678E-05
vn 0.70710575580596924 -0.7071077823638916 -3.1168343639365048E-07
vn 0.70709919929504395 -0.70711439847946167 -9.6338055755040841E-07
vn 0.70709729194641113 -0.70711630582809448 -2.9441728202073136E-06
vn 0.70709937810897827 -0.70711421966552734 0
vn 0.70709556341171265 -0.70711803436279297 -1.7615693650441244E-05
vn 0.7070993185043335 -0.70711421966552734 0
vn 0.7070993185043335 -0.70711421966552734 0
vn 0.7070993185043335 -0.70711421966552734 -2.223641422460787E-05
vn 0.70710426568984985 -0.70710927248001099 0
vn 0.70710307359695435 -0.70711052417755127 0
vn 0.7071036696434021 -0.70710992813110352 -2.0788982510566711E-05
vn 0.70710182189941406 -0.70711177587509155 0
vn 0.70710307359695435 -0.70711052417755127 0
vn 0.70710378885269165 -0.70710980892181396 -1.3389694686338771E-05
vn 0.7070993185043335 -0.70711427927017212 0
vn 0.70709937810897827 -0.70711421966552734 0
vn 0.70710325241088867 -0.70711034536361694 -2.5867814201774308E-06
vn 0.7070993185043335 -0.70711427927017212 0
vn 0.70709937810897827 -0.70711421966552734 0
vn 0.70709460973739624 -0.7071189284324646 -4.6233358261815738E-06
vn 0.70710426568984985 -0.70710927248001099 0
vn 0.70710307359695435 -0.70711052417755127 0
vn 0.70710456371307373 -0.70710903406143188 -1.4440518043556949E-06
vn 0.70713281631469727 -0.70708072185516357 0
vn 0.70713281631469727 -0.70708078145980835 0
vn 0.70713400840759277 -0.70707958936691284 5.2276145652285777E-06
vn 0.70715880393981934 -0.7070547342300415 0
vn 0.70715880393981934 -0.70705479383468628 0
vn 0.7071499228477478 -0.70706361532211304 1.2901854461233597E-05
vn 0.70711618661880493 -0.70709735155105591 -8.8658744061831385E-06
vn 0.70709794759750366 -0.70711565017700195 4.2948395275743678E-05
vn 0.70712584257125854 -0.70708775520324707 1.1073311725340318E-05
vn 0.70711433887481689 -0.70709925889968872 -1.1880485544679686E-05
vn 0.70710599422454834 -0.70710760354995728 7.4988006417697761E-06
vn 0.70715880393981934 -0.7070547342300415 0
vn 0.70710611343383789 -0.70710748434066772 -3.1368983854918042E-06
vn 0.70709794759750366 -0.70711559057235718 -4.2948395275743678E-05
vn 0.70711779594421387 -0.70709580183029175 7.5748125709651504E-06
vn 0.70712018013000488 -0.70709341764450073 2.3830951249692589E-05
vn 0.70710980892181396 -0.70710372924804688 -2.4424121875199489E-05
vn 0.70709633827209473 -0.70711719989776611 -4.3780120904557407E-05
vn 0.70708394050598145 -0.70712965726852417 -1.4578070477000438E-05
vn 0.70709758996963501 -0.70711594820022583 -1.8157363967929996E-07
vn 0.70712119340896606 -0.70709234476089478 1.2769545719493181E-05
vn 0.70709532499313354 -0.70711821317672729 -1.3019211110076867E-05
vn -0.70713526010513306 0.70707809925079346 0.00047470425488427281
vn -0.70670592784881592 0.70750719308853149 0.00061563431518152356
vn -0.70706534385681152 0.70714825391769409 0.0001186760637210682
vn -0.70708966255187988 0.70712393522262573 0
vn -0.70708966255187988 0.70712393522262573 0
vn -0.70690077543258667 0.70731264352798462 0.00035644802846945822
vn -0.70708966255187988 0.70712393522262573 0
vn -0.70663142204284668 0.70758163928985596 0.00047537023783661425
vn -0.70690447092056274 0.70730894804000854 0.00031669152667745948
vn -0.70674598217010498 0.70746695995330811 0.00073439721018075943
vn -0.7068713903427124 0.70734202861785889 0.00030244185472838581
vn -0.70711791515350342 0.7070956826210022 0
vn -0.70711785554885864 0.7070956826210022 0
vn -0.70860809087753296 0.70560228824615479 0
vn -0.70713871717453003 0.70707488059997559 0.0001186983790830709
vn -0.70706778764724731 0.70714563131332397 0.00047479351633228362
vn -0.70699077844619751 0.70722103118896484 0.001572553301230073
vn -0.70729184150695801 0.70692163705825806 0.00031631355523131788
vn -0.70755636692047119 0.70665675401687622 0.00047414712025783956
vn -0.7076147198677063 0.70659792423248291 0.00091389595763757825
vn -0.70738363265991211 0.70682752132415771 0.0018042166484519839
vn -0.70716327428817749 0.70704972743988037 0.00090870569692924619
vn -0.70710676908493042 0.70710676908493042 0
vn -0.70710676908493042 0.70710676908493042 0
vn -0.70710676908493042 0.70710676908493042 0
vn -0.70710384845733643 0.70710974931716919 0
vn -0.72856009006500244 0.68498194217681885 0
vn -0.70710086822509766 0.70711266994476318 0
vn -0.70710092782974243 0.70711266994476318 0
vn -0.70550650358200073 0.70870345830917358 0
vn -0.70656949281692505 0.70764303207397461 0.00093881884822621942
vn -0.70710676908493042 0.70710676908493042 0
vn -0.72095853090286255 0.69297754764556885 0.00093922985251992941
vn -0.71252936124801636 0.70164215564727783 0.00035212989314459264
vn 0.70708966255187988 -0.70712393522262573 0
vn 0.70708966255187988 -0.70712393522262573 0
vn 0.70704191923141479 -0.70717167854309082 0
vn 0.70708966255187988 -0.70712393522262573 0
vn 0.70708966255187988 -0.70712393522262573 0
vn 0.70708966255187988 -0.70712393522262573 0
vn 0.7071002721786499 -0.70711326599121094 -2.0084100469830446E-05
vn 0.70707368850708008 -0.70713990926742554 -1.8522676327847876E-05
vn 0.70708966255187988 -0.70712393522262573 0
vn 0.70708084106445312 -0.70713275671005249 -3.1912077247397974E-05
vn 0.70709270238876343 -0.70712089538574219 -1.3676604794454761E-05
vn -0.70708966255187988 0.70712393522262573 0
vn -0.70710104703903198 0.70711249113082886 0
vn -0.70708966255187988 0.70712393522262573 0
vn -0.70711249113082886 0.70710110664367676 1.4386239854502492E-05
vn -0.70712012052536011 0.70709341764450073 0
vn -0.70713537931442261 0.70707821846008301 0
vn -0.70712393522262573 0.70708966255187988 0
vn -0.70713537931442261 0.70707821846008301 0
vn -0.70713537931442261 0.70707821846008301 0
vn -0.70708966255187988 0.70712393522262573 0
vn -0.70710867643356323 0.70710486173629761 -7.1931199272512458E-06
vn 0.70707511901855469 0.70713841915130615 0
vn 0.70707517862319946 0.70713841915130615 0
vn 0.70709359645843506 0.70711994171142578 -1.8881968571804464E-05
vn 0.70711207389831543 0.70710146427154541 0
vn 0.7071489691734314 0.70706456899642944 0
vn 0.7071305513381958 0.70708304643630981 -1.8881968571804464E-05
vn 0.70707511901855469 0.70713841915130615 0
vn 0.7071489691734314 0.70706456899642944 0
vn 0.70710593461990356 0.70710766315460205 -6.2939889176050201E-06
vn 0.70632344484329224 0.70788902044296265 0.00057531712809577584
vn 0.70701313018798828 0.70720034837722778 0.00023377561592496932
vn 0.70676606893539429 0.707447350025177 0.00014382929657585919
vn 0.70708882808685303 0.70712471008300781 0
vn 0.70708882808685303 0.70712476968765259 0
vn 0.70709556341171265 0.70711797475814819 1.2138232705183327E-05
vn 0.70708882808685303 0.70712471008300781 0
vn 0.70688259601593018 0.70733076333999634 0.00046395356184802949
vn 0.70658928155899048 0.70762377977371216 0.00034522439818829298
vn 0.70712244510650635 0.70709109306335449 1.2138232705183327E-05
vn 0.70697999000549316 0.70723354816436768 0.00011902295955223963
vn 0 0 -1
vn 0 0 -1
vn 0 0 -1
vn 0 0 -1
vn 0 0 -1
vn 0 0 -1
vn 0 0 -1
vn 0 0 -1
vn 0 0 -1
vn 0 0 -1
vn 0 0 -1
vn 0.70715725421905518 -0.70705628395080566 0
vn 0.70715725421905518 -0.70705628395080566 0
vn 0.70715725421905518 -0.70705628395080566 0
vn 0.70715725421905518 -0.70705628395080566 0
vn 0.4242725670337677 -0.4242725670337677 0.79999101161956787
vn 0.42428526282310486 -0.42422470450401306 0.80000960826873779
vn 0.42428526282310486 -0.42422470450401306 0.80000960826873779
vn 0.42426377534866333 -0.42426377534866333 0.80000030994415283
vn 0.42426249384880066 -0.42428267002105713 0.7999909520149231
vn 0.42426249384880066 -0.42428267002105713 0.7999909520149231
vn -0.42428526282310486 0.42422470450401306 0.80000960826873779
vn -0.42428526282310486 0.42422470450401306 0.80000960826873779
vn -0.42429405450820923 0.42423349618911743 0.80000030994415283
vn -0.42427453398704529 0.42424425482749939 0.80000495910644531
vn -0.42426377534866333 0.42426377534866333 0.80000030994415283
vn -0.42422470450401306 0.42428526282310486 0.80000960826873779
vn -0.70705628395080566 0.70715725421905518 0
vn -0.70705628395080566 0.70715725421905518 0
vn -0.70705628395080566 0.70715725421905518 0
vn -0.70705628395080566 0.70715725421905518 0
vn 0.70710009336471558 0.70711344480514526 -2.2928157704882324E-05
vn 0.70711928606033325 0.70709425210952759 -1.6184647392947227E-05
vn 0.7070915699005127 0.70712202787399292 9.3500886578112841E-05
vn 0.70710808038711548 0.70710551738739014 -5.7544498304196168E-06
vn 0.70711439847946167 0.70709913969039917 1.9182534742867574E-05
vn 0.707111656665802 0.70710188150405884 -1.4656259736511856E-05
vn 0.70708388090133667 0.70712965726852417 0
vn 0.70713061094284058 0.70708292722702026 -2.0230796508258209E-05
vn 0.70711630582809448 0.70709723234176636 -4.5856315409764647E-05
vn 0.70712268352508545 0.70709091424942017 -2.2478734535980038E-05
vn 0.70710235834121704 0.70711123943328857 -1.7802802176447585E-05
vn 0.70715105533599854 0.7070624828338623 -1.7264577763853595E-05
vn 0.70710831880569458 0.70710521936416626 -1.1509718206070829E-05
vn 0.70708388090133667 0.70712965726852417 0
vn 0.70707368850708008 0.70713984966278076 0.00012466784392017871
vn 0.70705336332321167 0.70716017484664917 8.6302774434443563E-05
vn -0.70712965726852417 0.70708388090133667 0
vn -0.70713728666305542 0.70707625150680542 1.4386900147655979E-05
vn -0.70709913969039917 0.70711439847946167 0
vn -0.70710676908493042 0.70710676908493042 0
vn -0.70710933208465576 0.70710426568984985 4.7956336857168935E-06
vn -0.70710676908493042 0.70710676908493042 0
vn -0.70710676908493042 0.70710676908493042 0
vn -0.70710784196853638 0.70710569620132446 4.110365807719063E-06
vn -0.70712965726852417 0.70708388090133667 0
vn -0.70712965726852417 0.70708388090133667 0
vn -0.70712202787399292 0.70709151029586792 1.438627987226937E-05
vn -0.70712965726852417 0.70708388090133667 0
vn -0.70712965726852417 0.70708388090133667 0
vn -0.70709407329559326 0.70711952447891235 9.5908535513444804E-06
vn -0.70711439847946167 0.70709913969039917 1.4386900147655979E-05
vn 0.70708388090133667 0.70712965726852417 0
vn 0.70708388090133667 0.70712965726852417 0
vn 0.70708388090133667 0.70712965726852417 0
vn 0.70708388090133667 0.70712965726852417 0
vn 0.70708388090133667 0.70712965726852417 0
vn 0.70708388090133667 0.70712965726852417 0
vn 0.70708388090133667 0.70712965726852417 0
vn 0.70712965726852417 0.70708388090133667 0
vn 0.70709913969039917 0.70711439847946167 0
vn 0.70710676908493042 0.70710676908493042 0
vn 0.70711207389831543 0.70710152387619019 0
vn 0.70711207389831543 0.70710152387619019 0
vn 0.70711207389831543 0.70710152387619019 0
vn 0.70711207389831543 0.70710152387619019 0
vn 0.70711207389831543 0.70710152387619019 0
vn 0.70711207389831543 0.70710152387619019 0
vn 0.70711207389831543 0.70710152387619019 0
vn 0.70714265108108521 0.70707094669342041 0
vn 0.70714265108108521 0.70707094669342041 0
vn 0.70712918043136597 0.70708441734313965 4.0461372918798588E-06
vn 0.70714265108108521 0.70707094669342041 0
vn 0.70709556341171265 0.70711797475814819 -1.2138238162151538E-05
vn 0.70710229873657227 0.70711123943328857 0
vn 0.70712918043136597 0.70708435773849487 -8.0921590779325925E-06
vn 0.70708882808685303 0.70712471008300781 0
vn 0.70710563659667969 0.70710790157318115 4.0461372918798588E-06
vn 0.70712023973464966 0.70709335803985596 -1.0789698535518255E-05
vn 0.70711356401443481 0.7071000337600708 4.0461950447934214E-06
vn 0 0 -1
vn 0 0 -1
vn 0 0 -1
vn 0 0 -1
vn 0 0 -1
vn 0 0 -1
vn 0 0 -1
vn 0 0 -1
vn 0 0 -1
vn 0 0 -1
vn 0.70715725421905518 -0.70705628395080566 0
vn 0.70715725421905518 -0.70705628395080566 0
vn 0.70715725421905518 -0.70705628395080566 0
vn 0.70715725421905518 -0.70705628395080566 0
vn 0.4242725670337677 -0.4242725670337677 0.79999101161956787
vn 0.42428526282310486 -0.42422470450401306 0.80000960826873779
vn 0.42428526282310486 -0.42422470450401306 0.80000960826873779
vn 0.42426377534866333 -0.42426377534866333 0.80000030994415283
vn 0.42426249384880066 -0.42428267002105713 0.7999909520149231
vn 0.42426249384880066 -0.42428267002105713 0.7999909520149231
vn -0.42428526282310486 0.42422470450401306 0.80000960826873779
vn -0.42428526282310486 0.42422470450401306 0.80000960826873779
vn -0.42429405450820923 0.42423349618911743 0.80000030994415283
vn -0.42427453398704529 0.42424425482749939 0.80000495910644531
vn -0.42426377534866333 0.42426377534866333 0.80000030994415283
vn -0.42422470450401306 0.42428526282310486 0.80000960826873779
vn -0.70705628395080566 0.70715725421905518 0
vn -0.70705628395080566 0.70715725421905518 0
vn -0.70705628395080566 0.70715725421905518 0
vn -0.70705628395080566 0.70715725421905518 0
vn 0.70708388090133667 0.70712965726852417 0
vn 0.70711660385131836 0.70709699392318726 -3.0828423405182548E-06
vn 0.7070915699005127 0.70712202787399292 9.3500886578112841E-05
vn 0.70711952447891235 0.70709407329559326 -7.1932986429601442E-06
vn 0.70710426568984985 0.70710933208465576 0
vn 0.70711439847946167 0.70709913969039917 1.9182534742867574E-05
vn 0.70711392164230347 0.70709967613220215 -9.3515081971418113E-06
vn 0.70708388090133667 0.70712965726852417 0
vn 0.70713728666305542 0.70707625150680542 -1.0789947737066541E-05
vn 0.70710676908493042 0.70710676908493042 -1.0789947737066541E-05
vn 0.70709913969039917 0.70711439847946167 -7.1932986429601442E-06
vn 0.70715105533599854 0.7070624828338623 -1.7264577763853595E-05
vn 0.70710831880569458 0.70710521936416626 -1.1509718206070829E-05
vn 0.70708388090133667 0.70712965726852417 0
vn 0.70707368850708008 0.70713984966278076 0.00012466784392017871
vn 0.70705336332321167 0.70716017484664917 8.6302774434443563E-05
vn -0.70713728666305542 0.70707625150680542 -1.4386907423613593E-05
vn -0.70713728666305542 0.70707625150680542 1.4386900147655979E-05
vn -0.70710569620132446 0.70710784196853638 -4.1105454329226632E-06
vn -0.70710933208465576 0.70710426568984985 4.7956336857168935E-06
vn -0.70710831880569458 0.70710527896881104 -5.7545144045434427E-06
vn -0.70711225271224976 0.70710134506225586 1.7469608792453073E-05
vn -0.70712202787399292 0.70709151029586792 -1.4386286238732282E-05
vn -0.70712965726852417 0.70708388090133667 0
vn -0.70711439847946167 0.70709913969039917 2.157988456019666E-05
vn -0.70708388090133667 0.70712965726852417 0
vn -0.70711439847946167 0.70709913969039917 -1.4386907423613593E-05
vn -0.70709407329559326 0.70711952447891235 -9.5908580988179892E-06
vn -0.70712965726852417 0.70708388090133667 0
vn -0.70711952447891235 0.70709407329559326 4.0762417484074831E-05
vn -0.70710426568984985 0.70710933208465576 1.9182534742867574E-05
vn -0.70711439847946167 0.70709913969039917 1.4386900147655979E-05
vn 0.70708388090133667 0.70712965726852417 0
vn 0.70708388090133667 0.70712965726852417 0
vn 0.70708388090133667 0.70712965726852417 0
vn 0.70708388090133667 0.70712965726852417 0
vn 0.70708388090133667 0.70712965726852417 0
vn 0.70708388090133667 0.70712965726852417 0
vn 0.70708388090133667 0.70712965726852417 0
vn 0.70712965726852417 0.70708388090133667 0
vn 0.70709913969039917 0.70711439847946167 0
vn 0.70710676908493042 0.70710676908493042 0
vn 0.70712584257125854 -0.70708769559860229 0
vn 0.70711761713027954 -0.70709598064422607 -4.6738186938455328E-06
vn 0.70714855194091797 -0.70706504583358765 0
vn 0.70711660385131836 -0.70709699392318726 -1.1069270840380341E-05
vn 0.70711344480514526 -0.70710009336471558 2.2661191906081513E-05
vn 0.7071043848991394 -0.70710915327072144 -3.9909494375933718E-07
vn 0.70710891485214233 -0.70710468292236328 1.8846918692361214E-06
vn 0.70711714029312134 -0.70709645748138428 -2.237424951090361E-06
vn 0.70711839199066162 -0.70709520578384399 6.6243234186913469E-07
vn 0.70710724592208862 -0.70710629224777222 2.7937687718804227E-07
vn 0.70710724592208862 -0.70710629224777222 -2.7937676350120455E-07
vn 0.70710724592208862 -0.70710635185241699 2.783472154987976E-05
vn 0.70710724592208862 -0.70710635185241699 -2.7834708816953935E-05
vn 0.70709151029586792 -0.70712202787399292 3.198718695784919E-05
vn 0.70709013938903809 -0.70712339878082275 -2.2847982108942233E-05
vn 0.70708531141281128 -0.70712822675704956 4.0848713979357854E-05
vn 0.70706003904342651 -0.70715349912643433 0
vn 0.70706003904342651 -0.70715349912643433 0
vn 0.70708531141281128 -0.70712822675704956 -4.0848692151485011E-05
vn 0.70712488889694214 -0.70708870887756348 -1.2884161151305307E-05
vn 0.70710259675979614 -0.7071109414100647 -1.6566611520829611E-05
vn 0.70710259675979614 -0.7071109414100647 9.0955700215999968E-06
vn 0.70710831880569458 -0.70710521936416626 -1.1040097888326272E-05
vn 0.7070886492729187 -0.70712494850158691 3.0582774343201891E-05
vn 0.70710009336471558 -0.70711350440979004 7.435344741679728E-05
vn 0.70710009336471558 -0.70711350440979004 -7.4353411037009209E-05
vn 0.7070886492729187 -0.70712494850158691 -3.0582756153307855E-05
vn 0.7071109414100647 -0.70710265636444092 8.9581926658865996E-06
vn 0.70712226629257202 -0.70709133148193359 1.1330595953040756E-05
vn 0.70711416006088257 -0.70709943771362305 -1.036960293276934E-05
vn 0.70711535215377808 -0.70709824562072754 2.0627254343708046E-05
vn -0.70678043365478516 0.70743280649185181 0.00046078089508228004
vn -0.70725685358047485 0.70695668458938599 0.00023177772527560592
vn -0.70735090970993042 0.70686227083206177 0.00066542800050228834
vn -0.70725882053375244 0.7069547176361084 9.1032692580483854E-05
vn -0.7070460319519043 0.70716649293899536 0.0012165900552645326
vn -0.70711237192153931 0.70710122585296631 -9.1912033894914202E-06
vn -0.70716100931167603 0.70705097913742065 0.0014966132584959269
vn -0.7071152925491333 0.70709830522537231 -8.3786762843374163E-06
vn -0.70712095499038696 0.70709168910980225 0.0011483867419883609
vn -0.70709234476089478 0.70712119340896606 -1.0223061508440878E-05
vn -0.70713186264038086 0.70708101987838745 0.00097989151254296303
vn -0.70709621906280518 0.70711737871170044 2.0499455786193721E-05
vn -0.70687955617904663 0.70733350515365601 0.00073890155181288719
vn -0.70699167251586914 0.7072218656539917 9.8290569439996034E-05
vn -0.70691055059432983 0.70730209350585938 0.0010754154063761234
vn -0.70695501565933228 0.70725852251052856 0.00025603966787457466
vn -0.70704632997512817 0.70716208219528198 0.0026947481092065573
vn -0.70728015899658203 0.70692849159240723 0.0026097064837813377
vn -0.70722407102584839 0.70698517560958862 0.0024654497392475605
vn -0.70722967386245728 0.70698058605194092 0.002144975820556283
vn -0.70723730325698853 0.7069738507270813 0.0018195185111835599
vn -0.70702868700027466 0.70718294382095337 0.0016514750896021724
vn -0.70755326747894287 0.70665997266769409 0.00031610083533450961
vn -0.70733076333999634 0.70688217878341675 0.00087384809739887714
vn -0.70653796195983887 0.70767503976821899 0.00046755469520576298
vn -0.7066800594329834 0.70753312110900879 0.0003093025297857821
vn -0.70712095499038696 0.70709258317947388 5.8679277572082356E-05
vn -0.70710349082946777 0.70711010694503784 1.4207553249434568E-06
vn -0.70711046457290649 0.70710307359695435 -2.2055484805605374E-05
vn -0.70711487531661987 0.70709866285324097 -2.0032297470606863E-05
vn -0.70710903406143188 0.70710456371307373 -1.3586929526354652E-05
vn -0.70708769559860229 -0.70712584257125854 -1.4398934581549838E-05
vn -0.70708644390106201 -0.70712709426879883 -3.6024134715262335E-06
vn -0.70711344480514526 -0.70710009336471558 -1.383466678817058E-05
vn -0.70711654424667358 -0.70709699392318726 -1.2008044905087445E-06
vn -0.70711380243301392 -0.7070997953414917 -2.0488265363383107E-05
vn -0.70711743831634521 -0.70709609985351562 0
vn -0.7070806622505188 -0.70713293552398682 -6.0055174344597617E-07
vn -0.70708006620407104 -0.70713347196578979 -7.7071439363862737E-07
vn -0.70708340406417847 -0.70713013410568237 6.6855403701993055E-07
vn -0.70708388090133667 -0.70712965726852417 0
vn -0.70708197355270386 -0.70713156461715698 -2.6975001219398109E-06
vn -0.70708805322647095 -0.70712548494338989 -1.5512230675085448E-05
vn -0.70713222026824951 -0.7070813775062561 -4.4934167817700654E-05
vn -0.70710772275924683 -0.70710581541061401 -1.8965836716233753E-05
vn -0.70709067583084106 -0.70712286233901978 -2.4049170406215126E-06
vn -0.70708936452865601 -0.70712423324584961 -1.0111284609592985E-05
vn -0.70708388090133667 -0.70712965726852417 0
vn -0.70711153745651245 -0.70710200071334839 -1.3487500609699055E-06
vn -0.70711439847946167 -0.70709913969039917 0
vn 0.7071225643157959 -0.70709097385406494 0
vn 0.7071225643157959 -0.70709103345870972 0
vn 0.7071225643157959 -0.70709103345870972 0
vn 0.7071225643157959 -0.70709097385406494 0
vn 0.7071225643157959 -0.70709097385406494 0
vn 0.7071225643157959 -0.70709103345870972 0
vn 0.7071225643157959 -0.70709103345870972 0
vn 0.7071225643157959 -0.70709097385406494 0
vn -0.70651096105575562 0.70770210027694702 0.00023062077525537461
vn -0.70667284727096558 0.70754039287567139 0.0001584470592206344
vn -0.70692414045333862 0.70728933811187744 0.00015834483201615512
vn -0.70711731910705566 0.70709627866744995 0
vn -0.70642632246017456 0.7077864408493042 0.00046124152140691876
vn -0.7070014476776123 0.70721203088760376 0.00023751723347231746
vn -0.70655840635299683 0.70765465497970581 0.00031219422817230225
vn -0.70676958560943604 0.70744377374649048 0.0003167918766848743
vn -0.70550650358200073 0.70870345830917358 0
vn -0.70656150579452515 0.70765107870101929 0.00093170732725411654
vn -0.70708882808685303 0.70712471008300781 0
vn -0.70708882808685303 0.70712471008300781 0
vn -0.70860809087753296 0.70560228824615479 0
vn -0.70746874809265137 0.70674425363540649 0.00069878034992143512
vn -0.70708882808685303 0.70712476968765259 0
vn -0.70708882808685303 0.70712471008300781 0
vn -0.70706862211227417 0.70714432001113892 0.00093170831678435206
vn -0.70708882808685303 0.70712476968765259 0
vn 0.70707094669342041 -0.70714259147644043 0
vn 0.70709085464477539 -0.70712274312973022 1.1988381629635114E-05
vn 0.70709335803985596 -0.70712018013000488 -8.9912819021265022E-06
vn 0.70707094669342041 -0.70714259147644043 0
vn 0.70711570978164673 -0.70709782838821411 0
vn 0.70710456371307373 -0.70710903406143188 8.9912864496000111E-06
vn 0.70710581541061401 -0.7071077823638916 -1.1988376172666904E-05
vn 0.70711570978164673 -0.70709782838821411 0
vn 0.70709580183029175 -0.70711773633956909 1.1988382539129816E-05
vn 0.70709580183029175 -0.70711773633956909 -1.1988376172666904E-05
vn -0.70708882808685303 0.70712471008300781 0
vn -0.70708882808685303 0.70712471008300781 0
vn -0.70708882808685303 0.70712476968765259 0
vn -0.70708882808685303 0.70712471008300781 0
vn -0.70708882808685303 0.70712471008300781 0
vn -0.7070888876914978 0.70712471008300781 0
vn -0.70708882808685303 0.70712471008300781 0
vn -0.70708882808685303 0.70712476968765259 0
vn -0.70708882808685303 0.70712471008300781 0
vn -0.70708882808685303 0.70712471008300781 0
vn -0.70708882808685303 0.70712476968765259 0
vn -0.70708882808685303 0.70712476968765259 0
vn 0.70707094669342041 -0.70714259147644043 0
vn 0.70709091424942017 -0.70712268352508545 1.1988376172666904E-05
vn 0.70709335803985596 -0.70712018013000488 -8.9912819021265022E-06
vn 0.70707094669342041 -0.70714259147644043 0
vn 0.70711570978164673 -0.70709782838821411 0
vn 0.70710456371307373 -0.70710903406143188 8.9912819021265022E-06
vn 0.70710581541061401 -0.7071077823638916 -1.1988376172666904E-05
vn 0.70711570978164673 -0.70709782838821411 0
vn 0.70709580183029175 -0.70711773633956909 1.1988376172666904E-05
vn 0.70709580183029175 -0.70711773633956909 -1.1988376172666904E-05
vn 0.70714855194091797 -0.70706504583358765 0
vn 0.70714855194091797 -0.70706504583358765 0
vn 0.70708590745925903 -0.70712763071060181 0
vn 0.70708590745925903 -0.70712763071060181 0
vn 0.70711517333984375 -0.70709842443466187 -2.1579331587417983E-05
vn 0.70710259675979614 -0.7071109414100647 -1.6184498235816136E-05
vn 0.70709806680679321 -0.70711547136306763 1.3486878742696717E-05
vn 0.70711201429367065 -0.70710158348083496 1.3486878742696717E-05
vn 0.70711594820022583 -0.70709764957427979 1.0115159057022538E-05
vn 0.7071220874786377 -0.70709151029586792 -2.1579331587417983E-05
vn -0.70715689659118652 0.70705670118331909 0
vn -0.70712536573410034 0.70708823204040527 -2.0380413843668066E-05
vn -0.70712137222290039 0.70709216594696045 1.5285309928003699E-05
vn -0.70715689659118652 0.70705670118331909 0
vn -0.70708590745925903 0.70712763071060181 0
vn -0.7071036696434021 0.70710992813110352 -1.5285309928003699E-05
vn -0.70710170269012451 0.7071118950843811 2.0380413843668066E-05
vn -0.70708590745925903 0.70712763071060181 0
vn -0.70711749792098999 0.70709609985351562 -2.0380413843668066E-05
vn -0.70711749792098999 0.70709609985351562 2.0380413843668066E-05
vn -0.70708388090133667 -0.70712965726852417 0
vn -0.70708388090133667 -0.70712965726852417 0
vn -0.70708388090133667 -0.70712965726852417 0
vn -0.70708388090133667 -0.70712965726852417 0
vn -0.70710974931716919 -0.70710378885269165 1.1046841791539919E-05
vn -0.70711213350296021 -0.70710146427154541 -1.5465577234863304E-05
vn -0.7070966362953186 -0.70711696147918701 9.2912368927500211E-06
vn -0.70710331201553345 -0.70711028575897217 -9.2912368927500211E-06
vn -0.70708197355270386 -0.70713156461715698 3.5966668292530812E-06
vn -0.70708197355270386 -0.70713156461715698 -3.5966668292530812E-06
vn -0.70710426568984985 -0.70710933208465576 9.591267371433787E-06
vn -0.70711630582809448 -0.70709723234176636 2.8173741156933829E-05
vn -0.70708388090133667 -0.70712965726852417 0
vn -0.70708388090133667 -0.70712965726852417 0
vn -0.70711630582809448 -0.70709723234176636 -2.8173741156933829E-05
vn -0.70710426568984985 -0.70710933208465576 -9.591267371433787E-06
vn -0.70712441205978394 0.7070891261100769 0
vn -0.7071107029914856 0.70710283517837524 -8.3918612290290184E-06
vn -0.70710897445678711 0.70710456371307373 6.2938956943980884E-06
vn -0.70712441205978394 0.7070891261100769 0
vn -0.70709353685379028 0.70712000131607056 0
vn -0.70710122585296631 0.70711231231689453 -6.2938956943980884E-06
vn -0.70710039138793945 0.70711320638656616 8.3918612290290184E-06
vn -0.70709353685379028 0.70712000131607056 0
vn -0.7071073055267334 0.70710629224777222 -8.3918612290290184E-06
vn -0.7071073055267334 0.70710629224777222 8.3918612290290184E-06
vn -0.70710676908493042 0.70710676908493042 0
vn -0.70710676908493042 0.70710676908493042 0
vn -0.70710676908493042 0.70710676908493042 0
vn -0.70710676908493042 0.70710676908493042 0
vn -0.70710676908493042 0.70710676908493042 0
vn -0.70710676908493042 0.70710676908493042 0
vn -0.70710676908493042 0.70710676908493042 0
vn -0.70710676908493042 0.70710676908493042 0
vn -0.70710676908493042 0.70710676908493042 0
vn -0.70710676908493042 0.70710676908493042 0
vn 0.70712494850158691 -0.70708858966827393 -2.8686621590168215E-05
vn 0.70715457201004028 -0.70705902576446533 0
vn 0.70711493492126465 -0.70709866285324097 -1.7246557035832666E-05
vn 0.70710635185241699 -0.70710724592208862 3.2265852496493608E-05
vn 0.70709997415542603 -0.70711356401443481 -7.8137527452781796E-06
vn 0.7071075439453125 -0.70710605382919312 1.1902746337000281E-05
vn 0.70710676908493042 -0.70710676908493042 1.2947511095262598E-05
vn 0.7071041464805603 -0.70710945129394531 0
vn 0.70710742473602295 -0.70710617303848267 1.3295367352839094E-05
vn 0.70711475610733032 -0.70709878206253052 1.2588142453751061E-05
vn 0.70711266994476318 -0.70710086822509766 7.150178134907037E-06
vn 0.70710742473602295 -0.70710611343383789 1.2844684533774853E-05
vn 0.70711809396743774 -0.70709550380706787 7.0858513936400414E-06
vn 0.70711356401443481 -0.70709997415542603 0
vn 0.70711362361907959 -0.70709997415542603 0
vn 0.70710223913192749 -0.70711135864257812 1.798241282813251E-05
vn 0.7071109414100647 -0.70710259675979614 -4.4194031943334267E-05
vn 0.70707625150680542 -0.7071373462677002 -1.1856203855131753E-05
vn 0.70710009336471558 -0.70711344480514526 1.9676397641887888E-05
vn 0.70711332559585571 -0.70710021257400513 2.0525045329122804E-05
vn 0.70711874961853027 -0.70709484815597534 1.6184389096451923E-05
vn 0.70710676908493042 -0.70710676908493042 0
vn 0.70711743831634521 -0.7070961594581604 4.0761089621810243E-05
vn 0.70711737871170044 -0.7070961594581604 7.1936287895368878E-06
vn 0.7070961594581604 -0.70711737871170044 1.1988194273726549E-05
vn 0.70709848403930664 -0.70711511373519897 4.0588896808912978E-05
vn 0.70711743831634521 -0.7070961594581604 4.1959126974688843E-05
vn -0.70711731910705566 0.70709627866744995 0
vn -0.70711731910705566 0.70709627866744995 0
vn -0.70711731910705566 0.70709627866744995 0
vn -0.70711731910705566 0.70709627866744995 0
vn -0.70711731910705566 0.70709627866744995 0
vn -0.70711731910705566 0.70709627866744995 0
vn -0.70711731910705566 0.70709627866744995 0
vn -0.70711731910705566 0.70709627866744995 0
vn 0.70714104175567627 -0.70707249641418457 0
vn 0.7070961594581604 -0.70711737871170044 0
vn 0.70704191923141479 -0.70717167854309082 0
vn 0.70710676908493042 -0.70710676908493042 0
vn 0.70710146427154541 -0.70711207389831543 -1.7982745248446008E-06
vn 0.70711582899093628 -0.70709770917892456 -2.3804755983292125E-05
vn 0.7070954442024231 -0.70711815357208252 -2.3804754164302722E-05
vn 0.7070879340171814 -0.70712566375732422 -1.7853566532721743E-05
vn 0.70710444450378418 -0.70710915327072144 -2.3976992906682426E-06
vn 0.70710211992263794 -0.70711147785186768 -2.3976995180419181E-06
vn 0.7071109414100647 -0.70710265636444092 0
vn 0.7071109414100647 -0.70710265636444092 0
vn 0.7071109414100647 -0.70710265636444092 0
vn 0.7071109414100647 -0.70710265636444092 0
vn 0.7071109414100647 -0.70710259675979614 0
vn 0.7071109414100647 -0.70710259675979614 0
vn 0.7071109414100647 -0.70710259675979614 0
vn 0.7071109414100647 -0.70710259675979614 0
vn -0.70708388090133667 0.70712965726852417 0
vn -0.70714771747589111 0.70706582069396973 0.00012043178867315874
vn -0.70710676908493042 0.70710676908493042 0
vn -0.70710676908493042 0.70710676908493042 0
vn -0.70712774991989136 0.70708578824996948 0.00010254670633003116
vn -0.70756071805953979 0.70665258169174194 -0.00011951768101425841
vn -0.70739603042602539 0.70681744813919067 -4.060509309056215E-05
vn -0.70725947618484497 0.70695406198501587 0.00014999478298705071
vn -0.70784705877304077 0.70636558532714844 -0.00035855299211107194
vn -0.70733225345611572 0.70688128471374512 7.0434463850688189E-05
vn -0.70708388090133667 0.70712965726852417 0
vn -0.70708388090133667 0.70712965726852417 0
vn -0.70774173736572266 0.70647120475769043 -0.00020072783809155226
vn -0.70760351419448853 0.70660966634750366 -0.00018169247778132558
vn -0.70716869831085205 0.70704472064971924 0.00041706871706992388
vn -0.70720678567886353 0.70700663328170776 0.00039360963273793459
vn -0.7071843147277832 0.70702916383743286 0.00030271036666817963
vn 0 0 -1
vn 0 0 -1
vn 0 0 -1
vn 0 0 -1
vn 0 0 -1
vn 0 0 -1
vn 0 0 -1
vn 0 0 -1
vn 0 0 -1
vn 0 0 -1
vn 0 0 -1
vn 0 0 -1
vn 0 0 -1
vn 0 0 -1
vn 0 0 -1
vn 0 0 -1
vn 0 0 -1
vn 0 0 -1
vn 0 0 -1
vn 0 0 -1
vn 0 0 -1
vn 0 0 -1
vn 0 0 -1
vn 0 0 -1
vn 0 0 -1
vn 0 0 -1
vn 0 0 -1
vn 0.70714575052261353 0.70706778764724731 1.3096357179165352E-05
vn 0.70742225646972656 0.70679116249084473 0
vn 0.70721238851547241 0.70700114965438843 3.83654551114887E-05
vn 0.70716899633407593 0.70704454183578491 -3.5962432320957305E-06
vn 0.7071576714515686 0.70705586671829224 -3.5962432320957305E-06
vn 0.70730513334274292 0.70690834522247314 2.920094266301021E-05
vn 0.70713132619857788 0.70708227157592773 1.7983978978008963E-05
vn 0.7073180079460144 0.70689553022384644 -9.5876794148352928E-06
vn 0.70707285404205322 0.70714068412780762 0
vn 0.70715856552124023 0.70705497264862061 1.2333332051639445E-05
vn 0.70728784799575806 0.70692569017410278 0
vn 0.70703214406967163 0.70718145370483398 5.1788112614303827E-05
vn 0.70717465877532959 0.70703887939453125 0
vn 0.70734065771102905 0.70687288045883179 -4.7938397074176464E-06
vn 0.70733267068862915 0.70688086748123169 4.9041766033042222E-05
vn 0.70721852779388428 0.70699501037597656 3.810317866737023E-05
vn 0.70732402801513672 0.70688945055007935 6.2052509747445583E-05
vn 0.42428892850875854 0.42422103881835938 0.80000960826873779
vn 0.42427933216094971 0.42426577210426331 0.79999101161956787
vn 0.4242522120475769 0.4242929220199585 0.79999101161956787
vn 0.42423462867736816 0.42427533864974976 0.80000960826873779
vn 0.42423462867736816 0.42427533864974976 0.80000960826873779
vn 0.42425704002380371 0.42427060008049011 0.80000025033950806
vn -0.42426976561546326 -0.42431050539016724 0.79997235536575317
vn -0.42427933216094971 -0.42426577210426331 0.79999101161956787
vn -0.42428255081176758 -0.42425084114074707 0.79999721050262451
vn -0.4242766797542572 -0.42424502968788147 0.80000340938568115
vn -0.42427057027816772 -0.42425698041915894 0.80000030994415283
vn -0.4242522120475769 -0.4242929220199585 0.79999101161956787
vn -0.70584338903427124 -0.70836758613586426 0.00073072646046057343
vn -0.70711243152618408 -0.70710110664367676 -2.5174163965857588E-05
vn -0.70709168910980225 -0.70712190866470337 3.83654551114887E-05
vn -0.70609694719314575 -0.70776528120040894 0.022257497534155846
vn -0.58580595254898071 -0.81045132875442505 0
vn -0.67839181423187256 -0.72968804836273193 0.08567357063293457
vn -0.70707666873931885 -0.70713686943054199 -6.7118678998667747E-05
vn -0.70592600107192993 -0.70828557014465332 0.00026275875279679894
vn -0.70529180765151978 -0.70891714096069336 0
vn -0.70728784799575806 -0.70692569017410278 0
vn -0.70706921815872192 -0.70714437961578369 -1.4376612853084225E-05
vn -0.70541894435882568 -0.70878875255584717 0.0016191891627386212
vn -0.70699387788772583 -0.70721966028213501 0
vn -0.6781848669052124 -0.73428410291671753 0.029868880286812782
vn -0.7070239782333374 -0.70718955993652344 -3.3559339499333873E-05
vn -0.70784235000610352 -0.70488172769546509 0.045836661010980606
vn -0.70610237121582031 -0.70649993419647217 0.047721046954393387
vn -0.70715725421905518 0.70705616474151611 -0.00040090706897899508
vn -0.7071501612663269 0.70706337690353394 -0.00023261293245013803
vn -0.70710676908493042 0.70710676908493042 0
vn -0.70712041854858398 0.70709311962127686 -8.5455591033678502E-05
vn -0.70711696147918701 0.7070966362953186 -9.591267371433787E-06
vn -0.70714771747589111 0.70706582069396973 -0.00012043178867315874
vn -0.70716869831085205 0.70704472064971924 -0.00041706871706992388
vn -0.70720678567886353 0.70700663328170776 -0.00039360963273793459
vn -0.70718425512313843 0.70702928304672241 -0.00030271036666817963
vn -0.70708388090133667 0.70712965726852417 0
vn -0.70708388090133667 0.70712965726852417 0
vn -0.70711439847946167 0.70709913969039917 -2.8773800295311958E-05
vn -0.70711952447891235 0.70709407329559326 -1.9182534742867574E-05
vn -0.70711565017700195 0.70709788799285889 -0.00011983278818661347
vn 0.7070961594581604 -0.70711737871170044 0
vn 0.70714485645294189 -0.70706868171691895 0
vn 0.70712637901306152 -0.70708721876144409 1.7700438547763042E-05
vn 0.70711934566497803 -0.70709419250488281 5.296020390233025E-06
vn 0.70710831880569458 -0.70710527896881104 3.0873758078087121E-05
vn 0.70711344480514526 -0.70710009336471558 -2.9311882826732472E-05
vn 0.7070884108543396 -0.70712518692016602 1.8128124793292955E-05
vn 0.70708930492401123 -0.70712429285049438 -1.9879535102518275E-05
vn 0.70709741115570068 -0.70711612701416016 1.910612263600342E-05
vn 0.70708388090133667 -0.70712965726852417 0
vn 0.70708388090133667 -0.70712965726852417 0
vn 0.70710009336471558 -0.70711344480514526 -2.291871169290971E-05
vn 0.70712196826934814 -0.7070915699005127 8.6408435890916735E-06
vn 0.70710831880569458 -0.70710527896881104 6.1705318330496084E-06
vn 0.70710575580596924 -0.70710784196853638 1.3363594007387292E-05
vn 0.707111656665802 -0.70710194110870361 5.3540054068434983E-05
vn 0.70709282159805298 -0.70712077617645264 -6.3173501985147595E-05
vn 0.70710045099258423 -0.70711308717727661 -2.6108857127837837E-05
vn 0.70711249113082886 -0.70710104703903198 1.9556104234652594E-05
vn -0.70711439847946167 0.70709913969039917 5.7545119489077479E-05
vn -0.70712965726852417 0.70708388090133667 0
vn -0.70712202787399292 0.70709151029586792 2.8772559744538739E-05
vn -0.70712459087371826 0.70708900690078735 1.9181707102688961E-05
vn -0.70712965726852417 0.70708388090133667 0
vn -0.70717543363571167 0.70703810453414917 0
vn -0.70717543363571167 0.70703810453414917 0
vn -0.70717543363571167 0.70703810453414917 0
vn -0.70708388090133667 0.70712965726852417 0
vn -0.70714491605758667 0.70706862211227417 0
vn -0.70714491605758667 0.70706862211227417 0
vn -0.70710676908493042 -0.70710676908493042 0
vn -0.70710867643356323 -0.70710486173629761 -1.1988388450845378E-06
vn -0.70710891485214233 -0.70710462331771851 8.9912913381340331E-07
vn -0.70710676908493042 -0.70710676908493042 0
vn -0.70711112022399902 -0.70710247755050659 0
vn -0.70710998773574829 -0.70710355043411255 -8.9912913381340331E-07
vn -0.70711016654968262 -0.707103431224823 1.1988388450845378E-06
vn -0.70711112022399902 -0.70710247755050659 0
vn -0.70710921287536621 -0.7071043848991394 1.1988388450845378E-06
vn -0.70710921287536621 -0.7071043848991394 -1.1988388450845378E-06
vn -0.70710396766662598 -0.70710957050323486 -5.0342008762527257E-05
vn -0.70712375640869141 -0.70708984136581421 -3.6800118508040214E-09
vn -0.70712125301361084 -0.70709234476089478 2.3943639462231658E-06
vn -0.70711809396743774 -0.7070954442024231 0
vn -0.70708417892456055 -0.70712935924530029 -0.00010068401752505451
vn -0.70711994171142578 -0.70709359645843506 3.5915459193347488E-06
vn -0.70711058378219604 -0.70710301399230957 -3.3565018384251744E-05
vn -0.70712310075759888 -0.70709043741226196 2.3906839032861171E-06
vn 0.70715725421905518 -0.70705628395080566 0
vn 0.70605224370956421 -0.70815950632095337 -0.00062937941402196884
vn 0.70605224370956421 -0.70815950632095337 -0.00062937941402196884
vn 0.7049451470375061 -0.70926070213317871 -0.0012587570818141103
vn 0.70705914497375488 0.70715445280075073 0
vn 0.70708072185516357 0.70713287591934204 -1.2227979823364876E-05
vn 0.70708340406417847 0.70713013410568237 9.1709798653027974E-06
vn 0.70705914497375488 0.70715445280075073 0
vn 0.70709449052810669 0.70711904764175415 -5.9343587963667233E-06
vn 0.70709723234176636 0.70711630582809448 8.3080976764904335E-06
vn 0.70708358287811279 0.70713001489639282 1.9781496121140663E-06
vn 0.70708233118057251 0.70713126659393311 -1.9781489299930399E-06
vn 0.70712065696716309 0.70709288120269775 1.4568432789019425E-06
vn 0.70711994171142578 0.70709359645843506 -1.0406020010123029E-06
vn 0.70713776350021362 0.70707583427429199 1.0115634722751565E-05
vn 0.70714491605758667 0.70706868171691895 0
vn 0.70714491605758667 0.70706868171691895 0
vn 0.70713776350021362 0.70707583427429199 -1.0115630175278056E-05
vn 0.70709532499313354 0.70711827278137207 -2.0320432668086141E-05
vn 0.70709282159805298 0.70712071657180786 1.7953000508441619E-07
vn 0.70709377527236938 0.70711976289749146 4.2264596231689211E-06
vn 0.70709377527236938 0.70711982250213623 -4.2264582589268684E-06
vn 0.70709282159805298 0.70712071657180786 -1.7953061615116894E-07
vn 0.70709532499313354 0.70711827278137207 2.0320423573139124E-05
vn 0.70709151029586792 0.70712202787399292 0
vn 0.70707535743713379 0.70713824033737183 2.2926522433408536E-05
vn 0.70708769559860229 0.70712584257125854 0
vn 0.70708769559860229 0.70712584257125854 0
vn 0.70709091424942017 0.70712268352508545 8.451602298009675E-06
vn 0.70708900690078735 0.70712459087371826 0
vn 0.70708769559860229 0.70712584257125854 0
vn 0.70708233118057251 0.70713126659393311 -1.9781489299930399E-06
vn 0.70712709426879883 0.70708650350570679 0
vn 0.70711821317672729 0.70709532499313354 0
vn 0.70711582899093628 0.70709776878356934 -1.2140357057432993E-06
vn 0.70714491605758667 0.70706868171691895 0
vn 0.70713776350021362 0.70707583427429199 -1.0115630175278056E-05
vn 0.70714491605758667 0.70706868171691895 0
vn 0.70714491605758667 0.70706868171691895 0
vn 0.70709377527236938 0.70711982250213623 -4.2264582589268684E-06
vn 0.70709282159805298 0.70712071657180786 -1.7953061615116894E-07
vn 0.70709723234176636 0.70711630582809448 3.5065193515038118E-05
vn 0.70709151029586792 0.70712202787399292 0
vn 0.70709151029586792 0.70712202787399292 0
vn 0.70715254545211792 -0.7070610523223877 0
vn 0.70714396238327026 -0.70706963539123535 -1.2138673810113687E-05
vn 0.70711821317672729 -0.70709538459777832 0
vn 0.70711821317672729 -0.70709538459777832 0
vn 0.70712393522262573 -0.70708966255187988 -4.8556526053289417E-06
vn 0.70708900690078735 -0.70712459087371826 0
vn 0.70708769559860229 -0.70712584257125854 0
vn 0.70708072185516357 -0.70713287591934204 -7.1934908874027315E-07
vn 0.70708644390106201 -0.7071271538734436 0
vn 0.70708769559860229 -0.70712584257125854 0
vn 0.70708996057510376 -0.70712363719940186 -7.1031040533853229E-06
vn 0.70708388090133667 -0.70712965726852417 0
vn 0.70709055662155151 -0.70712298154830933 -9.440876056032721E-06
vn 0.70708388090133667 -0.70712965726852417 0
vn 0.70708388090133667 -0.70712965726852417 0
vn 0.70715254545211792 -0.7070610523223877 0
vn 0.70715254545211792 -0.7070610523223877 0
vn 0.70707947015762329 -0.70713412761688232 -1.4206208106770646E-05
vn 0.70708966255187988 -0.70712393522262573 -1.6188563449759386E-06
vn 0.70713537931442261 -0.70707821846008301 -2.4277347620227374E-05
vn 0.70711630582809448 0.70709723234176636 0
vn 0.70712524652481079 0.70708835124969482 -5.0353555707260966E-06
vn 0.70713347196578979 0.70708006620407104 -5.3949711400491651E-06
vn 0.70714491605758667 0.70706862211227417 0
vn 0.70710813999176025 0.70710539817810059 -7.6041510510549415E-06
vn 0.70710217952728271 0.70711135864257812 -4.3159770939382724E-06
vn 0.70710837841033936 0.70710521936416626 5.6347571444348432E-06
vn 0.70710349082946777 0.70711004734039307 3.0828409762762021E-06
vn 0.70712298154830933 0.70709055662155151 1.2588083336595446E-05
vn 0.70714491605758667 0.70706862211227417 0
vn 0.70712965726852417 0.70708388090133667 0
vn 0.70713478326797485 0.70707881450653076 7.1932950049813371E-06
vn 0.70712077617645264 0.70709282159805298 -1.3427411431621294E-05
vn 0.70710235834121704 0.70711123943328857 -5.5145965234260075E-06
vn 0.70711153745651245 0.70710200071334839 2.3377680918201804E-05
vn 0.70711952447891235 0.70709407329559326 7.1932950049813371E-06
vn 0.70708388090133667 0.70712965726852417 0
vn 0.70711952447891235 0.70709407329559326 -7.1932950049813371E-06
vn -0.70708388090133667 -0.70712965726852417 0
vn -0.70708388090133667 -0.70712965726852417 0
vn -0.70708388090133667 -0.70712965726852417 0
vn -0.70708388090133667 -0.70712965726852417 0
vn -0.70708388090133667 -0.70712965726852417 0
vn -0.70708388090133667 -0.70712965726852417 0
vn -0.70708388090133667 -0.70712965726852417 0
vn -0.70708388090133667 -0.70712965726852417 0
vn -0.70708388090133667 -0.70712965726852417 0
vn -0.70708388090133667 -0.70712965726852417 0
vn -0.70708388090133667 -0.70712965726852417 0
vn -0.70708388090133667 -0.70712965726852417 0
vn -0.70714491605758667 -0.70706862211227417 0
vn -0.70711439847946167 -0.70709913969039917 0
vn -0.70708388090133667 -0.70712965726852417 0
vn -0.70710676908493042 -0.70710676908493042 1.0789714906422887E-05
vn -0.70711439847946167 -0.70709913969039917 0
vn -0.70711439847946167 -0.70709913969039917 0
vn -0.70711439847946167 -0.70709913969039917 0
vn -0.70712459087371826 -0.70708900690078735 1.4386287148226984E-05
vn -0.70711439847946167 -0.70709913969039917 1.4386287148226984E-05
vn -0.70708388090133667 -0.70712965726852417 0
vn -0.70708388090133667 -0.70712965726852417 0
vn -0.70708388090133667 -0.70712965726852417 0
vn -0.70708388090133667 -0.70712965726852417 0
vn -0.70708388090133667 -0.70712965726852417 0
vn -0.70708388090133667 -0.70712965726852417 0
vn -0.70708388090133667 -0.70712965726852417 0
vn -0.70708388090133667 -0.70712965726852417 0
vn -0.70708388090133667 -0.70712965726852417 0
vn -0.70708388090133667 -0.70712965726852417 0
vn -0.70708388090133667 -0.70712965726852417 0
vn -0.70714491605758667 -0.70706862211227417 0
vn -0.70714491605758667 -0.70706862211227417 0
vn -0.70711439847946167 -0.70709913969039917 0
vn -0.70708388090133667 -0.70712965726852417 0
vn -0.70708388090133667 -0.70712965726852417 0
vn -0.70711439847946167 -0.70709913969039917 0
vn -0.70714491605758667 -0.70706862211227417 0
vn -0.70714491605758667 -0.70706862211227417 0
vn -0.70708388090133667 -0.70712965726852417 0
vn -0.70708388090133667 -0.70712965726852417 0
vn -0.70711439847946167 -0.70709913969039917 0
vn 0.70711344480514526 -0.70710009336471558 0
vn 0.70709866285324097 -0.70711487531661987 -2.3890419470262714E-05
vn 0.70708674192428589 -0.70712679624557495 0
vn 0.70708674192428589 -0.70712679624557495 0
vn 0.70708578824996948 -0.70712774991989136 -1.9073644580203108E-05
vn 0.7070956826210022 -0.70711791515350342 0
vn 0.70708674192428589 -0.70712679624557495 0
vn 0.70709073543548584 -0.70712286233901978 4.9777768253989052E-06
vn 0.70711344480514526 -0.70710009336471558 0
vn 0.70711344480514526 -0.70710009336471558 0
vn 0.70710855722427368 -0.70710504055023193 8.2526748883537948E-06
vn 0.70711344480514526 -0.70710009336471558 0
vn 0.70711344480514526 -0.70710009336471558 0
vn 0.7071186900138855 -0.70709484815597534 8.9595623649074696E-06
vn 0.70711344480514526 -0.70710009336471558 0
vn 0.70711344480514526 -0.70710009336471558 0
vn 0.70710855722427368 -0.70710504055023193 7.6105125117464922E-06
vn 0.70711344480514526 -0.70710009336471558 0
vn 0.70711344480514526 -0.70710009336471558 0
vn 0.70711362361907959 -0.70709997415542603 -7.0645444338879315E-07
vn 0.70711344480514526 -0.70710009336471558 0
vn 0.70711392164230347 -0.70709961652755737 -7.706769338255981E-07
vn 0.70711344480514526 -0.70710009336471558 0
vn 0.70711344480514526 -0.70710009336471558 0
vn 0.70711344480514526 -0.70710009336471558 0
vn 0.70711344480514526 -0.70710009336471558 0
vn 0.7071039080619812 -0.70710963010787964 1.6696657212378341E-06
vn 0.70711410045623779 -0.70709949731826782 2.2799946236773394E-05
vn 0.70711410045623779 -0.70709949731826782 1.104669900087174E-05
vn 0.70711153745651245 -0.70710200071334839 2.241409856651444E-05
vn 0.70709377527236938 -0.70711982250213623 -1.8109843949787319E-05
vn 0.70708388090133667 -0.70712965726852417 -4.7780838940525427E-05
vn 0.70714491605758667 0.70706862211227417 0
vn 0.70713061094284058 0.70708292722702026 2.0230796508258209E-05
vn 0.70711439847946167 0.70709913969039917 0
vn 0.70711439847946167 0.70709913969039917 0
vn 0.7071150541305542 0.70709854364395142 1.5645000530639663E-05
vn 0.70708388090133667 0.70712965726852417 0
vn 0.70708388090133667 0.70712965726852417 0
vn 0.70708769559860229 0.70712584257125854 0
vn 0.70712459087371826 0.70708900690078735 0
vn 0.70711439847946167 0.70709913969039917 0
vn 0.70710963010787964 0.7071039080619812 -8.9014010882237926E-06
vn 0.70714491605758667 0.70706862211227417 0
vn 0.70713061094284058 0.70708292722702026 -2.0230796508258209E-05
vn 0.70714491605758667 0.70706862211227417 0
vn 0.70714491605758667 0.70706862211227417 0
vn 0.70710235834121704 0.70711123943328857 -1.7802802176447585E-05
vn 0.70710235834121704 0.70711123943328857 1.7802802176447585E-05
vn 0.70711630582809448 0.70709723234176636 4.0461593016516417E-05
vn 0.70714491605758667 0.70706862211227417 0
vn 0.70714491605758667 0.70706862211227417 0
vn -0.70714491605758667 -0.70706862211227417 0
vn -0.70713061094284058 -0.70708292722702026 2.0230796508258209E-05
vn -0.70711439847946167 -0.70709913969039917 0
vn -0.70711439847946167 -0.70709913969039917 0
vn -0.70711344480514526 -0.70710009336471558 1.7892787582240999E-05
vn -0.70708388090133667 -0.70712965726852417 0
vn -0.70708388090133667 -0.70712965726852417 0
vn -0.70708930492401123 -0.70712429285049438 2.6974446427630028E-06
vn -0.70712459087371826 -0.70708900690078735 0
vn -0.70711439847946167 -0.70709913969039917 0
vn -0.70710963010787964 -0.7071039080619812 -8.9014010882237926E-06
vn -0.70714491605758667 -0.70706862211227417 0
vn -0.70713061094284058 -0.70708292722702026 -2.0230796508258209E-05
vn -0.70714491605758667 -0.70706862211227417 0
vn -0.70714491605758667 -0.70706862211227417 0
vn -0.70710551738739014 -0.70710808038711548 -1.6004561985027976E-05
vn -0.70710235834121704 -0.70711123943328857 2.4096620109048672E-05
vn -0.70711153745651245 -0.70710200071334839 4.1809980757534504E-05
vn -0.70714491605758667 -0.70706862211227417 0
vn -0.70714491605758667 -0.70706862211227417 0
vn 0.70708388090133667 -0.70712965726852417 0
vn 0.70708388090133667 -0.70712965726852417 0
vn 0.70708388090133667 -0.70712965726852417 0
vn 0.70708388090133667 -0.70712965726852417 0
vn 0.70708388090133667 -0.70712965726852417 0
vn 0.70708388090133667 -0.70712965726852417 0
vn 0.70712459087371826 -0.70708900690078735 0
vn 0.70711439847946167 -0.70709913969039917 0
vn 0.70711439847946167 -0.70709913969039917 0
vn 0.70710426568984985 -0.70710933208465576 0
vn 0.70711439847946167 -0.70709913969039917 0
vn 0.70711439847946167 -0.70709913969039917 0
vn 0.70712459087371826 -0.70708900690078735 0
vn 0.70708388090133667 -0.70712965726852417 0
vn 0.70708388090133667 -0.70712965726852417 0
vn 0.70708388090133667 -0.70712965726852417 0
vn 0.70708388090133667 -0.70712965726852417 0
vn 0.70708388090133667 -0.70712965726852417 0
vn 0.70708388090133667 -0.70712965726852417 0
vn 0.70710426568984985 -0.70710933208465576 0
vn -0.70714491605758667 0.70706862211227417 0
vn -0.70713061094284058 0.70708292722702026 -2.0230796508258209E-05
vn -0.70711439847946167 0.70709913969039917 0
vn -0.70711439847946167 0.70709913969039917 0
vn -0.7071150541305542 0.70709854364395142 -1.5645000530639663E-05
vn -0.70708388090133667 0.70712965726852417 0
vn -0.70708388090133667 0.70712965726852417 0
vn -0.70708769559860229 0.70712584257125854 0
vn -0.70712459087371826 0.70708900690078735 0
vn -0.70711439847946167 0.70709913969039917 0
vn -0.70710963010787964 0.7071039080619812 8.9014010882237926E-06
vn -0.70714491605758667 0.70706862211227417 0
vn -0.70713061094284058 0.70708292722702026 2.0230796508258209E-05
vn -0.70714491605758667 0.70706862211227417 0
vn -0.70714491605758667 0.70706862211227417 0
vn -0.70714491605758667 0.70706862211227417 0
vn -0.70714491605758667 0.70706862211227417 0
vn -0.70710235834121704 0.70711123943328857 1.7802802176447585E-05
vn -0.70710235834121704 0.70711123943328857 -1.7802802176447585E-05
vn -0.70711630582809448 0.70709723234176636 -4.0461593016516417E-05
vn 0.70714491605758667 -0.70706862211227417 0
vn 0.70713061094284058 -0.70708292722702026 -2.0230796508258209E-05
vn 0.70711439847946167 -0.70709913969039917 0
vn 0.70711439847946167 -0.70709913969039917 0
vn 0.7071150541305542 -0.70709854364395142 -1.5645000530639663E-05
vn 0.70708388090133667 -0.70712965726852417 0
vn 0.70708388090133667 -0.70712965726852417 0
vn 0.70708769559860229 -0.70712584257125854 0
vn 0.70712459087371826 -0.70708900690078735 0
vn 0.70711439847946167 -0.70709913969039917 0
vn 0.70710963010787964 -0.7071039080619812 8.9014010882237926E-06
vn 0.70714491605758667 -0.70706862211227417 0
vn 0.70713061094284058 -0.70708292722702026 2.0230796508258209E-05
vn 0.70714491605758667 -0.70706862211227417 0
vn 0.70714491605758667 -0.70706862211227417 0
vn 0.70714491605758667 -0.70706862211227417 0
vn 0.70714491605758667 -0.70706862211227417 0
vn 0.70710235834121704 -0.70711123943328857 1.7802802176447585E-05
vn 0.70710235834121704 -0.70711123943328857 -1.7802802176447585E-05
vn 0.70711630582809448 -0.70709723234176636 -4.0461593016516417E-05
vn 0.70712965726852417 0.70708388090133667 0
vn 0.70713728666305542 0.70707625150680542 -1.4386900147655979E-05
vn 0.70710676908493042 0.70710676908493042 0
vn 0.70710676908493042 0.70710676908493042 0
vn 0.70710933208465576 0.70710426568984985 -4.7956336857168935E-06
vn 0.70711439847946167 0.70709913969039917 0
vn 0.70710676908493042 0.70710676908493042 0
vn 0.70710426568984985 0.70710933208465576 -4.7954267756722402E-06
vn 0.70712965726852417 0.70708388090133667 0
vn 0.70712202787399292 0.70709151029586792 -1.438627987226937E-05
vn 0.70712965726852417 0.70708388090133667 0
vn 0.70712965726852417 0.70708388090133667 0
vn 0.70712965726852417 0.70708388090133667 0
vn 0.70712965726852417 0.70708388090133667 0
vn 0.70709407329559326 0.70711952447891235 -9.5908535513444804E-06
vn 0.70711439847946167 0.70709913969039917 -1.4386900147655979E-05
vn 0.7071489691734314 0.70706456899642944 0
vn 0.7071305513381958 0.70708304643630981 1.8881968571804464E-05
vn 0.70711207389831543 0.70710152387619019 0
vn 0.70707511901855469 0.70713841915130615 0
vn 0.70709359645843506 0.70711994171142578 1.8881968571804464E-05
vn 0.70707517862319946 0.70713841915130615 0
vn 0.70707511901855469 0.70713841915130615 0
vn 0.7071489691734314 0.70706456899642944 0
vn 0.7071489691734314 0.70706456899642944 0
vn 0.70711201429367065 0.70710152387619019 5.3948479035170749E-06
vn 0.70708882808685303 0.70712471008300781 0
vn 0.70707988739013672 0.70713365077972412 1.618302303540986E-05
vn 0.7070918083190918 0.70712172985076904 0
vn 0.70709484815597534 0.70711874961853027 0
vn 0.70709860324859619 0.70711499452590942 6.7434016273182351E-06
vn 0.70708882808685303 0.70712471008300781 0
vn 0.70708882808685303 0.70712476968765259 0
vn 0.70709484815597534 0.70711874961853027 0
vn 0.70709484815597534 0.70711874961853027 0
vn 0.70708662271499634 0.70712697505950928 2.2926424207980745E-05
vn 0.70709055662155151 0.7071230411529541 5.7316060519951861E-06
vn 0.42428526282310486 -0.42422470450401306 0.80000960826873779
vn 0.4242725670337677 -0.4242725670337677 0.79999101161956787
vn 0.42426249384880066 -0.42428267002105713 0.7999909520149231
vn 0.42426249384880066 -0.42428267002105713 0.7999909520149231
vn 0.42426377534866333 -0.42426377534866333 0.80000030994415283
vn 0.42428526282310486 -0.42422470450401306 0.80000960826873779
vn -0.42428526282310486 0.42422470450401306 0.80000960826873779
vn -0.42428526282310486 0.42422470450401306 0.80000960826873779
vn -0.42428603768348694 0.42422547936439514 0.80000883340835571
vn -0.42427423596382141 0.42424899339675903 0.80000263452529907
vn -0.42426866292953491 0.42426109313964844 0.79999911785125732
vn -0.42424985766410828 0.42429527640342712 0.79999101161956787
vn -0.70706892013549805 0.70714461803436279 0
vn -0.70706892013549805 0.70714461803436279 0
vn -0.70706892013549805 0.70714461803436279 0
vn -0.70706892013549805 0.70714461803436279 0
vn 0 0 -1
vn 0 0 -1
vn 0 0 -1
vn 0 0 -1
vn 0 0 -1
vn 0 0 -1
vn 0 0 -1
vn 0 0 -1
vn 0 0 -1
vn -0.70707529783248901 -0.70713824033737183 -5.3950584515405353E-06
vn -0.70710021257400513 -0.70711332559585571 -7.7071272244211286E-06
vn -0.7071039080619812 -0.70710963010787964 0
vn -0.70710426568984985 -0.70710933208465576 -1.6784148101578467E-05
vn -0.7071118950843811 -0.70710170269012451 2.3976512238732539E-05
vn -0.70708388090133667 -0.70712965726852417 0
vn -0.70708388090133667 -0.70712965726852417 2.8771317374776118E-05
vn -0.70709913969039917 -0.70711439847946167 7.1929534897208214E-05
vn -0.70710742473602295 -0.70710617303848267 1.9181707102688961E-05
vn -0.70707815885543823 -0.70713537931442261 0
vn -0.70707815885543823 -0.70713537931442261 -5.3950584515405353E-06
vn -0.70710933208465576 -0.70710426568984985 -3.3568296203156933E-05
vn -0.70709913969039917 -0.70711439847946167 -2.8772559744538739E-05
vn -0.70708388090133667 -0.70712965726852417 0
vn -0.70712965726852417 -0.70708388090133667 0
vn -0.70712965726852417 -0.70708388090133667 0
vn -0.70711439847946167 -0.70709913969039917 0
vn -0.70710676908493042 -0.70710676908493042 0
vn -0.70717543363571167 -0.70703810453414917 0
vn -0.70717543363571167 -0.70703810453414917 0
vn -0.70708388090133667 -0.70712965726852417 0
vn -0.70714491605758667 -0.70706862211227417 0
vn -0.70717543363571167 -0.70703810453414917 0
vn -0.70714491605758667 -0.70706862211227417 0
vn 0.70709878206253052 0.70711332559585571 0.0014104992151260376
vn 0.70696187019348145 0.70725166797637939 0.00023009107098914683
vn 0.7069857120513916 0.70722728967666626 0.00086948543321341276
vn 0.70700764656066895 0.70720589160919189 6.470808875747025E-05
vn 0.70691424608230591 0.70729845762252808 0.0010783033212646842
vn 0.707111656665802 0.70710188150405884 1.5413482969961478E-06
vn 0.70614546537399292 0.70806682109832764 -1.5031098882900551E-05
vn 0.70709246397018433 0.70712107419967651 2.6974603315466084E-05
vn 0.70694243907928467 0.70726722478866577 0.00233243010006845
vn 0.70637482404708862 0.70783692598342896 0.001216466655023396
vn 0.70671671628952026 0.70749640464782715 0.00060615682741627097
vn 0.70711886882781982 0.70709472894668579 1.918569250847213E-05
vn 0.70708006620407104 0.70713347196578979 -1.7983431916945847E-06
vn 0.70711952447891235 0.70709407329559326 -2.397785647190176E-05
vn 0.70711439847946167 0.70709913969039917 -1.4386900147655979E-05
vn 0.70671778917312622 0.70749551057815552 0.00030673513538204134
vn 0.70659571886062622 0.70761734247207642 0.00046002326416783035
vn 0.70681118965148926 -0.70740222930908203 0
vn 0.7069929838180542 -0.70722055435180664 0.00010285741154802963
vn 0.70708388090133667 -0.70712965726852417 0
vn 0.70708388090133667 -0.70712965726852417 0
vn 0.70705443620681763 -0.70715910196304321 0.00017384573584422469
vn 0.70708388090133667 -0.70712965726852417 0
vn 0.70706892013549805 -0.70714455842971802 0.00035367606324143708
vn 0.70710831880569458 -0.70710527896881104 0
vn 0.70710676908493042 -0.70710676908493042 -1.0789709449454676E-05
vn 0.70677322149276733 -0.70744001865386963 0.00048458727542310953
vn 0.70698392391204834 -0.7072296142578125 6.9495057687163353E-05
vn 0.70666015148162842 -0.70755267143249512 0.0007814061245881021
vn 0.70693641901016235 -0.70727705955505371 0.00020848517306149006
vn 0.70643311738967896 -0.7077796459197998 0.00045991738443262875
vn 0.706595778465271 -0.70761734247207642 0.00030668219551444054
vn 0.70692431926727295 -0.70728915929794312 0.00022509989503305405
vn 0.7069242000579834 -0.70728909969329834 0.00053466332610696554
vn 0.70694756507873535 -0.70726537704467773 0.00089444353943690658
vn 0.70708388090133667 -0.70712965726852417 0
vn -0.70708167552947998 0.70713192224502563 0
vn -0.70708334445953369 0.70713025331497192 4.7914943479554495E-07
vn -0.70708388090133667 0.70712965726852417 0
vn -0.70708388090133667 0.70712965726852417 0
vn -0.70711821317672729 0.70709532499313354 8.2569192727532936E-07
vn -0.70710426568984985 0.70710933208465576 0
vn -0.70712459087371826 0.70708900690078735 0
vn -0.70710808038711548 0.70710551738739014 1.5044357496662997E-05
vn -0.70711874961853027 0.70709478855133057 0
vn -0.70711439847946167 0.70709913969039917 0
vn -0.70709115266799927 0.70712244510650635 4.9401287469663657E-06
vn -0.70709961652755737 0.70711398124694824 8.3924960563308559E-06
vn -0.70709788799285889 0.70711565017700195 -1.8100145098287612E-06
vn -0.70712709426879883 0.70708644390106201 2.5177487259497866E-05
vn -0.70709025859832764 0.7071232795715332 -7.2147263381339144E-06
vn -0.70709747076034546 0.70711606740951538 1.6778380086179823E-05
vn -0.70710426568984985 0.70710933208465576 0
vn -0.70709079504013062 0.707122802734375 -2.957665174108115E-06
vn -0.70711952447891235 0.70709407329559326 1.5398642062791623E-05
vn -0.70709913969039917 0.70711439847946167 2.9076198188704439E-05
vn 0.70712375640869141 0.70708984136581421 1.10475708581248E-08
vn 0.70712089538574219 0.70709264278411865 -3.5872383250534767E-06
vn 0.70712375640869141 0.70708984136581421 1.10475708581248E-08
vn 0.70712375640869141 0.70708984136581421 -7.1818417382019106E-06
vn 0.70712184906005859 0.70709174871444702 -4.7854396143520717E-06
vn 0.70712000131607056 0.70709359645843506 -2.3890372631285572E-06
vn 0.70712000131607056 0.70709359645843506 -4.7866669774521142E-06
vn 0.70712375640869141 0.70708984136581421 -4.7842117965046782E-06
vn 0.70669251680374146 0.70752084255218506 -2.6963445520777896E-07
vn 0.70670956373214722 0.7075037956237793 -7.4556455729180016E-06
vn 0.70673131942749023 0.70748203992843628 0
vn 0.70672094821929932 0.7074924111366272 -9.8078417067881674E-06
vn 0.70671826601028442 0.70749509334564209 -6.3217953538696747E-08
vn 0.70671820640563965 0.70749515295028687 0
vn 0.70671319961547852 0.707500159740448 -1.3082723853585776E-05
vn 0.70671606063842773 0.707497239112854 -1.9745332338061417E-06
vn 0.70670884847640991 0.70750445127487183 -1.3167001270630863E-05
vn 0.70671534538269043 0.70749801397323608 -2.5484332581982017E-06
vn 0 0 -1
vn 0 0 -1
vn 0 0 -1
vn 0 0 -1
vn 0 0 -1
vn 0 0 -1
vn 0 0 -1
vn 0 0 -1
vn 0 0 -1
vn 0 0 -1
vn 0 0 -1
vn 0 0 -1
vn 0 0 -1
vn 0 0 -1
vn 0 0 -1
vn 0 0 -1
vn 0 0 -1
vn 0 0 -1
vn 0 0 -1
vn 0 0 -1
vn 0 0 -1
vn 0 0 -1
vn 0 0 -1
vn 0 0 -1
vn 0 0 -1
vn 0 0 -1
vn 0 0 -1
vn 0 0 -1
vn 0 0 -1
vn 0 0 -1
vn 0 0 -1
vn 0 0 -1
vn 0 0 -1
vn 0 0 -1
vn 0 0 -1
vn 0 0 -1
vn 0 0 -1
vn 0 0 -1
vn 0 0 -1
vn 0 0 -1
vn -0.70713108777999878 0.70708245038986206 7.0837282692082226E-05
vn -0.70721614360809326 0.70699739456176758 0
vn -0.70715206861495972 0.7070615291595459 0
vn -0.70725387334823608 0.70695960521697998 0
vn -0.70715200901031494 0.7070615291595459 0
vn -0.70721614360809326 0.70699739456176758 0
vn -0.7072598934173584 0.70695364475250244 0.00018658142653293908
vn -0.70711976289749146 0.70709377527236938 0
vn -0.70734816789627075 0.70686531066894531 -9.5876794148352928E-06
vn -0.70715200901031494 0.7070615291595459 0
vn -0.70708417892456055 0.70712941884994507 0
vn -0.70716828107833862 0.70704531669616699 -1.8496904885978438E-05
vn -0.7073783278465271 0.70683515071868896 0
vn -0.70707285404205322 0.70714074373245239 -2.877071347029414E-05
vn -0.70715206861495972 0.70706146955490112 0
vn -0.7073255181312561 0.70688796043395996 -4.7938397074176464E-06
vn -0.70732426643371582 0.70688921213150024 5.6893728469731286E-05
vn -0.70718681812286377 0.70702672004699707 6.7170032707508653E-05
vn -0.70734214782714844 0.70687133073806763 7.223791180877015E-05
vn -0.70733672380447388 0.70687675476074219 -0.0001110611337935552
vn -0.70706158876419067 0.70715200901031494 0
vn -0.70734816789627075 0.70686531066894531 9.5876794148352928E-06
vn -0.70715206861495972 0.7070615291595459 0
vn -0.70708411931991577 0.70712941884994507 0
vn -0.70723998546600342 0.70697355270385742 -5.4167408961802721E-05
vn -0.7073783278465271 0.70683515071868896 0
vn -0.70719355344772339 0.70701998472213745 2.1579722670139745E-05
vn -0.70708411931991577 0.70712941884994507 0
vn -0.70715206861495972 0.70706146955490112 0
vn -0.70733779668807983 0.70687568187713623 -4.2670297261793166E-05
vn -0.70734065771102905 0.70687288045883179 4.7938397074176464E-06
vn -0.70712494850158691 0.7070886492729187 0
vn -0.70733928680419922 0.70687419176101685 -5.5530570534756407E-05
vn -0.42432934045791626 0.42423608899116516 0.79998022317886353
vn -0.42449912428855896 0.42407453060150146 0.79997581243515015
vn -0.42427393794059753 0.4242580235004425 0.79999798536300659
vn -0.42423462867736816 0.42427533864974976 0.80000960826873779
vn -0.42423462867736816 0.42427533864974976 0.80000960826873779
vn -0.42409738898277283 0.42425045371055603 0.80009555816650391
vn -0.42422637343406677 0.42425575852394104 0.80002439022064209
vn -0.4243054986000061 0.42415609955787659 0.80003523826599121
vn -0.42421835660934448 0.4242081344127655 0.80005389451980591
vn -0.42420467734336853 0.42416119575500488 0.80008602142333984
vn -0.42444080114364624 0.42416888475418091 0.79995673894882202
vn -0.42417880892753601 0.42434728145599365 0.80000108480453491
vn -0.42430862784385681 0.42427510023117065 0.79997050762176514
vn -0.42425727844238281 0.42430248856544495 0.79998326301574707
vn 0.42427933216094971 -0.42426577210426331 0.79999101161956787
vn 0.42426976561546326 -0.42431050539016724 0.79997235536575317
vn 0.42428255081176758 -0.42425084114074707 0.79999721050262451
vn 0.4242522120475769 -0.4242929220199585 0.79999101161956787
vn 0.42427057027816772 -0.42425698041915894 0.80000030994415283
vn 0.4242766797542572 -0.42424502968788147 0.80000340938568115
vn 0.70702195167541504 -0.7071915864944458 3.2367570383939892E-05
vn 0.70712375640869141 -0.70708978176116943 3.2367570383939892E-05
vn 0.70710676908493042 -0.70710676908493042 -4.3161599023733288E-05
vn 0.70703393220901489 -0.70717966556549072 -6.5256157540716231E-05
vn 0.70699286460876465 -0.70722067356109619 0
vn 0.70700424909591675 -0.70720922946929932 -0.00019995687762275338
vn 0.7071068286895752 -0.70710670948028564 8.6303858552128077E-05
vn 0.70712381601333618 -0.70708972215652466 -1.0791608474391978E-05
vn 0.70721536874771118 -0.70699816942214966 0
vn 0.7073783278465271 -0.70683515071868896 0
vn 0.707072913646698 -0.70714068412780762 2.1571133402176201E-05
vn 0.70722562074661255 -0.70698791742324829 -0.00012948477524332702
vn 0.70697122812271118 -0.70724231004714966 0
vn 0.70728200674057007 -0.70693153142929077 -9.7363721579313278E-05
vn 0.7070389986038208 -0.70717453956604004 4.3151932914042845E-05
vn 0.70695251226425171 -0.70726096630096436 -0.00018566234211903065
vn 0.70688974857330322 -0.70732367038726807 -0.00019829717348329723
vn -0.70714491605758667 -0.70706862211227417 0
vn -0.70711439847946167 -0.70709913969039917 0
vn -0.70712202787399292 -0.70709151029586792 -2.1581281544058584E-05
vn -0.70708388090133667 -0.70712965726852417 0
vn -0.70708388090133667 -0.70712965726852417 0
vn -0.70711177587509155 -0.70710176229476929 -4.9327368287777063E-06
vn -0.70708388090133667 -0.70712965726852417 0
vn -0.70714491605758667 -0.70706862211227417 0
vn -0.70715105533599854 -0.7070624828338623 -1.7264577763853595E-05
vn -0.70710831880569458 -0.70710521936416626 -1.1509718206070829E-05
vn -0.70708388090133667 -0.70712965726852417 0
vn -0.70711439847946167 -0.70709913969039917 -2.8775042665074579E-05
vn -0.70715510845184326 -0.70705848932266235 -2.8775042665074579E-05
vn -0.70710426568984985 -0.70710933208465576 0
vn -0.70708388090133667 -0.70712965726852417 0
vn -0.70711439847946167 -0.70709913969039917 0
vn 0.70671337842941284 0.70749998092651367 0
vn 0.70691603422164917 0.70729750394821167 0
vn 0.70662301778793335 0.70759022235870361 0.00018770576571114361
vn 0.70666366815567017 0.70754945278167725 -0.00054541195277124643
vn 0.70708388090133667 0.70712965726852417 1.9870035430358257E-06
vn 0.70704317092895508 0.70717030763626099 -0.00034526691888459027
vn 0.70711451768875122 0.70709902048110962 9.4459228421328589E-06
vn 0.70706987380981445 0.70714366436004639 -0.00015500871813856065
vn 0.70712995529174805 0.70708358287811279 2.1131054381839931E-05
vn 0.70701140165328979 0.70720213651657104 -0.00018881262803915888
vn 0.70634907484054565 0.70786362886428833 -0.00021363080304581672
vn 0.70634454488754272 0.70786815881729126 0.0001870461564976722
vn 0.70693373680114746 0.70727956295013428 -0.00054019532399252057
vn 0.70691770315170288 0.70729529857635498 -0.00085435673827305436
vn 0.70663535594940186 0.70757758617401123 -0.00063280639005824924
vn 0.70697778463363647 0.70723569393157959 0.00020000783842988312
vn 0.7065005898475647 0.70771229267120361 0.00043632418964989483
vn 0.70714491605758667 0.70706862211227417 0
vn -0.70717543363571167 -0.70703810453414917 0
vn -0.70708388090133667 -0.70712965726852417 0
vn -0.70708388090133667 -0.70712965726852417 0
vn -0.70708388090133667 -0.70712965726852417 0
vn -0.70710676908493042 -0.70710676908493042 0
vn -0.70712965726852417 -0.70708388090133667 0
vn -0.70708388090133667 -0.70712965726852417 0
vn -0.70708388090133667 -0.70712965726852417 0
vn -0.70708388090133667 -0.70712965726852417 0
vn -0.70708388090133667 -0.70712965726852417 0
vn -0.70708388090133667 -0.70712965726852417 0
vn 0.7071150541305542 0.70709854364395142 0
vn 0.7071150541305542 0.70709854364395142 0
vn 0.7071150541305542 0.70709854364395142 0
vn 0.7071150541305542 0.70709854364395142 0
vn 0.70711499452590942 0.70709854364395142 0
vn 0.70711499452590942 0.70709854364395142 0
vn 0.70711499452590942 0.70709854364395142 0
vn -0.70713728666305542 -0.70707625150680542 1.4386907423613593E-05
vn -0.70713478326797485 -0.70707881450653076 -7.1932950049813371E-06
vn -0.70714491605758667 -0.70706862211227417 0
vn -0.70710569620132446 -0.70710784196853638 4.1105454329226632E-06
vn -0.70710676908493042 -0.70710676908493042 -3.5966475024906686E-06
vn -0.70710217952728271 -0.70711135864257812 -4.315978912927676E-06
vn -0.70710349082946777 -0.70711004734039307 3.0828409762762021E-06
vn -0.70714491605758667 -0.70706862211227417 0
vn -0.70714491605758667 -0.70706862211227417 0
vn -0.70712965726852417 -0.70708388090133667 0
vn -0.70711439847946167 -0.70709913969039917 1.4386907423613593E-05
vn -0.70708388090133667 -0.70712965726852417 0
vn -0.70711952447891235 -0.70709407329559326 -7.1932986429601442E-06
vn -0.70713347196578979 -0.70708006620407104 -5.3949738685332704E-06
vn -0.70713478326797485 -0.70707881450653076 7.1932950049813371E-06
vn -0.70711952447891235 -0.70709407329559326 7.1932950049813371E-06
vn -0.70708388090133667 -0.70712965726852417 0
vn -0.70711952447891235 -0.70709407329559326 -7.1932950049813371E-06
vn 0.70671337842941284 0.70749998092651367 0
vn 0.70671337842941284 0.70749998092651367 0
vn 0.70662832260131836 0.7075849175453186 0
vn 0.70662832260131836 0.7075849175453186 0
vn 0.70667088031768799 0.70754241943359375 -1.4376967556017917E-05
vn 0.70667558908462524 0.70753771066665649 1.9169297956977971E-05
vn 0.70664960145950317 0.70756363868713379 1.4376973922480829E-05
vn 0.70664721727371216 0.70756608247756958 -1.9169288862030953E-05
vn 0.70666611194610596 0.70754718780517578 1.9169297956977971E-05
vn 0.70666611194610596 0.70754718780517578 -1.9169288862030953E-05
vn 0 0 -1
vn 0 0 -1
vn 0 0 -1
vn 0 0 -1
vn 0 0 -1
vn 0 0 -1
vn 0 0 -1
vn 0 0 -1
vn 0 0 -1
vn 0 0 -1
vn 0 0 -1
vn 0 0 -1
vn 0 0 -1
vn 0 0 -1
vn 0 0 -1
vn 0 0 -1
vn 0 0 -1
vn 0.70714491605758667 -0.70706862211227417 0
vn 0.70713728666305542 -0.70707625150680542 -1.4386900147655979E-05
vn 0.70710152387619019 -0.70711207389831543 4.0590944081486668E-06
vn 0.70710742473602295 -0.70710617303848267 -5.6948024393932428E-06
vn 0.70710617303848267 -0.70710742473602295 -3.2970167467283318E-06
vn 0.70710074901580811 -0.70711284875869751 -6.8934068622183986E-06
vn 0.70713728666305542 -0.70707625150680542 -1.4386900147655979E-05
vn 0.70712012052536011 -0.70709341764450073 -1.7982712961384095E-05
vn 0.70712965726852417 -0.70708388090133667 0
vn 0.70713573694229126 -0.70707780122756958 7.6728811109205708E-06
vn 0.70712047815322876 -0.70709306001663208 7.6728811109205708E-06
vn 0.70707947015762329 -0.70713412761688232 2.9972338779771235E-06
vn 0.70711058378219604 -0.70710295438766479 -1.258855718333507E-05
vn 0.70709091424942017 -0.70712268352508545 -1.3786813724436797E-05
vn 0.70711439847946167 -0.70709913969039917 -1.4386900147655979E-05
vn 0.70712965726852417 -0.70708388090133667 0
vn 0.70710676908493042 -0.70710676908493042 0
vn 0.70712202787399292 -0.70709151029586792 -8.6317722889361903E-06
vn 0.70713347196578979 -0.70708006620407104 -5.3949711400491651E-06
vn 0.70714491605758667 -0.70706862211227417 0
vn 0.70710569620132446 -0.70710784196853638 -1.1919944881810807E-05
vn 0.70709991455078125 -0.70711362361907959 -5.394979780248832E-06
vn 0.70710724592208862 -0.70710629224777222 8.0923618952510878E-06
vn 0.70710211992263794 -0.7071114182472229 2.826014451784431E-06
vn 0.70712059736251831 -0.70709294080734253 1.7083610146073624E-05
vn 0.70713728666305542 -0.70707625150680542 1.4386900147655979E-05
vn 0.70711058378219604 -0.70710295438766479 1.258855718333507E-05
vn 0.70707947015762329 -0.70713412761688232 -2.9972338779771235E-06
vn 0.70711952447891235 -0.70709407329559326 -7.1932950049813371E-06
vn 0.70711761713027954 -0.70709598064422607 -2.0620313080144115E-05
vn 0.70710361003875732 -0.70710998773574829 -7.1928911893337499E-06
vn 0.70711392164230347 -0.70709961652755737 3.5066419513896108E-05
vn 0.70712965726852417 -0.70708388090133667 0
vn 0.70714491605758667 -0.70706862211227417 0
vn 0.70714491605758667 -0.70706862211227417 0
vn 0.70712822675704956 -0.70708531141281128 -2.3602366127306595E-05
vn 0.70711058378219604 -0.70710295438766479 0
vn 0.70711058378219604 -0.70710295438766479 0
vn 0.70711076259613037 -0.70710277557373047 -1.2893467101093847E-05
vn 0.7070813775062561 -0.70713222026824951 0
vn 0.70708006620407104 -0.70713347196578979 0
vn 0.70708549022674561 -0.70712810754776001 1.9781462015089346E-06
vn 0.70711439847946167 -0.70709913969039917 0
vn 0.70711439847946167 -0.70709913969039917 0
vn 0.70711469650268555 -0.70709890127182007 1.6878224414540455E-05
vn 0.70714491605758667 -0.70706862211227417 0
vn 0.70714491605758667 -0.70706862211227417 0
vn 0.70710676908493042 -0.70710676908493042 0
vn 0.70714491605758667 -0.70706862211227417 0
vn 0.70713222026824951 -0.7070813775062561 1.4386590009962674E-05
vn 0.70712268352508545 -0.70709091424942017 3.1470270187128335E-05
vn 0.70710551738739014 -0.70710808038711548 2.6794174118549563E-05
vn 0.70710140466690063 -0.70711219310760498 -1.9690871340571903E-05
vn 0.70711624622344971 -0.70709717273712158 0.00047474185703322291
vn 0.70724505186080933 -0.70696848630905151 0.00022794725373387337
vn 0.70734959840774536 -0.70686358213424683 0.00065408856607973576
vn 0.70723462104797363 -0.70697891712188721 6.7081018642056733E-05
vn 0.7071196436882019 -0.70709359645843506 0.00069898529909551144
vn 0.70710963010787964 -0.7071039080619812 -3.0571607112506172E-06
vn 0.70680809020996094 -0.70740503072738647 0.00062812119722366333
vn 0.70698332786560059 -0.70723021030426025 6.8408728111535311E-05
vn 0.7067679762840271 -0.70744478702545166 0.00094566238112747669
vn 0.70693492889404297 -0.7072785496711731 0.00021062164159957319
vn 0.7072940468788147 -0.70691865682601929 0.0010627338197082281
vn 0.70710480213165283 -0.70710736513137817 0.0014078606618568301
vn 0.70712357759475708 -0.70708858966827393 0.0014066920848563313
vn 0.70762622356414795 -0.70658689737319946 0.00032609471236355603
vn 0.70752078294754028 -0.7066921591758728 0.00073874660301953554
vn 0.70642608404159546 -0.70778661966323853 0.00046755568473599851
vn 0.70659375190734863 -0.70761942863464355 0.00031170385773293674
vn 0.70712429285049438 -0.70708930492401123 -1.4836249647487421E-05
vn 0.70710551738739014 -0.70710808038711548 -1.6004561985027976E-05
vn 0.70707815885543823 -0.70713537931442261 -5.124769450048916E-05
vn 0.70712971687316895 -0.70708382129669189 0
vn 0.70712971687316895 -0.70708388090133667 0
vn 0.70711630582809448 -0.70709723234176636 0
vn 0.70711064338684082 -0.70710295438766479 0
vn 0.70711064338684082 -0.70710295438766479 0
vn 0.70711177587509155 -0.70710182189941406 -6.3754259826964699E-06
vn 0.70708644390106201 -0.7071271538734436 0
vn 0.70708769559860229 -0.70712584257125854 0
vn 0.70709151029586792 -0.70712202787399292 6.1260893744474743E-06
vn 0.70711821317672729 -0.70709538459777832 0
vn 0.70711821317672729 -0.70709538459777832 0
vn 0.70711791515350342 -0.70709562301635742 1.071631777449511E-05
vn 0.70715254545211792 -0.7070610523223877 0
vn 0.70715254545211792 -0.7070610523223877 0
vn 0.7071344256401062 -0.70707917213439941 2.5620864107622765E-05
vn 0.70712637901306152 -0.70708715915679932 -3.7902350413787644E-06
vn 0.70710235834121704 -0.70711123943328857 2.8601270969375037E-05
vn 0.70710486173629761 -0.70710867643356323 -1.9755329958570655E-06
vn 0.70712083578109741 -0.7070927619934082 -1.1357192306604702E-05
vn 0.70715254545211792 -0.7070610523223877 0
vn 0.70707523822784424 -0.70713835954666138 0
vn 0.70709621906280518 -0.70711731910705566 0
vn 0.70709627866744995 -0.70711731910705566 2.1579508029390126E-05
vn 0.70711731910705566 -0.70709627866744995 1.4386338079930283E-05
vn 0.70715939998626709 -0.70705413818359375 0
vn 0.70713835954666138 -0.70707523822784424 0
vn 0.70713835954666138 -0.70707523822784424 2.1579508029390126E-05
vn 0.70715939998626709 -0.70705413818359375 0
vn 0.70707523822784424 -0.70713835954666138 0
vn 0.70711731910705566 -0.70709627866744995 0
vn 0.70708882808685303 -0.70712471008300781 0
vn 0.70708882808685303 -0.70712476968765259 0
vn 0.70708882808685303 -0.70712471008300781 0
vn 0.70708882808685303 -0.70712471008300781 0
vn 0.70708882808685303 -0.70712471008300781 0
vn 0.70708882808685303 -0.70712476968765259 0
vn 0.70708882808685303 -0.70712471008300781 0
vn 0.70708882808685303 -0.70712471008300781 0
vn 0.70708882808685303 -0.70712476968765259 0
vn 0.70708882808685303 -0.70712476968765259 0
vn 0.7070888876914978 -0.70712471008300781 0
vn 0.70714491605758667 -0.70706862211227417 0
vn 0.70714491605758667 -0.70706862211227417 0
vn 0.70714491605758667 -0.70706862211227417 0
vn 0.70714491605758667 -0.70706862211227417 0
vn 0.70711439847946167 -0.70709913969039917 0
vn 0.70711439847946167 -0.70709913969039917 0
vn 0.70710831880569458 -0.70710527896881104 0
vn 0.70712459087371826 -0.70708900690078735 0
vn 0.70711439847946167 -0.70709913969039917 0
vn 0.70710831880569458 -0.70710527896881104 0
vn 0.70711439847946167 -0.70709913969039917 0
vn 0.70711439847946167 -0.70709913969039917 0
vn 0.70711439847946167 -0.70709913969039917 0
vn 0.70711874961853027 -0.70709478855133057 0
vn 0.70710426568984985 -0.70710933208465576 0
vn 0.70708388090133667 -0.70712965726852417 0
vn 0.70708388090133667 -0.70712965726852417 0
vn 0.70708388090133667 -0.70712965726852417 0
vn 0.70708388090133667 -0.70712965726852417 0
vn 0.70712459087371826 -0.70708900690078735 0
vn 0.70714491605758667 -0.70706862211227417 0
vn 0.70712393522262573 -0.70708960294723511 -1.4835829460935201E-05
vn 0.707633376121521 -0.70657974481582642 0
vn 0.70710921287536621 -0.70710432529449463 -1.2248285202076659E-05
vn 0.70720511674880981 -0.70700818300247192 0.00058941671159118414
vn 0.7071186900138855 -0.70709484815597534 -1.0886074960581027E-05
vn 0.70711332559585571 -0.70709997415542603 0.00055351090850308537
vn 0.70710855722427368 -0.70710504055023193 -1.3647503692482132E-05
vn 0.70719969272613525 -0.70701295137405396 0.00111221126280725
vn 0.70711743831634521 -0.7070961594581604 -3.148228188365465E-06
vn 0.70706468820571899 -0.70714759826660156 0.0013286692555993795
vn 0.70711153745651245 -0.70710200071334839 4.8047036216303241E-06
vn 0.70703893899917603 -0.70717346668243408 0.0012546686921268702
vn 0.7072785496711731 -0.70693498849868774 0.00018497732526157051
vn 0.70724189281463623 -0.70697128772735596 0.00068317790282890201
vn 0.70725250244140625 -0.70696097612380981 0.00031110460986383259
vn 0.70728510618209839 -0.7069275975227356 0.0011032788315787911
vn 0.70724344253540039 -0.70697003602981567 0.00018376194930169731
vn 0.70740717649459839 -0.70680606365203857 0.00051812140736728907
vn 0.70754086971282959 -0.70667237043380737 0.00030709238490089774
vn 0.7069360613822937 -0.70727479457855225 0.0019410239765420556
vn 0.70684289932250977 -0.7073671817779541 0.0021902332082390785
vn 0.70693433284759521 -0.70727497339248657 0.0024379587266594172
vn 0.70718365907669067 -0.70702499151229858 0.002632644260302186
vn 0.70710492134094238 -0.70710867643356323 -1.4394756362889893E-05
vn 0.70710873603820801 -0.70710486173629761 -2.2616379737883108E-06
vn 0.70709705352783203 -0.70711654424667358 2.6776957383845001E-05
vn 0.70711410045623779 -0.70709949731826782 -2.7680207494995557E-05
vn 0.70711410045623779 -0.70709949731826782 -1.8881573851103894E-05
vn 0.70711410045623779 -0.70709949731826782 -3.0634826543973759E-05
vn 0.70735740661621094 -0.70685446262359619 0.0015078589785844088
vn 0.70743966102600098 -0.70677351951599121 0.00052110216347500682
vn 0.70712965726852417 0.70708388090133667 0
vn 0.70712673664093018 0.70708686113357544 5.581094683293486E-06
vn 0.70710349082946777 0.70711004734039307 0
vn 0.70710963010787964 0.70710396766662598 6.0585716710193083E-07
vn 0.70711362361907959 0.70709997415542603 2.562472445788444E-06
vn 0.70710527896881104 0.70710831880569458 -7.6933829404879361E-06
vn 0.70714110136032104 0.70707249641418457 -2.2337617977541413E-08
vn 0.7071223258972168 0.70709127187728882 -1.3921828212914988E-05
vn 0.70712965726852417 0.70708388090133667 0
vn 0.70712965726852417 0.70708388090133667 0
vn 0.70713752508163452 0.70707601308822632 -2.0755635432578856E-06
vn 0.70713472366333008 0.70707887411117554 2.3855991457821801E-06
vn 0.70711439847946167 0.70709913969039917 0
vn 0.70709151029586792 0.70712202787399292 7.1930621743376832E-06
vn 0.70712804794311523 0.70708554983139038 5.123703431308968E-06
vn 0.70710062980651855 0.70711296796798706 -1.418203828507103E-05
vn 0.7071152925491333 0.70709830522537231 1.0975891200359911E-05
vn -0.70797401666641235 0.70623832941055298 -0.00047472404548898339
vn -0.70725721120834351 0.70695632696151733 0.00023243193572852761
vn -0.70757228136062622 0.70664101839065552 -0.0001186810404760763
vn -0.70767468214035034 0.70653837919235229 -7.6725911640096456E-05
vn -0.70784074068069458 0.70637208223342896 -8.6336433014366776E-05
vn -0.707938551902771 0.70627403259277344 7.6725853432435542E-05
vn -0.70780819654464722 0.70640468597412109 9.5947463705670089E-05
vn -0.70763766765594482 0.70657551288604736 7.7922792115714401E-05
vn -0.70748162269592285 0.70673173666000366 7.6725948019884527E-05
vn -0.70736300945281982 0.70685046911239624 7.6725977123714983E-05
vn -0.70723634958267212 0.70697718858718872 9.7969466878566891E-05
vn -0.7070956826210022 0.70711791515350342 0
vn -0.70708674192428589 0.70712679624557495 0
vn -0.70708674192428589 0.70712679624557495 0
vn -0.70708674192428589 0.70712679624557495 0
vn -0.70708674192428589 0.70712679624557495 0
vn -0.70708674192428589 0.70712679624557495 0
vn -0.70708674192428589 0.70712679624557495 0
vn -0.70708674192428589 0.70712679624557495 0
vn -0.70708256959915161 0.70713096857070923 2.2317484763334505E-05
vn -0.70711344480514526 0.70710009336471558 0
vn -0.70711344480514526 0.70710009336471558 0
vn -0.70711344480514526 0.70710009336471558 0
vn -0.70711344480514526 0.70710009336471558 0
vn -0.70711344480514526 0.70710009336471558 0
vn -0.70711344480514526 0.70710009336471558 0
vn -0.70711344480514526 0.70710009336471558 0
vn -0.70711344480514526 0.70710009336471558 0
vn -0.70711004734039307 0.70710355043411255 1.3457133718475234E-05
vn -0.70711344480514526 0.70710009336471558 0
vn -0.70711344480514526 0.70710009336471558 0
vn -0.70711344480514526 0.70710009336471558 0
vn -0.70711344480514526 0.70710009336471558 0
vn -0.70711344480514526 0.70710009336471558 0
vn -0.70711344480514526 0.70710009336471558 0
vn -0.70711344480514526 0.70710009336471558 0
vn -0.70711344480514526 0.70710009336471558 0
vn -0.7071186900138855 0.70709484815597534 1.435422836948419E-05
vn -0.70711344480514526 0.70710009336471558 0
vn -0.70711344480514526 0.70710009336471558 0
vn -0.70711344480514526 0.70710009336471558 0
vn -0.70711344480514526 0.70710009336471558 0
vn -0.70711344480514526 0.70710009336471558 0
vn -0.70711344480514526 0.70710009336471558 0
vn -0.70711344480514526 0.70710009336471558 0
vn -0.70711344480514526 0.70710009336471558 0
vn -0.70710855722427368 0.70710504055023193 1.3005333130422514E-05
vn -0.70711344480514526 0.70710009336471558 0
vn -0.70711344480514526 0.70710009336471558 0
vn -0.70711344480514526 0.70710009336471558 0
vn -0.70711344480514526 0.70710009336471558 0
vn -0.70711344480514526 0.70710009336471558 0
vn -0.70711344480514526 0.70710009336471558 0
vn -0.70711344480514526 0.70710009336471558 0
vn -0.70711344480514526 0.70710009336471558 0
vn -0.70711261034011841 0.70710092782974243 -1.1395283763704356E-05
vn -0.70711344480514526 0.70710009336471558 0
vn -0.70711344480514526 0.70710009336471558 0
vn -0.70712918043136597 0.70708435773849487 -2.5433901100768708E-05
vn -0.70711344480514526 0.70710009336471558 0
vn -0.70711344480514526 0.70710009336471558 0
vn -0.70711344480514526 0.70710009336471558 0
vn -0.70711344480514526 0.70710009336471558 0
vn -0.70711344480514526 0.70710009336471558 0
vn -0.70754647254943848 0.70666670799255371 0.0003093005798291415
vn -0.70780807733535767 0.70640474557876587 0.00030690379207953811
vn -0.70807033777236938 0.70614182949066162 0.00030929740751162171
vn -0.70708674192428589 0.70712685585021973 2.5951865609386005E-05
vn -0.70711714029312134 0.70709645748138428 1.940132278832607E-05
vn -0.70709824562072754 0.70711535215377808 4.3634092435240746E-05
vn -0.70711058378219604 0.70710295438766479 -4.3929547246079892E-05
vn -0.70709121227264404 0.70712238550186157 -2.9538371109083528E-06
vn -0.70711410045623779 0.70709949731826782 3.3589429222047329E-05
vn -0.70841842889785767 0.70579260587692261 0.00034774039522744715
vn -0.70871531963348389 0.7054944634437561 0.00034534643054939806
vn -0.70878046751022339 0.70542913675308228 -1.9221170077798888E-05
vn -0.70841324329376221 0.70579785108566284 -0.00032612454378977418
vn -0.7081444263458252 0.70606756210327148 -0.00031169314752332866
vn -0.7071157693862915 0.70709782838821411 0
vn -0.70712196826934814 0.70709162950515747 -6.0643478718702681E-06
vn -0.70710676908493042 0.70710676908493042 0
vn -0.7071039080619812 0.70710968971252441 5.0095773076463956E-06
vn -0.70710408687591553 0.70710945129394531 -1.3493758160620928E-05
vn -0.70710712671279907 0.70710641145706177 -6.5853259911818895E-06
vn -0.70709747076034546 0.70711612701416016 -1.2052224747094442E-06
vn -0.70711910724639893 0.70709443092346191 -1.2574801075970754E-05
vn -0.70711243152618408 0.70710116624832153 1.8056432509183651E-06
vn -0.7071232795715332 0.70709031820297241 4.4959483602724504E-06
vn -0.70711648464202881 0.70709711313247681 1.1689014172588941E-05
vn -0.70709925889968872 0.70711427927017212 -1.1989128552158945E-06
vn -0.70712590217590332 0.70708769559860229 -7.1680096880299971E-06
vn -0.70712095499038696 0.70709258317947388 -7.1802191996539477E-06
vn -0.70709782838821411 0.7071157693862915 -1.0807269063661806E-05
vn -0.70711350440979004 0.70710009336471558 -1.8875389287131839E-05
vn -0.70624828338623047 -0.70796364545822144 0.00092071149265393615
vn -0.70746695995330811 -0.70674288272857666 0.0022497323807328939
vn -0.70727580785751343 -0.70693761110305786 -0.00043838971760123968
vn -0.70730316638946533 -0.70690745115280151 0.0020289570093154907
vn -0.7069699764251709 -0.70724248886108398 -0.0012222689110785723
vn -0.70702368021011353 -0.70718640089035034 0.0022176667116582394
vn -0.70507341623306274 -0.70913368463516235 -0.00095259526278823614
vn -0.70567458868026733 -0.70853394269943237 0.0017439479706808925
vn -0.70482516288757324 -0.70937919616699219 -0.00163272675126791
vn -0.70477497577667236 -0.70942521095275879 0.0028516657184809446
vn -0.70339184999465942 -0.71080219745635986 0.00042600481538102031
vn -0.70321887731552124 -0.71097338199615479 0.00030313432216644287
vn -0.70807331800460815 -0.70613861083984375 0.00062099145725369453
vn -0.70714050531387329 -0.70707303285598755 0.00033239412005059421
vn -0.7066417932510376 -0.70757138729095459 -0.00037672833423130214
vn -0.70654940605163574 -0.70766127109527588 -0.0018665881361812353
vn -0.70652961730957031 -0.70767706632614136 -0.0030073749367147684
vn -0.70669776201248169 -0.70749908685684204 0.0048252982087433338
vn -0.70672917366027832 -0.70747262239456177 0.0040399711579084396
vn -0.70652532577514648 -0.70767873525619507 0.0035729189403355122
vn -0.70709151029586792 -0.70712202787399292 0
vn -0.70709151029586792 -0.70712202787399292 0
vn -0.70624858140945435 -0.70796394348144531 0
vn -0.70711821317672729 -0.70709538459777832 0
vn -0.70711821317672729 -0.70709532499313354 0
vn -0.70694416761398315 -0.70726889371871948 0.00081979919923469424
vn -0.70710927248001099 -0.70710426568984985 0
vn -0.70711821317672729 -0.70709538459777832 0
vn -0.70697885751724243 -0.70723360776901245 0.0012222682125866413
vn -0.70507842302322388 -0.70912933349609375 7.190996257122606E-05
vn -0.7055281400680542 -0.70868188142776489 3.5954450140707195E-05
vn -0.70587462186813354 -0.70833587646484375 0.0011305495863780379
vn -0.70412713289260864 -0.71007388830184937 0.00021572945115622133
vn -0.70503449440002441 -0.70917040109634399 0.0019285812741145492
vn -0.70403784513473511 -0.71016240119934082 0.00014381854271050543
vn -0.70389747619628906 -0.71030157804489136 0.00014381633081939071
vn -0.70688086748123169 -0.70733261108398438 0.00023845006944611669
vn -0.70652961730957031 -0.70767706632614136 0.0030073733069002628
vn -0.70654940605163574 -0.70766127109527588 0.0018665872048586607
vn -0.70652949810028076 -0.707683265209198 0.00071536051109433174
vn -0.70650553703308105 -0.70770752429962158 -0.00022959096531849355
vn -0.70715862512588501 -0.70705491304397583 -0.00010569098958512768
vn -0.70718216896057129 -0.70703125 -0.00043580349301919341
vn -0.70716381072998047 -0.70704972743988037 -4.6469696826534346E-05
vn -0.70700746774673462 -0.70720529556274414 -0.0010515217436477542
vn -0.70711982250213623 -0.70709377527236938 -8.4518942458089441E-06
vn -0.70743680000305176 -0.70677584409713745 -0.0010149347363039851
vn -0.70711398124694824 -0.7070995569229126 -1.0134499461855739E-05
vn -0.7079358696937561 -0.70627588033676147 -0.0011197598651051521
vn -0.70714491605758667 -0.70706862211227417 0
vn -0.70714491605758667 -0.70706862211227417 0
vn -0.70712822675704956 -0.70708531141281128 -2.3602366127306595E-05
vn -0.70725357532501221 -0.70695996284484863 -9.3590715550817549E-05
vn -0.70696824789047241 -0.70724505186080933 -0.00053245271556079388
vn -0.7068132758140564 -0.70739912986755371 -0.001239021890796721
vn -0.70743721723556519 -0.70677202939987183 -0.0024338650982826948
vn -0.7071039080619812 -0.70710963010787964 -2.5445404389756732E-05
vn -0.70712584257125854 -0.70708769559860229 -2.4276976546389051E-05
vn -0.70711630582809448 -0.70709723234176636 -4.5856315409764647E-05
vn -0.70653432607650757 -0.70767819881439209 0.00093510898295789957
vn -0.70686918497085571 -0.70734411478042603 0.00048011791659519076
vn -0.70662581920623779 -0.70758694410324097 0.00081402831710875034
vn -0.70688831806182861 -0.70732510089874268 0.00016003930068109185
vn -0.70691841840744019 -0.70729494094848633 0.00049459323054179549
vn -0.70707440376281738 -0.70713919401168823 -4.4177610106999055E-05
vn -0.70649170875549316 -0.7077212929725647 -0.00022957750479690731
vn -0.70706290006637573 -0.70715063810348511 -0.00012584784417413175
vn -0.70634520053863525 -0.70786726474761963 0.00063537457026541233
vn -0.70626616477966309 -0.70794552564620972 0.0011135092936456203
vn -0.7064092755317688 -0.70780223608016968 0.0013906062813475728
vn -0.7067139744758606 -0.70749813318252563 0.0013352793175727129
vn -0.70662295818328857 -0.70759016275405884 0.00043739404645748436
vn -0.70676732063293457 -0.70744603872299194 0.00016138172941282392
vn -0.70700258016586304 -0.7072109580039978 -9.3452508735936135E-05
vn -0.70711439847946167 -0.70709913969039917 -7.1930771810002625E-05
vn -0.70710426568984985 -0.70710933208465576 -1.9182534742867574E-05
vn -0.70711058378219604 -0.70710295438766479 -1.258855718333507E-05
vn -0.70714491605758667 -0.70706862211227417 0
vn -0.70714491605758667 -0.70706862211227417 0
vn -0.70711439847946167 -0.70709913969039917 0
vn -0.70711439847946167 -0.70709913969039917 0
vn -0.70711439847946167 -0.70709913969039917 0
vn -0.70708388090133667 -0.70712965726852417 0
vn -0.70708388090133667 -0.70712965726852417 0
vn -0.70708388090133667 -0.70712965726852417 0
vn -0.70712459087371826 -0.70708900690078735 0
vn -0.70711439847946167 -0.70709913969039917 0
vn -0.70710933208465576 -0.70710426568984985 -7.1931399361346848E-06
vn -0.70714491605758667 -0.70706862211227417 0
vn -0.70712965726852417 -0.70708388090133667 -2.1579418898909353E-05
vn -0.70714491605758667 -0.70706862211227417 0
vn -0.70714491605758667 -0.70706862211227417 0
vn -0.70714491605758667 -0.70706862211227417 0
vn -0.70714491605758667 -0.70706862211227417 0
vn -0.70709151029586792 -0.70712202787399292 -1.0789709449454676E-05
vn -0.70711439847946167 -0.70709913969039917 0
vn -0.70707285404205322 -0.70714074373245239 0
vn -0.70707285404205322 -0.70714074373245239 0
vn -0.70707285404205322 -0.70714074373245239 0
vn -0.70707285404205322 -0.70714074373245239 0
vn -0.70707285404205322 -0.70714074373245239 0
vn -0.70707285404205322 -0.70714074373245239 0
vn -0.70707285404205322 -0.70714074373245239 0
vn -0.70707285404205322 -0.70714074373245239 0
vn -0.70714128017425537 -0.70707225799560547 0
vn -0.7071259617805481 -0.70708757638931274 9.5909099400159903E-06
vn -0.70712405443191528 -0.70708954334259033 -7.1931790444068611E-06
vn -0.70714128017425537 -0.70707225799560547 0
vn -0.70710676908493042 -0.70710676908493042 0
vn -0.70710676908493042 -0.70710676908493042 0
vn -0.70712214708328247 -0.70709139108657837 9.5909099400159903E-06
vn -0.70711541175842285 -0.70709812641143799 7.1931826823856682E-06
vn -0.70711445808410645 -0.70709913969039917 -9.5909053925424814E-06
vn -0.70712214708328247 -0.70709139108657837 -9.5909053925424814E-06
vn -0.70707285404205322 -0.70714074373245239 0
vn -0.70707285404205322 -0.70714074373245239 0
vn -0.70707285404205322 -0.70714074373245239 0
vn -0.70707285404205322 -0.70714074373245239 0
vn -0.70707285404205322 -0.70714074373245239 0
vn -0.70707285404205322 -0.70714074373245239 0
vn -0.70707285404205322 -0.70714074373245239 0
vn -0.70707285404205322 -0.70714074373245239 0
vn -0.70714128017425537 -0.70707225799560547 0
vn -0.70714128017425537 -0.70707225799560547 0
vn -0.70711827278137207 -0.70709526538848877 0
vn -0.70709526538848877 -0.70711827278137207 0
vn -0.70710098743438721 -0.70711255073547363 1.0789593034132849E-05
vn -0.70712399482727051 -0.70708954334259033 1.0789593034132849E-05
vn -0.70714128017425537 -0.70707225799560547 0
vn -0.70714128017425537 -0.70707231760025024 0
vn -0.70709532499313354 -0.70711827278137207 0
vn -0.70709526538848877 -0.70711827278137207 0
vn -0.70711976289749146 -0.70709383487701416 2.6973982585332124E-06
vn 0.70812439918518066 -0.70608752965927124 -0.00046035545528866351
vn 0.70898061990737915 -0.70522797107696533 2.3897641767689493E-06
vn 0.70823079347610474 -0.70598083734512329 0.00035011020372621715
vn 0.70726150274276733 -0.70695203542709351 0.00024456248502247036
vn 0.70766818523406982 -0.70654487609863281 -0.00011508891475386918
vn 0.70778125524520874 -0.70643162727355957 -7.6725889812223613E-05
vn 0.70795577764511108 -0.70625674724578857 -7.79218680690974E-05
vn 0.7080497145652771 -0.70616263151168823 7.9116762208286673E-05
vn 0.70791423320770264 -0.70629841089248657 7.67258316045627E-05
vn 0.707741379737854 -0.70647156238555908 7.6725882536265999E-05
vn 0.70755720138549805 -0.70665603876113892 9.8329262982588261E-05
vn 0.70740169286727905 -0.70681172609329224 7.6725969847757369E-05
vn 0.70722091197967529 -0.70699262619018555 7.4734001827891916E-05
vn 0.70709681510925293 -0.70711678266525269 0
vn 0.70709556341171265 -0.70711797475814819 0
vn 0.70709556341171265 -0.70711797475814819 0
vn 0.70709556341171265 -0.70711797475814819 0
vn 0.70709556341171265 -0.70711797475814819 0
vn 0.70709556341171265 -0.70711797475814819 0
vn 0.70709556341171265 -0.70711797475814819 0
vn 0.70709556341171265 -0.70711797475814819 0
vn 0.70709842443466187 -0.70711517333984375 -1.4307739547803067E-05
vn 0.70699441432952881 -0.70721912384033203 -9.592881724529434E-06
vn 0.70699858665466309 -0.70721495151519775 -2.6371173589723185E-05
vn 0.70696574449539185 -0.70724779367446899 -7.1958038461161777E-06
vn 0.70695698261260986 -0.70725655555725098 7.1961126195674296E-06
vn 0.7069694995880127 -0.70724403858184814 7.1958038461161777E-06
vn 0.70699739456176758 -0.70721614360809326 1.5583837011945434E-05
vn 0.70702815055847168 -0.70718538761138916 7.1946615207707509E-06
vn 0.70705395936965942 -0.70715957880020142 2.6372741558589041E-05
vn 0.7070891261100769 -0.70712447166442871 3.9502001527580433E-06
vn 0.70694953203201294 -0.7072640061378479 -2.8778646083083004E-05
vn 0.7068171501159668 -0.70739626884460449 6.184563972055912E-10
vn 0.7069278359413147 -0.70728564262390137 4.555699706543237E-05
vn 0.70690441131591797 -0.7073090672492981 3.5975601349491626E-05
vn 0.70702898502349854 -0.7071845531463623 2.5806311896303669E-05
vn 0.70710903406143188 -0.70710450410842896 -1.6856791262398474E-05
vn 0.70708274841308594 -0.70713084936141968 -2.2395681298803538E-05
vn 0.7070733904838562 -0.70714014768600464 1.1248223017901182E-05
vn 0.70757752656936646 -0.70663565397262573 0.00030930052162148058
vn 0.70789337158203125 -0.70631921291351318 0.00035011040745303035
vn 0.70860368013381958 -0.70560663938522339 -0.00030929528293199837
vn 0.70831054449081421 -0.70590084791183472 -0.000306903530145064
vn 0.70860284566879272 -0.70560747385025024 0.00030690329731442034
vn 0.70889759063720703 -0.7053113579750061 0.00031168494024313986
vn 0.7068246603012085 -0.70738881826400757 2.8783833840861917E-05
vn 0.70685797929763794 -0.70735549926757812 4.5559281716123223E-05
vn 0.70693033933639526 -0.70728319883346558 -6.2335231632459909E-05
vn 0.70686542987823486 -0.70734798908233643 -6.7133958509657532E-05
vn 0.70697367191314697 -0.70723986625671387 6.7134802520740777E-05
vn 0.70700728893280029 -0.70720624923706055 6.0504393331939355E-05
vn -0.70711344480514526 -0.70710009336471558 0
vn -0.70711344480514526 -0.70710009336471558 0
vn -0.70714491605758667 -0.70706862211227417 0
vn -0.70711344480514526 -0.70710009336471558 0
vn -0.70711344480514526 -0.70710009336471558 0
vn -0.7071075439453125 -0.70710599422454834 -1.7147589460364543E-05
vn -0.70711344480514526 -0.70710009336471558 0
vn -0.70711344480514526 -0.70710009336471558 0
vn -0.70710855722427368 -0.70710504055023193 7.6105125117464922E-06
vn -0.70711344480514526 -0.70710009336471558 0
vn -0.70711344480514526 -0.70710009336471558 0
vn -0.7071186900138855 -0.70709484815597534 8.9595623649074696E-06
vn -0.70711791515350342 -0.7070956826210022 0
vn -0.70711678266525269 -0.70709675550460815 0
vn -0.70711076259613037 -0.70710283517837524 8.9270906755700707E-06
vn -0.70708006620407104 -0.70713347196578979 0
vn -0.70709007978439331 -0.70712345838546753 0
vn -0.70710426568984985 -0.70710933208465576 6.1659766288357787E-06
vn -0.70709121227264404 -0.70712238550186157 0
vn -0.70708340406417847 -0.70713013410568237 0
vn -0.70707994699478149 -0.70713359117507935 -1.2308769328228664E-05
vn -0.70710676908493042 -0.70710676908493042 0
vn -0.70709645748138428 -0.70711708068847656 -2.7486214094096795E-05
vn -0.70712131261825562 -0.70709222555160522 -1.1126866411359515E-05
vn -0.70710676908493042 -0.70710676908493042 0
vn -0.7071075439453125 -0.70710605382919312 -2.3971967948455131E-06
vn -0.70709627866744995 -0.70711725950241089 -1.7082273188862018E-05
vn -0.70711630582809448 -0.70709723234176636 2.4790499082882889E-05
vn -0.70711410045623779 -0.70709949731826782 1.104669900087174E-05
vn -0.70711410045623779 -0.70709949731826782 2.2799946236773394E-05
vn -0.70709377527236938 -0.70711982250213623 -1.0660921361704823E-05
vn -0.70711410045623779 -0.70709949731826782 -2.7680192943080328E-05
vn -0.70714491605758667 -0.70706862211227417 0
vn -0.70711344480514526 -0.70710009336471558 0
vn -0.70710748434066772 -0.70710611343383789 9.6652929642004892E-06
vn -0.70710921287536621 -0.70710432529449463 1.2248285202076659E-05
vn -0.70711106061935425 -0.70710253715515137 8.7500729932799004E-06
vn -0.70710855722427368 -0.70710504055023193 -7.6105156949779484E-06
vn -0.70711684226989746 -0.70709675550460815 4.1423550101171713E-06
vn -0.7071186900138855 -0.70709484815597534 -8.9595669123809785E-06
vn -0.70711237192153931 -0.70710122585296631 4.5056890485284384E-06
vn -0.7071118950843811 -0.70710170269012451 -8.9270943135488778E-06
vn -0.707114577293396 -0.70709902048110962 1.0860107977350708E-05
vn -0.70709425210952759 -0.70711934566497803 -6.1659798120672349E-06
vn -0.70709860324859619 -0.70711499452590942 6.0227989706618246E-06
vn -0.70708703994750977 -0.70712655782699585 1.3508113624993712E-05
vn -0.70707964897155762 -0.707133948802948 -1.0973479220410809E-05
vn -0.70709419250488281 -0.70711934566497803 3.1084244255907834E-05
vn -0.70709550380706787 -0.70711803436279297 -1.8241644283989444E-05
vn -0.70712393522262573 -0.70708960294723511 1.4835829460935201E-05
vn -0.70708513259887695 -0.70712846517562866 -9.2565996965277009E-06
vn -0.70711272954940796 -0.70710086822509766 2.9024522518739104E-05
vn -0.70710903406143188 -0.70710456371307373 1.6175647033378482E-05
vn -0.70711410045623779 -0.70709949731826782 2.7680207494995557E-05
vn -0.70709377527236938 -0.70711982250213623 1.0660927728167735E-05
vn -0.70711410045623779 -0.70709949731826782 -2.2799958969699219E-05
vn -0.70711410045623779 -0.70709949731826782 -1.1046706276829354E-05
vn -0.70711630582809448 -0.70709723234176636 -2.479050999681931E-05
vn -0.70709627866744995 -0.70711725950241089 1.7082282283809036E-05
vn -0.70710563659667969 -0.70710790157318115 7.1938138717086986E-06
vn -0.70710676908493042 -0.70710676908493042 0
vn -0.70711797475814819 -0.70709562301635742 3.7413137761177495E-06
vn -0.70711618661880493 -0.70709735155105591 1.4699444363941438E-05
vn 0.70713150501251221 -0.70708203315734863 1.8975055354530923E-05
vn 0.70714491605758667 -0.70706862211227417 0
vn 0.70713090896606445 -0.70708268880844116 -1.685969255049713E-05
vn 0.70708882808685303 -0.70712471008300781 0
vn 0.70711493492126465 -0.70709866285324097 8.43244470161153E-06
vn 0.70711439847946167 -0.70709913969039917 -3.6954632378183305E-05
vn 0.7070884108543396 -0.70712512731552124 -4.9697587201080751E-06
vn 0.70708996057510376 -0.70712357759475708 -1.5771542166476138E-05
vn 0.70712053775787354 -0.70709306001663208 -1.6761656297603622E-05
vn 0.7071107029914856 -0.70710283517837524 6.4396967900393065E-06
vn 0.70710951089859009 -0.70710408687591553 -6.1479886426241137E-06
vn 0.70711821317672729 -0.70709532499313354 4.7952198656275868E-06
vn 0.70708388090133667 -0.70712965726852417 0
vn 0.70708388090133667 -0.70712965726852417 1.1508526768011507E-05
vn 0.70711058378219604 -0.70710295438766479 0
vn 0.70710480213165283 -0.70710879564285278 1.8657010514289141E-05
vn 0.70711058378219604 -0.70710295438766479 0
vn 0.7071070671081543 -0.70710653066635132 -1.8035154880635673E-06
vn 0.70711439847946167 -0.70709913969039917 0
vn 0.70711177587509155 -0.70710182189941406 -7.8130560723366216E-06
vn 0.70711439847946167 -0.70709913969039917 0
vn 0.70712053775787354 -0.70709306001663208 -5.4335819186235312E-06
vn 0.70708388090133667 -0.70712965726852417 0
vn 0.70708352327346802 -0.70713001489639282 -2.0474797111091902E-06
vn 0.70711439847946167 -0.70709913969039917 -8.6317722889361903E-06
vn 0.70711511373519897 -0.70709842443466187 4.4333251025818754E-06
vn 0.70712965726852417 -0.70708388090133667 -2.1579429812845774E-05
vn 0.70714491605758667 -0.70706862211227417 0
vn 0.70714491605758667 -0.70706862211227417 0
vn 0.70713210105895996 -0.70708143711090088 1.8117734725819901E-05
vn 0.70709437131881714 -0.7071191668510437 0
vn 0.70708388090133667 -0.70712965726852417 0
vn 0.70711952447891235 -0.70709407329559326 0
vn 0.70710170269012451 -0.7071118950843811 0
vn 0.70712459087371826 -0.70708900690078735 0
vn 0.70710426568984985 -0.70710933208465576 0
vn 0.70709407329559326 -0.70711952447891235 -1.4386287148226984E-05
vn 0.7071043848991394 -0.70710921287536621 1.8350636310060509E-05
vn 0.70711380243301392 -0.70709973573684692 -2.1945870685158297E-05
vn 0.70712476968765259 -0.70708876848220825 1.0541852134338114E-05
vn 0.70710891485214233 -0.70710462331771851 5.7920210565498564E-06
vn 0.70710080862045288 -0.70711278915405273 2.4383327399846166E-05
vn 0.70709425210952759 -0.70711928606033325 2.8884067432954907E-05
vn 0.70710986852645874 -0.70710372924804688 -6.9958955464244355E-06
vn 0.7070918083190918 -0.70712178945541382 -1.0713170922826976E-05
vn 0.70709496736526489 -0.70711857080459595 8.7863036242197268E-06
vn 0.70710951089859009 -0.70710408687591553 -4.2270163248758763E-05
vn -0.70708388090133667 0.70712965726852417 0
vn -0.70709967613220215 0.70711392164230347 -5.5391342357324902E-07
vn -0.70709836483001709 0.70711517333984375 0
vn -0.70710253715515137 0.70711100101470947 8.2733883743912884E-08
vn -0.70709878206253052 0.7071148157119751 2.1002483663323801E-06
vn -0.70711857080459595 0.70709502696990967 -6.999694505793741E-06
vn -0.70711207389831543 0.70710152387619019 2.441728383928421E-06
vn -0.70712316036224365 0.70709043741226196 9.1847141447942704E-06
vn -0.70712321996688843 0.70709037780761719 -2.3198364942800254E-05
vn -0.70709282159805298 0.70712077617645264 5.4588776947639417E-06
vn -0.7071039080619812 0.70710968971252441 -6.5958356572082266E-06
vn -0.70709520578384399 0.70711839199066162 1.6440944818896241E-05
vn -0.70709490776062012 0.7071186900138855 1.6946929463301785E-05
vn -0.7070995569229126 0.70711404085159302 1.3641071745951194E-05
vn -0.70709496736526489 0.70711857080459595 5.9683056861103978E-06
vn -0.70710200071334839 0.70711153745651245 1.3872398994863033E-05
vn -0.70709341764450073 0.70712012052536011 0
vn -0.7070888876914978 0.70712471008300781 7.337550869124243E-06
vn -0.70709341764450073 0.70712012052536011 0
vn -0.70709472894668579 0.70711886882781982 7.6425685620051809E-06
vn -0.70710712671279907 0.70710647106170654 1.2780606084561441E-05
vn -0.70710486173629761 0.70710867643356323 -1.8752478354144841E-05
vn -0.70712524652481079 0.70708835124969482 8.8647566371946596E-06
vn -0.70710712671279907 0.70710647106170654 1.3102259799779858E-05
vn -0.7070845365524292 0.70712906122207642 2.4018994736252353E-05
vn -0.70709818601608276 0.70711535215377808 3.40380756824743E-05
vn -0.70709109306335449 0.70712250471115112 2.6068664737977087E-05
vn -0.70710617303848267 0.70710736513137817 1.9887431335519068E-05
vn -0.70711153745651245 0.70710200071334839 -4.6678971557412297E-05
vn -0.70711451768875122 0.70709902048110962 -2.0125911760260351E-05
vn -0.70709949731826782 0.70711404085159302 9.5733021225896664E-06
vn -0.70710176229476929 0.70711183547973633 -7.3855125037880498E-07
vn -0.70710009336471558 0.70711344480514526 0
vn -0.70709198713302612 0.70712155103683472 -1.3101274817017838E-05
vn -0.70709675550460815 0.70711678266525269 0
vn -0.70709675550460815 0.70711678266525269 0
vn -0.70710140466690063 0.70711219310760498 -6.4233216789943981E-07
vn -0.70712906122207642 0.7070845365524292 0
vn -0.70712012052536011 0.70709341764450073 0
vn -0.70710963010787964 0.7071039080619812 6.9996908678149339E-06
vn -0.70711570978164673 0.70709788799285889 0
vn -0.70712345838546753 0.70709007978439331 0
vn -0.70713096857070923 0.70708262920379639 -9.1847105068154633E-06
vn -0.7070956826210022 0.70711791515350342 0
vn -0.70709675550460815 0.70711678266525269 0
vn -0.70709389448165894 0.7071196436882019 -5.4588754210271873E-06
vn -0.70709788799285889 0.70711570978164673 0
vn -0.70709675550460815 0.70711678266525269 0
vn -0.70709407329559326 0.70711952447891235 -1.6440939361928031E-05
vn -0.7070956826210022 0.70711791515350342 0
vn -0.70709675550460815 0.70711678266525269 0
vn -0.70709961652755737 0.70711392164230347 -1.1367555089236703E-05
vn -0.70709341764450073 0.70712012052536011 0
vn -0.70710200071334839 0.70711153745651245 -1.3872392628400121E-05
vn -0.70709341764450073 0.70712012052536011 0
vn -0.70709341764450073 0.70712012052536011 0
vn -0.70710009336471558 0.70711344480514526 0
vn -0.70710009336471558 0.70711344480514526 0
vn -0.70709818601608276 0.70711535215377808 -3.4038061130559072E-05
vn -0.7070845365524292 0.70712906122207642 -2.4018985641305335E-05
vn -0.70710712671279907 0.70710647106170654 -1.3102254342811648E-05
vn -0.70712524652481079 0.70708835124969482 -8.8647520897211507E-06
vn -0.70710486173629761 0.70710867643356323 1.8752471078187227E-05
vn -0.70711058378219604 0.70710295438766479 -2.0808325643884018E-05
vn 0.70713537931442261 -0.70707821846008301 0
vn 0.70714682340621948 -0.70706677436828613 6.47408432996599E-06
vn 0.70712965726852417 -0.70708394050598145 -3.2368778192903847E-05
vn 0.70712065696716309 -0.70709294080734253 3.4684039746935014E-06
vn 0.70711588859558105 -0.70709764957427979 -2.3461980163119733E-05
vn 0.70708197355270386 -0.70713156461715698 7.1934942980078631E-07
vn 0.70709609985351562 -0.70711749792098999 -6.3246425270335749E-06
vn 0.70708960294723511 -0.70712393522262573 8.5237288658390753E-06
vn 0.70708674192428589 -0.70712685585021973 2.9756129151792265E-06
vn 0.70709055662155151 -0.70712298154830933 9.4408806035062298E-06
vn 0.70708388090133667 -0.70712965726852417 0
vn 0.70708388090133667 -0.70712965726852417 0
vn 0.70708227157592773 -0.70713126659393311 2.3171567136159865E-06
vn 0.70714110136032104 -0.70707249641418457 1.4566537174687255E-05
vn 0.70708966255187988 -0.70712393522262573 1.6188574818443158E-06
vn 0.70707947015762329 -0.70713406801223755 1.4206214473233558E-05
vn 0.70715254545211792 -0.7070610523223877 0
vn 0.70710462331771851 -0.70710897445678711 6.4196033235930372E-06
vn 0.70711082220077515 -0.70710277557373047 -3.9626796933589503E-05
vn -0.70711743831634521 -0.7070961594581604 4.3157750042155385E-05
vn -0.70709818601608276 -0.70711535215377808 5.4051897677709348E-06
vn -0.70711314678192139 -0.70710039138793945 1.0278928129991982E-05
vn -0.70712107419967651 -0.70709246397018433 -1.8072607872454682E-06
vn -0.7071068286895752 -0.70710676908493042 -8.1157086242455989E-06
vn -0.70711028575897217 -0.70710331201553345 2.997654291903018E-06
vn -0.70710122585296631 -0.70711237192153931 2.1292842575348914E-05
vn -0.7070886492729187 -0.70712488889694214 1.9797575077973306E-05
vn -0.70707529783248901 -0.7071382999420166 2.1584688511211425E-05
vn -0.70708960294723511 -0.70712393522262573 -7.1899362410476897E-06
vn -0.70712333917617798 -0.70709025859832764 -1.2137677458667895E-06
vn -0.70711821317672729 -0.70709532499313354 1.6172800314961933E-05
vn -0.70711249113082886 -0.70710104703903198 7.1928102443052921E-06
vn -0.70711088180541992 -0.70710271596908569 4.7223937144735828E-05
vn -0.707111656665802 -0.70710188150405884 -2.3432521629729308E-05
vn -0.70709848403930664 -0.70711511373519897 4.002650166512467E-05
vn -0.7071150541305542 -0.70709854364395142 0
vn -0.70712536573410034 -0.7070881724357605 -1.3498803127731662E-05
vn -0.70711922645568848 -0.70709437131881714 -1.4386124348675366E-05
vn -0.70710676908493042 -0.70710676908493042 -5.7544497394701466E-05
vn -0.70712673664093018 -0.70708680152893066 -3.867771738441661E-05
vn -0.70710581541061401 -0.70710772275924683 4.8004794734879397E-06
vn -0.70709437131881714 -0.7071191668510437 1.0794052286655642E-05
vn -0.7071150541305542 -0.70709854364395142 0
vn -0.70711499452590942 -0.70709854364395142 0
vn -0.70711565017700195 -0.70709788799285889 -7.7278616572584724E-07
vn -0.70713514089584351 -0.70707845687866211 -2.8771095458068885E-05
vn -0.7071298360824585 -0.70708376169204712 -2.4275463147205301E-05
vn -0.70709264278411865 -0.70712095499038696 -7.1927738645172212E-06
vn -0.70705717802047729 -0.70715636014938354 0
vn -0.70706337690353394 -0.7071501612663269 9.4402557806461118E-06
vn -0.70705717802047729 -0.70715636014938354 0
vn -0.70705717802047729 -0.70715636014938354 0
vn -0.70709347724914551 -0.70712006092071533 6.7428982220008038E-06
vn -0.70716112852096558 -0.70705246925354004 1.4395396647159941E-05
vn -0.70714539289474487 -0.70706820487976074 1.4391969671123661E-05
vn -0.70710021257400513 -0.70711332559585571 5.28457303516916E-06
vn -0.70708882808685303 -0.70712471008300781 0
vn -0.70737981796264648 -0.70683342218399048 -0.00052564142970368266
vn -0.70785558223724365 -0.70635724067687988 6.4849249611143023E-05
vn -0.70867520570755005 -0.70553487539291382 0.00025939682382158935
vn -0.70803606510162354 -0.70617616176605225 -0.00040091745904646814
vn -0.70854723453521729 -0.70566338300704956 0.00016811839304864407
vn -0.70839774608612061 -0.70581340789794922 0.00024854799266904593
vn -0.70767271518707275 -0.70653963088989258 -0.0010526274563744664
vn -0.70708882808685303 -0.70712471008300781 0
vn -0.70708882808685303 -0.70712476968765259 0
vn -0.70774728059768677 -0.70646572113037109 -0.00020101996778976172
vn -0.70710676908493042 -0.70710676908493042 -5.7544497394701466E-05
vn -0.70707690715789795 -0.70713663101196289 -1.8668024495127611E-05
vn -0.70709633827209473 -0.70711725950241089 -1.4386124348675366E-05
vn -0.70709705352783203 -0.70711654424667358 1.198960035253549E-05
vn -0.70709985494613647 -0.70711368322372437 -1.3899306395614985E-05
vn -0.70713710784912109 -0.70707648992538452 0
vn -0.70712780952453613 -0.70708578824996948 0
vn -0.70712238550186157 -0.70709115266799927 -1.9729188352357596E-05
vn -0.70712310075759888 -0.70709043741226196 0
vn -0.70713132619857788 -0.70708227157592773 0
vn -0.70712429285049438 -0.70708924531936646 1.3484165720001329E-05
vn -0.70710211992263794 -0.7071114182472229 0
vn -0.70710331201553345 -0.70711028575897217 0
vn -0.70710796117782593 -0.70710563659667969 1.7981757991947234E-05
vn -0.7070997953414917 -0.70711380243301392 0
vn -0.70711380243301392 -0.7070997953414917 2.1576493963948451E-05
vn -0.70710057020187378 -0.70711302757263184 7.197192644525785E-06
vn -0.70709198713302612 -0.70712155103683472 4.797702331416076E-06
vn -0.70709973573684692 -0.70711380243301392 0
vn -0.70709973573684692 -0.70711380243301392 0
vn -0.7070997953414917 -0.70711380243301392 5.0357335567241535E-05
vn -0.70711475610733032 -0.70709884166717529 -1.1879810699610971E-05
vn -0.70711851119995117 -0.70709508657455444 -3.2622217986499891E-05
vn -0.70709419250488281 -0.70711934566497803 3.2522236779186642E-06
vn -0.70708388090133667 -0.70712965726852417 4.3159769120393321E-05
vn -0.70712012052536011 -0.70709341764450073 1.7982558347284794E-05
vn -0.70710724592208862 -0.70710635185241699 -1.21258044600836E-05
vn -0.70709884166717529 -0.70711475610733032 5.9941862673440482E-06
vn -0.70710676908493042 -0.70710676908493042 0
vn -0.70710772275924683 -0.70710581541061401 1.2580435395648237E-05
vn -0.70710235834121704 -0.70711123943328857 -1.1991835435765097E-06
vn -0.70709729194641113 -0.70711630582809448 0
vn -0.70711541175842285 -0.70709818601608276 -5.4086849559098482E-06
vn -0.7071220874786377 -0.70709151029586792 -3.5975506307295291E-06
vn -0.70712047815322876 -0.70709306001663208 -4.3100858420075383E-06
vn -0.70710808038711548 -0.70710551738739014 2.2770795112592168E-05
vn -0.70713639259338379 -0.70707720518112183 -7.1981885412242264E-06
vn -0.70712268352508545 -0.70709091424942017 1.198729205498239E-05
vn -0.70711058378219604 -0.70710295438766479 -1.1989498489128891E-05
vn -0.70710968971252441 -0.7071039080619812 -2.1099083824083209E-05
vn -0.70705634355545044 -0.7071571946144104 8.6322950664907694E-05
vn -0.70713639259338379 -0.70707720518112183 2.2951502614887431E-05
vn -0.70711427927017212 -0.70709925889968872 -2.4406113880104385E-05
vn -0.70711761713027954 -0.70709598064422607 8.4630746641778387E-06
vn -0.70709431171417236 -0.70711928606033325 5.9384542510088068E-06
vn -0.70708233118057251 -0.70713126659393311 -1.9959124983870424E-06
vn -0.70708709955215454 -0.70712649822235107 1.1131318387924694E-05
vn -0.70709246397018433 -0.70712107419967651 3.5030584513151553E-06
vn -0.7071235179901123 -0.70709002017974854 6.7026867327513173E-06
vn -0.70716744661331177 -0.70704609155654907 -5.5746015277691185E-05
vn -0.70720970630645752 -0.70700383186340332 2.6953980523103382E-06
vn -0.70711541175842285 -0.70709818601608276 8.1037114796345122E-06
vn -0.7071763277053833 -0.70703715085983276 -0.00024447159375995398
vn -0.7071843147277832 -0.70702922344207764 0.00020283328194636852
vn -0.70714706182479858 -0.70706635713577271 -0.00045658202725462615
vn -0.70791119337081909 -0.70630133152008057 0.00036275613820180297
vn -0.70760911703109741 -0.70660394430160522 -0.00039336708141490817
vn -0.70811235904693604 -0.70609939098358154 0.00069127656752243638
vn -0.70793896913528442 -0.70627337694168091 -0.00062335922848433256
vn -0.7071373462677002 -0.70707625150680542 -7.1983977250056341E-06
vn -0.70711439847946167 -0.70709913969039917 -5.6931753533717711E-06
vn -0.70729678869247437 -0.70691674947738647 0.00016426703950855881
vn -0.70747649669647217 -0.70673638582229614 0.00083562871441245079
vn -0.70711010694503784 -0.707103431224823 -1.1807084774773102E-05
vn -0.70711314678192139 -0.70710045099258423 -2.1027573893661611E-05
vn -0.70709329843521118 -0.70712029933929443 2.2770256691728719E-05
vn -0.7071073055267334 -0.70710629224777222 1.4448574802372605E-05
vn -0.70854943990707397 -0.70566117763519287 7.2253678808920085E-05
vn -0.70851635932922363 -0.70569443702697754 6.9775254814885557E-05
vn -0.70708262920379639 -0.70713096857070923 5.1883339438063558E-06
vn -0.70709282159805298 -0.70712077617645264 -1.926358379478188E-07
vn -0.70713537931442261 -0.70707815885543823 2.4329723601113074E-05
vn -0.70730829238891602 -0.70690429210662842 -0.001136337174102664
vn -0.70732384920120239 -0.70688933134078979 -0.00068136380286887288
vn -0.70734179019927979 -0.7068716287612915 -0.00025085289962589741
vn -0.70713537931442261 -0.70707815885543823 -5.7551478676032275E-05
vn -0.70713984966278076 -0.70707368850708008 -3.5992497942061163E-06
vn -0.70711123943328857 -0.70710229873657227 1.2480027180572506E-06
vn -0.70711272954940796 -0.70710080862045288 -1.1997499314020388E-06
vn -0.70711064338684082 -0.70710295438766479 0
vn -0.70708358287811279 -0.70713001489639282 1.9959124983870424E-06
vn -0.70708769559860229 -0.70712584257125854 0
vn -0.70708644390106201 -0.7071271538734436 0
vn -0.70709264278411865 -0.70712089538574219 -4.2036699596792459E-06
vn -0.70709151029586792 -0.70712202787399292 0
vn -0.70709151029586792 -0.70712202787399292 0
vn -0.70709437131881714 -0.7071191668510437 -4.0430968510918319E-06
vn -0.70709151029586792 -0.70712202787399292 0
vn -0.70709151029586792 -0.70712202787399292 0
vn -0.70709151029586792 -0.70712202787399292 0
vn -0.70713901519775391 -0.70707458257675171 1.1986157915089279E-05
vn -0.70712733268737793 -0.70708626508712769 -1.4646671843365766E-05
vn -0.70712924003601074 -0.70708435773849487 -3.7142239307286218E-05
vn -0.70709282159805298 -0.70712077617645264 1.926358379478188E-07
vn -0.70708262920379639 -0.70713096857070923 -5.1883339438063558E-06
vn -0.70744025707244873 -0.70677316188812256 0
vn -0.70724332332611084 -0.70697021484375 0.00011149203055538237
vn -0.70714491605758667 -0.70706868171691895 0
vn -0.70714491605758667 -0.70706868171691895 0
vn -0.7071642279624939 -0.70704931020736694 0.0002095470845233649
vn -0.70711821317672729 -0.70709538459777832 0
vn -0.70711821317672729 -0.70709538459777832 0
vn -0.70714575052261353 -0.70706766843795776 0.00045658202725462615
vn -0.70708769559860229 -0.70712584257125854 0
vn -0.70708900690078735 -0.70712459087371826 0
vn -0.70717108249664307 -0.70704209804534912 0.00070573255652561784
vn -0.70711821317672729 -0.70709538459777832 0
vn -0.70710676908493042 -0.7071068286895752 0
vn -0.70727646350860596 -0.70693528652191162 0.0015604554209858179
vn -0.70715224742889404 -0.70706075429916382 0.00086856086272746325
vn -0.70715254545211792 -0.7070610523223877 0
vn -0.70715254545211792 -0.7070610523223877 0
vn -0.70734179019927979 -0.7068716287612915 0.00025085289962589741
vn -0.70732384920120239 -0.70688933134078979 0.00068136380286887288
vn -0.70730829238891602 -0.70690429210662842 0.0011363370576873422
vn -0.70717346668243408 0.70704007148742676 0.00015825424634385854
vn -0.70719659328460693 0.70701694488525391 0.00014884822303429246
vn -0.70724505186080933 0.70696848630905151 0.00018450913194101304
vn -0.70717990398406982 0.70703363418579102 5.9325921029085293E-05
vn -0.70712006092071533 0.70709347724914551 0.00015536247519776225
vn -0.70711725950241089 0.70709633827209473 -1.7801246940507554E-05
vn -0.70711249113082886 0.70710104703903198 8.9658737124409527E-05
vn -0.70709109306335449 0.70712244510650635 -1.1446137250459287E-05
vn -0.70715153217315674 0.7070620059967041 8.4957093349657953E-05
vn -0.70709151029586792 0.70712202787399292 0
vn -0.70709151029586792 0.70712202787399292 0
vn -0.70710152387619019 0.70711201429367065 -1.4160591490508523E-05
vn -0.70730656385421753 0.70690697431564331 0.00012229943240527064
vn -0.70728969573974609 0.70692378282546997 0.00023569732729811221
vn -0.70725011825561523 0.70696336030960083 0.00032047016429714859
vn -0.70718872547149658 0.70702475309371948 0.00035546263097785413
vn -0.70715314149856567 0.70706033706665039 0.00025731849018484354
vn -0.70709121227264404 0.70712238550186157 -4.2898514948319644E-05
vn -0.7070997953414917 0.70711380243301392 3.228833293178468E-06
vn -0.70711153745651245 0.70710206031799316 7.6882162829861045E-05
vn -0.70708388090133667 0.70712965726852417 0
vn -0.70714771747589111 0.70706582069396973 -9.0299865405540913E-05
vn -0.70711439847946167 0.70709913969039917 0
vn -0.70711439847946167 0.70709913969039917 0
vn -0.70713382959365845 0.70707970857620239 -8.3578925114125013E-05
vn -0.70710426568984985 0.70710933208465576 0
vn -0.70711439847946167 0.70709913969039917 0
vn -0.70712774991989136 0.70708578824996948 -0.00012980945757590234
vn -0.70761626958847046 0.70659691095352173 6.7236440372653306E-05
vn -0.70743119716644287 0.70678222179412842 3.6004759749630466E-05
vn -0.7072901725769043 0.70692330598831177 -0.00013915997988078743
vn -0.70793557167053223 0.70627701282501221 0.00020170929201412946
vn -0.70740753412246704 0.70680594444274902 -0.00012341230467427522
vn -0.70708388090133667 0.70712965726852417 0
vn -0.70708388090133667 0.70712965726852417 0
vn -0.70785188674926758 0.70636087656021118 0.0001392459380440414
vn -0.70771580934524536 0.7064971923828125 0.00014160589489620179
vn -0.70721149444580078 0.70700192451477051 -0.00044468106352724135
vn -0.70716583728790283 0.70704764127731323 -0.00032510334858670831
vn -0.70717346668243408 0.70704007148742676 -0.00022196986537892371
vn -0.70709800720214844 0.70711559057235718 -1.9914048607461154E-05
vn -0.70708388090133667 0.70712965726852417 0
vn -0.70708388090133667 0.70712965726852417 0
vn -0.70710009336471558 0.70711344480514526 2.2928157704882324E-05
vn -0.70711410045623779 0.70709943771362305 -8.4141238403390162E-06
vn -0.7071148157119751 0.70709878206253052 1.3487240721588023E-05
vn -0.70710808038711548 0.70710551738739014 -5.7824104260362219E-06
vn -0.70711982250213623 0.70709377527236938 8.4518942458089441E-06
vn -0.70709943771362305 0.70711410045623779 -1.230807993124472E-05
vn -0.70710015296936035 0.70711344480514526 2.047537054750137E-05
vn -0.70710676908493042 0.70710676908493042 -1.4386124348675366E-05
vn -0.70711791515350342 0.70709562301635742 3.8216232496779412E-05
vn -0.70712131261825562 0.70709228515625 -1.6036423403420486E-05
vn -0.70710206031799316 0.70711153745651245 -1.2688139577221591E-05
vn -0.70711153745651245 0.70710200071334839 4.1809980757534504E-05
vn -0.70710235834121704 0.70711123943328857 2.4096616471069865E-05
vn -0.70712584257125854 0.70708769559860229 2.4276976546389051E-05
vn -0.70710980892181396 0.70710378885269165 -1.650441117817536E-05
vn -0.70711272954940796 0.70710086822509766 7.1955018938751891E-06
vn 0.70713216066360474 0.70708143711090088 0
vn 0.70713216066360474 0.70708143711090088 0
vn 0.70713216066360474 0.70708143711090088 0
vn 0.70713216066360474 0.70708143711090088 0
vn 0.70713216066360474 0.70708143711090088 0
vn 0.70713216066360474 0.70708143711090088 0
vn 0.70713216066360474 0.70708143711090088 0
vn 0.70713216066360474 0.70708143711090088 0
vn -0.71409517526626587 -0.70004844665527344 0.00052340194815769792
vn -0.7174718976020813 -0.69658744335174561 0
vn -0.71363943815231323 -0.70051240921020508 0.0010468035470694304
vn -0.71683531999588013 -0.69724231958389282 0.00055186456302180886
vn -0.71641045808792114 -0.69767892360687256 0.00036790978629142046
vn -0.71499931812286377 -0.69912505149841309 0.00038749945815652609
vn -0.71435916423797607 -0.69977885484695435 0.00073643412906676531
vn -0.71554851531982422 -0.6985626220703125 0.00075540918624028563
vn 0 0 1
vn 0 0 1
vn 0 0 1
vn 0 0 1
vn 0 0 1
vn 0 0 1
vn 0 0 1
vn 0 0 1
vn 0 0 1
vn 0 0 1
vn 0 0 1
vn 0 0 1
vn 0 0 1
vn 0 0 1
vn 0 0 1
vn 0 0 1
vn 0 0 1
vn 0 0 1
vn 0 0 1
vn 0 0 1
vn 0 0 1
vn 0 0 1
vn 0 0 1
vn 0 0 1
vn 0 0 1
vn 0 0 1
vn 0 0 1
vn 0 0 1
vn 0 0 1
vn 0 0 1
vn 0 0 1
vn 0 0 1
vn 0 0 1
vn 0 0 1
vn 0 0 1
vn 0 0 1
vn 0 0 1
vn 0 0 1
vn 0 0 1
vn 0 0 1
vn 0 0 1
vn 0 0 1
vn 0 0 1
vn 0 0 1
vn 0 0 1
vn 0 0 1
vn 0 0 1
vn 0 0 1
vn 0 0 1
vn 0 0 1
vn 0 0 1
vn 0 0 1
vn 0 0 1
vn 0 0 1
vn 0 0 1
vn 0 0 1
vn 0 0 1
vn 0 0 1
vn 0 0 1
vn 0 0 1
vn 0 0 1
vn 0 0 1
vn 0 0 1
vn 0 0 1
vn 0 0 1
vn 0 0 1
vn 0 0 1
vn 0 0 1
vn 0 0 1
vn 0 0 1
vn 0 0 1
vn 0 0 1
vn 0 0 1
vn 0 0 1
vn 0 0 1
vn 0 0 1
vn 0 0 1
vn 0 0 1
vn 0 0 1
vn 0 0 1
vn 0 0 1
vn 0 0 1
vn 0 0 1
vn 0 0 1
vn 0 0 1
vn 0 0 1
vn 0 0 1
vn 0 0 1
vn 0 0 1
vn 0 0 1
vn 0 0 1
vn 0 0 1
vn 0 0 1
vn 0 0 1
vn 0 0 1
vn 0 0 1
vn 0 0 1
vn 0 0 1
vn 0 0 1
vn 0 0 1
vn 0 0 1
vn 0 0 1
vn 0 0 1
vn 0 0 1
vn 0 0 1
vn 0 0 1
vn 0 0 1
vn 0 0 1
vn 0 0 1
vn 0 0 1
vn 0 0 1
vn 0 0 1
vn 0 0 1
vn 0 0 1
vn 0 0 1
vn 0 0 1
vn 0 0 1
vn 0 0 1
vn 0 0 1
vn 0 0 1
vn 0 0 1
vn 0 0 1
vn 0 0 1
vn 0 0 1
vn 0 0 1
vn 0 0 1
vn 0 0 1
vn 0 0 1
vn 0 0 1
vn 0 0 1
vn 0 0 1
vn 0 0 1
vn 0 0 1
vn 0 0 1
vn 0 0 1
vn 0 0 1
vn 0 0 1
vn 0 0 1
vn 0 0 1
vn 0 0 1
vn 0 0 1
vn 0 0 1
vn 0 0 1
vn 0 0 1
vn 0 0 1
vn 0 0 1
vn 0 0 1
vn 0 0 1
vn 0 0 1
vn 0 0 1
vn 0 0 1
vn 0 0 1
vn 0 0 1
vn 0 0 1
vn 0 0 1
vn 0 0 1
vn 0 0 1
vn 0 0 1
vn 0 0 1
vn 0 0 1
vn 0 0 1
vn 0 0 1
vn 0 0 1
vn 0 0 1
vn 0 0 1
vn 0 0 1
vn 0 0 1
vn 0 0 1
vn 0 0 1
vn 0 0 1
vn 0 0 1
vn 0 0 1
vn 0 0 1
vn 0 0 1
vn 0 0 1
vn 0 0 1
vn 0 0 1
vn 0 0 1
vn 0 0 1
vn 0 0 1
vn 0 0 1
vn 0 0 1
vn 0 0 1
vn 0 0 1
vn 0 0 1
vn 0 0 1
vn 0 0 1
vn 0 0 1
vn 0 0 1
vn 0 0 1
vn 0 0 1
vn 0 0 1
vn 0 0 1
vn 0 0 1
vn 0 0 1
vn 0 0 1
vn 0 0 1
vn 0 0 1
vn 0 0 1
vn 0 0 1
vn 0 0 1
vn 0 0 1
vn 0 0 1
vn 0 0 1
vn 0 0 1
vn 0 0 1
vn 0 0 1
vn 0 0 1
vn 0 0 1
vn 0 0 1
vn 0 0 1
vn 0 0 1
vn 0 0 1
vn 0 0 1
vn 0 0 1
vn 0 0 1
vn 0 0 1
vn 0 0 1
vn 0 0 1
vn 0 0 1
vn 0 0 1
vn 0 0 1
vn 0 0 1
vn 0 0 1
vn 0 0 1
vn 0 0 1
vn 0 0 1
vn 0 0 1
vn 0 0 1
vn 0 0 1
vn 0 0 1
vn 0 0 1
vn 0 0 1
vn 0 0 1
vn 0 0 1
vn 0 0 1
vn 0 0 1
vn 0 0 1
vn 0 0 1
vn 0 0 1
vn 0 0 1
vn 0 0 1
vn 0 0 1
vn 0 0 1
vn 0 0 1
vn 0 0 1
vn 0 0 1
vn 0 0 1
vn 0 0 1
vn 0 0 1
vn 0 0 1
vn 0 0 1
vn 0 0 1
vn 0 0 1
vn 0 0 1
vn 0 0 1
vn 0 0 1
vn 0 0 1
vn 0 0 1
vn 0 0 1
vn 0 0 1
vn 0 0 1
vn 0 0 1
vn 0 0 1
vn 0 0 1
vn 0 0 1
vn 0 0 1
vn 0 0 1
vn 0 0 1
vn 0 0 1
vn 0 0 1
vn 0 0 1
vn 0 0 1
vn 0 0 1
vn 0 0 1
vn 0 0 1
vn 0 0 1
vn 0 0 1
vn 0 0 1
vn 0 0 1
vn 0 0 1
vn 0 0 1
vn 0 0 1
vn 0 0 1
vn 0 0 1
vn 0 0 1
vn 0 0 1
vn 0 0 1
vn 0 0 1
vn 0 0 1
vn 0 0 1
vn 0 0 1
vn 0 0 1
vn 0 0 1
vn 0 0 1
vn 0 0 1
vn 0 0 1
vn 0 0 1
vn 0 0 1
vn 0 0 1
vn 0 0 1
vn 0 0 1
vn 0 0 1
vn 0 0 1
vn 0 0 1
vn 0 0 1
vn 0 0 1
vn 0 0 1
vn 0 0 1
vn 0 0 1
vn 0 0 1
vn 0 0 1
vn 0 0 1
vn 0 0 1
vn 0 0 1
vn 0 0 1
vn 0 0 1
vn 0 0 1
vn 0 0 1
vn 0 0 1
vn 0 0 1
vn 0 0 1
vn 0 0 1
vn 0 0 1
vn 0 0 1
vn 0 0 1
vn 0 0 1
vn 0 0 1
vn 0 0 1
vn 0 0 1
vn 0 0 1
vn 0 0 1
vn 0 0 1
vn 0 0 1
vn 0 0 1
vn 0 0 1
vn 0 0 1
vn 0 0 1
vn 0 0 1
vn 0 0 1
vn 0 0 1
vn 0 0 1
vn 0 0 1
vn 0 0 1
vn 0 0 1
vn 0 0 1
vn 0 0 1
vn 0 0 1
vn 0 0 1
vn 0 0 1
vn 0 0 1
vn 0 0 1
vn 0 0 1
vn 0 0 1
vn 0 0 1
vn 0 0 1
vn 0 0 1
vn 0 0 1
vn 0 0 1
vn 0 0 1
vn 0 0 1
vn 0 0 1
vn 0 0 1
vn 0 0 1
vn 0 0 1
vn 0 0 1
vn 0 0 1
vn 0 0 1
vn 0 0 1
vn 0 0 1
vn 0 0 1
vn 0 0 1
vn 0 0 1
vn 0 0 1
vn 0 0 1
vn 0 0 1
vn 0 0 1
vn 0 0 1
vn 0 0 1
vn 0 0 1
vn 0 0 1
vn 0 0 1
vn 0 0 1
vn 0 0 1
vn 0 0 1
vn 0 0 1
vn 0 0 1
vn 0 0 1
vn 0 0 1
vn 0 0 1
vn 0 0 1
vn 0 0 1
vn 0 0 1
vn 0 0 1
vn 0 0 1
vn 0 0 1
vn 0 0 1
vn 0 0 1
vn 0 0 1
vn 0 0 1
vn 0 0 1
vn 0 0 1
vn 0 0 1
vn 0 0 1
vn 0 0 1
vn 0 0 1
vn 0 0 1
vn 0 0 1
vn 0 0 1
vn 0 0 1
vn 0 0 1
vn 0 0 1
vn 0 0 1
vn 0 0 1
vn 0 0 1
vn 0 0 1
vn 0 0 1
vn 0 0 1
vn 0 0 1
vn 0 0 1
vn 0 0 1
vn 0 0 1
vn 0 0 1
vn 0 0 1
vn 0 0 1
vn 0 0 1
vn 0 0 1
vn 0 0 1
vn 0 0 1
vn 0 0 1
vn 0 0 1
vn 0 0 1
vn 0 0 1
vn 0 0 1
vn 0 0 1
vn 0 0 1
vn 0 0 1
vn 0 0 1
vn 0 0 1
vn 0 0 1
vn 0 0 1
vn 0 0 1
vn 0 0 1
vn 0 0 1
vn 0 0 1
vn 0 0 1
vn 0 0 1
vn 0 0 1
vn 0 0 1
vn 0 0 1
vn 0 0 1
vn 0 0 1
vn 0 0 1
vn 0 0 1
vn 0 0 1
vn 0 0 1
vn 0 0 1
vn 0 0 1
vn 0 0 1
vn 0 0 1
vn 0 0 1
vn 0 0 1
vn 0 0 1
vn 0 0 1
vn 0 0 1
vn 0 0 1
vn 0 0 1
vn 0 0 1
vn 0 0 1
vn 0 0 1
vn 0 0 1
vn 0 0 1
vn 0 0 1
vn 0 0 1
vn 0 0 1
vn 0 0 1
vn 0 0 1
vn 0 0 1
vn 0 0 1
vn 0 0 1
vn 0 0 1
vn 0 0 1
vn 0 0 1
vn 0 0 1
vn 0 0 1
vn 0 0 1
vn 0 0 1
vn 0 0 1
vn 0 0 1
vn 0 0 1
vn 0 0 1
vn 0 0 1
vn 0 0 1
vn 0 0 1
vn 0 0 1
vn 0 0 1
vn 0 0 1
vn 0 0 1
vn 0 0 1
vn 0 0 1
vn 0 0 1
vn 0 0 1
vn 0 0 1
vn 0 0 1
vn 0 0 1
vn 0 0 1
vn 0 0 1
vn 0 0 1
vn 0 0 1
vn 0 0 1
vn 0 0 1
vn 0 0 1
vn 0 0 1
vn 0 0 1
vn 0 0 1
vn 0 0 1
vn 0 0 1
vn 0 0 1
vn 0 0 1
vn 0 0 1
vn 0 0 1
vn 0 0 1
vn 0 0 1
vn 0 0 1
vn 0 0 1
vn 0 0 1
vn 0 0 1
vn 0 0 1
vn 0 0 1
vn 0 0 1
vn 0 0 1
vn 0 0 1
vn 0 0 1
vn 0 0 1
vn 0 0 1
vn 0 0 1
vn 0 0 1
vn 0 0 1
vn 0 0 1
vn 0 0 1
vn 0 0 1
vn 0 0 1
vn 0 0 1
vn 0 0 1
vn 0 0 1
vn 0 0 1
vn 0 0 1
vn 0 0 1
vn 0 0 1
vn 0 0 1
vn 0 0 1
vn 0 0 1
vn 0 0 1
vn 0 0 1
vn 0 0 1
vn 0 0 1
vn 0 0 1
vn 0 0 1
vn 0 0 1
vn 0 0 1
vn 0 0 1
vn 0 0 1
vn 0 0 1
vn 0 0 1
vn 0 0 1
vn 0 0 1
vn 0 0 1
vn 0 0 1
vn 0 0 1
vn 0 0 1
vn 0 0 1
vn 0 0 1
vn 0 0 1
vn 0 0 1
vn 0 0 1
vn 0 0 1
vn 0 0 1
vn 0 0 1
vn 0 0 1
vn 0 0 1
vn 0 0 1
vn 0 0 1
vn 0 0 1
vn 0 0 1
vn 0 0 1
vn 0 0 1
vn 0 0 1
vn 0 0 1
vn 0 0 1
vn 0 0 1
vn 0 0 1
vn -0.70713537931442261 -0.70707821846008301 0
vn -0.70714682340621948 -0.70706677436828613 -6.47408432996599E-06
vn -0.70715034008026123 -0.70706319808959961 0
vn -0.70712065696716309 -0.70709294080734253 -3.4684039746935014E-06
vn -0.70711821317672729 -0.70709538459777832 4.3810796341858804E-06
vn -0.70708358287811279 -0.70713001489639282 1.9781496121140663E-06
vn -0.70709174871444702 -0.70712184906005859 -1.2873799278168008E-05
vn -0.7071157693862915 -0.70709782838821411 2.107829277520068E-05
vn -0.70708805322647095 -0.70712548494338989 -1.7992666471400298E-05
vn -0.70714390277862549 -0.70706963539123535 1.2153564966865815E-05
vn -0.70708107948303223 -0.70713245868682861 -2.5664248823886737E-05
vn -0.70709168910980225 -0.70712190866470337 -4.5404569391394034E-05
vn -0.70712554454803467 -0.70708799362182617 -4.4837051973445341E-06
vn -0.70715200901031494 -0.70706158876419067 6.7011768578595365E-07
vn -0.70714110136032104 -0.70707249641418457 -1.4566537174687255E-05
vn -0.70709282159805298 -0.70712071657180786 1.7953000508441619E-07
vn -0.70709532499313354 -0.70711821317672729 5.5751561376382597E-06
vn -0.70714235305786133 -0.70707118511199951 5.7569715863792226E-05
vn -0.70710593461990356 -0.70710760354995728 3.5969402233604342E-05
vn -0.70709913969039917 -0.70711439847946167 1.439123570889933E-05
vn -0.70712363719940186 -0.70708996057510376 -4.0912782424129546E-05
vn -0.70709341764450073 -0.70712012052536011 3.5978089272248326E-06
vn -0.70709151029586792 -0.70712202787399292 1.6529482227412018E-09
vn -0.70710432529449463 -0.70710921287536621 -1.3775704246654641E-05
vn -0.70708644390106201 -0.7071271538734436 0
vn -0.70708769559860229 -0.70712584257125854 0
vn -0.70708358287811279 -0.70713001489639282 -1.9781489299930399E-06
vn -0.70711821317672729 -0.70709538459777832 0
vn -0.70711821317672729 -0.70709538459777832 0
vn -0.70712065696716309 -0.70709294080734253 3.4684021557040978E-06
vn -0.70715254545211792 -0.7070610523223877 0
vn -0.70715254545211792 -0.7070610523223877 0
vn -0.70713537931442261 -0.70707821846008301 0
vn -0.70714110136032104 -0.70707249641418457 1.4566529898729641E-05
vn -0.7070927619934082 -0.70712083578109741 -1.7953045983176708E-07
vn -0.70709532499313354 -0.70711821317672729 -5.5751538639015052E-06
vn -0.70714682340621948 -0.70706677436828613 6.4740816014818847E-06
vn -0.70709830522537231 -0.70711523294448853 -1.9179433365934528E-05
vn -0.70709413290023804 -0.70711946487426758 4.8003844312916044E-06
f 13//13 4//4 3//3
f 14//14 5//5 4//4
f 15//15 6//6 5//5
f 16//16 7//7 6//6
f 17//17 8//8 7//7
f 18//18 9//9 8//8
f 19//19 10//10 9//9
f 20//20 11//11 10//10
f 22//22 13//13 12//12
f 23//23 14//14 13//13
f 24//24 15//15 14//14
f 25//25 16//16 15//15
f 26//26 17//17 16//16
f 27//27 18//18 17//17
f 28//28 19//19 18//18
f 29//29 20//20 19//19
f 37//37 1//1 3//3
f 35//35 36//36 5//5
f 40//40 35//35 6//6
f 36//36 37//37 4//4
f 36//36 4//4 5//5
f 39//39 40//40 7//7
f 38//38 39//39 8//8
f 10//10 41//41 42//42
f 11//11 2//2 41//41
f 42//42 38//38 9//9
f 10//10 11//11 41//41
f 33//33 34//34 11//11
f 11//11 34//34 2//2
f 8//8 39//39 7//7
f 22//22 21//21 43//43
f 24//24 23//23 45//45
f 25//25 24//24 45//45
f 23//23 22//22 44//44
f 26//26 25//25 46//46
f 27//27 26//26 47//47
f 29//29 32//32 20//20
f 33//33 20//20 32//32
f 28//28 27//27 48//48
f 48//48 49//49 28//28
f 28//28 49//49 29//29
f 31//31 29//29 50//50
f 49//49 50//50 29//29
f 32//32 29//29 31//31
f 56//56 52//52 51//51
f 57//57 53//53 52//52
f 59//59 56//56 55//55
f 60//60 57//57 56//56
f 62//62 59//59 58//58
f 63//63 60//60 59//59
f 53//53 57//57 70//70
f 57//57 60//60 69//69
f 60//60 68//68 69//69
f 68//68 60//60 63//63
f 64//64 66//66 61//61
f 67//67 63//63 62//62
f 63//63 67//67 65//65
f 67//67 62//62 66//66
f 68//68 63//63 65//65
f 76//76 74//74 73//73
f 78//78 76//76 75//75
f 73//73 71//71 81//81
f 81//81 82//82 73//73
f 89//89 71//71 73//73
f 74//74 72//72 89//89
f 87//87 88//88 74//74
f 72//72 74//74 88//88
f 74//74 76//76 87//87
f 74//74 89//89 73//73
f 82//82 75//75 73//73
f 77//77 75//75 83//83
f 82//82 83//83 75//75
f 84//84 77//77 79//79
f 83//83 79//79 77//77
f 85//85 77//77 84//84
f 87//87 76//76 86//86
f 78//78 86//86 76//76
f 80//80 78//78 85//85
f 86//86 78//78 80//80
f 78//78 77//77 85//85
f 95//95 93//93 92//92
f 98//98 102//102 90//90
f 102//102 98//98 92//92
f 99//99 92//92 98//98
f 101//101 102//102 92//92
f 93//93 91//91 101//101
f 106//106 107//107 93//93
f 91//91 93//93 107//107
f 93//93 95//95 106//106
f 93//93 101//101 92//92
f 99//99 100//100 94//94
f 100//100 96//96 103//103
f 103//103 94//94 100//100
f 97//97 95//95 104//104
f 94//94 104//104 95//95
f 105//105 95//95 97//97
f 104//104 94//94 103//103
f 114//114 108//108 115//115
f 114//114 113//113 109//109
f 113//113 114//114 115//115
f 115//115 112//112 113//113
f 112//112 111//111 113//113
f 110//110 112//112 115//115
f 116//116 121//121 120//120
f 119//119 120//120 121//121
f 128//128 125//125 127//127
f 129//129 126//126 128//128
f 131//131 128//128 127//127
f 132//132 129//129 131//131
f 138//138 152//152 122//122
f 125//125 150//150 151//151
f 151//151 152//152 124//124
f 138//138 139//139 124//124
f 125//125 126//126 150//150
f 124//124 152//152 138//138
f 149//149 150//150 126//126
f 153//153 148//148 149//149
f 154//154 146//146 147//147
f 147//147 148//148 155//155
f 155//155 154//154 147//147
f 142//142 155//155 153//153
f 145//145 123//123 154//154
f 154//154 123//123 146//146
f 154//154 155//155 143//143
f 153//153 155//155 148//148
f 153//153 149//149 126//126
f 153//153 126//126 141//141
f 127//127 139//139 140//140
f 140//140 130//130 127//127
f 130//130 140//140 133//133
f 134//134 135//135 130//130
f 136//136 131//131 135//135
f 133//133 134//134 130//130
f 142//142 143//143 155//155
f 143//143 145//145 154//154
f 153//153 141//141 142//142
f 136//136 132//132 131//131
f 137//137 144//144 132//132
f 129//129 132//132 144//144
f 136//136 137//137 132//132
f 144//144 141//141 129//129
f 162//162 158//158 157//157
f 163//163 159//159 162//162
f 164//164 160//160 163//163
f 170//170 156//156 158//158
f 159//159 170//170 158//158
f 160//160 168//168 169//169
f 167//167 168//168 160//160
f 159//159 160//160 169//169
f 174//174 167//167 160//160
f 159//159 169//169 170//170
f 165//165 162//162 161//161
f 163//163 162//162 171//171
f 165//165 171//171 162//162
f 172//172 163//163 171//171
f 173//173 174//174 164//164
f 164//164 174//174 160//160
f 166//166 173//173 172//172
f 164//164 172//172 173//173
f 172//172 164//164 163//163
f 182//182 175//175 183//183
f 176//176 182//182 181//181
f 183//183 181//181 182//182
f 181//181 183//183 184//184
f 179//179 184//184 177//177
f 178//178 180//180 179//179
f 184//184 179//179 180//180
f 181//181 184//184 180//180
f 189//189 185//185 187//187
f 191//191 186//186 189//189
f 189//189 190//190 191//191
f 190//190 188//188 191//191
f 192//192 194//194 200//200
f 199//199 200//200 194//194
f 201//201 199//199 196//196
f 198//198 201//201 197//197
f 208//208 204//204 207//207
f 209//209 205//205 204//204
f 210//210 206//206 205//205
f 212//212 208//208 207//207
f 213//213 209//209 208//208
f 214//214 210//210 213//213
f 216//216 214//214 213//213
f 202//202 222//222 203//203
f 222//222 211//211 207//207
f 213//213 212//212 220//220
f 212//212 211//211 219//219
f 211//211 222//222 218//218
f 211//211 218//218 219//219
f 221//221 215//215 220//220
f 216//216 215//215 217//217
f 220//220 215//215 213//213
f 224//224 227//227 223//223
f 224//224 226//226 227//227
f 225//225 227//227 226//226
f 233//233 230//230 229//229
f 235//235 233//233 232//232
f 229//229 228//228 237//237
f 232//232 229//229 237//237
f 242//242 228//228 229//229
f 241//241 242//242 230//230
f 230//230 242//242 229//229
f 241//241 230//230 233//233
f 231//231 238//238 234//234
f 236//236 234//234 238//238
f 234//234 236//236 239//239
f 243//243 234//234 239//239
f 241//241 233//233 240//240
f 235//235 240//240 233//233
f 240//240 235//235 243//243
f 234//234 243//243 235//235
f 245//245 247//247 246//246
f 248//248 246//246 247//247
f 252//252 256//256 250//250
f 256//256 253//253 254//254
f 252//252 253//253 256//256
f 258//258 260//260 259//259
f 262//262 265//265 261//261
f 265//265 262//262 269//269
f 269//269 266//266 265//265
f 268//268 267//267 269//269
f 264//264 263//263 268//268
f 276//276 280//280 275//275
f 279//279 271//271 280//280
f 271//271 275//275 280//280
f 272//272 276//276 270//270
f 277//277 272//272 273//273
f 280//280 272//272 277//277
f 274//274 280//280 278//278
f 279//279 280//280 274//274
f 276//276 272//272 280//280
f 286//286 284//284 283//283
f 289//289 281//281 283//283
f 282//282 288//288 290//290
f 288//288 289//289 284//284
f 284//284 286//286 290//290
f 284//284 290//290 288//288
f 298//298 296//296 295//295
f 300//300 298//298 297//297
f 291//291 303//303 292//292
f 297//297 295//295 303//303
f 295//295 296//296 293//293
f 308//308 294//294 293//293
f 296//296 298//298 308//308
f 297//297 303//303 304//304
f 301//301 299//299 304//304
f 299//299 301//301 305//305
f 306//306 299//299 305//305
f 308//308 298//298 307//307
f 300//300 307//307 298//298
f 302//302 300//300 306//306
f 307//307 300//300 302//302
f 300//300 299//299 306//306
f 304//304 299//299 297//297
f 314//314 311//311 310//310
f 310//310 309//309 320//320
f 312//312 311//311 319//319
f 311//311 314//314 319//319
f 313//313 310//310 320//320
f 316//316 313//313 315//315
f 316//316 317//317 314//314
f 314//314 317//317 318//318
f 327//327 326//326 321//321
f 322//322 325//325 324//324
f 325//325 326//326 329//329
f 328//328 327//327 323//323
f 328//328 326//326 327//327
f 337//337 335//335 334//334
f 334//334 331//331 330//330
f 334//334 335//335 332//332
f 341//341 333//333 332//332
f 340//340 341//341 335//335
f 336//336 334//334 344//344
f 342//342 336//336 345//345
f 345//345 338//338 342//342
f 343//343 336//336 342//342
f 339//339 340//340 337//337
f 337//337 340//340 335//335
f 337//337 343//343 339//339
f 343//343 337//337 336//336
f 356//356 350//350 349//349
f 357//357 351//351 350//350
f 358//358 352//352 351//351
f 359//359 353//353 352//352
f 360//360 354//354 353//353
f 371//371 346//346 350//350
f 347//347 371//371 351//351
f 371//371 350//350 351//351
f 353//353 366//366 367//367
f 354//354 348//348 366//366
f 353//353 354//354 366//366
f 368//368 369//369 354//354
f 354//354 369//369 348//348
f 352//352 353//353 367//367
f 356//356 355//355 361//361
f 370//370 357//357 356//356
f 358//358 357//357 362//362
f 368//368 354//354 360//360
f 365//365 360//360 359//359
f 363//363 368//368 360//360
f 359//359 358//358 364//364
f 360//360 365//365 363//363
f 359//359 364//364 365//365
f 387//387 380//380 372//372
f 380//380 387//387 388//388
f 383//383 375//375 387//387
f 388//388 387//387 376//376
f 383//383 387//387 372//372
f 373//373 380//380 388//388
f 382//382 373//373 389//389
f 386//386 374//374 391//391
f 382//382 390//390 381//381
f 374//374 381//381 391//391
f 377//377 384//384 389//389
f 384//384 385//385 390//390
f 381//381 390//390 391//391
f 391//391 390//390 385//385
f 391//391 378//378 379//379
f 405//405 393//393 392//392
f 403//403 394//394 406//406
f 394//394 393//393 405//405
f 405//405 392//392 397//397
f 402//402 403//403 407//407
f 401//401 396//396 395//395
f 395//395 402//402 408//408
f 407//407 406//406 398//398
f 405//405 400//400 406//406
f 400//400 405//405 397//397
f 404//404 409//409 408//408
f 398//398 404//404 408//408
f 409//409 404//404 399//399
f 401//401 409//409 399//399
f 413//413 411//411 410//410
f 418//418 412//412 416//416
f 416//416 411//411 418//418
f 414//414 417//417 413//413
f 415//415 418//418 417//417
f 412//412 418//418 415//415
f 411//411 413//413 418//418
f 420//420 429//429 428//428
f 421//421 428//428 427//427
f 428//428 429//429 427//427
f 422//422 420//420 419//419
f 424//424 422//422 423//423
f 429//429 422//422 424//424
f 425//425 429//429 426//426
f 424//424 426//426 429//429
f 427//427 429//429 425//425
f 420//420 422//422 429//429
f 431//431 440//440 438//438
f 432//432 438//438 439//439
f 438//438 440//440 439//439
f 433//433 431//431 430//430
f 435//435 433//433 434//434
f 440//440 433//433 435//435
f 436//436 440//440 437//437
f 435//435 437//437 440//440
f 439//439 440//440 436//436
f 431//431 433//433 440//440
f 443//443 444//444 441//441
f 444//444 443//443 446//446
f 447//447 448//448 445//445
f 450//450 449//449 447//447
f 447//447 449//449 448//448
f 450//450 451//451 449//449
f 453//453 452//452 454//454
f 457//457 456//456 461//461
f 458//458 459//459 460//460
f 463//463 462//462 464//464
f 466//466 467//467 465//465
f 469//469 468//468 470//470
f 476//476 475//475 473//473
f 478//478 477//477 475//475
f 473//473 480//480 472//472
f 475//475 481//481 473//473
f 487//487 473//473 472//472
f 486//486 474//474 487//487
f 474//474 473//473 487//487
f 486//486 476//476 474//474
f 475//475 482//482 481//481
f 479//479 482//482 477//477
f 477//477 483//483 479//479
f 484//484 483//483 477//477
f 486//486 485//485 476//476
f 478//478 476//476 485//485
f 485//485 484//484 478//478
f 477//477 478//478 484//484
f 482//482 475//475 477//477
f 494//494 491//491 490//490
f 495//495 492//492 491//491
f 497//497 494//494 493//493
f 498//498 495//495 494//494
f 502//502 488//488 491//491
f 492//492 502//502 491//491
f 492//492 506//506 489//489
f 505//505 506//506 492//492
f 492//492 489//489 502//502
f 497//497 496//496 499//499
f 500//500 503//503 498//498
f 505//505 495//495 504//504
f 498//498 504//504 495//495
f 501//501 498//498 503//503
f 504//504 498//498 501//501
f 514//514 511//511 510//510
f 515//515 512//512 511//511
f 517//517 514//514 513//513
f 518//518 515//515 514//514
f 520//520 517//517 516//516
f 521//521 518//518 517//517
f 508//508 507//507 510//510
f 526//526 508//508 511//511
f 530//530 509//509 526//526
f 512//512 515//515 529//529
f 528//528 529//529 515//515
f 530//530 526//526 512//512
f 520//520 519//519 522//522
f 523//523 525//525 521//521
f 527//527 528//528 518//518
f 515//515 518//518 528//528
f 524//524 527//527 521//521
f 518//518 521//521 527//527
f 525//525 524//524 521//521
f 535//535 531//531 534//534
f 535//535 534//534 533//533
f 532//532 533//533 534//534
f 539//539 537//537 536//536
f 537//537 539//539 538//538
f 541//541 540//540 544//544
f 546//546 542//542 541//541
f 546//546 545//545 542//542
f 548//548 547//547 553//553
f 549//549 548//548 554//554
f 549//549 556//556 550//550
f 553//553 554//554 548//548
f 552//552 556//556 555//555
f 555//555 556//556 549//549
f 551//551 554//554 553//553
f 565//565 557//557 563//563
f 564//564 565//565 560//560
f 564//564 566//566 558//558
f 563//563 560//560 565//565
f 562//562 566//566 561//561
f 561//561 566//566 564//564
f 559//559 560//560 563//563
f 568//568 567//567 573//573
f 572//572 568//568 573//573
f 571//571 574//574 575//575
f 570//570 571//571 575//575
f 572//572 574//574 571//571
f 577//577 576//576 578//578
f 581//581 580//580 585//585
f 582//582 583//583 584//584
f 587//587 586//586 588//588
f 590//590 591//591 589//589
f 593//593 592//592 594//594
f 600//600 599//599 597//597
f 602//602 601//601 599//599
f 597//597 604//604 596//596
f 599//599 605//605 597//597
f 611//611 597//597 596//596
f 610//610 598//598 611//611
f 598//598 597//597 611//611
f 610//610 600//600 598//598
f 599//599 606//606 605//605
f 603//603 606//606 601//601
f 601//601 607//607 603//603
f 608//608 607//607 601//601
f 610//610 609//609 600//600
f 602//602 600//600 609//609
f 609//609 608//608 602//602
f 601//601 602//602 608//608
f 606//606 599//599 601//601
f 617//617 615//615 614//614
f 619//619 617//617 616//616
f 614//614 612//612 624//624
f 624//624 625//625 614//614
f 627//627 612//612 614//614
f 615//615 613//613 627//627
f 629//629 630//630 615//615
f 613//613 615//615 630//630
f 615//615 627//627 614//614
f 618//618 616//616 626//626
f 625//625 626//626 616//616
f 621//621 618//618 620//620
f 626//626 620//620 618//618
f 621//621 622//622 619//619
f 629//629 617//617 628//628
f 619//619 628//628 617//617
f 623//623 619//619 622//622
f 628//628 619//619 623//623
f 638//638 636//636 635//635
f 640//640 638//638 637//637
f 642//642 640//640 639//639
f 631//631 645//645 632//632
f 637//637 635//635 646//646
f 647//647 637//637 646//646
f 635//635 636//636 633//633
f 654//654 634//634 633//633
f 636//636 638//638 653//653
f 652//652 653//653 638//638
f 639//639 647//647 648//648
f 641//641 639//639 648//648
f 649//649 641//641 643//643
f 648//648 643//643 641//641
f 649//649 650//650 642//642
f 651//651 652//652 640//640
f 640//640 652//652 638//638
f 642//642 651//651 640//640
f 644//644 642//642 650//650
f 651//651 642//642 644//644
f 639//639 637//637 647//647
f 657//657 655//655 658//658
f 658//658 656//656 657//657
f 662//662 660//660 659//659
f 661//661 663//663 662//662
f 660//660 662//662 663//663
f 670//670 667//667 666//666
f 671//671 668//668 667//667
f 673//673 670//670 669//669
f 674//674 671//671 670//670
f 676//676 673//673 672//672
f 677//677 674//674 673//673
f 679//679 676//676 675//675
f 680//680 677//677 676//676
f 682//682 679//679 678//678
f 683//683 680//680 679//679
f 688//688 664//664 666//666
f 687//687 688//688 667//667
f 668//668 687//687 667//667
f 693//693 665//665 668//668
f 687//687 668//668 665//665
f 668//668 671//671 693//693
f 671//671 674//674 692//692
f 682//682 681//681 684//684
f 685//685 689//689 683//683
f 690//690 691//691 677//677
f 680//680 690//690 677//677
f 694//694 690//690 680//680
f 686//686 694//694 683//683
f 680//680 683//683 694//694
f 689//689 686//686 683//683
f 702//702 699//699 698//698
f 703//703 700//700 699//699
f 705//705 702//702 701//701
f 706//706 703//703 702//702
f 696//696 695//695 698//698
f 711//711 696//696 699//699
f 714//714 697//697 711//711
f 713//713 714//714 700//700
f 711//711 700//700 714//714
f 700//700 703//703 713//713
f 705//705 704//704 707//707
f 708//708 710//710 706//706
f 713//713 703//703 712//712
f 706//706 712//712 703//703
f 709//709 706//706 710//710
f 712//712 706//706 709//709
f 716//716 725//725 722//722
f 717//717 722//722 724//724
f 722//722 725//725 724//724
f 718//718 716//716 715//715
f 720//720 718//718 719//719
f 716//716 720//720 725//725
f 721//721 725//725 723//723
f 720//720 723//723 725//725
f 724//724 725//725 721//721
f 718//718 720//720 716//716
f 727//727 736//736 728//728
f 735//735 729//729 728//728
f 730//730 727//727 726//726
f 732//732 730//730 731//731
f 736//736 730//730 732//732
f 733//733 736//736 734//734
f 732//732 734//734 736//736
f 735//735 736//736 733//733
f 727//727 730//730 736//736
f 738//738 737//737 743//743
f 738//738 745//745 739//739
f 739//739 746//746 740//740
f 743//743 744//744 738//738
f 744//744 745//745 738//738
f 742//742 746//746 745//745
f 745//745 746//746 739//739
f 741//741 744//744 743//743
f 755//755 747//747 753//753
f 755//755 756//756 754//754
f 754//754 757//757 748//748
f 753//753 756//756 755//755
f 750//750 756//756 749//749
f 750//750 751//751 757//757
f 752//752 757//757 751//751
f 748//748 757//757 752//752
f 754//754 756//756 757//757
f 763//763 758//758 764//764
f 759//759 763//763 765//765
f 759//759 767//767 760//760
f 765//765 763//763 764//764
f 762//762 767//767 766//766
f 766//766 767//767 759//759
f 775//775 773//773 774//774
f 769//769 774//774 777//777
f 774//774 771//771 777//777
f 776//776 775//775 768//768
f 773//773 776//776 770//770
f 773//773 771//771 774//774
f 771//771 772//772 777//777
f 773//773 775//775 776//776
f 784//784 785//785 781//781
f 779//779 784//784 787//787
f 784//784 782//782 787//787
f 786//786 785//785 778//778
f 781//781 786//786 780//780
f 782//782 783//783 787//787
f 781//781 785//785 786//786
f 795//795 793//793 792//792
f 800//800 789//789 788//788
f 789//789 800//800 792//792
f 801//801 792//792 800//800
f 792//792 793//793 790//790
f 804//804 791//791 790//790
f 803//803 804//804 793//793
f 801//801 802//802 792//792
f 797//797 794//794 796//796
f 798//798 803//803 795//795
f 795//795 803//803 793//793
f 795//795 794//794 797//797
f 795//795 799//799 798//798
f 810//810 808//808 807//807
f 812//812 810//810 809//809
f 817//817 816//816 805//805
f 817//817 818//818 807//807
f 816//816 817//817 807//807
f 815//815 816//816 807//807
f 808//808 806//806 815//815
f 823//823 824//824 808//808
f 806//806 808//808 824//824
f 808//808 815//815 807//807
f 811//811 809//809 819//819
f 818//818 819//819 809//809
f 820//820 811//811 813//813
f 819//819 813//813 811//811
f 821//821 811//811 820//820
f 823//823 810//810 822//822
f 812//812 822//822 810//810
f 814//814 812//812 821//821
f 822//822 812//812 814//814
f 812//812 811//811 821//821
f 830//830 825//825 827//827
f 826//826 829//829 832//832
f 829//829 830//830 831//831
f 840//840 833//833 841//841
f 840//840 836//836 839//839
f 839//839 842//842 834//834
f 841//841 836//836 840//840
f 836//836 837//837 839//839
f 838//838 842//842 837//837
f 837//837 842//842 839//839
f 835//835 836//836 841//841
f 844//844 843//843 846//846
f 845//845 849//849 850//850
f 849//849 844//844 847//847
f 859//859 856//856 855//855
f 860//860 857//857 856//856
f 862//862 859//859 858//858
f 863//863 860//860 859//859
f 852//852 851//851 855//855
f 856//856 857//857 853//853
f 868//868 854//854 853//853
f 870//870 868//868 857//857
f 853//853 857//857 868//868
f 857//857 860//860 870//870
f 862//862 861//861 864//864
f 865//865 867//867 863//863
f 863//863 869//869 860//860
f 866//866 863//863 867//867
f 869//869 863//863 866//866
f 872//872 881//881 880//880
f 873//873 880//880 879//879
f 880//880 881//881 879//879
f 874//874 872//872 871//871
f 876//876 874//874 875//875
f 881//881 874//874 876//876
f 881//881 877//877 878//878
f 876//876 877//877 881//881
f 872//872 874//874 881//881
f 890//890 887//887 886//886
f 891//891 888//888 887//887
f 883//883 882//882 886//886
f 887//887 888//888 884//884
f 897//897 885//885 884//884
f 896//896 897//897 888//888
f 884//884 888//888 897//897
f 890//890 889//889 892//892
f 893//893 895//895 891//891
f 894//894 896//896 891//891
f 891//891 895//895 894//894
f 907//907 903//903 902//902
f 908//908 904//904 903//903
f 911//911 907//907 906//906
f 912//912 908//908 907//907
f 899//899 898//898 902//902
f 903//903 904//904 900//900
f 901//901 900//900 904//904
f 905//905 904//904 908//908
f 911//911 910//910 913//913
f 914//914 916//916 912//912
f 912//912 909//909 908//908
f 915//915 912//912 916//916
f 909//909 912//912 915//915
f 925//925 922//922 921//921
f 926//926 923//923 922//922
f 918//918 917//917 921//921
f 922//922 923//923 919//919
f 933//933 920//920 919//919
f 932//932 933//933 923//923
f 919//919 923//923 933//933
f 925//925 924//924 927//927
f 928//928 929//929 926//926
f 931//931 932//932 926//926
f 926//926 929//929 930//930
f 937//937 936//936 934//934
f 937//937 939//939 938//938
f 941//941 943//943 942//942
f 944//944 942//942 943//943
f 947//947 949//949 948//948
f 950//950 948//948 949//949
f 953//953 955//955 954//954
f 960//960 958//958 957//957
f 957//957 956//956 966//966
f 957//957 966//966 967//967
f 958//958 965//965 957//957
f 956//956 957//957 965//965
f 965//965 958//958 964//964
f 964//964 958//958 960//960
f 959//959 957//957 967//967
f 959//959 968//968 969//969
f 961//961 959//959 969//969
f 962//962 963//963 960//960
f 960//960 963//963 964//964
f 959//959 962//962 960//960
f 962//962 959//959 961//961
f 974//974 973//973 970//970
f 974//974 972//972 973//973
f 971//971 973//973 972//972
f 978//978 975//975 979//979
f 980//980 979//979 976//976
f 980//980 977//977 978//978
f 979//979 980//980 978//978
f 982//982 991//991 989//989
f 983//983 989//989 990//990
f 989//989 991//991 990//990
f 984//984 982//982 981//981
f 986//986 984//984 985//985
f 991//991 984//984 986//986
f 991//991 987//987 988//988
f 986//986 987//987 991//991
f 982//982 984//984 991//991
f 993//993 992//992 996//996
f 995//995 994//994 999//999
f 994//994 993//993 997//997
f 1007//1007 1004//1004 1003//1003
f 1008//1008 1005//1005 1004//1004
f 1010//1010 1007//1007 1006//1006
f 1011//1011 1008//1008 1007//1007
f 1013//1013 1010//1010 1009//1009
f 1014//1014 1011//1011 1010//1010
f 1016//1016 1013//1013 1012//1012
f 1017//1017 1014//1014 1013//1013
f 1019//1019 1016//1016 1015//1015
f 1020//1020 1017//1017 1016//1016
f 1022//1022 1019//1019 1018//1018
f 1023//1023 1020//1020 1019//1019
f 1001//1001 1000//1000 1003//1003
f 1027//1027 1001//1001 1004//1004
f 1032//1032 1027//1027 1005//1005
f 1032//1032 1002//1002 1027//1027
f 1031//1031 1032//1032 1005//1005
f 1030//1030 1008//1008 1011//1011
f 1014//1014 1029//1029 1011//1011
f 1030//1030 1011//1011 1029//1029
f 1031//1031 1008//1008 1030//1030
f 1022//1022 1021//1021 1024//1024
f 1025//1025 1028//1028 1023//1023
f 1035//1035 1029//1029 1014//1014
f 1034//1034 1035//1035 1017//1017
f 1033//1033 1020//1020 1023//1023
f 1023//1023 1026//1026 1033//1033
f 1026//1026 1023//1023 1028//1028
f 1034//1034 1020//1020 1033//1033
f 1042//1042 1040//1040 1039//1039
f 1044//1044 1042//1042 1041//1041
f 1036//1036 1050//1050 1037//1037
f 1050//1050 1051//1051 1039//1039
f 1049//1049 1037//1037 1039//1039
f 1040//1040 1038//1038 1049//1049
f 1042//1042 1055//1055 1040//1040
f 1038//1038 1040//1040 1055//1055
f 1041//1041 1051//1051 1052//1052
f 1052//1052 1043//1043 1041//1041
f 1046//1046 1043//1043 1045//1045
f 1052//1052 1045//1045 1043//1043
f 1046//1046 1047//1047 1044//1044
f 1053//1053 1054//1054 1044//1044
f 1042//1042 1044//1044 1054//1054
f 1048//1048 1053//1053 1047//1047
f 1055//1055 1042//1042 1054//1054
f 1058//1058 1057//1057 1061//1061
f 1059//1059 1058//1058 1065//1065
f 1058//1058 1064//1064 1065//1065
f 1063//1063 1057//1057 1056//1056
f 1061//1061 1063//1063 1060//1060
f 1064//1064 1062//1062 1065//1065
f 1061//1061 1057//1057 1063//1063
f 1067//1067 1066//1066 1069//1069
f 1068//1068 1073//1073 1071//1071
f 1073//1073 1067//1067 1070//1070
f 1081//1081 1079//1079 1078//1078
f 1083//1083 1081//1081 1080//1080
f 1074//1074 1088//1088 1075//1075
f 1088//1088 1089//1089 1078//1078
f 1078//1078 1079//1079 1076//1076
f 1093//1093 1077//1077 1076//1076
f 1092//1092 1093//1093 1079//1079
f 1082//1082 1080//1080 1090//1090
f 1089//1089 1090//1090 1080//1080
f 1086//1086 1082//1082 1084//1084
f 1090//1090 1084//1084 1082//1082
f 1086//1086 1087//1087 1083//1083
f 1092//1092 1081//1081 1091//1091
f 1083//1083 1091//1091 1081//1081
f 1085//1085 1083//1083 1087//1087
f 1091//1091 1083//1083 1085//1085
f 1099//1099 1097//1097 1096//1096
f 1101//1101 1099//1099 1098//1098
f 1108//1108 1107//1107 1094//1094
f 1096//1096 1108//1108 1109//1109
f 1107//1107 1108//1108 1096//1096
f 1106//1106 1107//1107 1096//1096
f 1113//1113 1095//1095 1106//1106
f 1112//1112 1113//1113 1097//1097
f 1106//1106 1097//1097 1113//1113
f 1097//1097 1099//1099 1112//1112
f 1098//1098 1096//1096 1109//1109
f 1100//1100 1098//1098 1110//1110
f 1109//1109 1110//1110 1098//1098
f 1103//1103 1100//1100 1102//1102
f 1110//1110 1102//1102 1100//1100
f 1103//1103 1104//1104 1101//1101
f 1112//1112 1099//1099 1111//1111
f 1101//1101 1111//1111 1099//1099
f 1105//1105 1101//1101 1104//1104
f 1111//1111 1101//1101 1105//1105
f 1121//1121 1119//1119 1118//1118
f 1123//1123 1121//1121 1120//1120
f 1118//1118 1115//1115 1114//1114
f 1120//1120 1118//1118 1127//1127
f 1114//1114 1127//1127 1118//1118
f 1118//1118 1119//1119 1116//1116
f 1116//1116 1119//1119 1117//1117
f 1119//1119 1121//1121 1130//1130
f 1120//1120 1127//1127 1128//1128
f 1128//1128 1129//1129 1122//1122
f 1129//1129 1124//1124 1125//1125
f 1125//1125 1132//1132 1123//1123
f 1123//1123 1131//1131 1121//1121
f 1126//1126 1123//1123 1132//1132
f 1131//1131 1123//1123 1126//1126
f 1140//1140 1137//1137 1136//1136
f 1141//1141 1138//1138 1137//1137
f 1143//1143 1140//1140 1139//1139
f 1144//1144 1141//1141 1140//1140
f 1146//1146 1143//1143 1142//1142
f 1147//1147 1144//1144 1143//1143
f 1134//1134 1133//1133 1136//1136
f 1150//1150 1134//1134 1137//1137
f 1156//1156 1135//1135 1150//1150
f 1138//1138 1141//1141 1155//1155
f 1154//1154 1155//1155 1141//1141
f 1156//1156 1150//1150 1138//1138
f 1146//1146 1145//1145 1151//1151
f 1146//1146 1151//1151 1152//1152
f 1147//1147 1146//1146 1152//1152
f 1153//1153 1154//1154 1144//1144
f 1144//1144 1154//1154 1141//1141
f 1149//1149 1153//1153 1147//1147
f 1144//1144 1147//1147 1153//1153
f 1152//1152 1149//1149 1147//1147
f 1163//1163 1160//1160 1159//1159
f 1164//1164 1161//1161 1160//1160
f 1166//1166 1163//1163 1162//1162
f 1167//1167 1164//1164 1163//1163
f 1172//1172 1157//1157 1159//1159
f 1171//1171 1172//1172 1160//1160
f 1161//1161 1158//1158 1171//1171
f 1174//1174 1175//1175 1161//1161
f 1158//1158 1161//1161 1175//1175
f 1161//1161 1171//1171 1160//1160
f 1166//1166 1165//1165 1168//1168
f 1169//1169 1176//1176 1167//1167
f 1174//1174 1164//1164 1173//1173
f 1167//1167 1173//1173 1164//1164
f 1170//1170 1167//1167 1176//1176
f 1173//1173 1167//1167 1170//1170
f 1183//1183 1181//1181 1180//1180
f 1185//1185 1183//1183 1182//1182
f 1187//1187 1185//1185 1184//1184
f 1190//1190 1187//1187 1186//1186
f 1193//1193 1190//1190 1189//1189
f 1195//1195 1192//1192 1191//1191
f 1196//1196 1193//1193 1192//1192
f 1198//1198 1195//1195 1194//1194
f 1199//1199 1196//1196 1195//1195
f 1201//1201 1198//1198 1197//1197
f 1202//1202 1199//1199 1198//1198
f 1204//1204 1201//1201 1200//1200
f 1205//1205 1202//1202 1201//1201
f 1207//1207 1204//1204 1203//1203
f 1208//1208 1205//1205 1204//1204
f 1210//1210 1207//1207 1206//1206
f 1211//1211 1208//1208 1207//1207
f 1177//1177 1215//1215 1180//1180
f 1219//1219 1178//1178 1180//1180
f 1215//1215 1182//1182 1180//1180
f 1182//1182 1215//1215 1216//1216
f 1216//1216 1217//1217 1184//1184
f 1217//1217 1218//1218 1186//1186
f 1218//1218 1188//1188 1186//1186
f 1224//1224 1219//1219 1181//1181
f 1219//1219 1224//1224 1179//1179
f 1181//1181 1223//1223 1224//1224
f 1223//1223 1181//1181 1183//1183
f 1222//1222 1183//1183 1185//1185
f 1221//1221 1185//1185 1187//1187
f 1185//1185 1221//1221 1222//1222
f 1227//1227 1221//1221 1187//1187
f 1223//1223 1183//1183 1222//1222
f 1191//1191 1192//1192 1189//1189
f 1190//1190 1193//1193 1226//1226
f 1210//1210 1209//1209 1212//1212
f 1213//1213 1220//1220 1211//1211
f 1226//1226 1193//1193 1196//1196
f 1199//1199 1202//1202 1225//1225
f 1225//1225 1226//1226 1196//1196
f 1202//1202 1205//1205 1228//1228
f 1199//1199 1225//1225 1196//1196
f 1230//1230 1205//1205 1208//1208
f 1229//1229 1208//1208 1211//1211
f 1208//1208 1229//1229 1230//1230
f 1211//1211 1214//1214 1229//1229
f 1214//1214 1211//1211 1220//1220
f 1239//1239 1241//1241 1238//1238
f 1240//1240 1232//1232 1241//1241
f 1232//1232 1238//1238 1241//1241
f 1233//1233 1239//1239 1231//1231
f 1235//1235 1233//1233 1234//1234
f 1241//1241 1233//1233 1235//1235
f 1236//1236 1241//1241 1237//1237
f 1235//1235 1237//1237 1241//1241
f 1240//1240 1241//1241 1236//1236
f 1239//1239 1233//1233 1241//1241
f 1243//1243 1252//1252 1250//1250
f 1244//1244 1250//1250 1251//1251
f 1250//1250 1252//1252 1251//1251
f 1245//1245 1243//1243 1242//1242
f 1248//1248 1245//1245 1246//1246
f 1252//1252 1245//1245 1248//1248
f 1247//1247 1252//1252 1249//1249
f 1251//1251 1252//1252 1247//1247
f 1243//1243 1245//1245 1252//1252
f 1254//1254 1253//1253 1256//1256
f 1264//1264 1254//1254 1256//1256
f 1255//1255 1262//1262 1264//1264
f 1254//1254 1264//1264 1262//1262
f 1264//1264 1256//1256 1259//1259
f 1259//1259 1261//1261 1264//1264
f 1261//1261 1263//1263 1264//1264
f 1263//1263 1257//1257 1264//1264
f 1261//1261 1260//1260 1263//1263
f 1258//1258 1259//1259 1256//1256
f 1266//1266 1275//1275 1272//1272
f 1267//1267 1272//1272 1274//1274
f 1272//1272 1275//1275 1274//1274
f 1268//1268 1266//1266 1265//1265
f 1270//1270 1268//1268 1269//1269
f 1275//1275 1268//1268 1270//1270
f 1271//1271 1275//1275 1273//1273
f 1270//1270 1273//1273 1275//1275
f 1274//1274 1275//1275 1271//1271
f 1266//1266 1268//1268 1275//1275
f 1277//1277 1276//1276 1279//1279
f 1277//1277 1286//1286 1285//1285
f 1278//1278 1285//1285 1286//1286
f 1279//1279 1282//1282 1277//1277
f 1277//1277 1282//1282 1286//1286
f 1286//1286 1282//1282 1284//1284
f 1280//1280 1286//1286 1284//1284
f 1281//1281 1282//1282 1279//1279
f 1290//1290 1288//1288 1287//1287
f 1295//1295 1289//1289 1293//1293
f 1293//1293 1288//1288 1295//1295
f 1291//1291 1294//1294 1290//1290
f 1292//1292 1295//1295 1294//1294
f 1289//1289 1295//1295 1292//1292
f 1288//1288 1290//1290 1295//1295
f 1304//1304 1306//1306 1303//1303
f 1305//1305 1297//1297 1306//1306
f 1297//1297 1303//1303 1306//1306
f 1298//1298 1304//1304 1296//1296
f 1300//1300 1298//1298 1299//1299
f 1306//1306 1298//1298 1300//1300
f 1301//1301 1306//1306 1302//1302
f 1300//1300 1302//1302 1306//1306
f 1305//1305 1306//1306 1301//1301
f 1304//1304 1298//1298 1306//1306
f 1307//1307 1315//1315 1309//1309
f 1315//1315 1316//1316 1309//1309
f 1311//1311 1310//1310 1317//1317
f 1317//1317 1313//1313 1312//1312
f 1313//1313 1314//1314 1312//1312
f 1319//1319 1318//1318 1320//1320
f 1322//1322 1326//1326 1327//1327
f 1325//1325 1327//1327 1326//1326
f 1329//1329 1328//1328 1331//1331
f 1332//1332 1333//1333 1331//1331
f 1335//1335 1334//1334 1336//1336
f 1342//1342 1341//1341 1339//1339
f 1344//1344 1343//1343 1341//1341
f 1339//1339 1346//1346 1338//1338
f 1341//1341 1347//1347 1339//1339
f 1353//1353 1339//1339 1338//1338
f 1352//1352 1340//1340 1353//1353
f 1340//1340 1339//1339 1353//1353
f 1352//1352 1342//1342 1340//1340
f 1341//1341 1348//1348 1347//1347
f 1345//1345 1348//1348 1343//1343
f 1343//1343 1349//1349 1345//1345
f 1350//1350 1349//1349 1343//1343
f 1352//1352 1351//1351 1342//1342
f 1344//1344 1342//1342 1351//1351
f 1351//1351 1350//1350 1344//1344
f 1343//1343 1344//1344 1350//1350
f 1348//1348 1341//1341 1343//1343
f 1360//1360 1357//1357 1356//1356
f 1361//1361 1358//1358 1357//1357
f 1357//1357 1354//1354 1356//1356
f 1366//1366 1354//1354 1357//1357
f 1358//1358 1355//1355 1366//1366
f 1367//1367 1368//1368 1358//1358
f 1355//1355 1358//1358 1368//1368
f 1358//1358 1366//1366 1357//1357
f 1360//1360 1359//1359 1362//1362
f 1363//1363 1365//1365 1361//1361
f 1364//1364 1367//1367 1361//1361
f 1361//1361 1367//1367 1358//1358
f 1361//1361 1365//1365 1364//1364
f 1373//1373 1369//1369 1372//1372
f 1373//1373 1372//1372 1371//1371
f 1370//1370 1371//1371 1372//1372
f 1375//1375 1374//1374 1377//1377
f 1378//1378 1377//1377 1376//1376
f 1381//1381 1384//1384 1379//1379
f 1385//1385 1383//1383 1384//1384
f 1385//1385 1382//1382 1383//1383
f 1381//1381 1385//1385 1384//1384
f 1386//1386 1392//1392 1387//1387
f 1387//1387 1396//1396 1388//1388
f 1388//1388 1395//1395 1389//1389
f 1393//1393 1396//1396 1390//1390
f 1392//1392 1390//1390 1396//1396
f 1394//1394 1396//1396 1393//1393
f 1391//1391 1395//1395 1394//1394
f 1394//1394 1395//1395 1388//1388
f 1396//1396 1394//1394 1388//1388
f 1398//1398 1397//1397 1404//1404
f 1398//1398 1404//1404 1402//1402
f 1404//1404 1405//1405 1402//1402
f 1406//1406 1399//1399 1403//1403
f 1403//1403 1401//1401 1406//1406
f 1408//1408 1407//1407 1409//1409
f 1411//1411 1415//1415 1416//1416
f 1414//1414 1416//1416 1415//1415
f 1418//1418 1417//1417 1420//1420
f 1421//1421 1422//1422 1420//1420
f 1424//1424 1423//1423 1425//1425
f 1432//1432 1431//1431 1428//1428
f 1434//1434 1433//1433 1431//1431
f 1428//1428 1436//1436 1427//1427
f 1431//1431 1430//1430 1428//1428
f 1442//1442 1428//1428 1427//1427
f 1441//1441 1429//1429 1442//1442
f 1429//1429 1428//1428 1442//1442
f 1441//1441 1432//1432 1429//1429
f 1430//1430 1431//1431 1437//1437
f 1435//1435 1437//1437 1433//1433
f 1433//1433 1438//1438 1435//1435
f 1439//1439 1438//1438 1433//1433
f 1441//1441 1440//1440 1432//1432
f 1434//1434 1432//1432 1440//1440
f 1440//1440 1439//1439 1434//1434
f 1433//1433 1434//1434 1439//1439
f 1448//1448 1446//1446 1445//1445
f 1445//1445 1443//1443 1453//1453
f 1453//1453 1454//1454 1445//1445
f 1455//1455 1443//1443 1445//1445
f 1446//1446 1444//1444 1455//1455
f 1457//1457 1458//1458 1446//1446
f 1444//1444 1446//1446 1458//1458
f 1446//1446 1455//1455 1445//1445
f 1447//1447 1445//1445 1454//1454
f 1446//1446 1448//1448 1457//1457
f 1448//1448 1447//1447 1450//1450
f 1447//1447 1449//1449 1450//1450
f 1449//1449 1447//1447 1454//1454
f 1456//1456 1457//1457 1448//1448
f 1452//1452 1456//1456 1451//1451
f 1463//1463 1459//1459 1462//1462
f 1463//1463 1462//1462 1461//1461
f 1460//1460 1461//1461 1462//1462
f 1465//1465 1464//1464 1467//1467
f 1468//1468 1467//1467 1466//1466
f 1475//1475 1473//1473 1472//1472
f 1477//1477 1475//1475 1474//1474
f 1479//1479 1477//1477 1476//1476
f 1481//1481 1479//1479 1478//1478
f 1483//1483 1481//1481 1480//1480
f 1469//1469 1488//1488 1470//1470
f 1474//1474 1489//1489 1490//1490
f 1489//1489 1474//1474 1472//1472
f 1474//1474 1490//1490 1476//1476
f 1488//1488 1489//1489 1472//1472
f 1497//1497 1470//1470 1472//1472
f 1499//1499 1497//1497 1473//1473
f 1497//1497 1499//1499 1471//1471
f 1473//1473 1475//1475 1499//1499
f 1496//1496 1498//1498 1477//1477
f 1476//1476 1490//1490 1491//1491
f 1478//1478 1491//1491 1492//1492
f 1480//1480 1478//1478 1492//1492
f 1493//1493 1484//1484 1482//1482
f 1485//1485 1486//1486 1483//1483
f 1480//1480 1493//1493 1482//1482
f 1479//1479 1481//1481 1495//1495
f 1479//1479 1495//1495 1496//1496
f 1479//1479 1496//1496 1477//1477
f 1487//1487 1483//1483 1486//1486
f 1483//1483 1487//1487 1494//1494
f 1481//1481 1483//1483 1494//1494
f 1491//1491 1478//1478 1476//1476
f 1505//1505 1503//1503 1502//1502
f 1507//1507 1505//1505 1504//1504
f 1509//1509 1507//1507 1506//1506
f 1511//1511 1509//1509 1508//1508
f 1513//1513 1511//1511 1510//1510
f 1523//1523 1500//1500 1521//1521
f 1502//1502 1523//1523 1521//1521
f 1504//1504 1502//1502 1521//1521
f 1506//1506 1504//1504 1516//1516
f 1522//1522 1523//1523 1502//1502
f 1501//1501 1522//1522 1503//1503
f 1503//1503 1522//1522 1502//1502
f 1503//1503 1530//1530 1501//1501
f 1503//1503 1505//1505 1530//1530
f 1505//1505 1507//1507 1529//1529
f 1509//1509 1528//1528 1507//1507
f 1508//1508 1506//1506 1518//1518
f 1510//1510 1508//1508 1519//1519
f 1514//1514 1512//1512 1520//1520
f 1514//1514 1524//1524 1512//1512
f 1510//1510 1520//1520 1512//1512
f 1519//1519 1520//1520 1510//1510
f 1527//1527 1509//1509 1511//1511
f 1511//1511 1526//1526 1527//1527
f 1526//1526 1511//1511 1513//1513
f 1528//1528 1509//1509 1527//1527
f 1513//1513 1512//1512 1525//1525
f 1524//1524 1525//1525 1512//1512
f 1526//1526 1513//1513 1515//1515
f 1525//1525 1515//1515 1513//1513
f 1536//1536 1534//1534 1533//1533
f 1538//1538 1536//1536 1535//1535
f 1542//1542 1546//1546 1531//1531
f 1533//1533 1546//1546 1542//1542
f 1543//1543 1533//1533 1542//1542
f 1534//1534 1532//1532 1545//1545
f 1549//1549 1532//1532 1534//1534
f 1533//1533 1534//1534 1545//1545
f 1548//1548 1549//1549 1534//1534
f 1533//1533 1545//1545 1546//1546
f 1543//1543 1535//1535 1533//1533
f 1537//1537 1535//1535 1544//1544
f 1543//1543 1544//1544 1535//1535
f 1540//1540 1537//1537 1539//1539
f 1544//1544 1539//1539 1537//1537
f 1540//1540 1547//1547 1538//1538
f 1538//1538 1548//1548 1536//1536
f 1541//1541 1538//1538 1547//1547
f 1548//1548 1538//1538 1541//1541
f 1551//1551 1550//1550 1554//1554
f 1553//1553 1552//1552 1556//1556
f 1552//1552 1551//1551 1555//1555
f 1559//1559 1558//1558 1564//1564
f 1561//1561 1560//1560 1563//1563
f 1560//1560 1559//1559 1565//1565
f 1559//1559 1564//1564 1565//1565
f 1568//1568 1567//1567 1571//1571
f 1569//1569 1568//1568 1575//1575
f 1568//1568 1572//1572 1575//1575
f 1574//1574 1567//1567 1566//1566
f 1571//1571 1574//1574 1570//1570
f 1571//1571 1567//1567 1574//1574
f 1578//1578 1577//1577 1581//1581
f 1579//1579 1578//1578 1585//1585
f 1578//1578 1582//1582 1585//1585
f 1584//1584 1577//1577 1576//1576
f 1581//1581 1584//1584 1580//1580
f 1581//1581 1577//1577 1584//1584
f 1591//1591 1588//1588 1587//1587
f 1586//1586 1596//1596 1587//1587
f 1597//1597 1589//1589 1588//1588
f 1593//1593 1590//1590 1592//1592
f 1593//1593 1594//1594 1591//1591
f 1591//1591 1594//1594 1595//1595
f 1599//1599 1598//1598 1606//1606
f 1600//1600 1599//1599 1603//1603
f 1600//1600 1607//1607 1601//1601
f 1603//1603 1599//1599 1606//1606
f 1605//1605 1607//1607 1604//1604
f 1604//1604 1607//1607 1600//1600
f 1617//1617 1613//1613 1616//1616
f 1609//1609 1616//1616 1615//1615
f 1616//1616 1614//1614 1615//1615
f 1612//1612 1617//1617 1608//1608
f 1613//1613 1612//1612 1610//1610
f 1613//1613 1614//1614 1616//1616
f 1614//1614 1611//1611 1615//1615
f 1613//1613 1617//1617 1612//1612
f 1620//1620 1619//1619 1623//1623
f 1621//1621 1620//1620 1627//1627
f 1620//1620 1624//1624 1627//1627
f 1626//1626 1619//1619 1618//1618
f 1623//1623 1626//1626 1622//1622
f 1623//1623 1619//1619 1626//1626
f 1635//1635 1633//1633 1632//1632
f 1628//1628 1638//1638 1629//1629
f 1639//1639 1632//1632 1638//1638
f 1632//1632 1633//1633 1630//1630
f 1643//1643 1631//1631 1630//1630
f 1642//1642 1643//1643 1633//1633
f 1636//1636 1634//1634 1639//1639
f 1634//1634 1636//1636 1640//1640
f 1641//1641 1634//1634 1640//1640
f 1637//1637 1642//1642 1635//1635
f 1635//1635 1642//1642 1633//1633
f 1635//1635 1641//1641 1637//1637
f 1641//1641 1635//1635 1634//1634
f 1639//1639 1634//1634 1632//1632
f 1645//1645 1644//1644 1652//1652
f 1646//1646 1645//1645 1649//1649
f 1646//1646 1653//1653 1647//1647
f 1649//1649 1645//1645 1652//1652
f 1651//1651 1653//1653 1650//1650
f 1655//1655 1654//1654 1662//1662
f 1656//1656 1655//1655 1659//1659
f 1656//1656 1663//1663 1657//1657
f 1659//1659 1655//1655 1662//1662
f 1661//1661 1663//1663 1660//1660
f 1660//1660 1663//1663 1656//1656
f 1669//1669 1667//1667 1666//1666
f 1671//1671 1669//1669 1668//1668
f 1673//1673 1671//1671 1670//1670
f 1675//1675 1673//1673 1672//1672
f 1685//1685 1664//1664 1666//1666
f 1680//1680 1666//1666 1664//1664
f 1684//1684 1685//1685 1666//1666
f 1680//1680 1681//1681 1668//1668
f 1665//1665 1684//1684 1690//1690
f 1667//1667 1690//1690 1684//1684
f 1667//1667 1669//1669 1689//1689
f 1669//1669 1688//1688 1689//1689
f 1671//1671 1688//1688 1669//1669
f 1681//1681 1682//1682 1668//1668
f 1670//1670 1682//1682 1672//1672
f 1683//1683 1672//1672 1682//1682
f 1683//1683 1676//1676 1674//1674
f 1677//1677 1678//1678 1675//1675
f 1672//1672 1683//1683 1674//1674
f 1671//1671 1673//1673 1687//1687
f 1688//1688 1671//1671 1687//1687
f 1679//1679 1675//1675 1678//1678
f 1675//1675 1679//1679 1686//1686
f 1673//1673 1675//1675 1686//1686
f 1692//1692 1691//1691 1695//1695
f 1694//1694 1693//1693 1697//1697
f 1693//1693 1692//1692 1696//1696
f 1703//1703 1704//1704 1706//1706
f 1700//1700 1703//1703 1708//1708
f 1703//1703 1707//1707 1708//1708
f 1705//1705 1704//1704 1699//1699
f 1706//1706 1705//1705 1701//1701
f 1706//1706 1704//1704 1705//1705
f 1714//1714 1709//1709 1711//1711
f 1710//1710 1713//1713 1716//1716
f 1713//1713 1714//1714 1715//1715
f 1723//1723 1720//1720 1719//1719
f 1724//1724 1721//1721 1720//1720
f 1728//1728 1717//1717 1719//1719
f 1727//1727 1728//1728 1720//1720
f 1721//1721 1718//1718 1727//1727
f 1718//1718 1721//1721 1733//1733
f 1721//1721 1724//1724 1733//1733
f 1723//1723 1722//1722 1729//1729
f 1730//1730 1723//1723 1729//1729
f 1731//1731 1732//1732 1724//1724
f 1731//1731 1724//1724 1726//1726
f 1730//1730 1726//1726 1724//1724
f 1730//1730 1724//1724 1723//1723
f 1752//1752 1751//1751 1747//1747
f 1737//1737 1748//1748 1752//1752
f 1747//1747 1737//1737 1752//1752
f 1757//1757 1756//1756 1752//1752
f 1748//1748 1753//1753 1757//1757
f 1752//1752 1748//1748 1757//1757
f 1753//1753 1758//1758 1760//1760
f 1757//1757 1760//1760 1759//1759
f 1752//1752 1756//1756 1755//1755
f 1755//1755 1749//1749 1734//1734
f 1750//1750 1751//1751 1755//1755
f 1734//1734 1750//1750 1755//1755
f 1747//1747 1751//1751 1736//1736
f 1747//1747 1736//1736 1738//1738
f 1739//1739 1737//1737 1747//1747
f 1738//1738 1739//1739 1747//1747
f 1741//1741 1739//1739 1740//1740
f 1743//1743 1741//1741 1740//1740
f 1745//1745 1743//1743 1742//1742
f 1759//1759 1754//1754 1749//1749
f 1735//1735 1746//1746 1760//1760
f 1746//1746 1754//1754 1760//1760
f 1756//1756 1759//1759 1755//1755
f 1749//1749 1755//1755 1759//1759
f 1770//1770 1769//1769 1767//1767
f 1763//1763 1768//1768 1770//1770
f 1767//1767 1763//1763 1770//1770
f 1774//1774 1773//1773 1770//1770
f 1768//1768 1771//1771 1774//1774
f 1770//1770 1768//1768 1774//1774
f 1771//1771 1775//1775 1777//1777
f 1774//1774 1777//1777 1776//1776
f 1770//1770 1773//1773 1772//1772
f 1776//1776 1766//1766 1761//1761
f 1772//1772 1776//1776 1761//1761
f 1777//1777 1766//1766 1776//1776
f 1762//1762 1766//1766 1775//1775
f 1772//1772 1761//1761 1769//1769
f 1767//1767 1761//1761 1764//1764
f 1769//1769 1761//1761 1767//1767
f 1767//1767 1765//1765 1763//1763
f 1765//1765 1767//1767 1764//1764
f 1776//1776 1772//1772 1773//1773
f 1780//1780 1779//1779 1783//1783
f 1783//1783 1781//1781 1782//1782
f 1785//1785 1784//1784 1786//1786
f 1788//1788 1789//1789 1787//1787
f 1803//1803 1799//1799 1804//1804
f 1806//1806 1804//1804 1802//1802
f 1804//1804 1799//1799 1796//1796
f 1800//1800 1802//1802 1804//1804
f 1796//1796 1800//1800 1804//1804
f 1802//1802 1800//1800 1798//1798
f 1800//1800 1796//1796 1792//1792
f 1797//1797 1798//1798 1800//1800
f 1792//1792 1797//1797 1800//1800
f 1798//1798 1797//1797 1793//1793
f 1793//1793 1801//1801 1798//1798
f 1791//1791 1790//1790 1797//1797
f 1791//1791 1797//1797 1792//1792
f 1790//1790 1793//1793 1797//1797
f 1802//1802 1801//1801 1805//1805
f 1793//1793 1805//1805 1801//1801
f 1795//1795 1805//1805 1793//1793
f 1803//1803 1806//1806 1795//1795
f 1795//1795 1806//1806 1805//1805
f 1811//1811 1810//1810 1808//1808
f 1808//1808 1813//1813 1807//1807
f 1808//1808 1814//1814 1813//1813
f 1809//1809 1808//1808 1820//1820
f 1807//1807 1820//1820 1808//1808
f 1820//1820 1819//1819 1809//1809
f 1819//1819 1811//1811 1809//1809
f 1814//1814 1808//1808 1815//1815
f 1810//1810 1812//1812 1815//1815
f 1816//1816 1812//1812 1810//1810
f 1817//1817 1811//1811 1818//1818
f 1811//1811 1819//1819 1818//1818
f 1810//1810 1811//1811 1817//1817
f 1817//1817 1816//1816 1810//1810
f 1826//1826 1824//1824 1823//1823
f 1828//1828 1826//1826 1825//1825
f 1831//1831 1828//1828 1827//1827
f 1835//1835 1834//1834 1821//1821
f 1834//1834 1835//1835 1823//1823
f 1833//1833 1834//1834 1823//1823
f 1839//1839 1822//1822 1833//1833
f 1838//1838 1839//1839 1824//1824
f 1833//1833 1824//1824 1839//1839
f 1824//1824 1826//1826 1838//1838
f 1835//1835 1836//1836 1823//1823
f 1827//1827 1825//1825 1836//1836
f 1830//1830 1827//1827 1829//1829
f 1836//1836 1829//1829 1827//1827
f 1838//1838 1826//1826 1837//1837
f 1828//1828 1837//1837 1826//1826
f 1832//1832 1828//1828 1831//1831
f 1837//1837 1828//1828 1832//1832
f 1842//1842 1840//1840 1843//1843
f 1843//1843 1841//1841 1844//1844
f 1843//1843 1844//1844 1842//1842
f 1849//1849 1846//1846 1845//1845
f 1850//1850 1847//1847 1846//1846
f 1850//1850 1849//1849 1848//1848
f 1846//1846 1849//1849 1850//1850
f 1853//1853 1852//1852 1856//1856
f 1854//1854 1853//1853 1859//1859
f 1853//1853 1857//1857 1859//1859
f 1860//1860 1852//1852 1851//1851
f 1860//1860 1855//1855 1856//1856
f 1862//1862 1861//1861 1867//1867
f 1864//1864 1863//1863 1866//1866
f 1863//1863 1862//1862 1868//1868
f 1862//1862 1867//1867 1868//1868
f 1870//1870 1872//1872 1871//1871
f 1880//1880 1878//1878 1877//1877
f 1882//1882 1880//1880 1879//1879
f 1873//1873 1887//1887 1874//1874
f 1887//1887 1888//1888 1877//1877
f 1877//1877 1878//1878 1875//1875
f 1892//1892 1876//1876 1875//1875
f 1891//1891 1892//1892 1878//1878
f 1878//1878 1880//1880 1891//1891
f 1881//1881 1879//1879 1889//1889
f 1888//1888 1889//1889 1879//1879
f 1884//1884 1881//1881 1883//1883
f 1889//1889 1883//1883 1881//1881
f 1884//1884 1885//1885 1882//1882
f 1891//1891 1880//1880 1890//1890
f 1882//1882 1890//1890 1880//1880
f 1886//1886 1882//1882 1885//1885
f 1890//1890 1882//1882 1886//1886
f 1899//1899 1896//1896 1895//1895
f 1900//1900 1897//1897 1896//1896
f 1902//1902 1899//1899 1898//1898
f 1903//1903 1900//1900 1899//1899
f 1912//1912 1893//1893 1895//1895
f 1911//1911 1912//1912 1896//1896
f 1897//1897 1894//1894 1911//1911
f 1909//1909 1910//1910 1897//1897
f 1894//1894 1897//1897 1910//1910
f 1897//1897 1911//1911 1896//1896
f 1902//1902 1901//1901 1906//1906
f 1907//1907 1902//1902 1906//1906
f 1909//1909 1900//1900 1908//1908
f 1903//1903 1908//1908 1900//1900
f 1905//1905 1903//1903 1907//1907
f 1908//1908 1903//1903 1905//1905
f 1903//1903 1902//1902 1907//1907
f 1919//1919 1916//1916 1915//1915
f 1920//1920 1917//1917 1916//1916
f 1922//1922 1919//1919 1918//1918
f 1923//1923 1920//1920 1919//1919
f 1929//1929 1913//1913 1915//1915
f 1928//1928 1929//1929 1916//1916
f 1917//1917 1914//1914 1928//1928
f 1931//1931 1932//1932 1917//1917
f 1914//1914 1917//1917 1932//1932
f 1917//1917 1928//1928 1916//1916
f 1922//1922 1921//1921 1926//1926
f 1927//1927 1922//1922 1926//1926
f 1931//1931 1920//1920 1930//1930
f 1923//1923 1930//1930 1920//1920
f 1925//1925 1923//1923 1927//1927
f 1930//1930 1923//1923 1925//1925
f 1923//1923 1922//1922 1927//1927
f 1940//1940 1938//1938 1937//1937
f 1945//1945 1934//1934 1933//1933
f 1937//1937 1934//1934 1945//1945
f 1946//1946 1937//1937 1945//1945
f 1950//1950 1936//1936 1935//1935
f 1937//1937 1938//1938 1935//1935
f 1949//1949 1950//1950 1938//1938
f 1939//1939 1937//1937 1946//1946
f 1941//1941 1939//1939 1947//1947
f 1939//1939 1941//1941 1943//1943
f 1943//1943 1944//1944 1940//1940
f 1948//1948 1949//1949 1940//1940
f 1940//1940 1949//1949 1938//1938
f 1942//1942 1948//1948 1944//1944
f 1940//1940 1944//1944 1948//1948
f 1952//1952 1951//1951 1957//1957
f 1953//1953 1952//1952 1961//1961
f 1960//1960 1954//1954 1953//1953
f 1961//1961 1952//1952 1957//1957
f 1958//1958 1961//1961 1955//1955
f 1957//1957 1955//1955 1961//1961
f 1958//1958 1959//1959 1962//1962
f 1956//1956 1962//1962 1959//1959
f 1960//1960 1962//1962 1956//1956
f 1971//1971 1970//1970 1963//1963
f 1964//1964 1969//1969 1967//1967
f 1969//1969 1970//1970 1966//1966
f 1966//1966 1971//1971 1965//1965
f 1966//1966 1970//1970 1971//1971
f 1979//1979 1982//1982 1978//1978
f 1977//1977 1973//1973 1982//1982
f 1973//1973 1978//1978 1982//1982
f 1974//1974 1979//1979 1972//1972
f 1980//1980 1974//1974 1975//1975
f 1982//1982 1974//1974 1980//1980
f 1976//1976 1982//1982 1981//1981
f 1977//1977 1982//1982 1976//1976
f 1979//1979 1974//1974 1982//1982
f 1990//1990 1983//1983 1985//1985
f 1990//1990 1993//1993 1989//1989
f 1989//1989 1993//1993 1984//1984
f 1985//1985 1993//1993 1990//1990
f 1993//1993 1985//1985 1991//1991
f 1988//1988 1993//1993 1987//1987
f 1992//1992 1987//1987 1993//1993
f 1984//1984 1993//1993 1988//1988
f 1986//1986 1991//1991 1985//1985
f 2000//2000 1997//1997 1996//1996
f 2001//2001 1998//1998 1997//1997
f 2003//2003 2000//2000 1999//1999
f 2004//2004 2001//2001 2000//2000
f 2006//2006 2003//2003 2002//2002
f 2007//2007 2004//2004 2003//2003
f 2009//2009 2006//2006 2005//2005
f 2010//2010 2007//2007 2006//2006
f 2012//2012 2009//2009 2008//2008
f 2013//2013 2010//2010 2009//2009
f 2017//2017 1994//1994 1996//1996
f 1997//1997 2016//2016 2017//2017
f 2016//2016 1997//1997 1998//1998
f 1995//1995 2016//2016 1998//1998
f 2025//2025 1995//1995 1998//1998
f 2024//2024 2025//2025 1998//1998
f 2001//2001 2004//2004 2023//2023
f 2022//2022 2023//2023 2004//2004
f 2012//2012 2011//2011 2018//2018
f 2012//2012 2018//2018 2019//2019
f 2019//2019 2013//2013 2012//2012
f 2022//2022 2007//2007 2021//2021
f 2007//2007 2010//2010 2021//2021
f 2015//2015 2020//2020 2013//2013
f 2010//2010 2013//2013 2020//2020
f 2019//2019 2015//2015 2013//2013
f 2004//2004 2007//2007 2022//2022
f 2032//2032 2029//2029 2028//2028
f 2033//2033 2030//2030 2029//2029
f 2035//2035 2032//2032 2031//2031
f 2036//2036 2033//2033 2032//2032
f 2045//2045 2026//2026 2028//2028
f 2044//2044 2045//2045 2029//2029
f 2030//2030 2027//2027 2044//2044
f 2042//2042 2043//2043 2030//2030
f 2027//2027 2030//2030 2043//2043
f 2030//2030 2044//2044 2029//2029
f 2035//2035 2034//2034 2039//2039
f 2040//2040 2035//2035 2039//2039
f 2042//2042 2033//2033 2041//2041
f 2036//2036 2041//2041 2033//2033
f 2038//2038 2036//2036 2040//2040
f 2041//2041 2036//2036 2038//2038
f 2036//2036 2035//2035 2040//2040
f 2052//2052 2049//2049 2048//2048
f 2053//2053 2050//2050 2049//2049
f 2055//2055 2052//2052 2051//2051
f 2056//2056 2053//2053 2052//2052
f 2065//2065 2046//2046 2048//2048
f 2064//2064 2065//2065 2049//2049
f 2050//2050 2047//2047 2064//2064
f 2062//2062 2063//2063 2050//2050
f 2047//2047 2050//2050 2063//2063
f 2050//2050 2064//2064 2049//2049
f 2055//2055 2054//2054 2059//2059
f 2060//2060 2055//2055 2059//2059
f 2062//2062 2053//2053 2061//2061
f 2056//2056 2061//2061 2053//2053
f 2058//2058 2056//2056 2060//2060
f 2061//2061 2056//2056 2058//2058
f 2056//2056 2055//2055 2060//2060
f 2073//2073 2069//2069 2068//2068
f 2074//2074 2070//2070 2069//2069
f 2076//2076 2073//2073 2072//2072
f 2077//2077 2074//2074 2073//2073
f 2082//2082 2066//2066 2068//2068
f 2081//2081 2082//2082 2069//2069
f 2067//2067 2081//2081 2070//2070
f 2070//2070 2074//2074 2085//2085
f 2069//2069 2070//2070 2081//2081
f 2076//2076 2075//2075 2083//2083
f 2084//2084 2076//2076 2083//2083
f 2078//2078 2085//2085 2074//2074
f 2078//2078 2077//2077 2080//2080
f 2084//2084 2077//2077 2076//2076
f 2092//2092 2089//2089 2088//2088
f 2093//2093 2090//2090 2089//2089
f 2095//2095 2092//2092 2091//2091
f 2096//2096 2093//2093 2092//2092
f 2102//2102 2086//2086 2088//2088
f 2101//2101 2102//2102 2089//2089
f 2090//2090 2087//2087 2101//2101
f 2104//2104 2105//2105 2090//2090
f 2087//2087 2090//2090 2105//2105
f 2090//2090 2093//2093 2104//2104
f 2090//2090 2101//2101 2089//2089
f 2095//2095 2094//2094 2099//2099
f 2100//2100 2095//2095 2099//2099
f 2104//2104 2093//2093 2103//2103
f 2096//2096 2103//2103 2093//2093
f 2098//2098 2096//2096 2100//2100
f 2103//2103 2096//2096 2098//2098
f 2096//2096 2095//2095 2100//2100
f 2112//2112 2109//2109 2108//2108
f 2113//2113 2110//2110 2109//2109
f 2115//2115 2112//2112 2111//2111
f 2116//2116 2113//2113 2112//2112
f 2120//2120 2106//2106 2108//2108
f 2119//2119 2120//2120 2109//2109
f 2110//2110 2107//2107 2119//2119
f 2124//2124 2125//2125 2110//2110
f 2107//2107 2110//2110 2125//2125
f 2110//2110 2119//2119 2109//2109
f 2115//2115 2114//2114 2121//2121
f 2122//2122 2115//2115 2121//2121
f 2124//2124 2113//2113 2123//2123
f 2116//2116 2123//2123 2113//2113
f 2118//2118 2116//2116 2122//2122
f 2123//2123 2116//2116 2118//2118
f 2116//2116 2115//2115 2122//2122
f 2132//2132 2129//2129 2128//2128
f 2133//2133 2130//2130 2129//2129
f 2137//2137 2126//2126 2128//2128
f 2136//2136 2137//2137 2129//2129
f 2130//2130 2127//2127 2136//2136
f 2140//2140 2141//2141 2130//2130
f 2127//2127 2130//2130 2141//2141
f 2130//2130 2136//2136 2129//2129
f 2132//2132 2131//2131 2138//2138
f 2139//2139 2132//2132 2138//2138
f 2135//2135 2140//2140 2133//2133
f 2133//2133 2140//2140 2130//2130
f 2133//2133 2139//2139 2135//2135
f 2139//2139 2133//2133 2132//2132
f 2150//2150 2142//2142 2144//2144
f 2150//2150 2151//2151 2149//2149
f 2149//2149 2151//2151 2143//2143
f 2144//2144 2151//2151 2150//2150
f 2151//2151 2144//2144 2147//2147
f 2146//2146 2151//2151 2148//2148
f 2143//2143 2151//2151 2146//2146
f 2145//2145 2147//2147 2144//2144
f 2158//2158 2162//2162 2157//2157
f 2161//2161 2153//2153 2162//2162
f 2153//2153 2157//2157 2162//2162
f 2154//2154 2158//2158 2152//2152
f 2159//2159 2154//2154 2155//2155
f 2162//2162 2154//2154 2159//2159
f 2156//2156 2162//2162 2160//2160
f 2161//2161 2162//2162 2156//2156
f 2158//2158 2154//2154 2162//2162
f 2164//2164 2166//2166 2165//2165
f 2167//2167 2165//2165 2166//2166
f 2170//2170 2172//2172 2171//2171
f 2173//2173 2171//2171 2172//2172
f 2176//2176 2178//2178 2177//2177
f 2180//2180 2186//2186 2179//2179
f 2186//2186 2180//2180 2184//2184
f 2186//2186 2184//2184 2187//2187
f 2187//2187 2183//2183 2185//2185
f 2181//2181 2185//2185 2182//2182
f 2192//2192 2190//2190 2189//2189
f 2189//2189 2188//2188 2198//2198
f 2198//2198 2199//2199 2189//2189
f 2197//2197 2188//2188 2189//2189
f 2196//2196 2197//2197 2190//2190
f 2189//2189 2190//2190 2197//2197
f 2190//2190 2192//2192 2196//2196
f 2191//2191 2199//2199 2200//2200
f 2193//2193 2191//2191 2200//2200
f 2194//2194 2195//2195 2192//2192
f 2192//2192 2195//2195 2196//2196
f 2191//2191 2194//2194 2192//2192
f 2194//2194 2191//2191 2193//2193
f 2205//2205 2204//2204 2201//2201
f 2205//2205 2203//2203 2204//2204
f 2202//2202 2204//2204 2203//2203
f 2209//2209 2206//2206 2210//2210
f 2211//2211 2210//2210 2207//2207
f 2211//2211 2208//2208 2209//2209
f 2210//2210 2211//2211 2209//2209
f 2217//2217 2215//2215 2214//2214
f 2214//2214 2228//2228 2212//2212
f 2212//2212 2220//2220 2214//2214
f 2227//2227 2228//2228 2214//2214
f 2215//2215 2213//2213 2227//2227
f 2225//2225 2226//2226 2215//2215
f 2213//2213 2215//2215 2226//2226
f 2215//2215 2227//2227 2214//2214
f 2216//2216 2214//2214 2220//2220
f 2222//2222 2216//2216 2221//2221
f 2221//2221 2218//2218 2222//2222
f 2223//2223 2216//2216 2222//2222
f 2224//2224 2225//2225 2217//2217
f 2217//2217 2225//2225 2215//2215
f 2224//2224 2217//2217 2219//2219
f 2223//2223 2219//2219 2217//2217
f 2223//2223 2217//2217 2216//2216
f 2236//2236 2234//2234 2233//2233
f 2239//2239 2236//2236 2235//2235
f 2229//2229 2244//2244 2230//2230
f 2244//2244 2245//2245 2233//2233
f 2247//2247 2232//2232 2231//2231
f 2233//2233 2234//2234 2231//2231
f 2237//2237 2247//2247 2234//2234
f 2238//2238 2235//2235 2246//2246
f 2245//2245 2246//2246 2235//2235
f 2242//2242 2238//2238 2240//2240
f 2246//2246 2240//2240 2238//2238
f 2243//2243 2238//2238 2242//2242
f 2239//2239 2237//2237 2236//2236
f 2241//2241 2239//2239 2243//2243
f 2237//2237 2239//2239 2241//2241
f 2239//2239 2238//2238 2243//2243
f 2253//2253 2250//2250 2249//2249
f 2256//2256 2253//2253 2252//2252
f 2259//2259 2256//2256 2255//2255
f 2265//2265 2249//2249 2248//2248
f 2252//2252 2265//2265 2266//2266
f 2255//2255 2252//2252 2266//2266
f 2249//2249 2265//2265 2252//2252
f 2251//2251 2250//2250 2253//2253
f 2254//2254 2253//2253 2256//2256
f 2260//2260 2258//2258 2267//2267
f 2258//2258 2260//2260 2262//2262
f 2258//2258 2262//2262 2263//2263
f 2259//2259 2258//2258 2263//2263
f 2264//2264 2257//2257 2256//2256
f 2261//2261 2264//2264 2259//2259
f 2263//2263 2261//2261 2259//2259
f 2267//2267 2258//2258 2255//2255
f 2275//2275 2268//2268 2270//2270
f 2269//2269 2274//2274 2273//2273
f 2274//2274 2275//2275 2272//2272
f 2284//2284 2276//2276 2282//2282
f 2284//2284 2279//2279 2283//2283
f 2283//2283 2285//2285 2277//2277
f 2282//2282 2279//2279 2284//2284
f 2279//2279 2280//2280 2283//2283
f 2281//2281 2285//2285 2280//2280
f 2280//2280 2285//2285 2283//2283
f 2278//2278 2279//2279 2282//2282
f 2317//2317 2316//2316 2312//2312
f 2289//2289 2313//2313 2317//2317
f 2312//2312 2289//2289 2317//2317
f 2322//2322 2321//2321 2317//2317
f 2313//2313 2318//2318 2322//2322
f 2317//2317 2313//2313 2322//2322
f 2318//2318 2323//2323 2325//2325
f 2322//2322 2325//2325 2321//2321
f 2317//2317 2321//2321 2320//2320
f 2320//2320 2314//2314 2286//2286
f 2315//2315 2316//2316 2320//2320
f 2286//2286 2315//2315 2320//2320
f 2312//2312 2316//2316 2288//2288
f 2312//2312 2288//2288 2290//2290
f 2291//2291 2289//2289 2312//2312
f 2290//2290 2291//2291 2312//2312
f 2293//2293 2291//2291 2290//2290
f 2300//2300 2295//2295 2293//2293
f 2292//2292 2294//2294 2300//2300
f 2293//2293 2292//2292 2300//2300
f 2307//2307 2303//2303 2308//2308
f 2310//2310 2308//2308 2306//2306
f 2308//2308 2303//2303 2299//2299
f 2304//2304 2306//2306 2308//2308
f 2299//2299 2304//2304 2308//2308
f 2306//2306 2304//2304 2305//2305
f 2304//2304 2299//2299 2295//2295
f 2300//2300 2302//2302 2304//2304
f 2295//2295 2300//2300 2304//2304
f 2302//2302 2300//2300 2301//2301
f 2324//2324 2319//2319 2314//2314
f 2321//2321 2324//2324 2320//2320
f 2314//2314 2320//2320 2324//2324
f 2324//2324 2325//2325 2319//2319
f 2287//2287 2311//2311 2323//2323
f 2305//2305 2302//2302 2301//2301
f 2309//2309 2306//2306 2305//2305
f 2301//2301 2296//2296 2305//2305
f 2296//2296 2309//2309 2305//2305
f 2298//2298 2310//2310 2309//2309
f 2298//2298 2297//2297 2307//2307
f 2298//2298 2309//2309 2296//2296
f 2337//2337 2336//2336 2333//2333
f 2329//2329 2334//2334 2337//2337
f 2333//2333 2329//2329 2337//2337
f 2341//2341 2340//2340 2337//2337
f 2334//2334 2338//2338 2341//2341
f 2337//2337 2334//2334 2341//2341
f 2338//2338 2342//2342 2344//2344
f 2341//2341 2344//2344 2343//2343
f 2337//2337 2340//2340 2339//2339
f 2333//2333 2336//2336 2335//2335
f 2355//2355 2351//2351 2356//2356
f 2358//2358 2356//2356 2354//2354
f 2356//2356 2351//2351 2347//2347
f 2352//2352 2354//2354 2356//2356
f 2347//2347 2352//2352 2356//2356
f 2354//2354 2352//2352 2349//2349
f 2357//2357 2354//2354 2353//2353
f 2346//2346 2350//2350 2357//2357
f 2353//2353 2346//2346 2357//2357
f 2352//2352 2347//2347 2329//2329
f 2333//2333 2349//2349 2352//2352
f 2329//2329 2333//2333 2352//2352
f 2349//2349 2333//2333 2328//2328
f 2353//2353 2349//2349 2348//2348
f 2330//2330 2346//2346 2353//2353
f 2348//2348 2330//2330 2353//2353
f 2332//2332 2326//2326 2343//2343
f 2339//2339 2343//2343 2326//2326
f 2343//2343 2339//2339 2340//2340
f 2339//2339 2326//2326 2335//2335
f 2327//2327 2332//2332 2342//2342
f 2344//2344 2332//2332 2343//2343
f 2339//2339 2335//2335 2336//2336
f 2358//2358 2357//2357 2350//2350
f 2355//2355 2358//2358 2345//2345
f 2369//2369 2371//2371 2370//2370
f 2366//2366 2368//2368 2365//2365
f 2370//2370 2359//2359 2367//2367
f 2365//2365 2367//2367 2359//2359
f 2368//2368 2370//2370 2367//2367
f 2364//2364 2359//2359 2370//2370
f 2371//2371 2360//2360 2364//2364
f 2370//2370 2371//2371 2364//2364
f 2369//2369 2360//2360 2371//2371
f 2372//2372 2361//2361 2365//2365
f 2359//2359 2372//2372 2365//2365
f 2372//2372 2362//2362 2361//2361
f 2361//2361 2369//2369 2366//2366
f 2366//2366 2369//2369 2368//2368
f 2365//2365 2361//2361 2366//2366
f 2360//2360 2369//2369 2361//2361
f 2373//2373 2378//2378 2375//2375
f 2377//2377 2375//2375 2378//2378
f 2392//2392 2388//2388 2393//2393
f 2395//2395 2393//2393 2391//2391
f 2393//2393 2388//2388 2385//2385
f 2389//2389 2391//2391 2393//2393
f 2385//2385 2389//2389 2393//2393
f 2391//2391 2389//2389 2387//2387
f 2389//2389 2385//2385 2381//2381
f 2386//2386 2387//2387 2389//2389
f 2381//2381 2386//2386 2389//2389
f 2387//2387 2386//2386 2382//2382
f 2382//2382 2390//2390 2387//2387
f 2380//2380 2379//2379 2386//2386
f 2380//2380 2386//2386 2381//2381
f 2379//2379 2382//2382 2386//2386
f 2391//2391 2390//2390 2394//2394
f 2382//2382 2394//2394 2390//2390
f 2384//2384 2394//2394 2382//2382
f 2392//2392 2395//2395 2384//2384
f 2384//2384 2395//2395 2394//2394
f 2400//2400 2399//2399 2397//2397
f 2402//2402 2401//2401 2399//2399
f 2397//2397 2409//2409 2396//2396
f 2399//2399 2410//2410 2409//2409
f 2408//2408 2397//2397 2396//2396
f 2407//2407 2398//2398 2408//2408
f 2398//2398 2397//2397 2408//2408
f 2407//2407 2400//2400 2398//2398
f 2410//2410 2399//2399 2401//2401
f 2403//2403 2411//2411 2401//2401
f 2401//2401 2404//2404 2403//2403
f 2405//2405 2404//2404 2401//2401
f 2407//2407 2406//2406 2400//2400
f 2402//2402 2400//2400 2406//2406
f 2406//2406 2405//2405 2402//2402
f 2401//2401 2402//2402 2405//2405
f 2417//2417 2415//2415 2414//2414
f 2419//2419 2417//2417 2416//2416
f 2428//2428 2423//2423 2412//2412
f 2423//2423 2428//2428 2414//2414
f 2422//2422 2423//2423 2414//2414
f 2426//2426 2413//2413 2422//2422
f 2425//2425 2426//2426 2415//2415
f 2422//2422 2415//2415 2426//2426
f 2415//2415 2417//2417 2425//2425
f 2428//2428 2427//2427 2414//2414
f 2418//2418 2416//2416 2427//2427
f 2429//2429 2418//2418 2420//2420
f 2427//2427 2420//2420 2418//2418
f 2425//2425 2417//2417 2424//2424
f 2419//2419 2424//2424 2417//2417
f 2421//2421 2419//2419 2429//2429
f 2424//2424 2419//2419 2421//2421
f 2419//2419 2418//2418 2429//2429
f 2435//2435 2430//2430 2434//2434
f 2433//2433 2435//2435 2434//2434
f 2434//2434 2431//2431 2432//2432
f 2434//2434 2432//2432 2433//2433
f 2439//2439 2440//2440 2436//2436
f 2438//2438 2437//2437 2439//2439
f 2440//2440 2439//2439 2437//2437
f 2443//2443 2446//2446 2441//2441
f 2447//2447 2445//2445 2446//2446
f 2447//2447 2444//2444 2445//2445
f 2443//2443 2447//2447 2446//2446
f 2454//2454 2452//2452 2451//2451
f 2451//2451 2448//2448 2458//2458
f 2458//2458 2459//2459 2451//2451
f 2457//2457 2448//2448 2451//2451
f 2452//2452 2449//2449 2457//2457
f 2465//2465 2450//2450 2449//2449
f 2452//2452 2464//2464 2465//2465
f 2452//2452 2457//2457 2451//2451
f 2459//2459 2453//2453 2451//2451
f 2461//2461 2453//2453 2460//2460
f 2459//2459 2460//2460 2453//2453
f 2460//2460 2455//2455 2461//2461
f 2461//2461 2462//2462 2454//2454
f 2463//2463 2464//2464 2454//2454
f 2454//2454 2464//2464 2452//2452
f 2456//2456 2463//2463 2462//2462
f 2454//2454 2462//2462 2463//2463
f 2470//2470 2471//2471 2472//2472
f 2467//2467 2470//2470 2475//2475
f 2470//2470 2473//2473 2475//2475
f 2474//2474 2471//2471 2466//2466
f 2472//2472 2474//2474 2468//2468
f 2472//2472 2471//2471 2474//2474
f 2476//2476 2477//2477 2486//2486
f 2487//2487 2484//2484 2488//2488
f 2486//2486 2485//2485 2487//2487
f 2488//2488 2483//2483 2482//2482
f 2489//2489 2482//2482 2481//2481
f 2480//2480 2492//2492 2491//2491
f 2490//2490 2481//2481 2480//2480
f 2480//2480 2479//2479 2492//2492
f 2478//2478 2492//2492 2479//2479
f 2498//2498 2497//2497 2495//2495
f 2503//2503 2493//2493 2502//2502
f 2502//2502 2495//2495 2503//2503
f 2504//2504 2503//2503 2495//2495
f 2501//2501 2495//2495 2502//2502
f 2496//2496 2501//2501 2494//2494
f 2506//2506 2496//2496 2507//2507
f 2494//2494 2507//2507 2496//2496
f 2496//2496 2495//2495 2501//2501
f 2505//2505 2504//2504 2497//2497
f 2497//2497 2499//2499 2505//2505
f 2508//2508 2499//2499 2497//2497
f 2500//2500 2498//2498 2506//2506
f 2498//2498 2496//2496 2506//2506
f 2498//2498 2500//2500 2508//2508
f 2508//2508 2497//2497 2498//2498
f 2504//2504 2495//2495 2497//2497
f 2516//2516 2515//2515 2513//2513
f 2522//2522 2509//2509 2510//2510
f 2510//2510 2513//2513 2522//2522
f 2523//2523 2522//2522 2513//2513
f 2513//2513 2510//2510 2511//2511
f 2521//2521 2514//2514 2511//2511
f 2520//2520 2514//2514 2521//2521
f 2515//2515 2524//2524 2523//2523
f 2525//2525 2517//2517 2515//2515
f 2524//2524 2515//2515 2517//2517
f 2519//2519 2516//2516 2520//2520
f 2516//2516 2514//2514 2520//2520
f 2519//2519 2518//2518 2516//2516
f 2525//2525 2516//2516 2518//2518
f 2525//2525 2515//2515 2516//2516
f 2533//2533 2530//2530 2529//2529
f 2534//2534 2531//2531 2530//2530
f 2536//2536 2533//2533 2532//2532
f 2537//2537 2534//2534 2533//2533
f 2527//2527 2526//2526 2529//2529
f 2541//2541 2527//2527 2530//2530
f 2531//2531 2528//2528 2541//2541
f 2545//2545 2531//2531 2534//2534
f 2544//2544 2545//2545 2534//2534
f 2528//2528 2531//2531 2545//2545
f 2536//2536 2535//2535 2538//2538
f 2539//2539 2542//2542 2537//2537
f 2543//2543 2544//2544 2537//2537
f 2537//2537 2544//2544 2534//2534
f 2540//2540 2543//2543 2542//2542
f 2537//2537 2542//2542 2543//2543
f 2551//2551 2549//2549 2548//2548
f 2553//2553 2551//2551 2550//2550
f 2556//2556 2560//2560 2546//2546
f 2556//2556 2557//2557 2548//2548
f 2560//2560 2556//2556 2548//2548
f 2559//2559 2560//2560 2548//2548
f 2549//2549 2547//2547 2559//2559
f 2564//2564 2565//2565 2549//2549
f 2547//2547 2549//2549 2565//2565
f 2549//2549 2551//2551 2564//2564
f 2549//2549 2559//2559 2548//2548
f 2552//2552 2550//2550 2558//2558
f 2557//2557 2558//2558 2550//2550
f 2561//2561 2552//2552 2554//2554
f 2558//2558 2554//2554 2552//2552
f 2562//2562 2552//2552 2561//2561
f 2564//2564 2551//2551 2563//2563
f 2553//2553 2563//2563 2551//2551
f 2555//2555 2553//2553 2562//2562
f 2563//2563 2553//2553 2555//2555
f 2553//2553 2552//2552 2562//2562
f 2573//2573 2570//2570 2569//2569
f 2574//2574 2571//2571 2570//2570
f 2576//2576 2573//2573 2572//2572
f 2577//2577 2574//2574 2573//2573
f 2567//2567 2566//2566 2569//2569
f 2581//2581 2567//2567 2570//2570
f 2584//2584 2568//2568 2581//2581
f 2583//2583 2584//2584 2571//2571
f 2581//2581 2571//2571 2584//2584
f 2576//2576 2575//2575 2578//2578
f 2579//2579 2585//2585 2577//2577
f 2583//2583 2574//2574 2582//2582
f 2577//2577 2582//2582 2574//2574
f 2580//2580 2577//2577 2585//2585
f 2582//2582 2577//2577 2580//2580
f 2587//2587 2586//2586 2589//2589
f 2587//2587 2595//2595 2594//2594
f 2594//2594 2595//2595 2588//2588
f 2589//2589 2591//2591 2587//2587
f 2587//2587 2591//2591 2595//2595
f 2592//2592 2595//2595 2593//2593
f 2591//2591 2593//2593 2595//2595
f 2588//2588 2595//2595 2592//2592
f 2590//2590 2591//2591 2589//2589
f 2597//2597 2606//2606 2604//2604
f 2598//2598 2604//2604 2605//2605
f 2604//2604 2606//2606 2605//2605
f 2599//2599 2597//2597 2596//2596
f 2601//2601 2599//2599 2600//2600
f 2606//2606 2599//2599 2601//2601
f 2606//2606 2602//2602 2603//2603
f 2601//2601 2602//2602 2606//2606
f 2597//2597 2599//2599 2606//2606
f 2615//2615 2612//2612 2611//2611
f 2616//2616 2613//2613 2612//2612
f 2619//2619 2615//2615 2614//2614
f 2620//2620 2616//2616 2615//2615
f 2608//2608 2607//2607 2611//2611
f 2612//2612 2613//2613 2609//2609
f 2609//2609 2613//2613 2626//2626
f 2613//2613 2616//2616 2617//2617
f 2619//2619 2618//2618 2622//2622
f 2623//2623 2625//2625 2620//2620
f 2620//2620 2621//2621 2617//2617
f 2621//2621 2620//2620 2625//2625
f 2633//2633 2631//2631 2630//2630
f 2635//2635 2633//2633 2632//2632
f 2637//2637 2635//2635 2634//2634
f 2639//2639 2637//2637 2636//2636
f 2641//2641 2639//2639 2638//2638
f 2627//2627 2654//2654 2628//2628
f 2644//2644 2628//2628 2630//2630
f 2654//2654 2655//2655 2630//2630
f 2655//2655 2656//2656 2632//2632
f 2634//2634 2656//2656 2651//2651
f 2658//2658 2644//2644 2631//2631
f 2644//2644 2658//2658 2629//2629
f 2657//2657 2658//2658 2631//2631
f 2633//2633 2635//2635 2657//2657
f 2635//2635 2637//2637 2650//2650
f 2651//2651 2652//2652 2636//2636
f 2638//2638 2652//2652 2653//2653
f 2640//2640 2653//2653 2642//2642
f 2646//2646 2640//2640 2645//2645
f 2642//2642 2645//2645 2640//2640
f 2638//2638 2653//2653 2640//2640
f 2637//2637 2639//2639 2649//2649
f 2648//2648 2639//2639 2647//2647
f 2643//2643 2641//2641 2646//2646
f 2641//2641 2643//2643 2647//2647
f 2639//2639 2641//2641 2647//2647
f 2640//2640 2646//2646 2641//2641
f 2636//2636 2634//2634 2651//2651
f 2664//2664 2662//2662 2661//2661
f 2671//2671 2668//2668 2659//2659
f 2668//2668 2671//2671 2661//2661
f 2667//2667 2668//2668 2661//2661
f 2662//2662 2660//2660 2667//2667
f 2660//2660 2662//2662 2675//2675
f 2674//2674 2675//2675 2662//2662
f 2662//2662 2667//2667 2661//2661
f 2672//2672 2661//2661 2671//2671
f 2673//2673 2663//2663 2672//2672
f 2673//2673 2665//2665 2669//2669
f 2669//2669 2663//2663 2673//2673
f 2666//2666 2664//2664 2670//2670
f 2663//2663 2670//2670 2664//2664
f 2674//2674 2664//2664 2666//2666
f 2670//2670 2663//2663 2669//2669
f 2663//2663 2661//2661 2672//2672
f 2688//2688 2679//2679 2678//2678
f 2689//2689 2680//2680 2679//2679
f 2690//2690 2681//2681 2680//2680
f 2691//2691 2682//2682 2681//2681
f 2692//2692 2683//2683 2682//2682
f 2693//2693 2684//2684 2683//2683
f 2694//2694 2685//2685 2684//2684
f 2695//2695 2686//2686 2685//2685
f 2697//2697 2688//2688 2687//2687
f 2698//2698 2689//2689 2688//2688
f 2699//2699 2690//2690 2689//2689
f 2700//2700 2691//2691 2690//2690
f 2701//2701 2692//2692 2691//2691
f 2702//2702 2693//2693 2692//2692
f 2703//2703 2694//2694 2693//2693
f 2704//2704 2695//2695 2694//2694
f 2706//2706 2697//2697 2696//2696
f 2707//2707 2698//2698 2697//2697
f 2708//2708 2699//2699 2698//2698
f 2709//2709 2700//2700 2699//2699
f 2710//2710 2701//2701 2700//2700
f 2711//2711 2702//2702 2701//2701
f 2712//2712 2703//2703 2702//2702
f 2713//2713 2704//2704 2703//2703
f 2715//2715 2706//2706 2705//2705
f 2716//2716 2707//2707 2706//2706
f 2717//2717 2708//2708 2707//2707
f 2718//2718 2709//2709 2708//2708
f 2719//2719 2710//2710 2709//2709
f 2720//2720 2711//2711 2710//2710
f 2721//2721 2712//2712 2711//2711
f 2722//2722 2713//2713 2712//2712
f 2724//2724 2715//2715 2714//2714
f 2725//2725 2716//2716 2715//2715
f 2726//2726 2717//2717 2716//2716
f 2727//2727 2718//2718 2717//2717
f 2728//2728 2719//2719 2718//2718
f 2729//2729 2720//2720 2719//2719
f 2730//2730 2721//2721 2720//2720
f 2731//2731 2722//2722 2721//2721
f 2753//2753 2676//2676 2678//2678
f 2751//2751 2752//2752 2680//2680
f 2750//2750 2751//2751 2681//2681
f 2752//2752 2753//2753 2679//2679
f 2679//2679 2680//2680 2752//2752
f 2749//2749 2750//2750 2682//2682
f 2683//2683 2749//2749 2682//2682
f 2684//2684 2742//2742 2683//2683
f 2749//2749 2683//2683 2742//2742
f 2741//2741 2742//2742 2684//2684
f 2741//2741 2685//2685 2740//2740
f 2740//2740 2686//2686 2677//2677
f 2686//2686 2695//2695 2743//2743
f 2740//2740 2685//2685 2686//2686
f 2704//2704 2745//2745 2695//2695
f 2744//2744 2745//2745 2704//2704
f 2677//2677 2686//2686 2743//2743
f 2724//2724 2723//2723 2732//2732
f 2726//2726 2725//2725 2735//2735
f 2727//2727 2726//2726 2736//2736
f 2725//2725 2724//2724 2733//2733
f 2728//2728 2727//2727 2737//2737
f 2737//2737 2738//2738 2728//2728
f 2722//2722 2731//2731 2747//2747
f 2713//2713 2722//2722 2748//2748
f 2713//2713 2748//2748 2744//2744
f 2713//2713 2744//2744 2704//2704
f 2738//2738 2739//2739 2730//2730
f 2731//2731 2730//2730 2739//2739
f 2746//2746 2731//2731 2734//2734
f 2739//2739 2734//2734 2731//2731
f 2760//2760 2758//2758 2757//2757
f 2764//2764 2763//2763 2754//2754
f 2763//2763 2764//2764 2757//2757
f 2765//2765 2757//2757 2764//2764
f 2755//2755 2763//2763 2757//2757
f 2769//2769 2756//2756 2755//2755
f 2768//2768 2769//2769 2758//2758
f 2761//2761 2759//2759 2765//2765
f 2759//2759 2761//2761 2766//2766
f 2767//2767 2759//2759 2766//2766
f 2762//2762 2768//2768 2760//2760
f 2760//2760 2768//2768 2758//2758
f 2760//2760 2767//2767 2762//2762
f 2767//2767 2760//2760 2759//2759
f 2765//2765 2759//2759 2757//2757
f 2775//2775 2773//2773 2772//2772
f 2777//2777 2775//2775 2774//2774
f 2784//2784 2783//2783 2770//2770
f 2784//2784 2785//2785 2772//2772
f 2783//2783 2784//2784 2772//2772
f 2782//2782 2783//2783 2772//2772
f 2773//2773 2771//2771 2782//2782
f 2788//2788 2789//2789 2773//2773
f 2771//2771 2773//2773 2789//2789
f 2773//2773 2775//2775 2788//2788
f 2773//2773 2782//2782 2772//2772
f 2776//2776 2774//2774 2786//2786
f 2785//2785 2786//2786 2774//2774
f 2780//2780 2776//2776 2778//2778
f 2786//2786 2778//2778 2776//2776
f 2781//2781 2776//2776 2780//2780
f 2788//2788 2775//2775 2787//2787
f 2777//2777 2787//2787 2775//2775
f 2779//2779 2777//2777 2781//2781
f 2787//2787 2777//2777 2779//2779
f 2777//2777 2776//2776 2781//2781
f 2797//2797 2794//2794 2793//2793
f 2798//2798 2795//2795 2794//2794
f 2800//2800 2797//2797 2796//2796
f 2801//2801 2798//2798 2797//2797
f 2791//2791 2790//2790 2793//2793
f 2806//2806 2791//2791 2794//2794
f 2809//2809 2792//2792 2806//2806
f 2808//2808 2809//2809 2795//2795
f 2806//2806 2795//2795 2809//2809
f 2795//2795 2798//2798 2808//2808
f 2800//2800 2799//2799 2804//2804
f 2805//2805 2800//2800 2804//2804
f 2808//2808 2798//2798 2807//2807
f 2801//2801 2807//2807 2798//2798
f 2803//2803 2801//2801 2805//2805
f 2807//2807 2801//2801 2803//2803
f 2801//2801 2800//2800 2805//2805
f 2815//2815 2813//2813 2812//2812
f 2817//2817 2815//2815 2814//2814
f 2824//2824 2823//2823 2810//2810
f 2823//2823 2824//2824 2812//2812
f 2822//2822 2823//2823 2812//2812
f 2813//2813 2811//2811 2822//2822
f 2827//2827 2828//2828 2813//2813
f 2811//2811 2813//2813 2828//2828
f 2813//2813 2815//2815 2827//2827
f 2813//2813 2822//2822 2812//2812
f 2814//2814 2812//2812 2824//2824
f 2816//2816 2814//2814 2825//2825
f 2824//2824 2825//2825 2814//2814
f 2819//2819 2816//2816 2818//2818
f 2819//2819 2820//2820 2817//2817
f 2827//2827 2815//2815 2826//2826
f 2817//2817 2826//2826 2815//2815
f 2821//2821 2817//2817 2820//2820
f 2826//2826 2817//2817 2821//2821
f 2834//2834 2832//2832 2831//2831
f 2839//2839 2838//2838 2829//2829
f 2831//2831 2838//2838 2839//2839
f 2840//2840 2831//2831 2839//2839
f 2832//2832 2830//2830 2837//2837
f 2846//2846 2830//2830 2832//2832
f 2831//2831 2832//2832 2837//2837
f 2845//2845 2846//2846 2832//2832
f 2831//2831 2837//2837 2838//2838
f 2833//2833 2831//2831 2840//2840
f 2842//2842 2833//2833 2841//2841
f 2841//2841 2835//2835 2842//2842
f 2843//2843 2833//2833 2842//2842
f 2844//2844 2845//2845 2834//2834
f 2834//2834 2845//2845 2832//2832
f 2844//2844 2834//2834 2836//2836
f 2843//2843 2836//2836 2834//2834
f 2843//2843 2834//2834 2833//2833
f 2853//2853 2850//2850 2849//2849
f 2854//2854 2851//2851 2850//2850
f 2856//2856 2853//2853 2852//2852
f 2857//2857 2854//2854 2853//2853
f 2861//2861 2847//2847 2849//2849
f 2860//2860 2861//2861 2850//2850
f 2851//2851 2848//2848 2860//2860
f 2848//2848 2851//2851 2865//2865
f 2851//2851 2854//2854 2864//2864
f 2851//2851 2860//2860 2850//2850
f 2856//2856 2855//2855 2862//2862
f 2863//2863 2856//2856 2862//2862
f 2857//2857 2864//2864 2854//2854
f 2859//2859 2857//2857 2863//2863
f 2864//2864 2857//2857 2859//2859
f 2857//2857 2856//2856 2863//2863
f 2867//2867 2866//2866 2870//2870
f 2869//2869 2868//2868 2872//2872
f 2868//2868 2867//2867 2871//2871
f 2876//2876 2875//2875 2881//2881
f 2877//2877 2876//2876 2883//2883
f 2876//2876 2882//2882 2883//2883
f 2880//2880 2875//2875 2874//2874
f 2881//2881 2880//2880 2878//2878
f 2882//2882 2879//2879 2883//2883
f 2881//2881 2875//2875 2880//2880
f 2889//2889 2884//2884 2886//2886
f 2885//2885 2888//2888 2891//2891
f 2888//2888 2889//2889 2890//2890
f 2899//2899 2902//2902 2898//2898
f 2897//2897 2893//2893 2902//2902
f 2893//2893 2898//2898 2902//2902
f 2894//2894 2899//2899 2892//2892
f 2900//2900 2894//2894 2895//2895
f 2902//2902 2894//2894 2900//2900
f 2896//2896 2902//2902 2901//2901
f 2897//2897 2902//2902 2896//2896
f 2899//2899 2894//2894 2902//2902
f 2917//2917 2908//2908 2907//2907
f 2918//2918 2909//2909 2908//2908
f 2919//2919 2910//2910 2909//2909
f 2920//2920 2911//2911 2910//2910
f 2921//2921 2912//2912 2911//2911
f 2922//2922 2913//2913 2912//2912
f 2923//2923 2914//2914 2913//2913
f 2924//2924 2915//2915 2914//2914
f 2926//2926 2917//2917 2916//2916
f 2927//2927 2918//2918 2917//2917
f 2928//2928 2919//2919 2918//2918
f 2929//2929 2920//2920 2919//2919
f 2930//2930 2921//2921 2920//2920
f 2931//2931 2922//2922 2921//2921
f 2932//2932 2923//2923 2922//2922
f 2933//2933 2924//2924 2923//2923
f 2945//2945 2903//2903 2907//2907
f 2904//2904 2944//2944 2909//2909
f 2947//2947 2904//2904 2910//2910
f 2944//2944 2945//2945 2908//2908
f 2944//2944 2908//2908 2909//2909
f 2946//2946 2947//2947 2911//2911
f 2905//2905 2946//2946 2912//2912
f 2914//2914 2942//2942 2943//2943
f 2915//2915 2906//2906 2942//2942
f 2943//2943 2905//2905 2913//2913
f 2914//2914 2915//2915 2942//2942
f 2940//2940 2941//2941 2915//2915
f 2915//2915 2941//2941 2906//2906
f 2915//2915 2924//2924 2940//2940
f 2912//2912 2946//2946 2911//2911
f 2926//2926 2925//2925 2950//2950
f 2935//2935 2928//2928 2927//2927
f 2929//2929 2928//2928 2948//2948
f 2927//2927 2926//2926 2951//2951
f 2926//2926 2950//2950 2951//2951
f 2929//2929 2948//2948 2949//2949
f 2927//2927 2951//2951 2935//2935
f 2930//2930 2929//2929 2949//2949
f 2936//2936 2931//2931 2930//2930
f 2933//2933 2939//2939 2924//2924
f 2940//2940 2924//2924 2939//2939
f 2932//2932 2931//2931 2952//2952
f 2952//2952 2953//2953 2932//2932
f 2932//2932 2953//2953 2933//2933
f 2933//2933 2953//2953 2938//2938
f 2937//2937 2938//2938 2953//2953
f 2939//2939 2933//2933 2938//2938
f 2936//2936 2930//2930 2949//2949
f 2961//2961 2958//2958 2957//2957
f 2962//2962 2959//2959 2958//2958
f 2964//2964 2961//2961 2960//2960
f 2965//2965 2962//2962 2961//2961
f 2967//2967 2964//2964 2963//2963
f 2968//2968 2965//2965 2964//2964
f 2970//2970 2967//2967 2966//2966
f 2971//2971 2968//2968 2967//2967
f 2973//2973 2970//2970 2969//2969
f 2974//2974 2971//2971 2970//2970
f 2955//2955 2954//2954 2957//2957
f 2977//2977 2955//2955 2958//2958
f 2985//2985 2977//2977 2959//2959
f 2985//2985 2956//2956 2977//2977
f 2984//2984 2985//2985 2959//2959
f 2962//2962 2965//2965 2983//2983
f 2982//2982 2983//2983 2965//2965
f 2973//2973 2972//2972 2978//2978
f 2973//2973 2978//2978 2979//2979
f 2979//2979 2974//2974 2973//2973
f 2982//2982 2968//2968 2981//2981
f 2968//2968 2971//2971 2981//2981
f 2976//2976 2980//2980 2974//2974
f 2971//2971 2974//2974 2980//2980
f 2979//2979 2976//2976 2974//2974
f 2965//2965 2968//2968 2982//2982
f 2992//2992 2990//2990 2989//2989
f 2994//2994 2992//2992 2991//2991
f 2996//2996 2994//2994 2993//2993
f 2998//2998 2996//2996 2995//2995
f 3000//3000 2998//2998 2997//2997
f 3003//3003 2986//2986 3007//3007
f 2989//2989 3003//3003 3007//3007
f 3008//3008 3009//3009 2991//2991
f 2991//2991 2989//2989 3008//3008
f 2987//2987 3003//3003 2989//2989
f 2987//2987 2990//2990 2988//2988
f 2990//2990 2992//2992 3016//3016
f 3006//3006 3015//3015 2994//2994
f 2993//2993 3009//3009 3010//3010
f 2995//2995 3010//3010 3011//3011
f 2997//2997 2995//2995 3011//3011
f 2999//2999 3012//3012 3001//3001
f 3014//3014 2999//2999 3013//3013
f 3001//3001 3013//3013 2999//2999
f 2997//2997 3012//3012 2999//2999
f 3005//3005 2996//2996 2998//2998
f 2996//2996 3005//3005 3006//3006
f 3004//3004 3005//3005 2998//2998
f 2996//2996 3006//3006 2994//2994
f 3002//3002 3000//3000 3014//3014
f 3000//3000 3002//3002 3004//3004
f 2999//2999 3014//3014 3000//3000
f 3010//3010 2995//2995 2993//2993
f 3024//3024 3022//3022 3021//3021
f 3026//3026 3024//3024 3023//3023
f 3028//3028 3026//3026 3025//3025
f 3030//3030 3028//3028 3027//3027
f 3032//3032 3030//3030 3029//3029
f 3034//3034 3032//3032 3031//3031
f 3036//3036 3034//3034 3033//3033
f 3038//3038 3036//3036 3035//3035
f 3040//3040 3038//3038 3037//3037
f 3042//3042 3040//3040 3039//3039
f 3017//3017 3054//3054 3021//3021
f 3021//3021 3022//3022 3019//3019
f 3054//3054 3023//3023 3021//3021
f 3054//3054 3055//3055 3023//3023
f 3055//3055 3047//3047 3027//3027
f 3047//3047 3048//3048 3029//3029
f 3031//3031 3029//3029 3048//3048
f 3019//3019 3022//3022 3063//3063
f 3063//3063 3022//3022 3024//3024
f 3024//3024 3057//3057 3063//3063
f 3057//3057 3024//3024 3026//3026
f 3026//3026 3028//3028 3056//3056
f 3059//3059 3056//3056 3028//3028
f 3030//3030 3032//3032 3059//3059
f 3049//3049 3050//3050 3033//3033
f 3050//3050 3051//3051 3035//3035
f 3037//3037 3035//3035 3051//3051
f 3039//3039 3037//3037 3052//3052
f 3053//3053 3043//3043 3041//3041
f 3043//3043 3044//3044 3041//3041
f 3044//3044 3045//3045 3042//3042
f 3058//3058 3032//3032 3034//3034
f 3034//3034 3036//3036 3061//3061
f 3060//3060 3061//3061 3036//3036
f 3059//3059 3032//3032 3058//3058
f 3062//3062 3040//3040 3042//3042
f 3046//3046 3042//3042 3045//3045
f 3062//3062 3060//3060 3040//3040
f 3042//3042 3046//3046 3062//3062
f 3070//3070 3068//3068 3067//3067
f 3072//3072 3070//3070 3069//3069
f 3074//3074 3072//3072 3071//3071
f 3076//3076 3074//3074 3073//3073
f 3078//3078 3076//3076 3075//3075
f 3083//3083 3064//3064 3084//3084
f 3065//3065 3083//3083 3067//3067
f 3084//3084 3067//3067 3083//3083
f 3084//3084 3085//3085 3067//3067
f 3085//3085 3086//3086 3069//3069
f 3071//3071 3086//3086 3087//3087
f 3065//3065 3068//3068 3095//3095
f 3095//3095 3068//3068 3094//3094
f 3070//3070 3072//3072 3093//3093
f 3070//3070 3093//3093 3094//3094
f 3068//3068 3070//3070 3094//3094
f 3073//3073 3087//3087 3088//3088
f 3075//3075 3073//3073 3088//3088
f 3077//3077 3089//3089 3079//3079
f 3082//3082 3080//3080 3078//3078
f 3079//3079 3082//3082 3077//3077
f 3075//3075 3089//3089 3077//3077
f 3091//3091 3074//3074 3076//3076
f 3091//3091 3092//3092 3074//3074
f 3091//3091 3076//3076 3090//3090
f 3078//3078 3080//3080 3081//3081
f 3076//3076 3078//3078 3090//3090
f 3087//3087 3073//3073 3071//3071
f 3102//3102 3099//3099 3098//3098
f 3103//3103 3100//3100 3099//3099
f 3105//3105 3102//3102 3101//3101
f 3106//3106 3103//3103 3102//3102
f 3108//3108 3105//3105 3104//3104
f 3109//3109 3106//3106 3105//3105
f 3111//3111 3108//3108 3107//3107
f 3112//3112 3109//3109 3108//3108
f 3114//3114 3111//3111 3110//3110
f 3115//3115 3112//3112 3111//3111
f 3121//3121 3096//3096 3098//3098
f 3099//3099 3120//3120 3121//3121
f 3120//3120 3099//3099 3100//3100
f 3097//3097 3120//3120 3100//3100
f 3127//3127 3097//3097 3100//3100
f 3126//3126 3127//3127 3100//3100
f 3103//3103 3106//3106 3125//3125
f 3124//3124 3125//3125 3106//3106
f 3114//3114 3113//3113 3118//3118
f 3114//3114 3118//3118 3119//3119
f 3119//3119 3115//3115 3114//3114
f 3124//3124 3109//3109 3123//3123
f 3109//3109 3112//3112 3123//3123
f 3117//3117 3122//3122 3115//3115
f 3112//3112 3115//3115 3122//3122
f 3119//3119 3117//3117 3115//3115
f 3106//3106 3109//3109 3124//3124
f 3134//3134 3132//3132 3131//3131
f 3136//3136 3134//3134 3133//3133
f 3128//3128 3141//3141 3129//3129
f 3142//3142 3131//3131 3141//3141
f 3132//3132 3130//3130 3144//3144
f 3132//3132 3134//3134 3146//3146
f 3130//3130 3132//3132 3146//3146
f 3131//3131 3132//3132 3144//3144
f 3142//3142 3133//3133 3131//3131
f 3135//3135 3133//3133 3143//3143
f 3142//3142 3143//3143 3133//3133
f 3138//3138 3135//3135 3137//3137
f 3143//3143 3137//3137 3135//3135
f 3138//3138 3139//3139 3136//3136
f 3136//3136 3145//3145 3134//3134
f 3140//3140 3136//3136 3139//3139
f 3145//3145 3136//3136 3140//3140
f 3152//3152 3150//3150 3149//3149
f 3162//3162 3160//3160 3147//3147
f 3160//3160 3162//3162 3149//3149
f 3162//3162 3161//3161 3149//3149
f 3159//3159 3160//3160 3149//3149
f 3150//3150 3148//3148 3159//3159
f 3157//3157 3158//3158 3150//3150
f 3148//3148 3150//3150 3158//3158
f 3150//3150 3159//3159 3149//3149
f 3153//3153 3151//3151 3161//3161
f 3151//3151 3153//3153 3155//3155
f 3156//3156 3151//3151 3155//3155
f 3154//3154 3157//3157 3152//3152
f 3152//3152 3157//3157 3150//3150
f 3152//3152 3156//3156 3154//3154
f 3156//3156 3152//3152 3151//3151
f 3171//3171 3163//3163 3165//3165
f 3171//3171 3172//3172 3170//3170
f 3170//3170 3172//3172 3164//3164
f 3165//3165 3172//3172 3171//3171
f 3172//3172 3165//3165 3168//3168
f 3167//3167 3172//3172 3169//3169
f 3164//3164 3172//3172 3167//3167
f 3166//3166 3168//3168 3165//3165
f 3182//3182 3183//3183 3181//3181
f 3180//3180 3174//3174 3183//3183
f 3174//3174 3181//3181 3183//3183
f 3175//3175 3182//3182 3173//3173
f 3178//3178 3175//3175 3176//3176
f 3183//3183 3175//3175 3178//3178
f 3177//3177 3183//3183 3179//3179
f 3180//3180 3183//3183 3177//3177
f 3182//3182 3175//3175 3183//3183
f 3193//3193 3194//3194 3192//3192
f 3191//3191 3185//3185 3194//3194
f 3185//3185 3192//3192 3194//3194
f 3186//3186 3193//3193 3184//3184
f 3189//3189 3186//3186 3187//3187
f 3194//3194 3186//3186 3189//3189
f 3188//3188 3194//3194 3190//3190
f 3191//3191 3194//3194 3188//3188
f 3193//3193 3186//3186 3194//3194
f 3201//3201 3198//3198 3197//3197
f 3202//3202 3199//3199 3198//3198
f 3204//3204 3201//3201 3200//3200
f 3205//3205 3202//3202 3201//3201
f 3207//3207 3204//3204 3203//3203
f 3208//3208 3205//3205 3204//3204
f 3212//3212 3195//3195 3197//3197
f 3211//3211 3212//3212 3198//3198
f 3199//3199 3211//3211 3198//3198
f 3199//3199 3218//3218 3196//3196
f 3199//3199 3202//3202 3217//3217
f 3216//3216 3217//3217 3202//3202
f 3199//3199 3196//3196 3211//3211
f 3207//3207 3206//3206 3213//3213
f 3207//3207 3213//3213 3214//3214
f 3208//3208 3207//3207 3214//3214
f 3215//3215 3216//3216 3205//3205
f 3205//3205 3216//3216 3202//3202
f 3210//3210 3215//3215 3208//3208
f 3205//3205 3208//3208 3215//3215
f 3214//3214 3210//3210 3208//3208
f 3225//3225 3222//3222 3221//3221
f 3226//3226 3223//3223 3222//3222
f 3229//3229 3234//3234 3219//3219
f 3234//3234 3229//3229 3221//3221
f 3230//3230 3221//3221 3229//3229
f 3233//3233 3234//3234 3221//3221
f 3220//3220 3233//3233 3222//3222
f 3222//3222 3233//3233 3221//3221
f 3227//3227 3224//3224 3230//3230
f 3224//3224 3227//3227 3231//3231
f 3232//3232 3224//3224 3231//3231
f 3226//3226 3225//3225 3228//3228
f 3232//3232 3225//3225 3224//3224
f 3224//3224 3221//3221 3230//3230
f 3240//3240 3238//3238 3237//3237
f 3242//3242 3240//3240 3239//3239
f 3244//3244 3242//3242 3241//3241
f 3247//3247 3244//3244 3243//3243
f 3249//3249 3247//3247 3246//3246
f 3251//3251 3249//3249 3248//3248
f 3255//3255 3235//3235 3258//3258
f 3254//3254 3255//3255 3237//3237
f 3258//3258 3237//3237 3255//3255
f 3258//3258 3259//3259 3237//3237
f 3259//3259 3260//3260 3239//3239
f 3260//3260 3261//3261 3241//3241
f 3236//3236 3254//3254 3238//3238
f 3238//3238 3254//3254 3237//3237
f 3238//3238 3266//3266 3236//3236
f 3265//3265 3266//3266 3238//3238
f 3265//3265 3240//3240 3264//3264
f 3242//3242 3264//3264 3240//3240
f 3245//3245 3264//3264 3242//3242
f 3246//3246 3243//3243 3261//3261
f 3248//3248 3246//3246 3256//3256
f 3250//3250 3257//3257 3252//3252
f 3263//3263 3250//3250 3262//3262
f 3252//3252 3262//3262 3250//3250
f 3248//3248 3257//3257 3250//3250
f 3251//3251 3250//3250 3263//3263
f 3244//3244 3247//3247 3269//3269
f 3268//3268 3269//3269 3247//3247
f 3267//3267 3249//3249 3251//3251
f 3249//3249 3267//3267 3268//3268
f 3251//3251 3253//3253 3267//3267
f 3253//3253 3251//3251 3263//3263
f 3276//3276 3273//3273 3272//3272
f 3277//3277 3274//3274 3273//3273
f 3279//3279 3276//3276 3275//3275
f 3280//3280 3277//3277 3276//3276
f 3287//3287 3286//3286 3270//3270
f 3272//3272 3286//3286 3287//3287
f 3287//3287 3288//3288 3272//3272
f 3271//3271 3285//3285 3273//3273
f 3285//3285 3272//3272 3273//3273
f 3272//3272 3285//3285 3286//3286
f 3278//3278 3275//3275 3289//3289
f 3288//3288 3289//3289 3275//3275
f 3282//3282 3278//3278 3281//3281
f 3289//3289 3281//3281 3278//3278
f 3280//3280 3279//3279 3283//3283
f 3282//3282 3283//3283 3279//3279
f 3298//3298 3295//3295 3294//3294
f 3299//3299 3296//3296 3295//3295
f 3301//3301 3298//3298 3297//3297
f 3302//3302 3299//3299 3298//3298
f 3305//3305 3301//3301 3300//3300
f 3306//3306 3302//3302 3301//3301
f 3290//3290 3307//3307 3291//3291
f 3293//3293 3292//3292 3295//3295
f 3294//3294 3295//3295 3292//3292
f 3294//3294 3307//3307 3308//3308
f 3297//3297 3308//3308 3309//3309
f 3309//3309 3303//3303 3300//3300
f 3300//3300 3297//3297 3309//3309
f 3308//3308 3297//3297 3294//3294
f 3315//3315 3313//3313 3312//3312
f 3317//3317 3315//3315 3314//3314
f 3324//3324 3323//3323 3310//3310
f 3312//3312 3324//3324 3325//3325
f 3323//3323 3324//3324 3312//3312
f 3322//3322 3323//3323 3312//3312
f 3313//3313 3311//3311 3322//3322
f 3328//3328 3329//3329 3313//3313
f 3311//3311 3313//3313 3329//3329
f 3313//3313 3315//3315 3328//3328
f 3313//3313 3322//3322 3312//3312
f 3325//3325 3314//3314 3312//3312
f 3316//3316 3314//3314 3326//3326
f 3325//3325 3326//3326 3314//3314
f 3319//3319 3316//3316 3318//3318
f 3326//3326 3318//3318 3316//3316
f 3319//3319 3320//3320 3317//3317
f 3328//3328 3315//3315 3327//3327
f 3317//3317 3327//3327 3315//3315
f 3321//3321 3317//3317 3320//3320
f 3327//3327 3317//3317 3321//3321
f 3336//3336 3335//3335 3332//3332
f 3337//3337 3336//3336 3333//3333
f 3339//3339 3338//3338 3335//3335
f 3340//3340 3339//3339 3336//3336
f 3344//3344 3333//3333 3332//3332
f 3343//3343 3333//3333 3344//3344
f 3334//3334 3343//3343 3331//3331
f 3349//3349 3337//3337 3334//3334
f 3333//3333 3343//3343 3334//3334
f 3348//3348 3337//3337 3349//3349
f 3331//3331 3349//3349 3334//3334
f 3339//3339 3345//3345 3338//3338
f 3346//3346 3345//3345 3339//3339
f 3347//3347 3340//3340 3348//3348
f 3340//3340 3337//3337 3348//3348
f 3347//3347 3342//3342 3340//3340
f 3346//3346 3340//3340 3342//3342
f 3346//3346 3339//3339 3340//3340
f 3357//3357 3355//3355 3354//3354
f 3359//3359 3357//3357 3356//3356
f 3354//3354 3351//3351 3350//3350
f 3356//3356 3354//3354 3362//3362
f 3354//3354 3355//3355 3352//3352
f 3355//3355 3353//3353 3352//3352
f 3357//3357 3366//3366 3355//3355
f 3353//3353 3355//3355 3366//3366
f 3362//3362 3363//3363 3356//3356
f 3367//3367 3358//3358 3363//3363
f 3363//3363 3360//3360 3367//3367
f 3358//3358 3367//3367 3368//3368
f 3359//3359 3358//3358 3368//3368
f 3366//3366 3357//3357 3365//3365
f 3357//3357 3359//3359 3365//3365
f 3364//3364 3359//3359 3361//3361
f 3368//3368 3361//3361 3359//3359
f 3374//3374 3369//3369 3371//3371
f 3370//3370 3373//3373 3376//3376
f 3373//3373 3374//3374 3375//3375
f 3382//3382 3383//3383 3377//3377
f 3380//3380 3381//3381 3378//3378
f 3381//3381 3384//3384 3382//3382
f 3381//3381 3380//3380 3384//3384
f 3382//3382 3384//3384 3383//3383
f 3386//3386 3385//3385 3390//3390
f 3389//3389 3386//3386 3390//3390
f 3389//3389 3387//3387 3391//3391
f 3391//3391 3388//3388 3389//3389
f 3390//3390 3387//3387 3389//3389
f 3396//3396 3397//3397 3399//3399
f 3399//3399 3397//3397 3393//3393
f 3396//3396 3399//3399 3392//3392
f 3398//3398 3396//3396 3394//3394
f 3398//3398 3395//3395 3397//3397
f 3396//3396 3398//3398 3397//3397
f 3407//3407 3400//3400 3404//3404
f 3407//3407 3409//3409 3406//3406
f 3406//3406 3405//3405 3401//3401
f 3404//3404 3408//3408 3407//3407
f 3408//3408 3409//3409 3407//3407
f 3403//3403 3405//3405 3409//3409
f 3409//3409 3405//3405 3406//3406
f 3402//3402 3408//3408 3404//3404
f 3417//3417 3410//3410 3415//3415
f 3417//3417 3414//3414 3411//3411
f 3416//3416 3417//3417 3415//3415
f 3417//3417 3416//3416 3414//3414
f 3416//3416 3413//3413 3414//3414
f 3412//3412 3416//3416 3415//3415
f 3423//3423 3418//3418 3424//3424
f 3423//3423 3422//3422 3419//3419
f 3425//3425 3423//3423 3424//3424
f 3423//3423 3425//3425 3422//3422
f 3425//3425 3421//3421 3422//3422
f 3420//3420 3425//3425 3424//3424
f 3443//3443 3434//3434 3426//3426
f 3442//3442 3443//3443 3441//3441
f 3426//3426 3441//3441 3443//3443
f 3442//3442 3439//3439 3444//3444
f 3442//3442 3444//3444 3443//3443
f 3427//3427 3435//3435 3444//3444
f 3444//3444 3435//3435 3434//3434
f 3433//3433 3427//3427 3444//3444
f 3432//3432 3433//3433 3445//3445
f 3445//3445 3444//3444 3439//3439
f 3434//3434 3443//3443 3444//3444
f 3432//3432 3445//3445 3431//3431
f 3440//3440 3436//3436 3445//3445
f 3436//3436 3437//3437 3446//3446
f 3438//3438 3447//3447 3437//3437
f 3430//3430 3431//3431 3446//3446
f 3446//3446 3447//3447 3430//3430
f 3429//3429 3447//3447 3428//3428
f 3438//3438 3428//3428 3447//3447
f 3445//3445 3433//3433 3444//3444
f 3453//3453 3451//3451 3450//3450
f 3455//3455 3453//3453 3454//3454
f 3458//3458 3455//3455 3457//3457
f 3460//3460 3466//3466 3448//3448
f 3450//3450 3466//3466 3460//3460
f 3461//3461 3450//3450 3460//3460
f 3451//3451 3449//3449 3465//3465
f 3461//3461 3452//3452 3450//3450
f 3450//3450 3451//3451 3465//3465
f 3463//3463 3449//3449 3451//3451
f 3452//3452 3461//3461 3462//3462
f 3462//3462 3454//3454 3452//3452
f 3457//3457 3454//3454 3456//3456
f 3462//3462 3456//3456 3454//3454
f 3464//3464 3463//3463 3455//3455
f 3459//3459 3464//3464 3458//3458
f 3473//3473 3467//3467 3474//3474
f 3468//3468 3473//3473 3476//3476
f 3474//3474 3476//3476 3473//3473
f 3472//3472 3476//3476 3474//3474
f 3471//3471 3475//3475 3469//3469
f 3470//3470 3472//3472 3471//3471
f 3475//3475 3471//3471 3472//3472
f 3481//3481 3477//3477 3484//3484
f 3481//3481 3483//3483 3478//3478
f 3482//3482 3481//3481 3484//3484
f 3481//3481 3482//3482 3483//3483
f 3482//3482 3480//3480 3483//3483
f 3479//3479 3482//3482 3484//3484
f 3485//3485 3489//3489 3493//3493
f 3489//3489 3490//3490 3493//3493
f 3491//3491 3487//3487 3494//3494
f 3487//3487 3488//3488 3494//3494
f 3490//3490 3491//3491 3492//3492
f 3501//3501 3498//3498 3497//3497
f 3502//3502 3499//3499 3498//3498
f 3497//3497 3513//3513 3495//3495
f 3495//3495 3512//3512 3497//3497
f 3498//3498 3513//3513 3497//3497
f 3499//3499 3496//3496 3511//3511
f 3506//3506 3499//3499 3502//3502
f 3496//3496 3499//3499 3506//3506
f 3498//3498 3499//3499 3511//3511
f 3500//3500 3497//3497 3512//3512
f 3508//3508 3501//3501 3500//3500
f 3508//3508 3509//3509 3501//3501
f 3500//3500 3507//3507 3508//3508
f 3507//3507 3500//3500 3512//3512
f 3506//3506 3502//3502 3505//3505
f 3509//3509 3505//3505 3502//3502
f 3509//3509 3510//3510 3504//3504
f 3503//3503 3504//3504 3510//3510
f 3505//3505 3509//3509 3504//3504
f 3520//3520 3517//3517 3516//3516
f 3521//3521 3518//3518 3517//3517
f 3516//3516 3514//3514 3524//3524
f 3524//3524 3525//3525 3516//3516
f 3528//3528 3514//3514 3516//3516
f 3527//3527 3528//3528 3518//3518
f 3531//3531 3515//3515 3518//3518
f 3527//3527 3518//3518 3515//3515
f 3518//3518 3521//3521 3531//3531
f 3525//3525 3519//3519 3516//3516
f 3532//3532 3519//3519 3526//3526
f 3525//3525 3526//3526 3519//3519
f 3526//3526 3522//3522 3532//3532
f 3519//3519 3532//3532 3533//3533
f 3520//3520 3519//3519 3533//3533
f 3534//3534 3521//3521 3520//3520
f 3529//3529 3530//3530 3521//3521
f 3529//3529 3521//3521 3523//3523
f 3534//3534 3523//3523 3521//3521
f 3534//3534 3520//3520 3533//3533
f 3536//3536 3535//3535 3540//3540
f 3539//3539 3536//3536 3540//3540
f 3538//3538 3539//3539 3537//3537
f 3540//3540 3537//3537 3539//3539
f 3545//3545 3547//3547 3548//3548
f 3548//3548 3547//3547 3542//3542
f 3545//3545 3548//3548 3541//3541
f 3546//3546 3545//3545 3543//3543
f 3546//3546 3544//3544 3547//3547
f 3545//3545 3546//3546 3547//3547
f 3554//3554 3553//3553 3551//3551
f 3555//3555 3554//3554 3552//3552
f 3557//3557 3556//3556 3553//3553
f 3558//3558 3557//3557 3554//3554
f 3550//3550 3569//3569 3575//3575
f 3570//3570 3569//3569 3550//3550
f 3579//3579 3568//3568 3567//3567
f 3550//3550 3575//3575 3551//3551
f 3553//3553 3570//3570 3550//3550
f 3573//3573 3552//3552 3574//3574
f 3573//3573 3549//3549 3552//3552
f 3552//3552 3562//3562 3555//3555
f 3555//3555 3561//3561 3558//3558
f 3549//3549 3562//3562 3552//3552
f 3572//3572 3580//3580 3567//3567
f 3580//3580 3566//3566 3565//3565
f 3580//3580 3571//3571 3556//3556
f 3572//3572 3571//3571 3580//3580
f 3570//3570 3553//3553 3571//3571
f 3579//3579 3564//3564 3559//3559
f 3579//3579 3565//3565 3564//3564
f 3559//3559 3568//3568 3579//3579
f 3566//3566 3580//3580 3556//3556
f 3557//3557 3558//3558 3577//3577
f 3558//3558 3563//3563 3578//3578
f 3557//3557 3577//3577 3576//3576
f 3563//3563 3560//3560 3578//3578
f 3558//3558 3578//3578 3577//3577
f 3576//3576 3566//3566 3556//3556
f 3556//3556 3571//3571 3553//3553
f 3587//3587 3583//3583 3582//3582
f 3588//3588 3584//3584 3587//3587
f 3590//3590 3587//3587 3589//3589
f 3591//3591 3588//3588 3587//3587
f 3597//3597 3581//3581 3603//3603
f 3596//3596 3597//3597 3583//3583
f 3582//3582 3597//3597 3603//3603
f 3586//3586 3582//3582 3603//3603
f 3595//3595 3596//3596 3584//3584
f 3594//3594 3595//3595 3584//3584
f 3584//3584 3609//3609 3594//3594
f 3609//3609 3584//3584 3588//3588
f 3588//3588 3591//3591 3608//3608
f 3612//3612 3610//3610 3611//3611
f 3611//3611 3608//3608 3613//3613
f 3585//3585 3604//3604 3589//3589
f 3592//3592 3589//3589 3604//3604
f 3591//3591 3590//3590 3606//3606
f 3590//3590 3589//3589 3605//3605
f 3613//3613 3591//3591 3599//3599
f 3589//3589 3592//3592 3605//3605
f 3590//3590 3605//3605 3606//3606
f 3599//3599 3591//3591 3607//3607
f 3612//3612 3614//3614 3610//3610
f 3612//3612 3613//3613 3601//3601
f 3593//3593 3598//3598 3614//3614
f 3614//3614 3598//3598 3610//3610
f 3614//3614 3612//3612 3602//3602
f 3612//3612 3611//3611 3613//3613
f 3612//3612 3601//3601 3602//3602
f 3614//3614 3602//3602 3593//3593
f 3608//3608 3591//3591 3613//3613
f 3616//3616 3615//3615 3619//3619
f 3620//3620 3616//3616 3619//3619
f 3618//3618 3620//3620 3617//3617
f 3619//3619 3617//3617 3620//3620
f 3626//3626 3625//3625 3627//3627
f 3627//3627 3625//3625 3622//3622
f 3626//3626 3627//3627 3621//3621
f 3628//3628 3626//3626 3623//3623
f 3628//3628 3629//3629 3625//3625
f 3629//3629 3624//3624 3625//3625
f 3628//3628 3625//3625 3626//3626
f 3635//3635 3633//3633 3634//3634
f 3637//3637 3635//3635 3634//3634
f 3640//3640 3645//3645 3630//3630
f 3640//3640 3641//3641 3632//3632
f 3632//3632 3645//3645 3640//3640
f 3648//3648 3645//3645 3633//3633
f 3631//3631 3648//3648 3644//3644
f 3633//3633 3644//3644 3648//3648
f 3633//3633 3635//3635 3644//3644
f 3636//3636 3634//3634 3642//3642
f 3641//3641 3642//3642 3634//3634
f 3646//3646 3636//3636 3638//3638
f 3642//3642 3638//3638 3636//3636
f 3647//3647 3636//3636 3646//3646
f 3637//3637 3643//3643 3635//3635
f 3639//3639 3637//3637 3647//3647
f 3643//3643 3637//3637 3639//3639
f 3637//3637 3636//3636 3647//3647
f 3654//3654 3649//3649 3653//3653
f 3652//3652 3650//3650 3654//3654
f 3654//3654 3653//3653 3652//3652
f 3665//3665 3655//3655 3659//3659
f 3657//3657 3665//3665 3659//3659
f 3662//3662 3655//3655 3665//3665
f 3665//3665 3661//3661 3662//3662
f 3661//3661 3666//3666 3656//3656
f 3666//3666 3661//3661 3665//3665
f 3666//3666 3665//3665 3663//3663
f 3657//3657 3663//3663 3665//3665
f 3658//3658 3660//3660 3664//3664
f 3666//3666 3664//3664 3660//3660
f 3656//3656 3666//3666 3660//3660
f 3672//3672 3669//3669 3668//3668
f 3673//3673 3670//3670 3669//3669
f 3675//3675 3672//3672 3671//3671
f 3676//3676 3673//3673 3675//3675
f 3688//3688 3691//3691 3687//3687
f 3669//3669 3690//3690 3691//3691
f 3691//3691 3668//3668 3669//3669
f 3688//3688 3668//3668 3691//3691
f 3670//3670 3690//3690 3669//3669
f 3667//3667 3689//3689 3692//3692
f 3692//3692 3689//3689 3690//3690
f 3685//3685 3667//3667 3692//3692
f 3684//3684 3685//3685 3670//3670
f 3692//3692 3670//3670 3685//3685
f 3670//3670 3673//3673 3684//3684
f 3692//3692 3690//3690 3670//3670
f 3671//3671 3668//3668 3688//3688
f 3674//3674 3671//3671 3686//3686
f 3677//3677 3674//3674 3686//3686
f 3674//3674 3677//3677 3679//3679
f 3674//3674 3679//3679 3680//3680
f 3680//3680 3675//3675 3674//3674
f 3673//3673 3676//3676 3683//3683
f 3684//3684 3673//3673 3683//3683
f 3678//3678 3676//3676 3681//3681
f 3675//3675 3681//3681 3676//3676
f 3676//3676 3678//3678 3682//3682
f 3681//3681 3675//3675 3680//3680
f 3700//3700 3693//3693 3698//3698
f 3700//3700 3697//3697 3694//3694
f 3699//3699 3700//3700 3698//3698
f 3700//3700 3699//3699 3697//3697
f 3699//3699 3696//3696 3697//3697
f 3695//3695 3699//3699 3698//3698
f 3707//3707 3701//3701 3708//3708
f 3707//3707 3705//3705 3702//3702
f 3706//3706 3707//3707 3708//3708
f 3707//3707 3706//3706 3705//3705
f 3706//3706 3704//3704 3705//3705
f 3703//3703 3706//3706 3708//3708
f 3715//3715 3709//3709 3718//3718
f 3715//3715 3717//3717 3714//3714
f 3714//3714 3713//3713 3710//3710
f 3718//3718 3716//3716 3715//3715
f 3716//3716 3717//3717 3715//3715
f 3712//3712 3713//3713 3717//3717
f 3717//3717 3713//3713 3714//3714
f 3711//3711 3716//3716 3718//3718
f 3719//3719 3728//3728 3725//3725
f 3728//3728 3726//3726 3724//3724
f 3727//3727 3720//3720 3721//3721
f 3722//3722 3723//3723 3726//3726
f 3734//3734 3729//3729 3733//3733
f 3732//3732 3730//3730 3734//3734
f 3734//3734 3733//3733 3732//3732
f 3746//3746 3735//3735 3745//3745
f 3737//3737 3746//3746 3745//3745
f 3744//3744 3735//3735 3746//3746
f 3746//3746 3743//3743 3744//3744
f 3743//3743 3747//3747 3736//3736
f 3747//3747 3743//3743 3746//3746
f 3740//3740 3741//3741 3746//3746
f 3746//3746 3741//3741 3747//3747
f 3736//3736 3747//3747 3739//3739
f 3742//3742 3739//3739 3747//3747
f 3739//3739 3742//3742 3738//3738
f 3742//3742 3747//3747 3741//3741
f 3737//3737 3740//3740 3746//3746
f 3754//3754 3750//3750 3753//3753
f 3755//3755 3751//3751 3754//3754
f 3756//3756 3752//3752 3751//3751
f 3758//3758 3754//3754 3757//3757
f 3759//3759 3755//3755 3758//3758
f 3775//3775 3760//3760 3756//3756
f 3755//3755 3759//3759 3775//3775
f 3756//3756 3755//3755 3775//3775
f 3782//3782 3778//3778 3785//3785
f 3785//3785 3783//3783 3784//3784
f 3783//3783 3778//3778 3774//3774
f 3779//3779 3781//3781 3783//3783
f 3774//3774 3779//3779 3783//3783
f 3781//3781 3779//3779 3777//3777
f 3779//3779 3774//3774 3760//3760
f 3775//3775 3777//3777 3779//3779
f 3760//3760 3775//3775 3779//3779
f 3777//3777 3775//3775 3759//3759
f 3772//3772 3768//3768 3769//3769
f 3749//3749 3772//3772 3769//3769
f 3766//3766 3767//3767 3753//3753
f 3753//3753 3749//3749 3769//3769
f 3750//3750 3772//3772 3749//3749
f 3748//3748 3770//3770 3787//3787
f 3771//3771 3787//3787 3770//3770
f 3787//3787 3786//3786 3748//3748
f 3787//3787 3751//3751 3786//3786
f 3751//3751 3771//3771 3750//3750
f 3771//3771 3751//3751 3787//3787
f 3771//3771 3772//3772 3750//3750
f 3764//3764 3776//3776 3758//3758
f 3758//3758 3776//3776 3759//3759
f 3758//3758 3757//3757 3763//3763
f 3757//3757 3761//3761 3763//3763
f 3776//3776 3764//3764 3765//3765
f 3761//3761 3757//3757 3767//3767
f 3780//3780 3776//3776 3765//3765
f 3776//3776 3780//3780 3777//3777
f 3780//3780 3784//3784 3781//3781
f 3780//3780 3765//3765 3784//3784
f 3773//3773 3782//3782 3785//3785
f 3785//3785 3762//3762 3773//3773
f 3762//3762 3785//3785 3784//3784
f 3784//3784 3765//3765 3762//3762
f 3795//3795 3791//3791 3794//3794
f 3796//3796 3792//3792 3791//3791
f 3798//3798 3795//3795 3797//3797
f 3799//3799 3796//3796 3798//3798
f 3790//3790 3812//3812 3788//3788
f 3807//3807 3790//3790 3788//3788
f 3807//3807 3808//3808 3790//3790
f 3812//3812 3790//3790 3791//3791
f 3811//3811 3812//3812 3791//3791
f 3810//3810 3811//3811 3792//3792
f 3789//3789 3810//3810 3793//3793
f 3806//3806 3793//3793 3796//3796
f 3808//3808 3794//3794 3790//3790
f 3797//3797 3794//3794 3809//3809
f 3808//3808 3809//3809 3794//3794
f 3800//3800 3797//3797 3809//3809
f 3797//3797 3800//3800 3802//3802
f 3797//3797 3802//3802 3803//3803
f 3803//3803 3798//3798 3797//3797
f 3796//3796 3799//3799 3805//3805
f 3801//3801 3799//3799 3804//3804
f 3798//3798 3804//3804 3799//3799
f 3805//3805 3799//3799 3801//3801
f 3804//3804 3798//3798 3803//3803
f 3820//3820 3817//3817 3819//3819
f 3821//3821 3818//3818 3820//3820
f 3823//3823 3820//3820 3822//3822
f 3824//3824 3821//3821 3823//3823
f 3826//3826 3835//3835 3813//3813
f 3834//3834 3835//3835 3816//3816
f 3826//3826 3827//3827 3816//3816
f 3818//3818 3833//3833 3817//3817
f 3817//3817 3833//3833 3834//3834
f 3826//3826 3816//3816 3835//3835
f 3842//3842 3837//3837 3832//3832
f 3814//3814 3843//3843 3815//3815
f 3814//3814 3837//3837 3843//3843
f 3832//3832 3818//3818 3842//3842
f 3839//3839 3842//3842 3818//3818
f 3840//3840 3843//3843 3844//3844
f 3844//3844 3842//3842 3841//3841
f 3837//3837 3842//3842 3844//3844
f 3818//3818 3832//3832 3833//3833
f 3819//3819 3827//3827 3828//3828
f 3828//3828 3822//3822 3819//3819
f 3822//3822 3828//3828 3825//3825
f 3829//3829 3830//3830 3822//3822
f 3824//3824 3823//3823 3830//3830
f 3825//3825 3829//3829 3822//3822
f 3844//3844 3841//3841 3840//3840
f 3840//3840 3836//3836 3843//3843
f 3841//3841 3842//3842 3839//3839
f 3838//3838 3821//3821 3824//3824
f 3824//3824 3831//3831 3838//3838
f 3831//3831 3824//3824 3830//3830
f 3839//3839 3821//3821 3838//3838
f 3839//3839 3818//3818 3821//3821
f 3846//3846 3845//3845 3850//3850
f 3849//3849 3846//3846 3850//3850
f 3848//3848 3849//3849 3847//3847
f 3850//3850 3847//3847 3849//3849
f 3857//3857 3856//3856 3855//3855
f 3855//3855 3856//3856 3852//3852
f 3857//3857 3855//3855 3851//3851
f 3858//3858 3857//3857 3853//3853
f 3858//3858 3854//3854 3856//3856
f 3857//3857 3858//3858 3856//3856
f 3865//3865 3861//3861 3864//3864
f 3867//3867 3863//3863 3866//3866
f 3868//3868 3864//3864 3867//3867
f 3869//3869 3865//3865 3864//3864
f 3863//3863 3877//3877 3862//3862
f 3878//3878 3862//3862 3877//3877
f 3862//3862 3878//3878 3879//3879
f 3876//3876 3877//3877 3863//3863
f 3860//3860 3861//3861 3859//3859
f 3876//3876 3864//3864 3860//3860
f 3876//3876 3860//3860 3875//3875
f 3870//3870 3866//3866 3879//3879
f 3866//3866 3870//3870 3872//3872
f 3872//3872 3873//3873 3866//3866
f 3874//3874 3868//3868 3867//3867
f 3869//3869 3868//3868 3871//3871
f 3874//3874 3871//3871 3868//3868
f 3874//3874 3867//3867 3873//3873
f 3862//3862 3879//3879 3866//3866
f 3880//3880 3884//3884 3889//3889
f 3885//3885 3889//3889 3884//3884
f 3888//3888 3889//3889 3885//3885
f 3886//3886 3882//3882 3887//3887
f 3886//3886 3887//3887 3888//3888
f 3885//3885 3886//3886 3888//3888
f 3896//3896 3890//3890 3895//3895
f 3896//3896 3897//3897 3891//3891
f 3897//3897 3896//3896 3895//3895
f 3895//3895 3894//3894 3897//3897
f 3894//3894 3893//3893 3897//3897
f 3892//3892 3894//3894 3895//3895
f 3903//3903 3898//3898 3902//3902
f 3899//3899 3903//3903 3906//3906
f 3902//3902 3906//3906 3903//3903
f 3907//3907 3906//3906 3905//3905
f 3904//3904 3905//3905 3900//3900
f 3901//3901 3907//3907 3904//3904
f 3905//3905 3904//3904 3907//3907
f 3925//3925 3920//3920 3908//3908
f 3913//3913 3925//3925 3912//3912
f 3908//3908 3912//3912 3925//3925
f 3926//3926 3925//3925 3914//3914
f 3909//3909 3919//3919 3926//3926
f 3926//3926 3919//3919 3920//3920
f 3924//3924 3909//3909 3926//3926
f 3926//3926 3927//3927 3924//3924
f 3927//3927 3926//3926 3914//3914
f 3920//3920 3925//3925 3926//3926
f 3923//3923 3927//3927 3922//3922
f 3916//3916 3917//3917 3927//3927
f 3917//3917 3918//3918 3928//3928
f 3915//3915 3929//3929 3918//3918
f 3921//3921 3922//3922 3928//3928
f 3911//3911 3921//3921 3928//3928
f 3910//3910 3911//3911 3929//3929
f 3915//3915 3910//3910 3929//3929
f 3937//3937 3930//3930 3935//3935
f 3937//3937 3936//3936 3931//3931
f 3934//3934 3937//3937 3935//3935
f 3937//3937 3934//3934 3936//3936
f 3934//3934 3933//3933 3936//3936
f 3932//3932 3934//3934 3935//3935
f 3945//3945 3938//3938 3943//3943
f 3945//3945 3944//3944 3939//3939
f 3942//3942 3945//3945 3943//3943
f 3945//3945 3942//3942 3944//3944
f 3942//3942 3941//3941 3944//3944
f 3948//3948 3959//3959 3960//3960
f 3960//3960 3953//3953 3946//3946
f 3946//3946 3956//3956 3960//3960
f 3958//3958 3960//3960 3956//3956
f 3959//3959 3953//3953 3960//3960
f 3952//3952 3948//3948 3951//3951
f 3952//3952 3959//3959 3948//3948
f 3947//3947 3951//3951 3961//3961
f 3959//3959 3952//3952 3953//3953
f 3954//3954 3958//3958 3957//3957
f 3956//3956 3957//3957 3958//3958
f 3957//3957 3949//3949 3954//3954
f 3948//3948 3958//3958 3954//3954
f 3951//3951 3948//3948 3961//3961
f 3955//3955 3961//3961 3948//3948
f 3961//3961 3955//3955 3950//3950
f 3955//3955 3948//3948 3954//3954
f 3969//3969 3962//3962 3967//3967
f 3969//3969 3968//3968 3963//3963
f 3968//3968 3969//3969 3967//3967
f 3967//3967 3966//3966 3968//3968
f 3966//3966 3965//3965 3968//3968
f 3964//3964 3966//3966 3967//3967
f 3970//3970 3974//3974 3975//3975
f 3973//3973 3975//3975 3972//3972
f 3982//3982 3980//3980 3979//3979
f 3984//3984 3982//3982 3981//3981
f 3976//3976 3990//3990 3977//3977
f 3991//3991 3979//3979 3990//3990
f 3988//3988 3978//3978 3989//3989
f 3988//3988 3989//3989 3980//3980
f 3979//3979 3980//3980 3989//3989
f 3980//3980 3982//3982 3988//3988
f 3991//3991 3981//3981 3979//3979
f 3983//3983 3981//3981 3992//3992
f 3991//3991 3992//3992 3981//3981
f 3993//3993 3983//3983 3985//3985
f 3992//3992 3985//3985 3983//3983
f 3994//3994 3983//3983 3993//3993
f 3988//3988 3982//3982 3987//3987
f 3984//3984 3987//3987 3982//3982
f 3986//3986 3984//3984 3994//3994
f 3987//3987 3984//3984 3986//3986
f 3984//3984 3983//3983 3994//3994
f 4001//4001 4000//4000 3997//3997
f 4002//4002 4001//4001 3998//3998
f 4004//4004 4003//4003 4000//4000
f 4005//4005 4004//4004 4001//4001
f 4014//4014 3998//3998 3997//3997
f 4013//4013 3998//3998 4014//4014
f 3999//3999 4013//4013 3996//3996
f 4011//4011 4002//4002 3999//3999
f 3998//3998 4013//4013 3999//3999
f 4010//4010 4002//4002 4011//4011
f 3996//3996 4011//4011 3999//3999
f 4004//4004 4007//4007 4006//4006
f 4007//4007 4004//4004 4005//4005
f 4009//4009 4005//4005 4010//4010
f 4008//4008 4012//4012 4009//4009
f 4005//4005 4009//4009 4012//4012
f 13//13 3//3 12//12
f 14//14 4//4 13//13
f 15//15 5//5 14//14
f 16//16 6//6 15//15
f 17//17 7//7 16//16
f 18//18 8//8 17//17
f 19//19 9//9 18//18
f 20//20 10//10 19//19
f 22//22 12//12 21//21
f 23//23 13//13 22//22
f 24//24 14//14 23//23
f 25//25 15//15 24//24
f 26//26 16//16 25//25
f 27//27 17//17 26//26
f 28//28 18//18 27//27
f 29//29 19//19 28//28
f 37//37 3//3 4//4
f 35//35 5//5 6//6
f 40//40 6//6 7//7
f 38//38 8//8 9//9
f 42//42 9//9 10//10
f 33//33 11//11 20//20
f 21//21 30//30 43//43
f 23//23 44//44 45//45
f 25//25 45//45 46//46
f 22//22 43//43 44//44
f 26//26 46//46 47//47
f 27//27 47//47 48//48
f 56//56 51//51 55//55
f 57//57 52//52 56//56
f 59//59 55//55 58//58
f 60//60 56//56 59//59
f 62//62 58//58 61//61
f 63//63 59//59 62//62
f 53//53 70//70 54//54
f 57//57 69//69 70//70
f 66//66 62//62 61//61
f 76//76 73//73 75//75
f 78//78 75//75 77//77
f 95//95 92//92 94//94
f 95//95 105//105 106//106
f 99//99 94//94 92//92
f 116//116 120//120 117//117
f 119//119 121//121 118//118
f 125//125 124//124 127//127
f 126//126 125//125 128//128
f 131//131 127//127 130//130
f 129//129 128//128 131//131
f 151//151 124//124 125//125
f 139//139 127//127 124//124
f 135//135 131//131 130//130
f 141//141 126//126 129//129
f 162//162 157//157 161//161
f 159//159 158//158 162//162
f 160//160 159//159 163//163
f 156//156 157//157 158//158
f 189//189 187//187 190//190
f 192//192 200//200 193//193
f 199//199 194//194 195//195
f 199//199 195//195 196//196
f 201//201 196//196 197//197
f 204//204 203//203 207//207
f 209//209 204//204 208//208
f 210//210 205//205 209//209
f 212//212 207//207 211//211
f 213//213 208//208 212//212
f 210//210 209//209 213//213
f 216//216 213//213 215//215
f 222//222 207//207 203//203
f 212//212 219//219 220//220
f 215//215 221//221 217//217
f 233//233 229//229 232//232
f 235//235 232//232 234//234
f 232//232 237//237 231//231
f 231//231 234//234 232//232
f 245//245 246//246 244//244
f 248//248 247//247 249//249
f 252//252 250//250 251//251
f 253//253 255//255 254//254
f 258//258 259//259 257//257
f 267//267 266//266 269//269
f 263//263 267//267 268//268
f 280//280 277//277 278//278
f 286//286 283//283 285//285
f 289//289 283//283 284//284
f 282//282 290//290 287//287
f 298//298 295//295 297//297
f 300//300 297//297 299//299
f 303//303 295//295 292//292
f 295//295 293//293 292//292
f 308//308 293//293 296//296
f 314//314 310//310 313//313
f 313//313 320//320 315//315
f 316//316 314//314 313//313
f 314//314 318//318 319//319
f 325//325 329//329 324//324
f 326//326 328//328 329//329
f 337//337 334//334 336//336
f 334//334 330//330 344//344
f 334//334 332//332 331//331
f 341//341 332//332 335//335
f 336//336 344//344 345//345
f 356//356 349//349 355//355
f 357//357 350//350 356//356
f 358//358 351//351 357//357
f 359//359 352//352 358//358
f 360//360 353//353 359//359
f 346//346 349//349 350//350
f 347//347 351//351 352//352
f 352//352 367//367 347//347
f 356//356 361//361 370//370
f 357//357 370//370 362//362
f 358//358 362//362 364//364
f 375//375 376//376 387//387
f 388//388 376//376 377//377
f 373//373 388//388 389//389
f 382//382 389//389 390//390
f 377//377 389//389 388//388
f 384//384 390//390 389//389
f 391//391 385//385 378//378
f 391//391 379//379 386//386
f 403//403 406//406 407//407
f 394//394 405//405 406//406
f 402//402 407//407 408//408
f 401//401 395//395 409//409
f 395//395 408//408 409//409
f 406//406 400//400 398//398
f 398//398 408//408 407//407
f 417//417 418//418 413//413
f 444//444 442//442 441//441
f 443//443 445//445 446//446
f 448//448 446//446 445//445
f 453//453 454//454 455//455
f 456//456 460//460 461//461
f 459//459 461//461 460//460
f 463//463 464//464 465//465
f 466//466 465//465 464//464
f 469//469 470//470 471//471
f 476//476 473//473 474//474
f 478//478 475//475 476//476
f 481//481 480//480 473//473
f 494//494 490//490 493//493
f 495//495 491//491 494//494
f 497//497 493//493 496//496
f 498//498 494//494 497//497
f 488//488 490//490 491//491
f 505//505 492//492 495//495
f 497//497 499//499 500//500
f 500//500 498//498 497//497
f 514//514 510//510 513//513
f 515//515 511//511 514//514
f 517//517 513//513 516//516
f 518//518 514//514 517//517
f 520//520 516//516 519//519
f 521//521 517//517 520//520
f 508//508 510//510 511//511
f 526//526 511//511 512//512
f 512//512 529//529 530//530
f 520//520 522//522 523//523
f 523//523 521//521 520//520
f 541//541 544//544 546//546
f 545//545 543//543 542//542
f 549//549 554//554 555//555
f 564//564 560//560 561//561
f 572//572 573//573 574//574
f 570//570 575//575 569//569
f 577//577 578//578 579//579
f 580//580 584//584 585//585
f 583//583 585//585 584//584
f 587//587 588//588 589//589
f 590//590 589//589 588//588
f 593//593 594//594 595//595
f 600//600 597//597 598//598
f 602//602 599//599 600//600
f 605//605 604//604 597//597
f 617//617 614//614 616//616
f 619//619 616//616 618//618
f 625//625 616//616 614//614
f 629//629 615//615 617//617
f 621//621 619//619 618//618
f 638//638 635//635 637//637
f 640//640 637//637 639//639
f 642//642 639//639 641//641
f 645//645 635//635 632//632
f 635//635 645//645 646//646
f 635//635 633//633 632//632
f 654//654 633//633 636//636
f 636//636 653//653 654//654
f 649//649 642//642 641//641
f 670//670 666//666 669//669
f 671//671 667//667 670//670
f 673//673 669//669 672//672
f 674//674 670//670 673//673
f 676//676 672//672 675//675
f 677//677 673//673 676//676
f 679//679 675//675 678//678
f 680//680 676//676 679//679
f 682//682 678//678 681//681
f 683//683 679//679 682//682
f 688//688 666//666 667//667
f 671//671 692//692 693//693
f 674//674 691//691 692//692
f 682//682 684//684 685//685
f 685//685 683//683 682//682
f 691//691 674//674 677//677
f 702//702 698//698 701//701
f 703//703 699//699 702//702
f 705//705 701//701 704//704
f 706//706 702//702 705//705
f 696//696 698//698 699//699
f 711//711 699//699 700//700
f 705//705 707//707 708//708
f 708//708 706//706 705//705
f 735//735 728//728 736//736
f 756//756 753//753 749//749
f 750//750 757//757 756//756
f 759//759 765//765 766//766
f 765//765 764//764 761//761
f 784//784 781//781 782//782
f 795//795 792//792 794//794
f 792//792 790//790 789//789
f 804//804 790//790 793//793
f 802//802 794//794 792//792
f 794//794 802//802 796//796
f 795//795 797//797 799//799
f 810//810 807//807 809//809
f 812//812 809//809 811//811
f 818//818 809//809 807//807
f 823//823 808//808 810//810
f 830//830 827//827 831//831
f 826//826 832//832 828//828
f 829//829 831//831 832//832
f 844//844 846//846 847//847
f 845//845 850//850 848//848
f 849//849 847//847 850//850
f 859//859 855//855 858//858
f 860//860 856//856 859//859
f 862//862 858//858 861//861
f 863//863 859//859 862//862
f 852//852 855//855 856//856
f 856//856 853//853 852//852
f 860//860 869//869 870//870
f 862//862 864//864 865//865
f 865//865 863//863 862//862
f 881//881 878//878 879//879
f 890//890 886//886 889//889
f 891//891 887//887 890//890
f 883//883 886//886 887//887
f 887//887 884//884 883//883
f 896//896 888//888 891//891
f 890//890 892//892 893//893
f 893//893 891//891 890//890
f 907//907 902//902 906//906
f 908//908 903//903 907//907
f 911//911 906//906 910//910
f 912//912 907//907 911//911
f 899//899 902//902 903//903
f 903//903 900//900 899//899
f 901//901 904//904 905//905
f 905//905 908//908 909//909
f 911//911 913//913 914//914
f 914//914 912//912 911//911
f 925//925 921//921 924//924
f 926//926 922//922 925//925
f 918//918 921//921 922//922
f 922//922 919//919 918//918
f 925//925 927//927 928//928
f 928//928 926//926 925//925
f 932//932 923//923 926//926
f 926//926 930//930 931//931
f 937//937 934//934 935//935
f 937//937 938//938 936//936
f 941//941 942//942 940//940
f 944//944 943//943 945//945
f 947//947 948//948 946//946
f 950//950 949//949 951//951
f 953//953 954//954 952//952
f 960//960 957//957 959//959
f 959//959 967//967 968//968
f 991//991 988//988 990//990
f 993//993 996//996 997//997
f 995//995 999//999 998//998
f 994//994 997//997 999//999
f 1007//1007 1003//1003 1006//1006
f 1008//1008 1004//1004 1007//1007
f 1010//1010 1006//1006 1009//1009
f 1011//1011 1007//1007 1010//1010
f 1013//1013 1009//1009 1012//1012
f 1014//1014 1010//1010 1013//1013
f 1016//1016 1012//1012 1015//1015
f 1017//1017 1013//1013 1016//1016
f 1019//1019 1015//1015 1018//1018
f 1020//1020 1016//1016 1019//1019
f 1022//1022 1018//1018 1021//1021
f 1023//1023 1019//1019 1022//1022
f 1001//1001 1003//1003 1004//1004
f 1027//1027 1004//1004 1005//1005
f 1031//1031 1005//1005 1008//1008
f 1022//1022 1024//1024 1025//1025
f 1025//1025 1023//1023 1022//1022
f 1035//1035 1014//1014 1017//1017
f 1034//1034 1017//1017 1020//1020
f 1042//1042 1039//1039 1041//1041
f 1044//1044 1041//1041 1043//1043
f 1050//1050 1039//1039 1037//1037
f 1051//1051 1041//1041 1039//1039
f 1049//1049 1039//1039 1040//1040
f 1046//1046 1044//1044 1043//1043
f 1053//1053 1044//1044 1047//1047
f 1058//1058 1061//1061 1064//1064
f 1067//1067 1069//1069 1070//1070
f 1068//1068 1071//1071 1072//1072
f 1073//1073 1070//1070 1071//1071
f 1081//1081 1078//1078 1080//1080
f 1083//1083 1080//1080 1082//1082
f 1088//1088 1078//1078 1075//1075
f 1089//1089 1080//1080 1078//1078
f 1078//1078 1076//1076 1075//1075
f 1093//1093 1076//1076 1079//1079
f 1092//1092 1079//1079 1081//1081
f 1086//1086 1083//1083 1082//1082
f 1099//1099 1096//1096 1098//1098
f 1101//1101 1098//1098 1100//1100
f 1106//1106 1096//1096 1097//1097
f 1103//1103 1101//1101 1100//1100
f 1121//1121 1118//1118 1120//1120
f 1123//1123 1120//1120 1122//1122
f 1118//1118 1116//1116 1115//1115
f 1119//1119 1130//1130 1117//1117
f 1121//1121 1131//1131 1130//1130
f 1128//1128 1122//1122 1120//1120
f 1129//1129 1125//1125 1122//1122
f 1125//1125 1123//1123 1122//1122
f 1140//1140 1136//1136 1139//1139
f 1141//1141 1137//1137 1140//1140
f 1143//1143 1139//1139 1142//1142
f 1144//1144 1140//1140 1143//1143
f 1146//1146 1142//1142 1145//1145
f 1147//1147 1143//1143 1146//1146
f 1134//1134 1136//1136 1137//1137
f 1150//1150 1137//1137 1138//1138
f 1138//1138 1155//1155 1156//1156
f 1145//1145 1148//1148 1151//1151
f 1163//1163 1159//1159 1162//1162
f 1164//1164 1160//1160 1163//1163
f 1166//1166 1162//1162 1165//1165
f 1167//1167 1163//1163 1166//1166
f 1172//1172 1159//1159 1160//1160
f 1174//1174 1161//1161 1164//1164
f 1166//1166 1168//1168 1169//1169
f 1169//1169 1167//1167 1166//1166
f 1183//1183 1180//1180 1182//1182
f 1185//1185 1182//1182 1184//1184
f 1187//1187 1184//1184 1186//1186
f 1190//1190 1186//1186 1189//1189
f 1193//1193 1189//1189 1192//1192
f 1195//1195 1191//1191 1194//1194
f 1196//1196 1192//1192 1195//1195
f 1198//1198 1194//1194 1197//1197
f 1199//1199 1195//1195 1198//1198
f 1201//1201 1197//1197 1200//1200
f 1202//1202 1198//1198 1201//1201
f 1204//1204 1200//1200 1203//1203
f 1205//1205 1201//1201 1204//1204
f 1207//1207 1203//1203 1206//1206
f 1208//1208 1204//1204 1207//1207
f 1210//1210 1206//1206 1209//1209
f 1211//1211 1207//1207 1210//1210
f 1177//1177 1180//1180 1178//1178
f 1219//1219 1180//1180 1181//1181
f 1216//1216 1184//1184 1182//1182
f 1217//1217 1186//1186 1184//1184
f 1188//1188 1189//1189 1186//1186
f 1227//1227 1187//1187 1190//1190
f 1191//1191 1189//1189 1188//1188
f 1190//1190 1226//1226 1227//1227
f 1210//1210 1212//1212 1213//1213
f 1213//1213 1211//1211 1210//1210
f 1202//1202 1228//1228 1225//1225
f 1205//1205 1230//1230 1228//1228
f 1252//1252 1248//1248 1249//1249
f 1255//1255 1264//1264 1257//1257
f 1278//1278 1286//1286 1280//1280
f 1280//1280 1284//1284 1283//1283
f 1294//1294 1295//1295 1290//1290
f 1307//1307 1309//1309 1308//1308
f 1316//1316 1310//1310 1309//1309
f 1310//1310 1316//1316 1317//1317
f 1317//1317 1312//1312 1311//1311
f 1319//1319 1320//1320 1321//1321
f 1322//1322 1327//1327 1323//1323
f 1325//1325 1326//1326 1324//1324
f 1328//1328 1330//1330 1331//1331
f 1332//1332 1331//1331 1330//1330
f 1335//1335 1336//1336 1337//1337
f 1342//1342 1339//1339 1340//1340
f 1344//1344 1341//1341 1342//1342
f 1347//1347 1346//1346 1339//1339
f 1360//1360 1356//1356 1359//1359
f 1361//1361 1357//1357 1360//1360
f 1360//1360 1362//1362 1363//1363
f 1363//1363 1361//1361 1360//1360
f 1375//1375 1377//1377 1378//1378
f 1382//1382 1380//1380 1383//1383
f 1392//1392 1396//1396 1387//1387
f 1405//1405 1401//1401 1402//1402
f 1399//1399 1400//1400 1403//1403
f 1401//1401 1405//1405 1406//1406
f 1408//1408 1409//1409 1410//1410
f 1411//1411 1416//1416 1412//1412
f 1414//1414 1415//1415 1413//1413
f 1417//1417 1419//1419 1420//1420
f 1421//1421 1420//1420 1419//1419
f 1424//1424 1425//1425 1426//1426
f 1432//1432 1428//1428 1429//1429
f 1434//1434 1431//1431 1432//1432
f 1430//1430 1436//1436 1428//1428
f 1431//1431 1433//1433 1437//1437
f 1448//1448 1445//1445 1447//1447
f 1448//1448 1450//1450 1451//1451
f 1456//1456 1448//1448 1451//1451
f 1465//1465 1467//1467 1468//1468
f 1475//1475 1472//1472 1474//1474
f 1477//1477 1474//1474 1476//1476
f 1479//1479 1476//1476 1478//1478
f 1481//1481 1478//1478 1480//1480
f 1483//1483 1480//1480 1482//1482
f 1488//1488 1472//1472 1470//1470
f 1497//1497 1472//1472 1473//1473
f 1475//1475 1498//1498 1499//1499
f 1498//1498 1475//1475 1477//1477
f 1480//1480 1492//1492 1493//1493
f 1484//1484 1485//1485 1482//1482
f 1485//1485 1483//1483 1482//1482
f 1481//1481 1494//1494 1495//1495
f 1505//1505 1502//1502 1504//1504
f 1507//1507 1504//1504 1506//1506
f 1509//1509 1506//1506 1508//1508
f 1511//1511 1508//1508 1510//1510
f 1513//1513 1510//1510 1512//1512
f 1504//1504 1521//1521 1516//1516
f 1506//1506 1516//1516 1517//1517
f 1505//1505 1529//1529 1530//1530
f 1507//1507 1528//1528 1529//1529
f 1506//1506 1517//1517 1518//1518
f 1508//1508 1518//1518 1519//1519
f 1536//1536 1533//1533 1535//1535
f 1538//1538 1535//1535 1537//1537
f 1548//1548 1534//1534 1536//1536
f 1540//1540 1538//1538 1537//1537
f 1551//1551 1554//1554 1555//1555
f 1553//1553 1556//1556 1557//1557
f 1552//1552 1555//1555 1556//1556
f 1558//1558 1562//1562 1564//1564
f 1560//1560 1565//1565 1563//1563
f 1568//1568 1571//1571 1572//1572
f 1572//1572 1573//1573 1575//1575
f 1578//1578 1581//1581 1582//1582
f 1582//1582 1583//1583 1585//1585
f 1591//1591 1587//1587 1590//1590
f 1596//1596 1590//1590 1587//1587
f 1597//1597 1588//1588 1591//1591
f 1590//1590 1596//1596 1592//1592
f 1593//1593 1591//1591 1590//1590
f 1591//1591 1595//1595 1597//1597
f 1600//1600 1603//1603 1604//1604
f 1603//1603 1606//1606 1602//1602
f 1620//1620 1623//1623 1624//1624
f 1624//1624 1625//1625 1627//1627
f 1635//1635 1632//1632 1634//1634
f 1638//1638 1632//1632 1629//1629
f 1632//1632 1630//1630 1629//1629
f 1643//1643 1630//1630 1633//1633
f 1646//1646 1649//1649 1650//1650
f 1649//1649 1652//1652 1648//1648
f 1653//1653 1646//1646 1650//1650
f 1656//1656 1659//1659 1660//1660
f 1659//1659 1662//1662 1658//1658
f 1669//1669 1666//1666 1668//1668
f 1671//1671 1668//1668 1670//1670
f 1673//1673 1670//1670 1672//1672
f 1675//1675 1672//1672 1674//1674
f 1684//1684 1666//1666 1667//1667
f 1680//1680 1668//1668 1666//1666
f 1667//1667 1689//1689 1690//1690
f 1682//1682 1670//1670 1668//1668
f 1676//1676 1677//1677 1674//1674
f 1677//1677 1675//1675 1674//1674
f 1673//1673 1686//1686 1687//1687
f 1692//1692 1695//1695 1696//1696
f 1694//1694 1697//1697 1698//1698
f 1693//1693 1696//1696 1697//1697
f 1703//1703 1706//1706 1707//1707
f 1707//1707 1702//1702 1708//1708
f 1714//1714 1711//1711 1715//1715
f 1710//1710 1716//1716 1712//1712
f 1713//1713 1715//1715 1716//1716
f 1723//1723 1719//1719 1722//1722
f 1724//1724 1720//1720 1723//1723
f 1728//1728 1719//1719 1720//1720
f 1727//1727 1720//1720 1721//1721
f 1724//1724 1732//1732 1733//1733
f 1722//1722 1725//1725 1729//1729
f 1753//1753 1760//1760 1757//1757
f 1757//1757 1759//1759 1756//1756
f 1752//1752 1755//1755 1751//1751
f 1751//1751 1750//1750 1736//1736
f 1739//1739 1738//1738 1740//1740
f 1743//1743 1740//1740 1742//1742
f 1745//1745 1742//1742 1744//1744
f 1735//1735 1760//1760 1758//1758
f 1754//1754 1759//1759 1760//1760
f 1771//1771 1777//1777 1774//1774
f 1774//1774 1776//1776 1773//1773
f 1770//1770 1772//1772 1769//1769
f 1766//1766 1777//1777 1775//1775
f 1779//1779 1778//1778 1783//1783
f 1783//1783 1782//1782 1780//1780
f 1785//1785 1786//1786 1787//1787
f 1788//1788 1787//1787 1786//1786
f 1803//1803 1804//1804 1806//1806
f 1806//1806 1802//1802 1805//1805
f 1802//1802 1798//1798 1801//1801
f 1803//1803 1795//1795 1794//1794
f 1811//1811 1808//1808 1809//1809
f 1808//1808 1810//1810 1815//1815
f 1826//1826 1823//1823 1825//1825
f 1828//1828 1825//1825 1827//1827
f 1831//1831 1827//1827 1830//1830
f 1833//1833 1823//1823 1824//1824
f 1836//1836 1825//1825 1823//1823
f 1853//1853 1856//1856 1857//1857
f 1857//1857 1858//1858 1859//1859
f 1860//1860 1856//1856 1852//1852
f 1861//1861 1865//1865 1867//1867
f 1863//1863 1868//1868 1866//1866
f 1870//1870 1871//1871 1869//1869
f 1880//1880 1877//1877 1879//1879
f 1882//1882 1879//1879 1881//1881
f 1887//1887 1877//1877 1874//1874
f 1888//1888 1879//1879 1877//1877
f 1877//1877 1875//1875 1874//1874
f 1892//1892 1875//1875 1878//1878
f 1884//1884 1882//1882 1881//1881
f 1899//1899 1895//1895 1898//1898
f 1900//1900 1896//1896 1899//1899
f 1902//1902 1898//1898 1901//1901
f 1903//1903 1899//1899 1902//1902
f 1912//1912 1895//1895 1896//1896
f 1909//1909 1897//1897 1900//1900
f 1901//1901 1904//1904 1906//1906
f 1919//1919 1915//1915 1918//1918
f 1920//1920 1916//1916 1919//1919
f 1922//1922 1918//1918 1921//1921
f 1923//1923 1919//1919 1922//1922
f 1929//1929 1915//1915 1916//1916
f 1931//1931 1917//1917 1920//1920
f 1921//1921 1924//1924 1926//1926
f 1940//1940 1937//1937 1939//1939
f 1950//1950 1935//1935 1938//1938
f 1937//1937 1935//1935 1934//1934
f 1939//1939 1946//1946 1947//1947
f 1943//1943 1940//1940 1939//1939
f 1953//1953 1961//1961 1962//1962
f 1960//1960 1953//1953 1962//1962
f 1958//1958 1962//1962 1961//1961
f 1964//1964 1967//1967 1968//1968
f 1969//1969 1966//1966 1967//1967
f 1982//1982 1980//1980 1981//1981
f 1993//1993 1991//1991 1992//1992
f 2000//2000 1996//1996 1999//1999
f 2001//2001 1997//1997 2000//2000
f 2003//2003 1999//1999 2002//2002
f 2004//2004 2000//2000 2003//2003
f 2006//2006 2002//2002 2005//2005
f 2007//2007 2003//2003 2006//2006
f 2009//2009 2005//2005 2008//2008
f 2010//2010 2006//2006 2009//2009
f 2012//2012 2008//2008 2011//2011
f 2013//2013 2009//2009 2012//2012
f 2017//2017 1996//1996 1997//1997
f 2024//2024 1998//1998 2001//2001
f 2001//2001 2023//2023 2024//2024
f 2011//2011 2014//2014 2018//2018
f 2010//2010 2020//2020 2021//2021
f 2032//2032 2028//2028 2031//2031
f 2033//2033 2029//2029 2032//2032
f 2035//2035 2031//2031 2034//2034
f 2036//2036 2032//2032 2035//2035
f 2045//2045 2028//2028 2029//2029
f 2042//2042 2030//2030 2033//2033
f 2034//2034 2037//2037 2039//2039
f 2052//2052 2048//2048 2051//2051
f 2053//2053 2049//2049 2052//2052
f 2055//2055 2051//2051 2054//2054
f 2056//2056 2052//2052 2055//2055
f 2065//2065 2048//2048 2049//2049
f 2062//2062 2050//2050 2053//2053
f 2054//2054 2057//2057 2059//2059
f 2073//2073 2068//2068 2072//2072
f 2074//2074 2069//2069 2073//2073
f 2076//2076 2072//2072 2075//2075
f 2077//2077 2073//2073 2076//2076
f 2082//2082 2068//2068 2069//2069
f 2067//2067 2070//2070 2071//2071
f 2070//2070 2085//2085 2071//2071
f 2075//2075 2079//2079 2083//2083
f 2078//2078 2074//2074 2077//2077
f 2077//2077 2084//2084 2080//2080
f 2092//2092 2088//2088 2091//2091
f 2093//2093 2089//2089 2092//2092
f 2095//2095 2091//2091 2094//2094
f 2096//2096 2092//2092 2095//2095
f 2102//2102 2088//2088 2089//2089
f 2094//2094 2097//2097 2099//2099
f 2112//2112 2108//2108 2111//2111
f 2113//2113 2109//2109 2112//2112
f 2115//2115 2111//2111 2114//2114
f 2116//2116 2112//2112 2115//2115
f 2120//2120 2108//2108 2109//2109
f 2124//2124 2110//2110 2113//2113
f 2114//2114 2117//2117 2121//2121
f 2132//2132 2128//2128 2131//2131
f 2133//2133 2129//2129 2132//2132
f 2137//2137 2128//2128 2129//2129
f 2131//2131 2134//2134 2138//2138
f 2151//2151 2147//2147 2148//2148
f 2162//2162 2159//2159 2160//2160
f 2164//2164 2165//2165 2163//2163
f 2167//2167 2166//2166 2168//2168
f 2170//2170 2171//2171 2169//2169
f 2173//2173 2172//2172 2174//2174
f 2176//2176 2177//2177 2175//2175
f 2184//2184 2183//2183 2187//2187
f 2187//2187 2185//2185 2181//2181
f 2192//2192 2189//2189 2191//2191
f 2199//2199 2191//2191 2189//2189
f 2217//2217 2214//2214 2216//2216
f 2216//2216 2220//2220 2221//2221
f 2236//2236 2233//2233 2235//2235
f 2239//2239 2235//2235 2238//2238
f 2244//2244 2233//2233 2230//2230
f 2245//2245 2235//2235 2233//2233
f 2247//2247 2231//2231 2234//2234
f 2233//2233 2231//2231 2230//2230
f 2237//2237 2234//2234 2236//2236
f 2253//2253 2249//2249 2252//2252
f 2256//2256 2252//2252 2255//2255
f 2259//2259 2255//2255 2258//2258
f 2255//2255 2266//2266 2267//2267
f 2251//2251 2253//2253 2254//2254
f 2254//2254 2256//2256 2257//2257
f 2264//2264 2256//2256 2259//2259
f 2275//2275 2270//2270 2272//2272
f 2269//2269 2273//2273 2271//2271
f 2274//2274 2272//2272 2273//2273
f 2318//2318 2325//2325 2322//2322
f 2325//2325 2324//2324 2321//2321
f 2317//2317 2320//2320 2316//2316
f 2316//2316 2315//2315 2288//2288
f 2293//2293 2290//2290 2292//2292
f 2307//2307 2308//2308 2310//2310
f 2310//2310 2306//2306 2309//2309
f 2304//2304 2302//2302 2305//2305
f 2300//2300 2294//2294 2301//2301
f 2325//2325 2311//2311 2319//2319
f 2311//2311 2325//2325 2323//2323
f 2298//2298 2307//2307 2310//2310
f 2338//2338 2344//2344 2341//2341
f 2341//2341 2343//2343 2340//2340
f 2337//2337 2339//2339 2336//2336
f 2333//2333 2335//2335 2328//2328
f 2355//2355 2356//2356 2358//2358
f 2358//2358 2354//2354 2357//2357
f 2354//2354 2349//2349 2353//2353
f 2349//2349 2328//2328 2348//2348
f 2332//2332 2344//2344 2342//2342
f 2358//2358 2350//2350 2345//2345
f 2355//2355 2345//2345 2331//2331
f 2369//2369 2370//2370 2368//2368
f 2368//2368 2367//2367 2365//2365
f 2362//2362 2363//2363 2361//2361
f 2373//2373 2375//2375 2374//2374
f 2377//2377 2378//2378 2376//2376
f 2392//2392 2393//2393 2395//2395
f 2395//2395 2391//2391 2394//2394
f 2391//2391 2387//2387 2390//2390
f 2392//2392 2384//2384 2383//2383
f 2400//2400 2397//2397 2398//2398
f 2402//2402 2399//2399 2400//2400
f 2399//2399 2409//2409 2397//2397
f 2410//2410 2401//2401 2411//2411
f 2417//2417 2414//2414 2416//2416
f 2419//2419 2416//2416 2418//2418
f 2422//2422 2414//2414 2415//2415
f 2427//2427 2416//2416 2414//2414
f 2444//2444 2442//2442 2445//2445
f 2454//2454 2451//2451 2453//2453
f 2465//2465 2449//2449 2452//2452
f 2461//2461 2454//2454 2453//2453
f 2470//2470 2472//2472 2473//2473
f 2473//2473 2469//2469 2475//2475
f 2477//2477 2485//2485 2486//2486
f 2484//2484 2483//2483 2488//2488
f 2485//2485 2484//2484 2487//2487
f 2488//2488 2482//2482 2489//2489
f 2489//2489 2481//2481 2490//2490
f 2490//2490 2480//2480 2491//2491
f 2498//2498 2495//2495 2496//2496
f 2516//2516 2513//2513 2514//2514
f 2513//2513 2511//2511 2514//2514
f 2521//2521 2511//2511 2512//2512
f 2515//2515 2523//2523 2513//2513
f 2533//2533 2529//2529 2532//2532
f 2534//2534 2530//2530 2533//2533
f 2536//2536 2532//2532 2535//2535
f 2537//2537 2533//2533 2536//2536
f 2527//2527 2529//2529 2530//2530
f 2541//2541 2530//2530 2531//2531
f 2536//2536 2538//2538 2539//2539
f 2539//2539 2537//2537 2536//2536
f 2551//2551 2548//2548 2550//2550
f 2553//2553 2550//2550 2552//2552
f 2557//2557 2550//2550 2548//2548
f 2573//2573 2569//2569 2572//2572
f 2574//2574 2570//2570 2573//2573
f 2576//2576 2572//2572 2575//2575
f 2577//2577 2573//2573 2576//2576
f 2567//2567 2569//2569 2570//2570
f 2581//2581 2570//2570 2571//2571
f 2583//2583 2571//2571 2574//2574
f 2576//2576 2578//2578 2579//2579
f 2579//2579 2577//2577 2576//2576
f 2606//2606 2603//2603 2605//2605
f 2615//2615 2611//2611 2614//2614
f 2616//2616 2612//2612 2615//2615
f 2619//2619 2614//2614 2618//2618
f 2620//2620 2615//2615 2619//2619
f 2608//2608 2611//2611 2612//2612
f 2612//2612 2609//2609 2608//2608
f 2609//2609 2626//2626 2610//2610
f 2613//2613 2617//2617 2626//2626
f 2619//2619 2622//2622 2623//2623
f 2623//2623 2620//2620 2619//2619
f 2620//2620 2617//2617 2616//2616
f 2621//2621 2625//2625 2624//2624
f 2633//2633 2630//2630 2632//2632
f 2635//2635 2632//2632 2634//2634
f 2637//2637 2634//2634 2636//2636
f 2639//2639 2636//2636 2638//2638
f 2641//2641 2638//2638 2640//2640
f 2654//2654 2630//2630 2628//2628
f 2644//2644 2630//2630 2631//2631
f 2655//2655 2632//2632 2630//2630
f 2656//2656 2634//2634 2632//2632
f 2657//2657 2631//2631 2633//2633
f 2635//2635 2650//2650 2657//2657
f 2637//2637 2649//2649 2650//2650
f 2652//2652 2638//2638 2636//2636
f 2639//2639 2648//2648 2649//2649
f 2664//2664 2661//2661 2663//2663
f 2674//2674 2662//2662 2664//2664
f 2688//2688 2678//2678 2687//2687
f 2689//2689 2679//2679 2688//2688
f 2690//2690 2680//2680 2689//2689
f 2691//2691 2681//2681 2690//2690
f 2692//2692 2682//2682 2691//2691
f 2693//2693 2683//2683 2692//2692
f 2694//2694 2684//2684 2693//2693
f 2695//2695 2685//2685 2694//2694
f 2697//2697 2687//2687 2696//2696
f 2698//2698 2688//2688 2697//2697
f 2699//2699 2689//2689 2698//2698
f 2700//2700 2690//2690 2699//2699
f 2701//2701 2691//2691 2700//2700
f 2702//2702 2692//2692 2701//2701
f 2703//2703 2693//2693 2702//2702
f 2704//2704 2694//2694 2703//2703
f 2706//2706 2696//2696 2705//2705
f 2707//2707 2697//2697 2706//2706
f 2708//2708 2698//2698 2707//2707
f 2709//2709 2699//2699 2708//2708
f 2710//2710 2700//2700 2709//2709
f 2711//2711 2701//2701 2710//2710
f 2712//2712 2702//2702 2711//2711
f 2713//2713 2703//2703 2712//2712
f 2715//2715 2705//2705 2714//2714
f 2716//2716 2706//2706 2715//2715
f 2717//2717 2707//2707 2716//2716
f 2718//2718 2708//2708 2717//2717
f 2719//2719 2709//2709 2718//2718
f 2720//2720 2710//2710 2719//2719
f 2721//2721 2711//2711 2720//2720
f 2722//2722 2712//2712 2721//2721
f 2724//2724 2714//2714 2723//2723
f 2725//2725 2715//2715 2724//2724
f 2726//2726 2716//2716 2725//2725
f 2727//2727 2717//2717 2726//2726
f 2728//2728 2718//2718 2727//2727
f 2729//2729 2719//2719 2728//2728
f 2730//2730 2720//2720 2729//2729
f 2731//2731 2721//2721 2730//2730
f 2753//2753 2678//2678 2679//2679
f 2751//2751 2680//2680 2681//2681
f 2750//2750 2681//2681 2682//2682
f 2741//2741 2684//2684 2685//2685
f 2695//2695 2745//2745 2743//2743
f 2724//2724 2732//2732 2733//2733
f 2726//2726 2735//2735 2736//2736
f 2727//2727 2736//2736 2737//2737
f 2725//2725 2733//2733 2735//2735
f 2738//2738 2729//2729 2728//2728
f 2731//2731 2746//2746 2747//2747
f 2722//2722 2747//2747 2748//2748
f 2738//2738 2730//2730 2729//2729
f 2760//2760 2757//2757 2759//2759
f 2755//2755 2757//2757 2758//2758
f 2769//2769 2755//2755 2758//2758
f 2775//2775 2772//2772 2774//2774
f 2777//2777 2774//2774 2776//2776
f 2785//2785 2774//2774 2772//2772
f 2797//2797 2793//2793 2796//2796
f 2798//2798 2794//2794 2797//2797
f 2800//2800 2796//2796 2799//2799
f 2801//2801 2797//2797 2800//2800
f 2791//2791 2793//2793 2794//2794
f 2806//2806 2794//2794 2795//2795
f 2799//2799 2802//2802 2804//2804
f 2815//2815 2812//2812 2814//2814
f 2817//2817 2814//2814 2816//2816
f 2816//2816 2825//2825 2818//2818
f 2819//2819 2817//2817 2816//2816
f 2834//2834 2831//2831 2833//2833
f 2833//2833 2840//2840 2841//2841
f 2853//2853 2849//2849 2852//2852
f 2854//2854 2850//2850 2853//2853
f 2856//2856 2852//2852 2855//2855
f 2857//2857 2853//2853 2856//2856
f 2861//2861 2849//2849 2850//2850
f 2851//2851 2864//2864 2865//2865
f 2855//2855 2858//2858 2862//2862
f 2867//2867 2870//2870 2871//2871
f 2869//2869 2872//2872 2873//2873
f 2868//2868 2871//2871 2872//2872
f 2876//2876 2881//2881 2882//2882
f 2889//2889 2886//2886 2890//2890
f 2885//2885 2891//2891 2887//2887
f 2888//2888 2890//2890 2891//2891
f 2902//2902 2900//2900 2901//2901
f 2917//2917 2907//2907 2916//2916
f 2918//2918 2908//2908 2917//2917
f 2919//2919 2909//2909 2918//2918
f 2920//2920 2910//2910 2919//2919
f 2921//2921 2911//2911 2920//2920
f 2922//2922 2912//2912 2921//2921
f 2923//2923 2913//2913 2922//2922
f 2924//2924 2914//2914 2923//2923
f 2926//2926 2916//2916 2925//2925
f 2927//2927 2917//2917 2926//2926
f 2928//2928 2918//2918 2927//2927
f 2929//2929 2919//2919 2928//2928
f 2930//2930 2920//2920 2929//2929
f 2931//2931 2921//2921 2930//2930
f 2932//2932 2922//2922 2931//2931
f 2933//2933 2923//2923 2932//2932
f 2945//2945 2907//2907 2908//2908
f 2904//2904 2909//2909 2910//2910
f 2947//2947 2910//2910 2911//2911
f 2905//2905 2912//2912 2913//2913
f 2943//2943 2913//2913 2914//2914
f 2925//2925 2934//2934 2950//2950
f 2928//2928 2935//2935 2948//2948
f 2931//2931 2936//2936 2952//2952
f 2961//2961 2957//2957 2960//2960
f 2962//2962 2958//2958 2961//2961
f 2964//2964 2960//2960 2963//2963
f 2965//2965 2961//2961 2964//2964
f 2967//2967 2963//2963 2966//2966
f 2968//2968 2964//2964 2967//2967
f 2970//2970 2966//2966 2969//2969
f 2971//2971 2967//2967 2970//2970
f 2973//2973 2969//2969 2972//2972
f 2974//2974 2970//2970 2973//2973
f 2955//2955 2957//2957 2958//2958
f 2977//2977 2958//2958 2959//2959
f 2984//2984 2959//2959 2962//2962
f 2962//2962 2983//2983 2984//2984
f 2972//2972 2975//2975 2978//2978
f 2971//2971 2980//2980 2981//2981
f 2992//2992 2989//2989 2991//2991
f 2994//2994 2991//2991 2993//2993
f 2996//2996 2993//2993 2995//2995
f 2998//2998 2995//2995 2997//2997
f 3000//3000 2997//2997 2999//2999
f 3009//3009 2993//2993 2991//2991
f 2989//2989 3007//3007 3008//3008
f 2987//2987 2989//2989 2990//2990
f 2990//2990 3016//3016 2988//2988
f 2992//2992 3015//3015 3016//3016
f 3015//3015 2992//2992 2994//2994
f 2997//2997 3011//3011 3012//3012
f 3004//3004 2998//2998 3000//3000
f 3024//3024 3021//3021 3023//3023
f 3026//3026 3023//3023 3025//3025
f 3028//3028 3025//3025 3027//3027
f 3030//3030 3027//3027 3029//3029
f 3032//3032 3029//3029 3031//3031
f 3034//3034 3031//3031 3033//3033
f 3036//3036 3033//3033 3035//3035
f 3038//3038 3035//3035 3037//3037
f 3040//3040 3037//3037 3039//3039
f 3042//3042 3039//3039 3041//3041
f 3017//3017 3021//3021 3018//3018
f 3021//3021 3019//3019 3018//3018
f 3055//3055 3025//3025 3023//3023
f 3055//3055 3027//3027 3025//3025
f 3047//3047 3029//3029 3027//3027
f 3031//3031 3048//3048 3049//3049
f 3019//3019 3063//3063 3020//3020
f 3026//3026 3056//3056 3057//3057
f 3059//3059 3028//3028 3030//3030
f 3049//3049 3033//3033 3031//3031
f 3050//3050 3035//3035 3033//3033
f 3037//3037 3051//3051 3052//3052
f 3039//3039 3052//3052 3053//3053
f 3053//3053 3041//3041 3039//3039
f 3044//3044 3042//3042 3041//3041
f 3034//3034 3061//3061 3058//3058
f 3060//3060 3036//3036 3038//3038
f 3060//3060 3038//3038 3040//3040
f 3070//3070 3067//3067 3069//3069
f 3072//3072 3069//3069 3071//3071
f 3074//3074 3071//3071 3073//3073
f 3076//3076 3073//3073 3075//3075
f 3078//3078 3075//3075 3077//3077
f 3065//3065 3067//3067 3068//3068
f 3085//3085 3069//3069 3067//3067
f 3086//3086 3071//3071 3069//3069
f 3065//3065 3095//3095 3066//3066
f 3072//3072 3092//3092 3093//3093
f 3075//3075 3088//3088 3089//3089
f 3082//3082 3078//3078 3077//3077
f 3092//3092 3072//3072 3074//3074
f 3078//3078 3081//3081 3090//3090
f 3102//3102 3098//3098 3101//3101
f 3103//3103 3099//3099 3102//3102
f 3105//3105 3101//3101 3104//3104
f 3106//3106 3102//3102 3105//3105
f 3108//3108 3104//3104 3107//3107
f 3109//3109 3105//3105 3108//3108
f 3111//3111 3107//3107 3110//3110
f 3112//3112 3108//3108 3111//3111
f 3114//3114 3110//3110 3113//3113
f 3115//3115 3111//3111 3114//3114
f 3121//3121 3098//3098 3099//3099
f 3126//3126 3100//3100 3103//3103
f 3103//3103 3125//3125 3126//3126
f 3113//3113 3116//3116 3118//3118
f 3112//3112 3122//3122 3123//3123
f 3134//3134 3131//3131 3133//3133
f 3136//3136 3133//3133 3135//3135
f 3141//3141 3131//3131 3129//3129
f 3134//3134 3145//3145 3146//3146
f 3131//3131 3144//3144 3129//3129
f 3138//3138 3136//3136 3135//3135
f 3152//3152 3149//3149 3151//3151
f 3161//3161 3151//3151 3149//3149
f 3172//3172 3168//3168 3169//3169
f 3183//3183 3178//3178 3179//3179
f 3194//3194 3189//3189 3190//3190
f 3201//3201 3197//3197 3200//3200
f 3202//3202 3198//3198 3201//3201
f 3204//3204 3200//3200 3203//3203
f 3205//3205 3201//3201 3204//3204
f 3207//3207 3203//3203 3206//3206
f 3208//3208 3204//3204 3207//3207
f 3212//3212 3197//3197 3198//3198
f 3199//3199 3217//3217 3218//3218
f 3206//3206 3209//3209 3213//3213
f 3225//3225 3221//3221 3224//3224
f 3226//3226 3222//3222 3225//3225
f 3220//3220 3222//3222 3223//3223
f 3225//3225 3232//3232 3228//3228
f 3240//3240 3237//3237 3239//3239
f 3242//3242 3239//3239 3241//3241
f 3244//3244 3241//3241 3243//3243
f 3247//3247 3243//3243 3246//3246
f 3249//3249 3246//3246 3248//3248
f 3251//3251 3248//3248 3250//3250
f 3259//3259 3239//3239 3237//3237
f 3260//3260 3241//3241 3239//3239
f 3261//3261 3243//3243 3241//3241
f 3265//3265 3238//3238 3240//3240
f 3245//3245 3242//3242 3244//3244
f 3246//3246 3261//3261 3256//3256
f 3248//3248 3256//3256 3257//3257
f 3244//3244 3269//3269 3245//3245
f 3268//3268 3247//3247 3249//3249
f 3276//3276 3272//3272 3275//3275
f 3277//3277 3273//3273 3276//3276
f 3279//3279 3275//3275 3278//3278
f 3280//3280 3276//3276 3279//3279
f 3288//3288 3275//3275 3272//3272
f 3271//3271 3273//3273 3274//3274
f 3280//3280 3283//3283 3284//3284
f 3282//3282 3279//3279 3278//3278
f 3298//3298 3294//3294 3297//3297
f 3299//3299 3295//3295 3298//3298
f 3301//3301 3297//3297 3300//3300
f 3302//3302 3298//3298 3301//3301
f 3305//3305 3300//3300 3304//3304
f 3306//3306 3301//3301 3305//3305
f 3307//3307 3294//3294 3291//3291
f 3293//3293 3295//3295 3296//3296
f 3294//3294 3292//3292 3291//3291
f 3303//3303 3304//3304 3300//3300
f 3315//3315 3312//3312 3314//3314
f 3317//3317 3314//3314 3316//3316
f 3319//3319 3317//3317 3316//3316
f 3336//3336 3332//3332 3333//3333
f 3337//3337 3333//3333 3334//3334
f 3339//3339 3335//3335 3336//3336
f 3340//3340 3336//3336 3337//3337
f 3344//3344 3332//3332 3330//3330
f 3345//3345 3341//3341 3338//3338
f 3357//3357 3354//3354 3356//3356
f 3359//3359 3356//3356 3358//3358
f 3354//3354 3350//3350 3362//3362
f 3354//3354 3352//3352 3351//3351
f 3363//3363 3358//3358 3356//3356
f 3359//3359 3364//3364 3365//3365
f 3374//3374 3371//3371 3375//3375
f 3370//3370 3376//3376 3372//3372
f 3373//3373 3375//3375 3376//3376
f 3383//3383 3379//3379 3377//3377
f 3445//3445 3439//3439 3440//3440
f 3436//3436 3446//3446 3445//3445
f 3437//3437 3447//3447 3446//3446
f 3431//3431 3445//3445 3446//3446
f 3447//3447 3429//3429 3430//3430
f 3453//3453 3450//3450 3452//3452
f 3453//3453 3452//3452 3454//3454
f 3455//3455 3454//3454 3457//3457
f 3450//3450 3465//3465 3466//3466
f 3463//3463 3451//3451 3453//3453
f 3463//3463 3453//3453 3455//3455
f 3464//3464 3455//3455 3458//3458
f 3472//3472 3474//3474 3475//3475
f 3485//3485 3493//3493 3486//3486
f 3490//3490 3492//3492 3493//3493
f 3491//3491 3494//3494 3492//3492
f 3501//3501 3497//3497 3500//3500
f 3502//3502 3498//3498 3501//3501
f 3498//3498 3511//3511 3513//3513
f 3509//3509 3502//3502 3501//3501
f 3520//3520 3516//3516 3519//3519
f 3521//3521 3517//3517 3520//3520
f 3528//3528 3516//3516 3517//3517
f 3528//3528 3517//3517 3518//3518
f 3521//3521 3530//3530 3531//3531
f 3553//3553 3550//3550 3551//3551
f 3554//3554 3551//3551 3552//3552
f 3557//3557 3553//3553 3554//3554
f 3558//3558 3554//3554 3555//3555
f 3575//3575 3574//3574 3551//3551
f 3552//3552 3551//3551 3574//3574
f 3562//3562 3561//3561 3555//3555
f 3561//3561 3563//3563 3558//3558
f 3580//3580 3579//3579 3567//3567
f 3580//3580 3565//3565 3579//3579
f 3557//3557 3576//3576 3556//3556
f 3587//3587 3582//3582 3586//3586
f 3584//3584 3583//3583 3587//3587
f 3587//3587 3586//3586 3589//3589
f 3591//3591 3587//3587 3590//3590
f 3597//3597 3582//3582 3583//3583
f 3586//3586 3603//3603 3585//3585
f 3596//3596 3583//3583 3584//3584
f 3588//3588 3608//3608 3609//3609
f 3585//3585 3589//3589 3586//3586
f 3591//3591 3606//3606 3607//3607
f 3613//3613 3599//3599 3600//3600
f 3613//3613 3600//3600 3601//3601
f 3633//3633 3632//3632 3634//3634
f 3637//3637 3634//3634 3636//3636
f 3641//3641 3634//3634 3632//3632
f 3645//3645 3632//3632 3633//3633
f 3635//3635 3643//3643 3644//3644
f 3649//3649 3651//3651 3653//3653
f 3666//3666 3663//3663 3664//3664
f 3672//3672 3668//3668 3671//3671
f 3673//3673 3669//3669 3672//3672
f 3675//3675 3671//3671 3674//3674
f 3673//3673 3672//3672 3675//3675
f 3671//3671 3688//3688 3686//3686
f 3676//3676 3682//3682 3683//3683
f 3728//3728 3724//3724 3725//3725
f 3726//3726 3723//3723 3724//3724
f 3727//3727 3721//3721 3722//3722
f 3722//3722 3726//3726 3727//3727
f 3729//3729 3731//3731 3733//3733
f 3750//3750 3749//3749 3753//3753
f 3751//3751 3750//3750 3754//3754
f 3756//3756 3751//3751 3755//3755
f 3754//3754 3753//3753 3757//3757
f 3755//3755 3754//3754 3758//3758
f 3778//3778 3783//3783 3785//3785
f 3783//3783 3781//3781 3784//3784
f 3781//3781 3777//3777 3780//3780
f 3777//3777 3759//3759 3776//3776
f 3767//3767 3757//3757 3753//3753
f 3753//3753 3769//3769 3766//3766
f 3751//3751 3752//3752 3786//3786
f 3758//3758 3763//3763 3764//3764
f 3791//3791 3790//3790 3794//3794
f 3796//3796 3791//3791 3795//3795
f 3795//3795 3794//3794 3797//3797
f 3796//3796 3795//3795 3798//3798
f 3811//3811 3791//3791 3792//3792
f 3810//3810 3792//3792 3793//3793
f 3793//3793 3792//3792 3796//3796
f 3796//3796 3805//3805 3806//3806
f 3817//3817 3816//3816 3819//3819
f 3818//3818 3817//3817 3820//3820
f 3820//3820 3819//3819 3822//3822
f 3821//3821 3820//3820 3823//3823
f 3834//3834 3816//3816 3817//3817
f 3827//3827 3819//3819 3816//3816
f 3843//3843 3836//3836 3815//3815
f 3837//3837 3844//3844 3843//3843
f 3830//3830 3823//3823 3822//3822
f 3861//3861 3860//3860 3864//3864
f 3863//3863 3862//3862 3866//3866
f 3864//3864 3863//3863 3867//3867
f 3869//3869 3864//3864 3868//3868
f 3876//3876 3863//3863 3864//3864
f 3860//3860 3859//3859 3875//3875
f 3873//3873 3867//3867 3866//3866
f 3880//3880 3889//3889 3881//3881
f 3882//3882 3883//3883 3887//3887
f 3906//3906 3902//3902 3905//3905
f 3925//3925 3913//3913 3914//3914
f 3927//3927 3923//3923 3924//3924
f 3927//3927 3914//3914 3916//3916
f 3917//3917 3928//3928 3927//3927
f 3918//3918 3929//3929 3928//3928
f 3922//3922 3927//3927 3928//3928
f 3911//3911 3928//3928 3929//3929
f 3942//3942 3943//3943 3940//3940
f 3948//3948 3960//3960 3958//3958
f 3970//3970 3975//3975 3971//3971
f 3975//3975 3974//3974 3972//3972
f 3982//3982 3979//3979 3981//3981
f 3984//3984 3981//3981 3983//3983
f 3990//3990 3979//3979 3977//3977
f 3979//3979 3989//3989 3977//3977
f 4001//4001 3997//3997 3998//3998
f 4002//4002 3998//3998 3999//3999
f 4004//4004 4000//4000 4001//4001
f 4005//4005 4001//4001 4002//4002
f 4014//4014 3997//3997 3995//3995
f 4004//4004 4006//4006 4003//4003
f 4007//4007 4005//4005 4012//4012
f 4005//4005 4002//4002 4010//4010
