03 Mar 08:00,03 Jun 08:00,03 Sep 08:00,03 Mar 12:00,03 Jun 12:00,03 Sep 12:00,03 Mar 16:00,03 Jun 16:00,03 Sep 16:00,03 Mar 20:00,03 Jun 20:00,03 Sep 20:00
0.048975,0.073096,0.064207,0.080814,0.109495,0.083478,0.063597,0.114975,0.071301,0,0.000397,0
0.045546,0.068347,0.059856,0.075194,0.105455,0.07806,0.061687,0.12634,0.068398,0,0.000399,0
0.043593,0.065507,0.057253,0.071716,0.103486,0.074488,0.060979,0.170135,0.067192,0,0.000404,0
0.044639,0.067205,0.058804,0.073452,0.107607,0.076616,0.066314,0.194793,0.165849,0,0.000428,0
0.045564,0.068806,0.060238,0.074587,0.112344,0.077951,0.113775,0.217868,0.291541,0,0.000459,0
0.04605,0.069822,0.061137,0.075516,0.114216,0.079112,0.133952,0.222916,0.294816,0,0.000469,0
0.047991,0.073021,0.063988,0.078635,0.119137,0.082456,0.142903,0.234659,0.303489,0,0.000489,0
0.049287,0.074939,0.065706,0.08082,0.121473,0.084667,0.14599,0.236717,0.30617,0,0.000495,0
0.044912,0.067327,0.058942,0.074425,0.098656,0.076555,0.056366,0.088965,0.063183,0,0.00035,0
0.041044,0.061977,0.054035,0.068083,0.094125,0.070425,0.053543,0.09099,0.058936,0,0.000352,0
0.039369,0.059654,0.051903,0.065178,0.093586,0.067722,0.053445,0.103656,0.058081,0,0.000365,0
0.038975,0.05907,0.051362,0.064467,0.094672,0.067212,0.054721,0.118673,0.05933,0,0.000378,0
0.039879,0.060445,0.052611,0.065489,0.100077,0.068523,0.062432,0.194769,0.160908,0,0.000416,0
0.043035,0.065554,0.05724,0.070787,0.108718,0.074392,0.129463,0.215589,0.289353,0,0.000455,0
0.043853,0.067063,0.058561,0.071961,0.111983,0.075669,0.137146,0.227801,0.29629,0,0.000473,0
0.045817,0.069898,0.061117,0.075219,0.11537,0.078943,0.140858,0.230444,0.299818,0,0.00048,0
0.053052,0.078751,0.069389,0.087146,0.118127,0.08992,0.069653,0.136577,0.078601,0,0.000427,0
0.049177,0.07341,0.064499,0.080707,0.114388,0.083766,0.069687,0.197521,0.146607,0,0.000437,0
0.047635,0.071322,0.06258,0.078149,0.11308,0.081331,0.070885,0.204825,0.172513,0,0.000443,0
0.050206,0.074834,0.065803,0.082605,0.113994,0.085465,0.067328,0.135076,0.075296,0,0.000421,0
0.048923,0.073071,0.06419,0.080542,0.111996,0.083423,0.066134,0.134003,0.073674,0,0.000418,0
0.048024,0.072167,0.063324,0.078537,0.116238,0.081866,0.116705,0.220409,0.296016,0,0.000466,0
0.048778,0.073556,0.064561,0.079897,0.118537,0.083455,0.137255,0.225655,0.299413,0,0.000477,0
0.051,0.07715,0.067769,0.083468,0.123907,0.087248,0.146169,0.237552,0.307997,0,0.000498,0
0.052008,0.079164,0.069476,0.085318,0.126816,0.089345,0.153694,0.243889,0.314167,0,0.00051,0
0.04941,0.074963,0.06577,0.080915,0.121408,0.084719,0.144859,0.236228,0.306236,0,0.000493,0
0.050805,0.077019,0.067612,0.083259,0.123864,0.087083,0.147672,0.238152,0.308461,0,0.000499,0
0.051962,0.079102,0.069418,0.085245,0.12671,0.089269,0.153362,0.243662,0.313645,0,0.00051,0
0.05196,0.079099,0.069416,0.085242,0.126709,0.089267,0.1534,0.243681,0.313707,0,0.00051,0
0.047528,0.071486,0.062701,0.077742,0.115428,0.081075,0.116109,0.219841,0.295083,0,0.000464,0
0.038562,0.05827,0.050679,0.063963,0.085644,0.065743,0.04822,0.074852,0.053652,0,0.00031,0
0.031865,0.049047,0.042228,0.053119,0.075942,0.055091,0.042336,0.071926,0.045464,0,0.000299,0
0.031834,0.049005,0.042186,0.053085,0.076229,0.055095,0.042348,0.072082,0.045446,0,0.0003,0
0.033935,0.051914,0.044862,0.05653,0.078364,0.058379,0.043886,0.070793,0.047785,0,0.000297,0
0.032474,0.049963,0.043045,0.053941,0.079757,0.056116,0.044532,0.081009,0.047336,0,0.000322,0
0.035519,0.054185,0.046894,0.058192,0.091274,0.0609,0.05477,0.180094,0.12729,0,0.000388,0
0.047975,0.073626,0.064407,0.07884,0.12044,0.082925,0.149646,0.240178,0.308627,0,0.000499,0
0.04885,0.074827,0.065506,0.080246,0.121815,0.084317,0.150487,0.24095,0.309763,0,0.000502,0
0.040547,0.062272,0.054205,0.06683,0.105381,0.070512,0.130178,0.216193,0.288354,0,0.000453,0
0.0403,0.062058,0.054,0.066317,0.105747,0.070039,0.131631,0.220671,0.289713,0,0.000458,0
0.044524,0.068122,0.059493,0.073143,0.113337,0.076886,0.139673,0.229321,0.298218,0,0.000477,0
0.044925,0.069436,0.060573,0.073941,0.115639,0.078071,0.146805,0.237503,0.304778,0,0.000491,0
0.042767,0.065708,0.057283,0.070319,0.110571,0.074089,0.138021,0.227775,0.29598,0,0.000472,0
0.048466,0.0743,0.065023,0.079628,0.121212,0.083705,0.150113,0.240613,0.309261,0,0.000501,0
0.342248,0.618814,0.51002,0.102045,0.172551,0.106433,0.076795,0.107008,0.08419,0,0.000542,0
0.342326,0.618854,0.510098,0.102107,0.172622,0.106463,0.076816,0.107071,0.084179,0,0.000542,0
0.342421,0.61896,0.510208,0.102185,0.172706,0.10654,0.076861,0.107112,0.084239,0,0.000542,0
0.342421,0.61896,0.510208,0.102185,0.172706,0.10654,0.076861,0.107112,0.084239,0,0.000542,0
0.342373,0.618919,0.510157,0.102184,0.172697,0.106539,0.076861,0.107113,0.084239,0,0.000542,0
0.342373,0.618919,0.510157,0.102184,0.172697,0.106539,0.076861,0.107113,0.084239,0,0.000542,0
0.342441,0.618605,0.510048,0.102317,0.172441,0.10664,0.076912,0.10715,0.084294,0,0.000542,0
0.342508,0.618734,0.510152,0.102312,0.172527,0.106638,0.076912,0.107159,0.084289,0,0.000543,0
0.342303,0.618611,0.50996,0.102304,0.172539,0.106631,0.076912,0.10717,0.084286,0,0.000543,0
0.342485,0.618805,0.51017,0.102305,0.172614,0.106632,0.076912,0.107172,0.084283,0,0.000543,0
0.342423,0.618987,0.51022,0.102263,0.172775,0.106618,0.076907,0.107156,0.084302,0,0.000543,0
0.342373,0.618919,0.510157,0.102184,0.172697,0.106539,0.076861,0.107113,0.084239,0,0.000542,0
0.342577,0.619064,0.51035,0.102369,0.172856,0.106701,0.076956,0.107236,0.084333,0,0.000543,0
0.342373,0.618919,0.510157,0.102184,0.172697,0.106539,0.076861,0.107113,0.084239,0,0.000542,0
0.342334,0.618735,0.510038,0.102297,0.172645,0.106627,0.076912,0.107184,0.084279,0,0.000543,0
0.342627,0.619109,0.510403,0.102374,0.172871,0.106705,0.076958,0.107237,0.084335,0,0.000543,0
0.342578,0.619068,0.510352,0.102373,0.172861,0.106704,0.076958,0.107238,0.084335,0,0.000543,0
0.342452,0.619238,0.510351,0.102276,0.17309,0.106617,0.076917,0.107251,0.084258,0,0.000543,0
0.342501,0.619285,0.510405,0.102277,0.173105,0.106618,0.076917,0.107251,0.084258,0,0.000543,0
0.34027,0.616295,0.507544,0.10239,0.171601,0.106702,0.076964,0.107173,0.084392,0,0.000542,0
0.341072,0.618891,0.50928,0.102346,0.173775,0.106711,0.077018,0.107508,0.084338,0,0.000545,0
0.342673,0.619167,0.510459,0.102451,0.172938,0.106781,0.077003,0.107278,0.084396,0,0.000543,0
0.342628,0.619134,0.510413,0.102449,0.172935,0.10678,0.077003,0.107279,0.084395,0,0.000543,0
0.342624,0.6191,0.510397,0.102374,0.172863,0.106705,0.076958,0.107236,0.084336,0,0.000543,0
0.3398,0.616709,0.50743,0.102324,0.17235,0.10666,0.076972,0.107321,0.084346,0,0.000543,0
0.34265,0.619354,0.510535,0.102284,0.173073,0.106623,0.076916,0.107237,0.084261,0,0.000543,0
0.342575,0.619199,0.510413,0.102287,0.172962,0.106623,0.076914,0.107222,0.084265,0,0.000543,0
0.342415,0.619103,0.510264,0.10228,0.172972,0.106618,0.076915,0.107233,0.084263,0,0.000543,0
0.342534,0.619005,0.510295,0.102293,0.172784,0.106625,0.076912,0.107194,0.084272,0,0.000543,0
0.34239,0.618984,0.510192,0.102285,0.172864,0.10662,0.076914,0.107216,0.084268,0,0.000543,0
0.342583,0.619076,0.510359,0.102372,0.172866,0.106704,0.076958,0.107238,0.084335,0,0.000543,0
0.342629,0.619139,0.510417,0.102449,0.17294,0.106779,0.077003,0.10728,0.084395,0,0.000543,0
0.342579,0.619071,0.510354,0.102372,0.172864,0.106704,0.076958,0.107238,0.084335,0,0.000543,0
0.342578,0.619068,0.510352,0.102373,0.172861,0.106704,0.076958,0.107238,0.084335,0,0.000543,0
0.342581,0.619072,0.510356,0.102373,0.172863,0.106704,0.076958,0.107238,0.084335,0,0.000543,0
0.342578,0.619068,0.510352,0.102373,0.172861,0.106704,0.076958,0.107238,0.084335,0,0.000543,0
0.342626,0.619133,0.510412,0.102449,0.172936,0.106779,0.077003,0.107279,0.084395,0,0.000543,0
0.342665,0.619291,0.510511,0.102444,0.173075,0.106778,0.077005,0.107301,0.084389,0,0.000543,0
0.342795,0.619304,0.510603,0.102453,0.172998,0.106784,0.077004,0.107282,0.084395,0,0.000543,0
0.342673,0.619165,0.510458,0.102451,0.172937,0.106781,0.077003,0.107277,0.084396,0,0.000543,0
0.342835,0.619403,0.510675,0.102452,0.173075,0.106784,0.077005,0.107292,0.084392,0,0.000543,0
0.342985,0.619564,0.510849,0.102456,0.173142,0.106789,0.077006,0.107297,0.084391,0,0.000543,0
0.342768,0.619598,0.510723,0.102436,0.173329,0.106776,0.077008,0.107338,0.084379,0,0.000544,0
0.342762,0.619595,0.510717,0.102436,0.173329,0.106775,0.077008,0.107339,0.084379,0,0.000544,0
0.342723,0.619553,0.510672,0.102435,0.173312,0.106774,0.077008,0.107338,0.084379,0,0.000544,0
0.342869,0.61934,0.510668,0.102458,0.172987,0.106788,0.077004,0.107278,0.084397,0,0.000543,0
0.342629,0.619137,0.510415,0.102449,0.172937,0.106779,0.077003,0.107279,0.084395,0,0.000543,0
0.342651,0.619234,0.510476,0.102445,0.173024,0.106778,0.077004,0.107293,0.084391,0,0.000543,0
0.342554,0.619063,0.510332,0.102448,0.172912,0.106779,0.077003,0.10728,0.084396,0,0.000543,0
0.342442,0.619075,0.510264,0.102439,0.173004,0.106773,0.077004,0.107301,0.08439,0,0.000543,0
0.342478,0.619008,0.510256,0.102446,0.172908,0.106777,0.077003,0.107284,0.084396,0,0.000543,0
0.342746,0.619525,0.510674,0.102438,0.173267,0.106776,0.077007,0.107329,0.084381,0,0.000544,0
0.342551,0.619148,0.51037,0.102442,0.173004,0.106775,0.077004,0.107295,0.084391,0,0.000543,0
0.138161,0.435206,0.291705,0.692532,0.848426,0.826316,0.273362,0.326933,0.463814,0,0.000994,0
0.138161,0.435206,0.291705,0.692532,0.848426,0.826316,0.273362,0.326933,0.463814,0,0.000994,0
0.138161,0.435206,0.291705,0.692532,0.848426,0.826316,0.273362,0.326933,0.463814,0,0.000994,0
0.138161,0.435206,0.291705,0.692532,0.848426,0.826316,0.273362,0.326933,0.463814,0,0.000994,0
0.138161,0.435206,0.291705,0.692532,0.848426,0.826316,0.273362,0.326933,0.463814,0,0.000994,0
0.138161,0.435206,0.291705,0.692532,0.848426,0.826316,0.273362,0.326933,0.463814,0,0.000994,0
0.138161,0.435206,0.291705,0.692532,0.848426,0.826316,0.273362,0.326933,0.463814,0,0.000994,0
0.138161,0.435206,0.291705,0.692532,0.848426,0.826316,0.273362,0.326933,0.463814,0,0.000994,0
0.138161,0.435206,0.291705,0.692532,0.848426,0.826316,0.273362,0.326933,0.463814,0,0.000994,0
0.138161,0.435206,0.291705,0.692532,0.848426,0.826316,0.273362,0.326933,0.463814,0,0.000994,0
0.138161,0.435206,0.291705,0.692532,0.848426,0.826316,0.273362,0.326933,0.463814,0,0.000994,0
0.138161,0.435206,0.291705,0.692532,0.848426,0.826316,0.273362,0.326933,0.463814,0,0.000994,0
0.138161,0.435206,0.291705,0.692532,0.848426,0.826316,0.273362,0.326933,0.463814,0,0.000994,0
0.138161,0.435206,0.291705,0.692532,0.848426,0.826316,0.273362,0.326933,0.463814,0,0.000994,0
0.138161,0.435206,0.291705,0.692532,0.848426,0.826316,0.273362,0.326933,0.463814,0,0.000994,0
0.138161,0.435206,0.291705,0.692532,0.848426,0.826316,0.273362,0.326933,0.463814,0,0.000994,0
0.138161,0.435206,0.291705,0.692532,0.848426,0.826316,0.273362,0.326933,0.463814,0,0.000994,0
0.138161,0.435206,0.291705,0.692532,0.848426,0.826316,0.273362,0.326933,0.463814,0,0.000994,0
0.138161,0.435206,0.291705,0.692532,0.848426,0.826316,0.273362,0.326933,0.463814,0,0.000994,0
0.138161,0.435206,0.291705,0.692532,0.848426,0.826316,0.273362,0.326933,0.463814,0,0.000994,0
0.138161,0.435206,0.291705,0.692532,0.848426,0.826316,0.273362,0.326933,0.463814,0,0.000994,0
0.138161,0.435206,0.291705,0.692532,0.848426,0.826316,0.273362,0.326933,0.463814,0,0.000994,0
0.138161,0.435206,0.291705,0.692532,0.848426,0.826316,0.273362,0.326933,0.463814,0,0.000994,0
0.138161,0.435206,0.291705,0.692532,0.848426,0.826316,0.273362,0.326933,0.463814,0,0.000994,0
0.138161,0.435206,0.291705,0.692532,0.848426,0.826316,0.273362,0.326933,0.463814,0,0.000994,0
0.138161,0.435206,0.291705,0.692532,0.848426,0.826316,0.273362,0.326933,0.463814,0,0.000994,0
0.138161,0.435206,0.291705,0.692532,0.848426,0.826316,0.273362,0.326933,0.463814,0,0.000994,0
0.138161,0.435206,0.291705,0.692532,0.848426,0.826316,0.273362,0.326933,0.463814,0,0.000994,0
0.138161,0.435206,0.291705,0.692532,0.848426,0.826316,0.273362,0.326933,0.463814,0,0.000994,0
0.138161,0.435206,0.291705,0.692532,0.848426,0.826316,0.273362,0.326933,0.463814,0,0.000994,0
0.138161,0.435206,0.291705,0.692532,0.848426,0.826316,0.273362,0.326933,0.463814,0,0.000994,0
0.138161,0.435206,0.291705,0.692532,0.848426,0.826316,0.273362,0.326933,0.463814,0,0.000994,0
0.138161,0.435206,0.291705,0.692532,0.848426,0.826316,0.273362,0.326933,0.463814,0,0.000994,0
0.138161,0.435206,0.291705,0.692532,0.848426,0.826316,0.273362,0.326933,0.463814,0,0.000994,0
0.138161,0.435206,0.291705,0.692532,0.848426,0.826316,0.273362,0.326933,0.463814,0,0.000994,0
0.138161,0.435206,0.291705,0.692532,0.848426,0.826316,0.273362,0.326933,0.463814,0,0.000994,0
0.138161,0.435206,0.291705,0.692532,0.848426,0.826316,0.273362,0.326933,0.463814,0,0.000994,0
0.138161,0.435206,0.291705,0.692532,0.848426,0.826316,0.273362,0.326933,0.463814,0,0.000994,0
0.138161,0.435206,0.291705,0.692532,0.848426,0.826316,0.273362,0.326933,0.463814,0,0.000994,0
0.138161,0.435206,0.291705,0.692532,0.848426,0.826316,0.273362,0.326933,0.463814,0,0.000994,0
0.138161,0.435206,0.291705,0.692532,0.848426,0.826316,0.273362,0.326933,0.463814,0,0.000994,0
0.138161,0.435206,0.291705,0.692532,0.848426,0.826316,0.273362,0.326933,0.463814,0,0.000994,0
0.138161,0.435206,0.291705,0.692532,0.848426,0.826316,0.273362,0.326933,0.463814,0,0.000994,0
0.138161,0.435206,0.291705,0.692532,0.848426,0.826316,0.273362,0.326933,0.463814,0,0.000994,0
0.138161,0.435206,0.291705,0.692532,0.848426,0.826316,0.273362,0.326933,0.463814,0,0.000994,0
0.138161,0.435206,0.291705,0.692532,0.848426,0.826316,0.273362,0.326933,0.463814,0,0.000994,0
0.138161,0.435206,0.291705,0.692532,0.848426,0.826316,0.273362,0.326933,0.463814,0,0.000994,0
0.138161,0.435206,0.291705,0.692532,0.848426,0.826316,0.273362,0.326933,0.463814,0,0.000994,0
0.138161,0.435206,0.291705,0.692532,0.848426,0.826316,0.273362,0.326933,0.463814,0,0.000994,0
0.138161,0.435206,0.291705,0.692532,0.848426,0.826316,0.273362,0.326933,0.463814,0,0.000994,0
0.138161,0.435206,0.291705,0.692532,0.848426,0.826316,0.273362,0.326933,0.463814,0,0.000994,0
0.138161,0.435206,0.291705,0.692532,0.848426,0.826316,0.273362,0.326933,0.463814,0,0.000994,0
0.138161,0.435206,0.291705,0.692532,0.848426,0.826316,0.273362,0.326933,0.463814,0,0.000994,0
0.138161,0.435206,0.291705,0.692532,0.848426,0.826316,0.273362,0.326933,0.463814,0,0.000994,0
0.138161,0.435206,0.291705,0.692532,0.848426,0.826316,0.273362,0.326933,0.463814,0,0.000994,0
0.138161,0.435206,0.291705,0.692532,0.848426,0.826316,0.273362,0.326933,0.463814,0,0.000994,0
0.138161,0.435206,0.291705,0.692532,0.848426,0.826316,0.273362,0.326933,0.463814,0,0.000994,0
0.138161,0.435206,0.291705,0.692532,0.848426,0.826316,0.273362,0.326933,0.463814,0,0.000994,0
0.138161,0.435206,0.291705,0.692532,0.848426,0.826316,0.273362,0.326933,0.463814,0,0.000994,0
0.138161,0.435206,0.291705,0.692532,0.848426,0.826316,0.273362,0.326933,0.463814,0,0.000994,0
0.138161,0.435206,0.291705,0.692532,0.848426,0.826316,0.273362,0.326933,0.463814,0,0.000994,0
0.138161,0.435206,0.291705,0.692532,0.848426,0.826316,0.273362,0.326933,0.463814,0,0.000994,0
0.138161,0.435206,0.291705,0.692532,0.848426,0.826316,0.273362,0.326933,0.463814,0,0.000994,0
0.138161,0.435206,0.291705,0.692532,0.848426,0.826316,0.273362,0.326933,0.463814,0,0.000994,0
0.138161,0.435206,0.291705,0.692532,0.848426,0.826316,0.273362,0.326933,0.463814,0,0.000994,0
0.138161,0.435206,0.291705,0.692532,0.848426,0.826316,0.273362,0.326933,0.463814,0,0.000994,0
0.138161,0.435206,0.291705,0.692532,0.848426,0.826316,0.273362,0.326933,0.463814,0,0.000994,0
0.138161,0.435206,0.291705,0.692532,0.848426,0.826316,0.273362,0.326933,0.463814,0,0.000994,0
0.138161,0.435206,0.291705,0.692532,0.848426,0.826316,0.273362,0.326933,0.463814,0,0.000994,0
0.138161,0.435206,0.291705,0.692532,0.848426,0.826316,0.273362,0.326933,0.463814,0,0.000994,0
0.138161,0.435206,0.291705,0.692532,0.848426,0.826316,0.273362,0.326933,0.463814,0,0.000994,0
0.138161,0.435206,0.291705,0.692532,0.848426,0.826316,0.273362,0.326933,0.463814,0,0.000994,0
0.138161,0.435206,0.291705,0.692532,0.848426,0.826316,0.273362,0.326933,0.463814,0,0.000994,0
0.138161,0.435206,0.291705,0.692532,0.848426,0.826316,0.273362,0.326933,0.463814,0,0.000994,0
0.138161,0.435206,0.291705,0.692532,0.848426,0.826316,0.273362,0.326933,0.463814,0,0.000994,0
0.138161,0.435206,0.291705,0.692532,0.848426,0.826316,0.273362,0.326933,0.463814,0,0.000994,0
0.138161,0.435206,0.291705,0.692532,0.848426,0.826316,0.273362,0.326933,0.463814,0,0.000994,0
0.138161,0.435206,0.291705,0.692532,0.848426,0.826316,0.273362,0.326933,0.463814,0,0.000994,0
0.138161,0.435206,0.291705,0.692532,0.848426,0.826316,0.273362,0.326933,0.463814,0,0.000994,0
0.138161,0.435206,0.291705,0.692532,0.848426,0.826316,0.273362,0.326933,0.463814,0,0.000994,0
0.138161,0.435206,0.291705,0.692532,0.848426,0.826316,0.273362,0.326933,0.463814,0,0.000994,0
0.138161,0.435206,0.291705,0.692532,0.848426,0.826316,0.273362,0.326933,0.463814,0,0.000994,0
0.138161,0.435206,0.291705,0.692532,0.848426,0.826316,0.273362,0.326933,0.463814,0,0.000994,0
0.138161,0.435206,0.291705,0.692532,0.848426,0.826316,0.273362,0.326933,0.463814,0,0.000994,0
0.138161,0.435206,0.291705,0.692532,0.848426,0.826316,0.273362,0.326933,0.463814,0,0.000994,0
0.138161,0.435206,0.291705,0.692532,0.848426,0.826316,0.273362,0.326933,0.463814,0,0.000994,0
0.138161,0.435206,0.291705,0.692532,0.848426,0.826316,0.273362,0.326933,0.463814,0,0.000994,0
0.138161,0.435206,0.291705,0.692532,0.848426,0.826316,0.273362,0.326933,0.463814,0,0.000994,0
0.138161,0.435206,0.291705,0.692532,0.848426,0.826316,0.273362,0.326933,0.463814,0,0.000994,0
0.138161,0.435206,0.291705,0.692532,0.848426,0.826316,0.273362,0.326933,0.463814,0,0.000994,0
0.138161,0.435206,0.291705,0.692532,0.848426,0.826316,0.273362,0.326933,0.463814,0,0.000994,0
0.138161,0.435206,0.291705,0.692532,0.848426,0.826316,0.273362,0.326933,0.463814,0,0.000994,0
0.138161,0.435206,0.291705,0.692532,0.848426,0.826316,0.273362,0.326933,0.463814,0,0.000994,0
0.138161,0.435206,0.291705,0.692532,0.848426,0.826316,0.273362,0.326933,0.463814,0,0.000994,0
0.138161,0.435206,0.291705,0.692532,0.848426,0.826316,0.273362,0.326933,0.463814,0,0.000994,0
0.015028,0.020499,0.01886,0.053096,0.025591,0.025303,0.014445,0.014264,0.01873,0,0.000049,0
0.015096,0.020665,0.01896,0.025003,0.024155,0.024245,0.014174,0.013485,0.018982,0,0.000043,0
0.016458,0.022534,0.020671,0.027197,0.026301,0.026413,0.01545,0.014681,0.020707,0,0.000046,0
0,0,0,0,0,0,0,0,0,0,0,0
0,0,0,0,0,0,0,0,0,0,0,0
0,0,0,0,0,0,0,0,0,0,0,0
0,0,0,0,0,0,0,0,0,0,0,0
0,0,0,0,0,0,0,0,0,0,0,0
0,0,0,0,0,0,0,0,0,0,0,0
0,0,0,0,0,0,0,0,0,0,0,0
0,0,0,0,0,0,0,0,0,0,0,0
0,0,0,0,0,0,0,0,0,0,0,0
0,0,0,0,0,0,0,0,0,0,0,0
0,0,0,0,0,0,0,0,0,0,0,0
0,0,0,0,0,0,0,0,0,0,0,0
0,0,0,0,0,0,0,0,0,0,0,0
0,0,0,0,0,0,0,0,0,0,0,0
0,0,0,0,0,0,0,0,0,0,0,0
0,0,0,0,0,0,0,0,0,0,0,0
0,0,0,0,0,0,0,0,0,0,0,0
0,0,0,0,0,0,0,0,0,0,0,0
0,0,0,0,0,0,0,0,0,0,0,0
0,0,0,0,0,0,0,0,0,0,0,0
0,0,0,0,0,0,0,0,0,0,0,0
0,0,0,0,0,0,0,0,0,0,0,0
0,0,0,0,0,0,0,0,0,0,0,0
0,0,0,0,0,0,0,0,0,0,0,0
0,0,0,0,0,0,0,0,0,0,0,0
0,0,0,0,0,0,0,0,0,0,0,0
0,0,0,0,0,0,0,0,0,0,0,0
0.342633,0.61914,0.51042,0.102449,0.172937,0.10678,0.077003,0.107279,0.084395,0,0.000543,0
0.34262,0.619141,0.510412,0.102448,0.172948,0.106779,0.077003,0.107282,0.084395,0,0.000543,0
0.342633,0.61914,0.51042,0.102449,0.172937,0.10678,0.077003,0.107279,0.084395,0,0.000543,0
0.342633,0.61914,0.51042,0.102449,0.172937,0.10678,0.077003,0.107279,0.084395,0,0.000543,0
0.342071,0.618288,0.509658,0.101486,0.17148,0.105773,0.07609,0.105489,0.083518,0,0.000537,0
0.342069,0.618303,0.509662,0.101458,0.171743,0.105747,0.076228,0.106091,0.083555,0,0.000539,0
0.341941,0.618191,0.50955,0.101343,0.171853,0.105684,0.076358,0.106675,0.083523,0,0.000541,0
0.342499,0.618958,0.510252,0.102221,0.172723,0.106554,0.07687,0.107156,0.084215,0,0.000543,0
0.342319,0.618667,0.509992,0.101859,0.17229,0.106146,0.076567,0.106676,0.08391,0,0.000541,0
0.332885,0.604063,0.49738,0.085553,0.150374,0.089365,0.063813,0.087139,0.070543,0,0.000455,0
0.341108,0.616749,0.508323,0.099606,0.16892,0.103781,0.074498,0.10276,0.081956,0,0.000526,0
0.341074,0.616927,0.508408,0.099833,0.170155,0.104137,0.07528,0.105203,0.082273,0,0.000537,0
0.340657,0.616153,0.507759,0.098827,0.168686,0.103022,0.074301,0.103426,0.081449,0,0.00053,0
0.327357,0.595048,0.489832,0.076026,0.139078,0.0797,0.057017,0.078958,0.062818,0,0.000419,0
0.337866,0.612133,0.504137,0.093962,0.163724,0.098029,0.071214,0.100064,0.077653,0,0.000518,0
0.342576,0.619065,0.51035,0.102369,0.172858,0.106701,0.076956,0.107236,0.084333,0,0.000543,0
0.342522,0.618965,0.510271,0.102205,0.172706,0.106538,0.07686,0.107145,0.084202,0,0.000543,0
0.342617,0.619125,0.510402,0.102448,0.172934,0.106779,0.077003,0.10728,0.084395,0,0.000543,0
0.342624,0.619124,0.510406,0.102449,0.172928,0.10678,0.077002,0.107278,0.084396,0,0.000543,0
0.342582,0.61907,0.510355,0.10237,0.172859,0.106701,0.076956,0.107236,0.084333,0,0.000543,0
0.342574,0.619064,0.510347,0.102369,0.172858,0.106701,0.076956,0.107236,0.084333,0,0.000543,0
0.342578,0.619071,0.510353,0.102369,0.172863,0.106701,0.076956,0.107237,0.084332,0,0.000543,0
0.34259,0.619078,0.510364,0.10237,0.172862,0.106701,0.076956,0.107236,0.084333,0,0.000543,0
0.341952,0.618181,0.509553,0.101338,0.171833,0.105678,0.076354,0.106669,0.083518,0,0.000541,0
0.341528,0.617628,0.509033,0.100693,0.171216,0.105041,0.075979,0.106321,0.08301,0,0.00054,0
0.342124,0.618442,0.50978,0.10165,0.172148,0.105988,0.076537,0.106842,0.083765,0,0.000542,0
0.342596,0.619072,0.510365,0.102371,0.172852,0.106702,0.076956,0.107234,0.084333,0,0.000543,0
0.342521,0.618964,0.510271,0.102206,0.172705,0.106538,0.07686,0.107145,0.084202,0,0.000543,0
0.342473,0.618924,0.51022,0.102204,0.172696,0.106537,0.07686,0.107145,0.084202,0,0.000543,0
0.342487,0.618943,0.510238,0.102204,0.172706,0.106537,0.07686,0.107146,0.084202,0,0.000543,0
0.342473,0.618924,0.51022,0.102204,0.172696,0.106537,0.07686,0.107145,0.084202,0,0.000543,0
0.342377,0.618757,0.510085,0.101978,0.172471,0.106313,0.076727,0.107019,0.084023,0,0.000542,0
0.342588,0.619076,0.510362,0.10237,0.17286,0.106701,0.076956,0.107236,0.084333,0,0.000543,0
0.342574,0.619064,0.510347,0.102369,0.172858,0.106701,0.076956,0.107236,0.084333,0,0.000543,0
0.342574,0.619064,0.510347,0.102369,0.172858,0.106701,0.076956,0.107236,0.084333,0,0.000543,0
0.34259,0.619085,0.510368,0.102369,0.172869,0.106701,0.076956,0.107237,0.084332,0,0.000543,0
0.342586,0.619067,0.510357,0.10237,0.172853,0.106701,0.076956,0.107235,0.084333,0,0.000543,0
0.342592,0.619079,0.510367,0.10237,0.172861,0.106701,0.076956,0.107236,0.084333,0,0.000543,0
0.342592,0.619079,0.510367,0.10237,0.172861,0.106701,0.076956,0.107236,0.084333,0,0.000543,0
0.342592,0.619079,0.510367,0.10237,0.172861,0.106701,0.076956,0.107236,0.084333,0,0.000543,0
0.342632,0.619108,0.510406,0.102357,0.172857,0.106688,0.076948,0.107227,0.084321,0,0.000543,0
0.342447,0.618951,0.510212,0.102352,0.172821,0.106684,0.076948,0.107231,0.084321,0,0.000543,0
0.34253,0.619021,0.510299,0.102354,0.172836,0.106685,0.076948,0.107229,0.084321,0,0.000543,0
0.342482,0.618989,0.510257,0.102186,0.172751,0.106521,0.076852,0.107148,0.084187,0,0.000543,0
0.342561,0.61909,0.510351,0.102352,0.172887,0.106685,0.076948,0.107236,0.084319,0,0.000543,0
0.342661,0.619163,0.510449,0.10245,0.172943,0.106781,0.077003,0.107279,0.084395,0,0.000543,0
0.342573,0.619063,0.510347,0.102369,0.172858,0.106701,0.076956,0.107236,0.084333,0,0.000543,0
0.342573,0.619063,0.510347,0.102369,0.172858,0.106701,0.076956,0.107236,0.084333,0,0.000543,0
0.342648,0.619152,0.510435,0.102449,0.17294,0.10678,0.077003,0.107279,0.084395,0,0.000543,0
0.342644,0.619132,0.510423,0.102451,0.172922,0.106781,0.077003,0.107277,0.084396,0,0.000543,0
0.34256,0.61903,0.510324,0.102284,0.172788,0.106616,0.076906,0.107189,0.084264,0,0.000543,0
0.342618,0.619127,0.510404,0.102449,0.172935,0.106779,0.077003,0.10728,0.084395,0,0.000543,0
0.342559,0.619046,0.51033,0.102354,0.172842,0.106686,0.076948,0.107228,0.084321,0,0.000543,0
0.342559,0.619046,0.51033,0.102354,0.172842,0.106686,0.076948,0.107228,0.084321,0,0.000543,0
0.34262,0.619129,0.510406,0.102449,0.172936,0.106779,0.077003,0.10728,0.084395,0,0.000543,0
0.342657,0.619148,0.510439,0.102451,0.172929,0.106781,0.077003,0.107277,0.084396,0,0.000543,0
0.342559,0.619046,0.51033,0.102354,0.172842,0.106686,0.076948,0.107228,0.084321,0,0.000543,0
0.342618,0.619127,0.510404,0.102449,0.172934,0.106779,0.077003,0.10728,0.084395,0,0.000543,0
0.342464,0.618894,0.510202,0.102138,0.172637,0.106472,0.076821,0.107109,0.084149,0,0.000543,0
0.342555,0.619019,0.510316,0.102284,0.17278,0.106616,0.076906,0.107188,0.084264,0,0.000543,0
0.342555,0.619019,0.510316,0.102284,0.17278,0.106616,0.076906,0.107188,0.084264,0,0.000543,0
0.342658,0.619161,0.510446,0.10245,0.172942,0.10678,0.077003,0.107279,0.084395,0,0.000543,0
0.342599,0.61908,0.510372,0.102355,0.17285,0.106687,0.076948,0.107227,0.084321,0,0.000543,0
0.340335,0.616214,0.507567,0.10167,0.17109,0.105991,0.076542,0.10678,0.083815,0,0.000541,0
0.341266,0.618897,0.509423,0.101883,0.173398,0.106251,0.07674,0.107235,0.083964,0,0.000544,0
0.340264,0.616968,0.507865,0.101919,0.172074,0.106258,0.076725,0.107071,0.084014,0,0.000542,0
0.34267,0.619169,0.51046,0.102357,0.172895,0.106689,0.076948,0.107232,0.08432,0,0.000543,0
0.342741,0.619265,0.510551,0.102358,0.172947,0.10669,0.076949,0.107237,0.084319,0,0.000543,0
0.34268,0.619149,0.510458,0.102359,0.172867,0.10669,0.076948,0.107227,0.084322,0,0.000543,0
0.342599,0.619318,0.510483,0.102344,0.173103,0.106682,0.076952,0.107271,0.08431,0,0.000543,0
0.342558,0.619292,0.510444,0.102343,0.173103,0.106681,0.076952,0.107273,0.08431,0,0.000543,0
0.342652,0.619125,0.510428,0.102358,0.172861,0.106689,0.076948,0.107227,0.084321,0,0.000543,0
0.343044,0.619438,0.510833,0.102309,0.172887,0.106639,0.076913,0.107189,0.084274,0,0.000543,0
0.344687,0.62086,0.512571,0.102445,0.173293,0.106768,0.076967,0.107219,0.084345,0,0.000543,0
0.342626,0.619133,0.510412,0.102449,0.172936,0.106779,0.077003,0.107279,0.084395,0,0.000543,0
0.342735,0.619491,0.51065,0.102439,0.173238,0.106776,0.077007,0.107325,0.084383,0,0.000544,0
0.342417,0.618957,0.510193,0.102445,0.172897,0.106776,0.077003,0.107285,0.084396,0,0.000543,0
0.342651,0.619456,0.510579,0.102434,0.17326,0.106773,0.077007,0.107333,0.084381,0,0.000544,0
0.342506,0.619031,0.510285,0.102446,0.172913,0.106777,0.077003,0.107283,0.084396,0,0.000543,0
0.342372,0.619043,0.510203,0.102436,0.173019,0.10677,0.077005,0.107308,0.084389,0,0.000543,0
0.342502,0.619119,0.510324,0.10244,0.173008,0.106774,0.077004,0.107299,0.084391,0,0.000543,0
0,0,0,0,0,0,0,0,0,0,0,0
0,0,0,0,0,0,0,0,0,0,0,0
0,0,0,0,0,0,0,0,0,0,0,0
0,0,0,0,0,0,0,0,0,0,0,0
0,0,0,0,0,0,0,0,0,0,0,0
0.327494,0.597864,0.491088,0.077324,0.147394,0.081545,0.061511,0.090972,0.064523,0,0.00049,0
0.340687,0.616465,0.507973,0.099317,0.169871,0.103677,0.075176,0.105569,0.081924,0,0.000538,0
0.342501,0.618932,0.510242,0.102205,0.172685,0.106538,0.07686,0.107143,0.084203,0,0.000543,0
0.341897,0.618124,0.509492,0.101266,0.171774,0.105608,0.076313,0.106632,0.083462,0,0.000541,0
0.342479,0.618928,0.510226,0.102204,0.172697,0.106537,0.07686,0.107145,0.084202,0,0.000543,0
0,0,0,0,0,0,0,0,0,0,0,0
0.339303,0.614566,0.506234,0.097102,0.1677,0.101483,0.073885,0.104359,0.080176,0,0.000534,0
0.342318,0.618708,0.510024,0.101946,0.172444,0.106281,0.076709,0.107004,0.083998,0,0.000542,0
0.341654,0.617796,0.50919,0.10088,0.1714,0.105225,0.076087,0.106422,0.083157,0,0.000541,0
0.342308,0.618695,0.510012,0.10193,0.172429,0.106266,0.0767,0.106996,0.083986,0,0.000542,0
0,0,0,0,0,0,0,0,0,0,0,0
0,0,0,0,0,0,0,0,0,0,0,0
0,0,0,0,0,0,0,0,0,0,0,0
0,0,0,0,0,0,0,0,0,0,0,0
0.336297,0.610418,0.502448,0.092214,0.162919,0.09664,0.071034,0.101689,0.076317,0,0.000526,0
0.342528,0.618966,0.510276,0.102191,0.172694,0.106524,0.076851,0.107137,0.08419,0,0.000543,0
0.341595,0.617695,0.509107,0.100725,0.171255,0.105071,0.075997,0.106337,0.083034,0,0.00054,0
0.333318,0.60737,0.499298,0.088108,0.159044,0.09262,0.068626,0.099206,0.073236,0,0.000518,0
0,0,0,0,0,0,0,0,0,0,0,0
0,0,0,0,0,0,0,0,0,0,0,0
0.344974,0.620885,0.512788,0.101805,0.172786,0.106131,0.076583,0.10685,0.083824,0,0.000542,0
0.343659,0.618796,0.510969,0.101038,0.171111,0.105357,0.076119,0.106321,0.083245,0,0.00054,0
0.344509,0.621658,0.512838,0.101986,0.174053,0.106343,0.076744,0.107172,0.083969,0,0.000544,0
0.342464,0.618911,0.510208,0.102188,0.172681,0.106522,0.076851,0.107137,0.08419,0,0.000543,0
0.058952,0.086764,0.077821,0.393053,0.181428,0.312993,0.479897,0.266401,0.613939,0,0.000524,0
0.059785,0.087682,0.078806,0.395931,0.207926,0.333583,0.480989,0.267969,0.614657,0,0.000533,0
0.059328,0.086979,0.078216,0.395814,0.182948,0.314242,0.48056,0.267665,0.613935,0,0.000532,0
0.043835,0.06532,0.058313,0.079826,0.111457,0.082478,0.453352,0.23812,0.591556,0,0.000394,0
0.055248,0.081503,0.073152,0.150169,0.143061,0.110999,0.475801,0.261446,0.60889,0,0.000499,0
0.058194,0.085661,0.076846,0.153695,0.176825,0.194132,0.478737,0.264605,0.612983,0,0.000512,0
0.058245,0.085767,0.076927,0.41805,0.180881,0.312332,0.47927,0.265968,0.61296,0,0.000525,0
0.325638,0.587283,0.485544,0.073225,0.13022,0.076007,0.052179,0.069397,0.058928,0,0.000358,0
0.323183,0.586075,0.483275,0.068686,0.128675,0.0719,0.050728,0.070279,0.056091,0,0.000375,0
0.321491,0.580432,0.479998,0.066932,0.121789,0.069656,0.047713,0.063644,0.053811,0,0.000328,0
0.325965,0.582581,0.483282,0.077134,0.132105,0.079469,0.05312,0.068747,0.060693,0,0.00035,0
0.317956,0.568805,0.472395,0.065015,0.113193,0.066957,0.044124,0.056186,0.050725,0,0.000279,0
0.318279,0.572316,0.474434,0.063042,0.114404,0.065414,0.04393,0.057643,0.049787,0,0.000297,0
0.312657,0.56413,0.467276,0.054236,0.103458,0.056462,0.038444,0.051495,0.042833,0,0.000268,0
0.312657,0.56413,0.467276,0.054236,0.103458,0.056462,0.038444,0.051495,0.042833,0,0.000268,0
0.314356,0.568876,0.470294,0.056448,0.10941,0.059155,0.040834,0.055688,0.045214,0,0.000296,0
0.326025,0.586673,0.48571,0.074221,0.128705,0.076853,0.05191,0.067343,0.059538,0,0.000339,0
0.06163,0.089846,0.081002,0.42602,0.212016,0.33723,0.4827,0.2702,0.616352,0,0.000544,0
0.06163,0.089846,0.081002,0.426043,0.212021,0.337246,0.482697,0.270195,0.616343,0,0.000544,0
0.061629,0.089846,0.081001,0.42604,0.21203,0.337254,0.482707,0.270207,0.616365,0,0.000544,0
0.06163,0.089846,0.081002,0.42602,0.212016,0.33723,0.4827,0.2702,0.616352,0,0.000544,0
0.060534,0.088684,0.079742,0.423203,0.209655,0.335192,0.481734,0.268828,0.615549,0,0.000537,0
0.060665,0.088793,0.07989,0.424172,0.210269,0.335622,0.48189,0.269186,0.615557,0,0.000539,0
0.060263,0.088161,0.079332,0.396771,0.208831,0.334386,0.481383,0.268483,0.615047,0,0.000535,0
0.06054,0.088552,0.079711,0.397977,0.20956,0.334912,0.481711,0.268987,0.615314,0,0.000538,0
0.060853,0.089052,0.080128,0.424576,0.210856,0.336112,0.482073,0.269402,0.615774,0,0.000541,0
0.061094,0.089287,0.080404,0.425135,0.211296,0.33648,0.482266,0.2697,0.615893,0,0.000542,0
0.069063,0.094861,0.086811,0.110944,0.108657,0.109911,0.064691,0.060589,0.087557,0,0.000184,0
0.069063,0.094861,0.086811,0.110944,0.108657,0.109911,0.064691,0.060589,0.087557,0,0.000184,0
0.069063,0.094861,0.086811,0.110944,0.108657,0.109911,0.064691,0.060589,0.087557,0,0.000184,0
0.069063,0.094861,0.086811,0.110944,0.108657,0.109911,0.064691,0.060589,0.087557,0,0.000184,0
0.069063,0.094861,0.086811,0.110944,0.108657,0.109911,0.064691,0.060589,0.087557,0,0.000184,0
0.069063,0.094861,0.086811,0.110944,0.108657,0.109911,0.064691,0.060589,0.087557,0,0.000184,0
0.039462,0.056628,0.051421,0.06274,0.086445,0.064934,0.131229,0.201554,0.293904,0,0.000306,0
0.022907,0.033547,0.030056,0.137692,0.092728,0.149203,0.243454,0.289441,0.5019,0,0.00041,0
0.014536,0.022338,0.020046,0.025818,0.040809,0.027038,0.218448,0.112765,0.477726,0,0.000178,0
0.008452,0.012297,0.011157,0.020676,0.018803,0.018005,0.036434,0.016,0.014924,0,0.000058,0
0.327475,0.05965,0.112754,0.909021,0.451951,0.808335,0.170173,0.145794,0.229358,0,0.000481,0
0.56236,0.515092,0.607033,0.704052,0.375477,0.537832,0.090262,0.109149,0.087115,0,0.00053,0
0.06163,0.089846,0.081002,0.426031,0.212018,0.337238,0.482699,0.270197,0.616348,0,0.000544,0
0.06163,0.089846,0.081002,0.425974,0.212005,0.337197,0.482706,0.270211,0.616371,0,0.000544,0
0.06163,0.089845,0.081001,0.426115,0.21206,0.337321,0.48271,0.270206,0.616362,0,0.000544,0
0.06163,0.089846,0.081002,0.426042,0.212026,0.337251,0.482702,0.270201,0.616354,0,0.000544,0
0.06163,0.089846,0.081002,0.426025,0.212017,0.337233,0.482699,0.270199,0.61635,0,0.000544,0
0.06163,0.089846,0.081002,0.426025,0.212017,0.337233,0.482699,0.270199,0.61635,0,0.000544,0
0.06163,0.089846,0.081002,0.426025,0.212017,0.337233,0.482699,0.270199,0.61635,0,0.000544,0
0.06163,0.089846,0.081002,0.426035,0.212021,0.337243,0.4827,0.270199,0.61635,0,0.000544,0
0.06163,0.089846,0.081002,0.425994,0.212008,0.33721,0.482702,0.270204,0.616359,0,0.000544,0
0.061629,0.089845,0.081001,0.426025,0.212028,0.337245,0.48271,0.270213,0.616375,0,0.000544,0
0.06163,0.089846,0.081002,0.426025,0.212017,0.337233,0.482699,0.270199,0.61635,0,0.000544,0
0.06163,0.089846,0.081002,0.426025,0.212017,0.337233,0.482699,0.270199,0.61635,0,0.000544,0
0.06163,0.089846,0.081002,0.426034,0.212019,0.33724,0.482698,0.270197,0.616346,0,0.000544,0
0.06163,0.089846,0.081002,0.425974,0.212005,0.337197,0.482706,0.270211,0.616371,0,0.000544,0
0.061631,0.089848,0.081003,0.425973,0.211981,0.337171,0.482682,0.27018,0.616316,0,0.000544,0
0.06163,0.089846,0.081002,0.426025,0.212017,0.337233,0.482699,0.270199,0.61635,0,0.000544,0
0.061629,0.089846,0.081002,0.42598,0.21201,0.337205,0.482708,0.270213,0.616375,0,0.000544,0
0.562355,0.515083,0.607025,0.704058,0.375477,0.537835,0.090262,0.109149,0.087115,0,0.00053,0
0.562355,0.515083,0.607025,0.704058,0.375477,0.537835,0.090262,0.109149,0.087115,0,0.00053,0
0.562331,0.515037,0.606988,0.704085,0.37548,0.537855,0.090267,0.10915,0.087116,0,0.00053,0
0.562331,0.515037,0.606988,0.704085,0.37548,0.537855,0.090267,0.10915,0.087116,0,0.00053,0
0.562331,0.515037,0.606988,0.704085,0.37548,0.537855,0.090267,0.10915,0.087116,0,0.00053,0
0.562331,0.515037,0.606988,0.704085,0.37548,0.537855,0.090267,0.10915,0.087116,0,0.00053,0
0.562097,0.514729,0.606701,0.7037,0.375115,0.537481,0.090036,0.108936,0.086804,0,0.000529,0
0.562101,0.514737,0.606707,0.703698,0.375117,0.53748,0.090035,0.108936,0.086804,0,0.000529,0
0.562331,0.515037,0.606988,0.704085,0.37548,0.537855,0.090267,0.10915,0.087116,0,0.00053,0
0.561767,0.513479,0.605933,0.703501,0.374625,0.537211,0.089708,0.108411,0.086438,0,0.000526,0
0.562328,0.515032,0.606984,0.704089,0.37548,0.537857,0.090268,0.10915,0.087116,0,0.00053,0
0.562098,0.514722,0.606698,0.703673,0.375088,0.53745,0.090033,0.108934,0.086804,0,0.000529,0
0.562332,0.515042,0.606991,0.704093,0.375489,0.537864,0.090268,0.109151,0.087116,0,0.00053,0
0.562082,0.514695,0.606675,0.703695,0.375094,0.537467,0.090038,0.108935,0.086805,0,0.000529,0
0.562032,0.514626,0.606612,0.703619,0.375019,0.537392,0.089993,0.108892,0.086742,0,0.000529,0
0.332708,0.596424,0.493944,0.085367,0.147396,0.088131,0.060978,0.082194,0.068379,0,0.000425,0
0.333093,0.599594,0.495582,0.084813,0.148405,0.087813,0.06157,0.084034,0.068675,0,0.000438,0
0.33395,0.60067,0.496645,0.086289,0.148939,0.089233,0.062091,0.083528,0.069737,0,0.000431,0
0.332854,0.599169,0.495263,0.084498,0.147422,0.087469,0.061149,0.083024,0.068372,0,0.000431,0
0.331505,0.596281,0.493213,0.082432,0.142388,0.085334,0.058639,0.077982,0.066481,0,0.0004,0
0.330549,0.595182,0.492063,0.080793,0.141645,0.083759,0.057962,0.078,0.065237,0,0.000405,0
0.332952,0.596854,0.494268,0.085684,0.14838,0.088475,0.061398,0.083204,0.068682,0,0.000432,0
0.334661,0.603715,0.498351,0.086944,0.151802,0.090156,0.063678,0.087228,0.071035,0,0.000453,0
0.333553,0.603591,0.497537,0.085355,0.151275,0.088809,0.06354,0.08824,0.07031,0,0.000461,0
0.332021,0.59818,0.494246,0.083014,0.147406,0.086052,0.060853,0.084378,0.067372,0,0.000442,0
0.329111,0.594171,0.490583,0.078314,0.142802,0.081396,0.058113,0.081811,0.063663,0,0.000434,0
0.33389,0.602686,0.497394,0.085672,0.150865,0.088897,0.06309,0.087153,0.070091,0,0.000454,0
0.328554,0.587006,0.486832,0.081183,0.138294,0.083614,0.056299,0.073364,0.064088,0,0.000374,0
0.327594,0.590213,0.488028,0.07615,0.135134,0.079083,0.054393,0.073032,0.061361,0,0.00038,0
0.327389,0.59128,0.48822,0.075611,0.138317,0.078677,0.055665,0.077641,0.061335,0,0.000413,0
0.332062,0.598113,0.494268,0.083176,0.14659,0.08618,0.060557,0.08301,0.067387,0,0.000433,0
0.325197,0.587653,0.485287,0.072225,0.132869,0.075242,0.052866,0.073117,0.058483,0,0.000387,0
0.329678,0.594036,0.490972,0.079305,0.140907,0.082317,0.057377,0.078372,0.064169,0,0.000409,0
0.326229,0.588338,0.48631,0.073949,0.13306,0.07691,0.053139,0.071998,0.059643,0,0.000377,0
0.021303,0.032425,0.028846,0.044364,0.045088,0.042231,0.111621,0.043282,0.047247,0,0.000134,0
0.037573,0.05546,0.049845,0.070615,0.072273,0.068653,0.13202,0.065202,0.072949,0,0.00019,0
0.045143,0.067112,0.060296,0.396274,0.116323,0.209323,0.458522,0.212046,0.588905,0,0.000412,0
0.047015,0.070455,0.062919,0.135111,0.124532,0.096323,0.466748,0.249697,0.598158,0,0.000457,0
0.039487,0.060091,0.053547,0.079717,0.089004,0.076163,0.431824,0.107611,0.206122,0,0.000288,0
0.058578,0.086255,0.077352,0.392694,0.205798,0.331422,0.47959,0.266271,0.613429,0,0.000526,0
0.058633,0.086149,0.077384,0.420435,0.207235,0.332387,0.479843,0.267131,0.613094,0,0.000533,0
0.057798,0.084855,0.076288,0.419729,0.206063,0.331293,0.479204,0.266708,0.611876,0,0.000532,0
0.322655,0.585348,0.482608,0.067829,0.127916,0.071058,0.050257,0.069978,0.055433,0,0.000374,0
0.31843,0.578962,0.477099,0.061146,0.12128,0.064446,0.046282,0.066504,0.050165,0,0.000363,0
0.322057,0.586423,0.482579,0.066781,0.131225,0.070364,0.051821,0.076223,0.055487,0,0.000414,0
0.318446,0.578432,0.477008,0.0615,0.119,0.064632,0.045622,0.063486,0.05022,0,0.00034,0
0.315562,0.574228,0.473169,0.056526,0.117573,0.059898,0.043791,0.065506,0.046531,0,0.000365,0
0.318851,0.581205,0.478269,0.061811,0.12462,0.065393,0.048109,0.071076,0.051381,0,0.00039,0
0.312719,0.566643,0.468243,0.053809,0.106844,0.05654,0.039296,0.054248,0.043131,0,0.000292,0
0.06163,0.089846,0.081002,0.426043,0.212021,0.337246,0.482697,0.270195,0.616343,0,0.000544,0
0.06129,0.08938,0.080575,0.425453,0.211476,0.336674,0.482385,0.269907,0.615931,0,0.000543,0
0.061581,0.089778,0.08094,0.425964,0.211943,0.337168,0.482651,0.270151,0.61628,0,0.000544,0
0.060847,0.089044,0.080121,0.424549,0.210823,0.336071,0.482051,0.269377,0.615731,0,0.00054,0
0.06129,0.08938,0.080575,0.425431,0.211472,0.336659,0.482388,0.269912,0.61594,0,0.000543,0
0.061438,0.089583,0.080761,0.42573,0.211738,0.336957,0.482537,0.270052,0.616144,0,0.000544,0
0.060656,0.08878,0.07988,0.424259,0.210545,0.335798,0.481888,0.269229,0.615523,0,0.00054,0
0.041822,0.057443,0.052569,0.067183,0.065797,0.066557,0.039174,0.03669,0.053021,0,0.000112,0
0.025075,0.034441,0.031519,0.04028,0.03945,0.039905,0.023487,0.021998,0.031789,0,0.000067,0
0.005604,0.007697,0.007044,0.009002,0.008817,0.008918,0.005249,0.004916,0.007105,0,0.000015,0
0.016446,0.022589,0.020672,0.026418,0.025874,0.026172,0.015404,0.014428,0.020849,0,0.000044,0
0.004837,0.006644,0.00608,0.007771,0.007611,0.007698,0.004531,0.004244,0.006133,0,0.000013,0
0.03401,0.049148,0.04455,0.053932,0.07872,0.056301,0.126292,0.197802,0.287048,0,0.000297,0
0.026368,0.038494,0.034258,0.192495,0.488648,0.392878,0.249293,0.305997,0.506432,0,0.000511,0
0.039257,0.120341,0.054807,0.209961,0.548492,0.413821,0.268374,0.350916,0.521014,0,0.000803,0
0.380009,0.608584,0.552623,0.932616,0.839349,0.9384,0.193402,0.203569,0.246577,0,0.000863,0
0.331161,0.064858,0.117103,0.916931,0.779932,0.918867,0.177674,0.169747,0.235549,0,0.000602,0
0.562065,0.514687,0.606662,0.703578,0.375012,0.537362,0.089985,0.10889,0.086741,0,0.000529,0
0.06163,0.089846,0.081002,0.426031,0.212018,0.337238,0.482699,0.270197,0.616348,0,0.000544,0
0.06163,0.089846,0.081002,0.425974,0.212005,0.337197,0.482706,0.270211,0.616371,0,0.000544,0
0.06163,0.089846,0.081002,0.426025,0.212017,0.337233,0.482699,0.270199,0.61635,0,0.000544,0
0.06163,0.089846,0.081002,0.426031,0.212018,0.337238,0.482699,0.270197,0.616348,0,0.000544,0
0.06163,0.089846,0.081002,0.426025,0.212017,0.337233,0.482699,0.270199,0.61635,0,0.000544,0
0.06163,0.089846,0.081002,0.426025,0.212017,0.337233,0.482699,0.270199,0.61635,0,0.000544,0
0.06163,0.089846,0.081002,0.426025,0.212017,0.337233,0.482699,0.270199,0.61635,0,0.000544,0
0.06163,0.089846,0.081002,0.426035,0.212021,0.337243,0.4827,0.270199,0.61635,0,0.000544,0
0.06163,0.089846,0.081002,0.425949,0.212,0.337179,0.482709,0.270217,0.616381,0,0.000544,0
0.06163,0.089846,0.081002,0.426025,0.212017,0.337233,0.482699,0.270199,0.61635,0,0.000544,0
0.06163,0.089846,0.081002,0.426025,0.212017,0.337233,0.482699,0.270199,0.61635,0,0.000544,0
0.06163,0.089846,0.081002,0.426025,0.212017,0.337233,0.482699,0.270199,0.61635,0,0.000544,0
0.06163,0.089846,0.081002,0.426034,0.212019,0.33724,0.482698,0.270197,0.616346,0,0.000544,0
0.06163,0.089846,0.081002,0.425974,0.212005,0.337197,0.482706,0.270211,0.616371,0,0.000544,0
0.061631,0.089848,0.081003,0.425973,0.211981,0.337171,0.482682,0.27018,0.616316,0,0.000544,0
0.06163,0.089846,0.081002,0.426025,0.212017,0.337233,0.482699,0.270199,0.61635,0,0.000544,0
0.06163,0.089847,0.081002,0.425957,0.211993,0.337176,0.4827,0.270204,0.61636,0,0.000544,0
0.56206,0.514677,0.606655,0.703584,0.375013,0.537366,0.089986,0.10889,0.086741,0,0.000529,0
0.562036,0.514632,0.606618,0.703611,0.375016,0.537386,0.089991,0.108891,0.086742,0,0.000529,0
0.562042,0.514638,0.606624,0.703581,0.374992,0.537354,0.089987,0.108889,0.086742,0,0.000529,0
0.562046,0.514644,0.606629,0.703575,0.37499,0.537349,0.089986,0.108889,0.086742,0,0.000529,0
0.562036,0.514632,0.606618,0.703611,0.375016,0.537386,0.089991,0.108891,0.086742,0,0.000529,0
0.562036,0.514632,0.606618,0.703611,0.375016,0.537386,0.089991,0.108891,0.086742,0,0.000529,0
0.562052,0.514669,0.606645,0.703618,0.375039,0.537401,0.089988,0.108892,0.086741,0,0.000529,0
0.562048,0.514661,0.606639,0.703621,0.375037,0.537402,0.089989,0.108893,0.086741,0,0.000529,0
0.562036,0.514632,0.606618,0.703611,0.375016,0.537386,0.089991,0.108891,0.086742,0,0.000529,0
0.562035,0.514628,0.606615,0.703604,0.375007,0.537376,0.08999,0.108891,0.086742,0,0.000529,0
0.562049,0.514658,0.606638,0.7036,0.375018,0.537379,0.089987,0.108891,0.086741,0,0.000529,0
0.562033,0.514627,0.606613,0.703615,0.375016,0.537388,0.089992,0.108892,0.086742,0,0.000529,0
0.562031,0.514623,0.60661,0.703614,0.375014,0.537386,0.089992,0.108892,0.086742,0,0.000529,0
0.562033,0.514627,0.606613,0.703615,0.375016,0.537388,0.089992,0.108892,0.086742,0,0.000529,0
0.562048,0.514654,0.606636,0.703593,0.37501,0.537371,0.089987,0.10889,0.086742,0,0.000529,0
0.562037,0.514637,0.60662,0.703619,0.375025,0.537395,0.089992,0.108892,0.086742,0,0.000529,0
0.562033,0.514627,0.606613,0.703615,0.375016,0.537388,0.089992,0.108892,0.086742,0,0.000529,0
0.562032,0.514626,0.606612,0.703619,0.375019,0.537392,0.089993,0.108892,0.086742,0,0.000529,0
0.32992,0.598864,0.493064,0.079426,0.147008,0.082944,0.06082,0.08746,0.065796,0,0.000466,0
0.327379,0.594009,0.489304,0.075174,0.1421,0.078506,0.057706,0.083876,0.061973,0,0.000451,0
0.325225,0.590426,0.486351,0.071636,0.136949,0.074986,0.054797,0.079557,0.059035,0,0.00043,0
0.333417,0.603588,0.497426,0.085105,0.151848,0.088567,0.063759,0.089252,0.070176,0,0.000469,0
0.330393,0.597867,0.49299,0.080074,0.145356,0.083351,0.059826,0.084092,0.065673,0,0.000445,0
0.329109,0.594162,0.490577,0.078314,0.142794,0.081396,0.058113,0.08181,0.063663,0,0.000434,0
0.330338,0.599437,0.49359,0.080091,0.14766,0.083603,0.061208,0.087823,0.066321,0,0.000467,0
0.332387,0.604194,0.49706,0.084718,0.154352,0.088707,0.065588,0.094574,0.070442,0,0.000498,0
0.331187,0.602208,0.49539,0.082593,0.151236,0.086594,0.063738,0.091624,0.068681,0,0.000485,0
0.331246,0.602345,0.495499,0.082702,0.151686,0.086705,0.064015,0.092377,0.068808,0,0.000488,0
0.326375,0.589989,0.486964,0.073897,0.137584,0.077011,0.055056,0.078158,0.060096,0,0.000419,0
0.326762,0.592055,0.488115,0.074212,0.137694,0.077515,0.055483,0.078363,0.060885,0,0.000418,0
0.322488,0.585173,0.482402,0.067529,0.128318,0.070791,0.050364,0.070996,0.055303,0,0.000381,0
0.324818,0.587333,0.484851,0.071494,0.13323,0.074578,0.052821,0.074103,0.058005,0,0.000396,0
0.321704,0.584496,0.481516,0.066044,0.129256,0.069404,0.050436,0.073497,0.054359,0,0.000401,0
0.328811,0.59797,0.491979,0.078179,0.145934,0.081984,0.060461,0.087663,0.065064,0,0.000467,0
0.32999,0.600514,0.493848,0.08059,0.149194,0.08456,0.062477,0.090247,0.067079,0,0.000481,0
0.326538,0.594544,0.488984,0.074376,0.140993,0.078159,0.057573,0.083463,0.061937,0,0.000449,0
0.322303,0.586707,0.482853,0.067183,0.131268,0.07076,0.051841,0.075748,0.055764,0,0.000412,0
0.32615,0.59411,0.488565,0.073861,0.140898,0.0777,0.057579,0.084156,0.061591,0,0.000452,0
0.328923,0.595855,0.491146,0.077708,0.143048,0.081008,0.058446,0.082802,0.063806,0,0.000441,0
0.047944,0.070834,0.063607,0.403862,0.189829,0.315078,0.468771,0.255637,0.597915,0,0.000502,0
0.048009,0.070888,0.063656,0.40402,0.18966,0.315238,0.468549,0.254565,0.597819,0,0.0005,0
0.048909,0.072876,0.065175,0.403976,0.191541,0.316663,0.470612,0.258237,0.600961,0,0.000504,0
0.043532,0.065495,0.058387,0.394079,0.182538,0.30744,0.465009,0.252808,0.594025,0,0.000486,0
0.054429,0.08028,0.072074,0.413732,0.200656,0.325594,0.475889,0.263559,0.607629,0,0.000522,0
0.050346,0.072572,0.065709,0.081278,0.110802,0.084131,0.145552,0.224435,0.309525,0,0.000392,0
0.047192,0.06824,0.061745,0.076211,0.105839,0.079111,0.142597,0.221667,0.305527,0,0.000383,0
0.052636,0.075803,0.068577,0.084787,0.115889,0.087712,0.148166,0.228769,0.312504,0,0.000412,0
0.050608,0.073177,0.066066,0.081441,0.114291,0.084469,0.146799,0.229119,0.310005,0,0.000421,0
0.054066,0.078306,0.070618,0.087623,0.12099,0.09089,0.150824,0.233744,0.314813,0,0.000438,0
0.052313,0.07555,0.068213,0.084163,0.117258,0.087194,0.148419,0.23076,0.312148,0,0.000427,0
0.055669,0.080893,0.072769,0.090197,0.125687,0.093535,0.153215,0.238117,0.316993,0,0.000462,0
0.054979,0.080024,0.071915,0.089039,0.125001,0.092429,0.152639,0.237844,0.316093,0,0.000463,0
0.056647,0.082316,0.074012,0.091719,0.127626,0.095084,0.154201,0.239308,0.318208,0,0.000468,0
0.055508,0.080964,0.072647,0.089843,0.126711,0.093242,0.15349,0.239498,0.316792,0,0.000473,0
0.043087,0.061607,0.055977,0.068563,0.092149,0.070703,0.13464,0.204744,0.298528,0,0.000315,0
0.035857,0.051677,0.04689,0.056949,0.080775,0.059198,0.127864,0.1984,0.289356,0,0.000296,0
0.040297,0.058176,0.052779,0.064655,0.089725,0.067153,0.133597,0.206692,0.295795,0,0.000323,0
0.037914,0.054903,0.049783,0.060827,0.08598,0.063361,0.131395,0.204625,0.292829,0,0.000317,0
0.034375,0.049641,0.045027,0.054568,0.078443,0.056839,0.126472,0.197097,0.28747,0,0.000292,0
0.042432,0.06122,0.055451,0.067823,0.096351,0.070493,0.1367,0.213907,0.298864,0,0.000355,0
0.049609,0.071804,0.06481,0.079836,0.112722,0.082878,0.145874,0.228255,0.308762,0,0.000418,0
0.05736,0.08363,0.075004,0.092757,0.130063,0.096157,0.15535,0.241616,0.319121,0,0.000483,0
0.056619,0.08283,0.074143,0.091523,0.129456,0.094946,0.154886,0.241686,0.318193,0,0.000486,0
0.054305,0.079281,0.071127,0.087924,0.124727,0.09133,0.152359,0.238387,0.315287,0,0.000469,0
0.054547,0.079644,0.071439,0.088299,0.1252,0.091712,0.152593,0.238658,0.31558,0,0.000471,0
0.054547,0.079644,0.071438,0.088299,0.125198,0.091712,0.152579,0.238649,0.315556,0,0.000471,0
0.055584,0.08152,0.072869,0.089815,0.128057,0.093273,0.153973,0.241005,0.316858,0,0.000486,0
0.055042,0.080323,0.07206,0.089094,0.125976,0.092499,0.15305,0.239085,0.316194,0,0.000472,0
0.056051,0.08216,0.073456,0.090564,0.128792,0.094016,0.154408,0.241415,0.317449,0,0.000487,0
0.06163,0.089846,0.081002,0.426025,0.212017,0.337233,0.482699,0.270199,0.61635,0,0.000544,0
0.06163,0.089846,0.081002,0.426025,0.212017,0.337233,0.482699,0.270199,0.61635,0,0.000544,0
0.06163,0.089846,0.081002,0.425974,0.212005,0.337197,0.482706,0.270211,0.616371,0,0.000544,0
0.06163,0.089846,0.081002,0.425974,0.212005,0.337197,0.482706,0.270211,0.616371,0,0.000544,0
0.06163,0.089846,0.081002,0.425974,0.212005,0.337197,0.482706,0.270211,0.616371,0,0.000544,0
0.06163,0.089846,0.081002,0.425974,0.212005,0.337197,0.482706,0.270211,0.616371,0,0.000544,0
0.06163,0.089846,0.081002,0.425998,0.21201,0.337214,0.482703,0.270205,0.616361,0,0.000544,0
0.061629,0.089845,0.081001,0.426032,0.212031,0.337251,0.482711,0.270213,0.616375,0,0.000544,0
0.061629,0.089846,0.081001,0.425993,0.212019,0.337221,0.482713,0.270218,0.616384,0,0.000544,0
0.06163,0.089846,0.081002,0.426039,0.212027,0.337251,0.482704,0.270204,0.61636,0,0.000544,0
0.06163,0.089846,0.081002,0.426025,0.212017,0.337233,0.482699,0.270199,0.61635,0,0.000544,0
0.06163,0.089846,0.081002,0.426025,0.212017,0.337233,0.482699,0.270199,0.61635,0,0.000544,0
0.06163,0.089846,0.081002,0.426001,0.212013,0.337218,0.482704,0.270206,0.616363,0,0.000544,0
0.061629,0.089846,0.081001,0.425987,0.212014,0.337213,0.48271,0.270215,0.616379,0,0.000544,0
0.06163,0.089846,0.081002,0.426025,0.212017,0.337233,0.482699,0.270199,0.61635,0,0.000544,0
0.061629,0.089845,0.081001,0.426025,0.21203,0.337247,0.482712,0.270215,0.616379,0,0.000544,0
0.321911,0.577658,0.478454,0.070622,0.126053,0.07297,0.049757,0.066002,0.055669,0,0.000343,0
0.316206,0.570195,0.471429,0.062588,0.118039,0.065009,0.04507,0.061592,0.049338,0,0.000329,0
0.315618,0.568549,0.470385,0.060359,0.115286,0.062788,0.043224,0.059072,0.047418,0,0.000318,0
0.277921,0.572987,0.471139,0.073677,0.127908,0.075731,0.050763,0.065933,0.057432,0,0.000339,0
0.26727,0.555471,0.456778,0.059299,0.106165,0.061026,0.040011,0.051284,0.045586,0,0.00026,0
0.316111,0.567861,0.470547,0.062996,0.114088,0.065207,0.043889,0.05779,0.049363,0,0.000299,0
0.306346,0.553594,0.45809,0.048609,0.096829,0.0507,0.03455,0.047178,0.037796,0,0.000252,0
0.30868,0.5568,0.461024,0.052359,0.100501,0.054414,0.036737,0.049225,0.040755,0,0.000258,0
0.310252,0.560508,0.463518,0.053161,0.105338,0.05548,0.038166,0.052486,0.041586,0,0.000283,0
0.271851,0.563426,0.463153,0.065084,0.115879,0.067028,0.044345,0.057262,0.05035,0,0.000294,0
0.32717,0.586139,0.485453,0.078899,0.13883,0.08143,0.05617,0.075556,0.062498,0,0.000395,0
0.322051,0.579171,0.479021,0.070609,0.131402,0.073275,0.051514,0.071741,0.056,0,0.000387,0
0.280833,0.575512,0.474227,0.079086,0.136433,0.081255,0.054868,0.072258,0.061713,0,0.000376,0
0.280373,0.577128,0.474426,0.077386,0.1344,0.079564,0.05386,0.070929,0.060521,0,0.00037,0
0.283325,0.582674,0.479986,0.078222,0.137465,0.080626,0.055418,0.074165,0.061732,0,0.000389,0
0.319934,0.575759,0.476177,0.067185,0.126247,0.069791,0.048805,0.067636,0.053147,0,0.000367,0
0.32366,0.580841,0.480864,0.073211,0.131448,0.075693,0.0522,0.070386,0.057874,0,0.000372,0
0.321043,0.577721,0.477756,0.06907,0.128962,0.071668,0.050386,0.069905,0.054716,0,0.000378,0
0.283792,0.583315,0.480573,0.078972,0.1382,0.081369,0.055856,0.074574,0.062324,0,0.00039,0
0.313083,0.566075,0.467533,0.057465,0.113984,0.060022,0.042294,0.059565,0.045325,0,0.000328,0
0.314371,0.572118,0.471526,0.056249,0.112513,0.059094,0.042104,0.059278,0.045485,0,0.000324,0
0.317543,0.577456,0.475814,0.061166,0.120944,0.064225,0.046087,0.065627,0.04964,0,0.00036,0
0.311895,0.566115,0.466873,0.054541,0.110016,0.057217,0.040503,0.05715,0.043523,0,0.000315,0
0.309216,0.561276,0.463181,0.050606,0.103264,0.05314,0.037349,0.05236,0.040257,0,0.000286,0
0.309693,0.563424,0.464917,0.049244,0.101624,0.051942,0.036558,0.051388,0.039585,0,0.000281,0
0.31437,0.572124,0.471529,0.056249,0.11252,0.059094,0.042104,0.059278,0.045485,0,0.000324,0
0.305568,0.552504,0.457042,0.046071,0.095686,0.048304,0.033286,0.046571,0.035787,0,0.000256,0
0.318897,0.574978,0.475124,0.065458,0.126544,0.068176,0.048515,0.06895,0.051932,0,0.000379,0
0.320161,0.578493,0.477432,0.0667,0.129098,0.069657,0.050073,0.071674,0.053596,0,0.000393,0
0.324386,0.589423,0.485393,0.069687,0.134443,0.073031,0.053335,0.076648,0.057297,0,0.000418,0
0.320731,0.57983,0.478416,0.068348,0.13058,0.071479,0.05132,0.072846,0.054926,0,0.000398,0
0.316019,0.570381,0.471256,0.060896,0.120088,0.063561,0.045138,0.064202,0.048183,0,0.000356,0
0.320153,0.581273,0.479128,0.064086,0.125847,0.067189,0.048515,0.069441,0.052066,0,0.000383,0
0.320049,0.581131,0.478998,0.06392,0.125684,0.067025,0.048418,0.069351,0.051935,0,0.000383,0
0.325396,0.591568,0.487009,0.072064,0.137285,0.07562,0.055161,0.078962,0.059268,0,0.000428,0
0.324806,0.590471,0.486159,0.07126,0.135587,0.074786,0.054449,0.077655,0.058584,0,0.00042,0
0.049123,0.071168,0.064203,0.079038,0.112238,0.082117,0.145408,0.227949,0.308066,0,0.000418,0
0.049466,0.071811,0.064657,0.079458,0.113895,0.082642,0.145966,0.229326,0.308488,0,0.000429,0
0.048255,0.07047,0.063268,0.077578,0.113537,0.080817,0.145565,0.230545,0.307078,0,0.000439,0
0.050587,0.07332,0.06606,0.081273,0.11557,0.08443,0.147016,0.230263,0.30994,0,0.000431,0
0.053433,0.078612,0.070215,0.086521,0.124932,0.090004,0.152198,0.239561,0.314261,0,0.000481,0
0.049834,0.072762,0.065282,0.080054,0.116459,0.083299,0.147179,0.232423,0.309071,0,0.000448,0
0.038181,0.055295,0.050098,0.061199,0.087879,0.063883,0.13186,0.206169,0.293164,0,0.000326,0
0.03328,0.048138,0.043651,0.05281,0.076718,0.055097,0.125525,0.196138,0.286149,0,0.000289,0
0.040528,0.058605,0.053059,0.064765,0.093346,0.067462,0.134932,0.212204,0.296427,0,0.00035,0
0.033566,0.048535,0.044037,0.053362,0.076325,0.055563,0.125387,0.194462,0.286182,0,0.000282,0
0.046061,0.06675,0.060307,0.074271,0.105487,0.077327,0.141837,0.222338,0.304124,0,0.000392,0
0.044947,0.06522,0.058907,0.072481,0.103738,0.075555,0.14086,0.221391,0.302803,0,0.000389,0
0.04549,0.066119,0.0596,0.073184,0.106226,0.076374,0.141867,0.223903,0.303602,0,0.000405,0
0.04132,0.059693,0.054054,0.066037,0.094591,0.068722,0.135644,0.212888,0.297393,0,0.000352,0
0.054198,0.079399,0.071057,0.087633,0.125319,0.091101,0.152442,0.23907,0.315086,0,0.000477,0
0.054052,0.079678,0.071063,0.087469,0.126463,0.090955,0.15299,0.240815,0.315031,0,0.000488,0
0.054715,0.081068,0.072076,0.08855,0.128413,0.092043,0.154069,0.242575,0.31597,0,0.000498,0
0.05451,0.079716,0.071421,0.088179,0.125578,0.091621,0.15267,0.23911,0.31549,0,0.000475,0
0.055584,0.081519,0.072869,0.089814,0.128057,0.093273,0.153974,0.241007,0.316862,0,0.000486,0
0.055128,0.081636,0.072596,0.089214,0.129065,0.092701,0.154466,0.242946,0.316511,0,0.000499,0
0.055319,0.080939,0.072467,0.089435,0.127085,0.092885,0.153497,0.240059,0.316518,0,0.00048,0
0.06163,0.089846,0.081002,0.426025,0.212017,0.337233,0.482699,0.270199,0.61635,0,0.000544,0
0.06163,0.089846,0.081002,0.425998,0.21201,0.337214,0.482703,0.270205,0.616361,0,0.000544,0
0.06163,0.089846,0.081002,0.425978,0.212002,0.337195,0.482701,0.270204,0.61636,0,0.000544,0
0.06163,0.089847,0.081002,0.425986,0.211999,0.337196,0.482695,0.270196,0.616345,0,0.000544,0
0.06163,0.089846,0.081002,0.425987,0.212008,0.337206,0.482704,0.270207,0.616366,0,0.000544,0
0.06163,0.089846,0.081002,0.425974,0.212005,0.337197,0.482706,0.270211,0.616371,0,0.000544,0
0.06163,0.089846,0.081002,0.426025,0.212017,0.337233,0.482699,0.270199,0.61635,0,0.000544,0
0.06163,0.089847,0.081002,0.425976,0.211995,0.337188,0.482695,0.270197,0.616347,0,0.000544,0
0.06163,0.089846,0.081002,0.425987,0.212008,0.337206,0.482704,0.270207,0.616366,0,0.000544,0
0.06163,0.089847,0.081002,0.425982,0.211999,0.337194,0.482697,0.270198,0.616349,0,0.000544,0
0.06163,0.089846,0.081002,0.426025,0.212017,0.337233,0.482699,0.270199,0.61635,0,0.000544,0
0.06163,0.089846,0.081002,0.425987,0.212008,0.337206,0.482704,0.270207,0.616366,0,0.000544,0
0.06163,0.089846,0.081002,0.425987,0.212008,0.337206,0.482704,0.270207,0.616366,0,0.000544,0
0.537736,0.480942,0.575562,0.185172,0.309437,0.156049,0.049307,0.066671,0.052104,0,0.000342,0
0.545346,0.490618,0.58489,0.626992,0.334643,0.500517,0.05886,0.079362,0.06077,0,0.000408,0
0.525773,0.46468,0.560214,0.064233,0.166978,0.063833,0.03846,0.052109,0.041162,0,0.000266,0
0.536795,0.477649,0.573293,0.185093,0.308716,0.155824,0.048769,0.065669,0.051545,0,0.000336,0
0.526964,0.466865,0.56196,0.06722,0.172195,0.067873,0.039778,0.054023,0.04254,0,0.000278,0
0.526583,0.466422,0.561519,0.066597,0.171698,0.067259,0.039415,0.053688,0.042045,0,0.000278,0
0.527135,0.468439,0.562961,0.066542,0.172036,0.067297,0.039688,0.054257,0.042314,0,0.000281,0
0.538547,0.48236,0.576718,0.243145,0.317037,0.439641,0.050356,0.068551,0.05291,0,0.000355,0
0.528575,0.470775,0.564936,0.068942,0.292549,0.139874,0.040948,0.056146,0.043661,0,0.000292,0
0.534198,0.476354,0.571153,0.079346,0.274585,0.147844,0.045815,0.061773,0.048733,0,0.000314,0
0.541706,0.483477,0.578189,0.624371,0.33016,0.452508,0.056974,0.076416,0.058873,0,0.000392,0
0.539141,0.47941,0.574702,0.252357,0.321949,0.445365,0.053592,0.071723,0.055826,0,0.000366,0
0.546032,0.488886,0.583476,0.637051,0.342095,0.508234,0.063068,0.083431,0.064463,0,0.000424,0
0.545368,0.48779,0.582554,0.635808,0.340044,0.506728,0.062273,0.082373,0.063724,0,0.000419,0
0.546191,0.489791,0.583982,0.637044,0.342448,0.508303,0.06333,0.083956,0.064672,0,0.000426,0
0.543822,0.488946,0.583155,0.621518,0.331312,0.497679,0.056793,0.076827,0.058788,0,0.000395,0
0.545591,0.491291,0.585356,0.628311,0.336772,0.502234,0.059324,0.080132,0.061045,0,0.000412,0
0.549554,0.496608,0.590371,0.672609,0.345707,0.510438,0.064998,0.086667,0.066076,0,0.000441,0
0.549543,0.496694,0.590398,0.6738,0.346697,0.511668,0.065172,0.086852,0.066293,0,0.000442,0
0.549779,0.496791,0.590593,0.638065,0.344406,0.509463,0.064806,0.086098,0.066415,0,0.000436,0
0.318839,0.574541,0.473595,0.069327,0.133938,0.071967,0.052301,0.076894,0.054979,0,0.000422,0
0.325524,0.590526,0.486637,0.073283,0.140932,0.07666,0.056954,0.084177,0.05999,0,0.000456,0
0.320792,0.580381,0.477469,0.071937,0.137819,0.074983,0.054938,0.08063,0.057813,0,0.000439,0
0.317351,0.572411,0.471678,0.067282,0.130792,0.069935,0.050533,0.073912,0.053272,0,0.000408,0
0.321766,0.584258,0.480198,0.071619,0.137193,0.074847,0.054783,0.07979,0.058083,0,0.000435,0
0.324633,0.589456,0.485577,0.072324,0.139938,0.075709,0.056397,0.083659,0.059238,0,0.000454,0
0.3178,0.573665,0.472543,0.06864,0.132346,0.0715,0.051658,0.075187,0.054388,0,0.000414,0
0.32128,0.581442,0.479832,0.067393,0.132401,0.070386,0.051674,0.076166,0.054415,0,0.00042,0
0.320747,0.580706,0.47916,0.066526,0.131553,0.069527,0.051169,0.075694,0.05373,0,0.000419,0
0.322631,0.583921,0.481818,0.07014,0.135547,0.073338,0.053713,0.078675,0.056676,0,0.000431,0
0.270995,0.565179,0.462908,0.062521,0.124263,0.065074,0.046773,0.068294,0.049159,0,0.000383,0
0.118537,0.489972,0.426781,0.076548,0.13397,0.078775,0.052833,0.070959,0.059576,0,0.000376,0
0.321735,0.578109,0.477042,0.073777,0.137067,0.076366,0.054189,0.077308,0.058416,0,0.000418,0
0.325454,0.582513,0.481447,0.079765,0.141674,0.082267,0.057025,0.078753,0.062949,0,0.000417,0
0.045523,0.065214,0.059247,0.073012,0.096944,0.075422,0.137812,0.208944,0.30216,0,0.000329,0
0.041447,0.059615,0.054123,0.066465,0.090531,0.068935,0.133994,0.205368,0.296992,0,0.000318,0
0.048931,0.070059,0.06361,0.078467,0.104799,0.080991,0.141952,0.215638,0.306857,0,0.000354,0
0.045055,0.064737,0.058739,0.072241,0.098702,0.074823,0.138322,0.212239,0.301944,0,0.000344,0
0.039234,0.056305,0.051189,0.062747,0.082607,0.064708,0.129598,0.193114,0.292929,0,0.000275,0
0.03559,0.051314,0.04658,0.056612,0.079521,0.058785,0.127333,0.196307,0.288886,0,0.000288,0
0.026617,0.038646,0.035096,0.042992,0.050253,0.043826,0.106274,0.068692,0.173308,0,0.00014,0
0.035859,0.051679,0.046892,0.056952,0.080778,0.059201,0.127878,0.198405,0.289374,0,0.000296,0
0.033075,0.047846,0.043447,0.052853,0.072917,0.054907,0.123825,0.187706,0.285109,0,0.000259,0
0.039789,0.057086,0.051814,0.063216,0.087814,0.065499,0.131718,0.20288,0.294396,0,0.000312,0
0.053564,0.076876,0.069631,0.08622,0.116291,0.089158,0.148235,0.227049,0.31343,0,0.000404,0
0.050777,0.073258,0.066239,0.081829,0.11319,0.084845,0.146271,0.226617,0.310072,0,0.000406,0
0.044016,0.063356,0.057406,0.070379,0.098612,0.073087,0.137877,0.214183,0.30076,0,0.000357,0
0.049351,0.071363,0.064449,0.079471,0.111572,0.082567,0.145074,0.226042,0.308257,0,0.000408,0
0.046645,0.0671,0.060734,0.074448,0.104684,0.077223,0.140951,0.219388,0.304177,0,0.00038,0
0.324273,0.580795,0.479942,0.077971,0.138886,0.080469,0.055533,0.076121,0.061411,0,0.000404,0
0.317488,0.572334,0.471736,0.067414,0.129984,0.070049,0.050108,0.072413,0.053285,0,0.0004,0
0.321191,0.577364,0.476389,0.072972,0.13515,0.075539,0.053174,0.07476,0.057608,0,0.000405,0
0.117982,0.488988,0.426014,0.075751,0.131826,0.077953,0.051797,0.0685,0.058809,0,0.000361,0
0.117465,0.564473,0.464738,0.073637,0.126441,0.075771,0.049095,0.063083,0.056727,0,0.000328,0
0.275636,0.564732,0.466279,0.071791,0.126572,0.07403,0.048834,0.064652,0.055394,0,0.000344,0
0.274804,0.569873,0.467482,0.068967,0.128364,0.071405,0.049537,0.068699,0.054037,0,0.000374,0
0.277987,0.573546,0.471211,0.074065,0.132337,0.076435,0.051957,0.070131,0.057917,0,0.000374,0
0.278697,0.571912,0.47122,0.075148,0.132425,0.077467,0.051974,0.069667,0.058425,0,0.000369,0
0.273838,0.56128,0.463791,0.06856,0.119292,0.070577,0.04564,0.058319,0.052552,0,0.000302,0
0.272939,0.564523,0.464232,0.06577,0.118962,0.067933,0.04521,0.05961,0.050868,0,0.000315,0
0.117834,0.565626,0.465494,0.074315,0.127195,0.076379,0.049811,0.063807,0.057334,0,0.00033,0
0.275811,0.5696,0.468202,0.070932,0.126504,0.073184,0.04917,0.065223,0.055171,0,0.000345,0
0.269762,0.562754,0.461105,0.060583,0.119527,0.063068,0.044412,0.063286,0.047363,0,0.000354,0
0.266755,0.557372,0.456872,0.056051,0.111913,0.058452,0.040539,0.057156,0.043495,0,0.000321,0
0.272478,0.566425,0.464493,0.065372,0.123378,0.067752,0.047024,0.065173,0.051102,0,0.000356,0
0.271903,0.557171,0.460988,0.065946,0.111758,0.067611,0.042907,0.052898,0.050298,0,0.000262,0
0.26276,0.549091,0.451068,0.049914,0.098459,0.051848,0.034755,0.046957,0.038163,0,0.000253,0
0.260773,0.54689,0.448688,0.046507,0.097262,0.048656,0.03321,0.046624,0.035521,0,0.000262,0
0.262164,0.548271,0.450318,0.048955,0.09752,0.050898,0.034196,0.046433,0.037407,0,0.000252,0
0.051899,0.076477,0.0685,0.09538,0.126725,0.09715,0.463564,0.246942,0.602526,0,0.000428,0
0.048917,0.072399,0.064784,0.090572,0.119743,0.092134,0.460163,0.240853,0.598306,0,0.00041,0
0.049113,0.07259,0.064982,0.087634,0.117023,0.089804,0.45736,0.240031,0.597816,0,0.000396,0
0.045944,0.068254,0.061031,0.082524,0.109746,0.084488,0.453784,0.233778,0.593358,0,0.000377,0
0.053795,0.07907,0.070863,0.098801,0.132434,0.132883,0.465627,0.249936,0.60503,0,0.000439,0
0.049656,0.073577,0.065816,0.093118,0.122246,0.094133,0.462628,0.243093,0.599756,0,0.00042,0
0.047579,0.070839,0.06336,0.088392,0.108226,0.087954,0.454753,0.207744,0.592501,0,0.000361,0
0.046582,0.069469,0.062107,0.08679,0.106658,0.086367,0.453826,0.206879,0.591258,0,0.000359,0
0.045251,0.066487,0.059681,0.077205,0.102982,0.07958,0.44096,0.227388,0.588225,0,0.000345,0
0.032958,0.048842,0.043819,0.055382,0.076582,0.057478,0.416549,0.204822,0.567365,0,0.000274,0
0.04271,0.063915,0.057104,0.076641,0.095947,0.077497,0.44556,0.198732,0.584933,0,0.000323,0
0.03158,0.04702,0.042176,0.053083,0.069521,0.054608,0.41163,0.174699,0.562165,0,0.000239,0
0.033582,0.050373,0.045046,0.05803,0.068511,0.058875,0.407768,0.085249,0.191857,0,0.000204,0
0.056001,0.082561,0.073926,0.169741,0.144671,0.303062,0.473222,0.257257,0.609449,0,0.000481,0
0.054331,0.080387,0.071946,0.141973,0.136968,0.15208,0.471752,0.252751,0.607119,0,0.000465,0
0.056922,0.083744,0.075047,0.383695,0.148922,0.30635,0.474782,0.260596,0.610642,0,0.000497,0
0.055123,0.081388,0.072907,0.355695,0.140752,0.155118,0.473236,0.256382,0.608207,0,0.00048,0
0.049945,0.074374,0.066599,0.093092,0.107109,0.090846,0.447189,0.139071,0.377667,0,0.000337,0
0.047428,0.070745,0.063299,0.089553,0.099275,0.08707,0.436602,0.109375,0.214877,0,0.000294,0
0.053345,0.079104,0.070884,0.141228,0.124816,0.102482,0.465686,0.221306,0.60139,0,0.000418,0
0.056063,0.082652,0.074002,0.143587,0.143548,0.187074,0.473287,0.257789,0.609662,0,0.00048,0
0.053365,0.07898,0.070668,0.138859,0.134336,0.149795,0.469899,0.25076,0.605702,0,0.000456,0
0.04647,0.069437,0.062072,0.086629,0.096994,0.085029,0.435242,0.107786,0.213679,0,0.000287,0
0.051251,0.076279,0.068237,0.134503,0.119264,0.097995,0.462567,0.215653,0.598523,0,0.000398,0
0.001841,0.002529,0.002314,0.002958,0.002897,0.00293,0.001725,0.001615,0.002334,0,4.9107e-6,0
0.005602,0.007694,0.007042,0.008999,0.008813,0.008915,0.005247,0.004915,0.007102,0,0.000015,0
0.007057,0.010651,0.00929,0.021016,0.038843,0.021875,0.132471,0.091244,0.198813,0,0.000164,0
0.010051,0.014848,0.013146,0.609072,0.056681,0.132812,0.140052,0.10127,0.203475,0,0.000223,0
0.010478,0.016424,0.014696,0.018289,0.024988,0.019204,0.196201,0.043584,0.102821,0,0.000093,0
0.026502,0.039258,0.035207,0.191716,0.097668,0.304396,0.248164,0.290193,0.506562,0,0.000419,0
0.056823,0.084032,0.074801,0.092443,0.131562,0.0961,0.15619,0.244235,0.318939,0,0.0005,0
0.056145,0.082892,0.074259,0.413545,0.201966,0.327266,0.476795,0.26364,0.61019,0,0.000517,0
0.057523,0.084783,0.07599,0.415809,0.204161,0.329511,0.478094,0.264856,0.611951,0,0.000521,0
0.056093,0.082658,0.07408,0.411815,0.20097,0.326142,0.475585,0.262497,0.609693,0,0.000512,0
0.056144,0.08289,0.074258,0.413585,0.201974,0.327294,0.476789,0.263629,0.610172,0,0.000517,0
0.057523,0.084784,0.07599,0.4158,0.204143,0.329488,0.47808,0.264838,0.611919,0,0.000521,0
0.057127,0.084164,0.075505,0.417247,0.204486,0.329792,0.4783,0.265429,0.61135,0,0.000526,0
0.056214,0.082981,0.074374,0.414978,0.202631,0.328086,0.477416,0.264395,0.610368,0,0.000521,0
0.055879,0.082364,0.073811,0.411458,0.200629,0.32579,0.475385,0.262311,0.609425,0,0.000511,0
0.053723,0.079511,0.071103,0.167936,0.193749,0.319513,0.472363,0.25834,0.606874,0,0.00049,0
0.053722,0.079509,0.071101,0.167946,0.193774,0.319565,0.47237,0.258345,0.606884,0,0.00049,0
0.055231,0.081677,0.073147,0.411425,0.200158,0.325913,0.476211,0.262895,0.609223,0,0.000514,0
0.056485,0.083283,0.074699,0.416223,0.203496,0.328793,0.477716,0.264887,0.610573,0,0.000524,0
0.054706,0.08096,0.072458,0.409205,0.198736,0.324301,0.475144,0.26172,0.608431,0,0.000509,0
0.053138,0.078679,0.070357,0.377478,0.193988,0.319733,0.472015,0.258301,0.606097,0,0.000492,0
0.020236,0.031508,0.027854,0.037432,0.042303,0.037883,0.111925,0.046445,0.049928,0,0.000125,0
0.035358,0.052821,0.047257,0.066472,0.06903,0.065155,0.130231,0.063825,0.070839,0,0.000184,0
0.04444,0.067009,0.05981,0.129853,0.112949,0.090093,0.459595,0.219352,0.591175,0,0.00041,0
0.021847,0.034672,0.030341,0.043482,0.065652,0.044821,0.426241,0.193706,0.558334,0,0.000279,0
0.030633,0.046624,0.041478,0.055224,0.063055,0.055442,0.190382,0.072207,0.074436,0,0.000184,0
0.027257,0.042774,0.03766,0.057323,0.066566,0.055071,0.4158,0.086878,0.187122,0,0.000232,0
0.036222,0.055331,0.049072,0.071798,0.09007,0.070854,0.443889,0.152068,0.576476,0,0.000325,0
0.177454,0.477556,0.568521,0.627326,0.333624,0.502633,0.058663,0.075732,0.062724,0,0.00038,0
0.172806,0.473939,0.563735,0.619142,0.327192,0.494743,0.054485,0.072774,0.056326,0,0.000376,0
0.174997,0.476053,0.566192,0.626476,0.332178,0.499656,0.05702,0.075519,0.059089,0,0.000388,0
0.173467,0.477247,0.566184,0.262469,0.330286,0.455323,0.058414,0.073924,0.063841,0,0.000364,0
0.176697,0.481517,0.570271,0.641393,0.344074,0.512259,0.064521,0.08225,0.068023,0,0.00041,0
0.181308,0.482745,0.573422,0.64159,0.344376,0.512351,0.064686,0.083071,0.067716,0,0.000415,0
0.178247,0.478525,0.569564,0.671597,0.341216,0.508742,0.06242,0.081422,0.063981,0,0.000413,0
0.181617,0.483154,0.5738,0.677011,0.346518,0.514105,0.065577,0.084379,0.068253,0,0.000422,0
0.178585,0.47903,0.569927,0.632718,0.33709,0.505647,0.060239,0.077848,0.064018,0,0.000391,0
0.173138,0.479151,0.566992,0.67326,0.343136,0.510915,0.063595,0.081201,0.066777,0,0.000408,0
0.171553,0.474451,0.563801,0.668697,0.338573,0.505877,0.060903,0.079543,0.061836,0,0.000408,0
0.175334,0.479642,0.568557,0.674114,0.343581,0.511341,0.063844,0.082088,0.066437,0,0.000413,0
0.111891,0.473235,0.415884,0.070712,0.121365,0.072735,0.046354,0.059192,0.054225,0,0.000307,0
0.10711,0.467044,0.409997,0.062955,0.114811,0.065071,0.042274,0.056244,0.048184,0,0.000304,0
0.111128,0.472073,0.414879,0.06958,0.119493,0.071576,0.045428,0.057569,0.053261,0,0.000298,0
0.106401,0.465581,0.408936,0.06198,0.11213,0.064053,0.041026,0.053585,0.047281,0,0.000286,0
0.109546,0.467256,0.412185,0.067829,0.116011,0.069703,0.043825,0.054763,0.051734,0,0.000282,0
0.10393,0.459542,0.405126,0.058808,0.107176,0.060765,0.038565,0.049836,0.044614,0,0.000267,0
0.109071,0.467714,0.411959,0.066829,0.114586,0.068657,0.043235,0.053685,0.050945,0,0.000276,0
0.10368,0.460312,0.405178,0.058156,0.106333,0.060089,0.038231,0.049231,0.044125,0,0.000263,0
0.107557,0.464862,0.409813,0.064643,0.110512,0.066379,0.041348,0.050578,0.049086,0,0.000257,0
0.101433,0.456485,0.402112,0.054764,0.101538,0.056661,0.035707,0.045725,0.041318,0,0.000245,0
0.105068,0.460857,0.406549,0.060921,0.10488,0.062531,0.038664,0.046831,0.046073,0,0.000234,0
0.09778,0.450846,0.397387,0.049212,0.093413,0.050932,0.031837,0.040437,0.036833,0,0.000215,0
0.112699,0.554815,0.457999,0.07085,0.122118,0.073005,0.046785,0.059984,0.054637,0,0.000311,0
0.110549,0.551152,0.455085,0.066174,0.118163,0.068313,0.04423,0.058386,0.050781,0,0.000309,0
0.10703,0.549109,0.451541,0.05991,0.115838,0.062258,0.042231,0.059536,0.046257,0,0.000332,0
0.107348,0.550014,0.452156,0.060509,0.117315,0.062861,0.043061,0.061103,0.04681,0,0.000341,0
0.106014,0.547705,0.450249,0.058285,0.114245,0.060649,0.041283,0.058649,0.044975,0,0.000329,0
0.103971,0.465526,0.406975,0.057453,0.111876,0.059731,0.040282,0.056103,0.044238,0,0.000314,0
0.102354,0.462495,0.404663,0.054958,0.107257,0.057168,0.037888,0.051828,0.042004,0,0.000291,0
0.105204,0.547215,0.449526,0.057038,0.111762,0.059364,0.040196,0.056084,0.04396,0,0.000314,0
0.105821,0.547454,0.450062,0.058028,0.113331,0.060364,0.040852,0.05733,0.044665,0,0.000322,0
0.102897,0.276803,0.402527,0.058725,0.099674,0.060066,0.036816,0.04361,0.04431,0,0.000213,0
0.091962,0.445011,0.390706,0.039345,0.082159,0.040973,0.026132,0.034678,0.029128,0,0.000192,0
0.103084,0.5436,0.446611,0.053658,0.106959,0.055957,0.037524,0.052165,0.041082,0,0.000295,0
0.101872,0.543404,0.445621,0.051449,0.104446,0.053709,0.036391,0.050768,0.039501,0,0.000287,0
0.097045,0.45423,0.397796,0.046831,0.09366,0.048729,0.031524,0.041867,0.035308,0,0.00023,0
0.095142,0.531693,0.436425,0.041317,0.088583,0.043279,0.028639,0.039576,0.03105,0,0.000225,0
0.091975,0.446784,0.391336,0.038919,0.082942,0.040601,0.026497,0.035881,0.02905,0,0.000201,0
0.099554,0.539485,0.442532,0.047952,0.098865,0.050109,0.033687,0.046664,0.036581,0,0.000264,0
0.018563,0.025672,0.023397,0.029794,0.02936,0.029522,0.017468,0.016497,0.023547,0,0.000051,0
0.01738,0.024048,0.021911,0.027895,0.0275,0.02764,0.016361,0.015459,0.022048,0,0.000048,0
0.034786,0.047974,0.043785,0.055829,0.055006,0.05532,0.032686,0.030856,0.044088,0,0.000096,0
0.03449,0.047567,0.043413,0.055353,0.05454,0.05485,0.032409,0.030597,0.043713,0,0.000095,0
0.022506,0.031106,0.028349,0.036102,0.035686,0.035777,0.021183,0.020083,0.02852,0,0.000063,0
0.014854,0.020577,0.018735,0.023836,0.023524,0.023619,0.013994,0.013243,0.018845,0,0.000041,0
0.013671,0.018953,0.017248,0.021936,0.021664,0.021737,0.012886,0.012205,0.017345,0,0.000038,0
0.012423,0.017239,0.01568,0.019931,0.0197,0.019751,0.011717,0.01111,0.015763,0,0.000035,0
0.032728,0.045147,0.041198,0.052523,0.051768,0.052045,0.030758,0.029051,0.041479,0,0.00009,0
0.025315,0.034771,0.031821,0.040666,0.039828,0.040288,0.023712,0.022209,0.032094,0,0.000068,0
0.018867,0.025915,0.023716,0.030309,0.029684,0.030027,0.017673,0.016552,0.02392,0,0.00005,0
0.031036,0.042628,0.039011,0.049856,0.048828,0.049392,0.029071,0.027227,0.039346,0,0.000083,0
0.012324,0.017103,0.015556,0.019773,0.019545,0.019594,0.011625,0.011024,0.015638,0,0.000034,0
0.010189,0.014171,0.012872,0.016343,0.016186,0.016196,0.009625,0.009151,0.012931,0,0.000029,0
0.011951,0.01659,0.015086,0.019173,0.018957,0.018999,0.011275,0.010696,0.015164,0,0.000033,0
0.007767,0.010843,0.009827,0.012451,0.012375,0.012341,0.007356,0.007025,0.00986,0,0.000022,0
0.011381,0.015807,0.014369,0.018257,0.01806,0.018092,0.010741,0.010196,0.014442,0,0.000032,0
0.545025,0.488151,0.583376,0.663823,0.338444,0.50358,0.060455,0.081332,0.061482,0,0.000419,0
0.543776,0.486449,0.58182,0.664098,0.338335,0.502757,0.060635,0.081956,0.060262,0,0.000425,0
0.548724,0.493222,0.588117,0.676178,0.348138,0.512483,0.066816,0.08851,0.066633,0,0.000451,0
0.172415,0.473401,0.563242,0.618544,0.326728,0.494171,0.054225,0.072629,0.055892,0,0.000375,0
0.177542,0.480352,0.569756,0.670059,0.34097,0.507186,0.062192,0.08208,0.062631,0,0.000421,0
0.54913,0.493857,0.588669,0.677885,0.350181,0.513865,0.069257,0.090623,0.067776,0,0.000461,0
0.176914,0.479492,0.568966,0.669073,0.340003,0.506211,0.061604,0.08153,0.061835,0,0.000419,0
0.170467,0.474941,0.563238,0.668416,0.338502,0.504549,0.061024,0.080506,0.060289,0,0.000417,0
0.548957,0.493621,0.588453,0.677595,0.349901,0.513579,0.069091,0.090467,0.067551,0,0.00046,0
0.549239,0.493981,0.588792,0.677822,0.3499,0.513833,0.068334,0.089992,0.067578,0,0.000458,0
0.311009,0.560063,0.46235,0.057011,0.117444,0.059664,0.042718,0.064055,0.044633,0,0.000364,0
0.310845,0.560899,0.462536,0.056692,0.117695,0.05938,0.042866,0.06436,0.044529,0,0.000368,0
0.10846,0.55558,0.455157,0.060708,0.119454,0.063146,0.04405,0.063609,0.047235,0,0.000357,0
0.106947,0.552867,0.45298,0.058224,0.115338,0.060671,0.041757,0.059868,0.04513,0,0.000337,0
0.315471,0.567688,0.469828,0.060356,0.12255,0.063145,0.045775,0.068736,0.047856,0,0.000385,0
0.317718,0.575438,0.474479,0.064476,0.130679,0.067778,0.050767,0.077091,0.051983,0,0.00043,0
0.312671,0.566624,0.466067,0.05973,0.124179,0.062683,0.046694,0.071397,0.047662,0,0.000405,0
0.1062,0.552932,0.452451,0.056893,0.114917,0.059374,0.041479,0.060087,0.044242,0,0.000342,0
0.106868,0.552752,0.452906,0.058113,0.114973,0.06055,0.041589,0.059329,0.044994,0,0.000335,0
0.104391,0.549347,0.449789,0.054095,0.109658,0.056542,0.038673,0.055212,0.041752,0,0.000314,0
0.105577,0.551675,0.451553,0.056014,0.112556,0.058464,0.040345,0.057611,0.04341,0,0.000326,0
0.307205,0.552287,0.456672,0.051781,0.10961,0.054408,0.038399,0.057324,0.040137,0,0.000332,0
0.312549,0.56645,0.465913,0.059437,0.12393,0.062393,0.046524,0.071241,0.047429,0,0.000404,0
0.313598,0.56874,0.467588,0.061304,0.12476,0.064456,0.047345,0.070721,0.049165,0,0.000399,0
0.310381,0.563198,0.463073,0.055695,0.117845,0.058661,0.043168,0.065364,0.044404,0,0.000375,0
0.311658,0.566069,0.465147,0.058175,0.121694,0.061357,0.04552,0.069012,0.046696,0,0.000394,0
0.305606,0.551328,0.455144,0.04901,0.10544,0.051601,0.036389,0.05369,0.037948,0,0.000312,0
0.299456,0.536917,0.445194,0.041228,0.092533,0.0436,0.029737,0.043488,0.031166,0,0.000256,0
0.104022,0.548744,0.449333,0.05361,0.108038,0.055991,0.038005,0.053388,0.041247,0,0.000303,0
0.102319,0.547847,0.447711,0.050619,0.104731,0.05297,0.036416,0.051561,0.039051,0,0.000293,0
0.262938,0.549076,0.451243,0.052541,0.107209,0.054969,0.037518,0.053254,0.040394,0,0.000303,0
0.305661,0.549641,0.454584,0.049439,0.105144,0.052017,0.036175,0.053212,0.038096,0,0.000307,0
0.309615,0.562132,0.462104,0.054426,0.116607,0.057404,0.042428,0.064671,0.043402,0,0.000373,0
0.308632,0.56164,0.46129,0.052725,0.113028,0.055859,0.040846,0.061244,0.04235,0,0.000352,0
0.308771,0.560234,0.460773,0.05311,0.113608,0.05605,0.040827,0.06142,0.042113,0,0.000355,0
0.308395,0.561213,0.460975,0.052381,0.111951,0.055481,0.040379,0.060052,0.042006,0,0.000345,0
0.306337,0.553405,0.456708,0.052297,0.107052,0.054777,0.037834,0.053665,0.040571,0,0.000302,0
0.301266,0.538779,0.447338,0.044454,0.093,0.046566,0.030985,0.042994,0.033608,0,0.00024,0
0.100921,0.545225,0.445774,0.048559,0.101257,0.050862,0.034669,0.048784,0.037294,0,0.000277,0
0.298631,0.534682,0.44394,0.040442,0.086115,0.042303,0.028232,0.039138,0.030428,0,0.000217,0
0.25374,0.531612,0.437953,0.039776,0.087291,0.041789,0.027876,0.039184,0.029823,0,0.000225,0
0.297553,0.536273,0.443618,0.037653,0.085779,0.039727,0.027401,0.039749,0.02849,0,0.000229,0
0.30741,0.559826,0.459734,0.050794,0.109999,0.053876,0.039334,0.05863,0.040704,0,0.000339,0
0.302123,0.549099,0.451848,0.042725,0.097179,0.045448,0.032389,0.048257,0.033432,0,0.000282,0
0.299956,0.545364,0.448979,0.039626,0.089683,0.041976,0.029747,0.043398,0.030873,0,0.000248,0
0.301193,0.547195,0.450547,0.041533,0.093324,0.044038,0.031061,0.04535,0.032388,0,0.000259,0
0.00633,0.008911,0.008047,0.010196,0.010103,0.010137,0.006046,0.005768,0.008121,0,0.000018,0
0.005763,0.008133,0.007334,0.009285,0.009212,0.009235,0.005515,0.005271,0.007402,0,0.000017,0
0.009244,0.012872,0.011683,0.014824,0.014698,0.014691,0.008739,0.008321,0.011732,0,0.000026,0
0.00824,0.011493,0.010421,0.013211,0.013119,0.013094,0.007799,0.00744,0.01046,0,0.000023,0
0.011297,0.015692,0.014265,0.018123,0.017929,0.01796,0.010663,0.010123,0.014336,0,0.000032,0
0.006916,0.009891,0.008847,0.011112,0.01118,0.011049,0.006675,0.006494,0.008877,0,0.000021,0
0.005588,0.007891,0.007113,0.009003,0.008935,0.008955,0.00535,0.005117,0.007179,0,0.000016,0
0.005264,0.007446,0.006706,0.008482,0.008425,0.008439,0.005047,0.004832,0.006769,0,0.000015,0
0.010325,0.014357,0.013042,0.016561,0.0164,0.016412,0.009752,0.00927,0.013103,0,0.000029,0
0.009142,0.012732,0.011555,0.01466,0.014538,0.014529,0.008644,0.008232,0.011603,0,0.000026,0
0.007182,0.01004,0.009091,0.011512,0.011454,0.01141,0.006808,0.006512,0.009118,0,0.000021,0
0.00449,0.006383,0.005734,0.00724,0.007208,0.007208,0.004322,0.004154,0.005788,0,0.000013,0
0.004415,0.00628,0.005639,0.007119,0.00709,0.007088,0.004252,0.004088,0.005692,0,0.000013,0
0.003204,0.004617,0.004117,0.005174,0.005185,0.005161,0.003117,0.003025,0.004157,0,9.8035e-6,0
0.003809,0.005448,0.004877,0.006145,0.006136,0.006124,0.003684,0.003556,0.004924,0,0.000011,0
0.060636,0.091015,0.080321,0.099179,0.140357,0.103073,0.161507,0.251282,0.324677,0,0.000533,0
0.060636,0.091015,0.080321,0.099179,0.140357,0.103073,0.161507,0.251282,0.324677,0,0.000533,0
0.060636,0.091015,0.080321,0.099179,0.140357,0.103073,0.161511,0.251283,0.324683,0,0.000533,0
0.060636,0.091015,0.080321,0.099179,0.140357,0.103073,0.161511,0.251283,0.324683,0,0.000533,0
0.060636,0.091015,0.080321,0.099179,0.140357,0.103073,0.161507,0.251282,0.324677,0,0.000533,0
0.060636,0.091015,0.080321,0.099179,0.140357,0.103073,0.161507,0.251282,0.324677,0,0.000533,0
0.060636,0.091015,0.080321,0.099179,0.140357,0.103073,0.161511,0.251283,0.324683,0,0.000533,0
0.060636,0.091015,0.080321,0.099179,0.140357,0.103073,0.161511,0.251283,0.324683,0,0.000533,0
0.060637,0.091016,0.080322,0.099181,0.14036,0.103076,0.161622,0.251329,0.324838,0,0.000533,0
0.06063,0.091011,0.080315,0.099169,0.140378,0.103067,0.161591,0.251378,0.324846,0,0.000533,0
0.06063,0.091009,0.080314,0.099169,0.140386,0.103067,0.161726,0.251449,0.325047,0,0.000533,0
0.060633,0.091013,0.080317,0.099173,0.140369,0.10307,0.161561,0.251341,0.324784,0,0.000533,0
0.060637,0.091016,0.080322,0.099181,0.140361,0.103076,0.161634,0.251334,0.324854,0,0.000533,0
0.060631,0.091009,0.080315,0.099171,0.140383,0.10307,0.161763,0.251453,0.325089,0,0.000533,0
0.060639,0.091016,0.080324,0.099184,0.140365,0.103079,0.161757,0.251385,0.325024,0,0.000533,0
0.060626,0.091006,0.08031,0.099162,0.140401,0.103063,0.161781,0.251516,0.32516,0,0.000534,0
0.060627,0.091008,0.080311,0.099164,0.140391,0.103063,0.161646,0.251438,0.324954,0,0.000533,0
0.060623,0.091003,0.080306,0.099156,0.140415,0.103059,0.16182,0.251572,0.325248,0,0.000534,0
0.060624,0.091006,0.080308,0.099159,0.140404,0.10306,0.161691,0.251494,0.325048,0,0.000534,0
0.060633,0.091009,0.080317,0.099175,0.140389,0.103073,0.161928,0.25152,0.325317,0,0.000533,0
0.056055,0.082621,0.073954,0.16804,0.194899,0.321534,0.472791,0.258096,0.609513,0,0.000482,0
0.054381,0.080321,0.07185,0.16535,0.192265,0.318869,0.471222,0.256627,0.60739,0,0.000478,0
0.05524,0.081516,0.072938,0.131742,0.19183,0.318864,0.471518,0.25648,0.608399,0,0.000473,0
0.054093,0.079941,0.071498,0.130002,0.190317,0.317229,0.47045,0.255525,0.606924,0,0.000471,0
0.056055,0.08262,0.073953,0.168044,0.194901,0.321553,0.472781,0.258081,0.609488,0,0.000482,0
0.05505,0.081239,0.07269,0.166433,0.193328,0.319969,0.471842,0.257201,0.608218,0,0.00048,0
0.05478,0.080814,0.072335,0.402599,0.1946,0.3211,0.471816,0.257619,0.607744,0,0.000485,0
0.053819,0.079494,0.071127,0.40105,0.193085,0.319564,0.470915,0.256776,0.606525,0,0.000483,0
0.054313,0.080173,0.071748,0.401843,0.193862,0.320351,0.471378,0.257209,0.607151,0,0.000484,0
0.054621,0.080622,0.072141,0.376215,0.193785,0.320384,0.471632,0.257293,0.607626,0,0.000483,0
0.054242,0.079672,0.071394,0.100876,0.186251,0.199095,0.466598,0.252142,0.605716,0,0.000453,0
0.050841,0.074933,0.067082,0.09398,0.179255,0.192758,0.461601,0.24736,0.600875,0,0.000434,0
0.05342,0.079001,0.070642,0.163808,0.190765,0.317353,0.470331,0.255795,0.606192,0,0.000475,0
0.053419,0.078999,0.07064,0.163811,0.190757,0.317363,0.470313,0.25577,0.606149,0,0.000475,0
0.049705,0.073373,0.065655,0.092156,0.177469,0.190951,0.460537,0.246364,0.599436,0,0.000431,0
0.050367,0.07434,0.066519,0.120981,0.18189,0.309203,0.463077,0.249116,0.600744,0,0.000446,0
0.017714,0.024331,0.022266,0.028456,0.027869,0.028191,0.016593,0.015541,0.022458,0,0.000047,0
0.018055,0.0248,0.022695,0.029004,0.028406,0.028734,0.016912,0.01584,0.02289,0,0.000048,0
0.014896,0.02046,0.018724,0.023929,0.023435,0.023706,0.013953,0.013068,0.018885,0,0.00004,0
0.146837,0.378517,0.500428,0.059407,0.16089,0.059724,0.033202,0.044164,0.035792,0,0.000233,0
0.158275,0.287928,0.513363,0.234216,0.30405,0.431572,0.044272,0.057562,0.04799,0,0.000296,0
0.133259,0.293247,0.175612,0.248333,0.316212,0.443619,0.05073,0.063932,0.056329,0,0.000318,0
0.128701,0.286923,0.169851,0.606669,0.313056,0.484574,0.047128,0.061465,0.05053,0,0.000319,0
0.13322,0.294351,0.176375,0.620436,0.324356,0.496118,0.05388,0.068032,0.058675,0,0.000341,0
0.130184,0.290865,0.172732,0.650608,0.322357,0.492856,0.051987,0.067256,0.054976,0,0.000346,0
0.132449,0.121075,0.138303,0.65639,0.325891,0.498387,0.05489,0.068813,0.059629,0,0.000341,0
0.130674,0.120318,0.136525,0.657261,0.326279,0.496924,0.054286,0.069634,0.057022,0,0.000356,0
0.134944,0.087456,0.14098,0.669367,0.333985,0.506467,0.060118,0.074894,0.063517,0,0.000369,0
0.13363,0.122618,0.139866,0.668948,0.334266,0.505068,0.060009,0.075678,0.061638,0,0.00038,0
0.064451,0.083579,0.082213,0.670475,0.333479,0.506459,0.060499,0.074774,0.063224,0,0.000368,0
0.061594,0.080006,0.07871,0.665778,0.329202,0.501838,0.057831,0.072437,0.059517,0,0.000363,0
0.060696,0.077197,0.075388,0.667459,0.327924,0.503309,0.058599,0.071706,0.061501,0,0.000349,0
0.058909,0.075461,0.07367,0.665012,0.327252,0.500684,0.058642,0.072097,0.05906,0,0.000358,0
0.030763,0.042254,0.038668,0.049418,0.048399,0.048958,0.028815,0.026988,0.039001,0,0.000082,0
0.014116,0.019389,0.017744,0.022677,0.022209,0.022466,0.013223,0.012384,0.017897,0,0.000038,0
0.028299,0.03887,0.035572,0.04546,0.044523,0.045037,0.026508,0.024827,0.035878,0,0.000075,0
0.030898,0.042439,0.038838,0.049634,0.048611,0.049172,0.028942,0.027106,0.039172,0,0.000082,0
0.03124,0.042909,0.039268,0.050184,0.04915,0.049717,0.029262,0.027407,0.039606,0,0.000083,0
0.024042,0.033022,0.03022,0.038621,0.037824,0.038261,0.02252,0.021092,0.03048,0,0.000064,0
0.12112,0.277966,0.160929,0.070393,0.169625,0.070456,0.038959,0.048206,0.044454,0,0.000238,0
0.012213,0.016775,0.015351,0.019619,0.019214,0.019436,0.01144,0.010714,0.015483,0,0.000033,0
0.009078,0.012468,0.01141,0.014582,0.014282,0.014446,0.008503,0.007964,0.011508,0,0.000024,0
0.011135,0.015294,0.013996,0.017887,0.017518,0.01772,0.01043,0.009768,0.014116,0,0.00003,0
0.015778,0.021672,0.019833,0.025346,0.024824,0.025111,0.014779,0.013842,0.020004,0,0.000042,0
0.015046,0.020666,0.018913,0.02417,0.023672,0.023945,0.014093,0.0132,0.019075,0,0.00004,0
0.011816,0.01623,0.014853,0.018981,0.01859,0.018805,0.011068,0.010366,0.01498,0,0.000032,0
0.0116,0.015933,0.014581,0.018634,0.01825,0.01846,0.010865,0.010176,0.014706,0,0.000031,0
0.146183,0.442555,0.532841,0.056341,0.158736,0.056751,0.031765,0.043412,0.03347,0,0.000234,0
0.011816,0.016229,0.014852,0.018981,0.01859,0.018804,0.011068,0.010366,0.01498,0,0.000032,0
0.13084,0.290192,0.172637,0.241535,0.310307,0.438767,0.048226,0.06059,0.053796,0,0.000302,0
0.158245,0.392071,0.513992,0.236369,0.306121,0.431864,0.044284,0.059013,0.046878,0,0.00031,0
0.059987,0.07662,0.074828,0.669753,0.326909,0.504658,0.060561,0.072388,0.063232,0,0.000343,0
0.054793,0.069969,0.068456,0.662305,0.320968,0.497071,0.057744,0.069865,0.057093,0,0.000342,0
0.159002,0.288587,0.514171,0.603927,0.311274,0.481904,0.045861,0.060952,0.048361,0,0.00032,0
0.128888,0.11787,0.134282,0.654546,0.323867,0.494239,0.053138,0.068623,0.054971,0,0.000353,0
0.158085,0.289157,0.514028,0.647592,0.318497,0.487591,0.048987,0.065761,0.049623,0,0.000349,0
0.131874,0.121964,0.138129,0.665623,0.332066,0.501877,0.058304,0.07462,0.059002,0,0.000382,0
0.129315,0.28959,0.171622,0.653428,0.323598,0.49322,0.052292,0.06839,0.053929,0,0.000357,0
0.13018,0.118998,0.135845,0.664137,0.330603,0.500058,0.058778,0.074656,0.057626,0,0.000383,0
0.053959,0.071182,0.06829,0.656492,0.320852,0.493147,0.054377,0.067985,0.053814,0,0.000347,0
0.05723,0.075131,0.07354,0.659504,0.324115,0.495383,0.055744,0.070613,0.054344,0,0.000363,0
0.051498,0.067044,0.064796,0.656524,0.318084,0.491655,0.054541,0.067719,0.052252,0,0.000345,0
0.053002,0.068057,0.066406,0.659225,0.320047,0.494257,0.056014,0.068791,0.054434,0,0.000345,0
0.060599,0.090941,0.08027,0.099133,0.140236,0.10302,0.161336,0.251201,0.324485,0,0.000533,0
0.060625,0.091007,0.080309,0.09916,0.140388,0.103059,0.16148,0.251378,0.324729,0,0.000533,0
0.060628,0.091012,0.080313,0.099166,0.140374,0.103063,0.161374,0.251286,0.324511,0,0.000533,0
0.060601,0.090939,0.080271,0.099136,0.140242,0.103024,0.161576,0.251309,0.324857,0,0.000533,0
0.060636,0.091016,0.080321,0.099179,0.140356,0.103073,0.1615,0.251278,0.324665,0,0.000533,0
0.060636,0.091016,0.080321,0.099179,0.140356,0.103073,0.1615,0.251278,0.324665,0,0.000533,0
0.060636,0.091016,0.080321,0.099179,0.140356,0.103073,0.1615,0.251278,0.324665,0,0.000533,0
0.060636,0.091016,0.080321,0.099179,0.140356,0.103073,0.1615,0.251278,0.324665,0,0.000533,0
0.060626,0.09101,0.08031,0.099161,0.140387,0.10306,0.161445,0.251355,0.324662,0,0.000533,0
0.060636,0.091017,0.080321,0.099178,0.140356,0.103073,0.161438,0.251248,0.32456,0,0.000533,0
0.060451,0.090588,0.080049,0.098957,0.139459,0.102795,0.161247,0.250688,0.324498,0,0.000528,0
0.060022,0.08941,0.079298,0.098319,0.138232,0.102113,0.161345,0.249882,0.324962,0,0.000522,0
0.060454,0.090573,0.080025,0.098924,0.140006,0.102823,0.161814,0.25149,0.325565,0,0.000532,0
0.060552,0.090839,0.080205,0.099076,0.13985,0.102932,0.161397,0.251005,0.324604,0,0.000531,0
0.0606,0.090939,0.08027,0.099135,0.140241,0.103023,0.16154,0.251294,0.324807,0,0.000533,0
0.060608,0.090945,0.080279,0.099148,0.140223,0.103033,0.161547,0.25123,0.324759,0,0.000532,0
0.060603,0.090939,0.080273,0.09914,0.14025,0.103029,0.161803,0.251402,0.325171,0,0.000533,0
0.060274,0.090111,0.079709,0.098607,0.139565,0.102471,0.161144,0.250947,0.3247,0,0.00053,0
0.060607,0.090945,0.080278,0.099146,0.14022,0.103031,0.161475,0.2512,0.32466,0,0.000532,0
0.060444,0.090677,0.080076,0.098897,0.138709,0.102654,0.161191,0.250404,0.324436,0,0.000527,0
0.06034,0.090533,0.079956,0.098727,0.137681,0.102396,0.160975,0.249655,0.324251,0,0.000523,0
0.057308,0.085652,0.076148,0.094503,0.122203,0.097087,0.152317,0.2003,0.222897,0,0.000431,0
0.059799,0.08958,0.079262,0.097961,0.134374,0.101366,0.159848,0.245995,0.323297,0,0.000506,0
0.060473,0.090715,0.080109,0.098956,0.139089,0.102751,0.161256,0.25061,0.324488,0,0.000528,0
0.060328,0.090342,0.079882,0.09881,0.138867,0.102608,0.161054,0.250245,0.324356,0,0.000524,0
0.05943,0.088508,0.078605,0.097621,0.134809,0.101209,0.160182,0.24752,0.324386,0,0.000502,0
0.056986,0.084065,0.075334,0.094337,0.123862,0.097505,0.177748,0.24131,0.351093,0,0.000429,0
0.0592,0.087598,0.078045,0.097148,0.135091,0.100857,0.15844,0.246402,0.321606,0,0.000502,0
0.060552,0.090839,0.080205,0.099076,0.139849,0.102931,0.161389,0.251001,0.324591,0,0.000531,0
0.053074,0.067192,0.066175,0.659732,0.317433,0.494407,0.056155,0.068086,0.055105,0,0.000333,0
0.050338,0.064505,0.063125,0.655882,0.316737,0.490591,0.054685,0.0675,0.051406,0,0.000343,0
0.044872,0.058916,0.056217,0.65281,0.308927,0.487612,0.052925,0.063357,0.050789,0,0.000312,0
0.058869,0.075073,0.073434,0.668835,0.325729,0.503416,0.060544,0.072325,0.062148,0,0.000344,0
0.045326,0.058931,0.056351,0.652444,0.263004,0.486407,0.05243,0.061018,0.052471,0,0.000283,0
0.044477,0.057848,0.055309,0.651273,0.301365,0.485765,0.051691,0.060711,0.051261,0,0.000286,0
0.036838,0.047504,0.045799,0.639992,0.290448,0.474241,0.046568,0.055493,0.042198,0,0.000272,0
0.038022,0.049006,0.047238,0.641594,0.252385,0.475319,0.046745,0.055652,0.043558,0,0.000268,0
0.037508,0.048437,0.046643,0.641034,0.291814,0.475302,0.047209,0.056168,0.04304,0,0.000275,0
0.047795,0.062697,0.059605,0.656817,0.311067,0.491855,0.054796,0.064459,0.054987,0,0.000306,0
0.060559,0.090915,0.080233,0.099015,0.139517,0.102824,0.161259,0.250537,0.324453,0,0.00053,0
0.059948,0.090039,0.079509,0.098013,0.134961,0.10144,0.158937,0.244554,0.297876,0,0.00051,0
0.057836,0.08705,0.07699,0.095051,0.124212,0.097714,0.110824,0.20064,0.193327,0,0.000444,0
0.060355,0.090593,0.079983,0.098682,0.137929,0.102358,0.160659,0.248914,0.323937,0,0.000524,0
0.060134,0.090255,0.079711,0.098308,0.136318,0.101855,0.159445,0.246642,0.298359,0,0.000517,0
0.059641,0.089365,0.079071,0.097645,0.133471,0.100975,0.158509,0.243528,0.297587,0,0.000501,0
0.057253,0.085711,0.07612,0.094334,0.121856,0.096893,0.109921,0.198682,0.19269,0,0.000429,0
0.060396,0.090614,0.080021,0.098793,0.13825,0.102502,0.161033,0.249877,0.324302,0,0.000525,0
0.059164,0.296001,0.088069,0.085508,0.132761,0.0887,0.064232,0.086363,0.072076,0,0.000435,0
0.055232,0.290924,0.083277,0.079446,0.129133,0.083003,0.06118,0.084877,0.067252,0,0.000436,0
0.055657,0.291523,0.083823,0.080117,0.12984,0.083645,0.061672,0.085577,0.067816,0,0.000438,0
0.050833,0.36263,0.119055,0.064332,0.1053,0.067133,0.048324,0.06335,0.05512,0,0.000324,0
0.059173,0.37732,0.130936,0.079614,0.1384,0.083274,0.061415,0.083974,0.067637,0,0.000427,0
0.061155,0.380002,0.133356,0.082671,0.142504,0.086488,0.063076,0.085585,0.070027,0,0.000436,0
0.057209,0.293457,0.085645,0.082321,0.131455,0.085719,0.062514,0.085411,0.069516,0,0.000436,0
0.036695,0.065577,0.05165,0.05894,0.08282,0.06097,0.045556,0.064101,0.049758,0,0.000315,0
0.036124,0.064833,0.050934,0.058023,0.083169,0.060176,0.045073,0.063904,0.049005,0,0.000317,0
0.03595,0.064554,0.050713,0.057743,0.081648,0.059785,0.044858,0.063448,0.048813,0,0.000314,0
0.044092,0.075741,0.060949,0.070824,0.094477,0.072746,0.052494,0.070619,0.059138,0,0.000335,0
0.05732,0.110303,0.083921,0.084765,0.129115,0.087724,0.063678,0.085601,0.071721,0,0.00042,0
0.049686,0.093368,0.071246,0.076279,0.108248,0.078985,0.057762,0.07906,0.064286,0,0.000393,0
0.052421,0.10361,0.077797,0.077002,0.121424,0.080078,0.059169,0.081335,0.065584,0,0.000406,0
0.053784,0.105482,0.079503,0.079096,0.123769,0.0821,0.060528,0.083014,0.067295,0,0.000412,0
0.045641,0.08782,0.066159,0.069792,0.112878,0.072631,0.054016,0.075764,0.059162,0,0.000384,0
0.041346,0.071967,0.057466,0.066327,0.091247,0.068355,0.049831,0.068183,0.05554,0,0.00033,0
0.069063,0.094861,0.086811,0.110944,0.108657,0.109911,0.064691,0.060589,0.087557,0,0.000184,0
0.069063,0.094861,0.086811,0.110944,0.108657,0.109911,0.064691,0.060589,0.087557,0,0.000184,0
0.069063,0.094861,0.086811,0.110944,0.108657,0.109911,0.064691,0.060589,0.087557,0,0.000184,0
0.069063,0.094861,0.086811,0.110944,0.108657,0.109911,0.064691,0.060589,0.087557,0,0.000184,0
0.069063,0.094861,0.086811,0.110944,0.108657,0.109911,0.064691,0.060589,0.087557,0,0.000184,0
0.034211,0.433152,0.118637,0.043721,0.133917,0.04527,0.028195,0.032347,0.0349,0,0.000143,0
0.021342,0.544289,0.11483,0.019849,0.155053,0.024873,0.01831,0.035764,0.015206,0,0.000264,0
0.08603,0.542845,0.437456,0.015726,0.034099,0.017353,0.014764,0.024871,0.013613,0,0.000158,0
0.006055,0.009792,0.008311,0.011022,0.011855,0.011499,0.007477,0.008557,0.008889,0,0.000033,0
0.030213,0.111552,0.044952,0.045601,0.096155,0.049888,0.049167,0.112886,0.046131,0,0.000483,0
0.060604,0.090958,0.080272,0.099107,0.140236,0.103,0.158622,0.251055,0.324455,0,0.000533,0
0.141835,0.611118,0.471919,0.096867,0.165943,0.101403,0.073613,0.102529,0.080951,0,0.000521,0
0.139864,0.607641,0.468174,0.095394,0.162359,0.099742,0.07272,0.100821,0.080314,0,0.000508,0
0.338826,0.616211,0.506438,0.099938,0.169612,0.104472,0.075651,0.105153,0.083232,0,0.000532,0
0.14256,0.612107,0.472827,0.098033,0.167078,0.102558,0.074293,0.103165,0.081872,0,0.000523,0
0.338513,0.615803,0.506054,0.099463,0.169158,0.104002,0.075375,0.104897,0.082857,0,0.000531,0
0.338471,0.615842,0.506045,0.099459,0.169229,0.104,0.075377,0.104912,0.082854,0,0.000531,0
0.338513,0.615803,0.506054,0.099463,0.169158,0.104002,0.075375,0.104897,0.082857,0,0.000531,0
0.141789,0.611093,0.471882,0.096788,0.165904,0.101326,0.073568,0.102492,0.080889,0,0.000521,0
0.142415,0.611861,0.472607,0.097745,0.166168,0.102165,0.074173,0.102925,0.081791,0,0.000521,0
0.140593,0.608641,0.469098,0.09656,0.163492,0.100897,0.073399,0.101454,0.081234,0,0.00051,0
0.139551,0.606959,0.467695,0.094982,0.160751,0.099194,0.072466,0.100293,0.080142,0,0.000504,0
0.139825,0.607604,0.468153,0.095317,0.162281,0.099666,0.072675,0.100775,0.080254,0,0.000508,0
0.141133,0.61013,0.47101,0.095753,0.164845,0.100299,0.072964,0.101923,0.080073,0,0.000519,0
0.13931,0.606919,0.467502,0.094567,0.16218,0.09903,0.07219,0.100454,0.079515,0,0.000509,0
0.13931,0.606919,0.467502,0.094567,0.16218,0.09903,0.07219,0.100454,0.079515,0,0.000509,0
0.139582,0.607253,0.46782,0.094941,0.161916,0.099293,0.072456,0.100573,0.079957,0,0.000508,0
0.139864,0.607636,0.468172,0.095394,0.162356,0.099743,0.07272,0.10082,0.080315,0,0.000508,0
0.060636,0.091016,0.080321,0.099179,0.140357,0.103073,0.161497,0.251277,0.32466,0,0.000533,0
0.060604,0.090958,0.080272,0.099107,0.140236,0.103,0.158631,0.25106,0.324475,0,0.000533,0
0.060636,0.091015,0.080321,0.099179,0.140357,0.103074,0.161517,0.251286,0.324694,0,0.000533,0
0.060604,0.090957,0.080272,0.099107,0.140236,0.103,0.158647,0.251069,0.324508,0,0.000533,0
0.060604,0.090957,0.080272,0.099107,0.140236,0.103,0.158647,0.251069,0.324508,0,0.000533,0
0.060554,0.09086,0.080192,0.09899,0.14009,0.102878,0.158209,0.25086,0.324243,0,0.000532,0
0.060554,0.090859,0.080191,0.09899,0.140091,0.102877,0.158234,0.250878,0.324298,0,0.000532,0
0.060604,0.090957,0.080272,0.099107,0.140236,0.103,0.158647,0.251069,0.324508,0,0.000533,0
0.060559,0.090915,0.080233,0.099015,0.139517,0.102824,0.161276,0.250545,0.324482,0,0.00053,0
0.060237,0.090471,0.079844,0.098409,0.137504,0.10205,0.156656,0.246123,0.298172,0,0.00052,0
0.060014,0.090031,0.079471,0.097943,0.137205,0.101627,0.101312,0.244589,0.266897,0,0.000519,0
0.060604,0.090958,0.080272,0.099107,0.140236,0.103,0.158631,0.25106,0.324475,0,0.000533,0
0.059763,0.089814,0.079259,0.097619,0.135272,0.101096,0.114884,0.222279,0.197045,0,0.000507,0
0.023993,0.046599,0.036358,0.036758,0.043434,0.038335,0.027091,0.032552,0.032175,0,0.000134,0
0.085859,0.07583,0.066148,0.062428,0.069711,0.064031,0.042834,0.048308,0.053081,0,0.000185,0
0.126343,0.586807,0.451488,0.073313,0.106098,0.076305,0.058455,0.082501,0.063101,0,0.000407,0
0.053756,0.577685,0.161385,0.068452,0.115546,0.072007,0.054554,0.076828,0.058536,0,0.000404,0
0.111404,0.171133,0.391517,0.055142,0.073234,0.057014,0.043005,0.055912,0.048534,0,0.000253,0
0.053977,0.289043,0.081585,0.077189,0.137101,0.080794,0.059486,0.082673,0.065384,0,0.000429,0
0.053326,0.288515,0.080925,0.076024,0.138046,0.079795,0.059292,0.084123,0.064461,0,0.000439,0
0.060053,0.415971,0.132687,0.080142,0.145562,0.084439,0.062796,0.089567,0.067976,0,0.000467,0
0.053237,0.367998,0.122826,0.068477,0.127052,0.072074,0.052912,0.072869,0.058626,0,0.000385,0
0.035012,0.06326,0.049533,0.056236,0.080149,0.05829,0.043972,0.062596,0.047622,0,0.000311,0
0.035134,0.063472,0.049689,0.056432,0.08161,0.058599,0.044145,0.063035,0.047748,0,0.000315,0
0.034865,0.063103,0.049351,0.056,0.081187,0.058171,0.043894,0.062799,0.047408,0,0.000314,0
0.051344,0.102249,0.076451,0.075116,0.121614,0.078338,0.058272,0.081429,0.06409,0,0.000411,0
0.04497,0.086897,0.065316,0.068714,0.111812,0.071563,0.053387,0.075174,0.058312,0,0.000382,0
0.05089,0.102242,0.076059,0.074215,0.13273,0.077736,0.057837,0.081539,0.063208,0,0.000417,0
0.045867,0.090769,0.067194,0.069524,0.127598,0.072997,0.054382,0.077897,0.05869,0,0.000405,0
0.044338,0.086093,0.06457,0.06779,0.111128,0.070698,0.053045,0.075316,0.057641,0,0.000383,0
0.044248,0.085971,0.064458,0.067645,0.111004,0.070555,0.052961,0.07524,0.057526,0,0.000383,0
0.041429,0.056905,0.052076,0.066553,0.06518,0.065933,0.038807,0.036346,0.052523,0,0.000111,0
0.024683,0.033902,0.031026,0.03965,0.038833,0.039281,0.02312,0.021654,0.031292,0,0.000066,0
0.021355,0.029332,0.026843,0.034304,0.033597,0.033985,0.020003,0.018734,0.027073,0,0.000057,0
0.02719,0.037346,0.034177,0.043678,0.042778,0.043271,0.025468,0.023853,0.034471,0,0.000073,0
0.011468,0.015751,0.014415,0.018422,0.018042,0.01825,0.010742,0.01006,0.014538,0,0.000031,0
0.022194,0.417052,0.10369,0.024803,0.208634,0.096475,0.017004,0.022696,0.019269,0,0.000123,0
0.028933,0.556029,0.124927,0.137813,0.726456,0.761298,0.029728,0.067716,0.023852,0,0.000454,0
0.101755,0.569025,0.458977,0.277742,0.742552,0.772681,0.034645,0.075699,0.028131,0,0.000505,0
0.039868,0.12522,0.056555,0.210933,0.549996,0.41487,0.089452,0.334084,0.43601,0,0.000815,0
0.034546,0.118394,0.050471,0.054683,0.500723,0.147194,0.055483,0.12945,0.050844,0,0.000605,0
0.060504,0.090793,0.08013,0.098911,0.140012,0.102799,0.158154,0.250811,0.32416,0,0.000532,0
0.141182,0.610241,0.471154,0.09578,0.16525,0.100335,0.072919,0.102037,0.079906,0,0.000521,0
0.139468,0.607532,0.46804,0.09442,0.163192,0.098959,0.072054,0.100788,0.079028,0,0.000514,0
0.338486,0.615786,0.506075,0.099382,0.169449,0.103931,0.075268,0.104954,0.082605,0,0.000533,0
0.141396,0.610535,0.471423,0.096124,0.165586,0.100676,0.07312,0.102225,0.080177,0,0.000522,0
0.338486,0.615786,0.506075,0.099382,0.169449,0.103931,0.075268,0.104954,0.082605,0,0.000533,0
0.338807,0.616163,0.506597,0.099546,0.169967,0.104043,0.075323,0.105244,0.082511,0,0.000535,0
0.338272,0.615492,0.505806,0.099038,0.169112,0.10359,0.075068,0.104766,0.082334,0,0.000532,0
0.141761,0.610913,0.471976,0.09629,0.166069,0.100789,0.073173,0.102504,0.080083,0,0.000524,0
0.139841,0.608023,0.468453,0.095056,0.163444,0.09958,0.072485,0.101034,0.079718,0,0.000513,0
0.138688,0.606075,0.466737,0.093558,0.16119,0.098031,0.071601,0.0999,0.078718,0,0.000507,0
0.13869,0.60609,0.46675,0.093557,0.161198,0.09803,0.0716,0.099901,0.078717,0,0.000507,0
0.139037,0.606936,0.46747,0.093751,0.162163,0.098287,0.071722,0.100317,0.078688,0,0.000511,0
0.141751,0.610838,0.471916,0.096292,0.166026,0.10079,0.073174,0.102501,0.080086,0,0.000524,0
0.140577,0.609386,0.470366,0.094822,0.164303,0.099385,0.072361,0.101515,0.079149,0,0.000519,0
0.139284,0.607279,0.467809,0.094125,0.162903,0.098666,0.071881,0.100626,0.078795,0,0.000514,0
0.139284,0.607279,0.467809,0.094125,0.162903,0.098666,0.071881,0.100626,0.078795,0,0.000514,0
0.060457,0.090727,0.08007,0.098835,0.139938,0.102723,0.158119,0.250775,0.32412,0,0.000532,0
0.060554,0.09086,0.080192,0.098991,0.140089,0.102878,0.158227,0.250866,0.324276,0,0.000532,0
0.060504,0.090792,0.080129,0.098911,0.140012,0.102799,0.158163,0.250817,0.32418,0,0.000532,0
0.060504,0.090791,0.080129,0.098911,0.140012,0.102799,0.158178,0.250826,0.324213,0,0.000532,0
0.060457,0.090726,0.080069,0.098834,0.139937,0.102723,0.158134,0.250784,0.324153,0,0.000532,0
0.060457,0.090727,0.08007,0.098835,0.139938,0.102723,0.158119,0.250775,0.32412,0,0.000532,0
0.060456,0.090726,0.080069,0.098834,0.139939,0.102722,0.158143,0.250793,0.324175,0,0.000532,0
0.060457,0.090726,0.080069,0.098834,0.139937,0.102723,0.158134,0.250784,0.324153,0,0.000532,0
0.060457,0.090727,0.08007,0.098835,0.139938,0.102723,0.158119,0.250775,0.32412,0,0.000532,0
0.060457,0.090727,0.08007,0.098835,0.139938,0.102723,0.158119,0.250775,0.32412,0,0.000532,0
0.057021,0.085455,0.075393,0.092958,0.131563,0.096558,0.091477,0.236731,0.258219,0,0.000502,0
0.051388,0.077311,0.068036,0.084115,0.117239,0.087167,0.074506,0.146102,0.082891,0,0.000445,0
0.059486,0.089168,0.078716,0.097006,0.13641,0.10069,0.098984,0.243376,0.265195,0,0.000516,0
0.058775,0.088183,0.077811,0.095922,0.136029,0.099709,0.098792,0.244256,0.264724,0,0.000518,0
0.047018,0.070933,0.062239,0.077235,0.108194,0.080046,0.06635,0.125354,0.073215,0,0.000415,0
0.073196,0.572419,0.433718,0.059878,0.129225,0.06445,0.051166,0.080878,0.0507,0,0.000454,0
0.135062,0.60165,0.463508,0.085547,0.155503,0.090145,0.066908,0.096633,0.071606,0,0.000506,0
0.130881,0.595907,0.458252,0.07883,0.148924,0.083491,0.062992,0.092965,0.066305,0,0.000495,0
0.055104,0.580515,0.163489,0.069879,0.137246,0.074323,0.056597,0.083988,0.059391,0,0.000457,0
0.123125,0.584958,0.448151,0.065982,0.135129,0.070471,0.054704,0.083179,0.056345,0,0.00046,0
0.007647,0.010503,0.009612,0.012283,0.01203,0.012169,0.007162,0.006708,0.009694,0,0.00002,0
0.007147,0.009817,0.008984,0.011482,0.011245,0.011375,0.006695,0.00627,0.009061,0,0.000019,0
0.006728,0.009242,0.008457,0.010808,0.010586,0.010708,0.006302,0.005903,0.00853,0,0.000018,0
0.469836,0.454,0.548698,0.590207,0.301871,0.469396,0.039553,0.057315,0.038603,0,0.00032,0
0.478684,0.464781,0.559318,0.6488,0.32307,0.488044,0.051865,0.07194,0.048861,0,0.000389,0
0.008493,0.011665,0.010675,0.013643,0.013361,0.013516,0.007955,0.00745,0.010767,0,0.000023,0
0.010208,0.014022,0.012832,0.016399,0.016061,0.016246,0.009562,0.008956,0.012942,0,0.000027,0
0.009518,0.013073,0.011964,0.01529,0.014975,0.015147,0.008915,0.00835,0.012067,0,0.000025,0
0.009232,0.01268,0.011604,0.01483,0.014524,0.014692,0.008647,0.008099,0.011704,0,0.000025,0
0.010064,0.013823,0.01265,0.016167,0.015833,0.016016,0.009427,0.008829,0.012759,0,0.000027,0
0.007237,0.00994,0.009096,0.011625,0.011385,0.011517,0.006778,0.006349,0.009174,0,0.000019,0
0.005346,0.007343,0.00672,0.008588,0.008411,0.008508,0.005008,0.00469,0.006778,0,0.000014,0
0.004397,0.00604,0.005528,0.007064,0.006918,0.006998,0.004119,0.003858,0.005575,0,0.000012,0
0.005253,0.007215,0.006603,0.008439,0.008265,0.00836,0.004921,0.004608,0.00666,0,0.000014,0
0.004641,0.006375,0.005834,0.007455,0.007302,0.007386,0.004347,0.004072,0.005884,0,0.000012,0
0.009062,0.012448,0.011391,0.014558,0.014258,0.014422,0.008489,0.00795,0.011489,0,0.000024,0
0.145665,0.441858,0.532179,0.056135,0.275887,0.126523,0.031498,0.043836,0.032769,0,0.000241,0
0.4683,0.451836,0.546723,0.221195,0.294087,0.418797,0.037257,0.052966,0.037713,0,0.000292,0
0.153507,0.388066,0.509222,0.636768,0.311471,0.479354,0.044921,0.061592,0.044507,0,0.000337,0
0.482676,0.405031,0.531043,0.661269,0.332552,0.497957,0.058558,0.078377,0.055316,0,0.000413,0
0.478176,0.463532,0.558433,0.642539,0.317513,0.48477,0.048034,0.066736,0.047903,0,0.000359,0
0.476139,0.463345,0.556944,0.64389,0.318876,0.483229,0.049306,0.069971,0.045135,0,0.000385,0
0.475582,0.462576,0.55624,0.643042,0.318034,0.482388,0.048794,0.069492,0.044442,0,0.000384,0
0.005798,0.007963,0.007287,0.009313,0.009121,0.009227,0.005431,0.005086,0.00735,0,0.000015,0
0.483671,0.406534,0.532404,0.664996,0.335232,0.500729,0.06125,0.080822,0.057011,0,0.000423,0
0.482616,0.470019,0.56434,0.661611,0.332886,0.497341,0.060629,0.080461,0.054561,0,0.000425,0
0.480388,0.467261,0.561567,0.653947,0.327597,0.491789,0.056083,0.075811,0.051622,0,0.000405,0
0.00868,0.011923,0.010911,0.013944,0.013657,0.013814,0.008131,0.007615,0.011005,0,0.000023,0
0.060636,0.091015,0.080321,0.099179,0.140357,0.103073,0.16151,0.251283,0.324682,0,0.000533,0
0.060636,0.091015,0.080321,0.099179,0.140357,0.103073,0.16151,0.251283,0.324682,0,0.000533,0
0.060636,0.091015,0.080321,0.099179,0.140357,0.103073,0.16151,0.251283,0.324682,0,0.000533,0
0.060636,0.091016,0.080321,0.099179,0.140357,0.103073,0.161487,0.251272,0.324643,0,0.000533,0
0.060636,0.091015,0.080321,0.099179,0.140357,0.103073,0.161514,0.251285,0.324687,0,0.000533,0
0.060629,0.091011,0.080313,0.099167,0.140375,0.103064,0.161436,0.251313,0.324615,0,0.000533,0
0.060616,0.090995,0.080298,0.099146,0.140444,0.103052,0.162051,0.251746,0.325637,0,0.000534,0
0.060613,0.090995,0.080295,0.09914,0.140447,0.103047,0.161865,0.251691,0.325396,0,0.000534,0
0.0606,0.090984,0.080281,0.099118,0.140496,0.103032,0.162061,0.251916,0.325789,0,0.000534,0
0.060633,0.091009,0.080317,0.099174,0.140389,0.103073,0.161917,0.251518,0.325304,0,0.000533,0
0.060631,0.091009,0.080315,0.099171,0.140384,0.103069,0.16176,0.251453,0.325086,0,0.000533,0
0.060639,0.091016,0.080324,0.099184,0.140365,0.103079,0.161747,0.251381,0.325011,0,0.000533,0
0.060636,0.091016,0.080321,0.099179,0.140356,0.103074,0.161505,0.251279,0.324673,0,0.000533,0
0.060636,0.091016,0.080321,0.099179,0.140356,0.103074,0.161509,0.251281,0.324679,0,0.000533,0
0.060636,0.091016,0.080321,0.099179,0.140356,0.103074,0.161506,0.251278,0.324673,0,0.000533,0
0.060636,0.091016,0.080321,0.099179,0.140356,0.103074,0.161508,0.251281,0.324678,0,0.000533,0
0.060607,0.090992,0.080289,0.099128,0.140478,0.103039,0.16198,0.251824,0.325625,0,0.000534,0
0.06061,0.090996,0.080293,0.099135,0.140462,0.103044,0.161889,0.251741,0.325461,0,0.000534,0
0.060616,0.090998,0.080299,0.099145,0.140443,0.103051,0.161927,0.251695,0.325462,0,0.000534,0
0.06063,0.091017,0.080316,0.099167,0.140378,0.103065,0.161336,0.25127,0.324444,0,0.000533,0
0.060614,0.090998,0.080296,0.099141,0.140448,0.103048,0.161868,0.251692,0.325398,0,0.000534,0
0.060613,0.090995,0.080295,0.099139,0.140457,0.103047,0.161998,0.251765,0.325595,0,0.000534,0
0.060636,0.091016,0.080321,0.099179,0.140356,0.103073,0.161486,0.25127,0.32464,0,0.000533,0
0.060635,0.091015,0.08032,0.099178,0.14036,0.103073,0.161544,0.251305,0.324736,0,0.000533,0
0.060635,0.091015,0.08032,0.099177,0.140361,0.103072,0.161529,0.251302,0.324717,0,0.000533,0
0.060636,0.091016,0.080322,0.09918,0.140355,0.103074,0.161495,0.25127,0.324652,0,0.000533,0
0.060636,0.091021,0.080322,0.099179,0.140356,0.103073,0.161325,0.251195,0.324364,0,0.000533,0
0.06063,0.091017,0.080316,0.099168,0.140377,0.103065,0.161333,0.251266,0.324437,0,0.000533,0
0.060635,0.091015,0.08032,0.099178,0.140359,0.103073,0.161505,0.251287,0.324679,0,0.000533,0
0.06063,0.091013,0.080315,0.099167,0.140378,0.103065,0.161456,0.251326,0.32465,0,0.000533,0
0.053366,0.07884,0.070566,0.404429,0.19476,0.320479,0.471615,0.258197,0.606033,0,0.000494,0
0.052397,0.077553,0.069355,0.400861,0.192273,0.318275,0.4704,0.256683,0.604861,0,0.000486,0
0.054251,0.0801,0.071686,0.403822,0.195182,0.321209,0.472135,0.258309,0.60721,0,0.000491,0
0.05361,0.079219,0.07088,0.40279,0.194172,0.320187,0.471535,0.257747,0.606397,0,0.00049,0
0.053178,0.078614,0.070321,0.400013,0.192072,0.318536,0.470312,0.256211,0.605708,0,0.000481,0
0.053638,0.079141,0.070891,0.405665,0.195602,0.321161,0.471895,0.258665,0.606197,0,0.000497,0
0.054137,0.079908,0.071582,0.408037,0.197506,0.322709,0.473318,0.260256,0.60704,0,0.000504,0
0.053779,0.079406,0.071084,0.405134,0.195418,0.321167,0.471995,0.258548,0.606538,0,0.000495,0
0.053054,0.07834,0.070157,0.404687,0.194677,0.320204,0.471356,0.258166,0.605479,0,0.000495,0
0.053993,0.0797,0.071353,0.405478,0.195755,0.321507,0.472196,0.258736,0.606809,0,0.000496,0
0.05318,0.078617,0.070324,0.399941,0.192044,0.31847,0.47031,0.256213,0.60571,0,0.000481,0
0.052391,0.077559,0.069338,0.372635,0.190276,0.316836,0.469542,0.255334,0.604795,0,0.000477,0
0.053022,0.078426,0.070131,0.373565,0.191232,0.317753,0.470132,0.255894,0.605604,0,0.000478,0
0.048216,0.071302,0.063768,0.150988,0.178365,0.306068,0.459747,0.246269,0.597573,0,0.000437,0
0.049265,0.072811,0.065124,0.154105,0.181662,0.308664,0.462541,0.248987,0.599432,0,0.00045,0
0.048382,0.07157,0.064004,0.363157,0.181405,0.308355,0.461906,0.248681,0.598264,0,0.000451,0
0.052596,0.077781,0.069597,0.403246,0.19356,0.319293,0.470885,0.257507,0.605033,0,0.000492,0
0.047825,0.070777,0.063297,0.388391,0.181092,0.30793,0.461419,0.248379,0.597474,0,0.000452,0
0.048973,0.072367,0.064756,0.39232,0.184318,0.31072,0.46331,0.250541,0.599067,0,0.000462,0
0.158107,0.289215,0.514079,0.650553,0.321333,0.489342,0.050947,0.068263,0.050191,0,0.000364,0
0.484329,0.407529,0.533303,0.667555,0.337347,0.502471,0.062796,0.082534,0.058028,0,0.000431,0
0.484771,0.407999,0.533747,0.666135,0.336927,0.501984,0.061449,0.081349,0.058154,0,0.000424,0
0.060194,0.090019,0.079611,0.098466,0.139358,0.102326,0.160677,0.25036,0.323632,0,0.000529,0
0.060054,0.089825,0.079436,0.098243,0.139142,0.102105,0.160771,0.250348,0.323839,0,0.000529,0
0.060052,0.089824,0.079433,0.098239,0.139137,0.102101,0.160619,0.250272,0.323581,0,0.000529,0
0.060628,0.091012,0.080313,0.099166,0.140375,0.103063,0.161384,0.25129,0.324527,0,0.000533,0
0.05645,0.083462,0.074433,0.09255,0.130388,0.096217,0.156234,0.243802,0.319036,0,0.000492,0
0.046355,0.067284,0.060727,0.074658,0.106303,0.077618,0.142646,0.224539,0.304591,0,0.000402,0
0.058076,0.086145,0.076594,0.09499,0.134628,0.098745,0.158209,0.246921,0.321051,0,0.000511,0
0.052027,0.075643,0.068168,0.084546,0.117097,0.087682,0.148585,0.23208,0.311215,0,0.000431,0
0.060183,0.089965,0.079591,0.098465,0.139272,0.102318,0.161678,0.250732,0.325117,0,0.000529,0
0.058429,0.086607,0.077035,0.095573,0.135071,0.099309,0.159081,0.24772,0.322646,0,0.000512,0
0.136569,0.121795,0.140606,0.665732,0.332347,0.500359,0.060673,0.078131,0.056674,0,0.000404,0
0.453245,0.405731,0.188468,0.670205,0.339483,0.504664,0.066608,0.084814,0.06028,0,0.000439,0
0.137908,0.399424,0.17995,0.666578,0.335051,0.501024,0.063025,0.080942,0.057171,0,0.000423,0
0.127648,0.116227,0.132854,0.659895,0.326808,0.495883,0.056419,0.072674,0.054284,0,0.000379,0
0.128163,0.117015,0.133565,0.662259,0.328726,0.49743,0.057849,0.074275,0.055142,0,0.000386,0
0.130456,0.117641,0.135252,0.663298,0.32935,0.498042,0.058192,0.075249,0.054925,0,0.000392,0
0.053667,0.080424,0.071145,0.087796,0.12829,0.091659,0.154246,0.243678,0.315414,0,0.000506,0
0.046435,0.067409,0.060823,0.074778,0.107063,0.077798,0.142779,0.22493,0.304694,0,0.000405,0
0.058256,0.087531,0.07724,0.095329,0.136469,0.099224,0.159154,0.248976,0.321552,0,0.000526,0
0.060005,0.089757,0.079374,0.098163,0.139064,0.102026,0.160711,0.250298,0.323755,0,0.000529,0
0.06012,0.090091,0.079583,0.098323,0.139401,0.10219,0.1609,0.250611,0.323915,0,0.000531,0
0.060296,0.090549,0.079894,0.098633,0.139822,0.102533,0.161181,0.25098,0.324234,0,0.000532,0
0.48616,0.412961,0.536859,0.6709,0.341649,0.50545,0.067586,0.086799,0.060903,0,0.00045,0
0.487477,0.479792,0.571843,0.672685,0.343478,0.506699,0.069135,0.088811,0.06152,0,0.00046,0
0.545369,0.491737,0.585666,0.676851,0.348802,0.510873,0.074385,0.094274,0.065618,0,0.000484,0
0.1716,0.40861,0.529734,0.668638,0.339013,0.503146,0.065994,0.084676,0.059131,0,0.000441,0
0.545707,0.49221,0.586095,0.677345,0.349304,0.511368,0.07468,0.094554,0.066024,0,0.000485,0
0.545519,0.49194,0.585854,0.677043,0.348998,0.511062,0.074512,0.094396,0.065798,0,0.000485,0
0.518008,0.454043,0.550611,0.621198,0.300696,0.463855,0.04393,0.062011,0.033488,0,0.000359,0
0.527307,0.468452,0.563526,0.643903,0.319887,0.480988,0.05663,0.076341,0.044348,0,0.000422,0
0.526063,0.466375,0.561725,0.639193,0.316248,0.477155,0.052947,0.07316,0.041744,0,0.000409,0
0.512075,0.445316,0.541815,0.607541,0.289851,0.454853,0.038048,0.054665,0.028507,0,0.000322,0
0.516069,0.448634,0.546023,0.617278,0.296723,0.460669,0.039997,0.059139,0.029976,0,0.000347,0
0.528018,0.467933,0.563702,0.642466,0.318517,0.479595,0.054347,0.075059,0.042833,0,0.000417,0
0.536159,0.479089,0.57409,0.66204,0.334302,0.496201,0.065751,0.086189,0.053934,0,0.00046,0
0.517879,0.453144,0.550205,0.620878,0.29991,0.46277,0.042484,0.061473,0.031925,0,0.000359,0
0.060636,0.091015,0.080321,0.099179,0.140357,0.103073,0.161508,0.251282,0.324679,0,0.000533,0
0.060636,0.091015,0.080321,0.099179,0.140357,0.103074,0.161534,0.251293,0.324715,0,0.000533,0
0.060635,0.091015,0.08032,0.099177,0.14036,0.103072,0.16152,0.251296,0.324703,0,0.000533,0
0.060636,0.091015,0.080321,0.099179,0.140357,0.103074,0.161534,0.251293,0.324715,0,0.000533,0
0.060636,0.091016,0.080321,0.099179,0.140357,0.103073,0.161498,0.251277,0.324662,0,0.000533,0
0.060637,0.091017,0.080322,0.09918,0.140354,0.103075,0.161499,0.251269,0.324656,0,0.000533,0
0.054128,0.079709,0.071553,0.410263,0.198688,0.323332,0.473872,0.261483,0.606691,0,0.000512,0
0.054018,0.079736,0.071455,0.40923,0.198092,0.323035,0.473658,0.260899,0.606868,0,0.000508,0
0.053369,0.078854,0.070617,0.406772,0.1963,0.321473,0.472612,0.259602,0.6061,0,0.000502,0
0.054127,0.079708,0.071552,0.410295,0.198694,0.323354,0.473867,0.261475,0.606677,0,0.000512,0
0.0566,0.082938,0.07468,0.417945,0.204104,0.329229,0.477989,0.265787,0.609974,0,0.000531,0
0.056099,0.082249,0.074049,0.417071,0.203291,0.328374,0.477519,0.265352,0.609347,0,0.000529,0
0.050155,0.074038,0.066321,0.39841,0.188908,0.314357,0.466533,0.254076,0.600866,0,0.000481,0
0.048886,0.072295,0.064726,0.396365,0.186909,0.312331,0.465344,0.252963,0.599257,0,0.000477,0
0.049146,0.072734,0.065118,0.398344,0.188432,0.31349,0.466543,0.254343,0.599796,0,0.000484,0
0.054253,0.079714,0.07173,0.414174,0.200409,0.325491,0.475788,0.263725,0.606994,0,0.000524,0
0.055662,0.081826,0.073576,0.41635,0.202722,0.327778,0.477171,0.26493,0.608999,0,0.000528,0
0.050448,0.074655,0.066927,0.404384,0.192906,0.317499,0.47042,0.258247,0.602012,0,0.000502,0
0.050978,0.075063,0.067402,0.403559,0.192517,0.317065,0.468815,0.257177,0.601766,0,0.000497,0
0.053013,0.078364,0.070169,0.406229,0.195752,0.320933,0.472281,0.259289,0.605649,0,0.000501,0
0.060636,0.091015,0.080321,0.099179,0.140357,0.103074,0.161516,0.251286,0.32469,0,0.000533,0
0.060636,0.091015,0.080321,0.099179,0.140357,0.103073,0.161506,0.251281,0.324675,0,0.000533,0
0.060636,0.091015,0.080321,0.099179,0.140357,0.103074,0.161516,0.251286,0.32469,0,0.000533,0
0.060636,0.091016,0.080321,0.099179,0.140356,0.103074,0.161502,0.251276,0.324665,0,0.000533,0
0.060636,0.091016,0.080321,0.099179,0.140356,0.103073,0.161501,0.251279,0.324668,0,0.000533,0
0.060636,0.091015,0.080321,0.099179,0.140357,0.103073,0.161507,0.251282,0.324677,0,0.000533,0
0.060636,0.091015,0.080321,0.099179,0.140357,0.103073,0.161507,0.251282,0.324677,0,0.000533,0
0.060636,0.091015,0.080321,0.099179,0.140357,0.103073,0.161507,0.251282,0.324677,0,0.000533,0
0.060636,0.091015,0.080321,0.099179,0.140357,0.103073,0.161507,0.251282,0.324677,0,0.000533,0
0.060636,0.091015,0.080321,0.099179,0.140357,0.103073,0.161507,0.251282,0.324677,0,0.000533,0
0.060636,0.091015,0.080321,0.099179,0.140357,0.103073,0.161507,0.251282,0.324677,0,0.000533,0
0.540341,0.484305,0.578968,0.663362,0.337741,0.499327,0.064912,0.085911,0.057446,0,0.000452,0
0.540107,0.482648,0.577932,0.666187,0.338948,0.501108,0.065918,0.0868,0.057892,0,0.000456,0
0.540104,0.481822,0.576578,0.669397,0.341544,0.504161,0.067408,0.087745,0.060068,0,0.000457,0
0.54039,0.482214,0.576937,0.669855,0.341993,0.504615,0.067676,0.087995,0.06043,0,0.000458,0
0.521765,0.455782,0.55301,0.633618,0.308709,0.472042,0.046557,0.067053,0.036206,0,0.000383,0
0.520816,0.454472,0.551815,0.632029,0.307161,0.470465,0.045658,0.06621,0.034992,0,0.00038,0
0.531824,0.470597,0.567172,0.651139,0.325113,0.487069,0.057293,0.078276,0.047302,0,0.000426,0
0.478485,0.466407,0.559941,0.652378,0.325603,0.48917,0.056571,0.076369,0.049035,0,0.000412,0
0.538455,0.482256,0.576984,0.665653,0.337868,0.49979,0.067871,0.088178,0.05681,0,0.000466,0
0.535758,0.478403,0.573439,0.65767,0.331892,0.493392,0.063332,0.083649,0.052816,0,0.000447,0
0.539482,0.483506,0.578162,0.66567,0.338588,0.500391,0.067675,0.087984,0.057677,0,0.000463,0
0.542076,0.487224,0.581532,0.671552,0.343622,0.505628,0.07129,0.091377,0.061431,0,0.000476,0
0.542241,0.487451,0.58174,0.671793,0.343864,0.505868,0.071437,0.091517,0.061634,0,0.000476,0
0.480078,0.468596,0.561944,0.654937,0.32811,0.491706,0.058064,0.077767,0.051055,0,0.000417,0
0.483893,0.474036,0.566926,0.66554,0.336966,0.500157,0.064593,0.084368,0.056571,0,0.000444,0
0.485729,0.476557,0.569233,0.668482,0.339848,0.503071,0.06631,0.085977,0.058897,0,0.000449,0
0.486413,0.477497,0.570094,0.669564,0.340911,0.504143,0.066947,0.086574,0.059761,0,0.00045,0
0.54176,0.484258,0.578773,0.673743,0.345087,0.507883,0.07013,0.090303,0.062615,0,0.000467,0
0.486038,0.476979,0.569621,0.66898,0.340334,0.503564,0.066602,0.08625,0.059291,0,0.000449,0
0.544086,0.48998,0.584056,0.674747,0.346754,0.508791,0.073166,0.093136,0.063975,0,0.000481,0
0.542234,0.487435,0.581727,0.671794,0.343857,0.505865,0.071439,0.091517,0.061634,0,0.000476,0
0.544882,0.491077,0.585059,0.676023,0.348008,0.510058,0.073909,0.093832,0.06498,0,0.000483,0
0.543145,0.488694,0.582876,0.673274,0.34531,0.507336,0.072291,0.092315,0.062784,0,0.000479,0
0.54399,0.489863,0.583943,0.674623,0.34664,0.508677,0.073075,0.09305,0.063846,0,0.000481,0
0.060054,0.089825,0.079436,0.098243,0.139142,0.102105,0.160771,0.250348,0.323839,0,0.000529,0
0.060445,0.090753,0.080081,0.098872,0.140056,0.102769,0.161333,0.251116,0.324443,0,0.000533,0
0.060296,0.090549,0.079894,0.098633,0.139823,0.102533,0.161195,0.250986,0.324255,0,0.000532,0
0.06323,0.113217,0.076611,0.665135,0.328527,0.498791,0.060617,0.076246,0.055485,0,0.000393,0
0.066696,0.224793,0.084059,0.667592,0.333812,0.501344,0.064558,0.080877,0.057708,0,0.000419,0
0.063985,0.219714,0.078691,0.665933,0.330664,0.499585,0.063249,0.078675,0.056529,0,0.000406,0
0.051273,0.067885,0.065183,0.656401,0.319774,0.491326,0.056019,0.069372,0.051691,0,0.000358,0
0.048923,0.062604,0.061371,0.653716,0.31474,0.488438,0.054237,0.066701,0.049887,0,0.000341,0
0.055096,0.068842,0.067826,0.660627,0.321209,0.494169,0.057714,0.07167,0.052835,0,0.000365,0
0.038753,0.050873,0.048507,0.643108,0.299906,0.478167,0.048309,0.058482,0.043785,0,0.000296,0
0.047876,0.204758,0.061083,0.652937,0.315714,0.487201,0.055578,0.068893,0.048119,0,0.000363,0
0.043739,0.054737,0.053314,0.64878,0.305663,0.482621,0.051967,0.063242,0.045735,0,0.000321,0
0.060636,0.091015,0.080321,0.099179,0.140357,0.103074,0.161519,0.251287,0.324694,0,0.000533,0
0.060636,0.091015,0.080321,0.099179,0.140357,0.103074,0.161519,0.251287,0.324694,0,0.000533,0
0.060636,0.091016,0.080321,0.099179,0.140357,0.103073,0.161497,0.251277,0.32466,0,0.000533,0
0.060636,0.091016,0.080321,0.099179,0.140357,0.103073,0.161497,0.251277,0.32466,0,0.000533,0
0.060636,0.091016,0.080321,0.099179,0.140357,0.103073,0.161497,0.251277,0.32466,0,0.000533,0
0.060633,0.091012,0.080318,0.099174,0.14037,0.103071,0.16161,0.251358,0.324849,0,0.000533,0
0.060633,0.091013,0.080317,0.099173,0.14037,0.10307,0.161572,0.251348,0.3248,0,0.000533,0
0.060639,0.091016,0.080325,0.099185,0.140367,0.103081,0.161829,0.251415,0.325125,0,0.000533,0
0.060643,0.091019,0.080329,0.099191,0.140357,0.103085,0.161765,0.251354,0.325006,0,0.000533,0
0.060631,0.091011,0.080316,0.099171,0.140377,0.103069,0.161634,0.25139,0.324901,0,0.000533,0
0.06063,0.091011,0.080315,0.09917,0.140379,0.103067,0.161608,0.251387,0.324871,0,0.000533,0
0.060643,0.09102,0.080329,0.099191,0.140352,0.103084,0.161677,0.25131,0.324876,0,0.000533,0
0.060639,0.091016,0.080324,0.099184,0.140366,0.10308,0.161777,0.251393,0.325052,0,0.000533,0
0.017781,0.024423,0.022351,0.028564,0.027975,0.028298,0.016656,0.015599,0.022543,0,0.000047,0
0.022715,0.031199,0.028552,0.036489,0.035737,0.036149,0.021277,0.019928,0.028797,0,0.000061,0
0.02084,0.028624,0.026195,0.033477,0.032787,0.033165,0.01952,0.018282,0.02642,0,0.000056,0
0.02084,0.028624,0.026195,0.033477,0.032787,0.033165,0.01952,0.018282,0.02642,0,0.000056,0
0.022715,0.031199,0.028552,0.036489,0.035737,0.036149,0.021277,0.019928,0.028797,0,0.000061,0
0.021607,0.029677,0.027159,0.034709,0.033993,0.034386,0.020239,0.018955,0.027392,0,0.000058,0
0.022715,0.031199,0.028552,0.036489,0.035737,0.036149,0.021277,0.019928,0.028797,0,0.000061,0
0.018866,0.025913,0.023714,0.030306,0.029681,0.030024,0.017671,0.016551,0.023918,0,0.00005,0
0.017173,0.023588,0.021586,0.027587,0.027018,0.02733,0.016086,0.015066,0.021772,0,0.000046,0
0.01215,0.016689,0.015273,0.019518,0.019116,0.019336,0.011381,0.010659,0.015404,0,0.000032,0
0.013783,0.018931,0.017325,0.022141,0.021684,0.021935,0.01291,0.012092,0.017474,0,0.000037,0
0.012249,0.016824,0.015396,0.019677,0.019271,0.019493,0.011473,0.010746,0.015529,0,0.000033,0
0.017269,0.023719,0.021707,0.027741,0.027169,0.027483,0.016176,0.01515,0.021893,0,0.000046,0
0.016161,0.022197,0.020314,0.025961,0.025425,0.025719,0.015137,0.014178,0.020488,0,0.000043,0
0.021717,0.029829,0.027298,0.034886,0.034167,0.034562,0.020342,0.019052,0.027532,0,0.000058,0
0.018707,0.025695,0.023514,0.030051,0.029432,0.029771,0.017523,0.016412,0.023716,0,0.00005,0
0.021363,0.029343,0.026854,0.034318,0.033611,0.033999,0.020011,0.018742,0.027084,0,0.000057,0
0.020729,0.028472,0.026056,0.033299,0.032612,0.032989,0.019416,0.018185,0.026279,0,0.000055,0
0.018707,0.025694,0.023514,0.03005,0.029431,0.029771,0.017522,0.016411,0.023716,0,0.00005,0
0.013213,0.018148,0.016609,0.021225,0.020788,0.021028,0.012376,0.011592,0.016751,0,0.000035,0
0.022715,0.031199,0.028552,0.036489,0.035737,0.036149,0.021277,0.019928,0.028797,0,0.000061,0
0.017464,0.023987,0.021952,0.028054,0.027476,0.027793,0.016358,0.015321,0.02214,0,0.000047,0
0.016538,0.022716,0.020788,0.026567,0.026019,0.02632,0.015491,0.014509,0.020967,0,0.000044,0
0.013821,0.018984,0.017373,0.022203,0.021745,0.021996,0.012946,0.012125,0.017522,0,0.000037,0
0.122,0.592226,0.481264,0.076185,0.14651,0.080665,0.06125,0.091538,0.06365,0,0.000492,0
0.120453,0.590226,0.479499,0.073605,0.144026,0.078109,0.059741,0.09012,0.061609,0,0.000487,0
0.122708,0.593295,0.482263,0.077266,0.147628,0.081736,0.061879,0.092129,0.0645,0,0.000494,0
0.118189,0.587811,0.476846,0.071054,0.141341,0.07567,0.058263,0.088471,0.059825,0,0.000481,0
0.115528,0.584125,0.473457,0.066804,0.137167,0.071459,0.055785,0.086152,0.056472,0,0.000474,0
0.118181,0.587776,0.476809,0.071056,0.141327,0.075671,0.058264,0.088471,0.059827,0,0.000481,0
0.114047,0.58209,0.471595,0.064424,0.134836,0.069101,0.054397,0.084852,0.054594,0,0.00047,0
0.118189,0.587811,0.476846,0.071054,0.141341,0.07567,0.058263,0.088471,0.059825,0,0.000481,0
0.118133,0.587592,0.476574,0.07107,0.141308,0.075685,0.058276,0.088491,0.059842,0,0.000481,0
0.119998,0.59015,0.478964,0.074038,0.14417,0.078624,0.060003,0.090096,0.062183,0,0.000486,0
0.120012,0.590289,0.479031,0.074043,0.144318,0.078633,0.060012,0.090125,0.062187,0,0.000486,0
0.082181,0.585974,0.446868,0.070308,0.140206,0.074941,0.057717,0.087573,0.059369,0,0.000477,0
0.070409,0.569771,0.432065,0.051399,0.121638,0.056207,0.046689,0.077237,0.044446,0,0.000446,0
0.120013,0.590246,0.479038,0.074037,0.144237,0.078625,0.060004,0.090105,0.062182,0,0.000486,0
0.12383,0.59481,0.483665,0.079071,0.14936,0.083524,0.06293,0.093109,0.065925,0,0.000497,0
0.121113,0.591078,0.48025,0.074707,0.145086,0.079201,0.060385,0.090725,0.062481,0,0.000489,0
0.122702,0.593252,0.482235,0.077264,0.147588,0.081734,0.061877,0.092122,0.064499,0,0.000494,0
0.123609,0.594499,0.48338,0.078719,0.149012,0.083175,0.062725,0.092916,0.065647,0,0.000496,0
0.118133,0.587592,0.476574,0.07107,0.141308,0.075685,0.058276,0.088491,0.059842,0,0.000481,0
0.03896,0.290465,0.061229,0.053131,0.239253,0.061735,0.058393,0.161897,0.093135,0,0.000637,0
0.05295,0.583985,0.127637,0.374378,0.668537,0.536308,0.070917,0.186883,0.100563,0,0.000837,0
0.046345,0.093448,0.063719,0.758283,0.720661,0.812142,0.471784,0.374116,0.702839,0,0.000864,0
0.026234,0.040379,0.034621,0.044641,0.251932,0.053443,0.42126,0.316965,0.67467,0,0.000534,0
0.006047,0.008306,0.007601,0.009714,0.009514,0.009624,0.005664,0.005305,0.007667,0,0.000016,0
0.032347,0.047977,0.043,0.054389,0.078595,0.056822,0.416731,0.209066,0.567022,0,0.000287,0
0.006047,0.008306,0.007601,0.009714,0.009514,0.009624,0.005664,0.005305,0.007667,0,0.000016,0
0.032347,0.047977,0.043,0.054389,0.078595,0.056822,0.416731,0.209066,0.567022,0,0.000287,0
0.032362,0.047999,0.04302,0.054413,0.078621,0.056846,0.416747,0.209111,0.567068,0,0.000288,0
0.032377,0.048021,0.04304,0.054437,0.078664,0.056872,0.416849,0.209247,0.567293,0,0.000288,0
0.006048,0.008308,0.007603,0.009716,0.009516,0.009626,0.005665,0.005306,0.007668,0,0.000016,0
0.032642,0.048374,0.043353,0.055205,0.080801,0.057849,0.418299,0.21174,0.568332,0,0.000297,0
0.032368,0.048007,0.043028,0.054422,0.078648,0.056857,0.416839,0.20922,0.567266,0,0.000288,0
0.032607,0.048299,0.043278,0.055431,0.082737,0.058425,0.418003,0.211722,0.56673,0,0.000301,0
0.032607,0.048299,0.043278,0.055431,0.082737,0.058425,0.418003,0.211722,0.56673,0,0.000301,0
0.032817,0.048603,0.043554,0.055765,0.083209,0.058773,0.418833,0.212986,0.568651,0,0.000303,0
0.032369,0.048008,0.043029,0.054423,0.078644,0.056858,0.416817,0.209197,0.56722,0,0.000288,0
0.033349,0.049329,0.044211,0.056717,0.110286,0.059943,0.419405,0.213558,0.569128,0,0.000307,0
0.032377,0.048021,0.04304,0.054437,0.078664,0.056872,0.416849,0.209247,0.567293,0,0.000288,0
0.03249,0.048161,0.043156,0.054969,0.080761,0.057635,0.419102,0.212344,0.569876,0,0.000297,0
0.032369,0.048093,0.043039,0.054837,0.085149,0.057981,0.437929,0.234295,0.610522,0,0.000324,0
0.004972,0.00683,0.00625,0.007988,0.007823,0.007913,0.004658,0.004362,0.006304,0,0.000013,0
0.031455,0.046818,0.041882,0.052993,0.082024,0.05593,0.436787,0.231353,0.610415,0,0.000314,0
0.060636,0.091015,0.080321,0.099179,0.140357,0.103074,0.161519,0.251287,0.324694,0,0.000533,0
0.060643,0.091023,0.08033,0.099191,0.140342,0.103084,0.161455,0.251194,0.32453,0,0.000533,0
0.060643,0.091022,0.080329,0.09919,0.140344,0.103083,0.161491,0.251219,0.324598,0,0.000533,0
0.060636,0.091016,0.080321,0.099179,0.140357,0.103073,0.161497,0.251277,0.32466,0,0.000533,0
0.060642,0.091022,0.080328,0.099189,0.140345,0.103082,0.161486,0.251221,0.324593,0,0.000533,0
0.060636,0.091016,0.080321,0.099179,0.140357,0.103073,0.161497,0.251277,0.32466,0,0.000533,0
0.060636,0.091015,0.080321,0.099179,0.140357,0.103074,0.161519,0.251287,0.324694,0,0.000533,0
0.060643,0.091022,0.080329,0.099191,0.140344,0.103083,0.161494,0.25122,0.324604,0,0.000533,0
0.06064,0.091019,0.080326,0.099186,0.140349,0.103079,0.161518,0.251253,0.324663,0,0.000533,0
0.060636,0.091016,0.080321,0.099179,0.140357,0.103073,0.161497,0.251277,0.32466,0,0.000533,0
0.060636,0.091016,0.080321,0.099179,0.140357,0.103073,0.161497,0.251277,0.32466,0,0.000533,0
0.060637,0.091016,0.080322,0.099181,0.140355,0.103075,0.161516,0.251278,0.324684,0,0.000533,0
0.060636,0.091016,0.080321,0.099179,0.140357,0.103073,0.161497,0.251277,0.32466,0,0.000533,0
0.060636,0.091016,0.080321,0.099179,0.140357,0.103073,0.161497,0.251277,0.32466,0,0.000533,0
0.172887,0.47579,0.564916,0.671989,0.342099,0.505639,0.070231,0.088423,0.060902,0,0.000459,0
0.164769,0.46971,0.557329,0.666197,0.336293,0.499996,0.066793,0.084532,0.056772,0,0.000445,0
0.159578,0.464861,0.551366,0.661713,0.331224,0.495767,0.064158,0.081242,0.053866,0,0.000432,0
0.139285,0.404321,0.18298,0.669794,0.338513,0.503645,0.06655,0.084531,0.059203,0,0.00044,0
0.137795,0.402288,0.181108,0.6674,0.336178,0.501279,0.065151,0.083223,0.057311,0,0.000436,0
0.173124,0.475927,0.565101,0.671847,0.341954,0.505548,0.069111,0.087875,0.06062,0,0.000457,0
0.544629,0.490736,0.584744,0.675583,0.347589,0.509626,0.073659,0.093598,0.064643,0,0.000482,0
0.544498,0.490547,0.584574,0.675455,0.34744,0.509494,0.073565,0.093507,0.064508,0,0.000482,0
0.486737,0.480494,0.57193,0.671978,0.342934,0.505794,0.070782,0.089893,0.061158,0,0.000467,0
0.172345,0.476364,0.565015,0.669947,0.340514,0.503705,0.069359,0.087926,0.059619,0,0.000459,0
0.067942,0.399623,0.123218,0.667181,0.335062,0.501079,0.064801,0.082123,0.057395,0,0.000429,0
0.055622,0.390091,0.11094,0.658497,0.325766,0.492795,0.05965,0.075807,0.051605,0,0.000404,0
0.045819,0.381219,0.100041,0.649237,0.315556,0.484564,0.055704,0.069514,0.04706,0,0.000375,0
0.050544,0.383149,0.102665,0.654248,0.319315,0.48873,0.057225,0.071937,0.049451,0,0.000381,0
0.542846,0.488256,0.582487,0.672757,0.344788,0.506808,0.07202,0.09206,0.062424,0,0.000478,0
0.16396,0.469904,0.557085,0.663703,0.334262,0.497609,0.065669,0.083799,0.055153,0,0.000444,0
0.159489,0.466309,0.552673,0.659233,0.330284,0.493611,0.06329,0.080918,0.052604,0,0.000433,0
0.541931,0.487012,0.581344,0.671257,0.343337,0.505331,0.071146,0.091243,0.061242,0,0.000475,0
0.04536,0.069056,0.060687,0.074055,0.115116,0.07791,0.146281,0.236283,0.30464,0,0.000484,0
0.038579,0.058621,0.051674,0.062563,0.102399,0.066292,0.138619,0.227589,0.295433,0,0.00045,0
0.051631,0.078072,0.068755,0.084507,0.12564,0.088414,0.152656,0.242635,0.312937,0,0.000505,0
0.038777,0.059847,0.052022,0.06367,0.102686,0.067364,0.071496,0.217587,0.256567,0,0.000449,0
0.055134,0.083292,0.0733,0.090201,0.131337,0.094126,0.154141,0.245392,0.316545,0,0.000516,0
0.04147,0.063847,0.055647,0.068057,0.107912,0.071915,0.115484,0.224758,0.291893,0,0.000465,0
0.047532,0.072547,0.06354,0.07784,0.118527,0.08177,0.126201,0.235466,0.303838,0,0.000489,0
0.0376,0.055057,0.049516,0.386384,0.169883,0.297149,0.442243,0.232797,0.573368,0,0.000447,0
0.042858,0.064062,0.057406,0.39585,0.182479,0.307345,0.465118,0.253735,0.592559,0,0.000494,0
0.042609,0.063507,0.056901,0.395334,0.181464,0.306636,0.463786,0.25097,0.591175,0,0.000488,0
0.03825,0.055207,0.049833,0.385941,0.167347,0.296849,0.436124,0.219637,0.568893,0,0.000423,0
0.038894,0.0557,0.050431,0.386153,0.168134,0.296979,0.432523,0.223444,0.569275,0,0.000425,0
0.040038,0.057434,0.05201,0.387818,0.170969,0.298676,0.435573,0.230494,0.572619,0,0.000437,0
0.044299,0.066042,0.059218,0.398157,0.184745,0.309633,0.46647,0.255002,0.594391,0,0.000498,0
0.041105,0.060887,0.054581,0.392829,0.17787,0.303855,0.457959,0.243649,0.58495,0,0.000474,0
0.040339,0.058855,0.052992,0.390742,0.174484,0.301477,0.445106,0.236347,0.577052,0,0.000457,0
0,0,0,0,0,0,0,0,0,0,0,0
0.342626,0.619133,0.510412,0.102449,0.172936,0.106779,0.077003,0.107279,0.084395,0,0.000543,0
0.342631,0.619138,0.510417,0.102449,0.172937,0.10678,0.077003,0.107279,0.084395,0,0.000543,0
0.342608,0.619119,0.510394,0.102448,0.172933,0.106779,0.077003,0.10728,0.084395,0,0.000543,0
0.34266,0.619156,0.510445,0.10245,0.172936,0.106781,0.077003,0.107278,0.084396,0,0.000543,0
0.342631,0.619138,0.510417,0.102449,0.172937,0.10678,0.077003,0.107279,0.084395,0,0.000543,0
0.342608,0.619119,0.510394,0.102448,0.172933,0.106779,0.077003,0.10728,0.084395,0,0.000543,0
0.342664,0.619173,0.510455,0.10245,0.172951,0.10678,0.077003,0.10728,0.084395,0,0.000543,0
0.342624,0.619126,0.510408,0.102449,0.17293,0.10678,0.077002,0.107279,0.084396,0,0.000543,0
0.34263,0.619133,0.510415,0.102449,0.172933,0.10678,0.077002,0.107279,0.084395,0,0.000543,0
0.342609,0.619121,0.510395,0.102448,0.172934,0.106779,0.077003,0.10728,0.084395,0,0.000543,0
0.342669,0.61917,0.510457,0.10245,0.172945,0.106781,0.077003,0.107279,0.084396,0,0.000543,0
0.34266,0.619169,0.510451,0.10245,0.172949,0.10678,0.077003,0.10728,0.084395,0,0.000543,0
0.342669,0.61917,0.510457,0.10245,0.172945,0.106781,0.077003,0.107279,0.084396,0,0.000543,0
0.342608,0.619117,0.510392,0.102448,0.172931,0.106779,0.077003,0.10728,0.084395,0,0.000543,0
0.342632,0.619142,0.51042,0.102449,0.172941,0.106779,0.077003,0.10728,0.084395,0,0.000543,0
0.342669,0.61917,0.510457,0.10245,0.172945,0.106781,0.077003,0.107279,0.084396,0,0.000543,0
0.342657,0.619154,0.510442,0.10245,0.172936,0.106781,0.077003,0.107278,0.084396,0,0.000543,0
0.342626,0.619133,0.510412,0.102449,0.172936,0.106779,0.077003,0.107279,0.084395,0,0.000543,0
0.342626,0.619133,0.510412,0.102449,0.172936,0.106779,0.077003,0.107279,0.084395,0,0.000543,0
0.342631,0.619138,0.510417,0.102449,0.172937,0.10678,0.077003,0.107279,0.084395,0,0.000543,0
0.342631,0.619138,0.510417,0.102449,0.172937,0.10678,0.077003,0.107279,0.084395,0,0.000543,0
0.342631,0.619138,0.510417,0.102449,0.172937,0.10678,0.077003,0.107279,0.084395,0,0.000543,0
0.342631,0.619138,0.510417,0.102449,0.172937,0.10678,0.077003,0.107279,0.084395,0,0.000543,0
0.342631,0.619138,0.510417,0.102449,0.172937,0.10678,0.077003,0.107279,0.084395,0,0.000543,0
0.342664,0.619173,0.510455,0.10245,0.172951,0.10678,0.077003,0.10728,0.084395,0,0.000543,0
0.342612,0.619135,0.510404,0.102448,0.172947,0.106779,0.077003,0.107282,0.084395,0,0.000543,0
0.342631,0.619138,0.510417,0.102449,0.172937,0.10678,0.077003,0.107279,0.084395,0,0.000543,0
0.342669,0.61917,0.510457,0.10245,0.172945,0.106781,0.077003,0.107279,0.084396,0,0.000543,0
0.342669,0.61917,0.510457,0.10245,0.172945,0.106781,0.077003,0.107279,0.084396,0,0.000543,0
0.342608,0.619117,0.510392,0.102449,0.172931,0.106779,0.077003,0.10728,0.084395,0,0.000543,0
0.342632,0.619142,0.51042,0.102449,0.172941,0.106779,0.077003,0.10728,0.084395,0,0.000543,0
0.342669,0.61917,0.510457,0.10245,0.172945,0.106781,0.077003,0.107279,0.084396,0,0.000543,0
0.342657,0.619154,0.510442,0.10245,0.172936,0.106781,0.077003,0.107278,0.084396,0,0.000543,0
0.342669,0.61917,0.510457,0.10245,0.172945,0.106781,0.077003,0.107279,0.084396,0,0.000543,0
0.546646,0.49328,0.586802,0.199473,0.323487,0.170227,0.057681,0.07455,0.063422,0,0.000366,0
0.54257,0.487681,0.581679,0.192925,0.317074,0.16374,0.053863,0.070974,0.058255,0,0.000355,0
0.553362,0.501747,0.595026,0.638636,0.344647,0.466777,0.065945,0.085418,0.070829,0,0.000422,0
0.550642,0.497994,0.591589,0.635474,0.342997,0.508931,0.063843,0.084065,0.067499,0,0.000422,0
0.537948,0.483411,0.576601,0.082368,0.1853,0.081956,0.04956,0.063032,0.056005,0,0.000302,0
0.531318,0.474307,0.56828,0.072877,0.178191,0.073584,0.043424,0.057797,0.047352,0,0.000292,0
0.530471,0.473144,0.567215,0.071516,0.176858,0.072235,0.04263,0.057054,0.046277,0,0.000289,0
0.54117,0.485734,0.579897,0.247279,0.320427,0.443097,0.052944,0.070975,0.056417,0,0.000362,0
0.53095,0.473806,0.567801,0.072924,0.295567,0.143599,0.043304,0.058358,0.046851,0,0.000299,0
0.538197,0.482049,0.576277,0.085423,0.280599,0.153863,0.049399,0.065176,0.053562,0,0.000324,0
0.556234,0.505655,0.598698,0.648636,0.35385,0.519729,0.070637,0.091194,0.0747,0,0.00045,0
0.556375,0.505842,0.598865,0.64922,0.355175,0.520483,0.071218,0.09213,0.075078,0,0.000454,0
0.547616,0.493909,0.587796,0.62708,0.336577,0.502941,0.060507,0.0803,0.063824,0,0.000406,0
0.549989,0.497086,0.590758,0.634742,0.342909,0.508358,0.063576,0.084107,0.066812,0,0.000424,0
0.555059,0.504019,0.597202,0.682,0.354609,0.519601,0.070481,0.091814,0.073494,0,0.000457,0
0.553851,0.502357,0.595682,0.680036,0.352689,0.517654,0.069346,0.09075,0.071957,0,0.000454,0
0.555414,0.504522,0.597658,0.647676,0.353663,0.518953,0.070317,0.091287,0.07386,0,0.000452,0
0.329094,0.598121,0.492207,0.07853,0.144848,0.082275,0.059831,0.084949,0.065116,0,0.000454,0
0.335008,0.60729,0.500108,0.088678,0.15611,0.092568,0.066666,0.092737,0.0733,0,0.000485,0
0.334477,0.606552,0.499436,0.087812,0.155259,0.09171,0.066161,0.092263,0.072616,0,0.000484,0
0.334017,0.605736,0.498804,0.087153,0.153553,0.09104,0.065309,0.09028,0.071984,0,0.000472,0
0.335996,0.609756,0.501902,0.091355,0.161366,0.09562,0.069944,0.099346,0.075553,0,0.000517,0
0.33436,0.606731,0.499435,0.087712,0.156434,0.091617,0.066768,0.094248,0.072644,0,0.000495,0
0.335037,0.608235,0.500575,0.089464,0.159283,0.093572,0.06859,0.097603,0.074104,0,0.00051,0
0.329491,0.598442,0.492647,0.079281,0.144061,0.082982,0.059623,0.083028,0.065539,0,0.000441,0
0.321609,0.584492,0.481656,0.066665,0.12489,0.069966,0.04934,0.067516,0.05474,0,0.000358,0
0.31632,0.574123,0.473902,0.05846,0.112282,0.061348,0.042686,0.058094,0.047481,0,0.000307,0
0.316712,0.575282,0.474524,0.058775,0.115278,0.06189,0.043503,0.060522,0.047834,0,0.000328,0
0.327638,0.596895,0.490706,0.076383,0.144882,0.080163,0.059725,0.087055,0.06361,0,0.00047,0
0.330165,0.600365,0.493882,0.080441,0.148858,0.084184,0.062092,0.089271,0.066814,0,0.000477,0
0.319008,0.581057,0.478216,0.061668,0.124925,0.065075,0.047802,0.07036,0.050812,0,0.000393,0
0.323581,0.58942,0.484804,0.069184,0.134292,0.072778,0.053476,0.077553,0.057405,0,0.000424,0
0.049341,0.070299,0.063697,0.404768,0.185555,0.31507,0.386209,0.231328,0.578105,0,0.000458,0
0.051951,0.074839,0.067591,0.409735,0.19293,0.320248,0.456151,0.246068,0.591104,0,0.000489,0
0.049921,0.072051,0.06504,0.406474,0.189737,0.317017,0.454249,0.244287,0.58853,0,0.000483,0
0.050914,0.073261,0.066171,0.408148,0.190498,0.318628,0.452446,0.240184,0.587176,0,0.000479,0
0.050914,0.073261,0.066171,0.408148,0.190498,0.318628,0.452446,0.240184,0.587176,0,0.000479,0
0.049958,0.071401,0.064638,0.405922,0.187715,0.316285,0.444391,0.236369,0.582745,0,0.000468,0
0.052302,0.075834,0.06836,0.410684,0.194592,0.321361,0.463468,0.249812,0.595425,0,0.000497,0
0.051598,0.074866,0.067474,0.409551,0.193483,0.320239,0.462808,0.249194,0.594531,0,0.000495,0
0.051032,0.073577,0.066436,0.408259,0.191484,0.318785,0.45529,0.245262,0.589938,0,0.000486,0
0.048947,0.070012,0.063367,0.404247,0.186113,0.31464,0.44345,0.235492,0.581484,0,0.000466,0
0.052118,0.075581,0.068129,0.410362,0.194296,0.321049,0.463298,0.249655,0.595201,0,0.000497,0
0.051808,0.075155,0.067739,0.409864,0.193808,0.320556,0.463008,0.249384,0.594808,0,0.000496,0
0.048869,0.070058,0.063386,0.404093,0.186803,0.314522,0.446104,0.240387,0.583977,0,0.000472,0
0.050803,0.073775,0.066476,0.408277,0.192247,0.318989,0.462076,0.248512,0.593552,0,0.000493,0
0.05218,0.074151,0.067102,0.408825,0.187968,0.3195,0.381587,0.222277,0.576319,0,0.000447,0
0.047952,0.06802,0.061664,0.402692,0.181333,0.312904,0.377701,0.218906,0.570577,0,0.000438,0
0.049028,0.069674,0.063091,0.404395,0.183149,0.314718,0.378777,0.21982,0.572162,0,0.00044,0
0.051796,0.073767,0.066626,0.407349,0.186639,0.318766,0.380825,0.220316,0.575954,0,0.00044,0
0.052414,0.074869,0.067567,0.408503,0.1888,0.319982,0.439008,0.225357,0.580595,0,0.00045,0
0.05218,0.074151,0.067102,0.408825,0.187968,0.3195,0.381587,0.222277,0.576319,0,0.000447,0
0.049802,0.071139,0.064277,0.405167,0.185415,0.315949,0.436964,0.22469,0.577162,0,0.000449,0
0.04857,0.069122,0.062605,0.403846,0.183494,0.31412,0.435884,0.223947,0.575218,0,0.000448,0
0.052144,0.074095,0.06705,0.408768,0.187859,0.319443,0.381512,0.22209,0.57625,0,0.000446,0
0.051425,0.073553,0.0663,0.404128,0.186144,0.317123,0.437333,0.224046,0.579476,0,0.000441,0
0.051572,0.073574,0.066472,0.406635,0.187629,0.318016,0.438068,0.225556,0.579333,0,0.00045,0
0.048251,0.069013,0.062298,0.401301,0.182405,0.312732,0.434958,0.222643,0.575123,0,0.000441,0
0.050457,0.07223,0.065089,0.402572,0.184673,0.315582,0.436467,0.223352,0.578271,0,0.000439,0
0.050457,0.07223,0.065089,0.402621,0.184684,0.315618,0.436462,0.223342,0.578252,0,0.000439,0
0.04794,0.068318,0.06187,0.402768,0.182931,0.313067,0.435924,0.225648,0.574982,0,0.00045,0
0.048519,0.069442,0.062692,0.401714,0.183266,0.313143,0.435834,0.225123,0.576005,0,0.000446,0
0.04794,0.068317,0.061869,0.402716,0.182918,0.31303,0.435928,0.225657,0.575,0,0.00045,0
0.051189,0.073306,0.066025,0.403036,0.185427,0.31656,0.437114,0.223741,0.579338,0,0.000439,0
0.548457,0.495667,0.589014,0.624784,0.336541,0.503155,0.060573,0.079234,0.065725,0,0.000396,0
0.54686,0.493163,0.586935,0.66386,0.340668,0.504806,0.06201,0.082931,0.063824,0,0.000424,0
0.552729,0.501235,0.594318,0.673232,0.349867,0.514097,0.067488,0.088062,0.071238,0,0.00044,0
0.550816,0.498674,0.592001,0.675427,0.350865,0.513538,0.069275,0.090451,0.069558,0,0.000457,0
0.555831,0.505164,0.59813,0.682778,0.357486,0.521142,0.072628,0.093783,0.075199,0,0.000466,0
0.555765,0.505276,0.598228,0.687473,0.361004,0.523306,0.076393,0.097791,0.07597,0,0.000487,0
0.55735,0.507266,0.60009,0.687576,0.361512,0.524548,0.075767,0.096988,0.077424,0,0.00048,0
0.556888,0.50695,0.599719,0.689777,0.363557,0.52549,0.079549,0.100038,0.078059,0,0.000495,0
0.56014,0.511278,0.603772,0.696539,0.368746,0.531365,0.081349,0.102699,0.081656,0,0.000504,0
0.558918,0.509731,0.602315,0.695076,0.367609,0.529817,0.082308,0.102889,0.080772,0,0.000506,0
0.539982,0.486211,0.579162,0.087353,0.283882,0.157674,0.051685,0.065953,0.058294,0,0.00032,0
0.532424,0.475832,0.569654,0.075302,0.297913,0.14596,0.04469,0.059656,0.048727,0,0.000303,0
0.537935,0.482406,0.576301,0.242015,0.316716,0.438793,0.050459,0.068269,0.05377,0,0.000352,0
0.533092,0.476355,0.570382,0.23343,0.308769,0.431388,0.046093,0.063404,0.048688,0,0.000333,0
0.541675,0.486101,0.580501,0.660751,0.336475,0.498989,0.060727,0.082443,0.057989,0,0.000433,0
0.548643,0.495608,0.589346,0.676542,0.350578,0.512367,0.071841,0.092817,0.067626,0,0.000473,0
0.553158,0.501835,0.595034,0.683802,0.357709,0.519575,0.076053,0.096765,0.073325,0,0.000485,0
0.556872,0.507544,0.600129,0.695325,0.366902,0.529178,0.085153,0.104361,0.080193,0,0.000515,0
0.5605,0.511862,0.604278,0.69751,0.36987,0.532236,0.082914,0.103835,0.082503,0,0.000509,0
0.559588,0.510652,0.603157,0.696153,0.368664,0.530883,0.082936,0.103477,0.081622,0,0.000508,0
0.558918,0.509731,0.602315,0.695076,0.367609,0.529817,0.082308,0.102889,0.080772,0,0.000506,0
0.558286,0.509498,0.601912,0.697529,0.369086,0.531371,0.086449,0.105578,0.081953,0,0.000519,0
0.557283,0.507657,0.600378,0.694163,0.366003,0.528333,0.081949,0.102563,0.079147,0,0.000507,0
0.560201,0.512118,0.604315,0.70063,0.372108,0.534436,0.088257,0.107271,0.084401,0,0.000524,0
0.560057,0.511837,0.604084,0.700233,0.371663,0.534035,0.08726,0.106755,0.083852,0,0.000522,0
0.560524,0.512479,0.604672,0.700984,0.3724,0.53478,0.087698,0.107164,0.084444,0,0.000523,0
0.55652,0.506436,0.5993,0.691222,0.363834,0.525998,0.080063,0.100786,0.077733,0,0.0005,0
0.336616,0.609117,0.502064,0.091591,0.1556,0.095289,0.067156,0.089724,0.075264,0,0.000459,0
0.33499,0.606947,0.500023,0.088912,0.153667,0.092693,0.065772,0.088974,0.073194,0,0.00046,0
0.332641,0.601972,0.496431,0.084757,0.144739,0.088116,0.061359,0.08072,0.06951,0,0.00041,0
0.329979,0.598351,0.493081,0.08044,0.141211,0.083907,0.05896,0.078904,0.066132,0,0.000407,0
0.338525,0.61178,0.504458,0.094523,0.159171,0.098252,0.069043,0.092039,0.077622,0,0.00047,0
0.336986,0.609679,0.502515,0.092004,0.15718,0.095796,0.067723,0.091385,0.075701,0,0.00047,0
0.335623,0.607904,0.50082,0.089746,0.155642,0.09359,0.066643,0.09099,0.073973,0,0.000472,0
0.334209,0.605982,0.499051,0.0875,0.153452,0.091365,0.065334,0.089765,0.072201,0,0.000469,0
0.335147,0.607304,0.500232,0.088958,0.155343,0.092829,0.066363,0.091269,0.073409,0,0.000475,0
0.336025,0.608359,0.501307,0.090461,0.155668,0.094267,0.066823,0.090542,0.074483,0,0.000467,0
0.326378,0.59039,0.487518,0.074621,0.129348,0.077555,0.053283,0.069279,0.060905,0,0.000348,0
0.316895,0.574777,0.47461,0.05944,0.111475,0.062147,0.043056,0.057719,0.048245,0,0.0003,0
0.328965,0.59723,0.491854,0.078603,0.141211,0.08222,0.0584,0.07981,0.064802,0,0.00042,0
0.328114,0.595787,0.490736,0.077447,0.138276,0.080942,0.057215,0.077269,0.06377,0,0.000402,0
0.316048,0.573613,0.473545,0.058079,0.110142,0.060798,0.042263,0.056976,0.04717,0,0.000297,0
0.321339,0.583484,0.481179,0.066555,0.122075,0.069626,0.048643,0.065199,0.054549,0,0.000337,0
0.321566,0.583781,0.481469,0.066891,0.121778,0.069898,0.048776,0.065058,0.054804,0,0.000335,0
0.056395,0.08078,0.073035,0.417035,0.198885,0.327436,0.458336,0.243922,0.594848,0,0.000492,0
0.056395,0.08078,0.073035,0.417035,0.198885,0.327436,0.458336,0.243922,0.594848,0,0.000492,0
0.056395,0.08078,0.073035,0.417035,0.198885,0.327436,0.458336,0.243922,0.594848,0,0.000492,0
0.056395,0.08078,0.073035,0.417035,0.198885,0.327436,0.458336,0.243922,0.594848,0,0.000492,0
0.055659,0.079586,0.071965,0.415908,0.19667,0.32628,0.454663,0.237321,0.591136,0,0.000481,0
0.055846,0.079872,0.072227,0.41618,0.197207,0.326555,0.455093,0.238475,0.591558,0,0.000484,0
0.053166,0.076192,0.068859,0.411876,0.192991,0.322291,0.452583,0.236124,0.588161,0,0.000477,0
0.052821,0.075871,0.068542,0.4113,0.193276,0.321766,0.454999,0.2408,0.590342,0,0.000482,0
0.052575,0.075534,0.068234,0.410896,0.192887,0.321368,0.454769,0.240585,0.590032,0,0.000482,0
0.055846,0.079872,0.072227,0.41618,0.197207,0.326555,0.455093,0.238475,0.591558,0,0.000484,0
0.057374,0.082637,0.074593,0.41894,0.201521,0.329511,0.466246,0.248226,0.599984,0,0.000502,0
0.057374,0.082637,0.074593,0.41894,0.201521,0.329511,0.466246,0.248226,0.599984,0,0.000502,0
0.053202,0.076455,0.069078,0.411815,0.194285,0.322288,0.455979,0.243381,0.591374,0,0.000487,0
0.056679,0.081743,0.073776,0.4178,0.200862,0.32838,0.466217,0.249858,0.59964,0,0.000504,0
0.057108,0.082333,0.074316,0.418447,0.201531,0.329037,0.466627,0.250247,0.600209,0,0.000505,0
0.055097,0.079571,0.071788,0.415216,0.198355,0.325824,0.464733,0.248469,0.597634,0,0.0005,0
0.057374,0.082637,0.074593,0.41894,0.201521,0.329511,0.466246,0.248226,0.599984,0,0.000502,0
0.562331,0.515037,0.606988,0.704085,0.37548,0.537855,0.090267,0.10915,0.087116,0,0.00053,0
0.562331,0.515037,0.606988,0.704085,0.37548,0.537855,0.090267,0.10915,0.087116,0,0.00053,0
0.562355,0.515083,0.607025,0.704058,0.375477,0.537835,0.090262,0.109149,0.087115,0,0.00053,0
0.562355,0.515083,0.607025,0.704058,0.375477,0.537835,0.090262,0.109149,0.087115,0,0.00053,0
0.562331,0.515037,0.606988,0.704085,0.37548,0.537855,0.090267,0.10915,0.087116,0,0.00053,0
0.562331,0.515037,0.606988,0.704085,0.37548,0.537855,0.090267,0.10915,0.087116,0,0.00053,0
0.562331,0.515037,0.606988,0.704085,0.37548,0.537855,0.090267,0.10915,0.087116,0,0.00053,0
0.562331,0.515037,0.606988,0.704085,0.37548,0.537855,0.090267,0.10915,0.087116,0,0.00053,0
0.562331,0.515037,0.606988,0.704085,0.37548,0.537855,0.090267,0.10915,0.087116,0,0.00053,0
0.562331,0.515037,0.606988,0.704085,0.37548,0.537855,0.090267,0.10915,0.087116,0,0.00053,0
0.562331,0.515037,0.606988,0.704085,0.37548,0.537855,0.090267,0.10915,0.087116,0,0.00053,0
0.562355,0.515083,0.607025,0.704058,0.375477,0.537835,0.090262,0.109149,0.087115,0,0.00053,0
0.562331,0.515037,0.606988,0.704085,0.37548,0.537855,0.090267,0.10915,0.087116,0,0.00053,0
0.562331,0.515037,0.606988,0.704085,0.37548,0.537855,0.090267,0.10915,0.087116,0,0.00053,0
0.038701,0.05388,0.048879,0.060682,0.08347,0.061959,0.114574,0.176601,0.278089,0,0.000286,0
0.036178,0.050882,0.045872,0.056195,0.082656,0.057695,0.114172,0.182207,0.276032,0,0.000309,0
0.041676,0.058176,0.052576,0.065239,0.089949,0.066577,0.117457,0.180364,0.28136,0,0.000313,0
0.039256,0.055581,0.049813,0.061036,0.088721,0.06251,0.116725,0.184023,0.278957,0,0.000331,0
0.03475,0.048146,0.043852,0.054607,0.072448,0.055563,0.109406,0.166146,0.272704,0,0.000238,0
0.028661,0.039911,0.036277,0.044593,0.065176,0.045813,0.105282,0.167407,0.266223,0,0.000239,0
0.026857,0.037496,0.033993,0.041571,0.063764,0.042957,0.103895,0.167489,0.263973,0,0.000246,0
0.029363,0.042531,0.037639,0.044848,0.07402,0.046567,0.109716,0.181772,0.268852,0,0.000312,0
0.02798,0.040312,0.035827,0.042581,0.07194,0.044347,0.110338,0.183854,0.26914,0,0.000309,0
0.034866,0.04966,0.044383,0.05386,0.082376,0.055458,0.113586,0.183519,0.27437,0,0.000324,0
0.029833,0.041584,0.037734,0.046352,0.068446,0.047693,0.106682,0.170099,0.267745,0,0.000254,0
0.043456,0.060969,0.05495,0.068071,0.094698,0.069443,0.120087,0.185211,0.283858,0,0.000335,0
0.043751,0.061775,0.055502,0.068319,0.096954,0.069755,0.121613,0.190304,0.284909,0,0.000353,0
0.034151,0.049315,0.043782,0.052482,0.083552,0.054148,0.115408,0.190566,0.275348,0,0.000343,0
0.036522,0.052177,0.046552,0.0564,0.086133,0.057987,0.115742,0.187441,0.276643,0,0.00034,0
0.040798,0.058234,0.051965,0.063456,0.093952,0.064957,0.119593,0.190253,0.281264,0,0.000361,0
0.037731,0.054535,0.04843,0.058288,0.091118,0.05991,0.11983,0.197192,0.280173,0,0.00037,0
0.042791,0.060455,0.054294,0.066776,0.095443,0.068226,0.120714,0.189461,0.283691,0,0.00035,0
0.562331,0.515037,0.606988,0.704085,0.37548,0.537855,0.090267,0.10915,0.087116,0,0.00053,0
0.562331,0.515037,0.606988,0.704085,0.37548,0.537855,0.090267,0.10915,0.087116,0,0.00053,0
0.562331,0.515037,0.606988,0.704085,0.37548,0.537855,0.090267,0.10915,0.087116,0,0.00053,0
0.562331,0.515037,0.606988,0.704085,0.37548,0.537855,0.090267,0.10915,0.087116,0,0.00053,0
0.562355,0.515083,0.607025,0.704058,0.375477,0.537835,0.090262,0.109149,0.087115,0,0.00053,0
0.562355,0.515083,0.607025,0.704058,0.375477,0.537835,0.090262,0.109149,0.087115,0,0.00053,0
0.562355,0.515083,0.607025,0.704058,0.375477,0.537835,0.090262,0.109149,0.087115,0,0.00053,0
0.56234,0.515047,0.606999,0.704046,0.37545,0.537815,0.090263,0.109148,0.087116,0,0.00053,0
0.56234,0.515047,0.606999,0.704046,0.37545,0.537815,0.090263,0.109148,0.087116,0,0.00053,0
0.562355,0.515083,0.607025,0.704058,0.375477,0.537835,0.090262,0.109149,0.087115,0,0.00053,0
0.562355,0.515083,0.607025,0.704058,0.375477,0.537835,0.090262,0.109149,0.087115,0,0.00053,0
0.562355,0.515083,0.607025,0.704058,0.375477,0.537835,0.090262,0.109149,0.087115,0,0.00053,0
0.56234,0.515054,0.607002,0.704075,0.375479,0.537847,0.090264,0.10915,0.087116,0,0.00053,0
0.562332,0.515042,0.606991,0.704093,0.375489,0.537864,0.090268,0.109151,0.087116,0,0.00053,0
0.562355,0.515083,0.607025,0.704058,0.375477,0.537835,0.090262,0.109149,0.087115,0,0.00053,0
0.562347,0.515076,0.607017,0.704095,0.375507,0.537874,0.090265,0.109152,0.087115,0,0.00053,0
0.562355,0.515083,0.607025,0.704058,0.375477,0.537835,0.090262,0.109149,0.087115,0,0.00053,0
0.338967,0.612558,0.505029,0.095106,0.161584,0.09893,0.07005,0.095099,0.07831,0,0.000488,0
0.337799,0.611136,0.503621,0.093198,0.160533,0.097046,0.069302,0.095205,0.076867,0,0.000493,0
0.339507,0.613464,0.505761,0.09589,0.163175,0.099713,0.070871,0.096675,0.078992,0,0.000497,0
0.338761,0.612511,0.504847,0.094664,0.16254,0.0985,0.070424,0.09695,0.078089,0,0.0005,0
0.33823,0.611801,0.504186,0.093787,0.161972,0.097632,0.070067,0.097088,0.077456,0,0.000502,0
0.337236,0.610452,0.502944,0.092241,0.160452,0.096101,0.069166,0.096244,0.076237,0,0.000499,0
0.337772,0.611159,0.503605,0.093038,0.161231,0.096891,0.06963,0.096678,0.076866,0,0.0005,0
0.33809,0.61159,0.504004,0.093587,0.161485,0.097433,0.069797,0.096362,0.077239,0,0.000499,0
0.33713,0.60892,0.502244,0.091499,0.156038,0.095087,0.066748,0.089702,0.075182,0,0.000461,0
0.335148,0.606198,0.499753,0.088316,0.15292,0.091933,0.064892,0.087963,0.072669,0,0.000456,0
0.334409,0.605474,0.498904,0.08701,0.153713,0.090677,0.065044,0.090523,0.071874,0,0.000474,0
0.337096,0.610242,0.502761,0.092041,0.159965,0.095902,0.068895,0.095518,0.07602,0,0.000496,0
0.333805,0.604393,0.498063,0.08608,0.151431,0.089748,0.063869,0.087924,0.07101,0,0.000459,0
0.335407,0.606593,0.500077,0.088653,0.153951,0.092298,0.06537,0.08933,0.073041,0,0.000463,0
0.329081,0.591643,0.489939,0.078937,0.13234,0.081635,0.054627,0.069278,0.063642,0,0.000341,0
0.321582,0.581343,0.480513,0.066891,0.120542,0.069701,0.047603,0.062699,0.054135,0,0.000321,0
0.320816,0.580876,0.479683,0.065387,0.121055,0.068372,0.04724,0.063592,0.053023,0,0.000334,0
0.322654,0.582815,0.48186,0.068613,0.122229,0.071407,0.048607,0.063639,0.055493,0,0.000323,0
0.319837,0.578842,0.478317,0.064242,0.116168,0.066904,0.045856,0.06034,0.052035,0,0.000308,0
0.31528,0.572234,0.472514,0.057082,0.107961,0.059693,0.041469,0.055675,0.04638,0,0.000288,0
0.316471,0.574346,0.474098,0.058716,0.112542,0.061602,0.042836,0.058235,0.047683,0,0.000307,0
0.321629,0.580955,0.480496,0.067282,0.11795,0.069798,0.047416,0.061245,0.05443,0,0.000305,0
0.333461,0.603424,0.4975,0.085798,0.148732,0.089387,0.062744,0.084462,0.070548,0,0.000436,0
0.331702,0.601527,0.495435,0.08279,0.147975,0.086479,0.061849,0.085654,0.068367,0,0.000451,0
0.332542,0.602633,0.496483,0.084174,0.148858,0.08783,0.062476,0.085701,0.069401,0,0.000449,0
0.336756,0.607937,0.50165,0.091138,0.153486,0.094638,0.065709,0.086656,0.074695,0,0.00044,0
0.332988,0.600086,0.495962,0.085012,0.142147,0.088073,0.059919,0.076993,0.06919,0,0.000384,0
0.330434,0.597341,0.492967,0.080664,0.140056,0.083901,0.058049,0.076814,0.065918,0,0.000394,0
0.325717,0.590862,0.487037,0.073086,0.132634,0.076394,0.053631,0.072675,0.059938,0,0.000381,0
0.327048,0.592981,0.488759,0.075004,0.136468,0.078435,0.055326,0.075905,0.061596,0,0.000401,0
0.334286,0.604545,0.498545,0.087171,0.1496,0.090708,0.063396,0.084489,0.071564,0,0.000434,0
0.024473,0.033829,0.031041,0.882704,0.744421,0.888968,0.159737,0.146218,0.217879,0,0.000495,0
0.041054,0.056625,0.053083,0.903026,0.792296,0.909163,0.171961,0.170056,0.226806,0,0.000667,0
0.034699,0.069101,0.045919,0.203649,0.53386,0.406965,0.261306,0.336594,0.515483,0,0.000718,0
0.035396,0.053335,0.046398,0.207014,0.530166,0.410021,0.26279,0.335649,0.518266,0,0.00068,0
0.057191,0.085523,0.075648,0.093088,0.133869,0.0968,0.157448,0.246854,0.319678,0,0.000516,0
0.039698,0.054527,0.0499,0.063771,0.062457,0.063178,0.037185,0.034827,0.050328,0,0.000106,0
0.023131,0.031772,0.029076,0.037158,0.036392,0.036812,0.021667,0.020293,0.029325,0,0.000062,0
0.020097,0.027604,0.025262,0.032284,0.031618,0.031983,0.018825,0.017631,0.025479,0,0.000054,0
0.004589,0.006303,0.005768,0.007371,0.007219,0.007303,0.004298,0.004026,0.005817,0,0.000012,0
0.018094,0.024853,0.022744,0.029066,0.028467,0.028795,0.016948,0.015874,0.022939,0,0.000048,0
0.056537,0.083176,0.074724,0.417147,0.203979,0.328969,0.47786,0.265402,0.610291,0,0.000528,0
0.057797,0.085085,0.076348,0.418322,0.205537,0.330854,0.478925,0.266014,0.612194,0,0.000528,0
0.056301,0.08303,0.074468,0.415917,0.203186,0.328475,0.477528,0.264706,0.610306,0,0.000524,0
0.058446,0.085797,0.077123,0.420256,0.206991,0.332037,0.479642,0.267066,0.612693,0,0.000533,0
0.057207,0.084095,0.075565,0.418265,0.205042,0.330065,0.478481,0.265979,0.611122,0,0.00053,0
0.056537,0.083175,0.074723,0.417188,0.203987,0.328998,0.477853,0.265391,0.610272,0,0.000528,0
0.057208,0.084097,0.075566,0.418224,0.205033,0.330036,0.478488,0.26599,0.61114,0,0.00053,0
0.055533,0.081975,0.073502,0.414623,0.201947,0.327192,0.476799,0.264025,0.609319,0,0.000522,0
0.054068,0.079976,0.071609,0.409621,0.198342,0.323693,0.474427,0.261305,0.607405,0,0.00051,0
0.056494,0.083116,0.074669,0.417168,0.203958,0.328991,0.477833,0.265375,0.610255,0,0.000528,0
0.058093,0.084989,0.076556,0.420354,0.206473,0.33163,0.479403,0.267116,0.611901,0,0.000535,0
0.055308,0.081487,0.073178,0.415209,0.202053,0.327039,0.476703,0.264314,0.608716,0,0.000525,0
0.054598,0.080517,0.072257,0.412746,0.200379,0.325197,0.475481,0.262997,0.607725,0,0.000519,0
0.035263,0.053656,0.047689,0.377425,0.167363,0.291911,0.453989,0.24291,0.582173,0,0.000451,0
0.051403,0.076124,0.06827,0.408899,0.195901,0.320798,0.473051,0.260898,0.603782,0,0.000514,0
0.048341,0.072097,0.064462,0.403092,0.190654,0.31578,0.470076,0.257732,0.600229,0,0.000503,0
0.032773,0.0501,0.044384,0.377493,0.163853,0.290097,0.451303,0.233964,0.576663,0,0.000442,0
0.051551,0.076101,0.068335,0.409659,0.196007,0.321081,0.472975,0.260441,0.603506,0,0.000515,0
0.038167,0.057264,0.051121,0.388269,0.17336,0.299593,0.457241,0.241026,0.583404,0,0.000465,0
0.044866,0.0669,0.059799,0.39695,0.184131,0.309364,0.464978,0.250783,0.59414,0,0.000485,0
0.321513,0.587762,0.482695,0.066273,0.133414,0.070133,0.052952,0.079199,0.055507,0,0.000439,0
0.325056,0.593924,0.487727,0.0732,0.141037,0.077238,0.057647,0.084307,0.061089,0,0.00046,0
0.326783,0.596209,0.489917,0.074615,0.142361,0.078646,0.058121,0.084019,0.062117,0,0.000455,0
0.325056,0.594013,0.487757,0.073146,0.141843,0.077188,0.05804,0.085846,0.061172,0,0.000468,0
0.326143,0.595918,0.489339,0.07487,0.145292,0.07891,0.060071,0.089866,0.062685,0,0.000486,0
0.327586,0.598061,0.491253,0.077475,0.148038,0.0817,0.061919,0.092114,0.064721,0,0.000495,0
0.327958,0.598986,0.491974,0.078886,0.149858,0.083436,0.063263,0.094411,0.065799,0,0.000504,0
0.324999,0.593778,0.487614,0.072989,0.141551,0.077028,0.057942,0.085734,0.061048,0,0.000467,0
0.321312,0.587501,0.482569,0.065757,0.1307,0.069585,0.051317,0.074472,0.054769,0,0.00041,0
0.315731,0.57694,0.474512,0.057219,0.11618,0.060619,0.043841,0.062406,0.047275,0,0.000343,0
0.31161,0.567989,0.468121,0.051993,0.105158,0.054878,0.038848,0.054212,0.042377,0,0.000293,0
0.31114,0.567009,0.467391,0.050144,0.104137,0.05311,0.037837,0.053553,0.040918,0,0.000293,0
0.322517,0.590115,0.484406,0.068262,0.138245,0.072128,0.055773,0.085219,0.057374,0,0.000468,0
0.323962,0.592051,0.486195,0.070534,0.140309,0.074377,0.056992,0.08609,0.059128,0,0.000471,0
0.319068,0.584208,0.479531,0.062131,0.130615,0.065813,0.051027,0.078744,0.052152,0,0.000442,0
0.312576,0.571518,0.469959,0.051714,0.111671,0.055054,0.040712,0.060457,0.042648,0,0.000344,0
0.31577,0.577466,0.474585,0.056904,0.118345,0.060471,0.044653,0.065465,0.047262,0,0.000368,0
0.556912,0.507594,0.600177,0.69538,0.366954,0.529231,0.085191,0.104396,0.080246,0,0.000515,0
0.557489,0.508398,0.600908,0.69624,0.367821,0.530091,0.085704,0.10488,0.080946,0,0.000517,0
0.55407,0.503638,0.596575,0.691113,0.362668,0.524968,0.082671,0.102005,0.076785,0,0.000508,0
0.554829,0.504781,0.597579,0.692432,0.364025,0.526333,0.083341,0.102638,0.077671,0,0.00051,0
0.55418,0.503842,0.596743,0.690991,0.362656,0.524883,0.082632,0.101999,0.076782,0,0.000508,0
0.555912,0.506221,0.59892,0.693774,0.365381,0.52764,0.084255,0.103519,0.078979,0,0.000513,0
0.556625,0.507201,0.599817,0.69492,0.366503,0.528775,0.084923,0.104145,0.079883,0,0.000514,0
0.555895,0.506422,0.599008,0.694097,0.365818,0.528087,0.084192,0.103463,0.078824,0,0.000513,0
0.556153,0.506665,0.599275,0.694788,0.366341,0.528703,0.08461,0.103817,0.079347,0,0.000514,0
0.555403,0.505507,0.598265,0.693885,0.365283,0.527728,0.084108,0.103306,0.07862,0,0.000512,0
0.556348,0.507047,0.599576,0.695211,0.366829,0.529186,0.084746,0.103952,0.079508,0,0.000514,0
0.555218,0.505253,0.598033,0.693588,0.364993,0.527434,0.083935,0.103144,0.078386,0,0.000512,0
0.556939,0.507643,0.600217,0.695356,0.366955,0.529215,0.085189,0.104397,0.080248,0,0.000515,0
0.556623,0.507246,0.599833,0.69549,0.366983,0.52936,0.085082,0.104255,0.079998,0,0.000515,0
0.557425,0.508295,0.60082,0.696151,0.367717,0.529993,0.08566,0.104836,0.080886,0,0.000517,0
0.556919,0.507511,0.600135,0.695926,0.367297,0.52971,0.085452,0.104586,0.08051,0,0.000516,0
0.007038,0.010334,0.009088,0.010491,0.028698,0.012123,0.087513,0.138032,0.240744,0,0.000158,0
0.037476,0.054696,0.049076,0.058839,0.092181,0.061653,0.132297,0.212836,0.292014,0,0.000376,0
0.043619,0.064626,0.057484,0.069257,0.107531,0.072349,0.141254,0.227658,0.30074,0,0.000443,0
0.000585,0.000803,0.000735,0.00094,0.00092,0.000931,0.000548,0.000513,0.000742,0,1.5602e-6,0
0.034477,0.049805,0.045133,0.054674,0.080091,0.057098,0.126808,0.198544,0.287675,0,0.000301,0
0.036119,0.052304,0.047198,0.056899,0.086788,0.059575,0.129681,0.206449,0.290053,0,0.000342,0
0,0,0,0,0,0,0,0,0,0,0,0
0.024247,0.035696,0.03196,0.037408,0.066974,0.039982,0.117018,0.191786,0.273825,0,0.000303,0
0.039305,0.058261,0.051747,0.061688,0.098782,0.064534,0.135731,0.219956,0.294576,0,0.000416,0
0.044922,0.065598,0.058818,0.071346,0.107019,0.074384,0.141256,0.22513,0.30222,0,0.000423,0
0.047457,0.069566,0.062268,0.076026,0.112796,0.079328,0.144799,0.230212,0.305921,0,0.000444,0
0.047979,0.070918,0.063167,0.0769,0.115394,0.080223,0.146176,0.233221,0.306744,0,0.000462,0
0.046559,0.069232,0.061502,0.074736,0.113978,0.078084,0.145311,0.233134,0.305078,0,0.000464,0
0.046427,0.070129,0.061827,0.075217,0.115928,0.078847,0.146595,0.236038,0.305527,0,0.00048,0
0.049694,0.075986,0.066567,0.081601,0.123142,0.085659,0.151278,0.24169,0.310833,0,0.000504,0
0.049065,0.073403,0.064941,0.078809,0.119106,0.082139,0.148324,0.236923,0.308468,0,0.000481,0
0.043242,0.063,0.056572,0.068589,0.103147,0.071626,0.139001,0.221562,0.299917,0,0.000408,0
0.324179,0.588677,0.484946,0.071117,0.138811,0.074514,0.055691,0.082994,0.05828,0,0.000452,0
0.324258,0.593733,0.487207,0.072573,0.143466,0.077017,0.059313,0.09015,0.06081,0,0.00049,0
0.326664,0.596806,0.490099,0.076016,0.146611,0.080254,0.061068,0.091318,0.06357,0,0.000492,0
0.324904,0.58983,0.485919,0.072759,0.140366,0.07614,0.056651,0.083897,0.059581,0,0.000455,0
0.327599,0.59822,0.491317,0.077958,0.148316,0.082176,0.062099,0.092021,0.06507,0,0.000494,0
0.324722,0.594677,0.48796,0.074104,0.14513,0.078699,0.060479,0.09181,0.062031,0,0.000496,0
0.32674,0.595488,0.489507,0.07544,0.144044,0.079229,0.059226,0.087022,0.062753,0,0.00047,0
0.324746,0.594324,0.487748,0.073382,0.143988,0.077644,0.059536,0.089889,0.061496,0,0.000488,0
0.324439,0.594288,0.487605,0.07364,0.144679,0.07824,0.060208,0.091557,0.061664,0,0.000495,0
0.322904,0.591794,0.485432,0.070423,0.14109,0.074713,0.057811,0.088274,0.059161,0,0.000483,0
0.319748,0.579423,0.477935,0.064869,0.130787,0.067888,0.050625,0.076352,0.052547,0,0.000424,0
0.020021,0.0275,0.025166,0.032162,0.031499,0.031863,0.018754,0.017564,0.025382,0,0.000053,0
0.022607,0.031051,0.028417,0.036316,0.035567,0.035978,0.021176,0.019833,0.028661,0,0.00006,0
0.020021,0.0275,0.025166,0.032162,0.031499,0.031863,0.018754,0.017564,0.025382,0,0.000053,0
0.02258,0.031014,0.028382,0.036272,0.035524,0.035934,0.02115,0.019809,0.028626,0,0.00006,0
0.0243,0.033376,0.030544,0.039035,0.03823,0.038672,0.022761,0.021318,0.030807,0,0.000065,0
0.02258,0.031014,0.028382,0.036272,0.035524,0.035934,0.02115,0.019809,0.028626,0,0.00006,0
0.024398,0.033512,0.030668,0.039194,0.038385,0.038829,0.022854,0.021404,0.030932,0,0.000065,0
0.02258,0.031014,0.028382,0.036272,0.035524,0.035934,0.02115,0.019809,0.028626,0,0.00006,0
0.02258,0.031014,0.028382,0.036272,0.035524,0.035934,0.02115,0.019809,0.028626,0,0.00006,0
0.021813,0.029961,0.027419,0.035041,0.034318,0.034714,0.020432,0.019136,0.027654,0,0.000058,0
0.020022,0.0275,0.025167,0.032163,0.0315,0.031864,0.018754,0.017565,0.025383,0,0.000053,0
0.018521,0.025439,0.02328,0.029752,0.029139,0.029475,0.017348,0.016248,0.02348,0,0.000049,0
0.01862,0.025575,0.023405,0.029911,0.029295,0.029633,0.017441,0.016335,0.023606,0,0.00005,0
0.015621,0.021456,0.019636,0.025094,0.024577,0.024861,0.014632,0.013704,0.019804,0,0.000042,0
0.018913,0.025978,0.023773,0.030382,0.029756,0.030099,0.017716,0.016592,0.023977,0,0.00005,0
0.01572,0.021592,0.01976,0.025253,0.024732,0.025018,0.014725,0.013791,0.019929,0,0.000042,0
0.017754,0.024386,0.022316,0.02852,0.027932,0.028254,0.01663,0.015575,0.022508,0,0.000047,0
0.01906,0.026179,0.023958,0.030618,0.029987,0.030333,0.017853,0.016721,0.024164,0,0.000051,0
0.016778,0.023045,0.021089,0.026952,0.026396,0.026701,0.015716,0.014719,0.021271,0,0.000045,0
0.016535,0.022711,0.020784,0.026561,0.026014,0.026314,0.015488,0.014506,0.020962,0,0.000044,0
0.02476,0.034008,0.031122,0.039774,0.038954,0.039404,0.023192,0.021721,0.03139,0,0.000066,0
0.021851,0.030013,0.027467,0.035102,0.034378,0.034775,0.020468,0.01917,0.027703,0,0.000058,0
0.022966,0.031544,0.028867,0.036892,0.036132,0.036549,0.021512,0.020148,0.029115,0,0.000061,0
0.021851,0.030013,0.027467,0.035102,0.034378,0.034775,0.020468,0.01917,0.027703,0,0.000058,0
0.021459,0.029475,0.026974,0.034472,0.033761,0.034151,0.020101,0.018826,0.027205,0,0.000057,0
0.020219,0.027772,0.025415,0.03248,0.03181,0.032178,0.018939,0.017738,0.025633,0,0.000054,0
0.020306,0.027891,0.025524,0.03262,0.031947,0.032316,0.019021,0.017814,0.025744,0,0.000054,0
0.017694,0.024303,0.022241,0.028424,0.027838,0.028159,0.016574,0.015523,0.022432,0,0.000047,0
0.018425,0.025308,0.02316,0.029598,0.028988,0.029323,0.017259,0.016164,0.023359,0,0.000049,0
0.015669,0.021522,0.019696,0.025171,0.024652,0.024937,0.014677,0.013746,0.019865,0,0.000042,0
0.022678,0.031149,0.028506,0.03643,0.035679,0.036091,0.021242,0.019895,0.028751,0,0.00006,0
0.021813,0.02996,0.027418,0.03504,0.034317,0.034713,0.020432,0.019136,0.027653,0,0.000058,0
0.022678,0.031149,0.028506,0.03643,0.035679,0.036091,0.021242,0.019895,0.028751,0,0.00006,0
0.022678,0.031149,0.028506,0.03643,0.035679,0.036091,0.021242,0.019895,0.028751,0,0.00006,0
0.024398,0.033512,0.030668,0.039194,0.038385,0.038829,0.022854,0.021404,0.030932,0,0.000065,0
0.014611,0.020069,0.018366,0.023472,0.022988,0.023253,0.013686,0.012818,0.018524,0,0.000039,0
0.020953,0.028779,0.026337,0.033658,0.032964,0.033345,0.019626,0.018381,0.026563,0,0.000056,0
0.013734,0.018864,0.017263,0.022062,0.021607,0.021857,0.012864,0.012049,0.017412,0,0.000037,0
0.019233,0.026417,0.024176,0.030896,0.030259,0.030608,0.018015,0.016873,0.024383,0,0.000051,0
0.023352,0.032074,0.029353,0.037512,0.036739,0.037163,0.021873,0.020486,0.029605,0,0.000062,0
0.022867,0.031409,0.028743,0.036734,0.035976,0.036392,0.021419,0.020061,0.02899,0,0.000061,0
0.019626,0.026956,0.024669,0.031527,0.030877,0.031233,0.018383,0.017217,0.024881,0,0.000052,0
0.001546,0.002124,0.001944,0.002484,0.002433,0.002461,0.001448,0.001356,0.00196,0,4.1241e-6,0
0.002372,0.003258,0.002982,0.003811,0.003732,0.003775,0.002222,0.002081,0.003007,0,6.3274e-6,0
0.001989,0.002731,0.0025,0.003194,0.003129,0.003165,0.001863,0.001745,0.002521,0,5.304e-6,0
0.001827,0.002509,0.002296,0.002934,0.002874,0.002907,0.001711,0.001602,0.002316,0,4.8719e-6,0
0.002372,0.003258,0.002981,0.00381,0.003732,0.003775,0.002222,0.002081,0.003007,0,6.3266e-6,0
0.002372,0.003259,0.002982,0.003811,0.003733,0.003776,0.002222,0.002081,0.003008,0,6.328e-6,0
0.002372,0.003258,0.002981,0.00381,0.003732,0.003775,0.002222,0.002081,0.003007,0,6.3266e-6,0
0.001544,0.002121,0.001941,0.002481,0.00243,0.002458,0.001447,0.001355,0.001958,0,4.1196e-6,0
0.001043,0.001432,0.001311,0.001675,0.00164,0.001659,0.000977,0.000915,0.001322,0,2.7812e-6,0
0.000754,0.001035,0.000947,0.00121,0.001185,0.001199,0.000706,0.000661,0.000955,0,2.0098e-6,0
0.001803,0.002476,0.002266,0.002896,0.002836,0.002869,0.001689,0.001582,0.002286,0,4.8087e-6,0
0.001803,0.002477,0.002267,0.002897,0.002837,0.00287,0.001689,0.001582,0.002286,0,4.8098e-6,0
0.001803,0.002476,0.002266,0.002896,0.002836,0.002869,0.001689,0.001582,0.002286,0,4.8087e-6,0
0.001803,0.002477,0.002267,0.002897,0.002837,0.00287,0.001689,0.001582,0.002286,0,4.8098e-6,0
0.001803,0.002476,0.002266,0.002896,0.002836,0.002869,0.001689,0.001582,0.002286,0,4.8088e-6,0
0.001633,0.002243,0.002053,0.002624,0.00257,0.002599,0.00153,0.001433,0.002071,0,4.3565e-6,0
0.001805,0.002479,0.002268,0.002899,0.002839,0.002872,0.00169,0.001583,0.002288,0,4.8132e-6,0
0.001805,0.002479,0.002268,0.002899,0.002839,0.002872,0.00169,0.001583,0.002288,0,4.8132e-6,0
0.001419,0.001949,0.001784,0.00228,0.002233,0.002258,0.001329,0.001245,0.001799,0,3.7852e-6,0
0.002017,0.00277,0.002535,0.00324,0.003173,0.00321,0.001889,0.001769,0.002557,0,5.3796e-6,0
0.001473,0.002023,0.001851,0.002366,0.002317,0.002344,0.001379,0.001292,0.001867,0,3.928e-6,0
0.002372,0.003259,0.002982,0.003811,0.003733,0.003776,0.002222,0.002081,0.003008,0,6.3281e-6,0
0.001545,0.002122,0.001942,0.002482,0.002431,0.002459,0.001447,0.001356,0.001959,0,4.1216e-6,0
0.001472,0.002022,0.00185,0.002364,0.002316,0.002342,0.001379,0.001291,0.001866,0,3.9259e-6,0
0.001258,0.001728,0.001581,0.002021,0.001979,0.002002,0.001178,0.001103,0.001595,0,3.355e-6,0
0.00119,0.001634,0.001496,0.001911,0.001872,0.001893,0.001114,0.001044,0.001508,0,3.1734e-6,0
0,0,0,0,0,0,0,0,0,0,0,0
0,0,0,0,0,0,0,0,0,0,0,0
0.000399,0.000547,0.000501,0.00064,0.000627,0.000634,0.000373,0.00035,0.000505,0,1.063e-6,0
0,0,0,0,0,0,0,0,0,0,0,0
0.002373,0.003259,0.002983,0.003812,0.003733,0.003776,0.002223,0.002082,0.003008,0,6.3294e-6,0
0.001041,0.001429,0.001308,0.001672,0.001637,0.001656,0.000975,0.000913,0.001319,0,2.7758e-6,0
0.000214,0.000294,0.000269,0.000344,0.000337,0.000341,0.0002,0.000188,0.000271,0,5.7092e-7,0
0.001803,0.002477,0.002267,0.002897,0.002837,0.00287,0.001689,0.001582,0.002286,0,4.8098e-6,0
0.001804,0.002478,0.002268,0.002898,0.002838,0.002871,0.00169,0.001583,0.002287,0,4.8121e-6,0
0.014557,0.020795,0.018306,0.173362,0.411252,0.372091,0.225859,0.256788,0.481284,0,0.000379,0
0.020153,0.029321,0.025783,0.182276,0.479014,0.382499,0.239803,0.290573,0.495352,0,0.000481,0
0.018091,0.026374,0.022973,0.179393,0.477816,0.380023,0.234089,0.275482,0.489138,0,0.000459,0
0.022375,0.033041,0.028866,0.186102,0.491548,0.387347,0.24295,0.295625,0.498556,0,0.000515,0
0.016578,0.023975,0.021075,0.177169,0.464794,0.376698,0.231746,0.268686,0.487282,0,0.000413,0
0.015606,0.022252,0.019496,0.175436,0.465023,0.375211,0.226003,0.262719,0.481422,0,0.000416,0
0.000891,0.001199,0.001113,0.049961,0.115589,0.235569,0.001166,0.002285,0.000776,0,0.000019,0
0.014114,0.020013,0.017631,0.173194,0.41057,0.371829,0.223511,0.254972,0.479287,0,0.000375,0
0.010474,0.015071,0.0133,0.167894,0.28051,0.364765,0.215085,0.215774,0.470955,0,0.000273,0
0.025229,0.037333,0.032717,0.190351,0.499248,0.391958,0.247657,0.305955,0.503542,0,0.000546,0
0.027997,0.042031,0.036367,0.194147,0.511552,0.396494,0.251299,0.314804,0.50673,0,0.000602,0
0.032357,0.050415,0.042585,0.199951,0.528382,0.403008,0.258186,0.331462,0.512207,0,0.000695,0
0.018639,0.027053,0.023959,0.180025,0.422365,0.37894,0.237296,0.281519,0.493441,0,0.00043,0
0.016413,0.023669,0.020893,0.176712,0.416628,0.375498,0.23207,0.26993,0.487869,0,0.000403,0
0.020502,0.029884,0.026446,0.182878,0.47458,0.382711,0.240412,0.288965,0.496663,0,0.000459,0
0.015579,0.02246,0.019877,0.175146,0.301149,0.373241,0.230431,0.264882,0.486418,0,0.00038,0
0.112695,0.511857,0.168172,0.906505,0.813089,0.914954,0.177505,0.184009,0.23046,0,0.00078,0
0.016514,0.023695,0.020959,0.848872,0.723254,0.867714,0.143234,0.128803,0.207368,0,0.000412,0
0.006635,0.009113,0.00834,0.010658,0.010439,0.010559,0.006215,0.005821,0.008412,0,0.000018,0
0.007348,0.010092,0.009236,0.011803,0.01156,0.011693,0.006882,0.006446,0.009315,0,0.00002,0
0.006635,0.009113,0.00834,0.010658,0.010439,0.010559,0.006215,0.005821,0.008412,0,0.000018,0
0.007348,0.010092,0.009236,0.011803,0.01156,0.011693,0.006882,0.006446,0.009315,0,0.00002,0
0.007343,0.010086,0.00923,0.011796,0.011553,0.011686,0.006878,0.006442,0.009309,0,0.00002,0
0.006259,0.008597,0.007867,0.010054,0.009847,0.00996,0.005862,0.005491,0.007935,0,0.000017,0
0.005587,0.007674,0.007023,0.008975,0.00879,0.008892,0.005234,0.004902,0.007083,0,0.000015,0
0.005795,0.00796,0.007284,0.009309,0.009117,0.009223,0.005428,0.005084,0.007347,0,0.000015,0
0.005797,0.007962,0.007287,0.009312,0.00912,0.009226,0.00543,0.005086,0.007349,0,0.000015,0
0.006259,0.008597,0.007867,0.010054,0.009847,0.009961,0.005863,0.005491,0.007935,0,0.000017,0
0.006259,0.008597,0.007867,0.010054,0.009847,0.009961,0.005863,0.005491,0.007935,0,0.000017,0
0.004359,0.005987,0.005479,0.007002,0.006858,0.006937,0.004083,0.003824,0.005526,0,0.000012,0
0.005973,0.008205,0.007508,0.009596,0.009398,0.009506,0.005595,0.00524,0.007573,0,0.000016,0
0.005395,0.007411,0.006782,0.008667,0.008488,0.008586,0.005054,0.004733,0.00684,0,0.000014,0
0.006259,0.008597,0.007867,0.010054,0.009847,0.00996,0.005862,0.005491,0.007935,0,0.000017,0
0.006266,0.008607,0.007877,0.010066,0.009859,0.009973,0.00587,0.005497,0.007944,0,0.000017,0
0.006256,0.008593,0.007864,0.01005,0.009843,0.009956,0.00586,0.005489,0.007932,0,0.000017,0
0.006641,0.009121,0.008347,0.010668,0.010448,0.010569,0.00622,0.005826,0.008419,0,0.000018,0
0.007357,0.010105,0.009248,0.011819,0.011575,0.011708,0.006891,0.006454,0.009327,0,0.00002,0
0.045473,0.067574,0.060347,0.358484,0.176828,0.303725,0.459182,0.246129,0.594576,0,0.000444,0
0.04939,0.073378,0.065567,0.39809,0.188515,0.314187,0.467883,0.254696,0.600971,0,0.000483,0
0.036787,0.054852,0.049009,0.063971,0.118205,0.067116,0.433637,0.222088,0.577797,0,0.000334,0
0.044283,0.065926,0.05884,0.083446,0.168938,0.182323,0.455459,0.241607,0.592562,0,0.000417,0
0.033384,0.049382,0.044267,0.056675,0.084104,0.059675,0.419383,0.21351,0.569415,0,0.000304,0
0.038807,0.057713,0.051551,0.098523,0.159185,0.28773,0.443723,0.233061,0.583009,0,0.000389,0
0.037519,0.055858,0.049902,0.066887,0.125465,0.10269,0.437203,0.226672,0.579845,0,0.000356,0
0.046733,0.069338,0.06202,0.392905,0.183521,0.308904,0.463327,0.251074,0.596527,0,0.000471,0
0.048416,0.0721,0.064342,0.366247,0.184023,0.310509,0.46582,0.251849,0.59976,0,0.000466,0
0.052829,0.07839,0.070076,0.404756,0.194999,0.320763,0.472941,0.259338,0.606093,0,0.000499,0
0.053485,0.079174,0.070876,0.408634,0.197413,0.322729,0.473888,0.260805,0.606686,0,0.000508,0
0.053485,0.079175,0.070876,0.408604,0.197396,0.322697,0.473882,0.2608,0.606677,0,0.000508,0
0.04886,0.072154,0.06474,0.400157,0.189185,0.313695,0.466831,0.255319,0.599081,0,0.000491,0
0.051073,0.075513,0.067713,0.405389,0.193889,0.318494,0.471006,0.258796,0.602805,0,0.000504,0
0.052072,0.076885,0.068969,0.406993,0.19546,0.320083,0.471941,0.259672,0.604071,0,0.000507,0
0.050957,0.07554,0.067585,0.402929,0.192503,0.317648,0.47034,0.257466,0.603009,0,0.000496,0
0.320972,0.588113,0.4825,0.066114,0.134864,0.070218,0.053931,0.081976,0.055618,0,0.000456,0
0.317022,0.581539,0.477033,0.059138,0.125856,0.063063,0.048524,0.074359,0.049812,0,0.000422,0
0.317964,0.576627,0.475546,0.06196,0.126376,0.064998,0.048109,0.072105,0.050085,0,0.000405,0
0.320724,0.58617,0.481501,0.065956,0.132725,0.069604,0.052353,0.078086,0.054814,0,0.000434,0
0.321717,0.589737,0.483688,0.06845,0.137741,0.072536,0.055696,0.084358,0.057514,0,0.000466,0
0.322009,0.590877,0.484521,0.069516,0.140662,0.074153,0.057801,0.089299,0.058407,0,0.000488,0
0.321327,0.589557,0.483441,0.068339,0.138943,0.072814,0.056834,0.087789,0.057474,0,0.000483,0
0.319701,0.586996,0.481185,0.06547,0.135571,0.069587,0.054579,0.084673,0.055277,0,0.000469,0
0.318209,0.583995,0.478893,0.061465,0.131317,0.065388,0.0518,0.081465,0.052011,0,0.000457,0
0.317172,0.576499,0.475003,0.061201,0.125408,0.064468,0.047747,0.071241,0.049643,0,0.000401,0
0.316087,0.578197,0.475097,0.05773,0.120419,0.061348,0.045713,0.067704,0.04791,0,0.000381,0
0.310692,0.566372,0.466828,0.04941,0.102778,0.05232,0.037346,0.052826,0.040329,0,0.000289,0
0.309994,0.562697,0.464558,0.04927,0.105391,0.052095,0.037197,0.054127,0.039242,0,0.000306,0
0.317925,0.584348,0.478874,0.06184,0.13215,0.065991,0.052459,0.082686,0.052403,0,0.000463,0
0.316091,0.580917,0.476132,0.05789,0.126882,0.06184,0.04909,0.077546,0.049077,0,0.000442,0
0.309062,0.564768,0.464906,0.046469,0.103227,0.049699,0.036328,0.053802,0.038122,0,0.000307,0
0.31542,0.579324,0.475004,0.056632,0.12561,0.060367,0.048127,0.076644,0.047848,0,0.000437,0
0.313952,0.573958,0.472025,0.054337,0.112812,0.057752,0.042152,0.060783,0.04501,0,0.000337,0
0.028058,0.043048,0.038167,0.371901,0.156735,0.283237,0.444884,0.228784,0.567878,0,0.000433,0
0.036539,0.055336,0.049252,0.381924,0.170398,0.295049,0.456292,0.243497,0.583307,0,0.00046,0
0.016011,0.025036,0.021902,0.032174,0.114006,0.086324,0.409001,0.196218,0.545303,0,0.000281,0
0.029307,0.044087,0.039246,0.328949,0.146936,0.274718,0.431524,0.224464,0.568904,0,0.000373,0
0.030674,0.047503,0.041882,0.3695,0.159266,0.284856,0.449911,0.235738,0.576175,0,0.000432,0
0.044633,0.066816,0.05972,0.396718,0.184654,0.309303,0.466095,0.254125,0.595053,0,0.000492,0
0.045064,0.067275,0.060113,0.395533,0.184123,0.308817,0.465043,0.252522,0.595036,0,0.000485,0
0.260997,0.547944,0.449191,0.046663,0.099291,0.048916,0.033857,0.048405,0.035758,0,0.000276,0
0.310465,0.563854,0.465342,0.049988,0.105644,0.052693,0.037778,0.054577,0.039856,0,0.000307,0
0.308159,0.558424,0.461716,0.04681,0.098503,0.049333,0.034464,0.048778,0.036977,0,0.00027,0
0.264047,0.554482,0.455896,0.04576,0.095888,0.048074,0.03341,0.046882,0.035941,0,0.000258,0
0.046771,0.069588,0.06212,0.0891,0.173785,0.141719,0.461045,0.24647,0.596715,0,0.000435,0
0.048945,0.072561,0.06484,0.093725,0.179264,0.191487,0.46343,0.249119,0.599568,0,0.000446,0
0.04822,0.071579,0.063942,0.091429,0.176065,0.144026,0.462403,0.247742,0.598553,0,0.000439,0
0.052502,0.077834,0.069567,0.165878,0.191557,0.317407,0.471226,0.257233,0.605375,0,0.000486,0
0.052542,0.077889,0.069619,0.166044,0.19191,0.317662,0.47127,0.257319,0.605404,0,0.000487,0
0.053414,0.079194,0.070811,0.405696,0.195919,0.321694,0.473489,0.259851,0.606835,0,0.000501,0
0.047992,0.07156,0.063828,0.1202,0.180718,0.307523,0.464734,0.250171,0.599185,0,0.000455,0
0.04779,0.070963,0.063381,0.118094,0.178881,0.305709,0.462443,0.248418,0.598049,0,0.000446,0
0.046579,0.069159,0.061778,0.087292,0.147477,0.121758,0.45905,0.244553,0.595955,0,0.000425,0
0.037249,0.055483,0.049596,0.064621,0.093008,0.067535,0.433978,0.22215,0.578352,0,0.000332,0
0.043563,0.064961,0.057982,0.078778,0.134911,0.081332,0.452449,0.2369,0.590935,0,0.000388,0
0.033197,0.049136,0.04405,0.056097,0.081667,0.058732,0.418794,0.212183,0.56897,0,0.000298,0
0.033196,0.049135,0.044049,0.056095,0.081666,0.058731,0.418791,0.212179,0.568964,0,0.000298,0
0.043173,0.064408,0.057464,0.07925,0.138842,0.114453,0.453008,0.238428,0.590775,0,0.000399,0
0.046362,0.068849,0.06149,0.088217,0.173854,0.186555,0.459217,0.245229,0.595726,0,0.000432,0
0.033197,0.049136,0.04405,0.056097,0.081667,0.058732,0.418794,0.212183,0.56897,0,0.000298,0
0.037172,0.05538,0.049493,0.064588,0.118814,0.067728,0.434,0.222426,0.578288,0,0.000335,0
0.31909,0.578811,0.477305,0.064488,0.127166,0.067659,0.049211,0.071288,0.052109,0,0.000394,0
0.31845,0.577113,0.476097,0.062774,0.126354,0.065798,0.048219,0.0714,0.050663,0,0.000398,0
0.319059,0.578851,0.477274,0.064369,0.127788,0.06758,0.049409,0.072228,0.052088,0,0.000401,0
0.269177,0.56195,0.460369,0.059643,0.118606,0.062137,0.043864,0.062772,0.046621,0,0.000352,0
0.265168,0.555326,0.454944,0.05343,0.109512,0.055858,0.039013,0.05574,0.041423,0,0.000316,0
0.270361,0.56621,0.46341,0.059328,0.119131,0.06201,0.044286,0.063797,0.046988,0,0.000358,0
0.046876,0.064385,0.058922,0.075301,0.073749,0.0746,0.043908,0.041124,0.059428,0,0.000125,0
0.03895,0.053499,0.048959,0.06257,0.06128,0.061987,0.036484,0.034171,0.04938,0,0.000104,0
0.040058,0.055021,0.050353,0.06435,0.063023,0.063751,0.037522,0.035143,0.050785,0,0.000107,0
0.036534,0.05018,0.045922,0.058688,0.057478,0.058141,0.034221,0.032051,0.046316,0,0.000097,0
0.03482,0.047826,0.043768,0.055935,0.054782,0.055414,0.032616,0.030547,0.044144,0,0.000093,0
0.031139,0.042771,0.039141,0.050022,0.048991,0.049556,0.029168,0.027318,0.039477,0,0.000083,0
0.032343,0.044424,0.040655,0.051956,0.050885,0.051472,0.030296,0.028374,0.041004,0,0.000086,0
0.026275,0.036089,0.033027,0.042208,0.041338,0.041815,0.024611,0.023051,0.033311,0,0.00007,0
0.021764,0.029894,0.027357,0.034962,0.034241,0.034636,0.020386,0.019093,0.027592,0,0.000058,0
0.538016,0.481231,0.575856,0.647478,0.325338,0.490032,0.052849,0.073615,0.052815,0,0.000392,0
0.543625,0.486255,0.581638,0.663778,0.338051,0.502449,0.060467,0.081799,0.060034,0,0.000425,0
0.543867,0.487918,0.582729,0.663037,0.337741,0.50181,0.060332,0.081994,0.059747,0,0.000427,0
0.538205,0.47938,0.574965,0.648587,0.32543,0.491069,0.052753,0.07278,0.053491,0,0.000384,0
0.543984,0.48891,0.58329,0.666087,0.340472,0.503261,0.063241,0.085257,0.06047,0,0.000444,0
0.543738,0.488891,0.583191,0.668635,0.342857,0.504547,0.067225,0.088496,0.061379,0,0.00046,0
0.543889,0.489245,0.583534,0.672661,0.344928,0.507021,0.069418,0.090824,0.062186,0,0.000472,0
0.547429,0.494574,0.58826,0.680066,0.351978,0.514064,0.076283,0.096055,0.068195,0,0.00049,0
0.543881,0.488768,0.583161,0.665921,0.34031,0.503097,0.063144,0.085166,0.060339,0,0.000444,0
0.535257,0.475479,0.57131,0.240497,0.314542,0.481529,0.048199,0.066611,0.049695,0,0.00035,0
0.528765,0.469925,0.564689,0.167224,0.294256,0.14209,0.041349,0.056888,0.043797,0,0.000299,0
0.527639,0.469264,0.563642,0.067606,0.290376,0.138336,0.040203,0.055454,0.042654,0,0.00029,0
0.537835,0.481154,0.575889,0.657504,0.333195,0.494537,0.061334,0.08252,0.054327,0,0.000439,0
0.538005,0.481346,0.576076,0.657717,0.333272,0.494757,0.06063,0.082237,0.05428,0,0.000438,0
0.530157,0.471711,0.566512,0.23064,0.306523,0.472708,0.043502,0.062161,0.043963,0,0.000337,0
0.531992,0.474183,0.5688,0.598106,0.311371,0.477529,0.045553,0.064582,0.046207,0,0.000349,0
0.53699,0.479798,0.574542,0.641616,0.321071,0.48664,0.050743,0.070758,0.051442,0,0.000375,0
0.533691,0.47361,0.56942,0.233936,0.307922,0.431721,0.046158,0.063296,0.04818,0,0.00033,0
0.171693,0.472436,0.56236,0.617009,0.324483,0.492477,0.053098,0.071181,0.054773,0,0.000369,0
0.171156,0.471703,0.56169,0.61612,0.323617,0.491593,0.052593,0.070708,0.05409,0,0.000368,0
0.165414,0.46447,0.554657,0.237623,0.309213,0.433136,0.045831,0.06234,0.047674,0,0.000328,0
0.542654,0.484992,0.580425,0.620852,0.330559,0.496793,0.056607,0.076506,0.058322,0,0.000393,0
0.54281,0.485108,0.580596,0.659562,0.333985,0.499457,0.057769,0.078606,0.058468,0,0.000408,0
0.536443,0.477054,0.572774,0.607286,0.319466,0.485837,0.050088,0.069272,0.051312,0,0.000365,0
0.477367,0.465541,0.558596,0.232379,0.303186,0.397606,0.044533,0.060389,0.046609,0,0.000315,0
0.471912,0.462022,0.554566,0.063907,0.168556,0.064498,0.0376,0.051567,0.039802,0,0.00027,0
0.468412,0.455079,0.548026,0.063192,0.258421,0.133323,0.036313,0.05001,0.038084,0,0.000266,0
0.532208,0.471572,0.567556,0.231555,0.305588,0.42936,0.04477,0.061996,0.046302,0,0.000327,0
0.534978,0.475095,0.570959,0.240048,0.314098,0.481079,0.047938,0.066366,0.049342,0,0.00035,0
0.525156,0.463753,0.559394,0.065072,0.287213,0.13567,0.038199,0.053043,0.040126,0,0.00028,0
0.526611,0.467054,0.562015,0.065643,0.170824,0.066352,0.038987,0.053427,0.041428,0,0.000277,0
0.525308,0.463951,0.55958,0.065329,0.287446,0.135921,0.038349,0.053182,0.040329,0,0.000281,0
0.484472,0.472615,0.566482,0.091031,0.283314,0.158938,0.050937,0.064407,0.05666,0,0.000312,0
0.481645,0.47152,0.563998,0.085524,0.304715,0.153771,0.048206,0.062766,0.052446,0,0.000312,0
0.174088,0.473622,0.564506,0.195911,0.316788,0.166143,0.053606,0.067891,0.059304,0,0.000334,0
0.171351,0.471804,0.561839,0.246966,0.315378,0.409973,0.051059,0.066386,0.055234,0,0.000336,0
0.476648,0.465554,0.558082,0.074979,0.175862,0.074194,0.043779,0.055803,0.04895,0,0.000272,0
0.470806,0.458259,0.550995,0.065353,0.166756,0.064677,0.038323,0.050916,0.041423,0,0.000259,0
0.469956,0.457184,0.549959,0.063965,0.16546,0.063304,0.037545,0.050233,0.040341,0,0.000257,0
0.480116,0.469415,0.562073,0.08307,0.3023,0.151337,0.046775,0.061425,0.05051,0,0.000308,0
0.163693,0.462392,0.552578,0.231556,0.301929,0.396708,0.043789,0.059058,0.045985,0,0.000309,0
0.470265,0.457603,0.550345,0.066178,0.261304,0.136268,0.038054,0.05164,0.040442,0,0.000271,0
0.173422,0.477216,0.566155,0.262311,0.329633,0.455059,0.058257,0.07357,0.063722,0,0.000362,0
0.177128,0.479164,0.568951,0.260338,0.328885,0.453142,0.057483,0.074114,0.061803,0,0.000369,0
0.166489,0.465972,0.556023,0.239359,0.310958,0.434897,0.046834,0.063282,0.049031,0,0.000331,0
0.168622,0.468878,0.558689,0.242716,0.313727,0.438115,0.048725,0.064844,0.051686,0,0.000335,0
0.172278,0.473239,0.563095,0.617948,0.325403,0.493408,0.053645,0.071694,0.055514,0,0.000371,0
0.172991,0.474317,0.564048,0.253433,0.322529,0.446343,0.053641,0.070785,0.056431,0,0.00036,0
0.539507,0.483281,0.577731,0.649868,0.327681,0.492399,0.054243,0.074922,0.054703,0,0.000396,0
0.546155,0.491894,0.58602,0.669557,0.343877,0.506701,0.065268,0.087155,0.063214,0,0.00045,0
0.528412,0.470422,0.564678,0.068163,0.173718,0.068916,0.040675,0.055232,0.043627,0,0.000284,0
0.538792,0.482812,0.577074,0.243524,0.317481,0.440054,0.050606,0.068823,0.053232,0,0.000356,0
0.52904,0.471598,0.565608,0.069344,0.292927,0.140256,0.041224,0.056451,0.044013,0,0.000293,0
0.52776,0.469672,0.56392,0.067312,0.290394,0.138105,0.04004,0.055327,0.042419,0,0.00029,0
0.528463,0.470455,0.564726,0.222861,0.299455,0.422986,0.041356,0.057991,0.043121,0,0.000311,0
0.543344,0.488721,0.582814,0.666345,0.341856,0.503296,0.066492,0.087351,0.061309,0,0.000453,0
0.538461,0.481675,0.576455,0.655629,0.33144,0.493907,0.057738,0.079639,0.053939,0,0.000425,0
0.546187,0.492004,0.586117,0.671229,0.345074,0.507547,0.066278,0.088357,0.063496,0,0.000456,0
0.535133,0.477809,0.572424,0.23439,0.309103,0.432241,0.04698,0.064612,0.049101,0,0.000337,0
0.545972,0.491908,0.585867,0.664475,0.33995,0.504583,0.060893,0.082323,0.061858,0,0.000425,0
0.54392,0.489171,0.583309,0.62201,0.332592,0.498349,0.057365,0.077794,0.059136,0,0.0004,0
0.549434,0.496333,0.590148,0.67763,0.350185,0.513778,0.06842,0.090615,0.067489,0,0.000463,0
0.550148,0.497527,0.591153,0.675595,0.349004,0.513355,0.066872,0.08872,0.067467,0,0.000451,0
0.548935,0.49568,0.589538,0.67706,0.349856,0.513187,0.069065,0.090907,0.06719,0,0.000464,0
0.547597,0.494184,0.588086,0.676891,0.3498,0.511802,0.071703,0.092957,0.066418,0,0.000476,0
0.547847,0.494536,0.588357,0.675215,0.349306,0.511066,0.071069,0.092096,0.066582,0,0.000471,0
0.550766,0.498576,0.592084,0.682585,0.355285,0.517459,0.074842,0.095857,0.070568,0,0.000485,0
0.552368,0.501266,0.594415,0.687865,0.359547,0.521778,0.080061,0.100011,0.074109,0,0.000502,0
0.549357,0.49626,0.590095,0.678895,0.351254,0.51416,0.070344,0.092382,0.067903,0,0.000471,0
0.487252,0.47886,0.570973,0.194775,0.291236,0.164928,0.053626,0.068952,0.05863,0,0.000341,0
0.540752,0.483075,0.578262,0.191467,0.314946,0.162137,0.052486,0.06915,0.056576,0,0.000347,0
0.179278,0.482693,0.571867,0.631202,0.332935,0.426598,0.060068,0.077313,0.064099,0,0.000386,0
0.545598,0.488155,0.582796,0.630458,0.333272,0.426068,0.060308,0.078777,0.06376,0,0.000395,0
0.477006,0.466864,0.558819,0.075299,0.176559,0.074533,0.044154,0.056422,0.049286,0,0.000276,0
0.528342,0.468101,0.563392,0.068419,0.170938,0.067978,0.040899,0.054385,0.044469,0,0.000273,0
0.525781,0.464581,0.560171,0.064314,0.166916,0.06391,0.038505,0.052143,0.041229,0,0.000266,0
0.536841,0.477704,0.573347,0.185169,0.308769,0.155897,0.048816,0.065712,0.051608,0,0.000336,0
0.527034,0.466305,0.561759,0.06748,0.1722,0.068078,0.03975,0.05382,0.042564,0,0.000277,0
0.181206,0.418528,0.540388,0.641616,0.34188,0.466899,0.064657,0.081811,0.068693,0,0.000404,0
0.550463,0.494822,0.588982,0.642845,0.346011,0.468528,0.066694,0.086108,0.070097,0,0.000427,0
0.539329,0.479679,0.574952,0.252264,0.319753,0.412963,0.053577,0.071334,0.056022,0,0.000363,0
0.542375,0.483728,0.578736,0.625686,0.330718,0.453663,0.057476,0.076501,0.059711,0,0.000391,0
0.546975,0.490016,0.584583,0.638373,0.342577,0.509282,0.063761,0.083768,0.065737,0,0.000423,0
0.545695,0.488278,0.582991,0.635244,0.338561,0.460997,0.062237,0.081934,0.064064,0,0.000414,0
0.550956,0.495561,0.589504,0.637456,0.346255,0.513112,0.065895,0.084753,0.071053,0,0.000416,0
0.552711,0.500031,0.593821,0.675037,0.349839,0.514781,0.067297,0.08806,0.070638,0,0.000441,0
0.550885,0.497528,0.591526,0.672276,0.347385,0.512055,0.066111,0.087014,0.068534,0,0.000438,0
0.550921,0.495439,0.589447,0.675849,0.34939,0.515472,0.066859,0.08667,0.070929,0,0.000431,0
0.553686,0.501368,0.595046,0.676538,0.351321,0.516267,0.068198,0.088903,0.071858,0,0.000443,0
0.554598,0.502637,0.596297,0.684405,0.356642,0.520739,0.071928,0.09362,0.073447,0,0.000468,0
0.556399,0.505099,0.598546,0.685215,0.358055,0.522642,0.072798,0.094044,0.07559,0,0.000465,0
0.551338,0.498181,0.59212,0.675063,0.349515,0.513726,0.067334,0.088552,0.069223,0,0.000447,0
0.553749,0.499301,0.59308,0.684497,0.355837,0.521798,0.071048,0.091359,0.074605,0,0.000451,0
0.556802,0.505651,0.59906,0.688022,0.360156,0.524313,0.074019,0.095578,0.076277,0,0.000474,0
0.554327,0.502319,0.595986,0.685098,0.357658,0.521103,0.073767,0.095167,0.073776,0,0.000476,0
0.555331,0.503669,0.597233,0.686485,0.358792,0.522506,0.073687,0.095325,0.074717,0,0.000476,0
0.553901,0.499498,0.593261,0.685472,0.357062,0.522659,0.071817,0.092288,0.075024,0,0.000456,0
0.499408,0.494033,0.585827,0.68656,0.356867,0.522491,0.071945,0.09208,0.074128,0,0.000457,0
0.553416,0.498849,0.592667,0.68695,0.358139,0.52303,0.072704,0.093574,0.074761,0,0.000465,0
0.555193,0.503508,0.597074,0.686489,0.35902,0.522481,0.07458,0.095926,0.074874,0,0.000478,0
0.557202,0.506267,0.599599,0.689716,0.36218,0.525678,0.076462,0.097689,0.077421,0,0.000484,0
0.554006,0.500987,0.594195,0.686744,0.358357,0.522921,0.072892,0.094071,0.074912,0,0.000468,0
0.544476,0.489879,0.58381,0.095957,0.316468,0.164462,0.055355,0.070792,0.061605,0,0.000342,0
0.540992,0.484996,0.57941,0.187867,0.313093,0.160645,0.052222,0.068434,0.056876,0,0.00034,0
0.549089,0.495834,0.589508,0.260306,0.332918,0.455947,0.06032,0.077669,0.06648,0,0.000381,0
0.545484,0.490866,0.584958,0.255722,0.329876,0.49669,0.057389,0.07554,0.062029,0,0.000379,0
0.535769,0.479632,0.573514,0.079184,0.181902,0.078737,0.047486,0.060874,0.053278,0,0.000294,0
0.531793,0.474186,0.568525,0.074491,0.271006,0.144865,0.043967,0.05851,0.047928,0,0.000297,0
0.530395,0.472268,0.566761,0.072336,0.294728,0.142957,0.042743,0.057619,0.046172,0,0.000296,0
0.541998,0.48608,0.580583,0.249033,0.322375,0.444888,0.053811,0.07178,0.057577,0,0.000364,0
0.550818,0.49538,0.589342,0.636869,0.34493,0.512357,0.065315,0.083817,0.070675,0,0.000412,0
0.551871,0.498956,0.592783,0.669445,0.345884,0.511668,0.065389,0.085424,0.069516,0,0.000425,0
0.543442,0.48799,0.582354,0.652203,0.331231,0.497082,0.056753,0.076209,0.05964,0,0.000391,0
0.549663,0.495844,0.589993,0.669475,0.344097,0.509368,0.063838,0.084611,0.066578,0,0.000428,0
0.542135,0.486683,0.581001,0.656213,0.333199,0.497236,0.057564,0.078768,0.057807,0,0.000412,0
0.545602,0.491512,0.585446,0.667051,0.342661,0.50524,0.064391,0.085876,0.062947,0,0.000444,0
0.550573,0.498144,0.591702,0.679132,0.352835,0.515043,0.071529,0.093236,0.069387,0,0.000473,0
0.551951,0.500171,0.593514,0.68184,0.355786,0.517627,0.074922,0.095705,0.071796,0,0.000482,0
0.555366,0.504852,0.59785,0.689371,0.362021,0.524164,0.078981,0.099773,0.076269,0,0.000497,0
0.529112,0.470606,0.565197,0.070168,0.266817,0.140594,0.041483,0.056219,0.044549,0,0.00029,0
0.529671,0.47205,0.566194,0.07088,0.293581,0.141579,0.042111,0.057241,0.045237,0,0.000295,0
0.538588,0.481489,0.576334,0.243537,0.317017,0.439437,0.050646,0.06885,0.053278,0,0.000355,0
0.542504,0.486721,0.5812,0.654248,0.331461,0.496788,0.056419,0.07657,0.058332,0,0.000398,0
0.549184,0.4953,0.589443,0.671587,0.346135,0.51028,0.06536,0.086736,0.066536,0,0.000442,0
0.535153,0.4786,0.572822,0.643025,0.322002,0.486523,0.050529,0.070881,0.05047,0,0.000381,0
0.534957,0.478257,0.572546,0.641814,0.320946,0.485284,0.050208,0.070565,0.05005,0,0.00038,0
0.545827,0.492046,0.585961,0.6719,0.346319,0.507949,0.068955,0.090151,0.063704,0,0.000465,0
0.547469,0.494345,0.58804,0.675298,0.349526,0.511332,0.0707,0.091745,0.065958,0,0.00047,0
0.551726,0.500539,0.593608,0.68487,0.357922,0.52009,0.07552,0.09652,0.071329,0,0.000487,0
0.551086,0.497978,0.59191,0.6778,0.351703,0.514809,0.069888,0.091303,0.069532,0,0.000462,0
0.554351,0.502455,0.596058,0.685123,0.357727,0.521139,0.073817,0.095247,0.073825,0,0.000476,0
0.555123,0.50361,0.597122,0.688841,0.360922,0.523678,0.076624,0.098057,0.075335,0,0.000489,0
0.554925,0.503731,0.597075,0.688866,0.361454,0.523709,0.078417,0.099085,0.075562,0,0.000494,0
0.554942,0.503785,0.597112,0.688929,0.361534,0.523789,0.078419,0.099091,0.075562,0,0.000494,0
0.555204,0.503823,0.597267,0.688919,0.36105,0.523766,0.076715,0.09818,0.075447,0,0.00049,0
0.553674,0.503295,0.59613,0.689524,0.36173,0.52407,0.078521,0.099342,0.074286,0,0.000498,0
0.557445,0.508799,0.601073,0.697567,0.369224,0.531657,0.085796,0.104921,0.080816,0,0.000517,0
0.557247,0.508199,0.600667,0.695314,0.367123,0.529298,0.084368,0.104073,0.079943,0,0.000514,0
0.558205,0.509751,0.601985,0.698497,0.370117,0.532528,0.086475,0.105568,0.081789,0,0.000519,0
0.5567,0.507763,0.600134,0.695901,0.36768,0.530005,0.084945,0.10416,0.079746,0,0.000515,0
0.555219,0.504735,0.597711,0.688671,0.361506,0.523525,0.078675,0.099494,0.075865,0,0.000496,0
0.550499,0.497173,0.591173,0.676864,0.350785,0.513882,0.06934,0.09079,0.06879,0,0.00046,0
0.307516,0.569511,0.46555,0.044164,0.114644,0.048255,0.041722,0.072059,0.038356,0,0.000428,0
0.300297,0.551038,0.45237,0.036003,0.102869,0.039343,0.034037,0.061455,0.029451,0,0.000381,0
0.300737,0.551711,0.452964,0.03675,0.103945,0.040085,0.034687,0.062557,0.030081,0,0.000386,0
0.311273,0.573289,0.469699,0.049979,0.119602,0.05379,0.044477,0.073972,0.042476,0,0.00043,0
0.314889,0.580978,0.475508,0.057757,0.129101,0.062454,0.05085,0.08259,0.049103,0,0.000468,0
0.316731,0.583554,0.477858,0.060805,0.132159,0.065524,0.05272,0.084537,0.05153,0,0.000474,0
0.316148,0.582759,0.477128,0.059887,0.131258,0.064615,0.052185,0.084036,0.050805,0,0.000472,0
0.309594,0.572349,0.468156,0.047453,0.117871,0.051513,0.043639,0.073854,0.04095,0,0.000434,0
0.29949,0.551167,0.451855,0.034842,0.101942,0.038414,0.033686,0.061163,0.02897,0,0.000382,0
0.298179,0.548165,0.449678,0.032123,0.097988,0.035484,0.031162,0.057439,0.026511,0,0.000365,0
0.297266,0.546436,0.448332,0.030544,0.095278,0.033909,0.029605,0.05472,0.025123,0,0.000352,0
0.298197,0.548172,0.449693,0.032124,0.097983,0.035484,0.031162,0.057438,0.026511,0,0.000364,0
0.308076,0.570884,0.466535,0.04559,0.116499,0.049899,0.04299,0.073844,0.039574,0,0.000437,0
0.305813,0.566218,0.462993,0.040904,0.110859,0.044793,0.039278,0.069132,0.03551,0,0.000416,0
0.313876,0.579627,0.474266,0.056241,0.127672,0.061001,0.050058,0.082042,0.047928,0,0.000466,0
0.302908,0.560056,0.458413,0.036437,0.104614,0.040147,0.035359,0.06339,0.031252,0,0.000392,0
0.301098,0.555045,0.45501,0.034691,0.102019,0.038217,0.033662,0.061131,0.029195,0,0.000381,0
0.047082,0.06752,0.061286,0.075497,0.101888,0.078048,0.140175,0.213994,0.304445,0,0.000349,0
0.043217,0.062247,0.056425,0.069248,0.096468,0.071926,0.13665,0.211123,0.299542,0,0.000343,0
0.041764,0.060282,0.054603,0.066896,0.094467,0.069626,0.135316,0.209995,0.297686,0,0.000341,0
0.040277,0.05833,0.052723,0.064356,0.093518,0.067237,0.134269,0.210511,0.295832,0,0.00035,0
0.041282,0.06017,0.054068,0.065623,0.097645,0.068663,0.135988,0.215017,0.297121,0,0.000378,0
0.041378,0.061283,0.054514,0.065483,0.100899,0.068601,0.137487,0.220326,0.297497,0,0.000409,0
0.04236,0.063154,0.055939,0.067007,0.104306,0.070155,0.139304,0.224142,0.298951,0,0.00043,0
0.044194,0.066625,0.058704,0.070371,0.110579,0.073513,0.143011,0.231106,0.30186,0,0.000462,0
0.050219,0.07201,0.065227,0.08019,0.11031,0.082913,0.144308,0.222533,0.308727,0,0.000389,0
0.046947,0.067579,0.061118,0.074868,0.105788,0.077697,0.141382,0.220339,0.304571,0,0.000386,0
0.045069,0.065109,0.058777,0.071787,0.103324,0.074697,0.139703,0.219082,0.302154,0,0.000385,0
0.043724,0.063495,0.057143,0.06952,0.101877,0.072499,0.138624,0.218624,0.300406,0,0.000388,0
0.044434,0.065036,0.058186,0.070411,0.105156,0.073471,0.140077,0.222285,0.301338,0,0.000413,0
0.043764,0.06456,0.057513,0.069315,0.104654,0.072398,0.139745,0.222431,0.300562,0,0.000416,0
0.045232,0.067277,0.059655,0.071723,0.109824,0.074835,0.142637,0.228538,0.30282,0,0.000446,0
0.046476,0.069759,0.061573,0.074038,0.11417,0.077145,0.145172,0.233119,0.304793,0,0.000468,0
0.052656,0.075918,0.068614,0.084798,0.116547,0.087827,0.148114,0.228604,0.312451,0,0.000414,0
0.051119,0.0739,0.066692,0.082248,0.114846,0.085369,0.146824,0.227991,0.310484,0,0.000416,0
0.049661,0.07219,0.064919,0.079714,0.11394,0.082942,0.145899,0.228614,0.308626,0,0.000427,0
0.048892,0.071134,0.063952,0.078479,0.11273,0.081718,0.145178,0.227939,0.307651,0,0.000425,0
0.048924,0.071809,0.064181,0.078318,0.115155,0.081615,0.146173,0.231434,0.307765,0,0.000449,0
0.048894,0.072428,0.064402,0.078277,0.115803,0.081624,0.146557,0.232356,0.307895,0,0.000455,0
0.049013,0.072774,0.064611,0.078436,0.116777,0.081788,0.147014,0.233591,0.308085,0,0.000463,0
0.049241,0.073861,0.065253,0.079119,0.119525,0.082481,0.148598,0.237281,0.30877,0,0.000482,0
0.054286,0.078431,0.070716,0.087201,0.121478,0.090313,0.150486,0.233557,0.314605,0,0.000442,0
0.05278,0.076475,0.068851,0.084737,0.11934,0.087892,0.149131,0.232465,0.312673,0,0.00044,0
0.051496,0.074835,0.067267,0.082615,0.11776,0.085819,0.148054,0.231833,0.311028,0,0.000441,0
0.050501,0.073758,0.066093,0.080896,0.117077,0.084158,0.147421,0.232099,0.309753,0,0.000448,0
0.050111,0.073615,0.065738,0.0802,0.117178,0.083485,0.147366,0.232688,0.309283,0,0.000454,0
0.050521,0.074845,0.066506,0.080858,0.119149,0.084187,0.148426,0.234914,0.309996,0,0.000467,0
0.050522,0.075071,0.066622,0.080993,0.120092,0.084327,0.148981,0.236405,0.310153,0,0.000474,0
0.050974,0.07624,0.06743,0.081902,0.12225,0.085238,0.15022,0.238801,0.310966,0,0.000487,0
0.056538,0.082211,0.073892,0.091554,0.127169,0.094919,0.153968,0.238699,0.318037,0,0.000464,0
0.055251,0.08054,0.072292,0.089418,0.125751,0.092834,0.152959,0.23837,0.316405,0,0.000467,0
0.054621,0.079991,0.071588,0.088293,0.125476,0.09176,0.152597,0.23865,0.315574,0,0.000473,0
0.053765,0.078816,0.070513,0.086919,0.12413,0.090399,0.151795,0.237899,0.31449,0,0.00047,0
0.05409,0.079836,0.071115,0.087338,0.12614,0.090836,0.152754,0.240245,0.314964,0,0.000486,0
0.053727,0.079823,0.070853,0.086788,0.12611,0.090335,0.152747,0.240664,0.31466,0,0.00049,0
0.054112,0.0809,0.071576,0.087589,0.128163,0.09114,0.153923,0.243001,0.315387,0,0.000502,0
0.054112,0.0809,0.071576,0.087589,0.128163,0.09114,0.153923,0.243001,0.315387,0,0.000502,0
0.043274,0.061873,0.056242,0.068959,0.091627,0.071018,0.134918,0.203178,0.299093,0,0.000308,0
0.034181,0.049386,0.044814,0.054353,0.077342,0.056551,0.126716,0.195344,0.287989,0,0.000284,0
0.03409,0.049267,0.044656,0.054067,0.078937,0.056444,0.127454,0.198435,0.288698,0,0.000298,0
0.035648,0.0514,0.046657,0.056709,0.079641,0.058884,0.127937,0.196565,0.289647,0,0.000288,0
0.037894,0.05449,0.049436,0.060177,0.084883,0.062492,0.130663,0.201554,0.292977,0,0.000308,0
0.034155,0.04937,0.044733,0.054162,0.079669,0.056599,0.127431,0.19876,0.288605,0,0.0003,0
0.034967,0.050578,0.045741,0.055324,0.082619,0.057915,0.128308,0.201115,0.289291,0,0.000315,0
0.036849,0.05415,0.048322,0.057751,0.090282,0.060603,0.131341,0.209184,0.291394,0,0.000367,0
0.034573,0.050036,0.045245,0.05469,0.082019,0.057289,0.127954,0.200833,0.288873,0,0.000314,0
0.036777,0.054892,0.048548,0.05761,0.091676,0.06052,0.132122,0.211298,0.291695,0,0.000381,0
0.03806,0.057131,0.050346,0.059595,0.096246,0.062501,0.134478,0.217059,0.29344,0,0.000409,0
0.040715,0.061944,0.054281,0.064427,0.104583,0.067406,0.139446,0.226709,0.297587,0,0.000449,0
0.045194,0.06876,0.060304,0.072534,0.113221,0.075895,0.144768,0.233386,0.303742,0,0.000472,0
0.040195,0.06069,0.053364,0.063311,0.102332,0.066202,0.13801,0.223775,0.296412,0,0.000436,0
0.047975,0.072884,0.064005,0.077643,0.118604,0.081258,0.148239,0.237581,0.307791,0,0.000487,0
0.051572,0.078567,0.068928,0.084619,0.126098,0.088649,0.153015,0.243333,0.313185,0,0.000509,0
0.045182,0.069789,0.060896,0.074354,0.116043,0.07848,0.147034,0.237725,0.305088,0,0.000492,0
0.056926,0.082841,0.074397,0.092108,0.128386,0.095499,0.154528,0.239839,0.318528,0,0.000472,0
0.055581,0.081311,0.072796,0.089837,0.126988,0.093289,0.153497,0.239493,0.316792,0,0.000475,0
0.054338,0.079785,0.071293,0.087807,0.125817,0.091284,0.152677,0.239533,0.315254,0,0.00048,0
0.055251,0.08054,0.072292,0.089418,0.125751,0.092834,0.152959,0.23837,0.316405,0,0.000467,0
0.054503,0.080404,0.071634,0.088002,0.12679,0.091494,0.153142,0.240608,0.315488,0,0.000487,0
0.05409,0.079836,0.071115,0.087338,0.12614,0.090836,0.152754,0.240245,0.314964,0,0.000486,0
0.055104,0.083417,0.073368,0.090292,0.131654,0.09427,0.156331,0.246432,0.317672,0,0.000518,0
0.05326,0.080884,0.071049,0.08733,0.128755,0.091335,0.154612,0.244824,0.315351,0,0.000514,0
0.052077,0.079259,0.069562,0.085429,0.126893,0.089452,0.153516,0.243788,0.313867,0,0.00051,0
0.050884,0.077228,0.067862,0.082961,0.124152,0.086794,0.151718,0.241568,0.311902,0,0.000501,0
0.054652,0.081641,0.072255,0.088456,0.129011,0.091998,0.154429,0.243474,0.316071,0,0.000504,0
0.054112,0.0809,0.071576,0.087589,0.128163,0.09114,0.153923,0.243001,0.315387,0,0.000502,0
0.055608,0.084109,0.074001,0.091102,0.132444,0.095072,0.156807,0.246867,0.318311,0,0.00052,0
0.055607,0.084108,0.074,0.0911,0.132445,0.09507,0.1568,0.246871,0.318307,0,0.00052,0
0.041326,0.059727,0.054025,0.065998,0.095322,0.068846,0.135442,0.21247,0.297278,0,0.000356,0
0.034109,0.049281,0.044719,0.054233,0.077192,0.056428,0.125958,0.195014,0.287027,0,0.000284,0
0.036936,0.053168,0.048228,0.058634,0.083327,0.060959,0.129069,0.20039,0.290816,0,0.000305,0
0.039911,0.05741,0.052065,0.063442,0.089646,0.065795,0.132589,0.205653,0.294846,0,0.000323,0
0.034378,0.049645,0.04503,0.054573,0.078448,0.056844,0.1265,0.197111,0.287511,0,0.000292,0
0.033831,0.048893,0.044343,0.053694,0.077587,0.055973,0.125977,0.196626,0.286803,0,0.000291,0
0.038721,0.055956,0.050567,0.061184,0.091256,0.063773,0.132636,0.210371,0.293581,0,0.000351,0
0.046105,0.066358,0.060055,0.073581,0.103835,0.076364,0.140448,0.218917,0.303498,0,0.000378,0
0.046943,0.067632,0.061115,0.074775,0.106501,0.077641,0.141645,0.221518,0.304608,0,0.000394,0
0.046662,0.067579,0.060972,0.074949,0.107153,0.078125,0.142223,0.223062,0.304705,0,0.000401,0
0.04357,0.063327,0.056954,0.069176,0.103222,0.072178,0.139189,0.221356,0.300359,0,0.000404,0
0.042038,0.06083,0.054946,0.066962,0.098155,0.069841,0.136886,0.216524,0.298357,0,0.000375,0
0.045861,0.066653,0.059941,0.07296,0.107826,0.075934,0.141957,0.22523,0.303454,0,0.000419,0
0.045393,0.065837,0.059377,0.072911,0.105157,0.076106,0.141035,0.221951,0.303099,0,0.000397,0
0.042287,0.061016,0.055228,0.06756,0.096549,0.070363,0.136315,0.213166,0.29851,0,0.000356,0
0.046067,0.067976,0.060922,0.39037,0.181094,0.306548,0.459203,0.248522,0.594173,0,0.000462,0
0.042966,0.063668,0.056944,0.381247,0.173498,0.299896,0.454178,0.243293,0.589927,0,0.000438,0
0.049481,0.073063,0.065394,0.394363,0.185671,0.312696,0.463889,0.251026,0.599806,0,0.000464,0
0.044519,0.065579,0.058746,0.354441,0.172127,0.299767,0.451224,0.240734,0.590046,0,0.000424,0
0.048994,0.072396,0.064784,0.391557,0.18392,0.309921,0.463187,0.250439,0.598863,0,0.000462,0
0.050165,0.074055,0.066336,0.39846,0.189222,0.314678,0.466821,0.254441,0.601487,0,0.000481,0
0.050529,0.074453,0.066841,0.402334,0.191989,0.316273,0.468745,0.257269,0.602029,0,0.000496,0
0.049772,0.073881,0.066219,0.408984,0.19505,0.321219,0.472235,0.260186,0.602961,0,0.000511,0
0.053523,0.078708,0.070811,0.415663,0.200966,0.327315,0.475824,0.263818,0.607336,0,0.000524,0
0.047511,0.070302,0.063045,0.400469,0.188889,0.314564,0.466465,0.255109,0.599061,0,0.000489,0
0.049464,0.073174,0.06552,0.398053,0.188759,0.31342,0.466953,0.254828,0.600537,0,0.000485,0
0.040663,0.06027,0.053889,0.07516,0.159196,0.173471,0.444743,0.233679,0.584228,0,0.000389,0
0.042746,0.063118,0.0565,0.104703,0.164514,0.292778,0.446798,0.235799,0.586719,0,0.000399,0
0.03322,0.049144,0.044051,0.056415,0.083753,0.059405,0.41881,0.212601,0.568068,0,0.000303,0
0.034589,0.051041,0.045757,0.060035,0.11482,0.063569,0.422429,0.217328,0.570246,0,0.000325,0
0.033218,0.049142,0.044049,0.056413,0.083755,0.059404,0.418826,0.212617,0.568101,0,0.000303,0
0.047403,0.07047,0.0631,0.402685,0.190208,0.316283,0.468473,0.256507,0.599772,0,0.000496,0
0.043172,0.064082,0.057347,0.390249,0.17979,0.306257,0.458468,0.248232,0.592631,0,0.000462,0
0.034024,0.050251,0.045027,0.059546,0.117282,0.095648,0.422502,0.217533,0.570133,0,0.000328,0
0.041636,0.061962,0.055438,0.389971,0.178485,0.305057,0.457522,0.247629,0.590662,0,0.000463,0
0.034418,0.050793,0.045523,0.060177,0.11781,0.096221,0.422804,0.217822,0.57051,0,0.000329,0
0.049375,0.07225,0.064859,0.086917,0.170435,0.141112,0.452153,0.239913,0.596096,0,0.0004,0
0.046446,0.068216,0.061158,0.08448,0.16951,0.183715,0.450784,0.239402,0.592777,0,0.000406,0
0.046819,0.068637,0.061603,0.081431,0.137594,0.084781,0.445718,0.234266,0.591578,0,0.000377,0
0.043326,0.063834,0.057201,0.076215,0.134601,0.111933,0.442635,0.231754,0.587189,0,0.000372,0
0.053778,0.078967,0.070774,0.098698,0.183874,0.19743,0.464353,0.249938,0.604601,0,0.000442,0
0.051039,0.075194,0.067326,0.120627,0.1813,0.309343,0.461896,0.247909,0.60107,0,0.000438,0
0.049645,0.073275,0.065583,0.391978,0.184098,0.311308,0.463026,0.249803,0.599496,0,0.000457,0
0.044857,0.066006,0.059144,0.143434,0.17091,0.300039,0.450042,0.239292,0.590968,0,0.000412,0
0.049253,0.072795,0.065109,0.15422,0.182059,0.309343,0.462736,0.249196,0.59981,0,0.00045,0
0.044549,0.065602,0.058768,0.107842,0.168809,0.298188,0.449523,0.238498,0.591135,0,0.000404,0
0.041014,0.059852,0.05385,0.068935,0.096016,0.071809,0.426116,0.2195,0.578009,0,0.000324,0
0.034293,0.050631,0.04542,0.057859,0.083304,0.060467,0.419444,0.212474,0.569354,0,0.0003,0
0.042781,0.063182,0.05655,0.078624,0.164915,0.178952,0.447757,0.236535,0.588831,0,0.000397,0
0.041429,0.061231,0.054817,0.073184,0.132234,0.109241,0.441463,0.230726,0.585977,0,0.000367,0
0.033438,0.049455,0.044344,0.056485,0.081954,0.059105,0.418622,0.211689,0.568217,0,0.000298,0
0.035142,0.051799,0.046469,0.0596,0.113517,0.062819,0.421727,0.215945,0.572828,0,0.000312,0
0.035276,0.05197,0.046637,0.059717,0.086985,0.062677,0.420726,0.21444,0.570694,0,0.000309,0
0.042533,0.063616,0.056997,0.395296,0.18196,0.306805,0.464818,0.253457,0.59216,0,0.000493,0
0.040325,0.060583,0.054221,0.3918,0.178497,0.303327,0.462743,0.251508,0.58934,0,0.000487,0
0.034798,0.052987,0.047273,0.383257,0.169809,0.2947,0.457454,0.246497,0.582039,0,0.000472,0
0.034935,0.053179,0.047446,0.382355,0.169463,0.293808,0.457423,0.246495,0.581999,0,0.000472,0
0.04389,0.065481,0.058704,0.397278,0.184017,0.308789,0.466081,0.254652,0.593887,0,0.000497,0
0.047754,0.070788,0.063561,0.403536,0.190092,0.314959,0.469679,0.25801,0.598731,0,0.000507,0
0.047009,0.069765,0.062624,0.402483,0.188988,0.313913,0.468998,0.257368,0.597807,0,0.000505,0
0.048317,0.07156,0.064268,0.404583,0.191045,0.315993,0.470223,0.258515,0.599465,0,0.000508,0
0.043366,0.06476,0.058044,0.396621,0.183261,0.308115,0.465593,0.254183,0.593207,0,0.000495,0
0.044812,0.066747,0.059863,0.398864,0.185526,0.310366,0.466965,0.255479,0.595089,0,0.000499,0
0.032205,0.049431,0.044016,0.377937,0.165163,0.289442,0.454873,0.244111,0.578557,0,0.000465,0
0.030799,0.047498,0.042248,0.374747,0.162263,0.286057,0.453202,0.242501,0.576102,0,0.000461,0
0.029499,0.045709,0.040612,0.373511,0.160592,0.28478,0.452056,0.24139,0.574505,0,0.000457,0
0.031453,0.048397,0.04307,0.377498,0.164528,0.289172,0.45444,0.243737,0.578113,0,0.000464,0
0.038857,0.058568,0.052377,0.389393,0.176178,0.300956,0.461375,0.250233,0.587501,0,0.000483,0
0.045346,0.067479,0.060533,0.399836,0.186389,0.311295,0.467449,0.255918,0.595714,0,0.000501,0
0.041382,0.062035,0.05555,0.393483,0.18015,0.304992,0.463728,0.25243,0.59067,0,0.00049,0
0.039937,0.060051,0.053735,0.391127,0.177877,0.302675,0.462387,0.25118,0.58887,0,0.000486,0
0.04426,0.065989,0.059169,0.39807,0.184664,0.309539,0.466422,0.254955,0.59432,0,0.000498,0
0.053246,0.078331,0.070463,0.412557,0.198827,0.323891,0.474846,0.262844,0.605721,0,0.000522,0
0.053529,0.078715,0.070817,0.414043,0.199793,0.32536,0.475256,0.263204,0.60627,0,0.000523,0
0.052509,0.077311,0.069534,0.413045,0.198502,0.32436,0.47438,0.262367,0.605074,0,0.00052,0
0.050679,0.074801,0.067236,0.409978,0.195677,0.321439,0.472763,0.260894,0.602987,0,0.000516,0
0.054884,0.080577,0.072521,0.416196,0.201934,0.327515,0.476543,0.264417,0.608032,0,0.000526,0
0.05503,0.080782,0.072706,0.415363,0.201613,0.32668,0.476518,0.264414,0.607991,0,0.000526,0
0.054024,0.079395,0.07144,0.414422,0.200191,0.325566,0.475496,0.263386,0.60645,0,0.000524,0
0.053388,0.078525,0.070642,0.412785,0.19905,0.324117,0.474979,0.262968,0.605901,0,0.000522,0
0.053453,0.078609,0.070721,0.414276,0.19975,0.325487,0.475135,0.263052,0.606017,0,0.000523,0
0.050555,0.074634,0.067081,0.409186,0.195283,0.320756,0.472661,0.260845,0.602937,0,0.000515,0
0.046561,0.069147,0.06206,0.40253,0.188726,0.314011,0.468739,0.257126,0.5975,0,0.000504,0
0.046017,0.068397,0.061375,0.401291,0.187463,0.312563,0.467962,0.256337,0.596258,0,0.000502,0
0.048226,0.071435,0.064153,0.404518,0.1909,0.315885,0.470107,0.258391,0.59927,0,0.000508,0
0.051742,0.076265,0.068573,0.410055,0.196424,0.321419,0.473432,0.261523,0.603812,0,0.000518,0
0.051902,0.076485,0.068774,0.410398,0.196712,0.321752,0.473588,0.261665,0.604017,0,0.000518,0
0.051356,0.075734,0.068088,0.409467,0.195815,0.320819,0.473057,0.261166,0.60329,0,0.000517,0
0.049896,0.073728,0.066252,0.407107,0.19349,0.318461,0.471668,0.259859,0.601392,0,0.000513,0
0.049801,0.073598,0.066133,0.407094,0.193423,0.318459,0.47161,0.259805,0.601324,0,0.000512,0
0.04744,0.067947,0.061129,0.38961,0.175076,0.30709,0.430359,0.216386,0.573864,0,0.000405,0
0.047043,0.067358,0.060677,0.393814,0.177683,0.308294,0.431767,0.22034,0.573825,0,0.000422,0
0.044721,0.064487,0.05788,0.109875,0.165373,0.297666,0.433777,0.215655,0.575601,0,0.000376,0
0.043876,0.063398,0.056902,0.383563,0.171031,0.301123,0.436974,0.221667,0.575692,0,0.000408,0
0.049547,0.070853,0.063793,0.39503,0.179801,0.311371,0.433155,0.2194,0.576696,0,0.000418,0
0.048528,0.069337,0.062487,0.396218,0.179581,0.310673,0.432533,0.219399,0.575166,0,0.000422,0
0.046693,0.066772,0.060284,0.397037,0.179439,0.309108,0.432956,0.222422,0.573259,0,0.000435,0
0.046549,0.066561,0.060238,0.400404,0.181532,0.310787,0.437359,0.229412,0.575851,0,0.000453,0
0.044495,0.064189,0.057805,0.392575,0.177047,0.30526,0.441179,0.227084,0.576629,0,0.000438,0
0.048067,0.068785,0.061971,0.397037,0.179969,0.310684,0.433055,0.220146,0.574789,0,0.000427,0
0.038174,0.054788,0.049305,0.065629,0.115116,0.067835,0.413371,0.198897,0.562637,0,0.000296,0
0.029248,0.041734,0.037614,0.049553,0.098248,0.05192,0.394029,0.185809,0.54727,0,0.000255,0
0.0426,0.061774,0.055441,0.387259,0.172863,0.301585,0.438847,0.224195,0.574579,0,0.000425,0
0.027799,0.039745,0.035765,0.048966,0.102077,0.084024,0.395552,0.188479,0.546553,0,0.000271,0
0.037272,0.05407,0.048609,0.379299,0.16504,0.292473,0.433659,0.22364,0.568716,0,0.000417,0
0.034094,0.049185,0.044149,0.060816,0.114806,0.095751,0.412429,0.19926,0.558585,0,0.000306,0
0.039161,0.056629,0.050847,0.375134,0.163747,0.292708,0.429477,0.223316,0.570433,0,0.000398,0
0.040695,0.05922,0.053275,0.387315,0.172947,0.299743,0.438164,0.233686,0.57503,0,0.000443,0
0.039069,0.056774,0.050994,0.379193,0.166849,0.294473,0.433028,0.228346,0.572194,0,0.000417,0
0.03241,0.047461,0.042466,0.334318,0.150112,0.279461,0.424282,0.217535,0.564085,0,0.000367,0
0.03956,0.058371,0.052293,0.387821,0.17337,0.299812,0.44544,0.236789,0.577284,0,0.000454,0
0.033752,0.049652,0.044445,0.371432,0.159487,0.28627,0.432652,0.225832,0.567353,0,0.00041,0
0.034528,0.050175,0.044955,0.127242,0.151786,0.281558,0.424553,0.216314,0.565244,0,0.000364,0
0.025746,0.037181,0.033416,0.043756,0.094151,0.046254,0.394826,0.191495,0.546759,0,0.000257,0
0.031811,0.046904,0.04194,0.366779,0.155333,0.282462,0.429884,0.222981,0.564691,0,0.000398,0
0.030485,0.044581,0.039852,0.0581,0.140557,0.156748,0.418353,0.20976,0.559569,0,0.000333,0
0.04454,0.062505,0.056591,0.08099,0.157771,0.178618,0.304969,0.19911,0.560484,0,0.000333,0
0.042358,0.060098,0.054243,0.140474,0.161998,0.294011,0.365349,0.211229,0.565486,0,0.000367,0
0.042228,0.059318,0.053678,0.103505,0.155578,0.291026,0.302905,0.197404,0.557516,0,0.00033,0
0.037614,0.05266,0.04773,0.06548,0.142133,0.118657,0.345181,0.192735,0.55212,0,0.000297,0
0.034526,0.050131,0.044931,0.064591,0.146899,0.163164,0.422135,0.213304,0.564688,0,0.000344,0
0.037511,0.05316,0.048043,0.067642,0.148938,0.166009,0.412324,0.210482,0.56294,0,0.000335,0
0.04266,0.059528,0.054019,0.073511,0.124987,0.107912,0.349243,0.194763,0.557972,0,0.000305,0
0.036116,0.050173,0.045627,0.059362,0.07741,0.060775,0.330386,0.178085,0.545342,0,0.000239,0
0.032422,0.045151,0.041016,0.053731,0.100092,0.055806,0.328056,0.178596,0.541445,0,0.000241,0
0.027742,0.039383,0.035617,0.045901,0.067946,0.047646,0.389035,0.188769,0.545842,0,0.000245,0
0.027985,0.040274,0.036231,0.047996,0.099242,0.050487,0.398883,0.195535,0.550392,0,0.000272,0
0.037701,0.052611,0.047729,0.064702,0.115524,0.099293,0.340788,0.187718,0.550448,0,0.000281,0
0.046936,0.064126,0.05962,0.656438,0.311923,0.49338,0.058207,0.065249,0.058105,0,0.000305,0
0.044654,0.060527,0.056619,0.65356,0.310222,0.489595,0.055926,0.064168,0.054048,0,0.000309,0
0.043185,0.057271,0.054413,0.650091,0.307147,0.485563,0.054428,0.063211,0.050358,0,0.00031,0
0.043068,0.056953,0.054718,0.648185,0.30846,0.483719,0.053198,0.063417,0.047788,0,0.000322,0
0.046945,0.061845,0.059604,0.65544,0.315729,0.489301,0.056406,0.068281,0.049894,0,0.00035,0
0.049237,0.09957,0.061847,0.655826,0.317142,0.48941,0.056538,0.069624,0.049054,0,0.000363,0
0.054603,0.106808,0.070112,0.658328,0.322517,0.491774,0.059358,0.073816,0.050182,0,0.00039,0
0.159521,0.394082,0.516102,0.661125,0.329305,0.494782,0.062852,0.079416,0.052286,0,0.000423,0
0.045258,0.061733,0.057301,0.653878,0.307695,0.49078,0.056923,0.063387,0.056797,0,0.000294,0
0.038979,0.053109,0.049409,0.643792,0.297816,0.480787,0.051042,0.057878,0.048836,0,0.000277,0
0.039436,0.051908,0.049456,0.64422,0.298438,0.479548,0.051192,0.059316,0.046522,0,0.000289,0
0.039107,0.051533,0.04925,0.643552,0.299169,0.478921,0.05058,0.059329,0.045294,0,0.000295,0
0.037747,0.049418,0.047454,0.643004,0.298958,0.477518,0.049705,0.059245,0.043046,0,0.0003,0
0.045607,0.056415,0.056115,0.651397,0.309033,0.484659,0.05371,0.065594,0.046074,0,0.000336,0
0.046592,0.05909,0.058114,0.652907,0.312908,0.486324,0.056476,0.068081,0.047276,0,0.000353,0
0.05275,0.104346,0.067831,0.655514,0.319819,0.488994,0.058484,0.07258,0.048199,0,0.000386,0
0.050936,0.069282,0.064944,0.65817,0.317375,0.496685,0.059296,0.067034,0.061034,0,0.000315,0
0.051583,0.066322,0.064832,0.656846,0.318074,0.492241,0.058001,0.069099,0.054611,0,0.000342,0
0.050499,0.065946,0.064108,0.654857,0.318804,0.490646,0.057484,0.069081,0.052496,0,0.000351,0
0.051151,0.069205,0.065183,0.660988,0.320963,0.497197,0.059613,0.069294,0.05946,0,0.000335,0
0.048152,0.065124,0.061457,0.656793,0.316724,0.492992,0.058012,0.067366,0.056072,0,0.000329,0
0.048285,0.06306,0.061363,0.651384,0.31565,0.487201,0.055438,0.067302,0.049639,0,0.000347,0
0.064201,0.113404,0.079067,0.66606,0.329748,0.499514,0.062848,0.077801,0.055938,0,0.000399,0
0.133434,0.39354,0.174464,0.663301,0.330932,0.496923,0.063841,0.080359,0.053567,0,0.000425,0
0.486433,0.478154,0.570521,0.67287,0.343273,0.506616,0.070696,0.089297,0.061226,0,0.000463,0
0.064019,0.286027,0.116084,0.663946,0.329662,0.497598,0.061914,0.078027,0.053977,0,0.000409,0
0.166409,0.398655,0.522304,0.664682,0.333086,0.498265,0.06508,0.082179,0.054797,0,0.000433,0
0.544752,0.490102,0.584542,0.676208,0.347881,0.510167,0.073789,0.093497,0.064885,0,0.000481,0
0.545931,0.492521,0.586378,0.677725,0.349674,0.511746,0.074893,0.094753,0.06631,0,0.000486,0
0.171165,0.4726,0.562375,0.669548,0.339403,0.503143,0.068592,0.08667,0.058762,0,0.000453,0
0.051119,0.065451,0.064325,0.657536,0.319388,0.491392,0.058034,0.070764,0.051428,0,0.000363,0
0.039158,0.053136,0.049477,0.641693,0.254979,0.478691,0.050364,0.056092,0.049427,0,0.000259,0
0.033451,0.043457,0.041775,0.632277,0.245577,0.467653,0.044745,0.05204,0.039307,0,0.000254,0
0.032505,0.042157,0.040585,0.630747,0.244086,0.46614,0.043856,0.051209,0.038107,0,0.000252,0
0.03365,0.045613,0.042579,0.63299,0.246551,0.470051,0.046095,0.051707,0.04272,0,0.000246,0
0.032719,0.044263,0.041382,0.63119,0.204048,0.46802,0.04426,0.050104,0.04129,0,0.000239,0
0.028884,0.038431,0.036462,0.628137,0.199521,0.462983,0.042256,0.048881,0.035788,0,0.000241,0
0.029561,0.039368,0.037269,0.627133,0.199692,0.4629,0.042027,0.048402,0.036507,0,0.000237,0
0.033678,0.043461,0.042005,0.636506,0.28685,0.470417,0.046236,0.05455,0.039183,0,0.000271,0
0.039144,0.047324,0.047204,0.642725,0.29165,0.475372,0.049105,0.058484,0.041595,0,0.000289,0
0.159953,0.394675,0.516646,0.661806,0.329973,0.495455,0.063255,0.079794,0.052835,0,0.000424,0
0.485055,0.476059,0.568676,0.670712,0.34099,0.504374,0.069538,0.088191,0.059662,0,0.00046,0
0.039023,0.04757,0.047291,0.643463,0.295124,0.476491,0.051171,0.060062,0.042023,0,0.0003,0
0.03035,0.039308,0.03788,0.633276,0.282664,0.466997,0.045888,0.053076,0.036628,0,0.000267,0
0.038546,0.047127,0.046936,0.642503,0.297174,0.475749,0.050433,0.060243,0.040498,0,0.00031,0
0.03525,0.045125,0.043988,0.639903,0.295029,0.473602,0.049154,0.058393,0.039443,0,0.000301,0
0.029625,0.038838,0.036972,0.62904,0.195106,0.462107,0.04555,0.050126,0.037976,0,0.000234,0
0.167565,0.46489,0.556789,0.664828,0.333832,0.498411,0.065384,0.083006,0.054839,0,0.000438,0
0.033062,0.042695,0.041115,0.636741,0.246451,0.469938,0.046175,0.053869,0.039248,0,0.000264,0
0.039177,0.053792,0.049374,0.381155,0.146465,0.291775,0.129328,0.06695,0.058553,0,0.000263,0
0.033928,0.04673,0.042856,0.374199,0.140853,0.284526,0.127468,0.067641,0.053561,0,0.000264,0
0.041976,0.05763,0.052862,0.385883,0.153541,0.296773,0.136481,0.078294,0.157385,0,0.000288,0
0.036767,0.050627,0.0464,0.378879,0.14747,0.289406,0.133654,0.076943,0.151542,0,0.000286,0
0.043652,0.060302,0.055123,0.389425,0.160591,0.3005,0.288604,0.101516,0.273414,0,0.000321,0
0.038744,0.05356,0.048954,0.38154,0.152869,0.292689,0.284007,0.09721,0.267192,0,0.000307,0
0.044697,0.061732,0.056426,0.391089,0.163119,0.302257,0.29159,0.12515,0.395733,0,0.000331,0
0.040193,0.055528,0.050745,0.383818,0.156575,0.295119,0.287733,0.127504,0.390402,0,0.000323,0
0.045955,0.063435,0.057979,0.3931,0.165876,0.304325,0.293231,0.133347,0.397777,0,0.000341,0
0.040808,0.056351,0.051494,0.384769,0.15842,0.296144,0.289393,0.172546,0.392571,0,0.000333,0
0.036165,0.049673,0.045621,0.376166,0.139042,0.286507,0.125877,0.061793,0.054308,0,0.000245,0
0.027867,0.038439,0.035294,0.364194,0.12733,0.274125,0.119884,0.056117,0.044322,0,0.000231,0
0.029241,0.040593,0.037171,0.36711,0.132172,0.277098,0.126856,0.060799,0.047878,0,0.000247,0
0.025993,0.036134,0.0331,0.361841,0.12582,0.271749,0.123662,0.057267,0.043683,0,0.000235,0
0.030411,0.042177,0.038607,0.368942,0.136657,0.279347,0.178319,0.068166,0.051877,0,0.000264,0
0.036778,0.051131,0.046699,0.380337,0.151203,0.290774,0.191837,0.095151,0.156282,0,0.00031,0
0.037344,0.052001,0.047457,0.381328,0.153609,0.291897,0.340191,0.102039,0.269055,0,0.000324,0
0.046509,0.064181,0.05866,0.393889,0.16738,0.305189,0.294735,0.177552,0.399807,0,0.000348,0
0.046479,0.064518,0.058851,0.395472,0.169576,0.306469,0.300921,0.186888,0.555938,0,0.000364,0
0.042233,0.058366,0.053322,0.386975,0.161674,0.298435,0.294842,0.181628,0.549637,0,0.000346,0
0.039784,0.056042,0.050888,0.386431,0.16138,0.297218,0.404508,0.139716,0.39853,0,0.000358,0
0.039881,0.055897,0.050838,0.386178,0.160187,0.296937,0.350457,0.136194,0.39589,0,0.000349,0
0.042066,0.059191,0.053748,0.390139,0.167329,0.301013,0.363675,0.196718,0.557501,0,0.000386,0
0.041203,0.057757,0.052523,0.388208,0.163918,0.299094,0.356776,0.188885,0.554101,0,0.000368,0
0.043062,0.06029,0.054839,0.39106,0.167464,0.301989,0.359084,0.194808,0.557051,0,0.000379,0
0.038134,0.053227,0.048486,0.381962,0.155591,0.293015,0.342788,0.125137,0.3912,0,0.000331,0
0.028069,0.039283,0.035863,0.36703,0.137907,0.277291,0.18832,0.077883,0.145823,0,0.00029,0
0.031307,0.043778,0.039925,0.372307,0.146859,0.282944,0.342365,0.128587,0.384284,0,0.000329,0
0.034566,0.048545,0.044199,0.377573,0.155062,0.288426,0.408222,0.188281,0.548926,0,0.000364,0
0.036722,0.051805,0.047079,0.382606,0.1603,0.293085,0.412904,0.195993,0.553152,0,0.000383,0
0.038508,0.054494,0.049491,0.38542,0.164877,0.295984,0.421533,0.209757,0.56141,0,0.000403,0
0.025607,0.035604,0.032615,0.361222,0.125214,0.271135,0.123301,0.056928,0.043194,0,0.000234,0
0.028672,0.03985,0.036497,0.367395,0.134073,0.277211,0.129936,0.064298,0.048302,0,0.000261,0
0.032425,0.045153,0.041228,0.373339,0.14434,0.283828,0.187756,0.091329,0.150758,0,0.000298,0
0.031502,0.043728,0.040016,0.371862,0.141862,0.282131,0.186002,0.0781,0.148438,0,0.00029,0
0.024911,0.0347,0.031791,0.361228,0.126706,0.270913,0.125935,0.059166,0.043184,0,0.000245,0
0.024911,0.0347,0.031791,0.361228,0.126706,0.270913,0.125935,0.059166,0.043184,0,0.000245,0
0.028965,0.04104,0.037297,0.369177,0.141506,0.279674,0.197143,0.094097,0.151112,0,0.000307,0
0.033887,0.048147,0.043664,0.377121,0.155698,0.288155,0.415167,0.19393,0.551744,0,0.000375,0
0.035908,0.050005,0.045621,0.378951,0.15276,0.289709,0.341207,0.129798,0.388599,0,0.000332,0
0.038609,0.054413,0.049395,0.384457,0.160157,0.295329,0.404382,0.182396,0.398349,0,0.000361,0
0.038491,0.054031,0.049113,0.383787,0.159628,0.294726,0.354235,0.186507,0.550673,0,0.00036,0
0.041494,0.058405,0.053029,0.389279,0.166471,0.300173,0.363157,0.196236,0.556814,0,0.000384,0
0.040927,0.058149,0.052663,0.388508,0.169155,0.299602,0.424409,0.215235,0.565574,0,0.000412,0
0.042509,0.060035,0.054471,0.390767,0.169804,0.301773,0.371064,0.209325,0.564107,0,0.000402,0
0.04079,0.057438,0.052144,0.38815,0.165356,0.299046,0.362491,0.19561,0.555903,0,0.000382,0
0.03776,0.05377,0.048733,0.384564,0.163809,0.295262,0.422602,0.20739,0.56049,0,0.000401,0
0.037497,0.053957,0.048733,0.38484,0.164674,0.295668,0.429513,0.210134,0.563369,0,0.000408,0
0.039168,0.055922,0.050657,0.386694,0.16778,0.297472,0.430053,0.218717,0.567024,0,0.00042,0
0.0353,0.050081,0.045432,0.379352,0.158129,0.290384,0.416634,0.196191,0.553655,0,0.000381,0
0.042176,0.060209,0.054557,0.391429,0.173299,0.302205,0.435597,0.226322,0.573435,0,0.000434,0
0.041241,0.058923,0.05338,0.389922,0.171815,0.300702,0.43471,0.22549,0.572226,0,0.000432,0
0.040114,0.056708,0.051518,0.387861,0.167893,0.298441,0.423722,0.21486,0.564162,0,0.000412,0
0.035547,0.04965,0.045206,0.377755,0.152291,0.288939,0.340833,0.129965,0.388385,0,0.000331,0
0.541067,0.485831,0.58026,0.669927,0.342026,0.504015,0.070349,0.090496,0.060158,0,0.000473,0
0.542024,0.487145,0.581463,0.671464,0.343531,0.505538,0.071246,0.091335,0.061371,0,0.000476,0
0.546325,0.493064,0.586875,0.678306,0.350256,0.512324,0.075247,0.095086,0.066792,0,0.000487,0
0.551486,0.500142,0.593357,0.686664,0.358418,0.520596,0.080109,0.099636,0.073367,0,0.000501,0
0.552461,0.501481,0.594582,0.68823,0.359952,0.522148,0.081022,0.100492,0.074603,0,0.000503,0
0.554867,0.504796,0.597612,0.692037,0.363702,0.525926,0.083252,0.102583,0.077626,0,0.00051,0
0.556947,0.507642,0.600221,0.695437,0.367009,0.529287,0.085224,0.104427,0.08029,0,0.000515,0
0.558241,0.509431,0.601853,0.697448,0.369004,0.531287,0.086408,0.10554,0.081899,0,0.000519,0
0.559516,0.511171,0.60345,0.699563,0.371051,0.533375,0.08763,0.106681,0.083547,0,0.000522,0
0.560101,0.511974,0.604185,0.700503,0.371971,0.534306,0.088178,0.107194,0.084289,0,0.000524,0
0.529682,0.470208,0.565957,0.651618,0.324112,0.485886,0.059667,0.080494,0.045702,0,0.000443,0
0.541467,0.486392,0.580769,0.670502,0.342613,0.504592,0.070696,0.090824,0.060633,0,0.000474,0
0.532569,0.474164,0.569581,0.656286,0.328669,0.490504,0.06239,0.08304,0.049383,0,0.00045,0
0.530256,0.470985,0.566673,0.652528,0.324995,0.48678,0.060209,0.081001,0.046438,0,0.000444,0
0.53606,0.47896,0.57397,0.661849,0.334127,0.496016,0.065644,0.086091,0.053794,0,0.00046,0
0.547274,0.494356,0.588062,0.679898,0.351791,0.513893,0.076164,0.095941,0.068027,0,0.00049,0
0.551076,0.499579,0.592841,0.686006,0.357773,0.519944,0.079725,0.099277,0.072848,0,0.0005,0
0.543726,0.489478,0.583601,0.674099,0.34613,0.508147,0.072816,0.092808,0.063505,0,0.00048,0
0.543153,0.488677,0.582873,0.673241,0.345263,0.507287,0.072306,0.092328,0.062813,0,0.000479,0
0.54751,0.494682,0.58836,0.680227,0.352126,0.514221,0.076368,0.096135,0.06831,0,0.00049,0
0.544806,0.490968,0.584961,0.675936,0.347912,0.509969,0.073852,0.093776,0.064897,0,0.000483,0
0.549019,0.496765,0.590262,0.682634,0.354495,0.516611,0.07777,0.097449,0.070208,0,0.000494,0
0.552042,0.500909,0.594058,0.687532,0.359277,0.521459,0.080618,0.100115,0.07406,0,0.000502,0
0.552931,0.502133,0.595176,0.688999,0.360707,0.522913,0.081462,0.100903,0.075196,0,0.000505,0
0.55332,0.502671,0.595667,0.689552,0.361267,0.523463,0.081802,0.101225,0.075664,0,0.000506,0
0.556285,0.506734,0.599389,0.694374,0.365968,0.528234,0.084604,0.103847,0.079452,0,0.000514,0
0.556311,0.50678,0.599427,0.694348,0.365967,0.528216,0.0846,0.103846,0.079452,0,0.000514,0
0.558426,0.509674,0.60208,0.697812,0.369336,0.531641,0.086609,0.105725,0.082166,0,0.000519,0
0.559063,0.510544,0.602878,0.698781,0.370293,0.532599,0.087193,0.106273,0.082962,0,0.000521,0
0.559079,0.510582,0.602907,0.698794,0.370322,0.532621,0.087193,0.106275,0.082961,0,0.000521,0
0.5602,0.512122,0.604316,0.700595,0.372085,0.534405,0.088243,0.107258,0.084382,0,0.000524,0
0.555012,0.505,0.597797,0.692281,0.363943,0.526171,0.083385,0.102709,0.077806,0,0.00051,0
0.556705,0.507305,0.599914,0.695036,0.366615,0.528887,0.084998,0.104216,0.079987,0,0.000515,0
0.557015,0.507746,0.600312,0.695499,0.367089,0.529355,0.085267,0.10447,0.080353,0,0.000515,0
0.554423,0.504193,0.597057,0.691389,0.363059,0.525287,0.082849,0.102205,0.077074,0,0.000509,0
0.559515,0.511169,0.603449,0.69956,0.371047,0.533371,0.08763,0.10668,0.083547,0,0.000522,0
0.560126,0.51202,0.604223,0.700476,0.371969,0.534287,0.088174,0.107193,0.084289,0,0.000524,0
0.55933,0.510915,0.603216,0.699265,0.370758,0.533079,0.087458,0.106519,0.083314,0,0.000522,0
0.560118,0.512014,0.604215,0.700509,0.371995,0.534322,0.088176,0.107195,0.084288,0,0.000524,0
0.032375,0.046448,0.041494,0.049736,0.081949,0.05144,0.11638,0.194716,0.275394,0,0.000348,0
0.034988,0.050629,0.044967,0.053804,0.087683,0.055499,0.119531,0.199208,0.278782,0,0.000371,0
0.037329,0.054332,0.048233,0.058235,0.09327,0.060206,0.123147,0.204809,0.282424,0,0.000392,0
0.039147,0.057008,0.050608,0.060677,0.096039,0.062539,0.125485,0.207774,0.285665,0,0.000397,0
0.038697,0.056389,0.049929,0.059988,0.095432,0.061643,0.124081,0.205314,0.283755,0,0.000396,0
0.023589,0.03318,0.030107,0.036275,0.057962,0.037584,0.104322,0.171333,0.263504,0,0.000234,0
0.023669,0.033305,0.030204,0.036395,0.058723,0.037765,0.104462,0.171728,0.263619,0,0.000237,0
0.025447,0.035766,0.032425,0.03914,0.0623,0.040524,0.106452,0.175003,0.265976,0,0.00025,0
0.028683,0.040372,0.036504,0.044102,0.070097,0.045615,0.11035,0.181912,0.270273,0,0.000282,0
0.032924,0.046649,0.04192,0.050583,0.08014,0.052212,0.1154,0.190266,0.275655,0,0.000326,0
0.035888,0.051277,0.045863,0.055244,0.087266,0.056896,0.119428,0.197081,0.279747,0,0.000357,0
0.0275,0.039462,0.035232,0.041847,0.073051,0.043598,0.111142,0.188347,0.269052,0,0.000324,0
0.03096,0.045541,0.040073,0.047314,0.081897,0.049083,0.116033,0.1964,0.27372,0,0.000365,0
0.035607,0.05188,0.045925,0.054907,0.089753,0.056604,0.120742,0.20145,0.279731,0,0.000381,0
0.03359,0.049379,0.043494,0.051673,0.086978,0.053408,0.11905,0.2002,0.277211,0,0.000379,0
0.031408,0.045713,0.040468,0.048054,0.082051,0.049803,0.116154,0.19606,0.274211,0,0.000361,0
0.037145,0.053091,0.047428,0.057209,0.08901,0.05882,0.118007,0.195876,0.279296,0,0.000359,0
0.038808,0.056102,0.049884,0.060074,0.094635,0.061717,0.12364,0.204044,0.283752,0,0.000388,0
0.039129,0.056283,0.050101,0.060615,0.093916,0.062174,0.118697,0.197517,0.279913,0,0.00038,0
0.040077,0.05857,0.051784,0.062272,0.098233,0.06391,0.125722,0.207364,0.285605,0,0.000405,0
0.039601,0.057242,0.05085,0.061387,0.095388,0.062984,0.122246,0.200918,0.282645,0,0.000387,0
0.039929,0.057642,0.051294,0.061876,0.096401,0.063502,0.124697,0.205033,0.285185,0,0.000391,0
0.039562,0.057842,0.051249,0.061459,0.097512,0.06332,0.126345,0.209306,0.286341,0,0.000404,0
0.037595,0.055624,0.048971,0.058332,0.094955,0.060265,0.124846,0.208313,0.284012,0,0.000403,0
0.039035,0.057887,0.050901,0.060712,0.097853,0.062629,0.126532,0.21042,0.285929,0,0.000412,0
0.039272,0.057948,0.050965,0.06101,0.097507,0.062704,0.1253,0.207394,0.284739,0,0.000407,0
0.039022,0.05712,0.050457,0.060576,0.096575,0.062231,0.124742,0.206446,0.284283,0,0.000402,0
0.037399,0.053725,0.047929,0.057723,0.090918,0.05937,0.121536,0.200594,0.281792,0,0.000372,0
0.038539,0.053135,0.048366,0.060322,0.07972,0.06134,0.095141,0.169393,0.274662,0,0.000261,0
0.037446,0.052243,0.047423,0.058159,0.083022,0.05947,0.115468,0.186655,0.279215,0,0.000299,0
0.041021,0.056696,0.051475,0.064081,0.086055,0.065266,0.098075,0.174572,0.2779,0,0.000289,0
0.040442,0.056315,0.050995,0.062889,0.088577,0.064188,0.099845,0.18299,0.278347,0,0.000318,0
0.042438,0.059048,0.053415,0.06623,0.091244,0.067508,0.100714,0.180757,0.279974,0,0.000319,0
0.042345,0.059275,0.053526,0.065852,0.09367,0.067216,0.10257,0.188176,0.280958,0,0.000341,0
0.042719,0.059421,0.053691,0.06656,0.09138,0.067866,0.100496,0.179526,0.280046,0,0.000319,0
0.044237,0.062109,0.055962,0.068786,0.097317,0.070172,0.104522,0.190558,0.283311,0,0.000353,0
0.043203,0.060201,0.054247,0.067364,0.091972,0.068681,0.099896,0.176252,0.27952,0,0.00032,0
0.044087,0.061967,0.055723,0.068645,0.097028,0.070008,0.103492,0.187135,0.282061,0,0.000354,0
0.03427,0.047041,0.0429,0.053856,0.068901,0.054704,0.088838,0.15591,0.267851,0,0.000216,0
0.029149,0.040554,0.036921,0.045256,0.064312,0.046331,0.105542,0.169451,0.26794,0,0.000231,0
0.032762,0.045644,0.041545,0.05097,0.071817,0.052102,0.10988,0.176599,0.273,0,0.000255,0
0.027934,0.03911,0.035568,0.043266,0.063877,0.044411,0.107853,0.17396,0.268799,0,0.00024,0
0.02511,0.035256,0.031998,0.038674,0.060922,0.040015,0.105426,0.172828,0.265256,0,0.000241,0
0.028731,0.040379,0.036543,0.044161,0.06982,0.045636,0.109987,0.181645,0.270167,0,0.00028,0
0.036679,0.051575,0.04653,0.056645,0.084867,0.058146,0.115711,0.18999,0.278319,0,0.000325,0
0.035891,0.050852,0.045688,0.055287,0.085674,0.056872,0.115978,0.192926,0.277566,0,0.000342,0
0.04371,0.06108,0.054944,0.068146,0.093555,0.069461,0.100714,0.177826,0.280196,0,0.000329,0
0.043919,0.061477,0.05531,0.068377,0.094792,0.069713,0.101862,0.181704,0.281152,0,0.000337,0
0.044758,0.062887,0.056566,0.069722,0.098082,0.071075,0.104118,0.187722,0.282907,0,0.000355,0
0.037619,0.053519,0.047947,0.057986,0.089409,0.059571,0.11797,0.195791,0.27973,0,0.000357,0
0.039244,0.055432,0.049745,0.060732,0.090245,0.062199,0.100186,0.187303,0.277008,0,0.000348,0
0.037871,0.054084,0.048255,0.058315,0.089674,0.059863,0.100901,0.19184,0.276918,0,0.000359,0
0.040156,0.057095,0.05102,0.062101,0.092514,0.063577,0.101372,0.189158,0.278161,0,0.000358,0
0.039941,0.056682,0.05064,0.061887,0.091339,0.063336,0.099937,0.184554,0.276798,0,0.000351,0
0.039494,0.055787,0.050139,0.061147,0.090823,0.062662,0.11773,0.191633,0.280454,0,0.000348,0
0.542315,0.487137,0.58126,0.654378,0.332098,0.496868,0.056873,0.077385,0.058263,0,0.000403,0
0.55057,0.497947,0.591564,0.676707,0.350858,0.513777,0.069425,0.091047,0.068838,0,0.000462,0
0.530078,0.4726,0.566719,0.070896,0.176249,0.07162,0.042268,0.056714,0.045788,0,0.000288,0
0.541175,0.485751,0.579908,0.247287,0.320459,0.443128,0.052944,0.070976,0.056417,0,0.000362,0
0.533563,0.476408,0.570809,0.234963,0.309813,0.431801,0.046349,0.064421,0.048207,0,0.00034,0
0.545492,0.491423,0.585362,0.668441,0.343591,0.505806,0.065257,0.086944,0.063037,0,0.000449,0
0.543854,0.489175,0.583305,0.66578,0.340993,0.50317,0.063714,0.085499,0.060951,0,0.000445,0
0.538789,0.482468,0.576903,0.243516,0.317256,0.439477,0.050816,0.069191,0.053442,0,0.000357,0
0.546222,0.491996,0.586045,0.624797,0.33435,0.500678,0.05919,0.079066,0.062041,0,0.000402,0
0.549574,0.496515,0.590228,0.669678,0.344879,0.509542,0.064387,0.08555,0.066618,0,0.000434,0
0.547469,0.4937,0.587601,0.6272,0.337448,0.503236,0.060817,0.080983,0.063836,0,0.000409,0
0.55463,0.503488,0.596697,0.685051,0.357665,0.521149,0.073067,0.09496,0.073798,0,0.000476,0
0.553582,0.502004,0.595346,0.68045,0.353647,0.517982,0.070216,0.09184,0.072014,0,0.00046,0
0.554744,0.503861,0.596987,0.687903,0.360276,0.522806,0.076308,0.097976,0.074831,0,0.00049,0
0.551716,0.499846,0.593217,0.6815,0.355443,0.517289,0.074714,0.095508,0.071511,0,0.000481,0
0.554999,0.504343,0.597385,0.688813,0.361463,0.523608,0.078652,0.099462,0.075819,0,0.000496,0
0.556366,0.506762,0.599441,0.694342,0.365881,0.528196,0.083818,0.103528,0.079188,0,0.000512,0
0.03493,0.049999,0.045232,0.381396,0.153891,0.291309,0.405786,0.097842,0.273059,0,0.000342,0
0.027088,0.038619,0.034997,0.364782,0.130889,0.275074,0.183441,0.064507,0.049851,0,0.000257,0
0.02776,0.039524,0.035809,0.366027,0.134638,0.276632,0.184701,0.067612,0.05113,0,0.000268,0
0.0345,0.049573,0.044729,0.378804,0.151756,0.28963,0.404412,0.094849,0.272357,0,0.000331,0
0.027761,0.039537,0.035861,0.367249,0.133762,0.277058,0.184783,0.066477,0.050873,0,0.000266,0
0.028766,0.040592,0.037,0.369477,0.135331,0.278738,0.185793,0.067693,0.051765,0,0.000271,0
0.033561,0.047922,0.043413,0.379206,0.15251,0.289133,0.40526,0.10912,0.272038,0,0.000345,0
0.02836,0.040003,0.036446,0.369098,0.137457,0.27871,0.187171,0.072864,0.052729,0,0.000284,0
0.029749,0.042088,0.038267,0.371256,0.139744,0.280978,0.188536,0.07405,0.05471,0,0.000287,0
0.039515,0.056687,0.051156,0.386715,0.164432,0.297977,0.421608,0.149446,0.560025,0,0.000381,0
0.041283,0.05925,0.053475,0.389577,0.168628,0.300928,0.426381,0.162291,0.565288,0,0.000397,0
0.040114,0.057639,0.051997,0.387583,0.166952,0.298963,0.425365,0.162039,0.563842,0,0.000395,0
0.039236,0.056368,0.050963,0.388373,0.166916,0.298833,0.428412,0.204707,0.564879,0,0.000406,0
0.035263,0.050257,0.045546,0.381935,0.155424,0.291857,0.406914,0.111049,0.274232,0,0.000352,0
0.04169,0.059893,0.054165,0.392237,0.17158,0.30271,0.433445,0.211836,0.570606,0,0.000419,0
0.039809,0.057501,0.05183,0.388703,0.166925,0.299583,0.427785,0.160362,0.564582,0,0.000397,0
0.045963,0.064589,0.058585,0.391432,0.165716,0.304618,0.30511,0.12625,0.557619,0,0.000341,0
0.043373,0.0615,0.055669,0.390493,0.165616,0.302289,0.362852,0.131374,0.55867,0,0.000359,0
0.040866,0.058492,0.052761,0.387888,0.163822,0.299659,0.364284,0.132771,0.557248,0,0.000365,0
0.044728,0.062801,0.05702,0.391598,0.165735,0.303489,0.304711,0.127772,0.5561,0,0.000348,0
0.045121,0.063327,0.057467,0.390825,0.166474,0.3037,0.30545,0.139818,0.557557,0,0.000351,0
0.043056,0.061476,0.055483,0.391364,0.168386,0.30324,0.367212,0.147573,0.560978,0,0.000378,0
0.039872,0.057356,0.051646,0.386411,0.164572,0.298413,0.42184,0.149282,0.560815,0,0.000379,0
0.04632,0.065045,0.058991,0.391983,0.167935,0.305363,0.306528,0.14062,0.559203,0,0.000352,0
0.030846,0.043598,0.039575,0.370265,0.135401,0.280656,0.132839,0.064094,0.052007,0,0.000257,0
0.029011,0.041257,0.037402,0.367893,0.135147,0.278292,0.185392,0.066876,0.052365,0,0.000266,0
0.02844,0.040294,0.036551,0.366361,0.131577,0.276765,0.13058,0.06198,0.048956,0,0.000251,0
0.037464,0.052502,0.047746,0.379426,0.143957,0.290323,0.133366,0.066721,0.058821,0,0.000263,0
0.043488,0.060856,0.055289,0.388311,0.159105,0.300691,0.291444,0.088444,0.274183,0,0.000311,0
0.04019,0.056317,0.051165,0.384397,0.154688,0.295957,0.288806,0.086297,0.26998,0,0.000307,0
0.037674,0.053775,0.048581,0.383612,0.155503,0.294488,0.349804,0.093035,0.272686,0,0.00033,0
0.035038,0.050313,0.045409,0.379668,0.152371,0.29046,0.404885,0.095145,0.273025,0,0.000331,0
0.033943,0.047579,0.043295,0.374613,0.140062,0.285135,0.130357,0.064699,0.054272,0,0.00026,0
0.039416,0.056059,0.050534,0.071109,0.148499,0.123929,0.411712,0.200609,0.561346,0,0.000322,0
0.036043,0.052304,0.046876,0.067704,0.148131,0.165407,0.421381,0.211918,0.564972,0,0.000344,0
0.038758,0.055451,0.049924,0.071096,0.151127,0.169198,0.418007,0.209702,0.56578,0,0.000339,0
0.044001,0.062098,0.056133,0.078169,0.129858,0.11216,0.358366,0.199986,0.563317,0,0.000324,0
0.03608,0.050173,0.045612,0.059369,0.077332,0.060796,0.331689,0.178311,0.547019,0,0.000238,0
0.033501,0.046889,0.042513,0.056188,0.076851,0.057961,0.335166,0.179937,0.545556,0,0.000246,0
0.027122,0.038497,0.034806,0.044934,0.066717,0.046685,0.388352,0.187385,0.545377,0,0.000242,0
0.029724,0.042872,0.038524,0.051861,0.103013,0.054155,0.403882,0.198085,0.552971,0,0.000283,0
0.040417,0.057176,0.051628,0.072411,0.124219,0.106456,0.355009,0.196841,0.558773,0,0.000315,0
0.045415,0.063864,0.057824,0.385714,0.16713,0.302063,0.311938,0.197221,0.56311,0,0.000362,0
0.044917,0.063534,0.057426,0.386845,0.169032,0.302448,0.366679,0.202338,0.565545,0,0.000378,0
0.045813,0.064671,0.058438,0.361579,0.167776,0.303395,0.310663,0.195003,0.561451,0,0.000363,0
0.045833,0.065358,0.058911,0.388206,0.171709,0.304521,0.425204,0.208293,0.57064,0,0.00039,0
0.04554,0.064318,0.058099,0.150548,0.16714,0.301795,0.311312,0.201243,0.562296,0,0.000367,0
0.045692,0.065184,0.058733,0.361727,0.171849,0.303766,0.426133,0.21493,0.571688,0,0.000396,0
0.046366,0.065143,0.059032,0.389302,0.169033,0.304201,0.312756,0.19239,0.563835,0,0.000365,0
0.045053,0.063421,0.057445,0.388847,0.168141,0.302963,0.312502,0.192412,0.562426,0,0.000368,0
0.045302,0.064025,0.057911,0.389542,0.170387,0.303753,0.367236,0.202537,0.565877,0,0.000382,0
0.042283,0.060647,0.054657,0.388368,0.170419,0.301194,0.428841,0.213119,0.569939,0,0.000406,0
0.043801,0.062732,0.056564,0.390738,0.172775,0.303545,0.430255,0.214445,0.571856,0,0.00041,0
0.04208,0.060363,0.054365,0.386498,0.169703,0.300244,0.428611,0.215455,0.570156,0,0.000405,0
0.04246,0.060489,0.054605,0.388519,0.168447,0.3012,0.368556,0.203003,0.563599,0,0.000389,0
0.043174,0.060752,0.054946,0.080328,0.156995,0.177457,0.306525,0.198634,0.560289,0,0.000335,0
0.043125,0.060932,0.055042,0.080376,0.158314,0.177593,0.364225,0.20411,0.5642,0,0.000346,0
0.041959,0.059598,0.053742,0.105122,0.159271,0.292245,0.417383,0.207021,0.56546,0,0.000355,0
0.041817,0.060119,0.05406,0.38322,0.168666,0.298916,0.428869,0.219051,0.570897,0,0.000404,0
0.043698,0.062702,0.056424,0.386262,0.170871,0.301896,0.429802,0.215992,0.572466,0,0.000402,0
0.039918,0.057749,0.051801,0.349628,0.163332,0.293427,0.429982,0.219618,0.570966,0,0.00039,0
0.04528,0.065398,0.05872,0.389814,0.175492,0.305501,0.437567,0.224562,0.577622,0,0.000422,0
0.040943,0.058677,0.052801,0.104862,0.160916,0.291649,0.424795,0.216734,0.56989,0,0.000374,0
0.038165,0.055845,0.050142,0.388388,0.168467,0.299073,0.439087,0.215156,0.568044,0,0.000427,0
0.04094,0.060661,0.054374,0.392598,0.177619,0.303617,0.4578,0.243498,0.584728,0,0.000474,0
0.027853,0.039772,0.036093,0.36959,0.13673,0.278892,0.188928,0.070708,0.052489,0,0.000283,0
0.029596,0.042683,0.038561,0.373592,0.14348,0.28321,0.200531,0.083583,0.152292,0,0.000313,0
0.033337,0.047611,0.043125,0.378823,0.152389,0.288779,0.405111,0.109359,0.271792,0,0.000346,0
0.029758,0.043442,0.039104,0.37441,0.14363,0.284002,0.204585,0.081505,0.061563,0,0.000313,0
0.030293,0.044246,0.039773,0.375584,0.1491,0.285673,0.357269,0.107634,0.269613,0,0.000347,0
0.031569,0.045994,0.041366,0.37761,0.151979,0.28778,0.360463,0.131467,0.392215,0,0.000358,0
0.038709,0.055624,0.05028,0.387443,0.166726,0.297972,0.428486,0.208536,0.564796,0,0.000411,0
0.041534,0.060755,0.054608,0.393425,0.175325,0.304182,0.448185,0.228458,0.578633,0,0.000449,0
0.043843,0.064781,0.058094,0.397494,0.181567,0.308593,0.461156,0.242261,0.589084,0,0.000476,0
0.045771,0.068052,0.061057,0.400497,0.187013,0.311937,0.467798,0.256165,0.596221,0,0.000501,0
0.042861,0.063101,0.056614,0.395847,0.179303,0.306792,0.457329,0.237999,0.585078,0,0.000468,0
0.036059,0.052375,0.04713,0.384904,0.161662,0.295242,0.42373,0.190725,0.403554,0,0.000391,0
0.04239,0.061292,0.055224,0.391064,0.174087,0.302807,0.437104,0.226532,0.575809,0,0.000433,0
0.041673,0.059874,0.054027,0.38974,0.172055,0.301324,0.431458,0.222251,0.571194,0,0.000424,0
0.041595,0.059614,0.053825,0.387768,0.171739,0.299992,0.431113,0.226004,0.571514,0,0.000426,0
0.040689,0.059465,0.05334,0.38642,0.172382,0.29962,0.439137,0.232844,0.576329,0,0.000438,0
0.038633,0.056247,0.050476,0.378538,0.166047,0.293841,0.433699,0.227596,0.572598,0,0.000415,0
0.035615,0.052055,0.046604,0.369513,0.158575,0.287296,0.428758,0.222452,0.568475,0,0.000392,0
0.040718,0.058498,0.05269,0.385899,0.167989,0.298759,0.427391,0.211762,0.567985,0,0.000401,0
0.040298,0.057742,0.052121,0.385961,0.167684,0.298087,0.427083,0.211857,0.567098,0,0.000404,0
0.04112,0.058967,0.053181,0.387146,0.168918,0.299432,0.427876,0.212477,0.5683,0,0.000405,0
0.041703,0.059851,0.053928,0.387329,0.169459,0.300172,0.428289,0.212605,0.569199,0,0.000404,0
0.041695,0.05993,0.05396,0.385785,0.169939,0.29959,0.429752,0.21994,0.571134,0,0.000411,0
0.041366,0.059486,0.053554,0.385217,0.169942,0.299045,0.430124,0.223335,0.571408,0,0.000415,0
0.042562,0.061274,0.055335,0.393361,0.174446,0.304077,0.436626,0.223907,0.574655,0,0.000434,0
0.041496,0.059968,0.054021,0.38972,0.171854,0.301442,0.434781,0.220943,0.573247,0,0.000423,0
0.042308,0.060748,0.054941,0.392981,0.173924,0.303574,0.43632,0.223714,0.574113,0,0.000434,0
0.043063,0.061895,0.055984,0.394001,0.176221,0.30464,0.439057,0.231857,0.5771,0,0.000446,0
0.043546,0.062561,0.056593,0.394771,0.177235,0.30539,0.439717,0.233506,0.577845,0,0.00045,0
0.04265,0.061221,0.055294,0.39249,0.174906,0.303487,0.433835,0.228737,0.5734,0,0.000438,0
0.043712,0.062356,0.056506,0.394848,0.176591,0.305304,0.434904,0.230006,0.574365,0,0.000444,0
0.04177,0.060613,0.054378,0.384467,0.170846,0.299708,0.435598,0.227024,0.574771,0,0.00042,0
0.037157,0.053855,0.048285,0.343728,0.15832,0.28812,0.426458,0.219078,0.567642,0,0.000381,0
0.027677,0.040045,0.035922,0.04968,0.104814,0.084766,0.403368,0.198656,0.55167,0,0.00029,0
0.023711,0.034135,0.030741,0.039876,0.090075,0.04243,0.388541,0.189283,0.544,0,0.000247,0
0.023033,0.032869,0.029648,0.038643,0.062424,0.040821,0.384919,0.18496,0.540379,0,0.000237,0
0.034045,0.049556,0.044355,0.091893,0.149152,0.280259,0.421183,0.213345,0.563437,0,0.000352,0
0.027209,0.039734,0.035582,0.048971,0.10449,0.084049,0.405656,0.201527,0.553567,0,0.000294,0
0.040838,0.05949,0.053485,0.387341,0.172898,0.299753,0.43931,0.233379,0.576051,0,0.000442,0
0.041907,0.061117,0.054972,0.391782,0.175989,0.303025,0.442051,0.236151,0.578012,0,0.000454,0
0.036506,0.053407,0.047867,0.376005,0.163329,0.290379,0.432422,0.226634,0.569655,0,0.000415,0
0.039408,0.057556,0.051716,0.384418,0.170583,0.296853,0.43813,0.233034,0.574285,0,0.00044,0
0.03297,0.04813,0.043217,0.369836,0.157285,0.283596,0.426322,0.223435,0.563821,0,0.000404,0
0.024628,0.035425,0.031894,0.04306,0.09788,0.078228,0.39254,0.195023,0.54647,0,0.000271,0
0.045227,0.067102,0.060191,0.399558,0.185585,0.310814,0.466235,0.253261,0.594483,0,0.000495,0
0.04666,0.069285,0.062185,0.401977,0.188465,0.31341,0.468678,0.257066,0.597372,0,0.000504,0
0.047134,0.069722,0.062589,0.402616,0.188584,0.313845,0.468022,0.254935,0.596904,0,0.0005,0
0.046558,0.069145,0.062057,0.401807,0.188304,0.313243,0.468583,0.256978,0.597246,0,0.000504,0
0.041683,0.06042,0.054471,0.392879,0.174781,0.30353,0.441845,0.229299,0.576301,0,0.000446,0
0.042086,0.061524,0.055312,0.3942,0.176962,0.304984,0.449608,0.233877,0.580208,0,0.000458,0
0.043315,0.062766,0.056611,0.395377,0.178225,0.306046,0.44495,0.235773,0.579882,0,0.000458,0
0.044802,0.066297,0.059475,0.398802,0.184382,0.309936,0.464319,0.250283,0.592381,0,0.00049,0
0.044358,0.065687,0.058917,0.39809,0.183686,0.309233,0.463904,0.249895,0.591822,0,0.000488,0
0.043944,0.064919,0.058221,0.397656,0.181725,0.308754,0.46125,0.242349,0.589212,0,0.000476,0
0.045687,0.067477,0.060555,0.400293,0.185488,0.311394,0.464845,0.249905,0.593277,0,0.00049,0
0.042363,0.061458,0.055414,0.393929,0.176755,0.304598,0.444058,0.234933,0.578662,0,0.000455,0
0.046575,0.068732,0.061704,0.401697,0.187185,0.312794,0.465976,0.251831,0.594615,0,0.000494,0
0.04324,0.06223,0.056221,0.395131,0.177219,0.305623,0.439905,0.232051,0.576073,0,0.000451,0
0.047327,0.070201,0.063024,0.403043,0.189514,0.314467,0.469303,0.257653,0.598221,0,0.000506,0
0.047546,0.070287,0.063107,0.403277,0.189233,0.314501,0.468408,0.255297,0.597426,0,0.000501,0
0.046451,0.068919,0.06185,0.401561,0.187876,0.312913,0.468122,0.255981,0.596792,0,0.000501,0
0.044562,0.066403,0.059548,0.398601,0.185163,0.310066,0.466713,0.255227,0.594715,0,0.000498,0
0.045041,0.066981,0.060077,0.399302,0.185658,0.310672,0.4668,0.254742,0.595001,0,0.000498,0
0.044523,0.06635,0.059499,0.398545,0.185103,0.310009,0.466676,0.255191,0.594663,0,0.000498,0
0.044387,0.066084,0.059256,0.398195,0.184617,0.309592,0.466195,0.254181,0.594197,0,0.000496,0
0.04329,0.064656,0.05795,0.396507,0.183151,0.308007,0.465528,0.254123,0.593123,0,0.000495,0
0.043866,0.06352,0.057345,0.395815,0.179568,0.306563,0.444348,0.23945,0.580494,0,0.000464,0
0.04556,0.067774,0.060803,0.40016,0.186724,0.311624,0.467654,0.256113,0.595999,0,0.000501,0
0.046497,0.068982,0.061908,0.401591,0.187938,0.312954,0.46817,0.256031,0.596869,0,0.000502,0
0.042718,0.061943,0.055902,0.394229,0.177948,0.305048,0.443363,0.23854,0.579209,0,0.000461,0
0.042371,0.062014,0.055797,0.394667,0.178902,0.305684,0.450305,0.241328,0.582189,0,0.000469,0
0.0387,0.056971,0.051182,0.389093,0.173345,0.300216,0.446964,0.23821,0.577714,0,0.000459,0
0.043831,0.065185,0.058438,0.398005,0.183889,0.309424,0.465171,0.252298,0.593168,0,0.000492,0
0.045544,0.067537,0.06059,0.400502,0.186403,0.311847,0.466688,0.253708,0.595179,0,0.000496,0
0.0229,0.032121,0.029105,0.035053,0.057258,0.03645,0.102928,0.169672,0.262183,0,0.000235,0
0.026426,0.037189,0.033552,0.040414,0.066136,0.041994,0.107187,0.17749,0.266768,0,0.000273,0
0.021697,0.030321,0.027552,0.033486,0.051365,0.034602,0.100058,0.160037,0.25976,0,0.0002,0
0.02495,0.034918,0.031696,0.038456,0.059727,0.039784,0.104658,0.169868,0.264924,0,0.000232,0
0.022353,0.031217,0.02835,0.034448,0.053245,0.035636,0.101081,0.162553,0.260931,0,0.000209,0
0.020633,0.029129,0.026415,0.031821,0.050266,0.033083,0.101507,0.161893,0.260772,0,0.000202,0
0.022291,0.031629,0.028676,0.034246,0.055582,0.035606,0.105025,0.171829,0.264049,0,0.000229,0
0.023835,0.033551,0.030368,0.036431,0.060463,0.037903,0.104767,0.174579,0.263797,0,0.000253,0
0.021759,0.030638,0.027789,0.033299,0.055021,0.034629,0.102283,0.169606,0.261101,0,0.000229,0
0.023974,0.033778,0.03054,0.036614,0.061342,0.038153,0.10502,0.175225,0.264002,0,0.000257,0
0.020755,0.029032,0.026324,0.031832,0.051568,0.033135,0.09967,0.162101,0.258793,0,0.000211,0
0.024948,0.034915,0.031693,0.038453,0.059718,0.03978,0.10459,0.169827,0.264819,0,0.000232,0
0.028767,0.040274,0.036468,0.044336,0.068213,0.045816,0.108773,0.176674,0.269706,0,0.000264,0
0.028475,0.039842,0.036096,0.043884,0.067472,0.045339,0.108522,0.176298,0.269425,0,0.000261,0
0.032219,0.045401,0.040951,0.049545,0.077337,0.051133,0.11373,0.187033,0.274548,0,0.000308,0
0.030751,0.043131,0.038989,0.047363,0.072954,0.048879,0.111335,0.18135,0.272412,0,0.000285,0
0.030017,0.042503,0.038207,0.045925,0.074569,0.047587,0.111874,0.18596,0.271745,0,0.000309,0
0.027172,0.03853,0.034694,0.041524,0.069996,0.043157,0.109605,0.184594,0.268414,0,0.000299,0
0.028074,0.03977,0.035828,0.042974,0.071416,0.044593,0.110452,0.185387,0.269561,0,0.000301,0
0.031249,0.044583,0.039928,0.047834,0.078883,0.049522,0.114276,0.191479,0.273632,0,0.000334,0
0.029313,0.0418,0.037464,0.044783,0.075395,0.046471,0.11234,0.189284,0.271198,0,0.000324,0
0.038857,0.053327,0.048626,0.0613,0.076549,0.062215,0.089911,0.157899,0.2733,0,0.000226,0
0.034259,0.047279,0.043023,0.053712,0.071428,0.054808,0.093096,0.163077,0.271327,0,0.000233,0
0.037311,0.051189,0.046687,0.058825,0.073481,0.059702,0.088387,0.15621,0.271295,0,0.00022,0
0.031283,0.043281,0.039394,0.048985,0.065979,0.050063,0.092118,0.162449,0.26953,0,0.00022,0
0.038899,0.053467,0.048649,0.061133,0.078819,0.062227,0.090555,0.161299,0.27344,0,0.000246,0
0.037838,0.052167,0.047426,0.059295,0.078187,0.060471,0.091253,0.165197,0.273721,0,0.000251,0
0.033804,0.046997,0.042575,0.052545,0.07488,0.053915,0.09487,0.171827,0.271971,0,0.000268,0
0.031218,0.0435,0.039442,0.048397,0.070854,0.049784,0.110026,0.174889,0.271974,0,0.000261,0
0.035277,0.04874,0.044285,0.055222,0.074453,0.056442,0.094327,0.165621,0.272609,0,0.000247,0
0.028444,0.039736,0.036074,0.043959,0.065971,0.045272,0.108083,0.174488,0.26912,0,0.00025,0
0.031953,0.044718,0.040497,0.049361,0.0742,0.050798,0.112252,0.181653,0.273802,0,0.000282,0
0.031521,0.043339,0.039502,0.049784,0.063177,0.050658,0.08778,0.148427,0.265913,0,0.000193,0
0.025927,0.035981,0.032743,0.040754,0.055274,0.041728,0.101654,0.151624,0.263543,0,0.000185,0
0.025361,0.035467,0.032216,0.039126,0.059703,0.040381,0.104823,0.169735,0.265103,0,0.000231,0
0.029377,0.040889,0.037158,0.045675,0.06575,0.046908,0.107646,0.169877,0.269445,0,0.000236,0
0.022998,0.032103,0.029161,0.035484,0.054223,0.036658,0.101454,0.162916,0.261298,0,0.000211,0
0.023836,0.033236,0.030232,0.037076,0.053759,0.038145,0.101681,0.158822,0.262519,0,0.000196,0
0.02523,0.035018,0.03184,0.039542,0.055,0.040605,0.101205,0.152812,0.262653,0,0.00019,0
0.026789,0.042757,0.036329,0.044615,0.081125,0.048005,0.11473,0.193922,0.268742,0,0.000394,0
0.030513,0.048231,0.041343,0.050697,0.088687,0.054318,0.120297,0.203765,0.275151,0,0.000418,0
0.029116,0.046425,0.039595,0.047815,0.087159,0.051098,0.124159,0.209073,0.277274,0,0.00042,0
0.032438,0.051229,0.043988,0.053525,0.093269,0.057055,0.128279,0.214457,0.282257,0,0.000436,0
0.026619,0.042525,0.036116,0.044343,0.080858,0.047735,0.114543,0.193763,0.268483,0,0.000394,0
0.019623,0.032423,0.026902,0.033022,0.066411,0.036133,0.103183,0.173547,0.255706,0,0.000345,0
0.021576,0.035473,0.029683,0.036306,0.072277,0.039734,0.107639,0.185326,0.260026,0,0.000375,0
0.018168,0.030772,0.025378,0.031193,0.065114,0.034591,0.102432,0.171308,0.253847,0,0.000348,0
0.040422,0.063252,0.054913,0.066708,0.108556,0.070905,0.142575,0.233551,0.299055,0,0.000479,0
0.041591,0.064582,0.056156,0.068558,0.109749,0.072563,0.141785,0.231341,0.298574,0,0.000477,0
0.045299,0.06995,0.061043,0.074542,0.116227,0.078666,0.147139,0.237824,0.305228,0,0.000492,0
0.038868,0.060089,0.052149,0.063974,0.10372,0.067583,0.132905,0.221123,0.289538,0,0.000456,0
0.036588,0.056956,0.049283,0.06031,0.100133,0.063954,0.130769,0.219124,0.286649,0,0.00045,0
0.020264,0.033658,0.02802,0.034372,0.069347,0.03777,0.105213,0.177778,0.257122,0,0.000363,0
0.025241,0.040865,0.034621,0.042291,0.079745,0.045952,0.113149,0.195117,0.26636,0,0.000399,0
0.025882,0.041745,0.035427,0.043321,0.080754,0.046972,0.113767,0.195689,0.267203,0,0.000401,0
0.0352,0.054662,0.04725,0.058158,0.096253,0.061701,0.123733,0.208287,0.280119,0,0.000432,0
0.030757,0.053771,0.042778,0.05018,0.073442,0.052145,0.039201,0.056864,0.041936,0,0.000287,0
0.032897,0.060543,0.046583,0.052498,0.091859,0.05496,0.041716,0.061663,0.043915,0,0.000323,0
0.030998,0.054291,0.043119,0.050492,0.075226,0.052598,0.039489,0.057533,0.042137,0,0.000294,0
0.032714,0.048508,0.043482,0.054972,0.079433,0.05743,0.418107,0.211227,0.570193,0,0.000291,0
0.03285,0.048705,0.043661,0.055189,0.079745,0.057655,0.418608,0.212027,0.571358,0,0.000292,0
0.032761,0.048576,0.043544,0.055047,0.079541,0.057508,0.418281,0.211503,0.570596,0,0.000291,0
0.03361,0.049735,0.044593,0.056753,0.082665,0.059422,0.420578,0.214883,0.573038,0,0.000302,0
0.033548,0.049646,0.044513,0.056656,0.082527,0.05932,0.420365,0.214536,0.572539,0,0.000301,0
0.138161,0.435206,0.291705,0.692532,0.848426,0.826316,0.273362,0.326933,0.463814,0,0.000994,0
0.138161,0.435206,0.291705,0.692532,0.848426,0.826316,0.273362,0.326933,0.463814,0,0.000994,0
0.138161,0.435206,0.291705,0.692532,0.848426,0.826316,0.273362,0.326933,0.463814,0,0.000994,0
0.138161,0.435206,0.291705,0.692532,0.848426,0.826316,0.273362,0.326933,0.463814,0,0.000994,0
0.138161,0.435206,0.291705,0.692532,0.848426,0.826316,0.273362,0.326933,0.463814,0,0.000994,0
0.138161,0.435206,0.291705,0.692532,0.848426,0.826316,0.273362,0.326933,0.463814,0,0.000994,0
0.138161,0.435206,0.291705,0.692532,0.848426,0.826316,0.273362,0.326933,0.463814,0,0.000994,0
0.138161,0.435206,0.291705,0.692532,0.848426,0.826316,0.273362,0.326933,0.463814,0,0.000994,0
0.138161,0.435206,0.291705,0.692532,0.848426,0.826316,0.273362,0.326933,0.463814,0,0.000994,0
0.138161,0.435206,0.291705,0.692532,0.848426,0.826316,0.273362,0.326933,0.463814,0,0.000994,0
0.138161,0.435206,0.291705,0.692532,0.848426,0.826316,0.273362,0.326933,0.463814,0,0.000994,0
0.138161,0.435206,0.291705,0.692532,0.848426,0.826316,0.273362,0.326933,0.463814,0,0.000994,0
0.138161,0.435206,0.291705,0.692532,0.848426,0.826316,0.273362,0.326933,0.463814,0,0.000994,0
0.138161,0.435206,0.291705,0.692532,0.848426,0.826316,0.273362,0.326933,0.463814,0,0.000994,0
0.138161,0.435206,0.291705,0.692532,0.848426,0.826316,0.273362,0.326933,0.463814,0,0.000994,0
0.138161,0.435206,0.291705,0.692532,0.848426,0.826316,0.273362,0.326933,0.463814,0,0.000994,0
0.138161,0.435206,0.291705,0.692532,0.848426,0.826316,0.273362,0.326933,0.463814,0,0.000994,0
0.138161,0.435206,0.291705,0.692532,0.848426,0.826316,0.273362,0.326933,0.463814,0,0.000994,0
0.138161,0.435206,0.291705,0.692532,0.848426,0.826316,0.273362,0.326933,0.463814,0,0.000994,0
0.138161,0.435206,0.291705,0.692532,0.848426,0.826316,0.273362,0.326933,0.463814,0,0.000994,0
0.138161,0.435206,0.291705,0.692532,0.848426,0.826316,0.273362,0.326933,0.463814,0,0.000994,0
0.138161,0.435206,0.291705,0.692532,0.848426,0.826316,0.273362,0.326933,0.463814,0,0.000994,0
0.138161,0.435206,0.291705,0.692532,0.848426,0.826316,0.273362,0.326933,0.463814,0,0.000994,0
0.138161,0.435206,0.291705,0.692532,0.848426,0.826316,0.273362,0.326933,0.463814,0,0.000994,0
0.138161,0.435206,0.291705,0.692532,0.848426,0.826316,0.273362,0.326933,0.463814,0,0.000994,0
0.138161,0.435206,0.291705,0.692532,0.848426,0.826316,0.273362,0.326933,0.463814,0,0.000994,0
0.138161,0.435206,0.291705,0.692532,0.848426,0.826316,0.273362,0.326933,0.463814,0,0.000994,0
0.138161,0.435206,0.291705,0.692532,0.848426,0.826316,0.273362,0.326933,0.463814,0,0.000994,0
0.138161,0.435206,0.291705,0.692532,0.848426,0.826316,0.273362,0.326933,0.463814,0,0.000994,0
0.138161,0.435206,0.291705,0.692532,0.848426,0.826316,0.273362,0.326933,0.463814,0,0.000994,0
0.138161,0.435206,0.291705,0.692532,0.848426,0.826316,0.273362,0.326933,0.463814,0,0.000994,0
0.138161,0.435206,0.291705,0.692532,0.848426,0.826316,0.273362,0.326933,0.463814,0,0.000994,0
0.138161,0.435206,0.291705,0.692532,0.848426,0.826316,0.273362,0.326933,0.463814,0,0.000994,0
0.138161,0.435206,0.291705,0.692532,0.848426,0.826316,0.273362,0.326933,0.463814,0,0.000994,0
0.138161,0.435206,0.291705,0.692532,0.848426,0.826316,0.273362,0.326933,0.463814,0,0.000994,0
0.138161,0.435206,0.291705,0.692532,0.848426,0.826316,0.273362,0.326933,0.463814,0,0.000994,0
0.138161,0.435206,0.291705,0.692532,0.848426,0.826316,0.273362,0.326933,0.463814,0,0.000994,0
0.138161,0.435206,0.291705,0.692532,0.848426,0.826316,0.273362,0.326933,0.463814,0,0.000994,0
0.138161,0.435206,0.291705,0.692532,0.848426,0.826316,0.273362,0.326933,0.463814,0,0.000994,0
0.138161,0.435206,0.291705,0.692532,0.848426,0.826316,0.273362,0.326933,0.463814,0,0.000994,0
0.138161,0.435206,0.291705,0.692532,0.848426,0.826316,0.273362,0.326933,0.463814,0,0.000994,0
0.138161,0.435206,0.291705,0.692532,0.848426,0.826316,0.273362,0.326933,0.463814,0,0.000994,0
0.138161,0.435206,0.291705,0.692532,0.848426,0.826316,0.273362,0.326933,0.463814,0,0.000994,0
0.138161,0.435206,0.291705,0.692532,0.848426,0.826316,0.273362,0.326933,0.463814,0,0.000994,0
0.138161,0.435206,0.291705,0.692532,0.848426,0.826316,0.273362,0.326933,0.463814,0,0.000994,0
0.138161,0.435206,0.291705,0.692532,0.848426,0.826316,0.273362,0.326933,0.463814,0,0.000994,0
0.138161,0.435206,0.291705,0.692532,0.848426,0.826316,0.273362,0.326933,0.463814,0,0.000994,0
0.138161,0.435206,0.291705,0.692532,0.848426,0.826316,0.273362,0.326933,0.463814,0,0.000994,0
0.138161,0.435206,0.291705,0.692532,0.848426,0.826316,0.273362,0.326933,0.463814,0,0.000994,0
0.138161,0.435206,0.291705,0.692532,0.848426,0.826316,0.273362,0.326933,0.463814,0,0.000994,0
0.138161,0.435206,0.291705,0.692532,0.848426,0.826316,0.273362,0.326933,0.463814,0,0.000994,0
0.138161,0.435206,0.291705,0.692532,0.848426,0.826316,0.273362,0.326933,0.463814,0,0.000994,0
0.138161,0.435206,0.291705,0.692532,0.848426,0.826316,0.273362,0.326933,0.463814,0,0.000994,0
0.138161,0.435206,0.291705,0.692532,0.848426,0.826316,0.273362,0.326933,0.463814,0,0.000994,0
0.138161,0.435206,0.291705,0.692532,0.848426,0.826316,0.273362,0.326933,0.463814,0,0.000994,0
0.138161,0.435206,0.291705,0.692532,0.848426,0.826316,0.273362,0.326933,0.463814,0,0.000994,0
0.138161,0.435206,0.291705,0.692532,0.848426,0.826316,0.273362,0.326933,0.463814,0,0.000994,0
0.138161,0.435206,0.291705,0.692532,0.848426,0.826316,0.273362,0.326933,0.463814,0,0.000994,0
0.138161,0.435206,0.291705,0.692532,0.848426,0.826316,0.273362,0.326933,0.463814,0,0.000994,0
0.138161,0.435206,0.291705,0.692532,0.848426,0.826316,0.273362,0.326933,0.463814,0,0.000994,0
0.138161,0.435206,0.291705,0.692532,0.848426,0.826316,0.273362,0.326933,0.463814,0,0.000994,0
0.138161,0.435206,0.291705,0.692532,0.848426,0.826316,0.273362,0.326933,0.463814,0,0.000994,0
0.138161,0.435206,0.291705,0.692532,0.848426,0.826316,0.273362,0.326933,0.463814,0,0.000994,0
0.138161,0.435206,0.291705,0.692532,0.848426,0.826316,0.273362,0.326933,0.463814,0,0.000994,0
0.138161,0.435206,0.291705,0.692532,0.848426,0.826316,0.273362,0.326933,0.463814,0,0.000994,0
0.138161,0.435206,0.291705,0.692532,0.848426,0.826316,0.273362,0.326933,0.463814,0,0.000994,0
0.138161,0.435206,0.291705,0.692532,0.848426,0.826316,0.273362,0.326933,0.463814,0,0.000994,0
0.128726,0.419668,0.278424,0.623908,0.808743,0.801351,0.06577,0.244562,0.055657,0,0.000811,0
0.115944,0.402856,0.262861,0.041104,0.379376,0.049744,0.034028,0.07813,0.026123,0,0.000522,0
0.125491,0.415319,0.274483,0.235663,0.783389,0.70048,0.055513,0.207893,0.047206,0,0.000727,0
0.123768,0.413155,0.272264,0.145608,0.769958,0.225355,0.062276,0.25318,0.277767,0,0.000708,0
0.128,0.418273,0.277229,0.667058,0.814115,0.804899,0.245868,0.279144,0.444053,0,0.000824,0
0.125072,0.415209,0.273963,0.061699,0.7887,0.232941,0.243167,0.28275,0.444015,0,0.000776,0
0.127431,0.418018,0.276731,0.241163,0.80394,0.709056,0.24339,0.285076,0.444321,0,0.00081,0
0.129706,0.421049,0.279652,0.675115,0.816849,0.8082,0.069317,0.186116,0.053092,0,0.00084,0
0.121041,0.409294,0.26916,0.605832,0.606306,0.593125,0.041162,0.090601,0.031168,0,0.000598,0
0.126718,0.416733,0.275814,0.665898,0.8008,0.798913,0.056037,0.146323,0.043701,0,0.000767,0
0.120897,0.409007,0.268775,0.227736,0.754728,0.592001,0.041359,0.096845,0.031768,0,0.000617,0
0.117159,0.404378,0.264384,0.043414,0.381836,0.051652,0.035513,0.080785,0.027456,0,0.000532,0
0.128499,0.419212,0.278055,0.669512,0.809863,0.803326,0.062813,0.183324,0.050737,0,0.00081,0
0.132601,0.425057,0.28326,0.681643,0.831429,0.815121,0.088099,0.294353,0.277505,0,0.000915,0
0.13231,0.424596,0.282861,0.680677,0.829987,0.814227,0.085569,0.292501,0.276404,0,0.000908,0
0.131257,0.422992,0.281362,0.678352,0.82714,0.812612,0.195048,0.296385,0.447527,0,0.000893,0
0.129301,0.420139,0.278821,0.671828,0.818439,0.807355,0.186372,0.28301,0.4418,0,0.00085,0
0.131967,0.42394,0.28219,0.680589,0.83022,0.814185,0.088908,0.297542,0.379766,0,0.000911,0
0.123696,0.411525,0.271731,0.663498,0.799114,0.800367,0.239166,0.179674,0.432801,0,0.000721,0
0.123704,0.411207,0.271604,0.666764,0.798568,0.801226,0.232411,0.14997,0.203351,0,0.000712,0
0.117542,0.402076,0.264085,0.654773,0.766024,0.7898,0.223207,0.10293,0.194665,0,0.000559,0
0.122176,0.408956,0.269978,0.659622,0.788847,0.797291,0.244014,0.25612,0.439873,0,0.000677,0
0.119387,0.404425,0.266235,0.657657,0.774597,0.792552,0.224417,0.107235,0.195776,0,0.000592,0
0.118105,0.402008,0.264548,0.660053,0.761805,0.790403,0.110392,0.0858,0.036619,0,0.000533,0
0.124,0.412052,0.27209,0.666113,0.799467,0.80103,0.231925,0.150774,0.20339,0,0.00072,0
0.120696,0.406174,0.267737,0.664013,0.781959,0.796217,0.1188,0.107911,0.128967,0,0.00062,0
0.118898,0.403496,0.265493,0.658959,0.77261,0.792079,0.113735,0.097504,0.039973,0,0.000578,0
0.12342,0.411472,0.271523,0.194786,0.798017,0.796063,0.245742,0.267195,0.442005,0,0.000736,0
0.126354,0.416062,0.275273,0.246033,0.80757,0.80041,0.247358,0.270619,0.443138,0,0.00079,0
0.126431,0.416236,0.275331,0.620601,0.80835,0.801389,0.245506,0.268655,0.441682,0,0.000795,0
0.126882,0.417266,0.276112,0.243691,0.808387,0.79964,0.249178,0.282355,0.446071,0,0.000804,0
0.125762,0.415882,0.274838,0.152742,0.804854,0.797321,0.249581,0.284306,0.446588,0,0.000786,0
0.126166,0.41552,0.274947,0.670992,0.808712,0.805461,0.240631,0.196964,0.333795,0,0.000773,0
0.127412,0.417267,0.276413,0.670752,0.813931,0.80654,0.245699,0.264904,0.439905,0,0.000812,0
0.129546,0.420465,0.279129,0.673011,0.820456,0.808651,0.247583,0.286592,0.445309,0,0.000859,0
0.130138,0.421443,0.279923,0.674531,0.82347,0.810192,0.250224,0.289942,0.446817,0,0.000875,0
0.127509,0.417494,0.276543,0.670956,0.813724,0.806327,0.242252,0.263744,0.438727,0,0.000812,0
0.138161,0.435206,0.291705,0.692532,0.848426,0.826316,0.273362,0.326933,0.463814,0,0.000994,0
0.138161,0.435206,0.291705,0.692532,0.848426,0.826316,0.273362,0.326933,0.463814,0,0.000994,0
0.138161,0.435206,0.291705,0.692532,0.848426,0.826316,0.273362,0.326933,0.463814,0,0.000994,0
0.138161,0.435206,0.291705,0.692532,0.848426,0.826316,0.273362,0.326933,0.463814,0,0.000994,0
0.138161,0.435206,0.291705,0.692532,0.848426,0.826316,0.273362,0.326933,0.463814,0,0.000994,0
0.138161,0.435206,0.291705,0.692532,0.848426,0.826316,0.273362,0.326933,0.463814,0,0.000994,0
0.138161,0.435206,0.291705,0.692532,0.848426,0.826316,0.273362,0.326933,0.463814,0,0.000994,0
0.138161,0.435206,0.291705,0.692532,0.848426,0.826316,0.273362,0.326933,0.463814,0,0.000994,0
0.138161,0.435206,0.291705,0.692532,0.848426,0.826316,0.273362,0.326933,0.463814,0,0.000994,0
0.138161,0.435206,0.291705,0.692532,0.848426,0.826316,0.273362,0.326933,0.463814,0,0.000994,0
0.138161,0.435206,0.291705,0.692532,0.848426,0.826316,0.273362,0.326933,0.463814,0,0.000994,0
0.138161,0.435206,0.291705,0.692532,0.848426,0.826316,0.273362,0.326933,0.463814,0,0.000994,0
0.138161,0.435206,0.291705,0.692532,0.848426,0.826316,0.273362,0.326933,0.463814,0,0.000994,0
0.138161,0.435206,0.291705,0.692532,0.848426,0.826316,0.273362,0.326933,0.463814,0,0.000994,0
0.138161,0.435206,0.291705,0.692532,0.848426,0.826316,0.273362,0.326933,0.463814,0,0.000994,0
0.138161,0.435206,0.291705,0.692532,0.848426,0.826316,0.273362,0.326933,0.463814,0,0.000994,0
0.138161,0.435206,0.291705,0.692532,0.848426,0.826316,0.273362,0.326933,0.463814,0,0.000994,0
0.138161,0.435206,0.291705,0.692532,0.848426,0.826316,0.273362,0.326933,0.463814,0,0.000994,0
0.138161,0.435206,0.291705,0.692532,0.848426,0.826316,0.273362,0.326933,0.463814,0,0.000994,0
0.138161,0.435206,0.291705,0.692532,0.848426,0.826316,0.273362,0.326933,0.463814,0,0.000994,0
0.138161,0.435206,0.291705,0.692532,0.848426,0.826316,0.273362,0.326933,0.463814,0,0.000994,0
0.138161,0.435206,0.291705,0.692532,0.848426,0.826316,0.273362,0.326933,0.463814,0,0.000994,0
0.138161,0.435206,0.291705,0.692532,0.848426,0.826316,0.273362,0.326933,0.463814,0,0.000994,0
0.138161,0.435206,0.291705,0.692532,0.848426,0.826316,0.273362,0.326933,0.463814,0,0.000994,0
0.138161,0.435206,0.291705,0.692532,0.848426,0.826316,0.273362,0.326933,0.463814,0,0.000994,0
0.138161,0.435206,0.291705,0.692532,0.848426,0.826316,0.273362,0.326933,0.463814,0,0.000994,0
0.138161,0.435206,0.291705,0.692532,0.848426,0.826316,0.273362,0.326933,0.463814,0,0.000994,0
0.138161,0.435206,0.291705,0.692532,0.848426,0.826316,0.273362,0.326933,0.463814,0,0.000994,0
0.138161,0.435206,0.291705,0.692532,0.848426,0.826316,0.273362,0.326933,0.463814,0,0.000994,0
0.138161,0.435206,0.291705,0.692532,0.848426,0.826316,0.273362,0.326933,0.463814,0,0.000994,0
0.138161,0.435206,0.291705,0.692532,0.848426,0.826316,0.273362,0.326933,0.463814,0,0.000994,0
0.138161,0.435206,0.291705,0.692532,0.848426,0.826316,0.273362,0.326933,0.463814,0,0.000994,0
0.138161,0.435206,0.291705,0.692532,0.848426,0.826316,0.273362,0.326933,0.463814,0,0.000994,0
0.138161,0.435206,0.291705,0.692532,0.848426,0.826316,0.273362,0.326933,0.463814,0,0.000994,0
0.138161,0.435206,0.291705,0.692532,0.848426,0.826316,0.273362,0.326933,0.463814,0,0.000994,0
0.138161,0.435206,0.291705,0.692532,0.848426,0.826316,0.273362,0.326933,0.463814,0,0.000994,0
0.138161,0.435206,0.291705,0.692532,0.848426,0.826316,0.273362,0.326933,0.463814,0,0.000994,0
0.138161,0.435206,0.291705,0.692532,0.848426,0.826316,0.273362,0.326933,0.463814,0,0.000994,0
0.138161,0.435206,0.291705,0.692532,0.848426,0.826316,0.273362,0.326933,0.463814,0,0.000994,0
0.138161,0.435206,0.291705,0.692532,0.848426,0.826316,0.273362,0.326933,0.463814,0,0.000994,0
0.138161,0.435206,0.291705,0.692532,0.848426,0.826316,0.273362,0.326933,0.463814,0,0.000994,0
0.138161,0.435206,0.291705,0.692532,0.848426,0.826316,0.273362,0.326933,0.463814,0,0.000994,0
0.138161,0.435206,0.291705,0.692532,0.848426,0.826316,0.273362,0.326933,0.463814,0,0.000994,0
0.138161,0.435206,0.291705,0.692532,0.848426,0.826316,0.273362,0.326933,0.463814,0,0.000994,0
0.138161,0.435206,0.291705,0.692532,0.848426,0.826316,0.273362,0.326933,0.463814,0,0.000994,0
0.138161,0.435206,0.291705,0.692532,0.848426,0.826316,0.273362,0.326933,0.463814,0,0.000994,0
0.138161,0.435206,0.291705,0.692532,0.848426,0.826316,0.273362,0.326933,0.463814,0,0.000994,0
0.138161,0.435206,0.291705,0.692532,0.848426,0.826316,0.273362,0.326933,0.463814,0,0.000994,0
0.138161,0.435206,0.291705,0.692532,0.848426,0.826316,0.273362,0.326933,0.463814,0,0.000994,0
0.138161,0.435206,0.291705,0.692532,0.848426,0.826316,0.273362,0.326933,0.463814,0,0.000994,0
0.138161,0.435206,0.291705,0.692532,0.848426,0.826316,0.273362,0.326933,0.463814,0,0.000994,0
0.138161,0.435206,0.291705,0.692532,0.848426,0.826316,0.273362,0.326933,0.463814,0,0.000994,0
0.138161,0.435206,0.291705,0.692532,0.848426,0.826316,0.273362,0.326933,0.463814,0,0.000994,0
0.138161,0.435206,0.291705,0.692532,0.848426,0.826316,0.273362,0.326933,0.463814,0,0.000994,0
0.138161,0.435206,0.291705,0.692532,0.848426,0.826316,0.273362,0.326933,0.463814,0,0.000994,0
0.138161,0.435206,0.291705,0.692532,0.848426,0.826316,0.273362,0.326933,0.463814,0,0.000994,0
0.138161,0.435206,0.291705,0.692532,0.848426,0.826316,0.273362,0.326933,0.463814,0,0.000994,0
0.138161,0.435206,0.291705,0.692532,0.848426,0.826316,0.273362,0.326933,0.463814,0,0.000994,0
0.138161,0.435206,0.291705,0.692532,0.848426,0.826316,0.273362,0.326933,0.463814,0,0.000994,0
0.138161,0.435206,0.291705,0.692532,0.848426,0.826316,0.273362,0.326933,0.463814,0,0.000994,0
0.138161,0.435206,0.291705,0.692532,0.848426,0.826316,0.273362,0.326933,0.463814,0,0.000994,0
0.138161,0.435206,0.291705,0.692532,0.848426,0.826316,0.273362,0.326933,0.463814,0,0.000994,0
0.138161,0.435206,0.291705,0.692532,0.848426,0.826316,0.273362,0.326933,0.463814,0,0.000994,0
0.138161,0.435206,0.291705,0.692532,0.848426,0.826316,0.273362,0.326933,0.463814,0,0.000994,0
0.138161,0.435206,0.291705,0.692532,0.848426,0.826316,0.273362,0.326933,0.463814,0,0.000994,0
0.138161,0.435206,0.291705,0.692532,0.848426,0.826316,0.273362,0.326933,0.463814,0,0.000994,0
0.138161,0.435206,0.291705,0.692532,0.848426,0.826316,0.273362,0.326933,0.463814,0,0.000994,0
0.138161,0.435206,0.291705,0.692532,0.848426,0.826316,0.273362,0.326933,0.463814,0,0.000994,0
0.138161,0.435206,0.291705,0.692532,0.848426,0.826316,0.273362,0.326933,0.463814,0,0.000994,0
0.138161,0.435206,0.291705,0.692532,0.848426,0.826316,0.273362,0.326933,0.463814,0,0.000994,0
0.138161,0.435206,0.291705,0.692532,0.848426,0.826316,0.273362,0.326933,0.463814,0,0.000994,0
0.138161,0.435206,0.291705,0.692532,0.848426,0.826316,0.273362,0.326933,0.463814,0,0.000994,0
0.138161,0.435206,0.291705,0.692532,0.848426,0.826316,0.273362,0.326933,0.463814,0,0.000994,0
0.138161,0.435206,0.291705,0.692532,0.848426,0.826316,0.273362,0.326933,0.463814,0,0.000994,0
0.138161,0.435206,0.291705,0.692532,0.848426,0.826316,0.273362,0.326933,0.463814,0,0.000994,0
0.138161,0.435206,0.291705,0.692532,0.848426,0.826316,0.273362,0.326933,0.463814,0,0.000994,0
0.138161,0.435206,0.291705,0.692532,0.848426,0.826316,0.273362,0.326933,0.463814,0,0.000994,0
0.138161,0.435206,0.291705,0.692532,0.848426,0.826316,0.273362,0.326933,0.463814,0,0.000994,0
0.138161,0.435206,0.291705,0.692532,0.848426,0.826316,0.273362,0.326933,0.463814,0,0.000994,0
0.138161,0.435206,0.291705,0.692532,0.848426,0.826316,0.273362,0.326933,0.463814,0,0.000994,0
0.138161,0.435206,0.291705,0.692532,0.848426,0.826316,0.273362,0.326933,0.463814,0,0.000994,0
0.138161,0.435206,0.291705,0.692532,0.848426,0.826316,0.273362,0.326933,0.463814,0,0.000994,0
0.138161,0.435206,0.291705,0.692532,0.848426,0.826316,0.273362,0.326933,0.463814,0,0.000994,0
0.138161,0.435206,0.291705,0.692532,0.848426,0.826316,0.273362,0.326933,0.463814,0,0.000994,0
0.138161,0.435206,0.291705,0.692532,0.848426,0.826316,0.273362,0.326933,0.463814,0,0.000994,0
0.138161,0.435206,0.291705,0.692532,0.848426,0.826316,0.273362,0.326933,0.463814,0,0.000994,0
0.138161,0.435206,0.291705,0.692532,0.848426,0.826316,0.273362,0.326933,0.463814,0,0.000994,0
0.138161,0.435206,0.291705,0.692532,0.848426,0.826316,0.273362,0.326933,0.463814,0,0.000994,0
0.138161,0.435206,0.291705,0.692532,0.848426,0.826316,0.273362,0.326933,0.463814,0,0.000994,0
0.138161,0.435206,0.291705,0.692532,0.848426,0.826316,0.273362,0.326933,0.463814,0,0.000994,0
0.138161,0.435206,0.291705,0.692532,0.848426,0.826316,0.273362,0.326933,0.463814,0,0.000994,0
0.138161,0.435206,0.291705,0.692532,0.848426,0.826316,0.273362,0.326933,0.463814,0,0.000994,0
0.138161,0.435206,0.291705,0.692532,0.848426,0.826316,0.273362,0.326933,0.463814,0,0.000994,0
0.138161,0.435206,0.291705,0.692532,0.848426,0.826316,0.273362,0.326933,0.463814,0,0.000994,0
0.138161,0.435206,0.291705,0.692532,0.848426,0.826316,0.273362,0.326933,0.463814,0,0.000994,0
0.138161,0.435206,0.291705,0.692532,0.848426,0.826316,0.273362,0.326933,0.463814,0,0.000994,0
0.138161,0.435206,0.291705,0.692532,0.848426,0.826316,0.273362,0.326933,0.463814,0,0.000994,0
0.138161,0.435206,0.291705,0.692532,0.848426,0.826316,0.273362,0.326933,0.463814,0,0.000994,0
0.138161,0.435206,0.291705,0.692532,0.848426,0.826316,0.273362,0.326933,0.463814,0,0.000994,0
0.138161,0.435206,0.291705,0.692532,0.848426,0.826316,0.273362,0.326933,0.463814,0,0.000994,0
0.138161,0.435206,0.291705,0.692532,0.848426,0.826316,0.273362,0.326933,0.463814,0,0.000994,0
0.138161,0.435206,0.291705,0.692532,0.848426,0.826316,0.273362,0.326933,0.463814,0,0.000994,0
0.138161,0.435206,0.291705,0.692532,0.848426,0.826316,0.273362,0.326933,0.463814,0,0.000994,0
0.138161,0.435206,0.291705,0.692532,0.848426,0.826316,0.273362,0.326933,0.463814,0,0.000994,0
0.138161,0.435206,0.291705,0.692532,0.848426,0.826316,0.273362,0.326933,0.463814,0,0.000994,0
0.138161,0.435206,0.291705,0.692532,0.848426,0.826316,0.273362,0.326933,0.463814,0,0.000994,0
0.138161,0.435206,0.291705,0.692532,0.848426,0.826316,0.273362,0.326933,0.463814,0,0.000994,0
0.138161,0.435206,0.291705,0.692532,0.848426,0.826316,0.273362,0.326933,0.463814,0,0.000994,0
0.138161,0.435206,0.291705,0.692532,0.848426,0.826316,0.273362,0.326933,0.463814,0,0.000994,0
0.138161,0.435206,0.291705,0.692532,0.848426,0.826316,0.273362,0.326933,0.463814,0,0.000994,0
0.138161,0.435206,0.291705,0.692532,0.848426,0.826316,0.273362,0.326933,0.463814,0,0.000994,0
0.138161,0.435206,0.291705,0.692532,0.848426,0.826316,0.273362,0.326933,0.463814,0,0.000994,0
0.138161,0.435206,0.291705,0.692532,0.848426,0.826316,0.273362,0.326933,0.463814,0,0.000994,0
0.138161,0.435206,0.291705,0.692532,0.848426,0.826316,0.273362,0.326933,0.463814,0,0.000994,0
0.138161,0.435206,0.291705,0.692532,0.848426,0.826316,0.273362,0.326933,0.463814,0,0.000994,0
0.138161,0.435206,0.291705,0.692532,0.848426,0.826316,0.273362,0.326933,0.463814,0,0.000994,0
0.138161,0.435206,0.291705,0.692532,0.848426,0.826316,0.273362,0.326933,0.463814,0,0.000994,0
0.138161,0.435206,0.291705,0.692532,0.848426,0.826316,0.273362,0.326933,0.463814,0,0.000994,0
0.138161,0.435206,0.291705,0.692532,0.848426,0.826316,0.273362,0.326933,0.463814,0,0.000994,0
0.138161,0.435206,0.291705,0.692532,0.848426,0.826316,0.273362,0.326933,0.463814,0,0.000994,0
0.138161,0.435206,0.291705,0.692532,0.848426,0.826316,0.273362,0.326933,0.463814,0,0.000994,0
0.137386,0.433568,0.290469,0.690907,0.845966,0.824582,0.271834,0.324551,0.46245,0,0.000983,0
0.137769,0.434384,0.291076,0.691615,0.847315,0.825288,0.272614,0.325915,0.463059,0,0.00099,0
0.137368,0.433422,0.290407,0.690926,0.845953,0.824596,0.271836,0.324594,0.462434,0,0.000983,0
0.136682,0.432025,0.289366,0.689771,0.843499,0.823433,0.270504,0.322066,0.46143,0,0.000969,0
0.135987,0.430133,0.288167,0.688802,0.841373,0.822413,0.269383,0.320125,0.460484,0,0.000957,0
0.136985,0.432688,0.289825,0.690205,0.844613,0.823876,0.27105,0.323154,0.461826,0,0.000976,0
0.137179,0.433041,0.290114,0.690568,0.845281,0.824239,0.271445,0.323898,0.462132,0,0.000979,0
0.137368,0.433422,0.290407,0.690926,0.845953,0.824596,0.271836,0.324594,0.462434,0,0.000983,0
0.137179,0.433041,0.290114,0.690568,0.845281,0.824239,0.271445,0.323898,0.462132,0,0.000979,0
0.136823,0.432045,0.289474,0.69003,0.844304,0.823671,0.270868,0.323005,0.461589,0,0.000975,0
0.136289,0.430797,0.288627,0.689236,0.842487,0.822856,0.269928,0.321213,0.46088,0,0.000964,0
0.137304,0.433039,0.29023,0.690976,0.845929,0.824647,0.271834,0.324636,0.462378,0,0.000983,0
0.137111,0.432606,0.289916,0.690627,0.845252,0.824298,0.271445,0.323968,0.462071,0,0.000979,0
0.137542,0.433729,0.290662,0.691308,0.846626,0.824986,0.272224,0.325283,0.462709,0,0.000986,0
0.137682,0.434247,0.290957,0.691473,0.846922,0.825172,0.27241,0.325466,0.462958,0,0.000988,0
0.137682,0.434247,0.290957,0.691473,0.846922,0.825172,0.27241,0.325466,0.462958,0,0.000988,0
0.137682,0.434247,0.290957,0.691473,0.846922,0.825172,0.27241,0.325466,0.462958,0,0.000988,0
0.137863,0.434661,0.291253,0.691819,0.847596,0.825512,0.272796,0.326125,0.463266,0,0.000991,0
0.137769,0.434384,0.291076,0.691615,0.847315,0.825288,0.272614,0.325915,0.463059,0,0.00099,0
0.137489,0.433814,0.290643,0.691124,0.846245,0.824822,0.272021,0.324798,0.462651,0,0.000984,0
0.137679,0.434195,0.290937,0.691482,0.846917,0.825179,0.272412,0.325494,0.462953,0,0.000988,0
0.137679,0.434195,0.290937,0.691482,0.846917,0.825179,0.272412,0.325494,0.462953,0,0.000988,0
0.137489,0.433814,0.290643,0.691124,0.846245,0.824822,0.272021,0.324798,0.462651,0,0.000984,0
0.136985,0.432688,0.289825,0.690205,0.844613,0.823876,0.27105,0.323154,0.461826,0,0.000976,0
0.137386,0.433568,0.290469,0.690907,0.845966,0.824582,0.271834,0.324551,0.46245,0,0.000983,0
0.137191,0.433283,0.290202,0.690522,0.845301,0.82419,0.271435,0.323768,0.46216,0,0.00098,0
0.137191,0.433283,0.290202,0.690522,0.845301,0.82419,0.271435,0.323768,0.46216,0,0.00098,0
0.137191,0.433283,0.290202,0.690522,0.845301,0.82419,0.271435,0.323768,0.46216,0,0.00098,0
0.137383,0.433717,0.290515,0.690871,0.845978,0.824539,0.271824,0.324436,0.462467,0,0.000983,0
0.137489,0.433814,0.290643,0.691124,0.846245,0.824822,0.272021,0.324798,0.462651,0,0.000984,0
0.137871,0.434629,0.29125,0.691832,0.847594,0.825529,0.272801,0.326162,0.46326,0,0.000991,0
0.137871,0.434629,0.29125,0.691832,0.847594,0.825529,0.272801,0.326162,0.46326,0,0.000991,0
0.137871,0.434629,0.29125,0.691832,0.847594,0.825529,0.272801,0.326162,0.46326,0,0.000991,0
0.137967,0.434838,0.291407,0.692058,0.847873,0.825782,0.272987,0.326411,0.463451,0,0.000992,0
0.137967,0.434838,0.291407,0.692058,0.847873,0.825782,0.272987,0.326411,0.463451,0,0.000992,0
0.137967,0.434838,0.291407,0.692058,0.847873,0.825782,0.272987,0.326411,0.463451,0,0.000992,0
0.137479,0.433926,0.290672,0.691098,0.846256,0.824792,0.272011,0.324685,0.462658,0,0.000984,0
0.137479,0.433926,0.290672,0.691098,0.846256,0.824792,0.272011,0.324685,0.462658,0,0.000984,0
0.137863,0.434661,0.291253,0.691819,0.847596,0.825512,0.272796,0.326125,0.463266,0,0.000991,0
0.137863,0.434661,0.291253,0.691819,0.847596,0.825512,0.272796,0.326125,0.463266,0,0.000991,0
0.137669,0.434308,0.290965,0.691456,0.846928,0.82515,0.272401,0.325381,0.46296,0,0.000988,0
0.137863,0.434661,0.291253,0.691819,0.847596,0.825512,0.272796,0.326125,0.463266,0,0.000991,0
0.135372,0.427308,0.286697,0.688533,0.841094,0.82206,0.269167,0.320194,0.460029,0,0.000958,0
0.133895,0.42175,0.283624,0.687683,0.838581,0.821114,0.268079,0.318194,0.459104,0,0.000944,0
0.133304,0.420527,0.282722,0.686652,0.836519,0.820043,0.266955,0.316143,0.458226,0,0.000932,0
0.13248,0.299796,0.280837,0.686134,0.835161,0.819452,0.266411,0.315126,0.457803,0,0.000926,0
0.128158,0.11937,0.227674,0.682812,0.826489,0.815759,0.262796,0.308104,0.455011,0,0.000878,0
0.133264,0.421261,0.28315,0.685973,0.834364,0.819327,0.266071,0.314065,0.457739,0,0.000918,0
0.129109,0.290382,0.275302,0.682047,0.823986,0.814912,0.261717,0.305391,0.454337,0,0.00086,0
0.104331,0.063254,0.07727,0.679196,0.815914,0.811616,0.258982,0.300085,0.452143,0,0.00082,0
0.101749,0.05739,0.073433,0.675984,0.804573,0.807671,0.255468,0.291979,0.449552,0,0.00076,0
0.034741,0.04693,0.043621,0.67081,0.787548,0.801488,0.251317,0.283048,0.446445,0,0.000694,0
0.025926,0.035082,0.032402,0.659506,0.661763,0.786782,0.242842,0.261924,0.439975,0,0.00055,0
0.032196,0.042588,0.040284,0.667057,0.769076,0.796388,0.247383,0.27261,0.443382,0,0.000625,0
0.136863,0.431664,0.289394,0.690448,0.844935,0.824086,0.271256,0.323745,0.461813,0,0.000978,0
0.136078,0.429231,0.287892,0.689568,0.843241,0.823165,0.270289,0.322184,0.460926,0,0.00097,0
0.136271,0.429664,0.288206,0.689917,0.843918,0.823514,0.270678,0.322852,0.461233,0,0.000974,0
0.136671,0.43123,0.28908,0.690099,0.844258,0.823736,0.270867,0.323077,0.461506,0,0.000975,0
0.136078,0.429231,0.287892,0.689568,0.843241,0.823165,0.270289,0.322184,0.460926,0,0.00097,0
0.135218,0.426345,0.28607,0.689015,0.842194,0.822566,0.269711,0.321289,0.460344,0,0.000966,0
0.135218,0.426345,0.28607,0.689015,0.842194,0.822566,0.269711,0.321289,0.460344,0,0.000966,0
0.136382,0.43067,0.288638,0.689502,0.843309,0.823109,0.270289,0.322114,0.461023,0,0.00097,0
0.097896,0.050526,0.068314,0.670499,0.77791,0.800279,0.249632,0.276797,0.44509,0,0.000655,0
0.13117,0.41627,0.279958,0.683255,0.826901,0.816329,0.262825,0.307061,0.455326,0,0.000871,0
0.135964,0.429308,0.287885,0.689064,0.842112,0.822631,0.269745,0.321087,0.460609,0,0.000963,0
0.134422,0.425598,0.285472,0.686966,0.836648,0.82042,0.267194,0.315977,0.458741,0,0.000929,0
0.038882,0.239,0.056288,0.666625,0.815641,0.805177,0.136586,0.252975,0.062103,0,0.000852,0
0.039953,0.240558,0.057681,0.665755,0.819221,0.805957,0.144668,0.292785,0.278407,0,0.000877,0
0.037246,0.236881,0.05402,0.570601,0.809307,0.799526,0.140293,0.281385,0.274126,0,0.000842,0
0.032853,0.060444,0.045094,0.664313,0.796192,0.796747,0.222695,0.207733,0.333167,0,0.000788,0
0.028932,0.050102,0.038725,0.56625,0.488095,0.630051,0.242646,0.265661,0.437428,0,0.000731,0
0.032605,0.061883,0.045455,0.571192,0.79637,0.794607,0.222169,0.207153,0.333076,0,0.000786,0
0.032223,0.061485,0.044997,0.191114,0.793641,0.790607,0.222047,0.212164,0.333768,0,0.000784,0
0.032631,0.062068,0.045517,0.14494,0.793257,0.788503,0.224135,0.277191,0.337815,0,0.000792,0
0.029728,0.057228,0.041465,0.056321,0.776124,0.410723,0.218794,0.211391,0.332452,0,0.00074,0
0.020871,0.036474,0.027984,0.033368,0.115259,0.041263,0.22132,0.241454,0.425726,0,0.000549,0
0.024101,0.043275,0.032645,0.040147,0.447244,0.050531,0.230827,0.25478,0.431365,0,0.000626,0
0.029692,0.055318,0.040964,0.053693,0.774723,0.408972,0.23897,0.276148,0.337946,0,0.00074,0
0.023135,0.040589,0.031059,0.037408,0.442615,0.047854,0.225505,0.253322,0.429429,0,0.000604,0
0.020754,0.035917,0.027822,0.032278,0.108202,0.039163,0.22095,0.24827,0.427651,0,0.000535,0
0.021377,0.037153,0.028635,0.033829,0.116543,0.041805,0.221206,0.246755,0.426945,0,0.000557,0
0.021695,0.037743,0.029072,0.037299,0.121985,0.045525,0.227874,0.245648,0.428648,0,0.000574,0
0.044596,0.417908,0.111502,0.671315,0.817137,0.806592,0.069989,0.249919,0.057322,0,0.00085,0
0.039288,0.377022,0.087556,0.614487,0.790814,0.705207,0.053361,0.143238,0.042437,0,0.000739,0
0.032925,0.368396,0.07988,0.138072,0.593228,0.213694,0.037822,0.085545,0.02908,0,0.000562,0
0.044937,0.418236,0.111897,0.669426,0.816751,0.805732,0.07086,0.256492,0.059752,0,0.00085,0
0.040381,0.412128,0.10627,0.235223,0.789506,0.702125,0.054791,0.153796,0.045061,0,0.000743,0
0.030738,0.39936,0.09461,0.038139,0.370992,0.045602,0.034102,0.077159,0.026566,0,0.000506,0
0.037329,0.40785,0.102526,0.143774,0.759371,0.221835,0.045672,0.115391,0.036674,0,0.000652,0
0.034225,0.403789,0.098725,0.046486,0.595294,0.21228,0.039745,0.096545,0.03142,0,0.000585,0
0.044316,0.401399,0.239014,0.038583,0.371806,0.046064,0.034491,0.077804,0.026904,0,0.000509,0
0.044756,0.402007,0.23952,0.0393,0.376143,0.047153,0.035401,0.080961,0.027683,0,0.000525,0
0.043974,0.400866,0.238529,0.038007,0.370861,0.045456,0.033814,0.076292,0.026256,0,0.000505,0
0.045785,0.403402,0.240779,0.042454,0.384299,0.05191,0.037015,0.086324,0.029007,0,0.00055,0
0.044756,0.402007,0.23952,0.0393,0.376143,0.047153,0.035401,0.080961,0.027683,0,0.000525,0
0.047178,0.405328,0.242524,0.044324,0.389323,0.054,0.040287,0.0995,0.032316,0,0.000581,0
0.044316,0.401399,0.239014,0.038583,0.371806,0.046064,0.034491,0.077804,0.026904,0,0.000509,0
0.047726,0.406105,0.243201,0.046401,0.596907,0.212718,0.041095,0.1012,0.032872,0,0.000595,0
0.045785,0.403402,0.240779,0.042454,0.384299,0.05191,0.037015,0.086324,0.029007,0,0.00055,0
0.049355,0.407998,0.24506,0.049737,0.75014,0.217033,0.043868,0.119676,0.035435,0,0.000627,0
0.042823,0.416434,0.10836,0.669777,0.822859,0.808702,0.088924,0.293552,0.277953,0,0.00089,0
0.044502,0.419101,0.111544,0.673459,0.825426,0.810799,0.089175,0.290044,0.277034,0,0.000898,0
0.068544,0.4251,0.260896,0.678996,0.831577,0.814571,0.09093,0.303645,0.38279,0,0.000922,0
0.047024,0.421564,0.114702,0.67766,0.82946,0.813315,0.087493,0.295889,0.278119,0,0.000912,0
0.043244,0.417077,0.109815,0.671638,0.819652,0.808067,0.076967,0.25485,0.060406,0,0.000866,0
0.035025,0.232039,0.050568,0.575378,0.802102,0.799344,0.131986,0.14884,0.139907,0,0.000786,0
0.037487,0.235331,0.053822,0.668871,0.811996,0.804794,0.132302,0.16939,0.056219,0,0.000827,0
0.036941,0.234112,0.053157,0.671365,0.804009,0.804142,0.127845,0.134941,0.051116,0,0.000772,0
0.03646,0.373781,0.083108,0.666022,0.790007,0.798111,0.059365,0.119683,0.042107,0,0.000728,0
0.039398,0.378191,0.087709,0.666511,0.804408,0.8014,0.061969,0.152596,0.047069,0,0.000787,0
0.037895,0.37602,0.084943,0.666948,0.801236,0.801159,0.065801,0.13692,0.047112,0,0.000774,0
0.040379,0.379486,0.087974,0.670588,0.816709,0.806838,0.07695,0.198882,0.05852,0,0.000851,0
0.056867,0.418245,0.254387,0.618016,0.805506,0.798222,0.067428,0.269026,0.181174,0,0.000811,0
0.055012,0.41565,0.252013,0.237238,0.794677,0.704464,0.059711,0.233538,0.050885,0,0.00077,0
0.067498,0.423463,0.259527,0.672777,0.823962,0.809467,0.084729,0.296867,0.380004,0,0.000888,0
0.068188,0.424621,0.260446,0.675139,0.829782,0.812452,0.17842,0.306726,0.449961,0,0.000917,0
0.055514,0.416566,0.252737,0.237223,0.797953,0.705391,0.064739,0.246952,0.056482,0,0.000789,0
0.068879,0.42564,0.261372,0.678899,0.832667,0.814833,0.180337,0.308958,0.451113,0,0.000929,0
0.052002,0.411697,0.248361,0.054134,0.767307,0.222866,0.051993,0.148367,0.043732,0,0.000695,0
0.050794,0.409995,0.246865,0.051796,0.756507,0.219501,0.048198,0.13793,0.040145,0,0.00066,0
0.047178,0.405328,0.242524,0.044324,0.389323,0.054,0.040287,0.0995,0.032316,0,0.000581,0
0.050469,0.409851,0.246513,0.051216,0.761255,0.219969,0.048644,0.140307,0.040552,0,0.000672,0
0.044316,0.401399,0.239014,0.038583,0.371806,0.046064,0.034491,0.077804,0.026904,0,0.000509,0
0.044316,0.401399,0.239014,0.038583,0.371806,0.046064,0.034491,0.077804,0.026904,0,0.000509,0
0.044756,0.402007,0.23952,0.0393,0.376143,0.047153,0.035401,0.080961,0.027683,0,0.000525,0
0.049204,0.408181,0.245062,0.048728,0.606223,0.215762,0.045276,0.117416,0.037264,0,0.00063,0
0.136249,0.431798,0.288821,0.688813,0.843075,0.822295,0.268072,0.319936,0.459056,0,0.000971,0
0.136223,0.431838,0.288811,0.688813,0.84308,0.822293,0.268036,0.319679,0.458997,0,0.000972,0
0.136249,0.431798,0.288821,0.688813,0.843075,0.822295,0.268072,0.319936,0.459056,0,0.000971,0
0.136438,0.432179,0.289114,0.689171,0.843747,0.822652,0.268462,0.320632,0.459358,0,0.000975,0
0.135531,0.430558,0.287801,0.687665,0.840655,0.821146,0.266659,0.316709,0.457908,0,0.000958,0
0.135133,0.429825,0.287228,0.687005,0.839295,0.820464,0.265907,0.31514,0.457282,0,0.00095,0
0.135133,0.429825,0.287228,0.687005,0.839295,0.820464,0.265907,0.31514,0.457282,0,0.00095,0
0.136033,0.431456,0.288518,0.688455,0.842409,0.821936,0.267646,0.318983,0.458696,0,0.000968,0
0.136033,0.431456,0.288518,0.688455,0.842409,0.821936,0.267646,0.318983,0.458696,0,0.000968,0
0.136223,0.431838,0.288811,0.688813,0.84308,0.822293,0.268036,0.319679,0.458997,0,0.000972,0
0.136523,0.432392,0.289268,0.689388,0.844035,0.822884,0.269287,0.320889,0.459857,0,0.000976,0
0.136738,0.432734,0.289571,0.689746,0.844702,0.823243,0.269713,0.321841,0.460218,0,0.000979,0
0.135953,0.431119,0.288333,0.688247,0.842119,0.821705,0.267496,0.319021,0.458548,0,0.000967,0
0.135953,0.431119,0.288333,0.688247,0.842119,0.821705,0.267496,0.319021,0.458548,0,0.000967,0
0.135658,0.430631,0.287934,0.687804,0.841038,0.821264,0.26693,0.317699,0.458123,0,0.00096,0
0.135953,0.431119,0.288333,0.688247,0.842119,0.821705,0.267496,0.319021,0.458548,0,0.000967,0
0.136261,0.431638,0.28878,0.688849,0.843062,0.822337,0.268092,0.320132,0.459056,0,0.000971,0
0.136454,0.432072,0.289094,0.689199,0.843739,0.822687,0.268481,0.3208,0.459363,0,0.000975,0
0.13635,0.431895,0.28894,0.68896,0.843463,0.822416,0.26829,0.320514,0.459179,0,0.000974,0
0.136544,0.43238,0.289283,0.689383,0.844034,0.82288,0.269318,0.321097,0.459912,0,0.000976,0
0.136748,0.432722,0.289576,0.689746,0.844701,0.823243,0.269723,0.321922,0.460236,0,0.000979,0
0.136642,0.432521,0.289408,0.689535,0.844414,0.823014,0.268868,0.321457,0.459682,0,0.000978,0
0.136942,0.433076,0.289864,0.69011,0.845369,0.823605,0.270118,0.322666,0.460542,0,0.000983,0
0.13635,0.431895,0.28894,0.68896,0.843463,0.822416,0.26829,0.320514,0.459179,0,0.000974,0
0.13592,0.431314,0.288378,0.688307,0.842024,0.821803,0.26787,0.318359,0.45885,0,0.000966,0
0.135687,0.430957,0.28805,0.687967,0.841353,0.821459,0.267333,0.316919,0.458324,0,0.000963,0
0.135783,0.431166,0.288206,0.688194,0.841631,0.821713,0.26752,0.317168,0.458514,0,0.000964,0
0.135687,0.430957,0.28805,0.687967,0.841353,0.821459,0.267333,0.316919,0.458324,0,0.000963,0
0.136619,0.432601,0.289424,0.689615,0.844313,0.823138,0.269474,0.321138,0.460048,0,0.000977,0
0.136344,0.432031,0.288988,0.68903,0.843357,0.822537,0.268275,0.320099,0.459264,0,0.000973,0
0.136627,0.432652,0.289461,0.689683,0.844205,0.823248,0.269936,0.320933,0.460469,0,0.000976,0
0.13592,0.431314,0.288378,0.688307,0.842024,0.821803,0.26787,0.318359,0.45885,0,0.000966,0
0.135808,0.431108,0.288201,0.688106,0.84174,0.821584,0.267181,0.317832,0.458272,0,0.000965,0
0.136225,0.431884,0.288841,0.688893,0.842976,0.822414,0.268665,0.319412,0.459394,0,0.000971,0
0.133452,0.427066,0.28497,0.684644,0.833349,0.818019,0.262589,0.305654,0.454473,0,0.000912,0
0.126659,0.415205,0.276006,0.675526,0.800658,0.807014,0.249066,0.26474,0.443258,0,0.000722,0
0.130685,0.421895,0.281157,0.680874,0.822036,0.813772,0.257037,0.292866,0.450296,0,0.000838,0
0.134581,0.429015,0.286497,0.686219,0.837548,0.819672,0.264776,0.311866,0.456268,0,0.00094,0
0.13401,0.428189,0.28574,0.685448,0.835789,0.818882,0.263433,0.307379,0.454937,0,0.00093,0
0.128466,0.419299,0.27859,0.678086,0.813352,0.810555,0.251201,0.253471,0.443504,0,0.000783,0
0.131947,0.424673,0.282982,0.682639,0.828027,0.815901,0.259354,0.294794,0.451516,0,0.000879,0
0.131947,0.424673,0.282982,0.682639,0.828027,0.815901,0.259354,0.294794,0.451516,0,0.000879,0
0.13498,0.429748,0.28707,0.686879,0.838909,0.820353,0.265528,0.313436,0.456894,0,0.000948,0
0.136506,0.432459,0.289284,0.689466,0.843929,0.823005,0.269698,0.320514,0.460203,0,0.000975,0
0.136079,0.431748,0.288668,0.688764,0.84259,0.822298,0.268766,0.318329,0.45937,0,0.000969,0
0.136273,0.432102,0.288956,0.689127,0.843258,0.822661,0.269161,0.319073,0.459676,0,0.000972,0
0.135843,0.431381,0.288332,0.688432,0.841914,0.821959,0.268096,0.316518,0.458671,0,0.000965,0
0.135653,0.431,0.288039,0.688074,0.841242,0.821602,0.267706,0.315822,0.458369,0,0.000962,0
0.136079,0.431748,0.288668,0.688764,0.84259,0.822298,0.268766,0.318329,0.45937,0,0.000969,0
0.129638,0.421351,0.280135,0.679665,0.818557,0.812462,0.253725,0.271721,0.445902,0,0.000817,0
0.123913,0.411407,0.272536,0.671721,0.791126,0.802698,0.237494,0.148079,0.429686,0,0.00066,0
0.132552,0.425811,0.283825,0.683469,0.830358,0.816773,0.26045,0.297363,0.452328,0,0.000894,0
0.134285,0.428761,0.286153,0.685978,0.836757,0.819443,0.264205,0.307665,0.455442,0,0.000936,0
0.133641,0.42779,0.285308,0.685112,0.834571,0.81855,0.262707,0.301757,0.453758,0,0.000923,0
0.135231,0.430329,0.287467,0.687411,0.839886,0.820908,0.266854,0.31345,0.457588,0,0.000954,0
0.134113,0.428434,0.285914,0.685665,0.836069,0.819123,0.26362,0.307626,0.455139,0,0.000931,0
0.134521,0.429128,0.28649,0.686309,0.837433,0.819782,0.264875,0.309476,0.456141,0,0.000939,0
0.121073,0.407235,0.268953,0.666906,0.773495,0.796576,0.116463,0.095961,0.041191,0,0.00058,0
0.124726,0.413178,0.273602,0.672684,0.797077,0.804172,0.23387,0.127106,0.202919,0,0.000692,0
0.12548,0.414267,0.27458,0.673816,0.800093,0.805471,0.240503,0.157857,0.432195,0,0.00071,0
0.120973,0.407041,0.268793,0.666673,0.773204,0.79633,0.11562,0.095562,0.040727,0,0.000579,0
0.13151,0.424309,0.282441,0.682138,0.827039,0.815367,0.256909,0.283345,0.447813,0,0.000876,0
0.133406,0.427415,0.284969,0.684783,0.833889,0.81821,0.261795,0.299605,0.452779,0,0.00092,0
0.128978,0.420421,0.27923,0.67877,0.816714,0.811525,0.249701,0.208315,0.440379,0,0.000808,0
0.129029,0.420505,0.279373,0.678821,0.816005,0.811455,0.251606,0.254341,0.443552,0,0.000802,0
0.133484,0.427276,0.28499,0.684677,0.834021,0.818102,0.262212,0.304398,0.45384,0,0.00092,0
0.131105,0.423685,0.281935,0.681561,0.825405,0.814718,0.256159,0.281274,0.44776,0,0.000864,0
0.120208,0.405822,0.267877,0.665442,0.766533,0.794466,0.114359,0.089857,0.039423,0,0.000551,0
0.133065,0.427641,0.284929,0.685115,0.832033,0.81841,0.259611,0.284117,0.449928,0,0.000901,0
0.127814,0.419381,0.278055,0.677354,0.810805,0.809614,0.240594,0.160668,0.209075,0,0.000769,0
0.120564,0.406817,0.268517,0.66598,0.76751,0.795034,0.114937,0.09075,0.039966,0,0.000556,0
0.132867,0.427209,0.284672,0.684651,0.830891,0.817964,0.260908,0.288993,0.452153,0,0.000892,0
0.133843,0.428593,0.285886,0.6859,0.834486,0.81934,0.263618,0.301118,0.455043,0,0.000915,0
0.135202,0.430631,0.287638,0.687914,0.839371,0.821525,0.267098,0.310788,0.457976,0,0.000946,0
0.130535,0.423468,0.281614,0.6813,0.821472,0.814188,0.2557,0.27356,0.447431,0,0.000832,0
0.121797,0.408099,0.269877,0.668615,0.77629,0.798456,0.228518,0.110218,0.198479,0,0.000596,0
0.127067,0.417802,0.277068,0.676369,0.805827,0.80832,0.245437,0.182546,0.436709,0,0.00074,0
0.128568,0.41994,0.278997,0.678446,0.811537,0.810707,0.25217,0.263673,0.444671,0,0.000774,0
0.135417,0.431045,0.287926,0.688438,0.840402,0.822017,0.26648,0.307611,0.456757,0,0.000953,0
0.135407,0.431083,0.287952,0.688581,0.840206,0.822146,0.265387,0.302882,0.455162,0,0.000951,0
0.134411,0.429639,0.286666,0.687247,0.836787,0.820684,0.262082,0.293714,0.451855,0,0.00093,0
0.130413,0.423888,0.281596,0.68135,0.821101,0.813958,0.246061,0.171989,0.213184,0,0.000834,0
0.122415,0.411031,0.271291,0.668437,0.775976,0.797973,0.11782,0.096837,0.042136,0,0.000603,0
0.128205,0.420734,0.278887,0.6778,0.808526,0.809416,0.133281,0.133104,0.139582,0,0.000769,0
0.132364,0.426799,0.284138,0.68436,0.828599,0.817326,0.254206,0.218071,0.343406,0,0.000879,0
0.135156,0.43064,0.287599,0.687923,0.839344,0.821505,0.266564,0.307588,0.457165,0,0.000947,0
0.129964,0.419679,0.27999,0.679974,0.815244,0.812254,0.256453,0.293758,0.450256,0,0.000809,0
0.131511,0.422059,0.28187,0.682058,0.825229,0.815028,0.259138,0.301853,0.452367,0,0.00086,0
0.132527,0.424385,0.283449,0.683445,0.828629,0.816509,0.260831,0.305447,0.453755,0,0.00088,0
0.134007,0.42643,0.285209,0.685424,0.835464,0.81874,0.263527,0.312675,0.455661,0,0.000927,0
0.133444,0.425618,0.284495,0.68459,0.833207,0.817889,0.262428,0.310013,0.454852,0,0.000911,0
0.132702,0.423962,0.283423,0.683711,0.829961,0.81682,0.26132,0.307509,0.454072,0,0.00089,0
0.134677,0.428562,0.286487,0.686392,0.837184,0.819824,0.265281,0.314053,0.457046,0,0.000934,0
0.135882,0.431081,0.288293,0.688221,0.841596,0.821726,0.267485,0.318486,0.458742,0,0.000962,0
0.135592,0.430535,0.287879,0.68778,0.840503,0.821285,0.266934,0.317317,0.458343,0,0.000955,0
0.135275,0.429587,0.287288,0.687234,0.839505,0.820699,0.266377,0.316652,0.457853,0,0.00095,0
0.136091,0.431364,0.288571,0.688587,0.842251,0.822088,0.267904,0.319464,0.459091,0,0.000965,0
0.135479,0.429929,0.287582,0.687597,0.840172,0.821061,0.266783,0.317476,0.458177,0,0.000953,0
0.130857,0.423444,0.281857,0.681473,0.822462,0.814434,0.257517,0.284334,0.44989,0,0.000839,0
0.135027,0.430259,0.287356,0.687446,0.838822,0.821015,0.266685,0.311028,0.45767,0,0.000944,0
0.133871,0.428211,0.285771,0.685579,0.834331,0.818998,0.263558,0.306532,0.455491,0,0.000914,0
0.135046,0.429927,0.287265,0.68716,0.838507,0.820659,0.265898,0.313822,0.45752,0,0.000941,0
0.134375,0.428087,0.286105,0.685995,0.835968,0.819395,0.264731,0.312573,0.45663,0,0.000926,0
0.136171,0.431724,0.288763,0.688797,0.842551,0.822329,0.26806,0.319404,0.45924,0,0.000967,0
0.135067,0.429728,0.287173,0.686981,0.83876,0.820486,0.26591,0.314758,0.457502,0,0.000945,0
0.137064,0.433269,0.290042,0.690326,0.845646,0.823848,0.270357,0.323085,0.460808,0,0.000984,0
0.137298,0.433649,0.290385,0.690769,0.8462,0.824345,0.27084,0.323888,0.461337,0,0.000986,0
0.137174,0.433449,0.290203,0.690561,0.845922,0.824114,0.270555,0.323401,0.461007,0,0.000985,0
0.136959,0.433075,0.289878,0.690105,0.84536,0.823608,0.269548,0.322688,0.460318,0,0.000983,0
0.136857,0.432829,0.289703,0.689888,0.84508,0.823367,0.269361,0.322441,0.460116,0,0.000981,0
0.136959,0.433075,0.289878,0.690105,0.84536,0.823608,0.269548,0.322688,0.460318,0,0.000983,0
0.136857,0.432829,0.289703,0.689888,0.84508,0.823367,0.269361,0.322441,0.460116,0,0.000981,0
0.136754,0.432621,0.289544,0.689783,0.844681,0.823292,0.269072,0.321849,0.45988,0,0.000979,0
0.13707,0.433255,0.290039,0.69034,0.845636,0.823873,0.269746,0.323004,0.460516,0,0.000984,0
0.136959,0.433075,0.289878,0.690105,0.84536,0.823608,0.269548,0.322688,0.460318,0,0.000983,0
0.136454,0.432059,0.289089,0.68919,0.843733,0.82267,0.268483,0.320837,0.459379,0,0.000975,0
0.13677,0.432693,0.289585,0.689747,0.844688,0.82325,0.269158,0.321991,0.460016,0,0.000979,0
0.136576,0.43234,0.289296,0.689384,0.84402,0.822888,0.268763,0.321247,0.45971,0,0.000976,0
0.136672,0.432549,0.289453,0.689611,0.844298,0.823142,0.268949,0.321496,0.4599,0,0.000977,0
0.136454,0.432059,0.289089,0.68919,0.843733,0.82267,0.268483,0.320837,0.459379,0,0.000975,0
0.13626,0.431706,0.288801,0.688827,0.843065,0.822308,0.268088,0.320093,0.459073,0,0.000971,0
0.136382,0.431911,0.288985,0.689027,0.843344,0.822529,0.268456,0.320634,0.45949,0,0.000972,0
0.13659,0.432412,0.289344,0.689447,0.84391,0.823001,0.268911,0.321213,0.459994,0,0.000975,0
0.13677,0.432693,0.289585,0.689747,0.844688,0.82325,0.269158,0.321991,0.460016,0,0.000979,0
0.137283,0.433678,0.29038,0.69076,0.846201,0.824333,0.270829,0.323821,0.461328,0,0.000986,0
0.136959,0.433075,0.289878,0.690105,0.84536,0.823608,0.269548,0.322688,0.460318,0,0.000983,0
0.137283,0.433678,0.29038,0.69076,0.846201,0.824333,0.270829,0.323821,0.461328,0,0.000986,0
0.137283,0.433678,0.29038,0.69076,0.846201,0.824333,0.270829,0.323821,0.461328,0,0.000986,0
0.136959,0.433075,0.289878,0.690105,0.84536,0.823608,0.269548,0.322688,0.460318,0,0.000983,0
0.136468,0.432207,0.28916,0.689247,0.843631,0.822779,0.268544,0.320672,0.459576,0,0.000974,0
0.137378,0.433867,0.290529,0.690995,0.846479,0.824597,0.271015,0.324076,0.461511,0,0.000987,0
0.136861,0.432931,0.289746,0.689969,0.84497,0.823499,0.26934,0.322192,0.460202,0,0.00098,0
0.137089,0.433325,0.290092,0.690397,0.845533,0.823971,0.270434,0.323077,0.461022,0,0.000982,0
0.137283,0.433678,0.29038,0.69076,0.846201,0.824333,0.270829,0.323821,0.461328,0,0.000986,0
0.136765,0.432841,0.289651,0.689894,0.844479,0.823492,0.269918,0.321676,0.460671,0,0.000977,0
0.136333,0.432177,0.289066,0.689245,0.843125,0.82282,0.269035,0.319584,0.459861,0,0.000969,0
0.135752,0.431119,0.288225,0.688209,0.841095,0.821758,0.267892,0.31731,0.458953,0,0.000958,0
0.136048,0.431607,0.288624,0.688653,0.842176,0.822199,0.268458,0.318633,0.459377,0,0.000965,0
0.136765,0.432841,0.289651,0.689894,0.844479,0.823492,0.269918,0.321676,0.460671,0,0.000977,0
0.136884,0.433048,0.289833,0.690091,0.844759,0.823709,0.270418,0.322236,0.46119,0,0.000978,0
0.136884,0.433048,0.289833,0.690091,0.844759,0.823709,0.270418,0.322236,0.46119,0,0.000978,0
0.137298,0.433774,0.290447,0.690909,0.845981,0.824584,0.271239,0.323666,0.461943,0,0.000984,0
0.136765,0.432841,0.289651,0.689894,0.844479,0.823492,0.269918,0.321676,0.460671,0,0.000977,0
0.136467,0.432212,0.289161,0.68924,0.843632,0.82277,0.268626,0.320727,0.459664,0,0.000974,0
0.135646,0.430918,0.288056,0.687998,0.840808,0.821529,0.267037,0.316845,0.458399,0,0.000957,0
0.136467,0.432212,0.289161,0.68924,0.843632,0.82277,0.268626,0.320727,0.459664,0,0.000974,0
0.13659,0.432412,0.289344,0.689447,0.84391,0.823001,0.268911,0.321213,0.459994,0,0.000975,0
0.136884,0.433048,0.289833,0.690091,0.844759,0.823709,0.270418,0.322236,0.46119,0,0.000978,0
0.137114,0.433382,0.290145,0.690454,0.845416,0.824082,0.270227,0.323143,0.461263,0,0.000981,0
0.137414,0.433937,0.290602,0.691029,0.846371,0.824673,0.271478,0.324352,0.462123,0,0.000986,0
0.136708,0.432619,0.289525,0.689644,0.84419,0.823218,0.269412,0.321773,0.460512,0,0.000976,0
0.136734,0.432629,0.289521,0.689681,0.844803,0.823136,0.269076,0.321955,0.459787,0,0.00098,0
0.136836,0.432875,0.289696,0.689898,0.845082,0.823376,0.269263,0.322201,0.459988,0,0.000981,0
0.136734,0.432629,0.289521,0.689681,0.844803,0.823136,0.269076,0.321955,0.459787,0,0.00098,0
0.136734,0.432629,0.289521,0.689681,0.844803,0.823136,0.269076,0.321955,0.459787,0,0.00098,0
0.13684,0.43283,0.28969,0.689893,0.845089,0.823364,0.269931,0.322419,0.46034,0,0.000981,0
0.136734,0.432629,0.289521,0.689681,0.844803,0.823136,0.269076,0.321955,0.459787,0,0.00098,0
0.136942,0.433076,0.289864,0.69011,0.845369,0.823605,0.270118,0.322666,0.460542,0,0.000983,0
0.137064,0.433269,0.290042,0.690326,0.845646,0.823848,0.270357,0.323085,0.460808,0,0.000984,0
0.042551,0.062866,0.056263,0.078224,0.163392,0.17753,0.447128,0.235972,0.587819,0,0.000395,0
0.039545,0.05864,0.052448,0.070141,0.128652,0.105915,0.439093,0.228437,0.582395,0,0.000361,0
0.047734,0.070665,0.063177,0.088988,0.174359,0.187803,0.458697,0.244645,0.596954,0,0.000426,0
0.042812,0.063236,0.05661,0.076374,0.160102,0.130662,0.445999,0.234148,0.587763,0,0.000383,0
0.047036,0.069694,0.062306,0.387071,0.179839,0.306636,0.460688,0.247701,0.596496,0,0.00045,0
0.046635,0.069199,0.061819,0.149872,0.177514,0.30444,0.460087,0.246696,0.596122,0,0.000443,0
0.046124,0.068444,0.061148,0.112727,0.173558,0.301487,0.4573,0.24361,0.59486,0,0.000425,0
0.041733,0.061732,0.055229,0.103241,0.163846,0.292513,0.446473,0.23563,0.586729,0,0.000397,0
0.042258,0.062474,0.055912,0.075484,0.159255,0.129799,0.445482,0.233659,0.58706,0,0.000381,0
0.038813,0.057634,0.051555,0.067225,0.12139,0.070339,0.435525,0.22385,0.580342,0,0.000339,0
0.041461,0.061272,0.054857,0.07322,0.13167,0.108968,0.440886,0.230112,0.584816,0,0.000367,0
0.032932,0.048783,0.043737,0.055329,0.079531,0.057755,0.417345,0.209692,0.567935,0,0.000289,0
0.033929,0.050131,0.044952,0.057552,0.084963,0.060543,0.419897,0.213991,0.570113,0,0.000306,0
0.033195,0.049134,0.044048,0.056094,0.08167,0.05873,0.418814,0.212203,0.569011,0,0.000298,0
0.041433,0.061331,0.054858,0.076429,0.161614,0.175732,0.446078,0.23499,0.586399,0,0.000392,0
0.038063,0.056605,0.050586,0.067761,0.12631,0.103552,0.437694,0.227125,0.580494,0,0.000357,0
0.033195,0.049133,0.044047,0.056093,0.081662,0.058728,0.418783,0.212168,0.568947,0,0.000298,0
0.03385,0.050024,0.044847,0.057516,0.110751,0.060732,0.419886,0.214227,0.569978,0,0.000308,0
0.033766,0.049907,0.044748,0.057291,0.084705,0.060284,0.419735,0.213834,0.569882,0,0.000305,0
0.048086,0.07037,0.063211,0.08212,0.135981,0.085096,0.444213,0.231987,0.592102,0,0.000364,0
0.04421,0.065047,0.058339,0.075894,0.129883,0.078928,0.440583,0.228587,0.587189,0,0.000354,0
0.050369,0.073628,0.066137,0.087272,0.142797,0.090127,0.452116,0.238755,0.597016,0,0.00039,0
0.046821,0.068738,0.06165,0.082671,0.141761,0.118223,0.449717,0.237513,0.592853,0,0.000392,0
0.04093,0.059758,0.053771,0.06852,0.093833,0.071039,0.42603,0.218955,0.578756,0,0.000319,0
0.034162,0.050472,0.045283,0.057305,0.081464,0.059712,0.418489,0.210757,0.569474,0,0.000292,0
0.033316,0.04931,0.04422,0.055946,0.080132,0.058366,0.417688,0.210008,0.568385,0,0.00029,0
0.040731,0.060268,0.053966,0.070306,0.124412,0.073392,0.437327,0.225538,0.582784,0,0.000344,0
0.035326,0.05206,0.046726,0.059516,0.085015,0.062119,0.42078,0.214038,0.571651,0,0.000304,0
0.041598,0.061466,0.05504,0.073043,0.129379,0.076472,0.440822,0.229677,0.584945,0,0.000363,0
0.035411,0.052167,0.046815,0.059933,0.087293,0.062901,0.421276,0.215281,0.571972,0,0.00031,0
0.051507,0.075855,0.067939,0.092637,0.151953,0.127713,0.460823,0.245755,0.601364,0,0.000421,0
0.049751,0.073444,0.065733,0.089817,0.149191,0.124919,0.459178,0.244215,0.599139,0,0.000416,0
0.043884,0.064707,0.057956,0.078095,0.161807,0.13238,0.447013,0.235098,0.589141,0,0.000385,0
0.048318,0.071469,0.063912,0.089928,0.175279,0.188733,0.459245,0.245159,0.597695,0,0.000427,0
0.047787,0.070748,0.063262,0.086804,0.170764,0.140624,0.457377,0.242641,0.596639,0,0.000413,0
0.049289,0.073411,0.064502,0.081221,0.108004,0.083465,0.062218,0.101918,0.070078,0,0.000381,0
0.0444,0.066555,0.058219,0.073448,0.100562,0.075884,0.057331,0.103429,0.063825,0,0.000369,0
0.042367,0.063733,0.055631,0.069884,0.099659,0.072534,0.057555,0.120659,0.063327,0,0.000385,0
0.043252,0.065051,0.056838,0.070993,0.103814,0.073821,0.061839,0.176224,0.067974,0,0.000411,0
0.041783,0.063179,0.055115,0.068416,0.103912,0.071453,0.065452,0.200863,0.164424,0,0.000428,0
0.044086,0.066859,0.058434,0.072277,0.110408,0.075684,0.130661,0.217966,0.290846,0,0.000458,0
0.045153,0.068724,0.0601,0.074113,0.11338,0.077762,0.136151,0.224913,0.295822,0,0.000471,0
0.047068,0.071753,0.062828,0.077152,0.117684,0.080987,0.142038,0.233849,0.302318,0,0.000487,0
0.046521,0.069538,0.060966,0.077011,0.101188,0.079116,0.057873,0.090377,0.065224,0,0.000354,0
0.040912,0.061807,0.053887,0.067865,0.093136,0.070115,0.053147,0.089259,0.058542,0,0.000347,0
0.0382,0.05807,0.05046,0.063513,0.08965,0.065898,0.050879,0.088495,0.055329,0,0.000344,0
0.037862,0.057584,0.050008,0.062757,0.091215,0.065324,0.052033,0.102334,0.056171,0,0.000361,0
0.038397,0.058371,0.050723,0.06337,0.095313,0.06622,0.056113,0.165578,0.060606,0,0.00039,0
0.040668,0.061708,0.05375,0.066635,0.103094,0.069773,0.106371,0.206,0.282653,0,0.000433,0
0.04335,0.066247,0.057834,0.071216,0.110543,0.074893,0.134462,0.223331,0.293536,0,0.000466,0
0.045554,0.0694,0.0607,0.074694,0.11466,0.078377,0.13874,0.229294,0.298447,0,0.000478,0
0.050974,0.075896,0.066776,0.083807,0.114877,0.086614,0.067713,0.134805,0.07597,0,0.000421,0
0.04772,0.071408,0.062668,0.078367,0.112117,0.081449,0.068333,0.196371,0.144882,0,0.000434,0
0.046385,0.069606,0.061009,0.076142,0.111087,0.07934,0.069697,0.2036,0.170748,0,0.00044,0
0.048661,0.0737,0.064658,0.079773,0.119034,0.083511,0.139165,0.228782,0.300981,0,0.000482,0
0.049418,0.074974,0.06578,0.080928,0.121385,0.084728,0.14463,0.236065,0.305852,0,0.000493,0
0.049407,0.075592,0.066206,0.081141,0.122689,0.085203,0.150978,0.241421,0.310419,0,0.000503,0
0.03888,0.058701,0.051129,0.06479,0.082596,0.066304,0.047123,0.067102,0.053318,0,0.000282,0
0.030244,0.046831,0.040237,0.050788,0.070671,0.052573,0.039555,0.062713,0.042637,0,0.000271,0
0.029071,0.045233,0.038748,0.048716,0.070712,0.050638,0.03933,0.066525,0.041619,0,0.000284,0
0.032442,0.04985,0.043,0.054319,0.074129,0.056071,0.041614,0.064642,0.045423,0,0.000277,0
0.030061,0.046687,0.040058,0.050196,0.074407,0.052251,0.041472,0.073474,0.043622,0,0.000303,0
0.034492,0.053015,0.04582,0.056915,0.090542,0.059935,0.054791,0.181655,0.126722,0,0.000392,0
0.342297,0.618882,0.510082,0.102125,0.172629,0.106512,0.076842,0.107052,0.084253,0,0.000542,0
0.342373,0.618919,0.510157,0.102184,0.172697,0.106539,0.076861,0.107113,0.084239,0,0.000542,0
0.342345,0.618922,0.510132,0.102126,0.172638,0.106513,0.076842,0.107051,0.084253,0,0.000542,0
0.342421,0.61896,0.510208,0.102185,0.172706,0.10654,0.076861,0.107112,0.084239,0,0.000542,0
0.342423,0.618987,0.51022,0.102263,0.172775,0.106618,0.076907,0.107156,0.084302,0,0.000543,0
0.342373,0.618919,0.510157,0.102184,0.172697,0.106539,0.076861,0.107113,0.084239,0,0.000542,0
0.342255,0.618371,0.509817,0.102318,0.172328,0.10664,0.076912,0.107142,0.084299,0,0.000542,0
0.342327,0.618522,0.509934,0.102313,0.172434,0.106637,0.076912,0.107154,0.084293,0,0.000542,0
0.342423,0.618987,0.51022,0.102263,0.172775,0.106618,0.076907,0.107156,0.084302,0,0.000543,0
0.342627,0.619109,0.510403,0.102374,0.172871,0.106705,0.076958,0.107237,0.084335,0,0.000543,0
0.342578,0.619068,0.510352,0.102373,0.172861,0.106704,0.076958,0.107238,0.084335,0,0.000543,0
0.342626,0.619133,0.510412,0.102449,0.172936,0.106779,0.077003,0.107279,0.084395,0,0.000543,0
0.342797,0.619561,0.510724,0.10244,0.173268,0.106778,0.077007,0.107326,0.084382,0,0.000544,0
0.342626,0.619133,0.510411,0.102449,0.172935,0.106779,0.077003,0.107279,0.084395,0,0.000543,0
0.138161,0.435206,0.291705,0.692532,0.848426,0.826316,0.273362,0.326933,0.463814,0,0.000994,0
0.138161,0.435206,0.291705,0.692532,0.848426,0.826316,0.273362,0.326933,0.463814,0,0.000994,0
0.138161,0.435206,0.291705,0.692532,0.848426,0.826316,0.273362,0.326933,0.463814,0,0.000994,0
0.138161,0.435206,0.291705,0.692532,0.848426,0.826316,0.273362,0.326933,0.463814,0,0.000994,0
0.138161,0.435206,0.291705,0.692532,0.848426,0.826316,0.273362,0.326933,0.463814,0,0.000994,0
0.138161,0.435206,0.291705,0.692532,0.848426,0.826316,0.273362,0.326933,0.463814,0,0.000994,0
0.138161,0.435206,0.291705,0.692532,0.848426,0.826316,0.273362,0.326933,0.463814,0,0.000994,0
0.138161,0.435206,0.291705,0.692532,0.848426,0.826316,0.273362,0.326933,0.463814,0,0.000994,0
0.138161,0.435206,0.291705,0.692532,0.848426,0.826316,0.273362,0.326933,0.463814,0,0.000994,0
0.138161,0.435206,0.291705,0.692532,0.848426,0.826316,0.273362,0.326933,0.463814,0,0.000994,0
0.138161,0.435206,0.291705,0.692532,0.848426,0.826316,0.273362,0.326933,0.463814,0,0.000994,0
0.138161,0.435206,0.291705,0.692532,0.848426,0.826316,0.273362,0.326933,0.463814,0,0.000994,0
0.138161,0.435206,0.291705,0.692532,0.848426,0.826316,0.273362,0.326933,0.463814,0,0.000994,0
0.138161,0.435206,0.291705,0.692532,0.848426,0.826316,0.273362,0.326933,0.463814,0,0.000994,0
0.138161,0.435206,0.291705,0.692532,0.848426,0.826316,0.273362,0.326933,0.463814,0,0.000994,0
0.138161,0.435206,0.291705,0.692532,0.848426,0.826316,0.273362,0.326933,0.463814,0,0.000994,0
0.138161,0.435206,0.291705,0.692532,0.848426,0.826316,0.273362,0.326933,0.463814,0,0.000994,0
0.138161,0.435206,0.291705,0.692532,0.848426,0.826316,0.273362,0.326933,0.463814,0,0.000994,0
0.138161,0.435206,0.291705,0.692532,0.848426,0.826316,0.273362,0.326933,0.463814,0,0.000994,0
0.138161,0.435206,0.291705,0.692532,0.848426,0.826316,0.273362,0.326933,0.463814,0,0.000994,0
0.138161,0.435206,0.291705,0.692532,0.848426,0.826316,0.273362,0.326933,0.463814,0,0.000994,0
0.138161,0.435206,0.291705,0.692532,0.848426,0.826316,0.273362,0.326933,0.463814,0,0.000994,0
0.138161,0.435206,0.291705,0.692532,0.848426,0.826316,0.273362,0.326933,0.463814,0,0.000994,0
0.138161,0.435206,0.291705,0.692532,0.848426,0.826316,0.273362,0.326933,0.463814,0,0.000994,0
0.138161,0.435206,0.291705,0.692532,0.848426,0.826316,0.273362,0.326933,0.463814,0,0.000994,0
0.138161,0.435206,0.291705,0.692532,0.848426,0.826316,0.273362,0.326933,0.463814,0,0.000994,0
0.138161,0.435206,0.291705,0.692532,0.848426,0.826316,0.273362,0.326933,0.463814,0,0.000994,0
0.138161,0.435206,0.291705,0.692532,0.848426,0.826316,0.273362,0.326933,0.463814,0,0.000994,0
0.138161,0.435206,0.291705,0.692532,0.848426,0.826316,0.273362,0.326933,0.463814,0,0.000994,0
0,0,0,0,0,0,0,0,0,0,0,0
0,0,0,0,0,0,0,0,0,0,0,0
0,0,0,0,0,0,0,0,0,0,0,0
0,0,0,0,0,0,0,0,0,0,0,0
0,0,0,0,0,0,0,0,0,0,0,0
0,0,0,0,0,0,0,0,0,0,0,0
0,0,0,0,0,0,0,0,0,0,0,0
0,0,0,0,0,0,0,0,0,0,0,0
0,0,0,0,0,0,0,0,0,0,0,0
0,0,0,0,0,0,0,0,0,0,0,0
0,0,0,0,0,0,0,0,0,0,0,0
0.341855,0.618009,0.509393,0.101114,0.171407,0.105406,0.076027,0.105903,0.083284,0,0.000539,0
0.328204,0.595884,0.490856,0.077651,0.137777,0.081075,0.057215,0.076839,0.063902,0,0.000398,0
0.340428,0.615814,0.507467,0.098513,0.167849,0.102698,0.07386,0.102163,0.081093,0,0.000524,0
0.34044,0.616076,0.507626,0.098817,0.169311,0.103132,0.074792,0.105014,0.081508,0,0.000536,0
0.342576,0.619065,0.51035,0.102369,0.172858,0.106701,0.076956,0.107236,0.084333,0,0.000543,0
0.342522,0.618965,0.510271,0.102205,0.172706,0.106538,0.07686,0.107145,0.084202,0,0.000543,0
0.342629,0.619129,0.510412,0.102449,0.172929,0.10678,0.077002,0.107278,0.084396,0,0.000543,0
0.342631,0.619138,0.510417,0.102449,0.172937,0.10678,0.077003,0.107279,0.084395,0,0.000543,0
0.342583,0.619075,0.510358,0.102369,0.172863,0.106701,0.076956,0.107237,0.084333,0,0.000543,0
0.342588,0.619076,0.510362,0.10237,0.17286,0.106701,0.076956,0.107236,0.084333,0,0.000543,0
0.342597,0.619079,0.51037,0.10237,0.172857,0.106702,0.076956,0.107235,0.084333,0,0.000543,0
0.342592,0.619079,0.510367,0.10237,0.172861,0.106701,0.076956,0.107236,0.084333,0,0.000543,0
0.3426,0.61909,0.510377,0.10237,0.172868,0.106701,0.076956,0.107236,0.084333,0,0.000543,0
0.342548,0.619101,0.510348,0.10235,0.172908,0.106684,0.076949,0.10724,0.084318,0,0.000543,0
0.342557,0.619073,0.510341,0.102352,0.172872,0.106685,0.076948,0.107233,0.084319,0,0.000543,0
0.342661,0.619163,0.510449,0.10245,0.172943,0.106781,0.077003,0.107279,0.084395,0,0.000543,0
0.342488,0.618946,0.510241,0.102204,0.172709,0.106537,0.07686,0.107147,0.084201,0,0.000543,0
0.342573,0.619063,0.510347,0.102369,0.172858,0.106701,0.076956,0.107236,0.084333,0,0.000543,0
0.342619,0.619115,0.510399,0.10245,0.172922,0.10678,0.077003,0.107278,0.084396,0,0.000543,0
0.342556,0.619025,0.51032,0.102284,0.172785,0.106616,0.076906,0.107189,0.084264,0,0.000543,0
0.342561,0.619027,0.510324,0.102294,0.172789,0.106626,0.076912,0.107194,0.084272,0,0.000543,0
0.34261,0.619095,0.510386,0.102373,0.172867,0.106705,0.076958,0.107237,0.084335,0,0.000543,0
0.342658,0.619161,0.510446,0.10245,0.172942,0.10678,0.077003,0.107279,0.084395,0,0.000543,0
0.342658,0.619161,0.510446,0.10245,0.172942,0.10678,0.077003,0.107279,0.084395,0,0.000543,0
0.342658,0.619161,0.510446,0.10245,0.172942,0.10678,0.077003,0.107279,0.084395,0,0.000543,0
0.341263,0.617614,0.508837,0.101326,0.171724,0.105668,0.076358,0.106693,0.083521,0,0.000541,0
0.342488,0.618931,0.510234,0.102189,0.172686,0.106522,0.076851,0.107137,0.08419,0,0.000543,0
0.342506,0.619009,0.510282,0.102187,0.172756,0.106522,0.076852,0.107148,0.084187,0,0.000543,0
0.343921,0.61939,0.511382,0.102467,0.172293,0.106772,0.076958,0.107101,0.084389,0,0.000542,0
0.344345,0.621679,0.512728,0.102454,0.174433,0.106808,0.077024,0.107442,0.084349,0,0.000545,0
0.342662,0.619289,0.510508,0.102443,0.173075,0.106777,0.077005,0.107301,0.084389,0,0.000543,0
0,0,0,0,0,0,0,0,0,0,0,0
0,0,0,0,0,0,0,0,0,0,0,0
0.333532,0.606479,0.498868,0.087493,0.158075,0.091798,0.068012,0.098298,0.072584,0,0.000515,0
0.341126,0.617067,0.508524,0.100022,0.170561,0.104375,0.075587,0.105954,0.08248,0,0.000539,0
0,0,0,0,0,0,0,0,0,0,0,0
0.337633,0.612272,0.504134,0.094419,0.165073,0.098825,0.07232,0.102894,0.078058,0,0.00053,0
0.341936,0.618184,0.509544,0.101333,0.171844,0.105674,0.076352,0.10667,0.083514,0,0.000541,0
0.342293,0.618674,0.509992,0.101931,0.172418,0.106266,0.0767,0.106995,0.083986,0,0.000542,0
0.046753,0.568479,0.152504,0.059012,0.127646,0.063547,0.050406,0.079619,0.05004,0,0.000448,0
0,0,0,0,0,0,0,0,0,0,0,0
0.340345,0.615978,0.507536,0.098717,0.169289,0.103083,0.074826,0.10524,0.08145,0,0.000537,0
0.342504,0.618937,0.510247,0.10219,0.17268,0.106523,0.076851,0.107135,0.08419,0,0.000543,0
0.34198,0.618224,0.509592,0.101344,0.171861,0.105685,0.076358,0.106675,0.083522,0,0.000541,0
0.166578,0.597166,0.487874,0.079049,0.149251,0.083689,0.063213,0.093509,0.066344,0,0.000498,0
0.341226,0.616719,0.50846,0.098722,0.169447,0.103084,0.074815,0.105218,0.081433,0,0.000537,0
0.050373,0.074767,0.066818,0.397276,0.138208,0.295714,0.468377,0.254377,0.602317,0,0.000476,0
0.069063,0.094861,0.086811,0.110944,0.108657,0.109911,0.064691,0.060589,0.087557,0,0.000184,0
0.069063,0.094861,0.086811,0.110944,0.108657,0.109911,0.064691,0.060589,0.087557,0,0.000184,0
0.069063,0.094861,0.086811,0.110944,0.108657,0.109911,0.064691,0.060589,0.087557,0,0.000184,0
0.034107,0.049277,0.044716,0.054229,0.077186,0.056424,0.125928,0.194997,0.28698,0,0.000284,0
0.023604,0.034455,0.030879,0.186039,0.098375,0.299367,0.244855,0.293526,0.503041,0,0.000429,0
0.016278,0.02477,0.022244,0.043295,0.049489,0.031241,0.225459,0.194646,0.484678,0,0.00022,0
0.014615,0.018486,0.017935,0.033066,0.030222,0.027471,0.123892,0.028413,0.056904,0,0.000104,0
0.042219,0.047025,0.049658,0.896854,0.123294,0.724249,0.16537,0.139865,0.225381,0,0.000419,0
0.56236,0.515092,0.607033,0.704052,0.375477,0.537832,0.090262,0.109149,0.087115,0,0.00053,0
0.06163,0.089846,0.081002,0.426031,0.212018,0.337238,0.482699,0.270197,0.616348,0,0.000544,0
0.06163,0.089846,0.081002,0.425974,0.212005,0.337197,0.482706,0.270211,0.616371,0,0.000544,0
0.061629,0.089845,0.081001,0.426028,0.212033,0.337251,0.482713,0.270216,0.616381,0,0.000544,0
0.561867,0.513731,0.606108,0.70357,0.374764,0.537298,0.089796,0.108533,0.086548,0,0.000527,0
0.562355,0.515083,0.607025,0.704058,0.375477,0.537835,0.090262,0.109149,0.087115,0,0.00053,0
0.56177,0.513484,0.605937,0.703498,0.374625,0.537208,0.089707,0.10841,0.086438,0,0.000526,0
0.562331,0.515037,0.606988,0.704085,0.37548,0.537855,0.090267,0.10915,0.087116,0,0.00053,0
0.561843,0.513686,0.606071,0.703597,0.374767,0.537318,0.089801,0.108534,0.086549,0,0.000527,0
0.562356,0.515087,0.607028,0.704064,0.375485,0.537843,0.090263,0.10915,0.087115,0,0.00053,0
0.56184,0.51368,0.606066,0.703601,0.374767,0.537321,0.089802,0.108534,0.086549,0,0.000527,0
0.562328,0.515032,0.606984,0.704089,0.37548,0.537857,0.090268,0.10915,0.087116,0,0.00053,0
0.332708,0.596424,0.493944,0.085367,0.147396,0.088131,0.060978,0.082194,0.068379,0,0.000425,0
0.333093,0.599594,0.495582,0.084813,0.148405,0.087813,0.06157,0.084034,0.068675,0,0.000438,0
0.329643,0.589166,0.488368,0.082637,0.142791,0.085221,0.058195,0.077794,0.065479,0,0.000404,0
0.331558,0.596951,0.49345,0.082314,0.144414,0.085297,0.059395,0.080593,0.066567,0,0.000419,0
0.328671,0.587177,0.486972,0.081325,0.138829,0.083787,0.0565,0.073996,0.064249,0,0.000377,0
0.330568,0.594994,0.492035,0.080927,0.140914,0.083843,0.057761,0.07716,0.065293,0,0.000397,0
0.334346,0.600705,0.496818,0.087592,0.151093,0.090577,0.063198,0.085568,0.070809,0,0.000443,0
0.334661,0.603715,0.498351,0.086944,0.151802,0.090156,0.063678,0.087228,0.071035,0,0.000453,0
0.331711,0.599117,0.494422,0.082656,0.14781,0.085923,0.06128,0.085446,0.067557,0,0.000449,0
0.329779,0.593138,0.490778,0.079766,0.137589,0.082575,0.056204,0.073739,0.06412,0,0.000377,0
0.329531,0.593509,0.490731,0.079343,0.138589,0.082208,0.056629,0.075415,0.06398,0,0.000388,0
0.049643,0.073828,0.065902,0.122753,0.183028,0.309968,0.466273,0.251566,0.601296,0,0.000458,0
0.060162,0.088007,0.079232,0.423654,0.209834,0.335008,0.481391,0.268879,0.614705,0,0.00054,0
0.3144,0.571761,0.471514,0.055164,0.111648,0.058322,0.041326,0.058602,0.045009,0,0.00032,0
0.060903,0.089025,0.080164,0.424806,0.210991,0.33616,0.48209,0.269538,0.61566,0,0.000542,0
0.02098,0.028817,0.026372,0.033703,0.033008,0.033389,0.019652,0.018406,0.026598,0,0.000056,0
0.031177,0.042822,0.039189,0.050083,0.04905,0.049616,0.029203,0.027351,0.039525,0,0.000083,0
0.033265,0.048116,0.043631,0.052785,0.076695,0.055072,0.125425,0.196117,0.286048,0,0.000289,0
0.029253,0.043202,0.037968,0.19682,0.50948,0.398757,0.253612,0.318064,0.509752,0,0.000592,0
0.029253,0.043202,0.037968,0.19682,0.50948,0.398757,0.253612,0.318064,0.509752,0,0.000592,0
0.048703,0.126978,0.063057,0.916696,0.80831,0.921848,0.179703,0.179931,0.235026,0,0.000721,0
0.052687,0.06421,0.063632,0.917578,0.799402,0.921463,0.179083,0.176142,0.235637,0,0.000671,0
0.562065,0.514687,0.606662,0.703578,0.375012,0.537362,0.089985,0.10889,0.086741,0,0.000529,0
0.06163,0.089846,0.081002,0.426031,0.212018,0.337238,0.482699,0.270197,0.616348,0,0.000544,0
0.06163,0.089846,0.081002,0.425974,0.212005,0.337197,0.482706,0.270211,0.616371,0,0.000544,0
0.06163,0.089846,0.081002,0.426031,0.212019,0.337239,0.482699,0.270198,0.616349,0,0.000544,0
0.56206,0.514677,0.606655,0.703584,0.375013,0.537366,0.089986,0.10889,0.086741,0,0.000529,0
0.562036,0.514632,0.606618,0.703611,0.375016,0.537386,0.089991,0.108891,0.086742,0,0.000529,0
0.562059,0.514674,0.606652,0.703577,0.375005,0.537358,0.089986,0.10889,0.086741,0,0.000529,0
0.562061,0.514681,0.606657,0.70359,0.37502,0.537374,0.089986,0.108891,0.086741,0,0.000529,0
0.562033,0.514627,0.606613,0.703615,0.375016,0.537388,0.089992,0.108892,0.086742,0,0.000529,0
0.32855,0.595546,0.490752,0.077084,0.143405,0.080396,0.058551,0.083975,0.063415,0,0.000449,0
0.325501,0.590737,0.486675,0.072115,0.136852,0.075459,0.054809,0.078875,0.059348,0,0.000425,0
0.324405,0.588832,0.485159,0.070419,0.133996,0.073757,0.053272,0.076294,0.057891,0,0.000411,0
0.33197,0.601593,0.495611,0.082748,0.149679,0.086233,0.062488,0.088328,0.068353,0,0.000466,0
0.331062,0.598201,0.493595,0.081627,0.14677,0.084904,0.060679,0.084879,0.066746,0,0.000447,0
0.330552,0.599731,0.493859,0.080435,0.147997,0.083944,0.061408,0.088011,0.066592,0,0.000467,0
0.33178,0.603026,0.496137,0.083533,0.152167,0.087526,0.064286,0.092139,0.069422,0,0.000487,0
0.331433,0.602611,0.495739,0.082997,0.151988,0.086997,0.064188,0.09254,0.069041,0,0.000489,0
0.323181,0.587153,0.483622,0.06846,0.132076,0.071816,0.05213,0.075224,0.056345,0,0.000408,0
0.052343,0.075342,0.068206,0.084402,0.114709,0.087295,0.147629,0.227331,0.312096,0,0.000404,0
0.048557,0.070143,0.063447,0.078321,0.108753,0.081271,0.144083,0.22401,0.307297,0,0.000394,0
0.054299,0.078122,0.070664,0.087417,0.119166,0.090386,0.149819,0.230747,0.314609,0,0.000421,0
0.052259,0.075444,0.068141,0.084093,0.116888,0.087095,0.148345,0.230567,0.312098,0,0.000425,0
0.056673,0.082273,0.074031,0.09181,0.127267,0.095133,0.154156,0.238998,0.318267,0,0.000464,0
0.054999,0.079973,0.071926,0.08912,0.124632,0.092468,0.152587,0.237529,0.316144,0,0.00046,0
0.056673,0.082273,0.074031,0.09181,0.127267,0.095133,0.154156,0.238998,0.318267,0,0.000464,0
0.055791,0.08114,0.072936,0.090344,0.126279,0.093721,0.153399,0.238557,0.317123,0,0.000465,0
0.056824,0.08259,0.074241,0.09199,0.127995,0.095362,0.154378,0.239521,0.318422,0,0.000469,0
0.056179,0.081885,0.073489,0.09092,0.127765,0.094308,0.154118,0.240086,0.317642,0,0.000475,0
0.044793,0.064351,0.058429,0.071876,0.096797,0.074307,0.137811,0.210637,0.301499,0,0.000335,0
0.046163,0.066854,0.060438,0.074475,0.10499,0.077461,0.14185,0.221922,0.304283,0,0.000388,0
0.049663,0.071909,0.064882,0.079905,0.113087,0.082976,0.145913,0.228422,0.308749,0,0.00042,0
0.05736,0.08363,0.075004,0.092757,0.130063,0.096157,0.15535,0.241616,0.319121,0,0.000483,0
0.056872,0.08296,0.07439,0.091973,0.129295,0.095381,0.154893,0.241188,0.318502,0,0.000481,0
0.051648,0.074699,0.06738,0.083027,0.116837,0.086127,0.147933,0.23085,0.311293,0,0.000431,0
0.06163,0.089846,0.081002,0.426025,0.212017,0.337233,0.482699,0.270199,0.61635,0,0.000544,0
0.06163,0.089846,0.081002,0.426025,0.212017,0.337233,0.482699,0.270199,0.61635,0,0.000544,0
0.06163,0.089846,0.081002,0.425974,0.212005,0.337197,0.482706,0.270211,0.616371,0,0.000544,0
0.06163,0.089846,0.081002,0.425974,0.212005,0.337197,0.482706,0.270211,0.616371,0,0.000544,0
0.06163,0.089846,0.081002,0.425974,0.212005,0.337197,0.482706,0.270211,0.616371,0,0.000544,0
0.06163,0.089846,0.081002,0.425974,0.212005,0.337197,0.482706,0.270211,0.616371,0,0.000544,0
0.06163,0.089846,0.081002,0.426025,0.212017,0.337233,0.482699,0.270199,0.61635,0,0.000544,0
0.06163,0.089846,0.081002,0.426025,0.212017,0.337233,0.482699,0.270199,0.61635,0,0.000544,0
0.322808,0.580147,0.479969,0.071891,0.131967,0.074487,0.052084,0.071729,0.056967,0,0.000384,0
0.318891,0.575387,0.475332,0.06618,0.126823,0.06906,0.04919,0.069617,0.052554,0,0.00038,0
0.323979,0.589522,0.485206,0.070585,0.134376,0.074079,0.053908,0.076558,0.057991,0,0.000415,0
0.052915,0.077526,0.069417,0.085618,0.123071,0.089084,0.151183,0.237715,0.313479,0,0.000471,0
0.05392,0.078783,0.07065,0.087292,0.124212,0.090714,0.152008,0.238107,0.314787,0,0.000469,0
0.055291,0.081381,0.072621,0.08946,0.128413,0.092927,0.15416,0.241906,0.316617,0,0.000491,0
0.06163,0.089846,0.081002,0.426025,0.212017,0.337233,0.482699,0.270199,0.61635,0,0.000544,0
0.06163,0.089846,0.081002,0.425987,0.212008,0.337206,0.482704,0.270207,0.616366,0,0.000544,0
0.06163,0.089846,0.081002,0.425974,0.211999,0.337191,0.4827,0.270203,0.616357,0,0.000544,0
0.06163,0.089846,0.081002,0.426032,0.212022,0.337243,0.482702,0.270202,0.616355,0,0.000544,0
0.061629,0.089846,0.081001,0.426013,0.212021,0.337232,0.482708,0.270211,0.616371,0,0.000544,0
0.06163,0.089846,0.081002,0.425987,0.212008,0.337206,0.482704,0.270207,0.616366,0,0.000544,0
0.543406,0.488099,0.582503,0.254555,0.325308,0.447825,0.055744,0.074689,0.05841,0,0.00038,0
0.549112,0.495771,0.589704,0.637213,0.342618,0.508401,0.06394,0.084886,0.065652,0,0.00043,0
0.538859,0.479732,0.574676,0.194979,0.315864,0.163056,0.052933,0.070424,0.055463,0,0.000356,0
0.542737,0.487515,0.581825,0.253533,0.325009,0.447457,0.055007,0.074035,0.057391,0,0.000378,0
0.3182,0.573659,0.47279,0.068298,0.132926,0.070946,0.0517,0.076331,0.054167,0,0.00042,0
0.325957,0.591118,0.48718,0.073975,0.141607,0.077345,0.057357,0.084555,0.060536,0,0.000457,0
0.323049,0.586092,0.481852,0.073302,0.139983,0.07652,0.05634,0.082572,0.059505,0,0.000448,0
0.118537,0.489972,0.426781,0.076548,0.13397,0.078775,0.052833,0.070959,0.059576,0,0.000376,0
0.31859,0.57379,0.473089,0.068725,0.132119,0.071361,0.051244,0.074549,0.054429,0,0.00041,0
0.324717,0.581501,0.480521,0.078582,0.140515,0.081095,0.056335,0.078106,0.062015,0,0.000415,0
0.048849,0.069932,0.063511,0.078344,0.104034,0.080807,0.141782,0.215229,0.3067,0,0.000352,0
0.044316,0.063565,0.057711,0.071024,0.095898,0.073544,0.13685,0.208917,0.300685,0,0.000331,0
0.050918,0.072856,0.066131,0.081565,0.10892,0.084067,0.144333,0.219634,0.309525,0,0.00037,0
0.04702,0.067482,0.061182,0.075204,0.103338,0.077868,0.14069,0.216817,0.304568,0,0.000365,0
0.040267,0.057739,0.05246,0.064126,0.086879,0.066228,0.131714,0.200411,0.294816,0,0.0003,0
0.032196,0.046531,0.042266,0.051517,0.06967,0.053462,0.121977,0.18236,0.283424,0,0.000243,0
0.041814,0.060284,0.054664,0.067034,0.093602,0.069664,0.135265,0.209388,0.297809,0,0.000335,0
0.052478,0.075564,0.068373,0.084579,0.115582,0.08754,0.147838,0.227962,0.312243,0,0.000409,0
0.050133,0.072164,0.065318,0.080709,0.110893,0.083698,0.145022,0.224039,0.309081,0,0.000394,0
0.271932,0.566196,0.463985,0.063833,0.124897,0.06637,0.047063,0.0678,0.050111,0,0.000378,0
0.114411,0.559317,0.46096,0.069059,0.117373,0.070904,0.045091,0.056001,0.052821,0,0.000282,0
0.272104,0.562483,0.462932,0.064727,0.115754,0.066769,0.043897,0.0569,0.04991,0,0.000295,0
0.275325,0.564456,0.46602,0.071496,0.124655,0.073623,0.048303,0.062717,0.055099,0,0.000328,0
0.276996,0.57123,0.469688,0.072823,0.128599,0.075082,0.050326,0.066541,0.056689,0,0.00035,0
0.268718,0.558724,0.458926,0.05899,0.112321,0.061216,0.041257,0.055907,0.045517,0,0.000304,0
0.264964,0.54764,0.452266,0.0548,0.100842,0.056569,0.036408,0.046811,0.041502,0,0.000244,0
0.267056,0.554991,0.456468,0.056814,0.105217,0.058684,0.038779,0.050725,0.043609,0,0.000265,0
0.05264,0.077489,0.069423,0.096548,0.128114,0.098332,0.464363,0.248382,0.603547,0,0.000432,0
0.049264,0.072862,0.065202,0.091134,0.121069,0.092784,0.46076,0.242773,0.598971,0,0.000415,0
0.048743,0.071395,0.064109,0.084578,0.113844,0.087181,0.450411,0.236381,0.594882,0,0.00038,0
0.042943,0.063439,0.056841,0.075269,0.102984,0.077775,0.444537,0.228645,0.587233,0,0.000357,0
0.052049,0.076679,0.068678,0.096019,0.129464,0.130103,0.463887,0.247614,0.602736,0,0.000433,0
0.051381,0.075771,0.067857,0.09493,0.126953,0.128865,0.462966,0.245325,0.601696,0,0.000425,0
0.043044,0.064318,0.057498,0.077869,0.089221,0.07752,0.428929,0.101964,0.208171,0,0.000264,0
0.040634,0.060844,0.054365,0.072639,0.084087,0.072861,0.424897,0.098249,0.204585,0,0.00025,0
0.036571,0.053783,0.048324,0.061208,0.084508,0.063502,0.420502,0.21131,0.572365,0,0.000294,0
0.039059,0.057993,0.051921,0.067267,0.091506,0.069551,0.434719,0.219309,0.580079,0,0.000321,0
0.056063,0.082651,0.074001,0.143589,0.143547,0.187078,0.473282,0.257779,0.609645,0,0.000479,0
0.054944,0.081119,0.072616,0.168027,0.141548,0.301205,0.471936,0.254627,0.607916,0,0.000472,0
0.056894,0.083706,0.075015,0.383649,0.148646,0.30628,0.474724,0.260396,0.610592,0,0.000496,0
0.0568,0.083661,0.074973,0.385006,0.14836,0.306682,0.475436,0.260781,0.610605,0,0.000498,0
0.054988,0.081181,0.072659,0.141883,0.141633,0.185361,0.472176,0.256055,0.608217,0,0.000475,0
0.054117,0.079994,0.071583,0.140467,0.138802,0.1838,0.471064,0.253588,0.60692,0,0.000467,0
0.052246,0.077644,0.069516,0.137487,0.121654,0.100094,0.463989,0.217423,0.599775,0,0.000406,0
0.04647,0.069437,0.062071,0.086629,0.096994,0.085029,0.435242,0.107786,0.213678,0,0.000287,0
0.001841,0.002529,0.002314,0.002958,0.002897,0.00293,0.001725,0.001615,0.002334,0,4.9107e-6,0
0.004212,0.005785,0.005294,0.006766,0.006626,0.006703,0.003945,0.003695,0.005339,0,0.000011,0
0.00788,0.011732,0.010232,0.022452,0.046154,0.023985,0.134495,0.099227,0.200723,0,0.00019,0
0.004098,0.006814,0.005881,0.013389,0.01433,0.011361,0.114052,0.017419,0.046868,0,0.00006,0
0.009257,0.014317,0.012835,0.015643,0.019722,0.01628,0.06489,0.029981,0.026542,0,0.000064,0
0.028189,0.041674,0.037175,0.145701,0.10061,0.097521,0.251324,0.304144,0.50945,0,0.000475,0
0.057087,0.084611,0.075203,0.092822,0.132535,0.096487,0.156667,0.245186,0.319285,0,0.000506,0
0.055386,0.081687,0.073191,0.410631,0.199828,0.324963,0.474911,0.261865,0.608776,0,0.00051,0
0.055935,0.082467,0.073887,0.385408,0.200108,0.325367,0.475363,0.262124,0.609493,0,0.000509,0
0.176998,0.478774,0.568781,0.66878,0.339033,0.505991,0.061047,0.080529,0.061876,0,0.000413,0
0.177009,0.481942,0.570662,0.676805,0.346215,0.514006,0.065413,0.083557,0.06856,0,0.000418,0
0.170369,0.47283,0.562313,0.666968,0.337129,0.504173,0.060318,0.07906,0.060545,0,0.000407,0
0.175514,0.479892,0.56878,0.67506,0.344805,0.512181,0.064613,0.083018,0.066857,0,0.000418,0
0.111628,0.472777,0.415539,0.070367,0.120273,0.072355,0.045887,0.057999,0.053881,0,0.0003,0
0.106653,0.466041,0.409301,0.062299,0.113125,0.0644,0.041448,0.054598,0.047586,0,0.000293,0
0.111503,0.472576,0.415358,0.070223,0.119727,0.07218,0.045684,0.057365,0.053719,0,0.000296,0
0.106378,0.465549,0.408909,0.06195,0.112021,0.064017,0.040979,0.053402,0.04724,0,0.000286,0
0.110054,0.467678,0.412769,0.068817,0.115424,0.070573,0.043943,0.053676,0.052418,0,0.000269,0
0.104397,0.460184,0.405713,0.059558,0.10791,0.061508,0.039002,0.050246,0.045206,0,0.000268,0
0.110746,0.470014,0.414064,0.069519,0.11722,0.071322,0.044804,0.055154,0.053067,0,0.00028,0
0.103632,0.460243,0.405122,0.058091,0.106028,0.06,0.03814,0.048913,0.044049,0,0.000261,0
0.108381,0.465409,0.410716,0.066241,0.110091,0.067802,0.041766,0.049737,0.050272,0,0.000243,0
0.102009,0.457073,0.40281,0.055837,0.100926,0.057568,0.036002,0.044998,0.042106,0,0.000235,0
0.106835,0.463268,0.408773,0.063767,0.107024,0.065289,0.04026,0.04806,0.04831,0,0.000236,0
0.098624,0.452006,0.398448,0.050569,0.094741,0.052276,0.032628,0.041178,0.037904,0,0.000217,0
0.113876,0.555688,0.459266,0.071567,0.122982,0.073636,0.047196,0.060623,0.054981,0,0.000314,0
0.108807,0.54876,0.452896,0.063376,0.115423,0.065541,0.042598,0.056858,0.048573,0,0.000305,0
0.104375,0.465406,0.407235,0.058116,0.11291,0.060394,0.040688,0.057039,0.044688,0,0.000321,0
0.095747,0.266633,0.393465,0.047399,0.087387,0.048728,0.029999,0.03667,0.035366,0,0.000186,0
0.095463,0.447535,0.394466,0.045562,0.088069,0.047143,0.029507,0.037533,0.033942,0,0.0002,0
0.100911,0.460255,0.402821,0.052795,0.103599,0.054918,0.03617,0.049022,0.040201,0,0.000274,0
0.100173,0.460269,0.402273,0.051377,0.101953,0.053495,0.03541,0.04803,0.039209,0,0.000268,0
0.021077,0.02895,0.026493,0.033858,0.03316,0.033543,0.019743,0.018491,0.026721,0,0.000056,0
0.018988,0.026256,0.023931,0.030477,0.030029,0.030198,0.017866,0.016869,0.024086,0,0.000052,0
0.026733,0.036912,0.033662,0.042892,0.042336,0.042504,0.025142,0.023791,0.033879,0,0.000074,0
0.026734,0.036915,0.033664,0.042895,0.042339,0.042507,0.025144,0.023793,0.033881,0,0.000074,0
0.018661,0.025632,0.023457,0.029977,0.029359,0.029698,0.01748,0.016371,0.023658,0,0.00005,0
0.016325,0.022599,0.020585,0.0262,0.02584,0.025961,0.015372,0.014534,0.020711,0,0.000045,0
0.009473,0.013187,0.011972,0.015193,0.015059,0.015057,0.008954,0.008522,0.012024,0,0.000027,0
0.549495,0.494288,0.58909,0.677431,0.349367,0.513728,0.067537,0.089186,0.067608,0,0.000453,0
0.170783,0.476105,0.563893,0.668684,0.339086,0.504833,0.061337,0.081022,0.06057,0,0.00042,0
0.548298,0.492797,0.587689,0.678097,0.349979,0.513276,0.069428,0.091041,0.066925,0,0.000465,0
0.549371,0.494189,0.588973,0.678259,0.350552,0.514237,0.069478,0.09083,0.068076,0,0.000461,0
0.31075,0.559637,0.462002,0.056623,0.1165,0.059279,0.042224,0.062899,0.044262,0,0.000358,0
0.310486,0.560224,0.462025,0.056149,0.116345,0.058835,0.042185,0.062915,0.044036,0,0.000359,0
0.107312,0.553564,0.453516,0.058768,0.116696,0.061216,0.042439,0.061314,0.045624,0,0.000346,0
0.106962,0.552895,0.453031,0.058229,0.11533,0.060675,0.041759,0.059867,0.045134,0,0.000337,0
0.317622,0.571941,0.472954,0.063286,0.125459,0.066087,0.047461,0.069916,0.050285,0,0.000389,0
0.317607,0.574406,0.473934,0.063657,0.128702,0.066729,0.049455,0.074539,0.051201,0,0.000416,0
0.31362,0.567913,0.467257,0.061141,0.125598,0.064081,0.047518,0.072171,0.048774,0,0.000407,0
0.308161,0.554299,0.458146,0.053332,0.112148,0.055964,0.039856,0.059523,0.041505,0,0.000343,0
0.304494,0.549524,0.453692,0.047394,0.102303,0.049893,0.034989,0.051182,0.036578,0,0.000295,0
0.297883,0.534137,0.443088,0.039016,0.087681,0.04118,0.027814,0.040024,0.029316,0,0.000231,0
0.305109,0.548883,0.45389,0.048553,0.104275,0.051138,0.035658,0.052728,0.037396,0,0.000306,0
0.296962,0.532853,0.441932,0.037536,0.085589,0.039651,0.026888,0.03889,0.028139,0,0.000226,0
0.006683,0.009355,0.008465,0.010711,0.01067,0.010617,0.006341,0.006075,0.008487,0,0.000019,0
0.005719,0.007855,0.007189,0.009187,0.008997,0.009101,0.005357,0.005017,0.00725,0,0.000015,0
0.007657,0.010692,0.009688,0.012274,0.012201,0.012165,0.007252,0.006929,0.00972,0,0.000022,0
0.004575,0.0065,0.00584,0.007376,0.007342,0.007343,0.004402,0.004228,0.005896,0,0.000013,0
0.00415,0.005917,0.005307,0.006694,0.006674,0.006668,0.004004,0.003856,0.005357,0,0.000012,0
0.006732,0.009422,0.008526,0.010789,0.010747,0.010694,0.006386,0.006118,0.008548,0,0.000019,0
0.005844,0.008203,0.00741,0.009363,0.00935,0.009281,0.005555,0.005339,0.007423,0,0.000017,0
0.005113,0.007023,0.006427,0.008213,0.008044,0.008137,0.004789,0.004486,0.006482,0,0.000014,0
0.060636,0.091015,0.080321,0.099179,0.140357,0.103073,0.161507,0.251282,0.324677,0,0.000533,0
0.060636,0.091015,0.080321,0.099179,0.140357,0.103073,0.161507,0.251282,0.324677,0,0.000533,0
0.060636,0.091015,0.080321,0.099179,0.140357,0.103073,0.161511,0.251283,0.324683,0,0.000533,0
0.060636,0.091015,0.080321,0.099179,0.140357,0.103073,0.161511,0.251283,0.324683,0,0.000533,0
0.060636,0.091015,0.080321,0.099179,0.140357,0.103073,0.161507,0.251282,0.324677,0,0.000533,0
0.060636,0.091015,0.080321,0.099179,0.140357,0.103073,0.161507,0.251282,0.324677,0,0.000533,0
0.060636,0.091015,0.080321,0.099179,0.140357,0.103073,0.161511,0.251283,0.324683,0,0.000533,0
0.060636,0.091015,0.080321,0.099179,0.140357,0.103073,0.161511,0.251283,0.324683,0,0.000533,0
0.060633,0.091012,0.080317,0.099173,0.140373,0.10307,0.161637,0.251377,0.324894,0,0.000533,0
0.06063,0.09101,0.080314,0.099169,0.14038,0.103066,0.161599,0.251388,0.324862,0,0.000533,0
0.055729,0.082187,0.073553,0.132523,0.192591,0.319611,0.471982,0.256921,0.609037,0,0.000475,0
0.054381,0.080321,0.07185,0.16535,0.192265,0.318869,0.471222,0.256627,0.60739,0,0.000478,0
0.055044,0.081094,0.072595,0.103841,0.188735,0.201647,0.469452,0.254383,0.607654,0,0.000462,0
0.053527,0.078999,0.070682,0.127632,0.187793,0.315314,0.468133,0.253374,0.605694,0,0.000461,0
0.056054,0.082619,0.073953,0.168047,0.194908,0.321568,0.472783,0.258082,0.609491,0,0.000482,0
0.054155,0.079982,0.071555,0.375448,0.193061,0.319639,0.471212,0.256907,0.607074,0,0.000481,0
0.05157,0.075945,0.068018,0.092882,0.176719,0.14665,0.460909,0.245941,0.601405,0,0.000423,0
0.051308,0.075574,0.067669,0.09473,0.17999,0.193501,0.462038,0.24777,0.601467,0,0.000435,0
0.020616,0.028316,0.025914,0.033117,0.032434,0.032809,0.019311,0.018086,0.026136,0,0.000055,0
0.019444,0.026707,0.02444,0.031234,0.03059,0.030944,0.018213,0.017058,0.02465,0,0.000052,0
0.014457,0.019857,0.018172,0.023223,0.022745,0.023007,0.013542,0.012683,0.018328,0,0.000039,0
0.150656,0.279307,0.504483,0.06678,0.258886,0.13671,0.037111,0.047801,0.041116,0,0.000245,0
0.127591,0.28573,0.168553,0.236316,0.305195,0.433596,0.045183,0.05774,0.049677,0,0.000293,0
0.131114,0.292121,0.17392,0.247763,0.315677,0.443446,0.050523,0.062854,0.056868,0,0.000311,0
0.126219,0.286039,0.167926,0.605355,0.312161,0.483693,0.046611,0.060327,0.050507,0,0.000313,0
0.134633,0.295235,0.177864,0.623342,0.327148,0.499081,0.055612,0.069641,0.06088,0,0.000344,0
0.131644,0.292871,0.174567,0.652954,0.324655,0.49518,0.053355,0.068537,0.056827,0,0.00035,0
0.134117,0.123288,0.140385,0.662646,0.330202,0.502256,0.05697,0.0714,0.061604,0,0.000354,0
0.130506,0.118329,0.135842,0.657501,0.32546,0.497062,0.054188,0.069004,0.057217,0,0.000349,0
0.135281,0.087567,0.141316,0.670016,0.334297,0.507078,0.060426,0.075021,0.06403,0,0.000367,0
0.132894,0.121606,0.138939,0.667764,0.333107,0.503896,0.059319,0.075031,0.060704,0,0.000378,0
0.064744,0.083969,0.082566,0.668862,0.33252,0.505962,0.059957,0.073875,0.063454,0,0.000361,0
0.061594,0.080006,0.07871,0.665778,0.329202,0.501838,0.057831,0.072437,0.059517,0,0.000363,0
0.060727,0.078448,0.076043,0.670664,0.330501,0.505859,0.061172,0.073662,0.063648,0,0.000355,0
0.058121,0.075088,0.07284,0.667472,0.328104,0.502421,0.06081,0.073283,0.060924,0,0.000359,0
0.020797,0.028566,0.026142,0.033409,0.03272,0.033098,0.019481,0.018245,0.026366,0,0.000055,0
0.015923,0.021871,0.020015,0.025579,0.025052,0.025341,0.014915,0.013969,0.020187,0,0.000042,0
0.027077,0.037191,0.034035,0.043497,0.0426,0.043092,0.025363,0.023755,0.034328,0,0.000072,0
0.023892,0.032816,0.030032,0.03838,0.037589,0.038023,0.022379,0.02096,0.03029,0,0.000064,0
0.12162,0.279372,0.161745,0.071526,0.262624,0.141357,0.039565,0.049424,0.044893,0,0.000247,0
0.147767,0.379802,0.501583,0.061526,0.280302,0.131796,0.034291,0.045858,0.036927,0,0.000244,0
0.130854,0.289633,0.172508,0.087614,0.302451,0.155595,0.047693,0.058423,0.0543,0,0.000281,0
0.153422,0.385804,0.508022,0.225695,0.296495,0.423192,0.039548,0.053626,0.041293,0,0.000287,0
0.058196,0.074199,0.072598,0.667703,0.325041,0.502342,0.059929,0.071855,0.061267,0,0.000344,0
0.056629,0.07304,0.070965,0.665052,0.325754,0.50003,0.059412,0.071973,0.059032,0,0.000355,0
0.125922,0.113808,0.130568,0.651875,0.320644,0.4905,0.051175,0.067176,0.051347,0,0.000353,0
0.128994,0.118075,0.134546,0.662045,0.328913,0.498011,0.057678,0.073855,0.055991,0,0.000382,0
0.060603,0.090939,0.080273,0.09914,0.14025,0.103029,0.161803,0.251402,0.325171,0,0.000533,0
0.053698,0.079683,0.071351,0.089564,0.108846,0.091717,0.142883,0.128108,0.213099,0,0.000344,0
0.053296,0.079542,0.07094,0.088849,0.107075,0.090919,0.080014,0.118564,0.089954,0,0.000334,0
0.05295,0.078623,0.070337,0.088313,0.105979,0.090374,0.079396,0.117529,0.089444,0,0.000329,0
0.056377,0.372344,0.126744,0.073465,0.132037,0.076857,0.056573,0.077851,0.062904,0,0.000406,0
0.069063,0.094861,0.086811,0.110944,0.108657,0.109911,0.064691,0.060589,0.087557,0,0.000184,0
0.069063,0.094861,0.086811,0.110944,0.108657,0.109911,0.064691,0.060589,0.087557,0,0.000184,0
0.069063,0.094861,0.086811,0.110944,0.108657,0.109911,0.064691,0.060589,0.087557,0,0.000184,0
0.069063,0.094861,0.086811,0.110944,0.108657,0.109911,0.064691,0.060589,0.087557,0,0.000184,0
0.028388,0.425154,0.111317,0.034366,0.124755,0.036002,0.02274,0.027238,0.027517,0,0.000128,0
0.020351,0.54214,0.113278,0.018894,0.307319,0.024053,0.017396,0.033458,0.014544,0,0.000247,0
0.084009,0.479477,0.433836,0.01385,0.027292,0.015004,0.012955,0.021006,0.012348,0,0.000124,0
0.016751,0.074112,0.02678,0.027596,0.042704,0.029263,0.024621,0.039662,0.023934,0,0.000191,0
0.02676,0.106919,0.040641,0.040644,0.086312,0.044476,0.041318,0.086129,0.037699,0,0.00042,0
0.060604,0.090958,0.080272,0.099107,0.140236,0.103,0.158622,0.251055,0.324455,0,0.000533,0
0.338554,0.615838,0.506097,0.099463,0.169165,0.104002,0.075375,0.104895,0.082857,0,0.000531,0
0.140004,0.607872,0.468375,0.095682,0.163272,0.100135,0.07284,0.101063,0.080394,0,0.000511,0
0.338826,0.616211,0.506438,0.099938,0.169612,0.104472,0.075651,0.105153,0.083232,0,0.000532,0
0.060587,0.090953,0.080266,0.099074,0.139897,0.102921,0.161324,0.250744,0.324505,0,0.000531,0
0.060397,0.090679,0.080025,0.098687,0.138873,0.102457,0.157105,0.248054,0.298595,0,0.000526,0
0.06049,0.090824,0.080153,0.098873,0.139059,0.102639,0.160869,0.249495,0.324093,0,0.000528,0
0.060401,0.090699,0.080042,0.098699,0.138614,0.102433,0.159922,0.248072,0.298751,0,0.000526,0
0.049334,0.175215,0.115269,0.067219,0.084086,0.068998,0.049741,0.061695,0.057838,0,0.000269,0
0.054942,0.327865,0.083596,0.07837,0.142334,0.082453,0.061003,0.086921,0.066071,0,0.000454,0
0.036306,0.065272,0.051201,0.05824,0.08486,0.060536,0.045307,0.064522,0.049131,0,0.000323,0
0.004837,0.006644,0.00608,0.007771,0.007611,0.007698,0.004531,0.004244,0.006133,0,0.000013,0
0.024581,0.033763,0.030898,0.039487,0.038673,0.03912,0.023025,0.021565,0.031164,0,0.000066,0
0.004427,0.006081,0.005565,0.007112,0.006966,0.007046,0.004147,0.003884,0.005613,0,0.000012,0
0.02168,0.416484,0.103152,0.024836,0.121692,0.028192,0.01642,0.022729,0.018066,0,0.00013,0
0.026653,0.55303,0.122251,0.03131,0.568611,0.208117,0.0249,0.053785,0.020013,0,0.000385,0
0.114394,0.585906,0.476706,0.886847,0.797224,0.902533,0.065016,0.166996,0.187662,0,0.000715,0
0.040973,0.12679,0.058003,0.212956,0.551577,0.417023,0.089727,0.332672,0.436596,0,0.000816,0
0.035204,0.118761,0.050764,0.105476,0.523809,0.403408,0.058786,0.156216,0.052741,0,0.000673,0
0.060504,0.090793,0.08013,0.098911,0.140012,0.102799,0.158154,0.250811,0.32416,0,0.000532,0
0.338313,0.615527,0.505849,0.099038,0.169119,0.10359,0.075067,0.104764,0.082333,0,0.000532,0
0.139468,0.607532,0.46804,0.09442,0.163192,0.098959,0.072054,0.100788,0.079028,0,0.000514,0
0.338515,0.615805,0.506103,0.099382,0.169448,0.103931,0.075268,0.104951,0.082605,0,0.000533,0
0.139213,0.607161,0.467664,0.094048,0.162457,0.098581,0.071897,0.100483,0.078923,0,0.000512,0
0.059038,0.088549,0.078148,0.096313,0.13609,0.100052,0.098692,0.243475,0.264715,0,0.000516,0
0.050678,0.076335,0.067143,0.082975,0.116122,0.086037,0.073841,0.145479,0.081991,0,0.000443,0
0.055687,0.083592,0.073701,0.090846,0.128367,0.09435,0.086696,0.217937,0.097031,0,0.000489,0
0.060306,0.587751,0.170085,0.078282,0.145974,0.082652,0.061816,0.089638,0.066102,0,0.000475,0
0.008474,0.011639,0.010651,0.013612,0.013332,0.013486,0.007937,0.007434,0.010743,0,0.000023,0
0.008155,0.011201,0.010251,0.0131,0.01283,0.012978,0.007639,0.007154,0.010339,0,0.000022,0
0.463928,0.446936,0.541604,0.056251,0.159515,0.05665,0.032186,0.045331,0.032985,0,0.000245,0
0.47511,0.460109,0.55484,0.633758,0.311043,0.478408,0.044665,0.063162,0.044043,0,0.000344,0
0.47795,0.398876,0.52516,0.648789,0.322133,0.488257,0.050976,0.070499,0.049116,0,0.00038,0
0.008499,0.011674,0.010683,0.013653,0.013372,0.013526,0.007961,0.007456,0.010775,0,0.000023,0
0.006145,0.008441,0.007725,0.009872,0.009669,0.00978,0.005756,0.005391,0.007791,0,0.000016,0
0.005482,0.007529,0.006891,0.008806,0.008624,0.008724,0.005135,0.004809,0.00695,0,0.000015,0
0.005573,0.007655,0.007006,0.008953,0.008769,0.00887,0.005221,0.00489,0.007066,0,0.000015,0
0.156843,0.45505,0.54545,0.597806,0.306878,0.475991,0.04281,0.059135,0.04358,0,0.000321,0
0.482817,0.404441,0.530892,0.658553,0.330102,0.496879,0.055908,0.075352,0.055011,0,0.000396,0
0.482676,0.405031,0.531043,0.661269,0.332552,0.497957,0.058558,0.078377,0.055316,0,0.000413,0
0.480715,0.469375,0.562689,0.655769,0.328864,0.492516,0.057798,0.077937,0.051501,0,0.000417,0
0.060636,0.091015,0.080321,0.099179,0.140357,0.103073,0.16151,0.251283,0.324682,0,0.000533,0
0.060636,0.091015,0.080321,0.099179,0.140357,0.103073,0.16151,0.251283,0.324682,0,0.000533,0
0.060636,0.091015,0.080321,0.099179,0.140357,0.103073,0.16151,0.251283,0.324682,0,0.000533,0
0.060636,0.091016,0.080321,0.099179,0.140357,0.103073,0.161487,0.251272,0.324643,0,0.000533,0
0.060636,0.091015,0.080321,0.099179,0.140357,0.103073,0.161514,0.251285,0.324687,0,0.000533,0
0.060601,0.090988,0.080283,0.09912,0.140481,0.103032,0.161804,0.25178,0.325407,0,0.000534,0
0.060604,0.090986,0.080284,0.099125,0.140488,0.103037,0.162129,0.251911,0.325856,0,0.000534,0
0.060636,0.091016,0.080321,0.099179,0.140356,0.103074,0.161504,0.251277,0.324669,0,0.000533,0
0.060636,0.091016,0.080321,0.099179,0.140356,0.103074,0.161514,0.251283,0.324685,0,0.000533,0
0.060604,0.090986,0.080284,0.099124,0.140486,0.103037,0.162085,0.251891,0.325794,0,0.000534,0
0.060608,0.090991,0.080289,0.09913,0.140478,0.103041,0.162084,0.25186,0.325764,0,0.000534,0
0.052983,0.078359,0.070093,0.401749,0.193184,0.319169,0.470957,0.257212,0.605628,0,0.000488,0
0.050644,0.074969,0.067032,0.394602,0.186751,0.313697,0.46616,0.252385,0.601963,0,0.000466,0
0.053054,0.07834,0.070157,0.404687,0.194677,0.320204,0.471356,0.258166,0.605479,0,0.000495,0
0.048738,0.072058,0.064451,0.363728,0.181964,0.308921,0.462239,0.248993,0.598715,0,0.000452,0
0.483956,0.301503,0.531628,0.664234,0.334352,0.500812,0.059897,0.078924,0.057581,0,0.00041,0
0.485743,0.409749,0.535249,0.671267,0.341218,0.505724,0.067367,0.086024,0.060923,0,0.000444,0
0.484235,0.407305,0.533099,0.665383,0.336313,0.501231,0.061824,0.081321,0.05775,0,0.000424,0
0.060628,0.091014,0.080314,0.099166,0.140373,0.103063,0.161284,0.25124,0.324355,0,0.000533,0
0.060629,0.091011,0.080314,0.099167,0.140377,0.103065,0.161483,0.251339,0.324698,0,0.000533,0
0.059372,0.088552,0.078484,0.097257,0.137469,0.101087,0.159951,0.249117,0.322999,0,0.000521,0
0.060054,0.089825,0.079436,0.098242,0.139142,0.102105,0.160757,0.250341,0.323817,0,0.000529,0
0.136934,0.226764,0.141806,0.665613,0.332974,0.50031,0.060815,0.078708,0.056593,0,0.000409,0
0.138912,0.401692,0.181613,0.668282,0.337182,0.502693,0.065227,0.08289,0.058799,0,0.000431,0
0.057249,0.085345,0.075648,0.09355,0.133925,0.09736,0.157601,0.246821,0.319955,0,0.000515,0
0.054717,0.080534,0.071973,0.089241,0.127145,0.092863,0.153862,0.241118,0.316325,0,0.000483,0
0.058699,0.088139,0.077797,0.09604,0.137165,0.099929,0.159569,0.249364,0.322113,0,0.000527,0
0.059453,0.088805,0.078621,0.097328,0.137918,0.101188,0.160092,0.249475,0.323068,0,0.000524,0
0.059503,0.089068,0.078743,0.097357,0.138275,0.101228,0.160241,0.249858,0.323119,0,0.000527,0
0.059795,0.08986,0.079264,0.097828,0.139033,0.101735,0.160711,0.25054,0.323598,0,0.000531,0
0.487851,0.480514,0.572438,0.674376,0.344861,0.508124,0.070851,0.090137,0.062591,0,0.000466,0
0.137817,0.402153,0.181024,0.665731,0.335258,0.500208,0.063999,0.082133,0.056889,0,0.00043,0
0.060636,0.091015,0.080321,0.099179,0.140357,0.103073,0.161508,0.251282,0.324679,0,0.000533,0
0.060636,0.091016,0.080321,0.099179,0.140357,0.103073,0.161498,0.251277,0.324662,0,0.000533,0
0.053625,0.079019,0.070921,0.409455,0.197897,0.322532,0.473401,0.261042,0.606054,0,0.000511,0
0.054667,0.080449,0.07223,0.411161,0.199543,0.324213,0.474372,0.261948,0.607361,0,0.000514,0
0.054483,0.080196,0.071999,0.410866,0.199253,0.32392,0.4742,0.261787,0.607127,0,0.000513,0
0.0566,0.082938,0.07468,0.417945,0.204104,0.329229,0.477989,0.265787,0.609974,0,0.000531,0
0.060636,0.091015,0.080321,0.099179,0.140357,0.103073,0.161506,0.251281,0.324675,0,0.000533,0
0.060636,0.091016,0.080321,0.099179,0.140357,0.103073,0.161501,0.251279,0.324668,0,0.000533,0
0.060635,0.091015,0.08032,0.099178,0.140358,0.103073,0.16151,0.251287,0.324685,0,0.000533,0
0.060636,0.091015,0.080321,0.099179,0.140357,0.103073,0.161507,0.251282,0.324677,0,0.000533,0
0.060636,0.091015,0.080321,0.099179,0.140357,0.103073,0.161507,0.251282,0.324677,0,0.000533,0
0.538964,0.480405,0.576147,0.662601,0.336341,0.498425,0.063978,0.084537,0.056351,0,0.000445,0
0.541082,0.483306,0.578854,0.66805,0.340537,0.5029,0.066823,0.087468,0.05918,0,0.000457,0
0.538902,0.479489,0.574763,0.667762,0.339707,0.502488,0.066273,0.086502,0.058596,0,0.000452,0
0.541062,0.482617,0.57759,0.672925,0.344048,0.507017,0.069469,0.089505,0.061784,0,0.000464,0
0.535947,0.478269,0.573445,0.656312,0.330834,0.492341,0.060799,0.08206,0.05188,0,0.00044,0
0.532204,0.470093,0.56616,0.652481,0.326283,0.489404,0.057031,0.077361,0.049411,0,0.000417,0
0.541345,0.486228,0.580617,0.670394,0.342492,0.504486,0.070605,0.090735,0.060499,0,0.000474,0
0.535437,0.474638,0.570299,0.659289,0.332543,0.49536,0.061012,0.08135,0.053711,0,0.000432,0
0.486274,0.4773,0.569916,0.669343,0.34069,0.503921,0.066821,0.086455,0.05959,0,0.00045,0
0.541627,0.483395,0.578302,0.673826,0.344934,0.507911,0.069996,0.089999,0.062498,0,0.000465,0
0.544149,0.490085,0.584145,0.674815,0.346845,0.508871,0.073203,0.093173,0.064025,0,0.000481,0
0.060636,0.091015,0.080321,0.099179,0.140357,0.103073,0.161512,0.251284,0.324685,0,0.000533,0
0.060586,0.090948,0.080259,0.0991,0.140279,0.102995,0.161466,0.251241,0.324623,0,0.000533,0
0.060636,0.091015,0.080321,0.099179,0.140357,0.103073,0.161512,0.251284,0.324685,0,0.000533,0
0.063076,0.217562,0.077211,0.664574,0.328894,0.498212,0.061501,0.077187,0.055135,0,0.0004,0
0.063017,0.218386,0.077474,0.66438,0.329145,0.498048,0.062342,0.077826,0.055301,0,0.000403,0
0.038902,0.049378,0.048008,0.643688,0.295836,0.47754,0.048042,0.058022,0.043051,0,0.000288,0
0.046944,0.203478,0.059911,0.651439,0.314248,0.485718,0.054705,0.068076,0.046938,0,0.000361,0
0.042746,0.052803,0.051908,0.647398,0.302955,0.481108,0.05104,0.061949,0.044721,0,0.000313,0
0.060636,0.091015,0.080321,0.099179,0.140357,0.103074,0.161519,0.251287,0.324694,0,0.000533,0
0.060636,0.091015,0.080321,0.099179,0.140357,0.103074,0.161519,0.251287,0.324694,0,0.000533,0
0.060636,0.091016,0.080321,0.099179,0.140357,0.103073,0.161497,0.251277,0.32466,0,0.000533,0
0.060636,0.091016,0.080321,0.099179,0.140357,0.103073,0.161497,0.251277,0.32466,0,0.000533,0
0.060631,0.091011,0.080316,0.099171,0.140377,0.103069,0.16164,0.251393,0.32491,0,0.000533,0
0.060646,0.091021,0.080332,0.099196,0.140356,0.103089,0.161837,0.251368,0.325092,0,0.000533,0
0.022715,0.031199,0.028552,0.036489,0.035737,0.036149,0.021277,0.019928,0.028797,0,0.000061,0
0.018866,0.025913,0.023714,0.030306,0.029681,0.030024,0.017671,0.016551,0.023918,0,0.00005,0
0.01638,0.022498,0.020589,0.026312,0.02577,0.026067,0.015343,0.01437,0.020766,0,0.000044,0
0.015867,0.021794,0.019945,0.025489,0.024964,0.025252,0.014863,0.01392,0.020116,0,0.000042,0
0.019435,0.026695,0.024429,0.031221,0.030577,0.03093,0.018205,0.01705,0.024639,0,0.000052,0
0.018375,0.025238,0.023096,0.029517,0.028908,0.029242,0.017211,0.01612,0.023295,0,0.000049,0
0.01505,0.020671,0.018917,0.024176,0.023677,0.023951,0.014097,0.013203,0.01908,0,0.00004,0
0.022715,0.031199,0.028552,0.036489,0.035737,0.036149,0.021277,0.019928,0.028797,0,0.000061,0
0.017464,0.023987,0.021952,0.028054,0.027476,0.027793,0.016358,0.015321,0.02214,0,0.000047,0
0.116074,0.584875,0.474144,0.067681,0.138026,0.072328,0.056297,0.086631,0.057164,0,0.000476,0
0.118189,0.587811,0.476846,0.071054,0.141341,0.07567,0.058263,0.088471,0.059825,0,0.000481,0
0.120959,0.590863,0.479976,0.074577,0.144924,0.079102,0.060327,0.090631,0.06244,0,0.000489,0
0.07833,0.580636,0.441976,0.064132,0.134141,0.068822,0.054117,0.084202,0.054496,0,0.000467,0
0.121833,0.668045,0.487133,0.067354,0.42078,0.138657,0.069134,0.181184,0.10186,0,0.00077,0
0.030301,0.060052,0.043466,0.048114,0.379965,0.117442,0.052965,0.154886,0.086638,0,0.000608,0
0.034964,0.069862,0.046542,0.210749,0.685653,0.784746,0.448644,0.349996,0.689358,0,0.000736,0
0.031765,0.049803,0.042053,0.063609,0.663853,0.406233,0.44259,0.341292,0.685857,0,0.000675,0
0.006047,0.008306,0.007601,0.009714,0.009514,0.009624,0.005664,0.005305,0.007667,0,0.000016,0
0.032347,0.047977,0.043,0.054389,0.078595,0.056822,0.416731,0.209066,0.567022,0,0.000287,0
0.032642,0.048374,0.043353,0.055205,0.080801,0.057849,0.418299,0.21174,0.568332,0,0.000297,0
0.006348,0.008719,0.00798,0.010198,0.009988,0.010103,0.005946,0.005569,0.008048,0,0.000017,0
0.060636,0.091015,0.080321,0.099179,0.140357,0.103074,0.161519,0.251287,0.324694,0,0.000533,0
0.06064,0.09102,0.080326,0.099187,0.140347,0.10308,0.161477,0.251229,0.32459,0,0.000533,0
0.068847,0.46595,0.157696,0.667697,0.336093,0.501404,0.066165,0.083669,0.057646,0,0.000438,0
0.056834,0.456795,0.145796,0.659494,0.327248,0.493586,0.061301,0.077621,0.052247,0,0.000414,0
0.052193,0.453117,0.141258,0.655256,0.323482,0.489752,0.060107,0.07535,0.050075,0,0.000405,0
0.173347,0.476406,0.565481,0.672749,0.34283,0.506387,0.070667,0.088831,0.06149,0,0.00046,0
0.066653,0.397895,0.121603,0.66513,0.333075,0.49906,0.063591,0.080994,0.055759,0,0.000426,0
0.038926,0.057461,0.051546,0.389174,0.173541,0.300057,0.45094,0.238081,0.578474,0,0.000462,0
0.04365,0.065151,0.058402,0.39712,0.183725,0.308604,0.465861,0.254431,0.593566,0,0.000496,0
0.037675,0.054026,0.048898,0.384193,0.166215,0.295037,0.43138,0.222373,0.567728,0,0.000422,0
0.041583,0.059496,0.053897,0.390339,0.172936,0.301135,0.436365,0.229567,0.573963,0,0.000438,0
0.044396,0.066096,0.059267,0.398239,0.18464,0.309629,0.466201,0.254185,0.5942,0,0.000496,0
0,0,0,0,0,0,0,0,0,0,0,0
0.342626,0.619133,0.510412,0.102449,0.172936,0.106779,0.077003,0.107279,0.084395,0,0.000543,0
0.342631,0.619138,0.510417,0.102449,0.172937,0.10678,0.077003,0.107279,0.084395,0,0.000543,0
0.342628,0.619125,0.510409,0.10245,0.172926,0.10678,0.077003,0.107278,0.084396,0,0.000543,0
0.342627,0.61914,0.510416,0.102448,0.172942,0.106779,0.077003,0.10728,0.084395,0,0.000543,0
0.342631,0.619138,0.510417,0.102449,0.172937,0.10678,0.077003,0.107279,0.084395,0,0.000543,0
0.342634,0.619151,0.510426,0.102448,0.172948,0.106779,0.077003,0.107281,0.084395,0,0.000543,0
0.342669,0.61917,0.510457,0.10245,0.172945,0.106781,0.077003,0.107279,0.084396,0,0.000543,0
0.342626,0.619133,0.510412,0.102449,0.172936,0.106779,0.077003,0.107279,0.084395,0,0.000543,0
0.342626,0.619133,0.510412,0.102449,0.172936,0.106779,0.077003,0.107279,0.084395,0,0.000543,0
0.342631,0.619138,0.510417,0.102449,0.172937,0.10678,0.077003,0.107279,0.084395,0,0.000543,0
0.342631,0.619138,0.510417,0.102449,0.172937,0.10678,0.077003,0.107279,0.084395,0,0.000543,0
0.342631,0.619138,0.510417,0.102449,0.172937,0.10678,0.077003,0.107279,0.084395,0,0.000543,0
0.342624,0.619126,0.510408,0.102449,0.17293,0.10678,0.077003,0.107279,0.084396,0,0.000543,0
0.342669,0.61917,0.510457,0.10245,0.172945,0.106781,0.077003,0.107279,0.084396,0,0.000543,0
0.551786,0.499738,0.593103,0.211365,0.332925,0.179521,0.063213,0.080859,0.069097,0,0.000391,0
0.549286,0.496275,0.589935,0.263988,0.334591,0.457182,0.06128,0.07991,0.065887,0,0.000396,0
0.556687,0.506292,0.599281,0.648224,0.352503,0.474133,0.070724,0.090868,0.075208,0,0.000445,0
0.554635,0.50346,0.596689,0.64606,0.35133,0.517177,0.069137,0.089789,0.072669,0,0.000445,0
0.543009,0.488658,0.582326,0.093152,0.28817,0.161521,0.053906,0.069398,0.059663,0,0.000337,0
0.546655,0.492666,0.58663,0.259763,0.330463,0.453006,0.058814,0.077601,0.062549,0,0.000389,0
0.557909,0.507955,0.600803,0.651326,0.356485,0.522395,0.072206,0.092663,0.076823,0,0.000454,0
0.328542,0.597175,0.491458,0.077705,0.142985,0.081441,0.058883,0.082876,0.064353,0,0.000443,0
0.334825,0.607529,0.500098,0.088523,0.158039,0.092427,0.067704,0.096228,0.073378,0,0.000504,0
0.334736,0.606983,0.499788,0.088199,0.156208,0.092095,0.066655,0.093419,0.072987,0,0.00049,0
0.328063,0.595995,0.490722,0.07715,0.139796,0.08078,0.057553,0.079018,0.063655,0,0.000417,0
0.321742,0.585452,0.482038,0.066594,0.126973,0.070021,0.050024,0.069844,0.05486,0,0.000376,0
0.051737,0.074545,0.067322,0.409391,0.192593,0.319907,0.45595,0.24588,0.590832,0,0.000488,0
0.051032,0.073577,0.066436,0.408259,0.191484,0.318785,0.45529,0.245262,0.589938,0,0.000486,0
0.051737,0.074545,0.067322,0.409391,0.192593,0.319907,0.45595,0.24588,0.590832,0,0.000488,0
0.051762,0.075093,0.067682,0.409791,0.193736,0.320483,0.462965,0.249344,0.59475,0,0.000496,0
0.051624,0.074902,0.067508,0.409568,0.193518,0.320263,0.462835,0.249222,0.594575,0,0.000495,0
0.052798,0.075254,0.068043,0.409979,0.190128,0.320716,0.43977,0.227318,0.580959,0,0.000457,0
0.050923,0.072861,0.065698,0.404754,0.186191,0.316875,0.43735,0.224498,0.578821,0,0.000445,0
0.551216,0.499451,0.592474,0.629543,0.341834,0.508026,0.0635,0.082269,0.069361,0,0.000407,0
0.548831,0.49587,0.589413,0.667027,0.343769,0.507943,0.063857,0.08466,0.066323,0,0.000429,0
0.556657,0.506247,0.599132,0.681195,0.356415,0.52096,0.071539,0.092313,0.0758,0,0.000455,0
0.554924,0.503933,0.59704,0.683679,0.357695,0.520687,0.073494,0.09486,0.074348,0,0.000474,0
0.557506,0.507464,0.600235,0.685468,0.36012,0.523807,0.074197,0.095252,0.077322,0,0.000471,0
0.556384,0.50602,0.59894,0.687585,0.361106,0.523757,0.075816,0.097293,0.076408,0,0.000484,0
0.559447,0.510139,0.60277,0.692983,0.36567,0.528983,0.078589,0.099898,0.080222,0,0.000491,0
0.558918,0.509731,0.602315,0.695076,0.367609,0.529817,0.082308,0.102889,0.080772,0,0.000506,0
0.559947,0.510906,0.603462,0.695346,0.36757,0.530523,0.080011,0.101488,0.081064,0,0.000499,0
0.558918,0.509731,0.602315,0.695076,0.367609,0.529817,0.082308,0.102889,0.080772,0,0.000506,0
0.539647,0.485632,0.578699,0.240653,0.31448,0.408107,0.051805,0.067382,0.057493,0,0.000336,0
0.548029,0.495019,0.58862,0.673442,0.34849,0.510422,0.068801,0.090219,0.066609,0,0.000461,0
0.553047,0.501836,0.595052,0.687319,0.359307,0.521551,0.077972,0.098838,0.073766,0,0.000496,0
0.560288,0.511482,0.603959,0.696778,0.368979,0.531601,0.081488,0.102829,0.081844,0,0.000505,0
0.559055,0.510539,0.602871,0.698827,0.370331,0.532646,0.087198,0.106276,0.082961,0,0.000521,0
0.335967,0.607164,0.500781,0.089878,0.152361,0.093327,0.065186,0.086259,0.073711,0,0.000441,0
0.332948,0.60302,0.496981,0.085014,0.147839,0.088534,0.062403,0.083887,0.069898,0,0.000434,0
0.331826,0.599049,0.494696,0.08307,0.140507,0.086104,0.059069,0.076532,0.067734,0,0.000384,0
0.326334,0.591506,0.487793,0.074249,0.131867,0.077365,0.053925,0.071715,0.060772,0,0.00037,0
0.33685,0.60948,0.502353,0.091833,0.156536,0.095587,0.067475,0.09057,0.075499,0,0.000465,0
0.331094,0.600553,0.494649,0.081928,0.145908,0.085567,0.060901,0.08347,0.067557,0,0.000438,0
0.323652,0.583708,0.483028,0.070454,0.121067,0.072941,0.049266,0.062979,0.056933,0,0.00031,0
0.056208,0.080494,0.072773,0.416763,0.198348,0.32716,0.457906,0.242769,0.594426,0,0.000489,0
0.056395,0.08078,0.073035,0.417035,0.198885,0.327436,0.458336,0.243922,0.594848,0,0.000492,0
0.057374,0.082638,0.074594,0.418992,0.201534,0.329548,0.466241,0.248217,0.599965,0,0.000502,0
0.057374,0.082638,0.074594,0.418992,0.201534,0.329548,0.466241,0.248217,0.599965,0,0.000502,0
0.055659,0.079586,0.071965,0.415908,0.19667,0.32628,0.454663,0.237321,0.591136,0,0.000481,0
0.053715,0.0771,0.069667,0.412745,0.19468,0.323189,0.455831,0.241577,0.591461,0,0.000485,0
0.057374,0.082637,0.074593,0.41894,0.201521,0.329511,0.466246,0.248226,0.599984,0,0.000502,0
0.562331,0.515037,0.606988,0.704085,0.37548,0.537855,0.090267,0.10915,0.087116,0,0.00053,0
0.562331,0.515037,0.606988,0.704085,0.37548,0.537855,0.090267,0.10915,0.087116,0,0.00053,0
0.562355,0.515083,0.607025,0.704058,0.375477,0.537835,0.090262,0.109149,0.087115,0,0.00053,0
0.562355,0.515083,0.607025,0.704058,0.375477,0.537835,0.090262,0.109149,0.087115,0,0.00053,0
0.562331,0.515037,0.606988,0.704085,0.37548,0.537855,0.090267,0.10915,0.087116,0,0.00053,0
0.562331,0.515037,0.606988,0.704085,0.37548,0.537855,0.090267,0.10915,0.087116,0,0.00053,0
0.562331,0.515037,0.606988,0.704085,0.37548,0.537855,0.090267,0.10915,0.087116,0,0.00053,0
0.562331,0.515037,0.606988,0.704085,0.37548,0.537855,0.090267,0.10915,0.087116,0,0.00053,0
0.562355,0.515083,0.607025,0.704058,0.375477,0.537835,0.090262,0.109149,0.087115,0,0.00053,0
0.562331,0.515037,0.606988,0.704085,0.37548,0.537855,0.090267,0.10915,0.087116,0,0.00053,0
0.040826,0.056709,0.051434,0.064092,0.086686,0.065353,0.115935,0.176482,0.280188,0,0.000292,0
0.038215,0.053562,0.048323,0.0596,0.085022,0.061037,0.114843,0.179571,0.277512,0,0.000308,0
0.043142,0.060189,0.054418,0.067593,0.092254,0.068909,0.11883,0.18165,0.283218,0,0.000317,0
0.04052,0.056964,0.051275,0.063077,0.090593,0.064544,0.117837,0.185253,0.280593,0,0.000334,0
0.034513,0.04783,0.043523,0.054125,0.073543,0.055226,0.109527,0.168118,0.27254,0,0.000248,0
0.045131,0.063269,0.057055,0.07076,0.097333,0.072108,0.121655,0.18668,0.28598,0,0.00034,0
0.562331,0.515037,0.606988,0.704085,0.37548,0.537855,0.090267,0.10915,0.087116,0,0.00053,0
0.562331,0.515037,0.606988,0.704085,0.37548,0.537855,0.090267,0.10915,0.087116,0,0.00053,0
0.562331,0.515037,0.606988,0.704085,0.37548,0.537855,0.090267,0.10915,0.087116,0,0.00053,0
0.562331,0.515037,0.606988,0.704085,0.37548,0.537855,0.090267,0.10915,0.087116,0,0.00053,0
0.562355,0.515083,0.607025,0.704058,0.375477,0.537835,0.090262,0.109149,0.087115,0,0.00053,0
0.56233,0.515033,0.606985,0.704077,0.375471,0.537845,0.090266,0.10915,0.087116,0,0.00053,0
0.562355,0.515083,0.607025,0.704058,0.375477,0.537835,0.090262,0.109149,0.087115,0,0.00053,0
0.339025,0.612632,0.505106,0.095229,0.161467,0.099042,0.070019,0.094692,0.078359,0,0.000486,0
0.337799,0.611136,0.503621,0.093198,0.160533,0.097046,0.069302,0.095205,0.076867,0,0.000493,0
0.339507,0.613464,0.505761,0.09589,0.163175,0.099713,0.070871,0.096675,0.078992,0,0.000497,0
0.336921,0.608162,0.501843,0.091311,0.154137,0.094849,0.065959,0.087473,0.074898,0,0.000445,0
0.315665,0.572763,0.472999,0.057701,0.108567,0.060307,0.04183,0.056013,0.046869,0,0.000289,0
0.327783,0.592973,0.489417,0.07661,0.134619,0.079818,0.055139,0.072946,0.062589,0,0.000374,0
0.025343,0.036281,0.032599,0.88319,0.756497,0.891365,0.161032,0.149928,0.218833,0,0.000528,0
0.045354,0.122381,0.058847,0.911288,0.803035,0.916498,0.176532,0.176978,0.230735,0,0.000712,0
0.043787,0.130877,0.062061,0.217243,0.561029,0.42139,0.275479,0.362619,0.527272,0,0.000863,0
0.032279,0.047506,0.042115,0.202513,0.507859,0.403746,0.258822,0.325886,0.515402,0,0.000598,0
0.057191,0.085523,0.075648,0.093088,0.133869,0.0968,0.157448,0.246854,0.319678,0,0.000516,0
0.004738,0.006508,0.005956,0.007612,0.007455,0.007541,0.004438,0.004157,0.006007,0,0.000013,0
0.022336,0.030679,0.028075,0.03588,0.03514,0.035546,0.020922,0.019595,0.028317,0,0.00006,0
0.056537,0.083176,0.074724,0.417147,0.203979,0.328969,0.47786,0.265402,0.610291,0,0.000528,0
0.055889,0.082464,0.073949,0.41519,0.20251,0.32776,0.477137,0.264343,0.609781,0,0.000523,0
0.321169,0.587031,0.482183,0.06581,0.131341,0.069657,0.051947,0.07638,0.054965,0,0.000423,0
0.320279,0.58611,0.481293,0.065495,0.128825,0.069246,0.050769,0.072701,0.054458,0,0.000398,0
0.556961,0.507662,0.600239,0.69546,0.367032,0.52931,0.085238,0.10444,0.080309,0,0.000515,0
0.557489,0.508398,0.600908,0.69624,0.367821,0.530091,0.085704,0.10488,0.080946,0,0.000517,0
0.554122,0.503836,0.596706,0.691044,0.362741,0.524977,0.082572,0.101942,0.076674,0,0.000508,0
0.55625,0.506816,0.599408,0.694573,0.366222,0.528504,0.084562,0.103805,0.079345,0,0.000514,0
0.555912,0.506221,0.59892,0.693774,0.365381,0.52764,0.084255,0.103519,0.078979,0,0.000513,0
0.555196,0.505237,0.59802,0.692623,0.364254,0.5265,0.083584,0.102891,0.07807,0,0.000511,0
0.556912,0.507594,0.600177,0.69538,0.366954,0.529231,0.085191,0.104396,0.080246,0,0.000515,0
0.033527,0.0485,0.043939,0.053148,0.078596,0.055586,0.12591,0.197707,0.286458,0,0.000298,0
0.037637,0.054917,0.049278,0.059097,0.092433,0.061909,0.132447,0.212977,0.292217,0,0.000377,0
0.044556,0.065494,0.058487,0.07068,0.107785,0.073741,0.141475,0.226651,0.301784,0,0.000435,0
0.040492,0.058822,0.053024,0.064435,0.096126,0.067413,0.135421,0.215074,0.296364,0,0.000373,0
0.039358,0.058777,0.05204,0.061993,0.100681,0.064847,0.136834,0.223013,0.294921,0,0.000431,0
0.043119,0.065235,0.057467,0.069257,0.109748,0.072675,0.142763,0.231702,0.300935,0,0.000465,0
0.045218,0.067815,0.059902,0.07199,0.112046,0.07508,0.143864,0.231795,0.30308,0,0.000463,0
0.326684,0.595419,0.489459,0.07498,0.144183,0.078778,0.059265,0.087688,0.062419,0,0.000474,0
0.325521,0.595622,0.488904,0.074928,0.145985,0.079515,0.060955,0.092248,0.062675,0,0.000497,0
0.327175,0.597741,0.490875,0.07726,0.148056,0.081661,0.062046,0.092709,0.064509,0,0.000498,0
0.023533,0.032323,0.02958,0.037803,0.037024,0.037451,0.022043,0.020645,0.029834,0,0.000063,0
0.022678,0.031149,0.028506,0.03643,0.035679,0.036091,0.021242,0.019895,0.028751,0,0.00006,0
0.02258,0.031014,0.028382,0.036272,0.035524,0.035934,0.02115,0.019809,0.028626,0,0.00006,0
0.017021,0.023378,0.021394,0.027342,0.026778,0.027087,0.015943,0.014932,0.021578,0,0.000045,0
0.015097,0.020736,0.018977,0.024252,0.023752,0.024026,0.014141,0.013244,0.01914,0,0.00004,0
0.02476,0.034008,0.031122,0.039774,0.038954,0.039404,0.023192,0.021721,0.03139,0,0.000066,0
0.023352,0.032074,0.029353,0.037512,0.036739,0.037163,0.021873,0.020486,0.029605,0,0.000062,0
0.02006,0.027553,0.025215,0.032224,0.03156,0.031924,0.01879,0.017598,0.025432,0,0.000054,0
0.014268,0.019597,0.017934,0.02292,0.022447,0.022707,0.013365,0.012517,0.018088,0,0.000038,0
0.023445,0.032203,0.02947,0.037662,0.036886,0.037312,0.021961,0.020568,0.029723,0,0.000063,0
0.024398,0.033512,0.030668,0.039194,0.038385,0.038829,0.022854,0.021404,0.030932,0,0.000065,0
0.02476,0.034008,0.031122,0.039774,0.038954,0.039404,0.023192,0.021721,0.03139,0,0.000066,0
0.002372,0.003258,0.002981,0.00381,0.003732,0.003775,0.002222,0.002081,0.003007,0,6.3266e-6,0
0.001441,0.00198,0.001812,0.002315,0.002268,0.002294,0.00135,0.001264,0.001827,0,3.8444e-6,0
0.000804,0.001104,0.00101,0.001291,0.001264,0.001279,0.000753,0.000705,0.001019,0,2.1432e-6,0
0.000754,0.001035,0.000947,0.00121,0.001185,0.001199,0.000706,0.000661,0.000955,0,2.0098e-6,0
0.001803,0.002476,0.002266,0.002896,0.002836,0.002869,0.001689,0.001582,0.002286,0,4.8087e-6,0
0.001803,0.002477,0.002267,0.002897,0.002837,0.00287,0.001689,0.001582,0.002286,0,4.8098e-6,0
0.001419,0.001949,0.001784,0.00228,0.002233,0.002258,0.001329,0.001245,0.001799,0,3.7852e-6,0
0.001087,0.001492,0.001366,0.001745,0.001709,0.001729,0.001018,0.000953,0.001377,0,2.898e-6,0
0.002371,0.003256,0.00298,0.003808,0.00373,0.003773,0.002221,0.00208,0.003005,0,6.3232e-6,0
0.001804,0.002478,0.002267,0.002898,0.002838,0.002871,0.00169,0.001582,0.002287,0,4.8111e-6,0
0.001804,0.002477,0.002267,0.002897,0.002838,0.00287,0.001689,0.001582,0.002287,0,4.8106e-6,0
0.0151,0.021661,0.019089,0.174798,0.413152,0.373473,0.228236,0.261783,0.483898,0,0.000386,0
0.01941,0.028271,0.024905,0.181423,0.474856,0.381526,0.238099,0.28508,0.493858,0,0.000459,0
0.034287,0.068678,0.045448,0.202911,0.53426,0.406243,0.261384,0.338035,0.515007,0,0.000727,0
0.155934,0.593369,0.538775,0.923163,0.827998,0.928874,0.186835,0.195727,0.238753,0,0.000831,0
0.008938,0.013185,0.010982,0.019539,0.367158,0.125626,0.125727,0.107727,0.197827,0,0.000274,0
0.006635,0.009113,0.00834,0.010658,0.010439,0.010559,0.006215,0.005821,0.008412,0,0.000018,0
0.007348,0.010092,0.009236,0.011803,0.01156,0.011693,0.006882,0.006446,0.009315,0,0.00002,0
0.006259,0.008597,0.007867,0.010054,0.009847,0.00996,0.005862,0.005491,0.007935,0,0.000017,0
0.006875,0.009443,0.008642,0.011044,0.010816,0.010941,0.00644,0.006031,0.008716,0,0.000018,0
0.04496,0.06687,0.059703,0.35766,0.176021,0.302909,0.458701,0.245679,0.593926,0,0.000442,0
0.049459,0.073402,0.065638,0.398961,0.189032,0.314519,0.467982,0.255,0.600901,0,0.000486,0
0.04377,0.065222,0.058195,0.082622,0.168131,0.181506,0.454978,0.241157,0.591912,0,0.000415,0
0.048416,0.0721,0.064342,0.366247,0.184023,0.310509,0.46582,0.251849,0.59976,0,0.000466,0
0.319021,0.584285,0.479546,0.062348,0.129,0.066244,0.050396,0.076112,0.052346,0,0.000428,0
0.315946,0.577831,0.47482,0.057115,0.119695,0.06075,0.045161,0.067139,0.04755,0,0.000379,0
0.320307,0.5878,0.481915,0.066184,0.135522,0.070292,0.054375,0.083121,0.055726,0,0.000462,0
0.319257,0.583056,0.479219,0.062618,0.127467,0.066269,0.049451,0.073374,0.051978,0,0.00041,0
0.310864,0.564606,0.465869,0.050481,0.107789,0.053338,0.038396,0.056158,0.040304,0,0.000319,0
0.043968,0.0655,0.058463,0.080527,0.140093,0.115718,0.453753,0.239126,0.591783,0,0.000401,0
0.04868,0.07249,0.064683,0.15619,0.183289,0.309789,0.465876,0.251617,0.600148,0,0.000463,0
0.039636,0.058887,0.052647,0.070032,0.125912,0.073047,0.442069,0.22935,0.583425,0,0.000361,0
0.316311,0.574046,0.473409,0.059594,0.12138,0.062547,0.045697,0.066915,0.047927,0,0.000376,0
0.316312,0.574568,0.473633,0.059955,0.121853,0.06316,0.046087,0.067573,0.04845,0,0.000379,0
0.039193,0.053832,0.049264,0.062959,0.061661,0.062373,0.036711,0.034383,0.049688,0,0.000105,0
0.036827,0.050583,0.04629,0.059159,0.057939,0.058608,0.034495,0.032308,0.046688,0,0.000098,0
0.036827,0.050583,0.04629,0.059159,0.057939,0.058608,0.034495,0.032308,0.046688,0,0.000098,0
0.037318,0.051257,0.046908,0.059948,0.058712,0.059389,0.034955,0.032739,0.047311,0,0.0001,0
0.035979,0.049418,0.045224,0.057796,0.056605,0.057258,0.033701,0.031564,0.045613,0,0.000096,0
0.033781,0.0464,0.042462,0.054266,0.053148,0.053761,0.031643,0.029636,0.042827,0,0.00009,0
0.538877,0.482253,0.576939,0.653928,0.330468,0.493582,0.056389,0.078116,0.05414,0,0.000416,0
0.53566,0.476047,0.571831,0.240012,0.313119,0.435857,0.048242,0.066243,0.050143,0,0.000346,0
0.541839,0.483874,0.579403,0.619514,0.329127,0.495448,0.055739,0.075594,0.057228,0,0.00039,0
0.543086,0.485502,0.580944,0.660828,0.335781,0.500627,0.059144,0.08017,0.059209,0,0.000416,0
0.167364,0.467957,0.558449,0.237478,0.309123,0.433033,0.046057,0.062795,0.047915,0,0.000331,0
0.166193,0.468241,0.557304,0.090095,0.307688,0.158267,0.050107,0.062583,0.056349,0,0.000304,0
0.483969,0.47389,0.566629,0.089521,0.308244,0.157709,0.050348,0.064504,0.055518,0,0.000316,0
0.169268,0.472107,0.561092,0.195377,0.316157,0.165718,0.053245,0.066886,0.059346,0,0.000328,0
0.172892,0.473915,0.563764,0.249837,0.320305,0.445137,0.052691,0.06829,0.057226,0,0.000344,0
0.477105,0.466186,0.55867,0.076873,0.179903,0.077101,0.044281,0.056786,0.049281,0,0.000281,0
0.472792,0.461084,0.553538,0.069681,0.173244,0.069997,0.040276,0.053303,0.043688,0,0.000272,0
0.178033,0.478445,0.569307,0.262508,0.329935,0.455152,0.058422,0.074392,0.063416,0,0.000367,0
0.176277,0.476033,0.5671,0.259688,0.327173,0.452357,0.056777,0.072852,0.06119,0,0.000362,0
0.54369,0.488425,0.582829,0.660223,0.335613,0.500171,0.058879,0.080392,0.059165,0,0.000419,0
0.548953,0.495703,0.589568,0.675866,0.348694,0.512057,0.067727,0.089959,0.066571,0,0.000461,0
0.54255,0.487293,0.581595,0.61949,0.329357,0.495677,0.05564,0.075782,0.057211,0,0.000392,0
0.491627,0.482214,0.575487,0.206346,0.325556,0.174084,0.058712,0.074658,0.063878,0,0.000364,0
0.544181,0.486361,0.581062,0.203825,0.324293,0.171765,0.057909,0.074905,0.062262,0,0.000369,0
0.180042,0.416904,0.538909,0.639388,0.337558,0.432362,0.063383,0.080243,0.067187,0,0.000397,0
0.549744,0.493824,0.588075,0.641684,0.344348,0.467269,0.065934,0.085187,0.069163,0,0.000423,0
0.482408,0.472569,0.564977,0.086098,0.187928,0.084364,0.048688,0.062544,0.053437,0,0.000306,0
0.536122,0.477071,0.572539,0.083038,0.186047,0.081593,0.047661,0.062593,0.051634,0,0.00031,0
0.539785,0.480324,0.575537,0.196764,0.317378,0.16477,0.053791,0.071048,0.056689,0,0.000357,0
0.180333,0.419293,0.540076,0.639421,0.340304,0.464766,0.063636,0.081249,0.067065,0,0.000404,0
0.550413,0.494756,0.588924,0.64269,0.345358,0.468275,0.066536,0.085752,0.069978,0,0.000425,0
0.555413,0.50381,0.597351,0.686842,0.359366,0.522831,0.074786,0.096119,0.075153,0,0.000479,0
0.543499,0.486288,0.580424,0.196262,0.320348,0.168741,0.056427,0.071601,0.062832,0,0.000347,0
0.54417,0.489331,0.583379,0.249611,0.323694,0.447343,0.055608,0.072466,0.060865,0,0.00036,0
0.546547,0.490189,0.584171,0.260666,0.332804,0.456182,0.059907,0.076719,0.066091,0,0.000376,0
0.547291,0.493298,0.587211,0.623138,0.334679,0.501466,0.059415,0.077935,0.064237,0,0.000391,0
0.536469,0.480609,0.574403,0.082004,0.278364,0.152308,0.048348,0.062613,0.053857,0,0.000309,0
0.530067,0.471804,0.566361,0.071186,0.176254,0.071843,0.042219,0.056454,0.045802,0,0.000286,0
0.529661,0.471246,0.56585,0.070533,0.175615,0.071196,0.041839,0.056098,0.045287,0,0.000285,0
0.538834,0.482001,0.576671,0.241038,0.315297,0.43885,0.050609,0.067784,0.054099,0,0.000346,0
0.550522,0.496295,0.589748,0.635566,0.344705,0.511316,0.065016,0.084151,0.06984,0,0.000416,0
0.551562,0.498547,0.592405,0.634023,0.343741,0.509914,0.064498,0.084116,0.068979,0,0.000418,0
0.544287,0.489172,0.583435,0.618313,0.329953,0.496685,0.056601,0.0753,0.060429,0,0.000383,0
0.5495,0.495628,0.589786,0.670042,0.3452,0.509843,0.064811,0.085796,0.066774,0,0.000435,0
0.542135,0.486683,0.581001,0.656213,0.333199,0.497236,0.057564,0.078768,0.057807,0,0.000412,0
0.54918,0.496043,0.589819,0.674451,0.348657,0.511545,0.068113,0.08982,0.067065,0,0.000458,0
0.550947,0.498552,0.592106,0.678851,0.352552,0.515104,0.070724,0.092523,0.069515,0,0.000469,0
0.554784,0.504054,0.597119,0.688428,0.361101,0.523231,0.078433,0.09926,0.075528,0,0.000495,0
0.555366,0.504852,0.59785,0.689371,0.362021,0.524164,0.078981,0.099773,0.076269,0,0.000497,0
0.530208,0.47268,0.566844,0.169251,0.296511,0.144161,0.042749,0.058413,0.045612,0,0.000304,0
0.533812,0.476679,0.571086,0.601046,0.314245,0.48044,0.047264,0.066183,0.048523,0,0.000354,0
0.540774,0.485118,0.579353,0.612744,0.325521,0.491406,0.053805,0.073289,0.056158,0,0.00038,0
0.544784,0.489642,0.584037,0.662827,0.338817,0.502628,0.060857,0.082062,0.061364,0,0.000425,0
0.544657,0.490734,0.584551,0.668627,0.343947,0.505848,0.065586,0.087209,0.062145,0,0.000452,0
0.55321,0.503119,0.595817,0.689815,0.361931,0.52411,0.080537,0.100505,0.074624,0,0.000504,0
0.553927,0.504069,0.5967,0.692116,0.363931,0.526313,0.082493,0.101826,0.076308,0,0.000508,0
0.554235,0.502379,0.595978,0.686457,0.35863,0.521663,0.074649,0.096287,0.073871,0,0.000482,0
0.557119,0.508367,0.600672,0.696976,0.368673,0.531081,0.085455,0.10461,0.080367,0,0.000516,0
0.30551,0.56482,0.462231,0.041273,0.110968,0.045179,0.03935,0.069158,0.035453,0,0.000416,0
0.313159,0.578497,0.47326,0.054785,0.126035,0.059395,0.048941,0.080435,0.046772,0,0.000461,0
0.04986,0.071371,0.064774,0.079918,0.106918,0.082497,0.142872,0.21695,0.307963,0,0.000361,0
0.045189,0.064955,0.058903,0.072415,0.09957,0.075064,0.138497,0.212852,0.302041,0,0.000349,0
0.042556,0.061369,0.055597,0.068167,0.095712,0.070885,0.136057,0.210689,0.298689,0,0.000343,0
0.042653,0.061692,0.05571,0.068014,0.098436,0.070942,0.136885,0.214639,0.298913,0,0.000368,0
0.041282,0.06017,0.054068,0.065623,0.097645,0.068663,0.135988,0.215017,0.297121,0,0.000378,0
0.042514,0.062399,0.055773,0.067327,0.102134,0.070415,0.138254,0.220588,0.298864,0,0.000408,0
0.0426,0.06336,0.056199,0.06744,0.103751,0.070581,0.139092,0.222743,0.29918,0,0.000422,0
0.04369,0.065708,0.057956,0.069429,0.108844,0.072573,0.141985,0.229174,0.301065,0,0.000453,0
0.05406,0.077768,0.070365,0.087103,0.118356,0.090069,0.14936,0.229504,0.314256,0,0.000414,0
0.050778,0.073259,0.06624,0.08183,0.113192,0.084846,0.146285,0.226625,0.310095,0,0.000406,0
0.049089,0.071113,0.06414,0.078987,0.111653,0.082139,0.144923,0.22621,0.307911,0,0.000411,0
0.048243,0.070185,0.063135,0.077523,0.110991,0.080737,0.144312,0.22619,0.306797,0,0.000416,0
0.04766,0.069734,0.062482,0.076381,0.111677,0.079683,0.144324,0.227998,0.306077,0,0.000431,0
0.047801,0.070318,0.062792,0.076536,0.112611,0.079853,0.144765,0.229052,0.30628,0,0.000438,0
0.047997,0.071379,0.063334,0.076805,0.115179,0.080171,0.146063,0.2327,0.306797,0,0.00046,0
0.049138,0.073719,0.065123,0.078953,0.119362,0.082317,0.148501,0.237191,0.308639,0,0.000482,0
0.05436,0.078288,0.070762,0.08752,0.119318,0.090534,0.14972,0.230157,0.3146,0,0.000419,0
0.05208,0.07522,0.067899,0.083791,0.116357,0.086898,0.147724,0.228834,0.311702,0,0.000419,0
0.051049,0.074097,0.066664,0.081945,0.116124,0.085152,0.147199,0.229832,0.310386,0,0.000431,0
0.049661,0.07219,0.064919,0.079714,0.11394,0.082942,0.145899,0.228614,0.308626,0,0.000427,0
0.049376,0.072214,0.06468,0.07909,0.115308,0.082368,0.146367,0.231112,0.308327,0,0.000445,0
0.048537,0.071452,0.063758,0.07767,0.114701,0.080979,0.145891,0.231306,0.307287,0,0.000449,0
0.049013,0.072774,0.064611,0.078436,0.116777,0.081788,0.147014,0.233591,0.308085,0,0.000463,0
0.050257,0.075256,0.066529,0.080751,0.121123,0.084098,0.149549,0.238173,0.310058,0,0.000485,0
0.056585,0.082164,0.073922,0.091674,0.127013,0.095018,0.153957,0.238511,0.318119,0,0.000462,0
0.055012,0.080115,0.071973,0.089102,0.124768,0.09249,0.152538,0.23736,0.316102,0,0.00046,0
0.054467,0.079587,0.071336,0.088098,0.124957,0.091555,0.152351,0.238176,0.315392,0,0.000469,0
0.053765,0.078816,0.070513,0.086919,0.12413,0.090399,0.151795,0.237899,0.31449,0,0.00047,0
0.052882,0.077779,0.069467,0.085475,0.122896,0.088974,0.151049,0.237336,0.313384,0,0.00047,0
0.053321,0.07878,0.070148,0.086102,0.12493,0.089612,0.152034,0.239571,0.313989,0,0.000484,0
0.053372,0.079335,0.070406,0.086217,0.125551,0.089769,0.152414,0.240352,0.314209,0,0.000489,0
0.05356,0.080142,0.070883,0.086702,0.127294,0.090261,0.153406,0.242517,0.314687,0,0.000501,0
0.056687,0.082415,0.074078,0.091792,0.127403,0.095155,0.154107,0.238829,0.318225,0,0.000465,0
0.055251,0.08054,0.072292,0.089418,0.125751,0.092834,0.152959,0.23837,0.316405,0,0.000467,0
0.055115,0.08067,0.072209,0.089087,0.126253,0.092546,0.153059,0.239083,0.316201,0,0.000474,0
0.053979,0.079111,0.070782,0.087263,0.124467,0.090739,0.151996,0.238087,0.314761,0,0.000471,0
0.053826,0.079257,0.070713,0.086959,0.125166,0.090449,0.152278,0.239295,0.314618,0,0.00048,0
0.053681,0.079491,0.07069,0.086708,0.12564,0.090248,0.152488,0.240101,0.314541,0,0.000486,0
0.054143,0.080657,0.071495,0.087572,0.127581,0.091117,0.153601,0.242187,0.31532,0,0.000497,0
0.054112,0.0809,0.071576,0.087589,0.128163,0.09114,0.153923,0.243001,0.315387,0,0.000502,0
0.042372,0.060639,0.055064,0.067369,0.09192,0.069617,0.134741,0.205428,0.298495,0,0.000319,0
0.034718,0.050145,0.045442,0.055067,0.080538,0.057495,0.128009,0.19921,0.289311,0,0.000302,0
0.034949,0.050488,0.045718,0.055354,0.081658,0.057847,0.128315,0.200502,0.289484,0,0.00031,0
0.03778,0.056392,0.049849,0.059173,0.094152,0.062068,0.133289,0.213632,0.292696,0,0.000393,0
0.04756,0.073056,0.063885,0.078173,0.119788,0.082264,0.14926,0.239819,0.308109,0,0.000498,0
0.056926,0.082841,0.074397,0.092108,0.128386,0.095499,0.154528,0.239839,0.318528,0,0.000472,0
0.055115,0.08067,0.072209,0.089087,0.126253,0.092546,0.153059,0.239083,0.316201,0,0.000474,0
0.054453,0.080119,0.071502,0.087967,0.126154,0.091448,0.152866,0.239845,0.315414,0,0.000481,0
0.055581,0.081311,0.072796,0.089837,0.126988,0.093289,0.153497,0.239493,0.316792,0,0.000475,0
0.054496,0.080879,0.07182,0.088023,0.12732,0.091559,0.153467,0.241338,0.315635,0,0.000492,0
0.055104,0.083417,0.073367,0.090292,0.131651,0.094269,0.156306,0.246414,0.317627,0,0.000518,0
0.054815,0.083021,0.073004,0.089828,0.1312,0.09381,0.156048,0.246175,0.317289,0,0.000518,0
0.054652,0.081641,0.072255,0.088456,0.129011,0.091998,0.154429,0.243474,0.316071,0,0.000504,0
0.042864,0.061907,0.055982,0.068374,0.098736,0.071206,0.137402,0.216072,0.299377,0,0.00037,0
0.035325,0.05097,0.046199,0.056037,0.081427,0.058448,0.127615,0.199295,0.28877,0,0.000303,0
0.034639,0.050027,0.045336,0.054934,0.080346,0.057356,0.126967,0.198688,0.28789,0,0.000301,0
0.04427,0.06546,0.058584,0.3833,0.175541,0.301941,0.455406,0.244449,0.591599,0,0.000442,0
0.040322,0.059779,0.053446,0.135867,0.163124,0.291466,0.445646,0.235229,0.585021,0,0.000399,0
0.044004,0.064875,0.058101,0.352636,0.170842,0.297874,0.450689,0.240303,0.589388,0,0.000422,0
0.050775,0.07417,0.06662,0.089023,0.147981,0.124513,0.453429,0.240996,0.597887,0,0.000402,0
0.046888,0.068834,0.061733,0.082921,0.166523,0.137154,0.449823,0.237731,0.592943,0,0.000393,0
0.048086,0.07037,0.063211,0.08212,0.135981,0.085096,0.444213,0.231987,0.592102,0,0.000364,0
0.042594,0.062827,0.056308,0.073299,0.127341,0.076357,0.439069,0.22717,0.585141,0,0.000349,0
0.051308,0.075574,0.067669,0.09473,0.179989,0.1935,0.462039,0.247771,0.60147,0,0.000435,0
0.049903,0.073634,0.065899,0.118803,0.179514,0.307536,0.460832,0.246913,0.599631,0,0.000435,0
0.041149,0.060058,0.054058,0.06853,0.092374,0.070822,0.424683,0.216261,0.577396,0,0.00031,0
0.039601,0.05959,0.053313,0.390588,0.177349,0.302141,0.462072,0.250885,0.588444,0,0.000485,0
0.038184,0.057642,0.051531,0.388361,0.17513,0.299921,0.460738,0.24963,0.586626,0,0.000481,0
0.027891,0.043513,0.038597,0.369086,0.157648,0.280907,0.450782,0.240403,0.573224,0,0.000453,0
0.038301,0.057804,0.051678,0.388499,0.175303,0.300071,0.460854,0.249745,0.586796,0,0.000482,0
0.050904,0.075114,0.06752,0.408795,0.195142,0.320164,0.472653,0.260789,0.602752,0,0.000515,0
0.048399,0.07167,0.06437,0.405666,0.191623,0.317031,0.470403,0.258653,0.599677,0,0.000509,0
0.047337,0.067925,0.061052,0.1505,0.171931,0.304087,0.433313,0.215479,0.575632,0,0.000392,0
0.045433,0.065328,0.058714,0.386059,0.172481,0.30353,0.433204,0.217874,0.573789,0,0.000404,0
0.04359,0.062274,0.056083,0.077121,0.155645,0.130477,0.424533,0.208165,0.571262,0,0.00034,0
0.039446,0.056607,0.050898,0.133892,0.156477,0.288588,0.423261,0.210054,0.56699,0,0.000356,0
0.047873,0.068553,0.061688,0.39234,0.177167,0.308707,0.431586,0.217931,0.574573,0,0.000413,0
0.044667,0.064513,0.058112,0.395454,0.179007,0.307054,0.440189,0.231877,0.577612,0,0.000449,0
0.03592,0.050836,0.045951,0.060247,0.082396,0.062274,0.399563,0.189074,0.55515,0,0.000266,0
0.037152,0.053871,0.048322,0.371908,0.160587,0.289512,0.427596,0.221554,0.567887,0,0.000393,0
0.042165,0.06125,0.055218,0.39333,0.176902,0.304124,0.441415,0.237089,0.577276,0,0.000458,0
0.038777,0.056454,0.050691,0.380285,0.167504,0.294754,0.43371,0.229242,0.572033,0,0.000423,0
0.027937,0.04078,0.036523,0.052975,0.135679,0.151762,0.412036,0.20767,0.555595,0,0.000322,0
0.042866,0.060205,0.054485,0.0783,0.155136,0.175953,0.3034,0.197641,0.558361,0,0.000328,0
0.039137,0.056117,0.05051,0.135353,0.159215,0.289065,0.422965,0.219021,0.56808,0,0.000376,0
0.041716,0.058904,0.053212,0.076846,0.154675,0.174554,0.356472,0.200244,0.55968,0,0.000334,0
0.028937,0.040816,0.036975,0.047816,0.068827,0.049479,0.384925,0.184659,0.543481,0,0.000241,0
0.04652,0.063697,0.058925,0.653926,0.309038,0.49232,0.057776,0.063589,0.058813,0,0.000291,0
0.044668,0.06041,0.056599,0.653598,0.308681,0.489467,0.055911,0.063875,0.054171,0,0.000305,0
0.043185,0.057271,0.054413,0.650091,0.307147,0.485563,0.054428,0.063211,0.050358,0,0.00031,0
0.040395,0.053438,0.050906,0.645608,0.302757,0.481122,0.051814,0.060763,0.04682,0,0.000302,0
0.045127,0.058281,0.056707,0.653303,0.311288,0.486966,0.05507,0.066214,0.04859,0,0.000336,0
0.048505,0.061462,0.06037,0.655273,0.315174,0.488715,0.056059,0.068609,0.048747,0,0.000354,0
0.051833,0.101027,0.064649,0.656685,0.318654,0.489993,0.058089,0.071397,0.049257,0,0.000372,0
0.054984,0.278554,0.107443,0.657477,0.322812,0.491034,0.059856,0.074489,0.04966,0,0.000396,0
0.04329,0.059109,0.05473,0.646463,0.300174,0.485417,0.05392,0.059151,0.05495,0,0.000269,0
0.037362,0.050751,0.047244,0.638925,0.291833,0.476487,0.048714,0.054946,0.047012,0,0.00026,0
0.037339,0.049024,0.046775,0.638813,0.293941,0.475084,0.048354,0.056318,0.043731,0,0.000277,0
0.034869,0.045631,0.04367,0.634846,0.290055,0.471154,0.046041,0.054151,0.0406,0,0.00027,0
0.035518,0.046144,0.044407,0.639579,0.292642,0.473925,0.047894,0.056684,0.041137,0,0.000284,0
0.042299,0.052027,0.051504,0.6478,0.30233,0.481051,0.051732,0.062383,0.044301,0,0.000315,0
0.043632,0.053874,0.053732,0.648769,0.306451,0.481999,0.053207,0.064622,0.044158,0,0.000334,0
0.043708,0.055282,0.054526,0.648217,0.308679,0.481715,0.053788,0.065699,0.043564,0,0.000348,0
0.050116,0.068027,0.06393,0.659399,0.317917,0.496442,0.060097,0.068132,0.059956,0,0.000323,0
0.050221,0.064493,0.063145,0.654904,0.316451,0.490411,0.057583,0.068344,0.053149,0,0.00034,0
0.049962,0.065208,0.063433,0.653817,0.31765,0.489522,0.056984,0.068601,0.051822,0,0.000349,0
0.062372,0.111908,0.077048,0.662681,0.326963,0.496138,0.061077,0.076437,0.053355,0,0.000398,0
0.06373,0.285596,0.115783,0.663809,0.329344,0.497289,0.062991,0.078518,0.054209,0,0.000411,0
0.03857,0.052518,0.048773,0.638667,0.212317,0.476912,0.049397,0.054245,0.049132,0,0.000248,0
0.028688,0.038169,0.036171,0.625797,0.198357,0.461584,0.041218,0.04764,0.0354,0,0.000235,0
0.031559,0.040803,0.039326,0.634811,0.244576,0.467972,0.046102,0.053306,0.037929,0,0.000263,0
0.04246,0.058285,0.053478,0.386546,0.152934,0.297281,0.13368,0.073523,0.063843,0,0.000279,0
0.035888,0.049423,0.045318,0.377349,0.144169,0.287671,0.129337,0.069537,0.05606,0,0.00027,0
0.044717,0.061382,0.056289,0.390291,0.158634,0.301233,0.13932,0.082314,0.161086,0,0.000299,0
0.037686,0.051889,0.047555,0.380355,0.148915,0.290868,0.134515,0.07775,0.152707,0,0.000288,0
0.04571,0.063129,0.057711,0.392732,0.16383,0.303776,0.290533,0.103322,0.276024,0,0.000326,0
0.040008,0.055298,0.050544,0.383572,0.154859,0.294702,0.285192,0.09832,0.268795,0,0.000311,0
0.046178,0.063747,0.058267,0.393431,0.16599,0.304643,0.293339,0.132754,0.397989,0,0.000339,0
0.040476,0.055916,0.0511,0.384272,0.157019,0.295568,0.287998,0.127751,0.39076,0,0.000324,0
0.04625,0.06384,0.058349,0.393573,0.166339,0.304795,0.293508,0.133606,0.39815,0,0.000341,0
0.042589,0.058797,0.053732,0.38763,0.161222,0.298978,0.291061,0.174109,0.394829,0,0.000338,0
0.036271,0.049815,0.045742,0.376388,0.140461,0.286869,0.126129,0.06257,0.054519,0,0.000249,0
0.030307,0.041788,0.03835,0.368167,0.132422,0.278203,0.122324,0.058942,0.047493,0,0.000241,0
0.032467,0.045002,0.041189,0.372244,0.140133,0.282654,0.18028,0.070147,0.054499,0,0.00027,0
0.034637,0.048212,0.044033,0.376902,0.146928,0.287245,0.189008,0.080823,0.152633,0,0.000298,0
0.046663,0.06489,0.059085,0.394923,0.168414,0.306565,0.296874,0.178742,0.40125,0,0.000352,0
0.041211,0.058038,0.052695,0.388856,0.165375,0.299708,0.36233,0.191702,0.555889,0,0.000377,0
0.028533,0.039919,0.036446,0.367774,0.138636,0.278029,0.188755,0.07829,0.146411,0,0.000291,0
0.031632,0.044224,0.040332,0.372828,0.14737,0.283461,0.34267,0.128872,0.384695,0,0.00033,0
0.035282,0.049529,0.045099,0.378724,0.156189,0.289566,0.408893,0.18891,0.549834,0,0.000366,0
0.036906,0.052058,0.047311,0.382902,0.16059,0.293378,0.413076,0.196155,0.553385,0,0.000383,0
0.038803,0.054691,0.049716,0.385888,0.164342,0.296383,0.416581,0.204857,0.557907,0,0.000396,0
0.033494,0.046713,0.042618,0.375132,0.147533,0.285745,0.336573,0.098657,0.264161,0,0.000313,0
0.029072,0.040338,0.036922,0.36684,0.134815,0.277299,0.177103,0.067172,0.050195,0,0.000261,0
0.026084,0.036574,0.033416,0.363603,0.13133,0.27349,0.181657,0.065638,0.047797,0,0.000263,0
0.027325,0.038812,0.035282,0.366429,0.136109,0.276614,0.191291,0.073574,0.053733,0,0.000284,0
0.030122,0.042716,0.038786,0.371114,0.145728,0.281838,0.348054,0.12422,0.385625,0,0.00033,0
0.031718,0.044884,0.040764,0.373635,0.149008,0.284422,0.350014,0.132715,0.388105,0,0.000341,0
0.040479,0.057018,0.05176,0.387595,0.164627,0.298495,0.362057,0.19432,0.555406,0,0.000379,0
0.04025,0.057408,0.052017,0.388433,0.169463,0.299174,0.431048,0.219645,0.568352,0,0.000423,0
0.540313,0.484796,0.579313,0.668716,0.34084,0.502815,0.069643,0.089834,0.059203,0,0.000471,0
0.541396,0.486283,0.580674,0.670456,0.342544,0.504538,0.070658,0.090784,0.060575,0,0.000474,0
0.547294,0.494395,0.588093,0.679863,0.351781,0.513866,0.076154,0.095936,0.068021,0,0.00049,0
0.551405,0.50003,0.593254,0.686533,0.35829,0.520466,0.080033,0.099565,0.073264,0,0.000501,0
0.553943,0.503516,0.596445,0.690611,0.362283,0.524506,0.08241,0.101792,0.076482,0,0.000507,0
0.555883,0.506192,0.598889,0.693669,0.3653,0.527543,0.084203,0.103474,0.078914,0,0.000512,0
0.556983,0.507692,0.600266,0.695494,0.367066,0.529344,0.085258,0.104458,0.080336,0,0.000515,0
0.55774,0.508744,0.601224,0.696644,0.368216,0.530491,0.085939,0.1051,0.081264,0,0.000517,0
0.559245,0.510798,0.603109,0.699128,0.370624,0.532943,0.087376,0.106443,0.083203,0,0.000521,0
0.559658,0.511367,0.603629,0.699792,0.371275,0.533602,0.087764,0.106806,0.083728,0,0.000523,0
0.535391,0.478046,0.573132,0.660742,0.333055,0.494923,0.065005,0.085494,0.052931,0,0.000458,0
0.541691,0.4867,0.581051,0.670862,0.342966,0.504949,0.070906,0.091021,0.060917,0,0.000475,0
0.533969,0.476071,0.571333,0.658503,0.330833,0.492691,0.063702,0.08427,0.051165,0,0.000454,0
0.536556,0.479638,0.574592,0.662597,0.334867,0.496755,0.066099,0.086517,0.054412,0,0.000461,0
0.547216,0.494277,0.587989,0.679805,0.3517,0.513801,0.076109,0.09589,0.067954,0,0.000489,0
0.55149,0.500148,0.593362,0.686671,0.358425,0.520603,0.080113,0.09964,0.073373,0,0.000501,0
0.548503,0.496045,0.589608,0.681867,0.353721,0.515844,0.077312,0.097017,0.069583,0,0.000493,0
0.548616,0.496215,0.589757,0.682027,0.353895,0.516011,0.077401,0.097104,0.069705,0,0.000493,0
0.551489,0.500153,0.593364,0.686682,0.358439,0.520618,0.080111,0.099638,0.073368,0,0.000501,0
0.552529,0.501584,0.594673,0.688281,0.360022,0.522204,0.081061,0.100531,0.074661,0,0.000503,0
0.555746,0.505992,0.598711,0.693507,0.36512,0.527375,0.084099,0.103373,0.078768,0,0.000512,0
0.556896,0.507584,0.600163,0.695287,0.366887,0.529147,0.085148,0.104359,0.080194,0,0.000515,0
0.559054,0.510536,0.602869,0.698821,0.370324,0.53264,0.087197,0.106275,0.082961,0,0.000521,0
0.559054,0.510536,0.602869,0.698821,0.370324,0.53264,0.087197,0.106275,0.082961,0,0.000521,0
0.559897,0.511707,0.603936,0.700109,0.37161,0.533924,0.08796,0.106993,0.083999,0,0.000523,0
0.556224,0.506643,0.599309,0.694294,0.365881,0.528151,0.084558,0.103801,0.079387,0,0.000513,0
0.558239,0.509422,0.601848,0.697433,0.368986,0.531269,0.086408,0.105538,0.081899,0,0.000519,0
0.559332,0.510917,0.603218,0.699266,0.37076,0.53308,0.087458,0.106519,0.083314,0,0.000522,0
0.032375,0.046448,0.041494,0.049736,0.081949,0.05144,0.11638,0.194716,0.275394,0,0.000348,0
0.034963,0.050379,0.044866,0.053809,0.087086,0.055493,0.119278,0.198468,0.278739,0,0.000365,0
0.038676,0.056185,0.049952,0.059945,0.095143,0.061809,0.124966,0.207151,0.285059,0,0.000394,0
0.039331,0.05726,0.050839,0.060972,0.096329,0.062832,0.125658,0.207936,0.285898,0,0.000397,0
0.039339,0.05727,0.050735,0.061018,0.096441,0.062663,0.124682,0.205877,0.284568,0,0.000398,0
0.027381,0.038846,0.034974,0.041897,0.070396,0.043533,0.110192,0.184949,0.268883,0,0.0003,0
0.030266,0.042777,0.03852,0.04643,0.07442,0.048064,0.112281,0.185526,0.272217,0,0.000303,0
0.035619,0.051086,0.045632,0.054915,0.087842,0.056577,0.119796,0.198711,0.279596,0,0.000364,0
0.026374,0.037792,0.033787,0.040099,0.07084,0.041837,0.109961,0.186865,0.267643,0,0.000317,0
0.036214,0.053459,0.047089,0.056451,0.092208,0.058486,0.122504,0.204765,0.281152,0,0.000394,0
0.037822,0.054238,0.04835,0.058252,0.090635,0.059865,0.118877,0.197195,0.280179,0,0.000367,0
0.039752,0.057838,0.051255,0.061683,0.097092,0.063321,0.125067,0.206238,0.285088,0,0.000399,0
0.035846,0.052208,0.046225,0.055291,0.090125,0.056983,0.120935,0.201639,0.27998,0,0.000382,0
0.03886,0.057382,0.050448,0.060348,0.09686,0.062049,0.124913,0.207034,0.284216,0,0.000406,0
0.040673,0.056129,0.05103,0.063624,0.084502,0.06475,0.097442,0.172929,0.277402,0,0.000279,0
0.038282,0.053072,0.048228,0.059637,0.082616,0.060841,0.096939,0.177473,0.275485,0,0.000288,0
0.042737,0.059117,0.053636,0.066771,0.089381,0.067989,0.099822,0.176753,0.280069,0,0.000299,0
0.042092,0.058582,0.05307,0.065541,0.091173,0.066815,0.101391,0.184438,0.280439,0,0.000322,0
0.043723,0.0608,0.054954,0.068174,0.09296,0.069464,0.101439,0.180409,0.281324,0,0.000321,0
0.044101,0.061687,0.055733,0.068672,0.096432,0.070011,0.104215,0.189717,0.283184,0,0.000346,0
0.043723,0.0608,0.054953,0.068174,0.09296,0.069464,0.101437,0.180408,0.281319,0,0.000321,0
0.04505,0.063225,0.056983,0.070091,0.098595,0.071465,0.105282,0.19127,0.28434,0,0.000355,0
0.043351,0.060405,0.054433,0.067603,0.092205,0.068917,0.100035,0.176382,0.279708,0,0.00032,0
0.044758,0.062887,0.056566,0.069722,0.098082,0.071075,0.10412,0.187723,0.282911,0,0.000355,0
0.034688,0.047743,0.043517,0.054347,0.071251,0.055312,0.090636,0.161731,0.269538,0,0.00023,0
0.034178,0.047785,0.043319,0.052891,0.078166,0.054281,0.112439,0.183943,0.275073,0,0.000292,0
0.033207,0.046881,0.042233,0.051083,0.079824,0.05266,0.115094,0.189514,0.275883,0,0.000319,0
0.04371,0.06108,0.054944,0.068146,0.093555,0.069461,0.100714,0.177826,0.280196,0,0.000329,0
0.037009,0.05249,0.047043,0.057027,0.087482,0.058563,0.099753,0.19002,0.275805,0,0.000348,0
0.547494,0.49365,0.58761,0.666334,0.341598,0.506225,0.062443,0.083729,0.063987,0,0.000429,0
0.553486,0.501919,0.59526,0.683206,0.355861,0.519322,0.071993,0.093954,0.072345,0,0.000473,0
0.5308,0.473615,0.56762,0.072667,0.295345,0.143352,0.043154,0.058219,0.046648,0,0.000298,0
0.551393,0.499401,0.592859,0.682957,0.355751,0.517814,0.075249,0.096278,0.071218,0,0.000486,0
0.530413,0.473078,0.567132,0.072048,0.294725,0.142735,0.042793,0.05788,0.046159,0,0.000297,0
0.553903,0.502518,0.595798,0.684109,0.356967,0.520187,0.07341,0.095044,0.073209,0,0.000477,0
0.037195,0.053876,0.048538,0.384565,0.160357,0.295223,0.418858,0.12122,0.284651,0,0.000369,0
0.036139,0.052021,0.046917,0.381357,0.156074,0.292321,0.411439,0.103055,0.278531,0,0.000347,0
0.045789,0.064782,0.058657,0.394451,0.17138,0.306447,0.366285,0.148003,0.562947,0,0.000378,0
0.040409,0.057083,0.05176,0.386587,0.158205,0.297554,0.348826,0.093278,0.274609,0,0.000328,0
0.02806,0.039722,0.035926,0.046558,0.067509,0.04827,0.388374,0.184691,0.545829,0,0.000238,0
0.04614,0.06486,0.058736,0.386879,0.168271,0.303217,0.312618,0.197857,0.564029,0,0.000364,0
0.045088,0.063687,0.057577,0.385559,0.168187,0.301975,0.365885,0.201336,0.565553,0,0.000372,0
0.046544,0.065697,0.059362,0.152155,0.168711,0.303365,0.312256,0.202131,0.563584,0,0.00037,0
0.046439,0.06603,0.05955,0.389093,0.172779,0.30542,0.424138,0.210804,0.569953,0,0.000394,0
0.046504,0.065642,0.05931,0.151996,0.168367,0.303139,0.312209,0.202038,0.56354,0,0.000369,0
0.046206,0.065918,0.05939,0.152094,0.171525,0.303487,0.426422,0.214912,0.572387,0,0.000394,0
0.045639,0.064146,0.058119,0.388193,0.16792,0.303104,0.312084,0.19176,0.562929,0,0.000363,0
0.042853,0.06143,0.055373,0.38921,0.171292,0.302043,0.429377,0.213625,0.570678,0,0.000407,0
0.044628,0.062763,0.056787,0.081532,0.157228,0.133462,0.307552,0.199189,0.562069,0,0.000334,0
0.039785,0.058711,0.052619,0.391162,0.172917,0.302059,0.450809,0.22539,0.577682,0,0.000446,0
0.040999,0.060742,0.054448,0.392692,0.177711,0.30371,0.457856,0.24355,0.584803,0,0.000474,0
0.037006,0.054728,0.049044,0.386171,0.169796,0.297064,0.448218,0.233002,0.575278,0,0.00045,0
0.043771,0.06488,0.058178,0.397163,0.182764,0.308308,0.46335,0.249374,0.591066,0,0.000487,0
0.041631,0.060087,0.054156,0.38815,0.171949,0.300505,0.435219,0.224757,0.574394,0,0.000426,0
0.041327,0.059238,0.05348,0.38749,0.170568,0.29968,0.42996,0.220838,0.570304,0,0.000418,0
0.041913,0.060752,0.054573,0.388494,0.172936,0.301479,0.436531,0.227023,0.574391,0,0.00043,0
0.039682,0.057689,0.051795,0.380181,0.167688,0.295481,0.434687,0.228527,0.573947,0,0.000418,0
0.037451,0.054577,0.048911,0.372456,0.161462,0.290213,0.430478,0.224064,0.570804,0,0.000397,0
0.03039,0.044172,0.0396,0.118564,0.14277,0.273497,0.4143,0.210142,0.558765,0,0.000338,0
0.042346,0.060822,0.054808,0.388276,0.171533,0.301176,0.430665,0.220231,0.571806,0,0.000415,0
0.041067,0.059068,0.053171,0.384822,0.168972,0.298633,0.429168,0.219392,0.570341,0,0.000409,0
0.041366,0.059486,0.053554,0.385181,0.169926,0.299012,0.430121,0.223334,0.571407,0,0.000415,0
0.043279,0.062183,0.056247,0.394463,0.176052,0.305053,0.438564,0.228341,0.576638,0,0.000442,0
0.042905,0.062099,0.055894,0.39262,0.176121,0.304254,0.43896,0.230725,0.57594,0,0.000444,0
0.03979,0.057619,0.051706,0.377538,0.165522,0.294564,0.431335,0.223093,0.571404,0,0.000403,0
0.035215,0.051165,0.045828,0.0938,0.151084,0.281799,0.422294,0.214479,0.564989,0,0.000356,0
0.044862,0.064852,0.058564,0.397446,0.18084,0.308172,0.444984,0.239176,0.581549,0,0.000464,0
0.039851,0.057816,0.052054,0.38389,0.169968,0.296656,0.436199,0.230885,0.573711,0,0.000432,0
0.044885,0.066632,0.059762,0.399009,0.185048,0.310271,0.465915,0.252961,0.59405,0,0.000494,0
0.045507,0.067488,0.060544,0.400009,0.186027,0.311262,0.466498,0.253507,0.59484,0,0.000496,0
0.046596,0.068983,0.061913,0.401752,0.187739,0.31299,0.467519,0.254464,0.596223,0,0.000499,0
0.046558,0.069145,0.062057,0.401807,0.188304,0.313243,0.468583,0.256978,0.597246,0,0.000504,0
0.042969,0.062838,0.056507,0.395581,0.178988,0.306379,0.45179,0.238448,0.582663,0,0.000465,0
0.047275,0.07013,0.062959,0.402921,0.189423,0.314358,0.469259,0.257616,0.59817,0,0.000506,0
0.047327,0.070201,0.063024,0.403043,0.189514,0.314467,0.469303,0.257653,0.598221,0,0.000506,0
0.046541,0.068908,0.061844,0.401664,0.187653,0.312903,0.467467,0.254416,0.596153,0,0.000499,0
0.045275,0.067303,0.060371,0.399671,0.186025,0.31104,0.46702,0.254948,0.595301,0,0.000498,0
0.045652,0.0679,0.060918,0.400351,0.186877,0.311801,0.467734,0.256183,0.596096,0,0.000501,0
0.044107,0.065699,0.058904,0.397802,0.18419,0.309187,0.465926,0.253923,0.593818,0,0.000495,0
0.044363,0.066129,0.059297,0.398286,0.18485,0.309753,0.466525,0.25505,0.594459,0,0.000498,0
0.042182,0.063055,0.056484,0.394653,0.181148,0.306083,0.464129,0.252247,0.591401,0,0.00049,0
0.04188,0.062719,0.056177,0.394242,0.180932,0.305762,0.464207,0.252886,0.591335,0,0.000491,0
0.044102,0.065336,0.058595,0.397887,0.183434,0.309076,0.463738,0.24975,0.591634,0,0.000488,0
0.04556,0.067774,0.060803,0.40016,0.186724,0.311624,0.467654,0.256113,0.595999,0,0.000501,0
0.045289,0.067323,0.060389,0.39965,0.186037,0.311032,0.467039,0.254971,0.595337,0,0.000498,0
0.038832,0.058318,0.052153,0.390302,0.17629,0.301891,0.46063,0.24807,0.587107,0,0.000479,0
0.024759,0.034738,0.031425,0.037915,0.061609,0.039423,0.104971,0.172967,0.264575,0,0.000251,0
0.027442,0.038584,0.034829,0.042046,0.067734,0.04361,0.108138,0.178381,0.268056,0,0.000276,0
0.028146,0.039688,0.03573,0.043042,0.069961,0.044672,0.10913,0.180512,0.26896,0,0.000289,0
0.037727,0.051795,0.047193,0.059375,0.075551,0.060348,0.089174,0.158619,0.271962,0,0.000232,0
0.033662,0.046522,0.042256,0.052628,0.071914,0.053872,0.092838,0.164216,0.270605,0,0.000243,0
0.035577,0.048836,0.044512,0.056051,0.071457,0.057017,0.089656,0.155199,0.269244,0,0.000218,0
0.031528,0.0437,0.039742,0.049414,0.067318,0.050568,0.107839,0.164191,0.270876,0,0.000225,0
0.040574,0.055768,0.050754,0.063823,0.081454,0.064893,0.092124,0.162768,0.275563,0,0.000251,0
0.031973,0.043984,0.040118,0.050537,0.063205,0.051332,0.087545,0.148425,0.266646,0,0.000188,0
0.030352,0.048143,0.041215,0.050088,0.089527,0.053562,0.123793,0.210769,0.277729,0,0.000427,0
0.034892,0.054627,0.047151,0.057586,0.097465,0.061255,0.129171,0.217632,0.284483,0,0.000445,0
0.037708,0.059523,0.051501,0.062347,0.104282,0.066584,0.140026,0.231159,0.295597,0,0.000472,0
0.026263,0.042177,0.035756,0.043254,0.081304,0.046468,0.118,0.201014,0.271079,0,0.000401,0
0.036838,0.05752,0.049748,0.060797,0.100985,0.064524,0.133524,0.221195,0.288828,0,0.000454,0
0.02428,0.039545,0.033413,0.040747,0.078234,0.044423,0.112263,0.194283,0.265166,0,0.000396,0
0.035374,0.063992,0.05003,0.056744,0.083395,0.059053,0.044434,0.063705,0.04795,0,0.000321,0
0.043003,0.302904,0.06474,0.063802,0.126464,0.067676,0.050756,0.075909,0.052724,0,0.000415,0
0.036363,0.06724,0.051736,0.057734,0.097833,0.060359,0.045456,0.065845,0.048669,0,0.00034,0
0.033875,0.05009,0.044919,0.057181,0.082994,0.059836,0.420487,0.214508,0.572481,0,0.000302,0
0.138161,0.435206,0.291705,0.692532,0.848426,0.826316,0.273362,0.326933,0.463814,0,0.000994,0
0.138161,0.435206,0.291705,0.692532,0.848426,0.826316,0.273362,0.326933,0.463814,0,0.000994,0
0.138161,0.435206,0.291705,0.692532,0.848426,0.826316,0.273362,0.326933,0.463814,0,0.000994,0
0.138161,0.435206,0.291705,0.692532,0.848426,0.826316,0.273362,0.326933,0.463814,0,0.000994,0
0.138161,0.435206,0.291705,0.692532,0.848426,0.826316,0.273362,0.326933,0.463814,0,0.000994,0
0.138161,0.435206,0.291705,0.692532,0.848426,0.826316,0.273362,0.326933,0.463814,0,0.000994,0
0.138161,0.435206,0.291705,0.692532,0.848426,0.826316,0.273362,0.326933,0.463814,0,0.000994,0
0.138161,0.435206,0.291705,0.692532,0.848426,0.826316,0.273362,0.326933,0.463814,0,0.000994,0
0.138161,0.435206,0.291705,0.692532,0.848426,0.826316,0.273362,0.326933,0.463814,0,0.000994,0
0.138161,0.435206,0.291705,0.692532,0.848426,0.826316,0.273362,0.326933,0.463814,0,0.000994,0
0.138161,0.435206,0.291705,0.692532,0.848426,0.826316,0.273362,0.326933,0.463814,0,0.000994,0
0.138161,0.435206,0.291705,0.692532,0.848426,0.826316,0.273362,0.326933,0.463814,0,0.000994,0
0.127866,0.418353,0.277158,0.619443,0.806592,0.799063,0.181382,0.279284,0.439614,0,0.000809,0
0.131648,0.423726,0.282055,0.679342,0.826886,0.81278,0.079588,0.280266,0.185974,0,0.000891,0
0.131196,0.422962,0.281426,0.677383,0.823994,0.810918,0.076289,0.281487,0.185612,0,0.000878,0
0.130994,0.422727,0.281056,0.676615,0.823926,0.810596,0.081121,0.287907,0.29071,0,0.000879,0
0.125243,0.41456,0.274015,0.288757,0.802993,0.800131,0.244847,0.247424,0.440273,0,0.000753,0
0.124307,0.413024,0.272666,0.663246,0.801294,0.800618,0.239201,0.181639,0.433207,0,0.000738,0
0.117125,0.400831,0.263352,0.655243,0.758765,0.787798,0.108971,0.083763,0.035662,0,0.000522,0
0.127224,0.417069,0.276288,0.670702,0.812632,0.806406,0.246137,0.211321,0.439701,0,0.000801,0
0.138161,0.435206,0.291705,0.692532,0.848426,0.826316,0.273362,0.326933,0.463814,0,0.000994,0
0.138161,0.435206,0.291705,0.692532,0.848426,0.826316,0.273362,0.326933,0.463814,0,0.000994,0
0.138161,0.435206,0.291705,0.692532,0.848426,0.826316,0.273362,0.326933,0.463814,0,0.000994,0
0.138161,0.435206,0.291705,0.692532,0.848426,0.826316,0.273362,0.326933,0.463814,0,0.000994,0
0.138161,0.435206,0.291705,0.692532,0.848426,0.826316,0.273362,0.326933,0.463814,0,0.000994,0
0.138161,0.435206,0.291705,0.692532,0.848426,0.826316,0.273362,0.326933,0.463814,0,0.000994,0
0.138161,0.435206,0.291705,0.692532,0.848426,0.826316,0.273362,0.326933,0.463814,0,0.000994,0
0.138161,0.435206,0.291705,0.692532,0.848426,0.826316,0.273362,0.326933,0.463814,0,0.000994,0
0.138161,0.435206,0.291705,0.692532,0.848426,0.826316,0.273362,0.326933,0.463814,0,0.000994,0
0.138161,0.435206,0.291705,0.692532,0.848426,0.826316,0.273362,0.326933,0.463814,0,0.000994,0
0.138161,0.435206,0.291705,0.692532,0.848426,0.826316,0.273362,0.326933,0.463814,0,0.000994,0
0.138161,0.435206,0.291705,0.692532,0.848426,0.826316,0.273362,0.326933,0.463814,0,0.000994,0
0.138161,0.435206,0.291705,0.692532,0.848426,0.826316,0.273362,0.326933,0.463814,0,0.000994,0
0.138161,0.435206,0.291705,0.692532,0.848426,0.826316,0.273362,0.326933,0.463814,0,0.000994,0
0.138161,0.435206,0.291705,0.692532,0.848426,0.826316,0.273362,0.326933,0.463814,0,0.000994,0
0.138161,0.435206,0.291705,0.692532,0.848426,0.826316,0.273362,0.326933,0.463814,0,0.000994,0
0.138161,0.435206,0.291705,0.692532,0.848426,0.826316,0.273362,0.326933,0.463814,0,0.000994,0
0.138161,0.435206,0.291705,0.692532,0.848426,0.826316,0.273362,0.326933,0.463814,0,0.000994,0
0.138161,0.435206,0.291705,0.692532,0.848426,0.826316,0.273362,0.326933,0.463814,0,0.000994,0
0.138161,0.435206,0.291705,0.692532,0.848426,0.826316,0.273362,0.326933,0.463814,0,0.000994,0
0.138161,0.435206,0.291705,0.692532,0.848426,0.826316,0.273362,0.326933,0.463814,0,0.000994,0
0.138161,0.435206,0.291705,0.692532,0.848426,0.826316,0.273362,0.326933,0.463814,0,0.000994,0
0.138161,0.435206,0.291705,0.692532,0.848426,0.826316,0.273362,0.326933,0.463814,0,0.000994,0
0.138161,0.435206,0.291705,0.692532,0.848426,0.826316,0.273362,0.326933,0.463814,0,0.000994,0
0.138161,0.435206,0.291705,0.692532,0.848426,0.826316,0.273362,0.326933,0.463814,0,0.000994,0
0.138161,0.435206,0.291705,0.692532,0.848426,0.826316,0.273362,0.326933,0.463814,0,0.000994,0
0.138161,0.435206,0.291705,0.692532,0.848426,0.826316,0.273362,0.326933,0.463814,0,0.000994,0
0.138161,0.435206,0.291705,0.692532,0.848426,0.826316,0.273362,0.326933,0.463814,0,0.000994,0
0.138161,0.435206,0.291705,0.692532,0.848426,0.826316,0.273362,0.326933,0.463814,0,0.000994,0
0.138161,0.435206,0.291705,0.692532,0.848426,0.826316,0.273362,0.326933,0.463814,0,0.000994,0
0.138161,0.435206,0.291705,0.692532,0.848426,0.826316,0.273362,0.326933,0.463814,0,0.000994,0
0.138161,0.435206,0.291705,0.692532,0.848426,0.826316,0.273362,0.326933,0.463814,0,0.000994,0
0.138161,0.435206,0.291705,0.692532,0.848426,0.826316,0.273362,0.326933,0.463814,0,0.000994,0
0.137179,0.433041,0.290114,0.690568,0.845281,0.824239,0.271445,0.323898,0.462132,0,0.000979,0
0.137012,0.432427,0.289767,0.690388,0.844976,0.824028,0.271258,0.323701,0.461891,0,0.000978,0
0.137871,0.434629,0.29125,0.691832,0.847594,0.825529,0.272801,0.326162,0.46326,0,0.000991,0
0.137682,0.434247,0.290957,0.691473,0.846922,0.825172,0.27241,0.325466,0.462958,0,0.000988,0
0.137871,0.434629,0.29125,0.691832,0.847594,0.825529,0.272801,0.326162,0.46326,0,0.000991,0
0.137682,0.434247,0.290957,0.691473,0.846922,0.825172,0.27241,0.325466,0.462958,0,0.000988,0
0.137871,0.434629,0.29125,0.691832,0.847594,0.825529,0.272801,0.326162,0.46326,0,0.000991,0
0.137669,0.434308,0.290965,0.691456,0.846928,0.82515,0.272401,0.325381,0.46296,0,0.000988,0
0.127808,0.409216,0.275248,0.679116,0.809223,0.811016,0.258009,0.295253,0.451841,0,0.000779,0
0.133448,0.42356,0.284039,0.685557,0.833078,0.818868,0.265559,0.312612,0.457501,0,0.000907,0
0.135431,0.428059,0.287039,0.688269,0.840295,0.821816,0.268806,0.319295,0.4599,0,0.000952,0
0.135128,0.427396,0.286579,0.687835,0.839181,0.821373,0.26826,0.318206,0.459504,0,0.000945,0
0.036141,0.233684,0.051934,0.573488,0.807539,0.800161,0.136914,0.197786,0.145978,0,0.000826,0
0.045223,0.418819,0.112311,0.674443,0.820893,0.809191,0.072847,0.253038,0.05881,0,0.000866,0
0.041436,0.379981,0.090262,0.66658,0.80315,0.800085,0.059442,0.159243,0.047283,0,0.000786,0
0.035397,0.371612,0.082806,0.143006,0.751323,0.219693,0.042863,0.104148,0.033672,0,0.000623,0
0.045085,0.418628,0.112169,0.671444,0.818401,0.807008,0.072108,0.257814,0.06041,0,0.000857,0
0.042086,0.414335,0.108378,0.619326,0.79983,0.796814,0.05809,0.158829,0.047171,0,0.000774,0
0.044316,0.401399,0.239014,0.038583,0.371806,0.046064,0.034491,0.077804,0.026904,0,0.000509,0
0.045785,0.403402,0.240779,0.042454,0.384299,0.05191,0.037015,0.086324,0.029007,0,0.00055,0
0.047726,0.406105,0.243201,0.046401,0.596907,0.212718,0.041095,0.1012,0.032872,0,0.000595,0
0.051239,0.410594,0.247376,0.052733,0.762492,0.221028,0.049264,0.141204,0.041035,0,0.000676,0
0.068241,0.424581,0.260452,0.677777,0.830431,0.813612,0.089699,0.30257,0.382086,0,0.000917,0
0.067996,0.424315,0.260156,0.67801,0.830468,0.813805,0.088132,0.298147,0.279457,0,0.000916,0
0.033094,0.369028,0.079911,0.603133,0.602056,0.5909,0.040407,0.089154,0.030756,0,0.000585,0
0.067086,0.422902,0.258989,0.671039,0.822747,0.808368,0.083968,0.295929,0.379476,0,0.000883,0
0.136033,0.431456,0.288518,0.688455,0.842409,0.821936,0.267646,0.318983,0.458696,0,0.000968,0
0.136249,0.431798,0.288821,0.688813,0.843075,0.822295,0.268072,0.319936,0.459056,0,0.000971,0
0.136146,0.431553,0.288647,0.688597,0.842796,0.822054,0.267885,0.319689,0.458855,0,0.00097,0
0.136249,0.431798,0.288821,0.688813,0.843075,0.822295,0.268072,0.319936,0.459056,0,0.000971,0
0.136223,0.431838,0.288811,0.688813,0.84308,0.822293,0.268036,0.319679,0.458997,0,0.000972,0
0.136329,0.432039,0.288979,0.689025,0.843367,0.822522,0.268892,0.320144,0.459551,0,0.000973,0
0.136329,0.432039,0.288979,0.689025,0.843367,0.822522,0.268892,0.320144,0.459551,0,0.000973,0
0.136738,0.432734,0.289571,0.689746,0.844702,0.823243,0.269713,0.321841,0.460218,0,0.000979,0
0.13611,0.431695,0.288671,0.688665,0.842696,0.822161,0.26826,0.319055,0.459152,0,0.00097,0
0.13592,0.431314,0.288378,0.688307,0.842024,0.821803,0.26787,0.318359,0.45885,0,0.000966,0
0.135973,0.431547,0.2885,0.688552,0.842303,0.82207,0.26791,0.317864,0.458816,0,0.000968,0
0.135687,0.430957,0.28805,0.687967,0.841353,0.821459,0.267333,0.316919,0.458324,0,0.000963,0
0.13611,0.431695,0.288671,0.688665,0.842696,0.822161,0.26826,0.319055,0.459152,0,0.00097,0
0.136312,0.432105,0.288996,0.689103,0.84326,0.822643,0.269302,0.319769,0.459897,0,0.000972,0
0.121697,0.407904,0.269717,0.668382,0.775999,0.798211,0.227675,0.109819,0.198015,0,0.000595,0
0.13043,0.422322,0.281095,0.680642,0.82133,0.81352,0.256366,0.28393,0.448862,0,0.000834,0
0.135653,0.431,0.288039,0.688074,0.841242,0.821602,0.267706,0.315822,0.458369,0,0.000962,0
0.123069,0.4107,0.271684,0.670431,0.784755,0.800896,0.230517,0.115,0.200085,0,0.000631,0
0.132803,0.427162,0.284586,0.684725,0.830875,0.818034,0.260211,0.28731,0.451243,0,0.000892,0
0.129151,0.421498,0.279841,0.679355,0.816164,0.811924,0.249379,0.194027,0.43993,0,0.000801,0
0.12364,0.412746,0.27273,0.670743,0.786609,0.801257,0.122166,0.109057,0.046073,0,0.000645,0
0.129015,0.421253,0.279713,0.679232,0.815083,0.811711,0.250121,0.19468,0.440858,0,0.000793,0
0.127555,0.417003,0.277313,0.677015,0.806264,0.808915,0.251396,0.269189,0.445044,0,0.000744,0
0.133133,0.427777,0.285027,0.685398,0.83229,0.818704,0.259212,0.282864,0.449097,0,0.000902,0
0.130457,0.421378,0.280987,0.680836,0.817974,0.813268,0.257667,0.292876,0.450936,0,0.000814,0
0.134684,0.427843,0.286223,0.686394,0.837755,0.819795,0.264818,0.315136,0.456767,0,0.00094,0
0.133851,0.427609,0.285551,0.685355,0.833981,0.81875,0.263696,0.30906,0.455828,0,0.000912,0
0.137176,0.433456,0.290208,0.690552,0.845923,0.824102,0.270602,0.323468,0.46107,0,0.000985,0
0.136644,0.432441,0.289382,0.689548,0.844405,0.823027,0.268874,0.321533,0.459681,0,0.000978,0
0.136959,0.433075,0.289878,0.690105,0.84536,0.823608,0.269548,0.322688,0.460318,0,0.000983,0
0.13677,0.432693,0.289585,0.689747,0.844688,0.82325,0.269158,0.321991,0.460016,0,0.000979,0
0.136576,0.43234,0.289296,0.689384,0.84402,0.822888,0.268763,0.321247,0.45971,0,0.000976,0
0.136454,0.432059,0.289089,0.68919,0.843733,0.82267,0.268483,0.320837,0.459379,0,0.000975,0
0.13626,0.431706,0.288801,0.688827,0.843065,0.822308,0.268088,0.320093,0.459073,0,0.000971,0
0.136672,0.432549,0.289453,0.689611,0.844298,0.823142,0.268949,0.321496,0.4599,0,0.000977,0
0.136171,0.431807,0.288806,0.68886,0.842453,0.82243,0.268743,0.319119,0.459706,0,0.000966,0
0.137064,0.433269,0.290042,0.690326,0.845646,0.823848,0.270357,0.323085,0.460808,0,0.000984,0
0.136942,0.433076,0.289864,0.69011,0.845369,0.823605,0.270118,0.322666,0.460542,0,0.000983,0
0.041403,0.0613,0.054838,0.07411,0.157902,0.128433,0.444678,0.232905,0.585968,0,0.000379,0
0.0365,0.054188,0.048487,0.062826,0.116307,0.066033,0.427827,0.219029,0.575677,0,0.000324,0
0.047195,0.069925,0.0625,0.088123,0.173501,0.186935,0.45819,0.244172,0.596269,0,0.000424,0
0.046676,0.069202,0.061842,0.113614,0.174427,0.302366,0.457817,0.244095,0.59556,0,0.000427,0
0.044933,0.065768,0.059093,0.076281,0.103651,0.079138,0.435641,0.226093,0.586352,0,0.000344,0
0.040941,0.060287,0.054069,0.06996,0.123294,0.073101,0.431987,0.222925,0.581307,0,0.000336,0
0.048903,0.071616,0.064295,0.084918,0.140492,0.087795,0.450743,0.237469,0.595158,0,0.000386,0
0.04528,0.066628,0.059725,0.0798,0.136834,0.083059,0.448085,0.235608,0.590861,0,0.000383,0
0.04125,0.060208,0.054193,0.068691,0.092617,0.070992,0.425132,0.21698,0.578468,0,0.000311,0
0.053181,0.078155,0.070044,0.095327,0.154587,0.130377,0.462391,0.247224,0.603487,0,0.000425,0
0.049816,0.073536,0.065813,0.090064,0.173949,0.143849,0.459275,0.244417,0.599205,0,0.000418,0
0.043817,0.064613,0.057874,0.077845,0.137031,0.11344,0.4469,0.234873,0.589037,0,0.000384,0