# Rhino

mtllib context.mtl
o object_1
usemtl Default
v 1893.500732421875 -217.66279602050781 0
v 1893.500732421875 -217.66279602050781 4.4000000953674316
v 1887.8253173828125 -223.3592529296875 0
v 1887.8253173828125 -223.3592529296875 4.4000000953674316
v 1890.6629638671875 -220.51103210449219 0
v 1890.6629638671875 -220.51103210449219 4.4000000953674316
v 1893.500732421875 -217.66279602050781 2.2000000476837158
v 1887.8253173828125 -223.3592529296875 0
v 1887.8253173828125 -223.3592529296875 4.4000000953674316
v 1896.325439453125 -231.82794189453125 0
v 1896.325439453125 -231.82794189453125 4.4000000953674316
v 1890.65869140625 -226.18214416503906 0
v 1893.4920654296875 -229.00503540039062 0
v 1893.4920654296875 -229.00503540039062 4.4000000953674316
v 1890.65869140625 -226.18214416503906 4.4000000953674316
v 1896.325439453125 -231.82794189453125 0
v 1896.325439453125 -231.82794189453125 4.4000000953674316
v 1902.0008544921875 -226.13148498535156 0
v 1902.0008544921875 -226.13148498535156 4.4000000953674316
v 1899.1632080078125 -228.97970581054688 0
v 1899.1632080078125 -228.97970581054688 4.4000000953674316
v 1902.0008544921875 -226.13148498535156 0
v 1902.0008544921875 -226.13148498535156 4.4000000953674316
v 1896.35009765625 -220.50163269042969 0
v 1896.35009765625 -220.50163269042969 4.4000000953674316
v 1899.1754150390625 -223.31655883789062 0
v 1899.1754150390625 -223.31655883789062 4.4000000953674316
v 1896.35009765625 -220.50163269042969 0
v 1896.35009765625 -220.50163269042969 4.4000000953674316
v 1901.9654541015625 -214.86543273925781 0
v 1901.9654541015625 -214.86543273925781 4.4000000953674316
v 1899.15771484375 -217.68353271484375 0
v 1899.15771484375 -217.68353271484375 4.4000000953674316
v 1901.9654541015625 -214.86543273925781 0
v 1901.9654541015625 -214.86543273925781 4.4000000953674316
v 1896.290771484375 -209.21185302734375 0
v 1896.290771484375 -209.21185302734375 4.4000000953674316
v 1899.128173828125 -212.03863525390625 0
v 1899.128173828125 -212.03863525390625 4.4000000953674316
v 1896.290771484375 -209.21185302734375 0
v 1896.290771484375 -209.21185302734375 4.4000000953674316
v 1890.675537109375 -214.84805297851562 0
v 1890.675537109375 -214.84805297851562 4.4000000953674316
v 1893.483154296875 -212.02995300292969 0
v 1890.675537109375 -214.84805297851562 2.2000000476837158
v 1893.483154296875 -212.02995300292969 4.4000000953674316
v 1890.675537109375 -214.84805297851562 0
v 1890.675537109375 -214.84805297851562 4.4000000953674316
v 1892.088134765625 -216.25543212890625 0
v 1892.088134765625 -216.25543212890625 4.4000000953674316
v 1893.500732421875 -217.66279602050781 0
v 1893.500732421875 -217.66279602050781 4.4000000953674316
v 1893.500732421875 -217.66279602050781 2.2000000476837158
v 1890.675537109375 -214.84805297851562 2.2000000476837158
v 1896.290771484375 -209.21185302734375 0
v 1896.325439453125 -231.82794189453125 0
v 1893.500732421875 -217.66279602050781 0
v 1890.6629638671875 -220.51103210449219 0
v 1887.8253173828125 -223.3592529296875 0
v 1890.65869140625 -226.18214416503906 0
v 1893.4920654296875 -229.00503540039062 0
v 1899.1632080078125 -228.97970581054688 0
v 1902.0008544921875 -226.13148498535156 0
v 1899.1754150390625 -223.31655883789062 0
v 1896.35009765625 -220.50163269042969 0
v 1899.15771484375 -217.68353271484375 0
v 1901.9654541015625 -214.86543273925781 0
v 1899.128173828125 -212.03863525390625 0
v 1893.483154296875 -212.02995300292969 0
v 1890.675537109375 -214.84805297851562 0
v 1892.088134765625 -216.25543212890625 0
v 1896.290771484375 -209.21185302734375 4.4000000953674316
v 1896.325439453125 -231.82794189453125 4.4000000953674316
v 1893.500732421875 -217.66279602050781 4.4000000953674316
v 1890.6629638671875 -220.51103210449219 4.4000000953674316
v 1887.8253173828125 -223.3592529296875 4.4000000953674316
v 1890.65869140625 -226.18214416503906 4.4000000953674316
v 1893.4920654296875 -229.00503540039062 4.4000000953674316
v 1899.1632080078125 -228.97970581054688 4.4000000953674316
v 1902.0008544921875 -226.13148498535156 4.4000000953674316
v 1899.1754150390625 -223.31655883789062 4.4000000953674316
v 1896.35009765625 -220.50163269042969 4.4000000953674316
v 1899.15771484375 -217.68353271484375 4.4000000953674316
v 1901.9654541015625 -214.86543273925781 4.4000000953674316
v 1899.128173828125 -212.03863525390625 4.4000000953674316
v 1893.483154296875 -212.02995300292969 4.4000000953674316
v 1890.675537109375 -214.84805297851562 4.4000000953674316
v 1892.088134765625 -216.25543212890625 4.4000000953674316
vt 0 0.41429102420806885
vt 0 0.55190414190292358
vt 0.25149151682853699 0.41429102420806885
vt 0.25149151682853699 0.55190414190292358
vt 0.12574575841426849 0.41429102420806885
vt 0.12574575841426849 0.55190414190292358
vt 0 0.48309758305549622
vt 0.46981677412986755 0.41429102420806885
vt 0.33220362663269043 0.41429102420806885
vt 0.46981677412986755 0.78956151008605957
vt 0.33220362663269043 0.78956151008605957
vt 0.46981677412986755 0.53938120603561401
vt 0.46981677412986755 0.6644713282585144
vt 0.33220362663269043 0.6644713282585144
vt 0.33220362663269043 0.53938120603561401
vt 0.30371496081352234 0.62143653631210327
vt 0.16610181331634521 0.62143653631210327
vt 0.30371496081352234 0.87292790412902832
vt 0.16610181331634521 0.87292790412902832
vt 0.30371496081352234 0.74718219041824341
vt 0.16610181331634521 0.74718219041824341
vt 0.24883107841014862 0.20714551210403442
vt 0.24883107841014862 0.34475865960121155
vt 0.49684059619903564 0.20714551210403442
vt 0.49684059619903564 0.34475865960121155
vt 0.37283584475517273 0.20714551210403442
vt 0.37283584475517273 0.34475865960121155
vt 0.24883107841014862 0
vt 0.24883107841014862 0.13761313259601593
vt 0.49684059619903564 0
vt 0.49684059619903564 0.13761313259601593
vt 0.37283584475517273 0
vt 0.37283584475517273 0.13761313259601593
vt 0.13761313259601593 0.62143653631210327
vt 0 0.62143653631210327
vt 0.13761313259601593 0.87196218967437744
vt 0 0.87196218967437744
vt 0.13761313259601593 0.74669939279556274
vt 0 0.74669939279556274
vt 0 0.19697263836860657
vt 0 0.33458578586578369
vt 0.24736623466014862 0.19697263836860657
vt 0.24736623466014862 0.33458578586578369
vt 0.12368311733007431 0.19697263836860657
vt 0.24736623466014862 0.26577919721603394
vt 0.12368311733007431 0.33458578586578369
vt 0.13761313259601593 0
vt 0 0
vt 0.13761313259601593 0.062364768236875534
vt 0 0.062364768236875534
vt 0.13761313259601593 0.12472953647375107
vt 0 0.12472953647375107
vt 0.068806566298007965 0.12472953647375107
vt 0.068806566298007965 0
vt 0.49830543994903564 0.5
vt 0.99716317653656006 0.99853515625
vt 0.74640798568725586 0.62436413764953613
vt 0.87178558111190796 0.62436413764953613
vt 0.99716317653656006 0.62436413764953613
vt 0.99716317653656006 0.74908781051635742
vt 0.99716317653656006 0.87381148338317871
vt 0.87178570032119751 0.99853515625
vt 0.74640816450119019 0.99853515625
vt 0.74640816450119019 0.87416344881057739
vt 0.74640816450119019 0.74979168176651001
vt 0.6223568320274353 0.74979168176651001
vt 0.49830543994903564 0.74979168176651001
vt 0.49830543994903564 0.62489581108093262
vt 0.62235671281814575 0.5
vt 0.74640798568725586 0.5
vt 0.74640798568725586 0.56218206882476807
vt 0.49830543994903564 0
vt 0.99716317653656006 0.49853515625
vt 0.74640798568725586 0.12436411529779434
vt 0.87178558111190796 0.12436411529779434
vt 0.99716317653656006 0.12436411529779434
vt 0.99716317653656006 0.24908779561519623
vt 0.99716317653656006 0.37381148338317871
vt 0.87178570032119751 0.49853515625
vt 0.74640816450119019 0.49853515625
vt 0.74640816450119019 0.374163419008255
vt 0.74640816450119019 0.24979166686534882
vt 0.6223568320274353 0.24979166686534882
vt 0.49830543994903564 0.24979166686534882
vt 0.49830543994903564 0.12489583343267441
vt 0.62235671281814575 0
vt 0.74640798568725586 0
vt 0.74640798568725586 0.062182057648897171
vn -0.70841658115386963 0.7057945728302002 0
vn -0.70841658115386963 0.7057945728302002 0
vn -0.70841658115386963 0.7057945728302002 0
vn -0.70841658115386963 0.7057945728302002 0
vn -0.70841658115386963 0.7057945728302002 0
vn -0.70841658115386963 0.7057945728302002 0
vn -0.70841658115386963 0.7057945728302002 0
vn -0.7057945728302002 -0.70841658115386963 0
vn -0.7057945728302002 -0.70841658115386963 0
vn -0.7057945728302002 -0.70841658115386963 0
vn -0.7057945728302002 -0.70841658115386963 0
vn -0.7057945728302002 -0.70841658115386963 0
vn -0.7057945728302002 -0.70841658115386963 0
vn -0.7057945728302002 -0.70841658115386963 0
vn -0.7057945728302002 -0.70841658115386963 0
vn 0.70841658115386963 -0.7057945728302002 0
vn 0.70841658115386963 -0.7057945728302002 0
vn 0.70841658115386963 -0.7057945728302002 0
vn 0.70841658115386963 -0.7057945728302002 0
vn 0.70841658115386963 -0.7057945728302002 0
vn 0.70841658115386963 -0.7057945728302002 0
vn 0.7057945728302002 0.70841658115386963 0
vn 0.7057945728302002 0.70841658115386963 0
vn 0.7057945728302002 0.70841658115386963 0
vn 0.7057945728302002 0.70841658115386963 0
vn 0.7057945728302002 0.70841658115386963 0
vn 0.7057945728302002 0.70841658115386963 0
vn 0.70841658115386963 -0.7057945728302002 0
vn 0.70841658115386963 -0.7057945728302002 0
vn 0.70841658115386963 -0.7057945728302002 0
vn 0.70841658115386963 -0.7057945728302002 0
vn 0.70841658115386963 -0.7057945728302002 0
vn 0.70841658115386963 -0.7057945728302002 0
vn 0.7057945728302002 0.70841658115386963 0
vn 0.7057945728302002 0.70841658115386963 0
vn 0.7057945728302002 0.70841658115386963 0
vn 0.7057945728302002 0.70841658115386963 0
vn 0.7057945728302002 0.70841658115386963 0
vn 0.7057945728302002 0.70841658115386963 0
vn -0.70841658115386963 0.7057945728302002 0
vn -0.70841658115386963 0.7057945728302002 0
vn -0.70841658115386963 0.7057945728302002 0
vn -0.70841658115386963 0.7057945728302002 0
vn -0.70841658115386963 0.7057945728302002 0
vn -0.70841658115386963 0.7057945728302002 0
vn -0.70841658115386963 0.7057945728302002 0
vn -0.7057945728302002 -0.70841658115386963 0
vn -0.7057945728302002 -0.70841658115386963 0
vn -0.7057945728302002 -0.70841658115386963 0
vn -0.7057945728302002 -0.70841658115386963 0
vn -0.7057945728302002 -0.70841658115386963 0
vn -0.7057945728302002 -0.70841658115386963 0
vn -0.7057945728302002 -0.70841658115386963 0
vn -0.7057945728302002 -0.70841658115386963 0
vn 0 0 -1
vn 0 0 -1
vn 0 0 -1
vn 0 0 -1
vn 0 0 -1
vn 0 0 -1
vn 0 0 -1
vn 0 0 -1
vn 0 0 -1
vn 0 0 -1
vn 0 0 -1
vn 0 0 -1
vn 0 0 -1
vn 0 0 -1
vn 0 0 -1
vn 0 0 -1
vn 0 0 -1
vn 0 0 1
vn 0 0 1
vn 0 0 1
vn 0 0 1
vn 0 0 1
vn 0 0 1
vn 0 0 1
vn 0 0 1
vn 0 0 1
vn 0 0 1
vn 0 0 1
vn 0 0 1
vn 0 0 1
vn 0 0 1
vn 0 0 1
vn 0 0 1
vn 0 0 1
f 5/5/5 7/7/7 1/1/1
f 6/6/6 2/2/2 7/7/7
f 3/3/3 4/4/4 6/6/6 5/5/5
f 7/7/7 5/5/5 6/6/6
f 12/12/12 15/15/15 9/9/9 8/8/8
f 15/15/15 12/12/12 13/13/13 14/14/14
f 10/10/10 11/11/11 14/14/14 13/13/13
f 17/17/17 16/16/16 20/20/20 21/21/21
f 18/18/18 19/19/19 21/21/21 20/20/20
f 23/23/23 22/22/22 26/26/26 27/27/27
f 24/24/24 25/25/25 27/27/27 26/26/26
f 29/29/29 28/28/28 32/32/32 33/33/33
f 30/30/30 31/31/31 33/33/33 32/32/32
f 35/35/35 34/34/34 38/38/38 39/39/39
f 36/36/36 37/37/37 39/39/39 38/38/38
f 41/41/41 40/40/40 44/44/44 46/46/46
f 44/44/44 45/45/45 46/46/46
f 45/45/45 43/43/43 46/46/46
f 42/42/42 45/45/45 44/44/44
f 54/54/54 47/47/47 49/49/49
f 54/54/54 50/50/50 48/48/48
f 50/50/50 54/54/54 49/49/49
f 49/49/49 53/53/53 50/50/50
f 53/53/53 52/52/52 50/50/50
f 51/51/51 53/53/53 49/49/49
f 69/69/69 57/57/57 71/71/71
f 58/58/58 57/57/57 65/65/65
f 66/66/66 57/57/57 68/68/68
f 69/69/69 71/71/71 70/70/70
f 69/69/69 55/55/55 68/68/68
f 69/69/69 68/68/68 57/57/57
f 60/60/60 59/59/59 58/58/58
f 61/61/61 60/60/60 65/65/65
f 61/61/61 62/62/62 56/56/56
f 62/62/62 61/61/61 64/64/64
f 66/66/66 68/68/68 67/67/67
f 62/62/62 64/64/64 63/63/63
f 64/64/64 61/61/61 65/65/65
f 66/66/66 65/65/65 57/57/57
f 65/65/65 60/60/60 58/58/58
f 86/86/86 88/88/88 74/74/74
f 75/75/75 82/82/82 74/74/74
f 83/83/83 85/85/85 74/74/74
f 86/86/86 87/87/87 88/88/88
f 86/86/86 85/85/85 72/72/72
f 86/86/86 74/74/74 85/85/85
f 77/77/77 75/75/75 76/76/76
f 78/78/78 82/82/82 77/77/77
f 78/78/78 73/73/73 79/79/79
f 79/79/79 81/81/81 78/78/78
f 83/83/83 84/84/84 85/85/85
f 79/79/79 80/80/80 81/81/81
f 81/81/81 82/82/82 78/78/78
f 83/83/83 74/74/74 82/82/82
f 82/82/82 75/75/75 77/77/77
o object_2
usemtl Default
v 1887.8153076171875 -195.07293701171875 0
v 1887.8153076171875 -195.07293701171875 4.4000000953674316
v 1893.480712890625 -200.71791076660156 0
v 1893.480712890625 -200.71791076660156 4.4000000953674316
v 1889.7037353515625 -196.95460510253906 0
v 1891.59228515625 -198.83625793457031 0
v 1893.480712890625 -200.71791076660156 2.2000000476837158
v 1891.59228515625 -198.83625793457031 4.4000000953674316
v 1889.7037353515625 -196.95460510253906 4.4000000953674316
v 1887.8153076171875 -195.07293701171875 2.2000000476837158
v 1893.480712890625 -200.71791076660156 0
v 1893.480712890625 -200.71791076660156 4.4000000953674316
v 1890.5584716796875 -203.64892578125 0
v 1890.5584716796875 -203.64892578125 4.4000000953674316
v 1893.480712890625 -200.71791076660156 2.2000000476837158
v 1892.0196533203125 -202.18341064453125 0
v 1890.5584716796875 -203.64892578125 0.08461538702249527
v 1890.5584716796875 -203.64892578125 0.16923077404499054
v 1890.5584716796875 -203.64892578125 0.25384616851806641
v 1890.5584716796875 -203.64892578125 0.33846154808998108
v 1890.5584716796875 -203.64892578125 0.42307692766189575
v 1890.5584716796875 -203.64892578125 0.50769233703613281
v 1890.5584716796875 -203.64892578125 0.5923076868057251
v 1890.5584716796875 -203.64892578125 0.67692309617996216
v 1890.5584716796875 -203.64892578125 0.76153844594955444
v 1890.5584716796875 -203.64892578125 0.8461538553237915
v 1890.5584716796875 -203.64892578125 0.93076920509338379
v 1890.5584716796875 -203.64892578125 1.0153846740722656
v 1890.5584716796875 -203.64892578125 1.1000000238418579
v 1890.5584716796875 -203.64892578125 1.1846153736114502
v 1890.5584716796875 -203.64892578125 1.2692307233810425
v 1890.5584716796875 -203.64892578125 1.3538461923599243
v 1890.5584716796875 -203.64892578125 1.4384615421295166
v 1890.5584716796875 -203.64892578125 1.5230768918991089
v 1890.5584716796875 -203.64892578125 1.6076923608779907
v 1890.5584716796875 -203.64892578125 1.692307710647583
v 1890.5584716796875 -203.64892578125 1.7769230604171753
v 1890.5584716796875 -203.64892578125 1.8615384101867676
v 1890.5584716796875 -203.64892578125 1.9461538791656494
v 1890.5584716796875 -203.64892578125 2.0307693481445312
v 1890.5584716796875 -203.64892578125 2.115384578704834
v 1890.5584716796875 -203.64892578125 2.2000000476837158
v 1890.5584716796875 -203.64892578125 2.2846152782440186
v 1890.5584716796875 -203.64892578125 2.3692307472229004
v 1890.5584716796875 -203.64892578125 2.4538462162017822
v 1890.5584716796875 -203.64892578125 2.538461446762085
v 1890.5584716796875 -203.64892578125 2.6230769157409668
v 1890.5584716796875 -203.64892578125 2.7076923847198486
v 1890.5584716796875 -203.64892578125 2.7923076152801514
v 1890.5584716796875 -203.64892578125 2.8769230842590332
v 1890.5584716796875 -203.64892578125 2.961538553237915
v 1890.5584716796875 -203.64892578125 3.0461537837982178
v 1890.5584716796875 -203.64892578125 3.1307692527770996
v 1890.5584716796875 -203.64892578125 3.2153847217559814
v 1890.5584716796875 -203.64892578125 3.2999999523162842
v 1890.5584716796875 -203.64892578125 3.384615421295166
v 1890.5584716796875 -203.64892578125 3.4692306518554688
v 1890.5584716796875 -203.64892578125 3.5538461208343506
v 1890.5584716796875 -203.64892578125 3.6384615898132324
v 1890.5584716796875 -203.64892578125 3.7230768203735352
v 1890.5584716796875 -203.64892578125 3.807692289352417
v 1890.5584716796875 -203.64892578125 3.8923077583312988
v 1890.5584716796875 -203.64892578125 3.9769229888916016
v 1890.5584716796875 -203.64892578125 4.0615386962890625
v 1890.5584716796875 -203.64892578125 4.1461539268493652
v 1890.5584716796875 -203.64892578125 4.230769157409668
v 1890.5584716796875 -203.64892578125 4.3153843879699707
v 1892.0196533203125 -202.18341064453125 2.2000000476837158
v 1891.2890625 -202.91616821289062 2.2000000476837158
v 1892.0196533203125 -202.18341064453125 1.1000000238418579
v 1891.2890625 -202.91616821289062 1.1000000238418579
v 1890.923828125 -203.28254699707031 1.1000000238418579
v 1891.2890625 -202.91616821289062 0.55000001192092896
v 1890.923828125 -203.28254699707031 0.55000001192092896
v 1890.7410888671875 -203.46572875976562 0.55000001192092896
v 1890.923828125 -203.28254699707031 0.27500000596046448
v 1890.7410888671875 -203.46572875976562 0.27500000596046448
v 1890.6497802734375 -203.55732727050781 0.27500000596046448
v 1890.7410888671875 -203.46572875976562 0.13750000298023224
v 1890.6497802734375 -203.55732727050781 0.13750000298023224
v 1890.6497802734375 -203.55732727050781 0.55000001192092896
v 1890.7410888671875 -203.46572875976562 0.41249999403953552
v 1890.6497802734375 -203.55732727050781 0.41249999403953552
v 1890.7410888671875 -203.46572875976562 1.1000000238418579
v 1890.923828125 -203.28254699707031 0.82499998807907104
v 1890.7410888671875 -203.46572875976562 0.82499998807907104
v 1890.923828125 -203.28254699707031 2.2000000476837158
v 1891.2890625 -202.91616821289062 1.6499999761581421
v 1890.923828125 -203.28254699707031 1.6499999761581421
v 1892.0196533203125 -202.18341064453125 3.2999999523162842
v 1891.2890625 -202.91616821289062 3.2999999523162842
v 1890.6497802734375 -203.55732727050781 0.82499998807907104
v 1890.7410888671875 -203.46572875976562 0.6875
v 1890.6497802734375 -203.55732727050781 0.6875
v 1890.6497802734375 -203.55732727050781 1.1000000238418579
v 1890.7410888671875 -203.46572875976562 0.96249997615814209
v 1890.6497802734375 -203.55732727050781 0.96249997615814209
v 1890.7410888671875 -203.46572875976562 1.6499999761581421
v 1890.923828125 -203.28254699707031 1.375
v 1890.7410888671875 -203.46572875976562 1.375
v 1890.6497802734375 -203.55732727050781 1.375
v 1890.7410888671875 -203.46572875976562 1.2374999523162842
v 1890.6497802734375 -203.55732727050781 1.2374999523162842
v 1890.6497802734375 -203.55732727050781 1.6499999761581421
v 1890.7410888671875 -203.46572875976562 1.5125000476837158
v 1890.6497802734375 -203.55732727050781 1.5125000476837158
v 1890.7410888671875 -203.46572875976562 2.2000000476837158
v 1890.923828125 -203.28254699707031 1.9249999523162842
v 1890.7410888671875 -203.46572875976562 1.9249999523162842
v 1890.923828125 -203.28254699707031 3.2999999523162842
v 1891.2890625 -202.91616821289062 2.75
v 1890.923828125 -203.28254699707031 2.75
v 1890.6497802734375 -203.55732727050781 1.9249999523162842
v 1890.7410888671875 -203.46572875976562 1.7875000238418579
v 1890.6497802734375 -203.55732727050781 1.7875000238418579
v 1890.6497802734375 -203.55732727050781 2.2000000476837158
v 1890.7410888671875 -203.46572875976562 2.0625
v 1890.6497802734375 -203.55732727050781 2.0625
v 1890.7410888671875 -203.46572875976562 2.75
v 1890.923828125 -203.28254699707031 2.4749999046325684
v 1890.7410888671875 -203.46572875976562 2.4749999046325684
v 1890.6497802734375 -203.55732727050781 2.4749999046325684
v 1890.7410888671875 -203.46572875976562 2.3375000953674316
v 1890.6497802734375 -203.55732727050781 2.3375000953674316
v 1890.6497802734375 -203.55732727050781 2.75
v 1890.7410888671875 -203.46572875976562 2.6124999523162842
v 1890.6497802734375 -203.55732727050781 2.6124999523162842
v 1890.7410888671875 -203.46572875976562 3.2999999523162842
v 1890.923828125 -203.28254699707031 3.0250000953674316
v 1890.7410888671875 -203.46572875976562 3.0250000953674316
v 1891.2890625 -202.91616821289062 3.8499999046325684
v 1890.923828125 -203.28254699707031 3.8499999046325684
v 1890.6497802734375 -203.55732727050781 3.0250000953674316
v 1890.7410888671875 -203.46572875976562 2.8875000476837158
v 1890.6497802734375 -203.55732727050781 2.8875000476837158
v 1890.6497802734375 -203.55732727050781 3.2999999523162842
v 1890.7410888671875 -203.46572875976562 3.1624999046325684
v 1890.6497802734375 -203.55732727050781 3.1624999046325684
v 1890.7410888671875 -203.46572875976562 3.8499999046325684
v 1890.923828125 -203.28254699707031 3.5750000476837158
v 1890.7410888671875 -203.46572875976562 3.5750000476837158
v 1890.6497802734375 -203.55732727050781 3.5750000476837158
v 1890.7410888671875 -203.46572875976562 3.4375
v 1890.6497802734375 -203.55732727050781 3.4375
v 1890.6497802734375 -203.55732727050781 3.8499999046325684
v 1890.7410888671875 -203.46572875976562 3.7125000953674316
v 1890.6497802734375 -203.55732727050781 3.7125000953674316
v 1890.923828125 -203.28254699707031 4.125
v 1890.7410888671875 -203.46572875976562 4.125
v 1890.6497802734375 -203.55732727050781 4.125
v 1890.7410888671875 -203.46572875976562 3.9874999523162842
v 1890.6497802734375 -203.55732727050781 3.9874999523162842
v 1890.7410888671875 -203.46572875976562 4.2624998092651367
v 1890.6497802734375 -203.55732727050781 4.2624998092651367
v 1892.0196533203125 -202.18341064453125 4.4000000953674316
v 1890.5584716796875 -203.64892578125 0
v 1890.5584716796875 -203.64892578125 1.0153846740722656
v 1890.5584716796875 -203.64892578125 1.3538461923599243
v 1890.5584716796875 -203.64892578125 2.7076923847198486
v 1890.5584716796875 -203.64892578125 3.0461537837982178
v 1890.5584716796875 -203.64892578125 4.4000000953674316
v 1890.5711669921875 -203.66302490234375 0
v 1890.5711669921875 -203.66302490234375 0.33846154808998108
v 1890.5711669921875 -203.66302490234375 0.67692309617996216
v 1890.5711669921875 -203.66302490234375 1.3538461923599243
v 1890.5711669921875 -203.66302490234375 2.7076923847198486
v 1890.5711669921875 -203.66302490234375 3.0461537837982178
v 1890.5711669921875 -203.66302490234375 3.7230768203735352
v 1890.5711669921875 -203.66302490234375 4.4000000953674316
v 1890.5584716796875 -203.64892578125 4.3153843879699707
v 1890.5584716796875 -203.64892578125 4.230769157409668
v 1890.5584716796875 -203.64892578125 4.1461539268493652
v 1890.5584716796875 -203.64892578125 4.0615386962890625
v 1890.5584716796875 -203.64892578125 3.9769229888916016
v 1890.5584716796875 -203.64892578125 3.8923077583312988
v 1890.5584716796875 -203.64892578125 3.807692289352417
v 1890.5584716796875 -203.64892578125 3.7230768203735352
v 1890.5584716796875 -203.64892578125 3.6384615898132324
v 1890.5584716796875 -203.64892578125 3.5538461208343506
v 1890.5584716796875 -203.64892578125 3.4692306518554688
v 1890.5584716796875 -203.64892578125 3.384615421295166
v 1890.5584716796875 -203.64892578125 3.2999999523162842
v 1890.5584716796875 -203.64892578125 3.2153847217559814
v 1890.5584716796875 -203.64892578125 3.1307692527770996
v 1890.5584716796875 -203.64892578125 2.961538553237915
v 1890.5584716796875 -203.64892578125 2.8769230842590332
v 1890.5584716796875 -203.64892578125 2.7923076152801514
v 1890.5584716796875 -203.64892578125 2.6230769157409668
v 1890.5584716796875 -203.64892578125 2.538461446762085
v 1890.5584716796875 -203.64892578125 2.4538462162017822
v 1890.5584716796875 -203.64892578125 2.3692307472229004
v 1890.5584716796875 -203.64892578125 2.2846152782440186
v 1890.5584716796875 -203.64892578125 2.2000000476837158
v 1890.5584716796875 -203.64892578125 2.115384578704834
v 1890.5584716796875 -203.64892578125 2.0307693481445312
v 1890.5584716796875 -203.64892578125 1.9461538791656494
v 1890.5584716796875 -203.64892578125 1.8615384101867676
v 1890.5584716796875 -203.64892578125 1.7769230604171753
v 1890.5584716796875 -203.64892578125 1.692307710647583
v 1890.5584716796875 -203.64892578125 1.6076923608779907
v 1890.5584716796875 -203.64892578125 1.5230768918991089
v 1890.5584716796875 -203.64892578125 1.4384615421295166
v 1890.5584716796875 -203.64892578125 1.2692307233810425
v 1890.5584716796875 -203.64892578125 1.1846153736114502
v 1890.5584716796875 -203.64892578125 1.1000000238418579
v 1890.5584716796875 -203.64892578125 0.93076920509338379
v 1890.5584716796875 -203.64892578125 0.8461538553237915
v 1890.5584716796875 -203.64892578125 0.76153844594955444
v 1890.5584716796875 -203.64892578125 0.67692309617996216
v 1890.5584716796875 -203.64892578125 0.5923076868057251
v 1890.5584716796875 -203.64892578125 0.50769233703613281
v 1890.5584716796875 -203.64892578125 0.42307692766189575
v 1890.5584716796875 -203.64892578125 0.33846154808998108
v 1890.5584716796875 -203.64892578125 0.25384616851806641
v 1890.5584716796875 -203.64892578125 0.16923077404499054
v 1890.5584716796875 -203.64892578125 0.08461538702249527
v 1890.5711669921875 -203.66302490234375 0.08461538702249527
v 1890.5711669921875 -203.66302490234375 0.16923077404499054
v 1890.5711669921875 -203.66302490234375 0.25384616851806641
v 1890.5711669921875 -203.66302490234375 0.42307692766189575
v 1890.5711669921875 -203.66302490234375 0.50769233703613281
v 1890.5711669921875 -203.66302490234375 0.5923076868057251
v 1890.5711669921875 -203.66302490234375 0.76153844594955444
v 1890.5711669921875 -203.66302490234375 0.8461538553237915
v 1890.5711669921875 -203.66302490234375 0.93076920509338379
v 1890.5711669921875 -203.66302490234375 1.0153846740722656
v 1890.5711669921875 -203.66302490234375 1.1000000238418579
v 1890.5711669921875 -203.66302490234375 1.1846153736114502
v 1890.5711669921875 -203.66302490234375 1.2692307233810425
v 1890.5711669921875 -203.66302490234375 1.4384615421295166
v 1890.5711669921875 -203.66302490234375 1.5230768918991089
v 1890.5711669921875 -203.66302490234375 1.6076923608779907
v 1890.5711669921875 -203.66302490234375 1.692307710647583
v 1890.5711669921875 -203.66302490234375 1.7769230604171753
v 1890.5711669921875 -203.66302490234375 1.8615384101867676
v 1890.5711669921875 -203.66302490234375 1.9461538791656494
v 1890.5711669921875 -203.66302490234375 2.0307693481445312
v 1890.5711669921875 -203.66302490234375 2.115384578704834
v 1890.5711669921875 -203.66302490234375 2.2000000476837158
v 1890.5711669921875 -203.66302490234375 2.2846152782440186
v 1890.5711669921875 -203.66302490234375 2.3692307472229004
v 1890.5711669921875 -203.66302490234375 2.4538462162017822
v 1890.5711669921875 -203.66302490234375 2.538461446762085
v 1890.5711669921875 -203.66302490234375 2.6230769157409668
v 1890.5711669921875 -203.66302490234375 2.7923076152801514
v 1890.5711669921875 -203.66302490234375 2.8769230842590332
v 1890.5711669921875 -203.66302490234375 2.961538553237915
v 1890.5711669921875 -203.66302490234375 3.1307692527770996
v 1890.5711669921875 -203.66302490234375 3.2153847217559814
v 1890.5711669921875 -203.66302490234375 3.2999999523162842
v 1890.5711669921875 -203.66302490234375 3.384615421295166
v 1890.5711669921875 -203.66302490234375 3.4692306518554688
v 1890.5711669921875 -203.66302490234375 3.5538461208343506
v 1890.5711669921875 -203.66302490234375 3.6384615898132324
v 1890.5711669921875 -203.66302490234375 3.807692289352417
v 1890.5711669921875 -203.66302490234375 3.8923077583312988
v 1890.5711669921875 -203.66302490234375 3.9769229888916016
v 1890.5711669921875 -203.66302490234375 4.0615386962890625
v 1890.5711669921875 -203.66302490234375 4.1461539268493652
v 1890.5711669921875 -203.66302490234375 4.230769157409668
v 1890.5711669921875 -203.66302490234375 4.3153843879699707
v 1890.5711669921875 -203.66302490234375 0
v 1890.5711669921875 -203.66302490234375 4.4000000953674316
v 1891.9879150390625 -205.07461547851562 0
v 1891.9879150390625 -205.07461547851562 4.4000000953674316
v 1893.40478515625 -206.4862060546875 0
v 1893.40478515625 -206.4862060546875 4.4000000953674316
v 1890.5711669921875 -203.66302490234375 4.3153843879699707
v 1890.5711669921875 -203.66302490234375 4.230769157409668
v 1890.5711669921875 -203.66302490234375 4.1461539268493652
v 1890.5711669921875 -203.66302490234375 4.0615386962890625
v 1890.5711669921875 -203.66302490234375 3.9769229888916016
v 1890.5711669921875 -203.66302490234375 3.8923077583312988
v 1890.5711669921875 -203.66302490234375 3.807692289352417
v 1890.5711669921875 -203.66302490234375 3.7230768203735352
v 1890.5711669921875 -203.66302490234375 3.6384615898132324
v 1890.5711669921875 -203.66302490234375 3.5538461208343506
v 1890.5711669921875 -203.66302490234375 3.4692306518554688
v 1890.5711669921875 -203.66302490234375 3.384615421295166
v 1890.5711669921875 -203.66302490234375 3.2999999523162842
v 1890.5711669921875 -203.66302490234375 3.2153847217559814
v 1890.5711669921875 -203.66302490234375 3.1307692527770996
v 1890.5711669921875 -203.66302490234375 3.0461537837982178
v 1890.5711669921875 -203.66302490234375 2.961538553237915
v 1890.5711669921875 -203.66302490234375 2.8769230842590332
v 1890.5711669921875 -203.66302490234375 2.7923076152801514
v 1890.5711669921875 -203.66302490234375 2.7076923847198486
v 1890.5711669921875 -203.66302490234375 2.6230769157409668
v 1890.5711669921875 -203.66302490234375 2.538461446762085
v 1890.5711669921875 -203.66302490234375 2.4538462162017822
v 1890.5711669921875 -203.66302490234375 2.3692307472229004
v 1890.5711669921875 -203.66302490234375 2.2846152782440186
v 1890.5711669921875 -203.66302490234375 2.2000000476837158
v 1890.5711669921875 -203.66302490234375 2.115384578704834
v 1890.5711669921875 -203.66302490234375 2.0307693481445312
v 1890.5711669921875 -203.66302490234375 1.9461538791656494
v 1890.5711669921875 -203.66302490234375 1.8615384101867676
v 1890.5711669921875 -203.66302490234375 1.7769230604171753
v 1890.5711669921875 -203.66302490234375 1.692307710647583
v 1890.5711669921875 -203.66302490234375 1.6076923608779907
v 1890.5711669921875 -203.66302490234375 1.5230768918991089
v 1890.5711669921875 -203.66302490234375 1.4384615421295166
v 1890.5711669921875 -203.66302490234375 1.3538461923599243
v 1890.5711669921875 -203.66302490234375 1.2692307233810425
v 1890.5711669921875 -203.66302490234375 1.1846153736114502
v 1890.5711669921875 -203.66302490234375 1.1000000238418579
v 1890.5711669921875 -203.66302490234375 1.0153846740722656
v 1890.5711669921875 -203.66302490234375 0.93076920509338379
v 1890.5711669921875 -203.66302490234375 0.8461538553237915
v 1890.5711669921875 -203.66302490234375 0.76153844594955444
v 1890.5711669921875 -203.66302490234375 0.67692309617996216
v 1890.5711669921875 -203.66302490234375 0.5923076868057251
v 1890.5711669921875 -203.66302490234375 0.50769233703613281
v 1890.5711669921875 -203.66302490234375 0.42307692766189575
v 1890.5711669921875 -203.66302490234375 0.33846154808998108
v 1890.5711669921875 -203.66302490234375 0.25384616851806641
v 1890.5711669921875 -203.66302490234375 0.16923077404499054
v 1890.5711669921875 -203.66302490234375 0.08461538702249527
v 1891.279541015625 -204.36882019042969 2.2000000476837158
v 1891.279541015625 -204.36882019042969 3.2999999523162842
v 1890.92529296875 -204.01593017578125 2.2000000476837158
v 1890.92529296875 -204.01593017578125 3.2999999523162842
v 1890.92529296875 -204.01593017578125 3.8499999046325684
v 1890.748291015625 -203.8394775390625 3.2999999523162842
v 1890.748291015625 -203.8394775390625 3.8499999046325684
v 1890.748291015625 -203.8394775390625 4.125
v 1890.65966796875 -203.75125122070312 3.8499999046325684
v 1890.65966796875 -203.75125122070312 4.125
v 1890.748291015625 -203.8394775390625 3.5750000476837158
v 1890.65966796875 -203.75125122070312 3.2999999523162842
v 1890.65966796875 -203.75125122070312 3.5750000476837158
v 1890.92529296875 -204.01593017578125 2.75
v 1890.748291015625 -203.8394775390625 2.2000000476837158
v 1890.748291015625 -203.8394775390625 2.75
v 1891.279541015625 -204.36882019042969 1.1000000238418579
v 1890.92529296875 -204.01593017578125 1.1000000238418579
v 1890.748291015625 -203.8394775390625 3.0250000953674316
v 1890.65966796875 -203.75125122070312 2.75
v 1890.65966796875 -203.75125122070312 3.0250000953674316
v 1890.748291015625 -203.8394775390625 2.4749999046325684
v 1890.65966796875 -203.75125122070312 2.2000000476837158
v 1890.65966796875 -203.75125122070312 2.4749999046325684
v 1890.92529296875 -204.01593017578125 1.6499999761581421
v 1890.748291015625 -203.8394775390625 1.1000000238418579
v 1890.748291015625 -203.8394775390625 1.6499999761581421
v 1890.748291015625 -203.8394775390625 1.9249999523162842
v 1890.65966796875 -203.75125122070312 1.6499999761581421
v 1890.65966796875 -203.75125122070312 1.9249999523162842
v 1890.748291015625 -203.8394775390625 1.375
v 1890.65966796875 -203.75125122070312 1.1000000238418579
v 1890.65966796875 -203.75125122070312 1.375
v 1890.92529296875 -204.01593017578125 0.55000001192092896
v 1890.748291015625 -203.8394775390625 0.55000001192092896
v 1890.748291015625 -203.8394775390625 0.82499998807907104
v 1890.65966796875 -203.75125122070312 0.55000001192092896
v 1890.65966796875 -203.75125122070312 0.82499998807907104
v 1890.748291015625 -203.8394775390625 0.27500000596046448
v 1890.65966796875 -203.75125122070312 0.27500000596046448
v 1893.40478515625 -206.4862060546875 2.2000000476837158
v 1893.40478515625 -206.4862060546875 0
v 1893.40478515625 -206.4862060546875 4.4000000953674316
v 1899.136474609375 -200.73324584960938 0
v 1899.136474609375 -200.73324584960938 4.4000000953674316
v 1893.40478515625 -206.4862060546875 2.2000000476837158
v 1896.2706298828125 -203.60972595214844 0
v 1899.136474609375 -200.73324584960938 2.2000000476837158
v 1896.2706298828125 -203.60972595214844 4.4000000953674316
v 1899.136474609375 -200.73324584960938 0
v 1899.136474609375 -200.73324584960938 4.4000000953674316
v 1893.4691162109375 -195.08688354492188 0
v 1893.4691162109375 -195.08688354492188 4.4000000953674316
v 1899.136474609375 -200.73324584960938 2.2000000476837158
v 1897.247314453125 -198.85111999511719 0
v 1895.3582763671875 -196.968994140625 0
v 1893.4691162109375 -195.08688354492188 2.2000000476837158
v 1895.3582763671875 -196.968994140625 4.4000000953674316
v 1897.247314453125 -198.85111999511719 4.4000000953674316
v 1893.4691162109375 -195.08688354492188 0
v 1893.4691162109375 -195.08688354492188 4.4000000953674316
v 1902.0650634765625 -186.458984375 0
v 1902.0650634765625 -186.458984375 4.4000000953674316
v 1893.4691162109375 -195.08688354492188 2.2000000476837158
v 1902.0650634765625 -186.458984375 2.2000000476837158
v 1897.76708984375 -190.77293395996094 0
v 1897.76708984375 -190.77293395996094 4.4000000953674316
v 1902.0650634765625 -186.458984375 0
v 1902.0650634765625 -186.458984375 4.4000000953674316
v 1900.6429443359375 -185.04208374023438 0
v 1900.6429443359375 -185.04208374023438 4.4000000953674316
v 1899.220703125 -183.62516784667969 0
v 1899.220703125 -183.62516784667969 4.4000000953674316
v 1902.0650634765625 -186.458984375 2.2000000476837158
v 1899.220703125 -183.62516784667969 2.2000000476837158
v 1899.220703125 -183.62516784667969 0
v 1899.220703125 -183.62516784667969 4.4000000953674316
v 1887.8153076171875 -195.07293701171875 0
v 1887.8153076171875 -195.07293701171875 4.4000000953674316
v 1887.8153076171875 -195.07293701171875 2.2000000476837158
v 1893.51806640625 -189.34906005859375 4.4000000953674316
v 1899.220703125 -183.62516784667969 2.2000000476837158
v 1893.51806640625 -189.34906005859375 0
v 1887.8153076171875 -195.07293701171875 0
v 1889.7037353515625 -196.95460510253906 0
v 1891.59228515625 -198.83625793457031 0
v 1893.480712890625 -200.71791076660156 0
v 1894.184814453125 -192.93563842773438 0
v 1892.0196533203125 -202.18341064453125 0
v 1890.5584716796875 -203.64892578125 0
v 1894.8587646484375 -200.77095031738281 0
v 1890.5711669921875 -203.66302490234375 0
v 1893.06787109375 -202.56855773925781 0
v 1894.3267822265625 -200.24093627929688 0
v 1892.535888671875 -202.03854370117188 0
v 1895.9227294921875 -201.83096313476562 0
v 1891.640380859375 -202.93734741210938 0
v 1891.192626953125 -203.38674926757812 0
v 1891.50732421875 -202.80484008789062 0
v 1891.0596923828125 -203.25424194335938 0
v 1892.17236328125 -203.46736145019531 0
v 1892.8018798828125 -202.30354309082031 0
v 1891.9063720703125 -203.20234680175781 0
v 1894.1318359375 -203.62857055664062 0
v 1895.3907470703125 -201.30096435546875 0
v 1893.599853515625 -203.09857177734375 0
v 1890.8358154296875 -203.47894287109375 0
v 1890.723876953125 -203.59129333496094 0
v 1890.802490234375 -203.44581604003906 0
v 1890.6905517578125 -203.55816650390625 0
v 1890.96875 -203.6114501953125 0
v 1891.1260986328125 -203.32049560546875 0
v 1890.9022216796875 -203.54519653320312 0
v 1891.4586181640625 -203.65174865722656 0
v 1891.7733154296875 -203.06985473632812 0
v 1891.32568359375 -203.51925659179688 0
v 1890.6346435546875 -203.61434936523438 0
v 1890.6739501953125 -203.54161071777344 0
v 1890.6180419921875 -203.5977783203125 0
v 1890.606689453125 -203.64244079589844 0
v 1890.6263427734375 -203.60606384277344 0
v 1890.5899658203125 -203.62586975097656 0
v 1890.5982666015625 -203.6341552734375 0
v 1890.6678466796875 -203.64747619628906 0
v 1890.7071533203125 -203.57473754882812 0
v 1890.6512451171875 -203.63090515136719 0
v 1890.790283203125 -203.65754699707031 0
v 1890.8690185546875 -203.51206970214844 0
v 1890.757080078125 -203.62442016601562 0
v 1891.9879150390625 -205.07461547851562 0
v 1893.40478515625 -206.4862060546875 0
v 1896.2706298828125 -203.60972595214844 0
v 1899.136474609375 -200.73324584960938 0
v 1897.247314453125 -198.85111999511719 0
v 1895.3582763671875 -196.968994140625 0
v 1893.4691162109375 -195.08688354492188 0
v 1897.76708984375 -190.77293395996094 0
v 1902.0650634765625 -186.458984375 0
v 1900.6429443359375 -185.04208374023438 0
v 1897.7667236328125 -189.34042358398438 0
v 1893.120849609375 -191.87562561035156 0
v 1896.7027587890625 -188.28041076660156 0
v 1899.220703125 -183.62516784667969 0
v 1893.51806640625 -189.34906005859375 0
v 1887.8153076171875 -195.07293701171875 4.4000000953674316
v 1889.7037353515625 -196.95460510253906 4.4000000953674316
v 1891.59228515625 -198.83625793457031 4.4000000953674316
v 1893.480712890625 -200.71791076660156 4.4000000953674316
v 1894.184814453125 -192.93563842773438 4.4000000953674316
v 1892.0196533203125 -202.18341064453125 4.4000000953674316
v 1890.5584716796875 -203.64892578125 4.4000000953674316
v 1894.8587646484375 -200.77095031738281 4.4000000953674316
v 1890.5711669921875 -203.66302490234375 4.4000000953674316
v 1893.06787109375 -202.56855773925781 4.4000000953674316
v 1894.3267822265625 -200.24093627929688 4.4000000953674316
v 1892.535888671875 -202.03854370117188 4.4000000953674316
v 1895.9227294921875 -201.83096313476562 4.4000000953674316
v 1891.640380859375 -202.93734741210938 4.4000000953674316
v 1891.192626953125 -203.38674926757812 4.4000000953674316
v 1891.50732421875 -202.80484008789062 4.4000000953674316
v 1891.0596923828125 -203.25424194335938 4.4000000953674316
v 1892.17236328125 -203.46736145019531 4.4000000953674316
v 1892.8018798828125 -202.30354309082031 4.4000000953674316
v 1891.9063720703125 -203.20234680175781 4.4000000953674316
v 1894.1318359375 -203.62857055664062 4.4000000953674316
v 1895.3907470703125 -201.30096435546875 4.4000000953674316
v 1893.599853515625 -203.09857177734375 4.4000000953674316
v 1890.8358154296875 -203.47894287109375 4.4000000953674316
v 1890.723876953125 -203.59129333496094 4.4000000953674316
v 1890.802490234375 -203.44581604003906 4.4000000953674316
v 1890.6905517578125 -203.55816650390625 4.4000000953674316
v 1890.96875 -203.6114501953125 4.4000000953674316
v 1891.1260986328125 -203.32049560546875 4.4000000953674316
v 1890.9022216796875 -203.54519653320312 4.4000000953674316
v 1891.4586181640625 -203.65174865722656 4.4000000953674316
v 1891.7733154296875 -203.06985473632812 4.4000000953674316
v 1891.32568359375 -203.51925659179688 4.4000000953674316
v 1890.6346435546875 -203.61434936523438 4.4000000953674316
v 1890.6739501953125 -203.54161071777344 4.4000000953674316
v 1890.6180419921875 -203.5977783203125 4.4000000953674316
v 1890.606689453125 -203.64244079589844 4.4000000953674316
v 1890.6263427734375 -203.60606384277344 4.4000000953674316
v 1890.5899658203125 -203.62586975097656 4.4000000953674316
v 1890.5982666015625 -203.6341552734375 4.4000000953674316
v 1890.6678466796875 -203.64747619628906 4.4000000953674316
v 1890.7071533203125 -203.57473754882812 4.4000000953674316
v 1890.6512451171875 -203.63090515136719 4.4000000953674316
v 1890.790283203125 -203.65754699707031 4.4000000953674316
v 1890.8690185546875 -203.51206970214844 4.4000000953674316
v 1890.757080078125 -203.62442016601562 4.4000000953674316
v 1891.9879150390625 -205.07461547851562 4.4000000953674316
v 1893.40478515625 -206.4862060546875 4.4000000953674316
v 1896.2706298828125 -203.60972595214844 4.4000000953674316
v 1899.136474609375 -200.73324584960938 4.4000000953674316
v 1897.247314453125 -198.85111999511719 4.4000000953674316
v 1895.3582763671875 -196.968994140625 4.4000000953674316
v 1893.4691162109375 -195.08688354492188 4.4000000953674316
v 1897.76708984375 -190.77293395996094 4.4000000953674316
v 1902.0650634765625 -186.458984375 4.4000000953674316
v 1900.6429443359375 -185.04208374023438 4.4000000953674316
v 1897.7667236328125 -189.34042358398438 4.4000000953674316
v 1893.120849609375 -191.87562561035156 4.4000000953674316
v 1896.7027587890625 -188.28041076660156 4.4000000953674316
v 1899.220703125 -183.62516784667969 4.4000000953674316
v 1893.51806640625 -189.34906005859375 4.4000000953674316
vt 0.12151575833559036 0
vt 0 0
vt 0.12151575833559036 0.21947309374809265
vt 0 0.21947309374809265
vt 0.12151575833559036 0.073157697916030884
vt 0.12151575833559036 0.14631539583206177
vt 0.060757879167795181 0.21947309374809265
vt 0 0.14631539583206177
vt 0 0.073157697916030884
vt 0.060757879167795181 0
vt 0.16562376916408539 0.61151808500289917
vt 0.16562376916408539 0.73303383588790894
vt 0.27992776036262512 0.61151808500289917
vt 0.27992776036262512 0.73303383588790894
vt 0.16562376916408539 0.67227596044540405
vt 0.22277575731277466 0.61151808500289917
vt 0.27992776036262512 0.61385494470596313
vt 0.27992776036262512 0.61619174480438232
vt 0.27992776036262512 0.61852860450744629
vt 0.27992776036262512 0.62086546421051025
vt 0.27992776036262512 0.62320226430892944
vt 0.27992776036262512 0.62553912401199341
vt 0.27992776036262512 0.62787598371505737
vt 0.27992776036262512 0.63021284341812134
vt 0.27992776036262512 0.63254964351654053
vt 0.27992776036262512 0.63488650321960449
vt 0.27992776036262512 0.63722336292266846
vt 0.27992776036262512 0.63956016302108765
vt 0.27992776036262512 0.64189702272415161
vt 0.27992776036262512 0.64423388242721558
vt 0.27992776036262512 0.64657068252563477
vt 0.27992776036262512 0.64890754222869873
vt 0.27992776036262512 0.6512444019317627
vt 0.27992776036262512 0.65358126163482666
vt 0.27992776036262512 0.65591806173324585
vt 0.27992776036262512 0.65825492143630981
vt 0.27992776036262512 0.66059178113937378
vt 0.27992776036262512 0.66292858123779297
vt 0.27992776036262512 0.66526544094085693
vt 0.27992776036262512 0.6676023006439209
vt 0.27992776036262512 0.66993910074234009
vt 0.27992776036262512 0.67227596044540405
vt 0.27992776036262512 0.67461282014846802
vt 0.27992776036262512 0.67694967985153198
vt 0.27992776036262512 0.67928647994995117
vt 0.27992776036262512 0.68162333965301514
vt 0.27992776036262512 0.6839601993560791
vt 0.27992776036262512 0.68629699945449829
vt 0.27992776036262512 0.68863385915756226
vt 0.27992776036262512 0.69097071886062622
vt 0.27992776036262512 0.69330751895904541
vt 0.27992776036262512 0.69564437866210938
vt 0.27992776036262512 0.69798123836517334
vt 0.27992776036262512 0.70031803846359253
vt 0.27992776036262512 0.70265489816665649
vt 0.27992776036262512 0.70499175786972046
vt 0.27992776036262512 0.70732861757278442
vt 0.27992776036262512 0.70966541767120361
vt 0.27992776036262512 0.71200227737426758
vt 0.27992776036262512 0.71433913707733154
vt 0.27992776036262512 0.71667593717575073
vt 0.27992776036262512 0.7190127968788147
vt 0.27992776036262512 0.72134965658187866
vt 0.27992776036262512 0.72368645668029785
vt 0.27992776036262512 0.72602331638336182
vt 0.27992776036262512 0.72836017608642578
vt 0.27992776036262512 0.73069697618484497
vt 0.22277575731277466 0.67227596044540405
vt 0.2513517439365387 0.67227596044540405
vt 0.22277575731277466 0.64189702272415161
vt 0.2513517439365387 0.64189702272415161
vt 0.26563975214958191 0.64189702272415161
vt 0.2513517439365387 0.62670755386352539
vt 0.26563975214958191 0.62670755386352539
vt 0.27278375625610352 0.62670755386352539
vt 0.26563975214958191 0.61911284923553467
vt 0.27278375625610352 0.61911284923553467
vt 0.27635574340820312 0.61911284923553467
vt 0.27278375625610352 0.61531543731689453
vt 0.27635574340820312 0.61531543731689453
vt 0.27635574340820312 0.62670755386352539
vt 0.27278375625610352 0.62291020154953003
vt 0.27635574340820312 0.62291020154953003
vt 0.27278375625610352 0.64189702272415161
vt 0.26563975214958191 0.63430231809616089
vt 0.27278375625610352 0.63430231809616089
vt 0.26563975214958191 0.67227596044540405
vt 0.2513517439365387 0.65708649158477783
vt 0.26563975214958191 0.65708649158477783
vt 0.22277575731277466 0.70265489816665649
vt 0.2513517439365387 0.70265489816665649
vt 0.27635574340820312 0.63430231809616089
vt 0.27278375625610352 0.63050490617752075
vt 0.27635574340820312 0.63050490617752075
vt 0.27635574340820312 0.64189702272415161
vt 0.27278375625610352 0.63809967041015625
vt 0.27635574340820312 0.63809967041015625
vt 0.27278375625610352 0.65708649158477783
vt 0.26563975214958191 0.64949178695678711
vt 0.27278375625610352 0.64949178695678711
vt 0.27635574340820312 0.64949178695678711
vt 0.27278375625610352 0.64569437503814697
vt 0.27635574340820312 0.64569437503814697
vt 0.27635574340820312 0.65708649158477783
vt 0.27278375625610352 0.65328913927078247
vt 0.27635574340820312 0.65328913927078247
vt 0.27278375625610352 0.67227596044540405
vt 0.26563975214958191 0.66468125581741333
vt 0.27278375625610352 0.66468125581741333
vt 0.26563975214958191 0.70265489816665649
vt 0.2513517439365387 0.68746542930603027
vt 0.26563975214958191 0.68746542930603027
vt 0.27635574340820312 0.66468125581741333
vt 0.27278375625610352 0.66088384389877319
vt 0.27635574340820312 0.66088384389877319
vt 0.27635574340820312 0.67227596044540405
vt 0.27278375625610352 0.66847860813140869
vt 0.27635574340820312 0.66847860813140869
vt 0.27278375625610352 0.68746542930603027
vt 0.26563975214958191 0.67987072467803955
vt 0.27278375625610352 0.67987072467803955
vt 0.27635574340820312 0.67987072467803955
vt 0.27278375625610352 0.67607331275939941
vt 0.27635574340820312 0.67607331275939941
vt 0.27635574340820312 0.68746542930603027
vt 0.27278375625610352 0.68366807699203491
vt 0.27635574340820312 0.68366807699203491
vt 0.27278375625610352 0.70265489816665649
vt 0.26563975214958191 0.69506019353866577
vt 0.27278375625610352 0.69506019353866577
vt 0.2513517439365387 0.71784436702728271
vt 0.26563975214958191 0.71784436702728271
vt 0.27635574340820312 0.69506019353866577
vt 0.27278375625610352 0.69126278162002563
vt 0.27635574340820312 0.69126278162002563
vt 0.27635574340820312 0.70265489816665649
vt 0.27278375625610352 0.69885754585266113
vt 0.27635574340820312 0.69885754585266113
vt 0.27278375625610352 0.71784436702728271
vt 0.26563975214958191 0.71024966239929199
vt 0.27278375625610352 0.71024966239929199
vt 0.27635574340820312 0.71024966239929199
vt 0.27278375625610352 0.70645225048065186
vt 0.27635574340820312 0.70645225048065186
vt 0.27635574340820312 0.71784436702728271
vt 0.27278375625610352 0.71404701471328735
vt 0.27635574340820312 0.71404701471328735
vt 0.26563975214958191 0.72543913125991821
vt 0.27278375625610352 0.72543913125991821
vt 0.27635574340820312 0.72543913125991821
vt 0.27278375625610352 0.72164171934127808
vt 0.27635574340820312 0.72164171934127808
vt 0.27278375625610352 0.72923648357391357
vt 0.27635574340820312 0.72923648357391357
vt 0.22277575731277466 0.73303383588790894
vt 0 0.34245368838310242
vt 0 0.37049579620361328
vt 0 0.37984317541122437
vt 0 0.41723263263702393
vt 0 0.42658001184463501
vt 0 0.46396946907043457
vt 0.00052295759087428451 0.34245368838310242
vt 0.00052295759087428451 0.3518010675907135
vt 0.00052295759087428451 0.36114844679832458
vt 0.00052295759087428451 0.37984317541122437
vt 0.00052295759087428451 0.41723263263702393
vt 0.00052295759087428451 0.42658001184463501
vt 0.00052295759087428451 0.44527474045753479
vt 0.00052295759087428451 0.46396946907043457
vt 0 0.46163260936737061
vt 0 0.45929577946662903
vt 0 0.45695894956588745
vt 0 0.45462208986282349
vt 0 0.45228525996208191
vt 0 0.44994840025901794
vt 0 0.44761157035827637
vt 0 0.44527474045753479
vt 0 0.44293788075447083
vt 0 0.44060105085372925
vt 0 0.43826422095298767
vt 0 0.43592736124992371
vt 0 0.43359053134918213
vt 0 0.43125367164611816
vt 0 0.42891684174537659
vt 0 0.42424315214157104
vt 0 0.42190632224082947
vt 0 0.4195694625377655
vt 0 0.41489580273628235
vt 0 0.41255894303321838
vt 0 0.41022211313247681
vt 0 0.40788525342941284
vt 0 0.40554842352867126
vt 0 0.40321159362792969
vt 0 0.40087473392486572
vt 0 0.39853790402412415
vt 0 0.39620104432106018
vt 0 0.3938642144203186
vt 0 0.39152738451957703
vt 0 0.38919052481651306
vt 0 0.38685369491577148
vt 0 0.38451683521270752
vt 0 0.38218000531196594
vt 0 0.3775063157081604
vt 0 0.37516948580741882
vt 0 0.37283262610435486
vt 0 0.3681589663028717
vt 0 0.36582210659980774
vt 0 0.36348527669906616
vt 0 0.36114844679832458
vt 0 0.35881158709526062
vt 0 0.35647475719451904
vt 0 0.35413789749145508
vt 0 0.3518010675907135
vt 0 0.34946423768997192
vt 0 0.34712737798690796
vt 0 0.34479054808616638
vt 0.00052295759087428451 0.34479054808616638
vt 0.00052295759087428451 0.34712737798690796
vt 0.00052295759087428451 0.34946423768997192
vt 0.00052295759087428451 0.35413789749145508
vt 0.00052295759087428451 0.35647475719451904
vt 0.00052295759087428451 0.35881158709526062
vt 0.00052295759087428451 0.36348527669906616
vt 0.00052295759087428451 0.36582210659980774
vt 0.00052295759087428451 0.3681589663028717
vt 0.00052295759087428451 0.37049579620361328
vt 0.00052295759087428451 0.37283262610435486
vt 0.00052295759087428451 0.37516948580741882
vt 0.00052295759087428451 0.3775063157081604
vt 0.00052295759087428451 0.38218000531196594
vt 0.00052295759087428451 0.38451683521270752
vt 0.00052295759087428451 0.38685369491577148
vt 0.00052295759087428451 0.38919052481651306
vt 0.00052295759087428451 0.39152738451957703
vt 0.00052295759087428451 0.3938642144203186
vt 0.00052295759087428451 0.39620104432106018
vt 0.00052295759087428451 0.39853790402412415
vt 0.00052295759087428451 0.40087473392486572
vt 0.00052295759087428451 0.40321159362792969
vt 0.00052295759087428451 0.40554842352867126
vt 0.00052295759087428451 0.40788525342941284
vt 0.00052295759087428451 0.41022211313247681
vt 0.00052295759087428451 0.41255894303321838
vt 0.00052295759087428451 0.41489580273628235
vt 0.00052295759087428451 0.4195694625377655
vt 0.00052295759087428451 0.42190632224082947
vt 0.00052295759087428451 0.42424315214157104
vt 0.00052295759087428451 0.42891684174537659
vt 0.00052295759087428451 0.43125367164611816
vt 0.00052295759087428451 0.43359053134918213
vt 0.00052295759087428451 0.43592736124992371
vt 0.00052295759087428451 0.43826422095298767
vt 0.00052295759087428451 0.44060105085372925
vt 0.00052295759087428451 0.44293788075447083
vt 0.00052295759087428451 0.44761157035827637
vt 0.00052295759087428451 0.44994840025901794
vt 0.00052295759087428451 0.45228525996208191
vt 0.00052295759087428451 0.45462208986282349
vt 0.00052295759087428451 0.45695894956588745
vt 0.00052295759087428451 0.45929577946662903
vt 0.00052295759087428451 0.46163260936737061
vt 0.00075652881059795618 0.34245368838310242
vt 0.00075652881059795618 0.46396946907043457
vt 0.05599096417427063 0.34245368838310242
vt 0.05599096417427063 0.46396946907043457
vt 0.11122540384531021 0.34245368838310242
vt 0.11122540384531021 0.46396946907043457
vt 0.00075652881059795618 0.46163260936737061
vt 0.00075652881059795618 0.45929577946662903
vt 0.00075652881059795618 0.45695894956588745
vt 0.00075652881059795618 0.45462208986282349
vt 0.00075652881059795618 0.45228525996208191
vt 0.00075652881059795618 0.44994840025901794
vt 0.00075652881059795618 0.44761157035827637
vt 0.00075652881059795618 0.44527474045753479
vt 0.00075652881059795618 0.44293788075447083
vt 0.00075652881059795618 0.44060105085372925
vt 0.00075652881059795618 0.43826422095298767
vt 0.00075652881059795618 0.43592736124992371
vt 0.00075652881059795618 0.43359053134918213
vt 0.00075652881059795618 0.43125367164611816
vt 0.00075652881059795618 0.42891684174537659
vt 0.00075652881059795618 0.42658001184463501
vt 0.00075652881059795618 0.42424315214157104
vt 0.00075652881059795618 0.42190632224082947
vt 0.00075652881059795618 0.4195694625377655
vt 0.00075652881059795618 0.41723263263702393
vt 0.00075652881059795618 0.41489580273628235
vt 0.00075652881059795618 0.41255894303321838
vt 0.00075652881059795618 0.41022211313247681
vt 0.00075652881059795618 0.40788525342941284
vt 0.00075652881059795618 0.40554842352867126
vt 0.00075652881059795618 0.40321159362792969
vt 0.00075652881059795618 0.40087473392486572
vt 0.00075652881059795618 0.39853790402412415
vt 0.00075652881059795618 0.39620104432106018
vt 0.00075652881059795618 0.3938642144203186
vt 0.00075652881059795618 0.39152738451957703
vt 0.00075652881059795618 0.38919052481651306
vt 0.00075652881059795618 0.38685369491577148
vt 0.00075652881059795618 0.38451683521270752
vt 0.00075652881059795618 0.38218000531196594
vt 0.00075652881059795618 0.37984317541122437
vt 0.00075652881059795618 0.3775063157081604
vt 0.00075652881059795618 0.37516948580741882
vt 0.00075652881059795618 0.37283262610435486
vt 0.00075652881059795618 0.37049579620361328
vt 0.00075652881059795618 0.3681589663028717
vt 0.00075652881059795618 0.36582210659980774
vt 0.00075652881059795618 0.36348527669906616
vt 0.00075652881059795618 0.36114844679832458
vt 0.00075652881059795618 0.35881158709526062
vt 0.00075652881059795618 0.35647475719451904
vt 0.00075652881059795618 0.35413789749145508
vt 0.00075652881059795618 0.3518010675907135
vt 0.00075652881059795618 0.34946423768997192
vt 0.00075652881059795618 0.34712737798690796
vt 0.00075652881059795618 0.34479054808616638
vt 0.028373748064041138 0.40321159362792969
vt 0.028373748064041138 0.43359053134918213
vt 0.014565138146281242 0.40321159362792969
vt 0.014565138146281242 0.43359053134918213
vt 0.014565138146281242 0.44878000020980835
vt 0.007660833653062582 0.43359053134918213
vt 0.007660833653062582 0.44878000020980835
vt 0.007660833653062582 0.45637473464012146
vt 0.0042086811736226082 0.44878000020980835
vt 0.0042086811736226082 0.45637473464012146
vt 0.007660833653062582 0.44118526577949524
vt 0.0042086811736226082 0.43359053134918213
vt 0.0042086811736226082 0.44118526577949524
vt 0.014565138146281242 0.41840106248855591
vt 0.007660833653062582 0.40321159362792969
vt 0.007660833653062582 0.41840106248855591
vt 0.028373748064041138 0.37283262610435486
vt 0.014565138146281242 0.37283262610435486
vt 0.007660833653062582 0.42599579691886902
vt 0.0042086811736226082 0.41840106248855591
vt 0.0042086811736226082 0.42599579691886902
vt 0.007660833653062582 0.4108063280582428
vt 0.0042086811736226082 0.40321159362792969
vt 0.0042086811736226082 0.4108063280582428
vt 0.014565138146281242 0.38802212476730347
vt 0.007660833653062582 0.37283262610435486
vt 0.007660833653062582 0.38802212476730347
vt 0.007660833653062582 0.39561685919761658
vt 0.0042086811736226082 0.38802212476730347
vt 0.0042086811736226082 0.39561685919761658
vt 0.007660833653062582 0.38042739033699036
vt 0.0042086811736226082 0.37283262610435486
vt 0.0042086811736226082 0.38042739033699036
vt 0.014565138146281242 0.35764315724372864
vt 0.007660833653062582 0.35764315724372864
vt 0.007660833653062582 0.36523789167404175
vt 0.0042086811736226082 0.35764315724372864
vt 0.0042086811736226082 0.36523789167404175
vt 0.007660833653062582 0.35004842281341553
vt 0.0042086811736226082 0.35004842281341553
vt 0.11122540384531021 0.40321159362792969
vt 0.28208044171333313 0.34245368838310242
vt 0.16056469082832336 0.34245368838310242
vt 0.28208044171333313 0.56672978401184082
vt 0.16056469082832336 0.56672978401184082
vt 0.22132256627082825 0.34245368838310242
vt 0.28208044171333313 0.45459172129631042
vt 0.22132256627082825 0.56672978401184082
vt 0.16056469082832336 0.45459172129631042
vt 0.45560416579246521 0
vt 0.33408841490745544 0
vt 0.45560416579246521 0.21947309374809265
vt 0.33408841490745544 0.21947309374809265
vt 0.39484629034996033 0
vt 0.45560416579246521 0.073157697916030884
vt 0.45560416579246521 0.14631539583206177
vt 0.39484629034996033 0.21947309374809265
vt 0.33408841490745544 0.14631539583206177
vt 0.33408841490745544 0.073157697916030884
vt 0 0.7573007345199585
vt 0 0.87881654500961304
vt 0.33488881587982178 0.7573007345199585
vt 0.33488881587982178 0.87881654500961304
vt 0 0.81805860996246338
vt 0.33488881587982178 0.81805860996246338
vt 0.16744440793991089 0.7573007345199585
vt 0.16744440793991089 0.87881654500961304
vt 0 0.61151808500289917
vt 0 0.73303383588790894
vt 0.055442709475755692 0.61151808500289917
vt 0.055442709475755692 0.73303383588790894
vt 0.11088541895151138 0.61151808500289917
vt 0.11088541895151138 0.73303383588790894
vt 0 0.67227596044540405
vt 0.11088541895151138 0.67227596044540405
vt 0 0.22093793749809265
vt 0 0.34098884463310242
vt 0.44628512859344482 0.22093793749809265
vt 0.44628512859344482 0.34098884463310242
vt 0.44628512859344482 0.28096339106559753
vt 0.22314256429672241 0.34098884463310242
vt 0 0.28096339106559753
vt 0.22314256429672241 0.22093793749809265
vt 0.66671198606491089 0.78757274150848389
vt 0.59341287612915039 0.78757631778717041
vt 0.52011376619338989 0.78757995367050171
vt 0.44681462645530701 0.78758358955383301
vt 0.5841224193572998 0.6220361590385437
vt 0.44683465361595154 0.84458625316619873
vt 0.44685468077659607 0.90158891677856445
vt 0.41894325613975525 0.76182734966278076
vt 0.44633486866950989 0.9016185998916626
vt 0.41894325613975525 0.83172297477722168
vt 0.43959063291549683 0.76182734966278076
vt 0.43959063291549683 0.83172297477722168
vt 0.37764844298362732 0.76182734966278076
vt 0.43959063291549683 0.86667078733444214
vt 0.43959063291549683 0.88414466381072998
vt 0.44475248456001282 0.86667078733444214
vt 0.44475248456001282 0.88414466381072998
vt 0.41894325613975525 0.86667078733444214
vt 0.42926692962646484 0.83172297477722168
vt 0.42926692962646484 0.86667078733444214
vt 0.37764844298362732 0.83172297477722168
vt 0.39829584956169128 0.76182734966278076
vt 0.39829584956169128 0.83172297477722168
vt 0.44475248456001282 0.89288163185119629
vt 0.44475248456001282 0.89725011587142944
vt 0.44604295492172241 0.89288163185119629
vt 0.44604295492172241 0.89725011587142944
vt 0.43959063291549683 0.89288163185119629
vt 0.44217157363891602 0.88414466381072998
vt 0.44217157363891602 0.89288163185119629
vt 0.42926692962646484 0.88414466381072998
vt 0.43442878127098083 0.86667078733444214
vt 0.43442878127098083 0.88414466381072998
vt 0.44604295492172241 0.89943432807922363
vt 0.44668817520141602 0.89725011587142944
vt 0.44668817520141602 0.89943432807922363
vt 0.44604295492172241 0.90052646398544312
vt 0.44636556506156921 0.89943432807922363
vt 0.44668817520141602 0.90052646398544312
vt 0.44636556506156921 0.90052646398544312
vt 0.44475248456001282 0.89943432807922363
vt 0.44539770483970642 0.89725011587142944
vt 0.44539770483970642 0.89943432807922363
vt 0.44217157363891602 0.89725011587142944
vt 0.44346201419830322 0.89288163185119629
vt 0.44346201419830322 0.89725011587142944
vt 0.39134427905082703 0.9016185998916626
vt 0.33635365962982178 0.9016185998916626
vt 0.33635365962982178 0.78977352380752563
vt 0.33635365962982178 0.67792850732803345
vt 0.40967452526092529 0.67792850732803345
vt 0.48299539089202881 0.67792850732803345
vt 0.55631625652313232 0.67792850732803345
vt 0.55631619691848755 0.51019108295440674
vt 0.556316077709198 0.34245368838310242
vt 0.61151403188705444 0.34245368838310242
vt 0.5841224193572998 0.48224490880966187
vt 0.62541717290878296 0.6220361590385437
vt 0.62541717290878296 0.48224490880966187
vt 0.66671198606491089 0.34245368838310242
vt 0.66671198606491089 0.56501322984695435
vt 0.99853515625 0.44628512859344482
vt 0.9252360463142395 0.44628873467445374
vt 0.851936936378479 0.44629237055778503
vt 0.77863776683807373 0.44629597663879395
vt 0.91594558954238892 0.2803148627281189
vt 0.77865779399871826 0.50344794988632202
vt 0.77867782115936279 0.56059998273849487
vt 0.75076639652252197 0.42047229409217834
vt 0.77815800905227661 0.56062972545623779
vt 0.75076639652252197 0.49055102467536926
vt 0.77141380310058594 0.42047229409217834
vt 0.77141380310058594 0.49055102467536926
vt 0.70947164297103882 0.42047229409217834
vt 0.77141380310058594 0.52559036016464233
vt 0.77141380310058594 0.54311007261276245
vt 0.77657568454742432 0.52559036016464233
vt 0.77657568454742432 0.54311007261276245
vt 0.75076639652252197 0.52559036016464233
vt 0.76109009981155396 0.49055102467536926
vt 0.76109009981155396 0.52559036016464233
vt 0.70947164297103882 0.49055102467536926
vt 0.73011898994445801 0.42047229409217834
vt 0.73011898994445801 0.49055102467536926
vt 0.77657568454742432 0.55186986923217773
vt 0.77657568454742432 0.55624979734420776
vt 0.77786612510681152 0.55186986923217773
vt 0.77786612510681152 0.55624979734420776
vt 0.77141380310058594 0.55186986923217773
vt 0.77399474382400513 0.54311007261276245
vt 0.77399474382400513 0.55186986923217773
vt 0.76109009981155396 0.54311007261276245
vt 0.76625198125839233 0.52559036016464233
vt 0.76625198125839233 0.54311007261276245
vt 0.77786612510681152 0.55843979120254517
vt 0.77851134538650513 0.55624979734420776
vt 0.77851134538650513 0.55843979120254517
vt 0.77786612510681152 0.55953472852706909
vt 0.77818870544433594 0.55843979120254517
vt 0.77851134538650513 0.55953472852706909
vt 0.77818870544433594 0.55953472852706909
vt 0.77657568454742432 0.55843979120254517
vt 0.77722090482711792 0.55624979734420776
vt 0.77722090482711792 0.55843979120254517
vt 0.77399474382400513 0.55624979734420776
vt 0.77528518438339233 0.55186986923217773
vt 0.77528518438339233 0.55624979734420776
vt 0.72316741943359375 0.56062972545623779
vt 0.66817682981491089 0.56062972545623779
vt 0.66817682981491089 0.44849169254302979
vt 0.66817682981491089 0.33635365962982178
vt 0.7414976954460144 0.33635365962982178
vt 0.81481856107711792 0.33635365962982178
vt 0.88813942670822144 0.33635365962982178
vt 0.88813936710357666 0.16817682981491089
vt 0.88813924789428711 0
vt 0.94333720207214355 0
vt 0.91594558954238892 0.14015743136405945
vt 0.95724034309387207 0.2803148627281189
vt 0.95724034309387207 0.14015743136405945
vt 0.99853515625 0
vt 0.99853515625 0.22314256429672241
vn -0.7058294415473938 -0.70838183164596558 0
vn -0.7058294415473938 -0.70838183164596558 0
vn -0.7058294415473938 -0.70838183164596558 0
vn -0.7058294415473938 -0.70838183164596558 0
vn -0.7058294415473938 -0.70838183164596558 0
vn -0.7058294415473938 -0.70838183164596558 0
vn -0.7058294415473938 -0.70838183164596558 0
vn -0.7058294415473938 -0.70838183164596558 0
vn -0.7058294415473938 -0.70838183164596558 0
vn -0.7058294415473938 -0.70838183164596558 0
vn -0.70816808938980103 0.70604383945465088 0
vn -0.70816808938980103 0.70604383945465088 0
vn -0.70816808938980103 0.70604383945465088 0
vn -0.70816808938980103 0.70604383945465088 0
vn -0.70816808938980103 0.70604383945465088 0
vn -0.70816808938980103 0.70604383945465088 0
vn -0.70816808938980103 0.70604383945465088 0
vn -0.70816808938980103 0.70604383945465088 0
vn -0.70816808938980103 0.70604383945465088 0
vn -0.70816808938980103 0.70604383945465088 0
vn -0.70816808938980103 0.70604383945465088 0
vn -0.70816808938980103 0.70604383945465088 0
vn -0.70816808938980103 0.70604383945465088 0
vn -0.70816808938980103 0.70604383945465088 0
vn -0.70816808938980103 0.70604383945465088 0
vn -0.70816808938980103 0.70604383945465088 0
vn -0.70816808938980103 0.70604383945465088 0
vn -0.70816808938980103 0.70604383945465088 0
vn -0.70816808938980103 0.70604383945465088 0
vn -0.70816808938980103 0.70604383945465088 0
vn -0.70816808938980103 0.70604383945465088 0
vn -0.70816808938980103 0.70604383945465088 0
vn -0.70816808938980103 0.70604383945465088 0
vn -0.70816808938980103 0.70604383945465088 0
vn -0.70816808938980103 0.70604383945465088 0
vn -0.70816808938980103 0.70604383945465088 0
vn -0.70816808938980103 0.70604383945465088 0
vn -0.70816808938980103 0.70604383945465088 0
vn -0.70816808938980103 0.70604383945465088 0
vn -0.70816808938980103 0.70604383945465088 0
vn -0.70816808938980103 0.70604383945465088 0
vn -0.70816808938980103 0.70604383945465088 0
vn -0.70816808938980103 0.70604383945465088 0
vn -0.70816808938980103 0.70604383945465088 0
vn -0.70816808938980103 0.70604383945465088 0
vn -0.70816808938980103 0.70604383945465088 0
vn -0.70816808938980103 0.70604383945465088 0
vn -0.70816808938980103 0.70604383945465088 0
vn -0.70816808938980103 0.70604383945465088 0
vn -0.70816808938980103 0.70604383945465088 0
vn -0.70816808938980103 0.70604383945465088 0
vn -0.70816808938980103 0.70604383945465088 0
vn -0.70816808938980103 0.70604383945465088 0
vn -0.70816808938980103 0.70604383945465088 0
vn -0.70816808938980103 0.70604383945465088 0
vn -0.70816808938980103 0.70604383945465088 0
vn -0.70816808938980103 0.70604383945465088 0
vn -0.70816808938980103 0.70604383945465088 0
vn -0.70816808938980103 0.70604383945465088 0
vn -0.70816808938980103 0.70604383945465088 0
vn -0.70816808938980103 0.70604383945465088 0
vn -0.70816808938980103 0.70604383945465088 0
vn -0.70816808938980103 0.70604383945465088 0
vn -0.70816808938980103 0.70604383945465088 0
vn -0.70816808938980103 0.70604383945465088 0
vn -0.70816808938980103 0.70604383945465088 0
vn -0.70816808938980103 0.70604383945465088 0
vn -0.70816808938980103 0.70604383945465088 0
vn -0.70816808938980103 0.70604383945465088 0
vn -0.70816808938980103 0.70604383945465088 0
vn -0.70816808938980103 0.70604383945465088 0
vn -0.70816808938980103 0.70604383945465088 0
vn -0.70816808938980103 0.70604383945465088 0
vn -0.70816808938980103 0.70604383945465088 0
vn -0.70816808938980103 0.70604383945465088 0
vn -0.70816808938980103 0.70604383945465088 0
vn -0.70816808938980103 0.70604383945465088 0
vn -0.70816808938980103 0.70604383945465088 0
vn -0.70816808938980103 0.70604383945465088 0
vn -0.70816808938980103 0.70604383945465088 0
vn -0.70816808938980103 0.70604383945465088 0
vn -0.70816808938980103 0.70604383945465088 0
vn -0.70816808938980103 0.70604383945465088 0
vn -0.70816808938980103 0.70604383945465088 0
vn -0.70816808938980103 0.70604383945465088 0
vn -0.70816808938980103 0.70604383945465088 0
vn -0.70816808938980103 0.70604383945465088 0
vn -0.70816808938980103 0.70604383945465088 0
vn -0.70816808938980103 0.70604383945465088 0
vn -0.70816808938980103 0.70604383945465088 0
vn -0.70816808938980103 0.70604383945465088 0
vn -0.70816808938980103 0.70604383945465088 0
vn -0.70816808938980103 0.70604383945465088 0
vn -0.70816808938980103 0.70604383945465088 0
vn -0.70816808938980103 0.70604383945465088 0
vn -0.70816808938980103 0.70604383945465088 0
vn -0.70816808938980103 0.70604383945465088 0
vn -0.70816808938980103 0.70604383945465088 0
vn -0.70816808938980103 0.70604383945465088 0
vn -0.70816808938980103 0.70604383945465088 0
vn -0.70816808938980103 0.70604383945465088 0
vn -0.70816808938980103 0.70604383945465088 0
vn -0.70816808938980103 0.70604383945465088 0
vn -0.70816808938980103 0.70604383945465088 0
vn -0.70816808938980103 0.70604383945465088 0
vn -0.70816808938980103 0.70604383945465088 0
vn -0.70816808938980103 0.70604383945465088 0
vn -0.70816808938980103 0.70604383945465088 0
vn -0.70816808938980103 0.70604383945465088 0
vn -0.70816808938980103 0.70604383945465088 0
vn -0.70816808938980103 0.70604383945465088 0
vn -0.70816808938980103 0.70604383945465088 0
vn -0.70816808938980103 0.70604383945465088 0
vn -0.70816808938980103 0.70604383945465088 0
vn -0.70816808938980103 0.70604383945465088 0
vn -0.70816808938980103 0.70604383945465088 0
vn -0.70816808938980103 0.70604383945465088 0
vn -0.70816808938980103 0.70604383945465088 0
vn -0.70816808938980103 0.70604383945465088 0
vn -0.70816808938980103 0.70604383945465088 0
vn -0.70816808938980103 0.70604383945465088 0
vn -0.70816808938980103 0.70604383945465088 0
vn -0.70816808938980103 0.70604383945465088 0
vn -0.70816808938980103 0.70604383945465088 0
vn -0.70816808938980103 0.70604383945465088 0
vn -0.70816808938980103 0.70604383945465088 0
vn -0.70816808938980103 0.70604383945465088 0
vn -0.70816808938980103 0.70604383945465088 0
vn -0.70816808938980103 0.70604383945465088 0
vn -0.70816808938980103 0.70604383945465088 0
vn -0.70816808938980103 0.70604383945465088 0
vn -0.70816808938980103 0.70604383945465088 0
vn -0.70816808938980103 0.70604383945465088 0
vn -0.70816808938980103 0.70604383945465088 0
vn -0.70816808938980103 0.70604383945465088 0
vn -0.70816808938980103 0.70604383945465088 0
vn -0.70816808938980103 0.70604383945465088 0
vn -0.70816808938980103 0.70604383945465088 0
vn -0.70816808938980103 0.70604383945465088 0
vn -0.70816808938980103 0.70604383945465088 0
vn -0.70816808938980103 0.70604383945465088 0
vn -0.70816808938980103 0.70604383945465088 0
vn -0.70816808938980103 0.70604383945465088 0
vn -0.70816808938980103 0.70604383945465088 0
vn -0.70816808938980103 0.70604383945465088 0
vn -0.70816808938980103 0.70604383945465088 0
vn -0.70816808938980103 0.70604383945465088 0
vn -0.70816808938980103 0.70604383945465088 0
vn -0.70816808938980103 0.70604383945465088 0
vn -0.70816808938980103 0.70604383945465088 0
vn -0.70816808938980103 0.70604383945465088 0
vn -0.70816808938980103 0.70604383945465088 0
vn -0.70816808938980103 0.70604383945465088 0
vn -0.70816808938980103 0.70604383945465088 0
vn -0.70816808938980103 0.70604383945465088 0
vn -0.74495571851730347 -0.66711395978927612 0
vn -0.74495571851730347 -0.66711395978927612 0
vn -0.74495571851730347 -0.66711395978927612 0
vn -0.74495571851730347 -0.66711395978927612 0
vn -0.74495571851730347 -0.66711395978927612 0
vn -0.74495571851730347 -0.66711395978927612 0
vn -0.74495571851730347 -0.66711395978927612 0
vn -0.74495571851730347 -0.66711395978927612 0
vn -0.74495571851730347 -0.66711395978927612 0
vn -0.74495571851730347 -0.66711395978927612 0
vn -0.74495571851730347 -0.66711395978927612 0
vn -0.74495571851730347 -0.66711395978927612 0
vn -0.74495571851730347 -0.66711395978927612 0
vn -0.74495571851730347 -0.66711395978927612 0
vn -0.74495571851730347 -0.66711395978927612 0
vn -0.74495571851730347 -0.66711395978927612 0
vn -0.74495571851730347 -0.66711395978927612 0
vn -0.74495571851730347 -0.66711395978927612 0
vn -0.74495571851730347 -0.66711395978927612 0
vn -0.74495571851730347 -0.66711395978927612 0
vn -0.74495571851730347 -0.66711395978927612 0
vn -0.74495571851730347 -0.66711395978927612 0
vn -0.74495571851730347 -0.66711395978927612 0
vn -0.74495571851730347 -0.66711395978927612 0
vn -0.74495571851730347 -0.66711395978927612 0
vn -0.74495571851730347 -0.66711395978927612 0
vn -0.74495571851730347 -0.66711395978927612 0
vn -0.74495571851730347 -0.66711395978927612 0
vn -0.74495571851730347 -0.66711395978927612 0
vn -0.74495571851730347 -0.66711395978927612 0
vn -0.74495571851730347 -0.66711395978927612 0
vn -0.74495571851730347 -0.66711395978927612 0
vn -0.74495571851730347 -0.66711395978927612 0
vn -0.74495571851730347 -0.66711395978927612 0
vn -0.74495571851730347 -0.66711395978927612 0
vn -0.74495571851730347 -0.66711395978927612 0
vn -0.74495571851730347 -0.66711395978927612 0
vn -0.74495571851730347 -0.66711395978927612 0
vn -0.74495571851730347 -0.66711395978927612 0
vn -0.74495571851730347 -0.66711395978927612 0
vn -0.74495571851730347 -0.66711395978927612 0
vn -0.74495571851730347 -0.66711395978927612 0
vn -0.74495571851730347 -0.66711395978927612 0
vn -0.74495571851730347 -0.66711395978927612 0
vn -0.74495571851730347 -0.66711395978927612 0
vn -0.74495571851730347 -0.66711395978927612 0
vn -0.74495571851730347 -0.66711395978927612 0
vn -0.74495571851730347 -0.66711395978927612 0
vn -0.74495571851730347 -0.66711395978927612 0
vn -0.74495571851730347 -0.66711395978927612 0
vn -0.74495571851730347 -0.66711395978927612 0
vn -0.74495571851730347 -0.66711395978927612 0
vn -0.74495571851730347 -0.66711395978927612 0
vn -0.74495571851730347 -0.66711395978927612 0
vn -0.74495571851730347 -0.66711395978927612 0
vn -0.74495571851730347 -0.66711395978927612 0
vn -0.74495571851730347 -0.66711395978927612 0
vn -0.74495571851730347 -0.66711395978927612 0
vn -0.74495571851730347 -0.66711395978927612 0
vn -0.74495571851730347 -0.66711395978927612 0
vn -0.74495571851730347 -0.66711395978927612 0
vn -0.74495571851730347 -0.66711395978927612 0
vn -0.74495571851730347 -0.66711395978927612 0
vn -0.74495571851730347 -0.66711395978927612 0
vn -0.74495571851730347 -0.66711395978927612 0
vn -0.74495571851730347 -0.66711395978927612 0
vn -0.74495571851730347 -0.66711395978927612 0
vn -0.74495571851730347 -0.66711395978927612 0
vn -0.74495571851730347 -0.66711395978927612 0
vn -0.74495571851730347 -0.66711395978927612 0
vn -0.74495571851730347 -0.66711395978927612 0
vn -0.74495571851730347 -0.66711395978927612 0
vn -0.74495571851730347 -0.66711395978927612 0
vn -0.74495571851730347 -0.66711395978927612 0
vn -0.74495571851730347 -0.66711395978927612 0
vn -0.74495571851730347 -0.66711395978927612 0
vn -0.74495571851730347 -0.66711395978927612 0
vn -0.74495571851730347 -0.66711395978927612 0
vn -0.74495571851730347 -0.66711395978927612 0
vn -0.74495571851730347 -0.66711395978927612 0
vn -0.74495571851730347 -0.66711395978927612 0
vn -0.74495571851730347 -0.66711395978927612 0
vn -0.74495571851730347 -0.66711395978927612 0
vn -0.74495571851730347 -0.66711395978927612 0
vn -0.74495571851730347 -0.66711395978927612 0
vn -0.74495571851730347 -0.66711395978927612 0
vn -0.74495571851730347 -0.66711395978927612 0
vn -0.74495571851730347 -0.66711395978927612 0
vn -0.74495571851730347 -0.66711395978927612 0
vn -0.74495571851730347 -0.66711395978927612 0
vn -0.74495571851730347 -0.66711395978927612 0
vn -0.74495571851730347 -0.66711395978927612 0
vn -0.74495571851730347 -0.66711395978927612 0
vn -0.74495571851730347 -0.66711395978927612 0
vn -0.74495571851730347 -0.66711395978927612 0
vn -0.74495571851730347 -0.66711395978927612 0
vn -0.74495571851730347 -0.66711395978927612 0
vn -0.74495571851730347 -0.66711395978927612 0
vn -0.74495571851730347 -0.66711395978927612 0
vn -0.74495571851730347 -0.66711395978927612 0
vn -0.74495571851730347 -0.66711395978927612 0
vn -0.74495571851730347 -0.66711395978927612 0
vn -0.74495571851730347 -0.66711395978927612 0
vn -0.74495571851730347 -0.66711395978927612 0
vn -0.74495571851730347 -0.66711395978927612 0
vn -0.74495571851730347 -0.66711395978927612 0
vn -0.7057945728302002 -0.70841658115386963 0
vn -0.7057945728302002 -0.70841658115386963 0
vn -0.7057945728302002 -0.70841658115386963 0
vn -0.7057945728302002 -0.70841658115386963 0
vn -0.7057945728302002 -0.70841658115386963 0
vn -0.7057945728302002 -0.70841658115386963 0
vn -0.7057945728302002 -0.70841658115386963 0
vn -0.7057945728302002 -0.70841658115386963 0
vn -0.7057945728302002 -0.70841658115386963 0
vn -0.7057945728302002 -0.70841658115386963 0
vn -0.7057945728302002 -0.70841658115386963 0
vn -0.7057945728302002 -0.70841658115386963 0
vn -0.7057945728302002 -0.70841658115386963 0
vn -0.7057945728302002 -0.70841658115386963 0
vn -0.7057945728302002 -0.70841658115386963 0
vn -0.7057945728302002 -0.70841658115386963 0
vn -0.7057945728302002 -0.70841658115386963 0
vn -0.7057945728302002 -0.70841658115386963 0
vn -0.7057945728302002 -0.70841658115386963 0
vn -0.7057945728302002 -0.70841658115386963 0
vn -0.7057945728302002 -0.70841658115386963 0
vn -0.7057945728302002 -0.70841658115386963 0
vn -0.7057945728302002 -0.70841658115386963 0
vn -0.7057945728302002 -0.70841658115386963 0
vn -0.7057945728302002 -0.70841658115386963 0
vn -0.7057945728302002 -0.70841658115386963 0
vn -0.7057945728302002 -0.70841658115386963 0
vn -0.7057945728302002 -0.70841658115386963 0
vn -0.7057945728302002 -0.70841658115386963 0
vn -0.7057945728302002 -0.70841658115386963 0
vn -0.7057945728302002 -0.70841658115386963 0
vn -0.7057945728302002 -0.70841658115386963 0
vn -0.7057945728302002 -0.70841658115386963 0
vn -0.7057945728302002 -0.70841658115386963 0
vn -0.7057945728302002 -0.70841658115386963 0
vn -0.7057945728302002 -0.70841658115386963 0
vn -0.7057945728302002 -0.70841658115386963 0
vn -0.7057945728302002 -0.70841658115386963 0
vn -0.7057945728302002 -0.70841658115386963 0
vn -0.7057945728302002 -0.70841658115386963 0
vn -0.7057945728302002 -0.70841658115386963 0
vn -0.7057945728302002 -0.70841658115386963 0
vn -0.7057945728302002 -0.70841658115386963 0
vn -0.7057945728302002 -0.70841658115386963 0
vn -0.7057945728302002 -0.70841658115386963 0
vn -0.7057945728302002 -0.70841658115386963 0
vn -0.7057945728302002 -0.70841658115386963 0
vn -0.7057945728302002 -0.70841658115386963 0
vn -0.7057945728302002 -0.70841658115386963 0
vn -0.7057945728302002 -0.70841658115386963 0
vn -0.7057945728302002 -0.70841658115386963 0
vn -0.7057945728302002 -0.70841658115386963 0
vn -0.7057945728302002 -0.70841658115386963 0
vn -0.7057945728302002 -0.70841658115386963 0
vn -0.7057945728302002 -0.70841658115386963 0
vn -0.7057945728302002 -0.70841658115386963 0
vn -0.7057945728302002 -0.70841658115386963 0
vn -0.7057945728302002 -0.70841658115386963 0
vn -0.7057945728302002 -0.70841658115386963 0
vn -0.7057945728302002 -0.70841658115386963 0
vn -0.7057945728302002 -0.70841658115386963 0
vn -0.7057945728302002 -0.70841658115386963 0
vn -0.7057945728302002 -0.70841658115386963 0
vn -0.7057945728302002 -0.70841658115386963 0
vn -0.7057945728302002 -0.70841658115386963 0
vn -0.7057945728302002 -0.70841658115386963 0
vn -0.7057945728302002 -0.70841658115386963 0
vn -0.7057945728302002 -0.70841658115386963 0
vn -0.7057945728302002 -0.70841658115386963 0
vn -0.7057945728302002 -0.70841658115386963 0
vn -0.7057945728302002 -0.70841658115386963 0
vn -0.7057945728302002 -0.70841658115386963 0
vn -0.7057945728302002 -0.70841658115386963 0
vn -0.7057945728302002 -0.70841658115386963 0
vn -0.7057945728302002 -0.70841658115386963 0
vn -0.7057945728302002 -0.70841658115386963 0
vn -0.7057945728302002 -0.70841658115386963 0
vn -0.7057945728302002 -0.70841658115386963 0
vn -0.7057945728302002 -0.70841658115386963 0
vn -0.7057945728302002 -0.70841658115386963 0
vn -0.7057945728302002 -0.70841658115386963 0
vn -0.7057945728302002 -0.70841658115386963 0
vn -0.7057945728302002 -0.70841658115386963 0
vn -0.7057945728302002 -0.70841658115386963 0
vn -0.7057945728302002 -0.70841658115386963 0
vn -0.7057945728302002 -0.70841658115386963 0
vn -0.7057945728302002 -0.70841658115386963 0
vn -0.7057945728302002 -0.70841658115386963 0
vn -0.7057945728302002 -0.70841658115386963 0
vn -0.7057945728302002 -0.70841658115386963 0
vn -0.7057945728302002 -0.70841658115386963 0
vn -0.7057945728302002 -0.70841658115386963 0
vn -0.7057945728302002 -0.70841658115386963 0
vn -0.7057945728302002 -0.70841658115386963 0
vn -0.7057945728302002 -0.70841658115386963 0
vn -0.7057945728302002 -0.70841658115386963 0
vn -0.7057945728302002 -0.70841658115386963 0
vn -0.7057945728302002 -0.70841658115386963 0
vn 0.70841658115386963 -0.7057945728302002 0
vn 0.70841658115386963 -0.7057945728302002 0
vn 0.70841658115386963 -0.7057945728302002 0
vn 0.70841658115386963 -0.7057945728302002 0
vn 0.70841658115386963 -0.7057945728302002 0
vn 0.70841658115386963 -0.7057945728302002 0
vn 0.70841658115386963 -0.7057945728302002 0
vn 0.70841658115386963 -0.7057945728302002 0
vn 0.7057945728302002 0.70841658115386963 0
vn 0.7057945728302002 0.70841658115386963 0
vn 0.7057945728302002 0.70841658115386963 0
vn 0.7057945728302002 0.70841658115386963 0
vn 0.7057945728302002 0.70841658115386963 0
vn 0.7057945728302002 0.70841658115386963 0
vn 0.7057945728302002 0.70841658115386963 0
vn 0.7057945728302002 0.70841658115386963 0
vn 0.7057945728302002 0.70841658115386963 0
vn 0.7057945728302002 0.70841658115386963 0
vn 0.7084161639213562 -0.70579493045806885 0
vn 0.7084161639213562 -0.70579493045806885 0
vn 0.7084161639213562 -0.70579493045806885 0
vn 0.7084161639213562 -0.70579493045806885 0
vn 0.7084161639213562 -0.70579493045806885 0
vn 0.7084161639213562 -0.70579493045806885 0
vn 0.7084161639213562 -0.70579493045806885 0
vn 0.7084161639213562 -0.70579493045806885 0
vn 0.7057945728302002 0.70841658115386963 0
vn 0.7057945728302002 0.70841658115386963 0
vn 0.7057945728302002 0.70841658115386963 0
vn 0.7057945728302002 0.70841658115386963 0
vn 0.7057945728302002 0.70841658115386963 0
vn 0.7057945728302002 0.70841658115386963 0
vn 0.7057945728302002 0.70841658115386963 0
vn 0.7057945728302002 0.70841658115386963 0
vn -0.70841658115386963 0.7057945728302002 0
vn -0.70841658115386963 0.7057945728302002 0
vn -0.70841658115386963 0.7057945728302002 0
vn -0.70841658115386963 0.7057945728302002 0
vn -0.70841658115386963 0.7057945728302002 0
vn -0.70841658115386963 0.7057945728302002 0
vn -0.70841658115386963 0.7057945728302002 0
vn -0.70841658115386963 0.7057945728302002 0
vn 0 0 -1
vn 0 0 -1
vn 0 0 -1
vn 0 0 -1
vn 0 0 -1
vn 0 0 -1
vn 0 0 -1
vn 0 0 -1
vn 0 0 -1
vn 0 0 -1
vn 0 0 -1
vn 0 0 -1
vn 0 0 -1
vn 0 0 -1
vn 0 0 -1
vn 0 0 -1
vn 0 0 -1
vn 0 0 -1
vn 0 0 -1
vn 0 0 -1
vn 0 0 -1
vn 0 0 -1
vn 0 0 -1
vn 0 0 -1
vn 0 0 -1
vn 0 0 -1
vn 0 0 -1
vn 0 0 -1
vn 0 0 -1
vn 0 0 -1
vn 0 0 -1
vn 0 0 -1
vn 0 0 -1
vn 0 0 -1
vn 0 0 -1
vn 0 0 -1
vn 0 0 -1
vn 0 0 -1
vn 0 0 -1
vn 0 0 -1
vn 0 0 -1
vn 0 0 -1
vn 0 0 -1
vn 0 0 -1
vn 0 0 -1
vn 0 0 -1
vn 0 0 -1
vn 0 0 -1
vn 0 0 -1
vn 0 0 -1
vn 0 0 -1
vn 0 0 -1
vn 0 0 -1
vn 0 0 -1
vn 0 0 -1
vn 0 0 -1
vn 0 0 -1
vn 0 0 -1
vn 0 0 -1
vn 0 0 -1
vn 0 0 -1
vn 0 0 1
vn 0 0 1
vn 0 0 1
vn 0 0 1
vn 0 0 1
vn 0 0 1
vn 0 0 1
vn 0 0 1
vn 0 0 1
vn 0 0 1
vn 0 0 1
vn 0 0 1
vn 0 0 1
vn 0 0 1
vn 0 0 1
vn 0 0 1
vn 0 0 1
vn 0 0 1
vn 0 0 1
vn 0 0 1
vn 0 0 1
vn 0 0 1
vn 0 0 1
vn 0 0 1
vn 0 0 1
vn 0 0 1
vn 0 0 1
vn 0 0 1
vn 0 0 1
vn 0 0 1
vn 0 0 1
vn 0 0 1
vn 0 0 1
vn 0 0 1
vn 0 0 1
vn 0 0 1
vn 0 0 1
vn 0 0 1
vn 0 0 1
vn 0 0 1
vn 0 0 1
vn 0 0 1
vn 0 0 1
vn 0 0 1
vn 0 0 1
vn 0 0 1
vn 0 0 1
vn 0 0 1
vn 0 0 1
vn 0 0 1
vn 0 0 1
vn 0 0 1
vn 0 0 1
vn 0 0 1
vn 0 0 1
vn 0 0 1
vn 0 0 1
vn 0 0 1
vn 0 0 1
vn 0 0 1
vn 0 0 1
f 98/98/98 89/89/89 93/93/93
f 90/90/90 98/98/98 97/97/97
f 93/93/93 97/97/97 98/98/98
f 97/97/97 93/93/93 94/94/94 96/96/96
f 95/95/95 94/94/94 91/91/91
f 92/92/92 96/96/96 95/95/95
f 94/94/94 95/95/95 96/96/96
f 242/242/242 241/241/241 237/237/237 238/238/238
f 239/239/239 237/237/237 236/236/236
f 220/220/220 227/227/227 239/239/239
f 236/236/236 220/220/220 239/239/239
f 238/238/238 237/237/237 239/239/239 240/240/240
f 240/240/240 239/239/239 227/227/227 233/233/233
f 228/228/228 220/220/220 219/219/219
f 179/179/179 198/198/198 228/228/228
f 219/219/219 179/179/179 228/228/228
f 233/233/233 227/227/227 234/234/234 235/235/235
f 235/235/235 234/234/234 229/229/229 230/230/230
f 234/234/234 227/227/227 220/220/220
f 228/228/228 229/229/229 234/234/234
f 220/220/220 228/228/228 234/234/234
f 231/231/231 229/229/229 228/228/228
f 198/198/198 216/216/216 231/231/231
f 228/228/228 198/198/198 231/231/231
f 230/230/230 229/229/229 231/231/231 232/232/232
f 232/232/232 231/231/231 216/216/216 224/224/224
f 199/199/199 179/179/179 178/178/178
f 156/156/156 157/157/157 199/199/199
f 178/178/178 156/156/156 199/199/199
f 224/224/224 216/216/216 225/225/225 226/226/226
f 226/226/226 225/225/225 218/218/218 221/221/221
f 225/225/225 216/216/216 198/198/198
f 217/217/217 218/218/218 225/225/225
f 198/198/198 217/217/217 225/225/225
f 222/222/222 218/218/218 217/217/217
f 200/200/200 207/207/207 222/222/222
f 217/217/217 200/200/200 222/222/222
f 221/221/221 218/218/218 222/222/222 223/223/223
f 223/223/223 222/222/222 207/207/207 213/213/213
f 217/217/217 198/198/198 179/179/179
f 199/199/199 200/200/200 217/217/217
f 179/179/179 199/199/199 217/217/217
f 208/208/208 200/200/200 199/199/199
f 157/157/157 175/175/175 208/208/208
f 199/199/199 157/157/157 208/208/208
f 213/213/213 207/207/207 214/214/214 215/215/215
f 215/215/215 214/214/214 209/209/209 210/210/210
f 214/214/214 207/207/207 200/200/200
f 208/208/208 209/209/209 214/214/214
f 200/200/200 208/208/208 214/214/214
f 211/211/211 209/209/209 208/208/208
f 175/175/175 195/195/195 211/211/211
f 208/208/208 175/175/175 211/211/211
f 210/210/210 209/209/209 211/211/211 212/212/212
f 212/212/212 211/211/211 195/195/195 204/204/204
f 204/204/204 195/195/195 205/205/205 206/206/206
f 206/206/206 205/205/205 197/197/197 201/201/201
f 205/205/205 195/195/195 175/175/175
f 196/196/196 197/197/197 205/205/205
f 175/175/175 196/196/196 205/205/205
f 202/202/202 197/197/197 196/196/196
f 177/177/177 186/186/186 202/202/202
f 196/196/196 177/177/177 202/202/202
f 201/201/201 197/197/197 202/202/202 203/203/203
f 203/203/203 202/202/202 186/186/186 192/192/192
f 196/196/196 175/175/175 157/157/157
f 176/176/176 177/177/177 196/196/196
f 157/157/157 176/176/176 196/196/196
f 187/187/187 177/177/177 176/176/176
f 159/159/159 160/160/160 187/187/187
f 176/176/176 159/159/159 187/187/187
f 192/192/192 186/186/186 193/193/193 194/194/194
f 194/194/194 193/193/193 188/188/188 189/189/189
f 193/193/193 186/186/186 177/177/177
f 187/187/187 188/188/188 193/193/193
f 177/177/177 187/187/187 193/193/193
f 190/190/190 188/188/188 187/187/187
f 160/160/160 172/172/172 190/190/190
f 187/187/187 160/160/160 190/190/190
f 189/189/189 188/188/188 190/190/190 191/191/191
f 191/191/191 190/190/190 172/172/172 183/183/183
f 176/176/176 157/157/157 156/156/156
f 158/158/158 159/159/159 176/176/176
f 156/156/156 158/158/158 176/176/176
f 183/183/183 172/172/172 184/184/184 185/185/185
f 185/185/185 184/184/184 174/174/174 180/180/180
f 184/184/184 172/172/172 160/160/160
f 173/173/173 174/174/174 184/184/184
f 160/160/160 173/173/173 184/184/184
f 181/181/181 174/174/174 173/173/173
f 162/162/162 163/163/163 181/181/181
f 173/173/173 162/162/162 181/181/181
f 180/180/180 174/174/174 181/181/181 182/182/182
f 182/182/182 181/181/181 163/163/163 169/169/169
f 173/173/173 160/160/160 159/159/159
f 161/161/161 162/162/162 173/173/173
f 159/159/159 161/161/161 173/173/173
f 169/169/169 163/163/163 170/170/170 171/171/171
f 171/171/171 170/170/170 165/165/165 166/166/166
f 170/170/170 163/163/163 162/162/162
f 164/164/164 165/165/165 170/170/170
f 162/162/162 164/164/164 170/170/170
f 166/166/166 165/165/165 167/167/167 168/168/168
f 104/104/104 158/158/158 99/99/99
f 167/167/167 164/164/164 104/104/104
f 164/164/164 161/161/161 104/104/104
f 167/167/167 101/101/101 168/168/168
f 164/164/164 167/167/167 165/165/165
f 101/101/101 167/167/167 104/104/104
f 156/156/156 103/103/103 158/158/158
f 99/99/99 158/158/158 103/103/103
f 104/104/104 161/161/161 158/158/158
f 161/161/161 159/159/159 158/158/158
f 171/171/171 166/166/166 108/108/108 109/109/109
f 164/164/164 162/162/162 161/161/161
f 166/166/166 168/168/168 106/106/106 107/107/107
f 182/182/182 169/169/169 111/111/111 112/112/112
f 180/180/180 182/182/182 112/112/112 113/113/113
f 183/183/183 185/185/185 116/116/116 117/117/117
f 185/185/185 180/180/180 114/114/114 115/115/115
f 191/191/191 183/183/183 117/117/117 118/118/118
f 169/169/169 171/171/171 109/109/109 110/110/110
f 189/189/189 191/191/191 119/119/119 120/120/120
f 194/194/194 189/189/189 121/121/121 122/122/122
f 203/203/203 192/192/192 124/124/124 125/125/125
f 206/206/206 201/201/201 127/127/127 128/128/128
f 201/201/201 203/203/203 125/125/125 126/126/126
f 192/192/192 194/194/194 122/122/122 123/123/123
f 204/204/204 206/206/206 129/129/129 130/130/130
f 219/219/219 178/178/178 179/179/179
f 103/103/103 178/178/178 100/100/100
f 212/212/212 204/204/204 130/130/130 131/131/131
f 210/210/210 212/212/212 132/132/132 133/133/133
f 100/100/100 178/178/178 243/243/243
f 219/219/219 243/243/243 178/178/178
f 236/236/236 243/243/243 219/219/219
f 219/219/219 220/220/220 236/236/236
f 236/236/236 237/237/237 241/241/241
f 243/243/243 236/236/236 241/241/241
f 241/241/241 102/102/102 243/243/243
f 156/156/156 178/178/178 103/103/103
f 213/213/213 215/215/215 135/135/135 136/136/136
f 223/223/223 213/213/213 137/137/137 138/138/138
f 226/226/226 221/221/221 140/140/140 141/141/141
f 224/224/224 226/226/226 142/142/142 143/143/143
f 221/221/221 223/223/223 138/138/138 139/139/139
f 230/230/230 232/232/232 145/145/145 146/146/146
f 235/235/235 230/230/230 147/147/147 148/148/148
f 240/240/240 233/233/233 150/150/150 151/151/151
f 242/242/242 238/238/238 153/153/153 154/154/154
f 238/238/238 240/240/240 151/151/151 152/152/152
f 233/233/233 235/235/235 148/148/148 149/149/149
f 232/232/232 224/224/224 143/143/143 144/144/144
f 215/215/215 210/210/210 134/134/134 135/135/135
f 242/242/242 102/102/102 241/241/241
f 168/168/168 101/101/101 105/105/105
f 168/168/168 105/105/105 106/106/106
f 166/166/166 107/107/107 108/108/108
f 185/185/185 115/115/115 116/116/116
f 180/180/180 113/113/113 114/114/114
f 169/169/169 110/110/110 111/111/111
f 191/191/191 118/118/118 119/119/119
f 189/189/189 120/120/120 121/121/121
f 206/206/206 128/128/128 129/129/129
f 201/201/201 126/126/126 127/127/127
f 192/192/192 123/123/123 124/124/124
f 212/212/212 131/131/131 132/132/132
f 210/210/210 133/133/133 134/134/134
f 226/226/226 141/141/141 142/142/142
f 221/221/221 139/139/139 140/140/140
f 213/213/213 136/136/136 137/137/137
f 232/232/232 144/144/144 145/145/145
f 230/230/230 146/146/146 147/147/147
f 242/242/242 155/155/155 102/102/102
f 242/242/242 154/154/154 155/155/155
f 238/238/238 152/152/152 153/153/153
f 233/233/233 149/149/149 150/150/150
f 304/304/304 244/244/244 250/250/250 305/305/305
f 303/303/303 304/304/304 305/305/305 306/306/306
f 301/301/301 302/302/302 307/307/307 251/251/251
f 300/300/300 301/301/301 251/251/251 308/308/308
f 302/302/302 303/303/303 306/306/306 307/307/307
f 298/298/298 299/299/299 309/309/309 310/310/310
f 297/297/297 298/298/298 310/310/310 252/252/252
f 295/295/295 296/296/296 311/311/311 312/312/312
f 245/245/245 294/294/294 313/313/313 314/314/314
f 294/294/294 295/295/295 312/312/312 313/313/313
f 296/296/296 297/297/297 252/252/252 311/311/311
f 299/299/299 300/300/300 308/308/308 309/309/309
f 292/292/292 293/293/293 315/315/315 316/316/316
f 291/291/291 292/292/292 316/316/316 317/317/317
f 290/290/290 246/246/246 253/253/253 318/318/318
f 289/289/289 290/290/290 318/318/318 319/319/319
f 246/246/246 291/291/291 317/317/317 253/253/253
f 287/287/287 288/288/288 320/320/320 321/321/321
f 286/286/286 287/287/287 321/321/321 322/322/322
f 284/284/284 285/285/285 323/323/323 324/324/324
f 282/282/282 283/283/283 325/325/325 326/326/326
f 283/283/283 284/284/284 324/324/324 325/325/325
f 285/285/285 286/286/286 322/322/322 323/323/323
f 288/288/288 289/289/289 319/319/319 320/320/320
f 293/293/293 245/245/245 314/314/314 315/315/315
f 280/280/280 281/281/281 327/327/327 328/328/328
f 279/279/279 280/280/280 328/328/328 329/329/329
f 277/277/277 278/278/278 330/330/330 331/331/331
f 276/276/276 277/277/277 331/331/331 332/332/332
f 278/278/278 279/279/279 329/329/329 330/330/330
f 275/275/275 247/247/247 254/254/254 333/333/333
f 274/274/274 275/275/275 333/333/333 334/334/334
f 248/248/248 273/273/273 335/335/335 255/255/255
f 271/271/271 272/272/272 336/336/336 337/337/337
f 272/272/272 248/248/248 255/255/255 336/336/336
f 273/273/273 274/274/274 334/334/334 335/335/335
f 247/247/247 276/276/276 332/332/332 254/254/254
f 269/269/269 270/270/270 338/338/338 339/339/339
f 268/268/268 269/269/269 339/339/339 340/340/340
f 266/266/266 267/267/267 341/341/341 342/342/342
f 264/264/264 265/265/265 256/256/256 343/343/343
f 265/265/265 266/266/266 342/342/342 256/256/256
f 267/267/267 268/268/268 340/340/340 341/341/341
f 262/262/262 263/263/263 344/344/344 345/345/345
f 261/261/261 262/262/262 345/345/345 346/346/346
f 259/259/259 260/260/260 347/347/347 348/348/348
f 249/249/249 258/258/258 349/349/349 257/257/257
f 258/258/258 259/259/259 348/348/348 349/349/349
f 260/260/260 261/261/261 346/346/346 347/347/347
f 263/263/263 264/264/264 343/343/343 344/344/344
f 270/270/270 271/271/271 337/337/337 338/338/338
f 281/281/281 282/282/282 326/326/326 327/327/327
f 414/414/414 416/416/416 415/415/415 413/413/413
f 413/413/413 415/415/415 419/419/419 417/417/417
f 417/417/417 419/419/419 418/418/418 412/412/412
f 417/417/417 412/412/412 410/410/410
f 411/411/411 413/413/413 417/417/417
f 410/410/410 411/411/411 417/417/417
f 425/425/425 422/422/422 420/420/420
f 410/410/410 412/412/412 425/425/425
f 420/420/420 410/410/410 425/425/425
f 412/412/412 418/418/418 427/427/427 425/425/425
f 425/425/425 427/427/427 426/426/426 422/422/422
f 422/422/422 426/426/426 430/430/430 428/428/428
f 428/428/428 430/430/430 429/429/429 421/421/421
f 428/428/428 421/421/421 409/409/409
f 420/420/420 422/422/422 428/428/428
f 409/409/409 420/420/420 428/428/428
f 420/420/420 409/409/409 407/407/407
f 408/408/408 410/410/410 420/420/420
f 407/407/407 408/408/408 420/420/420
f 431/431/431 424/424/424 423/423/423
f 407/407/407 409/409/409 431/431/431
f 423/423/423 407/407/407 431/431/431
f 434/434/434 433/433/433 431/431/431
f 409/409/409 421/421/421 434/434/434
f 431/431/431 409/409/409 434/434/434
f 421/421/421 429/429/429 436/436/436 434/434/434
f 434/434/434 436/436/436 435/435/435 433/433/433
f 433/433/433 435/435/435 439/439/439 437/437/437
f 437/437/437 439/439/439 438/438/438 432/432/432
f 437/437/437 432/432/432 424/424/424
f 431/431/431 433/433/433 437/437/437
f 424/424/424 431/431/431 437/437/437
f 442/442/442 441/441/441 440/440/440
f 424/424/424 432/432/432 442/442/442
f 440/440/440 424/424/424 442/442/442
f 432/432/432 438/438/438 444/444/444 442/442/442
f 442/442/442 444/444/444 443/443/443 441/441/441
f 441/441/441 443/443/443 446/446/446 445/445/445
f 446/446/446 406/406/406 350/350/350
f 446/446/446 404/404/404 405/405/405
f 446/446/446 403/403/403 404/404/404
f 405/405/405 406/406/406 446/446/446
f 443/443/443 401/401/401 402/402/402
f 443/443/443 399/399/399 400/400/400
f 444/444/444 398/398/398 399/399/399
f 400/400/400 401/401/401 443/443/443
f 402/402/402 403/403/403 446/446/446
f 444/444/444 396/396/396 397/397/397
f 438/438/438 394/394/394 395/395/395
f 438/438/438 393/393/393 394/394/394
f 395/395/395 396/396/396 438/438/438
f 439/439/439 391/391/391 392/392/392
f 439/439/439 390/390/390 391/391/391
f 435/435/435 388/388/388 389/389/389
f 435/435/435 387/387/387 388/388/388
f 389/389/389 390/390/390 439/439/439
f 392/392/392 393/393/393 438/438/438
f 397/397/397 398/398/398 444/444/444
f 436/436/436 385/385/385 386/386/386
f 436/436/436 383/383/383 384/384/384
f 429/429/429 382/382/382 383/383/383
f 384/384/384 385/385/385 436/436/436
f 429/429/429 380/380/380 381/381/381
f 430/430/430 378/378/378 379/379/379
f 430/430/430 377/377/377 378/378/378
f 379/379/379 380/380/380 429/429/429
f 381/381/381 382/382/382 429/429/429
f 426/426/426 375/375/375 376/376/376
f 426/426/426 373/373/373 374/374/374
f 427/427/427 372/372/372 373/373/373
f 374/374/374 375/375/375 426/426/426
f 427/427/427 370/370/370 371/371/371
f 418/418/418 369/369/369 370/370/370
f 418/418/418 367/367/367 368/368/368
f 418/418/418 366/366/366 367/367/367
f 368/368/368 369/369/369 418/418/418
f 371/371/371 372/372/372 427/427/427
f 376/376/376 377/377/377 430/430/430
f 386/386/386 387/387/387 435/435/435
f 443/443/443 444/444/444 399/399/399
f 438/438/438 439/439/439 392/392/392
f 439/439/439 435/435/435 389/389/389
f 444/444/444 438/438/438 396/396/396
f 436/436/436 429/429/429 383/383/383
f 430/430/430 426/426/426 376/376/376
f 426/426/426 427/427/427 373/373/373
f 429/429/429 430/430/430 379/379/379
f 435/435/435 436/436/436 386/386/386
f 440/440/440 441/441/441 445/445/445
f 352/352/352 423/423/423 440/440/440
f 445/445/445 352/352/352 440/440/440
f 354/354/354 447/447/447 352/352/352
f 445/445/445 446/446/446 350/350/350
f 418/418/418 419/419/419 366/366/366
f 423/423/423 352/352/352 407/407/407
f 352/352/352 353/353/353 407/407/407
f 423/423/423 424/424/424 440/440/440
f 352/352/352 447/447/447 353/353/353
f 445/445/445 350/350/350 352/352/352
f 427/427/427 418/418/418 370/370/370
f 419/419/419 364/364/364 365/365/365
f 415/415/415 362/362/362 363/363/363
f 415/415/415 361/361/361 362/362/362
f 363/363/363 364/364/364 419/419/419
f 416/416/416 359/359/359 360/360/360
f 416/416/416 357/357/357 358/358/358
f 416/416/416 356/356/356 357/357/357
f 358/358/358 359/359/359 416/416/416
f 360/360/360 361/361/361 415/415/415
f 415/415/415 416/416/416 360/360/360
f 408/408/408 411/411/411 410/410/410
f 365/365/365 366/366/366 419/419/419
f 414/414/414 351/351/351 416/416/416
f 416/416/416 351/351/351 356/356/356
f 353/353/353 351/351/351 414/414/414
f 411/411/411 408/408/408 353/353/353
f 353/353/353 408/408/408 407/407/407
f 414/414/414 411/411/411 353/353/353
f 414/414/414 413/413/413 411/411/411
f 353/353/353 447/447/447 355/355/355
f 419/419/419 415/415/415 363/363/363
f 446/446/446 443/443/443 402/402/402
f 452/452/452 448/448/448 453/453/453
f 452/452/452 455/455/455 449/449/449
f 454/454/454 452/452/452 453/453/453
f 452/452/452 454/454/454 455/455/455
f 454/454/454 451/451/451 455/455/455
f 450/450/450 454/454/454 453/453/453
f 460/460/460 456/456/456 461/461/461
f 457/457/457 460/460/460 465/465/465
f 461/461/461 465/465/465 460/460/460
f 465/465/465 461/461/461 462/462/462 464/464/464
f 463/463/463 462/462/462 458/458/458
f 459/459/459 464/464/464 463/463/463
f 462/462/462 463/463/463 464/464/464
f 470/470/470 466/466/466 472/472/472
f 470/470/470 473/473/473 467/467/467
f 473/473/473 470/470/470 472/472/472
f 472/472/472 471/471/471 473/473/473
f 471/471/471 469/469/469 473/473/473
f 468/468/468 471/471/471 472/472/472
f 480/480/480 474/474/474 476/476/476
f 480/480/480 477/477/477 475/475/475
f 477/477/477 480/480/480 476/476/476
f 476/476/476 481/481/481 477/477/477
f 481/481/481 479/479/479 477/477/477
f 478/478/478 481/481/481 476/476/476
f 488/488/488 482/482/482 489/489/489
f 488/488/488 487/487/487 483/483/483
f 486/486/486 488/488/488 489/489/489
f 488/488/488 486/486/486 487/487/487
f 486/486/486 485/485/485 487/487/487
f 484/484/484 486/486/486 489/489/489
f 494/494/494 547/547/547 548/548/548 546/546/546
f 510/510/510 512/512/512 511/511/511 502/502/502
f 512/512/512 499/499/499 497/497/497 511/511/511
f 507/507/507 509/509/509 508/508/508 499/499/499
f 521/521/521 508/508/508 509/509/509
f 501/501/501 521/521/521 503/503/503
f 508/508/508 521/521/521 501/501/501
f 520/520/520 522/522/522 521/521/521 509/509/509
f 522/522/522 504/504/504 503/503/503 521/521/521
f 508/508/508 497/497/497 499/499/499
f 500/500/500 508/508/508 501/501/501
f 497/497/497 508/508/508 500/500/500
f 517/517/517 519/519/519 518/518/518 504/504/504
f 534/534/534 518/518/518 519/519/519
f 506/506/506 534/534/534 513/513/513
f 518/518/518 534/534/534 506/506/506
f 533/533/533 535/535/535 534/534/534 519/519/519
f 535/535/535 514/514/514 513/513/513 534/534/534
f 518/518/518 503/503/503 504/504/504
f 505/505/505 518/518/518 506/506/506
f 503/503/503 518/518/518 505/505/505
f 530/530/530 532/532/532 531/531/531 514/514/514
f 532/532/532 523/523/523 516/516/516 531/531/531
f 531/531/531 513/513/513 514/514/514
f 515/515/515 531/531/531 516/516/516
f 513/513/513 531/531/531 515/515/515
f 526/526/526 529/529/529 527/527/527 523/523/523
f 529/529/529 528/528/528 525/525/525 527/527/527
f 527/527/527 516/516/516 523/523/523
f 524/524/524 527/527/527 525/525/525
f 516/516/516 527/527/527 524/524/524
f 545/545/545 548/548/548 549/549/549
f 550/550/550 549/549/549 548/548/548
f 546/546/546 548/548/548 545/545/545
f 543/543/543 546/546/546 544/544/544
f 545/545/545 544/544/544 546/546/546
f 546/546/546 543/543/543 494/494/494
f 547/547/547 490/490/490 550/550/550
f 491/491/491 490/490/490 547/547/547
f 543/543/543 542/542/542 494/494/494
f 491/491/491 494/494/494 542/542/542
f 542/542/542 492/492/492 491/491/491
f 491/491/491 547/547/547 494/494/494
f 550/550/550 548/548/548 547/547/547
f 542/542/542 541/541/541 492/492/492
f 500/500/500 541/541/541 540/540/540
f 493/493/493 541/541/541 500/500/500
f 497/497/497 500/500/500 540/540/540
f 502/502/502 540/540/540 539/539/539
f 540/540/540 502/502/502 511/511/511
f 511/511/511 497/497/497 540/540/540
f 538/538/538 502/502/502 539/539/539
f 501/501/501 495/495/495 493/493/493
f 492/492/492 541/541/541 493/493/493
f 502/502/502 538/538/538 510/510/510
f 512/512/512 510/510/510 536/536/536
f 507/507/507 499/499/499 512/512/512
f 537/537/537 510/510/510 538/538/538
f 501/501/501 503/503/503 495/495/495
f 500/500/500 501/501/501 493/493/493
f 524/524/524 515/515/515 516/516/516
f 495/495/495 505/505/505 515/515/515
f 496/496/496 524/524/524 525/525/525
f 506/506/506 515/515/515 505/505/505
f 515/515/515 506/506/506 513/513/513
f 524/524/524 495/495/495 515/515/515
f 498/498/498 528/528/528 529/529/529
f 525/525/525 528/528/528 496/496/496
f 496/496/496 528/528/528 498/498/498
f 526/526/526 523/523/523 532/532/532
f 530/530/530 526/526/526 532/532/532
f 526/526/526 498/498/498 529/529/529
f 498/498/498 526/526/526 530/530/530
f 524/524/524 496/496/496 495/495/495
f 517/517/517 504/504/504 522/522/522
f 520/520/520 509/509/509 507/507/507
f 522/522/522 520/520/520 517/517/517
f 536/536/536 520/520/520 507/507/507
f 535/535/535 530/530/530 514/514/514
f 533/533/533 530/530/530 535/535/535
f 520/520/520 536/536/536 533/533/533
f 533/533/533 519/519/519 517/517/517
f 537/537/537 536/536/536 510/510/510
f 533/533/533 498/498/498 530/530/530
f 533/533/533 517/517/517 520/520/520
f 533/533/533 536/536/536 498/498/498
f 507/507/507 512/512/512 536/536/536
f 495/495/495 503/503/503 505/505/505
f 555/555/555 607/607/607 609/609/609 608/608/608
f 571/571/571 563/563/563 572/572/572 573/573/573
f 573/573/573 572/572/572 558/558/558 560/560/560
f 568/568/568 560/560/560 569/569/569 570/570/570
f 582/582/582 570/570/570 569/569/569
f 562/562/562 564/564/564 582/582/582
f 569/569/569 562/562/562 582/582/582
f 581/581/581 570/570/570 582/582/582 583/583/583
f 583/583/583 582/582/582 564/564/564 565/565/565
f 569/569/569 560/560/560 558/558/558
f 561/561/561 562/562/562 569/569/569
f 558/558/558 561/561/561 569/569/569
f 578/578/578 565/565/565 579/579/579 580/580/580
f 595/595/595 580/580/580 579/579/579
f 567/567/567 574/574/574 595/595/595
f 579/579/579 567/567/567 595/595/595
f 594/594/594 580/580/580 595/595/595 596/596/596
f 596/596/596 595/595/595 574/574/574 575/575/575
f 579/579/579 565/565/565 564/564/564
f 566/566/566 567/567/567 579/579/579
f 564/564/564 566/566/566 579/579/579
f 591/591/591 575/575/575 592/592/592 593/593/593
f 593/593/593 592/592/592 577/577/577 584/584/584
f 592/592/592 575/575/575 574/574/574
f 576/576/576 577/577/577 592/592/592
f 574/574/574 576/576/576 592/592/592
f 587/587/587 584/584/584 588/588/588 590/590/590
f 590/590/590 588/588/588 586/586/586 589/589/589
f 588/588/588 584/584/584 577/577/577
f 585/585/585 586/586/586 588/588/588
f 577/577/577 585/585/585 588/588/588
f 606/606/606 610/610/610 609/609/609
f 611/611/611 609/609/609 610/610/610
f 607/607/607 606/606/606 609/609/609
f 604/604/604 605/605/605 607/607/607
f 606/606/606 607/607/607 605/605/605
f 607/607/607 555/555/555 604/604/604
f 608/608/608 611/611/611 551/551/551
f 552/552/552 608/608/608 551/551/551
f 604/604/604 555/555/555 603/603/603
f 552/552/552 603/603/603 555/555/555
f 603/603/603 552/552/552 553/553/553
f 552/552/552 555/555/555 608/608/608
f 611/611/611 608/608/608 609/609/609
f 603/603/603 553/553/553 602/602/602
f 561/561/561 601/601/601 602/602/602
f 554/554/554 561/561/561 602/602/602
f 558/558/558 601/601/601 561/561/561
f 563/563/563 600/600/600 601/601/601
f 601/601/601 572/572/572 563/563/563
f 572/572/572 601/601/601 558/558/558
f 599/599/599 600/600/600 563/563/563
f 562/562/562 554/554/554 556/556/556
f 553/553/553 554/554/554 602/602/602
f 563/563/563 571/571/571 599/599/599
f 573/573/573 597/597/597 571/571/571
f 568/568/568 573/573/573 560/560/560
f 598/598/598 599/599/599 571/571/571
f 562/562/562 556/556/556 564/564/564
f 561/561/561 554/554/554 562/562/562
f 585/585/585 577/577/577 576/576/576
f 556/556/556 576/576/576 566/566/566
f 557/557/557 586/586/586 585/585/585
f 567/567/567 566/566/566 576/576/576
f 576/576/576 574/574/574 567/567/567
f 585/585/585 576/576/576 556/556/556
f 559/559/559 590/590/590 589/589/589
f 586/586/586 557/557/557 589/589/589
f 557/557/557 559/559/559 589/589/589
f 587/587/587 593/593/593 584/584/584
f 591/591/591 593/593/593 587/587/587
f 587/587/587 590/590/590 559/559/559
f 559/559/559 591/591/591 587/587/587
f 585/585/585 556/556/556 557/557/557
f 578/578/578 583/583/583 565/565/565
f 581/581/581 568/568/568 570/570/570
f 583/583/583 578/578/578 581/581/581
f 597/597/597 568/568/568 581/581/581
f 596/596/596 575/575/575 591/591/591
f 594/594/594 596/596/596 591/591/591
f 581/581/581 594/594/594 597/597/597
f 594/594/594 578/578/578 580/580/580
f 598/598/598 571/571/571 597/597/597
f 594/594/594 591/591/591 559/559/559
f 594/594/594 581/581/581 578/578/578
f 594/594/594 559/559/559 597/597/597
f 568/568/568 597/597/597 573/573/573
f 556/556/556 566/566/566 564/564/564
o object_3
usemtl Default
v 1910.5009765625 -183.69499206542969 4.4000000953674316
v 1910.5009765625 -183.69499206542969 1.7000000476837158
v 1921.667724609375 -194.90786743164062 4.4000000953674316
v 1921.667724609375 -194.90786743164062 1.7000000476837158
v 1914.2232666015625 -187.4326171875 4.4000000953674316
v 1917.9454345703125 -191.17024230957031 4.4000000953674316
v 1917.9454345703125 -191.17024230957031 1.7000000476837158
v 1914.2232666015625 -187.4326171875 1.7000000476837158
v 1921.667724609375 -194.90786743164062 4.4000000953674316
v 1921.667724609375 -194.90786743164062 1.7000000476837158
v 1916.021240234375 -200.57527160644531 4.4000000953674316
v 1916.021240234375 -200.57527160644531 1.7000000476837158
v 1918.844482421875 -197.7415771484375 4.4000000953674316
v 1918.844482421875 -197.7415771484375 1.7000000476837158
v 1916.021240234375 -200.57527160644531 4.4000000953674316
v 1916.021240234375 -200.57527160644531 1.7000000476837158
v 1921.794921875 -206.32749938964844 4.4000000953674316
v 1921.794921875 -206.32749938964844 1.7000000476837158
v 1918.9080810546875 -203.45138549804688 4.4000000953674316
v 1921.794921875 -206.32749938964844 3.0499999523162842
v 1918.9080810546875 -203.45138549804688 1.7000000476837158
v 1921.794921875 -206.32749938964844 4.4000000953674316
v 1921.794921875 -206.32749938964844 1.7000000476837158
v 1920.3831787109375 -207.74424743652344 4.4000000953674316
v 1920.3831787109375 -207.74424743652344 1.7000000476837158
v 1918.9715576171875 -209.16098022460938 4.4000000953674316
v 1918.9715576171875 -209.16098022460938 1.7000000476837158
v 1921.794921875 -206.32749938964844 3.0499999523162842
v 1918.9715576171875 -209.16098022460938 3.0499999523162842
v 1918.9715576171875 -209.16098022460938 4.4000000953674316
v 1918.9715576171875 -209.16098022460938 1.7000000476837158
v 1924.6387939453125 -214.80732727050781 4.4000000953674316
v 1924.6387939453125 -214.80732727050781 1.7000000476837158
v 1918.9715576171875 -209.16098022460938 3.0499999523162842
v 1921.80517578125 -211.98416137695312 1.7000000476837158
v 1921.80517578125 -211.98416137695312 4.4000000953674316
v 1924.6387939453125 -214.80732727050781 4.4000000953674316
v 1924.6387939453125 -214.80732727050781 1.7000000476837158
v 1919.0030517578125 -220.45387268066406 4.4000000953674316
v 1919.0030517578125 -220.45387268066406 1.7000000476837158
v 1921.8209228515625 -217.63059997558594 4.4000000953674316
v 1921.8209228515625 -217.63059997558594 1.7000000476837158
v 1919.0030517578125 -220.45387268066406 4.4000000953674316
v 1919.0030517578125 -220.45387268066406 1.7000000476837158
v 1916.160888671875 -217.64308166503906 4.4000000953674316
v 1916.160888671875 -217.64308166503906 1.7000000476837158
v 1917.58203125 -219.04847717285156 4.4000000953674316
v 1917.58203125 -219.04847717285156 1.7000000476837158
v 1916.160888671875 -217.64308166503906 4.4000000953674316
v 1916.160888671875 -217.64308166503906 1.7000000476837158
v 1918.9892578125 -214.81465148925781 4.4000000953674316
v 1918.9892578125 -214.81465148925781 1.7000000476837158
v 1917.5750732421875 -216.22886657714844 4.4000000953674316
v 1917.5750732421875 -216.22886657714844 1.7000000476837158
v 1918.9892578125 -214.81465148925781 4.4000000953674316
v 1918.9892578125 -214.81465148925781 1.7000000476837158
v 1913.3323974609375 -209.15779113769531 4.4000000953674316
v 1913.3323974609375 -209.15779113769531 1.7000000476837158
v 1916.160888671875 -211.98622131347656 4.4000000953674316
v 1916.160888671875 -211.98622131347656 1.7000000476837158
v 1913.3323974609375 -209.15779113769531 4.4000000953674316
v 1913.3323974609375 -209.15779113769531 1.7000000476837158
v 1916.0340576171875 -206.44613647460938 4.4000000953674316
v 1916.0340576171875 -206.44613647460938 1.7000000476837158
v 1914.6832275390625 -207.80197143554688 4.4000000953674316
v 1914.6832275390625 -207.80197143554688 1.7000000476837158
v 1916.0340576171875 -206.44613647460938 4.4000000953674316
v 1916.0340576171875 -206.44613647460938 1.7000000476837158
v 1910.15234375 -200.58615112304688 4.4000000953674316
v 1910.15234375 -200.58615112304688 1.7000000476837158
v 1913.0931396484375 -203.51614379882812 4.4000000953674316
v 1913.0931396484375 -203.51614379882812 1.7000000476837158
v 1910.15234375 -200.58615112304688 4.4000000953674316
v 1910.15234375 -200.58615112304688 1.7000000476837158
v 1915.8798828125 -194.83731079101562 4.4000000953674316
v 1915.8798828125 -194.83731079101562 1.7000000476837158
v 1912.0615234375 -198.66987609863281 4.4000000953674316
v 1913.970703125 -196.75360107421875 4.4000000953674316
v 1913.970703125 -196.75360107421875 1.7000000476837158
v 1912.0615234375 -198.66987609863281 1.7000000476837158
v 1915.8798828125 -194.83731079101562 4.4000000953674316
v 1915.8798828125 -194.83731079101562 1.7000000476837158
v 1910.425048828125 -189.40269470214844 4.4000000953674316
v 1910.425048828125 -189.40269470214844 1.7000000476837158
v 1913.1524658203125 -192.12001037597656 4.4000000953674316
v 1913.1524658203125 -192.12001037597656 1.7000000476837158
v 1910.425048828125 -189.40269470214844 4.4000000953674316
v 1910.425048828125 -189.40269470214844 1.7000000476837158
v 1907.6123046875 -192.22665405273438 4.4000000953674316
v 1907.6123046875 -192.22665405273438 1.7000000476837158
v 1909.0186767578125 -190.81468200683594 4.4000000953674316
v 1909.0186767578125 -190.81468200683594 1.7000000476837158
v 1907.6123046875 -192.22665405273438 4.4000000953674316
v 1907.6123046875 -192.22665405273438 1.7000000476837158
v 1904.7918701171875 -189.40615844726562 4.4000000953674316
v 1904.7918701171875 -189.40615844726562 1.7000000476837158
v 1906.2021484375 -190.81640625 4.4000000953674316
v 1906.2021484375 -190.81640625 1.7000000476837158
v 1904.7918701171875 -189.40615844726562 4.4000000953674316
v 1904.7918701171875 -189.40615844726562 1.7000000476837158
v 1910.5009765625 -183.69499206542969 4.4000000953674316
v 1910.5009765625 -183.69499206542969 1.7000000476837158
v 1907.646484375 -186.55056762695312 4.4000000953674316
v 1907.646484375 -186.55056762695312 1.7000000476837158
v 1910.5009765625 -183.69499206542969 4.4000000953674316
v 1914.2232666015625 -187.4326171875 4.4000000953674316
v 1917.9454345703125 -191.17024230957031 4.4000000953674316
v 1921.667724609375 -194.90786743164062 4.4000000953674316
v 1918.844482421875 -197.7415771484375 4.4000000953674316
v 1916.021240234375 -200.57527160644531 4.4000000953674316
v 1918.9080810546875 -203.45138549804688 4.4000000953674316
v 1921.794921875 -206.32749938964844 4.4000000953674316
v 1920.3831787109375 -207.74424743652344 4.4000000953674316
v 1918.9715576171875 -209.16098022460938 4.4000000953674316
v 1921.80517578125 -211.98416137695312 4.4000000953674316
v 1924.6387939453125 -214.80732727050781 4.4000000953674316
v 1921.8209228515625 -217.63059997558594 4.4000000953674316
v 1919.0030517578125 -220.45387268066406 4.4000000953674316
v 1917.58203125 -219.04847717285156 4.4000000953674316
v 1916.160888671875 -217.64308166503906 4.4000000953674316
v 1917.5750732421875 -216.22886657714844 4.4000000953674316
v 1918.9892578125 -214.81465148925781 4.4000000953674316
v 1916.160888671875 -211.98622131347656 4.4000000953674316
v 1913.3323974609375 -209.15779113769531 4.4000000953674316
v 1914.6832275390625 -207.80197143554688 4.4000000953674316
v 1916.0340576171875 -206.44613647460938 4.4000000953674316
v 1913.0931396484375 -203.51614379882812 4.4000000953674316
v 1910.15234375 -200.58615112304688 4.4000000953674316
v 1912.0615234375 -198.66987609863281 4.4000000953674316
v 1913.970703125 -196.75360107421875 4.4000000953674316
v 1915.8798828125 -194.83731079101562 4.4000000953674316
v 1913.1524658203125 -192.12001037597656 4.4000000953674316
v 1910.425048828125 -189.40269470214844 4.4000000953674316
v 1909.0186767578125 -190.81468200683594 4.4000000953674316
v 1907.6123046875 -192.22665405273438 4.4000000953674316
v 1906.2021484375 -190.81640625 4.4000000953674316
v 1904.7918701171875 -189.40615844726562 4.4000000953674316
v 1907.646484375 -186.55056762695312 4.4000000953674316
v 1910.5009765625 -183.69499206542969 1.7000000476837158
v 1914.2232666015625 -187.4326171875 1.7000000476837158
v 1917.9454345703125 -191.17024230957031 1.7000000476837158
v 1921.667724609375 -194.90786743164062 1.7000000476837158
v 1918.844482421875 -197.7415771484375 1.7000000476837158
v 1916.021240234375 -200.57527160644531 1.7000000476837158
v 1918.9080810546875 -203.45138549804688 1.7000000476837158
v 1921.794921875 -206.32749938964844 1.7000000476837158
v 1920.3831787109375 -207.74424743652344 1.7000000476837158
v 1918.9715576171875 -209.16098022460938 1.7000000476837158
v 1921.80517578125 -211.98416137695312 1.7000000476837158
v 1924.6387939453125 -214.80732727050781 1.7000000476837158
v 1921.8209228515625 -217.63059997558594 1.7000000476837158
v 1919.0030517578125 -220.45387268066406 1.7000000476837158
v 1917.58203125 -219.04847717285156 1.7000000476837158
v 1916.160888671875 -217.64308166503906 1.7000000476837158
v 1917.5750732421875 -216.22886657714844 1.7000000476837158
v 1918.9892578125 -214.81465148925781 1.7000000476837158
v 1916.160888671875 -211.98622131347656 1.7000000476837158
v 1913.3323974609375 -209.15779113769531 1.7000000476837158
v 1914.6832275390625 -207.80197143554688 1.7000000476837158
v 1916.0340576171875 -206.44613647460938 1.7000000476837158
v 1913.0931396484375 -203.51614379882812 1.7000000476837158
v 1910.15234375 -200.58615112304688 1.7000000476837158
v 1912.0615234375 -198.66987609863281 1.7000000476837158
v 1913.970703125 -196.75360107421875 1.7000000476837158
v 1915.8798828125 -194.83731079101562 1.7000000476837158
v 1913.1524658203125 -192.12001037597656 1.7000000476837158
v 1910.425048828125 -189.40269470214844 1.7000000476837158
v 1909.0186767578125 -190.81468200683594 1.7000000476837158
v 1907.6123046875 -192.22665405273438 1.7000000476837158
v 1906.2021484375 -190.81640625 1.7000000476837158
v 1904.7918701171875 -189.40615844726562 1.7000000476837158
v 1907.646484375 -186.55056762695312 1.7000000476837158
vt 0.35337099432945251 0
vt 0.29859307408332825 0
vt 0.35337099432945251 0.31958994269371033
vt 0.29859307408332825 0.31958994269371033
vt 0.35337099432945251 0.10652998834848404
vt 0.35337099432945251 0.21305997669696808
vt 0.29859307408332825 0.21305997669696808
vt 0.29859307408332825 0.10652998834848404
vt 0.1819169819355011 0.32105478644371033
vt 0.12713907659053802 0.32105478644371033
vt 0.1819169819355011 0.48336166143417358
vt 0.12713907659053802 0.48336166143417358
vt 0.1819169819355011 0.40220823884010315
vt 0.12713907659053802 0.40220823884010315
vt 0 0.24079109728336334
vt 0 0.29556900262832642
vt 0.1653481125831604 0.24079109728336334
vt 0.1653481125831604 0.29556900262832642
vt 0.0826740562915802 0.24079109728336334
vt 0.1653481125831604 0.26818004250526428
vt 0.0826740562915802 0.29556900262832642
vt 0 0.8056451678276062
vt 0 0.86042308807373047
vt 0.039843987673521042 0.8056451678276062
vt 0.039843987673521042 0.86042308807373047
vt 0.079687975347042084 0.8056451678276062
vt 0.079687975347042084 0.86042308807373047
vt 0 0.83303415775299072
vt 0.079687975347042084 0.83303415775299072
vt 0.054777905344963074 0.32105478644371033
vt 0 0.32105478644371033
vt 0.054777905344963074 0.48335942625999451
vt 0 0.48335942625999451
vt 0.027388952672481537 0.32105478644371033
vt 0 0.40220710635185242
vt 0.054777905344963074 0.40220710635185242
vt 0.55121183395385742 0
vt 0.49643391370773315 0
vt 0.55121183395385742 0.16185383498668671
vt 0.49643391370773315 0.16185383498668671
vt 0.55121183395385742 0.080926917493343353
vt 0.49643391370773315 0.080926917493343353
vt 0.14907956123352051 0.080263696610927582
vt 0.14907956123352051 0.13504160940647125
vt 0.23017843067646027 0.080263696610927582
vt 0.23017843067646027 0.13504160940647125
vt 0.18962898850440979 0.080263696610927582
vt 0.18962898850440979 0.13504160940647125
vt 0 0.64009296894073486
vt 0 0.69487082958221436
vt 0.079687975347042084 0.64009296894073486
vt 0.079687975347042084 0.69487082958221436
vt 0.039843987673521042 0.64009296894073486
vt 0.039843987673521042 0.69487082958221436
vt 0.11834744364023209 0.32105478644371033
vt 0.063569538295269012 0.32105478644371033
vt 0.11834744364023209 0.483359694480896
vt 0.063569538295269012 0.483359694480896
vt 0.11834744364023209 0.40220725536346436
vt 0.063569538295269012 0.40220725536346436
vt 0 0
vt 0 0.054777905344963074
vt 0.077658466994762421 0
vt 0.077658466994762421 0.054777905344963074
vt 0.03882923349738121 0
vt 0.03882923349738121 0.054777905344963074
vt 0.18924377858638763 0.64009296894073486
vt 0.13593071699142456 0.64009296894073486
vt 0.18924377858638763 0.80853843688964844
vt 0.13593071699142456 0.80853843688964844
vt 0.18924377858638763 0.72431570291519165
vt 0.13593071699142456 0.72431570291519165
vt 0 0.16052739322185516
vt 0 0.21530529856681824
vt 0.16463910043239594 0.16052739322185516
vt 0.16463910043239594 0.21530529856681824
vt 0.054879702627658844 0.16052739322185516
vt 0.10975940525531769 0.16052739322185516
vt 0.10975940525531769 0.21530529856681824
vt 0.054879702627658844 0.21530529856681824
vt 0.45229139924049377 0
vt 0.39751347899436951 0
vt 0.45229139924049377 0.15621846914291382
vt 0.39751347899436951 0.15621846914291382
vt 0.45229139924049377 0.078109234571456909
vt 0.39751347899436951 0.078109234571456909
vt 0 0.080263696610927582
vt 0 0.13504160940647125
vt 0.080863475799560547 0.080263696610927582
vt 0.080863475799560547 0.13504160940647125
vt 0.040431737899780273 0.080263696610927582
vt 0.040431737899780273 0.13504160940647125
vt 0.14907956123352051 0
vt 0.14907956123352051 0.054777905344963074
vt 0.23000411689281464 0
vt 0.23000411689281464 0.054777905344963074
vt 0.18954183161258698 0
vt 0.18954183161258698 0.054777905344963074
vt 0.13446587324142456 0.64009296894073486
vt 0.081152819097042084 0.64009296894073486
vt 0.13446587324142456 0.80392736196517944
vt 0.081152819097042084 0.80392736196517944
vt 0.13446587324142456 0.72201019525527954
vt 0.081152819097042084 0.72201019525527954
vt 0.99853515625 0
vt 0.99853515625 0.10701826214790344
vt 0.99853515625 0.21403652429580688
vt 0.99853515625 0.32105478644371033
vt 0.91767615079879761 0.32137280702590942
vt 0.83681708574295044 0.32169079780578613
vt 0.83713984489440918 0.4043641984462738
vt 0.83746260404586792 0.48703762888908386
vt 0.79703336954116821 0.487193763256073
vt 0.75660419464111328 0.48734992742538452
vt 0.75692099332809448 0.56850165128707886
vt 0.75723773241043091 0.64965331554412842
vt 0.67660415172576904 0.64989793300628662
vt 0.59597057104110718 0.6501426100730896
vt 0.59566241502761841 0.60959434509277344
vt 0.59535431861877441 0.56904613971710205
vt 0.63578355312347412 0.56896239519119263
vt 0.67621278762817383 0.5688786506652832
vt 0.67604589462280273 0.4877263605594635
vt 0.67587906122207642 0.4065740704536438
vt 0.71456742286682129 0.406421959400177
vt 0.75325578451156616 0.40626981854438782
vt 0.75292700529098511 0.32204774022102356
vt 0.75259822607040405 0.23782563209533691
vt 0.80727881193161011 0.23761062324047089
vt 0.86195945739746094 0.23739559948444366
vt 0.91664004325866699 0.23718057572841644
vt 0.91633510589599609 0.15907195210456848
vt 0.91603022813796997 0.080963321030139923
vt 0.87574517726898193 0.081127181649208069
vt 0.8354601263999939 0.081291049718856812
vt 0.83537715673446655 0.040828853845596313
vt 0.83529424667358398 0.00036666082451120019
vt 0.91691470146179199 0.00018333041225560009
vt 0.59388947486877441 0.32105478644371033
vt 0.59388947486877441 0.42783194780349731
vt 0.59388947486877441 0.53460907936096191
vt 0.59388947486877441 0.64138621091842651
vt 0.51303040981292725 0.64170348644256592
vt 0.43217140436172485 0.64202076196670532
vt 0.43249416351318359 0.72450792789459229
vt 0.43281692266464233 0.80699509382247925
vt 0.39238768815994263 0.80715084075927734
vt 0.35195848345756531 0.80730670690536499
vt 0.35227528214454651 0.88827550411224365
vt 0.35259208083152771 0.96924436092376709
vt 0.27195847034454346 0.96948844194412231
vt 0.19132490456104279 0.96973258256912231
vt 0.19101674854755402 0.92927569150924683
vt 0.19070862233638763 0.88881880044937134
vt 0.23113785684108734 0.88873523473739624
vt 0.27156713604927063 0.88865166902542114
vt 0.27140024304389954 0.80768227577209473
vt 0.27123335003852844 0.72671282291412354
vt 0.3099217414855957 0.72656100988388062
vt 0.34861010313034058 0.72640925645828247
vt 0.34828132390975952 0.64237689971923828
vt 0.34795254468917847 0.55834460258483887
vt 0.40263313055038452 0.55813008546829224
vt 0.45731374621391296 0.55791550874710083
vt 0.51199436187744141 0.5577009916305542
vt 0.51168942451477051 0.47976833581924438
vt 0.51138454675674438 0.40183570981025696
vt 0.47109949588775635 0.40199920535087585
vt 0.43081444501876831 0.40216270089149475
vt 0.43073147535324097 0.36179167032241821
vt 0.43064853549003601 0.32142063975334167
vt 0.51226902008056641 0.321237713098526
vn 0.70856469869613647 0.7056458592414856 0
vn 0.70856469869613647 0.7056458592414856 0
vn 0.70856469869613647 0.7056458592414856 0
vn 0.70856469869613647 0.7056458592414856 0
vn 0.70856469869613647 0.7056458592414856 0
vn 0.70856469869613647 0.7056458592414856 0
vn 0.70856469869613647 0.7056458592414856 0
vn 0.70856469869613647 0.7056458592414856 0
vn 0.70841687917709351 -0.70579421520233154 0
vn 0.70841687917709351 -0.70579421520233154 0
vn 0.70841687917709351 -0.70579421520233154 0
vn 0.70841687917709351 -0.70579421520233154 0
vn 0.70841687917709351 -0.70579421520233154 0
vn 0.70841687917709351 -0.70579421520233154 0
vn 0.70579439401626587 0.70841670036315918 0
vn 0.70579439401626587 0.70841670036315918 0
vn 0.70579439401626587 0.70841670036315918 0
vn 0.70579439401626587 0.70841670036315918 0
vn 0.70579439401626587 0.70841670036315918 0
vn 0.70579439401626587 0.70841670036315918 0
vn 0.70579439401626587 0.70841670036315918 0
vn 0.70836746692657471 -0.70584380626678467 0
vn 0.70836746692657471 -0.70584380626678467 0
vn 0.70836746692657471 -0.70584380626678467 0
vn 0.70836746692657471 -0.70584380626678467 0
vn 0.70836746692657471 -0.70584380626678467 0
vn 0.70836746692657471 -0.70584380626678467 0
vn 0.70836746692657471 -0.70584380626678467 0
vn 0.70836746692657471 -0.70584380626678467 0
vn 0.7057945728302002 0.70841658115386963 0
vn 0.7057945728302002 0.70841658115386963 0
vn 0.7057945728302002 0.70841658115386963 0
vn 0.7057945728302002 0.70841658115386963 0
vn 0.7057945728302002 0.70841658115386963 0
vn 0.7057945728302002 0.70841658115386963 0
vn 0.7057945728302002 0.70841658115386963 0
vn 0.70778477191925049 -0.70642811059951782 0
vn 0.70778477191925049 -0.70642811059951782 0
vn 0.70778477191925049 -0.70642811059951782 0
vn 0.70778477191925049 -0.70642811059951782 0
vn 0.70778477191925049 -0.70642811059951782 0
vn 0.70778477191925049 -0.70642811059951782 0
vn -0.70316231250762939 -0.71102935075759888 0
vn -0.70316231250762939 -0.71102935075759888 0
vn -0.70316231250762939 -0.71102935075759888 0
vn -0.70316231250762939 -0.71102935075759888 0
vn -0.70316231250762939 -0.71102935075759888 0
vn -0.70316231250762939 -0.71102935075759888 0
vn -0.70710676908493042 0.70710676908493042 0
vn -0.70710676908493042 0.70710676908493042 0
vn -0.70710676908493042 0.70710676908493042 0
vn -0.70710676908493042 0.70710676908493042 0
vn -0.70710676908493042 0.70710676908493042 0
vn -0.70710676908493042 0.70710676908493042 0
vn -0.70710676908493042 -0.70710676908493042 0
vn -0.70710676908493042 -0.70710676908493042 0
vn -0.70710676908493042 -0.70710676908493042 0
vn -0.70710676908493042 -0.70710676908493042 0
vn -0.70710676908493042 -0.70710676908493042 0
vn -0.70710676908493042 -0.70710676908493042 0
vn -0.70841658115386963 0.7057945728302002 0
vn -0.70841658115386963 0.7057945728302002 0
vn -0.70841658115386963 0.7057945728302002 0
vn -0.70841658115386963 0.7057945728302002 0
vn -0.70841658115386963 0.7057945728302002 0
vn -0.70841658115386963 0.7057945728302002 0
vn -0.7057945728302002 -0.70841658115386963 0
vn -0.7057945728302002 -0.70841658115386963 0
vn -0.7057945728302002 -0.70841658115386963 0
vn -0.7057945728302002 -0.70841658115386963 0
vn -0.7057945728302002 -0.70841658115386963 0
vn -0.7057945728302002 -0.70841658115386963 0
vn -0.70841658115386963 0.7057945728302002 0
vn -0.70841658115386963 0.7057945728302002 0
vn -0.70841658115386963 0.7057945728302002 0
vn -0.70841658115386963 0.7057945728302002 0
vn -0.70841658115386963 0.7057945728302002 0
vn -0.70841658115386963 0.7057945728302002 0
vn -0.70841658115386963 0.7057945728302002 0
vn -0.70841658115386963 0.7057945728302002 0
vn -0.7057945728302002 -0.70841658115386963 0
vn -0.7057945728302002 -0.70841658115386963 0
vn -0.7057945728302002 -0.70841658115386963 0
vn -0.7057945728302002 -0.70841658115386963 0
vn -0.7057945728302002 -0.70841658115386963 0
vn -0.7057945728302002 -0.70841658115386963 0
vn 0.7085118293762207 -0.70569896697998047 0
vn 0.7085118293762207 -0.70569896697998047 0
vn 0.7085118293762207 -0.70569896697998047 0
vn 0.7085118293762207 -0.70569896697998047 0
vn 0.7085118293762207 -0.70569896697998047 0
vn 0.7085118293762207 -0.70569896697998047 0
vn -0.70711123943328857 -0.70710229873657227 0
vn -0.70711123943328857 -0.70710229873657227 0
vn -0.70711123943328857 -0.70710229873657227 0
vn -0.70711123943328857 -0.70710229873657227 0
vn -0.70711123943328857 -0.70710229873657227 0
vn -0.70711123943328857 -0.70710229873657227 0
vn -0.7072298526763916 0.70698368549346924 0
vn -0.7072298526763916 0.70698368549346924 0
vn -0.7072298526763916 0.70698368549346924 0
vn -0.7072298526763916 0.70698368549346924 0
vn -0.7072298526763916 0.70698368549346924 0
vn -0.7072298526763916 0.70698368549346924 0
vn 0 0 1
vn 0 0 1
vn 0 0 1
vn 0 0 1
vn 0 0 1
vn 0 0 1
vn 0 0 1
vn 0 0 1
vn 0 0 1
vn 0 0 1
vn 0 0 1
vn 0 0 1
vn 0 0 1
vn 0 0 1
vn 0 0 1
vn 0 0 1
vn 0 0 1
vn 0 0 1
vn 0 0 1
vn 0 0 1
vn 0 0 1
vn 0 0 1
vn 0 0 1
vn 0 0 1
vn 0 0 1
vn 0 0 1
vn 0 0 1
vn 0 0 1
vn 0 0 1
vn 0 0 1
vn 0 0 1
vn 0 0 1
vn 0 0 1
vn 0 0 1
vn 0 0 -1
vn 0 0 -1
vn 0 0 -1
vn 0 0 -1
vn 0 0 -1
vn 0 0 -1
vn 0 0 -1
vn 0 0 -1
vn 0 0 -1
vn 0 0 -1
vn 0 0 -1
vn 0 0 -1
vn 0 0 -1
vn 0 0 -1
vn 0 0 -1
vn 0 0 -1
vn 0 0 -1
vn 0 0 -1
vn 0 0 -1
vn 0 0 -1
vn 0 0 -1
vn 0 0 -1
vn 0 0 -1
vn 0 0 -1
vn 0 0 -1
vn 0 0 -1
vn 0 0 -1
vn 0 0 -1
vn 0 0 -1
vn 0 0 -1
vn 0 0 -1
vn 0 0 -1
vn 0 0 -1
vn 0 0 -1
f 616/616/616 619/619/619 613/613/613 612/612/612
f 618/618/618 619/619/619 616/616/616 617/617/617
f 617/617/617 614/614/614 615/615/615 618/618/618
f 621/621/621 620/620/620 624/624/624 625/625/625
f 622/622/622 623/623/623 625/625/625 624/624/624
f 627/627/627 626/626/626 630/630/630 632/632/632
f 632/632/632 630/630/630 628/628/628 631/631/631
f 631/631/631 629/629/629 632/632/632
f 639/639/639 633/633/633 635/635/635
f 639/639/639 636/636/636 634/634/634
f 636/636/636 639/639/639 635/635/635
f 635/635/635 640/640/640 636/636/636
f 640/640/640 638/638/638 636/636/636
f 637/637/637 640/640/640 635/635/635
f 647/647/647 645/645/645 641/641/641
f 646/646/646 642/642/642 645/645/645
f 643/643/643 644/644/644 646/646/646 647/647/647
f 645/645/645 647/647/647 646/646/646
f 649/649/649 648/648/648 652/652/652 653/653/653
f 650/650/650 651/651/651 653/653/653 652/652/652
f 655/655/655 654/654/654 658/658/658 659/659/659
f 656/656/656 657/657/657 659/659/659 658/658/658
f 661/661/661 660/660/660 664/664/664 665/665/665
f 662/662/662 663/663/663 665/665/665 664/664/664
f 667/667/667 666/666/666 670/670/670 671/671/671
f 668/668/668 669/669/669 671/671/671 670/670/670
f 673/673/673 672/672/672 676/676/676 677/677/677
f 674/674/674 675/675/675 677/677/677 676/676/676
f 678/678/678 682/682/682 683/683/683 679/679/679
f 681/681/681 683/683/683 682/682/682 680/680/680
f 684/684/684 688/688/688 691/691/691 685/685/685
f 688/688/688 689/689/689 690/690/690 691/691/691
f 686/686/686 687/687/687 690/690/690 689/689/689
f 693/693/693 692/692/692 696/696/696 697/697/697
f 694/694/694 695/695/695 697/697/697 696/696/696
f 699/699/699 698/698/698 702/702/702 703/703/703
f 700/700/700 701/701/701 703/703/703 702/702/702
f 709/709/709 705/705/705 704/704/704 708/708/708
f 708/708/708 706/706/706 707/707/707 709/709/709
f 711/711/711 710/710/710 714/714/714 715/715/715
f 712/712/712 713/713/713 715/715/715 714/714/714
f 744/744/744 716/716/716 749/749/749
f 743/743/743 717/717/717 744/744/744
f 744/744/744 717/717/717 716/716/716
f 743/743/743 718/718/718 717/717/717
f 742/742/742 719/719/719 718/718/718
f 741/741/741 720/720/720 742/742/742
f 719/719/719 742/742/742 720/720/720
f 743/743/743 742/742/742 718/718/718
f 749/749/749 748/748/748 745/745/745
f 745/745/745 748/748/748 747/747/747
f 747/747/747 746/746/746 745/745/745
f 744/744/744 749/749/749 745/745/745
f 740/740/740 721/721/721 741/741/741
f 740/740/740 739/739/739 738/738/738
f 738/738/738 721/721/721 740/740/740
f 741/741/741 721/721/721 720/720/720
f 724/724/724 722/722/722 737/737/737
f 722/722/722 738/738/738 737/737/737
f 724/724/724 723/723/723 722/722/722
f 721/721/721 738/738/738 722/722/722
f 736/736/736 725/725/725 737/737/737
f 733/733/733 726/726/726 725/725/725
f 737/737/737 725/725/725 724/724/724
f 727/727/727 726/726/726 728/728/728
f 736/736/736 734/734/734 725/725/725
f 734/734/734 733/733/733 725/725/725
f 736/736/736 735/735/735 734/734/734
f 729/729/729 728/728/728 732/732/732
f 733/733/733 732/732/732 728/728/728
f 731/731/731 730/730/730 732/732/732
f 729/729/729 732/732/732 730/730/730
f 733/733/733 728/728/728 726/726/726
f 778/778/778 783/783/783 750/750/750
f 777/777/777 778/778/778 751/751/751
f 778/778/778 750/750/750 751/751/751
f 777/777/777 751/751/751 752/752/752
f 776/776/776 752/752/752 753/753/753
f 775/775/775 776/776/776 754/754/754
f 753/753/753 754/754/754 776/776/776
f 777/777/777 752/752/752 776/776/776
f 783/783/783 779/779/779 782/782/782
f 779/779/779 781/781/781 782/782/782
f 781/781/781 779/779/779 780/780/780
f 778/778/778 779/779/779 783/783/783
f 774/774/774 775/775/775 755/755/755
f 774/774/774 772/772/772 773/773/773
f 772/772/772 774/774/774 755/755/755
f 775/775/775 754/754/754 755/755/755
f 758/758/758 771/771/771 756/756/756
f 756/756/756 771/771/771 772/772/772
f 758/758/758 756/756/756 757/757/757
f 755/755/755 756/756/756 772/772/772
f 770/770/770 771/771/771 759/759/759
f 767/767/767 759/759/759 760/760/760
f 771/771/771 758/758/758 759/759/759
f 761/761/761 762/762/762 760/760/760
f 770/770/770 759/759/759 768/768/768
f 768/768/768 759/759/759 767/767/767
f 770/770/770 768/768/768 769/769/769
f 763/763/763 766/766/766 762/762/762
f 767/767/767 762/762/762 766/766/766
f 765/765/765 766/766/766 764/764/764
f 763/763/763 764/764/764 766/766/766
f 767/767/767 760/760/760 762/762/762
o object_4
usemtl Default
v 1924.6461181640625 -203.50094604492188 0
v 1923.2344970703125 -204.91777038574219 0
v 1921.822998046875 -206.33460998535156 0
v 1918.922119140625 -203.45494079589844 0
v 1916.021240234375 -200.57527160644531 0
v 1917.9034423828125 -198.68614196777344 0
v 1919.7855224609375 -196.79701232910156 0
v 1921.667724609375 -194.90786743164062 0
v 1923.157958984375 -196.37498474121094 0
v 1924.648193359375 -197.84210205078125 0
v 1923.236572265625 -199.25892639160156 0
v 1921.824951171875 -200.67576599121094 0
v 1923.235595703125 -202.08834838867188 0
v 1921.822998046875 -206.33460998535156 0
v 1921.822998046875 -206.33460998535156 4.25
v 1924.6461181640625 -203.50094604492188 0
v 1924.6461181640625 -203.50094604492188 4.25
v 1923.2344970703125 -204.91777038574219 0
v 1924.6461181640625 -203.50094604492188 2.125
v 1923.2344970703125 -204.91777038574219 4.25
v 1921.822998046875 -206.33460998535156 2.125
v 1916.021240234375 -200.57527160644531 0
v 1916.021240234375 -200.57527160644531 4.25
v 1921.822998046875 -206.33460998535156 0
v 1921.822998046875 -206.33460998535156 4.25
v 1918.922119140625 -203.45494079589844 0
v 1921.822998046875 -206.33460998535156 2.125
v 1918.922119140625 -203.45494079589844 4.25
v 1916.021240234375 -200.57527160644531 2.125
v 1921.667724609375 -194.90786743164062 0
v 1921.667724609375 -194.90786743164062 4.25
v 1916.021240234375 -200.57527160644531 0
v 1916.021240234375 -200.57527160644531 4.25
v 1919.7855224609375 -196.79701232910156 0
v 1917.9034423828125 -198.68614196777344 0
v 1916.021240234375 -200.57527160644531 2.125
v 1917.9034423828125 -198.68614196777344 4.25
v 1919.7855224609375 -196.79701232910156 4.25
v 1921.667724609375 -194.90786743164062 2.125
v 1924.648193359375 -197.84210205078125 0
v 1924.648193359375 -197.84210205078125 4.25
v 1921.667724609375 -194.90786743164062 0
v 1921.667724609375 -194.90786743164062 4.25
v 1923.157958984375 -196.37498474121094 0
v 1921.667724609375 -194.90786743164062 2.125
v 1923.157958984375 -196.37498474121094 4.25
v 1924.648193359375 -197.84210205078125 2.125
v 1921.824951171875 -200.67576599121094 0
v 1921.824951171875 -200.67576599121094 4.25
v 1924.648193359375 -197.84210205078125 0
v 1924.648193359375 -197.84210205078125 4.25
v 1923.236572265625 -199.25892639160156 0
v 1924.648193359375 -197.84210205078125 2.125
v 1923.236572265625 -199.25892639160156 4.25
v 1921.824951171875 -200.67576599121094 2.125
v 1924.6461181640625 -203.50094604492188 0
v 1924.6461181640625 -203.50094604492188 4.25
v 1921.824951171875 -200.67576599121094 0
v 1921.824951171875 -200.67576599121094 4.25
v 1923.235595703125 -202.08834838867188 0
v 1924.6461181640625 -203.50094604492188 2.125
v 1921.824951171875 -200.67576599121094 2.125
v 1923.235595703125 -202.08834838867188 4.25
v 1924.6461181640625 -203.50094604492188 4.25
v 1923.2344970703125 -204.91777038574219 4.25
v 1921.822998046875 -206.33460998535156 4.25
v 1918.922119140625 -203.45494079589844 4.25
v 1916.021240234375 -200.57527160644531 4.25
v 1917.9034423828125 -198.68614196777344 4.25
v 1919.7855224609375 -196.79701232910156 4.25
v 1921.667724609375 -194.90786743164062 4.25
v 1923.157958984375 -196.37498474121094 4.25
v 1924.648193359375 -197.84210205078125 4.25
v 1923.236572265625 -199.25892639160156 4.25
v 1921.824951171875 -200.67576599121094 4.25
v 1923.235595703125 -202.08834838867188 4.25
vt 0.66082030534744263 0.11143621802330017
vt 0.71609252691268921 0.055718109011650085
vt 0.77136468887329102 0
vt 0.88494992256164551 0.11324524134397507
vt 0.99853515625 0.22649048268795013
vt 0.92483806610107422 0.30078223347663879
vt 0.85114091634750366 0.37507396936416626
vt 0.77744376659393311 0.44936573505401611
vt 0.71909314393997192 0.39167025685310364
vt 0.66074246168136597 0.33397477865219116
vt 0.71601468324661255 0.27825665473937988
vt 0.77128684520721436 0.2225385457277298
vt 0.71605360507965088 0.16698738932609558
vt 0.16713468730449677 0.16074053943157196
vt 0 0.16074053943157196
vt 0.16713468730449677 0.31804376840591431
vt 0 0.31804376840591431
vt 0.16713468730449677 0.23939214646816254
vt 0.083567343652248383 0.31804376840591431
vt 0 0.23939214646816254
vt 0.083567343652248383 0.16074053943157196
vt 0 0.5464630126953125
vt 0 0.71359765529632568
vt 0.32002010941505432 0.5464630126953125
vt 0.32002010941505432 0.71359765529632568
vt 0.16001005470752716 0.5464630126953125
vt 0.32002010941505432 0.63003033399581909
vt 0.16001005470752716 0.71359765529632568
vt 0 0.63003033399581909
vt 0 0.32178011536598206
vt 0 0.48891481757164001
vt 0.31461030244827271 0.32178011536598206
vt 0.31461030244827271 0.48891481757164001
vt 0.10487009584903717 0.32178011536598206
vt 0.20974019169807434 0.32178011536598206
vt 0.31461030244827271 0.40534746646881104
vt 0.20974019169807434 0.48891481757164001
vt 0.10487009584903717 0.48891481757164001
vt 0 0.40534746646881104
vt 0.49750593304634094 0.15730322897434235
vt 0.33037123084068298 0.15730322897434235
vt 0.49750593304634094 0.32031527161598206
vt 0.33037123084068298 0.32031527161598206
vt 0.49750593304634094 0.2388092577457428
vt 0.41393858194351196 0.32031527161598206
vt 0.33037123084068298 0.2388092577457428
vt 0.41393858194351196 0.15730322897434235
vt 0.49750593304634094 0
vt 0.33037123084068298 0
vt 0.49750593304634094 0.15583838522434235
vt 0.33037123084068298 0.15583838522434235
vt 0.49750593304634094 0.077919192612171173
vt 0.41393858194351196 0.15583838522434235
vt 0.33037123084068298 0.077919192612171173
vt 0.41393858194351196 0
vt 0.16713468730449677 0
vt 0 0
vt 0.16713468730449677 0.15701110661029816
vt 0 0.15701110661029816
vt 0.16713468730449677 0.078505553305149078
vt 0.083567343652248383 0
vt 0.083567343652248383 0.15701110661029816
vt 0 0.078505553305149078
vt 0.32156279683113098 0.43285307288169861
vt 0.37683498859405518 0.37731659412384033
vt 0.43210718035697937 0.32178011536598206
vt 0.54569238424301147 0.43465620279312134
vt 0.65927761793136597 0.54753226041793823
vt 0.58558052778244019 0.62158185243606567
vt 0.51188337802886963 0.69563144445419312
vt 0.43818625807762146 0.76968097686767578
vt 0.37983560562133789 0.71217364072799683
vt 0.32148495316505432 0.65466618537902832
vt 0.37675714492797852 0.59912973642349243
vt 0.43202933669090271 0.54359322786331177
vt 0.37679606676101685 0.48822316527366638
vn 0 0 -1
vn 0 0 -1
vn 0 0 -1
vn 0 0 -1
vn 0 0 -1
vn 0 0 -1
vn 0 0 -1
vn 0 0 -1
vn 0 0 -1
vn 0 0 -1
vn 0 0 -1
vn 0 0 -1
vn 0 0 -1
vn 0.70841658115386963 -0.7057945728302002 0
vn 0.70841658115386963 -0.7057945728302002 0
vn 0.70841658115386963 -0.7057945728302002 0
vn 0.70841658115386963 -0.7057945728302002 0
vn 0.70841658115386963 -0.7057945728302002 0
vn 0.70841658115386963 -0.7057945728302002 0
vn 0.70841658115386963 -0.7057945728302002 0
vn 0.70841658115386963 -0.7057945728302002 0
vn -0.70579439401626587 -0.70841675996780396 0
vn -0.70579439401626587 -0.70841675996780396 0
vn -0.70579439401626587 -0.70841675996780396 0
vn -0.70579439401626587 -0.70841675996780396 0
vn -0.70579439401626587 -0.70841675996780396 0
vn -0.70579439401626587 -0.70841675996780396 0
vn -0.70579439401626587 -0.70841675996780396 0
vn -0.70579439401626587 -0.70841675996780396 0
vn -0.70841687917709351 0.70579421520233154 0
vn -0.70841687917709351 0.70579421520233154 0
vn -0.70841687917709351 0.70579421520233154 0
vn -0.70841687917709351 0.70579421520233154 0
vn -0.70841687917709351 0.70579421520233154 0
vn -0.70841687917709351 0.70579421520233154 0
vn -0.70841687917709351 0.70579421520233154 0
vn -0.70841687917709351 0.70579421520233154 0
vn -0.70841687917709351 0.70579421520233154 0
vn -0.70841687917709351 0.70579421520233154 0
vn 0.70156335830688477 0.71260708570480347 0
vn 0.70156335830688477 0.71260708570480347 0
vn 0.70156335830688477 0.71260708570480347 0
vn 0.70156335830688477 0.71260708570480347 0
vn 0.70156335830688477 0.71260708570480347 0
vn 0.70156335830688477 0.71260708570480347 0
vn 0.70156335830688477 0.71260708570480347 0
vn 0.70156335830688477 0.71260708570480347 0
vn 0.70841658115386963 -0.7057945728302002 0
vn 0.70841658115386963 -0.7057945728302002 0
vn 0.70841658115386963 -0.7057945728302002 0
vn 0.70841658115386963 -0.7057945728302002 0
vn 0.70841658115386963 -0.7057945728302002 0
vn 0.70841658115386963 -0.7057945728302002 0
vn 0.70841658115386963 -0.7057945728302002 0
vn 0.70841658115386963 -0.7057945728302002 0
vn 0.7057945728302002 0.70841658115386963 0
vn 0.7057945728302002 0.70841658115386963 0
vn 0.7057945728302002 0.70841658115386963 0
vn 0.7057945728302002 0.70841658115386963 0
vn 0.7057945728302002 0.70841658115386963 0
vn 0.7057945728302002 0.70841658115386963 0
vn 0.7057945728302002 0.70841658115386963 0
vn 0.7057945728302002 0.70841658115386963 0
vn 0 0 1
vn 0 0 1
vn 0 0 1
vn 0 0 1
vn 0 0 1
vn 0 0 1
vn 0 0 1
vn 0 0 1
vn 0 0 1
vn 0 0 1
vn 0 0 1
vn 0 0 1
vn 0 0 1
f 796/796/796 784/784/784 785/785/785
f 792/792/792 793/793/793 794/794/794
f 794/794/794 790/790/790 792/792/792
f 795/795/795 796/796/796 785/785/785
f 787/787/787 795/795/795 786/786/786
f 785/785/785 786/786/786 795/795/795
f 789/789/789 795/795/795 787/787/787
f 791/791/791 792/792/792 790/790/790
f 795/795/795 789/789/789 790/790/790
f 787/787/787 788/788/788 789/789/789
f 795/795/795 790/790/790 794/794/794
f 804/804/804 797/797/797 801/801/801
f 804/804/804 803/803/803 798/798/798
f 803/803/803 804/804/804 801/801/801
f 801/801/801 802/802/802 803/803/803
f 802/802/802 800/800/800 803/803/803
f 799/799/799 802/802/802 801/801/801
f 812/812/812 805/805/805 809/809/809
f 812/812/812 811/811/811 806/806/806
f 811/811/811 812/812/812 809/809/809
f 811/811/811 809/809/809 807/807/807 810/810/810
f 810/810/810 808/808/808 811/811/811
f 822/822/822 813/813/813 817/817/817
f 814/814/814 822/822/822 821/821/821
f 817/817/817 821/821/821 822/822/822
f 821/821/821 817/817/817 818/818/818 820/820/820
f 819/819/819 818/818/818 815/815/815
f 816/816/816 820/820/820 819/819/819
f 818/818/818 819/819/819 820/820/820
f 830/830/830 823/823/823 827/827/827
f 830/830/830 829/829/829 824/824/824
f 829/829/829 830/830/830 827/827/827
f 827/827/827 828/828/828 829/829/829
f 828/828/828 826/826/826 829/829/829
f 825/825/825 828/828/828 827/827/827
f 838/838/838 831/831/831 835/835/835
f 838/838/838 837/837/837 832/832/832
f 836/836/836 838/838/838 835/835/835 833/833/833
f 838/838/838 836/836/836 834/834/834 837/837/837
f 844/844/844 839/839/839 843/843/843
f 844/844/844 846/846/846 840/840/840
f 845/845/845 844/844/844 843/843/843
f 844/844/844 845/845/845 846/846/846
f 845/845/845 842/842/842 846/846/846
f 841/841/841 845/845/845 843/843/843
f 859/859/859 848/848/848 847/847/847
f 855/855/855 857/857/857 856/856/856
f 857/857/857 855/855/855 853/853/853
f 858/858/858 848/848/848 859/859/859
f 850/850/850 849/849/849 858/858/858
f 848/848/848 858/858/858 849/849/849
f 852/852/852 850/850/850 858/858/858
f 854/854/854 853/853/853 855/855/855
f 858/858/858 853/853/853 852/852/852
f 850/850/850 852/852/852 851/851/851
f 858/858/858 857/857/857 853/853/853
o object_5
usemtl Default
v 1924.648193359375 -197.84210205078125 4.5
v 1921.07568359375 -194.26969909667969 6.75
v 1921.07568359375 -194.26969909667969 9
v 1917.5032958984375 -190.69731140136719 9
v 1917.5032958984375 -190.69731140136719 11.25
v 1913.930908203125 -187.12490844726562 9
v 1913.930908203125 -187.12490844726562 11.25
v 1921.8177490234375 -195.01168823242188 10.5
v 1923.23291015625 -196.42689514160156 10.5
v 1924.648193359375 -197.84210205078125 10.5
v 1921.8177490234375 -195.01168823242188 13.5
v 1910.5009765625 -183.69499206542969 4.5
v 1910.5 -183.69400024414062 7.5
v 1910.5009765625 -183.69499206542969 10.5
v 1910.5013427734375 -183.6966552734375 13.5
v 1924.648193359375 -197.84210205078125 7.5
v 1912.7646484375 -185.95965576171875 13.5
v 1915.0279541015625 -188.22267150878906 13.5
v 1917.2911376953125 -190.48567199707031 13.5
v 1919.554443359375 -192.74867248535156 13.5
v 1922.76171875 -195.95565795898438 4.5
v 1920.875244140625 -194.0692138671875 4.5
v 1918.98876953125 -192.18275451660156 4.5
v 1917.573486328125 -190.76744079589844 7.4983129501342773
v 1916.8671875 -190.06106567382812 6.7491564750671387
v 1916.1607666015625 -189.35467529296875 6
v 1917.5032958984375 -190.69731140136719 7.875
v 1919.28955078125 -192.48350524902344 9
v 1921.07568359375 -194.26969909667969 7.875
v 1919.28955078125 -192.48350524902344 6.75
v 1919.28955078125 -192.48350524902344 7.875
v 1918.9892578125 -192.18325805664062 6
v 1918.2813720703125 -191.47535705566406 6.7491564750671387
v 1918.989013671875 -192.18301391601562 5.25
v 1916.1607666015625 -189.35475158691406 5.25
v 1916.160888671875 -189.35482788085938 4.5
v 1914.2742919921875 -187.46821594238281 4.5
v 1912.3876953125 -185.58160400390625 4.5
v 1921.07568359375 -194.26969909667969 11.25
v 1913.930908203125 -187.12490844726562 6.75
v 1893.0545654296875 -229.44361877441406 4.5
v 1893.482177734375 -229.01606750488281 4.5
v 1893.0545654296875 -229.44361877441406 6
v 1893.482177734375 -229.01606750488281 6
v 1893.482177734375 -229.01606750488281 5.25
v 1893.0545654296875 -229.44361877441406 5.25
v 1893.0545654296875 -229.44361877441406 6
v 1893.482177734375 -229.01606750488281 6
v 1894.46875 -230.85783386230469 7.5
v 1894.8963623046875 -230.43026733398438 7.5
v 1894.189208984375 -229.72315979003906 6.75
v 1893.76171875 -230.15072631835938 6.75
v 1894.46875 -230.85783386230469 7.5
v 1894.8963623046875 -230.43026733398438 7.5
v 1895.883056640625 -232.27203369140625 6
v 1896.310546875 -231.844482421875 6
v 1894.940185546875 -231.3292236328125 7
v 1895.41162109375 -231.80062866210938 6.5
v 1895.839111328125 -231.37307739257812 6.5
v 1895.3677978515625 -230.90167236328125 7
v 1895.883056640625 -232.27203369140625 4.5
v 1893.0545654296875 -229.44361877441406 4.5
v 1893.0545654296875 -229.44361877441406 5.25
v 1893.0545654296875 -229.44361877441406 6
v 1893.76171875 -230.15072631835938 6.75
v 1894.46875 -230.85783386230469 7.5
v 1894.940185546875 -231.3292236328125 7
v 1895.41162109375 -231.80062866210938 6.5
v 1895.883056640625 -232.27203369140625 6
v 1894.46875 -230.85783386230469 4.5
v 1894.8963623046875 -230.43026733398438 7.5
v 1896.310546875 -231.844482421875 6
v 1896.310546875 -231.844482421875 7.5
v 1895.3677978515625 -230.90167236328125 7
v 1895.839111328125 -231.37307739257812 6.5
v 1895.6033935546875 -231.13737487792969 7.5
v 1895.883056640625 -232.27203369140625 7.5
v 1896.310546875 -231.844482421875 7.5
v 1894.46875 -230.85783386230469 7.5
v 1894.8963623046875 -230.43026733398438 7.5
v 1893.0545654296875 -229.44361877441406 7.5
v 1893.482177734375 -229.01606750488281 7.5
v 1895.6033935546875 -231.13737487792969 7.5
v 1894.189208984375 -229.72315979003906 7.5
v 1895.1759033203125 -231.56492614746094 7.5
v 1893.76171875 -230.15072631835938 7.5
v 1893.0545654296875 -229.44361877441406 7.5
v 1893.482177734375 -229.01606750488281 7.5
v 1893.0545654296875 -229.44361877441406 9
v 1893.482177734375 -229.01606750488281 9
v 1893.482177734375 -229.01606750488281 8.25
v 1893.0545654296875 -229.44361877441406 8.25
v 1893.0545654296875 -229.44361877441406 9
v 1893.482177734375 -229.01606750488281 9
v 1894.46875 -230.85783386230469 10.5
v 1894.8963623046875 -230.43026733398438 10.5
v 1894.189208984375 -229.72315979003906 9.75
v 1893.76171875 -230.15072631835938 9.75
v 1894.46875 -230.85783386230469 10.5
v 1894.8963623046875 -230.43026733398438 10.5
v 1895.883056640625 -232.27203369140625 9
v 1896.310546875 -231.844482421875 9
v 1894.940185546875 -231.3292236328125 10
v 1895.41162109375 -231.80062866210938 9.5
v 1895.839111328125 -231.37307739257812 9.5
v 1895.3677978515625 -230.90167236328125 10
v 1895.883056640625 -232.27203369140625 7.5
v 1893.0545654296875 -229.44361877441406 7.5
v 1895.1759033203125 -231.56492614746094 7.5
v 1894.46875 -230.85783386230469 7.5
v 1893.76171875 -230.15072631835938 7.5
v 1893.0545654296875 -229.44361877441406 8.25
v 1893.0545654296875 -229.44361877441406 9
v 1893.76171875 -230.15072631835938 9.75
v 1894.46875 -230.85783386230469 10.5
v 1894.940185546875 -231.3292236328125 10
v 1895.41162109375 -231.80062866210938 9.5
v 1895.883056640625 -232.27203369140625 9
v 1894.8963623046875 -230.43026733398438 10.5
v 1896.310546875 -231.844482421875 9
v 1896.310546875 -231.844482421875 10.5
v 1895.3677978515625 -230.90167236328125 10
v 1895.839111328125 -231.37307739257812 9.5
v 1895.6033935546875 -231.13737487792969 10.5
v 1890.22021484375 -209.6466064453125 7.5
v 1890.647705078125 -209.21905517578125 7.5
v 1890.22021484375 -209.6466064453125 9
v 1890.647705078125 -209.21905517578125 9
v 1890.22021484375 -209.6466064453125 9
v 1890.647705078125 -209.21905517578125 9
v 1888.8060302734375 -208.23239135742188 10.5
v 1889.2335205078125 -207.80484008789062 10.5
v 1889.940673828125 -208.51194763183594 9.75
v 1889.5130615234375 -208.93949890136719 9.75
v 1888.8060302734375 -208.23239135742188 10.5
v 1889.2335205078125 -207.80484008789062 10.5
v 1887.3917236328125 -206.81819152832031 9
v 1887.8193359375 -206.390625 9
v 1888.5263671875 -207.09773254394531 9.75
v 1888.098876953125 -207.52528381347656 9.75
v 1889.2335205078125 -207.80484008789062 10.5
v 1887.8193359375 -206.390625 9
v 1887.8193359375 -206.390625 10.5
v 1888.5263671875 -207.09773254394531 9.75
v 1888.5263671875 -207.09773254394531 10.5
v 1890.647705078125 -209.21905517578125 9
v 1890.647705078125 -209.21905517578125 10.5
v 1889.2335205078125 -207.80484008789062 10.5
v 1889.940673828125 -208.51194763183594 9.75
v 1889.940673828125 -208.51194763183594 10.5
v 1893.47412109375 -195.07095336914062 4.5
v 1893.47412109375 -195.07095336914062 7.5
v 1890.643798828125 -197.9013671875 4.5
v 1890.643798828125 -197.9013671875 7.5
v 1892.0589599609375 -196.48616027832031 4.5
v 1892.0589599609375 -196.48616027832031 7.5
v 1893.47412109375 -195.07095336914062 7.5
v 1893.47412109375 -195.07095336914062 10.5
v 1890.643798828125 -197.9013671875 7.5
v 1890.643798828125 -197.9013671875 10.5
v 1892.0589599609375 -196.48616027832031 10.5
v 1892.0589599609375 -196.48616027832031 7.5
v 1905.2193603515625 -183.32174682617188 4.5
v 1904.7918701171875 -183.74929809570312 4.5
v 1905.2193603515625 -183.32174682617188 6
v 1904.7918701171875 -183.74929809570312 6
v 1904.7918701171875 -183.74929809570312 5.25
v 1905.2193603515625 -183.32174682617188 5.25
v 1905.2193603515625 -183.32174682617188 6
v 1904.7918701171875 -183.74929809570312 6
v 1903.80517578125 -181.90753173828125 7.5
v 1903.377685546875 -182.3350830078125 7.5
v 1904.084716796875 -183.04219055175781 6.75
v 1904.5123291015625 -182.61463928222656 6.75
v 1903.80517578125 -181.90753173828125 7.5
v 1903.377685546875 -182.3350830078125 7.5
v 1902.3909912109375 -180.49331665039062 6
v 1901.96337890625 -180.92086791992188 6
v 1902.6705322265625 -181.62797546386719 6.75
v 1903.09814453125 -181.20042419433594 6.75
v 1902.3909912109375 -180.49331665039062 4.5
v 1905.2193603515625 -183.32174682617188 4.5
v 1905.2193603515625 -183.32174682617188 5.25
v 1905.2193603515625 -183.32174682617188 6
v 1904.5123291015625 -182.61463928222656 6.75
v 1903.80517578125 -181.90753173828125 7.5
v 1903.09814453125 -181.20042419433594 6.75
v 1902.3909912109375 -180.49331665039062 6
v 1903.80517578125 -181.90753173828125 4.5
v 1903.377685546875 -182.3350830078125 7.5
v 1901.96337890625 -180.92086791992188 6
v 1901.96337890625 -180.92086791992188 7.5
v 1902.6705322265625 -181.62797546386719 6.75
v 1902.6705322265625 -181.62797546386719 7.5
v 1902.3909912109375 -180.49331665039062 7.5
v 1901.96337890625 -180.92086791992188 7.5
v 1905.2193603515625 -183.32174682617188 7.5
v 1904.7918701171875 -183.74929809570312 7.5
v 1903.377685546875 -182.3350830078125 7.5
v 1902.6705322265625 -181.62797546386719 7.5
v 1904.084716796875 -183.04219055175781 7.5
v 1903.09814453125 -181.20042419433594 7.5
v 1903.80517578125 -181.90753173828125 7.5
v 1904.5123291015625 -182.61463928222656 7.5
v 1905.2193603515625 -183.32174682617188 7.5
v 1904.7918701171875 -183.74929809570312 7.5
v 1905.2193603515625 -183.32174682617188 9
v 1904.7918701171875 -183.74929809570312 9
v 1904.7918701171875 -183.74929809570312 8.25
v 1905.2193603515625 -183.32174682617188 8.25
v 1905.2193603515625 -183.32174682617188 9
v 1904.7918701171875 -183.74929809570312 9
v 1903.80517578125 -181.90753173828125 10.5
v 1903.377685546875 -182.3350830078125 10.5
v 1904.084716796875 -183.04219055175781 9.75
v 1904.5123291015625 -182.61463928222656 9.75
v 1903.80517578125 -181.90753173828125 10.5
v 1903.377685546875 -182.3350830078125 10.5
v 1902.3909912109375 -180.49331665039062 9
v 1901.96337890625 -180.92086791992188 9
v 1902.6705322265625 -181.62797546386719 9.75
v 1903.09814453125 -181.20042419433594 9.75
v 1902.3909912109375 -180.49331665039062 7.5
v 1905.2193603515625 -183.32174682617188 7.5
v 1903.09814453125 -181.20042419433594 7.5
v 1903.80517578125 -181.90753173828125 7.5
v 1904.5123291015625 -182.61463928222656 7.5
v 1905.2193603515625 -183.32174682617188 8.25
v 1905.2193603515625 -183.32174682617188 9
v 1904.5123291015625 -182.61463928222656 9.75
v 1903.80517578125 -181.90753173828125 10.5
v 1903.09814453125 -181.20042419433594 9.75
v 1902.3909912109375 -180.49331665039062 9
v 1903.377685546875 -182.3350830078125 10.5
v 1901.96337890625 -180.92086791992188 9
v 1901.96337890625 -180.92086791992188 10.5
v 1902.6705322265625 -181.62797546386719 9.75
v 1902.6705322265625 -181.62797546386719 10.5
v 1895.8809814453125 -186.15216064453125 10.5
v 1896.35791015625 -186.62904357910156 10.5
v 1898.70947265625 -183.32373046875 10.5
v 1899.186279296875 -183.80061340332031 10.5
v 1896.3006591796875 -186.58766174316406 10.5
v 1898.9478759765625 -183.56217956542969 10.5
v 1897.7720947265625 -185.21482849121094 10.5
v 1896.1195068359375 -186.39060974121094 10.5
v 1897.295166015625 -184.73794555664062 10.5
v 1897.53369140625 -184.97639465332031 10.5
v 1897.65283203125 -185.09561157226562 10.5
v 1897.0650634765625 -185.92193603515625 10.5
v 1896.2386474609375 -186.50982666015625 10.5
v 1896.8265380859375 -185.68350219726562 10.5
v 1896.94580078125 -185.80271911621094 10.5
v 1897.00537109375 -185.86233520507812 10.5
v 1896.71142578125 -186.27549743652344 10.5
v 1896.59228515625 -186.15626525878906 10.5
v 1896.65185546875 -186.21588134765625 10.5
v 1896.681640625 -186.24568176269531 10.5
v 1896.53466796875 -186.4522705078125 10.5
v 1896.47509765625 -186.39265441894531 10.5
v 1896.5048828125 -186.42247009277344 10.5
v 1898.70947265625 -183.32373046875 12
v 1899.186279296875 -183.80061340332031 12
v 1897.295166015625 -184.73794555664062 13.5
v 1897.7720947265625 -185.21482849121094 13.5
v 1898.238037109375 -183.79513549804688 12.5
v 1897.7666015625 -184.26654052734375 13
v 1898.2435302734375 -184.74342346191406 13
v 1898.7149658203125 -184.27201843261719 12.5
v 1897.295166015625 -184.73794555664062 13.5
v 1897.7720947265625 -185.21482849121094 13.5
v 1895.8809814453125 -186.15216064453125 12
v 1896.35791015625 -186.62904357910156 12
v 1896.8238525390625 -185.2093505859375 13
v 1896.3524169921875 -185.68075561523438 12.5
v 1896.829345703125 -186.15763854980469 12.5
v 1897.3006591796875 -185.68623352050781 13
v 1895.8809814453125 -186.15216064453125 12
v 1896.35791015625 -186.62904357910156 12
v 1895.8797607421875 -186.15414428710938 10.5
v 1896.35791015625 -186.62904357910156 10.5
v 1896.3006591796875 -186.58766174316406 10.5
v 1896.35791015625 -186.62904357910156 11.25
v 1895.88037109375 -186.15315246582031 11.25
v 1896.1195068359375 -186.39060974121094 11.25
v 1896.35791015625 -186.62904357910156 10.875
v 1896.2386474609375 -186.50982666015625 11.25
v 1896.1195068359375 -186.39060974121094 10.875
v 1896.2386474609375 -186.50982666015625 10.875
v 1896.35791015625 -186.62904357910156 10.6875
v 1896.29833984375 -186.56944274902344 10.875
v 1896.2386474609375 -186.50982666015625 10.6875
v 1896.29833984375 -186.56944274902344 10.6875
v 1897.7720947265625 -185.21482849121094 13.5
v 1896.35791015625 -186.62904357910156 12
v 1896.35791015625 -186.62904357910156 13.5
v 1897.3006591796875 -185.68623352050781 13
v 1896.829345703125 -186.15763854980469 12.5
v 1897.0650634765625 -185.92193603515625 13.5
v 1899.186279296875 -183.80061340332031 12
v 1899.186279296875 -183.80061340332031 13.5
v 1897.7720947265625 -185.21482849121094 13.5
v 1898.7149658203125 -184.27201843261719 12.5
v 1898.2435302734375 -184.74342346191406 13
v 1898.479248046875 -184.50772094726562 13.5
v 1899.186279296875 -183.80061340332031 12.75
v 1916.160888671875 -217.64308166503906 4.5
v 1916.160888671875 -217.64308166503906 7.5
v 1917.5750732421875 -219.05729675292969 4.5
v 1917.5750732421875 -219.05729675292969 7.5
v 1918.9892578125 -220.47151184082031 4.5
v 1918.9892578125 -220.47151184082031 7.5
v 1918.9892578125 -220.47151184082031 6
v 1916.160888671875 -217.64308166503906 6
v 1918.9892578125 -214.81465148925781 4.5
v 1918.9892578125 -214.81465148925781 7.5
v 1916.160888671875 -217.64308166503906 4.5
v 1916.160888671875 -217.64308166503906 7.5
v 1916.160888671875 -217.64308166503906 6
v 1918.9892578125 -214.81465148925781 6
v 1917.5750732421875 -216.22886657714844 4.5
v 1917.5750732421875 -216.22886657714844 7.5
v 1890.22021484375 -209.6466064453125 12
v 1890.647705078125 -209.21905517578125 12
v 1888.8060302734375 -208.23239135742188 13.5
v 1889.2335205078125 -207.80484008789062 13.5
v 1889.5130615234375 -208.93949890136719 12.75
v 1889.940673828125 -208.51194763183594 12.75
v 1888.8060302734375 -208.23239135742188 13.5
v 1889.2335205078125 -207.80484008789062 13.5
v 1887.3917236328125 -206.81819152832031 12
v 1887.8193359375 -206.390625 12
v 1888.5263671875 -207.09773254394531 12.75
v 1888.098876953125 -207.52528381347656 12.75
v 1887.3917236328125 -206.81819152832031 10.5
v 1887.8193359375 -206.390625 10.5
v 1888.8060302734375 -208.23239135742188 10.5
v 1889.2335205078125 -207.80484008789062 10.5
v 1890.22021484375 -209.6466064453125 10.5
v 1890.647705078125 -209.21905517578125 10.5
v 1888.5263671875 -207.09773254394531 10.5
v 1889.940673828125 -208.51194763183594 10.5
v 1888.098876953125 -207.52528381347656 10.5
v 1889.5130615234375 -208.93949890136719 10.5
v 1889.2335205078125 -207.80484008789062 13.5
v 1887.8193359375 -206.390625 12
v 1887.8193359375 -206.390625 13.5
v 1888.5263671875 -207.09773254394531 12.75
v 1888.5263671875 -207.09773254394531 13.5
v 1890.647705078125 -209.21905517578125 12
v 1890.647705078125 -209.21905517578125 13.5
v 1889.2335205078125 -207.80484008789062 13.5
v 1889.940673828125 -208.51194763183594 12.75
v 1889.940673828125 -208.51194763183594 13.5
v 1893.048583984375 -212.47503662109375 10.5
v 1893.5255126953125 -211.99815368652344 10.5
v 1890.22021484375 -209.6466064453125 10.5
v 1890.697021484375 -209.16972351074219 10.5
v 1890.647705078125 -209.21905517578125 10.5
v 1892.111328125 -210.58393859863281 10.5
v 1893.287109375 -212.23660278320312 10.5
v 1891.6343994140625 -211.06082153320312 10.5
v 1891.872802734375 -210.8223876953125 10.5
v 1891.4041748046875 -209.8768310546875 10.5
v 1891.9920654296875 -210.70315551757812 10.5
v 1891.165771484375 -210.11528015136719 10.5
v 1891.284912109375 -209.99604797363281 10.5
v 1891.0506591796875 -209.52328491210938 10.5
v 1891.3446044921875 -209.93644714355469 10.5
v 1890.931396484375 -209.64250183105469 10.5
v 1890.990966796875 -209.5828857421875 10.5
v 1890.8739013671875 -209.34649658203125 10.5
v 1891.0208740234375 -209.55308532714844 10.5
v 1890.814208984375 -209.40611267089844 10.5
v 1890.843994140625 -209.37631225585938 10.5
v 1893.4781494140625 -212.04550170898438 10.5
v 1892.818359375 -211.29104614257812 10.5
v 1893.40625 -212.11737060546875 10.5
v 1892.5799560546875 -211.52949523925781 10.5
v 1892.69921875 -211.41026306152344 10.5
v 1892.7587890625 -211.35066223144531 10.5
v 1893.1719970703125 -211.64459228515625 10.5
v 1893.052734375 -211.76382446289062 10.5
v 1893.1123046875 -211.70420837402344 10.5
v 1893.14208984375 -211.67440795898438 10.5
v 1893.3487548828125 -211.82138061523438 10.5
v 1893.2890625 -211.8809814453125 10.5
v 1893.3189697265625 -211.85118103027344 10.5
v 1890.22021484375 -209.6466064453125 10.5
v 1890.697021484375 -209.16972351074219 10.5
v 1890.22021484375 -209.6466064453125 12
v 1890.697021484375 -209.16972351074219 12
v 1890.647705078125 -209.21905517578125 10.5
v 1890.4586181640625 -209.40817260742188 12
v 1890.697021484375 -209.16972351074219 11.25
v 1890.22021484375 -209.6466064453125 11.25
v 1890.4586181640625 -209.40817260742188 11.25
v 1890.577880859375 -209.2889404296875 11.25
v 1890.697021484375 -209.16972351074219 10.875
v 1890.4586181640625 -209.40817260742188 10.875
v 1890.577880859375 -209.2889404296875 10.875
v 1890.637451171875 -209.22933959960938 10.875
v 1890.697021484375 -209.16972351074219 10.6875
v 1890.577880859375 -209.2889404296875 10.6875
v 1890.637451171875 -209.22933959960938 10.6875
v 1890.647705078125 -209.21905517578125 12
v 1890.577880859375 -209.2889404296875 12
v 1890.697021484375 -209.16972351074219 11.625
v 1890.4586181640625 -209.40817260742188 11.625
v 1890.577880859375 -209.2889404296875 11.625
v 1890.697021484375 -209.16972351074219 11.8125
v 1890.637451171875 -209.22933959960938 11.625
v 1890.577880859375 -209.2889404296875 11.8125
v 1890.637451171875 -209.22933959960938 11.8125
v 1890.22021484375 -209.6466064453125 12
v 1890.697021484375 -209.16972351074219 12
v 1891.6343994140625 -211.06082153320312 13.5
v 1892.111328125 -210.58393859863281 13.5
v 1890.647705078125 -209.21905517578125 12
v 1891.4041748046875 -209.8768310546875 12.75
v 1891.165771484375 -210.11528015136719 12.75
v 1891.284912109375 -209.99604797363281 12.75
v 1890.8121337890625 -209.76171875 12.375
v 1890.931396484375 -209.64250183105469 12.375
v 1890.990966796875 -209.5828857421875 12.375
v 1890.754638671875 -209.46572875976562 12.1875
v 1890.814208984375 -209.40611267089844 12.1875
v 1890.843994140625 -209.37631225585938 12.1875
v 1890.725830078125 -209.31771850585938 12.09375
v 1890.755615234375 -209.28791809082031 12.09375
v 1890.92724609375 -210.35371398925781 12.75
v 1891.6343994140625 -211.06082153320312 13.5
v 1892.111328125 -210.58393859863281 13.5
v 1893.048583984375 -212.47503662109375 12
v 1893.5255126953125 -211.99815368652344 12
v 1892.341552734375 -211.76792907714844 12.75
v 1892.818359375 -211.29104614257812 12.75
v 1893.048583984375 -212.47503662109375 12
v 1893.5255126953125 -211.99815368652344 12
v 1893.048583984375 -212.47503662109375 10.5
v 1893.5255126953125 -211.99815368652344 10.5
v 1893.4781494140625 -212.04550170898438 10.5
v 1893.5255126953125 -211.99815368652344 11.25
v 1893.048583984375 -212.47503662109375 11.25
v 1893.287109375 -212.23660278320312 11.25
v 1893.5255126953125 -211.99815368652344 10.875
v 1893.40625 -212.11737060546875 11.25
v 1893.287109375 -212.23660278320312 10.875
v 1893.40625 -212.11737060546875 10.875
v 1893.5255126953125 -211.99815368652344 10.6875
v 1893.4659423828125 -212.05776977539062 10.875
v 1893.40625 -212.11737060546875 10.6875
v 1893.4659423828125 -212.05776977539062 10.6875
v 1892.111328125 -210.58393859863281 13.5
v 1893.5255126953125 -211.99815368652344 12
v 1893.5255126953125 -211.99815368652344 13.5
v 1892.818359375 -211.29104614257812 12.75
v 1892.818359375 -211.29104614257812 13.5
v 1890.697021484375 -209.16972351074219 12
v 1890.697021484375 -209.16972351074219 13.5
v 1892.111328125 -210.58393859863281 13.5
v 1891.4041748046875 -209.8768310546875 12.75
v 1891.4041748046875 -209.8768310546875 13.5
v 1887.3917236328125 -206.81819152832031 7.5
v 1887.8193359375 -206.390625 7.5
v 1893.048583984375 -212.47503662109375 7.5
v 1893.4761962890625 -212.0474853515625 7.5
v 1892.5333251953125 -211.10467529296875 7.5
v 1891.590576171875 -210.161865234375 7.5
v 1890.647705078125 -209.21905517578125 7.5
v 1889.7049560546875 -208.2762451171875 7.5
v 1888.7620849609375 -207.33343505859375 7.5
v 1888.3345947265625 -207.760986328125 7.5
v 1889.27734375 -208.70379638671875 7.5
v 1890.22021484375 -209.6466064453125 7.5
v 1891.1629638671875 -210.58941650390625 7.5
v 1892.1058349609375 -211.5322265625 7.5
v 1896.3045654296875 -203.56221008300781 10.5
v 1896.3045654296875 -203.56221008300781 13.5
v 1893.4752197265625 -200.7327880859375 10.5
v 1893.4761962890625 -200.73377990722656 13.5
v 1896.3045654296875 -203.56221008300781 12
v 1893.4757080078125 -200.7332763671875 12
v 1894.889892578125 -202.14749145507812 10.5
v 1894.890380859375 -202.14799499511719 13.5
v 1907.621337890625 -192.23558044433594 4.5
v 1907.6202392578125 -192.23457336425781 13.5
v 1910.502197265625 -189.35301208496094 4.5
v 1910.5020751953125 -189.35284423828125 13.5
v 1907.6207275390625 -192.23507690429688 9
v 1910.5020751953125 -189.35292053222656 9
v 1896.3006591796875 -186.58766174316406 7.5
v 1896.3006591796875 -186.58766174316406 10.5
v 1895.8780517578125 -186.15713500976562 7.5
v 1895.8797607421875 -186.15414428710938 10.5
v 1896.3006591796875 -186.58766174316406 9
v 1895.87890625 -186.1556396484375 9
v 1918.9892578125 -197.84011840820312 13.5
v 1918.9884033203125 -197.84104919433594 10.5
v 1921.8177490234375 -195.01168823242188 13.5
v 1921.8177490234375 -195.01168823242188 10.5
v 1920.403564453125 -196.4259033203125 13.5
v 1920.403076171875 -196.42636108398438 10.5
v 1918.98876953125 -197.840576171875 12
v 1896.3006591796875 -186.58766174316406 7.5
v 1895.8780517578125 -186.15713500976562 7.5
v 1896.5859375 -185.44877624511719 7.5
v 1897.293701171875 -184.74043273925781 7.5
v 1898.0015869140625 -184.03208923339844 7.5
v 1898.70947265625 -183.32373046875 7.5
v 1899.135009765625 -183.74929809570312 7.5
v 1898.4263916015625 -184.45889282226562 7.5
v 1897.7177734375 -185.16848754882812 7.5
v 1897.0091552734375 -185.87806701660156 7.5
v 1904.7918701171875 -189.40615844726562 13.5
v 1910.5013427734375 -183.6966552734375 13.5
v 1910.5009765625 -183.69499206542969 10.5
v 1910.5 -183.69400024414062 7.5
v 1904.7918701171875 -189.40615844726562 10.5
v 1907.6202392578125 -186.57772827148438 10.5
v 1910.5009765625 -183.69499206542969 4.5
v 1907.621337890625 -186.57673645019531 4.5
v 1907.6207275390625 -186.57722473144531 7.5
v 1907.6466064453125 -186.55140686035156 13.5
v 1899.1390380859375 -229.01606750488281 4.5
v 1899.1390380859375 -229.01606750488281 10.5
v 1893.482177734375 -223.35920715332031 4.5
v 1893.482177734375 -223.35920715332031 10.5
v 1896.310546875 -226.18763732910156 4.5
v 1899.1390380859375 -229.01606750488281 7.5
v 1893.482177734375 -223.35920715332031 7.5
v 1896.310546875 -226.18763732910156 10.5
v 1887.8253173828125 -223.35920715332031 4.5
v 1887.8253173828125 -223.35920715332031 10.5
v 1893.4791259765625 -217.70533752441406 4.5
v 1890.6522216796875 -220.53227233886719 4.5
v 1893.4798583984375 -217.70333862304688 10.5
v 1893.4794921875 -217.704345703125 7.5
v 1890.652587890625 -220.53128051757812 10.5
v 1887.8253173828125 -223.35920715332031 4.5
v 1887.8253173828125 -223.35920715332031 10.5
v 1894.8963623046875 -230.43026733398438 10.5
v 1893.482177734375 -229.01606750488281 4.5
v 1893.482177734375 -229.01606750488281 5.25
v 1893.482177734375 -229.01606750488281 6
v 1894.189208984375 -229.72315979003906 6.75
v 1894.8963623046875 -230.43026733398438 7.5
v 1894.189208984375 -229.72315979003906 7.5
v 1893.482177734375 -229.01606750488281 7.5
v 1893.482177734375 -229.01606750488281 8.25
v 1893.482177734375 -229.01606750488281 9
v 1894.189208984375 -229.72315979003906 9.75
v 1890.6536865234375 -226.18763732910156 4.5
v 1892.539306640625 -228.07325744628906 10.5
v 1890.1822509765625 -225.71623229980469 10.5
v 1887.8193359375 -206.390625 4.5
v 1887.8193359375 -206.390625 7.5
v 1893.4761962890625 -212.0474853515625 4.5
v 1893.4761962890625 -212.0474853515625 7.5
v 1892.5333251953125 -211.10467529296875 7.5
v 1891.590576171875 -210.161865234375 7.5
v 1890.647705078125 -209.21905517578125 7.5
v 1889.7049560546875 -208.2762451171875 7.5
v 1888.7620849609375 -207.33343505859375 7.5
v 1887.8193359375 -206.390625 6
v 1889.7049560546875 -208.2762451171875 4.5
v 1891.590576171875 -210.161865234375 4.5
v 1899.135009765625 -200.73179626464844 4.5
v 1899.135009765625 -200.73179626464844 10.5
v 1893.47412109375 -195.07095336914062 4.5
v 1893.47412109375 -195.07095336914062 10.5
v 1893.47412109375 -195.07095336914062 7.5
v 1896.3045654296875 -197.9013671875 4.5
v 1896.3045654296875 -197.9013671875 10.5
v 1904.3724365234375 -186.59425354003906 4.5
v 1893.0545654296875 -229.44361877441406 4.5
v 1893.482177734375 -229.01606750488281 4.5
v 1895.71044921875 -227.58560180664062 4.5
v 1893.68994140625 -225.56500244140625 4.5
v 1894.58203125 -228.71408081054688 4.5
v 1892.5614013671875 -226.69349670410156 4.5
v 1894.7001953125 -226.57530212402344 4.5
v 1893.5716552734375 -227.70378112792969 4.5
v 1895.883056640625 -232.27203369140625 4.5
v 1894.46875 -230.85783386230469 4.5
v 1905.2193603515625 -183.32174682617188 4.5
v 1904.7918701171875 -183.74929809570312 4.5
v 1902.351806640625 -184.57365417480469 4.5
v 1905.5008544921875 -185.46575927734375 4.5
v 1903.362060546875 -185.58395385742188 4.5
v 1903.4803466796875 -183.44517517089844 4.5
v 1904.4906005859375 -184.45547485351562 4.5
v 1902.3909912109375 -180.49331665039062 4.5
v 1903.80517578125 -181.90753173828125 4.5
v 1918.9892578125 -220.47151184082031 4.5
v 1917.5750732421875 -219.05729675292969 4.5
v 1916.160888671875 -217.64308166503906 4.5
v 1917.5750732421875 -216.22886657714844 4.5
v 1918.9892578125 -214.81465148925781 4.5
v 1910.502197265625 -189.35301208496094 4.5
v 1907.621337890625 -192.23558044433594 4.5
v 1907.621337890625 -186.57673645019531 4.5
v 1910.5009765625 -183.69499206542969 4.5
v 1893.482177734375 -223.35920715332031 4.5
v 1896.310546875 -226.18763732910156 4.5
v 1899.1390380859375 -229.01606750488281 4.5
v 1887.8253173828125 -223.35920715332031 4.5
v 1890.6522216796875 -220.53227233886719 4.5
v 1893.4791259765625 -217.70533752441406 4.5
v 1890.6536865234375 -226.18763732910156 4.5
v 1893.4761962890625 -212.0474853515625 4.5
v 1891.590576171875 -210.161865234375 4.5
v 1889.7049560546875 -208.2762451171875 4.5
v 1887.8193359375 -206.390625 4.5
v 1893.47412109375 -195.07095336914062 4.5
v 1896.3045654296875 -197.9013671875 4.5
v 1899.135009765625 -200.73179626464844 4.5
v 1890.645751953125 -214.87789916992188 4.5
v 1890.643798828125 -197.9013671875 4.5
v 1924.648193359375 -197.84210205078125 4.5
v 1921.8177490234375 -200.67251586914062 4.5
v 1924.6461181640625 -203.50094604492188 4.5
v 1921.8177490234375 -206.32937622070312 4.5
v 1918.9892578125 -209.15779113769531 4.5
v 1913.3323974609375 -209.15779113769531 4.5
v 1916.159912109375 -206.33036804199219 4.5
v 1918.9873046875 -203.5029296875 4.5
v 1888.950439453125 -205.25906372070312 4.5
v 1890.0816650390625 -204.12748718261719 4.5
v 1891.2127685546875 -202.99592590332031 4.5
v 1892.343994140625 -201.86434936523438 4.5
v 1893.4752197265625 -200.7327880859375 4.5
v 1899.136962890625 -212.0474853515625 4.5
v 1896.30859375 -214.87591552734375 4.5
v 1904.7933349609375 -189.40763854980469 4.5
v 1901.9654541015625 -186.5797119140625 4.5
v 1916.1568603515625 -200.67251586914062 4.5
v 1918.9864501953125 -197.84127807617188 4.5
v 1897.510986328125 -230.64404296875 4.5
v 1899.1390380859375 -217.70234680175781 4.5
v 1899.135009765625 -189.41012573242188 4.5
v 1896.3045654296875 -192.24053955078125 4.5
v 1924.6461181640625 -214.81465148925781 4.5
v 1921.8177490234375 -217.64308166503906 4.5
v 1921.8177490234375 -211.98622131347656 4.5
v 1896.3055419921875 -203.56120300292969 4.5
v 1893.4761962890625 -206.390625 4.5
v 1896.310546875 -220.53077697753906 4.5
v 1887.8133544921875 -195.07095336914062 4.5
v 1890.242919921875 -192.641357421875 4.5
v 1892.672607421875 -190.21174621582031 4.5
v 1895.1021728515625 -187.78213500976562 4.5
v 1897.53173828125 -185.35252380371094 4.5
v 1899.96142578125 -182.92292785644531 4.5
v 1916.160888671875 -211.98622131347656 4.5
v 1916.1583251953125 -195.01185607910156 4.5
v 1913.330322265625 -192.18243408203125 4.5
v 1896.3065185546875 -209.21905517578125 4.5
v 1918.98876953125 -192.18275451660156 4.5
v 1920.875244140625 -194.0692138671875 4.5
v 1922.76171875 -195.95565795898438 4.5
v 1912.3876953125 -185.58160400390625 4.5
v 1914.2742919921875 -187.46821594238281 4.5
v 1916.160888671875 -189.35482788085938 4.5
v 1917.103515625 -190.29747009277344 4.5
v 1918.046142578125 -191.2401123046875 4.5
v 1907.621337890625 -186.57673645019531 4.5
v 1907.6202392578125 -186.57772827148438 10.5
v 1904.7918701171875 -183.74929809570312 4.5
v 1904.7918701171875 -183.74929809570312 5.25
v 1904.7918701171875 -183.74929809570312 6
v 1904.084716796875 -183.04219055175781 6.75
v 1903.377685546875 -182.3350830078125 7.5
v 1904.084716796875 -183.04219055175781 7.5
v 1904.7918701171875 -183.74929809570312 7.5
v 1904.7918701171875 -183.74929809570312 8.25
v 1904.7918701171875 -183.74929809570312 9
v 1904.084716796875 -183.04219055175781 9.75
v 1907.6207275390625 -186.57722473144531 7.5
v 1903.377685546875 -182.3350830078125 10.5
v 1905.4990234375 -184.45640563964844 10.5
v 1890.643798828125 -197.9013671875 4.5
v 1890.643798828125 -197.9013671875 13.5
v 1887.8133544921875 -195.07095336914062 4.5
v 1890.643798828125 -197.9013671875 10.5
v 1887.8153076171875 -195.07295227050781 13.5
v 1887.814697265625 -195.07228088378906 10.5
v 1887.81396484375 -195.07162475585938 7.5
v 1890.643798828125 -197.9013671875 7.5
v 1898.70947265625 -183.32373046875 7.5
v 1895.8780517578125 -186.15713500976562 7.5
v 1897.295166015625 -184.73794555664062 13.5
v 1897.7666015625 -184.26654052734375 13
v 1898.238037109375 -183.79513549804688 12.5
v 1898.70947265625 -183.32373046875 12
v 1897.295166015625 -184.73794555664062 10.515000343322754
v 1897.295166015625 -184.73794555664062 12.022500038146973
v 1896.588134765625 -185.44505310058594 10.515000343322754
v 1896.588134765625 -185.44505310058594 12.022500038146973
v 1898.0023193359375 -184.03083801269531 10.515000343322754
v 1898.0023193359375 -184.03083801269531 12.022500038146973
v 1895.8809814453125 -186.15216064453125 12
v 1896.3524169921875 -185.68075561523438 12.5
v 1896.8238525390625 -185.2093505859375 13
v 1895.8797607421875 -186.15414428710938 10.5
v 1895.88037109375 -186.15315246582031 11.25
v 1897.295166015625 -184.73794555664062 9.0074996948242188
v 1896.588134765625 -185.44505310058594 9.0074996948242188
v 1895.87890625 -186.1556396484375 9
v 1898.0015869140625 -184.03208923339844 7.5
v 1897.293701171875 -184.74043273925781 7.5
v 1896.5859375 -185.44877624511719 7.5
v 1898.70947265625 -183.32373046875 10.5
v 1890.643798828125 -197.9013671875 4.5
v 1890.643798828125 -197.9013671875 13.5
v 1901.9654541015625 -186.5797119140625 4.5
v 1901.9654541015625 -186.5797119140625 13.5
v 1892.0589599609375 -196.48616027832031 4.5
v 1893.47412109375 -195.07095336914062 4.5
v 1896.3045654296875 -192.24053955078125 4.5
v 1899.135009765625 -189.41012573242188 4.5
v 1890.643798828125 -197.9013671875 10.5
v 1890.643798828125 -197.9013671875 7.5
v 1893.47412109375 -195.07095336914062 7.5
v 1892.0589599609375 -196.48616027832031 7.5
v 1892.0589599609375 -196.48616027832031 7.5
v 1901.9654541015625 -186.5797119140625 10.5
v 1896.3045654296875 -192.24053955078125 13.5
v 1921.8177490234375 -200.67251586914062 4.5
v 1921.8177490234375 -200.67251586914062 10.5
v 1924.648193359375 -197.84210205078125 4.5
v 1924.648193359375 -197.84210205078125 10.5
v 1924.648193359375 -197.84210205078125 7.5
v 1921.8177490234375 -200.67251586914062 7.5
v 1924.6461181640625 -203.50094604492188 4.5
v 1924.6461181640625 -203.50094604492188 10.5
v 1921.8177490234375 -200.67251586914062 4.5
v 1921.8177490234375 -200.67251586914062 10.5
v 1921.8177490234375 -200.67251586914062 7.5
v 1924.6461181640625 -203.50094604492188 7.5
v 1916.160888671875 -211.98622131347656 10.5
v 1924.6461181640625 -203.50094604492188 4.5
v 1924.6461181640625 -203.50094604492188 10.5
v 1918.9892578125 -209.15779113769531 4.5
v 1921.8177490234375 -206.32937622070312 4.5
v 1924.6461181640625 -203.50094604492188 7.5
v 1916.160888671875 -211.98622131347656 7.5
v 1918.9892578125 -209.15779113769531 7.5
v 1920.403564453125 -207.74357604980469 10.5
v 1918.9892578125 -220.47151184082031 4.5
v 1918.9892578125 -220.47151184082031 7.5
v 1924.6461181640625 -214.81465148925781 4.5
v 1924.6461181640625 -214.81465148925781 7.5
v 1918.9892578125 -220.47151184082031 6
v 1921.8177490234375 -217.64308166503906 4.5
v 1921.8177490234375 -217.64308166503906 7.5
v 1924.6461181640625 -214.81465148925781 4.5
v 1924.6461181640625 -214.81465148925781 7.5
v 1918.9892578125 -209.15779113769531 4.5
v 1918.9892578125 -209.15779113769531 7.5
v 1921.8177490234375 -211.98622131347656 4.5
v 1921.8177490234375 -211.98622131347656 7.5
v 1893.4761962890625 -200.73377990722656 13.5
v 1888.912841796875 -205.29708862304688 11.25
v 1890.4339599609375 -203.77598571777344 11.25
v 1891.955078125 -202.2548828125 11.25
v 1888.912841796875 -205.29708862304688 9
v 1890.4339599609375 -203.77598571777344 9
v 1891.955078125 -202.2548828125 9
v 1888.912841796875 -205.29708862304688 6.75
v 1890.4339599609375 -203.77598571777344 6.75
v 1891.955078125 -202.2548828125 6.75
v 1893.4752197265625 -200.7327880859375 4.5
v 1887.8193359375 -206.390625 9
v 1887.3917236328125 -206.81819152832031 9
v 1888.15234375 -206.05763244628906 6.75
v 1888.912841796875 -205.29708862304688 7.875
v 1888.15234375 -206.05763244628906 9
v 1888.15234375 -206.05763244628906 7.875
v 1887.8193359375 -206.390625 10.5
v 1887.8193359375 -206.390625 12
v 1887.3917236328125 -206.81819152832031 12
v 1888.15234375 -206.05763244628906 11.25
v 1888.912841796875 -205.29708862304688 12.375
v 1888.15234375 -206.05763244628906 12.375
v 1887.3917236328125 -206.81819152832031 10.5
v 1888.912841796875 -205.29708862304688 10.125
v 1888.15234375 -206.05763244628906 10.125
v 1887.8193359375 -206.390625 13.5
v 1887.3917236328125 -206.81819152832031 7.5
v 1887.8193359375 -206.390625 7.5
v 1893.4752197265625 -200.7327880859375 10.5
v 1893.4757080078125 -200.7332763671875 12
v 1887.8193359375 -206.390625 6
v 1887.8193359375 -206.390625 4.5
v 1888.950439453125 -205.25906372070312 4.5
v 1890.0816650390625 -204.12748718261719 4.5
v 1891.2127685546875 -202.99592590332031 4.5
v 1892.343994140625 -201.86434936523438 4.5
v 1887.3917236328125 -206.81819152832031 8.25
v 1887.3917236328125 -206.81819152832031 11.25
v 1893.4752197265625 -200.7327880859375 6
v 1893.4752197265625 -200.7327880859375 7.5
v 1893.4752197265625 -200.7327880859375 9
v 1892.3448486328125 -201.86514282226562 13.5
v 1891.21337890625 -202.99652099609375 13.5
v 1890.08203125 -204.12788391113281 13.5
v 1888.95068359375 -205.25926208496094 13.5
v 1896.3065185546875 -214.87393188476562 13.5
v 1899.1390380859375 -217.70234680175781 4.5
v 1896.30859375 -214.87591552734375 4.5
v 1897.7208251953125 -216.28813171386719 13.5
v 1899.135009765625 -217.70234680175781 13.5
v 1896.3076171875 -214.87492370605469 9
v 1899.136962890625 -217.70234680175781 9
v 1893.4781494140625 -212.04550170898438 13.5
v 1893.048583984375 -212.47503662109375 7.5
v 1893.4761962890625 -212.0474853515625 7.5
v 1892.0618896484375 -213.46170043945312 9
v 1892.0618896484375 -213.46170043945312 6.75
v 1892.77001953125 -212.75360107421875 9
v 1892.77001953125 -212.75360107421875 6.75
v 1893.4761962890625 -212.0474853515625 4.5
v 1890.6497802734375 -214.87393188476562 13.5
v 1892.06396484375 -213.459716796875 13.5
v 1893.4781494140625 -212.04550170898438 10.5
v 1893.048583984375 -212.47503662109375 10.5
v 1892.0618896484375 -213.46170043945312 11.25
v 1893.4781494140625 -212.04550170898438 11.25
v 1892.77001953125 -212.75360107421875 11.25
v 1893.048583984375 -212.47503662109375 9.5
v 1893.048583984375 -212.47503662109375 8.5
v 1890.645751953125 -214.87789916992188 4.5
v 1890.647705078125 -214.87591552734375 9
v 1896.30859375 -214.87591552734375 4.5
v 1899.136962890625 -212.0474853515625 4.5
v 1896.3065185546875 -214.87393188476562 13.5
v 1896.3076171875 -214.87492370605469 9
v 1899.135009765625 -212.04550170898438 13.5
v 1897.7208251953125 -213.459716796875 13.5
v 1899.135986328125 -212.04649353027344 9
v 1901.9654541015625 -186.5797119140625 4.5
v 1907.621337890625 -192.23558044433594 4.5
v 1907.6207275390625 -192.23507690429688 9
v 1907.6202392578125 -192.23457336425781 13.5
v 1904.7918701171875 -189.40615844726562 13.5
v 1904.7918701171875 -189.40615844726562 10.5
v 1904.7933349609375 -189.40763854980469 4.5
v 1901.9654541015625 -186.5797119140625 10.5
v 1918.9873046875 -203.5029296875 4.5
v 1918.9873046875 -203.5029296875 10.5
v 1913.3323974609375 -209.15779113769531 4.5
v 1913.3323974609375 -209.15779113769531 10.5
v 1916.159912109375 -206.33036804199219 4.5
v 1913.3323974609375 -209.15779113769531 7.5
v 1918.9873046875 -203.5029296875 7.5
v 1916.159912109375 -206.33036804199219 10.5
v 1918.9884033203125 -197.84104919433594 10.5
v 1916.1568603515625 -200.67251586914062 4.5
v 1916.1568603515625 -200.67251586914062 10.5
v 1918.9864501953125 -197.84127807617188 4.5
v 1916.1568603515625 -200.67251586914062 7.5
v 1918.9874267578125 -197.84115600585938 7.5
v 1901.9654541015625 -186.5797119140625 13.5
v 1898.70947265625 -183.32373046875 7.5
v 1898.70947265625 -183.32373046875 12
v 1899.186279296875 -183.80061340332031 12
v 1898.70947265625 -183.32373046875 10.5
v 1900.33740234375 -184.95172119140625 10.5
v 1900.33740234375 -184.95172119140625 12
v 1899.5234375 -184.13772583007812 10.5
v 1899.5234375 -184.13772583007812 12
v 1899.186279296875 -183.80061340332031 12.75
v 1899.186279296875 -183.80061340332031 13.5
v 1901.9654541015625 -186.5797119140625 10.5
v 1899.135009765625 -183.74929809570312 10.5
v 1899.135009765625 -183.74929809570312 7.5
v 1899.186279296875 -183.80061340332031 10.5
v 1899.116455078125 -183.73072814941406 10.5
v 1899.116455078125 -183.73072814941406 9.75
v 1899.116455078125 -183.73072814941406 10.125
v 1899.3199462890625 -183.93423461914062 10.5
v 1899.5234375 -184.13772583007812 11.25
v 1899.116455078125 -183.73072814941406 11.25
v 1899.930419921875 -184.54472351074219 10.5
v 1901.1513671875 -185.76571655273438 10.5
v 1899.116455078125 -183.73072814941406 10.3125
v 1898.9129638671875 -183.52723693847656 10.5
v 1898.9129638671875 -183.52723693847656 9.75
v 1898.9129638671875 -183.52723693847656 10.125
v 1899.116455078125 -183.73072814941406 10.875
v 1899.3199462890625 -183.93423461914062 11.25
v 1899.5234375 -184.13772583007812 10.875
v 1899.3199462890625 -183.93423461914062 10.875
v 1899.930419921875 -184.54472351074219 12
v 1900.33740234375 -184.95172119140625 11.25
v 1899.930419921875 -184.54472351074219 11.25
v 1901.1513671875 -185.76571655273438 12
v 1893.47412109375 -195.07095336914062 10.5
v 1892.0589599609375 -196.48616027832031 10.5
v 1893.4752197265625 -200.7327880859375 10.5
v 1894.889892578125 -202.14749145507812 10.5
v 1899.135009765625 -200.73179626464844 10.5
v 1896.3045654296875 -197.9013671875 10.5
v 1890.643798828125 -197.9013671875 10.5
v 1896.3045654296875 -203.56221008300781 10.5
v 1904.7918701171875 -189.40615844726562 10.5
v 1903.377685546875 -182.3350830078125 10.5
v 1902.6705322265625 -181.62797546386719 10.5
v 1903.377685546875 -185.16351318359375 10.5
v 1904.084716796875 -184.45640563964844 10.5
v 1901.96337890625 -183.74929809570312 10.5
v 1902.6705322265625 -183.04219055175781 10.5
v 1907.6202392578125 -186.57772827148438 10.5
v 1905.4990234375 -184.45640563964844 10.5
v 1901.9654541015625 -186.5797119140625 10.5
v 1899.186279296875 -183.80061340332031 10.5
v 1901.96337890625 -180.92086791992188 10.5
v 1900.5491943359375 -182.3350830078125 10.5
v 1899.135009765625 -183.74929809570312 10.5
v 1902.6705322265625 -185.87062072753906 10.5
v 1901.25634765625 -184.45640563964844 10.5
v 1900.90283203125 -184.80995178222656 10.5
v 1900.5491943359375 -183.74929809570312 10.5
v 1900.1956787109375 -184.10284423828125 10.5
v 1900.0189208984375 -184.27963256835938 10.5
v 1899.8421630859375 -183.74929809570312 10.5
v 1899.665283203125 -183.92607116699219 10.5
v 1899.576904296875 -184.01446533203125 10.5
v 1899.488525390625 -183.74929809570312 10.5
v 1899.400146484375 -183.83769226074219 10.5
v 1918.9892578125 -209.15779113769531 7.5
v 1924.6461181640625 -214.81465148925781 7.5
v 1916.160888671875 -217.64308166503906 7.5
v 1917.5750732421875 -219.05729675292969 7.5
v 1918.9892578125 -214.81465148925781 7.5
v 1917.5750732421875 -216.22886657714844 7.5
v 1916.160888671875 -211.98622131347656 7.5
v 1918.9892578125 -220.47151184082031 7.5
v 1921.8177490234375 -217.64308166503906 7.5
v 1921.8177490234375 -211.98622131347656 7.5
v 1890.643798828125 -197.9013671875 4.5
v 1890.643798828125 -197.9013671875 10.5
v 1893.4752197265625 -200.7327880859375 4.5
v 1893.4752197265625 -200.7327880859375 10.5
v 1893.4752197265625 -200.7327880859375 6
v 1893.4752197265625 -200.7327880859375 7.5
v 1893.4752197265625 -200.7327880859375 9
v 1890.643798828125 -197.9013671875 7.5
v 1899.1390380859375 -229.01606750488281 10.5
v 1895.883056640625 -232.27203369140625 4.5
v 1899.1390380859375 -229.01606750488281 4.5
v 1896.310546875 -231.844482421875 6
v 1895.883056640625 -232.27203369140625 6
v 1897.510986328125 -230.64404296875 7.5
v 1897.510986328125 -230.64404296875 6
v 1896.697021484375 -231.45803833007812 7.5
v 1896.697021484375 -231.45803833007812 6
v 1896.310546875 -231.844482421875 7.5
v 1895.883056640625 -232.27203369140625 7.5
v 1896.310546875 -231.844482421875 9
v 1895.883056640625 -232.27203369140625 9
v 1897.510986328125 -230.64404296875 9
v 1896.697021484375 -231.45803833007812 9
v 1896.310546875 -231.844482421875 10.5
v 1899.1390380859375 -229.01606750488281 7.5
v 1897.510986328125 -230.64404296875 4.5
v 1887.3917236328125 -206.81819152832031 7.5
v 1893.048583984375 -212.47503662109375 7.5
v 1890.22021484375 -209.6466064453125 9
v 1889.5130615234375 -208.93949890136719 9.75
v 1888.8060302734375 -208.23239135742188 10.5
v 1888.098876953125 -207.52528381347656 9.75
v 1887.3917236328125 -206.81819152832031 9
v 1890.22021484375 -209.6466064453125 12
v 1889.5130615234375 -208.93949890136719 12.75
v 1888.8060302734375 -208.23239135742188 13.5
v 1888.098876953125 -207.52528381347656 12.75
v 1887.3917236328125 -206.81819152832031 12
v 1887.3917236328125 -206.81819152832031 10.5
v 1888.098876953125 -207.52528381347656 10.5
v 1889.5130615234375 -208.93949890136719 10.5
v 1890.22021484375 -209.6466064453125 10.5
v 1891.6343994140625 -211.06082153320312 13.5
v 1890.92724609375 -210.35371398925781 12.75
v 1893.048583984375 -212.47503662109375 12
v 1892.341552734375 -211.76792907714844 12.75
v 1893.048583984375 -212.47503662109375 10.5
v 1893.048583984375 -212.47503662109375 11.25
v 1888.3345947265625 -207.760986328125 7.5
v 1889.27734375 -208.70379638671875 7.5
v 1890.22021484375 -209.6466064453125 7.5
v 1891.1629638671875 -210.58941650390625 7.5
v 1892.1058349609375 -211.5322265625 7.5
v 1887.3917236328125 -206.81819152832031 8.25
v 1887.3917236328125 -206.81819152832031 11.25
v 1893.048583984375 -212.47503662109375 8.5
v 1893.048583984375 -212.47503662109375 9.5
v 1890.22021484375 -209.6466064453125 9.75
v 1888.8060302734375 -208.23239135742188 10.515000343322754
v 1891.6343994140625 -211.06082153320312 10.515000343322754
v 1895.1016845703125 -187.78263854980469 11.25
v 1891.45703125 -191.42729187011719 11.25
v 1895.1016845703125 -187.78263854980469 9
v 1891.45703125 -191.42729187011719 9
v 1898.746337890625 -184.13796997070312 6.75
v 1895.1016845703125 -187.78263854980469 6.75
v 1891.45703125 -191.42729187011719 6.75
v 1902.3909912109375 -180.49331665039062 4.5
v 1901.96337890625 -180.92086791992188 6
v 1902.3909912109375 -180.49331665039062 6
v 1898.746337890625 -184.13796997070312 5.625
v 1900.568603515625 -182.31564331054688 6.75
v 1900.568603515625 -182.31564331054688 5.625
v 1901.4798583984375 -181.40447998046875 5.625
v 1900.568603515625 -182.31564331054688 6.1875
v 1901.4798583984375 -181.40447998046875 6.75
v 1901.4798583984375 -181.40447998046875 6.1875
v 1900.568603515625 -182.31564331054688 9
v 1900.568603515625 -182.31564331054688 7.875
v 1901.96337890625 -180.92086791992188 7.5
v 1902.3909912109375 -180.49331665039062 7.5
v 1900.568603515625 -182.31564331054688 7.3125
v 1901.4798583984375 -181.40447998046875 7.875
v 1901.4798583984375 -181.40447998046875 7.3125
v 1901.96337890625 -180.92086791992188 9
v 1902.3909912109375 -180.49331665039062 9
v 1900.568603515625 -182.31564331054688 10.125
v 1901.4798583984375 -181.40447998046875 9
v 1900.568603515625 -182.31564331054688 9.5625
v 1901.4798583984375 -181.40447998046875 10.125
v 1901.4798583984375 -181.40447998046875 9.5625
v 1901.96337890625 -180.92086791992188 10.5
v 1896.3006591796875 -186.58766174316406 10.5
v 1896.3006591796875 -186.58766174316406 9
v 1896.3006591796875 -186.58766174316406 7.5
v 1897.0091552734375 -185.87806701660156 7.5
v 1897.7177734375 -185.16848754882812 7.5
v 1898.4263916015625 -184.45889282226562 7.5
v 1899.135009765625 -183.74929809570312 7.5
v 1895.1016845703125 -187.78263854980469 7.875
v 1899.96142578125 -182.92292785644531 4.5
v 1897.53173828125 -185.35252380371094 4.5
v 1895.1021728515625 -187.78213500976562 4.5
v 1892.672607421875 -190.21174621582031 4.5
v 1890.242919921875 -192.641357421875 4.5
v 1887.8133544921875 -195.07095336914062 4.5
v 1887.81396484375 -195.07162475585938 7.5
v 1887.814697265625 -195.07228088378906 10.5
v 1887.8153076171875 -195.07295227050781 13.5
v 1899.135009765625 -183.74929809570312 10.5
v 1900.5491943359375 -182.3350830078125 10.5
v 1896.3006591796875 -186.58766174316406 13.5
v 1889.9366455078125 -192.95162963867188 13.5
v 1892.0579833984375 -190.83030700683594 13.5
v 1894.1793212890625 -188.708984375 13.5
v 1913.3323974609375 -209.15779113769531 4.5
v 1913.3323974609375 -209.15779113769531 10.5
v 1918.9892578125 -214.81465148925781 4.5
v 1918.9892578125 -214.81465148925781 6
v 1918.9892578125 -214.81465148925781 7.5
v 1916.160888671875 -211.98622131347656 4.5
v 1916.160888671875 -211.98622131347656 7.5
v 1916.160888671875 -211.98622131347656 10.5
v 1913.3323974609375 -209.15779113769531 7.5
v 1893.482177734375 -223.35920715332031 10.5
v 1893.482177734375 -223.35920715332031 7.5
v 1893.482177734375 -223.35920715332031 4.5
v 1896.310546875 -220.53077697753906 4.5
v 1899.1390380859375 -217.70234680175781 4.5
v 1899.136962890625 -217.70234680175781 9
v 1899.135009765625 -217.70234680175781 13.5
v 1896.3065185546875 -220.53077697753906 13.5
v 1896.3065185546875 -220.53077697753906 10.5
v 1897.7208251953125 -219.11656188964844 13.5
v 1899.135009765625 -200.73179626464844 4.5
v 1893.4761962890625 -206.390625 4.5
v 1893.4761962890625 -206.390625 13.5
v 1896.3045654296875 -203.56221008300781 13.5
v 1896.3045654296875 -203.56221008300781 12
v 1896.3045654296875 -203.56221008300781 10.5
v 1899.135009765625 -200.73179626464844 10.5
v 1896.3055419921875 -203.56120300292969 4.5
v 1894.890380859375 -204.97642517089844 13.5
v 1893.4761962890625 -206.390625 9
v 1896.3065185546875 -220.53077697753906 13.5
v 1893.4791259765625 -217.70533752441406 4.5
v 1893.4794921875 -217.704345703125 7.5
v 1893.4798583984375 -217.70333862304688 10.5
v 1890.645751953125 -214.87789916992188 4.5
v 1890.6497802734375 -214.87393188476562 13.5
v 1890.647705078125 -214.87591552734375 9
v 1896.3065185546875 -220.53077697753906 10.5
v 1894.4210205078125 -218.64515686035156 13.5
v 1892.535400390625 -216.75953674316406 13.5
v 1916.1568603515625 -200.67251586914062 4.5
v 1916.1568603515625 -200.67251586914062 10.5
v 1918.9873046875 -203.5029296875 4.5
v 1918.9873046875 -203.5029296875 10.5
v 1918.9873046875 -203.5029296875 7.5
v 1916.1568603515625 -200.67251586914062 7.5
v 1910.5020751953125 -189.35284423828125 13.5
v 1918.9892578125 -197.84011840820312 13.5
v 1910.5020751953125 -189.35292053222656 9
v 1910.502197265625 -189.35301208496094 4.5
v 1918.9884033203125 -197.84104919433594 10.5
v 1918.98876953125 -197.840576171875 12
v 1914.74560546875 -193.59648132324219 9
v 1914.74560546875 -193.59648132324219 11.25
v 1916.867431640625 -195.71829223632812 9
v 1916.867431640625 -195.71829223632812 11.25
v 1913.330322265625 -192.18243408203125 4.5
v 1916.1583251953125 -195.01185607910156 4.5
v 1918.9864501953125 -197.84127807617188 4.5
v 1918.9874267578125 -197.84115600585938 7.5
v 1914.74560546875 -193.59648132324219 13.5
v 1901.9654541015625 -186.5797119140625 13.5
v 1897.7720947265625 -185.21482849121094 13.5
v 1897.0650634765625 -185.92193603515625 13.5
v 1896.35791015625 -186.62904357910156 13.5
v 1894.890380859375 -190.82632446289062 13.5
v 1894.1832275390625 -190.11921691894531 13.5
v 1897.7208251953125 -187.99591064453125 13.5
v 1897.013671875 -187.28880310058594 13.5
v 1899.186279296875 -183.80061340332031 13.5
v 1898.479248046875 -184.50772094726562 13.5
v 1887.8153076171875 -195.07295227050781 13.5
v 1890.643798828125 -197.9013671875 13.5
v 1896.3045654296875 -192.24053955078125 13.5
v 1896.3006591796875 -186.58766174316406 13.5
v 1894.1793212890625 -188.708984375 13.5
v 1892.0579833984375 -190.83030700683594 13.5
v 1889.9366455078125 -192.95162963867188 13.5
v 1896.66015625 -186.93525695800781 13.5
v 1898.4288330078125 -185.87359619140625 13.5
v 1898.0753173828125 -185.52005004882812 13.5
v 1897.8985595703125 -185.34327697753906 13.5
v 1896.4833984375 -186.75848388671875 13.5
v 1897.36767578125 -186.22764587402344 13.5
v 1897.19091796875 -186.05087280273438 13.5
v 1893.8297119140625 -189.76567077636719 13.5
v 1895.5985107421875 -188.70401000976562 13.5
v 1895.244873046875 -188.3504638671875 13.5
v 1892.0599365234375 -193.65673828125 13.5
v 1891.3529052734375 -192.94963073730469 13.5
v 1896.39501953125 -186.67008972167969 13.5
v 1896.837158203125 -186.40467834472656 13.5
v 1896.748779296875 -186.3162841796875 13.5
v 1895.068115234375 -188.17369079589844 13.5
v 1895.9525146484375 -187.64285278320312 13.5
v 1895.7757568359375 -187.46607971191406 13.5
v 1896.5718994140625 -186.49319458007812 13.5
v 1895.6873779296875 -187.37770080566406 13.5
v 1896.1295166015625 -187.11227416992188 13.5
v 1896.0411376953125 -187.02389526367188 13.5
v 1895.9969482421875 -186.97969055175781 13.5
v 1896.218017578125 -186.84698486328125 13.5
v 1896.173828125 -186.80279541015625 13.5
v 1896.3065185546875 -220.53077697753906 13.5
v 1895.5989990234375 -215.58152770996094 13.5
v 1894.891357421875 -210.63227844238281 13.5
v 1892.06298828125 -207.80384826660156 13.5
v 1887.8193359375 -206.390625 13.5
v 1888.5263671875 -207.09773254394531 13.5
v 1889.2335205078125 -207.80484008789062 13.5
v 1891.0025634765625 -208.8642578125 13.5
v 1890.648681640625 -206.38963317871094 13.5
v 1889.58837890625 -207.45004272460938 13.5
v 1889.940673828125 -208.51194763183594 13.5
v 1890.647705078125 -209.21905517578125 13.5
v 1893.8309326171875 -211.69268798828125 13.5
v 1893.4771728515625 -209.21806335449219 13.5
v 1892.416748046875 -210.27847290039062 13.5
v 1892.111328125 -210.58393859863281 13.5
v 1892.818359375 -211.29104614257812 13.5
v 1893.5255126953125 -211.99815368652344 13.5
v 1894.184814453125 -214.16731262207031 13.5
v 1896.3055419921875 -212.04649353027344 13.5
v 1895.2451171875 -213.10690307617188 13.5
v 1890.697021484375 -209.16972351074219 13.5
v 1891.4041748046875 -209.8768310546875 13.5
v 1896.3045654296875 -203.56221008300781 13.5
v 1894.890380859375 -202.14799499511719 13.5
v 1893.4761962890625 -200.73377990722656 13.5
v 1892.3448486328125 -201.86514282226562 13.5
v 1891.21337890625 -202.99652099609375 13.5
v 1890.08203125 -204.12788391113281 13.5
v 1888.95068359375 -205.25926208496094 13.5
v 1899.135009765625 -217.70234680175781 13.5
v 1897.7208251953125 -216.28813171386719 13.5
v 1896.3065185546875 -214.87393188476562 13.5
v 1893.4781494140625 -212.04550170898438 13.5
v 1892.06396484375 -213.459716796875 13.5
v 1890.6497802734375 -214.87393188476562 13.5
v 1897.7208251953125 -213.459716796875 13.5
v 1899.135009765625 -212.04550170898438 13.5
v 1897.7208251953125 -219.11656188964844 13.5
v 1893.4761962890625 -206.390625 13.5
v 1894.890380859375 -204.97642517089844 13.5
v 1892.535400390625 -216.75953674316406 13.5
v 1894.4210205078125 -218.64515686035156 13.5
v 1891.7095947265625 -209.57136535644531 13.5
v 1890.7374267578125 -209.12936401367188 13.5
v 1891.3560791015625 -209.21781921386719 13.5
v 1891.0909423828125 -209.48292541503906 13.5
v 1891.53271484375 -208.33406066894531 13.5
v 1892.9468994140625 -209.74827575683594 13.5
v 1892.77001953125 -208.51095581054688 13.5
v 1892.2398681640625 -209.04116821289062 13.5
v 1893.1234130859375 -206.74343872070312 13.5
v 1895.9517822265625 -209.57186889648438 13.5
v 1894.53759765625 -208.15765380859375 13.5
v 1890.29541015625 -208.15715026855469 13.5
v 1890.9141845703125 -209.30613708496094 13.5
v 1890.0302734375 -208.42225646972656 13.5
v 1890.64892578125 -208.51071166992188 13.5
v 1890.3839111328125 -208.77581787109375 13.5
v 1890.1185302734375 -206.91984558105469 13.5
v 1891.3558349609375 -207.09674072265625 13.5
v 1890.82568359375 -207.626953125 13.5
v 1891.7091064453125 -205.3292236328125 13.5
v 1890.8258056640625 -209.21775817871094 13.5
v 1890.8699951171875 -208.99681091308594 13.5
v 1891.2235107421875 -209.35037231445312 13.5
v 1891.1793212890625 -209.04104614257812 13.5
v 1891.0467529296875 -209.173583984375 13.5
v 1891.267578125 -208.59916687011719 13.5
v 1891.9747314453125 -209.30625915527344 13.5
v 1891.88623046875 -208.68760681152344 13.5
v 1891.6212158203125 -208.95271301269531 13.5
v 1890.5606689453125 -208.95259094238281 13.5
v 1893.4776611328125 -213.460205078125 13.5
v 1894.7149658203125 -213.63711547851562 13.5
v 1894.5380859375 -212.39979553222656 13.5
v 1894.0078125 -212.93000793457031 13.5
v 1894.53857421875 -216.64193725585938 13.5
v 1893.1243896484375 -215.22772216796875 13.5
v 1893.5657958984375 -211.95779418945312 13.5
v 1893.654296875 -212.57644653320312 13.5
v 1894.27294921875 -212.66490173339844 13.5
v 1894.1845703125 -212.04624938964844 13.5
v 1893.91943359375 -212.31134033203125 13.5
v 1894.3612060546875 -211.16249084472656 13.5
v 1895.775390625 -212.57669067382812 13.5
v 1895.5985107421875 -211.33938598632812 13.5
v 1895.0682373046875 -211.86958312988281 13.5
v 1897.365966796875 -210.986083984375 13.5
v 1893.1239013671875 -210.98558044433594 13.5
v 1893.4775390625 -212.39967346191406 13.5
v 1893.786865234375 -212.44389343261719 13.5
v 1893.74267578125 -212.13456726074219 13.5
v 1893.610107421875 -212.26712036132812 13.5
v 1893.4774169921875 -211.33914184570312 13.5
v 1893.2122802734375 -211.60423278808594 13.5
v 1894.1842041015625 -209.9251708984375 13.5
v 1893.654052734375 -210.45538330078125 13.5
v 1893.1241455078125 -213.10665893554688 13.5
v 1893.7427978515625 -213.19509887695312 13.5
v 1893.38916015625 -212.841552734375 13.5
v 1892.417236328125 -214.52061462402344 13.5
v 1893.654541015625 -214.69752502441406 13.5
v 1892.9473876953125 -213.99041748046875 13.5
v 1893.521728515625 -212.17872619628906 13.5
v 1893.6763916015625 -212.20085144042969 13.5
v 1893.654296875 -212.04618835449219 13.5
v 1893.5880126953125 -212.11245727539062 13.5
v 1893.6983642578125 -211.82524108886719 13.5
v 1894.052001953125 -212.17878723144531 13.5
v 1894.0076904296875 -211.86946105957031 13.5
v 1893.875244140625 -212.00201416015625 13.5
v 1894.0960693359375 -211.42758178710938 13.5
v 1894.80322265625 -212.13468933105469 13.5
v 1894.7147216796875 -211.51603698730469 13.5
v 1894.4495849609375 -211.78114318847656 13.5
v 1893.3890380859375 -211.78102111816406 13.5
v 1897.248779296875 -210.16053771972656 13.5
v 1895.3624267578125 -208.27558898925781 13.5
v 1894.8951416015625 -224.77391052246094 10.5
v 1893.4798583984375 -217.70333862304688 10.5
v 1894.8963623046875 -230.43026733398438 10.5
v 1895.6033935546875 -231.13737487792969 10.5
v 1893.4813232421875 -226.18771362304688 10.5
v 1895.6029052734375 -228.3092041015625 10.5
v 1899.1390380859375 -229.01606750488281 10.5
v 1896.310546875 -226.18763732910156 10.5
v 1893.482177734375 -223.35920715332031 10.5
v 1890.652587890625 -220.53128051757812 10.5
v 1887.8253173828125 -223.35920715332031 10.5
v 1890.1822509765625 -225.71623229980469 10.5
v 1892.539306640625 -228.07325744628906 10.5
v 1896.310546875 -231.844482421875 10.5
v 1896.3065185546875 -220.53077697753906 10.5
v 1921.8177490234375 -195.01168823242188 10.5
v 1916.160888671875 -211.98622131347656 10.5
v 1924.648193359375 -197.84210205078125 10.5
v 1923.23291015625 -196.42689514160156 10.5
v 1920.403076171875 -196.42636108398438 10.5
v 1921.8177490234375 -200.67251586914062 10.5
v 1924.6461181640625 -203.50094604492188 10.5
v 1920.403564453125 -207.74357604980469 10.5
v 1918.9873046875 -203.5029296875 10.5
v 1916.159912109375 -206.33036804199219 10.5
v 1913.3323974609375 -209.15779113769531 10.5
v 1918.9884033203125 -197.84104919433594 10.5
v 1916.1568603515625 -200.67251586914062 10.5
v 1899.136962890625 -212.0474853515625 4.5
v 1893.4761962890625 -206.390625 4.5
v 1893.4761962890625 -206.390625 13.5
v 1896.3065185546875 -209.21905517578125 4.5
v 1899.135009765625 -212.04550170898438 13.5
v 1899.135986328125 -212.04649353027344 9
v 1893.4761962890625 -206.390625 9
v 1895.3624267578125 -208.27558898925781 13.5
v 1897.248779296875 -210.16053771972656 13.5
v 1910.5020751953125 -189.35284423828125 13.5
v 1907.6202392578125 -192.23457336425781 13.5
v 1921.8177490234375 -195.01168823242188 13.5
v 1920.403564453125 -196.4259033203125 13.5
v 1918.9892578125 -197.84011840820312 13.5
v 1904.7918701171875 -189.40615844726562 13.5
v 1907.6466064453125 -186.55140686035156 13.5
v 1910.5013427734375 -183.6966552734375 13.5
v 1912.7646484375 -185.95965576171875 13.5
v 1915.0279541015625 -188.22267150878906 13.5
v 1917.2911376953125 -190.48567199707031 13.5
v 1919.554443359375 -192.74867248535156 13.5
v 1914.74560546875 -193.59648132324219 13.5
v 1916.58837890625 -188.92727661132812 4.5
v 1919.4168701171875 -191.75570678710938 4.5
v 1917.53125 -189.87008666992188 4.5
v 1918.4739990234375 -190.81289672851562 4.5
v 1919.4168701171875 -191.75570678710938 5.25
v 1919.4168701171875 -191.75570678710938 6
v 1916.58837890625 -188.92727661132812 6
v 1916.58837890625 -188.92727661132812 5.25
v 1918.002685546875 -190.34149169921875 7.5
v 1917.2955322265625 -189.63438415527344 6.75
v 1918.709716796875 -191.04859924316406 6.75
v 1918.002685546875 -190.34149169921875 7.5
v 1917.573486328125 -190.76744079589844 7.4983129501342773
v 1916.58837890625 -188.92727661132812 6
v 1916.1607666015625 -189.35467529296875 6
v 1917.2955322265625 -189.63438415527344 6.75
v 1916.8671875 -190.06106567382812 6.7491564750671387
v 1919.4168701171875 -191.75570678710938 6
v 1918.9892578125 -192.18325805664062 6
v 1918.002685546875 -190.34149169921875 7.5
v 1917.573486328125 -190.76744079589844 7.4983129501342773
v 1918.709716796875 -191.04859924316406 6.75
v 1918.2813720703125 -191.47535705566406 6.7491564750671387
v 1919.4168701171875 -191.75570678710938 4.5
v 1918.98876953125 -192.18275451660156 4.5
v 1919.4168701171875 -191.75570678710938 6
v 1918.9892578125 -192.18325805664062 6
v 1919.4168701171875 -191.75570678710938 5.25
v 1918.989013671875 -192.18301391601562 5.25
v 1916.58837890625 -188.92727661132812 4.5
v 1916.160888671875 -189.35482788085938 4.5
v 1919.4168701171875 -191.75570678710938 4.5
v 1918.98876953125 -192.18275451660156 4.5
v 1917.53125 -189.87008666992188 4.5
v 1918.4739990234375 -190.81289672851562 4.5
v 1918.046142578125 -191.2401123046875 4.5
v 1917.103515625 -190.29747009277344 4.5
v 1916.58837890625 -188.92727661132812 6
v 1916.1607666015625 -189.35467529296875 6
v 1916.58837890625 -188.92727661132812 4.5
v 1916.160888671875 -189.35482788085938 4.5
v 1916.58837890625 -188.92727661132812 5.25
v 1916.1607666015625 -189.35475158691406 5.25
v 1916.160888671875 -189.35482788085938 4.5
v 1916.1607666015625 -189.35467529296875 6
v 1916.8671875 -190.06106567382812 6.7491564750671387
v 1917.573486328125 -190.76744079589844 7.4983129501342773
v 1918.2813720703125 -191.47535705566406 6.7491564750671387
v 1918.9892578125 -192.18325805664062 6
v 1918.989013671875 -192.18301391601562 5.25
v 1918.98876953125 -192.18275451660156 4.5
v 1916.1607666015625 -189.35475158691406 5.25
v 1918.046142578125 -191.2401123046875 4.5
v 1917.103515625 -190.29747009277344 4.5
vt 0.89616930484771729 0
vt 0.87094402313232422 0.057462841272354126
vt 0.84571880102157593 0.057462841272354126
vt 0.84571880102157593 0.11492568254470825
vt 0.82049351930618286 0.11492568254470825
vt 0.84571880102157593 0.17238852381706238
vt 0.82049351930618286 0.17238852381706238
vt 0.82890194654464722 0.045527912676334381
vt 0.82890194654464722 0.022763956338167191
vt 0.82890194654464722 0
vt 0.79526829719543457 0.045527912676334381
vt 0.89616930484771729 0.22755962610244751
vt 0.86253565549850464 0.22757560014724731
vt 0.82890194654464722 0.22755962610244751
vt 0.79526829719543457 0.22754363715648651
vt 0.86253565549850464 0
vt 0.79526829719543457 0.19114048779010773
vt 0.79526829719543457 0.15473733842372894
vt 0.79526829719543457 0.11833419650793076
vt 0.79526829719543457 0.081931054592132568
vt 0.89616930484771729 0.030343947932124138
vt 0.89616930484771729 0.060687895864248276
vt 0.89616930484771729 0.091031841933727264
vt 0.86255455017089844 0.1137973964214325
vt 0.87095350027084351 0.12515953183174133
vt 0.87935245037078857 0.13652166724205017
vt 0.85833144187927246 0.11492568254470825
vt 0.84571880102157593 0.086194261908531189
vt 0.85833144187927246 0.057462841272354126
vt 0.87094402313232422 0.086194261908531189
vt 0.85833144187927246 0.086194261908531189
vt 0.87935245037078857 0.091023847460746765
vt 0.87095350027084351 0.10241062194108963
vt 0.88776087760925293 0.091027848422527313
vt 0.88776087760925293 0.13653138279914856
vt 0.89616930484771729 0.13654109835624695
vt 0.89616930484771729 0.16686639189720154
vt 0.89616930484771729 0.19721299409866333
vt 0.82049351930618286 0.057462841272354126
vt 0.87094402313232422 0.17238852381706238
vt 0.64990407228469849 0.4335753321647644
vt 0.64302676916122437 0.4335753321647644
vt 0.64990407228469849 0.45063629746437073
vt 0.64302676916122437 0.45063629746437073
vt 0.64302676916122437 0.44210582971572876
vt 0.64990407228469849 0.44210582971572876
vt 0.65627491474151611 0.55667233467102051
vt 0.65627491474151611 0.56354963779449463
vt 0.68470984697341919 0.55667233467102051
vt 0.68470984697341919 0.56354963779449463
vt 0.67049235105514526 0.56354963779449463
vt 0.67049235105514526 0.55667233467102051
vt 0.62239283323287964 0.59789544343948364
vt 0.62239283323287964 0.60477274656295776
vt 0.65082782506942749 0.59789544343948364
vt 0.65082782506942749 0.60477274656295776
vt 0.63187116384506226 0.59789544343948364
vt 0.64134949445724487 0.59789544343948364
vt 0.64134949445724487 0.60477274656295776
vt 0.63187116384506226 0.60477274656295776
vt 0.20429052412509918 0.85660815238952637
vt 0.20429052412509918 0.90210407972335815
vt 0.19612261652946472 0.90210407972335815
vt 0.18795470893383026 0.90210407972335815
vt 0.17978681623935699 0.89073008298873901
vt 0.17161890864372253 0.87935608625411987
vt 0.17706418037414551 0.87177342176437378
vt 0.18250945210456848 0.86419075727462769
vt 0.18795470893383026 0.85660815238952637
vt 0.20429052412509918 0.87935608625411987
vt 0.13682901859283447 0.77870714664459229
vt 0.15957699716091156 0.76164615154266357
vt 0.15957699716091156 0.77870714664459229
vt 0.14441168308258057 0.77302014827728271
vt 0.15199433267116547 0.76733314990997314
vt 0.14820300042629242 0.77870714664459229
vt 0.88462501764297485 0.44629094004631042
vt 0.87774771451950073 0.44629094004631042
vt 0.88462501764297485 0.46903893351554871
vt 0.87774771451950073 0.46903893351554871
vt 0.88462501764297485 0.4917868971824646
vt 0.87774771451950073 0.4917868971824646
vt 0.87774771451950073 0.45766493678092957
vt 0.87774771451950073 0.48041290044784546
vt 0.88462501764297485 0.45766493678092957
vt 0.88462501764297485 0.48041290044784546
vt 0.63997936248779297 0.4335753321647644
vt 0.63310205936431885 0.4335753321647644
vt 0.63997936248779297 0.45063629746437073
vt 0.63310205936431885 0.45063629746437073
vt 0.63310205936431885 0.44210582971572876
vt 0.63997936248779297 0.44210582971572876
vt 0.65295153856277466 0.51051098108291626
vt 0.65295153856277466 0.51738822460174561
vt 0.68138647079467773 0.51051098108291626
vt 0.68138647079467773 0.51738822460174561
vt 0.66716897487640381 0.51738822460174561
vt 0.66716897487640381 0.51051098108291626
vt 0.62239283323287964 0.57840812206268311
vt 0.62239283323287964 0.58528542518615723
vt 0.65082782506942749 0.57840812206268311
vt 0.65082782506942749 0.58528542518615723
vt 0.63187116384506226 0.57840812206268311
vt 0.64134949445724487 0.57840812206268311
vt 0.64134949445724487 0.58528542518615723
vt 0.63187116384506226 0.58528542518615723
vt 0.16982734203338623 0.85660815238952637
vt 0.16982734203338623 0.90210407972335815
vt 0.16982734203338623 0.86798208951950073
vt 0.16982734203338623 0.87935608625411987
vt 0.16982734203338623 0.89073008298873901
vt 0.16165944933891296 0.90210407972335815
vt 0.1534915417432785 0.90210407972335815
vt 0.14532363414764404 0.89073008298873901
vt 0.13715574145317078 0.87935608625411987
vt 0.14260101318359375 0.87177342176437378
vt 0.14804627001285553 0.86419075727462769
vt 0.1534915417432785 0.85660815238952637
vt 0.21399945020675659 0.73800915479660034
vt 0.23674742877483368 0.72094815969467163
vt 0.23674742877483368 0.73800915479660034
vt 0.22158211469650269 0.73232215642929077
vt 0.22916476428508759 0.7266351580619812
vt 0.22537344694137573 0.73800915479660034
vt 0.62977635860443115 0.49512383341789246
vt 0.62289905548095703 0.49512383341789246
vt 0.62977635860443115 0.51218479871749878
vt 0.62289905548095703 0.51218479871749878
vt 0.65295153856277466 0.49512383341789246
vt 0.65295153856277466 0.50200110673904419
vt 0.68138647079467773 0.49512383341789246
vt 0.68138647079467773 0.50200110673904419
vt 0.66716897487640381 0.50200110673904419
vt 0.66716897487640381 0.49512383341789246
vt 0.65295153856277466 0.54128521680831909
vt 0.65295153856277466 0.54816251993179321
vt 0.68138647079467773 0.54128521680831909
vt 0.68138647079467773 0.54816251993179321
vt 0.66716897487640381 0.54816251993179321
vt 0.66716897487640381 0.54128521680831909
vt 0.18827597796916962 0.75835812091827393
vt 0.21102394163608551 0.74129712581634521
vt 0.21102394163608551 0.75835812091827393
vt 0.19964995980262756 0.74982762336730957
vt 0.19964995980262756 0.75835812091827393
vt 0.18827597796916962 0.72094815969467163
vt 0.18827597796916962 0.73800915479660034
vt 0.21102394163608551 0.73800915479660034
vt 0.19964995980262756 0.72947865724563599
vt 0.19964995980262756 0.73800915479660034
vt 0.95029795169830322 0.84778308868408203
vt 0.95029795169830322 0.88190501928329468
vt 0.99582588672637939 0.84778308868408203
vt 0.99582588672637939 0.88190501928329468
vt 0.97306191921234131 0.84778308868408203
vt 0.97306191921234131 0.88190501928329468
vt 0.95029795169830322 0.78469401597976685
vt 0.95029795169830322 0.81881594657897949
vt 0.99582588672637939 0.78469401597976685
vt 0.99582588672637939 0.81881594657897949
vt 0.97306191921234131 0.81881594657897949
vt 0.97306191921234131 0.78469401597976685
vt 0.62012988328933716 0.49512383341789246
vt 0.61325258016586304 0.49512383341789246
vt 0.62012988328933716 0.51218479871749878
vt 0.61325258016586304 0.51218479871749878
vt 0.61325258016586304 0.50365430116653442
vt 0.62012988328933716 0.50365430116653442
vt 0.65295153856277466 0.52589809894561768
vt 0.65295153856277466 0.5327754020690918
vt 0.68138647079467773 0.52589809894561768
vt 0.68138647079467773 0.5327754020690918
vt 0.66716897487640381 0.5327754020690918
vt 0.66716897487640381 0.52589809894561768
vt 0.65295153856277466 0.44896245002746582
vt 0.65295153856277466 0.45583975315093994
vt 0.68138647079467773 0.44896245002746582
vt 0.68138647079467773 0.45583975315093994
vt 0.66716897487640381 0.45583975315093994
vt 0.66716897487640381 0.44896245002746582
vt 0.23875369131565094 0.85660815238952637
vt 0.23875369131565094 0.90210407972335815
vt 0.23058578372001648 0.90210407972335815
vt 0.22241789102554321 0.90210407972335815
vt 0.21424998342990875 0.89073008298873901
vt 0.20608207583427429 0.87935608625411987
vt 0.21424998342990875 0.86798208951950073
vt 0.22241789102554321 0.85660815238952637
vt 0.23875369131565094 0.87935608625411987
vt 0.16255250573158264 0.79905611276626587
vt 0.18530046939849854 0.78199511766433716
vt 0.18530046939849854 0.79905611276626587
vt 0.17392648756504059 0.79052561521530151
vt 0.17392648756504059 0.79905611276626587
vt 0.86754882335662842 0.44629094004631042
vt 0.8606715202331543 0.44629094004631042
vt 0.86754882335662842 0.4917868971824646
vt 0.8606715202331543 0.4917868971824646
vt 0.8606715202331543 0.46903893351554871
vt 0.8606715202331543 0.45766493678092957
vt 0.8606715202331543 0.48041290044784546
vt 0.86754882335662842 0.45766493678092957
vt 0.86754882335662842 0.46903893351554871
vt 0.86754882335662842 0.48041290044784546
vt 0.63005459308624268 0.4335753321647644
vt 0.62317728996276855 0.4335753321647644
vt 0.63005459308624268 0.45063629746437073
vt 0.62317728996276855 0.45063629746437073
vt 0.62317728996276855 0.44210582971572876
vt 0.63005459308624268 0.44210582971572876
vt 0.65295153856277466 0.4335753321647644
vt 0.65295153856277466 0.44045263528823853
vt 0.68138647079467773 0.4335753321647644
vt 0.68138647079467773 0.44045263528823853
vt 0.66716897487640381 0.44045263528823853
vt 0.66716897487640381 0.4335753321647644
vt 0.65295153856277466 0.47973671555519104
vt 0.65295153856277466 0.48661398887634277
vt 0.68138647079467773 0.47973671555519104
vt 0.68138647079467773 0.48661398887634277
vt 0.66716897487640381 0.48661398887634277
vt 0.66716897487640381 0.47973671555519104
vt 0.27649492025375366 0.80234414339065552
vt 0.27649492025375366 0.8478400707244873
vt 0.27649492025375366 0.81371814012527466
vt 0.27649492025375366 0.82509207725524902
vt 0.27649492025375366 0.83646607398986816
vt 0.26796445250511169 0.8478400707244873
vt 0.25943395495414734 0.8478400707244873
vt 0.25090345740318298 0.83646607398986816
vt 0.24237297475337982 0.82509207725524902
vt 0.25090345740318298 0.81371814012527466
vt 0.25943395495414734 0.80234414339065552
vt 0.13682901859283447 0.79905611276626587
vt 0.15957699716091156 0.78199511766433716
vt 0.15957699716091156 0.79905611276626587
vt 0.14820300042629242 0.79052561521530151
vt 0.14820300042629242 0.79905611276626587
vt 0.25409534573554993 0.85660815238952637
vt 0.24788935482501984 0.85660815238952637
vt 0.25409534573554993 0.90210407972335815
vt 0.24788935482501984 0.90210407972335815
vt 0.24853135645389557 0.85660815238952637
vt 0.25099235773086548 0.90210407972335815
vt 0.24788935482501984 0.87935608625411987
vt 0.25099235773086548 0.85660815238952637
vt 0.25409534573554993 0.87935608625411987
vt 0.25099235773086548 0.87935608625411987
vt 0.24944084882736206 0.87935608625411987
vt 0.24788935482501984 0.86798208951950073
vt 0.24944084882736206 0.85660815238952637
vt 0.25099235773086548 0.86798208951950073
vt 0.24944084882736206 0.86798208951950073
vt 0.24866510927677155 0.86798208951950073
vt 0.24788935482501984 0.86229509115219116
vt 0.24944084882736206 0.86229509115219116
vt 0.24866510927677155 0.86229509115219116
vt 0.24827723205089569 0.86229509115219116
vt 0.24788935482501984 0.85945159196853638
vt 0.24866510927677155 0.85945159196853638
vt 0.24827723205089569 0.85945159196853638
vt 0.68222624063491821 0.61822080612182617
vt 0.67455542087554932 0.61822080612182617
vt 0.68222624063491821 0.64665579795837402
vt 0.67455542087554932 0.64665579795837402
vt 0.68222624063491821 0.62769913673400879
vt 0.68222624063491821 0.63717746734619141
vt 0.67455542087554932 0.63717746734619141
vt 0.67455542087554932 0.62769913673400879
vt 0.69136655330657959 0.61822080612182617
vt 0.68369573354721069 0.61822080612182617
vt 0.69136655330657959 0.64665579795837402
vt 0.68369573354721069 0.64665579795837402
vt 0.69136655330657959 0.62769913673400879
vt 0.69136655330657959 0.63717746734619141
vt 0.68369573354721069 0.63717746734619141
vt 0.68369573354721069 0.62769913673400879
vt 0.62092339992523193 0.55667233467102051
vt 0.61325258016586304 0.55667233467102051
vt 0.62092339992523193 0.57373332977294922
vt 0.61325258016586304 0.57373332977294922
vt 0.61404609680175781 0.57373332977294922
vt 0.61325258016586304 0.56520283222198486
vt 0.62092339992523193 0.56520283222198486
vt 0.61708801984786987 0.56520283222198486
vt 0.61325258016586304 0.56946808099746704
vt 0.61517030000686646 0.56520283222198486
vt 0.61708801984786987 0.56946808099746704
vt 0.61517030000686646 0.56946808099746704
vt 0.61325258016586304 0.57160067558288574
vt 0.61421144008636475 0.56946808099746704
vt 0.61517030000686646 0.57160067558288574
vt 0.61421144008636475 0.57160067558288574
vt 0.63476371765136719 0.6173827052116394
vt 0.6518247127532959 0.64013069868087769
vt 0.63476371765136719 0.64013069868087769
vt 0.64045071601867676 0.6249653697013855
vt 0.64613771438598633 0.63254803419113159
vt 0.63476371765136719 0.62875670194625854
vt 0.25556018948554993 0.8837401270866394
vt 0.25556018948554993 0.90080112218856812
vt 0.27684330940246582 0.90080112218856812
vt 0.26265457272529602 0.88942712545394897
vt 0.26974892616271973 0.89511412382125854
vt 0.26620173454284668 0.90080112218856812
vt 0.25556018948554993 0.89227062463760376
vt 0.13682901859283447 0.72094815969467163
vt 0.13682901859283447 0.75507009029388428
vt 0.15957699716091156 0.72094815969467163
vt 0.15957699716091156 0.75507009029388428
vt 0.18232496082782745 0.72094815969467163
vt 0.18232496082782745 0.75507009029388428
vt 0.18232496082782745 0.73800915479660034
vt 0.13682901859283447 0.73800915479660034
vt 0.33068138360977173 0.62563306093215942
vt 0.33068138360977173 0.65829014778137207
vt 0.37471246719360352 0.62563306093215942
vt 0.37471246719360352 0.65829014778137207
vt 0.37471246719360352 0.64196163415908813
vt 0.33068138360977173 0.64196163415908813
vt 0.35269692540168762 0.62563306093215942
vt 0.35269692540168762 0.65829014778137207
vt 0.65627491474151611 0.58744657039642334
vt 0.65627491474151611 0.59432387351989746
vt 0.68470984697341919 0.58744657039642334
vt 0.68470984697341919 0.59432387351989746
vt 0.67049235105514526 0.58744657039642334
vt 0.67049235105514526 0.59432387351989746
vt 0.65627491474151611 0.57205945253372192
vt 0.65627491474151611 0.57893675565719604
vt 0.68470984697341919 0.57205945253372192
vt 0.68470984697341919 0.57893675565719604
vt 0.67049235105514526 0.57893675565719604
vt 0.67049235105514526 0.57205945253372192
vt 0.81667232513427734 0.44629094004631042
vt 0.80979502201080322 0.44629094004631042
vt 0.81667232513427734 0.46903893351554871
vt 0.80979502201080322 0.46903893351554871
vt 0.81667232513427734 0.4917868971824646
vt 0.80979502201080322 0.4917868971824646
vt 0.80979502201080322 0.45766493678092957
vt 0.80979502201080322 0.48041290044784546
vt 0.81667232513427734 0.45766493678092957
vt 0.81667232513427734 0.48041290044784546
vt 0.61325258016586304 0.6173827052116394
vt 0.63031357526779175 0.64013069868087769
vt 0.61325258016586304 0.64013069868087769
vt 0.62178307771682739 0.62875670194625854
vt 0.61325258016586304 0.62875670194625854
vt 0.21399945020675659 0.74129712581634521
vt 0.21399945020675659 0.75835812091827393
vt 0.23674742877483368 0.75835812091827393
vt 0.22537344694137573 0.74982762336730957
vt 0.22537344694137573 0.75835812091827393
vt 0.24642451107501984 0.85660815238952637
vt 0.24021853506565094 0.85660815238952637
vt 0.24642451107501984 0.90210407972335815
vt 0.24021853506565094 0.90210407972335815
vt 0.24086053669452667 0.90210407972335815
vt 0.24021853506565094 0.87935608625411987
vt 0.24332152307033539 0.85660815238952637
vt 0.24642451107501984 0.87935608625411987
vt 0.24332152307033539 0.87935608625411987
vt 0.24021853506565094 0.89073008298873901
vt 0.24177002906799316 0.87935608625411987
vt 0.24332152307033539 0.89073008298873901
vt 0.24177002906799316 0.89073008298873901
vt 0.24021853506565094 0.89641708135604858
vt 0.24099427461624146 0.89073008298873901
vt 0.24177002906799316 0.89641708135604858
vt 0.24099427461624146 0.89641708135604858
vt 0.24021853506565094 0.89926058053970337
vt 0.24060641229152679 0.89641708135604858
vt 0.24099427461624146 0.89926058053970337
vt 0.24060641229152679 0.89926058053970337
vt 0.24083465337753296 0.85660815238952637
vt 0.24021853506565094 0.86798208951950073
vt 0.24177002906799316 0.85660815238952637
vt 0.24332152307033539 0.86798208951950073
vt 0.24177002906799316 0.86798208951950073
vt 0.24099427461624146 0.86798208951950073
vt 0.24021853506565094 0.86229509115219116
vt 0.24177002906799316 0.86229509115219116
vt 0.24099427461624146 0.86229509115219116
vt 0.24060641229152679 0.86229509115219116
vt 0.24021853506565094 0.85945159196853638
vt 0.24099427461624146 0.85945159196853638
vt 0.24060641229152679 0.85945159196853638
vt 0.62239283323287964 0.55667233467102051
vt 0.62239283323287964 0.5643431544303894
vt 0.63945382833480835 0.55667233467102051
vt 0.63945382833480835 0.5643431544303894
vt 0.62239283323287964 0.56354963779449463
vt 0.63945382833480835 0.56050771474838257
vt 0.63092333078384399 0.5643431544303894
vt 0.63092333078384399 0.55667233467102051
vt 0.63092333078384399 0.56050771474838257
vt 0.63092333078384399 0.56242543458938599
vt 0.62665808200836182 0.5643431544303894
vt 0.62665808200836182 0.56050771474838257
vt 0.62665808200836182 0.56242543458938599
vt 0.62665808200836182 0.5633842945098877
vt 0.62452548742294312 0.5643431544303894
vt 0.62452548742294312 0.56242543458938599
vt 0.62452548742294312 0.5633842945098877
vt 0.63945382833480835 0.56354963779449463
vt 0.63945382833480835 0.56242543458938599
vt 0.63518857955932617 0.5643431544303894
vt 0.63518857955932617 0.56050771474838257
vt 0.63518857955932617 0.56242543458938599
vt 0.63732123374938965 0.5643431544303894
vt 0.63518857955932617 0.5633842945098877
vt 0.63732123374938965 0.56242543458938599
vt 0.63732123374938965 0.5633842945098877
vt 0.67308598756790161 0.61822080612182617
vt 0.66541516780853271 0.61822080612182617
vt 0.67308598756790161 0.64665579795837402
vt 0.66541516780853271 0.64665579795837402
vt 0.66620868444442749 0.61822080612182617
vt 0.66541516780853271 0.6324383020401001
vt 0.66925054788589478 0.6324383020401001
vt 0.66733288764953613 0.6324383020401001
vt 0.66925054788589478 0.62532955408096313
vt 0.66733288764953613 0.62532955408096313
vt 0.66637402772903442 0.62532955408096313
vt 0.66733288764953613 0.62177520990371704
vt 0.66637402772903442 0.62177520990371704
vt 0.66589456796646118 0.62177520990371704
vt 0.66637402772903442 0.61999803781509399
vt 0.66589456796646118 0.61999803781509399
vt 0.67308598756790161 0.6324383020401001
vt 0.66394573450088501 0.61822080612182617
vt 0.65627491474151611 0.61822080612182617
vt 0.66394573450088501 0.64665579795837402
vt 0.65627491474151611 0.64665579795837402
vt 0.66394573450088501 0.6324383020401001
vt 0.65627491474151611 0.6324383020401001
vt 0.64986282587051392 0.49512383341789246
vt 0.64219200611114502 0.49512383341789246
vt 0.64986282587051392 0.51218479871749878
vt 0.64219200611114502 0.51218479871749878
vt 0.64295357465744019 0.51218479871749878
vt 0.64219200611114502 0.50365430116653442
vt 0.64986282587051392 0.50365430116653442
vt 0.64602738618850708 0.50365430116653442
vt 0.64219200611114502 0.5079195499420166
vt 0.64410972595214844 0.50365430116653442
vt 0.64602738618850708 0.5079195499420166
vt 0.64410972595214844 0.5079195499420166
vt 0.64219200611114502 0.51005220413208008
vt 0.64315086603164673 0.5079195499420166
vt 0.64410972595214844 0.51005220413208008
vt 0.64315086603164673 0.51005220413208008
vt 0.16255250573158264 0.77870714664459229
vt 0.18530046939849854 0.76164615154266357
vt 0.18530046939849854 0.77870714664459229
vt 0.17392648756504059 0.77017664909362793
vt 0.17392648756504059 0.77870714664459229
vt 0.25556018948554993 0.85660815238952637
vt 0.25556018948554993 0.8736690878868103
vt 0.27684330940246582 0.8736690878868103
vt 0.26620173454284668 0.86513859033584595
vt 0.26620173454284668 0.8736690878868103
vt 0.80129659175872803 0.4335753321647644
vt 0.80129659175872803 0.44045263528823853
vt 0.89228850603103638 0.4335753321647644
vt 0.89228850603103638 0.44045263528823853
vt 0.87712317705154419 0.44045263528823853
vt 0.861957848072052 0.44045263528823853
vt 0.84679251909255981 0.44045263528823853
vt 0.8316272497177124 0.44045263528823853
vt 0.81646192073822021 0.44045263528823853
vt 0.81646192073822021 0.4335753321647644
vt 0.8316272497177124 0.4335753321647644
vt 0.84679251909255981 0.4335753321647644
vt 0.861957848072052 0.4335753321647644
vt 0.87712317705154419 0.4335753321647644
vt 0.33068138360977173 0.59151113033294678
vt 0.33068138360977173 0.62416821718215942
vt 0.37471246719360352 0.59151113033294678
vt 0.37471246719360352 0.62416821718215942
vt 0.33068138360977173 0.60783964395523071
vt 0.37471246719360352 0.60783964395523071
vt 0.35270467400550842 0.59151113033294678
vt 0.35269692540168762 0.62416821718215942
vt 0.75366169214248657 0.68184065818786621
vt 0.75366169214248657 0.78420650959014893
vt 0.79983174800872803 0.68184065818786621
vt 0.79983174800872803 0.78420650959014893
vt 0.75366169214248657 0.73302358388900757
vt 0.79983174800872803 0.73302358388900757
vt 0.80129659175872803 0.44629094004631042
vt 0.80129659175872803 0.48041290044784546
vt 0.80814194679260254 0.44629094004631042
vt 0.80814194679260254 0.48041290044784546
vt 0.80129659175872803 0.46335193514823914
vt 0.80814194679260254 0.46335193514823914
vt 0.18827597796916962 0.76164615154266357
vt 0.18827597796916962 0.79576808214187622
vt 0.2337719202041626 0.76164615154266357
vt 0.2337719202041626 0.79576808214187622
vt 0.21102394163608551 0.76164615154266357
vt 0.211016446352005 0.79576808214187622
vt 0.18827597796916962 0.77870714664459229
vt 0.88628584146499634 0.44674721360206604
vt 0.89314711093902588 0.44681358337402344
vt 0.89314711093902588 0.45820355415344238
vt 0.89314711093902588 0.46959352493286133
vt 0.89314711093902588 0.48098349571228027
vt 0.89314711093902588 0.49237346649169922
vt 0.88630181550979614 0.4923710823059082
vt 0.88629782199859619 0.48096510767936707
vt 0.88629382848739624 0.46955913305282593
vt 0.88628983497619629 0.45815318822860718
vt 0.32448947429656982 0.84116339683532715
vt 0.32448947429656982 0.7507893443107605
vt 0.35861143469810486 0.75077885389328003
vt 0.3927333652973175 0.75077885389328003
vt 0.35861143469810486 0.84116339683532715
vt 0.35861143469810486 0.79639303684234619
vt 0.42685532569885254 0.75077885389328003
vt 0.42685532569885254 0.79637730121612549
vt 0.3927333652973175 0.79638516902923584
vt 0.32448947429656982 0.79597634077072144
vt 0.80129659175872803 0.65851593017578125
vt 0.80129659175872803 0.72675985097885132
vt 0.89228850603103638 0.65851593017578125
vt 0.89228850603103638 0.72675985097885132
vt 0.84679251909255981 0.65851593017578125
vt 0.80129659175872803 0.6926378607749939
vt 0.89228850603103638 0.6926378607749939
vt 0.84679251909255981 0.72675985097885132
vt 0.89228850603103638 0.78469401597976685
vt 0.89228850603103638 0.85293793678283691
vt 0.80134457349777222 0.78469401597976685
vt 0.8468165397644043 0.78469401597976685
vt 0.80132323503494263 0.85293793678283691
vt 0.80133390426635742 0.81881594657897949
vt 0.8468058705329895 0.85293793678283691
vt 0.68149650096893311 0
vt 0.61325258016586304 0
vt 0.61325258016586304 0.11373983323574066
vt 0.68149650096893311 0.090991869568824768
vt 0.67296600341796875 0.090991869568824768
vt 0.66443550586700439 0.090991869568824768
vt 0.65590500831604004 0.10236585140228271
vt 0.64737451076507568 0.11373983323574066
vt 0.64737451076507568 0.10236585140228271
vt 0.64737451076507568 0.090991869568824768
vt 0.63884401321411133 0.090991869568824768
vt 0.63031357526779175 0.090991869568824768
vt 0.62178307771682739 0.10236585140228271
vt 0.68149650096893311 0.045495934784412384
vt 0.61325258016586304 0.075826562941074371
vt 0.61325258016586304 0.037913281470537186
vt 0.27830815315246582 0.55738914012908936
vt 0.27830815315246582 0.59004628658294678
vt 0.36930000782012939 0.55738914012908936
vt 0.36930000782012939 0.59004628658294678
vt 0.35413470864295959 0.59004628658294678
vt 0.33896940946578979 0.59004628658294678
vt 0.32380408048629761 0.59004628658294678
vt 0.30863878130912781 0.59004628658294678
vt 0.29347345232963562 0.59004628658294678
vt 0.27830815315246582 0.57371771335601807
vt 0.30863878130912781 0.55738914012908936
vt 0.33896940946578979 0.55738914012908936
vt 0.13536417484283447 0.68025016784667969
vt 0.068414509296417236 0.68025016784667969
vt 0.13536417484283447 0.77130597829818726
vt 0.068414509296417236 0.77130597829818726
vt 0.10188934206962585 0.77130597829818726
vt 0.13536417484283447 0.72577810287475586
vt 0.068414509296417236 0.72577810287475586
vt 0.43564629554748535 0.064794071018695831
vt 0 0.31757381558418274
vt 0.0068772910162806511 0.31757381558418274
vt 0.036303870379924774 0.32397034764289856
vt 0.036303870379924774 0.29157328605651855
vt 0.018151920288801193 0.32397034764289856
vt 0.018151920288801193 0.29157328605651855
vt 0.036303870379924774 0.30777180194854736
vt 0.018151920288801193 0.30777180194854736
vt 0 0.362923264503479
vt 0 0.34024852514266968
vt 0.46877789497375488 0.045349471271038055
vt 0.46190059185028076 0.045349471271038055
vt 0.43564629554748535 0.032397035509347916
vt 0.45379823446273804 0.064794071018695831
vt 0.43564629554748535 0.048595547676086426
vt 0.45379823446273804 0.032397035509347916
vt 0.45379823446273804 0.048595547676086426
vt 0.46877789497375488 0
vt 0.46877789497375488 0.022674735635519028
vt 0.28074237704277039 0.45355844497680664
vt 0.28074237704277039 0.43088370561599731
vt 0.28074237704277039 0.40820896625518799
vt 0.30349034070968628 0.40820896625518799
vt 0.32623830437660217 0.40820896625518799
vt 0.46275809407234192 0.13605105876922607
vt 0.41640466451644897 0.13606435060501099
vt 0.46191659569740295 0.090698942542076111
vt 0.50825399160385132 0.090683005750179291
vt 0.052373241633176804 0.27222433686256409
vt 0.052373241633176804 0.31757381558418274
vt 0.052373241633176804 0.362923264503479
vt 0.0068772910162806511 0.22687484323978424
vt 0.05234924703836441 0.22687484323978424
vt 0.097821205854415894 0.22687484323978424
vt 0.0068772910162806511 0.27222433686256409
vt 0.14330112934112549 0.18149350583553314
vt 0.14330112934112549 0.15126052498817444
vt 0.14330112934112549 0.12102754414081573
vt 0.14330112934112549 0.090794563293457031
vt 0.27982091903686523 0.045381344854831696
vt 0.27982091903686523 0.090762689709663391
vt 0.27982091903686523 0.13614404201507568
vt 0.097773216664791107 0.18149350583553314
vt 0.23429299890995026 0.045381344854831696
vt 0.50825399160385132 0.31751006841659546
vt 0.46272611618041992 0.31751006841659546
vt 0.46272611618041992 0.36285951733589172
vt 0.41723015904426575 0.36285951733589172
vt 0.37173423171043396 0.36285951733589172
vt 0.32623830437660217 0.31751006841659546
vt 0.37171822786331177 0.31751006841659546
vt 0.41719818115234375 0.31751006841659546
vt 0.1614995151758194 0.090791374444961548
vt 0.17969788610935211 0.090788193047046661
vt 0.19789627194404602 0.090785004198551178
vt 0.21609462797641754 0.090781822800636292
vt 0.23429299890995026 0.090778626501560211
vt 0.18882903456687927 0.22687484323978424
vt 0.14333312213420868 0.22687484323978424
vt 0.41640466451644897 0.090722844004631042
vt 0.41640466451644897 0.045381344854831696
vt 0.41719818115234375 0.27212870121002197
vt 0.46272611618041992 0.27211543917655945
vt 0.026186605915427208 0.362923264503479
vt 0.14336511492729187 0.27222433686256409
vt 0.3708767294883728 0.045381344854831696
vt 0.32534882426261902 0.045381344854831696
vt 0.37173423171043396 0.45355844497680664
vt 0.32623830437660217 0.45355844497680664
vt 0.37173423171043396 0.40820896625518799
vt 0.23430898785591125 0.13614404201507568
vt 0.18879707157611847 0.13614404201507568
vt 0.097869157791137695 0.27222433686256409
vt 0.23429299890995026 0
vt 0.2733738124370575 0
vt 0.31245464086532593 0
vt 0.35153543949127197 0
vt 0.39061626791954041 0
vt 0.42969706654548645 0
vt 0.32623830437660217 0.36285951733589172
vt 0.46273675560951233 0.2267606258392334
vt 0.46274742484092712 0.18140585720539093
vt 0.18881307542324066 0.18150945007801056
vt 0.50825399160385132 0.22677125036716461
vt 0.50825399160385132 0.25701752305030823
vt 0.50825399160385132 0.28726381063461304
vt 0.50825399160385132 0.12093192338943481
vt 0.50825399160385132 0.15118084847927094
vt 0.50825399160385132 0.18140850961208344
vt 0.50825399160385132 0.19654358923435211
vt 0.50825399160385132 0.21165741980075836
vt 0.89480406045913696 0.4335753321647644
vt 0.89480406045913696 0.50181925296783447
vt 0.94030004739761353 0.4335753321647644
vt 0.94030004739761353 0.44210582971572876
vt 0.94030004739761353 0.45063629746437073
vt 0.95167398452758789 0.45916679501533508
vt 0.96304798126220703 0.46769729256629944
vt 0.95167398452758789 0.46769729256629944
vt 0.94030004739761353 0.46769729256629944
vt 0.94030004739761353 0.47622776031494141
vt 0.94030004739761353 0.48475825786590576
vt 0.95167398452758789 0.49328875541687012
vt 0.89480406045913696 0.46769729256629944
vt 0.96304798126220703 0.50181925296783447
vt 0.92892605066299438 0.50181925296783447
vt 0.99716991186141968 0.6140296459197998
vt 0.89480406045913696 0.6140296459197998
vt 0.99716991186141968 0.56850177049636841
vt 0.92892605066299438 0.6140296459197998
vt 0.89480406045913696 0.56853371858596802
vt 0.92892605066299438 0.56852304935455322
vt 0.96304798126220703 0.5685124397277832
vt 0.96304798126220703 0.6140296459197998
vt 0.20429052412509918 0.80234414339065552
vt 0.20429052412509918 0.8478400707244873
vt 0.1371646523475647 0.82509207725524902
vt 0.14275847375392914 0.81750947237014771
vt 0.14835229516029358 0.80992680788040161
vt 0.15394611656665802 0.80234414339065552
vt 0.17055976390838623 0.82509207725524902
vt 0.15369439125061035 0.82509207725524902
vt 0.17055976390838623 0.83646607398986816
vt 0.15369439125061035 0.83646607398986816
vt 0.17055976390838623 0.81371814012527466
vt 0.15369439125061035 0.81371814012527466
vt 0.15394611656665802 0.8478400707244873
vt 0.14835229516029358 0.84025740623474121
vt 0.14275847375392914 0.83267474174499512
vt 0.17072758078575134 0.8478400707244873
vt 0.16233685612678528 0.8478400707244873
vt 0.1874251514673233 0.82509207725524902
vt 0.1874251514673233 0.83646607398986816
vt 0.18750905990600586 0.8478400707244873
vt 0.20429052412509918 0.81373411417007446
vt 0.20429052412509918 0.82512408494949341
vt 0.20429052412509918 0.83651405572891235
vt 0.17072758078575134 0.80234414339065552
vt 0.42839744687080383 0.78531354665756226
vt 0.42839744687080383 0.88767939805984497
vt 0.61050909757614136 0.78531354665756226
vt 0.61050909757614136 0.88767939805984497
vt 0.45116141438484192 0.78531354665756226
vt 0.47392535209655762 0.78531354665756226
vt 0.51945328712463379 0.78531354665756226
vt 0.56498116254806519 0.78531354665756226
vt 0.42839744687080383 0.85355746746063232
vt 0.42839744687080383 0.81943553686141968
vt 0.47392535209655762 0.81943553686141968
vt 0.45116141438484192 0.81943553686141968
vt 0.45116141438484192 0.81943553686141968
vt 0.61050909757614136 0.85355746746063232
vt 0.51945328712463379 0.88767939805984497
vt 0.066779054701328278 0.79556113481521606
vt 0 0.79556113481521606
vt 0.066779054701328278 0.84108906984329224
vt 0 0.84108906984329224
vt 0.033389527350664139 0.84108906984329224
vt 0.033389527350664139 0.79556113481521606
vt 0.90063083171844482 0.78469401597976685
vt 0.90063083171844482 0.85293793678283691
vt 0.94612675905227661 0.78469401597976685
vt 0.94612675905227661 0.85293793678283691
vt 0.94612675905227661 0.81881594657897949
vt 0.90063083171844482 0.81881594657897949
vt 0.27830815315246582 0.90940725803375244
vt 0.41479596495628357 0.84262824058532715
vt 0.41479596495628357 0.90940725803375244
vt 0.32380408048629761 0.84262824058532715
vt 0.36930003762245178 0.84262824058532715
vt 0.41479596495628357 0.87601774930953979
vt 0.27830815315246582 0.87601774930953979
vt 0.32380408048629761 0.87601774930953979
vt 0.3465520441532135 0.90940725803375244
vt 0.13682901859283447 0.68025016784667969
vt 0.13682901859283447 0.71437209844589233
vt 0.22782088816165924 0.68025016784667969
vt 0.22782088816165924 0.71437209844589233
vt 0.13682901859283447 0.6973111629486084
vt 0.18232496082782745 0.68025016784667969
vt 0.18232496082782745 0.71437209844589233
vt 0.27384489774703979 0.68025016784667969
vt 0.23972293734550476 0.68025016784667969
vt 0.27384489774703979 0.77124202251434326
vt 0.23972293734550476 0.77124202251434326
vt 0.27384489774703979 0.72574609518051147
vt 0.23972293734550476 0.72574609518051147
vt 0.13913233578205109 0.55289244651794434
vt 0.16472379863262177 0.47949057817459106
vt 0.16472379863262177 0.50395786762237549
vt 0.16472379863262177 0.52842515707015991
vt 0.19031526148319244 0.47949057817459106
vt 0.19031526148319244 0.50395786762237549
vt 0.19031526148319244 0.52842515707015991
vt 0.21590672433376312 0.47949057817459106
vt 0.21590672433376312 0.50395786762237549
vt 0.21590672433376312 0.52842515707015991
vt 0.2414981871843338 0.55289244651794434
vt 0.19031526148319244 0.46190059185028076
vt 0.19031526148319244 0.45502328872680664
vt 0.21590672433376312 0.46725693345069885
vt 0.20311099290847778 0.47949057817459106
vt 0.19031526148319244 0.46725693345069885
vt 0.20311099290847778 0.46725693345069885
vt 0.17325429618358612 0.46190059185028076
vt 0.1561933159828186 0.46190059185028076
vt 0.1561933159828186 0.45502328872680664
vt 0.16472379863262177 0.46725693345069885
vt 0.15192806720733643 0.47949057817459106
vt 0.15192806720733643 0.46725693345069885
vt 0.17325429618358612 0.45502328872680664
vt 0.1775195300579071 0.47949057817459106
vt 0.1775195300579071 0.46725693345069885
vt 0.13913233578205109 0.46190059185028076
vt 0.20737624168395996 0.45502328872680664
vt 0.20737624168395996 0.46190059185028076
vt 0.17325429618358612 0.55289244651794434
vt 0.1561933159828186 0.55289244651794434
vt 0.22443722188472748 0.46190059185028076
vt 0.2414981871843338 0.46190059185028076
vt 0.2414981871843338 0.48009896278381348
vt 0.2414981871843338 0.49829733371734619
vt 0.2414981871843338 0.51649570465087891
vt 0.2414981871843338 0.53469407558441162
vt 0.1988457590341568 0.45502328872680664
vt 0.16472379863262177 0.45502328872680664
vt 0.22443722188472748 0.55289244651794434
vt 0.20737624168395996 0.55289244651794434
vt 0.19031526148319244 0.55289244651794434
vt 0.13913233578205109 0.53469407558441162
vt 0.13913233578205109 0.51649570465087891
vt 0.13913233578205109 0.49829733371734619
vt 0.13913233578205109 0.48009896278381348
vt 0.65857434272766113 0.78420650959014893
vt 0.61325258016586304 0.68184065818786621
vt 0.65854251384735107 0.68184065818786621
vt 0.63592934608459473 0.78420650959014893
vt 0.6132844090461731 0.78420650959014893
vt 0.6585584282875061 0.73302358388900757
vt 0.61326849460601807 0.73302358388900757
vt 0.70684218406677246 0.78420650959014893
vt 0.71372038125991821 0.71596264839172363
vt 0.70687407255172729 0.71596264839172363
vt 0.7295195460319519 0.73302358388900757
vt 0.7295195460319519 0.70743215084075928
vt 0.71818089485168457 0.73302358388900757
vt 0.71818089485168457 0.70743215084075928
vt 0.70687407255172729 0.68184065818786621
vt 0.75213319063186646 0.78420650959014893
vt 0.72948765754699707 0.78420650959014893
vt 0.70684218406677246 0.75008457899093628
vt 0.71372038125991821 0.75008457899093628
vt 0.7295195460319519 0.75861507654190063
vt 0.70684218406677246 0.75861507654190063
vt 0.71818089485168457 0.75861507654190063
vt 0.71372038125991821 0.73871058225631714
vt 0.71372038125991821 0.727336585521698
vt 0.75219684839248657 0.68184065818786621
vt 0.75216501951217651 0.73302358388900757
vt 0.66007101535797119 0.68184065818786621
vt 0.70536142587661743 0.68184065818786621
vt 0.66007101535797119 0.78420650959014893
vt 0.66007101535797119 0.73302358388900757
vt 0.70536142587661743 0.78420650959014893
vt 0.6827162504196167 0.78420650959014893
vt 0.70536142587661743 0.73302358388900757
vt 0.61325258016586304 0.22819754481315613
vt 0.70276385545730591 0.22819754481315613
vt 0.70275598764419556 0.27938047051429749
vt 0.70274811983108521 0.33056339621543884
vt 0.65798461437225342 0.33056339621543884
vt 0.65798461437225342 0.29644143581390381
vt 0.65800821781158447 0.22819754481315613
vt 0.61325258016586304 0.29644143581390381
vt 0.80129659175872803 0.53233784437179565
vt 0.80129659175872803 0.60058170557022095
vt 0.89225649833679199 0.53233784437179565
vt 0.89225649833679199 0.60058170557022095
vt 0.84677654504776001 0.53233784437179565
vt 0.89225649833679199 0.5664597749710083
vt 0.80129659175872803 0.5664597749710083
vt 0.84677654504776001 0.60058170557022095
vt 0 0.68025016784667969
vt 0.066949665546417236 0.72577810287475586
vt 0 0.72577810287475586
vt 0.066949665546417236 0.68025016784667969
vt 0.033474832773208618 0.72577810287475586
vt 0.033474832773208618 0.68025016784667969
vt 0.27830815315246582 0.65829014778137207
vt 0.32921653985977173 0.59151113033294678
vt 0.32921653985977173 0.64159542322158813
vt 0.32176026701927185 0.64159542322158813
vt 0.32921653985977173 0.62490063905715942
vt 0.30376234650611877 0.62490063905715942
vt 0.30376234650611877 0.64159542322158813
vt 0.31648942828178406 0.62490063905715942
vt 0.31648942828178406 0.64159542322158813
vt 0.32176026701927185 0.64994275569915771
vt 0.32176026701927185 0.65829014778137207
vt 0.27830815315246582 0.62490063905715942
vt 0.32256269454956055 0.62490063905715942
vt 0.32256269454956055 0.59151113033294678
vt 0.32176026701927185 0.62490063905715942
vt 0.32285299897193909 0.62490063905715942
vt 0.32285299897193909 0.61655324697494507
vt 0.32285299897193909 0.62072694301605225
vt 0.31967121362686157 0.62490063905715942
vt 0.31648942828178406 0.63324803113937378
vt 0.32285299897193909 0.63324803113937378
vt 0.31012588739395142 0.62490063905715942
vt 0.2910352349281311 0.62490063905715942
vt 0.32285299897193909 0.62281376123428345
vt 0.32603475451469421 0.62490063905715942
vt 0.32603475451469421 0.61655324697494507
vt 0.32603475451469421 0.62072694301605225
vt 0.32285299897193909 0.6290743350982666
vt 0.31967121362686157 0.63324803113937378
vt 0.31648942828178406 0.6290743350982666
vt 0.31967121362686157 0.6290743350982666
vt 0.31012588739395142 0.64159542322158813
vt 0.30376234650611877 0.63324803113937378
vt 0.31012588739395142 0.63324803113937378
vt 0.2910352349281311 0.64159542322158813
vt 0.7925751805305481 0.52463114261627197
vt 0.76981121301651001 0.52463114261627197
vt 0.74704724550247192 0.47908726334571838
vt 0.74704724550247192 0.4563312828540802
vt 0.7925751805305481 0.4335753321647644
vt 0.7925751805305481 0.47910323739051819
vt 0.74704724550247192 0.52463114261627197
vt 0.74704724550247192 0.4335753321647644
vt 0.73833191394805908 0.52456718683242798
vt 0.69283598661422729 0.4563232958316803
vt 0.69283598661422729 0.44494929909706116
vt 0.7155839204788208 0.47907125949859619
vt 0.70420998334884644 0.47907125949859619
vt 0.7155839204788208 0.4563232958316803
vt 0.70420998334884644 0.4563232958316803
vt 0.69283598661422729 0.52456718683242798
vt 0.69283598661422729 0.49044525623321533
vt 0.73833191394805908 0.47910323739051819
vt 0.73833191394805908 0.43440085649490356
vt 0.69283598661422729 0.4335753321647644
vt 0.7155839204788208 0.4335753321647644
vt 0.73833191394805908 0.4335753321647644
vt 0.72695791721343994 0.47907125949859619
vt 0.72695791721343994 0.4563232958316803
vt 0.73264491558074951 0.4563232958316803
vt 0.72695791721343994 0.44494929909706116
vt 0.73264491558074951 0.44494929909706116
vt 0.7354884147644043 0.44494929909706116
vt 0.73264491558074951 0.43926233053207397
vt 0.7354884147644043 0.43926233053207397
vt 0.73691016435623169 0.43926233053207397
vt 0.7354884147644043 0.43641883134841919
vt 0.73691016435623169 0.43641883134841919
vt 0.78225117921829224 0
vt 0.69125932455062866 0
vt 0.73675525188446045 0.090991869568824768
vt 0.71400725841522217 0.090991869568824768
vt 0.73675525188446045 0.045495934784412384
vt 0.73675525188446045 0.068243898451328278
vt 0.78225117921829224 0.045495934784412384
vt 0.69125932455062866 0.090991869568824768
vt 0.69125932455062866 0.045495934784412384
vt 0.73675525188446045 0
vt 0.066779054701328278 0.85321664810180664
vt 0 0.85321664810180664
vt 0.066779054701328278 0.89874452352523804
vt 0 0.89874452352523804
vt 0.050084292888641357 0.89874452352523804
vt 0.033389527350664139 0.89874452352523804
vt 0.016694763675332069 0.89874452352523804
vt 0.033389527350664139 0.85321664810180664
vt 0.37617731094360352 0.55738914012908936
vt 0.42708569765090942 0.62563306093215942
vt 0.37617731094360352 0.62563306093215942
vt 0.42040076851844788 0.60857206583023071
vt 0.42708569765090942 0.60857206583023071
vt 0.40163150429725647 0.59151113033294678
vt 0.40163150429725647 0.60857206583023071
vt 0.41435861587524414 0.59151113033294678
vt 0.41435861587524414 0.60857206583023071
vt 0.42040076851844788 0.59151113033294678
vt 0.42708569765090942 0.59151113033294678
vt 0.42040076851844788 0.57445013523101807
vt 0.42708569765090942 0.57445013523101807
vt 0.40163150429725647 0.57445013523101807
vt 0.41435861587524414 0.57445013523101807
vt 0.42040076851844788 0.55738914012908936
vt 0.37617731094360352 0.59151113033294678
vt 0.40163150429725647 0.62563306093215942
vt 0.13536417484283447 0.79556113481521606
vt 0.13536417484283447 0.88655298948287964
vt 0.1186675950884819 0.84105706214904785
vt 0.11031930148601532 0.82968306541442871
vt 0.10197100788354874 0.81830912828445435
vt 0.11031930148601532 0.80693513154983521
vt 0.1186675950884819 0.79556113481521606
vt 0.08527442067861557 0.84105706214904785
vt 0.076926127076148987 0.82968306541442871
vt 0.068577833473682404 0.81830912828445435
vt 0.076926127076148987 0.80693513154983521
vt 0.08527442067861557 0.79556113481521606
vt 0.10197100788354874 0.79556113481521606
vt 0.10197100788354874 0.80693513154983521
vt 0.10197100788354874 0.82968306541442871
vt 0.10197100788354874 0.84105706214904785
vt 0.068577833473682404 0.86380505561828613
vt 0.076926127076148987 0.85243105888366699
vt 0.08527442067861557 0.88655298948287964
vt 0.076926127076148987 0.87517905235290527
vt 0.10197100788354874 0.88655298948287964
vt 0.093622714281082153 0.88655298948287964
vt 0.13536417484283447 0.81072646379470825
vt 0.13536417484283447 0.82589173316955566
vt 0.13536417484283447 0.84105706214904785
vt 0.13536417484283447 0.85622239112854004
vt 0.13536417484283447 0.87138772010803223
vt 0.12701588869094849 0.79556113481521606
vt 0.093622714281082153 0.79556113481521606
vt 0.12423311918973923 0.88655298948287964
vt 0.11310206353664398 0.88655298948287964
vt 0.11031930148601532 0.84105706214904785
vt 0.10180404037237167 0.81830912828445435
vt 0.10180404037237167 0.86380505561828613
vt 0.92285937070846558 0.11725043505430222
vt 0.92285937070846558 0.17587564885616302
vt 0.94808465242385864 0.11725043505430222
vt 0.94808465242385864 0.17587564885616302
vt 0.97330987453460693 0.058625217527151108
vt 0.97330987453460693 0.11725043505430222
vt 0.97330987453460693 0.17587564885616302
vt 0.99853515625 0
vt 0.98171830177307129 0.006877292413264513
vt 0.98171830177307129 0
vt 0.98592251539230347 0.058625217527151108
vt 0.97330987453460693 0.029312608763575554
vt 0.98592251539230347 0.029312608763575554
vt 0.98592251539230347 0.014656304381787777
vt 0.97961622476577759 0.029312608763575554
vt 0.97330987453460693 0.014656304381787777
vt 0.97961622476577759 0.014656304381787777
vt 0.94808465242385864 0.029312608763575554
vt 0.96069729328155518 0.029312608763575554
vt 0.96490150690078735 0.006877292413264513
vt 0.96490150690078735 0
vt 0.96700358390808105 0.029312608763575554
vt 0.96069729328155518 0.014656304381787777
vt 0.96700358390808105 0.014656304381787777
vt 0.94808465242385864 0.006877292413264513
vt 0.94808465242385864 0
vt 0.93547201156616211 0.029312608763575554
vt 0.94808465242385864 0.014656304381787777
vt 0.94177836179733276 0.029312608763575554
vt 0.93547201156616211 0.014656304381787777
vt 0.94177836179733276 0.014656304381787777
vt 0.93126779794692993 0.006877292413264513
vt 0.93126779794692993 0.097997069358825684
vt 0.94808465242385864 0.097997069358825684
vt 0.96490150690078735 0.097997069358825684
vt 0.96490150690078735 0.086591117084026337
vt 0.96490150690078735 0.075185149908065796
vt 0.96490150690078735 0.063779182732105255
vt 0.96490150690078735 0.05237322673201561
vt 0.96069729328155518 0.11725043505430222
vt 0.99853515625 0.039080813527107239
vt 0.99853515625 0.078161627054214478
vt 0.99853515625 0.11724244058132172
vt 0.99853515625 0.15632325410842896
vt 0.99853515625 0.19540406763553619
vt 0.99853515625 0.23448488116264343
vt 0.96490150690078735 0.23448488116264343
vt 0.93126779794692993 0.23448488116264343
vt 0.89763414859771729 0.23448488116264343
vt 0.93126779794692993 0.05237322673201561
vt 0.93126779794692993 0.029625261202454567
vt 0.89763414859771729 0.097997069358825684
vt 0.89763414859771729 0.20036293566226959
vt 0.89763414859771729 0.16624097526073456
vt 0.89763414859771729 0.13211902976036072
vt 0.90063083171844482 0.65851593017578125
vt 0.90063083171844482 0.72675985097885132
vt 0.99162274599075317 0.65851593017578125
vt 0.99162274599075317 0.67557692527770996
vt 0.99162274599075317 0.6926378607749939
vt 0.94612675905227661 0.65851593017578125
vt 0.94612675905227661 0.6926378607749939
vt 0.94612675905227661 0.72675985097885132
vt 0.90063083171844482 0.6926378607749939
vt 0.35861143469810486 0.65977072715759277
vt 0.3927333652973175 0.65977072715759277
vt 0.42685532569885254 0.65977072715759277
vt 0.42685532569885254 0.70453453063964844
vt 0.42685532569885254 0.74929827451705933
vt 0.37567239999771118 0.74928253889083862
vt 0.32448947429656982 0.74926680326461792
vt 0.32448947429656982 0.70450305938720703
vt 0.35861143469810486 0.70450305938720703
vt 0.32448947429656982 0.72688490152359009
vt 0.70424443483352661 0.22819754481315613
vt 0.79380345344543457 0.22819754481315613
vt 0.79380345344543457 0.33056339621543884
vt 0.74903970956802368 0.33056339621543884
vt 0.74903970956802368 0.31350243091583252
vt 0.74903970956802368 0.29644143581390381
vt 0.70424443483352661 0.29644143581390381
vt 0.74902397394180298 0.22819754481315613
vt 0.77142155170440674 0.33056339621543884
vt 0.79380345344543457 0.27938047051429749
vt 0.51936018466949463 0.76212084293365479
vt 0.47392675280570984 0.65975499153137207
vt 0.47392141819000244 0.69387698173522949
vt 0.47391608357429504 0.72799891233444214
vt 0.42842939496040344 0.65975499153137207
vt 0.42842939496040344 0.76212084293365479
vt 0.42842939496040344 0.71093791723251343
vt 0.51936018466949463 0.72799891233444214
vt 0.48904991149902344 0.76212084293365479
vt 0.45873966813087463 0.76212084293365479
vt 0.066949665546417236 0.73790562152862549
vt 0 0.73790562152862549
vt 0.066949665546417236 0.78343355655670166
vt 0 0.78343355655670166
vt 0.033474832773208618 0.78343355655670166
vt 0.033474832773208618 0.73790562152862549
vt 0.27830815315246582 0.55592429637908936
vt 0.41482794284820557 0.55592429637908936
vt 0.27830949425697327 0.505473792552948
vt 0.27831080555915833 0.45502328872680664
vt 0.41482794284820557 0.52229064702987671
vt 0.41482794284820557 0.53910750150680542
vt 0.34656804800033569 0.505473792552948
vt 0.34656804800033569 0.53069907426834106
vt 0.38069799542427063 0.505473792552948
vt 0.38069799542427063 0.53069907426834106
vt 0.3238120973110199 0.45502328872680664
vt 0.36931335926055908 0.45502328872680664
vt 0.41481462121009827 0.45502328872680664
vt 0.41482126712799072 0.48865696787834167
vt 0.34656804800033569 0.55592429637908936
vt 0.32302463054656982 0.84116339683532715
vt 0.27908807992935181 0.81850326061248779
vt 0.27908807992935181 0.80717319250106812
vt 0.27908807992935181 0.79584312438964844
vt 0.30066639184951782 0.75045919418334961
vt 0.28948727250099182 0.75045919418334961
vt 0.30066639184951782 0.79581129550933838
vt 0.28948727250099182 0.79581129550933838
vt 0.27908807992935181 0.84116339683532715
vt 0.27908807992935181 0.82983332872390747
vt 0.27830815315246582 0.65975499153137207
vt 0.32302463054656982 0.65975499153137207
vt 0.32302463054656982 0.75045919418334961
vt 0.27830815315246582 0.79571568965911865
vt 0.27830815315246582 0.76172554492950439
vt 0.27830815315246582 0.72773534059524536
vt 0.27830815315246582 0.6937451958656311
vt 0.28389772772789001 0.79581129550933838
vt 0.28948727250099182 0.81848734617233276
vt 0.28389772772789001 0.81848734617233276
vt 0.28110292553901672 0.81848734617233276
vt 0.28110292553901672 0.79581129550933838
vt 0.28389772772789001 0.80714929103851318
vt 0.28110292553901672 0.80714929103851318
vt 0.28389772772789001 0.75045919418334961
vt 0.28948727250099182 0.77313524484634399
vt 0.28389772772789001 0.77313524484634399
vt 0.30066639184951782 0.70510709285736084
vt 0.28948727250099182 0.70510709285736084
vt 0.27970555424690247 0.79581129550933838
vt 0.28110292553901672 0.80148029327392578
vt 0.27970555424690247 0.80148029327392578
vt 0.28110292553901672 0.77313524484634399
vt 0.28389772772789001 0.7844732403755188
vt 0.28110292553901672 0.7844732403755188
vt 0.27970555424690247 0.79864579439163208
vt 0.27970555424690247 0.7844732403755188
vt 0.28110292553901672 0.7901422381401062
vt 0.27970555424690247 0.7901422381401062
vt 0.27900683879852295 0.7901422381401062
vt 0.27970555424690247 0.79297679662704468
vt 0.27900683879852295 0.79297679662704468
vt 0 0.45502328872680664
vt 0.03411395475268364 0.50051921606063843
vt 0.068227909505367279 0.54601514339447021
vt 0.068227909505367279 0.59151113033294678
vt 0.045463953167200089 0.63700705766677856
vt 0.045463953167200089 0.62563306093215942
vt 0.045463953167200089 0.61425906419754028
vt 0.051170933991670609 0.59151113033294678
vt 0.068227909505367279 0.61425906419754028
vt 0.051170933991670609 0.61425906419754028
vt 0.045463953167200089 0.60288506746292114
vt 0.045463953167200089 0.59151113033294678
vt 0.051170933991670609 0.54601514339447021
vt 0.068227909505367279 0.5687631368637085
vt 0.051170933991670609 0.5687631368637085
vt 0.046257488429546356 0.5687631368637085
vt 0.046257488429546356 0.55738914012908936
vt 0.046257488429546356 0.54601514339447021
vt 0.03411395475268364 0.52326720952987671
vt 0.068227909505367279 0.52326720952987671
vt 0.051170933991670609 0.52326720952987671
vt 0.046257488429546356 0.59151113033294678
vt 0.046257488429546356 0.58013713359832764
vt 0.13645581901073456 0.59151113033294678
vt 0.13645581901073456 0.61425906419754028
vt 0.13645581901073456 0.63700705766677856
vt 0.11825745552778244 0.63700705766677856
vt 0.10005907714366913 0.63700705766677856
vt 0.081860706210136414 0.63700705766677856
vt 0.063662335276603699 0.63700705766677856
vt 0.045495934784412384 0.45502328872680664
vt 0.045495934784412384 0.47777128219604492
vt 0.045495934784412384 0.50051921606063843
vt 0.045495934784412384 0.54601514339447021
vt 0.022747967392206192 0.54601514339447021
vt 0 0.54601514339447021
vt 0.068243905901908875 0.50051921606063843
vt 0.090991869568824768 0.50051921606063843
vt 0.022747967392206192 0.45502328872680664
vt 0.090959891676902771 0.59151113033294678
vt 0.11370785534381866 0.59151113033294678
vt 0 0.51568454504013062
vt 0 0.48535391688346863
vt 0.051170933991670609 0.58013713359832764
vt 0.046906691044569016 0.59151113033294678
vt 0.051170933991670609 0.58582413196563721
vt 0.046906691044569016 0.58582413196563721
vt 0.059699423611164093 0.59151113033294678
vt 0.059699423611164093 0.5687631368637085
vt 0.068227909505367279 0.58013713359832764
vt 0.059699423611164093 0.58013713359832764
vt 0.085284888744354248 0.59151113033294678
vt 0.085284888744354248 0.54601514339447021
vt 0.085284888744354248 0.5687631368637085
vt 0.051170933991670609 0.60288506746292114
vt 0.046906691044569016 0.58866763114929199
vt 0.046906691044569016 0.60288506746292114
vt 0.051170933991670609 0.59719806909561157
vt 0.046906691044569016 0.59719806909561157
vt 0.059699423611164093 0.61425906419754028
vt 0.068227909505367279 0.60288506746292114
vt 0.059699423611164093 0.60288506746292114
vt 0.085284888744354248 0.61425906419754028
vt 0.046906691044569016 0.59008938074111938
vt 0.049038812518119812 0.59151113033294678
vt 0.049038812518119812 0.58582413196563721
vt 0.051170933991670609 0.58866763114929199
vt 0.049038812518119812 0.58866763114929199
vt 0.0554351806640625 0.59151113033294678
vt 0.0554351806640625 0.58013713359832764
vt 0.059699423611164093 0.58582413196563721
vt 0.0554351806640625 0.58582413196563721
vt 0.046906691044569016 0.59435456991195679
vt 0.03411395475268364 0.53464120626449585
vt 0.042642444372177124 0.52326720952987671
vt 0.051170933991670609 0.53464120626449585
vt 0.042642444372177124 0.53464120626449585
vt 0.01705697737634182 0.50051921606063843
vt 0.01705697737634182 0.52326720952987671
vt 0.046906691044569016 0.54601514339447021
vt 0.042642444372177124 0.54032820463180542
vt 0.046906691044569016 0.53464120626449585
vt 0.051170933991670609 0.54032820463180542
vt 0.046906691044569016 0.54032820463180542
vt 0.059699423611164093 0.54601514339447021
vt 0.059699423611164093 0.52326720952987671
vt 0.068227909505367279 0.53464120626449585
vt 0.059699423611164093 0.53464120626449585
vt 0.085284888744354248 0.52326720952987671
vt 0.051170933991670609 0.55738914012908936
vt 0.042642444372177124 0.54317164421081543
vt 0.044774565845727921 0.54032820463180542
vt 0.046906691044569016 0.54317164421081543
vt 0.044774565845727921 0.54317164421081543
vt 0.051170933991670609 0.55170214176177979
vt 0.046906691044569016 0.55170214176177979
vt 0.068227909505367279 0.55738914012908936
vt 0.059699423611164093 0.55738914012908936
vt 0.03411395475268364 0.54032820463180542
vt 0.038378201425075531 0.53464120626449585
vt 0.038378201425075531 0.54032820463180542
vt 0.01705697737634182 0.53464120626449585
vt 0.025585466995835304 0.52326720952987671
vt 0.025585466995835304 0.53464120626449585
vt 0.044774565845727921 0.54459339380264282
vt 0.045840628445148468 0.54317164421081543
vt 0.046906691044569016 0.54459339380264282
vt 0.045840628445148468 0.54459339380264282
vt 0.049038812518119812 0.54601514339447021
vt 0.049038812518119812 0.54032820463180542
vt 0.051170933991670609 0.54317164421081543
vt 0.049038812518119812 0.54317164421081543
vt 0.0554351806640625 0.54601514339447021
vt 0.0554351806640625 0.53464120626449585
vt 0.059699423611164093 0.54032820463180542
vt 0.0554351806640625 0.54032820463180542
vt 0.046906691044569016 0.548858642578125
vt 0.09098120778799057 0.5308498740196228
vt 0.090970546007156372 0.5611804723739624
vt 0.20738157629966736 0.61723655462265015
vt 0.27563080191612244 0.57175397872924805
vt 0.16188029944896698 0.66271919012069702
vt 0.15050631761550903 0.66271919012069702
vt 0.20738157629966736 0.63997787237167358
vt 0.17325694859027863 0.63997787237167358
vt 0.13913233578205109 0.61722326278686523
vt 0.18462827801704407 0.61722326278686523
vt 0.23012420535087585 0.61722326278686523
vt 0.27562546730041504 0.61723655462265015
vt 0.27562013268470764 0.66271919012069702
vt 0.23770686984062195 0.66271919012069702
vt 0.19979357719421387 0.66271919012069702
vt 0.13913233578205109 0.66271919012069702
vt 0.23015618324279785 0.57175928354263306
vt 0.51810956001281738 0.45502328872680664
vt 0.42855054140090942 0.63703900575637817
vt 0.4733143150806427 0.45502328872680664
vt 0.49571192264556885 0.45502328872680664
vt 0.51810956001281738 0.47777876257896423
vt 0.4733143150806427 0.50055122375488281
vt 0.42855054140090942 0.50055122375488281
vt 0.42855054140090942 0.56879508495330811
vt 0.4733143150806427 0.54607909917831421
vt 0.4733143150806427 0.59155905246734619
vt 0.4733143150806427 0.63703900575637817
vt 0.51810956001281738 0.50053423643112183
vt 0.51810956001281738 0.54607909917831421
vt 0.52082502841949463 0.65975499153137207
vt 0.61178773641586304 0.65975499153137207
vt 0.61178773641586304 0.76212084293365479
vt 0.56630635261535645 0.65975499153137207
vt 0.52085697650909424 0.76212084293365479
vt 0.52084100246429443 0.71093791723251343
vt 0.61178773641586304 0.71093791723251343
vt 0.58147746324539185 0.76212084293365479
vt 0.55116724967956543 0.76212084293365479
vt 0.56610703468322754 0.50234216451644897
vt 0.52047842741012573 0.50233942270278931
vt 0.61088371276855469 0.63886457681655884
vt 0.58849143981933594 0.63886326551437378
vt 0.56609916687011719 0.63886195421218872
vt 0.52048105001449585 0.45684352517127991
vt 0.56568235158920288 0.4568462073802948
vt 0.61088371276855469 0.45684888958930969
vt 0.61088371276855469 0.49325203895568848
vt 0.61088371276855469 0.52965515851974487
vt 0.61088371276855469 0.56605833768844604
vt 0.61088371276855469 0.60246145725250244
vt 0.56610310077667236 0.57060205936431885
vt 0.24021853506565094 0.80234414339065552
vt 0.24021853506565094 0.8478400707244873
vt 0.24021853506565094 0.81750947237014771
vt 0.24021853506565094 0.83267474174499512
vt 0.23168805241584778 0.8478400707244873
vt 0.22315755486488342 0.8478400707244873
vt 0.22315755486488342 0.80234414339065552
vt 0.23168805241584778 0.80234414339065552
vt 0.2060965895652771 0.82509207725524902
vt 0.21462707221508026 0.81371814012527466
vt 0.21462707221508026 0.83646607398986816
vt 0.65295153856277466 0.46434956789016724
vt 0.65295153856277466 0.47122687101364136
vt 0.68138647079467773 0.46434956789016724
vt 0.68138647079467773 0.47122687101364136
vt 0.66716897487640381 0.46434956789016724
vt 0.66718572378158569 0.47122687101364136
vt 0.65627491474151611 0.60283368825912476
vt 0.65627491474151611 0.60971099138259888
vt 0.68470984697341919 0.60283368825912476
vt 0.68470984697341919 0.60971099138259888
vt 0.67049235105514526 0.60283368825912476
vt 0.67049682140350342 0.60971099138259888
vt 0.62012988328933716 0.4335753321647644
vt 0.61325258016586304 0.4335753321647644
vt 0.62012988328933716 0.45063629746437073
vt 0.61325258016586304 0.45063629746437073
vt 0.62012988328933716 0.44210582971572876
vt 0.61325258016586304 0.44210582971572876
vt 0.87608689069747925 0.44629094004631042
vt 0.8692096471786499 0.44629094004631042
vt 0.87608689069747925 0.4917868971824646
vt 0.8692096471786499 0.4917868971824646
vt 0.87608689069747925 0.46145626902580261
vt 0.87608689069747925 0.47662156820297241
vt 0.8692096471786499 0.47661623358726501
vt 0.8692096471786499 0.46145358681678772
vt 0.63942283391952515 0.49512383341789246
vt 0.63254553079605103 0.49512383341789246
vt 0.63942283391952515 0.51218479871749878
vt 0.63254553079605103 0.51218479871749878
vt 0.63942283391952515 0.50365430116653442
vt 0.63254553079605103 0.50365430116653442
vt 0.8524358868598938 0.4918082058429718
vt 0.83537495136260986 0.49178877472877502
vt 0.82685405015945435 0.48042663931846619
vt 0.81833314895629883 0.46906450390815735
vt 0.82685405015945435 0.45767772197723389
vt 0.83537495136260986 0.44629094004631042
vt 0.84390538930892944 0.44629496335983276
vt 0.8524358868598938 0.44629895687103271
vt 0.84390538930892944 0.49179849028587341
vt 0.8524358868598938 0.46146160364151001
vt 0.8524358868598938 0.4766242504119873
vn 0.70710676908493042 0.70710676908493042 0
vn 0.70710676908493042 0.70710676908493042 0
vn 0.70710676908493042 0.70710676908493042 0
vn 0.70710676908493042 0.70710676908493042 0
vn 0.70710676908493042 0.70710676908493042 0
vn 0.70710676908493042 0.70710676908493042 0
vn 0.70710676908493042 0.70710676908493042 0
vn 0.70710676908493042 0.70710676908493042 0
vn 0.70710676908493042 0.70710676908493042 0
vn 0.70710676908493042 0.70710676908493042 0
vn 0.70710676908493042 0.70710676908493042 0
vn 0.70710676908493042 0.70710676908493042 0
vn 0.70710676908493042 0.70710676908493042 0
vn 0.70710676908493042 0.70710676908493042 0
vn 0.70710676908493042 0.70710676908493042 0
vn 0.70710676908493042 0.70710676908493042 0
vn 0.70710676908493042 0.70710676908493042 0
vn 0.70710676908493042 0.70710676908493042 0
vn 0.70710676908493042 0.70710676908493042 0
vn 0.70710676908493042 0.70710676908493042 0
vn 0.70710676908493042 0.70710676908493042 0
vn 0.70710676908493042 0.70710676908493042 0
vn 0.70710676908493042 0.70710676908493042 0
vn 0.70710676908493042 0.70710676908493042 0
vn 0.70710676908493042 0.70710676908493042 0
vn 0.70710676908493042 0.70710676908493042 0
vn 0.70710676908493042 0.70710676908493042 0
vn 0.70710676908493042 0.70710676908493042 0
vn 0.70710676908493042 0.70710676908493042 0
vn 0.70710676908493042 0.70710676908493042 0
vn 0.70710676908493042 0.70710676908493042 0
vn 0.70710676908493042 0.70710676908493042 0
vn 0.70710676908493042 0.70710676908493042 0
vn 0.70710676908493042 0.70710676908493042 0
vn 0.70710676908493042 0.70710676908493042 0
vn 0.70710676908493042 0.70710676908493042 0
vn 0.70710676908493042 0.70710676908493042 0
vn 0.70710676908493042 0.70710676908493042 0
vn 0.70710676908493042 0.70710676908493042 0
vn 0.70710676908493042 0.70710676908493042 0
vn -0.70710676908493042 0.70710676908493042 0
vn -0.70710676908493042 0.70710676908493042 0
vn -0.70710676908493042 0.70710676908493042 0
vn -0.70710676908493042 0.70710676908493042 0
vn -0.70710676908493042 0.70710676908493042 0
vn -0.70710676908493042 0.70710676908493042 0
vn -0.42426407337188721 0.42426407337188721 0.80000001192092896
vn -0.42426407337188721 0.42426407337188721 0.80000001192092896
vn -0.42426407337188721 0.42426407337188721 0.80000001192092896
vn -0.42426407337188721 0.42426407337188721 0.80000001192092896
vn -0.42426407337188721 0.42426407337188721 0.80000001192092896
vn -0.42426407337188721 0.42426407337188721 0.80000001192092896
vn 0.42426407337188721 -0.42426407337188721 0.80000001192092896
vn 0.42426407337188721 -0.42426407337188721 0.80000001192092896
vn 0.42426407337188721 -0.42426407337188721 0.80000001192092896
vn 0.42426407337188721 -0.42426407337188721 0.80000001192092896
vn 0.42426407337188721 -0.42426407337188721 0.80000001192092896
vn 0.42426407337188721 -0.42426407337188721 0.80000001192092896
vn 0.42426407337188721 -0.42426407337188721 0.80000001192092896
vn 0.42426407337188721 -0.42426407337188721 0.80000001192092896
vn -0.70710676908493042 -0.70710676908493042 0
vn -0.70710676908493042 -0.70710676908493042 0
vn -0.70710676908493042 -0.70710676908493042 0
vn -0.70710676908493042 -0.70710676908493042 0
vn -0.70710676908493042 -0.70710676908493042 0
vn -0.70710676908493042 -0.70710676908493042 0
vn -0.70710676908493042 -0.70710676908493042 0
vn -0.70710676908493042 -0.70710676908493042 0
vn -0.70710676908493042 -0.70710676908493042 0
vn -0.70710676908493042 -0.70710676908493042 0
vn -0.70710676908493042 -0.70710676908493042 0
vn -0.70710676908493042 -0.70710676908493042 0
vn -0.70710676908493042 -0.70710676908493042 0
vn -0.70710676908493042 -0.70710676908493042 0
vn -0.70710676908493042 -0.70710676908493042 0
vn -0.70710676908493042 -0.70710676908493042 0
vn 0 0 -1
vn 0 0 -1
vn 0 0 -1
vn 0 0 -1
vn 0 0 -1
vn 0 0 -1
vn 0 0 -1
vn 0 0 -1
vn 0 0 -1
vn 0 0 -1
vn -0.70710676908493042 0.70710676908493042 0
vn -0.70710676908493042 0.70710676908493042 0
vn -0.70710676908493042 0.70710676908493042 0
vn -0.70710676908493042 0.70710676908493042 0
vn -0.70710676908493042 0.70710676908493042 0
vn -0.70710676908493042 0.70710676908493042 0
vn -0.42426407337188721 0.42426407337188721 0.80000001192092896
vn -0.42426407337188721 0.42426407337188721 0.80000001192092896
vn -0.42426407337188721 0.42426407337188721 0.80000001192092896
vn -0.42426407337188721 0.42426407337188721 0.80000001192092896
vn -0.42426407337188721 0.42426407337188721 0.80000001192092896
vn -0.42426407337188721 0.42426407337188721 0.80000001192092896
vn 0.42426407337188721 -0.42426407337188721 0.80000001192092896
vn 0.42426407337188721 -0.42426407337188721 0.80000001192092896
vn 0.42426407337188721 -0.42426407337188721 0.80000001192092896
vn 0.42426407337188721 -0.42426407337188721 0.80000001192092896
vn 0.42426407337188721 -0.42426407337188721 0.80000001192092896
vn 0.42426407337188721 -0.42426407337188721 0.80000001192092896
vn 0.42426407337188721 -0.42426407337188721 0.80000001192092896
vn 0.42426407337188721 -0.42426407337188721 0.80000001192092896
vn -0.70710676908493042 -0.70710676908493042 0
vn -0.70710676908493042 -0.70710676908493042 0
vn -0.70710676908493042 -0.70710676908493042 0
vn -0.70710676908493042 -0.70710676908493042 0
vn -0.70710676908493042 -0.70710676908493042 0
vn -0.70710676908493042 -0.70710676908493042 0
vn -0.70710676908493042 -0.70710676908493042 0
vn -0.70710676908493042 -0.70710676908493042 0
vn -0.70710676908493042 -0.70710676908493042 0
vn -0.70710676908493042 -0.70710676908493042 0
vn -0.70710676908493042 -0.70710676908493042 0
vn -0.70710676908493042 -0.70710676908493042 0
vn -0.70710676908493042 -0.70710676908493042 0
vn -0.70710676908493042 -0.70710676908493042 0
vn -0.70710676908493042 -0.70710676908493042 0
vn -0.70710676908493042 -0.70710676908493042 0
vn -0.70710676908493042 -0.70710676908493042 0
vn -0.70710676908493042 -0.70710676908493042 0
vn 0.70710676908493042 -0.70710676908493042 0
vn 0.70710676908493042 -0.70710676908493042 0
vn 0.70710676908493042 -0.70710676908493042 0
vn 0.70710676908493042 -0.70710676908493042 0
vn 0.42426407337188721 -0.42426407337188721 0.80000001192092896
vn 0.42426407337188721 -0.42426407337188721 0.80000001192092896
vn 0.42426407337188721 -0.42426407337188721 0.80000001192092896
vn 0.42426407337188721 -0.42426407337188721 0.80000001192092896
vn 0.42426407337188721 -0.42426407337188721 0.80000001192092896
vn 0.42426407337188721 -0.42426407337188721 0.80000001192092896
vn -0.42426407337188721 0.42426407337188721 0.80000001192092896
vn -0.42426407337188721 0.42426407337188721 0.80000001192092896
vn -0.42426407337188721 0.42426407337188721 0.80000001192092896
vn -0.42426407337188721 0.42426407337188721 0.80000001192092896
vn -0.42426407337188721 0.42426407337188721 0.80000001192092896
vn -0.42426407337188721 0.42426407337188721 0.80000001192092896
vn -0.70710676908493042 -0.70710676908493042 0
vn -0.70710676908493042 -0.70710676908493042 0
vn -0.70710676908493042 -0.70710676908493042 0
vn -0.70710676908493042 -0.70710676908493042 0
vn -0.70710676908493042 -0.70710676908493042 0
vn -0.70710676908493042 -0.70710676908493042 0
vn -0.70710676908493042 -0.70710676908493042 0
vn -0.70710676908493042 -0.70710676908493042 0
vn -0.70710676908493042 -0.70710676908493042 0
vn -0.70710676908493042 -0.70710676908493042 0
vn -0.70710676908493042 0.70710676908493042 0
vn -0.70710676908493042 0.70710676908493042 0
vn -0.70710676908493042 0.70710676908493042 0
vn -0.70710676908493042 0.70710676908493042 0
vn -0.70710676908493042 0.70710676908493042 0
vn -0.70710676908493042 0.70710676908493042 0
vn -0.70710676908493042 0.70710676908493042 0
vn -0.70710676908493042 0.70710676908493042 0
vn -0.70710676908493042 0.70710676908493042 0
vn -0.70710676908493042 0.70710676908493042 0
vn -0.70710676908493042 0.70710676908493042 0
vn -0.70710676908493042 0.70710676908493042 0
vn 0.70710676908493042 -0.70710676908493042 0
vn 0.70710676908493042 -0.70710676908493042 0
vn 0.70710676908493042 -0.70710676908493042 0
vn 0.70710676908493042 -0.70710676908493042 0
vn 0.70710676908493042 -0.70710676908493042 0
vn 0.70710676908493042 -0.70710676908493042 0
vn 0.42426407337188721 -0.42426407337188721 0.80000001192092896
vn 0.42426407337188721 -0.42426407337188721 0.80000001192092896
vn 0.42426407337188721 -0.42426407337188721 0.80000001192092896
vn 0.42426407337188721 -0.42426407337188721 0.80000001192092896
vn 0.42426407337188721 -0.42426407337188721 0.80000001192092896
vn 0.42426407337188721 -0.42426407337188721 0.80000001192092896
vn -0.42426407337188721 0.42426407337188721 0.80000001192092896
vn -0.42426407337188721 0.42426407337188721 0.80000001192092896
vn -0.42426407337188721 0.42426407337188721 0.80000001192092896
vn -0.42426407337188721 0.42426407337188721 0.80000001192092896
vn -0.42426407337188721 0.42426407337188721 0.80000001192092896
vn -0.42426407337188721 0.42426407337188721 0.80000001192092896
vn 0.70710676908493042 0.70710676908493042 0
vn 0.70710676908493042 0.70710676908493042 0
vn 0.70710676908493042 0.70710676908493042 0
vn 0.70710676908493042 0.70710676908493042 0
vn 0.70710676908493042 0.70710676908493042 0
vn 0.70710676908493042 0.70710676908493042 0
vn 0.70710676908493042 0.70710676908493042 0
vn 0.70710676908493042 0.70710676908493042 0
vn 0.70710676908493042 0.70710676908493042 0
vn 0.70710676908493042 0.70710676908493042 0
vn 0.70710676908493042 0.70710676908493042 0
vn 0.70710676908493042 0.70710676908493042 0
vn 0.70710676908493042 0.70710676908493042 0
vn 0.70710676908493042 0.70710676908493042 0
vn 0 0 -1
vn 0 0 -1
vn 0 0 -1
vn 0 0 -1
vn 0 0 -1
vn 0 0 -1
vn 0 0 -1
vn 0 0 -1
vn 0 0 -1
vn 0 0 -1
vn 0.70710676908493042 -0.70710676908493042 0
vn 0.70710676908493042 -0.70710676908493042 0
vn 0.70710676908493042 -0.70710676908493042 0
vn 0.70710676908493042 -0.70710676908493042 0
vn 0.70710676908493042 -0.70710676908493042 0
vn 0.70710676908493042 -0.70710676908493042 0
vn 0.42426407337188721 -0.42426407337188721 0.80000001192092896
vn 0.42426407337188721 -0.42426407337188721 0.80000001192092896
vn 0.42426407337188721 -0.42426407337188721 0.80000001192092896
vn 0.42426407337188721 -0.42426407337188721 0.80000001192092896
vn 0.42426407337188721 -0.42426407337188721 0.80000001192092896
vn 0.42426407337188721 -0.42426407337188721 0.80000001192092896
vn -0.42426407337188721 0.42426407337188721 0.80000001192092896
vn -0.42426407337188721 0.42426407337188721 0.80000001192092896
vn -0.42426407337188721 0.42426407337188721 0.80000001192092896
vn -0.42426407337188721 0.42426407337188721 0.80000001192092896
vn -0.42426407337188721 0.42426407337188721 0.80000001192092896
vn -0.42426407337188721 0.42426407337188721 0.80000001192092896
vn 0.70710676908493042 0.70710676908493042 0
vn 0.70710676908493042 0.70710676908493042 0
vn 0.70710676908493042 0.70710676908493042 0
vn 0.70710676908493042 0.70710676908493042 0
vn 0.70710676908493042 0.70710676908493042 0
vn 0.70710676908493042 0.70710676908493042 0
vn 0.70710676908493042 0.70710676908493042 0
vn 0.70710676908493042 0.70710676908493042 0
vn 0.70710676908493042 0.70710676908493042 0
vn 0.70710676908493042 0.70710676908493042 0
vn 0.70710676908493042 0.70710676908493042 0
vn 0.70710676908493042 0.70710676908493042 0
vn 0.70710676908493042 0.70710676908493042 0
vn 0.70710676908493042 0.70710676908493042 0
vn 0.70710676908493042 0.70710676908493042 0
vn 0.70710676908493042 0.70710676908493042 0
vn 0 0 -1
vn 0 0 -1
vn 0 0 -1
vn 0 0 -1
vn 0 0 -1
vn 0 0 -1
vn 0 0 -1
vn 0 0 -1
vn 0 0 -1
vn 0 0 -1
vn 0 0 -1
vn 0 0 -1
vn 0 0 -1
vn 0 0 -1
vn 0 0 -1
vn 0 0 -1
vn 0 0 -1
vn 0 0 -1
vn 0 0 -1
vn 0 0 -1
vn 0 0 -1
vn 0 0 -1
vn 0 0 -1
vn 0.42426407337188721 0.42426407337188721 0.80000001192092896
vn 0.42426407337188721 0.42426407337188721 0.80000001192092896
vn 0.42426407337188721 0.42426407337188721 0.80000001192092896
vn 0.42426407337188721 0.42426407337188721 0.80000001192092896
vn 0.42426407337188721 0.42426407337188721 0.80000001192092896
vn 0.42426407337188721 0.42426407337188721 0.80000001192092896
vn 0.42426407337188721 0.42426407337188721 0.80000001192092896
vn 0.42426407337188721 0.42426407337188721 0.80000001192092896
vn -0.42426407337188721 -0.42426407337188721 0.80000001192092896
vn -0.42426407337188721 -0.42426407337188721 0.80000001192092896
vn -0.42426407337188721 -0.42426407337188721 0.80000001192092896
vn -0.42426407337188721 -0.42426407337188721 0.80000001192092896
vn -0.42426407337188721 -0.42426407337188721 0.80000001192092896
vn -0.42426407337188721 -0.42426407337188721 0.80000001192092896
vn -0.42426407337188721 -0.42426407337188721 0.80000001192092896
vn -0.42426407337188721 -0.42426407337188721 0.80000001192092896
vn -0.70710676908493042 -0.70710676908493042 0
vn -0.70710676908493042 -0.70710676908493042 0
vn -0.70710676908493042 -0.70710676908493042 0
vn -0.70710676908493042 -0.70710676908493042 0
vn -0.70710676908493042 -0.70710676908493042 0
vn -0.70710676908493042 -0.70710676908493042 0
vn -0.70710676908493042 -0.70710676908493042 0
vn -0.70710676908493042 -0.70710676908493042 0
vn -0.70710676908493042 -0.70710676908493042 0
vn -0.70710676908493042 -0.70710676908493042 0
vn -0.70710676908493042 -0.70710676908493042 0
vn -0.70710676908493042 -0.70710676908493042 0
vn -0.70710676908493042 -0.70710676908493042 0
vn -0.70710676908493042 -0.70710676908493042 0
vn -0.70710676908493042 -0.70710676908493042 0
vn -0.70710676908493042 -0.70710676908493042 0
vn -0.70710676908493042 0.70710676908493042 0
vn -0.70710676908493042 0.70710676908493042 0
vn -0.70710676908493042 0.70710676908493042 0
vn -0.70710676908493042 0.70710676908493042 0
vn -0.70710676908493042 0.70710676908493042 0
vn -0.70710676908493042 0.70710676908493042 0
vn -0.70710676908493042 0.70710676908493042 0
vn -0.70710676908493042 0.70710676908493042 0
vn -0.70710676908493042 0.70710676908493042 0
vn -0.70710676908493042 0.70710676908493042 0
vn -0.70710676908493042 0.70710676908493042 0
vn -0.70710676908493042 0.70710676908493042 0
vn -0.70710676908493042 0.70710676908493042 0
vn -0.70710676908493042 -0.70710676908493042 0
vn -0.70710676908493042 -0.70710676908493042 0
vn -0.70710676908493042 -0.70710676908493042 0
vn -0.70710676908493042 -0.70710676908493042 0
vn -0.70710676908493042 -0.70710676908493042 0
vn -0.70710676908493042 -0.70710676908493042 0
vn -0.70710676908493042 -0.70710676908493042 0
vn -0.70710676908493042 -0.70710676908493042 0
vn -0.70710676908493042 0.70710676908493042 0
vn -0.70710676908493042 0.70710676908493042 0
vn -0.70710676908493042 0.70710676908493042 0
vn -0.70710676908493042 0.70710676908493042 0
vn -0.70710676908493042 0.70710676908493042 0
vn -0.70710676908493042 0.70710676908493042 0
vn -0.70710676908493042 0.70710676908493042 0
vn -0.70710676908493042 0.70710676908493042 0
vn 0.42426407337188721 -0.42426407337188721 0.80000001192092896
vn 0.42426407337188721 -0.42426407337188721 0.80000001192092896
vn 0.42426407337188721 -0.42426407337188721 0.80000001192092896
vn 0.42426407337188721 -0.42426407337188721 0.80000001192092896
vn 0.42426407337188721 -0.42426407337188721 0.80000001192092896
vn 0.42426407337188721 -0.42426407337188721 0.80000001192092896
vn -0.42426407337188721 0.42426407337188721 0.80000001192092896
vn -0.42426407337188721 0.42426407337188721 0.80000001192092896
vn -0.42426407337188721 0.42426407337188721 0.80000001192092896
vn -0.42426407337188721 0.42426407337188721 0.80000001192092896
vn -0.42426407337188721 0.42426407337188721 0.80000001192092896
vn -0.42426407337188721 0.42426407337188721 0.80000001192092896
vn 0 0 -1
vn 0 0 -1
vn 0 0 -1
vn 0 0 -1
vn 0 0 -1
vn 0 0 -1
vn 0 0 -1
vn 0 0 -1
vn 0 0 -1
vn 0 0 -1
vn -0.70710676908493042 -0.70710676908493042 0
vn -0.70710676908493042 -0.70710676908493042 0
vn -0.70710676908493042 -0.70710676908493042 0
vn -0.70710676908493042 -0.70710676908493042 0
vn -0.70710676908493042 -0.70710676908493042 0
vn -0.70710676908493042 -0.70710676908493042 0
vn -0.70710676908493042 -0.70710676908493042 0
vn -0.70710676908493042 -0.70710676908493042 0
vn -0.70710676908493042 -0.70710676908493042 0
vn -0.70710676908493042 -0.70710676908493042 0
vn 0 0 -1
vn 0 0 -1
vn 0 0 -1
vn 0 0 -1
vn 0 0 -1
vn 0 0 -1
vn 0 0 -1
vn 0 0 -1
vn 0 0 -1
vn 0 0 -1
vn 0 0 -1
vn 0 0 -1
vn 0 0 -1
vn 0 0 -1
vn 0 0 -1
vn 0 0 -1
vn 0 0 -1
vn 0 0 -1
vn 0 0 -1
vn 0 0 -1
vn 0 0 -1
vn 0 0 -1
vn 0 0 -1
vn 0 0 -1
vn 0 0 -1
vn 0 0 -1
vn 0 0 -1
vn 0 0 -1
vn 0 0 -1
vn 0 0 -1
vn 0 0 -1
vn 0 0 -1
vn 0 0 -1
vn 0 0 -1
vn -0.70710676908493042 0.70710676908493042 0
vn -0.70710676908493042 0.70710676908493042 0
vn -0.70710676908493042 0.70710676908493042 0
vn -0.70710676908493042 0.70710676908493042 0
vn -0.70710676908493042 0.70710676908493042 0
vn -0.70710676908493042 0.70710676908493042 0
vn -0.70710676908493042 0.70710676908493042 0
vn -0.70710676908493042 0.70710676908493042 0
vn -0.70710676908493042 0.70710676908493042 0
vn -0.70710676908493042 0.70710676908493042 0
vn -0.70710676908493042 0.70710676908493042 0
vn -0.70710676908493042 0.70710676908493042 0
vn -0.70710676908493042 0.70710676908493042 0
vn -0.70710676908493042 0.70710676908493042 0
vn -0.70710676908493042 0.70710676908493042 0
vn -0.70710676908493042 0.70710676908493042 0
vn -0.70710676908493042 0.70710676908493042 0
vn -0.70710676908493042 0.70710676908493042 0
vn -0.70710676908493042 0.70710676908493042 0
vn -0.70710676908493042 0.70710676908493042 0
vn -0.70710676908493042 0.70710676908493042 0
vn -0.70710676908493042 0.70710676908493042 0
vn -0.70710676908493042 0.70710676908493042 0
vn -0.70710676908493042 0.70710676908493042 0
vn -0.70710676908493042 0.70710676908493042 0
vn -0.70710676908493042 0.70710676908493042 0
vn -0.42426407337188721 0.42426407337188721 0.80000001192092896
vn -0.42426407337188721 0.42426407337188721 0.80000001192092896
vn -0.42426407337188721 0.42426407337188721 0.80000001192092896
vn -0.42426407337188721 0.42426407337188721 0.80000001192092896
vn -0.42426407337188721 0.42426407337188721 0.80000001192092896
vn -0.42426407337188721 0.42426407337188721 0.80000001192092896
vn -0.42426407337188721 0.42426407337188721 0.80000001192092896
vn -0.42426407337188721 0.42426407337188721 0.80000001192092896
vn -0.42426407337188721 0.42426407337188721 0.80000001192092896
vn -0.42426407337188721 0.42426407337188721 0.80000001192092896
vn -0.42426407337188721 0.42426407337188721 0.80000001192092896
vn -0.42426407337188721 0.42426407337188721 0.80000001192092896
vn -0.42426407337188721 0.42426407337188721 0.80000001192092896
vn -0.42426407337188721 0.42426407337188721 0.80000001192092896
vn -0.42426407337188721 0.42426407337188721 0.80000001192092896
vn -0.42426407337188721 0.42426407337188721 0.80000001192092896
vn -0.42426407337188721 0.42426407337188721 0.80000001192092896
vn 0.42426407337188721 -0.42426407337188721 0.80000001192092896
vn 0.42426407337188721 -0.42426407337188721 0.80000001192092896
vn 0.42426407337188721 -0.42426407337188721 0.80000001192092896
vn 0.42426407337188721 -0.42426407337188721 0.80000001192092896
vn 0.42426407337188721 -0.42426407337188721 0.80000001192092896
vn 0.42426407337188721 -0.42426407337188721 0.80000001192092896
vn 0.70710676908493042 -0.70710676908493042 0
vn 0.70710676908493042 -0.70710676908493042 0
vn 0.70710676908493042 -0.70710676908493042 0
vn 0.70710676908493042 -0.70710676908493042 0
vn 0.70710676908493042 -0.70710676908493042 0
vn 0.70710676908493042 -0.70710676908493042 0
vn 0.70710676908493042 -0.70710676908493042 0
vn 0.70710676908493042 -0.70710676908493042 0
vn 0.70710676908493042 -0.70710676908493042 0
vn 0.70710676908493042 -0.70710676908493042 0
vn 0.70710676908493042 -0.70710676908493042 0
vn 0.70710676908493042 -0.70710676908493042 0
vn 0.70710676908493042 -0.70710676908493042 0
vn 0.70710676908493042 -0.70710676908493042 0
vn 0.70710676908493042 -0.70710676908493042 0
vn 0.70710676908493042 -0.70710676908493042 0
vn -0.70710676908493042 -0.70710676908493042 0
vn -0.70710676908493042 -0.70710676908493042 0
vn -0.70710676908493042 -0.70710676908493042 0
vn -0.70710676908493042 -0.70710676908493042 0
vn -0.70710676908493042 -0.70710676908493042 0
vn -0.70710676908493042 -0.70710676908493042 0
vn -0.70710676908493042 -0.70710676908493042 0
vn -0.70710676908493042 -0.70710676908493042 0
vn -0.70710676908493042 -0.70710676908493042 0
vn -0.70710676908493042 -0.70710676908493042 0
vn 0 0 -1
vn 0 0 -1
vn 0 0 -1
vn 0 0 -1
vn 0 0 -1
vn 0 0 -1
vn 0 0 -1
vn 0 0 -1
vn 0 0 -1
vn 0 0 -1
vn 0 0 -1
vn 0 0 -1
vn 0 0 -1
vn 0 0 -1
vn 0.70710676908493042 0.70710676908493042 0
vn 0.70710676908493042 0.70710676908493042 0
vn 0.70710676908493042 0.70710676908493042 0
vn 0.70710676908493042 0.70710676908493042 0
vn 0.70710676908493042 0.70710676908493042 0
vn 0.70710676908493042 0.70710676908493042 0
vn 0.70710676908493042 0.70710676908493042 0
vn 0.70710676908493042 0.70710676908493042 0
vn 0.70710676908493042 -0.70710676908493042 0
vn 0.70710676908493042 -0.70710676908493042 0
vn 0.70710676908493042 -0.70710676908493042 0
vn 0.70710676908493042 -0.70710676908493042 0
vn 0.70710676908493042 -0.70710676908493042 0
vn 0.70710676908493042 -0.70710676908493042 0
vn -0.70710676908493042 -0.70710676908493042 0
vn -0.70710676908493042 -0.70710676908493042 0
vn -0.70710676908493042 -0.70710676908493042 0
vn -0.70710676908493042 -0.70710676908493042 0
vn -0.70710676908493042 -0.70710676908493042 0
vn -0.70710676908493042 -0.70710676908493042 0
vn 0.70710676908493042 -0.70710676908493042 0
vn 0.70710676908493042 -0.70710676908493042 0
vn 0.70710676908493042 -0.70710676908493042 0
vn 0.70710676908493042 -0.70710676908493042 0
vn 0.70710676908493042 -0.70710676908493042 0
vn 0.70710676908493042 -0.70710676908493042 0
vn 0.70710676908493042 -0.70710676908493042 0
vn 0 0 -1
vn 0 0 -1
vn 0 0 -1
vn 0 0 -1
vn 0 0 -1
vn 0 0 -1
vn 0 0 -1
vn 0 0 -1
vn 0 0 -1
vn 0 0 -1
vn -0.70710676908493042 0.70710676908493042 0
vn -0.70710676908493042 0.70710676908493042 0
vn -0.70710676908493042 0.70710676908493042 0
vn -0.70710676908493042 0.70710676908493042 0
vn -0.70710676908493042 0.70710676908493042 0
vn -0.70710676908493042 0.70710676908493042 0
vn -0.70710676908493042 0.70710676908493042 0
vn -0.70710676908493042 0.70710676908493042 0
vn -0.70710676908493042 0.70710676908493042 0
vn -0.70710676908493042 0.70710676908493042 0
vn 0.70710676908493042 0.70710676908493042 0
vn 0.70710676908493042 0.70710676908493042 0
vn 0.70710676908493042 0.70710676908493042 0
vn 0.70710676908493042 0.70710676908493042 0
vn 0.70710676908493042 0.70710676908493042 0
vn 0.70710676908493042 0.70710676908493042 0
vn 0.70710676908493042 0.70710676908493042 0
vn 0.70710676908493042 0.70710676908493042 0
vn -0.70710676908493042 0.70710676908493042 0
vn -0.70710676908493042 0.70710676908493042 0
vn -0.70710676908493042 0.70710676908493042 0
vn -0.70710676908493042 0.70710676908493042 0
vn -0.70710676908493042 0.70710676908493042 0
vn -0.70710676908493042 0.70710676908493042 0
vn -0.70710676908493042 0.70710676908493042 0
vn -0.70710676908493042 -0.70710676908493042 0
vn -0.70710676908493042 -0.70710676908493042 0
vn -0.70710676908493042 -0.70710676908493042 0
vn -0.70710676908493042 -0.70710676908493042 0
vn -0.70710676908493042 -0.70710676908493042 0
vn -0.70710676908493042 -0.70710676908493042 0
vn -0.70710676908493042 -0.70710676908493042 0
vn -0.70710676908493042 -0.70710676908493042 0
vn -0.70710676908493042 -0.70710676908493042 0
vn -0.70710676908493042 -0.70710676908493042 0
vn -0.70710676908493042 -0.70710676908493042 0
vn -0.70710676908493042 -0.70710676908493042 0
vn -0.70710676908493042 -0.70710676908493042 0
vn -0.70710676908493042 -0.70710676908493042 0
vn -0.70710676908493042 -0.70710676908493042 0
vn -0.70710676908493042 -0.70710676908493042 0
vn -0.70710676908493042 -0.70710676908493042 0
vn -0.70710676908493042 -0.70710676908493042 0
vn -0.70710676908493042 -0.70710676908493042 0
vn -0.70710676908493042 -0.70710676908493042 0
vn -0.70710676908493042 -0.70710676908493042 0
vn -0.70710676908493042 -0.70710676908493042 0
vn -0.70710676908493042 -0.70710676908493042 0
vn -0.70710676908493042 -0.70710676908493042 0
vn -0.70710676908493042 -0.70710676908493042 0
vn -0.70710676908493042 -0.70710676908493042 0
vn -0.70710676908493042 -0.70710676908493042 0
vn -0.70710676908493042 -0.70710676908493042 0
vn 0.70710676908493042 0.70710676908493042 0
vn 0.70710676908493042 0.70710676908493042 0
vn 0.70710676908493042 0.70710676908493042 0
vn 0.70710676908493042 0.70710676908493042 0
vn 0.70710676908493042 0.70710676908493042 0
vn 0.70710676908493042 0.70710676908493042 0
vn 0.70710676908493042 0.70710676908493042 0
vn 0 0 -1
vn 0 0 -1
vn 0 0 -1
vn 0 0 -1
vn 0 0 -1
vn 0 0 -1
vn 0 0 -1
vn 0 0 -1
vn 0 0 -1
vn 0 0 -1
vn 0 0 -1
vn 0 0 -1
vn 0 0 -1
vn 0 0 -1
vn 0 0 -1
vn 0 0 -1
vn 0 0 -1
vn 0 0 -1
vn 0 0 -1
vn 0 0 -1
vn 0 0 -1
vn 0 0 -1
vn 0 0 -1
vn 0 0 -1
vn 0 0 -1
vn 0 0 -1
vn 0 0 -1
vn 0 0 -1
vn 0 0 -1
vn 0 0 -1
vn 0 0 -1
vn 0 0 -1
vn 0 0 -1
vn 0 0 -1
vn 0 0 -1
vn 0 0 -1
vn 0 0 -1
vn 0 0 -1
vn 0 0 -1
vn 0 0 -1
vn 0 0 -1
vn 0 0 -1
vn 0 0 -1
vn 0 0 -1
vn 0 0 -1
vn 0 0 -1
vn 0 0 -1
vn 0 0 -1
vn 0 0 -1
vn 0 0 -1
vn 0 0 -1
vn 0 0 -1
vn 0 0 -1
vn 0 0 -1
vn 0 0 -1
vn 0 0 -1
vn 0 0 -1
vn 0 0 -1
vn 0 0 -1
vn 0 0 -1
vn 0 0 -1
vn 0 0 -1
vn 0 0 -1
vn 0 0 -1
vn 0 0 -1
vn 0 0 -1
vn 0 0 -1
vn 0 0 -1
vn 0 0 -1
vn 0 0 -1
vn 0 0 -1
vn 0 0 -1
vn 0 0 -1
vn 0 0 -1
vn 0 0 -1
vn 0 0 -1
vn 0 0 -1
vn 0 0 -1
vn 0 0 -1
vn 0 0 -1
vn 0 0 -1
vn 0 0 -1
vn 0 0 -1
vn 0 0 -1
vn 0 0 -1
vn 0 0 -1
vn 0 0 -1
vn 0 0 -1
vn 0 0 -1
vn 0 0 -1
vn 0 0 -1
vn 0 0 -1
vn 0.70710676908493042 0.70710676908493042 0
vn 0.70710676908493042 0.70710676908493042 0
vn 0.70710676908493042 0.70710676908493042 0
vn 0.70710676908493042 0.70710676908493042 0
vn 0.70710676908493042 0.70710676908493042 0
vn 0.70710676908493042 0.70710676908493042 0
vn 0.70710676908493042 0.70710676908493042 0
vn 0.70710676908493042 0.70710676908493042 0
vn 0.70710676908493042 0.70710676908493042 0
vn 0.70710676908493042 0.70710676908493042 0
vn 0.70710676908493042 0.70710676908493042 0
vn 0.70710676908493042 0.70710676908493042 0
vn 0.70710676908493042 0.70710676908493042 0
vn 0.70710676908493042 0.70710676908493042 0
vn 0.70710676908493042 0.70710676908493042 0
vn -0.70710676908493042 -0.70710676908493042 0
vn -0.70710676908493042 -0.70710676908493042 0
vn -0.70710676908493042 -0.70710676908493042 0
vn -0.70710676908493042 -0.70710676908493042 0
vn -0.70710676908493042 -0.70710676908493042 0
vn -0.70710676908493042 -0.70710676908493042 0
vn -0.70710676908493042 -0.70710676908493042 0
vn -0.70710676908493042 -0.70710676908493042 0
vn -0.70710676908493042 0.70710676908493042 0
vn -0.70710676908493042 0.70710676908493042 0
vn -0.70710676908493042 0.70710676908493042 0
vn -0.70710676908493042 0.70710676908493042 0
vn -0.70710676908493042 0.70710676908493042 0
vn -0.70710676908493042 0.70710676908493042 0
vn -0.70710676908493042 0.70710676908493042 0
vn -0.70710676908493042 0.70710676908493042 0
vn -0.70710676908493042 0.70710676908493042 0
vn -0.70710676908493042 0.70710676908493042 0
vn -0.70710676908493042 0.70710676908493042 0
vn -0.70710676908493042 0.70710676908493042 0
vn -0.70710676908493042 0.70710676908493042 0
vn -0.70710676908493042 0.70710676908493042 0
vn -0.70710676908493042 0.70710676908493042 0
vn -0.70710676908493042 0.70710676908493042 0
vn -0.70710676908493042 0.70710676908493042 0
vn -0.70710676908493042 0.70710676908493042 0
vn -0.70710676908493042 0.70710676908493042 0
vn -0.70710676908493042 0.70710676908493042 0
vn -0.70710676908493042 0.70710676908493042 0
vn -0.70710676908493042 0.70710676908493042 0
vn -0.70710676908493042 0.70710676908493042 0
vn -0.70710676908493042 0.70710676908493042 0
vn 0.70710676908493042 -0.70710676908493042 0
vn 0.70710676908493042 -0.70710676908493042 0
vn 0.70710676908493042 -0.70710676908493042 0
vn 0.70710676908493042 -0.70710676908493042 0
vn 0.70710676908493042 -0.70710676908493042 0
vn 0.70710676908493042 -0.70710676908493042 0
vn 0.70710676908493042 -0.70710676908493042 0
vn 0.70710676908493042 -0.70710676908493042 0
vn 0.70710676908493042 -0.70710676908493042 0
vn 0.70710676908493042 -0.70710676908493042 0
vn 0.70710676908493042 -0.70710676908493042 0
vn 0.70710676908493042 -0.70710676908493042 0
vn 0.70710676908493042 -0.70710676908493042 0
vn 0.70710676908493042 -0.70710676908493042 0
vn 0.70710676908493042 -0.70710676908493042 0
vn 0.70710676908493042 -0.70710676908493042 0
vn 0.70710676908493042 -0.70710676908493042 0
vn 0.70710676908493042 -0.70710676908493042 0
vn 0.70710676908493042 -0.70710676908493042 0
vn 0.70710676908493042 -0.70710676908493042 0
vn 0.70710676908493042 -0.70710676908493042 0
vn 0.70710676908493042 0.70710676908493042 0
vn 0.70710676908493042 0.70710676908493042 0
vn 0.70710676908493042 0.70710676908493042 0
vn 0.70710676908493042 0.70710676908493042 0
vn 0.70710676908493042 0.70710676908493042 0
vn 0.70710676908493042 0.70710676908493042 0
vn 0.70710676908493042 -0.70710676908493042 0
vn 0.70710676908493042 -0.70710676908493042 0
vn 0.70710676908493042 -0.70710676908493042 0
vn 0.70710676908493042 -0.70710676908493042 0
vn 0.70710676908493042 -0.70710676908493042 0
vn 0.70710676908493042 -0.70710676908493042 0
vn 0.70710676908493042 -0.70710676908493042 0
vn 0.70710676908493042 -0.70710676908493042 0
vn 0.70710676908493042 -0.70710676908493042 0
vn 0.70710676908493042 -0.70710676908493042 0
vn 0.70710676908493042 -0.70710676908493042 0
vn 0.70710676908493042 -0.70710676908493042 0
vn 0.70710676908493042 -0.70710676908493042 0
vn 0.70710676908493042 -0.70710676908493042 0
vn 0.70710676908493042 -0.70710676908493042 0
vn 0.70710676908493042 -0.70710676908493042 0
vn 0.70710676908493042 0.70710676908493042 0
vn 0.70710676908493042 0.70710676908493042 0
vn 0.70710676908493042 0.70710676908493042 0
vn 0.70710676908493042 0.70710676908493042 0
vn 0.70710676908493042 0.70710676908493042 0
vn 0.70710676908493042 0.70710676908493042 0
vn -0.70710676908493042 0.70710676908493042 0
vn -0.70710676908493042 0.70710676908493042 0
vn -0.70710676908493042 0.70710676908493042 0
vn -0.70710676908493042 0.70710676908493042 0
vn -0.70710676908493042 0.70710676908493042 0
vn -0.70710676908493042 0.70710676908493042 0
vn -0.70710676908493042 0.70710676908493042 0
vn -0.70710676908493042 0.70710676908493042 0
vn -0.70710676908493042 0.70710676908493042 0
vn -0.70710676908493042 0.70710676908493042 0
vn -0.70710676908493042 0.70710676908493042 0
vn -0.70710676908493042 0.70710676908493042 0
vn -0.70710676908493042 0.70710676908493042 0
vn -0.70710676908493042 0.70710676908493042 0
vn -0.70710676908493042 0.70710676908493042 0
vn -0.70710676908493042 0.70710676908493042 0
vn -0.70710676908493042 0.70710676908493042 0
vn -0.70710676908493042 0.70710676908493042 0
vn -0.70710676908493042 0.70710676908493042 0
vn -0.70710676908493042 0.70710676908493042 0
vn -0.70710676908493042 0.70710676908493042 0
vn -0.70710676908493042 0.70710676908493042 0
vn -0.70710676908493042 0.70710676908493042 0
vn -0.70710676908493042 0.70710676908493042 0
vn -0.70710676908493042 0.70710676908493042 0
vn -0.70710676908493042 0.70710676908493042 0
vn -0.70710676908493042 0.70710676908493042 0
vn -0.70710676908493042 0.70710676908493042 0
vn -0.70710676908493042 0.70710676908493042 0
vn -0.70710676908493042 0.70710676908493042 0
vn -0.70710676908493042 0.70710676908493042 0
vn -0.70710676908493042 0.70710676908493042 0
vn -0.70710676908493042 0.70710676908493042 0
vn -0.70710676908493042 0.70710676908493042 0
vn -0.70710676908493042 0.70710676908493042 0
vn -0.70710676908493042 0.70710676908493042 0
vn -0.70710676908493042 0.70710676908493042 0
vn -0.70710676908493042 0.70710676908493042 0
vn -0.70710676908493042 0.70710676908493042 0
vn -0.70710676908493042 0.70710676908493042 0
vn -0.70710676908493042 0.70710676908493042 0
vn -0.70710676908493042 0.70710676908493042 0
vn -0.70710676908493042 0.70710676908493042 0
vn -0.70710676908493042 0.70710676908493042 0
vn -0.70710676908493042 0.70710676908493042 0
vn -0.70710676908493042 0.70710676908493042 0
vn 0.70710676908493042 0.70710676908493042 0
vn 0.70710676908493042 0.70710676908493042 0
vn 0.70710676908493042 0.70710676908493042 0
vn 0.70710676908493042 0.70710676908493042 0
vn 0.70710676908493042 0.70710676908493042 0
vn 0.70710676908493042 0.70710676908493042 0
vn 0.70710676908493042 0.70710676908493042 0
vn -0.70710676908493042 0.70710676908493042 0
vn -0.70710676908493042 0.70710676908493042 0
vn -0.70710676908493042 0.70710676908493042 0
vn -0.70710676908493042 0.70710676908493042 0
vn -0.70710676908493042 0.70710676908493042 0
vn -0.70710676908493042 0.70710676908493042 0
vn -0.70710676908493042 0.70710676908493042 0
vn -0.70710676908493042 0.70710676908493042 0
vn -0.70710676908493042 0.70710676908493042 0
vn -0.70710676908493042 0.70710676908493042 0
vn -0.70710676908493042 0.70710676908493042 0
vn -0.70710676908493042 0.70710676908493042 0
vn -0.70710676908493042 0.70710676908493042 0
vn -0.70710676908493042 0.70710676908493042 0
vn -0.70710676908493042 0.70710676908493042 0
vn -0.70710676908493042 0.70710676908493042 0
vn -0.70710676908493042 0.70710676908493042 0
vn -0.70710676908493042 0.70710676908493042 0
vn -0.70710676908493042 0.70710676908493042 0
vn 0.70710676908493042 -0.70710676908493042 0
vn 0.70710676908493042 -0.70710676908493042 0
vn 0.70710676908493042 -0.70710676908493042 0
vn 0.70710676908493042 -0.70710676908493042 0
vn 0.70710676908493042 -0.70710676908493042 0
vn 0.70710676908493042 -0.70710676908493042 0
vn 0.70710676908493042 -0.70710676908493042 0
vn -0.70710676908493042 -0.70710676908493042 0
vn -0.70710676908493042 -0.70710676908493042 0
vn -0.70710676908493042 -0.70710676908493042 0
vn -0.70710676908493042 -0.70710676908493042 0
vn -0.70710676908493042 -0.70710676908493042 0
vn -0.70710676908493042 -0.70710676908493042 0
vn -0.70710676908493042 -0.70710676908493042 0
vn -0.70710676908493042 -0.70710676908493042 0
vn -0.70710676908493042 0.70710676908493042 0
vn -0.70710676908493042 0.70710676908493042 0
vn -0.70710676908493042 0.70710676908493042 0
vn -0.70710676908493042 0.70710676908493042 0
vn -0.70710676908493042 0.70710676908493042 0
vn -0.70710676908493042 0.70710676908493042 0
vn -0.70710676908493042 0.70710676908493042 0
vn -0.70710676908493042 0.70710676908493042 0
vn -0.70710676908493042 0.70710676908493042 0
vn -0.70710676908493042 0.70710676908493042 0
vn -0.70710676908493042 0.70710676908493042 0
vn -0.70710676908493042 0.70710676908493042 0
vn -0.70710676908493042 0.70710676908493042 0
vn -0.70710676908493042 0.70710676908493042 0
vn 0.70710676908493042 0.70710676908493042 0
vn 0.70710676908493042 0.70710676908493042 0
vn 0.70710676908493042 0.70710676908493042 0
vn 0.70710676908493042 0.70710676908493042 0
vn 0.70710676908493042 0.70710676908493042 0
vn 0.70710676908493042 0.70710676908493042 0
vn 0.70710676908493042 0.70710676908493042 0
vn 0.70710676908493042 0.70710676908493042 0
vn 0.70710676908493042 0.70710676908493042 0
vn 0.70710676908493042 0.70710676908493042 0
vn 0.70710676908493042 0.70710676908493042 0
vn 0.70710676908493042 0.70710676908493042 0
vn 0.70710676908493042 0.70710676908493042 0
vn 0.70710676908493042 0.70710676908493042 0
vn 0.70710676908493042 0.70710676908493042 0
vn 0.70710676908493042 0.70710676908493042 0
vn 0.70710676908493042 0.70710676908493042 0
vn 0.70710676908493042 0.70710676908493042 0
vn 0.70710676908493042 0.70710676908493042 0
vn 0.70710676908493042 0.70710676908493042 0
vn 0.70710676908493042 0.70710676908493042 0
vn 0.70710676908493042 0.70710676908493042 0
vn 0.70710676908493042 0.70710676908493042 0
vn 0.70710676908493042 0.70710676908493042 0
vn 0.70710676908493042 0.70710676908493042 0
vn 0.70710676908493042 0.70710676908493042 0
vn 0.70710676908493042 0.70710676908493042 0
vn 0.70710676908493042 0.70710676908493042 0
vn 0.70710676908493042 0.70710676908493042 0
vn 0.70710676908493042 0.70710676908493042 0
vn 0.70710676908493042 0.70710676908493042 0
vn 0.70710676908493042 0.70710676908493042 0
vn 0.70710676908493042 0.70710676908493042 0
vn 0.70710676908493042 0.70710676908493042 0
vn 0.70710676908493042 0.70710676908493042 0
vn 0 0 1
vn 0 0 1
vn 0 0 1
vn 0 0 1
vn 0 0 1
vn 0 0 1
vn 0 0 1
vn 0 0 1
vn 0 0 1
vn 0 0 1
vn 0 0 1
vn 0 0 1
vn 0 0 1
vn 0 0 1
vn 0 0 1
vn 0 0 1
vn 0 0 1
vn 0 0 1
vn 0 0 1
vn 0 0 1
vn 0 0 1
vn 0 0 1
vn 0 0 1
vn 0 0 1
vn 0 0 1
vn 0 0 1
vn 0 0 1
vn 0 0 1
vn 0 0 1
vn 0 0 1
vn 0 0 1
vn 0 0 1
vn 0 0 1
vn 0 0 1
vn 0 0 1
vn 0 0 1
vn 0 0 1
vn 0 0 1
vn 0 0 1
vn 0 0 1
vn 0 0 1
vn 0 0 1
vn 0 0 1
vn -0.70710676908493042 -0.70710676908493042 0
vn -0.70710676908493042 -0.70710676908493042 0
vn -0.70710676908493042 -0.70710676908493042 0
vn -0.70710676908493042 -0.70710676908493042 0
vn -0.70710676908493042 -0.70710676908493042 0
vn -0.70710676908493042 -0.70710676908493042 0
vn -0.70710676908493042 -0.70710676908493042 0
vn -0.70710676908493042 -0.70710676908493042 0
vn 0.70710676908493042 -0.70710676908493042 0
vn 0.70710676908493042 -0.70710676908493042 0
vn 0.70710676908493042 -0.70710676908493042 0
vn 0.70710676908493042 -0.70710676908493042 0
vn 0.70710676908493042 -0.70710676908493042 0
vn 0.70710676908493042 -0.70710676908493042 0
vn 0.70710676908493042 -0.70710676908493042 0
vn 0.70710676908493042 -0.70710676908493042 0
vn 0.70710676908493042 -0.70710676908493042 0
vn 0.70710676908493042 -0.70710676908493042 0
vn 0.70710676908493042 -0.70710676908493042 0
vn 0.70710676908493042 -0.70710676908493042 0
vn 0.70710676908493042 -0.70710676908493042 0
vn 0.70710676908493042 -0.70710676908493042 0
vn 0.70710676908493042 -0.70710676908493042 0
vn 0.70710676908493042 -0.70710676908493042 0
vn 0.70710676908493042 -0.70710676908493042 0
vn 0.70710676908493042 -0.70710676908493042 0
vn -0.70710676908493042 -0.70710676908493042 0
vn -0.70710676908493042 -0.70710676908493042 0
vn -0.70710676908493042 -0.70710676908493042 0
vn -0.70710676908493042 -0.70710676908493042 0
vn -0.70710676908493042 -0.70710676908493042 0
vn -0.70710676908493042 -0.70710676908493042 0
vn -0.70710676908493042 -0.70710676908493042 0
vn -0.70710676908493042 -0.70710676908493042 0
vn -0.70710676908493042 -0.70710676908493042 0
vn -0.70710676908493042 -0.70710676908493042 0
vn -0.70710676908493042 -0.70710676908493042 0
vn -0.70710676908493042 -0.70710676908493042 0
vn -0.70710676908493042 -0.70710676908493042 0
vn -0.70710676908493042 -0.70710676908493042 0
vn -0.70710676908493042 -0.70710676908493042 0
vn -0.70710676908493042 -0.70710676908493042 0
vn -0.70710676908493042 -0.70710676908493042 0
vn -0.70710676908493042 -0.70710676908493042 0
vn -0.70710676908493042 -0.70710676908493042 0
vn -0.70710676908493042 -0.70710676908493042 0
vn -0.70710676908493042 -0.70710676908493042 0
vn -0.70710676908493042 -0.70710676908493042 0
vn -0.70710676908493042 -0.70710676908493042 0
vn -0.70710676908493042 -0.70710676908493042 0
vn -0.70710676908493042 -0.70710676908493042 0
vn -0.70710676908493042 -0.70710676908493042 0
vn -0.70710676908493042 -0.70710676908493042 0
vn -0.70710676908493042 -0.70710676908493042 0
vn -0.70710676908493042 -0.70710676908493042 0
vn -0.70710676908493042 -0.70710676908493042 0
vn -0.70710676908493042 -0.70710676908493042 0
vn -0.70710676908493042 -0.70710676908493042 0
vn -0.70710676908493042 -0.70710676908493042 0
vn -0.70710676908493042 -0.70710676908493042 0
vn -0.70710676908493042 0.70710676908493042 0
vn -0.70710676908493042 0.70710676908493042 0
vn -0.70710676908493042 0.70710676908493042 0
vn -0.70710676908493042 0.70710676908493042 0
vn -0.70710676908493042 0.70710676908493042 0
vn -0.70710676908493042 0.70710676908493042 0
vn -0.70710676908493042 0.70710676908493042 0
vn -0.70710676908493042 0.70710676908493042 0
vn -0.70710676908493042 0.70710676908493042 0
vn -0.70710676908493042 0.70710676908493042 0
vn -0.70710676908493042 0.70710676908493042 0
vn -0.70710676908493042 0.70710676908493042 0
vn -0.70710676908493042 0.70710676908493042 0
vn -0.70710676908493042 0.70710676908493042 0
vn -0.70710676908493042 0.70710676908493042 0
vn -0.70710676908493042 0.70710676908493042 0
vn -0.70710676908493042 0.70710676908493042 0
vn -0.70710676908493042 0.70710676908493042 0
vn -0.70710676908493042 0.70710676908493042 0
vn -0.70710676908493042 0.70710676908493042 0
vn -0.70710676908493042 0.70710676908493042 0
vn -0.70710676908493042 0.70710676908493042 0
vn -0.70710676908493042 0.70710676908493042 0
vn -0.70710676908493042 0.70710676908493042 0
vn -0.70710676908493042 0.70710676908493042 0
vn -0.70710676908493042 0.70710676908493042 0
vn -0.70710676908493042 0.70710676908493042 0
vn -0.70710676908493042 0.70710676908493042 0
vn -0.70710676908493042 0.70710676908493042 0
vn -0.70710676908493042 0.70710676908493042 0
vn -0.70710676908493042 0.70710676908493042 0
vn -0.70710676908493042 0.70710676908493042 0
vn -0.70710676908493042 0.70710676908493042 0
vn -0.70710676908493042 0.70710676908493042 0
vn -0.70710676908493042 0.70710676908493042 0
vn -0.70710676908493042 0.70710676908493042 0
vn -0.70710676908493042 0.70710676908493042 0
vn -0.70710676908493042 0.70710676908493042 0
vn -0.70710676908493042 0.70710676908493042 0
vn -0.70710676908493042 0.70710676908493042 0
vn -0.70710676908493042 0.70710676908493042 0
vn -0.70710676908493042 0.70710676908493042 0
vn -0.70710676908493042 0.70710676908493042 0
vn -0.70710676908493042 0.70710676908493042 0
vn -0.70710676908493042 0.70710676908493042 0
vn -0.70710676908493042 0.70710676908493042 0
vn -0.70710676908493042 0.70710676908493042 0
vn -0.70710676908493042 0.70710676908493042 0
vn -0.70710676908493042 0.70710676908493042 0
vn -0.70710676908493042 0.70710676908493042 0
vn -0.70710676908493042 0.70710676908493042 0
vn -0.70710676908493042 0.70710676908493042 0
vn -0.70710676908493042 0.70710676908493042 0
vn -0.70710676908493042 0.70710676908493042 0
vn -0.70710676908493042 0.70710676908493042 0
vn -0.70710676908493042 -0.70710676908493042 0
vn -0.70710676908493042 -0.70710676908493042 0
vn -0.70710676908493042 -0.70710676908493042 0
vn -0.70710676908493042 -0.70710676908493042 0
vn -0.70710676908493042 -0.70710676908493042 0
vn -0.70710676908493042 -0.70710676908493042 0
vn -0.70710676908493042 -0.70710676908493042 0
vn -0.70710676908493042 -0.70710676908493042 0
vn -0.70710676908493042 -0.70710676908493042 0
vn 0.70710676908493042 -0.70710676908493042 0
vn 0.70710676908493042 -0.70710676908493042 0
vn 0.70710676908493042 -0.70710676908493042 0
vn 0.70710676908493042 -0.70710676908493042 0
vn 0.70710676908493042 -0.70710676908493042 0
vn 0.70710676908493042 -0.70710676908493042 0
vn 0.70710676908493042 -0.70710676908493042 0
vn 0.70710676908493042 -0.70710676908493042 0
vn 0.70710676908493042 -0.70710676908493042 0
vn 0.70710676908493042 -0.70710676908493042 0
vn 0.70710676908493042 -0.70710676908493042 0
vn 0.70710676908493042 -0.70710676908493042 0
vn 0.70710676908493042 -0.70710676908493042 0
vn 0.70710676908493042 -0.70710676908493042 0
vn 0.70710676908493042 -0.70710676908493042 0
vn 0.70710676908493042 -0.70710676908493042 0
vn 0.70710676908493042 -0.70710676908493042 0
vn 0.70710676908493042 -0.70710676908493042 0
vn 0.70710676908493042 -0.70710676908493042 0
vn 0.70710676908493042 -0.70710676908493042 0
vn -0.70710676908493042 -0.70710676908493042 0
vn -0.70710676908493042 -0.70710676908493042 0
vn -0.70710676908493042 -0.70710676908493042 0
vn -0.70710676908493042 -0.70710676908493042 0
vn -0.70710676908493042 -0.70710676908493042 0
vn -0.70710676908493042 -0.70710676908493042 0
vn -0.70710676908493042 -0.70710676908493042 0
vn -0.70710676908493042 -0.70710676908493042 0
vn -0.70710676908493042 -0.70710676908493042 0
vn -0.70710676908493042 -0.70710676908493042 0
vn -0.70710676908493042 -0.70710676908493042 0
vn -0.70710676908493042 -0.70710676908493042 0
vn -0.70710676908493042 -0.70710676908493042 0
vn -0.70710676908493042 -0.70710676908493042 0
vn -0.70710676908493042 -0.70710676908493042 0
vn -0.70710676908493042 -0.70710676908493042 0
vn -0.70710676908493042 -0.70710676908493042 0
vn -0.70710676908493042 -0.70710676908493042 0
vn -0.70710676908493042 -0.70710676908493042 0
vn -0.70710676908493042 -0.70710676908493042 0
vn -0.70710676908493042 -0.70710676908493042 0
vn -0.70710676908493042 -0.70710676908493042 0
vn -0.70710676908493042 -0.70710676908493042 0
vn -0.70710676908493042 -0.70710676908493042 0
vn -0.70710676908493042 -0.70710676908493042 0
vn -0.70710676908493042 -0.70710676908493042 0
vn -0.70710676908493042 -0.70710676908493042 0
vn -0.70710676908493042 -0.70710676908493042 0
vn -0.70710676908493042 -0.70710676908493042 0
vn -0.70710676908493042 -0.70710676908493042 0
vn -0.70710676908493042 -0.70710676908493042 0
vn 0 0 1
vn 0 0 1
vn 0 0 1
vn 0 0 1
vn 0 0 1
vn 0 0 1
vn 0 0 1
vn 0 0 1
vn 0 0 1
vn 0 0 1
vn 0 0 1
vn 0 0 1
vn 0 0 1
vn 0 0 1
vn 0 0 1
vn 0 0 1
vn 0 0 1
vn 0 0 1
vn 0 0 1
vn 0 0 1
vn 0 0 1
vn 0 0 1
vn 0 0 1
vn 0 0 1
vn 0 0 1
vn 0 0 1
vn 0 0 1
vn 0 0 1
vn 0 0 1
vn 0 0 1
vn 0 0 1
vn 0 0 1
vn 0 0 1
vn 0 0 1
vn 0 0 1
vn 0 0 1
vn 0 0 1
vn 0 0 1
vn 0 0 1
vn 0 0 1
vn 0 0 1
vn 0 0 1
vn 0 0 1
vn 0 0 1
vn 0 0 1
vn 0 0 1
vn 0 0 1
vn 0 0 1
vn 0 0 1
vn 0 0 1
vn 0 0 1
vn 0 0 1
vn 0 0 1
vn 0 0 1
vn 0 0 1
vn 0 0 1
vn 0 0 1
vn 0 0 1
vn 0 0 1
vn 0 0 1
vn 0 0 1
vn 0 0 1
vn 0 0 1
vn 0 0 1
vn 0 0 1
vn 0 0 1
vn 0 0 1
vn 0 0 1
vn 0 0 1
vn 0 0 1
vn 0 0 1
vn 0 0 1
vn 0 0 1
vn 0 0 1
vn 0 0 1
vn 0 0 1
vn 0 0 1
vn 0 0 1
vn 0 0 1
vn 0 0 1
vn 0 0 1
vn 0 0 1
vn 0 0 1
vn 0 0 1
vn 0 0 1
vn 0 0 1
vn 0 0 1
vn 0 0 1
vn 0 0 1
vn 0 0 1
vn 0 0 1
vn 0 0 1
vn 0 0 1
vn 0 0 1
vn 0 0 1
vn 0 0 1
vn 0 0 1
vn 0 0 1
vn 0 0 1
vn 0 0 1
vn 0 0 1
vn 0 0 1
vn 0 0 1
vn 0 0 1
vn 0 0 1
vn 0 0 1
vn 0 0 1
vn 0 0 1
vn 0 0 1
vn 0 0 1
vn 0 0 1
vn 0 0 1
vn 0 0 1
vn 0 0 1
vn 0 0 1
vn 0 0 1
vn 0 0 1
vn 0 0 1
vn 0 0 1
vn 0 0 1
vn 0 0 1
vn 0 0 1
vn 0 0 1
vn 0 0 1
vn 0 0 1
vn 0 0 1
vn 0 0 1
vn 0 0 1
vn 0 0 1
vn 0 0 1
vn 0 0 1
vn 0 0 1
vn 0 0 1
vn 0 0 1
vn 0 0 1
vn 0 0 1
vn 0 0 1
vn 0 0 1
vn 0 0 1
vn 0 0 1
vn 0 0 1
vn 0 0 1
vn 0 0 1
vn 0 0 1
vn 0 0 1
vn 0 0 1
vn 0 0 1
vn 0 0 1
vn 0 0 1
vn 0 0 1
vn 0 0 1
vn 0 0 1
vn 0 0 1
vn 0 0 1
vn 0 0 1
vn 0 0 1
vn 0 0 1
vn 0 0 1
vn 0 0 1
vn 0 0 1
vn 0 0 1
vn 0 0 1
vn 0 0 1
vn 0 0 1
vn 0 0 1
vn 0 0 1
vn 0 0 1
vn 0 0 1
vn 0 0 1
vn 0 0 1
vn 0 0 1
vn 0 0 1
vn 0 0 1
vn 0 0 1
vn 0 0 1
vn 0 0 1
vn 0 0 1
vn 0 0 1
vn 0 0 1
vn 0 0 1
vn 0 0 1
vn 0 0 1
vn 0 0 1
vn 0 0 1
vn 0 0 1
vn 0 0 1
vn 0 0 1
vn 0 0 1
vn 0 0 1
vn 0.70710676908493042 0.70710676908493042 0
vn 0.70710676908493042 0.70710676908493042 0
vn 0.70710676908493042 0.70710676908493042 0
vn 0.70710676908493042 0.70710676908493042 0
vn 0.70710676908493042 0.70710676908493042 0
vn 0.70710676908493042 0.70710676908493042 0
vn 0.70710676908493042 0.70710676908493042 0
vn 0.70710676908493042 0.70710676908493042 0
vn 0.70710676908493042 0.70710676908493042 0
vn 0 0 1
vn 0 0 1
vn 0 0 1
vn 0 0 1
vn 0 0 1
vn 0 0 1
vn 0 0 1
vn 0 0 1
vn 0 0 1
vn 0 0 1
vn 0 0 1
vn 0 0 1
vn 0 0 1
vn -0.70710676908493042 -0.70710676908493042 0
vn -0.70710676908493042 -0.70710676908493042 0
vn -0.70710676908493042 -0.70710676908493042 0
vn -0.70710676908493042 -0.70710676908493042 0
vn -0.70710676908493042 -0.70710676908493042 0
vn -0.70710676908493042 -0.70710676908493042 0
vn -0.70710676908493042 -0.70710676908493042 0
vn -0.70710676908493042 -0.70710676908493042 0
vn -0.70710676908493042 -0.70710676908493042 0
vn -0.70710676908493042 -0.70710676908493042 0
vn -0.70710676908493042 -0.70710676908493042 0
vn 0.42426407337188721 -0.42426407337188721 -0.80000001192092896
vn 0.42426407337188721 -0.42426407337188721 -0.80000001192092896
vn 0.42426407337188721 -0.42426407337188721 -0.80000001192092896
vn 0.42426407337188721 -0.42426407337188721 -0.80000001192092896
vn 0.42426407337188721 -0.42426407337188721 -0.80000001192092896
vn 0.42426407337188721 -0.42426407337188721 -0.80000001192092896
vn -0.42426407337188721 0.42426407337188721 -0.80000001192092896
vn -0.42426407337188721 0.42426407337188721 -0.80000001192092896
vn -0.42426407337188721 0.42426407337188721 -0.80000001192092896
vn -0.42426407337188721 0.42426407337188721 -0.80000001192092896
vn -0.42426407337188721 0.42426407337188721 -0.80000001192092896
vn -0.42426407337188721 0.42426407337188721 -0.80000001192092896
vn -0.70710676908493042 0.70710676908493042 0
vn -0.70710676908493042 0.70710676908493042 0
vn -0.70710676908493042 0.70710676908493042 0
vn -0.70710676908493042 0.70710676908493042 0
vn -0.70710676908493042 0.70710676908493042 0
vn -0.70710676908493042 0.70710676908493042 0
vn 0 0 1
vn 0 0 1
vn 0 0 1
vn 0 0 1
vn 0 0 1
vn 0 0 1
vn 0 0 1
vn 0 0 1
vn 0.70710676908493042 -0.70710676908493042 0
vn 0.70710676908493042 -0.70710676908493042 0
vn 0.70710676908493042 -0.70710676908493042 0
vn 0.70710676908493042 -0.70710676908493042 0
vn 0.70710676908493042 -0.70710676908493042 0
vn 0.70710676908493042 -0.70710676908493042 0
vn 0.70710676908493042 0.70710676908493042 0
vn 0.70710676908493042 0.70710676908493042 0
vn 0.70710676908493042 0.70710676908493042 0
vn 0.70710676908493042 0.70710676908493042 0
vn 0.70710676908493042 0.70710676908493042 0
vn 0.70710676908493042 0.70710676908493042 0
vn 0.70710676908493042 0.70710676908493042 0
vn 0.70710676908493042 0.70710676908493042 0
vn 0.70710676908493042 0.70710676908493042 0
vn 0.70710676908493042 0.70710676908493042 0
vn 0.70710676908493042 0.70710676908493042 0
f 863/863/863 887/887/887 890/890/890 886/886/886
f 887/887/887 862/862/862 888/888/888 890/890/890
f 890/890/890 888/888/888 861/861/861 889/889/889
f 866/866/866 864/864/864 863/863/863 865/865/865
f 875/875/875 860/860/860 880/880/880
f 875/875/875 880/880/880 861/861/861
f 881/881/881 861/861/861 880/880/880
f 891/891/891 861/861/861 881/881/881
f 861/861/861 888/888/888 875/875/875
f 893/893/893 891/891/891 881/881/881
f 892/892/892 889/889/889 891/891/891
f 891/891/891 889/889/889 861/861/861
f 882/882/882 893/893/893 881/881/881
f 892/892/892 890/890/890 889/889/889
f 868/868/868 869/869/869 875/875/875
f 888/888/888 862/862/862 875/875/875
f 868/868/868 862/862/862 867/867/867
f 867/867/867 898/898/898 870/870/870
f 862/862/862 868/868/868 875/875/875
f 898/898/898 864/864/864 878/878/878 879/879/879
f 898/898/898 867/867/867 862/862/862
f 898/898/898 887/887/887 864/864/864
f 870/870/870 898/898/898 879/879/879
f 887/887/887 898/898/898 862/862/862
f 892/892/892 883/883/883 890/890/890
f 896/896/896 885/885/885 894/894/894
f 883/883/883 884/884/884 886/886/886
f 885/885/885 899/899/899 884/884/884
f 896/896/896 894/894/894 895/895/895
f 899/899/899 896/896/896 897/897/897
f 899/899/899 897/897/897 872/872/872
f 871/871/871 872/872/872 897/897/897
f 899/899/899 886/886/886 884/884/884
f 885/885/885 896/896/896 899/899/899
f 872/872/872 865/865/865 899/899/899
f 877/877/877 878/878/878 864/864/864 866/866/866
f 865/865/865 863/863/863 886/886/886
f 863/863/863 864/864/864 887/887/887
f 866/866/866 865/865/865 873/873/873
f 872/872/872 873/873/873 865/865/865
f 876/876/876 866/866/866 874/874/874
f 873/873/873 874/874/874 866/866/866
f 877/877/877 866/866/866 876/876/876
f 865/865/865 886/886/886 899/899/899
f 886/886/886 890/890/890 883/883/883
f 901/901/901 900/900/900 905/905/905 904/904/904
f 902/902/902 903/903/903 904/904/904 905/905/905
f 907/907/907 906/906/906 911/911/911 910/910/910
f 908/908/908 909/909/909 910/910/910 911/911/911
f 916/916/916 919/919/919 913/913/913 912/912/912
f 918/918/918 919/919/919 916/916/916 917/917/917
f 917/917/917 914/914/914 915/915/915 918/918/918
f 928/928/928 929/929/929 920/920/920
f 928/928/928 927/927/927 929/929/929
f 924/924/924 927/927/927 926/926/926
f 924/924/924 929/929/929 927/927/927
f 929/929/929 924/924/924 922/922/922
f 924/924/924 926/926/926 925/925/925
f 922/922/922 924/924/924 923/923/923
f 922/922/922 921/921/921 929/929/929
f 935/935/935 930/930/930 933/933/933
f 934/934/934 935/935/935 933/933/933
f 932/932/932 934/934/934 931/931/931
f 935/935/935 934/934/934 932/932/932
f 936/936/936 944/944/944 942/942/942 937/937/937
f 939/939/939 942/942/942 944/944/944 938/938/938
f 945/945/945 940/940/940 941/941/941 943/943/943
f 943/943/943 939/939/939 938/938/938 945/945/945
f 947/947/947 946/946/946 951/951/951 950/950/950
f 948/948/948 949/949/949 950/950/950 951/951/951
f 953/953/953 952/952/952 957/957/957 956/956/956
f 954/954/954 955/955/955 956/956/956 957/957/957
f 962/962/962 965/965/965 959/959/959 958/958/958
f 964/964/964 965/965/965 962/962/962 963/963/963
f 963/963/963 960/960/960 961/961/961 964/964/964
f 977/977/977 968/968/968 966/966/966
f 976/976/976 969/969/969 968/968/968
f 977/977/977 976/976/976 968/968/968
f 973/973/973 976/976/976 975/975/975
f 973/973/973 969/969/969 976/976/976
f 971/971/971 967/967/967 970/970/970
f 972/972/972 971/971/971 970/970/970
f 973/973/973 975/975/975 974/974/974
f 970/970/970 973/973/973 972/972/972
f 970/970/970 969/969/969 973/973/973
f 983/983/983 978/978/978 981/981/981
f 982/982/982 983/983/983 981/981/981
f 980/980/980 982/982/982 979/979/979
f 983/983/983 982/982/982 980/980/980
f 985/985/985 987/987/987 986/986/986 984/984/984
f 989/989/989 992/992/992 993/993/993 988/988/988
f 990/990/990 993/993/993 992/992/992 991/991/991
f 995/995/995 998/998/998 999/999/999 994/994/994
f 996/996/996 999/999/999 998/998/998 997/997/997
f 1004/1004/1004 1003/1003/1003 1000/1000/1000
f 1004/1004/1004 1002/1002/1002 1003/1003/1003
f 1001/1001/1001 1003/1003/1003 1002/1002/1002
f 1008/1008/1008 1005/1005/1005 1006/1006/1006
f 1009/1009/1009 1007/1007/1007 1008/1008/1008
f 1006/1006/1006 1009/1009/1009 1008/1008/1008
f 1011/1011/1011 1010/1010/1010 1014/1014/1014 1015/1015/1015
f 1012/1012/1012 1013/1013/1013 1015/1015/1015 1014/1014/1014
f 1020/1020/1020 1017/1017/1017 1016/1016/1016 1021/1021/1021
f 1021/1021/1021 1018/1018/1018 1019/1019/1019 1020/1020/1020
f 1023/1023/1023 1022/1022/1022 1027/1027/1027 1026/1026/1026
f 1024/1024/1024 1025/1025/1025 1026/1026/1026 1027/1027/1027
f 1029/1029/1029 1028/1028/1028 1033/1033/1033 1032/1032/1032
f 1030/1030/1030 1031/1031/1031 1032/1032/1032 1033/1033/1033
f 1035/1035/1035 1034/1034/1034 1039/1039/1039 1038/1038/1038
f 1036/1036/1036 1037/1037/1037 1038/1038/1038 1039/1039/1039
f 1047/1047/1047 1048/1048/1048 1040/1040/1040
f 1048/1048/1048 1047/1047/1047 1046/1046/1046
f 1046/1046/1046 1044/1044/1044 1048/1048/1048
f 1048/1048/1048 1044/1044/1044 1042/1042/1042
f 1044/1044/1044 1046/1046/1046 1045/1045/1045
f 1042/1042/1042 1044/1044/1044 1043/1043/1043
f 1042/1042/1042 1041/1041/1041 1048/1048/1048
f 1053/1053/1053 1049/1049/1049 1052/1052/1052
f 1053/1053/1053 1052/1052/1052 1051/1051/1051
f 1050/1050/1050 1051/1051/1051 1052/1052/1052
f 1054/1054/1054 1061/1061/1061 1059/1059/1059 1055/1055/1055
f 1061/1061/1061 1062/1062/1062 1058/1058/1058 1059/1059/1059
f 1063/1063/1063 1056/1056/1056 1057/1057/1057 1060/1060/1060
f 1060/1060/1060 1058/1058/1058 1062/1062/1062 1063/1063/1063
f 1065/1065/1065 1064/1064/1064 1069/1069/1069 1068/1068/1068
f 1066/1066/1066 1067/1067/1067 1068/1068/1068 1069/1069/1069
f 1071/1071/1071 1070/1070/1070 1075/1075/1075 1074/1074/1074
f 1072/1072/1072 1073/1073/1073 1074/1074/1074 1075/1075/1075
f 1077/1077/1077 1076/1076/1076 1081/1081/1081 1080/1080/1080
f 1078/1078/1078 1079/1079/1079 1080/1080/1080 1081/1081/1081
f 1092/1092/1092 1084/1084/1084 1082/1082/1082
f 1092/1092/1092 1091/1091/1091 1084/1084/1084
f 1085/1085/1085 1084/1084/1084 1091/1091/1091
f 1089/1089/1089 1086/1086/1086 1085/1085/1085 1091/1091/1091
f 1087/1087/1087 1083/1083/1083 1086/1086/1086
f 1088/1088/1088 1087/1087/1087 1086/1086/1086
f 1089/1089/1089 1091/1091/1091 1090/1090/1090
f 1086/1086/1086 1089/1089/1089 1088/1088/1088
f 1097/1097/1097 1093/1093/1093 1096/1096/1096
f 1097/1097/1097 1096/1096/1096 1095/1095/1095
f 1094/1094/1094 1095/1095/1095 1096/1096/1096
f 1108/1108/1108 1107/1107/1107 1103/1103/1103
f 1101/1101/1101 1104/1104/1104 1108/1108/1108
f 1103/1103/1103 1101/1101/1101 1108/1108/1108
f 1113/1113/1113 1112/1112/1112 1108/1108/1108
f 1104/1104/1104 1109/1109/1109 1113/1113/1113
f 1108/1108/1108 1104/1104/1104 1113/1113/1113
f 1117/1117/1117 1116/1116/1116 1113/1113/1113
f 1109/1109/1109 1114/1114/1114 1117/1117/1117
f 1113/1113/1113 1109/1109/1109 1117/1117/1117
f 1114/1114/1114 1118/1118/1118 1120/1120/1120 1117/1117/1117
f 1117/1117/1117 1120/1120/1120 1119/1119/1119 1116/1116/1116
f 1113/1113/1113 1116/1116/1116 1115/1115/1115 1112/1112/1112
f 1108/1108/1108 1112/1112/1112 1111/1111/1111 1107/1107/1107
f 1111/1111/1111 1105/1105/1105 1098/1098/1098
f 1106/1106/1106 1107/1107/1107 1111/1111/1111
f 1098/1098/1098 1106/1106/1106 1111/1111/1111
f 1103/1103/1103 1107/1107/1107 1106/1106/1106 1100/1100/1100
f 1115/1115/1115 1119/1119/1119 1110/1110/1110
f 1099/1099/1099 1102/1102/1102 1120/1120/1120 1118/1118/1118
f 1110/1110/1110 1119/1119/1119 1102/1102/1102
f 1119/1119/1119 1120/1120/1120 1102/1102/1102
f 1115/1115/1115 1110/1110/1110 1105/1105/1105
f 1112/1112/1112 1115/1115/1115 1111/1111/1111
f 1105/1105/1105 1111/1111/1111 1115/1115/1115
f 1115/1115/1115 1116/1116/1116 1119/1119/1119
f 1121/1121/1121 1125/1125/1125 1128/1128/1128 1122/1122/1122
f 1127/1127/1127 1128/1128/1128 1125/1125/1125 1126/1126/1126
f 1126/1126/1126 1123/1123/1123 1124/1124/1124 1127/1127/1127
f 1133/1133/1133 1136/1136/1136 1130/1130/1130 1129/1129/1129
f 1135/1135/1135 1136/1136/1136 1133/1133/1133 1134/1134/1134
f 1134/1134/1134 1131/1131/1131 1132/1132/1132 1135/1135/1135
f 1149/1149/1149 1145/1145/1145 1150/1150/1150 1152/1152/1152
f 1152/1152/1152 1150/1150/1150 1148/1148/1148 1151/1151/1151
f 1150/1150/1150 1145/1145/1145 1142/1142/1142
f 1146/1146/1146 1148/1148/1148 1150/1150/1150
f 1142/1142/1142 1146/1146/1146 1150/1150/1150
f 1148/1148/1148 1146/1146/1146 1144/1144/1144 1147/1147/1147
f 1144/1144/1144 1137/1137/1137 1143/1143/1143
f 1147/1147/1147 1144/1144/1144 1143/1143/1143
f 1138/1138/1138 1137/1137/1137 1144/1144/1144
f 1142/1142/1142 1138/1138/1138 1146/1146/1146
f 1146/1146/1146 1138/1138/1138 1144/1144/1144
f 1147/1147/1147 1143/1143/1143 1139/1139/1139
f 1148/1148/1148 1147/1147/1147 1151/1151/1151
f 1139/1139/1139 1151/1151/1151 1147/1147/1147
f 1141/1141/1141 1151/1151/1151 1139/1139/1139
f 1149/1149/1149 1152/1152/1152 1141/1141/1141 1140/1140/1140
f 1141/1141/1141 1152/1152/1152 1151/1151/1151
f 1158/1158/1158 1153/1153/1153 1156/1156/1156
f 1157/1157/1157 1158/1158/1158 1156/1156/1156
f 1155/1155/1155 1157/1157/1157 1154/1154/1154
f 1158/1158/1158 1157/1157/1157 1155/1155/1155
f 1162/1162/1162 1165/1165/1165 1159/1159/1159
f 1164/1164/1164 1160/1160/1160 1165/1165/1165
f 1164/1164/1164 1162/1162/1162 1163/1163/1163
f 1163/1163/1163 1161/1161/1161 1164/1164/1164
f 1165/1165/1165 1162/1162/1162 1164/1164/1164
f 1173/1173/1173 1166/1166/1166 1168/1168/1168
f 1173/1173/1173 1169/1169/1169 1167/1167/1167
f 1169/1169/1169 1173/1173/1173 1168/1168/1168
f 1168/1168/1168 1172/1172/1172 1169/1169/1169
f 1172/1172/1172 1171/1171/1171 1169/1169/1169
f 1170/1170/1170 1172/1172/1172 1168/1168/1168
f 1179/1179/1179 1174/1174/1174 1180/1180/1180
f 1179/1179/1179 1181/1181/1181 1175/1175/1175
f 1181/1181/1181 1179/1179/1179 1180/1180/1180
f 1180/1180/1180 1178/1178/1178 1181/1181/1181
f 1178/1178/1178 1177/1177/1177 1181/1181/1181
f 1176/1176/1176 1178/1178/1178 1180/1180/1180
f 1183/1183/1183 1187/1187/1187 1186/1186/1186 1182/1182/1182
f 1184/1184/1184 1186/1186/1186 1187/1187/1187 1185/1185/1185
f 1189/1189/1189 1192/1192/1192 1193/1193/1193 1188/1188/1188
f 1190/1190/1190 1193/1193/1193 1192/1192/1192 1191/1191/1191
f 1202/1202/1202 1194/1194/1194 1195/1195/1195 1200/1200/1200
f 1200/1200/1200 1197/1197/1197 1196/1196/1196 1202/1202/1202
f 1198/1198/1198 1203/1203/1203 1201/1201/1201 1199/1199/1199
f 1203/1203/1203 1196/1196/1196 1197/1197/1197 1201/1201/1201
f 1208/1208/1208 1207/1207/1207 1204/1204/1204
f 1208/1208/1208 1206/1206/1206 1207/1207/1207
f 1205/1205/1205 1207/1207/1207 1206/1206/1206
f 1212/1212/1212 1209/1209/1209 1210/1210/1210
f 1213/1213/1213 1211/1211/1211 1212/1212/1212
f 1210/1210/1210 1213/1213/1213 1212/1212/1212
f 1231/1231/1231 1227/1227/1227 1232/1232/1232 1234/1234/1234
f 1234/1234/1234 1232/1232/1232 1230/1230/1230 1233/1233/1233
f 1232/1232/1232 1227/1227/1227 1223/1223/1223
f 1228/1228/1228 1230/1230/1230 1232/1232/1232
f 1223/1223/1223 1228/1228/1228 1232/1232/1232
f 1230/1230/1230 1228/1228/1228 1226/1226/1226 1229/1229/1229
f 1228/1228/1228 1223/1223/1223 1219/1219/1219
f 1224/1224/1224 1226/1226/1226 1228/1228/1228
f 1219/1219/1219 1224/1224/1224 1228/1228/1228
f 1226/1226/1226 1224/1224/1224 1222/1222/1222 1225/1225/1225
f 1240/1240/1240 1239/1239/1239 1224/1224/1224
f 1219/1219/1219 1236/1236/1236 1240/1240/1240
f 1224/1224/1224 1219/1219/1219 1240/1240/1240
f 1244/1244/1244 1243/1243/1243 1240/1240/1240
f 1236/1236/1236 1241/1241/1241 1244/1244/1244
f 1240/1240/1240 1236/1236/1236 1244/1244/1244
f 1241/1241/1241 1245/1245/1245 1247/1247/1247 1244/1244/1244
f 1244/1244/1244 1247/1247/1247 1246/1246/1246 1243/1243/1243
f 1240/1240/1240 1243/1243/1243 1242/1242/1242 1239/1239/1239
f 1224/1224/1224 1239/1239/1239 1238/1238/1238 1222/1222/1222
f 1238/1238/1238 1220/1220/1220 1214/1214/1214
f 1221/1221/1221 1222/1222/1222 1238/1238/1238
f 1214/1214/1214 1221/1221/1221 1238/1238/1238
f 1242/1242/1242 1237/1237/1237 1220/1220/1220
f 1239/1239/1239 1242/1242/1242 1238/1238/1238
f 1220/1220/1220 1238/1238/1238 1242/1242/1242
f 1246/1246/1246 1237/1237/1237 1242/1242/1242
f 1215/1215/1215 1235/1235/1235 1247/1247/1247 1245/1245/1245
f 1237/1237/1237 1246/1246/1246 1235/1235/1235
f 1246/1246/1246 1247/1247/1247 1235/1235/1235
f 1243/1243/1243 1246/1246/1246 1242/1242/1242
f 1222/1222/1222 1221/1221/1221 1225/1225/1225
f 1216/1216/1216 1225/1225/1225 1221/1221/1221
f 1226/1226/1226 1225/1225/1225 1229/1229/1229
f 1216/1216/1216 1229/1229/1229 1225/1225/1225
f 1218/1218/1218 1229/1229/1229 1216/1216/1216
f 1229/1229/1229 1233/1233/1233 1230/1230/1230
f 1218/1218/1218 1234/1234/1234 1233/1233/1233
f 1231/1231/1231 1234/1234/1234 1217/1217/1217
f 1218/1218/1218 1217/1217/1217 1234/1234/1234
f 1218/1218/1218 1233/1233/1233 1229/1229/1229
f 1270/1270/1270 1267/1267/1267 1271/1271/1271 1273/1273/1273
f 1273/1273/1273 1271/1271/1271 1269/1269/1269 1272/1272/1272
f 1271/1271/1271 1267/1267/1267 1254/1254/1254
f 1257/1257/1257 1269/1269/1269 1271/1271/1271
f 1254/1254/1254 1257/1257/1257 1271/1271/1271
f 1269/1269/1269 1257/1257/1257 1256/1256/1256 1268/1268/1268
f 1272/1272/1272 1269/1269/1269 1268/1268/1268
f 1253/1253/1253 1266/1266/1266 1272/1272/1272
f 1268/1268/1268 1253/1253/1253 1272/1272/1272
f 1261/1261/1261 1260/1260/1260 1257/1257/1257
f 1254/1254/1254 1258/1258/1258 1261/1261/1261
f 1257/1257/1257 1254/1254/1254 1261/1261/1261
f 1258/1258/1258 1262/1262/1262 1264/1264/1264 1261/1261/1261
f 1261/1261/1261 1264/1264/1264 1263/1263/1263 1260/1260/1260
f 1257/1257/1257 1260/1260/1260 1259/1259/1259 1256/1256/1256
f 1268/1268/1268 1256/1256/1256 1255/1255/1255
f 1250/1250/1250 1253/1253/1253 1268/1268/1268
f 1255/1255/1255 1250/1250/1250 1268/1268/1268
f 1252/1252/1252 1248/1248/1248 1263/1263/1263
f 1259/1259/1259 1263/1263/1263 1248/1248/1248
f 1263/1263/1263 1259/1259/1259 1260/1260/1260
f 1259/1259/1259 1248/1248/1248 1255/1255/1255
f 1249/1249/1249 1252/1252/1252 1264/1264/1264 1262/1262/1262
f 1264/1264/1264 1252/1252/1252 1263/1263/1263
f 1259/1259/1259 1255/1255/1255 1256/1256/1256
f 1273/1273/1273 1272/1272/1272 1266/1266/1266 1265/1265/1265
f 1270/1270/1270 1273/1273/1273 1265/1265/1265 1251/1251/1251
f 1287/1287/1287 1289/1289/1289 1288/1288/1288 1286/1286/1286
f 1284/1284/1284 1286/1286/1286 1285/1285/1285 1283/1283/1283
f 1281/1281/1281 1283/1283/1283 1282/1282/1282 1280/1280/1280
f 1288/1288/1288 1278/1278/1278 1285/1285/1285
f 1274/1274/1274 1285/1285/1285 1278/1278/1278
f 1288/1288/1288 1285/1285/1285 1286/1286/1286
f 1285/1285/1285 1274/1274/1274 1282/1282/1282
f 1289/1289/1289 1275/1275/1275 1278/1278/1278
f 1275/1275/1275 1289/1289/1289 1287/1287/1287
f 1288/1288/1288 1289/1289/1289 1278/1278/1278
f 1279/1279/1279 1275/1275/1275 1287/1287/1287
f 1287/1287/1287 1286/1286/1286 1284/1284/1284
f 1290/1290/1290 1280/1280/1280 1282/1282/1282
f 1280/1280/1280 1290/1290/1290 1276/1276/1276
f 1290/1290/1290 1282/1282/1282 1274/1274/1274
f 1277/1277/1277 1280/1280/1280 1276/1276/1276
f 1281/1281/1281 1284/1284/1284 1283/1283/1283
f 1279/1279/1279 1281/1281/1281 1277/1277/1277
f 1280/1280/1280 1277/1277/1277 1281/1281/1281
f 1284/1284/1284 1281/1281/1281 1279/1279/1279
f 1287/1287/1287 1284/1284/1284 1279/1279/1279
f 1285/1285/1285 1282/1282/1282 1283/1283/1283
f 1291/1291/1291 1295/1295/1295 1296/1296/1296 1292/1292/1292
f 1294/1294/1294 1296/1296/1296 1295/1295/1295 1293/1293/1293
f 1309/1309/1309 1305/1305/1305 1310/1310/1310 1312/1312/1312
f 1312/1312/1312 1310/1310/1310 1308/1308/1308 1311/1311/1311
f 1310/1310/1310 1305/1305/1305 1302/1302/1302
f 1306/1306/1306 1308/1308/1308 1310/1310/1310
f 1302/1302/1302 1306/1306/1306 1310/1310/1310
f 1308/1308/1308 1306/1306/1306 1304/1304/1304 1307/1307/1307
f 1304/1304/1304 1297/1297/1297 1303/1303/1303
f 1307/1307/1307 1304/1304/1304 1303/1303/1303
f 1298/1298/1298 1297/1297/1297 1304/1304/1304
f 1302/1302/1302 1298/1298/1298 1306/1306/1306
f 1306/1306/1306 1298/1298/1298 1304/1304/1304
f 1307/1307/1307 1303/1303/1303 1299/1299/1299
f 1308/1308/1308 1307/1307/1307 1311/1311/1311
f 1299/1299/1299 1311/1311/1311 1307/1307/1307
f 1301/1301/1301 1311/1311/1311 1299/1299/1299
f 1309/1309/1309 1312/1312/1312 1301/1301/1301 1300/1300/1300
f 1301/1301/1301 1312/1312/1312 1311/1311/1311
f 1317/1317/1317 1313/1313/1313 1316/1316/1316
f 1317/1317/1317 1316/1316/1316 1315/1315/1315
f 1314/1314/1314 1315/1315/1315 1316/1316/1316
f 1321/1321/1321 1319/1319/1319 1318/1318/1318
f 1322/1322/1322 1321/1321/1321 1320/1320/1320
f 1319/1319/1319 1321/1321/1321 1322/1322/1322
f 1323/1323/1323 1324/1324/1324 1331/1331/1331 1332/1332/1332
f 1332/1332/1332 1331/1331/1331 1330/1330/1330 1333/1333/1333
f 1329/1329/1329 1334/1334/1334 1333/1333/1333 1330/1330/1330
f 1334/1334/1334 1329/1329/1329 1328/1328/1328 1335/1335/1335
f 1335/1335/1335 1328/1328/1328 1327/1327/1327 1336/1336/1336
f 1325/1325/1325 1336/1336/1336 1327/1327/1327 1326/1326/1326
f 1342/1342/1342 1344/1344/1344 1341/1341/1341
f 1341/1341/1341 1344/1344/1344 1338/1338/1338
f 1343/1343/1343 1341/1341/1341 1337/1337/1337
f 1342/1342/1342 1343/1343/1343 1339/1339/1339
f 1342/1342/1342 1340/1340/1340 1344/1344/1344
f 1343/1343/1343 1342/1342/1342 1341/1341/1341
f 1349/1349/1349 1345/1345/1345 1347/1347/1347 1350/1350/1350
f 1346/1346/1346 1349/1349/1349 1350/1350/1350 1348/1348/1348
f 1355/1355/1355 1356/1356/1356 1353/1353/1353 1351/1351/1351
f 1352/1352/1352 1354/1354/1354 1356/1356/1356 1355/1355/1355
f 1361/1361/1361 1357/1357/1357 1363/1363/1363
f 1362/1362/1362 1363/1363/1363 1358/1358/1358
f 1361/1361/1361 1362/1362/1362 1360/1360/1360 1359/1359/1359
f 1363/1363/1363 1362/1362/1362 1361/1361/1361
f 1373/1373/1373 1365/1365/1365 1366/1366/1366
f 1364/1364/1364 1365/1365/1365 1373/1373/1373
f 1372/1372/1372 1373/1373/1373 1366/1366/1366
f 1372/1372/1372 1366/1366/1366 1367/1367/1367
f 1371/1371/1371 1367/1367/1367 1368/1368/1368
f 1371/1371/1371 1368/1368/1368 1370/1370/1370
f 1369/1369/1369 1370/1370/1370 1368/1368/1368
f 1372/1372/1372 1367/1367/1367 1371/1371/1371
f 1377/1377/1377 1382/1382/1382 1376/1376/1376
f 1375/1375/1375 1376/1376/1376 1383/1383/1383
f 1376/1376/1376 1379/1379/1379 1383/1383/1383
f 1381/1381/1381 1377/1377/1377 1380/1380/1380
f 1376/1376/1376 1382/1382/1382 1379/1379/1379
f 1374/1374/1374 1379/1379/1379 1378/1378/1378
f 1383/1383/1383 1379/1379/1379 1374/1374/1374
f 1381/1381/1381 1382/1382/1382 1377/1377/1377
f 1388/1388/1388 1391/1391/1391 1389/1389/1389
f 1389/1389/1389 1391/1391/1391 1385/1385/1385
f 1388/1388/1388 1389/1389/1389 1384/1384/1384
f 1390/1390/1390 1388/1388/1388 1386/1386/1386
f 1390/1390/1390 1387/1387/1387 1391/1391/1391
f 1388/1388/1388 1390/1390/1390 1391/1391/1391
f 1397/1397/1397 1398/1398/1398 1396/1396/1396
f 1394/1394/1394 1395/1395/1395 1397/1397/1397
f 1395/1395/1395 1392/1392/1392 1393/1393/1393 1398/1398/1398
f 1397/1397/1397 1395/1395/1395 1398/1398/1398
f 1399/1399/1399 1412/1412/1412 1414/1414/1414 1400/1400/1400
f 1412/1412/1412 1402/1402/1402 1403/1403/1403
f 1403/1403/1403 1404/1404/1404 1412/1412/1412
f 1412/1412/1412 1404/1404/1404 1408/1408/1408
f 1413/1413/1413 1414/1414/1414 1410/1410/1410
f 1408/1408/1408 1414/1414/1414 1412/1412/1412
f 1407/1407/1407 1408/1408/1408 1405/1405/1405
f 1404/1404/1404 1405/1405/1405 1408/1408/1408
f 1405/1405/1405 1406/1406/1406 1407/1407/1407
f 1414/1414/1414 1409/1409/1409 1410/1410/1410
f 1411/1411/1411 1401/1401/1401 1413/1413/1413
f 1410/1410/1410 1411/1411/1411 1413/1413/1413
f 1414/1414/1414 1408/1408/1408 1409/1409/1409
f 1424/1424/1424 1415/1415/1415 1425/1425/1425
f 1422/1422/1422 1424/1424/1424 1425/1425/1425
f 1424/1424/1424 1423/1423/1423 1416/1416/1416
f 1424/1424/1424 1422/1422/1422 1423/1423/1423
f 1422/1422/1422 1425/1425/1425 1421/1421/1421
f 1426/1426/1426 1420/1420/1420 1421/1421/1421
f 1425/1425/1425 1426/1426/1426 1421/1421/1421
f 1426/1426/1426 1417/1417/1417 1419/1419/1419 1420/1420/1420
f 1417/1417/1417 1418/1418/1418 1419/1419/1419
f 1433/1433/1433 1428/1428/1428 1427/1427/1427 1432/1432/1432
f 1431/1431/1431 1432/1432/1432 1429/1429/1429
f 1431/1431/1431 1430/1430/1430 1433/1433/1433
f 1432/1432/1432 1431/1431/1431 1433/1433/1433
f 1434/1434/1434 1449/1449/1449 1451/1451/1451 1448/1448/1448
f 1449/1449/1449 1447/1447/1447 1450/1450/1450 1451/1451/1451
f 1442/1442/1442 1440/1440/1440 1438/1438/1438 1441/1441/1441
f 1439/1439/1439 1442/1442/1442 1441/1441/1441 1437/1437/1437
f 1453/1453/1453 1513/1513/1513 1452/1452/1452
f 1446/1446/1446 1450/1450/1450 1445/1445/1445
f 1453/1453/1453 1445/1445/1445 1450/1450/1450
f 1448/1448/1448 1451/1451/1451 1446/1446/1446
f 1451/1451/1451 1450/1450/1450 1446/1446/1446
f 1450/1450/1450 1513/1513/1513 1453/1453/1453
f 1512/1512/1512 1513/1513/1513 1447/1447/1447
f 1447/1447/1447 1513/1513/1513 1450/1450/1450
f 1495/1495/1495 1512/1512/1512 1447/1447/1447
f 1495/1495/1495 1447/1447/1447 1449/1449/1449
f 1434/1434/1434 1495/1495/1495 1449/1449/1449
f 1495/1495/1495 1500/1500/1500 1512/1512/1512
f 1521/1521/1521 1461/1461/1461 1462/1462/1462
f 1522/1522/1522 1459/1459/1459 1521/1521/1521
f 1459/1459/1459 1461/1461/1461 1521/1521/1521
f 1516/1516/1516 1459/1459/1459 1522/1522/1522
f 1523/1523/1523 1516/1516/1516 1522/1522/1522
f 1524/1524/1524 1516/1516/1516 1523/1523/1523
f 1434/1434/1434 1448/1448/1448 1461/1461/1461
f 1461/1461/1461 1448/1448/1448 1446/1446/1446
f 1494/1494/1494 1434/1434/1434 1461/1461/1461
f 1494/1494/1494 1461/1461/1461 1460/1460/1460
f 1460/1460/1460 1461/1461/1461 1459/1459/1459
f 1495/1495/1495 1434/1434/1434 1494/1494/1494
f 1501/1501/1501 1510/1510/1510 1511/1511/1511
f 1511/1511/1511 1500/1500/1500 1501/1501/1501
f 1474/1474/1474 1510/1510/1510 1501/1501/1501
f 1500/1500/1500 1511/1511/1511 1512/1512/1512
f 1508/1508/1508 1509/1509/1509 1474/1474/1474 1478/1478/1478
f 1510/1510/1510 1474/1474/1474 1509/1509/1509
f 1475/1475/1475 1478/1478/1478 1474/1474/1474
f 1505/1505/1505 1490/1490/1490 1491/1491/1491
f 1478/1478/1478 1475/1475/1475 1491/1491/1491
f 1491/1491/1491 1475/1475/1475 1476/1476/1476
f 1488/1488/1488 1489/1489/1489 1506/1506/1506
f 1506/1506/1506 1489/1489/1489 1490/1490/1490
f 1506/1506/1506 1472/1472/1472 1488/1488/1488
f 1505/1505/1505 1506/1506/1506 1490/1490/1490
f 1505/1505/1505 1491/1491/1491 1476/1476/1476
f 1517/1517/1517 1471/1471/1471 1506/1506/1506
f 1473/1473/1473 1487/1487/1487 1472/1472/1472
f 1472/1472/1472 1487/1487/1487 1488/1488/1488
f 1471/1471/1471 1472/1472/1472 1506/1506/1506
f 1517/1517/1517 1493/1493/1493 1470/1470/1470
f 1471/1471/1471 1517/1517/1517 1470/1470/1470
f 1477/1477/1477 1470/1470/1470 1468/1468/1468
f 1516/1516/1516 1524/1524/1524 1515/1515/1515
f 1515/1515/1515 1525/1525/1525 1518/1518/1518
f 1497/1497/1497 1519/1519/1519 1520/1520/1520
f 1480/1480/1480 1520/1520/1520 1479/1479/1479
f 1515/1515/1515 1518/1518/1518 1519/1519/1519
f 1497/1497/1497 1515/1515/1515 1519/1519/1519
f 1480/1480/1480 1496/1496/1496 1497/1497/1497
f 1483/1483/1483 1485/1485/1485 1486/1486/1486
f 1496/1496/1496 1480/1480/1480 1486/1486/1486
f 1480/1480/1480 1482/1482/1482 1486/1486/1486
f 1497/1497/1497 1520/1520/1520 1480/1480/1480
f 1486/1486/1486 1482/1482/1482 1483/1483/1483
f 1481/1481/1481 1482/1482/1482 1480/1480/1480
f 1485/1485/1485 1483/1483/1483 1514/1514/1514
f 1484/1484/1484 1485/1485/1485 1514/1514/1514
f 1504/1504/1504 1458/1458/1458 1483/1483/1483
f 1502/1502/1502 1503/1503/1503 1458/1458/1458 1504/1504/1504
f 1483/1483/1483 1458/1458/1458 1514/1514/1514
f 1503/1503/1503 1457/1457/1457 1458/1458/1458
f 1456/1456/1456 1457/1457/1457 1455/1455/1455
f 1503/1503/1503 1455/1455/1455 1457/1457/1457
f 1454/1454/1454 1455/1455/1455 1503/1503/1503
f 1493/1493/1493 1468/1468/1468 1470/1470/1470
f 1468/1468/1468 1493/1493/1493 1499/1499/1499 1507/1507/1507
f 1463/1463/1463 1468/1468/1468 1507/1507/1507
f 1469/1469/1469 1466/1466/1466 1467/1467/1467
f 1463/1463/1463 1469/1469/1469 1467/1467/1467
f 1469/1469/1469 1438/1438/1438 1440/1440/1440
f 1463/1463/1463 1464/1464/1464 1438/1438/1438
f 1463/1463/1463 1438/1438/1438 1469/1469/1469
f 1463/1463/1463 1467/1467/1467 1468/1468/1468
f 1436/1436/1436 1469/1469/1469 1440/1440/1440 1442/1442/1442
f 1492/1492/1492 1493/1493/1493 1517/1517/1517
f 1437/1437/1437 1441/1441/1441 1464/1464/1464
f 1464/1464/1464 1441/1441/1441 1438/1438/1438
f 1465/1465/1465 1437/1437/1437 1464/1464/1464
f 1437/1437/1437 1465/1465/1465 1498/1498/1498
f 1498/1498/1498 1439/1439/1439 1437/1437/1437
f 1439/1439/1439 1436/1436/1436 1442/1442/1442
f 1444/1444/1444 1435/1435/1435 1436/1436/1436
f 1439/1439/1439 1498/1498/1498 1444/1444/1444
f 1443/1443/1443 1444/1444/1444 1498/1498/1498
f 1436/1436/1436 1439/1439/1439 1444/1444/1444
f 1515/1515/1515 1524/1524/1524 1525/1525/1525
f 1529/1529/1529 1526/1526/1526 1528/1528/1528
f 1530/1530/1530 1526/1526/1526 1529/1529/1529
f 1540/1540/1540 1527/1527/1527 1538/1538/1538
f 1530/1530/1530 1534/1534/1534 1538/1538/1538
f 1540/1540/1540 1538/1538/1538 1536/1536/1536
f 1530/1530/1530 1538/1538/1538 1526/1526/1526
f 1533/1533/1533 1534/1534/1534 1531/1531/1531
f 1530/1530/1530 1531/1531/1531 1534/1534/1534
f 1531/1531/1531 1532/1532/1532 1533/1533/1533
f 1538/1538/1538 1535/1535/1535 1536/1536/1536
f 1540/1540/1540 1537/1537/1537 1539/1539/1539
f 1540/1540/1540 1536/1536/1536 1537/1537/1537
f 1538/1538/1538 1534/1534/1534 1535/1535/1535
f 1541/1541/1541 1547/1547/1547 1543/1543/1543
f 1544/1544/1544 1545/1545/1545 1546/1546/1546
f 1546/1546/1546 1547/1547/1547 1548/1548/1548
f 1547/1547/1547 1541/1541/1541 1548/1548/1548
f 1545/1545/1545 1544/1544/1544 1542/1542/1542
f 1546/1546/1546 1548/1548/1548 1544/1544/1544
f 1558/1558/1558 1556/1556/1556 1555/1555/1555 1557/1557/1557
f 1556/1556/1556 1560/1560/1560 1559/1559/1559 1555/1555/1555
f 1557/1557/1557 1555/1555/1555 1566/1566/1566 1567/1567/1567
f 1559/1559/1559 1572/1572/1572 1569/1569/1569
f 1549/1549/1549 1569/1569/1569 1572/1572/1572
f 1554/1554/1554 1572/1572/1572 1559/1559/1559 1560/1560/1560
f 1559/1559/1559 1566/1566/1566 1555/1555/1555
f 1570/1570/1570 1566/1566/1566 1569/1569/1569
f 1569/1569/1569 1566/1566/1566 1559/1559/1559
f 1553/1553/1553 1554/1554/1554 1560/1560/1560
f 1552/1552/1552 1553/1553/1553 1560/1560/1560
f 1551/1551/1551 1552/1552/1552 1556/1556/1556
f 1560/1560/1560 1556/1556/1556 1552/1552/1552
f 1556/1556/1556 1563/1563/1563 1551/1551/1551
f 1570/1570/1570 1571/1571/1571 1567/1567/1567 1566/1566/1566
f 1568/1568/1568 1567/1567/1567 1571/1571/1571
f 1571/1571/1571 1550/1550/1550 1568/1568/1568
f 1568/1568/1568 1564/1564/1564 1557/1557/1557 1567/1567/1567
f 1563/1563/1563 1556/1556/1556 1558/1558/1558
f 1558/1558/1558 1557/1557/1557 1565/1565/1565 1561/1561/1561
f 1562/1562/1562 1563/1563/1563 1558/1558/1558
f 1562/1562/1562 1558/1558/1558 1561/1561/1561
f 1565/1565/1565 1557/1557/1557 1564/1564/1564
f 1582/1582/1582 1573/1573/1573 1584/1584/1584
f 1584/1584/1584 1573/1573/1573 1577/1577/1577
f 1581/1581/1581 1587/1587/1587 1574/1574/1574
f 1585/1585/1585 1581/1581/1581 1582/1582/1582
f 1583/1583/1583 1581/1581/1581 1585/1585/1585
f 1584/1584/1584 1577/1577/1577 1583/1583/1583
f 1583/1583/1583 1578/1578/1578 1579/1579/1579
f 1586/1586/1586 1580/1580/1580 1575/1575/1575
f 1583/1583/1583 1579/1579/1579 1580/1580/1580
f 1581/1581/1581 1583/1583/1583 1587/1587/1587
f 1586/1586/1586 1587/1587/1587 1583/1583/1583
f 1587/1587/1587 1586/1586/1586 1576/1576/1576
f 1586/1586/1586 1583/1583/1583 1580/1580/1580
f 1577/1577/1577 1578/1578/1578 1583/1583/1583
f 1593/1593/1593 1588/1588/1588 1590/1590/1590 1592/1592/1592
f 1589/1589/1589 1593/1593/1593 1592/1592/1592 1591/1591/1591
f 1599/1599/1599 1594/1594/1594 1596/1596/1596 1598/1598/1598
f 1595/1595/1595 1599/1599/1599 1598/1598/1598 1597/1597/1597
f 1604/1604/1604 1607/1607/1607 1603/1603/1603
f 1607/1607/1607 1600/1600/1600 1606/1606/1606
f 1600/1600/1600 1607/1607/1607 1608/1608/1608
f 1605/1605/1605 1604/1604/1604 1601/1601/1601
f 1602/1602/1602 1608/1608/1608 1605/1605/1605
f 1605/1605/1605 1608/1608/1608 1607/1607/1607
f 1604/1604/1604 1605/1605/1605 1607/1607/1607
f 1614/1614/1614 1613/1613/1613 1609/1609/1609
f 1615/1615/1615 1610/1610/1610 1613/1613/1613
f 1614/1614/1614 1611/1611/1611 1612/1612/1612 1615/1615/1615
f 1613/1613/1613 1614/1614/1614 1615/1615/1615
f 1616/1616/1616 1620/1620/1620 1621/1621/1621 1617/1617/1617
f 1619/1619/1619 1621/1621/1621 1620/1620/1620 1618/1618/1618
f 1623/1623/1623 1642/1642/1642 1644/1644/1644 1643/1643/1643
f 1626/1626/1626 1637/1637/1637 1647/1647/1647 1646/1646/1646
f 1646/1646/1646 1647/1647/1647 1642/1642/1642 1623/1623/1623
f 1646/1646/1646 1627/1627/1627 1626/1626/1626
f 1624/1624/1624 1646/1646/1646 1623/1623/1623
f 1627/1627/1627 1646/1646/1646 1624/1624/1624
f 1628/1628/1628 1627/1627/1627 1624/1624/1624 1625/1625/1625
f 1629/1629/1629 1635/1635/1635 1638/1638/1638 1636/1636/1636
f 1636/1636/1636 1638/1638/1638 1637/1637/1637 1626/1626/1626
f 1636/1636/1636 1630/1630/1630 1629/1629/1629
f 1627/1627/1627 1636/1636/1636 1626/1626/1626
f 1630/1630/1630 1636/1636/1636 1627/1627/1627
f 1631/1631/1631 1630/1630/1630 1627/1627/1627 1628/1628/1628
f 1642/1642/1642 1640/1640/1640 1644/1644/1644
f 1648/1648/1648 1644/1644/1644 1640/1640/1640
f 1640/1640/1640 1642/1642/1642 1660/1660/1660
f 1660/1660/1660 1641/1641/1641 1640/1640/1640
f 1667/1667/1667 1643/1643/1643 1644/1644/1644 1648/1648/1648
f 1639/1639/1639 1645/1645/1645 1660/1660/1660
f 1639/1639/1639 1647/1647/1647 1637/1637/1637 1633/1633/1633
f 1639/1639/1639 1642/1642/1642 1647/1647/1647
f 1660/1660/1660 1642/1642/1642 1639/1639/1639
f 1643/1643/1643 1667/1667/1667 1666/1666/1666
f 1625/1625/1625 1665/1665/1665 1664/1664/1664
f 1652/1652/1652 1664/1664/1664 1622/1622/1622
f 1665/1665/1665 1624/1624/1624 1666/1666/1666
f 1624/1624/1624 1623/1623/1623 1643/1643/1643
f 1665/1665/1665 1625/1625/1625 1624/1624/1624
f 1651/1651/1651 1625/1625/1625 1652/1652/1652
f 1625/1625/1625 1664/1664/1664 1652/1652/1652
f 1625/1625/1625 1651/1651/1651 1663/1663/1663 1628/1628/1628
f 1624/1624/1624 1643/1643/1643 1666/1666/1666
f 1633/1633/1633 1659/1659/1659 1634/1634/1634
f 1633/1633/1633 1638/1638/1638 1659/1659/1659
f 1659/1659/1659 1638/1638/1638 1650/1650/1650
f 1649/1649/1649 1659/1659/1659 1650/1650/1650
f 1638/1638/1638 1633/1633/1633 1637/1637/1637
f 1655/1655/1655 1653/1653/1653 1629/1629/1629
f 1635/1635/1635 1653/1653/1653 1650/1650/1650
f 1653/1653/1653 1635/1635/1635 1629/1629/1629
f 1650/1650/1650 1638/1638/1638 1635/1635/1635
f 1655/1655/1655 1654/1654/1654 1653/1653/1653
f 1662/1662/1662 1631/1631/1631 1628/1628/1628 1663/1663/1663
f 1661/1661/1661 1631/1631/1631 1662/1662/1662
f 1631/1631/1631 1657/1657/1657 1656/1656/1656 1630/1630/1630
f 1657/1657/1657 1631/1631/1631 1658/1658/1658
f 1632/1632/1632 1658/1658/1658 1661/1661/1661
f 1658/1658/1658 1631/1631/1631 1661/1661/1661
f 1630/1630/1630 1656/1656/1656 1655/1655/1655 1629/1629/1629
f 1670/1670/1670 1674/1674/1674 1669/1669/1669
f 1671/1671/1671 1672/1672/1672 1674/1674/1674
f 1674/1674/1674 1673/1673/1673 1671/1671/1671
f 1673/1673/1673 1668/1668/1668 1671/1671/1671
f 1670/1670/1670 1673/1673/1673 1674/1674/1674
f 1687/1687/1687 1689/1689/1689 1680/1680/1680 1678/1678/1678
f 1678/1678/1678 1680/1680/1680 1681/1681/1681 1679/1679/1679
f 1676/1676/1676 1677/1677/1677 1682/1682/1682
f 1680/1680/1680 1691/1691/1691 1676/1676/1676
f 1676/1676/1676 1682/1682/1682 1681/1681/1681
f 1686/1686/1686 1688/1688/1688 1685/1685/1685
f 1689/1689/1689 1675/1675/1675 1688/1688/1688
f 1680/1680/1680 1686/1686/1686 1690/1690/1690
f 1686/1686/1686 1689/1689/1689 1688/1688/1688
f 1690/1690/1690 1691/1691/1691 1680/1680/1680
f 1676/1676/1676 1681/1681/1681 1680/1680/1680
f 1693/1693/1693 1679/1679/1679 1692/1692/1692
f 1682/1682/1682 1679/1679/1679 1681/1681/1681
f 1679/1679/1679 1682/1682/1682 1692/1692/1692
f 1693/1693/1693 1678/1678/1678 1679/1679/1679
f 1675/1675/1675 1689/1689/1689 1684/1684/1684
f 1687/1687/1687 1684/1684/1684 1689/1689/1689
f 1678/1678/1678 1693/1693/1693 1687/1687/1687
f 1683/1683/1683 1687/1687/1687 1693/1693/1693
f 1684/1684/1684 1687/1687/1687 1683/1683/1683
f 1686/1686/1686 1680/1680/1680 1689/1689/1689
f 1697/1697/1697 1699/1699/1699 1696/1696/1696
f 1694/1694/1694 1700/1700/1700 1697/1697/1697
f 1697/1697/1697 1700/1700/1700 1699/1699/1699
f 1700/1700/1700 1698/1698/1698 1699/1699/1699
f 1695/1695/1695 1700/1700/1700 1694/1694/1694
f 1706/1706/1706 1708/1708/1708 1701/1701/1701
f 1704/1704/1704 1705/1705/1705 1706/1706/1706
f 1706/1706/1706 1701/1701/1701 1707/1707/1707
f 1703/1703/1703 1707/1707/1707 1702/1702/1702
f 1703/1703/1703 1704/1704/1704 1706/1706/1706
f 1707/1707/1707 1703/1703/1703 1706/1706/1706
f 1713/1713/1713 1716/1716/1716 1715/1715/1715
f 1715/1715/1715 1716/1716/1716 1710/1710/1710
f 1713/1713/1713 1715/1715/1715 1709/1709/1709
f 1714/1714/1714 1713/1713/1713 1711/1711/1711
f 1714/1714/1714 1712/1712/1712 1716/1716/1716
f 1713/1713/1713 1714/1714/1714 1716/1716/1716
f 1722/1722/1722 1720/1720/1720 1718/1718/1718 1721/1721/1721
f 1717/1717/1717 1722/1722/1722 1721/1721/1721 1719/1719/1719
f 1731/1731/1731 1754/1754/1754 1756/1756/1756 1742/1742/1742
f 1754/1754/1754 1729/1729/1729 1755/1755/1755 1756/1756/1756
f 1756/1756/1756 1755/1755/1755 1728/1728/1728 1744/1744/1744
f 1752/1752/1752 1742/1742/1742 1756/1756/1756
f 1744/1744/1744 1730/1730/1730 1752/1752/1752
f 1756/1756/1756 1744/1744/1744 1752/1752/1752
f 1743/1743/1743 1751/1751/1751 1753/1753/1753 1750/1750/1750
f 1751/1751/1751 1742/1742/1742 1752/1752/1752 1753/1753/1753
f 1753/1753/1753 1752/1752/1752 1730/1730/1730 1741/1741/1741
f 1750/1750/1750 1753/1753/1753 1741/1741/1741
f 1755/1755/1755 1729/1729/1729 1757/1757/1757
f 1745/1745/1745 1728/1728/1728 1755/1755/1755
f 1757/1757/1757 1745/1745/1745 1755/1755/1755
f 1746/1746/1746 1740/1740/1740 1749/1749/1749
f 1747/1747/1747 1738/1738/1738 1746/1746/1746
f 1749/1749/1749 1747/1747/1747 1746/1746/1746
f 1749/1749/1749 1740/1740/1740 1739/1739/1739 1748/1748/1748
f 1745/1745/1745 1734/1734/1734 1728/1728/1728
f 1737/1737/1737 1728/1728/1728 1734/1734/1734
f 1757/1757/1757 1734/1734/1734 1745/1745/1745
f 1737/1737/1737 1741/1741/1741 1730/1730/1730
f 1744/1744/1744 1728/1728/1728 1737/1737/1737
f 1723/1723/1723 1757/1757/1757 1729/1729/1729
f 1729/1729/1729 1754/1754/1754 1733/1733/1733
f 1723/1723/1723 1729/1729/1729 1733/1733/1733
f 1734/1734/1734 1757/1757/1757 1723/1723/1723
f 1731/1731/1731 1742/1742/1742 1751/1751/1751
f 1731/1731/1731 1732/1732/1732 1754/1754/1754
f 1751/1751/1751 1726/1726/1726 1731/1731/1731
f 1743/1743/1743 1726/1726/1726 1751/1751/1751
f 1726/1726/1726 1732/1732/1732 1731/1731/1731
f 1737/1737/1737 1750/1750/1750 1741/1741/1741
f 1740/1740/1740 1735/1735/1735 1739/1739/1739
f 1748/1748/1748 1739/1739/1739 1736/1736/1736
f 1730/1730/1730 1744/1744/1744 1737/1737/1737
f 1735/1735/1735 1740/1740/1740 1746/1746/1746
f 1750/1750/1750 1737/1737/1737 1735/1735/1735
f 1727/1727/1727 1749/1749/1749 1748/1748/1748
f 1738/1738/1738 1735/1735/1735 1746/1746/1746
f 1727/1727/1727 1748/1748/1748 1724/1724/1724
f 1724/1724/1724 1748/1748/1748 1736/1736/1736
f 1747/1747/1747 1750/1750/1750 1738/1738/1738
f 1754/1754/1754 1732/1732/1732 1733/1733/1733
f 1743/1743/1743 1725/1725/1725 1726/1726/1726
f 1738/1738/1738 1750/1750/1750 1735/1735/1735
f 1743/1743/1743 1747/1747/1747 1727/1727/1727
f 1749/1749/1749 1727/1727/1727 1747/1747/1747
f 1727/1727/1727 1725/1725/1725 1743/1743/1743
f 1750/1750/1750 1747/1747/1747 1743/1743/1743
f 1735/1735/1735 1736/1736/1736 1739/1739/1739
f 1761/1761/1761 1765/1765/1765 1762/1762/1762
f 1761/1761/1761 1763/1763/1763 1760/1760/1760
f 1763/1763/1763 1761/1761/1761 1762/1762/1762
f 1759/1759/1759 1763/1763/1763 1758/1758/1758
f 1759/1759/1759 1764/1764/1764 1760/1760/1760
f 1763/1763/1763 1759/1759/1759 1760/1760/1760
f 1770/1770/1770 1772/1772/1772 1771/1771/1771 1769/1769/1769
f 1769/1769/1769 1771/1771/1771 1781/1781/1781 1780/1780/1780
f 1781/1781/1781 1783/1783/1783 1784/1784/1784 1782/1782/1782
f 1784/1784/1784 1786/1786/1786 1787/1787/1787 1785/1785/1785
f 1787/1787/1787 1789/1789/1789 1790/1790/1790 1788/1788/1788
f 1790/1790/1790 1779/1779/1779 1776/1776/1776
f 1788/1788/1788 1790/1790/1790 1776/1776/1776
f 1789/1789/1789 1779/1779/1779 1790/1790/1790
f 1785/1785/1785 1787/1787/1787 1788/1788/1788
f 1786/1786/1786 1789/1789/1789 1787/1787/1787
f 1785/1785/1785 1788/1788/1788 1775/1775/1775
f 1778/1778/1778 1779/1779/1779 1789/1789/1789
f 1778/1778/1778 1772/1772/1772 1777/1777/1777
f 1789/1789/1789 1786/1786/1786 1778/1778/1778
f 1786/1786/1786 1783/1783/1783 1778/1778/1778
f 1782/1782/1782 1784/1784/1784 1785/1785/1785
f 1786/1786/1786 1784/1784/1784 1783/1783/1783
f 1783/1783/1783 1771/1771/1771 1778/1778/1778
f 1775/1775/1775 1788/1788/1788 1776/1776/1776
f 1781/1781/1781 1771/1771/1771 1783/1783/1783
f 1780/1780/1780 1781/1781/1781 1782/1782/1782
f 1771/1771/1771 1772/1772/1772 1778/1778/1778
f 1766/1766/1766 1780/1780/1780 1775/1775/1775
f 1782/1782/1782 1775/1775/1775 1780/1780/1780
f 1775/1775/1775 1782/1782/1782 1785/1785/1785
f 1766/1766/1766 1769/1769/1769 1780/1780/1780
f 1767/1767/1767 1768/1768/1768 1772/1772/1772
f 1772/1772/1772 1768/1768/1768 1777/1777/1777
f 1770/1770/1770 1767/1767/1767 1772/1772/1772
f 1773/1773/1773 1770/1770/1770 1769/1769/1769
f 1770/1770/1770 1773/1773/1773 1774/1774/1774
f 1773/1773/1773 1769/1769/1769 1766/1766/1766
f 1767/1767/1767 1770/1770/1770 1774/1774/1774
f 1800/1800/1800 1791/1791/1791 1797/1797/1797
f 1792/1792/1792 1800/1800/1800 1799/1799/1799
f 1800/1800/1800 1795/1795/1795 1799/1799/1799
f 1795/1795/1795 1800/1800/1800 1797/1797/1797
f 1794/1794/1794 1796/1796/1796 1793/1793/1793
f 1799/1799/1799 1794/1794/1794 1798/1798/1798
f 1794/1794/1794 1799/1799/1799 1796/1796/1796
f 1796/1796/1796 1799/1799/1799 1795/1795/1795
f 1808/1808/1808 1801/1801/1801 1805/1805/1805 1806/1806/1806
f 1802/1802/1802 1808/1808/1808 1807/1807/1807 1804/1804/1804
f 1803/1803/1803 1805/1805/1805 1801/1801/1801
f 1808/1808/1808 1806/1806/1806 1807/1807/1807
f 1814/1814/1814 1822/1822/1822 1823/1823/1823 1816/1816/1816
f 1815/1815/1815 1814/1814/1814 1816/1816/1816 1817/1817/1817
f 1822/1822/1822 1824/1824/1824 1823/1823/1823
f 1820/1820/1820 1823/1823/1823 1824/1824/1824
f 1820/1820/1820 1818/1818/1818 1816/1816/1816 1823/1823/1823
f 1825/1825/1825 1809/1809/1809 1822/1822/1822
f 1824/1824/1824 1822/1822/1822 1809/1809/1809
f 1825/1825/1825 1822/1822/1822 1814/1814/1814
f 1815/1815/1815 1825/1825/1825 1814/1814/1814
f 1818/1818/1818 1820/1820/1820 1821/1821/1821 1819/1819/1819
f 1810/1810/1810 1812/1812/1812 1813/1813/1813
f 1817/1817/1817 1812/1812/1812 1810/1810/1810
f 1811/1811/1811 1815/1815/1815 1826/1826/1826
f 1817/1817/1817 1826/1826/1826 1815/1815/1815
f 1815/1815/1815 1811/1811/1811 1825/1825/1825
f 1817/1817/1817 1810/1810/1810 1826/1826/1826
f 1817/1817/1817 1816/1816/1816 1812/1812/1812
f 1816/1816/1816 1818/1818/1818 1812/1812/1812
f 1854/1854/1854 1849/1849/1849 1833/1833/1833
f 1833/1833/1833 1849/1849/1849 1832/1832/1832
f 1849/1849/1849 1854/1854/1854 1827/1827/1827
f 1832/1832/1832 1850/1850/1850 1830/1830/1830
f 1842/1842/1842 1859/1859/1859 1841/1841/1841
f 1832/1832/1832 1830/1830/1830 1831/1831/1831
f 1830/1830/1830 1850/1850/1850 1829/1829/1829
f 1850/1850/1850 1832/1832/1832 1849/1849/1849
f 1855/1855/1855 1839/1839/1839 1840/1840/1840
f 1855/1855/1855 1859/1859/1859 1838/1838/1838
f 1859/1859/1859 1855/1855/1855 1840/1840/1840
f 1859/1859/1859 1831/1831/1831 1841/1841/1841
f 1838/1838/1838 1859/1859/1859 1837/1837/1837
f 1836/1836/1836 1837/1837/1837 1835/1835/1835
f 1859/1859/1859 1835/1835/1835 1837/1837/1837
f 1835/1835/1835 1859/1859/1859 1834/1834/1834
f 1831/1831/1831 1859/1859/1859 1840/1840/1840
f 1829/1829/1829 1851/1851/1851 1852/1852/1852
f 1858/1858/1858 1829/1829/1829 1860/1860/1860
f 1853/1853/1853 1829/1829/1829 1852/1852/1852
f 1856/1856/1856 1853/1853/1853 1828/1828/1828
f 1860/1860/1860 1853/1853/1853 1856/1856/1856
f 1829/1829/1829 1853/1853/1853 1860/1860/1860
f 1856/1856/1856 1857/1857/1857 1860/1860/1860
f 1860/1860/1860 1859/1859/1859 1842/1842/1842
f 1860/1860/1860 1844/1844/1844 1834/1834/1834
f 1844/1844/1844 1846/1846/1846 1843/1843/1843
f 1860/1860/1860 1834/1834/1834 1859/1859/1859
f 1848/1848/1848 1860/1860/1860 1847/1847/1847
f 1858/1858/1858 1860/1860/1860 1842/1842/1842
f 1846/1846/1846 1860/1860/1860 1845/1845/1845
f 1848/1848/1848 1845/1845/1845 1860/1860/1860
f 1844/1844/1844 1860/1860/1860 1846/1846/1846
f 1860/1860/1860 1857/1857/1857 1847/1847/1847
f 1829/1829/1829 1850/1850/1850 1851/1851/1851
f 1878/1878/1878 1889/1889/1889 1891/1891/1891 1888/1888/1888
f 1889/1889/1889 1887/1887/1887 1890/1890/1890 1891/1891/1891
f 1864/1864/1864 1862/1862/1862 1861/1861/1861 1863/1863/1863
f 1872/1872/1872 1882/1882/1882 1884/1884/1884 1876/1876/1876
f 1882/1882/1882 1879/1879/1879 1883/1883/1883 1884/1884/1884
f 1900/1900/1900 1866/1866/1866 1867/1867/1867
f 1864/1864/1864 1863/1863/1863 1900/1900/1900
f 1867/1867/1867 1864/1864/1864 1900/1900/1900
f 1875/1875/1875 1873/1873/1873 1871/1871/1871
f 1865/1865/1865 1872/1872/1872 1875/1875/1875
f 1871/1871/1871 1865/1865/1865 1875/1875/1875
f 1873/1873/1873 1875/1875/1875 1877/1877/1877 1874/1874/1874
f 1875/1875/1875 1872/1872/1872 1876/1876/1876 1877/1877/1877
f 1890/1890/1890 1892/1892/1892 1891/1891/1891
f 1911/1911/1911 1892/1892/1892 1890/1890/1890
f 1887/1887/1887 1910/1910/1910 1911/1911/1911
f 1890/1890/1890 1887/1887/1887 1911/1911/1911
f 1887/1887/1887 1889/1889/1889 1910/1910/1910
f 1883/1883/1883 1885/1885/1885 1886/1886/1886
f 1881/1881/1881 1883/1883/1883 1886/1886/1886
f 1892/1892/1892 1885/1885/1885 1891/1891/1891
f 1878/1878/1878 1888/1888/1888 1883/1883/1883 1879/1879/1879
f 1883/1883/1883 1888/1888/1888 1885/1885/1885
f 1878/1878/1878 1910/1910/1910 1889/1889/1889
f 1879/1879/1879 1899/1899/1899 1878/1878/1878
f 1885/1885/1885 1888/1888/1888 1891/1891/1891
f 1915/1915/1915 1912/1912/1912 1861/1861/1861
f 1893/1893/1893 1861/1861/1861 1912/1912/1912
f 1861/1861/1861 1862/1862/1862 1914/1914/1914 1915/1915/1915
f 1862/1862/1862 1913/1913/1913 1914/1914/1914
f 1862/1862/1862 1908/1908/1908 1913/1913/1913
f 1909/1909/1909 1913/1913/1913 1908/1908/1908
f 1910/1910/1910 1878/1878/1878 1899/1899/1899
f 1863/1863/1863 1893/1893/1893 1894/1894/1894
f 1862/1862/1862 1864/1864/1864 1908/1908/1908
f 1900/1900/1900 1863/1863/1863 1894/1894/1894
f 1907/1907/1907 1908/1908/1908 1864/1864/1864 1867/1867/1867
f 1900/1900/1900 1894/1894/1894 1895/1895/1895
f 1863/1863/1863 1861/1861/1861 1893/1893/1893
f 1881/1881/1881 1880/1880/1880 1883/1883/1883
f 1884/1884/1884 1880/1880/1880 1876/1876/1876
f 1872/1872/1872 1899/1899/1899 1882/1882/1882
f 1882/1882/1882 1899/1899/1899 1879/1879/1879
f 1872/1872/1872 1865/1865/1865 1899/1899/1899
f 1874/1874/1874 1869/1869/1869 1870/1870/1870
f 1868/1868/1868 1874/1874/1874 1870/1870/1870
f 1876/1876/1876 1869/1869/1869 1877/1877/1877
f 1869/1869/1869 1874/1874/1874 1877/1877/1877
f 1874/1874/1874 1901/1901/1901 1873/1873/1873
f 1901/1901/1901 1874/1874/1874 1868/1868/1868
f 1869/1869/1869 1876/1876/1876 1880/1880/1880
f 1901/1901/1901 1871/1871/1871 1873/1873/1873
f 1897/1897/1897 1898/1898/1898 1865/1865/1865
f 1899/1899/1899 1865/1865/1865 1898/1898/1898
f 1896/1896/1896 1897/1897/1897 1865/1865/1865
f 1866/1866/1866 1895/1895/1895 1896/1896/1896
f 1866/1866/1866 1896/1896/1896 1865/1865/1865
f 1866/1866/1866 1900/1900/1900 1895/1895/1895
f 1866/1866/1866 1865/1865/1865 1871/1871/1871
f 1866/1866/1866 1902/1902/1902 1903/1903/1903
f 1901/1901/1901 1902/1902/1902 1871/1871/1871
f 1903/1903/1903 1904/1904/1904 1866/1866/1866
f 1905/1905/1905 1867/1867/1867 1904/1904/1904
f 1904/1904/1904 1867/1867/1867 1866/1866/1866
f 1867/1867/1867 1905/1905/1905 1906/1906/1906
f 1907/1907/1907 1867/1867/1867 1906/1906/1906
f 1902/1902/1902 1866/1866/1866 1871/1871/1871
f 1883/1883/1883 1880/1880/1880 1884/1884/1884
f 1924/1924/1924 1916/1916/1916 1921/1921/1921
f 1917/1917/1917 1924/1924/1924 1922/1922/1922 1923/1923/1923
f 1922/1922/1922 1924/1924/1924 1921/1921/1921
f 1921/1921/1921 1919/1919/1919 1922/1922/1922
f 1919/1919/1919 1920/1920/1920 1922/1922/1922
f 1918/1918/1918 1919/1919/1919 1921/1921/1921
f 1928/1928/1928 1933/1933/1933 1926/1926/1926
f 1926/1926/1926 1933/1933/1933 1925/1925/1925
f 1934/1934/1934 1932/1932/1932 1933/1933/1933
f 1928/1928/1928 1926/1926/1926 1927/1927/1927
f 1930/1930/1930 1928/1928/1928 1929/1929/1929
f 1931/1931/1931 1934/1934/1934 1930/1930/1930
f 1930/1930/1930 1934/1934/1934 1933/1933/1933
f 1928/1928/1928 1930/1930/1930 1933/1933/1933
f 1935/1935/1935 1941/1941/1941 1940/1940/1940 1942/1942/1942
f 1943/1943/1943 1940/1940/1940 1939/1939/1939
f 1940/1940/1940 1944/1944/1944 1942/1942/1942
f 1944/1944/1944 1940/1940/1940 1943/1943/1943
f 1943/1943/1943 1939/1939/1939 1938/1938/1938
f 1944/1944/1944 1943/1943/1943 1937/1937/1937
f 1936/1936/1936 1942/1942/1942 1944/1944/1944
f 1947/1947/1947 1948/1948/1948 1951/1951/1951
f 1950/1950/1950 1951/1951/1951 1954/1954/1954
f 1948/1948/1948 1954/1954/1954 1951/1951/1951
f 1953/1953/1953 1954/1954/1954 1948/1948/1948
f 1947/1947/1947 1951/1951/1951 1949/1949/1949
f 1949/1949/1949 1946/1946/1946 1947/1947/1947
f 1945/1945/1945 1953/1953/1953 1948/1948/1948 1952/1952/1952
f 1960/1960/1960 1955/1955/1955 1957/1957/1957 1959/1959/1959
f 1956/1956/1956 1960/1960/1960 1959/1959/1959 1958/1958/1958
f 1970/1970/1970 1968/1968/1968 1967/1967/1967 1969/1969/1969
f 1971/1971/1971 1963/1963/1963 1964/1964/1964
f 1972/1972/1972 1967/1967/1967 1971/1971/1971
f 1967/1967/1967 1963/1963/1963 1971/1971/1971
f 1968/1968/1968 1961/1961/1961 1963/1963/1963
f 1961/1961/1961 1968/1968/1968 1975/1975/1975
f 1968/1968/1968 1970/1970/1970 1975/1975/1975
f 1968/1968/1968 1963/1963/1963 1967/1967/1967
f 1974/1974/1974 1969/1969/1969 1972/1972/1972
f 1972/1972/1972 1973/1973/1973 1974/1974/1974
f 1965/1965/1965 1969/1969/1969 1974/1974/1974
f 1966/1966/1966 1970/1970/1970 1965/1965/1965
f 1969/1969/1969 1965/1965/1965 1970/1970/1970
f 1970/1970/1970 1966/1966/1966 1962/1962/1962
f 1975/1975/1975 1970/1970/1970 1962/1962/1962
f 1972/1972/1972 1969/1969/1969 1967/1967/1967
f 2011/2011/2011 2005/2005/2005 1997/1997/1997
f 2006/2006/2006 2007/2007/2007 2011/2011/2011
f 1997/1997/1997 2006/2006/2006 2011/2011/2011
f 2007/2007/2007 2006/2006/2006 1999/1999/1999
f 2006/2006/2006 1997/1997/1997 1993/1993/1993
f 1998/1998/1998 1999/1999/1999 2006/2006/2006
f 1993/1993/1993 1998/1998/1998 2006/2006/2006
f 1996/1996/1996 1999/1999/1999 1998/1998/1998 1995/1995/1995
f 1998/1998/1998 1993/1993/1993 1983/1983/1983
f 1994/1994/1994 1995/1995/1995 1998/1998/1998
f 1983/1983/1983 1994/1994/1994 1998/1998/1998
f 2017/2017/2017 2015/2015/2015 2014/2014/2014 2016/2016/2016
f 2014/2014/2014 2012/2012/2012 2010/2010/2010 2013/2013/2013
f 2016/2016/2016 2014/2014/2014 2013/2013/2013
f 1997/1997/1997 2005/2005/2005 2016/2016/2016
f 2013/2013/2013 1997/1997/1997 2016/2016/2016
f 2010/2010/2010 2008/2008/2008 2002/2002/2002 2009/2009/2009
f 2013/2013/2013 2010/2010/2010 2009/2009/2009
f 1993/1993/1993 1997/1997/1997 2013/2013/2013
f 2009/2009/2009 1993/1993/1993 2013/2013/2013
f 2002/2002/2002 2000/2000/2000 1981/1981/1981 2001/2001/2001
f 2009/2009/2009 2002/2002/2002 2001/2001/2001
f 1983/1983/1983 1993/1993/1993 2009/2009/2009
f 2001/2001/2001 1983/1983/1983 2009/2009/2009
f 2001/2001/2001 1981/1981/1981 1980/1980/1980
f 1982/1982/1982 1983/1983/1983 2001/2001/2001
f 1980/1980/1980 1982/1982/1982 2001/2001/2001
f 1981/1981/1981 2004/2004/2004 2003/2003/2003 1980/1980/1980
f 2003/2003/2003 1986/1986/1986 1987/1987/1987
f 1988/1988/1988 1980/1980/1980 2003/2003/2003
f 1988/1988/1988 2003/2003/2003 1987/1987/1987
f 2004/2004/2004 1986/1986/1986 2003/2003/2003
f 2008/2008/2008 2000/2000/2000 2002/2002/2002
f 2004/2004/2004 1981/1981/1981 2000/2000/2000
f 1991/1991/1991 2004/2004/2004 2000/2000/2000
f 1992/1992/1992 1986/1986/1986 2004/2004/2004
f 1990/1990/1990 1991/1991/1991 2000/2000/2000
f 1992/1992/1992 2004/2004/2004 1991/1991/1991
f 2012/2012/2012 2008/2008/2008 2010/2010/2010
f 2015/2015/2015 2012/2012/2012 2014/2014/2014
f 1990/1990/1990 2012/2012/2012 2015/2015/2015
f 1990/1990/1990 2008/2008/2008 2012/2012/2012
f 2008/2008/2008 1990/1990/1990 2000/2000/2000
f 1989/1989/1989 1990/1990/1990 2015/2015/2015
f 1982/1982/1982 1980/1980/1980 1988/1988/1988
f 1994/1994/1994 1983/1983/1983 1982/1982/1982
f 1979/1979/1979 2016/2016/2016 2005/2005/2005
f 1984/1984/1984 1995/1995/1995 1994/1994/1994
f 1995/1995/1995 1985/1985/1985 1996/1996/1996
f 1976/1976/1976 1984/1984/1984 1994/1994/1994
f 1976/1976/1976 1994/1994/1994 1982/1982/1982
f 1976/1976/1976 1982/1982/1982 1988/1988/1988
f 1996/1996/1996 1978/1978/1978 1999/1999/1999
f 2011/2011/2011 2007/2007/2007 1979/1979/1979
f 2016/2016/2016 1979/1979/1979 2017/2017/2017
f 2015/2015/2015 2017/2017/2017 1989/1989/1989
f 1979/1979/1979 1989/1989/1989 2017/2017/2017
f 2007/2007/2007 1978/1978/1978 1979/1979/1979
f 2011/2011/2011 1979/1979/1979 2005/2005/2005
f 1978/1978/1978 2007/2007/2007 1999/1999/1999
f 1977/1977/1977 1978/1978/1978 1996/1996/1996
f 1985/1985/1985 1977/1977/1977 1996/1996/1996
f 1985/1985/1985 1995/1995/1995 1984/1984/1984
f 2104/2104/2104 2037/2037/2037 2106/2106/2106
f 2070/2070/2070 2020/2020/2020 2104/2104/2104
f 2106/2106/2106 2070/2070/2070 2104/2104/2104
f 2116/2116/2116 2091/2091/2091 2117/2117/2117 2118/2118/2118
f 2118/2118/2118 2117/2117/2117 2094/2094/2094 2098/2098/2098
f 2117/2117/2117 2091/2091/2091 2036/2036/2036
f 2092/2092/2092 2094/2094/2094 2117/2117/2117
f 2036/2036/2036 2092/2092/2092 2117/2117/2117
f 2099/2099/2099 2094/2094/2094 2092/2092/2092
f 2038/2038/2038 2093/2093/2093 2099/2099/2099
f 2092/2092/2092 2038/2038/2038 2099/2099/2099
f 2108/2108/2108 2098/2098/2098 2109/2109/2109 2111/2111/2111
f 2123/2123/2123 2111/2111/2111 2109/2109/2109
f 2101/2101/2101 2110/2110/2110 2123/2123/2123
f 2109/2109/2109 2101/2101/2101 2123/2123/2123
f 2122/2122/2122 2111/2111/2111 2123/2123/2123 2125/2125/2125
f 2125/2125/2125 2123/2123/2123 2110/2110/2110 2124/2124/2124
f 2109/2109/2109 2098/2098/2098 2094/2094/2094
f 2099/2099/2099 2101/2101/2101 2109/2109/2109
f 2094/2094/2094 2099/2099/2099 2109/2109/2109
f 2127/2127/2127 2101/2101/2101 2099/2099/2099
f 2093/2093/2093 2100/2100/2100 2127/2127/2127
f 2099/2099/2099 2093/2093/2093 2127/2127/2127
f 2124/2124/2124 2110/2110/2110 2129/2129/2129
f 2126/2126/2126 2097/2097/2097 2124/2124/2124
f 2129/2129/2129 2126/2126/2126 2124/2124/2124
f 2110/2110/2110 2101/2101/2101 2127/2127/2127 2129/2129/2129
f 2129/2129/2129 2127/2127/2127 2100/2100/2100 2128/2128/2128
f 2126/2126/2126 2129/2129/2129 2128/2128/2128 2030/2030/2030
f 2038/2038/2038 2092/2092/2092 2019/2019/2019
f 2092/2092/2092 2036/2036/2036 2019/2019/2019
f 2128/2128/2128 2100/2100/2100 2133/2133/2133
f 2130/2130/2130 2030/2030/2030 2128/2128/2128
f 2133/2133/2133 2130/2130/2130 2128/2128/2128
f 2100/2100/2100 2093/2093/2093 2131/2131/2131 2133/2133/2133
f 2133/2133/2133 2131/2131/2131 2105/2105/2105 2132/2132/2132
f 2130/2130/2130 2133/2133/2133 2132/2132/2132 2102/2102/2102
f 2131/2131/2131 2093/2093/2093 2038/2038/2038
f 2103/2103/2103 2105/2105/2105 2131/2131/2131
f 2038/2038/2038 2103/2103/2103 2131/2131/2131
f 2105/2105/2105 2103/2103/2103 2037/2037/2037 2104/2104/2104
f 2132/2132/2132 2105/2105/2105 2104/2104/2104
f 2020/2020/2020 2102/2102/2102 2132/2132/2132
f 2104/2104/2104 2020/2020/2020 2132/2132/2132
f 2120/2120/2120 2096/2096/2096 2095/2095/2095
f 2019/2019/2019 2036/2036/2036 2120/2120/2120
f 2095/2095/2095 2019/2019/2019 2120/2120/2120
f 2119/2119/2119 2096/2096/2096 2120/2120/2120 2121/2121/2121
f 2121/2121/2121 2120/2120/2120 2036/2036/2036 2091/2091/2091
f 2067/2067/2067 2031/2031/2031 2071/2071/2071
f 2069/2069/2069 2021/2021/2021 2067/2067/2067
f 2071/2071/2071 2069/2069/2069 2067/2067/2067
f 2114/2114/2114 2020/2020/2020 2070/2070/2070
f 2071/2071/2071 2031/2031/2031 2114/2114/2114
f 2070/2070/2070 2071/2071/2071 2114/2114/2114
f 2061/2061/2061 2063/2063/2063 2083/2083/2083
f 2083/2083/2083 2064/2064/2064 2061/2061/2061
f 2081/2081/2081 2073/2073/2073 2085/2085/2085
f 2082/2082/2082 2062/2062/2062 2081/2081/2081
f 2085/2085/2085 2082/2082/2082 2081/2081/2081
f 2073/2073/2073 2064/2064/2064 2083/2083/2083 2085/2085/2085
f 2085/2085/2085 2083/2083/2083 2063/2063/2063 2084/2084/2084
f 2082/2082/2082 2085/2085/2085 2084/2084/2084 2025/2025/2025
f 2134/2134/2134 2097/2097/2097 2126/2126/2126
f 2126/2126/2126 2030/2030/2030 2112/2112/2112
f 2112/2112/2112 2113/2113/2113 2134/2134/2134
f 2134/2134/2134 2126/2126/2126 2112/2112/2112
f 2113/2113/2113 2112/2112/2112 2107/2107/2107
f 2032/2032/2032 2107/2107/2107 2115/2115/2115 2066/2066/2066
f 2112/2112/2112 2030/2030/2030 2130/2130/2130
f 2130/2130/2130 2102/2102/2102 2115/2115/2115
f 2115/2115/2115 2107/2107/2107 2112/2112/2112
f 2112/2112/2112 2130/2130/2130 2115/2115/2115
f 2115/2115/2115 2102/2102/2102 2020/2020/2020 2114/2114/2114
f 2066/2066/2066 2115/2115/2115 2114/2114/2114 2031/2031/2031
f 2084/2084/2084 2063/2063/2063 2089/2089/2089
f 2086/2086/2086 2025/2025/2025 2084/2084/2084
f 2089/2089/2089 2086/2086/2086 2084/2084/2084
f 2063/2063/2063 2061/2061/2061 2087/2087/2087 2089/2089/2089
f 2089/2089/2089 2087/2087/2087 2068/2068/2068 2088/2088/2088
f 2086/2086/2086 2089/2089/2089 2088/2088/2088 2065/2065/2065
f 2087/2087/2087 2061/2061/2061 2032/2032/2032
f 2066/2066/2066 2068/2068/2068 2087/2087/2087
f 2032/2032/2032 2066/2066/2066 2087/2087/2087
f 2068/2068/2068 2066/2066/2066 2031/2031/2031 2067/2067/2067
f 2088/2088/2088 2068/2068/2068 2067/2067/2067
f 2021/2021/2021 2065/2065/2065 2088/2088/2088
f 2067/2067/2067 2021/2021/2021 2088/2088/2088
f 2078/2078/2078 2021/2021/2021 2069/2069/2069
f 2080/2080/2080 2026/2026/2026 2078/2078/2078
f 2069/2069/2069 2080/2080/2080 2078/2078/2078
f 2090/2090/2090 2062/2062/2062 2082/2082/2082
f 2082/2082/2082 2025/2025/2025 2075/2075/2075
f 2075/2075/2075 2076/2076/2076 2090/2090/2090
f 2090/2090/2090 2082/2082/2082 2075/2075/2075
f 2074/2074/2074 2076/2076/2076 2075/2075/2075 2072/2072/2072
f 2027/2027/2027 2072/2072/2072 2079/2079/2079 2077/2077/2077
f 2075/2075/2075 2025/2025/2025 2086/2086/2086
f 2086/2086/2086 2065/2065/2065 2079/2079/2079
f 2079/2079/2079 2072/2072/2072 2075/2075/2075
f 2075/2075/2075 2086/2086/2086 2079/2079/2079
f 2079/2079/2079 2065/2065/2065 2021/2021/2021 2078/2078/2078
f 2077/2077/2077 2079/2079/2079 2078/2078/2078 2026/2026/2026
f 2054/2054/2054 2055/2055/2055 2106/2106/2106 2037/2037/2037
f 2106/2106/2106 2055/2055/2055 2135/2135/2135
f 2103/2103/2103 2054/2054/2054 2037/2037/2037
f 2056/2056/2056 2048/2048/2048 2049/2049/2049
f 2038/2038/2038 2050/2050/2050 2103/2103/2103
f 2038/2038/2038 2019/2019/2019 2050/2050/2050
f 2054/2054/2054 2103/2103/2103 2050/2050/2050
f 2019/2019/2019 2049/2049/2049 2050/2050/2050
f 2070/2070/2070 2135/2135/2135 2136/2136/2136
f 2035/2035/2035 2124/2124/2124 2097/2097/2097
f 2051/2051/2051 2125/2125/2125 2035/2035/2035
f 2124/2124/2124 2035/2035/2035 2125/2125/2125
f 2035/2035/2035 2113/2113/2113 2034/2034/2034
f 2113/2113/2113 2035/2035/2035 2134/2134/2134
f 2134/2134/2134 2035/2035/2035 2097/2097/2097
f 2070/2070/2070 2106/2106/2106 2135/2135/2135
f 2051/2051/2051 2122/2122/2122 2125/2125/2125
f 2019/2019/2019 2095/2095/2095 2056/2056/2056
f 2019/2019/2019 2056/2056/2056 2049/2049/2049
f 2116/2116/2116 2121/2121/2121 2091/2091/2091
f 2060/2060/2060 2018/2018/2018 2056/2056/2056
f 2059/2059/2059 2095/2095/2095 2096/2096/2096
f 2096/2096/2096 2119/2119/2119 2059/2059/2059
f 2060/2060/2060 2095/2095/2095 2059/2059/2059
f 2060/2060/2060 2056/2056/2056 2095/2095/2095
f 2108/2108/2108 2122/2122/2122 2051/2051/2051
f 2111/2111/2111 2122/2122/2122 2108/2108/2108
f 2118/2118/2118 2098/2098/2098 2108/2108/2108
f 2121/2121/2121 2116/2116/2116 2052/2052/2052
f 2119/2119/2119 2052/2052/2052 2053/2053/2053
f 2108/2108/2108 2116/2116/2116 2118/2118/2118
f 2052/2052/2052 2119/2119/2119 2121/2121/2121
f 2108/2108/2108 2051/2051/2051 2116/2116/2116
f 2059/2059/2059 2119/2119/2119 2053/2053/2053
f 2051/2051/2051 2052/2052/2052 2116/2116/2116
f 2071/2071/2071 2136/2136/2136 2057/2057/2057
f 2058/2058/2058 2080/2080/2080 2057/2057/2057
f 2080/2080/2080 2069/2069/2069 2057/2057/2057
f 2032/2032/2032 2061/2061/2061 2040/2040/2040 2033/2033/2033
f 2069/2069/2069 2071/2071/2071 2057/2057/2057
f 2033/2033/2033 2107/2107/2107 2032/2032/2032
f 2042/2042/2042 2058/2058/2058 2041/2041/2041
f 2136/2136/2136 2071/2071/2071 2070/2070/2070
f 2044/2044/2044 2042/2042/2042 2043/2043/2043
f 2044/2044/2044 2045/2045/2045 2058/2058/2058
f 2080/2080/2080 2058/2058/2058 2045/2045/2045
f 2026/2026/2026 2080/2080/2080 2046/2046/2046 2047/2047/2047
f 2077/2077/2077 2026/2026/2026 2047/2047/2047
f 2046/2046/2046 2080/2080/2080 2045/2045/2045
f 2058/2058/2058 2042/2042/2042 2044/2044/2044
f 2047/2047/2047 2023/2023/2023 2077/2077/2077
f 2064/2064/2064 2073/2073/2073 2039/2039/2039
f 2039/2039/2039 2081/2081/2081 2062/2062/2062
f 2073/2073/2073 2081/2081/2081 2039/2039/2039
f 2040/2040/2040 2061/2061/2061 2064/2064/2064
f 2064/2064/2064 2039/2039/2039 2040/2040/2040
f 2039/2039/2039 2090/2090/2090 2029/2029/2029
f 2090/2090/2090 2039/2039/2039 2062/2062/2062
f 2107/2107/2107 2033/2033/2033 2034/2034/2034
f 2029/2029/2029 2076/2076/2076 2028/2028/2028
f 2027/2027/2027 2074/2074/2074 2072/2072/2072
f 2024/2024/2024 2028/2028/2028 2074/2074/2074
f 2076/2076/2076 2074/2074/2074 2028/2028/2028
f 2074/2074/2074 2027/2027/2027 2024/2024/2024
f 2024/2024/2024 2027/2027/2027 2023/2023/2023
f 2027/2027/2027 2077/2077/2077 2023/2023/2023
f 2023/2023/2023 2047/2047/2047 2022/2022/2022
f 2090/2090/2090 2076/2076/2076 2029/2029/2029
f 2113/2113/2113 2107/2107/2107 2034/2034/2034
f 2137/2137/2137 2141/2141/2141 2142/2142/2142
f 2142/2142/2142 2143/2143/2143 2144/2144/2144
f 2142/2142/2142 2141/2141/2141 2149/2149/2149 2139/2139/2139
f 2150/2150/2150 2143/2143/2143 2142/2142/2142
f 2142/2142/2142 2140/2140/2140 2150/2150/2150
f 2139/2139/2139 2140/2140/2140 2142/2142/2142
f 2142/2142/2142 2144/2144/2144 2137/2137/2137
f 2146/2146/2146 2145/2145/2145 2151/2151/2151
f 2144/2144/2144 2145/2145/2145 2137/2137/2137
f 2151/2151/2151 2138/2138/2138 2146/2146/2146
f 2148/2148/2148 2145/2145/2145 2146/2146/2146
f 2141/2141/2141 2137/2137/2137 2145/2145/2145
f 2145/2145/2145 2148/2148/2148 2141/2141/2141
f 2146/2146/2146 2147/2147/2147 2148/2148/2148
f 2149/2149/2149 2141/2141/2141 2148/2148/2148
f 2155/2155/2155 2152/2152/2152 2156/2156/2156
f 2157/2157/2157 2156/2156/2156 2163/2163/2163
f 2154/2154/2154 2155/2155/2155 2157/2157/2157
f 2156/2156/2156 2157/2157/2157 2155/2155/2155
f 2163/2163/2163 2164/2164/2164 2160/2160/2160 2157/2157/2157
f 2159/2159/2159 2160/2160/2160 2161/2161/2161
f 2157/2157/2157 2160/2160/2160 2159/2159/2159 2158/2158/2158
f 2161/2161/2161 2153/2153/2153 2159/2159/2159
f 2161/2161/2161 2162/2162/2162 2153/2153/2153
f 2170/2170/2170 2171/2171/2171 2172/2172/2172 2173/2173/2173
f 2170/2170/2170 2173/2173/2173 2169/2169/2169
f 2168/2168/2168 2170/2170/2170 2165/2165/2165
f 2171/2171/2171 2168/2168/2168 2166/2166/2166
f 2167/2167/2167 2172/2172/2172 2171/2171/2171
f 2168/2168/2168 2171/2171/2171 2170/2170/2170
f 2182/2182/2182 2181/2181/2181 2180/2180/2180
f 2183/2183/2183 2182/2182/2182 2174/2174/2174
f 2174/2174/2174 2182/2182/2182 2180/2180/2180
f 2175/2175/2175 2180/2180/2180 2179/2179/2179
f 2174/2174/2174 2180/2180/2180 2175/2175/2175
f 2184/2184/2184 2183/2183/2183 2186/2186/2186
f 2185/2185/2185 2184/2184/2184 2186/2186/2186
f 2178/2178/2178 2185/2185/2185 2186/2186/2186
f 2177/2177/2177 2185/2185/2185 2178/2178/2178
f 2177/2177/2177 2176/2176/2176 2185/2185/2185
f 2174/2174/2174 2186/2186/2186 2183/2183/2183
f 2194/2194/2194 2187/2187/2187 2189/2189/2189
f 2194/2194/2194 2189/2189/2189 2193/2193/2193
f 2196/2196/2196 2193/2193/2193 2189/2189/2189
f 2196/2196/2196 2189/2189/2189 2190/2190/2190
f 2191/2191/2191 2190/2190/2190 2188/2188/2188
f 2192/2192/2192 2190/2190/2190 2191/2191/2191
f 2197/2197/2197 2195/2195/2195 2196/2196/2196
f 2190/2190/2190 2192/2192/2192 2197/2197/2197
f 2190/2190/2190 2197/2197/2197 2196/2196/2196
f 2198/2198/2198 2199/2199/2199 2203/2203/2203 2202/2202/2202
f 2201/2201/2201 2200/2200/2200 2202/2202/2202 2203/2203/2203
f 2204/2204/2204 2205/2205/2205 2209/2209/2209 2208/2208/2208
f 2207/2207/2207 2206/2206/2206 2208/2208/2208 2209/2209/2209
f 2210/2210/2210 2211/2211/2211 2215/2215/2215 2214/2214/2214
f 2213/2213/2213 2212/2212/2212 2214/2214/2214 2215/2215/2215
f 2216/2216/2216 2217/2217/2217 2223/2223/2223 2220/2220/2220
f 2222/2222/2222 2221/2221/2221 2220/2220/2220 2223/2223/2223
f 2221/2221/2221 2222/2222/2222 2219/2219/2219 2218/2218/2218
f 2229/2229/2229 2228/2228/2228 2224/2224/2224 2225/2225/2225
f 2228/2228/2228 2229/2229/2229 2227/2227/2227 2226/2226/2226
f 2236/2236/2236 2237/2237/2237 2239/2239/2239
f 2235/2235/2235 2236/2236/2236 2239/2239/2239
f 2234/2234/2234 2235/2235/2235 2239/2239/2239
f 2234/2234/2234 2239/2239/2239 2240/2240/2240
f 2238/2238/2238 2240/2240/2240 2230/2230/2230
f 2231/2231/2231 2240/2240/2240 2238/2238/2238
f 2232/2232/2232 2233/2233/2233 2234/2234/2234
f 2240/2240/2240 2231/2231/2231 2232/2232/2232
f 2240/2240/2240 2232/2232/2232 2234/2234/2234
o object_6
usemtl Default
v 1917.8084716796875 -204.69540405273438 10.5
v 1915.7481689453125 -202.63751220703125 10.5
v 1913.6878662109375 -200.57960510253906 10.5
v 1916.510986328125 -197.74592590332031 10.5
v 1913.429443359375 -194.67572021484375 10.5
v 1910.3477783203125 -191.60551452636719 10.5
v 1907.525634765625 -194.43820190429688 10.5
v 1904.6893310546875 -191.61764526367188 10.5
v 1901.85302734375 -188.79708862304688 10.5
v 1898.784912109375 -191.87657165527344 10.5
v 1895.7169189453125 -194.9560546875 10.5
v 1898.550537109375 -197.77923583984375 10.5
v 1901.3841552734375 -200.6024169921875 10.5
v 1898.56103515625 -203.43608093261719 10.5
v 1895.73779296875 -206.26974487304688 10.5
v 1898.571533203125 -209.09292602539062 10.5
v 1901.4051513671875 -211.91610717773438 10.5
v 1898.58203125 -214.74977111816406 10.5
v 1901.4156494140625 -217.57295227050781 10.5
v 1898.592529296875 -220.4066162109375 10.5
v 1895.769287109375 -223.24028015136719 10.5
v 1898.60302734375 -226.06346130371094 10.5
v 1901.4366455078125 -228.88662719726562 10.5
v 1899.389892578125 -230.9410400390625 10.5
v 1897.343017578125 -232.99545288085938 10.5
v 1896.2493896484375 -231.90586853027344 10.5
v 1899.1187744140625 -229.02580261230469 10.5
v 1896.3006591796875 -226.21806335449219 10.5
v 1893.4825439453125 -223.41033935546875 10.5
v 1896.309326171875 -220.55635070800781 10.499964714050293
v 1899.13623046875 -217.70234680175781 10.499930381774902
v 1896.3026123046875 -214.87918090820312 10.499930381774902
v 1899.14697265625 -212.05743408203125 10.5
v 1896.3133544921875 -209.2342529296875 10.5
v 1893.4796142578125 -206.41107177734375 10.5
v 1896.307373046875 -203.57142639160156 10.5
v 1899.135009765625 -200.73179626464844 10.5
v 1896.3013916015625 -197.90861511230469 10.5
v 1893.4676513671875 -195.08543395996094 10.5
v 1896.30029296875 -192.25018310546875 10.5
v 1899.1328125 -189.41494750976562 10.5
v 1901.9654541015625 -186.5797119140625 10.5
v 1904.8017578125 -189.4002685546875 10.5
v 1907.637939453125 -192.2208251953125 10.5
v 1910.48828125 -189.33920288085938 10.5
v 1913.3272705078125 -192.16758728027344 10.5
v 1916.1661376953125 -194.9959716796875 10.5
v 1919.0050048828125 -197.8243408203125 10.5
v 1916.1568603515625 -200.67251586914062 10.5
v 1918.9873046875 -203.5029296875 10.5
vt 0.046855542808771133 0.60970783233642578
vt 0.12753324210643768 0.65404421091079712
vt 0.20821094512939453 0.69838058948516846
vt 0.09765990823507309 0.75943028926849365
vt 0.21833080053329468 0.8255760669708252
vt 0.33900168538093567 0.89172190427780151
vt 0.44951429963111877 0.83069342374801636
vt 0.56057858467102051 0.8914605975151062
vt 0.67164289951324463 0.95222777128219604
vt 0.79178386926651001 0.88588225841522217
vt 0.91192489862442017 0.81953668594360352
vt 0.80096304416656494 0.75871294736862183
vt 0.69000118970870972 0.69788914918899536
vt 0.8005523681640625 0.63683938980102539
vt 0.91110348701477051 0.57578963041305542
vt 0.80014175176620483 0.51496595144271851
vt 0.68918001651763916 0.45414218306541443
vt 0.79973107576370239 0.39309251308441162
vt 0.68876934051513672 0.33226877450942993
vt 0.7993202805519104 0.27121913433074951
vt 0.90987122058868408 0.21016950905323029
vt 0.79890948534011841 0.14934578537940979
vt 0.68794775009155273 0.088522046804428101
vt 0.76809722185134888 0.04426102340221405
vt 0.84824675321578979 0
vt 0.89107167720794678 0.023474520072340965
vt 0.77871060371398926 0.085523776710033417
vt 0.8890652060508728 0.14601470530033112
vt 0.99941974878311157 0.20650561153888702
vt 0.88872295618057251 0.26799324154853821
vt 0.77802616357803345 0.32948088645935059
vt 0.88898789882659912 0.39030462503433228
vt 0.77760744094848633 0.45109742879867554
vt 0.888569176197052 0.51192116737365723
vt 0.99953091144561768 0.57274490594863892
vt 0.88880360126495361 0.63392335176467896
vt 0.77807635068893433 0.69510179758071899
vt 0.88903814554214478 0.75592553615570068
vt 1 0.81674933433532715
vt 0.88908064365386963 0.87783288955688477
vt 0.77816128730773926 0.93891644477844238
vt 0.66724193096160889 1
vt 0.55617761611938477 0.93923282623291016
vt 0.44511330127716064 0.87846565246582031
vt 0.33349868655204773 0.94054841995239258
vt 0.22233244776725769 0.87961256504058838
vt 0.11116622388362885 0.81867676973342896
vt 0 0.75774091482162476
vt 0.11152724921703339 0.69637876749038696
vt 0.00069282430922612548 0.63539916276931763
vn 0 0 1
vn 0 0 1
vn 0 0 1
vn 0 0 1
vn 0 0 1
vn 0 0 1
vn 0 0 1
vn 0 0 1
vn 0 0 1
vn 0 0 1
vn 0 0 1
vn 0 0 1
vn 0 0 1
vn 0 0 1
vn 0 0 1
vn 0 0 1
vn 0 0 1
vn 0 0 1
vn 0 0 1
vn 0 0 1
vn 0 0 1
vn 0 0 1
vn 0 0 1
vn 0 0 1
vn 0 0 1
vn 0 0 1
vn 0 0 1
vn 0 0 1
vn 0 0 1
vn 0 0 1
vn 0 0 1
vn 0 0 1
vn 0 0 1
vn 0 0 1
vn 0 0 1
vn 0 0 1
vn 0 0 1
vn 0 0 1
vn 0 0 1
vn 0 0 1
vn 0 0 1
vn 0 0 1
vn 0 0 1
vn 0 0 1
vn 0 0 1
vn 0 0 1
vn 0 0 1
vn 0 0 1
vn 0 0 1
vn 0 0 1
f 2289/2289/2289 2241/2241/2241 2290/2290/2290
f 2243/2243/2243 2242/2242/2242 2289/2289/2289
f 2241/2241/2241 2289/2289/2289 2242/2242/2242
f 2244/2244/2244 2243/2243/2243 2289/2289/2289
f 2271/2271/2271 2260/2260/2260 2259/2259/2259
f 2264/2264/2264 2263/2263/2263 2267/2267/2267
f 2257/2257/2257 2273/2273/2273 2258/2258/2258
f 2258/2258/2258 2271/2271/2271 2259/2259/2259
f 2287/2287/2287 2244/2244/2244 2288/2288/2288
f 2289/2289/2289 2288/2288/2288 2244/2244/2244
f 2245/2245/2245 2244/2244/2244 2287/2287/2287
f 2285/2285/2285 2246/2246/2246 2286/2286/2286
f 2245/2245/2245 2286/2286/2286 2246/2246/2246
f 2287/2287/2287 2286/2286/2286 2245/2245/2245
f 2248/2248/2248 2247/2247/2247 2284/2284/2284
f 2246/2246/2246 2284/2284/2284 2247/2247/2247
f 2283/2283/2283 2248/2248/2248 2284/2284/2284
f 2249/2249/2249 2282/2282/2282 2281/2281/2281
f 2283/2283/2283 2282/2282/2282 2249/2249/2249
f 2283/2283/2283 2249/2249/2249 2248/2248/2248
f 2284/2284/2284 2246/2246/2246 2285/2285/2285
f 2257/2257/2257 2256/2256/2256 2273/2273/2273
f 2268/2268/2268 2267/2267/2267 2262/2262/2262
f 2264/2264/2264 2267/2267/2267 2265/2265/2265
f 2271/2271/2271 2258/2258/2258 2272/2272/2272
f 2273/2273/2273 2256/2256/2256 2274/2274/2274
f 2271/2271/2271 2270/2270/2270 2260/2260/2260
f 2267/2267/2267 2266/2266/2266 2265/2265/2265
f 2273/2273/2273 2272/2272/2272 2258/2258/2258
f 2261/2261/2261 2269/2269/2269 2268/2268/2268
f 2270/2270/2270 2269/2269/2269 2261/2261/2261
f 2261/2261/2261 2260/2260/2260 2270/2270/2270
f 2268/2268/2268 2262/2262/2262 2261/2261/2261
f 2277/2277/2277 2254/2254/2254 2253/2253/2253
f 2254/2254/2254 2277/2277/2277 2276/2276/2276
f 2278/2278/2278 2277/2277/2277 2252/2252/2252
f 2249/2249/2249 2281/2281/2281 2250/2250/2250
f 2280/2280/2280 2250/2250/2250 2281/2281/2281
f 2252/2252/2252 2277/2277/2277 2253/2253/2253
f 2275/2275/2275 2255/2255/2255 2276/2276/2276
f 2254/2254/2254 2276/2276/2276 2255/2255/2255
f 2274/2274/2274 2256/2256/2256 2255/2255/2255
f 2251/2251/2251 2278/2278/2278 2252/2252/2252
f 2250/2250/2250 2280/2280/2280 2251/2251/2251
f 2280/2280/2280 2279/2279/2279 2251/2251/2251
f 2278/2278/2278 2251/2251/2251 2279/2279/2279
f 2255/2255/2255 2275/2275/2275 2274/2274/2274
f 2263/2263/2263 2262/2262/2262 2267/2267/2267
o object_7
usemtl Default
v 1917.828125 -221.64373779296875 7.5
v 1915.77197265625 -219.59521484375 7.5
v 1913.7158203125 -217.54669189453125 7.5
v 1916.5390625 -214.71302795410156 7.5
v 1913.705078125 -211.8895263671875 7.5
v 1910.87109375 -209.0660400390625 7.5
v 1913.6959228515625 -206.23408508300781 7.5
v 1916.5208740234375 -203.40213012695312 7.5
v 1913.6878662109375 -200.57960510253906 7.5
v 1916.510986328125 -197.74592590332031 7.5
v 1913.429443359375 -194.67572021484375 7.5
v 1910.3477783203125 -191.60551452636719 7.5
v 1907.525634765625 -194.43820190429688 7.5
v 1904.6893310546875 -191.61764526367188 7.5
v 1901.85302734375 -188.79708862304688 7.5
v 1898.784912109375 -191.87657165527344 7.5
v 1895.7169189453125 -194.9560546875 7.5
v 1898.550537109375 -197.77923583984375 7.5
v 1901.3841552734375 -200.6024169921875 7.5
v 1898.56103515625 -203.43608093261719 7.5
v 1895.73779296875 -206.26974487304688 7.5
v 1898.571533203125 -209.09292602539062 7.5
v 1901.4051513671875 -211.91610717773438 7.5
v 1898.58203125 -214.74977111816406 7.5
v 1901.4156494140625 -217.57295227050781 7.5
v 1898.592529296875 -220.4066162109375 7.5
v 1895.769287109375 -223.24028015136719 7.5
v 1898.60302734375 -226.06346130371094 7.5
v 1901.4366455078125 -228.88662719726562 7.5
v 1899.389892578125 -230.9410400390625 7.5
v 1897.343017578125 -232.99545288085938 7.5
v 1896.2803955078125 -231.93675231933594 7.5
v 1899.164794921875 -229.04171752929688 7.5
v 1896.3310546875 -226.21853637695312 7.5
v 1893.4974365234375 -223.39537048339844 7.5
v 1896.3958740234375 -220.48612976074219 7.5
v 1899.2943115234375 -217.57688903808594 7.5
v 1896.460693359375 -214.75370788574219 7.5
v 1899.2838134765625 -211.9200439453125 7.5
v 1896.4501953125 -209.09686279296875 7.5
v 1893.6165771484375 -206.273681640625 7.5
v 1896.439697265625 -203.44001770019531 7.5
v 1899.262939453125 -200.60633850097656 7.5
v 1896.42919921875 -197.78315734863281 7.5
v 1893.5955810546875 -194.95997619628906 7.5
v 1896.346435546875 -192.19891357421875 7.5
v 1899.0972900390625 -189.43783569335938 7.5
v 1901.84814453125 -186.6767578125 7.5
v 1904.6888427734375 -189.50180053710938 7.5
v 1907.5296630859375 -192.32682800292969 7.5
v 1910.5020751953125 -189.35295104980469 7.5
v 1913.3414306640625 -192.17132568359375 7.5
v 1916.1807861328125 -194.98970031738281 7.5
v 1919.0201416015625 -197.80807495117188 7.5
v 1916.1568603515625 -200.67251586914062 7.5
v 1918.9803466796875 -203.49595642089844 7.5
v 1916.1563720703125 -206.32687377929688 7.5
v 1913.3323974609375 -209.15779113769531 7.5
v 1916.160888671875 -211.98622131347656 7.5
v 1918.9892578125 -214.81465148925781 7.5
v 1916.157470703125 -217.65020751953125 7.5
v 1918.9892578125 -220.47151184082031 7.5
vt 0.046706311404705048 0.24507857859134674
vt 0.12726685404777527 0.28930521011352539
vt 0.20782738924026489 0.33353182673454285
vt 0.097213365137577057 0.39470943808555603
vt 0.20825077593326569 0.45566743612289429
vt 0.31928819417953491 0.51662546396255493
vt 0.20860671997070312 0.5777660608291626
vt 0.097925245761871338 0.63890659809112549
vt 0.20892490446567535 0.6998438835144043
vt 0.098310880362987518 0.76102149486541748
vt 0.21905052661895752 0.82730591297149658
vt 0.33979016542434692 0.89359027147293091
vt 0.45036575198173523 0.83243393898010254
vt 0.56149333715438843 0.89332842826843262
vt 0.67262095212936401 0.95422297716140747
vt 0.79283040761947632 0.88773840665817261
vt 0.91303980350494385 0.82125383615493774
vt 0.80201476812362671 0.76030260324478149
vt 0.69098973274230957 0.69935137033462524
vt 0.80160385370254517 0.63817375898361206
vt 0.91221797466278076 0.5769960880279541
vt 0.8011929988861084 0.51604491472244263
vt 0.69016802310943604 0.45509374141693115
vt 0.80078208446502686 0.39391613006591797
vt 0.68975710868835449 0.33296495676040649
vt 0.80037105083465576 0.27178740501403809
vt 0.91098499298095703 0.21060986816883087
vt 0.79996001720428467 0.1496586948633194
vt 0.6889350414276123 0.088707529008388519
vt 0.76913022994995117 0.04435376450419426
vt 0.84932541847229004 0
vt 0.89095973968505859 0.022856689989566803
vt 0.77795010805130005 0.085359260439872742
vt 0.88897502422332764 0.14631043374538422
vt 1 0.20726160705089569
vt 0.886435866355896 0.27007082104682922
vt 0.77287173271179199 0.33288004994392395
vt 0.88389670848846436 0.39383122324943542
vt 0.77328264713287354 0.45500883460044861
vt 0.8843076229095459 0.5159599781036377
vt 0.99533259868621826 0.57691115140914917
vt 0.88471847772598267 0.63808882236480713
vt 0.77410435676574707 0.69926649332046509
vt 0.88512939214706421 0.76021772623062134
vt 0.99615442752838135 0.82116895914077759
vt 0.88837409019470215 0.88077926635742188
vt 0.78059381246566772 0.94038963317871094
vt 0.67281347513198853 1
vt 0.56150990724563599 0.93900883197784424
vt 0.45020633935928345 0.87801766395568848
vt 0.33374327421188354 0.9422222375869751
vt 0.22249551117420197 0.8813747763633728
vt 0.11124775558710098 0.82052731513977051
vt 0 0.75967985391616821
vt 0.11218611896038055 0.69783788919448853
vt 0.0015623634681105614 0.63688099384307861
vt 0.11220619082450867 0.57576268911361694
vt 0.2228500097990036 0.51464438438415527
vt 0.11203032732009888 0.45357990264892578
vt 0.0012106462381780148 0.39251542091369629
vt 0.1121615394949913 0.33129695057868958
vt 0.0012106462381780148 0.27038642764091492
vn 0 0 1
vn 0 0 1
vn 0 0 1
vn 0 0 1
vn 0 0 1
vn 0 0 1
vn 0 0 1
vn 0 0 1
vn 0 0 1
vn 0 0 1
vn 0 0 1
vn 0 0 1
vn 0 0 1
vn 0 0 1
vn 0 0 1
vn 0 0 1
vn 0 0 1
vn 0 0 1
vn 0 0 1
vn 0 0 1
vn 0 0 1
vn 0 0 1
vn 0 0 1
vn 0 0 1
vn 0 0 1
vn 0 0 1
vn 0 0 1
vn 0 0 1
vn 0 0 1
vn 0 0 1
vn 0 0 1
vn 0 0 1
vn 0 0 1
vn 0 0 1
vn 0 0 1
vn 0 0 1
vn 0 0 1
vn 0 0 1
vn 0 0 1
vn 0 0 1
vn 0 0 1
vn 0 0 1
vn 0 0 1
vn 0 0 1
vn 0 0 1
vn 0 0 1
vn 0 0 1
vn 0 0 1
vn 0 0 1
vn 0 0 1
vn 0 0 1
vn 0 0 1
vn 0 0 1
vn 0 0 1
vn 0 0 1
vn 0 0 1
vn 0 0 1
vn 0 0 1
vn 0 0 1
vn 0 0 1
vn 0 0 1
vn 0 0 1
f 2351/2351/2351 2291/2291/2291 2352/2352/2352
f 2292/2292/2292 2291/2291/2291 2351/2351/2351
f 2350/2350/2350 2349/2349/2349 2294/2294/2294
f 2294/2294/2294 2349/2349/2349 2295/2295/2295
f 2294/2294/2294 2351/2351/2351 2350/2350/2350
f 2293/2293/2293 2351/2351/2351 2294/2294/2294
f 2295/2295/2295 2349/2349/2349 2348/2348/2348
f 2298/2298/2298 2347/2347/2347 2346/2346/2346
f 2348/2348/2348 2347/2347/2347 2297/2297/2297
f 2297/2297/2297 2296/2296/2296 2348/2348/2348
f 2295/2295/2295 2348/2348/2348 2296/2296/2296
f 2293/2293/2293 2292/2292/2292 2351/2351/2351
f 2297/2297/2297 2347/2347/2347 2298/2298/2298
f 2298/2298/2298 2346/2346/2346 2345/2345/2345
f 2300/2300/2300 2345/2345/2345 2344/2344/2344
f 2298/2298/2298 2345/2345/2345 2299/2299/2299
f 2299/2299/2299 2345/2345/2345 2300/2300/2300
f 2344/2344/2344 2343/2343/2343 2300/2300/2300
f 2301/2301/2301 2300/2300/2300 2343/2343/2343
f 2343/2343/2343 2342/2342/2342 2301/2301/2301
f 2302/2302/2302 2301/2301/2301 2342/2342/2342
f 2340/2340/2340 2302/2302/2302 2341/2341/2341
f 2303/2303/2303 2302/2302/2302 2340/2340/2340
f 2340/2340/2340 2304/2304/2304 2303/2303/2303
f 2304/2304/2304 2340/2340/2340 2339/2339/2339
f 2339/2339/2339 2338/2338/2338 2305/2305/2305
f 2305/2305/2305 2338/2338/2338 2337/2337/2337
f 2305/2305/2305 2304/2304/2304 2339/2339/2339
f 2342/2342/2342 2341/2341/2341 2302/2302/2302
f 2318/2318/2318 2324/2324/2324 2323/2323/2323
f 2320/2320/2320 2323/2323/2323 2321/2321/2321
f 2323/2323/2323 2319/2319/2319 2318/2318/2318
f 2316/2316/2316 2315/2315/2315 2327/2327/2327
f 2316/2316/2316 2327/2327/2327 2326/2326/2326
f 2314/2314/2314 2327/2327/2327 2315/2315/2315
f 2329/2329/2329 2314/2314/2314 2313/2313/2313
f 2320/2320/2320 2319/2319/2319 2323/2323/2323
f 2317/2317/2317 2324/2324/2324 2318/2318/2318
f 2317/2317/2317 2325/2325/2325 2324/2324/2324
f 2329/2329/2329 2328/2328/2328 2314/2314/2314
f 2328/2328/2328 2327/2327/2327 2314/2314/2314
f 2326/2326/2326 2325/2325/2325 2317/2317/2317
f 2316/2316/2316 2326/2326/2326 2317/2317/2317
f 2322/2322/2322 2321/2321/2321 2323/2323/2323
f 2333/2333/2333 2310/2310/2310 2309/2309/2309
f 2310/2310/2310 2333/2333/2333 2332/2332/2332
f 2313/2313/2313 2312/2312/2312 2329/2329/2329
f 2334/2334/2334 2333/2333/2333 2308/2308/2308
f 2337/2337/2337 2306/2306/2306 2305/2305/2305
f 2308/2308/2308 2333/2333/2333 2309/2309/2309
f 2336/2336/2336 2306/2306/2306 2337/2337/2337
f 2330/2330/2330 2312/2312/2312 2311/2311/2311
f 2332/2332/2332 2311/2311/2311 2310/2310/2310
f 2332/2332/2332 2331/2331/2331 2311/2311/2311
f 2330/2330/2330 2311/2311/2311 2331/2331/2331
f 2334/2334/2334 2308/2308/2308 2307/2307/2307
f 2306/2306/2306 2336/2336/2336 2307/2307/2307
f 2336/2336/2336 2335/2335/2335 2307/2307/2307
f 2334/2334/2334 2307/2307/2307 2335/2335/2335
f 2312/2312/2312 2330/2330/2330 2329/2329/2329
o object_8
usemtl Default
v 1917.828125 -221.64373779296875 4.5
v 1915.77197265625 -219.59521484375 4.5
v 1913.7158203125 -217.54669189453125 4.5
v 1916.5390625 -214.71302795410156 4.5
v 1913.705078125 -211.8895263671875 4.5
v 1910.87109375 -209.0660400390625 4.5
v 1913.6959228515625 -206.23408508300781 4.5
v 1916.5208740234375 -203.40213012695312 4.5
v 1913.6878662109375 -200.57960510253906 4.5
v 1916.510986328125 -197.74592590332031 4.5
v 1913.429443359375 -194.67572021484375 4.5
v 1910.3477783203125 -191.60551452636719 4.5
v 1907.525634765625 -194.43820190429688 4.5
v 1904.6893310546875 -191.61764526367188 4.5
v 1901.85302734375 -188.79708862304688 4.5
v 1898.784912109375 -191.87657165527344 4.5
v 1895.7169189453125 -194.9560546875 4.5
v 1898.550537109375 -197.77923583984375 4.5
v 1901.3841552734375 -200.6024169921875 4.5
v 1898.56103515625 -203.43608093261719 4.5
v 1895.73779296875 -206.26974487304688 4.5
v 1898.571533203125 -209.09292602539062 4.5
v 1901.4051513671875 -211.91610717773438 4.5
v 1898.58203125 -214.74977111816406 4.5
v 1901.4156494140625 -217.57295227050781 4.5
v 1898.592529296875 -220.4066162109375 4.5
v 1895.769287109375 -223.24028015136719 4.5
v 1898.60302734375 -226.06346130371094 4.5
v 1901.4366455078125 -228.88662719726562 4.5
v 1899.389892578125 -230.9410400390625 4.5
v 1897.343017578125 -232.99545288085938 4.5
v 1896.2803955078125 -231.93675231933594 4.5
v 1899.164794921875 -229.04171752929688 4.5
v 1896.3310546875 -226.21853637695312 4.5
v 1893.4974365234375 -223.39537048339844 4.5
v 1896.3258056640625 -220.55645751953125 4.5
v 1899.1541748046875 -217.71755981445312 4.5
v 1896.320556640625 -214.89437866210938 4.5
v 1899.14697265625 -212.05743408203125 4.5
v 1896.3133544921875 -209.2342529296875 4.5
v 1893.4796142578125 -206.41107177734375 4.5
v 1896.30810546875 -203.57215881347656 4.5
v 1899.136474609375 -200.73324584960938 4.5
v 1896.302734375 -197.91006469726562 4.5
v 1893.4691162109375 -195.08688354492188 4.5
v 1896.295654296875 -192.25607299804688 4.5000004768371582
v 1899.1221923828125 -189.42526245117188 4.5000014305114746
v 1901.94873046875 -186.59445190429688 4.5000019073486328
v 1904.7850341796875 -189.41500854492188 4.5000019073486328
v 1907.6212158203125 -192.23556518554688 4.5000019073486328
v 1910.502197265625 -189.35301208496094 4.5000004768371582
v 1913.3387451171875 -192.17979431152344 4.5000004768371582
v 1916.1754150390625 -195.00657653808594 4.5000004768371582
v 1919.011962890625 -197.83335876464844 4.5000004768371582
v 1916.1568603515625 -200.67251586914062 4.5
v 1918.99365234375 -203.49655151367188 4.5
v 1916.1630859375 -206.32717895507812 4.5
v 1913.3323974609375 -209.15779113769531 4.5
v 1916.1605224609375 -211.97506713867188 4.5
v 1918.9886474609375 -214.79232788085938 4.5
v 1916.1529541015625 -217.64474487304688 4.5
v 1918.9892578125 -220.47151184082031 4.5
vt 0.046347953379154205 0.24464385211467743
vt 0.12684522569179535 0.28879201412200928
vt 0.2073424905538559 0.33294019103050232
vt 0.096815340220928192 0.3940092921257019
vt 0.20776554942131042 0.4548591673374176
vt 0.31871575117111206 0.5157090425491333
vt 0.20812121033668518 0.57674115896224976
vt 0.097526662051677704 0.63777327537536621
vt 0.20843914151191711 0.69860249757766724
vt 0.09791199117898941 0.75967156887054443
vt 0.21855680644512177 0.82583838701248169
vt 0.33920159935951233 0.89200520515441895
vt 0.44969034194946289 0.83095735311508179
vt 0.5607306957244873 0.89174383878707886
vt 0.67177098989486694 0.95253032445907593
vt 0.79188597202301025 0.88616371154785156
vt 0.91200101375579834 0.8197970986366272
vt 0.8010631799697876 0.75895398855209351
vt 0.69012528657913208 0.69811087846755981
vt 0.80065256357192993 0.63704174757003784
vt 0.91117978096008301 0.57597255706787109
vt 0.80024206638336182 0.51512950658798218
vt 0.68930429220199585 0.45428648591041565
vt 0.79983144998550415 0.39321738481521606
vt 0.68889367580413818 0.33237433433532715
vt 0.79942071437835693 0.27130532264709473
vt 0.90994781255722046 0.21023628115653992
vt 0.79901003837585449 0.149393230676651
vt 0.68807226419448853 0.088550172746181488
vt 0.7682044506072998 0.044275086373090744
vt 0.84833663702011108 0
vt 0.88993829488754272 0.022816145792603493
vt 0.77701735496520996 0.085207849740982056
vt 0.88795512914657593 0.14605090022087097
vt 0.99889290332794189 0.20689395070075989
vt 0.88816142082214355 0.26807591319084167
vt 0.77742999792098999 0.32925787568092346
vt 0.88836777210235596 0.39010092616081238
vt 0.77771270275115967 0.45124068856239319
vt 0.88865047693252563 0.51208376884460449
vt 0.99958819150924683 0.57292681932449341
vt 0.88885623216629028 0.6341090202331543
vt 0.77812427282333374 0.69529128074645996
vt 0.88906216621398926 0.75613439083099365
vt 1 0.81697750091552734
vt 0.88934189081192017 0.87798500061035156
vt 0.77868372201919556 0.93899250030517578
vt 0.66802561283111572 1
vt 0.55698531866073608 0.93921351432800293
vt 0.44594499468803406 0.87842702865600586
vt 0.33315736055374146 0.94054973125457764
vt 0.22210490703582764 0.87962895631790161
vt 0.11105245351791382 0.81870818138122559
vt 0 0.75778740644454956
vt 0.11177632957696915 0.69660001993179321
vt 0.00071708147879689932 0.6357385516166687
vt 0.1115351989865303 0.57473504543304443
vt 0.22235330939292908 0.51373147964477539
vt 0.11163314431905746 0.45301589369773865
vt 0.00091297144535928965 0.39230024814605713
vt 0.1119297668337822 0.33082690834999084
vt 0.00088802352547645569 0.26990681886672974
vn 0 0 1
vn 0 0 1
vn 0 0 1
vn 0 0 1
vn 0 0 1
vn 0 0 1
vn 0 0 1
vn 0 0 1
vn 0 0 1
vn 0 0 1
vn 0 0 1
vn 0 0 1
vn 0 0 1
vn 0 0 1
vn 0 0 1
vn 0 0 1
vn 0 0 1
vn 0 0 1
vn 0 0 1
vn 0 0 1
vn 0 0 1
vn 0 0 1
vn 0 0 1
vn 0 0 1
vn 0 0 1
vn 0 0 1
vn 0 0 1
vn 0 0 1
vn 0 0 1
vn 0 0 1
vn 0 0 1
vn 0 0 1
vn 0 0 1
vn 0 0 1
vn 0 0 1
vn 0 0 1
vn 0 0 1
vn 0 0 1
vn 0 0 1
vn 0 0 1
vn 0 0 1
vn 0 0 1
vn 0 0 1
vn 0 0 1
vn 0 0 1
vn 0 0 1
vn 0 0 1
vn 0 0 1
vn 0 0 1
vn 0 0 1
vn 0 0 1
vn 0 0 1
vn 0 0 1
vn 0 0 1
vn 0 0 1
vn 0 0 1
vn 0 0 1
vn 0 0 1
vn 0 0 1
vn 0 0 1
vn 0 0 1
vn 0 0 1
f 2413/2413/2413 2412/2412/2412 2356/2356/2356
f 2356/2356/2356 2412/2412/2412 2411/2411/2411
f 2411/2411/2411 2357/2357/2357 2356/2356/2356
f 2409/2409/2409 2408/2408/2408 2360/2360/2360
f 2413/2413/2413 2353/2353/2353 2414/2414/2414
f 2355/2355/2355 2354/2354/2354 2413/2413/2413
f 2353/2353/2353 2413/2413/2413 2354/2354/2354
f 2410/2410/2410 2357/2357/2357 2411/2411/2411
f 2359/2359/2359 2410/2410/2410 2409/2409/2409
f 2359/2359/2359 2358/2358/2358 2410/2410/2410
f 2357/2357/2357 2410/2410/2410 2358/2358/2358
f 2355/2355/2355 2413/2413/2413 2356/2356/2356
f 2359/2359/2359 2409/2409/2409 2360/2360/2360
f 2360/2360/2360 2408/2408/2408 2407/2407/2407
f 2362/2362/2362 2407/2407/2407 2406/2406/2406
f 2360/2360/2360 2407/2407/2407 2361/2361/2361
f 2361/2361/2361 2407/2407/2407 2362/2362/2362
f 2406/2406/2406 2405/2405/2405 2362/2362/2362
f 2363/2363/2363 2362/2362/2362 2405/2405/2405
f 2405/2405/2405 2404/2404/2404 2363/2363/2363
f 2364/2364/2364 2363/2363/2363 2404/2404/2404
f 2402/2402/2402 2364/2364/2364 2403/2403/2403
f 2365/2365/2365 2364/2364/2364 2402/2402/2402
f 2402/2402/2402 2366/2366/2366 2365/2365/2365
f 2366/2366/2366 2402/2402/2402 2401/2401/2401
f 2399/2399/2399 2367/2367/2367 2400/2400/2400
f 2401/2401/2401 2400/2400/2400 2367/2367/2367
f 2367/2367/2367 2366/2366/2366 2401/2401/2401
f 2404/2404/2404 2403/2403/2403 2364/2364/2364
f 2380/2380/2380 2386/2386/2386 2385/2385/2385
f 2382/2382/2382 2385/2385/2385 2383/2383/2383
f 2385/2385/2385 2381/2381/2381 2380/2380/2380
f 2378/2378/2378 2377/2377/2377 2389/2389/2389
f 2378/2378/2378 2389/2389/2389 2388/2388/2388
f 2376/2376/2376 2389/2389/2389 2377/2377/2377
f 2391/2391/2391 2376/2376/2376 2375/2375/2375
f 2382/2382/2382 2381/2381/2381 2385/2385/2385
f 2379/2379/2379 2386/2386/2386 2380/2380/2380
f 2379/2379/2379 2387/2387/2387 2386/2386/2386
f 2376/2376/2376 2390/2390/2390 2389/2389/2389
f 2379/2379/2379 2388/2388/2388 2387/2387/2387
f 2378/2378/2378 2388/2388/2388 2379/2379/2379
f 2391/2391/2391 2390/2390/2390 2376/2376/2376
f 2384/2384/2384 2383/2383/2383 2385/2385/2385
f 2395/2395/2395 2372/2372/2372 2371/2371/2371
f 2372/2372/2372 2395/2395/2395 2394/2394/2394
f 2375/2375/2375 2374/2374/2374 2391/2391/2391
f 2396/2396/2396 2395/2395/2395 2370/2370/2370
f 2399/2399/2399 2368/2368/2368 2367/2367/2367
f 2370/2370/2370 2395/2395/2395 2371/2371/2371
f 2398/2398/2398 2368/2368/2368 2399/2399/2399
f 2392/2392/2392 2374/2374/2374 2373/2373/2373
f 2394/2394/2394 2373/2373/2373 2372/2372/2372
f 2394/2394/2394 2393/2393/2393 2373/2373/2373
f 2392/2392/2392 2373/2373/2373 2393/2393/2393
f 2396/2396/2396 2370/2370/2370 2369/2369/2369
f 2368/2368/2368 2398/2398/2398 2369/2369/2369
f 2398/2398/2398 2397/2397/2397 2369/2369/2369
f 2396/2396/2396 2369/2369/2369 2397/2397/2397
f 2374/2374/2374 2392/2392/2392 2391/2391/2391
o object_9
usemtl Default
v 1913.6773681640625 -194.92276000976562 4.5
v 1916.510986328125 -197.74592590332031 4.5
v 1913.6878662109375 -200.57960510253906 4.5
v 1916.5191650390625 -203.40385437011719 4.5
v 1913.6983642578125 -206.2364501953125 4.5
v 1908.031005859375 -200.590087890625 4.5
vt 0.33479535579681396 1
vt 0.00095740740653127432 0.75046348571777344
vt 0.33355972170829773 0.5
vt 0 0.25036835670471191
vt 0.33232411742210388 0
vt 1 0.49907296895980835
vn 0 0 1
vn 0 0 1
vn 0 0 1
vn 0 0 1
vn 0 0 1
vn 0 0 1
f 2419/2419/2419 2418/2418/2418 2417/2417/2417
f 2415/2415/2415 2420/2420/2420 2417/2417/2417
f 2419/2419/2419 2417/2417/2417 2420/2420/2420
f 2416/2416/2416 2415/2415/2415 2417/2417/2417
o object_10
usemtl Default
v 1898.592529296875 -220.4066162109375 4.5
v 1901.4261474609375 -223.22979736328125 4.5
v 1904.259765625 -226.052978515625 4.5
v 1901.4366455078125 -228.88662719726562 4.5
v 1898.60302734375 -226.06346130371094 4.5
v 1895.769287109375 -223.24028015136719 4.5
vt 0.66749060153961182 1
vt 0.33374530076980591 0.66707873344421387
vt 0 0.33415746688842773
vt 0.33250942826271057 0
vt 0.66625469923019409 0.33292126655578613
vt 1 0.66584253311157227
vn 0 0 1
vn 0 0 1
vn 0 0 1
vn 0 0 1
vn 0 0 1
vn 0 0 1
f 2422/2422/2422 2424/2424/2424 2423/2423/2423
f 2425/2425/2425 2424/2424/2424 2422/2422/2422
f 2421/2421/2421 2426/2426/2426 2425/2425/2425
f 2422/2422/2422 2421/2421/2421 2425/2425/2425
o object_11
usemtl Default
v 1909.3271484375 -213.17420959472656 4.5
v 1906.50390625 -216.00787353515625 4.5
v 1904.73291015625 -214.24339294433594 4.5
v 1901.4156494140625 -217.57295227050781 4.5
v 1898.58203125 -214.74977111816406 4.5
v 1901.4051513671875 -211.91610717773438 4.5
v 1902.9637451171875 -213.46885681152344 4.5
v 1904.7281494140625 -211.69781494140625 4.5
v 1906.492431640625 -213.45556640625 4.5
v 1910.87109375 -209.0660400390625 4.5
v 1916.5390625 -214.71302795410156 4.5
v 1913.7158203125 -217.54669189453125 4.5
vt 0.40162023901939392 0.51707863807678223
vt 0.55883878469467163 0.18397700786590576
vt 0.65746539831161499 0.3913949728012085
vt 0.84219741821289062 0
vt 1 0.3318687379360199
vt 0.84278148412704468 0.66497033834457397
vt 0.75599008798599243 0.48244252800941467
vt 0.65772849321365356 0.69063103199005127
vt 0.55947810411453247 0.48400452733039856
vt 0.31564059853553772 1
vt 0 0.33618807792663574
vt 0.15721851587295532 0.0030864572618156672
vn 0 0 1
vn 0 0 1
vn 0 0 1
vn 0 0 1
vn 0 0 1
vn 0 0 1
vn 0 0 1
vn 0 0 1
vn 0 0 1
vn 0 0 1
vn 0 0 1
vn 0 0 1
f 2438/2438/2438 2437/2437/2437 2427/2427/2427
f 2435/2435/2435 2427/2427/2427 2436/2436/2436
f 2437/2437/2437 2436/2436/2436 2427/2427/2427
f 2428/2428/2428 2427/2427/2427 2435/2435/2435
f 2435/2435/2435 2429/2429/2429 2428/2428/2428
f 2431/2431/2431 2430/2430/2430 2429/2429/2429
f 2433/2433/2433 2431/2431/2431 2429/2429/2429
f 2433/2433/2433 2435/2435/2435 2434/2434/2434
f 2431/2431/2431 2433/2433/2433 2432/2432/2432
f 2429/2429/2429 2435/2435/2435 2433/2433/2433
o object_12
usemtl Default
v 1912.1502685546875 -210.34054565429688 7.5
v 1906.50390625 -216.00787353515625 7.5
v 1904.73291015625 -214.24339294433594 7.5
v 1901.4156494140625 -217.57295227050781 7.5
v 1898.58203125 -214.74977111816406 7.5
v 1901.4051513671875 -211.91610717773438 7.5
v 1902.9637451171875 -213.46885681152344 7.5
v 1904.7281494140625 -211.69781494140625 7.5
v 1906.492431640625 -213.45556640625 7.5
v 1910.87109375 -209.0660400390625 7.5
vt 0 0.85018020868301392
vt 0.41614314913749695 0.18397700786590576
vt 0.54667097330093384 0.3913949728012085
vt 0.79115545749664307 0
vt 1 0.3318687379360199
vt 0.79192841053009033 0.66497033834457397
vt 0.67706394195556641 0.48244252800941467
vt 0.54701918363571167 0.69063103199005127
vt 0.41698926687240601 0.48400452733039856
vt 0.094281382858753204 1
vn 0 0 1
vn 0 0 1
vn 0 0 1
vn 0 0 1
vn 0 0 1
vn 0 0 1
vn 0 0 1
vn 0 0 1
vn 0 0 1
vn 0 0 1
f 2447/2447/2447 2441/2441/2441 2440/2440/2440
f 2448/2448/2448 2447/2447/2447 2439/2439/2439
f 2440/2440/2440 2439/2439/2439 2447/2447/2447
f 2445/2445/2445 2441/2441/2441 2447/2447/2447
f 2445/2445/2445 2443/2443/2443 2442/2442/2442
f 2445/2445/2445 2447/2447/2447 2446/2446/2446
f 2443/2443/2443 2445/2445/2445 2444/2444/2444
f 2442/2442/2442 2441/2441/2441 2445/2445/2445
