# Rhino

mtllib object.mtl
o object_1
usemtl Default
v 1887.0115966796875 -181.12184143066406 0
v 1887.0115966796875 -182.63565063476562 0
v 1887.0115966796875 -184.14945983886719 0
v 1887.0115966796875 -185.66325378417969 0
v 1887.0115966796875 -187.17706298828125 0
v 1887.0115966796875 -188.69087219238281 0
v 1887.0115966796875 -190.20468139648438 0
v 1887.0115966796875 -191.71849060058594 0
v 1887.0115966796875 -193.23228454589844 0
v 1887.0115966796875 -194.74609375 0
v 1887.0115966796875 -196.25990295410156 0
v 1887.0115966796875 -197.77371215820312 0
v 1887.0115966796875 -199.28752136230469 0
v 1887.0115966796875 -200.80133056640625 0
v 1887.0115966796875 -202.31512451171875 0
v 1887.0115966796875 -203.82893371582031 0
v 1887.0115966796875 -205.34274291992188 0
v 1887.0115966796875 -206.85655212402344 0
v 1887.0115966796875 -208.370361328125 0
v 1887.0115966796875 -209.8841552734375 0
v 1887.0115966796875 -211.39796447753906 0
v 1887.0115966796875 -212.91177368164062 0
v 1887.0115966796875 -214.42558288574219 0
v 1887.0115966796875 -215.93939208984375 0
v 1887.0115966796875 -217.45318603515625 0
v 1887.0115966796875 -218.96699523925781 0
v 1887.0115966796875 -220.48080444335938 0
v 1887.0115966796875 -221.99461364746094 0
v 1887.0115966796875 -225.022216796875 0
v 1887.0115966796875 -226.53602600097656 0
v 1887.0115966796875 -228.04983520507812 0
v 1887.0115966796875 -229.56364440917969 0
v 1887.0115966796875 -231.07745361328125 0
v 1887.0115966796875 -232.59124755859375 0
v 1887.0115966796875 -234.10505676269531 0
v 1887.0115966796875 -235.61886596679688 0
v 1887.0115966796875 -237.13267517089844 0
v 1888.5521240234375 -181.12184143066406 0
v 1888.5521240234375 -182.63565063476562 0
v 1888.5521240234375 -184.14945983886719 0
v 1888.5521240234375 -185.66325378417969 0
v 1888.5521240234375 -187.17706298828125 0
v 1888.5521240234375 -188.69087219238281 0
v 1888.5521240234375 -190.20468139648438 0
v 1888.5521240234375 -191.71849060058594 0
v 1888.5521240234375 -193.23228454589844 0
v 1888.5521240234375 -196.25990295410156 0
v 1888.5521240234375 -197.77371215820312 0
v 1888.5521240234375 -199.28752136230469 0
v 1888.5521240234375 -200.80133056640625 0
v 1888.5521240234375 -202.31512451171875 0
v 1888.5521240234375 -203.82893371582031 0
v 1888.5521240234375 -205.34274291992188 0
v 1888.5521240234375 -206.85655212402344 0
v 1888.5521240234375 -208.370361328125 0
v 1888.5521240234375 -209.8841552734375 0
v 1888.5521240234375 -211.39796447753906 0
v 1888.5521240234375 -212.91177368164062 0
v 1888.5521240234375 -214.42558288574219 0
v 1888.5521240234375 -215.93939208984375 0
v 1888.5521240234375 -217.45318603515625 0
v 1888.5521240234375 -218.96699523925781 0
v 1888.5521240234375 -220.48080444335938 0
v 1888.5521240234375 -225.022216796875 0
v 1888.5521240234375 -226.53602600097656 0
v 1888.5521240234375 -228.04983520507812 0
v 1888.5521240234375 -229.56364440917969 0
v 1888.5521240234375 -231.07745361328125 0
v 1888.5521240234375 -232.59124755859375 0
v 1888.5521240234375 -234.10505676269531 0
v 1888.5521240234375 -235.61886596679688 0
v 1888.5521240234375 -237.13267517089844 0
v 1890.0926513671875 -181.12184143066406 0
v 1890.0926513671875 -182.63565063476562 0
v 1890.0926513671875 -184.14945983886719 0
v 1890.0926513671875 -185.66325378417969 0
v 1890.0926513671875 -187.17706298828125 0
v 1890.0926513671875 -188.69087219238281 0
v 1890.0926513671875 -190.20468139648438 0
v 1890.0926513671875 -191.71849060058594 0
v 1890.0926513671875 -199.28752136230469 0
v 1890.0926513671875 -200.80133056640625 0
v 1890.0926513671875 -202.31512451171875 0
v 1890.0926513671875 -203.82893371582031 0
v 1890.0926513671875 -205.34274291992188 0
v 1890.0926513671875 -206.85655212402344 0
v 1890.0926513671875 -208.370361328125 0
v 1890.0926513671875 -209.8841552734375 0
v 1890.0926513671875 -211.39796447753906 0
v 1890.0926513671875 -212.91177368164062 0
v 1890.0926513671875 -214.42558288574219 0
v 1890.0926513671875 -215.93939208984375 0
v 1890.0926513671875 -217.45318603515625 0
v 1890.0926513671875 -218.96699523925781 0
v 1890.0926513671875 -220.48080444335938 0
v 1890.0926513671875 -226.53602600097656 0
v 1890.0926513671875 -228.04983520507812 0
v 1890.0926513671875 -229.56364440917969 0
v 1890.0926513671875 -231.07745361328125 0
v 1890.0926513671875 -232.59124755859375 0
v 1890.0926513671875 -234.10505676269531 0
v 1890.0926513671875 -235.61886596679688 0
v 1890.0926513671875 -237.13267517089844 0
v 1891.6331787109375 -181.12184143066406 0
v 1891.6331787109375 -182.63565063476562 0
v 1891.6331787109375 -184.14945983886719 0
v 1891.6331787109375 -185.66325378417969 0
v 1891.6331787109375 -187.17706298828125 0
v 1891.6331787109375 -188.69087219238281 0
v 1891.6331787109375 -190.20468139648438 0
v 1891.6331787109375 -199.28752136230469 0
v 1891.6331787109375 -200.80133056640625 0
v 1891.6331787109375 -205.34274291992188 0
v 1891.6331787109375 -206.85655212402344 0
v 1891.6331787109375 -208.370361328125 0
v 1891.6331787109375 -209.8841552734375 0
v 1891.6331787109375 -211.39796447753906 0
v 1891.6331787109375 -212.91177368164062 0
v 1891.6331787109375 -217.45318603515625 0
v 1891.6331787109375 -218.96699523925781 0
v 1891.6331787109375 -228.04983520507812 0
v 1891.6331787109375 -229.56364440917969 0
v 1891.6331787109375 -231.07745361328125 0
v 1891.6331787109375 -232.59124755859375 0
v 1891.6331787109375 -234.10505676269531 0
v 1891.6331787109375 -235.61886596679688 0
v 1891.6331787109375 -237.13267517089844 0
v 1893.1737060546875 -181.12184143066406 0
v 1893.1737060546875 -182.63565063476562 0
v 1893.1737060546875 -184.14945983886719 0
v 1893.1737060546875 -185.66325378417969 0
v 1893.1737060546875 -187.17706298828125 0
v 1893.1737060546875 -188.69087219238281 0
v 1893.1737060546875 -208.370361328125 0
v 1893.1737060546875 -209.8841552734375 0
v 1893.1737060546875 -211.39796447753906 0
v 1893.1737060546875 -229.56364440917969 0
v 1893.1737060546875 -231.07745361328125 0
v 1893.1737060546875 -232.59124755859375 0
v 1893.1737060546875 -234.10505676269531 0
v 1893.1737060546875 -235.61886596679688 0
v 1893.1737060546875 -237.13267517089844 0
v 1894.7142333984375 -181.12184143066406 0
v 1894.7142333984375 -182.63565063476562 0
v 1894.7142333984375 -184.14945983886719 0
v 1894.7142333984375 -185.66325378417969 0
v 1894.7142333984375 -206.85655212402344 0
v 1894.7142333984375 -208.370361328125 0
v 1894.7142333984375 -209.8841552734375 0
v 1894.7142333984375 -231.07745361328125 0
v 1894.7142333984375 -232.59124755859375 0
v 1894.7142333984375 -234.10505676269531 0
v 1894.7142333984375 -235.61886596679688 0
v 1894.7142333984375 -237.13267517089844 0
v 1896.2547607421875 -181.12184143066406 0
v 1896.2547607421875 -182.63565063476562 0
v 1896.2547607421875 -184.14945983886719 0
v 1896.2547607421875 -185.66325378417969 0
v 1896.2547607421875 -193.23228454589844 0
v 1896.2547607421875 -194.74609375 0
v 1896.2547607421875 -196.25990295410156 0
v 1896.2547607421875 -205.34274291992188 0
v 1896.2547607421875 -206.85655212402344 0
v 1896.2547607421875 -208.370361328125 0
v 1896.2547607421875 -232.59124755859375 0
v 1896.2547607421875 -234.10505676269531 0
v 1896.2547607421875 -235.61886596679688 0
v 1896.2547607421875 -237.13267517089844 0
v 1897.7952880859375 -181.12184143066406 0
v 1897.7952880859375 -182.63565063476562 0
v 1897.7952880859375 -184.14945983886719 0
v 1897.7952880859375 -191.71849060058594 0
v 1897.7952880859375 -193.23228454589844 0
v 1897.7952880859375 -194.74609375 0
v 1897.7952880859375 -196.25990295410156 0
v 1897.7952880859375 -197.77371215820312 0
v 1897.7952880859375 -202.31512451171875 0
v 1897.7952880859375 -203.82893371582031 0
v 1897.7952880859375 -205.34274291992188 0
v 1897.7952880859375 -206.85655212402344 0
v 1897.7952880859375 -208.370361328125 0
v 1897.7952880859375 -209.8841552734375 0
v 1897.7952880859375 -231.07745361328125 0
v 1897.7952880859375 -232.59124755859375 0
v 1897.7952880859375 -234.10505676269531 0
v 1897.7952880859375 -235.61886596679688 0
v 1897.7952880859375 -237.13267517089844 0
v 1899.3359375 -181.12184143066406 0
v 1899.3359375 -182.63565063476562 0
v 1899.3359375 -190.20468139648438 0
v 1899.3359375 -191.71849060058594 0
v 1899.3359375 -193.23228454589844 0
v 1899.3359375 -194.74609375 0
v 1899.3359375 -196.25990295410156 0
v 1899.3359375 -197.77371215820312 0
v 1899.3359375 -199.28752136230469 0
v 1899.3359375 -202.31512451171875 0
v 1899.3359375 -203.82893371582031 0
v 1899.3359375 -205.34274291992188 0
v 1899.3359375 -206.85655212402344 0
v 1899.3359375 -208.370361328125 0
v 1899.3359375 -209.8841552734375 0
v 1899.3359375 -211.39796447753906 0
v 1899.3359375 -218.96699523925781 0
v 1899.3359375 -220.48080444335938 0
v 1899.3359375 -221.99461364746094 0
v 1899.3359375 -229.56364440917969 0
v 1899.3359375 -231.07745361328125 0
v 1899.3359375 -232.59124755859375 0
v 1899.3359375 -234.10505676269531 0
v 1899.3359375 -235.61886596679688 0
v 1899.3359375 -237.13267517089844 0
v 1900.87646484375 -181.12184143066406 0
v 1900.87646484375 -182.63565063476562 0
v 1900.87646484375 -184.14945983886719 0
v 1900.87646484375 -188.69087219238281 0
v 1900.87646484375 -190.20468139648438 0
v 1900.87646484375 -191.71849060058594 0
v 1900.87646484375 -193.23228454589844 0
v 1900.87646484375 -194.74609375 0
v 1900.87646484375 -196.25990295410156 0
v 1900.87646484375 -197.77371215820312 0
v 1900.87646484375 -199.28752136230469 0
v 1900.87646484375 -200.80133056640625 0
v 1900.87646484375 -202.31512451171875 0
v 1900.87646484375 -203.82893371582031 0
v 1900.87646484375 -205.34274291992188 0
v 1900.87646484375 -206.85655212402344 0
v 1900.87646484375 -208.370361328125 0
v 1900.87646484375 -209.8841552734375 0
v 1900.87646484375 -211.39796447753906 0
v 1900.87646484375 -212.91177368164062 0
v 1900.87646484375 -217.45318603515625 0
v 1900.87646484375 -218.96699523925781 0
v 1900.87646484375 -220.48080444335938 0
v 1900.87646484375 -221.99461364746094 0
v 1900.87646484375 -223.5084228515625 0
v 1900.87646484375 -228.04983520507812 0
v 1900.87646484375 -229.56364440917969 0
v 1900.87646484375 -231.07745361328125 0
v 1900.87646484375 -232.59124755859375 0
v 1900.87646484375 -234.10505676269531 0
v 1900.87646484375 -235.61886596679688 0
v 1900.87646484375 -237.13267517089844 0
v 1902.4169921875 -181.12184143066406 0
v 1902.4169921875 -182.63565063476562 0
v 1902.4169921875 -184.14945983886719 0
v 1902.4169921875 -185.66325378417969 0
v 1902.4169921875 -187.17706298828125 0
v 1902.4169921875 -188.69087219238281 0
v 1902.4169921875 -190.20468139648438 0
v 1902.4169921875 -191.71849060058594 0
v 1902.4169921875 -193.23228454589844 0
v 1902.4169921875 -194.74609375 0
v 1902.4169921875 -196.25990295410156 0
v 1902.4169921875 -197.77371215820312 0
v 1902.4169921875 -199.28752136230469 0
v 1902.4169921875 -200.80133056640625 0
v 1902.4169921875 -202.31512451171875 0
v 1902.4169921875 -203.82893371582031 0
v 1902.4169921875 -205.34274291992188 0
v 1902.4169921875 -206.85655212402344 0
v 1902.4169921875 -208.370361328125 0
v 1902.4169921875 -209.8841552734375 0
v 1902.4169921875 -211.39796447753906 0
v 1902.4169921875 -212.91177368164062 0
v 1902.4169921875 -214.42558288574219 0
v 1902.4169921875 -215.93939208984375 0
v 1902.4169921875 -217.45318603515625 0
v 1902.4169921875 -218.96699523925781 0
v 1902.4169921875 -220.48080444335938 0
v 1902.4169921875 -221.99461364746094 0
v 1902.4169921875 -223.5084228515625 0
v 1902.4169921875 -225.022216796875 0
v 1902.4169921875 -226.53602600097656 0
v 1902.4169921875 -228.04983520507812 0
v 1902.4169921875 -229.56364440917969 0
v 1902.4169921875 -231.07745361328125 0
v 1902.4169921875 -232.59124755859375 0
v 1902.4169921875 -234.10505676269531 0
v 1902.4169921875 -235.61886596679688 0
v 1902.4169921875 -237.13267517089844 0
v 1903.95751953125 -181.12184143066406 0
v 1903.95751953125 -182.63565063476562 0
v 1903.95751953125 -184.14945983886719 0
v 1903.95751953125 -185.66325378417969 0
v 1903.95751953125 -187.17706298828125 0
v 1903.95751953125 -188.69087219238281 0
v 1903.95751953125 -190.20468139648438 0
v 1903.95751953125 -191.71849060058594 0
v 1903.95751953125 -193.23228454589844 0
v 1903.95751953125 -194.74609375 0
v 1903.95751953125 -196.25990295410156 0
v 1903.95751953125 -197.77371215820312 0
v 1903.95751953125 -199.28752136230469 0
v 1903.95751953125 -200.80133056640625 0
v 1903.95751953125 -202.31512451171875 0
v 1903.95751953125 -203.82893371582031 0
v 1903.95751953125 -205.34274291992188 0
v 1903.95751953125 -206.85655212402344 0
v 1903.95751953125 -208.370361328125 0
v 1903.95751953125 -209.8841552734375 0
v 1903.95751953125 -211.39796447753906 0
v 1903.95751953125 -212.91177368164062 0
v 1903.95751953125 -214.42558288574219 0
v 1903.95751953125 -215.93939208984375 0
v 1903.95751953125 -217.45318603515625 0
v 1903.95751953125 -218.96699523925781 0
v 1903.95751953125 -220.48080444335938 0
v 1903.95751953125 -221.99461364746094 0
v 1903.95751953125 -223.5084228515625 0
v 1903.95751953125 -225.022216796875 0
v 1903.95751953125 -226.53602600097656 0
v 1903.95751953125 -228.04983520507812 0
v 1903.95751953125 -229.56364440917969 0
v 1903.95751953125 -231.07745361328125 0
v 1903.95751953125 -232.59124755859375 0
v 1903.95751953125 -234.10505676269531 0
v 1903.95751953125 -235.61886596679688 0
v 1903.95751953125 -237.13267517089844 0
v 1905.498046875 -181.12184143066406 0
v 1905.498046875 -182.63565063476562 0
v 1905.498046875 -184.14945983886719 0
v 1905.498046875 -185.66325378417969 0
v 1905.498046875 -187.17706298828125 0
v 1905.498046875 -188.69087219238281 0
v 1905.498046875 -190.20468139648438 0
v 1905.498046875 -191.71849060058594 0
v 1905.498046875 -193.23228454589844 0
v 1905.498046875 -194.74609375 0
v 1905.498046875 -196.25990295410156 0
v 1905.498046875 -197.77371215820312 0
v 1905.498046875 -199.28752136230469 0
v 1905.498046875 -200.80133056640625 0
v 1905.498046875 -202.31512451171875 0
v 1905.498046875 -203.82893371582031 0
v 1905.498046875 -205.34274291992188 0
v 1905.498046875 -206.85655212402344 0
v 1905.498046875 -208.370361328125 0
v 1905.498046875 -209.8841552734375 0
v 1905.498046875 -211.39796447753906 0
v 1905.498046875 -212.91177368164062 0
v 1905.498046875 -214.42558288574219 0
v 1905.498046875 -215.93939208984375 0
v 1905.498046875 -217.45318603515625 0
v 1905.498046875 -218.96699523925781 0
v 1905.498046875 -220.48080444335938 0
v 1905.498046875 -221.99461364746094 0
v 1905.498046875 -223.5084228515625 0
v 1905.498046875 -225.022216796875 0
v 1905.498046875 -226.53602600097656 0
v 1905.498046875 -228.04983520507812 0
v 1905.498046875 -229.56364440917969 0
v 1905.498046875 -231.07745361328125 0
v 1905.498046875 -232.59124755859375 0
v 1905.498046875 -234.10505676269531 0
v 1905.498046875 -235.61886596679688 0
v 1905.498046875 -237.13267517089844 0
v 1907.03857421875 -181.12184143066406 0
v 1907.03857421875 -182.63565063476562 0
v 1907.03857421875 -184.14945983886719 0
v 1907.03857421875 -185.66325378417969 0
v 1907.03857421875 -187.17706298828125 0
v 1907.03857421875 -188.69087219238281 0
v 1907.03857421875 -190.20468139648438 0
v 1907.03857421875 -191.71849060058594 0
v 1907.03857421875 -193.23228454589844 0
v 1907.03857421875 -194.74609375 0
v 1907.03857421875 -196.25990295410156 0
v 1907.03857421875 -197.77371215820312 0
v 1907.03857421875 -199.28752136230469 0
v 1907.03857421875 -200.80133056640625 0
v 1907.03857421875 -202.31512451171875 0
v 1907.03857421875 -203.82893371582031 0
v 1907.03857421875 -205.34274291992188 0
v 1907.03857421875 -206.85655212402344 0
v 1907.03857421875 -208.370361328125 0
v 1907.03857421875 -209.8841552734375 0
v 1907.03857421875 -211.39796447753906 0
v 1907.03857421875 -212.91177368164062 0
v 1907.03857421875 -214.42558288574219 0
v 1907.03857421875 -215.93939208984375 0
v 1907.03857421875 -217.45318603515625 0
v 1907.03857421875 -218.96699523925781 0
v 1907.03857421875 -220.48080444335938 0
v 1907.03857421875 -221.99461364746094 0
v 1907.03857421875 -223.5084228515625 0
v 1907.03857421875 -225.022216796875 0
v 1907.03857421875 -226.53602600097656 0
v 1907.03857421875 -228.04983520507812 0
v 1907.03857421875 -229.56364440917969 0
v 1907.03857421875 -231.07745361328125 0
v 1907.03857421875 -232.59124755859375 0
v 1907.03857421875 -234.10505676269531 0
v 1907.03857421875 -235.61886596679688 0
v 1907.03857421875 -237.13267517089844 0
v 1908.5791015625 -181.12184143066406 0
v 1908.5791015625 -182.63565063476562 0
v 1908.5791015625 -184.14945983886719 0
v 1908.5791015625 -185.66325378417969 0
v 1908.5791015625 -187.17706298828125 0
v 1908.5791015625 -188.69087219238281 0
v 1908.5791015625 -190.20468139648438 0
v 1908.5791015625 -191.71849060058594 0
v 1908.5791015625 -193.23228454589844 0
v 1908.5791015625 -194.74609375 0
v 1908.5791015625 -196.25990295410156 0
v 1908.5791015625 -197.77371215820312 0
v 1908.5791015625 -199.28752136230469 0
v 1908.5791015625 -200.80133056640625 0
v 1908.5791015625 -202.31512451171875 0
v 1908.5791015625 -203.82893371582031 0
v 1908.5791015625 -205.34274291992188 0
v 1908.5791015625 -206.85655212402344 0
v 1908.5791015625 -208.370361328125 0
v 1908.5791015625 -209.8841552734375 0
v 1908.5791015625 -211.39796447753906 0
v 1908.5791015625 -212.91177368164062 0
v 1908.5791015625 -214.42558288574219 0
v 1908.5791015625 -215.93939208984375 0
v 1908.5791015625 -217.45318603515625 0
v 1908.5791015625 -218.96699523925781 0
v 1908.5791015625 -220.48080444335938 0
v 1908.5791015625 -221.99461364746094 0
v 1908.5791015625 -223.5084228515625 0
v 1908.5791015625 -225.022216796875 0
v 1908.5791015625 -226.53602600097656 0
v 1908.5791015625 -228.04983520507812 0
v 1908.5791015625 -229.56364440917969 0
v 1908.5791015625 -231.07745361328125 0
v 1908.5791015625 -232.59124755859375 0
v 1908.5791015625 -234.10505676269531 0
v 1908.5791015625 -235.61886596679688 0
v 1908.5791015625 -237.13267517089844 0
v 1910.11962890625 -181.12184143066406 0
v 1910.11962890625 -182.63565063476562 0
v 1910.11962890625 -184.14945983886719 0
v 1910.11962890625 -185.66325378417969 0
v 1910.11962890625 -187.17706298828125 0
v 1910.11962890625 -188.69087219238281 0
v 1910.11962890625 -190.20468139648438 0
v 1910.11962890625 -191.71849060058594 0
v 1910.11962890625 -193.23228454589844 0
v 1910.11962890625 -194.74609375 0
v 1910.11962890625 -196.25990295410156 0
v 1910.11962890625 -197.77371215820312 0
v 1910.11962890625 -199.28752136230469 0
v 1910.11962890625 -200.80133056640625 0
v 1910.11962890625 -202.31512451171875 0
v 1910.11962890625 -203.82893371582031 0
v 1910.11962890625 -205.34274291992188 0
v 1910.11962890625 -206.85655212402344 0
v 1910.11962890625 -208.370361328125 0
v 1910.11962890625 -209.8841552734375 0
v 1910.11962890625 -211.39796447753906 0
v 1910.11962890625 -212.91177368164062 0
v 1910.11962890625 -214.42558288574219 0
v 1910.11962890625 -215.93939208984375 0
v 1910.11962890625 -217.45318603515625 0
v 1910.11962890625 -218.96699523925781 0
v 1910.11962890625 -220.48080444335938 0
v 1910.11962890625 -221.99461364746094 0
v 1910.11962890625 -223.5084228515625 0
v 1910.11962890625 -225.022216796875 0
v 1910.11962890625 -226.53602600097656 0
v 1910.11962890625 -228.04983520507812 0
v 1910.11962890625 -229.56364440917969 0
v 1910.11962890625 -231.07745361328125 0
v 1910.11962890625 -232.59124755859375 0
v 1910.11962890625 -234.10505676269531 0
v 1910.11962890625 -235.61886596679688 0
v 1910.11962890625 -237.13267517089844 0
v 1911.66015625 -181.12184143066406 0
v 1911.66015625 -182.63565063476562 0
v 1911.66015625 -184.14945983886719 0
v 1911.66015625 -185.66325378417969 0
v 1911.66015625 -187.17706298828125 0
v 1911.66015625 -188.69087219238281 0
v 1911.66015625 -190.20468139648438 0
v 1911.66015625 -191.71849060058594 0
v 1911.66015625 -193.23228454589844 0
v 1911.66015625 -194.74609375 0
v 1911.66015625 -196.25990295410156 0
v 1911.66015625 -197.77371215820312 0
v 1911.66015625 -199.28752136230469 0
v 1911.66015625 -200.80133056640625 0
v 1911.66015625 -202.31512451171875 0
v 1911.66015625 -203.82893371582031 0
v 1911.66015625 -205.34274291992188 0
v 1911.66015625 -206.85655212402344 0
v 1911.66015625 -208.370361328125 0
v 1911.66015625 -209.8841552734375 0
v 1911.66015625 -211.39796447753906 0
v 1911.66015625 -212.91177368164062 0
v 1911.66015625 -214.42558288574219 0
v 1911.66015625 -215.93939208984375 0
v 1911.66015625 -217.45318603515625 0
v 1911.66015625 -218.96699523925781 0
v 1911.66015625 -220.48080444335938 0
v 1911.66015625 -221.99461364746094 0
v 1911.66015625 -223.5084228515625 0
v 1911.66015625 -225.022216796875 0
v 1911.66015625 -226.53602600097656 0
v 1911.66015625 -228.04983520507812 0
v 1911.66015625 -229.56364440917969 0
v 1911.66015625 -231.07745361328125 0
v 1911.66015625 -232.59124755859375 0
v 1911.66015625 -234.10505676269531 0
v 1911.66015625 -235.61886596679688 0
v 1911.66015625 -237.13267517089844 0
v 1913.2008056640625 -181.12184143066406 0
v 1913.2008056640625 -182.63565063476562 0
v 1913.2008056640625 -184.14945983886719 0
v 1913.2008056640625 -185.66325378417969 0
v 1913.2008056640625 -187.17706298828125 0
v 1913.2008056640625 -188.69087219238281 0
v 1913.2008056640625 -190.20468139648438 0
v 1913.2008056640625 -191.71849060058594 0
v 1913.2008056640625 -193.23228454589844 0
v 1913.2008056640625 -194.74609375 0
v 1913.2008056640625 -196.25990295410156 0
v 1913.2008056640625 -197.77371215820312 0
v 1913.2008056640625 -199.28752136230469 0
v 1913.2008056640625 -200.80133056640625 0
v 1913.2008056640625 -202.31512451171875 0
v 1913.2008056640625 -203.82893371582031 0
v 1913.2008056640625 -205.34274291992188 0
v 1913.2008056640625 -206.85655212402344 0
v 1913.2008056640625 -208.370361328125 0
v 1913.2008056640625 -209.8841552734375 0
v 1913.2008056640625 -211.39796447753906 0
v 1913.2008056640625 -212.91177368164062 0
v 1913.2008056640625 -214.42558288574219 0
v 1913.2008056640625 -215.93939208984375 0
v 1913.2008056640625 -217.45318603515625 0
v 1913.2008056640625 -218.96699523925781 0
v 1913.2008056640625 -220.48080444335938 0
v 1913.2008056640625 -221.99461364746094 0
v 1913.2008056640625 -223.5084228515625 0
v 1913.2008056640625 -225.022216796875 0
v 1913.2008056640625 -226.53602600097656 0
v 1913.2008056640625 -228.04983520507812 0
v 1913.2008056640625 -229.56364440917969 0
v 1913.2008056640625 -231.07745361328125 0
v 1913.2008056640625 -232.59124755859375 0
v 1913.2008056640625 -234.10505676269531 0
v 1913.2008056640625 -235.61886596679688 0
v 1913.2008056640625 -237.13267517089844 0
v 1914.7413330078125 -181.12184143066406 0
v 1914.7413330078125 -182.63565063476562 0
v 1914.7413330078125 -184.14945983886719 0
v 1914.7413330078125 -185.66325378417969 0
v 1914.7413330078125 -187.17706298828125 0
v 1914.7413330078125 -188.69087219238281 0
v 1914.7413330078125 -190.20468139648438 0
v 1914.7413330078125 -191.71849060058594 0
v 1914.7413330078125 -193.23228454589844 0
v 1914.7413330078125 -194.74609375 0
v 1914.7413330078125 -196.25990295410156 0
v 1914.7413330078125 -197.77371215820312 0
v 1914.7413330078125 -199.28752136230469 0
v 1914.7413330078125 -200.80133056640625 0
v 1914.7413330078125 -202.31512451171875 0
v 1914.7413330078125 -203.82893371582031 0
v 1914.7413330078125 -205.34274291992188 0
v 1914.7413330078125 -206.85655212402344 0
v 1914.7413330078125 -208.370361328125 0
v 1914.7413330078125 -209.8841552734375 0
v 1914.7413330078125 -211.39796447753906 0
v 1914.7413330078125 -212.91177368164062 0
v 1914.7413330078125 -214.42558288574219 0
v 1914.7413330078125 -215.93939208984375 0
v 1914.7413330078125 -217.45318603515625 0
v 1914.7413330078125 -218.96699523925781 0
v 1914.7413330078125 -220.48080444335938 0
v 1914.7413330078125 -221.99461364746094 0
v 1914.7413330078125 -223.5084228515625 0
v 1914.7413330078125 -225.022216796875 0
v 1914.7413330078125 -226.53602600097656 0
v 1914.7413330078125 -228.04983520507812 0
v 1914.7413330078125 -229.56364440917969 0
v 1914.7413330078125 -231.07745361328125 0
v 1914.7413330078125 -232.59124755859375 0
v 1914.7413330078125 -234.10505676269531 0
v 1914.7413330078125 -235.61886596679688 0
v 1914.7413330078125 -237.13267517089844 0
v 1916.2818603515625 -181.12184143066406 0
v 1916.2818603515625 -182.63565063476562 0
v 1916.2818603515625 -184.14945983886719 0
v 1916.2818603515625 -185.66325378417969 0
v 1916.2818603515625 -187.17706298828125 0
v 1916.2818603515625 -188.69087219238281 0
v 1916.2818603515625 -190.20468139648438 0
v 1916.2818603515625 -191.71849060058594 0
v 1916.2818603515625 -193.23228454589844 0
v 1916.2818603515625 -194.74609375 0
v 1916.2818603515625 -196.25990295410156 0
v 1916.2818603515625 -197.77371215820312 0
v 1916.2818603515625 -199.28752136230469 0
v 1916.2818603515625 -202.31512451171875 0
v 1916.2818603515625 -203.82893371582031 0
v 1916.2818603515625 -205.34274291992188 0
v 1916.2818603515625 -206.85655212402344 0
v 1916.2818603515625 -208.370361328125 0
v 1916.2818603515625 -209.8841552734375 0
v 1916.2818603515625 -211.39796447753906 0
v 1916.2818603515625 -212.91177368164062 0
v 1916.2818603515625 -214.42558288574219 0
v 1916.2818603515625 -215.93939208984375 0
v 1916.2818603515625 -217.45318603515625 0
v 1916.2818603515625 -218.96699523925781 0
v 1916.2818603515625 -220.48080444335938 0
v 1916.2818603515625 -221.99461364746094 0
v 1916.2818603515625 -223.5084228515625 0
v 1916.2818603515625 -225.022216796875 0
v 1916.2818603515625 -226.53602600097656 0
v 1916.2818603515625 -228.04983520507812 0
v 1916.2818603515625 -229.56364440917969 0
v 1916.2818603515625 -231.07745361328125 0
v 1916.2818603515625 -232.59124755859375 0
v 1916.2818603515625 -234.10505676269531 0
v 1916.2818603515625 -235.61886596679688 0
v 1916.2818603515625 -237.13267517089844 0
v 1917.8223876953125 -181.12184143066406 0
v 1917.8223876953125 -182.63565063476562 0
v 1917.8223876953125 -184.14945983886719 0
v 1917.8223876953125 -185.66325378417969 0
v 1917.8223876953125 -187.17706298828125 0
v 1917.8223876953125 -188.69087219238281 0
v 1917.8223876953125 -190.20468139648438 0
v 1917.8223876953125 -191.71849060058594 0
v 1917.8223876953125 -193.23228454589844 0
v 1917.8223876953125 -194.74609375 0
v 1917.8223876953125 -196.25990295410156 0
v 1917.8223876953125 -197.77371215820312 0
v 1917.8223876953125 -203.82893371582031 0
v 1917.8223876953125 -205.34274291992188 0
v 1917.8223876953125 -206.85655212402344 0
v 1917.8223876953125 -208.370361328125 0
v 1917.8223876953125 -209.8841552734375 0
v 1917.8223876953125 -211.39796447753906 0
v 1917.8223876953125 -212.91177368164062 0
v 1917.8223876953125 -214.42558288574219 0
v 1917.8223876953125 -215.93939208984375 0
v 1917.8223876953125 -217.45318603515625 0
v 1917.8223876953125 -218.96699523925781 0
v 1917.8223876953125 -220.48080444335938 0
v 1917.8223876953125 -221.99461364746094 0
v 1917.8223876953125 -223.5084228515625 0
v 1917.8223876953125 -225.022216796875 0
v 1917.8223876953125 -226.53602600097656 0
v 1917.8223876953125 -228.04983520507812 0
v 1917.8223876953125 -229.56364440917969 0
v 1917.8223876953125 -231.07745361328125 0
v 1917.8223876953125 -232.59124755859375 0
v 1917.8223876953125 -234.10505676269531 0
v 1917.8223876953125 -235.61886596679688 0
v 1917.8223876953125 -237.13267517089844 0
v 1919.3629150390625 -181.12184143066406 0
v 1919.3629150390625 -182.63565063476562 0
v 1919.3629150390625 -184.14945983886719 0
v 1919.3629150390625 -185.66325378417969 0
v 1919.3629150390625 -187.17706298828125 0
v 1919.3629150390625 -188.69087219238281 0
v 1919.3629150390625 -190.20468139648438 0
v 1919.3629150390625 -191.71849060058594 0
v 1919.3629150390625 -193.23228454589844 0
v 1919.3629150390625 -194.74609375 0
v 1919.3629150390625 -196.25990295410156 0
v 1919.3629150390625 -205.34274291992188 0
v 1919.3629150390625 -206.85655212402344 0
v 1919.3629150390625 -208.370361328125 0
v 1919.3629150390625 -209.8841552734375 0
v 1919.3629150390625 -211.39796447753906 0
v 1919.3629150390625 -212.91177368164062 0
v 1919.3629150390625 -214.42558288574219 0
v 1919.3629150390625 -215.93939208984375 0
v 1919.3629150390625 -217.45318603515625 0
v 1919.3629150390625 -218.96699523925781 0
v 1919.3629150390625 -220.48080444335938 0
v 1919.3629150390625 -221.99461364746094 0
v 1919.3629150390625 -223.5084228515625 0
v 1919.3629150390625 -225.022216796875 0
v 1919.3629150390625 -226.53602600097656 0
v 1919.3629150390625 -228.04983520507812 0
v 1919.3629150390625 -229.56364440917969 0
v 1919.3629150390625 -231.07745361328125 0
v 1919.3629150390625 -232.59124755859375 0
v 1919.3629150390625 -234.10505676269531 0
v 1919.3629150390625 -235.61886596679688 0
v 1919.3629150390625 -237.13267517089844 0
v 1920.9034423828125 -181.12184143066406 0
v 1920.9034423828125 -182.63565063476562 0
v 1920.9034423828125 -184.14945983886719 0
v 1920.9034423828125 -185.66325378417969 0
v 1920.9034423828125 -187.17706298828125 0
v 1920.9034423828125 -188.69087219238281 0
v 1920.9034423828125 -190.20468139648438 0
v 1920.9034423828125 -191.71849060058594 0
v 1920.9034423828125 -193.23228454589844 0
v 1920.9034423828125 -194.74609375 0
v 1920.9034423828125 -206.85655212402344 0
v 1920.9034423828125 -208.370361328125 0
v 1920.9034423828125 -209.8841552734375 0
v 1920.9034423828125 -211.39796447753906 0
v 1920.9034423828125 -212.91177368164062 0
v 1920.9034423828125 -214.42558288574219 0
v 1920.9034423828125 -215.93939208984375 0
v 1920.9034423828125 -217.45318603515625 0
v 1920.9034423828125 -218.96699523925781 0
v 1920.9034423828125 -220.48080444335938 0
v 1920.9034423828125 -221.99461364746094 0
v 1920.9034423828125 -223.5084228515625 0
v 1920.9034423828125 -225.022216796875 0
v 1920.9034423828125 -226.53602600097656 0
v 1920.9034423828125 -228.04983520507812 0
v 1920.9034423828125 -229.56364440917969 0
v 1920.9034423828125 -231.07745361328125 0
v 1920.9034423828125 -232.59124755859375 0
v 1920.9034423828125 -234.10505676269531 0
v 1920.9034423828125 -235.61886596679688 0
v 1920.9034423828125 -237.13267517089844 0
v 1922.4439697265625 -181.12184143066406 0
v 1922.4439697265625 -182.63565063476562 0
v 1922.4439697265625 -184.14945983886719 0
v 1922.4439697265625 -185.66325378417969 0
v 1922.4439697265625 -187.17706298828125 0
v 1922.4439697265625 -188.69087219238281 0
v 1922.4439697265625 -190.20468139648438 0
v 1922.4439697265625 -191.71849060058594 0
v 1922.4439697265625 -193.23228454589844 0
v 1922.4439697265625 -194.74609375 0
v 1922.4439697265625 -206.85655212402344 0
v 1922.4439697265625 -208.370361328125 0
v 1922.4439697265625 -209.8841552734375 0
v 1922.4439697265625 -211.39796447753906 0
v 1922.4439697265625 -212.91177368164062 0
v 1922.4439697265625 -214.42558288574219 0
v 1922.4439697265625 -215.93939208984375 0
v 1922.4439697265625 -217.45318603515625 0
v 1922.4439697265625 -218.96699523925781 0
v 1922.4439697265625 -220.48080444335938 0
v 1922.4439697265625 -221.99461364746094 0
v 1922.4439697265625 -223.5084228515625 0
v 1922.4439697265625 -225.022216796875 0
v 1922.4439697265625 -226.53602600097656 0
v 1922.4439697265625 -228.04983520507812 0
v 1922.4439697265625 -229.56364440917969 0
v 1922.4439697265625 -231.07745361328125 0
v 1922.4439697265625 -232.59124755859375 0
v 1922.4439697265625 -234.10505676269531 0
v 1922.4439697265625 -235.61886596679688 0
v 1922.4439697265625 -237.13267517089844 0
v 1923.9844970703125 -181.12184143066406 0
v 1923.9844970703125 -182.63565063476562 0
v 1923.9844970703125 -184.14945983886719 0
v 1923.9844970703125 -185.66325378417969 0
v 1923.9844970703125 -187.17706298828125 0
v 1923.9844970703125 -188.69087219238281 0
v 1923.9844970703125 -190.20468139648438 0
v 1923.9844970703125 -191.71849060058594 0
v 1923.9844970703125 -193.23228454589844 0
v 1923.9844970703125 -194.74609375 0
v 1923.9844970703125 -196.25990295410156 0
v 1923.9844970703125 -199.28752136230469 0
v 1923.9844970703125 -200.80133056640625 0
v 1923.9844970703125 -202.31512451171875 0
v 1923.9844970703125 -205.34274291992188 0
v 1923.9844970703125 -206.85655212402344 0
v 1923.9844970703125 -208.370361328125 0
v 1923.9844970703125 -209.8841552734375 0
v 1923.9844970703125 -211.39796447753906 0
v 1923.9844970703125 -212.91177368164062 0
v 1923.9844970703125 -214.42558288574219 0
v 1923.9844970703125 -215.93939208984375 0
v 1923.9844970703125 -217.45318603515625 0
v 1923.9844970703125 -218.96699523925781 0
v 1923.9844970703125 -220.48080444335938 0
v 1923.9844970703125 -221.99461364746094 0
v 1923.9844970703125 -223.5084228515625 0
v 1923.9844970703125 -225.022216796875 0
v 1923.9844970703125 -226.53602600097656 0
v 1923.9844970703125 -228.04983520507812 0
v 1923.9844970703125 -229.56364440917969 0
v 1923.9844970703125 -231.07745361328125 0
v 1923.9844970703125 -232.59124755859375 0
v 1923.9844970703125 -234.10505676269531 0
v 1923.9844970703125 -235.61886596679688 0
v 1923.9844970703125 -237.13267517089844 0
v 1925.5250244140625 -181.12184143066406 0
v 1925.5250244140625 -182.63565063476562 0
v 1925.5250244140625 -184.14945983886719 0
v 1925.5250244140625 -185.66325378417969 0
v 1925.5250244140625 -187.17706298828125 0
v 1925.5250244140625 -188.69087219238281 0
v 1925.5250244140625 -190.20468139648438 0
v 1925.5250244140625 -191.71849060058594 0
v 1925.5250244140625 -193.23228454589844 0
v 1925.5250244140625 -194.74609375 0
v 1925.5250244140625 -196.25990295410156 0
v 1925.5250244140625 -197.77371215820312 0
v 1925.5250244140625 -199.28752136230469 0
v 1925.5250244140625 -200.80133056640625 0
v 1925.5250244140625 -202.31512451171875 0
v 1925.5250244140625 -205.34274291992188 0
v 1925.5250244140625 -206.85655212402344 0
v 1925.5250244140625 -208.370361328125 0
v 1925.5250244140625 -209.8841552734375 0
v 1925.5250244140625 -211.39796447753906 0
v 1925.5250244140625 -212.91177368164062 0
v 1925.5250244140625 -214.42558288574219 0
v 1925.5250244140625 -215.93939208984375 0
v 1925.5250244140625 -217.45318603515625 0
v 1925.5250244140625 -218.96699523925781 0
v 1925.5250244140625 -220.48080444335938 0
v 1925.5250244140625 -221.99461364746094 0
v 1925.5250244140625 -223.5084228515625 0
v 1925.5250244140625 -225.022216796875 0
v 1925.5250244140625 -226.53602600097656 0
v 1925.5250244140625 -228.04983520507812 0
v 1925.5250244140625 -229.56364440917969 0
v 1925.5250244140625 -231.07745361328125 0
v 1925.5250244140625 -232.59124755859375 0
v 1925.5250244140625 -234.10505676269531 0
v 1925.5250244140625 -235.61886596679688 0
v 1925.5250244140625 -237.13267517089844 0
v 1927.065673828125 -181.12184143066406 0
v 1927.065673828125 -182.63565063476562 0
v 1927.065673828125 -184.14945983886719 0
v 1927.065673828125 -185.66325378417969 0
v 1927.065673828125 -187.17706298828125 0
v 1927.065673828125 -188.69087219238281 0
v 1927.065673828125 -190.20468139648438 0
v 1927.065673828125 -191.71849060058594 0
v 1927.065673828125 -193.23228454589844 0
v 1927.065673828125 -194.74609375 0
v 1927.065673828125 -196.25990295410156 0
v 1927.065673828125 -197.77371215820312 0
v 1885.8939208984375 -237.14039611816406 0
v 1885.8939208984375 -235.64161682128906 0
v 1885.8939208984375 -234.14283752441406 0
v 1885.8939208984375 -232.64405822753906 0
v 1885.8939208984375 -231.14527893066406 0
v 1885.8939208984375 -229.64649963378906 0
v 1885.8939208984375 -228.14772033691406 0
v 1885.8939208984375 -226.64895629882812 0
v 1885.8939208984375 -225.15017700195312 0
v 1885.8939208984375 -223.65139770507812 0
v 1885.8939208984375 -222.15261840820312 0
v 1885.8939208984375 -220.65383911132812 0
v 1885.8939208984375 -219.15505981445312 0
v 1885.8939208984375 -217.65628051757812 0
v 1885.8939208984375 -216.15750122070312 0
v 1885.8939208984375 -214.65872192382812 0
v 1885.8939208984375 -213.15995788574219 0
v 1885.8939208984375 -211.66117858886719 0
v 1885.8939208984375 -210.16239929199219 0
v 1885.8939208984375 -208.66361999511719 0
v 1885.8939208984375 -207.16484069824219 0
v 1885.8939208984375 -205.66606140136719 0
v 1885.8939208984375 -204.16728210449219 0
v 1885.8939208984375 -202.66850280761719 0
v 1885.8939208984375 -201.16972351074219 0
v 1885.8939208984375 -199.67095947265625 0
v 1885.8939208984375 -198.17218017578125 0
v 1885.8939208984375 -196.67340087890625 0
v 1885.8939208984375 -195.17462158203125 0
v 1885.8939208984375 -193.67584228515625 0
v 1885.8939208984375 -192.17706298828125 0
v 1885.8939208984375 -190.67828369140625 0
v 1885.8939208984375 -189.17950439453125 0
v 1885.8939208984375 -187.68072509765625 0
v 1885.8939208984375 -186.18196105957031 0
v 1885.8939208984375 -184.68318176269531 0
v 1885.8939208984375 -183.18440246582031 0
v 1885.8939208984375 -180.18684387207031 0
v 1887.3521728515625 -180.18684387207031 0
v 1888.8104248046875 -180.18684387207031 0
v 1890.2686767578125 -180.18684387207031 0
v 1891.7269287109375 -180.18684387207031 0
v 1893.1851806640625 -180.18684387207031 0
v 1894.6434326171875 -180.18684387207031 0
v 1896.1016845703125 -180.18684387207031 0
v 1897.5599365234375 -180.18684387207031 0
v 1899.0181884765625 -180.18684387207031 0
v 1900.4764404296875 -180.18684387207031 0
v 1901.9346923828125 -180.18684387207031 0
v 1903.3929443359375 -180.18684387207031 0
v 1904.8511962890625 -180.18684387207031 0
v 1906.3094482421875 -180.18684387207031 0
v 1907.7677001953125 -180.18684387207031 0
v 1909.2259521484375 -180.18684387207031 0
v 1910.6842041015625 -180.18684387207031 0
v 1912.1424560546875 -180.18684387207031 0
v 1913.6007080078125 -180.18684387207031 0
v 1915.0589599609375 -180.18684387207031 0
v 1916.5172119140625 -180.18684387207031 0
v 1917.9754638671875 -180.18684387207031 0
v 1919.4337158203125 -180.18684387207031 0
v 1920.8919677734375 -180.18684387207031 0
v 1922.3502197265625 -180.18684387207031 0
v 1923.8084716796875 -180.18684387207031 0
v 1925.2667236328125 -180.18684387207031 0
v 1928.1832275390625 -180.18684387207031 0
v 1928.1263427734375 -181.67097473144531 0
v 1928.069580078125 -183.15509033203125 0
v 1928.0126953125 -184.63922119140625 0
v 1927.955810546875 -186.12333679199219 0
v 1927.89892578125 -187.60746765136719 0
v 1927.842041015625 -189.09158325195312 0
v 1927.78515625 -190.57571411132812 0
v 1927.728271484375 -192.05982971191406 0
v 1927.6715087890625 -193.54396057128906 0
v 1927.6146240234375 -195.028076171875 0
v 1927.5577392578125 -196.51220703125 0
v 1927.5008544921875 -197.99632263183594 0
v 1927.4439697265625 -199.48045349121094 0
v 1927.3870849609375 -200.96456909179688 0
v 1927.3302001953125 -202.44869995117188 0
v 1927.2734375 -203.93283081054688 0
v 1927.216552734375 -205.41694641113281 0
v 1927.15966796875 -206.90107727050781 0
v 1927.102783203125 -208.38519287109375 0
v 1927.0458984375 -209.86932373046875 0
v 1926.989013671875 -211.35343933105469 0
v 1926.93212890625 -212.83757019042969 0
v 1926.875244140625 -214.32168579101562 0
v 1926.8184814453125 -215.80581665039062 0
v 1926.7615966796875 -217.28993225097656 0
v 1926.7047119140625 -218.77406311035156 0
v 1926.6478271484375 -220.2581787109375 0
v 1926.5909423828125 -221.7423095703125 0
v 1926.5340576171875 -223.2264404296875 0
v 1926.4771728515625 -224.71055603027344 0
v 1926.42041015625 -226.19468688964844 0
v 1926.363525390625 -227.67880249023438 0
v 1926.306640625 -229.16293334960938 0
v 1926.249755859375 -230.64704895019531 0
v 1926.19287109375 -232.13117980957031 0
v 1926.135986328125 -233.61529541015625 0
v 1926.0791015625 -235.09942626953125 0
v 1925.9654541015625 -238.06767272949219 0
v 1924.4925537109375 -238.06767272949219 0
v 1923.01953125 -238.06767272949219 0
v 1921.546630859375 -238.06767272949219 0
v 1920.07373046875 -238.06767272949219 0
v 1918.600830078125 -238.06767272949219 0
v 1917.1279296875 -238.06767272949219 0
v 1915.655029296875 -238.06767272949219 0
v 1914.18212890625 -238.06767272949219 0
v 1912.709228515625 -238.06767272949219 0
v 1911.236328125 -238.06767272949219 0
v 1909.7633056640625 -238.06767272949219 0
v 1908.2904052734375 -238.06767272949219 0
v 1906.8175048828125 -238.06767272949219 0
v 1905.3446044921875 -238.06767272949219 0
v 1903.8717041015625 -238.06767272949219 0
v 1902.3988037109375 -238.06767272949219 0
v 1900.9259033203125 -238.06767272949219 0
v 1899.4530029296875 -238.06767272949219 0
v 1897.97998046875 -238.06767272949219 0
v 1896.507080078125 -238.06767272949219 0
v 1895.0341796875 -238.06767272949219 0
v 1893.561279296875 -238.06767272949219 0
v 1892.08837890625 -238.06767272949219 0
v 1890.615478515625 -238.06767272949219 0
v 1887.669677734375 -238.06767272949219 0
v 1887.514404296875 -194.97126770019531 0
v 1889.403564453125 -196.8533935546875 0
v 1890.34814453125 -197.79444885253906 0
v 1891.2926025390625 -198.73550415039062 0
v 1892.2371826171875 -199.67657470703125 0
v 1893.1817626953125 -200.61763000488281 0
v 1891.2996826171875 -202.50535583496094 0
v 1890.358642578125 -203.44921875 0
v 1890.5711669921875 -203.66302490234375 0
v 1892.460205078125 -205.54515075683594 0
v 1893.40478515625 -206.4862060546875 0
v 1890.0926513671875 -203.07203674316406 0
v 1890.0926513671875 -203.45048522949219 0
v 1890.8629150390625 -205.34274291992188 0
v 1890.0926513671875 -204.58584594726562 0
v 1890.8629150390625 -204.58584594726562 0
v 1889.3223876953125 -203.82893371582031 0
v 1888.5521240234375 -203.07203674316406 0
v 1889.3223876953125 -202.31512451171875 0
v 1889.3223876953125 -203.07203674316406 0
v 1895.3575439453125 -204.5262451171875 0
v 1896.3338623046875 -203.54627990722656 0
v 1897.3101806640625 -202.56629943847656 0
v 1898.2864990234375 -201.58631896972656 0
v 1899.262939453125 -200.60633850097656 0
v 1897.373779296875 -198.72422790527344 0
v 1896.42919921875 -197.78315734863281 0
v 1895.484619140625 -196.84210205078125 0
v 1894.5401611328125 -195.90104675292969 0
v 1893.5955810546875 -194.95997619628906 0
v 1895.4776611328125 -193.07087707519531 0
v 1896.418701171875 -192.12631225585938 0
v 1897.3597412109375 -191.1817626953125 0
v 1898.3009033203125 -190.23721313476562 0
v 1899.241943359375 -189.29264831542969 0
v 1900.1829833984375 -188.34809875488281 0
v 1901.1240234375 -187.40354919433594 0
v 1902.0650634765625 -186.458984375 0
v 1900.0343017578125 -184.43571472167969 0
v 1899.0189208984375 -183.424072265625 0
v 1896.9656982421875 -185.48492431640625 0
v 1895.9390869140625 -186.51533508300781 0
v 1894.9124755859375 -187.54576110839844 0
v 1893.8858642578125 -188.57618713378906 0
v 1892.8592529296875 -189.60661315917969 0
v 1891.8326416015625 -190.63703918457031 0
v 1890.8060302734375 -191.66746520996094 0
v 1889.7794189453125 -192.69789123535156 0
v 1888.7528076171875 -193.72831726074219 0
v 1887.7261962890625 -194.75874328613281 0
v 1887.7818603515625 -196.25990295410156 0
v 1887.0115966796875 -195.50300598144531 0
v 1887.7818603515625 -195.50300598144531 0
v 1887.396728515625 -195.50300598144531 0
v 1887.0115966796875 -195.12454223632812 0
v 1887.396728515625 -194.74609375 0
v 1887.396728515625 -195.12454223632812 0
v 1886.2413330078125 -196.25990295410156 0
v 1886.2413330078125 -194.74609375 0
v 1886.2413330078125 -195.50300598144531 0
v 1887.0115966796875 -193.98919677734375 0
v 1887.7818603515625 -193.23228454589844 0
v 1887.7818603515625 -193.98919677734375 0
v 1896.280029296875 -231.72462463378906 0
v 1898.162109375 -229.83551025390625 0
v 1899.1031494140625 -228.89096069335938 0
v 1900.0443115234375 -227.9464111328125 0
v 1900.9853515625 -227.00184631347656 0
v 1901.9263916015625 -226.05729675292969 0
v 1900.0372314453125 -224.17518615722656 0
v 1899.0926513671875 -223.23411560058594 0
v 1898.148193359375 -222.29306030273438 0
v 1897.20361328125 -221.35200500488281 0
v 1896.259033203125 -220.41094970703125 0
v 1898.14111328125 -218.52183532714844 0
v 1899.082275390625 -217.5772705078125 0
v 1900.0233154296875 -216.63272094726562 0
v 1900.96435546875 -215.68817138671875 0
v 1901.9053955078125 -214.74360656738281 0
v 1900.0162353515625 -212.86149597167969 0
v 1899.07177734375 -211.92042541503906 0
v 1898.127197265625 -210.9793701171875 0
v 1897.1826171875 -210.03831481933594 0
v 1896.238037109375 -209.09725952148438 0
v 1894.35595703125 -210.98635864257812 0
v 1893.4149169921875 -211.93092346191406 0
v 1892.473876953125 -212.87547302246094 0
v 1891.53271484375 -213.82002258300781 0
v 1890.5916748046875 -214.76458740234375 0
v 1892.4808349609375 -216.64669799804688 0
v 1893.4254150390625 -217.58775329589844 0
v 1891.543212890625 -219.47686767578125 0
v 1890.6021728515625 -220.42143249511719 0
v 1889.6611328125 -221.36598205566406 0
v 1888.7200927734375 -222.31053161621094 0
v 1887.779052734375 -223.25509643554688 0
v 1889.904296875 -225.37248229980469 0
v 1890.9669189453125 -226.43116760253906 0
v 1892.029541015625 -227.48985290527344 0
v 1893.0921630859375 -228.54855346679688 0
v 1894.15478515625 -229.60723876953125 0
v 1895.2174072265625 -230.66593933105469 0
v 1924.6461181640625 -203.50094604492188 0
v 1922.765380859375 -201.61749267578125 0
v 1921.824951171875 -200.67576599121094 0
v 1923.70703125 -198.78665161132812 0
v 1924.648193359375 -197.84210205078125 0
v 1922.6611328125 -195.88594055175781 0
v 1921.667724609375 -194.90786743164062 0
v 1919.7855224609375 -196.79701232910156 0
v 1918.844482421875 -197.7415771484375 0
v 1917.9034423828125 -198.68614196777344 0
v 1916.96240234375 -199.63070678710938 0
v 1916.021240234375 -200.57527160644531 0
v 1917.9552001953125 -202.49505615234375 0
v 1918.922119140625 -203.45494079589844 0
v 1919.8890380859375 -204.41482543945312 0
v 1920.8560791015625 -205.37472534179688 0
v 1921.822998046875 -206.33460998535156 0
v 1923.705078125 -204.44549560546875 0
v 1927.065673828125 -200.80133056640625 0
v 1927.065673828125 -202.31512451171875 0
v 1927.065673828125 -203.82893371582031 0
v 1927.065673828125 -206.85655212402344 0
v 1927.065673828125 -208.370361328125 0
v 1927.065673828125 -205.34274291992188 0
vn 0 0 -1
vn 0 0 -1
vn 0 0 -1
vn 0 0 -1
vn 0 0 -1
vn 0 0 -1
vn 0 0 -1
vn 0 0 -1
vn 0 0 -1
vn 0 0 -1
vn 0 0 -1
vn 0 0 -1
vn 0 0 -1
vn 0 0 -1
vn 0 0 -1
vn 0 0 -1
vn 0 0 -1
vn 0 0 -1
vn 0 0 -1
vn 0 0 -1
vn 0 0 -1
vn 0 0 -1
vn 0 0 -1
vn 0 0 -1
vn 0 0 -1
vn 0 0 -1
vn 0 0 -1
vn 0 0 -1
vn 0 0 -1
vn 0 0 -1
vn 0 0 -1
vn 0 0 -1
vn 0 0 -1
vn 0 0 -1
vn 0 0 -1
vn 0 0 -1
vn 0 0 -1
vn 0 0 -1
vn 0 0 -1
vn 0 0 -1
vn 0 0 -1
vn 0 0 -1
vn 0 0 -1
vn 0 0 -1
vn 0 0 -1
vn 0 0 -1
vn 0 0 -1
vn 0 0 -1
vn 0 0 -1
vn 0 0 -1
vn 0 0 -1
vn 0 0 -1
vn 0 0 -1
vn 0 0 -1
vn 0 0 -1
vn 0 0 -1
vn 0 0 -1
vn 0 0 -1
vn 0 0 -1
vn 0 0 -1
vn 0 0 -1
vn 0 0 -1
vn 0 0 -1
vn 0 0 -1
vn 0 0 -1
vn 0 0 -1
vn 0 0 -1
vn 0 0 -1
vn 0 0 -1
vn 0 0 -1
vn 0 0 -1
vn 0 0 -1
vn 0 0 -1
vn 0 0 -1
vn 0 0 -1
vn 0 0 -1
vn 0 0 -1
vn 0 0 -1
vn 0 0 -1
vn 0 0 -1
vn 0 0 -1
vn 0 0 -1
vn 0 0 -1
vn 0 0 -1
vn 0 0 -1
vn 0 0 -1
vn 0 0 -1
vn 0 0 -1
vn 0 0 -1
vn 0 0 -1
vn 0 0 -1
vn 0 0 -1
vn 0 0 -1
vn 0 0 -1
vn 0 0 -1
vn 0 0 -1
vn 0 0 -1
vn 0 0 -1
vn 0 0 -1
vn 0 0 -1
vn 0 0 -1
vn 0 0 -1
vn 0 0 -1
vn 0 0 -1
vn 0 0 -1
vn 0 0 -1
vn 0 0 -1
vn 0 0 -1
vn 0 0 -1
vn 0 0 -1
vn 0 0 -1
vn 0 0 -1
vn 0 0 -1
vn 0 0 -1
vn 0 0 -1
vn 0 0 -1
vn 0 0 -1
vn 0 0 -1
vn 0 0 -1
vn 0 0 -1
vn 0 0 -1
vn 0 0 -1
vn 0 0 -1
vn 0 0 -1
vn 0 0 -1
vn 0 0 -1
vn 0 0 -1
vn 0 0 -1
vn 0 0 -1
vn 0 0 -1
vn 0 0 -1
vn 0 0 -1
vn 0 0 -1
vn 0 0 -1
vn 0 0 -1
vn 0 0 -1
vn 0 0 -1
vn 0 0 -1
vn 0 0 -1
vn 0 0 -1
vn 0 0 -1
vn 0 0 -1
vn 0 0 -1
vn 0 0 -1
vn 0 0 -1
vn 0 0 -1
vn 0 0 -1
vn 0 0 -1
vn 0 0 -1
vn 0 0 -1
vn 0 0 -1
vn 0 0 -1
vn 0 0 -1
vn 0 0 -1
vn 0 0 -1
vn 0 0 -1
vn 0 0 -1
vn 0 0 -1
vn 0 0 -1
vn 0 0 -1
vn 0 0 -1
vn 0 0 -1
vn 0 0 -1
vn 0 0 -1
vn 0 0 -1
vn 0 0 -1
vn 0 0 -1
vn 0 0 -1
vn 0 0 -1
vn 0 0 -1
vn 0 0 -1
vn 0 0 -1
vn 0 0 -1
vn 0 0 -1
vn 0 0 -1
vn 0 0 -1
vn 0 0 -1
vn 0 0 -1
vn 0 0 -1
vn 0 0 -1
vn 0 0 -1
vn 0 0 -1
vn 0 0 -1
vn 0 0 -1
vn 0 0 -1
vn 0 0 -1
vn 0 0 -1
vn 0 0 -1
vn 0 0 -1
vn 0 0 -1
vn 0 0 -1
vn 0 0 -1
vn 0 0 -1
vn 0 0 -1
vn 0 0 -1
vn 0 0 -1
vn 0 0 -1
vn 0 0 -1
vn 0 0 -1
vn 0 0 -1
vn 0 0 -1
vn 0 0 -1
vn 0 0 -1
vn 0 0 -1
vn 0 0 -1
vn 0 0 -1
vn 0 0 -1
vn 0 0 -1
vn 0 0 -1
vn 0 0 -1
vn 0 0 -1
vn 0 0 -1
vn 0 0 -1
vn 0 0 -1
vn 0 0 -1
vn 0 0 -1
vn 0 0 -1
vn 0 0 -1
vn 0 0 -1
vn 0 0 -1
vn 0 0 -1
vn 0 0 -1
vn 0 0 -1
vn 0 0 -1
vn 0 0 -1
vn 0 0 -1
vn 0 0 -1
vn 0 0 -1
vn 0 0 -1
vn 0 0 -1
vn 0 0 -1
vn 0 0 -1
vn 0 0 -1
vn 0 0 -1
vn 0 0 -1
vn 0 0 -1
vn 0 0 -1
vn 0 0 -1
vn 0 0 -1
vn 0 0 -1
vn 0 0 -1
vn 0 0 -1
vn 0 0 -1
vn 0 0 -1
vn 0 0 -1
vn 0 0 -1
vn 0 0 -1
vn 0 0 -1
vn 0 0 -1
vn 0 0 -1
vn 0 0 -1
vn 0 0 -1
vn 0 0 -1
vn 0 0 -1
vn 0 0 -1
vn 0 0 -1
vn 0 0 -1
vn 0 0 -1
vn 0 0 -1
vn 0 0 -1
vn 0 0 -1
vn 0 0 -1
vn 0 0 -1
vn 0 0 -1
vn 0 0 -1
vn 0 0 -1
vn 0 0 -1
vn 0 0 -1
vn 0 0 -1
vn 0 0 -1
vn 0 0 -1
vn 0 0 -1
vn 0 0 -1
vn 0 0 -1
vn 0 0 -1
vn 0 0 -1
vn 0 0 -1
vn 0 0 -1
vn 0 0 -1
vn 0 0 -1
vn 0 0 -1
vn 0 0 -1
vn 0 0 -1
vn 0 0 -1
vn 0 0 -1
vn 0 0 -1
vn 0 0 -1
vn 0 0 -1
vn 0 0 -1
vn 0 0 -1
vn 0 0 -1
vn 0 0 -1
vn 0 0 -1
vn 0 0 -1
vn 0 0 -1
vn 0 0 -1
vn 0 0 -1
vn 0 0 -1
vn 0 0 -1
vn 0 0 -1
vn 0 0 -1
vn 0 0 -1
vn 0 0 -1
vn 0 0 -1
vn 0 0 -1
vn 0 0 -1
vn 0 0 -1
vn 0 0 -1
vn 0 0 -1
vn 0 0 -1
vn 0 0 -1
vn 0 0 -1
vn 0 0 -1
vn 0 0 -1
vn 0 0 -1
vn 0 0 -1
vn 0 0 -1
vn 0 0 -1
vn 0 0 -1
vn 0 0 -1
vn 0 0 -1
vn 0 0 -1
vn 0 0 -1
vn 0 0 -1
vn 0 0 -1
vn 0 0 -1
vn 0 0 -1
vn 0 0 -1
vn 0 0 -1
vn 0 0 -1
vn 0 0 -1
vn 0 0 -1
vn 0 0 -1
vn 0 0 -1
vn 0 0 -1
vn 0 0 -1
vn 0 0 -1
vn 0 0 -1
vn 0 0 -1
vn 0 0 -1
vn 0 0 -1
vn 0 0 -1
vn 0 0 -1
vn 0 0 -1
vn 0 0 -1
vn 0 0 -1
vn 0 0 -1
vn 0 0 -1
vn 0 0 -1
vn 0 0 -1
vn 0 0 -1
vn 0 0 -1
vn 0 0 -1
vn 0 0 -1
vn 0 0 -1
vn 0 0 -1
vn 0 0 -1
vn 0 0 -1
vn 0 0 -1
vn 0 0 -1
vn 0 0 -1
vn 0 0 -1
vn 0 0 -1
vn 0 0 -1
vn 0 0 -1
vn 0 0 -1
vn 0 0 -1
vn 0 0 -1
vn 0 0 -1
vn 0 0 -1
vn 0 0 -1
vn 0 0 -1
vn 0 0 -1
vn 0 0 -1
vn 0 0 -1
vn 0 0 -1
vn 0 0 -1
vn 0 0 -1
vn 0 0 -1
vn 0 0 -1
vn 0 0 -1
vn 0 0 -1
vn 0 0 -1
vn 0 0 -1
vn 0 0 -1
vn 0 0 -1
vn 0 0 -1
vn 0 0 -1
vn 0 0 -1
vn 0 0 -1
vn 0 0 -1
vn 0 0 -1
vn 0 0 -1
vn 0 0 -1
vn 0 0 -1
vn 0 0 -1
vn 0 0 -1
vn 0 0 -1
vn 0 0 -1
vn 0 0 -1
vn 0 0 -1
vn 0 0 -1
vn 0 0 -1
vn 0 0 -1
vn 0 0 -1
vn 0 0 -1
vn 0 0 -1
vn 0 0 -1
vn 0 0 -1
vn 0 0 -1
vn 0 0 -1
vn 0 0 -1
vn 0 0 -1
vn 0 0 -1
vn 0 0 -1
vn 0 0 -1
vn 0 0 -1
vn 0 0 -1
vn 0 0 -1
vn 0 0 -1
vn 0 0 -1
vn 0 0 -1
vn 0 0 -1
vn 0 0 -1
vn 0 0 -1
vn 0 0 -1
vn 0 0 -1
vn 0 0 -1
vn 0 0 -1
vn 0 0 -1
vn 0 0 -1
vn 0 0 -1
vn 0 0 -1
vn 0 0 -1
vn 0 0 -1
vn 0 0 -1
vn 0 0 -1
vn 0 0 -1
vn 0 0 -1
vn 0 0 -1
vn 0 0 -1
vn 0 0 -1
vn 0 0 -1
vn 0 0 -1
vn 0 0 -1
vn 0 0 -1
vn 0 0 -1
vn 0 0 -1
vn 0 0 -1
vn 0 0 -1
vn 0 0 -1
vn 0 0 -1
vn 0 0 -1
vn 0 0 -1
vn 0 0 -1
vn 0 0 -1
vn 0 0 -1
vn 0 0 -1
vn 0 0 -1
vn 0 0 -1
vn 0 0 -1
vn 0 0 -1
vn 0 0 -1
vn 0 0 -1
vn 0 0 -1
vn 0 0 -1
vn 0 0 -1
vn 0 0 -1
vn 0 0 -1
vn 0 0 -1
vn 0 0 -1
vn 0 0 -1
vn 0 0 -1
vn 0 0 -1
vn 0 0 -1
vn 0 0 -1
vn 0 0 -1
vn 0 0 -1
vn 0 0 -1
vn 0 0 -1
vn 0 0 -1
vn 0 0 -1
vn 0 0 -1
vn 0 0 -1
vn 0 0 -1
vn 0 0 -1
vn 0 0 -1
vn 0 0 -1
vn 0 0 -1
vn 0 0 -1
vn 0 0 -1
vn 0 0 -1
vn 0 0 -1
vn 0 0 -1
vn 0 0 -1
vn 0 0 -1
vn 0 0 -1
vn 0 0 -1
vn 0 0 -1
vn 0 0 -1
vn 0 0 -1
vn 0 0 -1
vn 0 0 -1
vn 0 0 -1
vn 0 0 -1
vn 0 0 -1
vn 0 0 -1
vn 0 0 -1
vn 0 0 -1
vn 0 0 -1
vn 0 0 -1
vn 0 0 -1
vn 0 0 -1
vn 0 0 -1
vn 0 0 -1
vn 0 0 -1
vn 0 0 -1
vn 0 0 -1
vn 0 0 -1
vn 0 0 -1
vn 0 0 -1
vn 0 0 -1
vn 0 0 -1
vn 0 0 -1
vn 0 0 -1
vn 0 0 -1
vn 0 0 -1
vn 0 0 -1
vn 0 0 -1
vn 0 0 -1
vn 0 0 -1
vn 0 0 -1
vn 0 0 -1
vn 0 0 -1
vn 0 0 -1
vn 0 0 -1
vn 0 0 -1
vn 0 0 -1
vn 0 0 -1
vn 0 0 -1
vn 0 0 -1
vn 0 0 -1
vn 0 0 -1
vn 0 0 -1
vn 0 0 -1
vn 0 0 -1
vn 0 0 -1
vn 0 0 -1
vn 0 0 -1
vn 0 0 -1
vn 0 0 -1
vn 0 0 -1
vn 0 0 -1
vn 0 0 -1
vn 0 0 -1
vn 0 0 -1
vn 0 0 -1
vn 0 0 -1
vn 0 0 -1
vn 0 0 -1
vn 0 0 -1
vn 0 0 -1
vn 0 0 -1
vn 0 0 -1
vn 0 0 -1
vn 0 0 -1
vn 0 0 -1
vn 0 0 -1
vn 0 0 -1
vn 0 0 -1
vn 0 0 -1
vn 0 0 -1
vn 0 0 -1
vn 0 0 -1
vn 0 0 -1
vn 0 0 -1
vn 0 0 -1
vn 0 0 -1
vn 0 0 -1
vn 0 0 -1
vn 0 0 -1
vn 0 0 -1
vn 0 0 -1
vn 0 0 -1
vn 0 0 -1
vn 0 0 -1
vn 0 0 -1
vn 0 0 -1
vn 0 0 -1
vn 0 0 -1
vn 0 0 -1
vn 0 0 -1
vn 0 0 -1
vn 0 0 -1
vn 0 0 -1
vn 0 0 -1
vn 0 0 -1
vn 0 0 -1
vn 0 0 -1
vn 0 0 -1
vn 0 0 -1
vn 0 0 -1
vn 0 0 -1
vn 0 0 -1
vn 0 0 -1
vn 0 0 -1
vn 0 0 -1
vn 0 0 -1
vn 0 0 -1
vn 0 0 -1
vn 0 0 -1
vn 0 0 -1
vn 0 0 -1
vn 0 0 -1
vn 0 0 -1
vn 0 0 -1
vn 0 0 -1
vn 0 0 -1
vn 0 0 -1
vn 0 0 -1
vn 0 0 -1
vn 0 0 -1
vn 0 0 -1
vn 0 0 -1
vn 0 0 -1
vn 0 0 -1
vn 0 0 -1
vn 0 0 -1
vn 0 0 -1
vn 0 0 -1
vn 0 0 -1
vn 0 0 -1
vn 0 0 -1
vn 0 0 -1
vn 0 0 -1
vn 0 0 -1
vn 0 0 -1
vn 0 0 -1
vn 0 0 -1
vn 0 0 -1
vn 0 0 -1
vn 0 0 -1
vn 0 0 -1
vn 0 0 -1
vn 0 0 -1
vn 0 0 -1
vn 0 0 -1
vn 0 0 -1
vn 0 0 -1
vn 0 0 -1
vn 0 0 -1
vn 0 0 -1
vn 0 0 -1
vn 0 0 -1
vn 0 0 -1
vn 0 0 -1
vn 0 0 -1
vn 0 0 -1
vn 0 0 -1
vn 0 0 -1
vn 0 0 -1
vn 0 0 -1
vn 0 0 -1
vn 0 0 -1
vn 0 0 -1
vn 0 0 -1
vn 0 0 -1
vn 0 0 -1
vn 0 0 -1
vn 0 0 -1
vn 0 0 -1
vn 0 0 -1
vn 0 0 -1
vn 0 0 -1
vn 0 0 -1
vn 0 0 -1
vn 0 0 -1
vn 0 0 -1
vn 0 0 -1
vn 0 0 -1
vn 0 0 -1
vn 0 0 -1
vn 0 0 -1
vn 0 0 -1
vn 0 0 -1
vn 0 0 -1
vn 0 0 -1
vn 0 0 -1
vn 0 0 -1
vn 0 0 -1
vn 0 0 -1
vn 0 0 -1
vn 0 0 -1
vn 0 0 -1
vn 0 0 -1
vn 0 0 -1
vn 0 0 -1
vn 0 0 -1
vn 0 0 -1
vn 0 0 -1
vn 0 0 -1
vn 0 0 -1
vn 0 0 -1
vn 0 0 -1
vn 0 0 -1
vn 0 0 -1
vn 0 0 -1
vn 0 0 -1
vn 0 0 -1
vn 0 0 -1
vn 0 0 -1
vn 0 0 -1
vn 0 0 -1
vn 0 0 -1
vn 0 0 -1
vn 0 0 -1
vn 0 0 -1
vn 0 0 -1
vn 0 0 -1
vn 0 0 -1
vn 0 0 -1
vn 0 0 -1
vn 0 0 -1
vn 0 0 -1
vn 0 0 -1
vn 0 0 -1
vn 0 0 -1
vn 0 0 -1
vn 0 0 -1
vn 0 0 -1
vn 0 0 -1
vn 0 0 -1
vn 0 0 -1
vn 0 0 -1
vn 0 0 -1
vn 0 0 -1
vn 0 0 -1
vn 0 0 -1
vn 0 0 -1
vn 0 0 -1
vn 0 0 -1
vn 0 0 -1
vn 0 0 -1
vn 0 0 -1
vn 0 0 -1
vn 0 0 -1
vn 0 0 -1
vn 0 0 -1
vn 0 0 -1
vn 0 0 -1
vn 0 0 -1
vn 0 0 -1
vn 0 0 -1
vn 0 0 -1
vn 0 0 -1
vn 0 0 -1
vn 0 0 -1
vn 0 0 -1
vn 0 0 -1
vn 0 0 -1
vn 0 0 -1
vn 0 0 -1
vn 0 0 -1
vn 0 0 -1
vn 0 0 -1
vn 0 0 -1
vn 0 0 -1
vn 0 0 -1
vn 0 0 -1
vn 0 0 -1
vn 0 0 -1
vn 0 0 -1
vn 0 0 -1
vn 0 0 -1
vn 0 0 -1
vn 0 0 -1
vn 0 0 -1
vn 0 0 -1
vn 0 0 -1
vn 0 0 -1
vn 0 0 -1
vn 0 0 -1
vn 0 0 -1
vn 0 0 -1
vn 0 0 -1
vn 0 0 -1
vn 0 0 -1
vn 0 0 -1
vn 0 0 -1
vn 0 0 -1
vn 0 0 -1
vn 0 0 -1
vn 0 0 -1
vn 0 0 -1
vn 0 0 -1
vn 0 0 -1
vn 0 0 -1
vn 0 0 -1
vn 0 0 -1
vn 0 0 -1
vn 0 0 -1
vn 0 0 -1
vn 0 0 -1
vn 0 0 -1
vn 0 0 -1
vn 0 0 -1
vn 0 0 -1
vn 0 0 -1
vn 0 0 -1
vn 0 0 -1
vn 0 0 -1
vn 0 0 -1
vn 0 0 -1
vn 0 0 -1
vn 0 0 -1
vn 0 0 -1
vn 0 0 -1
vn 0 0 -1
vn 0 0 -1
vn 0 0 -1
vn 0 0 -1
vn 0 0 -1
vn 0 0 -1
vn 0 0 -1
vn 0 0 -1
vn 0 0 -1
vn 0 0 -1
vn 0 0 -1
vn 0 0 -1
vn 0 0 -1
vn 0 0 -1
vn 0 0 -1
vn 0 0 -1
vn 0 0 -1
vn 0 0 -1
vn 0 0 -1
vn 0 0 -1
vn 0 0 -1
vn 0 0 -1
vn 0 0 -1
vn 0 0 -1
vn 0 0 -1
vn 0 0 -1
vn 0 0 -1
vn 0 0 -1
vn 0 0 -1
vn 0 0 -1
vn 0 0 -1
vn 0 0 -1
vn 0 0 -1
vn 0 0 -1
vn 0 0 -1
vn 0 0 -1
vn 0 0 -1
vn 0 0 -1
vn 0 0 -1
vn 0 0 -1
vn 0 0 -1
vn 0 0 -1
vn 0 0 -1
vn 0 0 -1
vn 0 0 -1
vn 0 0 -1
vn 0 0 -1
vn 0 0 -1
vn 0 0 -1
vn 0 0 -1
vn 0 0 -1
vn 0 0 -1
vn 0 0 -1
vn 0 0 -1
vn 0 0 -1
vn 0 0 -1
vn 0 0 -1
vn 0 0 -1
vn 0 0 -1
vn 0 0 -1
vn 0 0 -1
vn 0 0 -1
vn 0 0 -1
vn 0 0 -1
vn 0 0 -1
vn 0 0 -1
vn 0 0 -1
vn 0 0 -1
vn 0 0 -1
vn 0 0 -1
vn 0 0 -1
vn 0 0 -1
vn 0 0 -1
vn 0 0 -1
vn 0 0 -1
vn 0 0 -1
vn 0 0 -1
vn 0 0 -1
vn 0 0 -1
vn 0 0 -1
vn 0 0 -1
vn 0 0 -1
vn 0 0 -1
vn 0 0 -1
vn 0 0 -1
vn 0 0 -1
vn 0 0 -1
vn 0 0 -1
vn 0 0 -1
vn 0 0 -1
vn 0 0 -1
vn 0 0 -1
vn 0 0 -1
vn 0 0 -1
vn 0 0 -1
vn 0 0 -1
vn 0 0 -1
vn 0 0 -1
vn 0 0 -1
vn 0 0 -1
vn 0 0 -1
vn 0 0 -1
vn 0 0 -1
vn 0 0 -1
vn 0 0 -1
vn 0 0 -1
vn 0 0 -1
vn 0 0 -1
vn 0 0 -1
vn 0 0 -1
vn 0 0 -1
vn 0 0 -1
vn 0 0 -1
vn 0 0 -1
vn 0 0 -1
vn 0 0 -1
vn 0 0 -1
vn 0 0 -1
vn 0 0 -1
vn 0 0 -1
vn 0 0 -1
vn 0 0 -1
vn 0 0 -1
vn 0 0 -1
vn 0 0 -1
vn 0 0 -1
vn 0 0 -1
vn 0 0 -1
vn 0 0 -1
vn 0 0 -1
vn 0 0 -1
vn 0 0 -1
vn 0 0 -1
vn 0 0 -1
vn 0 0 -1
vn 0 0 -1
vn 0 0 -1
vn 0 0 -1
vn 0 0 -1
vn 0 0 -1
vn 0 0 -1
vn 0 0 -1
vn 0 0 -1
vn 0 0 -1
vn 0 0 -1
vn 0 0 -1
vn 0 0 -1
vn 0 0 -1
vn 0 0 -1
vn 0 0 -1
vn 0 0 -1
vn 0 0 -1
vn 0 0 -1
vn 0 0 -1
vn 0 0 -1
vn 0 0 -1
vn 0 0 -1
vn 0 0 -1
vn 0 0 -1
vn 0 0 -1
vn 0 0 -1
vn 0 0 -1
vn 0 0 -1
vn 0 0 -1
vn 0 0 -1
vn 0 0 -1
vn 0 0 -1
vn 0 0 -1
vn 0 0 -1
vn 0 0 -1
vn 0 0 -1
vn 0 0 -1
vn 0 0 -1
vn 0 0 -1
vn 0 0 -1
vn 0 0 -1
vn 0 0 -1
vn 0 0 -1
vn 0 0 -1
vn 0 0 -1
vn 0 0 -1
vn 0 0 -1
vn 0 0 -1
vn 0 0 -1
vn 0 0 -1
vn 0 0 -1
vn 0 0 -1
vn 0 0 -1
vn 0 0 -1
vn 0 0 -1
vn 0 0 -1
vn 0 0 -1
vn 0 0 -1
vn 0 0 -1
vn 0 0 -1
vn 0 0 -1
vn 0 0 -1
vn 0 0 -1
vn 0 0 -1
vn 0 0 -1
vn 0 0 -1
vn 0 0 -1
vn 0 0 -1
vn 0 0 -1
vn 0 0 -1
vn 0 0 -1
vn 0 0 -1
vn 0 0 -1
vn 0 0 -1
vn 0 0 -1
vn 0 0 -1
vn 0 0 -1
vn 0 0 -1
vn 0 0 -1
vn 0 0 -1
vn 0 0 -1
vn 0 0 -1
vn 0 0 -1
vn 0 0 -1
vn 0 0 -1
vn 0 0 -1
vn 0 0 -1
vn 0 0 -1
vn 0 0 -1
vn 0 0 -1
vn 0 0 -1
vn 0 0 -1
vn 0 0 -1
vn 0 0 -1
vn 0 0 -1
vn 0 0 -1
vn 0 0 -1
vn 0 0 -1
vn 0 0 -1
vn 0 0 -1
vn 0 0 -1
vn 0 0 -1
vn 0 0 -1
vn 0 0 -1
vn 0 0 -1
vn 0 0 -1
vn 0 0 -1
vn 0 0 -1
vn 0 0 -1
vn 0 0 -1
vn 0 0 -1
vn 0 0 -1
vn 0 0 -1
vn 0 0 -1
vn 0 0 -1
vn 0 0 -1
vn 0 0 -1
vn 0 0 -1
vn 0 0 -1
vn 0 0 -1
vn 0 0 -1
vn 0 0 -1
vn 0 0 -1
vn 0 0 -1
vn 0 0 -1
vn 0 0 -1
vn 0 0 -1
vn 0 0 -1
vn 0 0 -1
vn 0 0 -1
vn 0 0 -1
vn 0 0 -1
vn 0 0 -1
vn 0 0 -1
vn 0 0 -1
vn 0 0 -1
vn 0 0 -1
vn 0 0 -1
vn 0 0 -1
vn 0 0 -1
vn 0 0 -1
f 11//11 1025//1025 1027//1027
f 1022//1022 1019//1019 1027//1027
f 1026//1026 10//10 1022//1022
f 1027//1027 1026//1026 1022//1022
f 39//39 2//2 1//1
f 40//40 3//3 2//2
f 41//41 4//4 3//3
f 42//42 5//5 4//4
f 43//43 6//6 5//5
f 44//44 7//7 6//6
f 45//45 8//8 7//7
f 1029//1029 9//9 8//8
f 45//45 46//46 1029//1029
f 8//8 45//45 1029//1029
f 1030//1030 1028//1028 9//9
f 1021//1021 1020//1020 1018//1018
f 11//11 1019//1019 1021//1021
f 1018//1018 11//11 1021//1021
f 1021//1021 1019//1019 1022//1022
f 1024//1024 1022//1022 10//10
f 1018//1018 47//47 48//48
f 12//12 11//11 1018//1018
f 48//48 12//12 1018//1018
f 49//49 13//13 12//12
f 50//50 14//14 13//13
f 51//51 15//15 14//14
f 985//985 52//52 16//16
f 15//15 51//51 985//985
f 16//16 15//15 985//985
f 53//53 17//17 16//16
f 54//54 18//18 17//17
f 55//55 19//19 18//18
f 56//56 20//20 19//19
f 57//57 21//21 20//20
f 58//58 22//22 21//21
f 59//59 23//23 22//22
f 60//60 24//24 23//23
f 61//61 25//25 24//24
f 62//62 26//26 25//25
f 63//63 27//27 26//26
f 28//28 27//27 63//63
f 65//65 30//30 29//29
f 66//66 31//31 30//30
f 67//67 32//32 31//31
f 68//68 33//33 32//32
f 69//69 34//34 33//33
f 70//70 35//35 34//34
f 71//71 36//36 35//35
f 72//72 37//37 36//36
f 74//74 39//39 38//38
f 75//75 40//40 39//39
f 76//76 41//41 40//40
f 77//77 42//42 41//41
f 78//78 43//43 42//42
f 79//79 44//44 43//43
f 80//80 45//45 44//44
f 81//81 49//49 48//48
f 82//82 50//50 49//49
f 986//986 51//51 50//50
f 82//82 83//83 986//986
f 50//50 82//82 986//986
f 980//980 84//84 984//984
f 987//987 979//979 980//980
f 984//984 987//987 980//980
f 984//984 52//52 985//985
f 987//987 985//985 51//51
f 979//979 987//987 986//986
f 984//984 84//84 982//982
f 982//982 85//85 53//53
f 53//53 52//52 984//984
f 984//984 982//982 53//53
f 86//86 54//54 53//53
f 87//87 55//55 54//54
f 88//88 56//56 55//55
f 89//89 57//57 56//56
f 90//90 58//58 57//57
f 91//91 59//59 58//58
f 92//92 60//60 59//59
f 93//93 61//61 60//60
f 94//94 62//62 61//61
f 95//95 63//63 62//62
f 97//97 66//66 65//65
f 98//98 67//67 66//66
f 99//99 68//68 67//67
f 100//100 69//69 68//68
f 101//101 70//70 69//69
f 102//102 71//71 70//70
f 103//103 72//72 71//71
f 105//105 74//74 73//73
f 106//106 75//75 74//74
f 107//107 76//76 75//75
f 108//108 77//77 76//76
f 109//109 78//78 77//77
f 110//110 79//79 78//78
f 112//112 82//82 81//81
f 981//981 85//85 982//982
f 981//981 113//113 114//114
f 86//86 85//85 981//981
f 114//114 86//86 981//981
f 115//115 87//87 86//86
f 116//116 88//88 87//87
f 117//117 89//89 88//88
f 118//118 90//90 89//89
f 120//120 94//94 93//93
f 122//122 98//98 97//97
f 123//123 99//99 98//98
f 124//124 100//100 99//99
f 125//125 101//101 100//100
f 126//126 102//102 101//101
f 127//127 103//103 102//102
f 129//129 105//105 104//104
f 130//130 106//106 105//105
f 131//131 107//107 106//106
f 132//132 108//108 107//107
f 133//133 109//109 108//108
f 134//134 115//115 114//114
f 135//135 116//116 115//115
f 136//136 117//117 116//116
f 138//138 123//123 122//122
f 139//139 124//124 123//123
f 140//140 125//125 124//124
f 141//141 126//126 125//125
f 142//142 127//127 126//126
f 144//144 129//129 128//128
f 145//145 130//130 129//129
f 146//146 131//131 130//130
f 132//132 131//131 146//146
f 147//147 148//148 134//134
f 149//149 135//135 134//134
f 151//151 139//139 138//138
f 152//152 140//140 139//139
f 153//153 141//141 140//140
f 154//154 142//142 141//141
f 156//156 144//144 143//143
f 157//157 145//145 144//144
f 158//158 146//146 145//145
f 164//164 148//148 147//147
f 166//166 152//152 151//151
f 167//167 153//153 152//152
f 168//168 154//154 153//153
f 170//170 156//156 155//155
f 171//171 157//157 156//156
f 174//174 160//160 159//159
f 175//175 161//161 160//160
f 178//178 179//179 162//162
f 180//180 163//163 162//162
f 181//181 164//164 163//163
f 185//185 166//166 165//165
f 186//186 167//167 166//166
f 187//187 168//168 167//167
f 189//189 170//170 169//169
f 192//192 173//173 172//172
f 193//193 174//174 173//173
f 194//194 175//175 174//174
f 195//195 176//176 175//175
f 198//198 178//178 177//177
f 199//199 179//179 178//178
f 200//200 180//180 179//179
f 201//201 181//181 180//180
f 202//202 182//182 181//181
f 209//209 184//184 183//183
f 210//210 185//185 184//184
f 211//211 186//186 185//185
f 212//212 187//187 186//186
f 214//214 189//189 188//188
f 218//218 191//191 190//190
f 219//219 192//192 191//191
f 220//220 193//193 192//192
f 221//221 194//194 193//193
f 222//222 195//195 194//194
f 223//223 196//196 195//195
f 196//196 223//223 224//224
f 224//224 225//225 197//197
f 226//226 198//198 197//197
f 227//227 199//199 198//198
f 228//228 200//200 199//199
f 229//229 201//201 200//200
f 230//230 202//202 201//201
f 231//231 203//203 202//202
f 235//235 205//205 204//204
f 236//236 206//206 205//205
f 240//240 208//208 207//207
f 241//241 209//209 208//208
f 242//242 210//210 209//209
f 243//243 211//211 210//210
f 244//244 212//212 211//211
f 246//246 214//214 213//213
f 247//247 215//215 214//214
f 251//251 217//217 216//216
f 252//252 218//218 217//217
f 253//253 219//219 218//218
f 254//254 220//220 219//219
f 255//255 221//221 220//220
f 256//256 222//222 221//221
f 257//257 223//223 222//222
f 258//258 224//224 223//223
f 259//259 225//225 224//224
f 260//260 226//226 225//225
f 261//261 227//227 226//226
f 262//262 228//228 227//227
f 263//263 229//229 228//228
f 264//264 230//230 229//229
f 265//265 231//231 230//230
f 266//266 232//232 231//231
f 270//270 234//234 233//233
f 271//271 235//235 234//234
f 272//272 236//236 235//235
f 273//273 237//237 236//236
f 277//277 239//239 238//238
f 278//278 240//240 239//239
f 279//279 241//241 240//240
f 280//280 242//242 241//241
f 281//281 243//243 242//242
f 282//282 244//244 243//243
f 284//284 246//246 245//245
f 285//285 247//247 246//246
f 286//286 248//248 247//247
f 288//288 250//250 249//249
f 289//289 251//251 250//250
f 290//290 252//252 251//251
f 291//291 253//253 252//252
f 292//292 254//254 253//253
f 293//293 255//255 254//254
f 294//294 256//256 255//255
f 295//295 257//257 256//256
f 296//296 258//258 257//257
f 297//297 259//259 258//258
f 298//298 260//260 259//259
f 299//299 261//261 260//260
f 300//300 262//262 261//261
f 301//301 263//263 262//262
f 302//302 264//264 263//263
f 303//303 265//265 264//264
f 304//304 266//266 265//265
f 305//305 267//267 266//266
f 306//306 268//268 267//267
f 307//307 269//269 268//268
f 308//308 270//270 269//269
f 309//309 271//271 270//270
f 310//310 272//272 271//271
f 311//311 273//273 272//272
f 312//312 274//274 273//273
f 313//313 275//275 274//274
f 314//314 276//276 275//275
f 315//315 277//277 276//276
f 316//316 278//278 277//277
f 317//317 279//279 278//278
f 318//318 280//280 279//279
f 319//319 281//281 280//280
f 320//320 282//282 281//281
f 322//322 284//284 283//283
f 323//323 285//285 284//284
f 324//324 286//286 285//285
f 325//325 287//287 286//286
f 326//326 288//288 287//287
f 327//327 289//289 288//288
f 328//328 290//290 289//289
f 329//329 291//291 290//290
f 330//330 292//292 291//291
f 331//331 293//293 292//292
f 332//332 294//294 293//293
f 333//333 295//295 294//294
f 334//334 296//296 295//295
f 335//335 297//297 296//296
f 336//336 298//298 297//297
f 337//337 299//299 298//298
f 338//338 300//300 299//299
f 339//339 301//301 300//300
f 340//340 302//302 301//301
f 341//341 303//303 302//302
f 342//342 304//304 303//303
f 343//343 305//305 304//304
f 344//344 306//306 305//305
f 345//345 307//307 306//306
f 346//346 308//308 307//307
f 347//347 309//309 308//308
f 348//348 310//310 309//309
f 349//349 311//311 310//310
f 350//350 312//312 311//311
f 351//351 313//313 312//312
f 352//352 314//314 313//313
f 353//353 315//315 314//314
f 354//354 316//316 315//315
f 355//355 317//317 316//316
f 356//356 318//318 317//317
f 357//357 319//319 318//318
f 358//358 320//320 319//319
f 360//360 322//322 321//321
f 361//361 323//323 322//322
f 362//362 324//324 323//323
f 363//363 325//325 324//324
f 364//364 326//326 325//325
f 365//365 327//327 326//326
f 366//366 328//328 327//327
f 367//367 329//329 328//328
f 368//368 330//330 329//329
f 369//369 331//331 330//330
f 370//370 332//332 331//331
f 371//371 333//333 332//332
f 372//372 334//334 333//333
f 373//373 335//335 334//334
f 374//374 336//336 335//335
f 375//375 337//337 336//336
f 376//376 338//338 337//337
f 377//377 339//339 338//338
f 378//378 340//340 339//339
f 379//379 341//341 340//340
f 380//380 342//342 341//341
f 381//381 343//343 342//342
f 382//382 344//344 343//343
f 383//383 345//345 344//344
f 384//384 346//346 345//345
f 385//385 347//347 346//346
f 386//386 348//348 347//347
f 387//387 349//349 348//348
f 388//388 350//350 349//349
f 389//389 351//351 350//350
f 390//390 352//352 351//351
f 391//391 353//353 352//352
f 392//392 354//354 353//353
f 393//393 355//355 354//354
f 394//394 356//356 355//355
f 395//395 357//357 356//356
f 396//396 358//358 357//357
f 398//398 360//360 359//359
f 399//399 361//361 360//360
f 400//400 362//362 361//361
f 401//401 363//363 362//362
f 402//402 364//364 363//363
f 403//403 365//365 364//364
f 404//404 366//366 365//365
f 405//405 367//367 366//366
f 406//406 368//368 367//367
f 407//407 369//369 368//368
f 408//408 370//370 369//369
f 409//409 371//371 370//370
f 410//410 372//372 371//371
f 411//411 373//373 372//372
f 412//412 374//374 373//373
f 413//413 375//375 374//374
f 414//414 376//376 375//375
f 415//415 377//377 376//376
f 416//416 378//378 377//377
f 417//417 379//379 378//378
f 418//418 380//380 379//379
f 419//419 381//381 380//380
f 420//420 382//382 381//381
f 421//421 383//383 382//382
f 422//422 384//384 383//383
f 423//423 385//385 384//384
f 424//424 386//386 385//385
f 425//425 387//387 386//386
f 426//426 388//388 387//387
f 427//427 389//389 388//388
f 428//428 390//390 389//389
f 429//429 391//391 390//390
f 430//430 392//392 391//391
f 431//431 393//393 392//392
f 432//432 394//394 393//393
f 433//433 395//395 394//394
f 434//434 396//396 395//395
f 436//436 398//398 397//397
f 437//437 399//399 398//398
f 438//438 400//400 399//399
f 439//439 401//401 400//400
f 440//440 402//402 401//401
f 441//441 403//403 402//402
f 442//442 404//404 403//403
f 443//443 405//405 404//404
f 444//444 406//406 405//405
f 445//445 407//407 406//406
f 446//446 408//408 407//407
f 447//447 409//409 408//408
f 448//448 410//410 409//409
f 449//449 411//411 410//410
f 450//450 412//412 411//411
f 451//451 413//413 412//412
f 452//452 414//414 413//413
f 453//453 415//415 414//414
f 454//454 416//416 415//415
f 455//455 417//417 416//416
f 456//456 418//418 417//417
f 457//457 419//419 418//418
f 458//458 420//420 419//419
f 459//459 421//421 420//420
f 460//460 422//422 421//421
f 461//461 423//423 422//422
f 462//462 424//424 423//423
f 463//463 425//425 424//424
f 464//464 426//426 425//425
f 465//465 427//427 426//426
f 466//466 428//428 427//427
f 467//467 429//429 428//428
f 468//468 430//430 429//429
f 469//469 431//431 430//430
f 470//470 432//432 431//431
f 471//471 433//433 432//432
f 472//472 434//434 433//433
f 474//474 436//436 435//435
f 475//475 437//437 436//436
f 476//476 438//438 437//437
f 477//477 439//439 438//438
f 478//478 440//440 439//439
f 479//479 441//441 440//440
f 480//480 442//442 441//441
f 481//481 443//443 442//442
f 482//482 444//444 443//443
f 483//483 445//445 444//444
f 484//484 446//446 445//445
f 485//485 447//447 446//446
f 486//486 448//448 447//447
f 487//487 449//449 448//448
f 488//488 450//450 449//449
f 489//489 451//451 450//450
f 490//490 452//452 451//451
f 491//491 453//453 452//452
f 492//492 454//454 453//453
f 493//493 455//455 454//454
f 494//494 456//456 455//455
f 495//495 457//457 456//456
f 496//496 458//458 457//457
f 497//497 459//459 458//458
f 498//498 460//460 459//459
f 499//499 461//461 460//460
f 500//500 462//462 461//461
f 501//501 463//463 462//462
f 502//502 464//464 463//463
f 503//503 465//465 464//464
f 504//504 466//466 465//465
f 505//505 467//467 466//466
f 506//506 468//468 467//467
f 507//507 469//469 468//468
f 508//508 470//470 469//469
f 509//509 471//471 470//470
f 510//510 472//472 471//471
f 512//512 474//474 473//473
f 513//513 475//475 474//474
f 514//514 476//476 475//475
f 515//515 477//477 476//476
f 516//516 478//478 477//477
f 517//517 479//479 478//478
f 518//518 480//480 479//479
f 519//519 481//481 480//480
f 520//520 482//482 481//481
f 521//521 483//483 482//482
f 522//522 484//484 483//483
f 523//523 485//485 484//484
f 524//524 486//486 485//485
f 525//525 487//487 486//486
f 526//526 488//488 487//487
f 527//527 489//489 488//488
f 528//528 490//490 489//489
f 529//529 491//491 490//490
f 530//530 492//492 491//491
f 531//531 493//493 492//492
f 532//532 494//494 493//493
f 533//533 495//495 494//494
f 534//534 496//496 495//495
f 535//535 497//497 496//496
f 536//536 498//498 497//497
f 537//537 499//499 498//498
f 538//538 500//500 499//499
f 539//539 501//501 500//500
f 540//540 502//502 501//501
f 541//541 503//503 502//502
f 542//542 504//504 503//503
f 543//543 505//505 504//504
f 544//544 506//506 505//505
f 545//545 507//507 506//506
f 546//546 508//508 507//507
f 547//547 509//509 508//508
f 548//548 510//510 509//509
f 550//550 512//512 511//511
f 551//551 513//513 512//512
f 552//552 514//514 513//513
f 553//553 515//515 514//514
f 554//554 516//516 515//515
f 555//555 517//517 516//516
f 556//556 518//518 517//517
f 557//557 519//519 518//518
f 558//558 520//520 519//519
f 559//559 521//521 520//520
f 560//560 522//522 521//521
f 561//561 523//523 522//522
f 562//562 524//524 523//523
f 563//563 525//525 524//524
f 564//564 526//526 525//525
f 565//565 527//527 526//526
f 566//566 528//528 527//527
f 567//567 529//529 528//528
f 568//568 530//530 529//529
f 569//569 531//531 530//530
f 570//570 532//532 531//531
f 571//571 533//533 532//532
f 572//572 534//534 533//533
f 573//573 535//535 534//534
f 574//574 536//536 535//535
f 575//575 537//537 536//536
f 576//576 538//538 537//537
f 577//577 539//539 538//538
f 578//578 540//540 539//539
f 579//579 541//541 540//540
f 580//580 542//542 541//541
f 581//581 543//543 542//542
f 582//582 544//544 543//543
f 583//583 545//545 544//544
f 584//584 546//546 545//545
f 585//585 547//547 546//546
f 586//586 548//548 547//547
f 588//588 550//550 549//549
f 589//589 551//551 550//550
f 590//590 552//552 551//551
f 591//591 553//553 552//552
f 592//592 554//554 553//553
f 593//593 555//555 554//554
f 594//594 556//556 555//555
f 595//595 557//557 556//556
f 596//596 558//558 557//557
f 597//597 559//559 558//558
f 598//598 560//560 559//559
f 599//599 561//561 560//560
f 601//601 564//564 563//563
f 602//602 565//565 564//564
f 603//603 566//566 565//565
f 604//604 567//567 566//566
f 605//605 568//568 567//567
f 606//606 569//569 568//568
f 607//607 570//570 569//569
f 608//608 571//571 570//570
f 609//609 572//572 571//571
f 610//610 573//573 572//572
f 611//611 574//574 573//573
f 612//612 575//575 574//574
f 613//613 576//576 575//575
f 614//614 577//577 576//576
f 615//615 578//578 577//577
f 616//616 579//579 578//578
f 617//617 580//580 579//579
f 618//618 581//581 580//580
f 619//619 582//582 581//581
f 620//620 583//583 582//582
f 621//621 584//584 583//583
f 622//622 585//585 584//584
f 623//623 586//586 585//585
f 625//625 588//588 587//587
f 626//626 589//589 588//588
f 627//627 590//590 589//589
f 628//628 591//591 590//590
f 629//629 592//592 591//591
f 630//630 593//593 592//592
f 631//631 594//594 593//593
f 632//632 595//595 594//594
f 633//633 596//596 595//595
f 634//634 597//597 596//596
f 635//635 598//598 597//597
f 637//637 602//602 601//601
f 638//638 603//603 602//602
f 639//639 604//604 603//603
f 640//640 605//605 604//604
f 641//641 606//606 605//605
f 642//642 607//607 606//606
f 643//643 608//608 607//607
f 644//644 609//609 608//608
f 645//645 610//610 609//609
f 646//646 611//611 610//610
f 647//647 612//612 611//611
f 648//648 613//613 612//612
f 649//649 614//614 613//613
f 650//650 615//615 614//614
f 651//651 616//616 615//615
f 652//652 617//617 616//616
f 653//653 618//618 617//617
f 654//654 619//619 618//618
f 655//655 620//620 619//619
f 656//656 621//621 620//620
f 657//657 622//622 621//621
f 658//658 623//623 622//622
f 660//660 625//625 624//624
f 661//661 626//626 625//625
f 662//662 627//627 626//626
f 663//663 628//628 627//627
f 664//664 629//629 628//628
f 665//665 630//630 629//629
f 666//666 631//631 630//630
f 667//667 632//632 631//631
f 668//668 633//633 632//632
f 669//669 634//634 633//633
f 671//671 638//638 637//637
f 672//672 639//639 638//638
f 673//673 640//640 639//639
f 674//674 641//641 640//640
f 675//675 642//642 641//641
f 676//676 643//643 642//642
f 677//677 644//644 643//643
f 678//678 645//645 644//644
f 679//679 646//646 645//645
f 680//680 647//647 646//646
f 681//681 648//648 647//647
f 682//682 649//649 648//648
f 683//683 650//650 649//649
f 684//684 651//651 650//650
f 685//685 652//652 651//651
f 686//686 653//653 652//652
f 687//687 654//654 653//653
f 688//688 655//655 654//654
f 689//689 656//656 655//655
f 690//690 657//657 656//656
f 691//691 658//658 657//657
f 693//693 660//660 659//659
f 694//694 661//661 660//660
f 695//695 662//662 661//661
f 696//696 663//663 662//662
f 697//697 664//664 663//663
f 698//698 665//665 664//664
f 699//699 666//666 665//665
f 700//700 667//667 666//666
f 701//701 668//668 667//667
f 703//703 672//672 671//671
f 704//704 673//673 672//672
f 705//705 674//674 673//673
f 706//706 675//675 674//674
f 707//707 676//676 675//675
f 708//708 677//677 676//676
f 709//709 678//678 677//677
f 710//710 679//679 678//678
f 711//711 680//680 679//679
f 712//712 681//681 680//680
f 713//713 682//682 681//681
f 714//714 683//683 682//682
f 715//715 684//684 683//683
f 716//716 685//685 684//684
f 717//717 686//686 685//685
f 718//718 687//687 686//686
f 719//719 688//688 687//687
f 720//720 689//689 688//688
f 721//721 690//690 689//689
f 722//722 691//691 690//690
f 724//724 693//693 692//692
f 725//725 694//694 693//693
f 726//726 695//695 694//694
f 727//727 696//696 695//695
f 728//728 697//697 696//696
f 729//729 698//698 697//697
f 730//730 699//699 698//698
f 731//731 700//700 699//699
f 734//734 703//703 702//702
f 735//735 704//704 703//703
f 736//736 705//705 704//704
f 737//737 706//706 705//705
f 738//738 707//707 706//706
f 739//739 708//708 707//707
f 740//740 709//709 708//708
f 741//741 710//710 709//709
f 742//742 711//711 710//710
f 743//743 712//712 711//711
f 744//744 713//713 712//712
f 745//745 714//714 713//713
f 746//746 715//715 714//714
f 747//747 716//716 715//715
f 748//748 717//717 716//716
f 749//749 718//718 717//717
f 750//750 719//719 718//718
f 751//751 720//720 719//719
f 752//752 721//721 720//720
f 753//753 722//722 721//721
f 755//755 724//724 723//723
f 756//756 725//725 724//724
f 757//757 726//726 725//725
f 758//758 727//727 726//726
f 759//759 728//728 727//727
f 760//760 729//729 728//728
f 761//761 730//730 729//729
f 762//762 731//731 730//730
f 763//763 732//732 731//731
f 770//770 734//734 733//733
f 771//771 735//735 734//734
f 772//772 736//736 735//735
f 773//773 737//737 736//736
f 774//774 738//738 737//737
f 775//775 739//739 738//738
f 776//776 740//740 739//739
f 777//777 741//741 740//740
f 778//778 742//742 741//741
f 779//779 743//743 742//742
f 780//780 744//744 743//743
f 781//781 745//745 744//744
f 782//782 746//746 745//745
f 783//783 747//747 746//746
f 784//784 748//748 747//747
f 785//785 749//749 748//748
f 786//786 750//750 749//749
f 787//787 751//751 750//750
f 788//788 752//752 751//751
f 789//789 753//753 752//752
f 791//791 755//755 754//754
f 792//792 756//756 755//755
f 793//793 757//757 756//756
f 794//794 758//758 757//757
f 795//795 759//759 758//758
f 796//796 760//760 759//759
f 797//797 761//761 760//760
f 798//798 762//762 761//761
f 799//799 763//763 762//762
f 800//800 764//764 763//763
f 803//803 766//766 765//765
f 804//804 767//767 766//766
f 806//806 769//769 768//768
f 807//807 770//770 769//769
f 808//808 771//771 770//770
f 809//809 772//772 771//771
f 810//810 773//773 772//772
f 811//811 774//774 773//773
f 812//812 775//775 774//774
f 813//813 776//776 775//775
f 814//814 777//777 776//776
f 815//815 778//778 777//777
f 816//816 779//779 778//778
f 817//817 780//780 779//779
f 818//818 781//781 780//780
f 819//819 782//782 781//781
f 820//820 783//783 782//782
f 821//821 784//784 783//783
f 822//822 785//785 784//784
f 823//823 786//786 785//785
f 824//824 787//787 786//786
f 825//825 788//788 787//787
f 826//826 789//789 788//788
f 828//828 791//791 790//790
f 829//829 792//792 791//791
f 830//830 793//793 792//792
f 831//831 794//794 793//793
f 832//832 795//795 794//794
f 833//833 796//796 795//795
f 834//834 797//797 796//796
f 835//835 798//798 797//797
f 836//836 799//799 798//798
f 837//837 800//800 799//799
f 838//838 801//801 800//800
f 802//802 801//801 838//838
f 1//1 875//875 876//876
f 3//3 874//874 875//875
f 875//875 1//1 2//2
f 874//874 3//3 4//4
f 875//875 2//2 3//3
f 1//1 876//876 877//877
f 873//873 874//874 4//4
f 6//6 871//871 872//872
f 870//870 871//871 7//7
f 872//872 873//873 5//5
f 869//869 870//870 8//8
f 869//869 9//9 868//868
f 871//871 6//6 7//7
f 5//5 6//6 872//872
f 878//878 38//38 877//877
f 870//870 7//7 8//8
f 877//877 38//38 1//1
f 879//879 73//73 878//878
f 73//73 38//38 878//878
f 1023//1023 1028//1028 1030//1030
f 1030//1030 1029//1029 46//46
f 868//868 9//9 1028//1028
f 45//45 1015//1015 46//46
f 1030//1030 46//46 1016//1016
f 1015//1015 1016//1016 46//46
f 80//80 1015//1015 45//45
f 1017//1017 1030//1030 1016//1016
f 80//80 79//79 1014//1014
f 869//869 8//8 9//9
f 1026//1026 868//868 1028//1028
f 1027//1027 867//867 1026//1026
f 868//868 1026//1026 867//867
f 1027//1027 1025//1025 867//867
f 866//866 867//867 1025//1025
f 11//11 12//12 866//866
f 1025//1025 11//11 866//866
f 10//10 1026//1026 1028//1028
f 13//13 864//864 865//865
f 863//863 15//15 862//862
f 14//14 863//863 864//864
f 14//14 15//15 863//863
f 15//15 16//16 862//862
f 862//862 16//16 861//861
f 13//13 14//14 864//864
f 13//13 865//865 12//12
f 1024//1024 1023//1023 968//968
f 1017//1017 968//968 1023//1023
f 1024//1024 1020//1020 1021//1021
f 1020//1020 1024//1024 968//968
f 1020//1020 968//968 47//47
f 1020//1020 47//47 1018//1018
f 1017//1017 1023//1023 1030//1030
f 47//47 969//969 48//48
f 16//16 17//17 861//861
f 48//48 970//970 81//81
f 974//974 979//979 83//83
f 83//83 82//82 974//974
f 969//969 970//970 48//48
f 968//968 969//969 47//47
f 1023//1023 10//10 1028//1028
f 1014//1014 1015//1015 80//80
f 104//104 879//879 880//880
f 880//880 128//128 104//104
f 128//128 880//880 881//881
f 128//128 882//882 143//143
f 143//143 882//882 883//883
f 882//882 128//128 881//881
f 79//79 110//110 1014//1014
f 1012//1012 1013//1013 110//110
f 110//110 1013//1013 1014//1014
f 1012//1012 110//110 109//109
f 133//133 132//132 1011//1011
f 132//132 1010//1010 1011//1011
f 1011//1011 1012//1012 133//133
f 133//133 1012//1012 109//109
f 1010//1010 132//132 146//146
f 155//155 883//883 884//884
f 169//169 155//155 884//884
f 884//884 885//885 169//169
f 170//170 189//189 1007//1007
f 1007//1007 171//171 170//170
f 1009//1009 158//158 1008//1008
f 1008//1008 158//158 157//157
f 1009//1009 1010//1010 146//146
f 1009//1009 146//146 158//158
f 1001//1001 172//172 1000//1000
f 1007//1007 1008//1008 171//171
f 1008//1008 157//157 171//171
f 172//172 1001//1001 191//191
f 883//883 155//155 143//143
f 172//172 999//999 1000//1000
f 971//971 111//111 81//81
f 972//972 112//112 111//111
f 111//111 971//971 972//972
f 112//112 974//974 82//82
f 160//160 996//996 997//997
f 112//112 972//972 973//973
f 974//974 112//112 973//973
f 84//84 980//980 975//975
f 975//975 980//980 979//979
f 84//84 983//983 982//982
f 976//976 84//84 975//975
f 977//977 983//983 976//976
f 84//84 976//976 983//983
f 979//979 974//974 975//975
f 81//81 970//970 971//971
f 160//160 998//998 159//159
f 999//999 159//159 998//998
f 995//995 996//996 161//161
f 161//161 996//996 160//160
f 998//998 160//160 997//997
f 172//172 173//173 999//999
f 994//994 995//995 161//161
f 999//999 173//173 159//159
f 175//175 994//994 161//161
f 176//176 993//993 994//994
f 178//178 989//989 990//990
f 990//990 991//991 177//177
f 993//993 176//176 196//196
f 990//990 177//177 178//178
f 176//176 994//994 175//175
f 162//162 988//988 989//989
f 178//178 162//162 989//989
f 991//991 197//197 177//177
f 879//879 104//104 73//73
f 858//858 859//859 19//19
f 860//860 18//18 859//859
f 19//19 20//20 858//858
f 20//20 21//21 857//857
f 20//20 857//857 858//858
f 18//18 19//19 859//859
f 860//860 17//17 18//18
f 856//856 22//22 855//855
f 853//853 854//854 24//24
f 23//23 854//854 855//855
f 26//26 851//851 852//852
f 852//852 853//853 25//25
f 851//851 27//27 850//850
f 856//856 21//21 22//22
f 855//855 22//22 23//23
f 853//853 24//24 25//25
f 1055//1055 1056//1056 91//91
f 119//119 93//93 92//92
f 91//91 1056//1056 92//92
f 1055//1055 91//91 90//90
f 851//851 26//26 27//27
f 63//63 95//95 1061//1061
f 27//27 28//28 850//850
f 1059//1059 1060//1060 94//94
f 1061//1061 95//95 1060//1060
f 94//94 1060//1060 95//95
f 1056//1056 1057//1057 92//92
f 852//852 25//25 26//26
f 63//63 1061//1061 1062//1062
f 29//29 847//847 848//848
f 847//847 30//30 846//846
f 849//849 28//28 848//848
f 848//848 28//28 29//29
f 1063//1063 29//29 28//28
f 846//846 30//30 31//31
f 847//847 29//29 30//30
f 845//845 846//846 31//31
f 32//32 844//844 845//845
f 842//842 843//843 34//34
f 844//844 33//33 843//843
f 36//36 840//840 841//841
f 841//841 842//842 35//35
f 839//839 840//840 37//37
f 32//32 33//33 844//844
f 32//32 845//845 31//31
f 65//65 64//64 1064//1064
f 64//64 29//29 1063//1063
f 1064//1064 96//96 65//65
f 1065//1065 97//97 96//96
f 1065//1065 96//96 1064//1064
f 1064//1064 64//64 1063//1063
f 1062//1062 1063//1063 28//28
f 842//842 34//34 35//35
f 841//841 35//35 36//36
f 966//966 72//72 103//103
f 72//72 966//966 967//967
f 103//103 127//127 966//966
f 37//37 72//72 967//967
f 839//839 37//37 967//967
f 843//843 33//33 34//34
f 1062//1062 28//28 63//63
f 983//983 113//113 981//981
f 114//114 113//113 977//977
f 978//978 147//147 114//114
f 1052//1052 136//136 135//135
f 978//978 114//114 977//977
f 977//977 113//113 983//983
f 119//119 92//92 1057//1057
f 118//118 1055//1055 90//90
f 119//119 1058//1058 120//120
f 1054//1054 1055//1055 118//118
f 1054//1054 136//136 1053//1053
f 136//136 1052//1052 1053//1053
f 117//117 1054//1054 118//118
f 1054//1054 117//117 136//136
f 1057//1057 1058//1058 119//119
f 147//147 134//134 114//114
f 120//120 1059//1059 94//94
f 164//164 1051//1051 148//148
f 148//148 1051//1051 149//149
f 135//135 149//149 1052//1052
f 147//147 162//162 163//163
f 1051//1051 164//164 181//181
f 147//147 978//978 988//988
f 181//181 1050//1050 1051//1051
f 181//181 182//182 1050//1050
f 1049//1049 1050//1050 182//182
f 1051//1051 1052//1052 149//149
f 1049//1049 203//203 1048//1048
f 1042//1042 205//205 1040//1040
f 182//182 202//202 1049//1049
f 1059//1059 120//120 1058//1058
f 162//162 147//147 988//988
f 1066//1066 121//121 1065//1065
f 1067//1067 122//122 121//121
f 122//122 1067//1067 137//137
f 1067//1067 1068//1068 137//137
f 1066//1066 1067//1067 121//121
f 150//150 1068//1068 1069//1069
f 1068//1068 138//138 137//137
f 964//964 965//965 142//142
f 1031//1031 151//151 150//150
f 963//963 964//964 154//154
f 150//150 138//138 1068//1068
f 121//121 97//97 1065//1065
f 1040//1040 1041//1041 1042//1042
f 1032//1032 183//183 1031//1031
f 1040//1040 205//205 1039//1039
f 208//208 183//183 1032//1032
f 1042//1042 1043//1043 204//204
f 1039//1039 206//206 1038//1038
f 962//962 963//963 168//168
f 184//184 165//165 1031//1031
f 165//165 151//151 1031//1031
f 168//168 187//187 962//962
f 187//187 212//212 961//961
f 184//184 1031//1031 183//183
f 207//207 1032//1032 1033//1033
f 1031//1031 150//150 1069//1069
f 885//885 188//188 169//169
f 213//213 188//188 886//886
f 885//885 886//886 188//188
f 887//887 213//213 886//886
f 283//283 888//888 889//889
f 245//245 213//213 887//887
f 887//887 888//888 245//245
f 890//890 321//321 889//889
f 1006//1006 189//189 214//214
f 215//215 1005//1005 1006//1006
f 214//214 215//215 1006//1006
f 888//888 283//283 245//245
f 321//321 283//283 889//889
f 247//247 248//248 215//215
f 321//321 890//890 359//359
f 189//189 1006//1006 1007//1007
f 892//892 893//893 435//435
f 892//892 397//397 891//891
f 894//894 473//473 893//893
f 624//624 897//897 898//898
f 896//896 549//549 895//895
f 587//587 896//896 897//897
f 894//894 895//895 511//511
f 891//891 397//397 359//359
f 893//893 473//473 435//435
f 435//435 397//397 892//892
f 895//895 549//549 511//511
f 897//897 624//624 587//587
f 587//587 549//549 896//896
f 511//511 473//473 894//894
f 890//890 891//891 359//359
f 216//216 1003//1003 1004//1004
f 216//216 217//217 1002//1002
f 1003//1003 216//216 1002//1002
f 216//216 1004//1004 250//250
f 249//249 1005//1005 248//248
f 249//249 250//250 1004//1004
f 249//249 248//248 286//286
f 1005//1005 249//249 1004//1004
f 248//248 1005//1005 215//215
f 992//992 993//993 196//196
f 176//176 195//195 196//196
f 191//191 1001//1001 190//190
f 197//197 992//992 196//196
f 224//224 197//197 196//196
f 217//217 190//190 1002//1002
f 1001//1001 1002//1002 190//190
f 635//635 634//634 1078//1078
f 634//634 669//669 1078//1078
f 598//598 635//635 1079//1079
f 1078//1078 1079//1079 635//635
f 1079//1079 599//599 598//598
f 1080//1080 1081//1081 599//599
f 561//561 1081//1081 562//562
f 562//562 600//600 563//563
f 600//600 562//562 1081//1081
f 599//599 1081//1081 561//561
f 600//600 1081//1081 1082//1082
f 601//601 600//600 1082//1082
f 1080//1080 599//599 1079//1079
f 636//636 1082//1082 1083//1083
f 659//659 624//624 898//898
f 692//692 899//899 900//900
f 899//899 692//692 659//659
f 692//692 900//900 901//901
f 898//898 899//899 659//659
f 754//754 723//723 902//902
f 692//692 901//901 723//723
f 902//902 723//723 901//901
f 754//754 902//902 903//903
f 731//731 732//732 701//701
f 903//903 827//827 790//790
f 906//906 829//829 828//828
f 828//828 827//827 905//905
f 790//790 754//754 903//903
f 827//827 903//903 904//904
f 831//831 830//830 908//908
f 907//907 908//908 830//830
f 832//832 831//831 909//909
f 908//908 909//909 831//831
f 906//906 907//907 829//829
f 907//907 830//830 829//829
f 828//828 905//905 906//906
f 905//905 827//827 904//904
f 910//910 833//833 832//832
f 912//912 835//835 834//834
f 834//834 833//833 911//911
f 833//833 910//910 911//911
f 835//835 912//912 913//913
f 834//834 911//911 912//912
f 910//910 832//832 909//909
f 835//835 913//913 836//836
f 1077//1077 701//701 1076//1076
f 701//701 1077//1077 669//669
f 668//668 701//701 669//669
f 1075//1075 732//732 763//763
f 763//763 764//764 1075//1075
f 1074//1074 764//764 800//800
f 1076//1076 732//732 1075//1075
f 701//701 732//732 1076//1076
f 1074//1074 1075//1075 764//764
f 1072//1072 1073//1073 765//765
f 1074//1074 765//765 1073//1073
f 1072//1072 766//766 1071//1071
f 766//766 1072//1072 765//765
f 1071//1071 767//767 1070//1070
f 767//767 804//804 1070//1070
f 1074//1074 802//802 765//765
f 1071//1071 766//766 767//767
f 669//669 1077//1077 1078//1078
f 837//837 836//836 914//914
f 1074//1074 800//800 801//801
f 837//837 915//915 838//838
f 915//915 916//916 838//838
f 914//914 915//915 837//837
f 914//914 836//836 913//913
f 916//916 917//917 838//838
f 1088//1088 803//803 802//802
f 1088//1088 1089//1089 804//804
f 802//802 838//838 1088//1088
f 1088//1088 918//918 1089//1089
f 1090//1090 804//804 1089//1089
f 918//918 919//919 1089//1089
f 917//917 918//918 1088//1088
f 1088//1088 838//838 917//917
f 804//804 1090//1090 805//805
f 1074//1074 801//801 802//802
f 919//919 1090//1090 1089//1089
f 202//202 203//203 1049//1049
f 231//231 1047//1047 203//203
f 1044//1044 233//233 1043//1043
f 1048//1048 203//203 1047//1047
f 1043//1043 233//233 204//204
f 1044//1044 1045//1045 233//233
f 1046//1046 1047//1047 232//232
f 231//231 232//232 1047//1047
f 234//234 204//204 233//233
f 205//205 206//206 1039//1039
f 1037//1037 1038//1038 237//237
f 1035//1035 238//238 1034//1034
f 207//207 1033//1033 1034//1034
f 237//237 274//274 1037//1037
f 206//206 236//236 237//237
f 239//239 1034//1034 238//238
f 204//204 205//205 1042//1042
f 267//267 268//268 1046//1046
f 267//267 1046//1046 232//232
f 670//670 637//637 636//636
f 1085//1085 671//671 670//670
f 636//636 1083//1083 670//670
f 636//636 601//601 1082//1082
f 237//237 273//273 274//274
f 1046//1046 268//268 1045//1045
f 275//275 1035//1035 1036//1036
f 233//233 268//268 269//269
f 233//233 1045//1045 268//268
f 1036//1036 274//274 275//275
f 1037//1037 274//274 1036//1036
f 276//276 238//238 1035//1035
f 267//267 232//232 266//266
f 275//275 276//276 1035//1035
f 239//239 207//207 1034//1034
f 207//207 208//208 1032//1032
f 282//282 320//320 957//957
f 244//244 282//282 959//959
f 212//212 244//244 960//960
f 358//358 396//396 955//955
f 954//954 955//955 396//396
f 956//956 957//957 320//320
f 434//434 472//472 953//953
f 510//510 548//548 951//951
f 472//472 510//510 952//952
f 586//586 623//623 949//949
f 658//658 691//691 947//947
f 623//623 658//658 948//948
f 548//548 586//586 950//950
f 947//947 691//691 946//946
f 1038//1038 206//206 237//237
f 671//671 1085//1085 702//702
f 733//733 702//702 1086//1086
f 1085//1085 1086//1086 702//702
f 1086//1086 768//768 733//733
f 805//805 768//768 1087//1087
f 733//733 768//768 769//769
f 1087//1087 1070//1070 805//805
f 1087//1087 768//768 1086//1086
f 1083//1083 1084//1084 670//670
f 924//924 808//808 807//807
f 807//807 806//806 1091//1091
f 926//926 810//810 809//809
f 928//928 812//812 811//811
f 811//811 810//810 927//927
f 809//809 808//808 925//925
f 806//806 805//805 1093//1093
f 920//920 1093//1093 1090//1090
f 1092//1092 924//924 807//807
f 922//922 1092//1092 1091//1091
f 1091//1091 1093//1093 921//921
f 1091//1091 921//921 922//922
f 1092//1092 922//922 923//923
f 920//920 921//921 1093//1093
f 920//920 1090//1090 919//919
f 924//924 1092//1092 923//923
f 812//812 929//929 813//813
f 814//814 813//813 930//930
f 929//929 930//930 813//813
f 929//929 812//812 928//928
f 925//925 926//926 809//809
f 928//928 811//811 927//927
f 927//927 810//810 926//926
f 808//808 924//924 925//925
f 1090//1090 1093//1093 805//805
f 931//931 815//815 814//814
f 933//933 817//817 816//816
f 816//816 815//815 932//932
f 935//935 819//819 818//818
f 937//937 821//821 820//820
f 820//820 819//819 936//936
f 818//818 817//817 934//934
f 722//722 753//753 945//945
f 945//945 946//946 722//722
f 789//789 826//826 943//943
f 753//753 789//789 944//944
f 822//822 821//821 938//938
f 935//935 936//936 819//819
f 937//937 938//938 821//821
f 822//822 938//938 939//939
f 932//932 933//933 816//816
f 934//934 935//935 818//818
f 933//933 934//934 817//817
f 937//937 820//820 936//936
f 940//940 824//824 823//823
f 941//941 826//826 825//825
f 825//825 824//824 941//941
f 823//823 939//939 940//940
f 826//826 941//941 942//942
f 824//824 940//940 941//941
f 823//823 822//822 939//939
f 931//931 932//932 815//815
f 931//931 814//814 930//930
f 1085//1085 670//670 1084//1084
f 804//804 805//805 1070//1070
f 197//197 991//991 992//992
f 11//11 1027//1027 1019//1019
f 39//39 1//1 38//38
f 40//40 2//2 39//39
f 41//41 3//3 40//40
f 42//42 4//4 41//41
f 43//43 5//5 42//42
f 44//44 6//6 43//43
f 45//45 7//7 44//44
f 1030//1030 9//9 1029//1029
f 1021//1021 1022//1022 1024//1024
f 1024//1024 10//10 1023//1023
f 49//49 12//12 48//48
f 50//50 13//13 49//49
f 51//51 14//14 50//50
f 53//53 16//16 52//52
f 54//54 17//17 53//53
f 55//55 18//18 54//54
f 56//56 19//19 55//55
f 57//57 20//20 56//56
f 58//58 21//21 57//57
f 59//59 22//22 58//58
f 60//60 23//23 59//59
f 61//61 24//24 60//60
f 62//62 25//25 61//61
f 63//63 26//26 62//62
f 65//65 29//29 64//64
f 66//66 30//30 65//65
f 67//67 31//31 66//66
f 68//68 32//32 67//67
f 69//69 33//33 68//68
f 70//70 34//34 69//69
f 71//71 35//35 70//70
f 72//72 36//36 71//71
f 74//74 38//38 73//73
f 75//75 39//39 74//74
f 76//76 40//40 75//75
f 77//77 41//41 76//76
f 78//78 42//42 77//77
f 79//79 43//43 78//78
f 80//80 44//44 79//79
f 82//82 49//49 81//81
f 984//984 985//985 987//987
f 987//987 51//51 986//986
f 979//979 986//986 83//83
f 86//86 53//53 85//85
f 87//87 54//54 86//86
f 88//88 55//55 87//87
f 89//89 56//56 88//88
f 90//90 57//57 89//89
f 91//91 58//58 90//90
f 92//92 59//59 91//91
f 93//93 60//60 92//92
f 94//94 61//61 93//93
f 95//95 62//62 94//94
f 97//97 65//65 96//96
f 98//98 66//66 97//97
f 99//99 67//67 98//98
f 100//100 68//68 99//99
f 101//101 69//69 100//100
f 102//102 70//70 101//101
f 103//103 71//71 102//102
f 105//105 73//73 104//104
f 106//106 74//74 105//105
f 107//107 75//75 106//106
f 108//108 76//76 107//107
f 109//109 77//77 108//108
f 110//110 78//78 109//109
f 112//112 81//81 111//111
f 981//981 982//982 983//983
f 115//115 86//86 114//114
f 116//116 87//87 115//115
f 117//117 88//88 116//116
f 118//118 89//89 117//117
f 120//120 93//93 119//119
f 122//122 97//97 121//121
f 123//123 98//98 122//122
f 124//124 99//99 123//123
f 125//125 100//100 124//124
f 126//126 101//101 125//125
f 127//127 102//102 126//126
f 129//129 104//104 128//128
f 130//130 105//105 129//129
f 131//131 106//106 130//130
f 132//132 107//107 131//131
f 133//133 108//108 132//132
f 135//135 115//115 134//134
f 136//136 116//116 135//135
f 138//138 122//122 137//137
f 139//139 123//123 138//138
f 140//140 124//124 139//139
f 141//141 125//125 140//140
f 142//142 126//126 141//141
f 144//144 128//128 143//143
f 145//145 129//129 144//144
f 146//146 130//130 145//145
f 149//149 134//134 148//148
f 151//151 138//138 150//150
f 152//152 139//139 151//151
f 153//153 140//140 152//152
f 154//154 141//141 153//153
f 156//156 143//143 155//155
f 157//157 144//144 156//156
f 158//158 145//145 157//157
f 164//164 147//147 163//163
f 166//166 151//151 165//165
f 167//167 152//152 166//166
f 168//168 153//153 167//167
f 170//170 155//155 169//169
f 171//171 156//156 170//170
f 174//174 159//159 173//173
f 175//175 160//160 174//174
f 180//180 162//162 179//179
f 181//181 163//163 180//180
f 185//185 165//165 184//184
f 186//186 166//166 185//185
f 187//187 167//167 186//186
f 189//189 169//169 188//188
f 192//192 172//172 191//191
f 193//193 173//173 192//192
f 194//194 174//174 193//193
f 195//195 175//175 194//194
f 198//198 177//177 197//197
f 199//199 178//178 198//198
f 200//200 179//179 199//199
f 201//201 180//180 200//200
f 202//202 181//181 201//201
f 209//209 183//183 208//208
f 210//210 184//184 209//209
f 211//211 185//185 210//210
f 212//212 186//186 211//211
f 214//214 188//188 213//213
f 218//218 190//190 217//217
f 219//219 191//191 218//218
f 220//220 192//192 219//219
f 221//221 193//193 220//220
f 222//222 194//194 221//221
f 223//223 195//195 222//222
f 226//226 197//197 225//225
f 227//227 198//198 226//226
f 228//228 199//199 227//227
f 229//229 200//200 228//228
f 230//230 201//201 229//229
f 231//231 202//202 230//230
f 235//235 204//204 234//234
f 236//236 205//205 235//235
f 240//240 207//207 239//239
f 241//241 208//208 240//240
f 242//242 209//209 241//241
f 243//243 210//210 242//242
f 244//244 211//211 243//243
f 246//246 213//213 245//245
f 247//247 214//214 246//246
f 251//251 216//216 250//250
f 252//252 217//217 251//251
f 253//253 218//218 252//252
f 254//254 219//219 253//253
f 255//255 220//220 254//254
f 256//256 221//221 255//255
f 257//257 222//222 256//256
f 258//258 223//223 257//257
f 259//259 224//224 258//258
f 260//260 225//225 259//259
f 261//261 226//226 260//260
f 262//262 227//227 261//261
f 263//263 228//228 262//262
f 264//264 229//229 263//263
f 265//265 230//230 264//264
f 266//266 231//231 265//265
f 270//270 233//233 269//269
f 271//271 234//234 270//270
f 272//272 235//235 271//271
f 273//273 236//236 272//272
f 277//277 238//238 276//276
f 278//278 239//239 277//277
f 279//279 240//240 278//278
f 280//280 241//241 279//279
f 281//281 242//242 280//280
f 282//282 243//243 281//281
f 284//284 245//245 283//283
f 285//285 246//246 284//284
f 286//286 247//247 285//285
f 288//288 249//249 287//287
f 289//289 250//250 288//288
f 290//290 251//251 289//289
f 291//291 252//252 290//290
f 292//292 253//253 291//291
f 293//293 254//254 292//292
f 294//294 255//255 293//293
f 295//295 256//256 294//294
f 296//296 257//257 295//295
f 297//297 258//258 296//296
f 298//298 259//259 297//297
f 299//299 260//260 298//298
f 300//300 261//261 299//299
f 301//301 262//262 300//300
f 302//302 263//263 301//301
f 303//303 264//264 302//302
f 304//304 265//265 303//303
f 305//305 266//266 304//304
f 306//306 267//267 305//305
f 307//307 268//268 306//306
f 308//308 269//269 307//307
f 309//309 270//270 308//308
f 310//310 271//271 309//309
f 311//311 272//272 310//310
f 312//312 273//273 311//311
f 313//313 274//274 312//312
f 314//314 275//275 313//313
f 315//315 276//276 314//314
f 316//316 277//277 315//315
f 317//317 278//278 316//316
f 318//318 279//279 317//317
f 319//319 280//280 318//318
f 320//320 281//281 319//319
f 322//322 283//283 321//321
f 323//323 284//284 322//322
f 324//324 285//285 323//323
f 325//325 286//286 324//324
f 326//326 287//287 325//325
f 327//327 288//288 326//326
f 328//328 289//289 327//327
f 329//329 290//290 328//328
f 330//330 291//291 329//329
f 331//331 292//292 330//330
f 332//332 293//293 331//331
f 333//333 294//294 332//332
f 334//334 295//295 333//333
f 335//335 296//296 334//334
f 336//336 297//297 335//335
f 337//337 298//298 336//336
f 338//338 299//299 337//337
f 339//339 300//300 338//338
f 340//340 301//301 339//339
f 341//341 302//302 340//340
f 342//342 303//303 341//341
f 343//343 304//304 342//342
f 344//344 305//305 343//343
f 345//345 306//306 344//344
f 346//346 307//307 345//345
f 347//347 308//308 346//346
f 348//348 309//309 347//347
f 349//349 310//310 348//348
f 350//350 311//311 349//349
f 351//351 312//312 350//350
f 352//352 313//313 351//351
f 353//353 314//314 352//352
f 354//354 315//315 353//353
f 355//355 316//316 354//354
f 356//356 317//317 355//355
f 357//357 318//318 356//356
f 358//358 319//319 357//357
f 360//360 321//321 359//359
f 361//361 322//322 360//360
f 362//362 323//323 361//361
f 363//363 324//324 362//362
f 364//364 325//325 363//363
f 365//365 326//326 364//364
f 366//366 327//327 365//365
f 367//367 328//328 366//366
f 368//368 329//329 367//367
f 369//369 330//330 368//368
f 370//370 331//331 369//369
f 371//371 332//332 370//370
f 372//372 333//333 371//371
f 373//373 334//334 372//372
f 374//374 335//335 373//373
f 375//375 336//336 374//374
f 376//376 337//337 375//375
f 377//377 338//338 376//376
f 378//378 339//339 377//377
f 379//379 340//340 378//378
f 380//380 341//341 379//379
f 381//381 342//342 380//380
f 382//382 343//343 381//381
f 383//383 344//344 382//382
f 384//384 345//345 383//383
f 385//385 346//346 384//384
f 386//386 347//347 385//385
f 387//387 348//348 386//386
f 388//388 349//349 387//387
f 389//389 350//350 388//388
f 390//390 351//351 389//389
f 391//391 352//352 390//390
f 392//392 353//353 391//391
f 393//393 354//354 392//392
f 394//394 355//355 393//393
f 395//395 356//356 394//394
f 396//396 357//357 395//395
f 398//398 359//359 397//397
f 399//399 360//360 398//398
f 400//400 361//361 399//399
f 401//401 362//362 400//400
f 402//402 363//363 401//401
f 403//403 364//364 402//402
f 404//404 365//365 403//403
f 405//405 366//366 404//404
f 406//406 367//367 405//405
f 407//407 368//368 406//406
f 408//408 369//369 407//407
f 409//409 370//370 408//408
f 410//410 371//371 409//409
f 411//411 372//372 410//410
f 412//412 373//373 411//411
f 413//413 374//374 412//412
f 414//414 375//375 413//413
f 415//415 376//376 414//414
f 416//416 377//377 415//415
f 417//417 378//378 416//416
f 418//418 379//379 417//417
f 419//419 380//380 418//418
f 420//420 381//381 419//419
f 421//421 382//382 420//420
f 422//422 383//383 421//421
f 423//423 384//384 422//422
f 424//424 385//385 423//423
f 425//425 386//386 424//424
f 426//426 387//387 425//425
f 427//427 388//388 426//426
f 428//428 389//389 427//427
f 429//429 390//390 428//428
f 430//430 391//391 429//429
f 431//431 392//392 430//430
f 432//432 393//393 431//431
f 433//433 394//394 432//432
f 434//434 395//395 433//433
f 436//436 397//397 435//435
f 437//437 398//398 436//436
f 438//438 399//399 437//437
f 439//439 400//400 438//438
f 440//440 401//401 439//439
f 441//441 402//402 440//440
f 442//442 403//403 441//441
f 443//443 404//404 442//442
f 444//444 405//405 443//443
f 445//445 406//406 444//444
f 446//446 407//407 445//445
f 447//447 408//408 446//446
f 448//448 409//409 447//447
f 449//449 410//410 448//448
f 450//450 411//411 449//449
f 451//451 412//412 450//450
f 452//452 413//413 451//451
f 453//453 414//414 452//452
f 454//454 415//415 453//453
f 455//455 416//416 454//454
f 456//456 417//417 455//455
f 457//457 418//418 456//456
f 458//458 419//419 457//457
f 459//459 420//420 458//458
f 460//460 421//421 459//459
f 461//461 422//422 460//460
f 462//462 423//423 461//461
f 463//463 424//424 462//462
f 464//464 425//425 463//463
f 465//465 426//426 464//464
f 466//466 427//427 465//465
f 467//467 428//428 466//466
f 468//468 429//429 467//467
f 469//469 430//430 468//468
f 470//470 431//431 469//469
f 471//471 432//432 470//470
f 472//472 433//433 471//471
f 474//474 435//435 473//473
f 475//475 436//436 474//474
f 476//476 437//437 475//475
f 477//477 438//438 476//476
f 478//478 439//439 477//477
f 479//479 440//440 478//478
f 480//480 441//441 479//479
f 481//481 442//442 480//480
f 482//482 443//443 481//481
f 483//483 444//444 482//482
f 484//484 445//445 483//483
f 485//485 446//446 484//484
f 486//486 447//447 485//485
f 487//487 448//448 486//486
f 488//488 449//449 487//487
f 489//489 450//450 488//488
f 490//490 451//451 489//489
f 491//491 452//452 490//490
f 492//492 453//453 491//491
f 493//493 454//454 492//492
f 494//494 455//455 493//493
f 495//495 456//456 494//494
f 496//496 457//457 495//495
f 497//497 458//458 496//496
f 498//498 459//459 497//497
f 499//499 460//460 498//498
f 500//500 461//461 499//499
f 501//501 462//462 500//500
f 502//502 463//463 501//501
f 503//503 464//464 502//502
f 504//504 465//465 503//503
f 505//505 466//466 504//504
f 506//506 467//467 505//505
f 507//507 468//468 506//506
f 508//508 469//469 507//507
f 509//509 470//470 508//508
f 510//510 471//471 509//509
f 512//512 473//473 511//511
f 513//513 474//474 512//512
f 514//514 475//475 513//513
f 515//515 476//476 514//514
f 516//516 477//477 515//515
f 517//517 478//478 516//516
f 518//518 479//479 517//517
f 519//519 480//480 518//518
f 520//520 481//481 519//519
f 521//521 482//482 520//520
f 522//522 483//483 521//521
f 523//523 484//484 522//522
f 524//524 485//485 523//523
f 525//525 486//486 524//524
f 526//526 487//487 525//525
f 527//527 488//488 526//526
f 528//528 489//489 527//527
f 529//529 490//490 528//528
f 530//530 491//491 529//529
f 531//531 492//492 530//530
f 532//532 493//493 531//531
f 533//533 494//494 532//532
f 534//534 495//495 533//533
f 535//535 496//496 534//534
f 536//536 497//497 535//535
f 537//537 498//498 536//536
f 538//538 499//499 537//537
f 539//539 500//500 538//538
f 540//540 501//501 539//539
f 541//541 502//502 540//540
f 542//542 503//503 541//541
f 543//543 504//504 542//542
f 544//544 505//505 543//543
f 545//545 506//506 544//544
f 546//546 507//507 545//545
f 547//547 508//508 546//546
f 548//548 509//509 547//547
f 550//550 511//511 549//549
f 551//551 512//512 550//550
f 552//552 513//513 551//551
f 553//553 514//514 552//552
f 554//554 515//515 553//553
f 555//555 516//516 554//554
f 556//556 517//517 555//555
f 557//557 518//518 556//556
f 558//558 519//519 557//557
f 559//559 520//520 558//558
f 560//560 521//521 559//559
f 561//561 522//522 560//560
f 562//562 523//523 561//561
f 563//563 524//524 562//562
f 564//564 525//525 563//563
f 565//565 526//526 564//564
f 566//566 527//527 565//565
f 567//567 528//528 566//566
f 568//568 529//529 567//567
f 569//569 530//530 568//568
f 570//570 531//531 569//569
f 571//571 532//532 570//570
f 572//572 533//533 571//571
f 573//573 534//534 572//572
f 574//574 535//535 573//573
f 575//575 536//536 574//574
f 576//576 537//537 575//575
f 577//577 538//538 576//576
f 578//578 539//539 577//577
f 579//579 540//540 578//578
f 580//580 541//541 579//579
f 581//581 542//542 580//580
f 582//582 543//543 581//581
f 583//583 544//544 582//582
f 584//584 545//545 583//583
f 585//585 546//546 584//584
f 586//586 547//547 585//585
f 588//588 549//549 587//587
f 589//589 550//550 588//588
f 590//590 551//551 589//589
f 591//591 552//552 590//590
f 592//592 553//553 591//591
f 593//593 554//554 592//592
f 594//594 555//555 593//593
f 595//595 556//556 594//594
f 596//596 557//557 595//595
f 597//597 558//558 596//596
f 598//598 559//559 597//597
f 599//599 560//560 598//598
f 601//601 563//563 600//600
f 602//602 564//564 601//601
f 603//603 565//565 602//602
f 604//604 566//566 603//603
f 605//605 567//567 604//604
f 606//606 568//568 605//605
f 607//607 569//569 606//606
f 608//608 570//570 607//607
f 609//609 571//571 608//608
f 610//610 572//572 609//609
f 611//611 573//573 610//610
f 612//612 574//574 611//611
f 613//613 575//575 612//612
f 614//614 576//576 613//613
f 615//615 577//577 614//614
f 616//616 578//578 615//615
f 617//617 579//579 616//616
f 618//618 580//580 617//617
f 619//619 581//581 618//618
f 620//620 582//582 619//619
f 621//621 583//583 620//620
f 622//622 584//584 621//621
f 623//623 585//585 622//622
f 625//625 587//587 624//624
f 626//626 588//588 625//625
f 627//627 589//589 626//626
f 628//628 590//590 627//627
f 629//629 591//591 628//628
f 630//630 592//592 629//629
f 631//631 593//593 630//630
f 632//632 594//594 631//631
f 633//633 595//595 632//632
f 634//634 596//596 633//633
f 635//635 597//597 634//634
f 637//637 601//601 636//636
f 638//638 602//602 637//637
f 639//639 603//603 638//638
f 640//640 604//604 639//639
f 641//641 605//605 640//640
f 642//642 606//606 641//641
f 643//643 607//607 642//642
f 644//644 608//608 643//643
f 645//645 609//609 644//644
f 646//646 610//610 645//645
f 647//647 611//611 646//646
f 648//648 612//612 647//647
f 649//649 613//613 648//648
f 650//650 614//614 649//649
f 651//651 615//615 650//650
f 652//652 616//616 651//651
f 653//653 617//617 652//652
f 654//654 618//618 653//653
f 655//655 619//619 654//654
f 656//656 620//620 655//655
f 657//657 621//621 656//656
f 658//658 622//622 657//657
f 660//660 624//624 659//659
f 661//661 625//625 660//660
f 662//662 626//626 661//661
f 663//663 627//627 662//662
f 664//664 628//628 663//663
f 665//665 629//629 664//664
f 666//666 630//630 665//665
f 667//667 631//631 666//666
f 668//668 632//632 667//667
f 669//669 633//633 668//668
f 671//671 637//637 670//670
f 672//672 638//638 671//671
f 673//673 639//639 672//672
f 674//674 640//640 673//673
f 675//675 641//641 674//674
f 676//676 642//642 675//675
f 677//677 643//643 676//676
f 678//678 644//644 677//677
f 679//679 645//645 678//678
f 680//680 646//646 679//679
f 681//681 647//647 680//680
f 682//682 648//648 681//681
f 683//683 649//649 682//682
f 684//684 650//650 683//683
f 685//685 651//651 684//684
f 686//686 652//652 685//685
f 687//687 653//653 686//686
f 688//688 654//654 687//687
f 689//689 655//655 688//688
f 690//690 656//656 689//689
f 691//691 657//657 690//690
f 693//693 659//659 692//692
f 694//694 660//660 693//693
f 695//695 661//661 694//694
f 696//696 662//662 695//695
f 697//697 663//663 696//696
f 698//698 664//664 697//697
f 699//699 665//665 698//698
f 700//700 666//666 699//699
f 701//701 667//667 700//700
f 703//703 671//671 702//702
f 704//704 672//672 703//703
f 705//705 673//673 704//704
f 706//706 674//674 705//705
f 707//707 675//675 706//706
f 708//708 676//676 707//707
f 709//709 677//677 708//708
f 710//710 678//678 709//709
f 711//711 679//679 710//710
f 712//712 680//680 711//711
f 713//713 681//681 712//712
f 714//714 682//682 713//713
f 715//715 683//683 714//714
f 716//716 684//684 715//715
f 717//717 685//685 716//716
f 718//718 686//686 717//717
f 719//719 687//687 718//718
f 720//720 688//688 719//719
f 721//721 689//689 720//720
f 722//722 690//690 721//721
f 724//724 692//692 723//723
f 725//725 693//693 724//724
f 726//726 694//694 725//725
f 727//727 695//695 726//726
f 728//728 696//696 727//727
f 729//729 697//697 728//728
f 730//730 698//698 729//729
f 731//731 699//699 730//730
f 734//734 702//702 733//733
f 735//735 703//703 734//734
f 736//736 704//704 735//735
f 737//737 705//705 736//736
f 738//738 706//706 737//737
f 739//739 707//707 738//738
f 740//740 708//708 739//739
f 741//741 709//709 740//740
f 742//742 710//710 741//741
f 743//743 711//711 742//742
f 744//744 712//712 743//743
f 745//745 713//713 744//744
f 746//746 714//714 745//745
f 747//747 715//715 746//746
f 748//748 716//716 747//747
f 749//749 717//717 748//748
f 750//750 718//718 749//749
f 751//751 719//719 750//750
f 752//752 720//720 751//751
f 753//753 721//721 752//752
f 755//755 723//723 754//754
f 756//756 724//724 755//755
f 757//757 725//725 756//756
f 758//758 726//726 757//757
f 759//759 727//727 758//758
f 760//760 728//728 759//759
f 761//761 729//729 760//760
f 762//762 730//730 761//761
f 763//763 731//731 762//762
f 770//770 733//733 769//769
f 771//771 734//734 770//770
f 772//772 735//735 771//771
f 773//773 736//736 772//772
f 774//774 737//737 773//773
f 775//775 738//738 774//774
f 776//776 739//739 775//775
f 777//777 740//740 776//776
f 778//778 741//741 777//777
f 779//779 742//742 778//778
f 780//780 743//743 779//779
f 781//781 744//744 780//780
f 782//782 745//745 781//781
f 783//783 746//746 782//782
f 784//784 747//747 783//783
f 785//785 748//748 784//784
f 786//786 749//749 785//785
f 787//787 750//750 786//786
f 788//788 751//751 787//787
f 789//789 752//752 788//788
f 791//791 754//754 790//790
f 792//792 755//755 791//791
f 793//793 756//756 792//792
f 794//794 757//757 793//793
f 795//795 758//758 794//794
f 796//796 759//759 795//795
f 797//797 760//760 796//796
f 798//798 761//761 797//797
f 799//799 762//762 798//798
f 800//800 763//763 799//799
f 803//803 765//765 802//802
f 804//804 766//766 803//803
f 806//806 768//768 805//805
f 807//807 769//769 806//806
f 808//808 770//770 807//807
f 809//809 771//771 808//808
f 810//810 772//772 809//809
f 811//811 773//773 810//810
f 812//812 774//774 811//811
f 813//813 775//775 812//812
f 814//814 776//776 813//813
f 815//815 777//777 814//814
f 816//816 778//778 815//815
f 817//817 779//779 816//816
f 818//818 780//780 817//817
f 819//819 781//781 818//818
f 820//820 782//782 819//819
f 821//821 783//783 820//820
f 822//822 784//784 821//821
f 823//823 785//785 822//822
f 824//824 786//786 823//823
f 825//825 787//787 824//824
f 826//826 788//788 825//825
f 828//828 790//790 827//827
f 829//829 791//791 828//828
f 830//830 792//792 829//829
f 831//831 793//793 830//830
f 832//832 794//794 831//831
f 833//833 795//795 832//832
f 834//834 796//796 833//833
f 835//835 797//797 834//834
f 836//836 798//798 835//835
f 837//837 799//799 836//836
f 838//838 800//800 837//837
f 873//873 4//4 5//5
f 12//12 865//865 866//866
f 17//17 860//860 861//861
f 21//21 856//856 857//857
f 854//854 23//23 24//24
f 28//28 849//849 850//850
f 840//840 36//36 37//37
f 127//127 965//965 966//966
f 965//965 127//127 142//142
f 964//964 142//142 154//154
f 963//963 154//154 168//168
f 187//187 961//961 962//962
f 212//212 960//960 961//961
f 249//249 286//286 287//287
f 731//731 701//701 700//700
f 1088//1088 804//804 803//803
f 282//282 957//957 958//958
f 282//282 958//958 959//959
f 244//244 959//959 960//960
f 358//358 955//955 956//956
f 954//954 396//396 434//434
f 956//956 320//320 358//358
f 434//434 953//953 954//954
f 510//510 951//951 952//952
f 472//472 952//952 953//953
f 586//586 949//949 950//950
f 658//658 947//947 948//948
f 623//623 948//948 949//949
f 548//548 950//950 951//951
f 807//807 1091//1091 1092//1092
f 806//806 1093//1093 1091//1091
f 753//753 944//944 945//945
f 946//946 691//691 722//722
f 826//826 942//942 943//943
f 789//789 943//943 944//944
